# fff08519_00186_0036fa24
o fff08519_00186_0036fa24
v -11.489979 -14.056519 -0.366765
v 17.644499 36.218536 -2.032324
v -0.373198 18.690113 -3.252431
v -11.705887 -3.756741 0.344594
v 5.934416 -10.717163 0.783960
v 5.223745 -8.511257 0.100520
v -8.828579 2.420341 -0.183523
v -10.901072 6.129810 -2.173399
v -3.780926 15.003204 -3.040235
v -3.780926 15.003204 -2.576951
v 5.615135 14.884205 -0.534477
v 2.816689 11.890499 -0.363727
v -11.442558 -11.296452 -0.064902
v -11.654987 -5.335808 0.250126
v -9.376236 12.513418 -3.171741
v -6.785278 13.627991 -3.296069
v 6.625291 -6.602108 0.501227
v -11.040527 -14.696640 -0.487336
v -9.482841 -11.115326 -0.315898
v -2.362282 -6.860725 -0.197208
v -0.134628 -2.732769 -0.801684
v -6.031326 2.853382 -0.859856
v -8.279182 6.905663 -1.974202
v -8.191128 10.409363 -2.671742
v 5.129065 -10.766052 0.396514
v 6.529028 -14.568981 0.574958
v 0.951366 -14.154060 0.396591
v 1.759644 7.946739 -1.121301
v -3.643457 6.159595 -1.187314
v -0.014448 -6.118835 -0.295973
v 5.939398 1.138237 -0.797563
v -6.175556 -11.955273 -0.270697
v -1.780472 -9.506775 0.349243
v 12.480047 19.816168 -1.649377
v 12.769552 19.513968 -2.043271
v 7.237158 5.741762 -1.008275
v 8.494219 8.119751 -1.102424
v 6.193251 14.282949 -1.500938
v 10.048239 10.014799 -1.231717
v 3.493790 11.104544 -1.211312
v -5.984215 -12.862019 -0.379222
v -2.646219 -13.457115 -0.130726
v -6.787613 -9.902149 -0.191189
v 2.125933 7.823101 -1.118664
v 0.840668 2.330605 -0.873851
v 3.857584 10.851330 -1.236402
v 6.493048 13.970427 -1.433239
v 9.772840 10.255917 -1.189234
v 8.192839 8.289639 -1.046000
v 6.916891 5.881163 -0.954382
v 5.583902 1.198692 -0.740982
v 3.072479 11.553698 -0.918229
v 0.471973 2.423264 -0.869598
v 5.398084 -5.942024 -0.542147
v 4.730051 6.751392 -1.011592
v 6.246122 9.461658 -1.213673
v 13.087854 19.105038 -1.951570
v 23.088911 19.591032 -1.616594
v -8.869850 -13.002689 -0.466683
v -8.936310 -13.979752 -0.550150
v 8.256090 11.999027 -1.458431
v 14.377890 17.120998 -1.699456
v 0.186359 -10.766052 0.396514
v -8.205147 2.957863 -0.578175
v 0.006504 -8.511253 0.100520
v -9.504959 -4.752666 -0.026726
v -4.348461 -2.560471 -0.461397
v 20.395628 24.910286 -1.806458
v 5.934416 -8.511257 0.609942
v 12.191320 19.978939 -0.734265
v 5.930357 14.577930 -1.153350
v 8.974084 -4.193008 -0.921031
v 9.605124 -11.253311 1.046653
v 7.204309 -12.509106 0.939904
v 11.434031 -7.373062 0.848996
v 6.150221 -6.222176 0.162117
v 10.498243 -14.869854 0.228516
v 8.194841 -14.142746 0.160247
v 6.690699 -15.033012 0.198617
v 6.107992 -6.266815 -0.203249
v 5.392130 -10.703529 0.548199
v 5.392130 -8.387260 0.374180
v 7.349548 -4.936981 -0.760238
v 7.709787 -8.294891 0.699732
v 5.137516 -10.564812 0.370097
v 0.173254 -10.601761 0.374948
v 0.963665 -14.142853 -1.457215
v -7.280174 -13.376232 -0.567922
v -10.735046 -14.722740 -0.484679
v -10.639336 -15.583385 -0.750780
v -10.722679 -14.733994 -0.279324
v 0.951366 -14.420639 0.072784
v -5.649925 -13.791676 -0.859748
v -2.646219 -13.723694 -0.454533
v 1.532330 10.407320 -1.477622
v 1.496929 11.564035 -0.523446
v 2.496426 17.645550 -1.038307
v 8.513607 24.737568 -1.330378
v 2.004469 18.105629 -2.806755
v -0.054234 12.574806 -0.874365
v 4.465382 20.692127 -1.158886
v 4.178364 20.963148 -3.269763
v 0.476362 16.107990 -2.555554
v 1.044691 15.881512 -1.003848
v -0.295662 12.377012 -2.097226
v 0.325281 11.564610 -1.910632
v -0.411356 14.686850 -2.404771
v -0.051989 14.654587 -1.035174
v 2.113678 12.724670 -0.215119
v 1.342941 14.100399 -0.476324
v 1.674343 13.508862 -0.282223
v 1.561119 11.063278 -1.084332
v 5.872307 14.575897 -0.796972
v 2.997116 11.447163 -0.626222
v 12.371748 19.535603 -0.996760
v 1.447102 11.075994 -0.785940
v -2.040606 17.100998 -3.048454
v -9.683632 4.040825 -0.960746
v -9.697933 3.780293 -0.871745
v -8.409256 1.691463 -0.318267
v -8.761024 4.738846 -1.148352
v -7.348366 8.489353 -2.160430
v -5.694016 6.992384 -1.658939
v -3.189581 4.528860 -0.974636
v -2.254551 2.982864 -0.691034
v -4.531731 -0.577179 -0.603938
v -4.312246 0.905666 -0.714974
v -3.484041 2.154610 -0.712435
v -5.118950 -3.072422 -0.394060
v -6.659134 -4.264442 -0.249285
v -4.099535 12.229261 -2.569740
v -1.679550 2.864849 -0.892253
v -2.606722 4.689653 -1.155416
v -3.244005 6.587452 -1.461184
v -5.244629 7.497171 -1.936189
v -6.833080 8.855333 -2.453658
v -7.629948 10.650818 -2.928020
v -4.132595 -0.582970 -0.821612
v -3.908821 0.710300 -0.907299
v -3.234453 1.920334 -0.900318
v -3.860294 -2.733768 -0.664106
v -4.865879 -3.445690 -0.555978
v -8.873222 12.751303 -3.452525
v -2.932514 11.627460 -2.312719
v -1.449696 11.673855 -2.130015
v -0.498802 2.744381 -0.856514
v -1.229656 7.613663 -1.403808
v -7.879124 13.168716 -3.459510
v -6.345345 11.086361 -2.844239
v -4.161829 9.431452 -2.192667
v -2.310480 -3.214722 -0.660431
v -1.447968 1.205345 -0.873434
v -2.528194 -0.550838 -0.864392
v -7.091621 13.499365 -3.465044
v -4.444399 11.830601 -2.762451
v -3.153099 11.233416 -2.431599
v -1.461912 11.271019 -2.209521
v 0.070469 11.051311 -1.993284
v 1.062786 9.550829 -1.536985
v -6.819717 0.090374 -0.667194
v -9.119316 12.744133 -3.257813
v -7.934208 10.640078 -2.757815
v -3.386538 6.390308 -1.273386
v -7.091446 8.720066 -2.246502
v -5.437096 7.223099 -1.745011
v -2.932661 4.759575 -1.060708
v -4.072521 -2.708408 -0.519064
v -1.935612 2.904221 -0.748701
v -4.245216 -0.676289 -0.661605
v -4.025732 0.806557 -0.772641
v -3.197527 2.055504 -0.770103
v 0.218122 11.196335 -1.923461
v -4.264746 11.981136 -2.582570
v -2.992653 11.358498 -2.325549
v -1.509834 11.404890 -2.142845
v -0.381813 -8.744545 0.259307
v -2.340340 -7.533524 0.027292
v -0.877434 -7.409485 -0.043614
v -1.093887 -7.839005 0.143817
v -4.022696 -7.823421 -0.056278
v -4.125414 -7.301094 -0.302359
v -6.997353 -9.360611 -0.432301
v -9.653030 -10.463783 -0.501626
v -11.464382 -10.704178 -0.282735
v -0.161865 -10.447037 0.496538
v -5.465820 -6.022305 -0.426270
v -3.784842 -5.029110 -0.543681
v -6.494999 -4.683830 -0.513988
v -9.540092 -5.341637 -0.325040
v -11.608192 -6.044357 0.039132
v -7.540874 -7.266365 -0.509044
v -11.536446 -8.369438 -0.121469
v -9.498501 -7.873344 -0.410834
v -7.639130 -5.043556 -0.442840
v -7.785957 -4.559280 -0.156812
v -2.334843 -4.929436 -0.442577
v -11.629128 -5.689392 0.172543
v -9.503128 -5.070312 -0.104309
v -4.935280 -3.323647 -0.471644
v -6.535881 -4.553085 -0.326869
v -7.743874 -4.867317 -0.234396
v -11.442558 -10.947975 -0.141632
v -9.542999 -10.767025 -0.396649
v -6.920937 -9.567116 -0.271940
v -2.400501 -7.185223 -0.053459
v -4.132967 -7.484211 -0.137030
v 1.217293 -14.055485 0.359086
v -0.128319 -8.624496 0.221802
v -0.917034 -7.562508 0.106312
v 0.079380 -10.364754 0.419444
v -1.018637 -6.436150 -0.253731
v -0.065897 -4.669262 -0.512468
v 4.166235 16.167080 -0.250570
v -10.637291 -16.021255 -1.265364
v -7.064949 -14.290466 -1.246335
v -8.637970 -14.938202 -1.266145
v 5.417982 -14.568981 0.574958
v 5.579653 -15.033012 0.198617
v -10.645084 -15.557144 -0.956135
v 5.934416 -10.717163 0.783960
v -3.780926 15.003204 -3.040235
v -3.780926 15.003204 -2.576951
v 5.615135 14.884205 -0.534477
v 2.816689 11.890499 -0.363727
v -11.442558 -11.296452 -0.064902
v -11.654987 -5.335808 0.250126
v -9.376236 12.513418 -3.171741
v -6.785278 13.627991 -3.296069
v 6.625292 -6.602108 0.501227
v -9.482841 -11.115326 -0.315898
v 10.395796 -14.383423 0.604857
v 8.033171 -13.678711 0.536589
v -8.191128 10.409363 -2.671742
v 6.529028 -14.568981 0.574958
v 0.951366 -14.154060 0.396591
v -3.643457 6.159595 -1.187314
v -5.682076 -13.383728 -0.535941
v -2.646219 -13.457115 -0.130726
v -6.787613 -9.902149 -0.191189
v -7.161736 -13.864456 -0.800972
v -8.734756 -14.512184 -0.956916
v -9.504959 -4.752666 -0.026726
v -4.348461 -2.560471 -0.461397
v 20.395628 24.910286 -1.806458
v 5.934416 -8.511257 0.609942
v 12.191320 19.978939 -0.734265
v 9.368425 -4.894379 0.435779
v 1.496929 11.564035 -0.523446
v -0.054234 12.574806 -0.874365
v -0.295662 12.377012 -2.097226
v 0.325281 11.564610 -1.910632
v -7.348366 8.489353 -2.160430
v -5.694016 6.992384 -1.658939
v -3.189581 4.528860 -0.974636
v -2.254551 2.982864 -0.691034
v -4.531731 -0.577179 -0.603938
v -4.312246 0.905666 -0.714974
v -3.484041 2.154610 -0.712435
v -5.118950 -3.072422 -0.394060
v -6.659134 -4.264442 -0.249285
v -4.099535 12.229261 -2.569740
v -2.932514 11.627460 -2.312719
v -1.449696 11.673855 -2.130015
v -0.381813 -8.744545 0.259307
v -2.340340 -7.533524 0.027292
v -1.093887 -7.839005 0.143817
v -4.022696 -7.823421 -0.056278
v -0.161865 -10.447037 0.496538
v -7.785957 -4.559280 -0.156812
v 5.508835 -13.891350 0.747981
v 5.666931 -12.712204 0.957122
v 5.790064 -11.793816 1.013783
v 0.781694 -13.589054 0.411825
v -2.565302 -13.087898 -0.085866
v -11.448547 -14.064819 -0.154065
v -11.051987 -14.707478 -0.273623
v -8.772148 2.405758 0.128159
v -10.901072 6.129810 -1.861717
v -9.669456 4.060917 -0.649064
v -9.682682 3.782242 -0.560063
v -10.113342 -0.337818 0.052289
v -10.441971 -1.043331 0.112608
v -7.201469 0.474903 -0.583393
v -6.324669 2.750053 -0.794132
v -8.694996 5.035778 -1.261523
v 2.166584 17.763149 -1.220937
v 0.714849 15.999111 -1.186478
v -0.381830 14.772186 -1.217803
v -0.384075 12.692406 -1.056995
v -0.104660 14.633450 -1.842689
v 0.861771 15.972952 -1.954566
v 2.366875 17.862461 -2.079649
v 2.496426 17.645550 -1.038307
v 2.004469 18.105629 -2.806755
v 4.465382 20.692127 -1.158886
v 4.178364 20.963148 -3.269763
v 0.476362 16.107990 -2.555554
v 1.044691 15.881512 -1.003848
v -0.411356 14.686850 -2.404771
v -0.051989 14.654587 -1.035174
v -0.054234 12.574806 -0.874365
v -0.295662 12.377012 -2.097226
v 2.004461 18.105633 -2.326253
v 0.476355 16.107994 -2.075053
v -0.411364 14.686853 -1.924269
v -3.990791 14.726414 -2.673618
v -0.475910 12.070814 -2.113461
v 0.215919 -2.726311 -0.747330
v 0.267616 -6.116257 -0.257349
v 0.518795 -10.766052 0.445107
v 4.901974 -10.766052 0.445107
v 5.017284 -5.689922 -0.556766
v 4.947079 -8.511253 0.154874
v 0.343956 -8.511253 0.154874
v 2.765682 -2.653214 -0.747330
v 2.628387 -10.766052 0.445107
v 2.677025 -8.351055 0.154874
v 2.670391 -6.077744 -0.429480
v 3.248425 1.651478 -0.797621
v 2.632534 -10.525330 0.420228
v 4.906769 -10.526329 0.414250
v 0.504433 -10.468330 0.421268
v 4.168629 -5.688614 -0.526813
v 3.986439 -7.061348 -0.202518
v 3.539112 -6.214302 -0.355053
v 0.500069 -10.301025 0.414022
v 2.542610 -8.223549 0.156436
v 3.718006 -7.019951 -0.219535
v 3.792828 -6.246452 -0.342239
v 4.209583 -5.916939 -0.445941
v 1.266434 -9.519970 0.313939
v 1.802868 -9.050701 0.285730
v 1.704189 -8.633774 0.243567
v 1.205765 -9.017853 0.270538
v 1.746235 -9.260757 0.286438
v 1.381168 -9.593578 0.309926
v 1.630291 -8.897873 0.246028
v 1.360813 -9.128769 0.267504
v 5.023216 -5.935936 -0.473112
v 0.398846 -9.247349 0.245992
v 0.832634 -8.798515 0.220460
v 1.589252 -8.029972 0.123914
v 0.391079 -9.015198 0.233101
v 0.686092 -8.712372 0.200793
v 1.440029 -7.908913 0.080496
v 1.170135 -7.704132 0.001586
v 1.813072 -8.224400 0.152236
v 1.934628 -6.947472 -0.202842
v 2.553967 -7.481346 -0.046655
v 1.833027 -8.058212 0.111098
v 2.405590 -7.497475 -0.043742
v 1.346245 -7.668167 -0.005598
v 1.943542 -7.111183 -0.154645
v 1.601357 -7.886139 0.048913
v 0.756855 -8.753971 0.210290
v 0.395306 -9.141548 0.240117
v 1.510941 -7.979134 0.066207
v 5.223747 -8.511253 0.100520
v -0.134624 -2.732765 -0.801684
v -0.014446 -6.118835 -0.295973
v 5.129066 -10.766052 0.396514
v 0.840672 2.330605 -0.873851
v 6.916893 5.881163 -0.954382
v 5.583904 1.198692 -0.740982
v 5.394573 -5.689922 -0.627654
v 0.186363 -10.766052 0.396514
v 0.006504 -8.511253 0.100520
v 5.137516 -10.564812 0.370097
v 0.173256 -10.601761 0.374947
v -0.065895 -4.669258 -0.512468
v 0.471977 2.423264 -0.869598
v 0.183342 -10.728203 0.391546
v 5.398083 -5.942024 -0.542147
v 0.087780 -9.605576 0.234278
v 0.079063 -9.366039 0.219934
v 0.083385 -9.484863 0.227049
v -11.128398 10.848201 -2.739226
v -10.847158 9.450859 -2.570195
v -10.876020 8.155243 -2.498676
v -11.144976 6.578035 -2.162174
v -11.187878 10.857351 -2.292732
v -10.835777 9.447609 -2.200418
v -10.876007 8.155239 -2.171398
v -11.144962 6.578032 -1.834897
v -11.705883 -3.756741 0.344597
v -11.489975 -14.056519 -0.366764
v -15.927269 -6.204254 1.861755
v -11.442556 -11.296452 -0.064899
v -8.828575 2.420341 -0.183521
v -11.654985 -5.335808 0.250130
v -15.513680 -5.036686 1.780056
v -11.068487 0.696541 0.664383
v -14.203171 -2.223679 1.521011
v -13.457712 -1.190392 1.473728
v -11.439867 1.203865 0.736359
v -15.010551 -2.300709 1.553299
v -16.149605 -4.027615 2.184807
v -11.464378 -10.704178 -0.282734
v -13.583744 -11.269283 0.359348
v -13.478104 -6.059372 0.725742
v -15.979019 -11.206642 1.520561
v -13.484098 -6.581940 0.454475
v -15.934540 -6.723705 1.569962
v -11.608189 -6.044357 0.039135
v -13.557024 -10.615555 0.095566
v -15.985577 -10.521404 1.313957
v -15.936832 -8.706135 1.416100
v -13.505545 -8.451042 0.227531
v -11.536444 -8.369438 -0.121468
v -15.926407 -6.495495 1.778248
v -11.629124 -5.689392 0.172546
v -13.488390 -6.378410 0.646923
v -11.442556 -10.947975 -0.141632
v -13.583744 -10.920807 0.282619
v -15.971550 -10.836967 1.481205
v -16.191681 -3.756790 2.116707
v -12.494171 -13.284451 0.050041
v -12.358133 -13.621677 0.055740
v -13.481186 -13.266254 0.513512
v -13.705570 -13.854649 0.569817
v -15.175915 -13.855843 1.194420
v -15.238884 -13.764076 1.188152
v -11.448545 -14.064816 -0.154064
v -12.472904 -13.344734 0.254646
v -12.346418 -13.631226 0.260345
v -13.396839 -13.295437 0.718117
v -13.654869 -13.847412 0.774418
v -15.200371 -13.845463 1.399021
v -8.828575 2.420341 0.097507
v -11.068487 0.696541 0.945412
v -14.203171 -2.223679 1.802040
v -13.451790 -1.296242 1.754757
v -11.402130 1.105629 1.017387
v -14.988262 -2.341232 1.834328
v -16.094227 -4.027706 2.452709
v -16.112144 -3.764359 2.369049
v -10.472218 -1.108273 0.118160
v -10.137630 -0.389969 0.056751
v -12.453876 -2.660965 0.826710
v -12.723413 -2.219887 1.112049
v -13.866938 -4.002396 1.100548
v -13.961582 -3.501717 1.218899
v -15.688416 -4.759415 1.891273
v -15.927269 -6.204254 1.861755
v -11.442556 -11.296452 -0.064899
v -11.654985 -5.335808 0.250130
v -13.583744 -11.269283 0.359348
v -13.478104 -6.059372 0.725742
v -15.979019 -11.206642 1.520561
v -0.373194 18.690113 -3.252431
v 17.644503 36.218536 -2.032324
v -11.095600 18.689934 -3.933927
v -6.785271 13.627991 -3.296069
v -3.780922 15.003204 -2.576951
v -9.376228 12.513418 -3.171741
v -4.924849 25.151840 -2.140541
v -3.780922 15.003204 -3.040235
v -8.673445 21.353584 -3.470078
v -8.673445 21.353584 -4.383709
v -7.206472 22.839989 -3.616486
v -2.040600 17.100998 -3.048454
v -14.374924 16.968082 -3.478464
v -12.339823 16.182024 -3.497765
v -11.241011 13.979538 -3.362274
v -9.094910 16.572670 -3.858287
v -8.873215 12.751303 -3.452525
v -10.822796 14.525614 -3.646622
v -12.008595 16.495848 -3.710445
v -14.015285 17.339294 -3.825397
v -7.926470 13.148811 -3.459178
v -9.790909 15.280773 -3.818066
v -11.209522 17.066828 -3.860726
v -12.427704 18.073706 -3.958290
v -7.091618 13.499369 -3.465044
v -9.119308 12.744133 -3.257813
v -14.195454 17.246613 -3.518163
v -12.160353 16.460554 -3.537464
v -11.005508 14.207253 -3.401973
v -9.270458 16.246822 -3.964852
v -11.392662 18.552513 -4.044931
v -11.280302 18.602776 -3.963312
v -6.913071 13.414070 -3.325455
v -9.222710 16.358749 -3.887672
v -3.990786 14.726414 -2.673617
v -8.883308 21.076794 -3.566745
v -11.095600 18.689934 -3.933927
v -6.785271 13.627991 -3.296069
v -3.780922 15.003204 -2.576951
v -9.376228 12.513418 -3.171741
v -3.780922 15.003204 -3.040235
v -8.673445 21.353584 -3.470078
v -8.673445 21.353584 -4.383709
v -14.374924 16.968082 -3.478464
v -12.339823 16.182024 -3.497765
v -11.241011 13.979538 -3.362274
v -9.094910 16.572670 -3.858287
v -14.867523 16.255592 -3.150010
v -13.451933 14.980846 -3.169311
v -12.316187 13.706379 -3.005325
v -11.720797 12.370684 -2.886512
v -14.817480 16.293106 -2.707440
v -13.407215 15.014359 -2.726167
v -12.268045 13.720085 -2.562034
v -11.692223 12.385117 -2.443394
v -12.008595 16.495848 -3.710445
v -14.015285 17.339294 -3.825397
v -11.209522 17.066828 -3.860726
v -13.154747 17.724112 -3.958290
v 3.952904 11.645115 -1.260571
v 3.607417 12.119774 -0.962239
v 3.723562 11.865149 -1.240445
v 4.306746 12.169909 -1.241385
v 7.163730 -5.914787 -0.977870
v 7.219794 -5.691532 -1.237045
v 7.711600 -5.912113 -0.576137
v 8.039130 -5.682898 -0.577138
v 9.296447 -5.933689 -0.564221
v 9.643004 -5.618509 -0.564221
v 9.368423 -4.894378 0.435779
v 6.150223 -6.222175 0.162116
v 9.152229 -4.344627 0.096668
v 6.625290 -6.602108 0.501227
v 9.368423 -4.894378 0.435779
v 6.104884 -5.930525 -1.408368
v 6.110179 -5.700394 -1.552021
v 5.394573 -5.689922 -0.627655
v 6.104885 -5.930525 -0.408368
v 6.110180 -5.700394 -0.552021
v 7.163730 -5.914788 0.022130
v 7.219795 -5.691532 -0.237045
v 8.099234 -5.684508 0.466060
v 7.732459 -5.912843 0.474811
v 7.732460 -5.912843 0.474811
v 8.099234 -5.684509 0.466060
v 8.099234 -5.684509 0.466060
v 7.732459 -5.912843 0.474811
v 9.313478 -5.930617 0.552756
v 9.640447 -5.615448 0.538682
v 5.670405 -6.066614 -0.412146
v 5.096088 -2.293504 -0.801683
v 8.715347 -3.456119 -1.354342
v 7.489025 -1.209460 -1.315392
v 6.429375 0.966457 -0.747329
v 7.878223 0.597721 -1.028490
v 4.907204 -2.352395 -0.747329
v 5.939404 1.138237 -0.797563
v 2.765686 -2.653216 -0.747329
v 3.248428 1.651478 -0.797620
v 5.583908 1.198692 -0.740981
v 5.017288 -5.689923 -0.556766
v 5.394577 -5.689923 -0.627654
v 8.974091 -4.193007 -0.921030
v 6.906765 -4.473926 -0.950194
v 5.311878 -3.539271 -0.705767
v 5.313007 -3.949861 -0.687829
v 5.436111 -3.957761 -0.691252
v 5.178925 -3.598092 -0.610037
v 5.150146 -3.913377 -0.594256
v 7.349556 -4.936984 -0.760238
v 5.410801 -3.371253 -0.711828
v 5.028393 -3.006972 -0.772561
v 5.155487 -3.091887 -0.772826
v 4.769527 -4.299096 -0.650626
v 4.759254 -2.094195 -0.801191
v 5.150486 -0.619481 -0.744577
v 5.636894 -1.192861 -0.745377
v 5.451965 0.110115 -0.742969
v 5.336720 -0.063568 -0.743521
v 5.213299 -4.820725 -0.553620
v 4.676468 -4.063897 -0.621976
v 4.662979 -2.126395 -0.746670
v 4.884567 -2.926192 -0.647755
v 5.096088 -2.293504 -0.801683
v 4.907204 -2.352395 -0.747329
v 3.916599 0.869457 -0.731235
v 3.434330 -2.500651 -0.747329
v 4.168633 -5.688613 -0.526812
v 4.639252 -4.328465 -0.592888
v 4.801125 -4.151469 -0.674557
v 5.150146 -3.913377 -0.594256
v 4.552505 -3.274035 -0.600455
v 4.739685 -3.234466 -0.723351
v 5.282265 -0.575761 -0.799895
v 4.761513 -1.222520 -0.745707
v 4.824310 -1.691789 -0.746047
v 4.909271 -1.330543 -0.800649
v 4.975883 -1.727401 -0.800844
v 5.707069 -0.851140 -0.745145
v 5.840694 -0.789407 -0.800249
v 5.746338 -1.286717 -0.838886
v 5.747375 0.028072 -0.798909
v 5.492142 -0.117764 -0.799259
v 5.400673 -4.717246 -0.616119
v 5.313007 -3.949861 -0.687829
v 4.884567 -2.926192 -0.647755
v 4.552505 -3.274035 -0.600455
v 5.636894 -1.192861 -0.745377
v 5.746338 -1.286717 -0.838886
v 4.909271 -1.330543 -0.800649
v 5.150486 -0.619481 -0.744577
v 5.282265 -0.575761 -0.799895
v 4.801125 -4.151469 -0.674557
v 4.676468 -4.063897 -0.621976
v 5.178925 -3.598092 -0.610037
v 5.311878 -3.539271 -0.705767
v 4.639252 -4.328465 -0.592888
v 4.769527 -4.299096 -0.650626
v 5.028393 -3.006972 -0.772561
v 4.662979 -2.126395 -0.746670
v 4.759254 -2.094195 -0.801191
v 4.759254 -2.094195 -0.801191
v 4.824310 -1.691789 -0.746047
v 4.975883 -1.727401 -0.800844
v 4.662979 -2.126395 -0.746670
v 5.313007 -3.949861 -0.687829
v 4.761513 -1.222520 -0.745707
v 5.150146 -3.913377 -0.594256
v 4.739685 -3.234466 -0.723351
v 4.884567 -2.926192 -0.647755
v 5.028393 -3.006972 -0.772561
v 5.674213 -3.179053 -0.702650
v 5.654125 -3.054461 -0.761912
v 6.160748 -3.671000 -0.817986
v 5.966286 -3.429393 -0.703218
v 6.034935 -3.379802 -0.814621
v 6.068810 -3.681067 -0.703450
v 5.746338 -1.286717 -0.838886
v 4.909271 -1.330543 -0.800649
v 5.492142 -0.117764 -0.799259
v 5.282265 -0.575761 -0.799895
v 4.739685 -3.234466 -0.723351
v 4.801125 -4.151469 -0.674557
v 5.632088 -3.692241 -0.640540
v 5.648361 -3.731215 -0.708915
v 5.636894 -1.192861 -0.745377
v 5.150486 -0.619481 -0.744577
v 5.336720 -0.063568 -0.743521
v 4.676468 -4.063897 -0.621976
v 4.552505 -3.274035 -0.600455
v 4.761513 -1.222520 -0.745707
v 6.026100 -4.073750 -0.759880
v 6.068810 -3.681067 -0.703450
v 6.160748 -3.671000 -0.817986
v 5.979839 -3.948352 -0.643548
v 5.451965 0.110115 -0.742969
v 5.747375 0.028072 -0.798909
v 5.400673 -4.717246 -0.616119
v 5.213299 -4.820725 -0.553620
v 6.064686 -4.727603 -0.758579
v 5.654125 -3.054461 -0.761912
v 5.840694 -0.789407 -0.800249
v 6.026100 -4.073750 -0.759880
v 6.160748 -3.671000 -0.817986
v 6.034935 -3.379802 -0.814621
v 4.975883 -1.727401 -0.800844
v 6.332420 -2.345258 -0.981757
v 6.268288 -1.318408 -0.973195
v 4.824310 -1.691789 -0.746047
v 5.707069 -0.851140 -0.745145
v 5.674213 -3.179053 -0.702650
v 5.632088 -3.692241 -0.640540
v 5.966286 -3.429393 -0.703218
v 6.068810 -3.681067 -0.703450
v 5.979839 -3.948352 -0.643548
v 5.576889 -4.616668 -0.629457
v 5.008804 -1.357741 -0.800644
v 5.879585 -1.350526 -0.871233
v 5.337917 -0.574338 -0.799892
v 5.514202 -0.164340 -0.799531
v 6.036579 -4.103145 -0.759823
v 5.648361 -3.731215 -0.708915
v 6.316635 -3.646968 -0.831980
v 6.139236 -3.259255 -0.827280
v 4.988724 -3.208695 -0.726970
v 4.928692 -4.149379 -0.678178
v 5.296673 -2.204289 -0.807500
v 5.250000 -1.994205 -0.807039
v 5.186172 -1.706908 -0.806409
v 5.803413 0.003361 -0.802965
v 5.941067 -0.621648 -0.805554
v 5.586548 -2.904021 -0.764762
v 5.422737 -2.173375 -0.828815
v 5.470840 -2.045491 -0.837202
v 5.250000 -1.994205 -0.807039
v 5.318726 -2.175492 -0.746006
v 5.405796 -2.154140 -0.760728
v 5.422737 -2.173375 -0.828815
v 5.296673 -2.204289 -0.807500
v 5.286488 -2.030391 -0.745688
v 5.318726 -2.175492 -0.746006
v 5.470840 -2.045491 -0.837202
v 5.405796 -2.154140 -0.760728
v 5.439018 -2.065812 -0.766521
v 5.439018 -2.065812 -0.766521
v 5.405796 -2.154140 -0.760728
v 5.318726 -2.175492 -0.746006
v 5.286488 -2.030391 -0.745688
v 5.536339 -2.030906 -0.848273
v 5.315319 -1.950854 -0.817698
v 5.220009 -1.991378 -0.806686
v 5.286488 -2.030391 -0.745688
v 5.296673 -2.204289 -0.807500
v 5.250000 -1.994205 -0.807039
v 5.422737 -2.173375 -0.828815
v 6.797100 0.164722 -0.968368
v 7.679276 -0.326068 -1.175148
v 6.934944 0.292583 -0.961963
v 7.745697 -0.017643 -1.126183
v 6.999320 -5.691099 0.143606
v 6.648414 -5.910602 0.151254
v 9.505873 -7.961606 0.771718
v 9.210369 -7.954378 0.759874
v 8.952812 -11.158034 0.999970
v 9.264450 -11.203552 1.022273
v 9.013360 -13.971064 0.564909
v 8.705265 -13.879166 0.556007
v -10.901072 6.129810 -2.173399
v -10.901072 6.129810 -1.861717
v -11.117045 10.846454 -2.737375
v -10.835791 9.447613 -2.570196
v -10.876020 8.155243 -2.498676
v -11.144976 6.578035 -2.162174
v -14.848433 16.269905 -3.152084
v -13.438169 14.991158 -3.170810
v -12.296833 13.711872 -3.006677
v -11.698994 12.376904 -2.888037
v -14.589085 16.658323 -3.335667
v -13.084507 15.377699 -3.277827
v -11.876072 13.818194 -3.151439
v -10.970131 12.416384 -2.977834
v -9.927933 9.782588 -2.605339
v -9.376232 12.513418 -3.171741
v -8.191128 10.409363 -2.671742
v -10.075493 7.770035 -2.336996
v -10.441627 6.658444 -2.116041
v -10.357905 6.290541 -2.132132
v -9.484522 7.925913 -2.298734
v -10.043884 6.383464 -2.108274
v -5.827639 -13.431020 -0.562014
v -7.858993 -14.151567 -0.870095
v 0.951366 -14.154060 0.396591
v 0.781694 -13.589054 0.411825
vt 0.043605 -1.254855
vt 13.634250 7.000789
vt 12.773036 6.583696
vt 12.754339 7.096272
vt 0.805959 0.776504
vt 0.820854 0.788681
vt 0.999561 -2.151434
vt 0.999561 -1.549065
vt 0.023256 0.983223
vt 0.023256 0.983223
vt 1.021665 -2.969309
vt 1.003705 -0.751879
vt 0.009123 0.706619
vt 1.008781 0.706619
vt 0.009123 1.222145
vt 1.008781 2.085159
vt -0.806550 0.242769
vt -0.806550 0.006443
vt -1.358034 0.242769
vt -1.358034 0.006443
vt -1.821449 0.242769
vt 0.272712 0.242769
vt 0.280192 0.006443
vt -1.821913 0.006443
vt -0.173650 0.240385
vt -2.568183 0.240385
vt -0.173650 0.017712
vt -1.182383 0.017712
vt -1.896848 0.017712
vt -1.182684 0.236865
vt -4.165873 0.242769
vt 1.021610 -2.688983
vt -1.900245 0.234561
vt -2.570843 0.017712
vt -4.788785 0.017712
vt -3.746181 0.017712
vt -3.739580 0.240385
vt 0.023256 0.983223
vt 0.553223 0.706619
vt 0.553223 1.222145
vt 0.023256 0.983223
vt 33.219730 11.954874
vt 32.660069 12.526739
vt 0.665951 -0.538763
vt 2.573555 0.116719
vt 2.467296 0.267392
vt 1.941056 0.995896
vt 1.926191 0.512372
vt 0.353240 0.994084
vt -0.236275 0.994084
vt -0.230180 0.511006
vt 0.337118 0.511006
vt -0.849073 0.994084
vt -0.842977 0.511006
vt 2.743139 0.498028
vt 2.752562 0.127172
vt 2.440807 0.498028
vt 2.467296 0.267392
vt 2.752562 0.127172
vt 2.467296 0.267392
vt 2.922535 0.995896
vt 2.434885 0.995896
vt 2.414144 0.512372
vt 2.926192 0.512372
vt 0.676928 -0.328445
vt 2.412006 0.024195
vt 2.174883 1.082898
vt 0.234059 0.974379
vt -0.257754 -0.054346
vt -1.019175 0.330415
vt -1.063534 1.037603
vt -1.858192 0.351285
vt -1.102293 -0.364035
vt 0.007792 -0.346937
vt -0.411315 0.459476
vt 1.857934 0.992846
vt 0.766392 2.053583
vt 1.152496 0.052988
vt -1.533496 2.066628
vt 33.407795 11.984503
vt -0.055210 0.988339
vt -0.071527 0.514487
vt -0.597113 0.988339
vt -0.588771 0.514487
vt 0.735360 1.496212
vt 1.153856 1.010940
vt 1.152426 1.496212
vt 1.544696 0.990903
vt 0.422472 0.990903
vt 0.415590 0.517505
vt 1.537815 0.517505
vt -0.537814 0.990903
vt -0.563777 0.517505
vt -0.291840 0.852616
vt 0.782669 0.966776
vt 0.757976 1.389207
vt 4.810816 2.412382
vt 0.933924 1.802937
vt -0.207597 1.281081
vt 1.615289 1.054489
vt 1.627496 1.378336
vt 2.380630 1.113326
vt 2.317247 1.440431
vt 2.364626 1.914812
vt -0.462745 1.714006
vt 3.802346 0.696662
vt 5.394504 -0.126249
vt 0.147100 -3.746457
vt 0.242036 -4.021576
vt 0.159592 -4.469571
vt 0.834871 0.755146
vt 0.830201 0.742529
vt -0.423630 0.997662
vt -0.417041 0.729864
vt 0.172111 0.997662
vt 0.183891 0.729864
vt 1.382638 0.997662
vt -0.397840 0.516909
vt 0.190393 0.516909
vt 1.412383 0.516909
vt 1.403321 0.729864
vt -0.703516 0.516909
vt -0.686376 0.729864
vt -0.688020 0.997662
vt -0.959027 0.729864
vt -0.928435 0.997662
vt -0.992088 0.516909
vt 0.072383 0.997753
vt -1.221233 0.997753
vt -1.238216 0.506568
vt 0.074565 0.506568
vt 2.680317 0.506568
vt 2.724197 0.997753
vt -1.727179 0.997753
vt -1.745717 0.506568
vt -0.365396 0.989122
vt -0.324600 0.551497
vt 0.134145 0.551497
vt 1.422998 1.001137
vt 0.871979 0.551497
vt 1.380611 0.551497
vt 0.129560 1.001137
vt 0.574366 1.001137
vt 0.575801 0.551497
vt 0.884110 1.001137
vt 1.914534 1.001137
vt 1.902390 0.551497
vt 2.344739 0.551497
vt 2.296760 1.001137
vt 3.750396 0.551497
vt 3.758733 1.001137
vt 3.353154 1.001137
vt 3.070668 0.551497
vt 3.069760 1.001137
vt 2.698784 1.001137
vt 2.344739 0.551497
vt 2.700835 0.551497
vt 3.366194 0.551497
vt 0.650492 -1.456695
vt 0.486257 -0.863841
vt 0.478997 0.666435
vt 0.478997 0.970202
vt 0.006995 0.778901
vt 0.006995 0.548432
vt 0.478997 0.307388
vt 0.478997 1.199726
vt 0.006995 0.957870
vt 0.006995 0.113418
vt 0.478997 -0.204420
vt 0.006995 -0.183491
vt 0.006995 0.335219
vt 0.006995 1.217246
vt 0.650492 -1.579440
vt 0.454674 -1.786094
vt 0.006995 -0.900837
vt 0.006995 -1.289279
vt 0.478997 -0.812147
vt 0.478997 -0.488318
vt 0.006995 -0.472688
vt 0.478997 -1.206598
vt 0.006995 -0.661076
vt 0.234711 0.538275
vt 0.229309 0.998051
vt -0.368355 0.998051
vt 1.231648 0.588060
vt 1.528266 0.654439
vt 1.234836 0.998051
vt 0.498491 0.538275
vt 0.488674 0.998051
vt -0.384445 0.538275
vt 0.793017 0.538275
vt 0.772836 0.998051
vt 0.528827 0.425696
vt 0.455298 0.032190
vt 0.996188 0.185128
vt 0.996188 -0.000338
vt 0.996188 0.551212
vt 0.996188 0.378971
vt 0.527823 0.559732
vt 0.996188 0.921522
vt 0.528827 0.999662
vt 1.003705 -0.751879
vt 0.996188 -0.000338
vt 0.486257 -0.277407
vt 0.982943 -0.343932
vt 0.986990 -2.978962
vt 0.498891 -2.216949
vt 0.972209 -0.528392
vt 0.999712 -0.352685
vt -1.678416 0.668607
vt 0.333273 0.513841
vt -0.439371 1.358182
vt 0.727494 -0.204825
vt 0.855370 1.653666
vt -1.189322 1.524071
vt -0.538882 1.850014
vt -1.253660 1.919291
vt -0.442180 1.775354
vt -0.997571 -0.919001
vt -0.217195 -0.416650
vt -1.721160 -0.704341
vt -1.503738 2.679871
vt 1.349390 1.193388
vt 1.691887 1.418350
vt 0.607026 0.387232
vt 1.942713 0.037294
vt -1.802027 1.504705
vt 1.960559 1.085128
vt -1.779374 0.250832
vt -0.883184 -0.415046
vt 0.325604 -0.674333
vt 2.073902 -1.679023
vt 2.800486 -1.264695
vt 1.655771 -1.126266
vt 1.150865 -0.727459
vt -0.623885 -0.770394
vt 2.636617 0.985181
vt 1.777309 0.985181
vt 1.785660 0.515939
vt 2.644968 0.515939
vt 1.046145 0.985181
vt 1.054496 0.515939
vt -0.436446 0.985181
vt 0.263066 0.515939
vt 0.254714 0.985181
vt -0.428094 0.515939
vt -0.999314 0.985181
vt -0.990962 0.515939
vt -1.644969 0.985181
vt -1.636619 0.515939
vt -0.562597 0.991772
vt 0.069216 0.520361
vt 0.062010 0.991772
vt -0.555390 0.520361
vt 1.646627 0.991772
vt 1.102438 0.991772
vt 1.099137 0.520361
vt 1.665032 0.520361
vt 0.585599 0.520361
vt 0.578392 0.991772
vt -0.761769 0.992089
vt 0.306704 0.516177
vt 0.282563 0.992089
vt -0.778545 0.516177
vt 1.997320 0.888775
vt 1.386384 0.992089
vt 1.392685 0.516177
vt 2.003622 0.516177
vt 0.812168 0.516177
vt 0.805866 0.992089
vt 1.004877 -2.973983
vt 5.382025 1.757576
vt 0.879984 0.510028
vt 1.390323 0.510133
vt 1.378144 0.993597
vt 0.926103 0.992870
vt 0.839876 0.510028
vt 0.000000 0.992870
vt 1.762688 0.510028
vt 1.730897 0.993597
vt 2.108991 0.510028
vt 2.088579 0.993597
vt 2.445395 0.993597
vt 3.547478 0.510028
vt 3.559451 0.993597
vt 3.036463 0.510028
vt 3.924873 0.510028
vt 3.906886 0.993597
vt 2.430175 0.510028
vt 3.035028 0.993597
vt 0.596975 -0.581666
vt -1.788388 0.750204
vt -1.213951 0.977106
vt -1.259300 0.551497
vt -0.976040 0.977106
vt -1.535134 0.977106
vt -0.816041 0.551497
vt -0.517567 0.551497
vt -0.808455 0.977106
vt -0.524790 0.977106
vt -0.324600 0.551497
vt -0.990376 0.551497
vt -1.543626 0.571453
vt 0.478997 -2.709436
vt 0.478997 -2.362165
vt 0.006995 -2.573684
vt 0.006995 -2.205766
vt 0.478997 -2.089626
vt 0.006995 -1.959675
vt 0.478997 -1.498427
vt 0.006995 -1.526548
vt 0.478997 -1.762568
vt 0.006995 -1.800064
vt 0.530364 -2.654943
vt 0.453532 -0.851785
vt -0.000515 0.930346
vt 0.510770 0.794937
vt 0.510770 1.032955
vt -0.023666 -0.057343
vt 0.665877 -0.208393
vt 0.587166 0.063611
vt 0.510770 0.561098
vt -0.000515 0.601131
vt 0.510770 0.286350
vt -0.000515 0.205347
vt -0.000515 1.132623
vt -1.083400 0.991971
vt -0.247386 0.517864
vt -0.197884 0.991971
vt -1.129713 0.517864
vt 0.433877 0.517864
vt 0.467007 0.991971
vt 2.051256 0.991971
vt 1.686059 0.991971
vt 1.714150 0.517864
vt 2.129712 0.517864
vt 0.929400 0.991971
vt 0.929286 0.517864
vt 2.229883 0.517756
vt 1.575539 0.994005
vt 1.554585 0.517756
vt 2.250839 0.994005
vt 0.533218 0.994005
vt 0.538239 0.517756
vt -0.634326 0.994005
vt -0.637488 0.517756
vt -1.229884 0.994005
vt -1.250839 0.517756
vt -0.986207 0.995950
vt 0.278041 0.513887
vt 0.298165 0.995950
vt -1.006094 0.513887
vt 0.834759 0.995950
vt 0.823407 0.513887
vt 1.376223 0.513887
vt 1.369790 0.995950
vt 1.907391 0.995950
vt 1.933270 0.513887
vt 1.008097 -2.795668
vt 1.000467 -2.458858
vt 0.991645 -3.227968
vt 1.000467 -2.934117
vt 0.530364 -2.654943
vt 1.000467 -2.458858
vt 1.021563 -2.458858
vt -2.682269 1.781516
vt -4.160737 0.994974
vt -3.523211 -0.821787
vt 0.273188 -0.244345
vt 4.688332 -0.094219
vt 6.120188 5.084660
vt -5.324203 -1.400865
vt -5.420024 -0.907302
vt -5.142514 0.609768
vt -0.140976 2.503810
vt -5.929914 -1.235112
vt -6.328623 -0.477214
vt -5.860496 0.361667
vt -5.421924 -0.178081
vt -5.421010 -0.492048
vt -3.819395 0.022250
vt 0.009147 0.999009
vt 0.553314 0.706208
vt 0.553511 0.998893
vt 0.009123 0.706619
vt 0.553223 0.406901
vt 0.009123 0.406901
vt 1.008781 0.406901
vt 1.009303 0.706413
vt 1.008781 1.402405
vt 1.009061 0.998837
vt -2.319778 0.990903
vt -1.619551 0.517505
vt -1.603135 0.990903
vt -2.368015 0.517505
vt -1.044410 0.990903
vt -1.060826 0.517505
vt -1.210416 0.994084
vt -1.204320 0.511006
vt 1.039292 0.390008
vt 0.883762 1.297974
vt 0.625751 0.930176
vt -0.039293 -0.092384
vt 0.391069 -0.297974
vt 0.123096 0.162063
vt 0.405668 0.598181
vt -0.790450 0.995950
vt 5.392601 0.160873
vt 3.896602 0.857022
vt 0.207454 0.979698
vt 0.701397 0.516989
vt 0.699758 0.984329
vt 0.232746 0.515124
vt 0.887344 0.515124
vt 0.876252 0.979697
vt -0.331989 0.989519
vt 0.231892 0.989519
vt 0.230790 0.513266
vt -0.345564 0.523355
vt 1.339237 0.989519
vt 0.316804 0.513266
vt 0.312006 0.989519
vt 1.339237 0.513266
vt 0.265361 1.980881
vt -0.099792 2.124959
vt 0.785690 0.581621
vt 1.888075 0.179558
vt -1.658784 0.818482
vt -0.333657 1.242807
vt 3.263160 0.015707
vt 3.841209 1.528164
vt 2.074266 0.250448
vt 2.089881 1.417889
vt 0.247000 0.099722
vt -2.777226 0.925600
vt -2.841210 -0.355563
vt 0.296203 1.372571
vt -1.793789 -0.528164
vt -0.572884 0.937548
vt 0.152180 0.155783
vt 0.579375 1.045135
vt 0.836669 -0.045133
vt 1.572884 0.247580
vt -1.158006 -0.107354
vt 0.232849 -0.088829
vt -0.265298 1.107356
vt 1.419103 0.268865
vt 2.158005 0.565938
vt 0.835862 -0.076205
vt -0.490458 -5.430254
vt 0.584495 -3.778314
vt -0.395645 -4.400700
vt 0.471488 -2.200498
vt 0.523781 7.603007
vt 0.656404 -4.898481
vt -0.460025 -6.603006
vt 0.773272 -5.640482
vt 1.490457 -6.269915
vt -0.412700 0.992821
vt 0.331878 0.515331
vt 0.308622 0.992821
vt -0.389445 0.515331
vt 0.848116 0.515331
vt 0.824861 0.992821
vt 1.412701 0.515331
vt 1.389445 0.992821
vt 0.585693 0.991556
vt 0.400787 0.991556
vt 0.366985 0.516199
vt 0.090364 0.991556
vt 0.070406 0.516199
vt 0.574457 0.516199
vt 0.718752 0.516199
vt 0.715740 0.991556
vt 0.905423 0.991556
vt 0.927458 0.516199
vt 0.716640 0.715098
vt 0.578120 0.705078
vt 0.381328 0.712498
vt -0.203308 0.993478
vt 0.637298 0.993478
vt 0.637298 0.513544
vt -0.203307 0.513544
vt 1.203307 0.993478
vt 1.203307 0.513544
vt -0.232218 0.992668
vt 1.244509 0.512430
vt 1.243012 0.992668
vt -0.244507 0.512430
vt 0.009147 0.999009
vt 0.009746 1.467880
vt 0.536322 1.445917
vt 0.553539 0.998843
vt 1.007105 2.363564
vt 1.008781 2.220047
vt 0.143129 1.993460
vt 0.552462 2.193675
vt 0.537478 2.029707
vt 1.008781 1.794286
vt 1.008781 2.044024
vt 1.008781 2.385307
vt 0.553223 2.353484
vt 0.009123 2.356189
vt 0.553223 2.371294
vt 0.009123 2.338464
vt 0.016646 1.988119
vt 0.009123 2.189466
vt 0.555258 1.775257
vt 1.008781 1.402405
vt 0.553223 1.771931
vt 1.097179 0.017712
vt 1.357160 0.240385
vt 1.357160 0.017712
vt 2.186668 0.017712
vt 2.133956 0.247423
vt 1.785442 0.240385
vt 2.157433 0.017712
vt 1.785442 0.017712
vt 2.186668 0.240385
vt 0.749869 0.240385
vt 0.749869 0.017712
vt -0.173650 0.240385
vt -0.173650 0.017712
vt 0.251447 2.092681
vt 0.345059 2.035383
vt 2.124477 0.247232
vt 1.007151 2.359660
vt 2.179933 0.017712
vt 0.580962 2.185816
vt 0.310444 2.091214
vt 0.252195 2.036535
vt 0.149348 2.010083
vt 0.844747 2.289064
vt 0.737027 2.251400
vt 0.746925 2.221502
vt 0.848650 2.252457
vt 0.729991 2.264046
vt 0.827503 2.297112
vt 0.764079 2.240891
vt 0.820349 2.259529
vt 0.763833 2.269588
vt 0.819159 2.289893
vt 0.014089 2.005959
vt 0.399167 1.310937
vt -0.005322 1.039722
vt 0.399211 1.039722
vt 0.954998 1.009687
vt 0.954939 1.318446
vt 0.906478 1.318446
vt 0.002221 1.310937
vt -0.045002 1.310937
vt -0.044966 1.039722
vt 0.905338 1.009687
vt 1.966754 0.017712
vt 1.904648 0.242792
vt 1.008208 2.269135
vt 0.926584 2.236683
vt 0.711747 2.150192
vt 1.947309 0.017712
vt 1.887783 0.242452
vt 1.008289 2.262191
vt 0.936799 2.234616
vt 0.744841 2.157974
vt 0.841270 2.156906
vt 0.663320 2.171384
vt 0.735304 2.095774
vt 0.574086 2.129856
vt 0.666156 2.166167
vt 0.585224 2.129928
vt 0.823430 2.153856
vt 0.727709 2.101008
vt 0.738520 2.160503
vt 0.729590 2.154388
vt 0.931866 2.235614
vt 1.896962 0.242637
vt 1.008245 2.265970
vt 1.956955 0.017712
vt 0.751258 2.163089
vt 0.009123 2.085159
vt 3.760127 1.009929
vt 3.354548 1.009929
vt 3.071000 1.009936
vt 3.070744 1.010001
vt 3.354291 1.009994
vt 3.220365 1.009997
vt 1.499856 0.513266
vt 1.499858 0.989519
vt 2.546253 0.513266
vt 2.546255 0.989519
vt 3.162078 0.989519
vt 3.167622 0.513266
vt 2.124700 0.513266
vt 2.124702 0.989519
vt 0.005140 -0.083690
vt 0.478997 -2.709436
vt 0.006995 -2.968426
vt 0.478997 -2.943068
vt 0.591083 -0.076002
vt 0.591083 -0.419226
vt 0.591083 -0.284028
vt 0.005140 -0.412120
vt 0.478997 -3.247138
vt 0.005140 -0.278056
vt 0.006995 -2.590873
vt 0.006995 -3.273859
vt 0.363783 1.008788
vt 0.370777 0.614939
vt 0.073139 0.614939
vt 0.066981 1.008788
vt -0.173249 0.523430
vt -0.189554 1.008788
vt -2.273855 0.977106
vt -1.786484 0.977106
vt -2.284182 0.571453
vt -1.796699 0.571453
vt -1.535134 0.977106
vt -1.543383 0.571453
vt 31.757769 12.752449
vt 32.630180 12.592170
vt 31.677593 12.978541
vt -0.750214 0.859491
vt -0.273232 1.403797
vt -1.885921 1.336792
vt 0.128830 0.427292
vt 0.230307 0.737710
vt -0.096690 -0.305179
vt 1.479971 -0.070386
vt -1.704769 -0.229790
vt -0.769996 -0.803356
vt -0.580754 1.688917
vt 30.092461 21.771099
vt 28.341547 20.341431
vt 28.081528 20.129120
vt -1.947914 1.160015
vt -2.580594 0.992317
vt 0.431486 1.410299
vt 2.067031 0.827914
vt 2.162938 1.131199
vt 1.907585 -0.006708
vt -1.431364 -0.616625
vt -3.130192 1.616625
vt -3.116625 -0.588084
vt -0.937075 0.646257
vt -1.515056 1.053937
vt 0.525413 -0.528976
vt -1.345734 1.532668
vt -2.308662 1.031945
vt -0.111712 1.512841
vt 30.685705 12.721937
vt 29.360752 12.785641
vt 29.416828 12.761652
vt 3.580595 0.242434
vt -1.722301 1.803356
vt 0.529465 0.990421
vt 0.533231 0.517845
vt -0.404348 0.990421
vt -0.400581 0.517845
vt -1.205009 0.517845
vt -1.208775 0.990421
vt 0.804027 0.514009
vt 1.561557 0.514009
vt 1.576825 0.995826
vt 0.827758 0.995826
vt -0.078569 0.995826
vt -0.097196 0.514009
vt 0.239839 0.986659
vt 0.672085 0.989871
vt 0.666107 0.516750
vt 0.220865 0.516750
vt 0.876895 0.989871
vt 0.864174 0.516750
vt 1.434756 0.989871
vt 1.393431 0.516750
vt -0.562030 0.995482
vt -0.278377 0.995482
vt -0.298210 0.519523
vt -0.591551 0.519523
vt 0.442641 0.995482
vt 0.451039 0.519523
vt 2.798087 0.996056
vt 1.889935 0.517837
vt 1.889935 0.996056
vt 2.798087 0.517837
vt -1.117653 0.996056
vt -1.100783 0.507035
vt 1.682845 0.498053
vt 1.642950 0.996056
vt -0.030419 0.996056
vt 0.378062 0.996056
vt 0.351579 0.533339
vt -0.030419 0.517837
vt -0.340732 0.516595
vt -0.347911 0.996056
vt -1.017260 0.537845
vt -1.033807 0.996056
vt 0.532938 0.788681
vt 0.805959 0.776504
vt 0.769550 0.818858
vt 0.783394 0.796597
vt 0.999866 1.691522
vt 0.999866 2.192038
vt 0.242708 0.551497
vt -0.189868 0.551497
vt -0.190134 1.001137
vt -0.678317 0.551497
vt -0.702359 1.001137
vt -1.249604 0.551497
vt -1.212282 1.001137
vt 0.237598 1.001137
vt 0.478997 -0.226698
vt 0.478997 -0.042444
vt 0.006995 -0.214031
vt 0.478997 -0.829146
vt 0.006995 -0.480532
vt 0.006995 -0.789702
vt 0.478997 -0.495305
vt 0.006995 0.017794
vt 0.871142 1.667192
vt 0.996188 -1.323752
vt 0.525214 -1.267218
vt 0.525214 -1.581701
vt 0.996188 -1.917108
vt 0.525214 -2.049936
vt 0.996188 -2.672381
vt 0.525214 -2.630726
vt -1.533313 0.991929
vt -0.866796 0.515321
vt -0.882062 0.991929
vt -1.518045 0.515321
vt 0.264095 0.991929
vt -0.243751 0.991929
vt -0.228485 0.515321
vt 0.279362 0.515321
vt 0.877396 -1.950610
vt 0.891160 -1.311145
vt 0.581319 0.991227
vt 0.567688 0.518662
vt 1.500252 0.518662
vt 1.472380 0.991227
vt 2.622572 0.991227
vt 2.650443 0.518662
vt 6.466143 -4.045788
vt 9.933052 -4.083236
vt 6.806158 -2.679622
vt 12.779093 6.439450
vt 6.247525 -4.924775
vt 9.662374 -5.044899
vt 9.476975 -6.212600
vt 5.932876 -6.453833
vt 6.247525 -4.924263
vt 7.147434 -6.801368
vt 9.476975 -6.212331
vt 8.660224 -7.389563
vt 0.384521 0.513176
vt 0.371011 0.998269
vt 2.572158 0.998269
vt 2.585670 0.513176
vt -1.216627 1.016246
vt -0.706704 1.016247
vt 0.233252 1.013200
vt -0.194020 1.018589
vt -0.935555 1.016247
vt 0.720589 2.015823
vt 0.257651 2.486556
vt 0.720592 2.486556
vt 0.257647 2.015823
vt 2.168358 2.495292
vt 2.168353 2.015823
vt 1.630873 2.015823
vt 1.630876 2.495292
vt 1.129679 2.015823
vt 1.129682 2.486556
vt -2.011479 0.017712
vt -0.297796 0.516909
vt -0.304559 0.729864
vt -0.300931 0.615627
vt -0.211604 0.555015
vt 2.542902 0.696859
vt 2.528852 0.513681
vt 2.542853 0.702716
vt 2.528803 0.519537
vt 2.542639 0.699999
vt 2.528974 0.521837
vt 2.542475 0.697859
vt 2.528425 0.514681
vt 1.941056 0.995896
vt 1.047347 0.995896
vt 1.047347 0.512372
vt 1.926191 0.512372
vt 1.965303 0.023980
vt 1.929516 0.498028
vt 2.628120 0.506959
vt 2.328274 0.527262
vt 0.017534 3.107362
vt 0.004439 2.619035
vt 0.049245 3.077363
vt 2.529075 0.556885
vt 2.144631 0.498028
vt 1.703726 -0.119757
vt 1.492858 -0.162614
vt 1.457079 0.995896
vt 1.567303 0.995896
vt 0.083979 1.328444
vt 1.025762 0.138770
vt 0.638193 0.111245
vt 2.573555 0.116719
vt 2.467296 0.267392
vt 2.467831 0.196711
vt 2.573555 0.116719
vt 2.467831 0.196711
vt 2.466919 0.147210
vt 2.193462 0.117293
vt 2.466919 0.147210
vt 2.275739 0.255746
vt 2.467831 0.196711
vt 2.467296 0.267392
vt 2.299121 0.345055
vt 2.440807 0.498028
vt 2.144631 0.498028
vt 2.207824 0.498028
vt 1.945329 0.013993
vt 2.532794 0.161994
vt 2.532794 0.161994
vt 2.743139 0.498028
vt 2.752562 0.127172
vt 3.115676 0.498028
vt 3.130708 0.131781
vt 3.746021 0.498028
vt 3.098700 0.131370
vt 0.799619 3.105239
vt 0.709569 3.131230
vt 0.790411 3.098861
vt 0.448839 2.851818
vt 0.113507 1.833350
vt 0.074567 1.831996
vt 0.004439 2.619035
vt 0.845686 2.840193
vt 0.426702 2.908848
vt 0.384559 2.946771
vt 0.366209 2.922349
vt 0.413810 2.881718
vt 0.468013 2.871672
vt 0.481668 2.777367
vt 0.469251 2.751418
vt 0.353377 2.974831
vt 0.489750 2.721556
vt 0.458034 3.043391
vt 0.484686 2.675500
vt 0.113869 1.807923
vt 0.078414 1.806507
vt 0.062379 1.882416
vt 0.023486 1.877892
vt 0.067143 1.746260
vt 0.034155 1.750001
vt 0.048961 1.712496
vt 0.005469 1.707529
vt 1.762775 0.605643
vt 0.399642 3.033573
vt 0.174775 2.974290
vt 1.028415 3.069650
vt 0.823012 3.057865
vt 0.335965 2.948164
vt 0.280237 2.974609
vt 0.494948 3.030721
vt 0.118660 1.814307
vt 0.555258 1.775257
vt 0.113230 1.852829
vt 0.084819 2.830431
vt 0.049115 3.077396
vt 0.376276 2.784300
vt 0.576180 3.108702
vt 0.710474 3.141564
vt 0.193599 2.813214
vt 0.292053 2.858200
vt 0.238819 2.730742
vt 0.241883 2.739343
vt 0.300304 2.727211
vt 0.293043 2.735672
vt 0.385408 2.783195
vt 0.159449 2.945270
vt 0.607475 3.070812
vt 0.568822 3.089112
vt 0.600765 3.050331
vt 0.656072 3.084971
vt 0.198604 2.812421
vt 0.546198 2.666753
vt 0.499089 3.050293
vt 0.652226 3.065914
vt 0.453075 2.868736
vt 0.009746 1.467880
vt 0.536322 1.445917
vt 0.485554 2.678217
vt 0.478213 2.937033
vt 0.470753 2.946021
vt 0.477067 2.880659
vt 0.484634 2.665385
vt 0.470762 2.937155
vt 0.485594 2.683756
vt 0.484686 2.675500
vt 0.485594 2.683756
vt 0.484634 2.665385
vt 0.477067 2.880659
vt 0.453075 2.868736
vt 0.470762 2.937155
vt 0.143129 1.993460
vt 0.612826 0.859080
vt 0.613191 0.848947
vt 0.589467 0.869455
vt 0.046089 1.733602
vt 0.363470 1.502114
vt 0.413968 1.759993
vt 0.555258 1.775257
vt 0.659968 0.890786
vt 0.614370 0.898500
vt 0.671214 0.890787
vt 1.631720 0.465415
vt 1.669409 0.438433
vt 1.707550 0.454475
vt 0.016646 1.988119
vt 0.577938 0.864067
vt 0.007588 1.646660
vt 0.127015 1.609262
vt 0.071281 1.608912
vt 0.071015 1.564557
vt -0.043245 1.555905
vt 0.009306 1.568365
vt 0.021534 1.551118
vt 0.071721 1.850856
vt -0.046063 1.916874
vt -0.006270 1.922359
vt 0.114343 1.774638
vt 0.113230 1.852829
vt 0.635905 0.866626
vt 0.639936 0.858363
vt 0.610793 0.896089
vt 0.051675 1.692550
vt 0.005284 1.690782
vt 0.059515 1.662924
vt 0.066394 1.629422
vt 0.058870 1.646924
vt 0.016482 1.627557
vt 0.082184 1.781521
vt 0.108967 1.662706
vt 0.005731 1.731347
vt 1.795421 0.395868
vt 1.955108 0.359710
vt 1.802493 0.524166
vt 0.958388 0.591489
vt 1.176003 0.575458
vt 0.964198 0.348845
vt 1.185466 0.373687
vt 1.955515 0.633151
vt 1.965483 0.618907
vt 0.768166 2.674327
vt 0.864534 2.816041
vt 0.845663 2.676971
vt 0.004439 2.042639
vt 0.464582 2.137308
vt 0.586916 2.935251
vt 0.817355 3.043949
vt 0.990800 2.923613
vt 1.000284 2.682247
vt 2.086042 0.527262
vt 2.576949 0.727619
vt 2.276583 0.646980
vt 0.480927 2.516756
vt 2.326862 0.768640
vt 2.124549 0.768640
vt 1.677613 0.512360
vt 1.780347 0.512377
vt 1.187951 1.256561
vt -0.895026 1.254355
vt 1.338367 1.197180
vt -0.847500 1.112535
vt 0.859585 1.570704
vt 0.829343 1.727402
vt -0.411338 0.459572
vt 0.008299 0.994090
vt -0.703279 0.170792
vt -0.068576 0.994091
vt -0.802572 0.220970
vt 0.235709 1.006382
vt -0.192736 1.012823
vt -0.704925 1.010062
vt -1.024155 1.011409
vt 3.354065 1.006886
vt 3.266961 1.009976
vt 3.183706 1.009982
vt 3.070797 1.009987
vt 0.747209 1.417533
vt -0.192735 1.012823
vt -0.702359 1.001137
vt -1.212282 1.001137
vt 3.758733 1.001137
vt 3.378990 1.006906
vt 3.224227 1.008061
vt 3.070828 1.009979
vt 0.684678 1.281018
vt -0.587651 0.990903
vt 2.305338 1.107538
vt -1.292070 0.990903
vt 1.246222 1.015609
vn 0.530606 0.215630 0.819732
vn -0.032150 0.111201 0.993278
vn -0.100512 0.210381 0.972439
vn 0.157736 -0.019514 0.987288
vn -0.451074 0.000923 0.892486
vn -0.531467 0.201729 0.822708
vn 0.621299 0.386246 0.681763
vn 0.195483 0.311545 0.929907
vn -0.607606 -0.793420 0.036048
vn -0.601794 -0.798651 0.000000
vn 0.566032 -0.585910 0.579929
vn 0.377560 -0.703860 0.601689
vn 0.087566 0.346699 0.933880
vn 0.250049 -0.294324 0.922415
vn 0.307120 0.380294 0.872384
vn -0.384538 -0.235852 0.892471
vn -0.560342 0.524423 0.641091
vn 0.374720 0.585282 0.719048
vn -0.027442 0.281604 0.959138
vn -0.042993 0.216141 0.975415
vn 0.019793 0.085157 0.996171
vn 0.022038 0.145525 0.989109
vn -0.104668 0.237127 0.965824
vn 0.258687 0.362364 0.895418
vn -0.434486 0.021453 0.900423
vn -0.425040 -0.114336 0.897924
vn -0.172650 -0.984102 0.041662
vn -0.071085 0.092065 0.993212
vn 0.188123 0.384886 0.903588
vn -0.000112 0.163828 0.986489
vn 0.157326 0.000851 0.987546
vn -0.066144 -0.088794 0.993851
vn -0.104244 0.049353 0.993326
vn 0.508809 -0.674241 0.535268
vn 0.188100 -0.222519 0.956611
vn 0.157054 -0.020411 0.987379
vn 0.152337 -0.051072 0.987008
vn 0.255541 -0.180280 0.949841
vn 0.103654 -0.056567 0.993003
vn 0.123076 -0.129125 0.983961
vn -0.085369 -0.224715 0.970678
vn -0.189169 -0.981918 -0.007191
vn -0.229178 0.320462 0.919120
vn -0.005264 0.041357 0.999131
vn 0.011315 0.041883 0.999058
vn 0.042412 0.031642 0.998599
vn -0.013501 0.098519 0.995044
vn 0.022759 0.034594 0.999142
vn 0.022150 0.044033 0.998784
vn 0.093744 0.011248 0.995533
vn 0.157712 0.000707 0.987485
vn 0.293034 -0.541382 0.788059
vn 0.021225 0.029136 0.999350
vn -0.195554 0.350232 0.916022
vn -0.006925 0.054817 0.998472
vn 0.005511 0.070017 0.997530
vn -0.071211 0.115439 0.990759
vn -0.019817 0.039674 0.999016
vn 0.033796 -0.089346 0.995427
vn 0.139235 -0.309726 0.940576
vn 0.006671 0.075344 0.997135
vn -0.045822 0.087265 0.995131
vn 0.354229 0.094971 0.930324
vn 0.151655 0.308036 0.939209
vn 0.205798 0.217051 0.954220
vn 0.169228 -0.453346 0.875122
vn 0.353642 -0.103427 0.929645
vn 0.019861 -0.039169 0.999035
vn -0.588570 0.199015 0.783567
vn 0.567851 -0.757130 0.322955
vn 0.531367 -0.522113 0.667119
vn -0.389261 0.712858 0.583360
vn -0.075613 -0.039860 0.996340
vn 0.043253 -0.100760 0.993970
vn -0.067456 0.094619 0.993226
vn -0.432057 0.236523 0.870278
vn -0.219637 -0.625493 0.748677
vn 0.033134 -0.620019 0.783887
vn 0.174625 -0.582809 0.793624
vn -0.391113 0.438262 0.809294
vn -0.396305 0.068783 0.915539
vn -0.379580 0.136205 0.915078
vn -0.193044 0.570828 0.798054
vn -0.056484 0.084692 0.994805
vn -0.436202 0.135105 0.889649
vn 0.393636 0.158250 0.905542
vn -0.189169 -0.981918 -0.007191
vn 0.046629 -0.299347 0.953004
vn 0.533095 0.152490 0.832200
vn 0.994313 0.105528 -0.014350
vn 0.598340 0.801140 0.012814
vn -0.235875 -0.750247 0.617651
vn -0.037362 -0.623074 0.781270
vn -0.167059 -0.754346 0.634864
vn -0.274127 -0.098860 0.956599
vn -0.221883 -0.751573 0.621214
vn -0.782303 0.583204 0.218806
vn -0.419146 0.390248 0.819770
vn -0.646771 0.563788 0.513643
vn -0.631696 -0.716273 0.296500
vn -0.817190 0.545140 0.187143
vn -0.797221 0.556008 0.235146
vn -0.659398 0.536326 0.526829
vn -0.745180 0.633960 0.206887
vn -0.430760 -0.219981 0.875245
vn -0.449830 -0.186127 0.873504
vn -0.830326 0.283183 0.479965
vn -0.940818 0.328468 0.083484
vn -0.079964 -0.086301 0.993055
vn -0.290094 0.164275 0.942793
vn -0.227460 0.057595 0.972083
vn -0.267564 -0.614103 0.742487
vn 0.390123 -0.386225 0.835844
vn 0.206055 -0.436141 0.875970
vn 0.322984 -0.383160 0.865373
vn 0.016257 -0.481562 0.876261
vn -0.091455 0.258603 0.961645
vn 0.587802 0.451581 0.671240
vn 0.738951 0.354859 0.572737
vn 0.246505 0.029700 0.968686
vn -0.013889 0.358742 0.933334
vn 0.208004 0.416302 0.885114
vn 0.052658 0.461088 0.885791
vn 0.226224 0.241053 0.943778
vn 0.309756 -0.050825 0.949457
vn 0.478714 0.052685 0.876388
vn 0.384192 -0.121866 0.915175
vn 0.338464 -0.327810 0.882033
vn 0.264912 -0.235491 0.935075
vn 0.262230 -0.423870 0.866931
vn -0.320893 -0.163673 0.932866
vn 0.075317 0.049470 0.995932
vn 0.106177 0.190937 0.975843
vn -0.012328 0.269106 0.963032
vn -0.041575 0.344669 0.937803
vn 0.058010 0.324058 0.944257
vn 0.060064 0.282221 0.957467
vn 0.273991 0.060179 0.959848
vn 0.215853 -0.051672 0.975058
vn 0.199080 -0.192134 0.960964
vn 0.141411 0.024319 0.989652
vn 0.161106 -0.100128 0.981845
vn 0.120635 0.299199 0.946534
vn -0.186254 -0.183783 0.965160
vn -0.135748 -0.177978 0.974626
vn -0.014504 0.047144 0.998783
vn -0.109740 0.162052 0.980661
vn -0.089644 0.208082 0.973995
vn -0.127006 0.204615 0.970568
vn -0.135700 0.206004 0.969096
vn 0.019732 0.092664 0.995502
vn -0.020435 0.009774 0.999743
vn 0.007522 0.043051 0.999045
vn -0.192126 0.083190 0.977838
vn -0.232934 0.030471 0.972015
vn -0.180037 0.044111 0.982670
vn -0.133655 -0.002540 0.991025
vn -0.188973 0.056421 0.980360
vn -0.220171 0.153902 0.963244
vn 0.103912 0.046448 0.993501
vn 0.077478 0.271600 0.959287
vn 0.072823 0.276407 0.958277
vn 0.055657 0.293999 0.954184
vn 0.043211 0.306616 0.950852
vn -0.020665 0.369581 0.928969
vn 0.150165 0.201968 0.967812
vn 0.193848 -0.020754 0.980812
vn 0.188471 0.044967 0.981049
vn 0.221128 0.070281 0.972709
vn 0.185575 -0.034911 0.982010
vn 0.137334 -0.170832 0.975682
vn -0.125710 0.002017 0.992065
vn -0.194690 0.076446 0.977881
vn -0.165236 -0.004569 0.986243
vn -0.122737 -0.018564 0.992266
vn 0.264614 0.214316 0.940238
vn -0.053822 0.314486 0.947735
vn 0.056464 0.252657 0.965907
vn 0.134379 0.328414 0.934926
vn -0.226046 0.365205 0.903066
vn -0.134674 0.187477 0.972993
vn -0.147811 0.182955 0.971946
vn 0.027354 0.129474 0.991205
vn 0.107449 0.152636 0.982424
vn 0.393528 0.155322 0.906096
vn -0.035596 0.049197 0.998155
vn -0.011027 0.101288 0.994796
vn 0.119494 -0.190137 0.974458
vn 0.155929 -0.247210 0.956333
vn 0.207140 -0.137791 0.968559
vn 0.003487 -0.002107 0.999992
vn 0.147783 -0.056870 0.987383
vn 0.110199 -0.041093 0.993060
vn 0.116700 -0.243557 0.962840
vn 0.155944 -0.464300 0.871841
vn -0.030448 0.130549 0.990974
vn 0.183032 -0.197912 0.962980
vn 0.146600 -0.232210 0.961554
vn 0.193937 -0.151341 0.969270
vn 0.170705 -0.187130 0.967389
vn 0.117251 -0.226089 0.967024
vn 0.104829 0.216932 0.970542
vn -0.023060 0.222011 0.974771
vn -0.152341 0.174916 0.972726
vn -0.069911 0.213348 0.974472
vn -0.126794 0.190520 0.973461
vn 0.130839 0.024131 0.991110
vn 0.078688 0.142113 0.986718
vn -0.017831 0.156551 0.987509
vn 0.255212 0.114038 0.960137
vn -0.009658 0.171687 0.985104
vn 0.010786 0.144662 0.989423
vn 0.046024 0.134527 0.989841
vn 0.286300 -0.527934 0.799574
vn 0.187317 -0.680245 0.708646
vn 0.237533 -0.550889 0.800062
vn 0.000000 -0.439408 0.898288
vn 0.000000 -0.629903 0.776674
vn 0.562338 -0.411754 0.717101
vn -0.136886 0.088167 0.986655
vn -0.144247 0.182881 0.972495
vn -0.157503 0.028233 0.987115
vn 0.254717 -0.171598 0.951669
vn 0.159881 -0.303235 0.939408
vn 0.123152 0.041535 0.991518
vn 0.165716 -0.137154 0.976589
vn 0.077478 0.271600 0.959286
vn -0.225350 0.082283 0.970797
vn -0.211655 0.152223 0.965417
vn 0.022637 0.054290 0.998269
vn -0.175237 -0.481771 0.858597
vn 0.015861 -0.453719 0.891004
vn 0.070521 0.278779 0.957763
vn 0.122523 -0.435250 0.891934
vn -0.220823 -0.511624 0.830348
vn 0.004761 0.244485 0.969641
vn -0.075053 -0.484652 0.871481
vn -0.158817 -0.452109 0.877710
vn -0.082390 0.054026 0.995135
vn 0.128977 -0.557751 0.819926
vn 0.214558 -0.540538 0.813501
vn 0.141431 -0.101316 0.984750
vn 0.146741 0.013013 0.989089
vn 0.102886 0.044878 0.993680
vn -0.235404 0.105512 0.966153
vn 0.088803 -0.055133 0.994522
vn -0.052160 0.121774 0.991186
vn -0.110568 -0.301093 0.947163
vn -0.986200 0.050069 0.157804
vn -0.969659 0.055216 0.238143
vn -0.120675 0.060871 0.990824
vn -0.041331 0.241675 0.969477
vn -0.078333 0.271173 0.959338
vn 0.038453 0.172720 0.984220
vn 0.120975 0.058275 0.990944
vn 0.101375 0.071118 0.992303
vn 0.070984 0.020042 0.997276
vn 0.038544 -0.041235 0.998406
vn 0.107593 -0.030249 0.993735
vn 0.117629 -0.063469 0.991027
vn -0.166261 0.126863 0.977887
vn -0.150533 0.070087 0.986117
vn -0.118962 0.087010 0.989079
vn 0.045190 0.136119 0.989661
vn -0.082791 0.157697 0.984011
vn -0.027241 0.143639 0.989255
vn -0.093290 0.096002 0.991000
vn 0.070099 0.040387 0.996722
vn 0.092640 -0.073692 0.992969
vn 0.030378 -0.204103 0.978478
vn 0.030959 -0.134347 0.990451
vn 0.096827 0.089056 0.991309
vn -0.147533 -0.071257 0.986487
vn -0.121688 -0.093130 0.988190
vn 0.830629 0.538739 -0.140772
vn 0.529572 0.846731 0.050985
vn 0.855785 0.500332 -0.131531
vn 0.859269 0.511524 0.000000
vn 0.987087 0.151446 -0.052176
vn 0.950873 0.305264 -0.051523
vn 0.220068 -0.016276 0.975349
vn 0.200712 0.004921 0.979638
vn 0.216015 0.001172 0.976389
vn 0.167710 0.154111 0.973716
vn -0.027812 0.361402 0.931995
vn -0.368799 0.320551 0.872487
vn -0.371359 0.314887 0.873463
vn -0.422501 0.190947 0.886021
vn -0.464369 0.068772 0.882967
vn -0.906173 0.307122 0.290733
vn -0.716901 0.593238 0.366226
vn -0.737112 0.577056 0.351671
vn -0.288049 0.244687 0.925827
vn -0.408058 0.435604 0.802333
vn -0.328560 0.388752 0.860767
vn -0.242248 0.199444 0.949494
vn -0.582293 0.499556 0.641388
vn -0.314392 0.273878 0.908927
vn -0.365305 0.321241 0.873703
vn -0.381037 0.177001 0.907459
vn -0.374436 0.022876 0.926971
vn -0.093761 0.057133 0.993954
vn -0.794263 0.607574 -0.000018
vn -0.823744 0.566961 -0.000018
vn -0.848132 0.529785 -0.000018
vn -0.257324 -0.138872 0.956294
vn -0.129732 0.010497 0.991494
vn -0.076535 0.079473 0.993895
vn -0.039322 0.159785 0.986368
vn -0.068584 0.077179 0.994656
vn 0.102214 0.124984 0.986880
vn 0.107281 0.323912 0.939985
vn 0.098587 0.178196 0.979044
vn -0.095499 0.158751 0.982689
vn 0.003869 0.054883 0.998485
vn 0.001226 0.103622 0.994616
vn 0.064908 0.129731 0.989423
vn 0.014822 0.189892 0.981693
vn -0.016166 0.038852 0.999114
vn 0.003782 0.110698 0.993847
vn 0.104449 0.124277 0.986735
vn -0.054423 0.066528 0.996299
vn 0.016734 0.257315 0.966183
vn 0.005750 0.227585 0.973741
vn -0.013780 0.268419 0.963204
vn -0.075878 0.092841 0.992785
vn 0.058260 0.177218 0.982446
vn 0.006989 0.224183 0.974522
vn 0.017489 0.230263 0.972971
vn 0.021794 0.281109 0.959428
vn 0.037791 0.093900 0.994864
vn 0.007956 0.023478 0.999693
vn -0.010393 0.136521 0.990583
vn -0.025781 0.087123 0.995864
vn -0.003962 0.086477 0.996246
vn 0.024088 0.092720 0.995401
vn -0.050788 0.043399 0.997766
vn 0.039779 0.080141 0.995989
vn 0.104788 0.272339 0.956478
vn -0.076247 0.089968 0.993022
vn -0.050256 0.132889 0.989856
vn -0.090250 0.371115 0.924191
vn -0.082541 0.099987 0.991559
vn -0.031329 0.163898 0.985980
vn 0.090583 0.189902 0.977616
vn -0.008656 0.233807 0.972245
vn 0.029166 0.223849 0.974187
vn 0.025959 0.236492 0.971287
vn 0.009805 0.258716 0.965904
vn 0.027525 0.273764 0.961403
vn -0.010931 0.272464 0.962104
vn -0.006152 0.292898 0.956124
vn -0.008206 0.277988 0.960550
vn 0.009926 0.309060 0.950991
vn -0.040678 0.161908 0.985967
vn -0.047568 0.055784 0.997309
vn -0.070700 0.241315 0.967868
vn 0.189755 0.176311 0.965872
vn -0.149626 0.092261 0.984429
vn -0.135466 0.151042 0.979201
vn 0.206716 0.119847 0.971033
vn -0.009758 0.027004 0.999588
vn -0.010073 0.045758 0.998902
vn -0.014590 0.049667 0.998659
vn 0.176004 0.319273 0.931175
vn -0.165242 0.094914 0.981675
vn -0.156544 0.143917 0.977129
vn 0.205196 0.119771 0.971365
vn -0.218080 0.115585 0.969062
vn -0.135569 0.141640 0.980591
vn 0.014415 0.011474 0.999830
vn -0.185912 0.106878 0.976736
vn 0.178704 0.275241 0.944620
vn -0.159478 0.106147 0.981478
vn -0.122893 0.074572 0.989614
vn -0.103034 0.055519 0.993127
vn 0.029054 0.141322 0.989537
vn -0.029747 0.117159 0.992668
vn -0.139668 0.122177 0.982632
vn -0.075458 0.090286 0.993053
vn 0.947433 0.285756 0.143924
vn 0.996223 0.085661 0.014233
vn 0.994515 -0.104590 -0.000041
vn 0.983242 0.182306 -0.000032
vn 0.349899 -0.116503 0.929515
vn 0.504318 0.666113 0.549506
vn 0.396917 -0.453740 0.797858
vn 0.186625 0.345172 0.919798
vn 0.650465 -0.698633 0.298006
vn 0.300035 -0.291453 0.908314
vn 0.424148 -0.091653 0.900943
vn 0.332104 -0.495065 0.802881
vn 0.460940 -0.542538 0.702272
vn 0.734885 -0.520413 0.434872
vn 0.050476 -0.876817 0.478167
vn 0.419775 -0.668754 0.613642
vn 0.839770 0.062746 0.539304
vn 0.184802 0.152357 0.970894
vn 0.313182 0.342941 0.885612
vn 0.389309 -0.429634 0.814771
vn 0.437369 0.273310 0.856744
vn 0.348655 -0.241062 0.905720
vn 0.414439 -0.273089 0.868138
vn 0.259518 -0.171288 0.950427
vn 0.309419 0.138713 0.940754
vn 0.448640 0.103801 0.887664
vn 0.436334 -0.074148 0.896724
vn 0.313116 -0.091298 0.945316
vn 0.191282 -0.076056 0.978584
vn 0.417458 -0.249316 0.873825
vn 0.306065 -0.182624 0.934330
vn 0.379520 -0.230923 0.895901
vn 0.192558 0.211018 0.958328
vn 0.318047 0.203867 0.925896
vn 0.437389 0.095384 0.894199
vn 0.873440 -0.135639 0.467659
vn 0.579981 0.383610 0.718655
vn 0.725452 0.572114 0.382629
vn 0.105160 0.440459 0.891593
vn -0.244879 0.658754 0.711391
vn 0.219058 0.827322 0.517254
vn 0.377196 0.099534 0.920769
vn 0.417162 0.907675 -0.045848
vn 0.619977 0.767763 0.161768
vn 0.753490 0.657430 -0.006137
vn -0.455848 0.830436 0.320278
vn -0.527331 0.840112 0.127020
vn -0.022181 0.998450 -0.051046
vn 0.609887 -0.792489 0.000000
vn -0.250784 -0.968043 0.000000
vn 0.487597 -0.873069 0.000000
vn 0.752222 -0.617965 -0.228652
vn -0.043389 -0.951869 -0.303419
vn 0.487744 -0.860535 -0.146919
vn 0.979294 0.002322 -0.202429
vn 0.921483 -0.285865 -0.262963
vn 0.451835 -0.141204 0.880856
vn 0.442813 -0.123728 0.888036
vn 0.411517 -0.208760 0.887172
vn 0.382218 -0.190842 0.904151
vn 0.387080 -0.123122 0.913789
vn 0.379451 -0.152917 0.912487
vn 0.422541 -0.061075 0.904284
vn 0.421611 -0.177597 0.889215
vn 0.194730 0.051854 0.979485
vn 0.287011 -0.106894 0.951945
vn 0.349846 0.120363 0.929043
vn 0.372017 -0.167904 0.912914
vn 0.420756 0.064469 0.904880
vn -0.003454 -0.059386 0.998229
vn 0.058552 -0.129091 0.989902
vn -0.256272 -0.208442 0.943863
vn -0.423561 -0.162053 0.891255
vn -0.792165 -0.610307 0.000000
vn 0.288013 0.383984 0.877271
vn -0.094195 -0.232906 0.967927
vn -0.792165 -0.610307 0.000000
vn -0.792165 -0.610307 0.000000
vn -0.792165 -0.610307 0.000000
vn -0.109210 -0.087316 0.990176
vn 0.030157 0.140422 0.989632
vn 0.193197 0.380596 0.904335
vn 0.198893 0.284861 0.937708
vn 0.231723 0.306927 0.923093
vn -0.286894 -0.158811 0.944707
vn 0.083007 0.217170 0.972598
vn 0.179482 0.205747 0.962005
vn 0.197565 0.252254 0.947278
vn 0.208537 0.533900 0.819428
vn -0.031481 0.122098 0.992019
vn 0.041163 0.139669 0.989342
vn 0.094924 0.121932 0.987989
vn -0.009856 0.084621 0.996364
vn -0.272613 -0.040062 0.961289
vn 0.110280 0.237266 0.965165
vn 0.051302 0.108445 0.992778
vn 0.059711 0.103042 0.992883
vn 0.051055 0.127404 0.990536
vn -0.134578 -0.009315 0.990859
vn -0.072577 -0.006038 0.997345
vn -0.120885 -0.077484 0.989638
vn -0.246472 0.014127 0.969047
vn -0.183596 -0.025587 0.982669
vn -0.303632 -0.100676 0.947455
vn -0.303632 -0.100676 0.947455
vn -0.031347 0.006802 0.999485
vn -0.180102 0.046334 0.982556
vn -0.156072 0.018651 0.987570
vn 0.102958 0.230554 0.967597
vn -0.121419 0.103447 0.987196
vn -0.130286 0.020162 0.991271
vn -0.029233 0.111742 0.993307
vn 0.051302 0.108445 0.992778
vn 0.061931 0.101716 0.992884
vn 0.044213 0.127028 0.990913
vn -0.113822 0.036839 0.992818
vn 0.246703 0.259825 0.933610
vn 0.102995 0.190051 0.976357
vn 0.213414 0.246275 0.945412
vn 0.111347 0.137723 0.984192
vn 0.668663 0.738681 -0.085090
vn 0.713679 0.695179 -0.085957
vn 0.850422 0.521851 -0.066745
vn 0.926787 0.375420 -0.011207
vn 0.029407 0.224008 0.974144
vn 0.043961 0.236864 0.970548
vn 0.010593 0.177421 0.984078
vn 0.023070 0.191664 0.981189
vn 0.086344 -0.009675 0.996218
vn 0.603513 -0.463035 0.649130
vn 0.465369 -0.208995 0.860089
vn 0.304026 -0.238707 0.922273
vn -0.360582 0.737369 0.571199
vn -0.334180 0.731943 0.593787
vn -0.382038 0.548738 0.743595
vn -0.130210 0.201040 0.970890
vn -0.007407 0.008144 0.999939
vn -0.007617 0.009524 0.999926
vn -0.445841 0.735697 0.509879
vn -0.258399 0.443093 0.858428
vn -0.251660 0.435986 0.864051
vn -0.256782 0.443245 0.858835
vn -0.250238 0.435105 0.864907
vn -0.242232 0.564206 0.789301
vn -0.237356 0.518316 0.821590
vn -0.094151 0.335634 0.937275
vn -0.225374 0.525937 0.820120
vn -0.155843 0.469027 0.869325
vn -0.379638 0.720537 0.580260
vn -0.310834 0.686423 0.657423
vn -0.432817 0.732836 0.524996
vn -0.434498 0.718738 0.542796
vn -0.043743 0.098008 0.994224
vn -0.048656 0.114401 0.992242
vn -0.254549 0.438624 0.861866
vn -0.255040 0.442159 0.859913
vn -0.054262 0.100841 0.993422
vn -0.054898 0.114275 0.991931
vn -0.247649 0.385957 0.888655
vn 0.014316 0.032973 0.999354
vn 0.076699 0.270727 0.959596
vn 0.251838 -0.068732 0.965326
vn 0.060425 -0.084802 0.994564
vn 0.130381 -0.190936 0.972905
vn -0.010798 0.107277 0.994170
vn 0.039450 -0.008861 0.999182
vn -0.027882 0.038497 0.998870
vn -0.045713 0.045655 0.997911
vn 0.075612 -0.001482 0.997136
vn 0.084982 -0.002896 0.996378
vn 0.177987 0.004952 0.984020
vn -0.074670 0.457520 0.886059
vn 0.085358 0.175995 0.980683
vn -0.012956 0.046519 0.998833
vn 0.026825 0.011078 0.999579
vn 0.674694 -0.737167 0.037064
vn 0.039259 0.046376 0.998152
vn -0.010333 0.000035 0.999947
vn -0.059770 0.329397 0.942298
vn 0.078098 0.060290 0.995121
vn 0.050642 0.116782 0.991866
vn -0.132976 0.408567 0.902990
vn 0.034872 0.144903 0.988831
vn 0.016086 0.002512 0.999867
vn 0.200084 0.478623 0.854919
vn 0.533701 -0.156565 0.831054
vn 0.156276 -0.106820 0.981920
vn 0.246247 -0.155535 0.956646
vn 0.166968 0.270346 0.948174
vn 0.409405 0.051025 0.910925
vn 0.000071 -0.001993 0.999998
vn -0.019516 0.164260 0.986224
vn 0.234793 0.135353 0.962575
vn 0.275992 0.176393 0.944835
vn -0.026941 0.030826 0.999162
vn -0.013337 0.068447 0.997566
vn 0.010478 0.044902 0.998936
vn -0.014219 0.060033 0.998095
vn 0.421468 0.056510 0.905081
vn 0.497839 -0.002033 0.867267
vn 0.317513 0.626368 0.711933
vn 0.320941 0.642620 0.695727
vn 0.196727 0.474100 0.858212
vn 0.380119 0.050197 0.923575
vn 0.357412 0.056843 0.932216
vn 0.374961 0.051716 0.925597
vn 0.351538 0.058546 0.934341
vn 0.301305 0.189375 0.934533
vn 0.343804 0.141629 0.928300
vn 0.552913 -0.168308 0.816064
vn 0.176363 -0.208938 0.961894
vn 0.251975 -0.263331 0.931217
vn 0.179378 0.295233 0.938435
vn 0.521786 0.010246 0.853015
vn 0.683223 0.098604 0.723521
vn 0.556630 -0.435145 0.707681
vn 0.023171 -0.691916 0.721606
vn 0.028937 -0.653687 0.756211
vn 0.062173 -0.383600 0.921404
vn 0.397694 -0.172604 0.901137
vn 0.435023 -0.200567 0.877797
vn 0.109836 -0.458447 0.881909
vn 0.082127 -0.424501 0.901695
vn 0.445715 0.317166 0.837104
vn 0.471665 0.304701 0.827460
vn 0.333182 0.224209 0.915817
vn 0.340735 0.277369 0.898313
vn 0.604192 0.081306 0.792680
vn 0.355503 0.381683 0.853191
vn 0.312789 0.362378 0.877978
vn 0.545855 -0.323112 0.773072
vn 0.313081 -0.117570 0.942421
vn 0.346006 -0.145501 0.926881
vn 0.476344 -0.259500 0.840093
vn 0.270429 -0.639223 0.719904
vn 0.055401 -0.446416 0.893109
vn 0.247204 -0.614933 0.748831
vn 0.534595 -0.429702 0.727712
vn 0.481925 -0.415649 0.771352
vn 0.456533 -0.408395 0.790437
vn 0.384153 0.446359 0.808202
vn 0.446406 0.488985 0.749410
vn 0.728614 0.307728 0.611903
vn 0.654399 0.433977 0.619214
vn 0.664368 0.435322 0.607545
vn 0.732861 0.306546 0.607407
vn 0.122931 -0.227410 0.966009
vn 0.008230 0.030320 0.999506
vn 0.002685 -0.004385 0.999987
vn -0.000014 -0.001458 0.999999
vn -0.000701 0.145712 0.989327
vn 0.026047 0.128091 0.991420
vn -0.563252 -0.768362 0.303920
vn -0.561708 -0.757012 0.333792
vn -0.000357 -0.000604 1.000000
vn 0.003344 -0.003624 0.999988
vn 0.005374 -0.004988 0.999973
vn -0.026718 0.032892 0.999102
vn -0.052445 0.043051 0.997695
vn 0.002455 -0.003611 0.999990
vn 0.360730 -0.559312 0.746354
vn 0.779245 -0.121599 0.614809
vn 0.794817 -0.148341 0.588439
vn 0.142373 -0.642739 0.752740
vn 0.071163 -0.014440 0.997360
vn 0.086853 -0.034873 0.995611
vn 0.106566 0.039269 0.993530
vn 0.129165 -0.005546 0.991608
vn 0.237077 -0.012395 0.971412
vn 0.184942 0.101592 0.977484
vn 0.143501 -0.056732 0.988023
vn 0.199288 0.072948 0.977222
vn 0.079918 0.072060 0.994193
vn 0.104790 0.020985 0.994273
vn 0.025767 -0.011162 0.999606
vn 0.200791 0.072981 0.976912
vn 0.239968 -0.069575 0.968284
vn -0.000372 -0.000945 1.000000
vn -0.000118 -0.001211 0.999999
vn 0.097642 0.111674 0.988936
vn 0.095458 0.114426 0.988835
vn 0.123703 0.114206 0.985725
vn 0.288865 0.116801 0.950218
vn 0.149160 0.116794 0.981891
vn 0.135999 0.034493 0.990108
vn 0.034584 0.060900 0.997545
vn 0.224647 -0.222060 0.948801
vn 0.002433 -0.000840 0.999997
vn 0.007910 -0.004975 0.999956
vn 0.213703 0.042532 0.975973
vn 0.052777 0.073633 0.995888
vn 0.170323 0.059092 0.983615
vn 0.182856 0.073038 0.980423
vn 0.004330 0.156932 0.987600
vn 0.023760 0.068201 0.997389
vn 0.057540 0.047538 0.997211
vn 0.041129 0.098683 0.994269
vn 0.074630 0.003203 0.997206
vn -0.007287 -0.017820 0.999815
vn 0.146037 -0.056037 0.987691
vn 0.093064 0.102901 0.990329
vn 0.166196 0.002157 0.986090
vn 0.159272 0.028302 0.986829
vn 0.257905 0.891500 0.372441
vn 0.276675 -0.904560 0.324379
vn 0.276671 -0.904558 0.324388
vn 0.276669 -0.904558 0.324391
vn 0.276672 -0.904559 0.324384
vn -0.889367 -0.198499 0.411856
vn -0.889357 -0.198487 0.411882
vn 0.793057 0.388882 0.468861
vn 0.895744 -0.316432 0.312272
vn 0.788886 0.396814 0.469252
vn 0.138263 0.012944 0.990311
vn 0.148048 0.022571 0.988723
vn 0.158723 0.033100 0.986768
vn 0.148334 0.022852 0.988673
vn 0.158548 0.013637 0.987257
vn 0.132095 0.030121 0.990779
vn 0.033402 0.018500 0.999271
vn 0.257903 0.891502 0.372437
vn -0.889355 -0.198484 0.411887
vn -0.889363 -0.198494 0.411866
vn 0.895738 -0.316438 0.312284
vn 0.205935 -0.139049 0.968636
vn 0.188752 -0.150606 0.970407
vn 0.133423 -0.195670 0.971551
vn 0.127724 -0.182280 0.974916
vn -0.255796 0.439430 0.861086
vn -0.256585 0.442473 0.859292
vn -0.052404 0.090042 0.994558
vn -0.050112 0.092291 0.994470
vn -0.048087 -0.014664 0.998736
vn -0.076017 -0.036677 0.996432
vn -0.153461 -0.426882 0.891191
vn -0.133272 -0.448455 0.883814
vn 0.878381 0.477962 -0.000011
vn 0.878384 0.477955 0.000000
vn 0.950841 0.286099 0.118528
vn 0.995968 0.089713 -0.000035
vn 0.995589 -0.093817 -0.000042
vn 0.989410 0.145149 -0.000039
vn 0.668664 0.738680 -0.085091
vn 0.710367 0.698821 -0.083840
vn 0.837819 0.542629 -0.060117
vn 0.924029 0.381738 -0.021122
vn 0.214317 0.266750 0.939634
vn 0.119848 0.182323 0.975907
vn 0.226462 0.274266 0.934608
vn 0.107737 0.170043 0.979530
vn -0.022655 0.163942 0.986210
vn -0.025142 -0.198151 -0.979849
vn -0.043877 0.224715 0.973436
vn -0.089105 0.160173 0.983059
vn -0.023273 0.098040 0.994910
vn -0.124263 0.168893 0.977770
vn -0.107190 0.153434 0.982328
vn -0.112029 0.247456 0.962401
vn 0.020472 -0.530290 0.847569
vn 0.150234 -0.560861 0.814165
vn 0.137913 0.025765 0.990109
vn 0.285280 0.059879 0.956572
g fff08519_00186_0036fa24_e15
f 721/593/721 383/592/383 384/586/384
f 384/586/384 722/587/722 721/593/721
f 383/592/383 720/589/720 382/588/382
f 720/589/720 383/592/383 721/593/721
f 709/969/709 535/801/535 521/788/521
f 535/801/535 523/787/523 521/788/521
f 719/590/719 381/591/381 382/588/382
f 382/588/382 720/589/720 719/590/719
f 717/420/717 384/586/384 718/423/718
f 384/586/384 717/420/717 722/587/722
f 91/414/91 18/412/18 276/411/276
f 18/412/18 91/414/91 89/415/89
f 276/411/276 1/410/1 275/413/275
f 1/410/1 276/411/276 18/412/18
f 273/407/273 210/350/210 268/351/268
f 502/769/502 723/767/723 501/768/501
f 503/771/503 725/772/725 724/770/724
f 724/770/724 502/769/502 503/771/503
f 231/49/231 715/978/715 78/51/78
f 78/51/78 77/52/77 231/49/231
f 504/763/504 726/765/726 725/772/725
f 725/772/725 503/771/503 504/763/504
f 232/50/232 234/53/234 79/54/79
f 79/54/79 78/51/78 232/50/232
f 483/738/483 482/741/482 487/740/487
f 487/740/487 496/739/496 483/738/483
f 483/738/483 486/736/486 481/737/481
f 218/399/218 234/53/234 217/398/217
f 234/53/234 218/399/218 79/54/79
f 236/243/236 254/247/254 166/248/166
f 165/244/165 236/243/236 163/246/163
f 486/736/486 483/738/483 496/739/496
f 478/727/478 477/732/477 494/731/494
f 236/243/236 165/244/165 253/245/253
f 164/242/164 162/239/162 233/238/233
f 216/393/216 215/397/215 240/396/240
f 240/396/240 740/1001/740 216/393/216
f 215/397/215 93/93/93 237/92/237
f 494/731/494 495/728/495 478/727/478
f 477/732/477 476/733/476 493/730/493
f 493/730/493 494/731/494 477/732/477
f 478/727/478 489/726/489 475/729/475
f 489/726/489 478/727/478 495/728/495
f 436/694/436 435/685/435 397/684/397
f 397/684/397 416/695/416 436/694/436
f 436/694/436 396/693/396 434/692/434
f 396/693/396 436/694/436 416/695/416
f 433/686/433 432/690/432 394/689/394
f 394/689/394 395/687/395 433/686/433
f 434/692/434 393/688/393 431/691/431
f 393/688/393 434/692/434 396/693/396
f 432/690/432 431/691/431 393/688/393
f 237/92/237 739/999/739 215/397/215
f 216/393/216 219/392/219 214/395/214
f 220/61/220 245/62/245 82/63/82
f 82/63/82 81/64/81 220/61/220
f 229/47/229 82/63/82 245/62/245
f 82/63/82 229/47/229 76/48/76
f 307/487/307 222/486/222 306/489/306
f 222/486/222 307/487/307 302/488/302
f 305/485/305 304/482/304 297/481/297
f 297/481/297 299/484/299 305/485/305
f 304/482/304 303/483/303 294/480/294
f 294/480/294 297/481/297 304/482/304
f 289/465/289 300/464/300 288/463/288
f 300/464/300 289/465/289 301/466/301
f 393/688/393 394/689/394 432/690/432
f 433/686/433 392/682/392 430/681/430
f 392/682/392 433/686/433 395/687/395
f 430/681/430 389/680/389 429/683/429
f 288/463/288 298/461/298 287/460/287
f 298/461/298 288/463/288 300/464/300
f 287/460/287 293/459/293 286/462/286
f 293/459/293 287/460/287 298/461/298
f 389/680/389 430/681/430 392/682/392
f 428/679/428 427/676/427 420/675/420
f 420/675/420 421/678/421 428/679/428
f 427/676/427 426/677/426 419/674/419
f 419/674/419 420/675/420 427/676/427
f 426/673/426 424/671/424 417/670/417
f 417/670/417 419/672/419 426/673/426
f 425/668/425 417/670/417 424/671/424
f 417/670/417 425/668/425 418/667/418
f 425/668/425 423/669/423 386/666/386
f 386/666/386 418/667/418 425/668/425
f 723/767/723 502/769/502 724/770/724
f 719/764/719 504/763/504 381/766/381
f 504/763/504 719/764/719 726/765/726
f 485/754/485 484/757/484 488/756/488
f 488/756/488 491/755/491 485/754/485
f 710/970/710 520/789/520 522/786/522
f 709/969/709 536/802/536 535/801/535
f 536/802/536 709/969/709 710/970/710
f 536/802/536 710/970/710 522/786/522
f 219/392/219 216/393/216 241/394/241
f 209/355/209 205/358/205 265/357/265
f 265/357/265 266/356/266 209/355/209
f 209/355/209 264/353/264 208/354/208
f 716/980/716 232/50/232 78/51/78
f 715/978/715 716/980/716 78/51/78
f 739/999/739 240/396/240 215/397/215
f 233/238/233 252/241/252 164/242/164
f 740/1001/740 241/394/241 216/393/216
f 162/239/162 161/240/161 227/237/227
f 227/237/227 233/238/233 162/239/162
f 116/135/116 114/130/114 224/129/224
f 444/664/444 412/660/412 448/663/448
f 412/660/412 444/664/444 410/665/410
f 446/662/446 448/663/448 412/660/412
f 412/660/412 411/661/411 446/662/446
f 445/659/445 413/658/413 447/656/447
f 414/657/414 447/656/447 413/658/413
f 447/656/447 415/655/415 449/654/449
f 415/655/415 447/656/447 414/657/414
f 265/347/265 205/348/205 267/345/267
f 206/346/206 267/345/267 205/348/205
f 118/422/118 280/418/280 119/417/119
f 280/418/280 118/422/118 279/421/279
f 175/267/175 262/270/262 174/269/174
f 262/270/262 175/267/175 263/266/263
f 174/269/174 261/263/261 173/262/173
f 261/263/261 174/269/174 262/270/262
f 175/267/175 172/268/172 251/265/251
f 251/265/251 263/266/263 175/267/175
f 173/262/173 228/261/228 482/264/482
f 228/261/228 173/262/173 261/263/261
f 171/257/171 257/260/257 170/259/170
f 257/260/257 171/257/171 258/256/258
f 170/259/170 256/253/256 169/252/169
f 256/253/256 170/259/170 257/260/257
f 204/344/204 203/341/203 230/340/230
f 230/340/230 239/343/239 204/344/204
f 230/340/230 202/339/202 225/342/225
f 202/339/202 230/340/230 203/341/203
f 201/331/201 200/338/200 260/337/260
f 260/337/260 269/332/269 201/331/201
f 171/257/171 168/258/168 255/255/255
f 255/255/255 258/256/258 171/257/171
f 260/337/260 199/335/199 259/334/259
f 199/335/199 260/337/260 200/338/200
f 169/252/169 243/251/243 167/254/167
f 243/251/243 169/252/169 256/253/256
f 199/335/199 167/336/167 243/333/243
f 243/333/243 259/334/259 199/335/199
f 201/331/201 242/329/242 198/328/198
f 242/329/242 201/331/201 269/332/269
f 198/328/198 226/327/226 197/330/197
f 226/327/226 198/328/198 242/329/242
f 8/420/8 279/421/279 118/422/118
f 279/421/279 8/420/8 278/423/278
f 7/416/7 119/417/119 280/418/280
f 280/418/280 277/419/277 7/416/7
f 204/344/204 267/345/267 206/346/206
f 267/345/267 204/344/204 239/343/239
f 264/353/264 209/355/209 266/356/266
f 210/350/210 208/354/208 264/353/264
f 219/81/219 89/83/89 91/84/91
f 91/84/91 90/82/90 219/81/219
f 224/129/224 248/134/248 116/135/116
f 255/249/255 166/248/166 254/247/254
f 264/353/264 268/351/268 210/350/210
f 210/350/210 741/349/741 207/352/207
f 166/248/166 255/249/255 168/250/168
f 165/244/165 164/242/164 252/241/252
f 252/241/252 253/245/253 165/244/165
f 166/248/166 163/246/163 236/243/236
f 741/349/741 210/350/210 742/407/742
f 235/88/235 238/89/238 94/90/94
f 94/90/94 92/91/92 235/88/235
f 237/92/237 94/90/94 238/89/238
f 94/90/94 237/92/237 93/93/93
f 223/128/223 224/129/224 114/130/114
f 114/130/114 113/131/113 223/128/223
f 223/128/223 115/132/115 246/133/246
f 115/132/115 223/128/223 113/131/113
g fff08519_00186_0036fa24_e2
f 44/30/44 28/28/28 53/27/53
f 45/25/45 44/30/44 53/27/53
f 326/526/326 372/528/372 322/515/322
f 44/30/44 40/29/40 28/28/28
f 39/24/39 48/21/48 37/20/37
f 47/26/47 38/34/38 46/33/46
f 39/24/39 58/31/58 48/21/48
f 37/20/37 48/21/48 49/19/49
f 326/526/326 369/517/369 372/528/372
f 47/26/47 35/36/35 38/34/38
f 44/30/44 46/33/46 40/29/40
f 57/37/57 68/35/68 35/36/35
f 46/33/46 38/34/38 509/773/509
f 31/23/31 36/18/36 51/22/51
f 51/22/51 36/18/36 50/17/50
f 36/18/36 49/19/49 50/17/50
f 47/26/47 57/37/57 35/36/35
f 313/544/313 368/545/368 358/546/358
f 365/547/365 312/548/312 339/549/339
f 360/513/360 309/512/309 370/511/370
f 375/559/375 376/577/376 343/560/343
f 367/518/367 375/559/375 314/516/314
f 343/560/343 376/577/376 356/575/356
f 356/575/356 374/554/374 340/555/340
f 321/550/321 311/551/311 361/552/361
f 373/553/373 313/544/313 358/546/358
f 314/516/314 375/559/375 343/560/343
f 368/545/368 321/550/321 361/552/361
f 376/577/376 374/554/374 356/575/356
f 340/555/340 369/517/369 326/526/326
f 374/554/374 369/517/369 340/555/340
f 372/528/372 366/514/366 322/515/322
f 365/547/365 339/549/339 373/553/373
f 362/522/362 371/523/371 359/521/359
f 359/521/359 309/512/309 308/520/308
f 367/518/367 309/512/309 360/513/360
f 370/511/370 309/512/309 359/521/359
f 322/515/322 366/514/366 310/519/310
f 367/518/367 314/516/314 309/512/309
f 373/553/373 339/549/339 313/544/313
f 308/520/308 362/522/362 359/521/359
f 313/544/313 321/550/321 368/545/368
f 645/949/645 546/950/546 549/948/549
f 646/951/646 546/950/546 645/949/645
f 550/952/550 551/946/551 648/947/648
f 578/857/578 550/953/550 648/947/648
f 648/947/648 551/946/551 647/945/647
f 46/33/46 509/773/509 40/29/40
g fff08519_00186_0036fa24_e1
f 45/390/45 55/384/55 44/391/44
f 35/10/35 68/41/68 34/9/34
f 55/384/55 46/389/46 44/391/44
f 55/384/55 56/383/56 46/389/46
f 56/383/56 47/388/47 46/389/46
f 61/39/61 62/40/62 57/15/57
f 62/40/62 58/16/58 68/579/68
f 57/15/57 62/40/62 68/579/68
f 50/382/50 56/383/56 55/384/55
f 50/382/50 49/385/49 56/383/56
f 48/14/48 58/16/58 62/40/62
f 49/385/49 61/386/61 56/383/56
f 61/39/61 57/15/57 47/13/47
f 48/14/48 62/40/62 61/39/61
f 61/386/61 47/388/47 56/383/56
f 48/387/48 61/386/61 49/385/49
f 319/492/319 364/491/364 363/490/363
f 325/525/325 349/567/349 328/530/328
f 701/904/701 693/902/693 691/895/691
f 322/494/322 331/533/331 326/527/326
f 691/895/691 684/904/684 701/904/701
f 686/901/686 685/899/685 688/848/688
f 688/848/688 687/896/687 686/901/686
f 690/903/690 689/904/689 703/897/703
f 330/532/330 339/543/339 312/506/312
f 703/897/703 702/889/702 690/903/690
f 321/505/321 316/504/316 311/503/311
f 321/505/321 320/502/320 316/504/316
f 323/496/323 329/531/329 330/532/330
f 320/502/320 322/494/322 310/501/310
f 309/500/309 314/495/314 346/564/346
f 309/500/309 318/498/318 308/499/308
f 318/498/318 309/500/309 348/566/348
f 316/504/316 320/502/320 310/501/310
f 308/499/308 318/498/318 315/510/315
f 362/509/362 319/492/319 55/493/55
f 704/901/704 691/898/691 693/900/693
f 693/900/693 692/901/692 704/901/704
f 308/499/308 319/492/319 362/509/362
f 55/493/55 319/492/319 363/490/363
f 308/499/308 315/510/315 319/492/319
f 313/507/313 320/502/320 321/505/321
f 313/507/313 317/497/317 320/502/320
f 320/502/320 317/497/317 335/537/335
f 695/901/695 694/900/694 697/899/697
f 697/904/697 696/903/696 695/902/695
f 638/867/638 547/866/547 578/865/578
f 579/928/579 570/932/570 607/852/607
f 607/852/607 606/851/606 593/929/593
f 611/856/611 613/937/613 614/855/614
f 318/498/318 323/496/323 315/508/315
f 571/855/571 658/936/658 576/911/576
f 614/855/614 613/937/613 612/936/612
f 574/909/574 595/853/595 608/854/608
f 619/853/619 596/931/596 618/942/618
f 576/911/576 639/931/639 572/853/572
f 605/850/605 581/931/581 604/849/604
f 639/931/639 558/834/558 557/849/557
f 594/835/594 604/849/604 580/834/580
f 582/942/582 581/931/581 605/850/605
f 615/835/615 617/834/617 602/928/602
f 576/911/576 547/912/547 639/931/639
f 644/908/644 634/935/634 641/920/641
f 634/935/634 644/908/644 633/914/633
f 640/943/640 659/939/659 636/922/636
f 588/939/588 583/923/583 565/922/565
f 589/941/589 583/923/583 588/939/588
f 658/936/658 640/943/640 576/911/576
f 585/936/585 586/938/586 584/943/584
f 587/937/587 586/938/586 585/936/585
f 640/943/640 635/940/635 659/939/659
f 616/943/616 598/921/598 597/940/597
f 599/938/599 598/921/598 616/943/616
f 640/943/640 636/922/636 575/910/575
f 566/940/566 589/941/589 588/939/588
f 590/921/590 589/941/589 566/940/566
f 636/922/636 637/924/637 575/910/575
f 600/922/600 592/926/592 568/924/568
f 601/923/601 592/926/592 600/922/600
f 637/924/637 645/927/645 575/910/575
f 568/924/568 591/925/591 567/927/567
f 592/926/592 591/925/591 568/924/568
f 645/927/645 549/890/549 575/910/575
f 617/834/617 603/932/603 602/928/602
f 639/931/639 547/912/547 638/932/638
f 620/854/620 619/853/619 618/942/618
f 606/851/606 569/930/569 593/929/593
f 558/834/558 639/931/639 638/932/638
f 594/835/594 605/850/605 604/849/604
f 578/932/578 577/905/577 550/919/550
f 317/497/317 313/507/313 324/524/324
f 323/496/323 318/498/318 325/525/325
f 325/525/325 318/498/318 349/567/349
f 323/496/323 325/525/325 329/531/329
f 317/497/317 332/534/332 335/537/335
f 331/533/331 341/557/341 340/556/340
f 324/524/324 327/529/327 317/497/317
f 328/530/328 327/529/327 324/524/324
f 325/525/325 328/530/328 324/524/324
f 329/531/329 325/525/325 324/524/324
f 330/532/330 329/531/329 324/524/324
f 330/532/330 324/524/324 339/543/339
f 323/496/323 330/532/330 312/506/312
f 317/497/317 327/529/327 332/534/332
f 327/529/327 328/530/328 349/567/349
f 355/574/355 344/562/344 343/561/343
f 332/534/332 333/535/333 337/539/337
f 333/535/333 342/558/342 341/557/341
f 327/529/327 333/535/333 332/534/332
f 344/562/344 314/495/314 343/561/343
f 335/541/335 337/539/337 338/540/338
f 320/502/320 336/538/336 322/494/322
f 336/538/336 331/533/331 322/494/322
f 320/502/320 335/537/335 336/538/336
f 342/558/342 354/573/354 357/578/357
f 337/539/337 333/535/333 334/536/334
f 338/540/338 337/539/337 334/536/334
f 338/540/338 334/536/334 331/533/331
f 336/542/336 338/540/338 331/533/331
f 342/558/342 357/578/357 355/574/355
f 332/534/332 337/539/337 335/541/335
f 355/574/355 357/578/357 344/562/344
f 335/541/335 338/540/338 336/542/336
f 324/524/324 313/507/313 339/543/339
f 607/852/607 570/932/570 606/851/606
f 576/911/576 640/943/640 575/910/575
f 545/909/545 571/855/571 576/911/576
f 576/911/576 572/853/572 545/909/545
f 574/909/574 608/854/608 573/944/573
f 573/944/573 610/856/610 574/909/574
f 574/909/574 610/856/610 609/855/609
f 547/912/547 575/910/575 548/891/548
f 575/910/575 549/890/549 548/891/548
f 547/912/547 576/911/576 575/910/575
f 547/912/547 577/905/577 578/932/578
f 661/914/661 662/933/662 660/913/660
f 624/933/624 622/915/622 621/913/621
f 664/908/664 662/933/662 661/914/661
f 625/934/625 622/915/622 624/933/624
f 331/533/331 340/556/340 326/527/326
f 333/535/333 341/557/341 334/536/334
f 334/536/334 341/557/341 331/533/331
f 345/563/345 314/495/314 344/562/344
f 349/567/349 351/569/351 350/568/350
f 341/557/341 356/576/356 340/556/340
f 356/576/356 355/574/355 343/561/343
f 342/558/342 355/574/355 341/557/341
f 350/568/350 351/569/351 354/572/354
f 357/578/357 354/573/354 345/563/345
f 346/564/346 314/495/314 345/563/345
f 349/567/349 348/566/348 351/569/351
f 347/565/347 342/558/342 333/535/333
f 327/529/327 347/565/347 333/535/333
f 348/566/348 309/500/309 346/564/346
f 354/573/354 342/558/342 350/568/350
f 349/567/349 318/498/318 348/566/348
f 327/529/327 349/567/349 347/565/347
f 350/568/350 342/558/342 347/565/347
f 349/567/349 350/568/350 347/565/347
f 351/569/351 348/566/348 353/571/353
f 341/557/341 355/574/355 356/576/356
f 352/570/352 348/566/348 346/564/346
f 345/563/345 352/570/352 346/564/346
f 353/571/353 348/566/348 352/570/352
f 351/569/351 353/571/353 352/570/352
f 354/572/354 351/569/351 352/570/352
f 345/563/345 354/573/354 352/570/352
f 357/578/357 345/563/345 344/562/344
f 664/918/664 663/917/663 662/916/662
f 623/907/623 625/934/625 626/906/626
f 626/906/626 625/934/625 624/933/624
f 641/920/641 643/907/643 644/908/644
f 644/908/644 643/907/643 642/906/642
g fff08519_00186_0036fa24_e0
f 738/997/738 734/987/734 735/988/735
f 241/95/241 740/1002/740 60/96/60
f 736/989/736 735/988/735 8/583/8
f 737/996/737 23/582/23 252/154/252
f 419/644/419 449/645/449 420/646/420
f 252/154/252 731/995/731 737/996/737
f 3/452/3 296/453/296 2/454/2
f 2/1/2 296/110/296 98/108/98
f 439/624/439 442/621/442 441/643/441
f 120/223/120 284/427/284 64/228/64
f 442/621/442 443/623/443 391/634/391
f 98/375/98 246/369/246 2/371/2
f 447/640/447 386/641/386 445/642/445
f 440/625/440 437/627/437 438/639/438
f 394/636/394 392/637/392 395/638/395
f 298/374/298 110/379/110 213/381/213
f 737/996/737 731/986/731 734/987/734
f 448/628/448 391/634/391 444/635/444
f 121/1/121 285/1/285 8/1/8
f 22/1/22 285/1/285 121/1/121
f 295/366/295 223/368/223 246/369/246
f 224/372/224 223/368/223 109/373/109
f 229/73/229 245/74/245 84/75/84
f 731/986/731 377/580/377 378/581/378
f 240/100/240 739/1000/739 41/103/41
f 499/759/499 730/985/730 729/984/729
f 728/991/728 729/984/729 464/992/464
f 462/709/462 727/982/727 728/983/728
f 728/983/728 498/761/498 499/759/499
f 498/761/498 727/982/727 497/760/497
f 455/994/455 731/995/731 732/151/732
f 730/985/730 499/759/499 500/762/500
f 396/631/396 416/632/416 397/633/397
f 730/985/730 500/762/500 377/758/377
f 378/581/378 734/987/734 731/986/731
f 730/580/730 731/986/731 455/994/455
f 88/101/88 32/104/32 59/98/59
f 231/69/231 73/68/73 715/979/715
f 160/225/160 22/226/22 283/426/283
f 295/366/295 213/381/213 223/368/223
f 282/425/282 160/225/160 283/426/283
f 713/975/713 716/77/716 714/976/714
f 74/400/74 220/401/220 272/402/272
f 734/987/734 379/584/379 380/585/380
f 282/425/282 242/227/242 160/225/160
f 281/424/281 120/223/120 7/224/7
f 393/622/393 396/630/396 443/623/443
f 379/584/379 734/987/734 378/581/378
f 735/988/735 734/987/734 380/585/380
f 735/988/735 380/585/380 8/583/8
f 23/582/23 737/996/737 738/997/738
f 23/211/23 738/998/738 285/429/285
f 731/995/731 733/152/733 732/151/732
f 448/628/448 446/629/446 385/626/385
f 731/995/731 252/154/252 733/152/733
f 117/450/117 294/451/294 3/452/3
f 298/374/298 213/381/213 293/367/293
f 728/991/728 464/992/464 463/704/463
f 729/984/729 455/993/455 464/992/464
f 274/409/274 238/106/238 273/408/273
f 41/103/41 274/409/274 32/104/32
f 274/409/274 273/408/273 268/272/268
f 533/799/533 229/66/229 84/67/84
f 385/626/385 437/627/437 439/624/439
f 60/96/60 89/99/89 219/94/219
f 734/987/734 738/997/738 737/996/737
f 271/406/271 234/404/234 74/400/74
f 270/405/270 234/404/234 271/406/271
f 246/369/246 244/370/244 2/371/2
f 272/402/272 271/406/271 74/400/74
f 217/403/217 234/404/234 270/405/270
f 715/979/715 73/68/73 714/71/714
f 716/981/716 715/979/715 714/71/714
f 241/95/241 60/96/60 219/94/219
f 225/430/225 1/431/1 230/432/230
f 1/43/1 18/42/18 89/80/89
f 268/439/268 264/440/264 33/441/33
f 59/433/59 239/434/239 230/432/230
f 714/976/714 712/974/712 713/975/713
f 74/76/74 716/77/716 713/975/713
f 713/975/713 245/74/245 220/78/220
f 74/76/74 713/975/713 220/78/220
f 33/435/33 265/436/265 32/437/32
f 59/98/59 89/99/89 60/96/60
f 32/437/32 265/436/265 267/438/267
f 59/433/59 230/432/230 1/431/1
f 33/441/33 264/440/264 266/442/266
f 711/971/711 75/803/75 538/805/538
f 240/100/240 88/101/88 60/96/60
f 712/974/712 84/977/84 713/975/713
f 712/973/712 711/971/711 538/805/538
f 739/1000/739 237/102/237 41/103/41
f 41/103/41 32/104/32 88/101/88
f 295/366/295 293/367/293 213/381/213
f 740/1002/740 240/100/240 60/96/60
f 59/98/59 1/105/1 89/99/89
f 32/437/32 239/434/239 59/433/59
f 88/101/88 59/98/59 60/96/60
f 538/805/538 534/800/534 537/804/537
f 240/100/240 41/103/41 88/101/88
f 537/804/537 533/799/533 84/67/84
f 538/805/538 247/65/247 534/800/534
f 537/804/537 534/800/534 533/799/533
f 712/973/712 537/804/537 84/67/84
f 712/973/712 538/805/538 537/804/537
f 75/803/75 247/65/247 538/805/538
f 486/749/486 496/751/496 492/750/492
f 496/751/496 490/752/490 492/750/492
f 487/753/487 490/752/490 496/751/496
f 731/708/731 730/985/730 377/758/377
f 442/621/442 439/624/439 440/625/440
f 738/997/738 735/988/735 736/989/736
f 462/709/462 728/991/728 463/704/463
f 498/761/498 728/983/728 727/982/727
f 262/449/262 263/447/263 221/446/221
f 261/445/261 262/449/262 221/446/221
f 263/447/263 251/448/251 221/446/221
f 228/444/228 261/445/261 221/446/221
f 160/225/160 259/230/259 256/231/256
f 259/230/259 243/236/243 256/231/256
f 257/235/257 258/234/258 22/226/22
f 73/77/73 711/972/711 714/976/714
f 232/70/232 716/981/716 74/71/74
f 232/70/232 74/71/74 234/72/234
f 256/231/256 257/235/257 22/226/22
f 711/972/711 712/974/712 714/976/714
f 258/234/258 255/232/255 22/226/22
f 255/232/255 254/233/254 22/226/22
f 160/225/160 256/231/256 22/226/22
f 253/220/253 252/213/252 23/211/23
f 22/210/22 253/220/253 23/211/23
f 254/221/254 236/219/236 22/210/22
f 160/225/160 260/229/260 259/230/259
f 22/210/22 236/219/236 253/220/253
f 64/215/64 121/212/121 118/218/118
f 738/998/738 736/990/736 285/429/285
f 729/984/729 728/983/728 499/759/499
f 488/748/488 461/747/461 491/746/491
f 491/746/491 461/747/461 460/742/460
f 461/747/461 450/743/450 460/742/460
f 456/744/456 450/743/450 451/745/451
f 64/215/64 118/218/118 119/216/119
f 121/212/121 8/214/8 118/218/118
f 455/993/455 729/984/729 730/985/730
f 460/742/460 450/743/450 456/744/456
f 396/630/396 397/653/397 443/623/443
f 439/624/439 441/643/441 385/626/385
f 441/643/441 442/621/442 391/634/391
f 441/643/441 448/628/448 385/626/385
f 448/628/448 441/643/441 391/634/391
f 439/624/439 437/627/437 440/625/440
f 64/215/64 119/216/119 7/217/7
f 22/210/22 121/212/121 284/428/284
f 442/621/442 440/625/440 393/622/393
f 440/625/440 392/637/392 394/636/394
f 440/625/440 394/636/394 393/622/393
f 120/223/120 283/426/283 284/427/284
f 120/223/120 64/228/64 7/224/7
f 736/990/736 8/214/8 285/429/285
f 4/4/4 226/3/226 242/2/242
f 281/424/281 282/425/282 283/426/283
f 283/426/283 22/226/22 284/427/284
f 4/222/4 242/227/242 282/425/282
f 22/210/22 23/211/23 285/429/285
f 222/456/222 297/455/297 117/450/117
f 111/380/111 109/373/109 213/381/213
f 301/377/301 111/380/111 110/379/110
f 301/377/301 110/379/110 300/378/300
f 281/424/281 283/426/283 120/223/120
f 109/373/109 223/368/223 213/381/213
f 110/379/110 111/380/111 213/381/213
f 440/625/440 438/639/438 392/637/392
f 301/377/301 109/373/109 111/380/111
f 438/639/438 389/652/389 392/637/392
f 84/977/84 245/74/245 713/975/713
f 75/79/75 711/972/711 73/77/73
f 222/456/222 302/458/302 299/457/299
f 420/649/420 422/650/422 421/651/421
f 242/227/242 269/292/269 160/225/160
f 300/378/300 110/379/110 298/374/298
f 33/441/33 266/442/266 265/443/265
f 269/292/269 260/229/260 160/225/160
f 449/645/449 422/648/422 420/646/420
f 222/456/222 299/457/299 297/455/297
f 248/376/248 109/373/109 301/377/301
f 449/645/449 419/644/419 417/647/417
f 284/428/284 121/212/121 64/215/64
f 449/645/449 417/647/417 447/640/447
f 3/452/3 294/451/294 296/453/296
f 296/110/296 295/109/295 98/108/98
f 98/375/98 295/366/295 246/369/246
f 32/437/32 267/438/267 239/434/239
f 248/376/248 224/372/224 109/373/109
f 41/103/41 237/102/237 238/106/238
f 274/409/274 41/103/41 238/106/238
f 274/409/274 33/97/33 32/104/32
f 33/97/33 274/409/274 268/272/268
f 238/106/238 235/107/235 273/408/273
f 417/647/417 386/641/386 447/640/447
f 442/621/442 393/622/393 443/623/443
f 418/618/418 386/619/386 417/620/417
f 117/450/117 297/455/297 294/451/294
g fff08519_00186_0036fa24_e11
f 123/155/123 134/156/134 135/157/135
f 179/280/179 20/281/20 177/282/177
f 526/792/526 528/797/528 83/793/83
f 125/139/125 140/140/140 132/141/132
f 65/274/65 178/279/178 176/275/176
f 177/282/177 20/281/20 180/283/180
f 136/153/136 24/152/24 122/154/122
f 143/150/143 15/151/15 24/152/24
f 178/279/178 20/281/20 179/280/179
f 86/273/86 65/274/65 176/275/176
f 12/113/12 52/114/52 11/115/11
f 514/781/514 525/779/525 524/778/524
f 176/275/176 178/279/178 179/280/179
f 157/191/157 158/185/158 145/192/145
f 158/185/158 106/187/106 145/192/145
f 156/188/156 157/191/157 144/189/144
f 157/191/157 145/192/145 144/189/144
f 155/182/155 156/188/156 131/183/131
f 154/190/154 155/182/155 16/184/16
f 524/778/524 513/780/513 514/781/514
f 516/783/516 514/781/514 513/780/513
f 513/780/513 515/782/515 516/783/516
f 54/806/54 539/823/539 527/808/527
f 124/146/124 133/147/133 29/149/29
f 52/114/52 510/775/510 11/115/11
f 125/139/125 132/141/132 133/147/133
f 29/149/29 133/147/133 134/148/134
f 527/815/527 80/816/80 529/817/529
f 54/809/54 527/810/527 528/811/528
f 124/146/124 125/139/125 133/147/133
f 528/813/528 527/815/527 530/814/530
f 539/822/539 6/56/6 80/46/80
f 11/115/11 71/116/71 70/117/70
f 539/823/539 80/807/80 527/808/527
f 128/145/128 140/140/140 125/139/125
f 126/142/126 138/138/138 127/143/127
f 67/136/67 141/137/141 138/138/138
f 140/140/140 128/145/128 139/144/139
f 69/55/69 80/58/80 6/59/6
f 553/965/553 559/967/559 552/968/552
f 80/60/80 69/55/69 17/57/17
f 52/114/52 96/124/96 112/123/112
f 139/144/139 127/143/127 138/138/138
f 95/122/95 112/123/112 106/127/106
f 509/774/509 512/777/512 511/776/511
f 83/812/83 528/813/528 530/814/530
f 86/273/86 176/275/176 185/276/185
f 183/284/183 184/287/184 19/285/19
f 136/153/136 122/154/122 123/155/123
f 95/122/95 40/118/40 52/114/52
f 40/118/40 510/775/510 52/114/52
f 180/283/180 182/286/182 43/290/43
f 38/119/38 512/777/512 509/774/509
f 40/118/40 511/776/511 510/775/510
f 511/776/511 71/116/71 510/775/510
f 156/188/156 144/189/144 131/183/131
f 40/118/40 509/774/509 511/776/511
f 182/286/182 19/285/19 43/290/43
f 20/281/20 181/289/181 180/283/180
f 180/283/180 181/289/181 182/286/182
f 510/775/510 71/116/71 11/115/11
f 512/777/512 71/116/71 511/776/511
f 183/284/183 19/285/19 182/286/182
f 52/114/52 12/113/12 96/124/96
f 137/158/137 143/150/143 24/152/24
f 463/704/463 469/702/469 462/709/462
f 468/703/468 463/704/463 467/705/467
f 541/963/541 553/965/553 552/968/552
f 466/707/466 464/706/464 455/708/455
f 467/705/467 464/706/464 466/707/466
f 38/119/38 71/116/71 512/777/512
f 467/705/467 463/704/463 464/706/464
f 158/185/158 95/186/95 106/187/106
f 468/703/468 469/702/469 463/704/463
f 126/142/126 67/136/67 138/138/138
f 457/697/457 454/696/454 458/698/458
f 69/824/69 6/825/6 5/826/5
f 459/699/459 457/697/457 458/698/458
f 155/182/155 131/183/131 16/184/16
f 400/613/400 402/615/402 390/616/390
f 387/612/387 403/614/403 400/613/400
f 390/616/390 402/615/402 404/617/404
f 35/120/35 34/121/34 38/119/38
f 141/301/141 129/300/129 142/298/142
f 400/613/400 403/614/403 402/615/402
f 5/826/5 25/827/25 26/828/26
f 6/825/6 85/829/85 5/826/5
f 38/119/38 34/121/34 71/116/71
f 184/287/184 13/288/13 19/285/19
f 515/782/515 517/784/517 518/785/518
f 553/965/553 551/964/551 559/967/559
f 405/608/405 399/609/399 398/610/398
f 398/610/398 399/609/399 388/611/388
f 135/157/135 136/153/136 123/155/123
f 137/158/137 24/152/24 136/153/136
f 405/608/405 401/606/401 399/609/399
f 406/607/406 401/606/401 405/608/405
f 134/156/134 123/155/123 29/149/29
f 66/293/66 189/294/189 195/295/195
f 518/785/518 516/783/516 515/782/515
f 52/114/52 112/123/112 95/122/95
f 54/45/54 6/56/6 539/822/539
f 127/143/127 139/144/139 128/145/128
f 86/273/86 185/276/185 63/277/63
f 70/38/70 34/9/34 68/41/68
f 34/121/34 70/117/70 71/116/71
f 66/293/66 14/296/14 189/294/189
f 185/276/185 27/278/27 63/277/63
f 85/829/85 25/827/25 5/826/5
f 188/297/188 142/298/142 130/299/130
f 142/298/142 129/300/129 130/299/130
f 195/295/195 189/294/189 194/302/194
f 195/295/195 194/302/194 130/299/130
f 189/294/189 14/296/14 190/303/190
f 194/302/194 188/297/188 130/299/130
f 129/300/129 141/301/141 67/136/67
g fff08519_00186_0036fa24_e17
f 670/873/670 665/880/665 649/868/649
f 551/869/551 649/868/649 665/880/665
f 708/956/708 707/955/707 706/954/706
f 21/7/21 152/173/152 153/174/153
f 138/175/138 141/176/141 153/177/153
f 54/794/54 528/795/528 526/796/526
f 53/8/53 146/159/146 21/7/21
f 507/696/507 473/696/473 508/696/508
f 480/735/480 473/720/473 472/721/472
f 479/734/479 472/721/472 471/723/471
f 150/161/150 149/162/149 136/163/136
f 479/734/479 471/723/471 474/724/474
f 153/177/153 152/178/152 140/179/140
f 178/271/178 211/359/211 20/206/20
f 192/304/192 193/305/193 190/306/190
f 189/307/189 191/308/191 194/309/194
f 189/307/189 193/305/193 191/308/191
f 187/310/187 142/311/142 186/312/186
f 20/361/20 211/362/211 196/363/196
f 474/724/474 471/723/471 470/725/470
f 508/711/508 506/717/506 505/712/505
f 556/840/556 675/862/675 671/874/671
f 452/719/452 480/735/480 465/722/465
f 472/710/472 468/712/468 471/716/471
f 471/716/471 468/712/468 467/714/467
f 471/716/471 467/714/467 470/713/470
f 470/713/470 467/714/467 466/715/466
f 465/722/465 480/735/480 479/734/479
f 465/722/465 479/734/479 474/724/474
f 479/734/479 480/735/480 472/721/472
f 453/700/453 465/701/465 474/718/474
f 507/710/507 508/711/508 505/712/505
f 408/600/408 406/594/406 405/603/405
f 403/605/403 407/602/407 402/596/402
f 404/604/404 402/596/402 409/595/409
f 408/600/408 405/603/405 398/601/398
f 150/193/150 147/194/147 157/195/157
f 681/879/681 556/840/556 671/874/671
f 670/873/670 671/874/671 665/880/665
f 553/836/553 672/875/672 649/868/649
f 193/305/193 189/307/189 190/306/190
f 211/362/211 212/364/212 196/363/196
f 672/875/672 673/877/673 653/876/653
f 671/874/671 675/862/675 665/880/665
f 654/878/654 681/879/681 650/870/650
f 651/884/651 680/888/680 668/831/668
f 656/889/656 542/886/542 657/959/657
f 542/958/542 656/966/656 541/957/541
f 657/959/657 705/837/705 680/888/680
f 678/864/678 667/883/667 666/882/666
f 670/873/670 649/868/649 672/875/672
f 551/869/551 665/880/665 647/859/647
f 655/887/655 678/864/678 666/882/666
f 678/864/678 699/893/699 657/959/657
f 542/886/542 706/954/706 657/959/657
f 627/881/627 667/883/667 651/884/651
f 540/858/540 676/889/676 564/847/564
f 546/860/546 646/861/646 679/960/679
f 563/863/563 647/859/647 675/862/675
f 653/876/653 670/873/670 672/875/672
f 551/869/551 553/836/553 649/868/649
f 706/954/706 705/837/705 657/959/657
f 707/955/707 705/837/705 706/954/706
f 675/862/675 647/859/647 665/880/665
f 544/962/544 707/955/707 708/956/708
f 681/879/681 671/874/671 650/870/650
f 556/840/556 555/839/555 675/862/675
f 669/832/669 629/830/629 668/831/668
f 555/839/555 632/845/632 675/862/675
f 672/875/672 541/957/541 656/966/656
f 656/966/656 657/846/657 698/892/698
f 561/843/561 674/833/674 562/844/562
f 676/848/676 540/846/540 561/843/561
f 656/966/656 676/848/676 681/879/681
f 564/847/564 676/889/676 700/894/700
f 667/883/667 627/881/627 666/882/666
f 666/882/666 627/881/627 628/871/628
f 655/887/655 666/882/666 628/871/628
f 667/883/667 657/959/657 680/888/680
f 657/959/657 667/883/667 678/864/678
f 669/832/669 646/861/646 629/830/629
f 667/883/667 680/888/680 651/884/651
f 668/831/668 629/830/629 630/872/630
f 651/884/651 668/831/668 630/872/630
f 680/888/680 669/832/669 668/831/668
f 680/888/680 679/960/679 669/832/669
f 679/960/679 543/961/543 546/860/546
f 669/832/669 679/960/679 646/861/646
f 652/885/652 670/873/670 653/876/653
f 652/885/652 671/874/671 670/873/670
f 672/875/672 553/836/553 541/957/541
f 673/877/673 672/875/672 656/966/656
f 673/877/673 654/878/654 653/876/653
f 673/877/673 656/966/656 681/879/681
f 654/878/654 673/877/673 681/879/681
f 674/833/674 681/879/681 562/844/562
f 407/598/407 406/594/406 408/600/408
f 402/596/402 407/602/407 408/597/408
f 409/599/409 408/600/408 398/601/398
f 409/595/409 402/596/402 408/597/408
f 705/837/705 543/961/543 680/888/680
f 707/955/707 543/961/543 705/837/705
f 544/962/544 543/961/543 707/955/707
f 680/888/680 543/961/543 679/960/679
f 564/847/564 700/894/700 678/864/678
f 700/894/700 677/897/677 699/893/699
f 677/897/677 683/895/683 699/893/699
f 678/864/678 700/894/700 699/893/699
f 682/896/682 698/892/698 683/898/683
f 698/892/698 657/846/657 699/898/699
f 656/966/656 682/896/682 676/848/676
f 656/966/656 698/892/698 682/896/682
f 700/894/700 676/889/676 677/897/677
f 699/893/699 683/895/683 698/959/698
f 632/845/632 563/863/563 675/862/675
f 564/847/564 678/864/678 655/887/655
f 562/844/562 681/879/681 676/848/676
f 561/843/561 562/844/562 676/848/676
f 631/842/631 674/833/674 561/843/561
f 631/842/631 554/838/554 674/833/674
f 674/833/674 554/838/554 560/841/560
f 30/32/30 212/365/212 211/359/211
f 681/879/681 674/833/674 560/841/560
f 554/838/554 555/839/555 560/841/560
f 560/841/560 555/839/555 556/840/556
f 681/879/681 560/841/560 556/840/556
f 212/360/212 21/7/21 196/314/196
f 178/271/178 30/32/30 211/359/211
f 196/315/196 151/44/151 187/291/187
f 196/314/196 21/7/21 151/207/151
f 193/317/193 183/316/183 191/322/191
f 183/316/183 192/318/192 184/326/184
f 188/313/188 186/312/186 142/311/142
f 142/311/142 187/310/187 141/176/141
f 20/319/20 187/321/187 186/324/186
f 182/323/182 181/325/181 186/324/186
f 181/325/181 20/319/20 186/324/186
f 191/308/191 186/312/186 188/313/188
f 30/32/30 178/271/178 65/11/65
f 159/209/159 95/205/95 158/203/158
f 159/209/159 158/203/158 147/204/147
f 28/202/28 159/209/159 147/204/147
f 136/163/136 135/164/135 150/161/150
f 147/194/147 158/196/158 157/195/157
f 152/173/152 21/7/21 146/159/146
f 155/197/155 150/193/150 156/198/156
f 135/164/135 147/165/147 150/161/150
f 183/316/183 193/317/193 192/318/192
f 20/319/20 196/320/196 187/321/187
f 191/322/191 183/316/183 182/323/182
f 149/199/149 150/193/150 155/197/155
f 148/166/148 137/167/137 149/162/149
f 28/202/28 40/208/40 95/205/95
f 28/202/28 95/205/95 159/209/159
f 141/176/141 151/180/151 153/177/153
f 194/309/194 191/308/191 188/313/188
f 147/160/147 146/159/146 28/12/28
f 147/165/147 133/168/133 146/169/146
f 186/324/186 191/322/191 182/323/182
f 146/159/146 53/8/53 28/12/28
f 132/170/132 146/169/146 133/168/133
f 147/165/147 135/164/135 134/171/134
f 134/171/134 133/168/133 147/165/147
f 143/172/143 137/167/137 148/166/148
f 149/162/149 137/167/137 136/163/136
f 154/200/154 149/199/149 155/197/155
f 148/201/148 149/199/149 154/200/154
f 156/198/156 150/193/150 157/195/157
f 151/207/151 21/7/21 153/174/153
f 187/310/187 151/180/151 141/176/141
f 152/178/152 132/170/132 140/179/140
f 132/170/132 152/178/152 146/169/146
f 153/177/153 140/179/140 139/181/139
f 138/175/138 153/177/153 139/181/139
g fff08519_00186_0036fa24_e10
f 83/812/83 530/814/530 72/821/72
f 530/814/530 529/817/529 531/819/531
f 527/815/527 529/817/529 530/814/530
f 529/817/529 17/818/17 532/820/532
f 42/85/42 87/86/87 27/87/27
f 531/819/531 529/817/529 532/820/532
f 107/473/107 290/477/290 103/472/103
f 80/816/80 17/818/17 529/817/529
f 103/472/103 291/478/291 99/469/99
f 107/473/107 250/476/250 290/477/290
f 106/112/106 105/111/105 9/5/9
f 112/123/112 96/124/96 100/126/100
f 72/790/72 531/798/531 519/791/519
f 106/127/106 112/123/112 105/125/105
f 105/125/105 112/123/112 100/126/100
f 9/5/9 105/111/105 10/6/10
f 104/467/104 97/468/97 292/479/292
f 292/479/292 97/468/97 101/470/101
f 250/476/250 249/475/249 290/477/290
f 99/469/99 292/479/292 102/471/102
f 102/471/102 292/479/292 101/470/101
f 291/478/291 292/479/292 99/469/99
f 108/474/108 104/467/104 291/478/291
f 291/478/291 104/467/104 292/479/292
f 290/477/290 249/475/249 108/474/108
f 290/477/290 108/474/108 291/478/291
f 290/477/290 291/478/291 103/472/103
f 72/821/72 530/814/530 531/819/531
