# fff002fb_00130_00317578
o fff002fb_00130_00317578
v -1.114890 -54.573402 1.266532
v -1.115322 -75.946594 1.266532
v -1.115322 -75.946594 -3.230865
v -1.114890 -54.573414 -3.230865
v -2.260161 -46.664009 -0.556583
v -2.260583 -58.644890 -0.556583
v -2.260583 -58.644890 -3.276377
v -2.260161 -46.664013 -3.276377
v 3.804300 -113.377174 -4.873351
v 3.497114 -114.018059 -4.986793
v 1.973034 -116.339836 2.767042
v 1.973327 -116.339836 2.767048
v 1.711812 -117.020721 2.628424
v 1.002086 -117.932137 8.703791
v 0.761738 -118.584702 8.610679
v -0.067427 -118.433556 13.810856
v -0.292746 -119.069717 13.708490
v -0.423766 -124.461479 7.277719
v -0.423765 -112.094482 7.277719
v -0.423766 -124.461479 19.644745
v -0.423765 -112.094482 19.644745
v 2.896281 -140.044464 -5.489496
v 2.609987 -140.765121 -5.624856
v 1.970555 -141.766190 15.413488
v 1.709032 -142.447067 15.274866
v 2.352562 -141.374969 6.788140
v 2.072043 -142.088638 6.854417
v -0.424040 -147.376816 8.936595
v -0.424039 -135.009766 8.936595
v -0.424040 -147.376816 21.303621
v -0.424039 -135.009766 21.303621
v 0.764097 -146.138306 6.644206
v 0.764098 -133.771317 6.644206
v 0.764097 -146.138306 19.011232
v 0.764098 -133.771317 19.011232
v 2.895931 -140.059128 -5.580346
v 2.609608 -140.791641 -5.613128
v 1.970217 -138.827286 15.357218
v 1.708664 -139.520920 15.315620
v 2.352179 -139.651627 6.762445
v 2.071697 -140.348953 6.928324
v -2.262094 -105.851540 4.644077
v 1.414353 -94.043655 4.644077
v -2.262094 -105.851540 17.011103
v 1.414353 -94.043655 17.011103
v 0.968119 -101.061073 -4.645013
v 0.681803 -101.793587 -4.669500
v 0.042408 -99.829231 10.994173
v -0.219145 -100.522873 10.963104
v 0.424370 -100.653633 4.574358
v 0.143884 -101.350868 4.698261
v -0.424024 -83.593002 5.669510
v -0.424024 -71.225990 5.669510
v -0.424024 -83.593002 18.036537
v -0.424024 -71.225990 18.036537
v 0.764019 -79.788338 6.505245
v 0.764020 -67.421310 6.505245
v 0.764019 -79.788338 18.872274
v 0.764020 -67.421310 18.872274
v 2.894593 -75.153671 -7.187599
v 2.608292 -75.874321 -7.322959
v 1.969049 -76.937248 13.715387
v 1.707526 -77.618141 13.576761
v 2.351055 -76.546013 5.090036
v 2.070538 -77.259705 5.156315
v 2.894731 -73.943008 -7.278448
v 2.608412 -74.675537 -7.311232
v 1.968872 -72.245415 13.659115
v 1.707317 -72.939026 13.617519
v 2.350834 -72.548508 5.064342
v 2.070351 -73.245796 5.230221
v 2.895582 -47.967411 -5.489496
v 2.609286 -48.688046 -5.624856
v 1.969856 -49.689110 15.413488
v 1.708335 -50.370010 15.274866
v 2.351865 -49.297882 6.788140
v 2.071343 -50.011578 6.854417
v -0.424735 -55.299728 8.936595
v -0.424734 -42.932705 8.936595
v -0.424735 -55.299728 21.303621
v -0.424734 -42.932705 21.303621
v -2.262148 -42.293163 4.644077
v 1.414295 -30.485291 4.644077
v -2.262148 -42.293163 17.011103
v 1.414295 -30.485291 17.011103
v 0.968191 -37.934898 -4.645013
v 0.681869 -38.667427 -4.669500
v 0.042474 -36.703056 10.994173
v -0.219079 -37.396702 10.963104
v 0.424439 -37.527451 4.574358
v 0.143956 -38.224720 4.698261
v -9.518549 236.537445 -2.893870
v -9.518561 -102.079025 -2.894099
v -9.518561 -102.079025 -5.557869
v -9.518549 236.537415 -5.557869
v -13.688727 -102.079086 -2.893983
v -13.688727 -102.079086 -5.557869
v -13.688729 -134.314606 -2.894096
v -13.688729 -134.314606 -5.557869
v -9.518561 -101.410683 -2.894089
v -9.518561 -98.727463 -5.557869
v -13.688727 -102.079086 -2.893991
v -13.688727 -102.079079 -5.557869
v -9.518563 -134.314621 -2.893983
v -9.518563 -134.314621 -5.557869
v -9.518567 -202.472885 -2.894096
v -9.518567 -202.472885 -5.557869
v 110.419968 236.537567 -2.893870
v 110.736862 -117.376137 -2.894089
v 63.702221 -202.472687 -2.894096
v -9.518561 -102.079025 -2.894099
v -9.518549 236.537445 -2.893870
v -13.688727 -102.079086 -2.893983
v -13.688729 -134.314606 -2.894096
v -9.518563 -134.314621 -2.893983
v -9.518567 -202.472885 -2.894096
v -6.748285 236.537567 -2.893870
v -6.748298 -103.820015 -2.894099
v -10.573005 -103.724945 -2.894010
v -10.573007 -132.365265 -2.894073
v -4.831018 -132.365265 -2.893991
v -4.833246 -202.472977 -2.894096
v 0.033191 -71.897507 3.883603
v 0.032759 -92.704857 3.883603
v 0.032759 -92.704857 -3.190892
v 0.033191 -71.897514 -3.190892
v 40.515553 -9.151647 12.772028
v 32.822418 -117.558960 12.772028
v 32.822418 -117.558960 -2.473033
v 40.515553 -9.151670 -2.473033
v 39.080036 -6.060862 5.799080
v 31.391647 -55.576580 5.799080
v 31.391647 -55.576580 -3.811663
v 39.080036 -6.060870 -3.811663
v 38.298504 -43.907368 14.941872
v 38.297920 -56.254299 14.941872
v 38.297920 -56.254299 5.331129
v 38.298504 -43.907372 5.331129
v 39.552666 -17.384150 14.941872
v 39.552082 -29.731079 14.941872
v 39.552082 -29.731079 5.331129
v 39.552666 -17.384153 5.331129
v 38.221199 -19.573318 10.929417
v 38.220657 -30.999113 10.929417
v 38.220657 -30.999113 2.035678
v 38.221199 -19.573322 2.035678
v 10.731191 -118.583664 10.713486
v 10.731191 -129.726898 10.713486
v 10.731191 -129.726898 2.039695
v 10.731191 -118.583672 2.039695
v 10.983373 -122.767105 -3.207761
v 10.983503 -123.629478 -3.279829
v 10.983509 -124.238174 3.643093
v 10.983509 -124.670731 3.555031
v 6.687200 -89.223198 2.629765
v 6.687641 -143.787643 2.629765
v 6.687641 -143.787643 -3.231852
v 6.687200 -89.223213 -3.231852
v 9.425132 -111.440132 5.598316
v 9.424589 -122.865929 5.598316
v 9.424589 -122.865929 -3.295423
v 9.425132 -111.440140 -3.295423
v 31.980530 -191.332199 15.031654
v 31.981163 -176.165070 15.031654
v 31.981163 -176.165070 5.695618
v 31.980530 -191.332199 5.695618
v 32.256897 -181.256622 -3.207764
v 32.257141 -182.474060 -3.279831
v 32.257553 -184.192810 12.368439
v 31.027533 -180.859650 5.666727
v 31.027533 -187.870224 5.666727
v 31.027533 -187.870224 0.734863
v 31.027533 -180.859665 0.734863
v 26.227125 -157.402802 2.022376
v 26.227739 -188.064392 2.022376
v 26.227739 -188.064392 -3.205962
v 26.227125 -157.402817 -3.205962
v 37.700989 -173.776108 6.528150
v 37.700989 -184.432510 6.528150
v 37.700989 -184.432510 -0.968519
v 37.700989 -173.776138 -0.968519
v 38.754456 -178.368469 -3.854632
v 38.754623 -179.193939 -3.903496
v 38.754898 -180.359314 6.706622
v 6.536882 -143.593704 -0.556583
v 6.536460 -155.574585 -0.556583
v 6.536460 -155.574585 -3.276377
v 6.536882 -143.593719 -3.276377
v -4.832787 -198.788788 -2.894091
v 18.066879 -202.472870 -2.894096
v 18.066792 -198.788803 -2.894093
v 13.418323 -202.472900 -2.894096
v 32.545013 -202.472824 -2.894096
v 18.070271 -279.148254 -2.894096
v 13.421716 -279.148285 -2.894096
v 32.548409 -279.148193 -2.894096
v 13.421185 -202.865814 -2.893982
v 13.421185 -202.865814 -5.557869
v 13.421855 -279.148285 -2.894096
v 13.421855 -279.148285 -5.557869
v 18.069407 -276.882660 -2.894096
v 29.193638 -276.882660 -2.894096
v 29.194241 -198.788803 -2.894094
v 112.457199 -198.788803 -2.894096
v 42.218094 -198.000259 -4.038691
v 42.196991 -198.231079 -4.986793
v 40.565620 -200.673874 2.856319
v 40.329750 -201.288330 2.731222
v 39.689262 -202.110840 8.213884
v 39.472363 -202.699753 8.129856
v 38.724091 -202.563339 12.822712
v 38.520752 -203.137451 12.730331
v 38.402515 -208.003189 6.926937
v 38.402515 -196.842697 6.926937
v 38.402515 -208.003189 18.087454
v 38.402515 -196.842697 18.087454
v 50.860867 -205.451996 4.094336
v 50.860867 -197.441971 4.094336
v 50.860867 -205.451996 12.104368
v 50.860867 -197.441971 12.104368
v 51.630352 -202.987747 4.635635
v 51.630352 -194.977722 4.635635
v 51.630352 -202.987747 12.645668
v 51.630352 -194.977722 12.645668
v 53.010303 -199.985901 -4.233117
v 52.824871 -200.452667 -4.320788
v 52.410839 -201.141113 9.305590
v 52.241451 -201.582123 9.215803
v 52.658260 -200.887711 3.719015
v 52.476574 -201.349960 3.761944
v 53.010403 -199.201767 -4.291960
v 52.824955 -199.676208 -4.313193
v 52.410725 -198.102249 9.269144
v 52.241322 -198.551483 9.242203
v 52.658123 -198.298569 3.702374
v 52.476452 -198.750183 3.809812
v 64.159248 -192.932480 1.793630
v 64.159248 -201.563156 1.793630
v 64.159248 -201.563156 -4.277966
v 64.159248 -192.932495 -4.277966
v 72.435303 -145.685867 12.772196
v 72.430534 -197.483063 12.772196
v 72.430534 -197.483063 -2.472865
v 72.435303 -145.685867 -2.472865
v 30.103340 -189.759903 -0.556583
v 30.102921 -201.740784 -0.556583
v 30.102921 -201.740784 -3.276377
v 30.103340 -189.759918 -3.276377
v 3.226549 16.090958 -0.120111
v 3.222850 -15.229149 -0.120111
v 3.222850 -15.229149 -3.388246
v 3.226549 16.090948 -3.388246
v 14.129515 -21.626278 -2.894065
v 14.135908 -163.074783 -2.894031
v -0.924148 -163.074783 -2.894020
v -0.930542 -21.626278 -2.894074
v 28.839659 -167.350861 -2.894050
v -0.210550 27.618507 -2.893999
v 27.192350 27.618399 -2.893992
v 27.189812 115.586281 -2.893915
v -0.213088 115.586395 -2.893916
v 3.803738 32.855392 -4.873351
v 3.496554 32.214508 -4.986793
v 1.972473 29.892731 2.767042
v 1.972767 29.892731 2.767048
v 1.711250 29.211845 2.628424
v 1.001526 28.300430 8.703791
v 0.761177 27.647865 8.610679
v -0.067987 27.799011 13.810856
v -0.293306 27.162849 13.708490
v -0.424326 21.771090 7.277719
v -0.424326 34.138084 7.277719
v -0.424326 21.771090 19.644745
v -0.424326 34.138084 19.644745
v -2.262656 40.381027 4.644077
v 1.413791 52.188915 4.644077
v -2.262656 40.381027 17.011103
v 1.413791 52.188915 17.011103
v 0.967559 45.171494 -4.645013
v 0.681241 44.438980 -4.669500
v 0.041846 46.403336 10.994173
v -0.219706 45.709694 10.963104
v 0.423808 45.578934 4.574358
v 0.143323 44.881699 4.698261
v -0.424585 62.639572 5.669510
v -0.424584 75.006584 5.669510
v -0.424585 62.639572 18.036537
v -0.424584 75.006584 18.036537
v 0.763458 66.444237 6.505245
v 0.763459 78.811264 6.505245
v 0.763458 66.444237 18.872274
v 0.763459 78.811264 18.872274
v 2.894032 71.078903 -7.187599
v 2.607731 70.358253 -7.322959
v 1.968487 69.295326 13.715387
v 1.706965 68.614433 13.576761
v 2.350495 69.686562 5.090036
v 2.069977 68.972870 5.156315
v 2.894169 72.289566 -7.278448
v 2.607852 71.557037 -7.311232
v 1.968310 73.987160 13.659115
v 1.706755 73.293549 13.617519
v 2.350274 73.684067 5.064342
v 2.069790 72.986778 5.230221
v 2.262450 98.749634 -5.489494
v 2.273682 97.974243 -5.624855
v 2.065918 96.804688 15.413490
v 2.084961 96.075562 15.274864
v 2.269287 97.312378 6.788139
v 2.283203 96.545654 6.854416
v 2.000732 90.704811 8.936592
v -2.731933 102.130463 8.936592
v 2.000732 90.704811 21.303619
v -2.731933 102.130463 21.303619
v -0.178467 103.423248 4.644081
v -1.300537 115.739288 4.644081
v -0.178467 103.423248 17.011101
v -1.300537 115.739288 17.011101
v 1.137939 108.685944 -4.645012
v 1.153808 107.899658 -4.669502
v -0.188476 109.469818 10.994171
v -0.165039 108.728821 10.963104
v 0.479736 108.854340 4.574356
v 0.487305 108.102753 4.698265
v 10.550535 117.733543 15.031654
v 16.355358 103.721191 15.031654
v 16.355358 103.721191 5.695618
v 10.550535 117.733543 5.695618
v 14.661803 108.530731 -3.207764
v 14.196088 109.655533 -3.279831
v 13.538533 111.243591 12.368439
v 13.677680 107.693428 5.666725
v 10.995097 114.170464 5.666725
v 10.995097 114.170464 0.734863
v 13.677678 107.693459 0.734863
v 22.554132 103.703026 6.528152
v 18.476048 113.548172 6.528152
v 18.476048 113.548172 -0.968521
v 22.554132 103.703026 -0.968521
v 21.769844 108.348938 -3.854630
v 21.454283 109.111626 -3.903496
v 21.008242 110.188316 6.706619
v 22.762541 142.412125 3.883618
v 22.761221 21.073215 3.883618
v 22.761221 21.073215 -3.190876
v 22.762541 142.412079 -3.190876
v 1.849421 73.308746 -2.780183
v 17.083996 73.308701 -2.780177
v 17.082582 109.628235 -2.780100
v 1.848008 109.628281 -2.780101
v -2.146478 125.749619 -2.893904
v -2.146476 229.061066 -2.893882
v 23.769291 229.061066 -2.893881
v 23.769287 125.749619 -2.893905
v 1.362188 161.478439 -2.780183
v 21.608597 161.478424 -2.780177
v 21.606720 174.519028 -2.780100
v 1.360309 174.519058 -2.780101
v 5.043212 177.393005 -5.845657
v 5.052489 176.753662 -5.957275
v 4.881103 175.789246 11.390709
v 4.896728 175.188019 11.276405
v 5.048827 176.207886 4.278343
v 5.060302 175.575623 4.333000
v 4.827635 170.759399 6.049942
v 0.925048 180.180847 6.049942
v 4.827635 170.759399 16.247650
v 0.925048 180.180847 16.247650
v 5.341795 172.077820 4.159660
v 1.439453 181.499268 4.159660
v 5.341795 172.077820 14.357368
v 1.439453 181.499268 14.357368
v 5.047606 177.381775 -5.920570
v 5.060546 176.733368 -5.947601
v 3.953613 178.028076 11.344315
v 3.973144 177.417145 11.310013
v 4.504638 177.520599 4.257156
v 4.510985 176.900879 4.393944
v 36.483635 173.427032 4.644081
v 26.981438 181.342331 4.644081
v 36.483635 173.427032 17.011101
v 26.981438 181.342331 17.011101
v 33.293938 178.244583 -4.645012
v 33.861076 177.699661 -4.669502
v 31.801506 177.860672 10.994171
v 32.342278 177.353653 10.963104
v 32.709465 177.898178 4.574356
v 33.246330 177.372208 4.698265
v 22.913078 178.938995 -5.489494
v 23.469231 178.398651 -5.624855
v 24.149408 177.424713 15.413490
v 24.678461 176.922607 15.274864
v 23.934076 177.927521 6.788139
v 24.486078 177.395203 6.854416
v 28.416496 173.065338 8.936592
v 16.990961 177.798004 8.936592
v 28.416496 173.065338 21.303619
v 16.990961 177.798004 21.303619
v 17.370844 174.354004 4.644081
v 7.868650 182.269348 4.644081
v 17.370844 174.354004 17.011101
v 7.868650 182.269348 17.011101
v 14.580317 179.006195 -4.645012
v 15.147456 178.461365 -4.669502
v 13.088375 178.622589 10.994171
v 13.628657 178.115143 10.963104
v 13.995845 178.659821 4.574356
v 14.532710 178.133759 4.698265
v 37.003746 230.697723 3.883885
v 37.002430 109.358810 3.883885
v 37.002430 109.358810 -3.190609
v 37.003746 230.697662 -3.190609
v 23.594309 173.061096 3.598045
v 23.593842 163.226212 3.598045
v 23.593842 163.226212 -4.057342
v 23.594309 173.061096 -4.057342
v 22.738041 179.377731 1.741283
v 22.737692 172.015274 1.741283
v 22.737692 172.015274 -3.989595
v 22.738041 179.377731 -3.989595
v 23.323969 213.442841 12.491646
v 14.208248 222.559235 12.491646
v 14.208248 222.559235 4.555962
v 23.323969 213.442841 4.555962
v 17.434320 219.664734 -3.011955
v 18.166012 218.933319 -3.073212
v 19.199459 217.900574 10.227898
v 16.456783 219.164459 4.531410
v 20.670404 214.950836 4.531410
v 20.670404 214.950836 0.339294
v 16.456783 219.164459 0.339294
v 16.210443 227.433228 5.263618
v 22.615229 221.028320 5.263618
v 22.615229 221.028320 -1.108589
v 16.210443 227.433228 -1.108589
v 19.603756 225.305939 -3.561798
v 20.099850 224.810150 -3.603333
v 20.800533 224.109680 5.415321
v 5.341795 222.649536 4.159660
v 1.439453 232.070984 4.159660
v 5.341795 222.649536 14.357368
v 1.439453 232.070984 14.357368
v 5.047606 227.953491 -5.920570
v 5.060546 227.305084 -5.947601
v 3.953613 228.599792 11.344315
v 3.973144 227.988861 11.310013
v 4.504638 228.092316 4.257156
v 4.510985 227.472595 4.393944
v -30.698488 -102.079071 -2.200836
v -30.698488 -102.079071 -5.062559
v -30.698490 -134.314590 -2.200836
v -30.698490 -134.314590 -5.062559
v -30.698488 -102.079071 -4.375872
v -30.698490 -134.314590 -4.375872
v -31.358892 -36.833298 -2.200836
v -31.358892 -36.833298 -5.062559
v -31.358894 -69.068817 -2.200836
v -31.358894 -69.068817 -5.062559
v -31.358892 -36.833298 -4.375872
v -31.358894 -69.068817 -4.375872
v -19.614021 -72.314018 -2.200836
v -19.614021 -72.314018 -5.062559
v -19.614023 -104.549530 -2.200836
v -19.614023 -104.549530 -5.062559
v -19.614021 -72.314018 -4.375872
v -19.614023 -104.549530 -4.375872
v -9.488523 78.532036 -2.893982
v -11.396487 88.454079 -5.240410
v -9.488526 -7.345636 -2.893982
v -11.396484 -18.537352 -5.240410
v -14.112792 12.271585 -5.240410
v -9.488525 12.107522 -2.893982
v -11.396483 21.074047 -5.240410
v -9.488524 21.402779 -3.664833
v -12.594973 34.744572 -5.240410
v -9.488524 35.214787 -3.263481
v -15.063085 51.955139 -5.240410
v -9.488523 53.449059 -2.261320
v -17.414955 60.720459 -5.240410
v -22.083502 6.208500 -2.200836
v -22.083502 6.208500 -5.062559
v -22.083504 -26.027018 -2.200836
v -22.083504 -26.027018 -5.062559
v -22.083502 6.208500 -4.375872
v -22.083504 -26.027018 -4.375872
v 83.198975 35.083435 2.376839
v 83.198975 53.270897 2.376839
v 83.198975 35.083435 34.846169
v 83.198975 53.270897 34.846169
v 83.198975 28.315155 2.376839
v 83.198975 28.315159 36.674133
v 83.198975 53.270897 36.674141
v 85.179199 55.336006 2.376839
v 85.179199 55.336006 34.846169
v 85.179199 55.336006 36.674141
v 96.121620 55.336006 2.376839
v 96.121620 55.336006 34.846169
v 96.121620 55.336006 36.674141
v 98.781281 55.336006 2.376839
v 98.781281 55.336006 34.846169
v 98.781281 55.336006 36.674141
v 83.198975 35.083435 -0.921844
v 83.198975 53.270897 -0.921844
v 83.198975 28.315155 -0.921844
v 85.179199 55.336006 -0.921844
v 96.121620 55.336006 -0.921844
v 98.781281 55.336006 -0.921844
v 86.224121 25.505817 36.691116
v 86.224121 25.505817 39.845581
v 86.224121 53.196487 36.691113
v 86.224121 53.196487 39.845589
v 95.615814 53.196487 36.691113
v 95.615814 53.196487 39.845589
v 86.912643 31.239416 39.503510
v 86.912643 31.239416 40.902496
v 86.912643 39.197174 39.503506
v 86.912643 39.197174 40.902500
v 93.550499 39.197174 39.503506
v 93.550499 39.197174 40.902500
v 83.198975 28.315159 34.846176
v 83.198975 24.829823 2.376839
v 83.198975 24.829823 36.674137
v 83.198975 24.829823 -0.921844
v 83.198975 24.829823 34.846172
v 83.198975 13.400673 2.376839
v 83.198975 13.400673 34.846169
v 83.198975 13.400673 36.674133
v 83.198975 13.400673 -0.921844
v 84.831184 15.664742 36.630379
v 84.831184 15.664742 42.886864
v 84.831184 25.621523 36.630371
v 84.831184 25.621523 42.886879
v 99.794098 25.621523 36.630371
v 99.794098 25.621523 42.886879
v 85.647469 16.564796 40.540245
v 85.647469 16.564796 44.932213
v 85.647469 18.249691 40.540237
v 85.647469 18.249691 44.932228
v 97.345978 18.249691 40.540237
v 97.345978 18.249691 44.932228
v 133.657455 64.366859 2.376839
v 133.657455 64.366859 34.846172
v 133.657455 52.937710 2.376839
v 133.657455 52.937710 34.846169
v 134.229721 67.064980 0.103241
v 134.229721 67.064980 35.823662
v 134.229721 51.199741 0.103241
v 134.229721 51.199741 35.823654
v 144.341278 67.064980 0.103241
v 144.341278 67.064980 35.823662
v 133.657455 42.996052 2.376839
v 133.657455 42.996052 34.846172
v 133.657455 31.566902 2.376839
v 133.657455 31.566902 34.846169
v 134.229721 44.825047 0.103241
v 134.229721 44.825047 35.823662
v 134.229721 29.828934 0.103241
v 134.229721 29.828934 35.823654
v 144.341278 44.825047 0.103241
v 144.341278 44.825047 35.823662
v 83.198975 -40.704674 2.376839
v 83.198975 -40.704674 25.821911
v 83.198975 -43.368202 2.376839
v 83.198975 -43.368202 25.821907
v 83.771240 -40.549400 0.103241
v 83.771240 -40.549400 28.815407
v 83.771240 -49.691414 0.103241
v 83.771240 -49.691414 28.815399
v 96.697258 -40.549400 0.103241
v 96.697258 -40.549400 28.815407
v 83.198975 -47.606979 2.376839
v 83.198975 -47.606979 25.821911
v 83.198975 -50.270508 2.376839
v 83.198975 -50.270508 25.821907
v 78.734375 -49.743523 2.376839
v 78.734375 -49.743523 25.821911
v 78.734375 -52.407051 2.376839
v 78.734375 -52.407051 25.821907
v 79.306641 -49.691414 0.103241
v 79.306641 -49.691414 28.815399
v 79.306641 -68.722343 0.103241
v 79.306641 -68.722343 28.815399
v 79.306641 -55.366524 1.297724
v 79.306641 -55.366524 27.211266
v 79.306641 -61.599571 1.297724
v 79.306641 -61.599571 27.211266
v 78.734375 -55.939140 2.376839
v 78.734375 -55.939140 25.821911
v 78.734375 -61.262650 2.376839
v 78.734375 -61.262650 25.821907
v 78.734375 -65.404785 2.376839
v 78.734375 -65.404785 25.821911
v 78.734375 -68.068314 2.376839
v 78.734375 -68.068314 25.821907
v 87.258141 -40.549400 1.650311
v 87.258057 -40.549385 27.211258
v 93.210251 -40.549400 1.650311
v 93.210197 -40.549385 27.211258
v 92.738518 -40.369057 2.376839
v 92.738518 -40.369057 25.821915
v 87.415039 -40.369057 2.376839
v 87.415039 -40.369057 25.821899
v 94.290161 -44.820854 28.678093
v 94.290161 -44.820854 31.718410
v 85.300964 -44.820854 28.678093
v 85.300964 -44.820854 31.718410
v 85.300964 -54.995361 28.678093
v 85.300964 -54.995361 31.718410
v 89.326057 -50.854118 28.610985
v 89.326057 -50.854118 29.899437
v 80.336853 -50.854118 28.610985
v 80.336853 -50.854118 29.899437
v 80.336853 -67.562851 28.610985
v 80.336853 -67.562851 29.899437
v 86.202049 -64.110512 28.755230
v 86.202049 -64.110512 31.641273
v 84.138977 -64.110512 28.755230
v 84.138977 -64.110512 31.641273
v 84.138977 -66.445618 28.755230
v 84.138977 -66.445618 31.641273
v 83.771240 -47.071182 26.318115
v 83.771240 -47.071182 0.103241
v 83.198975 -79.025192 2.376839
v 83.198975 -79.025192 34.520779
v 83.198975 -81.688721 2.376839
v 83.198975 -81.688721 34.520775
v 83.771240 -78.869919 0.103241
v 83.771240 -78.869919 36.438545
v 83.771240 -88.011932 0.103241
v 83.771240 -88.011932 36.438538
v 96.697258 -78.869919 0.103241
v 96.697258 -78.869919 36.438545
v 83.198975 -85.927505 2.376839
v 83.198975 -85.927505 34.520779
v 83.198975 -88.591034 2.376839
v 83.198975 -88.591034 34.520775
v 78.734375 -88.064041 2.376839
v 78.734375 -88.064041 34.520779
v 78.734375 -90.727570 2.376839
v 78.734375 -90.727570 34.520775
v 79.306641 -88.011932 0.103241
v 79.306641 -88.011932 36.438538
v 79.306641 -107.042862 0.103241
v 79.306641 -107.042862 36.438538
v 79.306641 -93.687042 1.297724
v 79.306641 -93.687042 34.834404
v 79.306641 -99.920090 1.297724
v 79.306641 -99.920090 34.834404
v 78.734375 -94.259659 2.376839
v 78.734375 -94.259659 34.520779
v 78.734375 -99.583176 2.376839
v 78.734375 -99.583176 34.520775
v 78.734375 -103.725311 2.376839
v 78.734375 -103.725311 34.520779
v 78.734375 -106.388840 2.376839
v 78.734375 -106.388840 34.520775
v 87.258141 -78.869919 1.650311
v 87.258057 -78.869904 34.834396
v 93.210251 -78.869919 1.650311
v 93.210197 -78.869904 34.834396
v 92.738518 -78.689575 2.376839
v 92.738518 -78.689575 34.520782
v 87.415039 -78.689575 2.376839
v 87.415039 -78.689575 34.520767
v 94.290161 -83.141373 36.301231
v 94.290161 -83.141373 39.341549
v 85.300964 -83.141373 36.301231
v 85.300964 -83.141373 39.341549
v 85.300964 -93.315887 36.301231
v 85.300964 -93.315887 39.341549
v 89.326057 -89.174637 36.234123
v 89.326057 -89.174637 37.522575
v 80.336853 -89.174637 36.234123
v 80.336853 -89.174637 37.522575
v 80.336853 -105.883377 36.234123
v 80.336853 -105.883377 37.522575
v 86.202049 -102.431030 36.378368
v 86.202049 -102.431030 39.264412
v 84.138977 -102.431030 36.378368
v 84.138977 -102.431030 39.264412
v 84.138977 -104.766144 36.378368
v 84.138977 -104.766144 39.264412
v 83.771240 -85.391708 33.941254
v 83.771240 -85.391708 0.103241
v 83.771240 -88.011932 0.103241
v 83.771240 -88.011932 36.438538
v 99.655815 -127.743790 -2.697800
v 92.379761 -128.859695 -2.697800
v 87.623703 -132.037460 -2.697800
v 84.446037 -136.793350 -2.697800
v 83.330055 -142.403275 -2.697800
v 99.655815 -127.743790 94.339890
v 92.379761 -128.859695 94.339890
v 89.293007 -133.634979 94.339890
v 86.293663 -138.123978 94.339890
v 103.273499 -128.668213 -2.697800
v 103.273499 -128.668213 94.339890
v 97.989594 -158.976425 -2.697800
v 92.379761 -157.860519 -2.697800
v 87.623703 -154.682739 -2.697800
v 84.446037 -149.926865 -2.697800
v 83.330055 -144.316925 -2.697800
v 97.989594 -158.976425 94.339890
v 92.379761 -157.860519 94.339890
v 87.623703 -154.682739 94.339890
v 84.446037 -149.926865 94.339890
v 83.330055 -144.316910 94.339890
v 102.783257 -158.208893 -2.697800
v 102.783257 -158.208893 94.339874
v 99.653442 -127.743790 96.879608
v 92.377388 -128.859695 96.879608
v 83.327682 -142.403305 99.640015
v 103.271133 -128.668213 96.879608
v 97.987228 -158.976425 99.640015
v 92.377388 -157.860519 99.640015
v 87.621330 -154.682739 99.640015
v 84.443665 -149.926865 99.640015
v 83.327682 -144.316910 99.640015
v 102.780891 -158.208893 99.639999
v 92.379761 -128.859665 96.879608
v 91.818108 -129.234787 96.879608
v 91.844437 -129.217255 90.503326
v 87.623703 -132.037460 90.503326
v 84.446037 -136.793350 90.503326
v 83.330055 -142.403305 90.503326
v 85.240303 -143.419113 94.339890
v 93.252090 -130.989609 94.339890
v 93.276886 -130.973022 90.503326
v 89.293007 -133.634979 90.503326
v 86.293663 -138.123978 90.503326
v 85.240303 -143.419113 90.503326
v 94.358994 -133.042633 96.879623
v 94.385323 -133.025101 90.503342
v 90.552940 -142.403275 99.640045
v 90.555305 -142.403275 90.503342
v 110.747589 -133.442886 -2.697800
v 104.567368 -133.442886 -2.697800
v 110.051971 -133.442886 78.796036
v 104.567368 -133.442886 78.796036
v 110.051971 -133.442886 82.895294
v 104.567368 -133.442886 82.895294
v 88.708679 -143.248108 99.216110
v 88.711052 -143.248108 91.856842
v 95.933937 -143.248077 99.216125
v 95.936302 -143.248077 91.856857
v 80.841309 84.503220 2.376839
v 80.841309 107.448654 2.376839
v 80.841309 84.503220 67.458138
v 80.841309 107.448654 67.458138
v 84.698242 108.891090 71.606110
v 84.698242 108.891090 -0.921844
v 83.635498 115.976227 -2.596771
v 83.635498 115.976227 67.458138
v 83.635498 115.976227 71.606110
v 83.635498 115.976227 -0.921837
v 80.841309 83.060776 71.606110
v 80.841309 108.891090 71.606110
v 80.841309 83.060776 -0.921844
v 80.841309 108.891090 -0.921844
v 96.647705 115.976227 -2.596764
v 96.647705 115.976227 67.458160
v 96.647705 115.976227 71.606140
v 96.647705 115.976227 -0.921829
v 84.032227 115.976227 -0.921831
v 84.032227 115.976227 -2.596767
v 84.032227 115.976227 67.458153
v 84.032227 115.976227 71.606125
v 84.515381 83.060776 71.606110
v 84.515381 83.060776 -0.921844
v 83.635498 75.934128 2.376846
v 83.635498 75.934128 67.458138
v 83.635498 75.934128 71.606110
v 83.635498 75.934128 -0.921837
v 96.647705 75.934128 2.376854
v 96.647705 75.934128 67.458160
v 96.647705 75.934128 71.606140
v 96.647705 75.934128 -0.921829
v 84.032227 75.934128 -0.921831
v 84.032227 75.934128 2.376850
v 84.032227 75.934128 67.458153
v 84.032227 75.934128 71.606125
v 84.001221 102.658119 71.253601
v 84.001221 102.658119 76.887222
v 84.001221 102.658119 77.978317
v 84.437744 113.835938 71.253616
v 84.437744 113.835938 76.887222
v 84.437744 113.835938 77.978317
v 84.001221 90.823463 71.253601
v 84.001221 90.823463 77.978317
v 87.876465 113.835930 71.253616
v 87.876465 113.835930 76.887222
v 91.685051 113.835930 71.253616
v 91.685051 113.835930 77.978317
v 93.597893 90.823463 71.253601
v 93.597893 90.823463 77.978317
v 84.593506 113.835938 71.253616
v 84.593506 113.835938 76.887222
v 84.593506 113.835930 77.978317
v 81.845894 84.867882 71.322800
v 94.261856 84.867882 71.322800
v 81.845894 99.475929 71.322800
v 84.432755 99.475929 71.322800
v 81.845894 84.867882 74.774979
v 94.261856 84.867882 74.774979
v 81.845894 99.475929 74.774979
v 84.432755 99.475929 74.774979
v 85.670952 78.234810 70.888321
v 94.970947 78.234810 70.888321
v 85.670952 93.380669 70.888321
v 94.970947 93.380669 70.888321
v 85.670952 78.234810 85.778122
v 94.970947 78.234810 85.778122
v 85.670952 93.380669 85.778122
v 94.970947 93.380669 85.778122
v 86.930542 76.514313 70.988739
v 92.452408 76.514313 70.988739
v 86.930542 78.520973 70.988739
v 92.452408 78.520973 70.988739
v 86.930542 76.514313 81.667511
v 92.452408 76.514313 81.667511
v 86.930542 78.520973 81.667511
v 92.452408 78.520973 81.667511
v 87.135178 78.565361 85.480148
v 92.042755 78.565361 85.480148
v 87.135178 84.038841 85.480148
v 92.042755 84.038841 85.480148
v 87.135178 78.565361 88.309052
v 92.042755 78.565361 88.309052
v 87.135178 84.038841 88.309052
v 92.042755 84.038841 88.309052
v 85.670952 81.217552 83.702713
v 85.670952 81.217552 70.888321
v 85.670952 89.830452 70.888321
v 85.670952 89.830452 83.702713
v 83.198975 83.060776 2.376839
v 83.198975 83.060776 67.458130
v 83.198975 83.060776 71.606110
v 83.198975 83.060776 -0.921844
v 83.198975 83.060776 58.379532
v 83.635498 75.934128 58.379532
v 83.198975 83.060776 49.403214
v 83.635498 75.934128 49.403214
v 84.032227 75.934128 49.403214
v 96.647705 75.934128 49.403214
v 83.198975 83.060776 19.888208
v 83.635498 75.934128 19.737524
v 83.635498 75.934128 26.030624
v 83.198975 83.060776 25.926947
v 83.198975 108.891090 2.376839
v 83.198975 108.891090 67.458138
v 83.198975 108.891090 71.606110
v 83.198975 108.891090 -0.921844
v 83.198975 108.891090 37.811829
v 83.635498 115.976227 37.811829
v 84.032227 115.976227 37.811829
v 96.647705 115.976227 37.811829
v 83.198975 108.891090 28.623276
v 83.635498 115.976227 28.623276
v 84.032227 115.976227 32.017487
v 96.647705 115.976227 32.017487
v 86.857803 -152.779388 99.533798
v 88.957397 -152.779388 99.533798
v 86.857803 -148.437469 99.533798
v 88.957397 -148.437469 99.533798
v 86.857803 -152.779388 101.699646
v 88.957397 -152.779388 101.699646
v 86.857803 -148.437469 101.699646
v 88.957397 -148.437469 101.699646
v 53.269535 -19.908333 2.658165
v 53.269535 -19.908333 17.117611
v 53.269535 -22.571861 2.658165
v 53.269535 -22.571861 17.117607
v 53.841801 -19.753059 -2.023911
v 53.841801 -19.753059 20.519676
v 53.841801 -28.895073 -2.023911
v 53.841801 -28.895073 20.519669
v 66.767822 -19.753059 -2.023911
v 66.767822 -19.753059 20.519676
v 53.269535 -26.810638 2.658165
v 53.269535 -26.810638 17.117611
v 53.269535 -29.474167 2.658165
v 53.269535 -29.474167 17.117607
v 48.804935 -28.947182 2.658165
v 48.804935 -28.947182 17.117611
v 48.804935 -31.610710 2.658165
v 48.804935 -31.610710 17.117607
v 49.377201 -28.895073 -2.023911
v 49.377201 -28.895073 20.519669
v 49.377201 -47.926003 -2.023911
v 49.377201 -47.926003 20.519669
v 49.377201 -34.570183 1.579050
v 49.377201 -34.570183 18.915535
v 49.377201 -40.803230 1.579050
v 49.377201 -40.803230 18.915535
v 48.804935 -35.142799 2.658165
v 48.804935 -35.142799 17.117611
v 48.804935 -40.466309 2.658165
v 48.804935 -40.466309 17.117607
v 48.804935 -44.608444 2.658165
v 48.804935 -44.608444 17.117611
v 48.804935 -47.271973 2.658165
v 48.804935 -47.271973 17.117607
v 57.328701 -19.753059 1.931637
v 57.328617 -19.753044 18.915527
v 63.280811 -19.753059 1.931637
v 63.280766 -19.753044 18.915527
v 62.809086 -19.572716 2.658165
v 62.809086 -19.572716 17.117615
v 57.485600 -19.572716 2.658165
v 57.485600 -19.572716 17.117599
v 64.360725 -24.024513 20.382362
v 64.360725 -24.024513 23.422680
v 55.371532 -24.024513 20.382362
v 55.371532 -24.024513 23.422680
v 55.371532 -34.199020 20.382362
v 55.371532 -34.199020 23.422680
v 59.396618 -30.057777 20.315254
v 59.396618 -30.057777 21.603706
v 50.407421 -30.057777 20.315254
v 50.407421 -30.057777 21.603706
v 50.407421 -46.766510 20.315254
v 50.407421 -46.766510 21.603706
v 56.272617 -43.314171 20.459499
v 56.272617 -43.314171 23.345543
v 54.209545 -43.314171 20.459499
v 54.209545 -43.314171 23.345543
v 54.209545 -45.649277 20.459499
v 54.209545 -45.649277 23.345543
v 53.841801 -26.274841 18.022385
v 53.841801 -26.274841 -2.023911
v 53.841801 -28.895073 -2.023911
v 53.841801 -28.895073 20.519669
v 60.868408 -63.049271 -2.418854
v 60.868408 -63.049271 18.607452
v 48.804935 -64.511543 1.913628
v 48.804935 -64.511543 17.117611
v 48.804935 -66.956612 1.913628
v 48.804935 -66.956612 17.117607
v 49.377201 -63.049271 -2.418854
v 49.377201 -63.049271 18.607452
v 49.377201 -75.742226 -2.418854
v 49.377201 -75.742226 18.607452
v 49.377201 -68.587723 -2.418854
v 49.377201 -68.587746 17.003319
v 49.377201 -74.820770 -2.418854
v 49.377201 -74.820793 17.003319
v 48.804935 -69.160362 1.913628
v 48.804935 -69.160362 17.117611
v 48.804935 -74.483871 1.913628
v 48.804935 -74.483871 17.117607
v 52.208012 -75.742226 -2.418854
v 52.208012 -75.742226 18.607452
v 52.208012 -86.428452 -2.418854
v 52.208012 -86.428452 18.607452
v 48.804935 -87.890747 1.913628
v 48.804935 -87.890747 17.117611
v 48.804935 -90.335815 1.913628
v 48.804935 -90.335815 17.117607
v 49.377201 -86.428482 -2.418854
v 49.377201 -86.428482 18.607452
v 49.377201 -99.947617 -2.418854
v 49.377201 -99.947617 18.607452
v 49.377201 -92.793106 -2.418854
v 49.377201 -92.793137 17.003319
v 49.377201 -99.026154 -2.418854
v 49.377201 -99.026184 17.003319
v 48.804935 -93.365753 1.913628
v 48.804935 -93.365753 17.117611
v 48.804935 -98.689270 1.913628
v 48.804935 -98.689270 17.117607
v 52.208012 -99.947601 -2.418854
v 52.208012 -99.947601 18.607452
v 52.208012 -110.662308 -2.418854
v 52.208012 -110.662308 18.607452
v 48.804935 -112.124603 1.913628
v 48.804935 -112.124603 17.117611
v 48.804935 -114.569672 1.913628
v 48.804935 -114.569672 17.117607
v 49.377201 -110.662338 -2.418854
v 49.377201 -110.662338 18.607452
v 49.377201 -124.181473 -2.418854
v 49.377201 -124.181473 18.607452
v 49.377201 -117.026962 -2.418854
v 49.377201 -117.026993 17.003319
v 49.377201 -123.260010 -2.418854
v 49.377201 -123.260040 17.003319
v 48.804935 -117.599609 1.913628
v 48.804935 -117.599609 17.117611
v 48.804935 -122.923126 1.913628
v 48.804935 -122.923126 17.117607
v 63.463135 -124.181473 -2.418854
v 63.463135 -124.181473 18.607452
v 51.770512 -78.702499 1.913628
v 51.770512 -78.702499 17.117611
v 51.770512 -84.026016 1.913628
v 51.770512 -84.026016 17.117607
v 51.770512 -102.789932 1.913628
v 51.770512 -102.789932 17.117611
v 51.770512 -108.113449 1.913628
v 51.770512 -108.113449 17.117607
v 52.208012 -83.925156 17.117615
v 52.208012 -83.925186 -2.418854
v 52.208012 -108.272415 17.117615
v 52.208012 -108.272446 -2.418854
v 52.208012 -75.742226 -2.418854
v 52.208012 -75.742226 18.607452
v 52.208012 -86.428452 -2.418854
v 52.208012 -86.428452 18.607452
v 52.208012 -99.947601 -2.418854
v 52.208012 -99.947601 18.607452
v 52.208012 -110.662308 -2.418854
v 52.208012 -110.662308 18.607452
v 56.178585 -68.296173 18.499874
v 56.178585 -68.296173 19.998402
v 49.850433 -68.296173 18.499874
v 49.850433 -68.296173 19.998402
v 49.850391 -75.286118 18.499876
v 49.850391 -75.286118 19.998400
v 53.014397 -71.791145 21.552767
v 56.593315 -67.838028 19.955647
v 49.435604 -67.838028 19.955647
v 49.435604 -75.744293 19.955647
v 56.593185 -75.744270 19.955643
v 56.178471 -75.286102 18.499878
v 56.178471 -75.286102 19.998398
v 56.178585 -92.520401 18.499874
v 56.178585 -92.520401 19.998402
v 49.850433 -92.520401 18.499874
v 49.850433 -92.520401 19.998402
v 49.850391 -99.510345 18.499876
v 49.850391 -99.510345 19.998400
v 53.014397 -96.015366 21.552767
v 56.593315 -92.062256 19.955647
v 49.435604 -92.062256 19.955647
v 49.435604 -99.968521 19.955647
v 56.593185 -99.968491 19.955643
v 56.178471 -99.510330 18.499878
v 56.178471 -99.510330 19.998398
v 56.178585 -116.777878 18.499874
v 56.178585 -116.777878 19.998402
v 49.850433 -116.777878 18.499874
v 49.850433 -116.777878 19.998402
v 49.850391 -123.767822 18.499876
v 49.850391 -123.767822 19.998400
v 53.014397 -120.272842 21.552767
v 56.593315 -116.319733 19.955647
v 49.435604 -116.319733 19.955647
v 49.435604 -124.225998 19.955647
v 56.593185 -124.225967 19.955643
v 56.178471 -123.767807 18.499878
v 56.178471 -123.767807 19.998398
v 59.629883 -63.049271 -2.418854
v 56.052982 -63.049271 -2.418854
v 59.629883 -63.049255 17.003319
v 56.052982 -63.049255 17.003319
v 53.133797 -62.920311 1.913628
v 53.133797 -62.920311 17.117615
v 50.688972 -62.920311 1.913628
v 50.688972 -62.920311 17.117607
v 58.735115 -62.920311 1.913628
v 58.735115 -62.920311 17.117615
v 56.290291 -62.920311 1.913628
v 56.290291 -62.920311 17.117607
v 66.263428 -64.325378 -2.418854
v 66.263542 -64.325409 10.557278
v 59.935303 -64.325378 -2.418854
v 59.935394 -64.325409 10.557278
v 62.971100 -68.245056 12.111643
v 67.318962 -63.442596 10.514523
v 58.623390 -63.442596 10.514523
v 67.318810 -73.047531 10.514519
v 64.181206 -63.796814 4.510462
v 64.181206 -63.796814 9.237350
v 62.243607 -63.796814 4.510462
v 62.243607 -63.796814 9.237344
v 46.922165 31.989857 3.332012
v 46.922298 58.790028 3.332012
v 46.922165 31.989857 12.515139
v 46.922298 58.790028 12.515139
v 46.922165 31.989857 15.782494
v 46.922298 58.790028 15.782494
v 46.922165 31.989857 1.750889
v 46.922298 58.790028 1.750889
v 53.616703 58.790031 3.332012
v 53.616703 58.790031 12.515139
v 56.380062 58.790031 3.332012
v 56.380062 58.790031 12.515139
v 56.380062 58.790031 15.782499
v 56.380062 58.790031 1.750889
v 65.271767 57.952538 3.332012
v 65.271767 57.952538 12.515139
v 65.271767 57.952538 15.782499
v 65.271767 57.952538 1.750889
v 56.380062 57.952538 3.332012
v 56.380062 57.952538 12.515139
v 56.380062 57.952538 15.782499
v 56.380062 57.952538 1.750889
v 47.996151 35.117943 14.992776
v 64.803543 35.117943 14.992776
v 47.996151 55.084137 14.992776
v 55.645004 55.084137 14.992776
v 47.996151 35.117943 18.276096
v 64.803543 35.117943 18.276096
v 47.996151 55.084137 18.276096
v 55.645004 55.084137 18.276096
v 47.630020 57.432865 -1.748709
v 47.630020 58.352463 -1.748709
v 47.630020 57.432865 1.853212
v 47.630020 58.352463 1.853212
v 47.630020 32.312592 -1.748709
v 47.630020 33.232193 -1.748709
v 47.630020 32.312592 1.853212
v 47.630020 33.232193 1.853212
v 47.630020 37.345840 -1.748709
v 47.630020 38.265442 -1.748709
v 47.630020 37.345840 1.853212
v 47.630020 38.265442 1.853212
v 47.630020 52.743942 -1.748709
v 47.630020 53.663544 -1.748709
v 47.630020 52.743942 1.853212
v 47.630020 53.663544 1.853212
v 47.630020 42.598427 -1.748709
v 47.630020 43.518028 -1.748709
v 47.630020 42.598427 1.853212
v 47.630020 43.518028 1.853212
v 47.630020 47.818951 -1.748709
v 47.630020 48.738556 -1.748709
v 47.630020 47.818951 1.853212
v 47.630020 48.738556 1.853212
v 64.468231 55.858833 -1.616817
v 64.468231 55.858833 1.666138
v 52.806149 55.858833 -1.616817
v 52.806149 55.858833 1.666138
v 52.806068 34.953178 -1.616813
v 52.806068 34.953178 1.666133
v 64.468056 34.953197 -1.616812
v 64.468056 34.953197 1.666132
v 53.616436 31.989853 3.332012
v 53.616436 31.989853 12.515139
v 56.379795 31.989853 3.332012
v 56.379795 31.989853 12.515139
v 56.379795 31.989853 15.782499
v 56.379795 31.989853 1.750889
v 61.069115 32.827351 3.332012
v 61.069115 32.827351 12.515139
v 61.069115 32.827351 15.782499
v 61.069115 32.827351 1.750889
v 56.379795 32.827351 3.332012
v 56.379795 32.827351 12.515139
v 56.379795 32.827351 15.782499
v 56.379795 32.827351 1.750889
v 61.069115 10.612495 3.332012
v 61.069115 10.612495 12.515139
v 61.069115 10.612495 15.782499
v 61.069115 10.612495 1.750889
v 64.468094 15.384789 -1.616815
v 64.468094 15.384789 1.666135
v 62.135799 32.312592 -1.748709
v 62.135799 33.232193 -1.748709
v 62.135799 32.312592 1.853212
v 62.135799 33.232193 1.853212
v 62.135910 12.206444 -1.748712
v 62.135910 13.126053 -1.748712
v 62.135910 12.206444 1.853216
v 62.135910 13.126053 1.853216
v 62.135910 27.604532 -1.748712
v 62.135910 28.524103 -1.748712
v 62.135910 27.604532 1.853216
v 62.135910 28.524103 1.853216
v 62.135910 17.459034 -1.748712
v 62.135910 18.378618 -1.748712
v 62.135910 17.459034 1.853216
v 62.135910 18.378618 1.853216
v 62.135910 22.679543 -1.748712
v 62.135910 23.599148 -1.748712
v 62.135910 22.679543 1.853216
v 62.135910 23.599148 1.853216
v 61.069115 31.869608 15.782499
v 61.069115 28.182833 12.515139
v 61.069115 28.182833 3.332012
v 61.069115 28.182833 1.750889
v 62.750488 14.350979 15.677612
v 68.049301 14.350979 15.677612
v 62.750488 36.368401 15.677612
v 62.750488 14.350979 17.591265
v 68.049301 14.350979 17.591265
v 62.750488 36.368401 17.591265
v 72.551338 10.612495 3.332012
v 72.551338 10.612495 12.515139
v 72.551338 10.612495 15.782499
v 72.551338 10.612495 1.750889
v 61.245941 10.612495 15.782499
v 61.245941 10.612495 12.515139
v 61.245941 10.612495 3.332012
v 61.245941 10.612495 1.750889
v 73.704025 15.384789 -1.616815
v 73.704025 15.384789 1.666135
v 61.069115 7.707767 12.515139
v 61.069115 7.707767 13.804598
v 61.069115 10.612511 13.804598
v 61.069115 10.612511 12.515139
v 72.551338 7.707767 12.515139
v 72.551338 7.707767 13.804598
v 61.069115 7.707870 -1.968026
v 61.069115 7.707924 12.515139
v 61.069115 8.493088 12.515139
v 61.069115 8.493042 -1.968026
v 61.980587 7.707825 -1.968026
v 61.980587 7.707870 12.515139
v 71.605087 7.707870 -1.968026
v 71.605087 7.707924 12.515139
v 71.605087 8.493088 12.515139
v 71.605087 8.493042 -1.968026
v 72.516563 7.707825 -1.968026
v 72.516563 7.707870 12.515139
v 68.429932 7.707870 -1.968026
v 68.429932 7.707924 12.515139
v 68.429932 8.493088 12.515139
v 68.429932 8.493042 -1.968026
v 69.341408 7.707825 -1.968026
v 69.341408 7.707870 12.515139
v 64.684738 7.707870 -1.968026
v 64.684738 7.707924 12.515139
v 64.684738 8.493088 12.515139
v 64.684738 8.493042 -1.968026
v 65.596214 7.707825 -1.968026
v 65.596214 7.707870 12.515139
v 45.892391 88.692238 -1.765093
v 60.633530 88.692238 -1.765093
v 45.892391 131.675903 -1.765093
v 60.633530 131.675903 -1.765093
v 45.892391 88.692238 3.688776
v 45.892391 131.675903 3.688776
v 56.043865 130.224838 10.147543
v 62.387043 133.004486 7.555285
v 50.955509 133.004486 7.555285
v 50.955509 87.775764 7.555286
v 62.386906 87.775772 7.555280
v 52.596066 79.899506 -1.765093
v 63.036739 79.899506 -1.765093
v 52.596066 88.692230 -1.765093
v 52.596066 79.899490 4.408207
v 63.036739 79.899490 4.408207
v 52.596066 88.692230 4.408207
v 52.349968 88.692230 5.344909
v 52.349968 131.675919 5.344909
v 44.761250 88.692238 3.408325
v 44.761250 131.675903 3.408325
v 45.814774 128.650269 -2.470939
v 45.814774 128.650269 3.452893
v 45.814774 120.792496 -2.470939
v 45.814774 120.792496 3.452889
v 45.814774 99.071800 -2.470939
v 45.814774 99.071800 3.452893
v 45.814774 91.214020 -2.470939
v 45.814774 91.214020 3.452889
v 45.814774 116.304985 -2.470939
v 45.814774 116.304985 3.452893
v 45.814774 103.029442 -2.470939
v 45.814774 103.029442 3.452889
v 52.349968 88.692230 5.344909
v 52.349968 131.675919 5.344909
v 60.633530 88.692238 7.645877
v 60.633530 131.675919 7.645877
v 52.349968 88.692238 7.645877
v 52.349968 131.675919 7.645877
v 52.349968 131.675919 5.344909
v 52.349968 131.675919 7.645877
v 56.043865 91.788284 10.147543
v 52.272881 94.578148 5.784447
v 52.272881 94.578148 7.894485
v 52.272881 90.531021 5.784447
v 52.272881 90.531021 7.894482
v 52.569439 94.722908 4.586703
v 52.569439 102.663986 4.586703
v 48.745846 94.722908 4.586703
v 48.745846 102.663986 4.586703
v 52.569439 94.722908 7.645877
v 52.569439 102.663986 7.645877
v 48.745846 94.722908 7.645877
v 48.745846 102.663986 4.586703
v 48.745846 102.663986 7.645877
v 48.650841 101.727783 5.784447
v 48.650841 101.727783 7.630251
v 48.650841 95.660492 5.784447
v 48.650841 95.660492 7.630247
v 53.573864 98.704559 10.147543
v 57.209217 103.833824 7.574100
v 47.442207 103.833824 7.574100
v 47.442207 93.575226 7.574100
v 57.209057 93.575272 7.574097
v 56.043797 98.704559 10.147543
v 52.272881 125.706673 5.784447
v 52.272881 125.706673 7.894485
v 52.272881 129.753815 5.784447
v 52.272881 129.753815 7.894482
v 52.569439 125.561920 4.586703
v 52.569439 117.620842 4.586703
v 48.745846 125.561920 4.586703
v 48.745846 117.620842 4.586703
v 52.569439 125.561920 7.645877
v 52.569439 117.620842 7.645877
v 48.745846 125.561920 7.645877
v 48.745846 117.620842 4.586703
v 48.745846 117.620842 7.645877
v 48.650841 118.557037 5.784447
v 48.650841 118.557037 7.630251
v 48.650841 124.624336 5.784447
v 48.650841 124.624336 7.630247
v 53.573864 121.580269 10.147543
v 57.209217 116.451004 7.574100
v 47.442207 116.451004 7.574100
v 47.442207 126.709595 7.574100
v 57.209057 126.709557 7.574097
v 56.043797 121.580269 10.147543
v 52.227318 115.216301 5.784447
v 52.227318 115.216301 7.630251
v 52.227318 104.259186 5.784447
v 52.227318 104.259186 7.630247
v 57.359783 88.895752 7.002565
v 65.172737 88.895752 4.410306
v 50.637627 88.895752 4.410306
v 50.637627 78.853027 4.410307
v 65.172562 78.853043 4.410301
v 57.359783 82.865540 7.002565
v 52.499374 87.455460 -2.107615
v 52.499374 87.455460 4.541808
v 52.499374 81.388176 -2.107615
v 52.499374 81.388176 4.541805
v 54.647751 79.838303 2.696237
v 54.647751 79.838303 4.542042
v 60.715118 79.838303 2.696237
v 60.715118 79.838303 4.542042
v 52.596066 140.499283 -1.765093
v 63.036739 140.499283 -1.765093
v 52.596066 131.706558 -1.765093
v 52.596066 140.499298 4.408207
v 63.036739 140.499298 4.408207
v 52.596066 131.706558 4.408207
v 57.359783 131.503052 7.002565
v 65.172737 131.503052 4.410306
v 50.637627 131.503052 4.410306
v 50.637627 141.545776 4.410307
v 65.172562 141.545761 4.410301
v 57.359783 137.533249 7.002565
v 52.499374 132.943329 -2.107615
v 52.499374 132.943329 4.541808
v 52.499374 139.010620 -2.107615
v 52.499374 139.010620 4.541805
v 54.647751 140.560501 2.696237
v 54.647751 140.560501 4.542042
v 60.715118 140.560501 2.696237
v 60.715118 140.560501 4.542042
v 56.703693 92.509216 8.971682
v 56.703693 93.096512 8.971682
v 55.111580 92.509216 8.971682
v 55.111580 93.096512 8.971682
v 56.703693 92.509216 11.238999
v 56.703693 93.096512 11.238999
v 55.111580 92.509216 11.238999
v 55.111580 93.096512 8.971682
v 55.111580 93.096512 11.238999
v 56.703693 127.666916 8.971682
v 56.703693 128.254211 8.971682
v 55.111580 127.666916 8.971682
v 55.111580 128.254211 8.971682
v 56.703693 127.666916 11.968522
v 56.703693 128.254211 11.968522
v 55.111580 127.666916 11.968522
v 55.111580 128.254211 8.971682
v 55.111580 128.254211 11.968522
v 57.620304 114.882217 8.971682
v 57.620304 115.469513 8.971682
v 54.652573 114.882217 8.971682
v 54.652573 115.469513 8.971682
v 57.620304 114.882217 11.080529
v 57.620304 115.469513 11.080529
v 54.652573 114.882217 11.080529
v 54.652573 115.469513 8.971682
v 54.652573 115.469513 11.080529
v 52.107342 198.130402 10.702696
v 58.450523 200.910049 8.110437
v 47.018986 200.910049 8.110437
v 47.018986 180.100769 8.110439
v 58.450386 180.100784 8.110433
v 52.107342 184.113297 10.702696
v 48.632915 188.098358 -1.768507
v 48.632816 196.039429 -1.768509
v 44.809322 188.098358 -1.768507
v 44.809322 196.039444 -1.768507
v 48.632915 188.098358 8.201030
v 48.632915 196.039444 8.201030
v 44.809322 188.098358 8.201030
v 44.809322 196.039444 8.201030
v 44.714359 195.103241 6.339600
v 44.714317 195.103241 8.185404
v 44.714359 189.035919 6.339600
v 44.714317 189.035950 8.185400
v 49.637341 192.080017 10.702696
v 53.272694 198.339661 8.129253
v 43.505684 197.209290 8.129253
v 43.505684 186.950684 8.129253
v 53.272533 186.950729 8.129250
v 52.107273 192.080017 10.702696
v 53.436848 182.502838 9.478121
v 53.436848 183.090134 9.478121
v 51.844734 182.502838 9.478121
v 51.844734 183.090134 9.478121
v 53.436848 182.502838 11.745439
v 53.436848 183.090134 11.745439
v 51.844734 182.502838 11.745439
v 51.844734 183.090134 11.745439
v 56.743511 181.171356 -1.768507
v 56.743412 199.346741 -1.768509
v 48.454098 181.171356 -1.768507
v 48.454098 199.346756 -1.768507
v 56.743511 181.171356 8.201030
v 56.743511 199.346756 8.201030
v 48.454098 181.171356 8.201030
v 48.454098 199.346756 8.201030
v 59.327007 177.204605 -1.768507
v 59.326908 183.416626 -1.768509
v 51.037594 177.204605 -1.768507
v 51.037594 183.416626 -1.768507
v 59.327007 177.204605 1.215648
v 59.327007 183.416626 1.215648
v 51.037594 177.204605 1.215648
v 51.037594 183.416626 1.215648
v 54.766571 182.393280 3.591093
v 60.653648 182.393280 1.168883
v 50.044090 182.393280 1.168883
v 50.044090 176.197189 1.168885
v 60.653519 176.197205 1.168878
v 54.766571 180.209702 3.591093
v 48.040489 187.680328 6.121536
v 48.040489 187.680328 8.185404
v 48.040489 181.613037 6.121536
v 48.040489 181.613037 8.185400
v 49.543465 181.046219 6.339600
v 49.543465 181.046219 8.185402
v 55.610847 181.046188 6.339600
v 55.610847 181.046188 8.185402
v 44.714317 195.103241 -1.743477
v 44.714317 195.103241 1.554949
v 44.714317 189.035950 -1.743477
v 44.714317 189.035950 1.554945
v 48.040489 187.680328 -1.743477
v 48.040489 187.680328 1.554949
v 48.040489 181.613037 -1.743477
v 48.040489 181.613037 1.554945
v 49.543465 199.441025 6.339600
v 49.543465 199.441025 8.185402
v 55.610847 199.440994 6.339600
v 55.610847 199.440994 8.185402
v 48.040489 187.680328 1.951103
v 48.040489 187.680328 4.014971
v 48.040489 181.613037 1.951103
v 48.040489 181.613037 4.014967
v 49.543465 199.441025 -1.871933
v 49.543461 199.441010 1.554947
v 55.610847 199.440994 -1.871933
v 55.610844 199.440979 1.554947
v 44.714359 195.103241 6.339600
v 44.714317 195.103241 8.185404
v 44.714359 189.035919 6.339600
v 44.714317 189.035950 8.185400
v 48.040489 198.356628 6.121536
v 48.040489 198.356628 8.185404
v 48.040489 196.821777 6.121536
v 48.040489 196.821777 8.185400
v 48.454098 191.074738 8.201030
v 48.454098 191.074738 -1.768507
v 48.454098 195.974792 8.201030
v 48.454098 195.974792 -1.768507
v 148.679214 -17.329605 0.276953
v 148.679214 -17.329605 64.170937
v 134.339828 -17.329605 0.259727
v 134.339828 -17.329605 64.170937
v 134.339828 -52.907867 0.276953
v 134.339828 -52.907867 64.170937
v 134.339828 -28.585449 2.226763
v 134.339828 -28.585449 47.764694
v 134.339828 -41.830162 2.226763
v 134.339828 -41.830162 47.764694
v 133.642029 -16.919342 1.723557
v 133.642029 -16.919342 64.073883
v 133.642029 -52.907860 1.723557
v 133.642029 -52.907860 64.073883
v 134.339844 -17.329605 48.520248
v 148.679214 -17.329605 48.520248
v 134.339828 -52.907867 48.520248
v 148.508240 -16.919342 1.723557
v 148.508240 -16.919342 64.073883
v 135.307861 -16.919350 64.073883
v 135.307861 -16.919342 1.723557
v 135.307861 -17.329605 0.259727
v 135.307861 -17.329605 48.520248
v 135.307861 -17.329597 64.170937
v 133.086151 -29.322723 35.639217
v 133.086151 -29.322723 56.437874
v 133.086151 -40.963768 35.639217
v 133.086151 -40.963768 56.437874
v 133.086151 -17.259354 25.294964
v 133.086151 -17.259354 30.644295
v 133.086151 -52.567825 25.294964
v 133.086151 -52.567825 30.644295
v 136.505554 -51.159218 62.880219
v 140.424530 -51.159218 62.880219
v 136.505554 -35.232697 62.880219
v 140.424530 -35.232697 62.880219
v 136.505554 -51.159218 66.332397
v 140.424530 -51.159218 66.332397
v 136.505554 -35.232697 66.332397
v 140.424530 -35.232697 66.332397
v 136.505554 -32.386765 63.165279
v 140.424530 -32.386765 63.165279
v 136.505554 -27.830208 63.165279
v 140.424530 -27.830208 63.165279
v 136.505554 -32.386765 67.503792
v 140.424530 -32.386765 67.503792
v 136.505554 -27.830208 67.503792
v 140.424530 -27.830208 67.503792
v 136.505554 -26.197952 63.364555
v 140.424530 -26.197952 63.364555
v 136.505554 -18.962250 63.364555
v 140.424530 -18.962250 63.364555
v 136.505554 -26.197952 65.378525
v 140.424530 -26.197952 65.378525
v 136.505554 -18.962250 65.378525
v 140.424530 -18.962250 65.378525
v 133.642029 -28.562592 56.773560
v 133.642029 -41.565414 56.773560
v 133.642029 -41.565414 37.901093
v 133.642029 -28.562592 37.838226
v 134.775986 -55.920547 2.701139
v 137.147308 -55.920547 2.701139
v 134.775986 -53.549217 2.701139
v 137.147308 -53.549217 2.701139
v 134.775986 -55.920547 78.707809
v 137.147308 -55.920547 78.707809
v 134.775986 -53.549217 78.707809
v 137.147308 -53.549217 78.707809
v 132.240829 -53.645294 2.701139
v 132.240829 -39.272606 2.701139
v 132.240829 -53.645294 47.702034
v 132.240829 -46.601334 47.702034
v 132.240829 -46.601334 36.785583
v 132.240829 -39.272606 36.785583
v 135.066681 -55.558838 81.816376
v 136.714600 -55.558838 81.816376
v 135.066681 -53.910896 81.816376
v 136.714600 -53.910896 81.816376
v 134.918274 -55.707245 78.598495
v 136.863007 -55.707245 78.598495
v 134.918274 -53.762505 78.598495
v 136.863007 -53.762505 78.598495
v 135.961990 -70.575737 83.150665
v 135.220535 -70.575737 81.789993
v 136.703278 -70.575737 81.789993
v 135.961990 -22.304848 83.408463
v 135.220535 -19.441208 81.789993
v 136.703278 -19.441208 81.789993
v 135.961990 -58.413338 84.206848
v 135.223694 -66.699203 82.130875
v 136.432358 -66.699203 82.130875
v 135.223694 -65.765320 82.130875
v 136.432358 -65.765320 82.130875
v 135.114868 -66.699203 79.871231
v 136.541199 -66.699203 79.871231
v 135.114868 -65.765320 79.871231
v 136.541199 -65.765320 79.871231
v 135.223694 -68.133621 82.130875
v 136.432358 -68.133621 82.130875
v 135.223694 -66.669189 82.130875
v 136.432358 -66.669189 82.130875
v 135.114868 -68.133621 79.009689
v 136.541199 -68.133621 79.009689
v 135.114868 -66.669189 79.009689
v 136.541199 -66.669189 79.009689
v 135.648438 -69.336609 84.054123
v 135.648438 -67.976433 84.054123
v 135.648438 -69.336609 82.673676
v 135.648438 -67.976433 82.673676
v 136.045654 -36.608261 81.984818
v 136.045654 -34.150848 81.984818
v 136.045654 -36.248283 80.990677
v 136.045654 -34.510818 80.990677
v 132.240829 -27.371628 2.701139
v 132.240829 -16.520943 2.701139
v 132.240829 -27.371628 27.305023
v 132.240829 -16.520943 27.305023
v 132.357178 -16.520920 2.701141
v 143.207748 -16.520920 2.701141
v 132.357178 -16.520920 27.305023
v 143.207748 -16.520920 27.305023
v 134.775986 -79.475021 -13.466784
v 137.147308 -79.475021 -13.466784
v 134.775986 -77.103699 -13.466784
v 137.147308 -77.103699 -13.466784
v 134.775986 -79.475021 62.539894
v 137.147308 -79.475021 62.539894
v 134.775986 -77.103699 62.539894
v 137.147308 -77.103699 62.539894
v 135.066681 -79.113312 65.648453
v 136.714600 -79.113312 65.648453
v 135.066681 -77.465378 65.648453
v 136.714600 -77.465378 65.648453
v 134.918274 -79.261719 62.430573
v 136.863007 -79.261719 62.430573
v 134.918274 -77.316986 62.430573
v 136.863007 -77.316986 62.430573
v 146.551727 -66.871513 66.982742
v 146.027313 -66.347191 65.622070
v 147.075897 -67.395821 65.622070
v 112.418930 -101.004135 67.240555
v 109.869858 -102.504761 65.622070
v 110.918198 -103.553360 65.622070
v 137.951645 -75.471611 68.038925
v 143.288544 -69.090599 65.962952
v 144.143280 -69.945274 65.962952
v 142.628143 -69.750954 65.962952
v 143.482880 -70.605629 65.962952
v 143.211639 -69.013756 63.703308
v 144.220184 -70.022331 63.703308
v 142.551239 -69.674095 63.703308
v 143.559784 -70.682686 63.703308
v 144.302704 -68.076332 65.962952
v 145.157440 -68.931007 65.962952
v 143.267059 -69.111870 65.962952
v 144.122040 -69.966545 65.962952
v 144.226044 -67.999489 62.841766
v 145.234344 -69.008049 62.841766
v 143.190399 -69.035011 62.841766
v 144.198944 -70.043510 62.841766
v 122.592270 -90.949341 65.816895
v 120.854721 -92.686951 65.816895
v 122.337631 -91.203857 64.822754
v 121.109116 -92.432434 64.822754
v 135.163376 -129.392487 50.704720
v 136.568909 -129.392487 50.704720
v 135.163376 -127.986938 50.704720
v 136.568909 -127.986938 50.704720
v 135.036804 -129.519073 47.960152
v 136.695496 -129.519073 47.960152
v 135.036804 -127.860367 47.960152
v 136.695496 -127.860367 47.960152
v 135.294601 -129.335800 50.682217
v 136.559265 -129.335800 50.682217
v 135.927002 -94.680237 52.062634
v 135.294601 -92.237793 50.682217
v 136.559265 -92.237793 50.682217
v 135.927002 -125.477570 52.743584
v 135.297302 -147.043976 50.704102
v 136.328186 -147.043976 50.704102
v 135.297302 -145.899399 50.704102
v 136.328186 -145.899399 50.704102
v 135.204483 -147.043976 49.263447
v 136.421021 -147.043976 49.263447
v 135.204483 -145.899399 49.263447
v 136.421021 -145.899399 49.263447
v 135.297302 -148.802094 50.704102
v 136.328186 -148.802094 50.704102
v 135.297302 -147.007233 50.704102
v 136.328186 -147.007233 50.704102
v 135.204483 -148.802094 48.714161
v 136.421021 -148.802094 48.714161
v 135.204483 -147.007233 48.714161
v 136.421021 -147.007233 48.714161
v 135.998352 -113.229324 50.848385
v 135.998352 -111.133377 50.848385
v 135.998352 -112.922302 50.000469
v 135.998352 -111.440384 50.000469
v 134.915451 -129.700989 8.086330
v 136.937973 -129.700989 8.086330
v 134.915451 -127.678452 8.086330
v 136.937973 -127.678452 8.086330
v 134.915451 -129.700989 48.053394
v 136.937973 -129.700989 48.053394
v 134.915451 -127.678452 48.053394
v 136.937973 -127.678452 48.053394
v 135.659561 -150.135513 52.613323
v 135.659561 -148.088196 52.613323
v 135.659561 -150.135513 51.435921
v 135.659561 -148.088196 51.435921
v 135.294601 -128.193314 50.682217
v 136.559265 -128.193314 50.682217
v 135.927002 -149.301575 52.062634
v 135.294601 -151.744019 50.682217
v 136.559265 -151.744019 50.682217
v 135.927002 -132.051544 52.743584
v 135.927002 -129.076263 62.619370
v 135.927002 -129.840393 50.631607
v 135.927002 -129.182129 50.631607
v 135.927002 -129.041718 62.619370
v 135.927002 -128.281830 50.631607
v 135.927002 -127.623566 50.631607
v 135.882751 -48.481880 63.845673
v 135.882751 -27.764442 63.845673
v 135.882751 -48.481880 69.202240
v 135.882751 -27.764442 69.202240
v 135.247055 -46.194084 63.246750
v 135.247055 -21.397377 63.246750
v 135.247055 -46.194084 66.543518
v 135.247055 -21.397377 66.543518
v 109.247063 -6.137638 0.259727
v 109.247063 -6.137638 41.822868
v 92.881096 -6.137638 0.259727
v 92.881096 -6.137638 41.822868
v 92.881096 -23.761520 0.259727
v 92.881096 -23.761520 38.955223
v 106.274902 -23.761520 0.259727
v 106.274902 -23.761520 38.955223
v 92.881096 -21.554916 45.522057
v 92.881096 -21.554916 38.955223
v 92.630363 -6.061863 2.657906
v 92.630363 -6.061863 41.336620
v 92.630363 -23.785980 2.657906
v 92.630363 -21.445175 41.336617
v 92.881096 -9.272987 41.822868
v 92.881096 -9.272987 45.522057
v 92.630363 -21.445175 37.047806
v 92.630363 -23.785980 37.047806
v 95.416016 -2.172092 0.259727
v 95.416016 -2.172092 37.893166
v 107.161865 -2.172092 0.259727
v 107.161865 -2.172092 37.893166
v 95.416016 -6.280476 0.259727
v 95.416016 -6.280476 37.893166
v 95.189445 -1.972237 2.657906
v 95.189445 -1.972237 37.808376
v 95.189445 -4.494331 37.808376
v 95.189445 -4.494331 2.657906
v 106.787109 -1.972221 2.657906
v 106.787109 -1.972221 37.808380
v 95.189453 -1.972206 37.808380
v 95.189453 -1.972206 2.657906
v 95.416016 -4.523506 0.259727
v 95.416016 -4.523506 37.893166
v 92.881096 -21.554901 41.822861
v 95.416016 -27.827423 0.259727
v 95.416016 -27.827423 34.316620
v 106.939209 -27.827454 0.259727
v 106.939209 -27.827454 34.316628
v 95.416016 -23.511795 0.259727
v 95.416016 -23.511795 34.316620
v 95.189445 -27.935310 2.657906
v 95.189445 -27.935310 33.144802
v 95.189445 -25.413216 33.144802
v 95.189445 -25.413216 2.657906
v 106.787109 -27.935326 2.657906
v 106.787109 -27.935326 33.144806
v 95.189453 -27.935341 33.144806
v 95.189453 -27.935341 2.657906
v 104.807617 -21.554916 45.522057
v 104.807617 -21.554916 38.955223
v 104.807617 -9.272987 41.822868
v 104.807617 -9.272987 45.522057
v 104.807617 -21.554901 41.822861
v 95.043457 -6.061836 2.657906
v 95.043457 -6.061821 41.336624
v 92.630363 -6.061821 41.336624
v 92.630363 -6.061836 2.657906
v 95.043457 -23.785950 2.657906
v 95.043457 -23.785919 37.047806
v 92.630363 -23.785919 37.047806
v 92.630363 -23.785950 2.657906
v 93.832565 -21.099312 45.189598
v 98.106384 -21.099312 45.189598
v 93.832565 -16.477882 45.189598
v 98.106384 -16.477882 45.189598
v 93.832565 -21.099312 47.986084
v 98.106384 -21.099312 47.986084
v 93.832565 -16.477882 47.986084
v 98.106384 -16.477882 47.986084
v 94.207558 -20.491287 47.815453
v 97.356812 -20.491287 47.815453
v 94.207558 -17.085876 47.815453
v 97.356812 -17.085876 47.815453
v 94.207558 -20.491287 50.818451
v 97.356812 -20.491287 50.818451
v 94.207558 -17.085876 50.818451
v 97.356812 -17.085876 50.818451
v 94.123199 -20.534279 48.319984
v 97.351959 -20.534279 48.319984
v 94.123199 -17.042892 48.319984
v 97.351959 -17.042892 48.319984
v 94.123199 -20.534279 50.313923
v 97.351959 -20.534279 50.313923
v 94.123199 -17.042892 50.313923
v 97.351959 -17.042892 50.313923
v 95.385735 -19.438011 50.668610
v 96.002678 -18.821190 50.668610
v 94.718742 -18.771049 50.668610
v 95.335686 -18.154228 50.668610
v 95.385735 -19.438011 56.659470
v 96.002678 -18.821190 56.659470
v 94.718742 -18.771049 56.659470
v 95.335686 -18.154228 56.659470
v 94.986237 -19.547539 50.580273
v 96.186607 -19.547539 50.580273
v 94.986237 -18.029594 50.580273
v 96.186607 -18.029594 50.580273
v 94.986237 -19.547539 53.994926
v 96.186607 -19.547539 53.994926
v 94.986237 -18.029594 53.994926
v 96.186607 -18.029594 53.994926
v -39.520096 38.999508 7.003708
v -39.519943 46.795017 6.114349
v -39.519943 53.403725 3.581680
v -39.519943 57.819527 -0.208711
v -39.519943 20.179497 -0.208711
v -39.519943 24.595299 3.581680
v -39.519943 31.204014 6.114349
v -39.519947 21.369373 -0.275620
v -39.519947 25.131124 2.968701
v -39.519947 31.430899 5.350867
v -39.520073 39.030579 6.168754
v -39.519962 46.582890 5.334228
v -39.519947 52.731720 3.013717
v -39.519947 56.597015 -0.275620
v -39.669994 57.699390 0.007660
v -39.669849 98.257187 -1.603851
v -39.669975 57.730461 -1.002113
v -39.669865 98.186890 -2.613625
v -38.403881 20.040310 -0.842995
v -38.403736 98.257187 -2.454506
v -38.403862 20.071381 -2.412292
v -38.403751 98.186890 -4.023804
v -33.852371 38.999508 7.003708
v -33.852219 46.795017 6.114349
v -33.852219 53.403725 3.581680
v -33.852219 57.819527 -0.208711
v -33.852219 20.179497 -0.208711
v -33.852219 24.595299 3.581680
v -33.852219 31.204014 6.114349
v -33.852222 21.369373 -0.275620
v -33.852222 25.131124 2.968701
v -33.852222 31.430899 5.350867
v -33.852348 39.030579 6.168754
v -33.852238 46.582890 5.334228
v -33.852222 52.731720 3.013717
v -33.852222 56.597015 -0.275620
v -39.669994 20.164356 0.007660
v -39.669975 20.195427 -1.002113
v -39.669994 57.699390 0.007660
v -39.669975 57.730461 -1.002113
v -38.403816 57.793610 -0.842995
v -38.403812 57.793610 -2.412292
v -41.260517 55.658768 -7.620125
v -39.072384 55.658768 -7.620125
v -41.260517 57.846901 -7.620125
v -39.072384 57.846901 -7.620125
v -41.039001 55.880295 1.614769
v -39.293922 55.880295 1.614769
v -41.039001 57.625374 1.614769
v -39.293922 57.625374 1.614769
v -33.289082 55.658768 -7.620125
v -31.100948 55.658768 -7.620125
v -33.289082 57.846901 -7.620125
v -31.100948 57.846901 -7.620125
v -33.067566 55.880295 1.614769
v -31.322487 55.880295 1.614769
v -33.067566 57.625374 1.614769
v -31.322487 57.625374 1.614769
v -41.668644 55.343102 -7.620125
v -30.639021 55.343102 -7.620125
v -41.668644 58.157272 -7.620125
v -30.639021 58.157272 -7.620125
v -41.553650 55.446720 -6.828369
v -30.754021 55.446720 -6.828369
v -41.553650 58.053642 -6.828369
v -30.754021 58.053642 -6.828369
v -33.894363 57.699390 0.007660
v -33.894215 98.257187 -1.603851
v -33.894341 57.730461 -1.002113
v -33.894230 98.186890 -2.613625
v -33.993973 20.164356 0.007660
v -33.993950 20.195427 -1.002113
v -33.993973 57.699390 0.007660
v -33.993950 57.730461 -1.002113
v -33.142277 55.805580 -1.287029
v -33.142239 57.700050 -1.285597
v -41.260517 19.844696 -7.620125
v -39.072384 19.844696 -7.620125
v -41.260517 22.032829 -7.620125
v -39.072384 22.032829 -7.620125
v -41.039001 20.066225 1.614769
v -39.293922 20.066225 1.614769
v -41.039001 21.811302 1.614769
v -39.293922 21.811302 1.614769
v -33.289082 19.844696 -7.620125
v -31.100948 19.844696 -7.620125
v -33.289082 22.032829 -7.620125
v -31.100948 22.032829 -7.620125
v -33.067566 20.066225 1.614769
v -31.322487 20.066225 1.614769
v -33.067566 21.811302 1.614769
v -31.322487 21.811302 1.614769
v -41.668644 19.529028 -7.620125
v -30.639021 19.529028 -7.620125
v -41.668644 22.343199 -7.620125
v -30.639021 22.343199 -7.620125
v -41.553650 19.632648 -6.828369
v -30.754021 19.632648 -6.828369
v -41.553650 22.239573 -6.828369
v -30.754021 22.239573 -6.828369
v -33.142277 19.991508 -1.287029
v -33.142239 21.885981 -1.285597
v -39.954044 75.233925 -7.620125
v -31.435652 75.233925 -7.620125
v -39.954044 78.048096 -7.620125
v -31.435652 78.048096 -7.620125
v -39.839050 75.337540 -6.828369
v -31.550652 75.337540 -6.828369
v -39.839050 77.944466 -6.828369
v -31.550652 77.944466 -6.828369
v -38.917336 76.145432 -7.620125
v -32.473984 76.145432 -7.620125
v -38.917336 77.211670 -7.620125
v -32.473984 77.211670 -7.620125
v -38.917336 76.145432 -1.237755
v -32.473984 76.145432 -1.237755
v -38.917336 77.211670 -1.237755
v -32.473984 77.211670 -1.237755
v -39.954044 96.781013 -7.620125
v -31.435652 96.781013 -7.620125
v -39.954044 99.595184 -7.620125
v -31.435652 99.595184 -7.620125
v -39.839050 96.884628 -6.828369
v -31.550652 96.884628 -6.828369
v -39.839050 99.491554 -6.828369
v -31.550652 99.491554 -6.828369
v -38.917336 97.692520 -7.620125
v -32.473984 97.692520 -7.620125
v -38.917336 98.758759 -7.620125
v -32.473984 98.758759 -7.620125
v -38.917336 97.692520 -1.915070
v -32.473984 97.692520 -1.915070
v -38.917336 98.758759 -1.915070
v -32.473984 98.758759 -1.915070
v -39.669849 140.823425 -2.590645
v -39.669865 140.823425 -3.600418
v -33.894215 140.823425 -2.590645
v -33.894230 140.823425 -3.600418
v -38.403736 140.823425 -3.202682
v -38.403751 140.823425 -4.771980
v -39.669849 189.883240 -2.590645
v -39.669865 189.883240 -3.600418
v -33.894215 189.883240 -2.590645
v -33.894230 189.883240 -3.600418
v -38.403736 189.883240 -3.202682
v -38.403751 189.883240 -4.771980
v -39.954044 119.408714 -7.620125
v -31.435652 119.408714 -7.620125
v -39.954044 122.222885 -7.620125
v -31.435652 122.222885 -7.620125
v -39.839050 119.512329 -6.828369
v -31.550652 119.512329 -6.828369
v -39.839050 122.119255 -6.828369
v -31.550652 122.119255 -6.828369
v -38.917336 120.320221 -7.620125
v -32.473984 120.320221 -7.620125
v -38.917336 121.386459 -7.620125
v -32.473984 121.386459 -7.620125
v -38.917336 120.320221 -2.695168
v -32.473984 120.320221 -2.695168
v -38.917336 121.386459 -2.695168
v -32.473984 121.386459 -2.695168
v -39.954044 140.487610 -7.620125
v -31.435652 140.487610 -7.620125
v -39.954044 143.301773 -7.620125
v -31.435652 143.301773 -7.620125
v -39.839050 140.591217 -6.828369
v -31.550652 140.591217 -6.828369
v -39.839050 143.198151 -6.828369
v -31.550652 143.198151 -6.828369
v -38.917336 141.399109 -7.620125
v -32.473984 141.399109 -7.620125
v -38.917336 142.465347 -7.620125
v -32.473984 142.465347 -7.620125
v -38.917336 141.399109 -2.695168
v -32.473984 141.399109 -2.695168
v -38.917336 142.465347 -2.695168
v -32.473984 142.465347 -2.695168
v -39.954044 163.990051 -7.620125
v -31.435652 163.990051 -7.620125
v -39.954044 166.804214 -7.620125
v -31.435652 166.804214 -7.620125
v -39.839050 164.093658 -6.828369
v -31.550652 164.093658 -6.828369
v -39.839050 166.700592 -6.828369
v -31.550652 166.700592 -6.828369
v -38.917336 164.901550 -7.620125
v -32.473984 164.901550 -7.620125
v -38.917336 165.967789 -7.620125
v -32.473984 165.967789 -7.620125
v -38.917336 164.901550 -2.695168
v -32.473984 164.901550 -2.695168
v -38.917336 165.967789 -2.695168
v -32.473984 165.967789 -2.695168
v -39.669994 20.299633 0.007660
v -39.669849 -20.258163 -1.603851
v -39.669975 20.268562 -1.002113
v -39.669865 -20.187866 -2.613625
v -38.403736 -20.258163 -2.454506
v -38.403751 -20.187866 -4.023804
v -38.403816 20.205414 -0.842995
v -38.403812 20.205414 -2.412292
v -33.894363 20.299633 0.007660
v -33.894215 -20.258163 -1.603851
v -33.894341 20.268562 -1.002113
v -33.894230 -20.187866 -2.613625
v -39.954044 2.765099 -7.620125
v -31.435652 2.765099 -7.620125
v -39.954044 -0.049072 -7.620125
v -31.435652 -0.049072 -7.620125
v -39.839050 2.661480 -6.828369
v -31.550652 2.661480 -6.828369
v -39.839050 0.054558 -6.828369
v -31.550652 0.054558 -6.828369
v -38.917336 1.853592 -7.620125
v -32.473984 1.853592 -7.620125
v -38.917336 0.787354 -7.620125
v -32.473984 0.787354 -7.620125
v -38.917336 1.853592 -1.237755
v -32.473984 1.853592 -1.237755
v -38.917336 0.787354 -1.237755
v -32.473984 0.787354 -1.237755
v -39.954044 -18.781990 -7.620125
v -31.435652 -18.781990 -7.620125
v -39.954044 -21.596161 -7.620125
v -31.435652 -21.596161 -7.620125
v -39.839050 -18.885609 -6.828369
v -31.550652 -18.885609 -6.828369
v -39.839050 -21.492531 -6.828369
v -31.550652 -21.492531 -6.828369
v -38.917336 -19.693497 -7.620125
v -32.473984 -19.693497 -7.620125
v -38.917336 -20.759735 -7.620125
v -32.473984 -20.759735 -7.620125
v -38.917336 -19.693497 -1.915070
v -32.473984 -19.693497 -1.915070
v -38.917336 -20.759735 -1.915070
v -32.473984 -20.759735 -1.915070
v -39.669849 -62.824409 -2.590645
v -39.669865 -62.824409 -3.600418
v -33.894215 -62.824409 -2.590645
v -33.894230 -62.824409 -3.600418
v -38.403736 -62.824409 -3.202682
v -38.403751 -62.824409 -4.771980
v -39.669849 -111.884216 -2.590645
v -39.669865 -111.884216 -3.600418
v -33.894215 -111.884216 -2.590645
v -33.894230 -111.884216 -3.600418
v -38.403736 -111.884216 -3.202682
v -38.403751 -111.884216 -4.771980
v -39.954044 -41.409691 -7.620125
v -31.435652 -41.409691 -7.620125
v -39.954044 -44.223862 -7.620125
v -31.435652 -44.223862 -7.620125
v -39.839050 -41.513306 -6.828369
v -31.550652 -41.513306 -6.828369
v -39.839050 -44.120232 -6.828369
v -31.550652 -44.120232 -6.828369
v -38.917336 -42.321198 -7.620125
v -32.473984 -42.321198 -7.620125
v -38.917336 -43.387436 -7.620125
v -32.473984 -43.387436 -7.620125
v -38.917336 -42.321198 -2.695168
v -32.473984 -42.321198 -2.695168
v -38.917336 -43.387436 -2.695168
v -32.473984 -43.387436 -2.695168
v -39.954044 -62.488579 -7.620125
v -31.435652 -62.488579 -7.620125
v -39.954044 -65.302750 -7.620125
v -31.435652 -65.302750 -7.620125
v -39.839050 -62.592194 -6.828369
v -31.550652 -62.592194 -6.828369
v -39.839050 -65.199120 -6.828369
v -31.550652 -65.199120 -6.828369
v -38.917336 -63.400085 -7.620125
v -32.473984 -63.400085 -7.620125
v -38.917336 -64.466324 -7.620125
v -32.473984 -64.466324 -7.620125
v -38.917336 -63.400085 -2.695168
v -32.473984 -63.400085 -2.695168
v -38.917336 -64.466324 -2.695168
v -32.473984 -64.466324 -2.695168
v -39.954044 -85.991028 -7.620125
v -31.435652 -85.991028 -7.620125
v -39.954044 -88.805191 -7.620125
v -31.435652 -88.805191 -7.620125
v -39.839050 -86.094635 -6.828369
v -31.550652 -86.094635 -6.828369
v -39.839050 -88.701569 -6.828369
v -31.550652 -88.701569 -6.828369
v -38.917336 -86.902527 -7.620125
v -32.473984 -86.902527 -7.620125
v -38.917336 -87.968765 -7.620125
v -32.473984 -87.968765 -7.620125
v -38.917336 -86.902527 -2.695168
v -32.473984 -86.902527 -2.695168
v -38.917336 -87.968765 -2.695168
v -32.473984 -87.968765 -2.695168
v -42.038620 25.818062 -3.885038
v -44.194881 56.701927 -3.400744
v -42.038620 19.928576 -0.578367
v -44.194881 55.305099 -1.347536
v -44.194881 56.003548 -3.885038
v -44.194881 32.923000 -3.885038
v -44.194881 32.313229 -1.347536
v -43.130722 55.177856 -0.260362
v -41.988445 20.310122 -0.511508
v -43.130722 54.147659 1.132113
v -43.130722 31.589172 -0.391922
v -43.130722 33.540119 1.132113
v -42.486702 51.984043 -2.065374
v -42.486702 51.984043 0.129373
v -42.030682 22.245848 -1.267885
v -42.030682 20.902298 -0.491132
v -42.743553 29.210302 0.949031
v -42.782673 51.645058 2.288939
v -41.640396 33.673847 2.129093
v -42.782673 51.031147 3.175206
v -42.782673 38.439713 2.205206
v -42.588642 43.703667 3.545676
v -42.395504 38.113937 3.429151
v -42.486702 49.124954 0.375997
v -42.486702 49.124954 2.570744
v -42.030682 32.878971 0.934651
v -42.030682 33.895851 2.074624
v -42.588642 45.682255 3.175206
v -42.588642 45.749214 5.376102
v -42.588642 43.251705 5.421126
v -42.588642 45.277462 4.416920
v -42.588642 47.599533 4.999195
v -42.588642 47.926384 4.416920
v -42.588642 46.398506 4.999195
v -42.352448 44.997108 3.368929
v -42.352448 44.997108 4.055892
v -42.164566 38.357315 3.368929
v -42.164566 39.428154 4.055892
v -42.288155 41.159405 5.014062
v -42.288155 47.761303 5.014062
v -42.288155 41.159405 11.615962
v -42.288155 47.761303 11.615962
v -42.589180 35.656494 2.893554
v -42.589180 37.345177 2.893554
v -42.589180 35.656494 4.759470
v -42.589180 37.345177 4.759470
v -42.486702 51.984043 -0.881428
v -42.486702 49.124954 1.781575
v -42.486702 55.176640 -0.258513
v -42.486702 51.526031 2.365650
v -44.263741 44.431694 -2.560719
v -44.263741 52.527901 -2.560719
v -44.263741 42.761600 -1.570669
v -44.263741 54.949554 -1.570669
v -44.263741 52.527901 -2.065874
v -44.263741 44.431694 -2.065874
v -44.263741 54.949554 -2.111732
v -44.263741 42.761600 -2.111732
v -44.263741 48.477585 -2.065874
v -44.263741 48.477585 -2.560719
v -44.263741 47.669189 -2.065874
v -44.263741 47.669189 -2.560719
v -42.898468 25.179930 -2.055087
v -43.219097 26.152927 -2.055092
v -42.696541 26.325146 -3.383233
v -42.375908 25.352167 -3.383229
v -44.263741 31.368454 -2.653251
v -44.263741 31.368454 -1.973344
v -44.263741 41.394730 -1.973344
v -44.263741 41.394730 -2.653251
v -42.859131 47.510334 3.038094
v -42.859131 47.510334 2.452637
v -42.859131 45.061920 2.452637
v -42.859131 45.061920 3.038094
v -42.038620 -22.486313 -3.885038
v -44.194881 10.894077 -3.400744
v -42.038620 -27.028305 0.004747
v -44.194881 10.134407 -1.051981
v -44.194881 10.246407 -3.885038
v -44.194881 -14.977348 -3.885038
v -43.130722 9.280563 -0.051133
v -41.988445 -23.100090 -0.399706
v -43.130722 5.138878 1.341339
v -43.130722 -14.566235 -0.182693
v -43.130623 -14.050823 1.341341
v -42.486702 7.819355 -2.065374
v -42.486702 7.819355 0.129373
v -42.030682 -24.879280 -1.267885
v -42.030682 -26.125282 -0.491132
v -42.782673 2.376789 2.236595
v -41.640396 -13.006363 2.236595
v -42.782673 1.659210 3.175206
v -42.782673 -9.475548 2.236595
v -42.588642 -2.440132 3.545676
v -42.395504 -9.190941 3.429151
v -42.486702 -0.060501 0.464452
v -42.486702 -0.108582 2.307503
v -41.640381 -13.109226 0.934654
v -41.640381 -12.019596 2.307503
v -42.588642 -1.618412 3.175206
v -42.352448 -4.108078 3.368929
v -42.352448 -4.108078 4.055892
v -42.164566 -9.551964 3.368929
v -42.164566 -8.558876 4.055892
v -42.053520 -8.329483 5.091127
v -42.053520 -3.100075 5.091127
v -42.053520 -8.358105 10.532366
v -42.053520 -3.100075 10.532366
v -42.486702 7.819355 -0.881428
v -42.486702 -0.108582 1.781575
v -42.486702 9.251644 -0.024863
v -42.486702 2.118164 2.307503
v -44.263741 -11.114697 -1.570669
v -44.263741 7.098053 -1.570669
v -44.263741 7.098053 -2.111732
v -44.263741 -11.114697 -2.111732
v -42.898468 -22.675377 -2.055087
v -43.219097 -21.773026 -2.055092
v -42.696541 -21.613312 -3.383233
v -42.375908 -22.515640 -3.383229
v -44.263741 -14.770924 -2.653251
v -44.263741 -14.770924 -1.973344
v -44.263741 -0.099434 -1.973344
v -44.263741 -0.099434 -2.653251
v -42.038620 -23.866730 -2.492414
v -44.006104 -16.357563 0.004745
v -44.194881 -3.506950 -1.051981
v -44.194824 -4.370430 0.004745
v -43.130722 8.904606 0.555450
v -43.130722 6.104446 0.555450
v -42.641602 -24.236023 -0.454208
v -42.802246 -23.438049 -0.451698
v -42.727539 -23.438049 -0.751434
v -42.566895 -24.236023 -0.753944
v -44.321045 -4.886425 -1.397745
v -44.321045 -4.886425 -0.244102
v -44.321045 -7.661873 -1.397745
v -44.321045 -7.661873 -0.244103
v -44.321045 -12.313286 -1.397745
v -44.321045 -12.313286 -0.244102
v -44.321045 -15.088734 -1.397745
v -44.321045 -15.088734 -0.244103
v -44.321045 -9.003750 -1.397745
v -44.321045 -9.003750 -0.244102
v -44.321045 -10.757084 -1.397745
v -44.321045 -10.757084 -0.244103
v -42.785545 0.777588 -1.681809
v -42.785545 0.777588 -0.371349
v -42.785545 6.623463 -0.371349
v -42.785545 6.623463 -1.681809
v -42.785545 -3.064987 -1.681809
v -42.785545 -3.064987 -0.371349
v -42.785545 -0.340969 -0.371349
v -42.785545 -0.340969 -1.681809
v -42.509666 -5.044006 0.683349
v -42.509666 -5.044006 1.993809
v -42.509666 -1.087475 1.993809
v -42.509666 -1.087475 0.683349
v -42.509666 -2.982414 1.993809
v -42.509666 -2.982414 0.683349
v -42.509666 -7.950165 0.683349
v -42.509666 -7.950165 1.993809
v -42.509666 -5.888573 1.993809
v -42.509666 -5.888573 0.683349
v -41.721825 -13.360394 0.683349
v -41.721825 -12.323788 1.993809
v -42.000877 -10.077061 1.993809
v -42.000877 -10.077061 0.683349
v -42.537495 -4.227890 3.514818
v -42.588642 -3.736168 5.143119
v -42.537495 -7.464081 5.112261
v -42.537495 -5.155575 4.658246
v -43.162888 62.948227 -3.802603
v -44.194881 76.524887 -3.418623
v -43.162888 60.858765 -1.732141
v -44.194881 75.417397 -1.790705
v -44.194881 75.971161 -3.802603
v -44.194881 65.721649 -3.802603
v -44.194881 66.627472 -1.790705
v -44.194881 71.139732 -1.790705
v -44.194881 69.972397 -1.790705
v -44.194881 73.389427 1.640692
v -44.194881 72.475784 1.640692
v -43.709358 74.669174 -2.053940
v -43.709358 74.669174 -0.760319
v -43.253338 66.671112 -0.760319
v -43.709358 74.669174 -1.362420
v -43.709358 75.601021 -0.760319
v -43.253338 64.129547 -1.925995
v -43.253338 62.348827 -1.907578
v -43.709393 68.660858 -2.053940
v -43.253338 65.114655 -1.597000
v -43.767147 75.776588 -0.861575
v -43.417538 66.174110 -0.861575
v -43.417538 67.724113 0.434946
v -43.532982 70.564186 -0.760319
v -43.560844 70.544693 -1.858721
v -43.709358 74.669174 -0.760319
v -43.709358 74.669174 -1.362420
v -43.532982 70.564186 -0.760319
v -43.560844 70.544693 -1.858721
v -43.767147 75.549461 -0.522408
v -43.675148 73.226273 -0.522408
v -43.676208 73.130959 -0.133498
v -43.444134 73.647461 -0.322359
v -43.444134 69.601654 -0.322359
v -43.444134 73.647461 3.723444
v -43.444134 69.601654 3.723444
v -44.377754 66.109482 -2.203596
v -44.377754 75.415642 -2.203596
v -44.377754 75.833855 -2.744659
v -44.377754 68.661453 -2.744659
v -43.802204 62.758831 -2.490774
v -43.968899 63.264694 -2.490776
v -43.697220 63.354229 -2.947528
v -43.530525 62.848381 -2.947527
v -43.162888 83.829941 -3.741758
v -44.194881 93.569626 -3.418623
v -43.162888 80.461174 -2.037348
v -44.194881 92.462128 -2.095911
v -44.194881 93.015900 -3.802603
v -44.194881 85.874779 -3.802603
v -44.194881 86.229889 -2.095911
v -44.194881 89.004417 -2.095911
v -44.194881 87.822601 -2.095911
v -44.194881 90.416855 -0.681177
v -44.194881 89.752426 -0.639086
v -43.162888 82.023148 -3.077568
v -44.194881 91.990288 -2.495920
v -43.162842 80.552605 -2.039330
v -44.194881 90.163933 -1.763376
v -43.162842 84.758263 -1.644859
v -43.557919 89.609276 -1.890787
v -43.109921 85.720978 -1.890787
v -42.990292 87.130630 -1.171938
v -43.906563 83.222565 -2.453528
v -44.377754 92.528725 -2.453528
v -44.377754 92.946938 -2.819441
v -44.377754 85.845123 -2.819441
v -43.480179 81.813690 -2.545007
v -43.480179 81.813690 -2.126477
v -44.416420 87.009598 -2.126477
v -44.416420 87.009598 -2.545007
v -44.377754 85.936768 -2.453528
v -43.162888 -45.310425 -3.802603
v -44.194881 -35.103432 -3.418623
v -43.162888 -48.376541 -1.732141
v -44.194881 -35.657150 -3.802603
v -44.194881 -42.537003 -3.802603
v -44.194881 -41.115135 -1.790705
v -43.253338 -41.289085 -0.760319
v -43.253338 -42.464233 -1.925995
v -43.767147 -36.917923 -0.861575
v -43.417538 -41.568497 -0.861575
v -43.417538 -40.018494 0.434946
v -43.532982 -37.642166 -0.760319
v -43.560844 -37.661659 -1.858721
v -43.767147 -37.145050 -0.522408
v -43.675148 -38.402451 -0.380623
v -43.676208 -38.497757 0.228815
v -43.591484 -38.186157 0.200474
v -43.591484 -40.678337 0.200474
v -43.591484 -38.186157 2.692650
v -43.591484 -40.678337 2.692650
v -43.802204 -45.499817 -2.490774
v -43.968899 -44.993958 -2.490776
v -43.697220 -44.904419 -2.947528
v -43.530525 -45.410271 -2.947527
v -44.194881 -35.081177 -2.336220
v -44.194881 -36.962692 -2.336220
v -44.194881 -37.155502 -1.790705
v -43.162888 -46.775925 -2.073807
v -43.583637 -39.359001 -0.861575
v -43.583797 -39.358994 -0.861575
v -43.583637 -39.897346 -2.111681
v -43.627743 -39.452759 -2.111681
v -43.583637 -37.596962 3.302000
v -43.583637 -42.073814 -2.111681
v -43.627743 -41.487106 -2.111681
v -43.767147 -37.995743 1.040540
v -43.767147 -38.222870 1.379707
v -43.675148 -39.480270 1.521492
v -43.627743 -40.139175 1.040540
v -43.583637 -38.672615 1.413854
v -44.194881 -41.414146 -2.213795
v -43.162888 -46.557961 -2.256526
v -42.072708 -74.529121 -3.870522
v -44.077438 -51.847168 -2.350776
v -42.072769 -76.560471 -1.555139
v -44.077549 -52.382065 -1.555140
v -44.077438 -52.600891 -3.870522
v -44.077438 -69.963989 -3.870522
v -43.088066 -52.713493 -0.707434
v -43.087997 -70.522644 -0.707434
v -43.088066 -53.508446 0.379087
v -43.088066 -66.697495 -0.707434
v -43.087967 -67.427605 0.573711
v -42.608307 -54.706909 -2.079843
v -42.608307 -54.957718 -0.662783
v -42.608307 -71.194153 -2.079843
v -42.608307 -70.123833 -0.662783
v -42.764473 -57.773361 1.211431
v -42.240993 -65.251656 1.211431
v -42.764473 -58.440514 2.127150
v -42.764473 -62.857056 1.211431
v -42.584076 -60.009232 2.127150
v -42.404510 -62.878357 2.127150
v -42.314285 -59.128319 1.941983
v -42.314285 -62.129906 1.941983
v -42.314285 -59.111900 5.370476
v -42.314285 -62.129906 5.370476
v -42.608307 -54.706909 -1.396573
v -42.608307 -53.626091 -0.575636
v -42.872128 -74.519783 -2.169168
v -43.170227 -73.680847 -2.169172
v -42.968971 -73.423676 -2.813841
v -42.670876 -74.262596 -2.813837
v -44.141457 -69.429756 -2.725296
v -44.141457 -69.429756 -2.093169
v -44.141457 -55.789291 -2.093169
v -44.141457 -55.789291 -2.725296
v -43.901855 -70.632179 -1.555138
v -42.767143 -61.504646 -1.822122
v -42.767143 -61.504646 -0.862967
v -42.767143 -54.997108 -0.862967
v -42.767143 -54.997108 -1.822122
v -42.767143 -65.077171 -1.822122
v -42.767143 -65.077171 -0.862967
v -42.767143 -62.544586 -0.862967
v -42.767143 -62.544586 -1.822122
v -42.536522 -61.250076 2.127150
v -42.584076 -59.038284 4.179726
v -42.536522 -59.808472 4.179726
v -43.088043 -58.445915 0.379087
v -43.088036 -60.171097 0.573711
v -42.764473 -59.033913 1.211431
v -42.764473 -60.765366 1.211431
v -43.088066 -65.296860 -1.914999
v -42.240993 -67.141342 0.462055
v -42.240993 -65.216286 1.246909
v -42.587933 -59.781219 1.246909
v -42.587933 -59.781219 0.462055
v -42.587933 -62.964615 0.462055
v -42.587933 -62.964615 1.246909
v -43.087997 -68.250206 -0.707434
v -43.087997 -66.738663 -1.914999
v -43.088066 -56.231964 -0.707434
v -43.088066 -57.401352 -0.707434
v -43.088066 -55.346619 -1.763049
v -43.088066 -56.516006 -1.763049
v -42.767143 -69.291222 -1.822122
v -42.767143 -69.291222 -0.862967
v -42.767143 -67.517471 -0.862967
v -42.767143 -67.517471 -1.822122
v -43.074131 104.649429 -3.906931
v -44.259895 117.461861 -3.465736
v -44.259895 116.825638 -3.906931
v -44.259895 107.502670 -3.906931
v -43.808708 104.098373 -2.399632
v -44.000244 104.679611 -2.399635
v -43.688084 104.782501 -2.924444
v -43.496552 104.201263 -2.924443
v -44.259895 116.736099 -2.402712
v -44.259895 106.992157 -2.092786
v -43.074131 102.378159 -1.930120
v -43.705246 113.886787 -2.464546
v -43.705246 105.353622 -2.464546
v -43.452221 113.483513 -1.630410
v -43.452221 107.907318 -1.790911
v -43.839615 112.888535 -2.539173
v -43.839615 108.711052 -2.539173
v -43.586590 112.600510 -1.948817
v -43.586590 108.842384 -1.948817
v -43.839615 109.474854 -1.722294
v -43.839615 109.196785 -1.722294
v -43.586590 109.474854 10.491467
v -43.586590 109.196785 10.491467
v -43.839615 115.902908 -1.087998
v -43.839615 109.449394 -1.087998
v -43.586590 109.408928 -0.108189
v -43.843262 109.226204 -1.316119
v -43.843262 108.527260 -1.316119
v -43.586590 109.226662 2.866464
v -43.074131 121.642761 -3.906931
v -44.259895 132.992096 -3.465736
v -44.259895 132.630325 -3.906931
v -44.259895 124.332191 -3.906931
v -44.259895 132.740067 -2.494799
v -44.259895 123.821678 -1.985227
v -43.074131 120.654640 -1.906079
v -43.705246 129.845917 -2.464546
v -43.705246 122.946358 -2.464546
v -43.452221 129.442657 -1.630410
v -43.452221 125.500061 -1.790911
v -43.839615 128.913956 -2.539173
v -43.839615 125.540581 -2.539173
v -43.586590 128.625931 -1.948817
v -43.586590 125.671913 -1.948817
v -43.839615 126.304382 -1.722294
v -43.839615 126.026314 -1.722294
v -43.586590 126.304382 10.860905
v -43.586590 126.026314 10.860905
v -43.839615 132.732437 -1.087998
v -43.839615 126.278923 -1.087998
v -43.586590 126.238457 -0.367627
v -43.843262 126.055733 -1.316119
v -43.843262 125.185982 -1.316119
v -43.586590 126.056190 6.599076
v -44.733414 116.672562 -2.739071
v -44.733414 109.603477 -2.375240
v -44.480389 116.530807 -2.498932
v -44.327393 124.219948 -2.784638
v -44.327393 124.219948 -2.366109
v -44.327393 127.364197 -2.366109
v -44.327393 127.364197 -2.784638
v -43.074131 148.562653 -3.906931
v -44.259895 161.567810 -3.465736
v -44.259895 161.206024 -3.906931
v -44.259895 151.884186 -3.906931
v -44.259895 161.315765 -2.494799
v -44.259895 151.373672 -1.985227
v -43.074131 148.206635 -1.906079
v -43.705246 157.829163 -2.464546
v -43.705246 150.498352 -2.464546
v -43.452221 157.425888 -1.630410
v -43.452221 153.052063 -1.790911
v -43.839615 156.897186 -2.539173
v -43.839615 153.092575 -2.539173
v -43.586590 156.609161 -1.948817
v -43.586590 153.223907 -1.948817
v -43.839615 153.856384 -1.722294
v -43.839615 153.578308 -1.722294
v -43.586590 153.856384 10.860905
v -43.586590 153.578308 10.860905
v -43.839615 160.284424 -1.087998
v -43.839615 153.830917 -1.087998
v -43.586590 153.790451 -0.367627
v -43.843262 153.607727 -1.316119
v -43.843262 152.737976 -1.316119
v -43.586590 153.608185 6.599076
v -44.327393 154.009125 -2.965325
v -44.327393 154.009125 -2.546796
v -44.327393 157.153381 -2.546796
v -44.327393 157.153381 -2.965325
v -43.074131 165.870667 -3.906931
v -44.259895 178.734863 -3.465736
v -44.259895 178.098633 -3.906931
v -44.259895 169.029663 -3.906931
v -44.259895 177.526245 -2.402712
v -44.259895 167.949127 -2.092786
v -43.074131 163.335144 -1.930120
v -43.705246 174.729858 -2.464546
v -43.705246 166.310608 -2.464546
v -43.452221 174.326569 -1.630410
v -43.452221 168.864319 -1.790911
v -43.839615 173.731598 -2.539173
v -43.839615 169.765198 -2.539173
v -43.586590 173.443573 -1.948817
v -43.586590 170.194519 -1.968379
v -43.839615 170.431854 -1.722294
v -43.839615 170.153778 -1.722294
v -43.586590 170.431854 10.491467
v -43.586590 170.153778 10.491467
v -43.839615 176.859894 -1.087998
v -43.839615 170.406372 -1.087998
v -43.586590 170.365906 -0.108189
v -43.843262 170.183197 -1.316119
v -43.843262 169.484253 -1.316119
v -43.586590 170.183655 2.866464
v -44.733414 177.462708 -2.739071
v -44.733414 170.560455 -2.375240
v -44.480389 177.320953 -2.498932
v -44.466309 169.587006 -2.904244
v -44.466309 169.587006 -2.485715
v -44.466309 172.731247 -2.485715
v -44.466309 172.731247 -2.904244
v -9.518563 -134.314621 -8.537941
v -9.518563 -134.314621 -5.874062
v -9.518567 -202.472885 -8.537819
v -9.518567 -202.472885 -5.874062
v 40.515553 -9.151647 -20.585804
v 32.822418 -117.558960 -20.585804
v 32.822418 -117.558960 -5.340733
v 40.515553 -9.151670 -5.340733
v 13.421185 -202.865814 -8.537941
v 13.421185 -202.865814 -5.874062
v 13.421855 -279.148285 -8.537819
v 13.421855 -279.148285 -5.874062
v 72.435303 -145.685867 -20.585972
v 72.430534 -197.483063 -20.585972
v 72.430534 -197.483063 -5.340900
v 72.435303 -145.685867 -5.340900
v 22.762541 142.412125 -11.697392
v 22.761221 21.073215 -11.697392
v 22.761221 21.073215 -4.622898
v 22.762541 142.412079 -4.622898
v 37.003746 230.697723 -11.697651
v 37.002430 109.358810 -11.697651
v 37.002430 109.358810 -4.623158
v 37.003746 230.697662 -4.623158
v 83.198975 13.400644 -10.190601
v 83.198975 53.270897 -10.190601
v 83.198975 13.400644 -46.906811
v 83.198975 53.270897 -46.906803
v 85.179199 55.336006 -10.190601
v 85.179199 55.336006 -46.906803
v 96.121620 55.336006 -10.190601
v 96.121620 55.336006 -46.906803
v 98.781281 55.336006 -10.190601
v 98.781281 55.336006 -46.906803
v 83.771240 -40.549400 -7.917011
v 83.771240 -40.549400 -36.629169
v 83.771240 -49.691406 -7.917011
v 83.771240 -49.691406 -36.629169
v 96.697266 -40.549400 -7.917011
v 96.697266 -40.549393 -36.629173
v 79.306641 -49.691414 -7.917011
v 79.306641 -49.691414 -36.629169
v 79.306641 -68.722313 -7.917011
v 79.306641 -68.722313 -36.629173
v 99.655815 -127.743790 -5.115971
v 92.379761 -128.859695 -5.115971
v 87.623703 -132.037460 -5.115971
v 84.446037 -136.793350 -5.115971
v 83.330055 -143.360107 -5.115971
v 99.655815 -127.743790 -98.317093
v 92.112099 -129.038483 -98.317093
v 92.379761 -157.860519 -5.115971
v 87.623703 -154.682739 -5.115971
v 84.446037 -149.926865 -5.115971
v 92.379761 -157.860519 -98.317093
v 87.623703 -154.682739 -98.317093
v 84.446037 -149.926865 -98.317093
v 83.330055 -143.360107 -98.317093
v 87.623703 -132.037460 -98.317093
v 84.446037 -136.793350 -98.317093
v 83.635498 75.934120 -5.217000
v 83.805527 115.976219 -5.217001
v 83.635498 75.934097 -79.419876
v 83.833862 115.976219 -79.419876
v 96.647705 115.976227 -5.216999
v 96.647705 115.976227 -79.419876
v 96.647705 115.976227 -5.217001
v 96.647705 115.976227 -5.217001
v 148.679214 -17.329605 -8.073505
v 148.679214 -17.329605 -71.984695
v 134.339844 -17.329605 -8.073505
v 134.339844 -17.329603 -71.984695
v 134.339828 -52.922623 -8.073505
v 134.339828 -52.922623 -71.984695
v 109.247063 -6.137638 -8.073505
v 109.247063 -6.137638 -49.636646
v 92.881096 -6.137638 -8.073505
v 92.881096 -6.137638 -49.636646
v 92.881096 -23.761520 -8.073505
v 92.881096 -23.761520 -46.769001
v 92.881096 -21.554916 -46.769001
v 92.881096 -9.272987 -49.636646
v 95.416016 -2.172092 -8.073505
v 95.416016 -2.172092 -45.706928
v 107.161865 -2.172092 -8.073505
v 107.161865 -2.172092 -45.706928
v 95.416016 -6.280476 -8.073505
v 95.416016 -6.280476 -45.706928
v 95.416016 -4.523506 -8.073505
v 95.416016 -4.523506 -45.706928
v 92.881096 -21.554901 -49.636631
v -43.363281 -22.486313 -3.928730
v -43.363281 10.894077 -4.413029
v -43.363281 -27.028305 -7.818516
v -43.363281 10.134407 -6.761784
v -43.363281 10.246407 -3.928730
v -43.363281 2.376789 -5.981255
v -43.363281 -13.006363 -5.981255
v -43.363281 1.659210 -10.988972
v -43.363281 -2.440132 -11.359440
v -43.363281 -9.190941 -11.242924
v -43.363281 -1.618412 -10.988972
v -43.363281 -8.329483 -12.904896
v -43.363281 -3.100075 -12.904896
v -43.363281 -8.358105 -18.346134
v -43.363281 -3.100075 -18.346134
v -43.363281 -4.227890 -11.328587
v -43.363281 -3.736168 -12.956882
v -43.363281 -7.464081 -12.926029
v -43.363281 -5.155575 -12.472019
v -43.363281 104.649429 -3.906834
v -43.363281 117.461861 -4.348042
v -43.363281 116.825638 -3.906834
v -43.363281 107.502670 -3.906834
v -43.363281 116.736099 -5.411060
v -43.363281 106.992157 -5.720982
v -43.363281 102.378159 -5.883656
v -43.363281 113.886787 -5.349232
v -43.363281 105.353622 -5.349232
v -43.363281 113.483513 -6.183353
v -43.363281 107.907318 -6.022861
v -43.363281 109.474854 -6.091480
v -43.363281 109.196785 -6.091480
v -43.363281 109.474854 -18.305241
v -43.363281 109.196785 -18.305241
v -43.363281 115.902908 -6.725773
v -43.363281 109.449394 -6.725773
v -43.363281 109.408928 -7.705585
v -43.363281 109.226204 -6.497654
v -43.363281 108.527260 -6.497654
v -43.363281 109.226662 -10.680241
v -43.363281 121.642761 -3.906834
v -43.363281 132.992096 -4.348042
v -43.363281 132.630325 -3.906834
v -43.363281 124.332191 -3.906834
v -43.363281 132.740067 -5.318974
v -43.363281 123.821678 -5.828541
v -43.363281 120.654640 -5.907688
v -43.363281 129.845917 -5.349232
v -43.363281 122.946358 -5.349232
v -43.363281 129.442657 -6.183353
v -43.363281 125.500061 -6.022861
v -43.363281 126.304382 -6.091480
v -43.363281 126.026314 -6.091480
v -43.363281 126.304382 -18.674671
v -43.363281 126.026314 -18.674671
v -43.363281 132.732437 -6.725773
v -43.363281 126.278923 -6.725773
v -43.363281 126.238457 -7.446140
v -43.363281 126.055733 -6.497654
v -43.363281 125.185982 -6.497654
v -43.363281 126.056190 -14.412846
v -43.363281 148.562653 -3.906834
v -43.363281 161.567810 -4.348042
v -43.363281 161.206024 -3.906834
v -43.363281 151.884186 -3.906834
v -43.363281 161.315765 -5.318974
v -43.363281 151.373672 -5.828541
v -43.363281 148.206635 -5.907688
v -43.363281 157.829163 -5.349232
v -43.363281 150.498352 -5.349232
v -43.363281 157.425888 -6.183353
v -43.363281 153.052063 -6.022861
v -43.363281 153.856384 -6.091480
v -43.363281 153.578308 -6.091480
v -43.363281 153.856384 -18.674671
v -43.363281 153.578308 -18.674671
v -43.363281 160.284424 -6.725773
v -43.363281 153.830917 -6.725773
v -43.363281 153.790451 -7.446140
v -43.363281 165.870667 -3.906834
v -43.363281 178.734863 -4.348042
v -43.363281 178.098633 -3.906834
v -43.363281 169.029663 -3.906834
v -43.363281 177.526245 -5.411060
v -43.363281 167.949127 -5.720982
v -43.363281 163.335144 -5.883656
v -43.363281 174.729858 -5.349232
v -43.363281 166.310608 -5.349232
v -43.363281 174.326569 -6.183353
v -43.363281 168.864319 -6.022861
v -43.363281 170.431854 -6.091480
v -43.363281 170.153778 -6.091480
v -43.363281 170.431854 -18.305241
v -43.363281 170.153778 -18.305241
v -43.363281 176.859894 -6.725773
v -43.363281 170.406372 -6.725773
v -43.363281 170.365906 -7.705585
v 83.771240 -78.532181 -7.917011
v 83.771240 -78.532181 -43.163330
v 83.771240 -87.674187 -7.917011
v 83.771240 -87.674187 -43.163330
v 96.697266 -78.532181 -7.917011
v 96.697266 -78.532173 -43.163330
v 79.306641 -87.674194 -7.917011
v 79.306641 -87.674194 -43.163330
v 79.306641 -106.705093 -7.917011
v 79.306641 -106.705093 -43.163330
v -43.363281 82.620987 -3.906834
v -43.363281 95.433426 -4.348042
v -43.363281 94.797195 -3.906834
v -43.363281 85.474228 -3.906834
v -43.363281 94.707657 -5.411060
v -43.363281 84.963715 -5.720982
v -43.363281 80.349716 -5.883656
v -43.363281 24.069588 -3.493931
v -43.363281 57.449978 -3.978230
v -43.363281 19.527596 -7.383717
v -43.363281 56.690308 -6.326984
v -43.363281 56.802307 -3.493931
v -43.363281 48.932690 -5.546455
v -43.363281 33.549538 -5.546455
v -43.363281 48.215111 -10.554173
v -43.363281 44.115768 -10.924641
v -43.363281 37.364960 -10.808125
v -43.363281 44.937489 -10.554173
v -43.363281 38.226418 -12.470097
v -43.363281 43.455826 -12.470097
v -43.363281 38.197796 -17.911335
v -43.363281 43.455826 -17.911335
v -43.363281 42.328011 -10.893787
v -43.363281 42.819733 -12.522083
v -43.363281 39.091820 -12.491230
v -43.363281 41.400326 -12.037220
v -43.363281 -45.590004 -3.722872
v -43.363281 -35.037682 -4.164080
v -43.363281 -35.561672 -3.722872
v -43.363281 -43.240074 -3.722872
v -43.363281 -35.635418 -5.227098
v -43.363281 -43.660534 -5.537020
v -43.363281 -47.460625 -5.699694
v -43.363281 -37.982113 -5.165270
v -43.363281 -45.010033 -5.165270
v -43.363281 -38.314247 -5.999392
v -43.363281 -42.906807 -5.838900
v -43.363281 -35.687748 -4.890734
v -43.363281 -41.509850 -5.254564
v -43.363281 -35.804497 -5.130877
v -43.363281 -71.367798 -3.439303
v -43.363281 -51.565445 -3.812459
v -43.363281 -74.062248 -6.436413
v -43.363281 -52.016109 -5.622193
v -43.363281 -51.949669 -3.439303
v -43.363281 -56.618183 -5.020789
v -43.363281 -65.743973 -5.020789
v -43.363281 -57.043873 -8.879273
v -43.363281 -59.475742 -9.164722
v -43.363281 -63.480545 -9.074945
v -43.363281 -58.988266 -8.879273
v -43.363281 -62.969498 -10.355508
v -43.363281 -59.867241 -10.355508
v -43.363281 -62.986473 -14.548023
v -43.363281 -59.867241 -14.548023
v -43.363281 -60.536301 -9.140949
v -43.363281 -60.244591 -10.395564
v -43.363281 -62.456116 -10.371792
v -43.363281 -61.086632 -10.021973
v -43.363281 63.169334 -3.906834
v -43.363281 75.981766 -4.348042
v -43.363281 75.345543 -3.906834
v -43.363281 66.022575 -3.906834
v -43.363281 75.256004 -5.411060
v -43.363281 65.512062 -5.720982
v -43.363281 60.898064 -5.883656
v -43.363281 72.406693 -5.349232
v -43.363281 63.873528 -5.349232
v -43.363281 72.003418 -7.234322
v -43.363281 66.427223 -7.073830
v 103.016357 18.682018 -10.190601
v 103.016357 58.552273 -10.190601
v 103.016357 18.682018 -46.906811
v 103.016357 58.552273 -46.906803
v 104.996582 60.617382 -10.190601
v 104.996582 60.617382 -46.906803
v 115.938995 60.617382 -10.190601
v 115.938995 60.617382 -46.906803
v 118.598663 60.617382 -10.190601
v 118.598663 60.617382 -46.906803
v 51.311768 170.174423 -32.953327
v 51.311768 200.304123 -32.953327
v 51.311768 170.174423 -8.362630
v 51.311768 200.304123 -8.287154
vt 0.025623 0.022623
vt 0.025623 0.247258
vt -0.974621 0.247258
vt -0.974620 0.022623
vt 0.025623 0.175655
vt 0.025623 0.998182
vt -0.974621 0.998182
vt -0.974620 0.175655
vt 0.037172 -1.779314
vt 0.302635 -1.779314
vt 0.077581 -14.470905
vt -2.230605 -11.532686
vt -2.496068 -11.532686
vt 0.251247 -14.471065
vt -2.087921 -8.135756
vt -2.349661 -8.134224
vt 0.286294 -4.667429
vt 0.022389 -4.668564
vt 0.077581 -14.470905
vt 0.305415 -11.532686
vt 0.039952 -11.532686
vt 0.305415 -11.532686
vt -2.496068 -11.532686
vt -2.230744 -8.135756
vt -2.230744 -8.135756
vt -2.492484 -8.134224
vt -2.349661 -8.134224
vt -2.106903 -4.667429
vt -2.106903 -4.667429
vt -2.370808 -4.668564
vt 0.022389 -4.668564
vt 0.302635 -1.779314
vt 0.000000 0.000000
vt 1.000000 0.000000
vt 0.000000 1.000000
vt 1.000000 1.000000
vt -2.493963 -9.536556
vt -2.230688 -9.504372
vt 0.001404 1.000000
vt 1.001404 1.000000
vt 1.001404 0.000000
vt 0.001404 0.000000
vt 7.375605 -0.011940
vt 7.375605 0.998279
vt -31.500113 0.997868
vt -31.506632 -0.200218
vt 7.375599 0.998265
vt 7.375599 -0.011954
vt 2.724648 -0.012025
vt 2.724648 0.998194
vt -0.974614 0.998182
vt -0.974613 -0.052331
vt 7.375602 0.998267
vt 7.087764 -0.013568
vt 7.375599 0.998262
vt 7.375599 -0.011956
vt 6.795269 -0.011976
vt 6.795262 0.998221
vt -1.026399 0.998162
vt -1.026391 -0.052903
vt 242.056396 1.000674
vt -193.252792 0.996209
vt 0.594318 0.998187
vt 2.724664 0.998194
vt 3.091906 0.998193
vt 6.795487 0.998221
vt -0.974606 0.998182
vt -31.503895 0.997868
vt 7.577584 0.998269
vt -0.774804 0.998182
vt -0.785728 0.998182
vt 2.500958 0.998193
vt -1.250085 0.998160
vt 2.500979 0.998194
vt 6.795287 0.998221
vt 0.025623 0.264769
vt 0.025623 0.614976
vt -0.974621 0.614976
vt -0.974620 0.264769
vt 0.025623 0.264769
vt 0.025623 0.614976
vt -2.621318 0.614976
vt -2.621317 0.264769
vt 0.025623 0.264769
vt 0.025623 0.614976
vt -1.726525 0.614976
vt -1.726524 0.264769
vt -0.023671 0.646149
vt -0.023671 1.006898
vt -0.505030 1.006898
vt -0.505030 0.646149
vt -0.517307 0.646149
vt -0.517307 1.006898
vt -1.001251 1.006898
vt -1.001250 0.646149
vt -0.517307 0.646149
vt -0.517307 1.006898
vt -1.001251 1.006898
vt -1.001250 0.646149
vt -0.023671 0.646149
vt -0.023671 1.006898
vt -0.505030 1.006898
vt -0.505030 0.646149
vt 0.077581 -14.470905
vt 0.305415 -11.532686
vt 0.039952 -11.532686
vt 0.077581 -14.470905
vt 0.251247 -14.471065
vt 0.305415 -11.532686
vt 0.025623 0.022623
vt 0.025623 0.247258
vt -2.258141 0.247258
vt -2.258140 0.022623
vt -0.517306 0.646149
vt -0.517306 1.006898
vt -1.001250 1.006898
vt -1.001250 0.646149
vt 0.077581 -14.470905
vt 0.251247 -14.471065
vt 0.305415 -11.532686
vt -0.023671 0.646149
vt -0.023671 1.006898
vt -0.505030 1.006898
vt -0.505030 0.646149
vt 0.120145 0.022623
vt 0.120145 0.247258
vt -1.114178 0.247258
vt -1.114177 0.022623
vt -0.023671 0.646149
vt -0.023671 1.006898
vt -0.505030 1.006898
vt -0.505030 0.646149
vt 0.077581 -14.470905
vt 0.251247 -14.471065
vt 0.305415 -11.532686
vt 0.025623 0.175655
vt 0.025623 0.998182
vt -0.974621 0.998182
vt -0.974620 0.175655
vt 6.372499 0.998217
vt 6.795354 0.998221
vt 6.372577 0.998218
vt 6.795340 0.998221
vt 6.795396 0.998221
vt 6.795354 0.998221
vt 6.795396 0.998221
vt 6.795340 0.998221
vt 7.335040 -0.011976
vt 7.335039 0.998228
vt -1.418930 0.998157
vt -1.418929 -0.054957
vt 6.795350 0.998221
vt 6.863835 0.998221
vt 6.372616 0.998218
vt 6.372903 0.998218
vt 0.077581 -14.470905
vt 0.305415 -11.532686
vt 0.039952 -11.532686
vt 0.077581 -14.470905
vt 0.251247 -14.471065
vt 0.305415 -11.532686
vt -2.349661 -8.134224
vt -2.087921 -8.135756
vt -2.106903 -4.667429
vt -2.106903 -4.667429
vt -2.370808 -4.668564
vt -2.349661 -8.134224
vt 0.302635 -1.779314
vt 0.037172 -1.779314
vt 0.022389 -4.668564
vt 0.022389 -4.668564
vt 0.286294 -4.667429
vt 0.302635 -1.779314
vt 1.000000 1.000000
vt 0.000000 1.000000
vt 0.000000 0.000000
vt 1.000000 0.000000
vt -2.496068 -11.532686
vt -2.230605 -11.532686
vt -2.230688 -9.504372
vt -2.230744 -8.135756
vt -2.493963 -9.536556
vt -2.496068 -11.532686
vt -2.492484 -8.134224
vt -2.230744 -8.135756
vt 1.000000 1.000000
vt 0.000000 1.000000
vt 0.000000 0.000000
vt 1.000000 0.000000
vt 0.001404 1.000000
vt 1.001404 1.000000
vt 1.001404 0.000000
vt 0.001404 0.000000
vt -0.023671 0.646149
vt -0.023671 1.006898
vt -0.505030 1.006898
vt -0.505030 0.646149
vt -0.665493 0.264769
vt -0.665493 0.614976
vt -1.930202 0.614976
vt -1.930202 0.264769
vt 0.025623 0.175655
vt 0.025623 0.998182
vt -0.974621 0.998182
vt -0.974620 0.175655
vt 0.025674 0.022623
vt 0.025674 0.247258
vt -1.991398 0.247258
vt -1.991397 0.022623
vt 146.272522 0.999692
vt 1.793645 0.998191
vt -1.957422 0.998155
vt 1.982196 0.998192
vt -1.768870 0.998156
vt 5.419054 0.998247
vt 0.517494 0.998173
vt 137.635223 0.999603
vt 135.987167 0.999586
vt -15.383384 0.998034
vt -14.237436 0.998045
vt -2.496068 -11.532686
vt -2.230688 -9.504372
vt -2.230744 -8.135756
vt -2.230744 -8.135756
vt -2.492484 -8.134224
vt -2.496068 -11.532686
vt 0.077581 -14.470905
vt 0.305415 -11.532686
vt 0.039952 -11.532686
vt 0.077581 -14.470905
vt 0.251247 -14.471065
vt 0.305415 -11.532686
vt -2.349661 -8.134224
vt -2.087921 -8.135756
vt -2.106903 -4.667429
vt -2.106903 -4.667429
vt -2.370808 -4.668564
vt -2.349661 -8.134224
vt 0.302635 -1.779314
vt 0.037172 -1.779314
vt 0.022389 -4.668564
vt 0.022389 -4.668564
vt 0.286294 -4.667429
vt 0.302635 -1.779314
vt -2.230605 -11.532686
vt -2.493963 -9.536556
vt 1.000000 1.000000
vt 0.000000 1.000000
vt 0.000000 0.000000
vt 1.000000 0.000000
vt 0.001404 1.000000
vt 1.001404 1.000000
vt 1.001404 0.000000
vt 0.001404 0.000000
vt 0.077581 -14.470905
vt 0.251247 -14.471065
vt 0.305415 -11.532686
vt 0.077581 -14.470905
vt 0.251247 -14.471065
vt 0.305415 -11.532686
vt -0.505030 0.646149
vt -0.023671 0.646149
vt -0.505030 1.006898
vt -0.023671 1.006898
vt -0.517306 0.646149
vt -1.001250 1.006898
vt -0.517306 1.006898
vt -1.001250 0.646149
vt -0.023671 0.646149
vt -0.023671 1.006898
vt -0.505030 1.006898
vt -0.505030 0.646149
vt 4.103843 0.264769
vt 4.103843 0.614976
vt -1.729119 0.614976
vt -1.729117 0.264769
vt 1.180773 1.679018
vt 1.240789 1.679026
vt 1.240789 1.769453
vt 1.180773 1.769444
vt -17.306511 0.998014
vt -28.366405 0.997900
vt -29.643030 0.997887
vt -17.680895 0.998010
vt 1.180773 1.679018
vt 1.240789 1.679026
vt 1.240789 1.769453
vt 1.180773 1.769444
vt -2.496068 -11.532686
vt -2.230605 -11.532686
vt -2.230688 -9.504372
vt -2.230744 -8.135756
vt -2.493963 -9.536556
vt -2.496068 -11.532686
vt -2.492484 -8.134224
vt -2.230744 -8.135756
vt 1.000000 1.000000
vt 0.000000 1.000000
vt 0.000000 0.000000
vt 1.000000 0.000000
vt 0.001404 1.000000
vt 1.001404 1.000000
vt 1.001404 0.000000
vt 0.001404 0.000000
vt -2.496068 -11.532686
vt -2.230688 -9.504372
vt -2.230744 -8.135756
vt -2.230605 -11.532686
vt -2.230744 -8.135756
vt -2.493963 -9.536556
vt -2.496068 -11.532686
vt -2.492484 -8.134224
vt 1.000000 1.000000
vt 0.000000 1.000000
vt 0.000000 0.000000
vt 1.000000 0.000000
vt 4.103843 0.264769
vt 4.103843 0.614976
vt -1.729119 0.614976
vt -1.729117 0.264769
vt -0.517306 0.646149
vt -0.517306 1.006898
vt -1.001250 1.006898
vt -1.001250 0.646149
vt -0.023671 0.646149
vt -0.023671 1.006898
vt -0.505030 1.006898
vt -0.505030 0.646149
vt 0.077581 -14.470905
vt 0.251247 -14.471065
vt 0.305415 -11.532686
vt 0.077581 -14.470905
vt 0.251247 -14.471065
vt 0.305415 -11.532686
vt -0.505030 0.646149
vt -0.023671 0.646149
vt -0.505030 1.006898
vt -0.023671 1.006898
vt -0.517306 0.646149
vt -1.001250 1.006898
vt -0.517306 1.006898
vt -1.001250 0.646149
vt -0.023671 0.646149
vt -0.023671 1.006898
vt -0.505030 1.006898
vt -0.505030 0.646149
vt -2.496068 -11.532686
vt -2.230605 -11.532686
vt -2.230688 -9.504372
vt -2.230744 -8.135756
vt -2.493963 -9.536556
vt -2.496068 -11.532686
vt -2.492484 -8.134224
vt -2.230744 -8.135756
vt 0.001404 1.000000
vt 1.001404 1.000000
vt 1.001404 0.000000
vt 0.001404 0.000000
vt 1.951450 3.187202
vt 1.772460 3.187202
vt 1.772460 -2.047090
vt 1.951450 -2.047089
vt 1.908500 -2.047089
vt 1.908501 3.187202
vt 1.908501 3.187202
vt 1.772460 3.187202
vt 1.772460 -2.047090
vt 1.908500 -2.047089
vt 1.951450 3.187202
vt 1.951450 -2.047089
vt 1.908501 3.187202
vt 1.772460 3.187202
vt 1.772460 -2.047090
vt 1.908500 -2.047089
vt 1.951450 3.187202
vt 1.951450 -2.047089
vt -11.066003 0.027170
vt -12.084111 0.983155
vt -19.377728 1.006352
vt -19.945299 0.027170
vt -13.795313 0.027170
vt -13.803141 0.983155
vt -14.592898 0.027170
vt -14.638714 0.983155
vt -15.831565 0.027170
vt -15.880284 0.983155
vt -17.238686 0.027170
vt -17.248699 0.992920
vt -18.095060 0.027170
vt 1.908501 3.187202
vt 1.772460 3.187202
vt 1.772460 -2.047090
vt 1.908500 -2.047089
vt 1.951450 3.187202
vt 1.951450 -2.047089
vt 3.040520 11.841718
vt 1.118371 11.841718
vt 1.118371 0.830424
vt 3.040520 0.830424
vt 3.040520 0.830424
vt 0.022055 11.841718
vt 0.022055 11.841718
vt 0.022055 11.841718
vt 1.118371 0.830424
vt 1.118371 11.841718
vt 1.118371 0.830424
vt 1.118371 11.841718
vt 0.022055 11.841718
vt 0.022055 0.830424
vt 0.022055 11.841718
vt 0.022055 11.841718
vt 0.022055 0.830424
vt 0.022055 11.841718
vt 3.040520 0.830424
vt 1.118371 0.830424
vt 3.040520 0.830424
vt 1.118371 0.830424
vt 1.118371 0.830424
vt 0.022055 0.830424
vt 0.022055 0.830424
vt 1.107731 11.841718
vt 3.361494 11.841718
vt 3.361494 11.841718
vt 1.118371 11.841718
vt 1.118371 11.841718
vt 1.118371 11.841718
vt 0.022055 11.841718
vt 0.022055 11.841718
vt 1.107731 11.841718
vt 3.040520 11.841718
vt 3.040520 11.841718
vt 1.118371 11.841718
vt 1.118371 11.841718
vt 1.118371 11.841718
vt 0.022055 11.841718
vt 0.022055 11.841718
vt 0.022055 11.841718
vt 1.376391 1.947469
vt 1.595588 -0.294426
vt 1.595587 1.947469
vt 1.376391 -0.294425
vt 0.022055 11.841718
vt 1.376391 -0.294425
vt 1.595588 -0.294426
vt 3.040520 0.830424
vt 3.040520 0.830424
vt 0.022055 11.841718
vt 0.022055 11.841718
vt 2.320688 11.841717
vt 1.118371 11.841718
vt 1.118371 0.830424
vt 2.320688 0.830424
vt 0.022055 11.841718
vt 0.022055 11.841718
vt 0.022055 11.841718
vt 0.022055 11.841718
vt 1.118371 0.830424
vt 2.320688 0.830424
vt 3.352077 11.841718
vt 4.162467 11.841718
vt 4.162467 11.841718
vt 3.352710 11.841718
vt 1.280972 11.841718
vt 1.280972 11.841718
vt -0.465686 11.841718
vt -0.465686 11.841718
vt 3.952076 11.841718
vt 4.089211 11.841718
vt 4.089211 11.841718
vt 3.951734 11.841718
vt 1.185685 11.841718
vt 1.185685 11.841718
vt -0.179910 11.841718
vt -0.179911 11.841718
vt 2.320688 11.841717
vt 1.118371 11.841718
vt 1.118371 0.830424
vt 2.320688 0.830424
vt 1.376391 -0.294425
vt 1.595588 -0.294426
vt 1.595588 -0.294426
vt 1.376391 -0.294425
vt 1.377342 -0.294425
vt 1.595588 -0.294426
vt 1.376391 -0.294425
vt 1.595588 -0.294426
vt 1.595588 -0.294426
vt 1.376391 -0.294425
vt 1.595588 -0.294426
vt 1.376391 -0.294425
vt 2.320688 11.841717
vt 1.118371 11.841718
vt 1.118371 0.830424
vt 2.320688 0.830424
vt 1.339282 10.979556
vt 1.118371 10.979556
vt 1.118371 9.016815
vt 1.339282 9.016815
vt 1.739833 1.613838
vt 1.243079 1.851346
vt 1.739833 1.830065
vt 0.731588 1.145072
vt 1.629245 1.835490
vt 1.629245 1.619262
vt 1.140726 1.734150
vt 1.140727 1.849481
vt 1.739833 1.613838
vt 1.339282 10.979556
vt 1.118371 10.979556
vt 1.118371 9.016815
vt 1.339282 9.016815
vt 1.339282 10.979556
vt 1.118371 10.979556
vt 1.118371 9.016815
vt 1.339282 9.016815
vt 1.140726 1.734150
vt 1.243079 1.851346
vt 1.140727 1.849481
vt 1.243078 1.736015
vt 1.739833 1.613838
vt 1.739833 1.830065
vt 1.629245 1.835490
vt 1.629245 1.619262
vt 1.739833 1.613838
vt 1.140726 1.734150
vt 1.140727 1.849481
vt 1.243078 1.736015
vt 1.243079 1.851346
vt 0.659071 1.202302
vt 0.761423 1.319497
vt 0.659072 1.317632
vt 0.761423 1.204167
vt 1.559898 10.979556
vt 1.118371 10.979556
vt 1.118371 9.016815
vt 1.559899 9.016815
vt 1.739833 1.613838
vt 1.739833 1.830065
vt 1.739833 1.613838
vt 1.629245 1.619262
vt 1.629245 1.835490
vt 1.281764 1.162964
vt 1.281764 1.379192
vt 1.171177 1.384616
vt 1.171176 1.168388
vt 1.559898 10.979556
vt 1.118371 10.979556
vt 1.118371 9.016815
vt 1.559899 9.016815
vt 1.739833 1.613838
vt 1.739833 1.830065
vt 1.629245 1.835490
vt 1.629245 1.619262
vt 1.739833 1.613838
vt 1.140727 1.849481
vt 1.140726 1.734150
vt 1.140726 1.734150
vt 1.140727 1.849481
vt 1.739833 1.613838
vt 1.739833 1.830065
vt 1.629245 1.835490
vt 1.629245 1.619262
vt 1.739833 1.613838
vt 1.140727 1.849481
vt 1.140726 1.734150
vt 1.140726 1.734150
vt 1.140727 1.849481
vt 1.739833 1.613838
vt 1.739833 1.830065
vt 1.629245 1.835490
vt 1.629245 1.619262
vt 1.739833 1.613838
vt 1.140727 1.849481
vt 1.140726 1.734150
vt 1.140726 1.734150
vt 1.140727 1.849481
vt 1.211467 1.842843
vt 1.216019 1.735522
vt 0.731588 1.260403
vt 0.699976 1.251900
vt 0.704529 1.144579
vt 1.339282 11.707795
vt 1.118371 11.707795
vt 1.118371 9.016815
vt 1.339282 9.016815
vt 1.339282 11.707795
vt 1.118371 11.707795
vt 1.118371 9.016815
vt 1.339282 9.016815
vt 1.339282 11.707795
vt 1.118371 11.707795
vt 1.118371 9.016815
vt 1.339282 9.016815
vt 1.559898 11.707795
vt 1.118371 11.707795
vt 1.118371 9.016815
vt 1.559899 9.016815
vt 1.559898 11.707795
vt 1.118371 11.707795
vt 1.118371 9.016815
vt 1.559899 9.016815
vt 1.140726 1.734150
vt 1.216019 1.735522
vt 1.211467 1.842843
vt 0.731588 1.260403
vt 0.699976 1.251900
vt 0.704529 1.144579
vt 1.281764 1.162964
vt 1.281764 1.379192
vt 1.171177 1.384616
vt 1.171176 1.168388
vt 0.659071 1.202302
vt 0.761423 1.319497
vt 0.659072 1.317632
vt 0.761423 1.204167
vt 1.739833 1.613838
vt 1.739833 1.830065
vt 1.629245 1.835490
vt 1.629245 1.619262
vt 1.739833 1.613838
vt 1.140727 1.849481
vt 1.140726 1.734150
vt 1.140726 1.734150
vt 1.140727 1.849481
vt 1.243078 1.736015
vt 1.243078 1.736015
vt 1.243079 1.851346
vt 1.243079 1.851346
vt 1.739833 1.613838
vt 1.739833 1.830065
vt 1.739833 1.830065
vt 1.739833 1.613838
vt 1.629245 1.619262
vt 1.739833 1.613838
vt 1.739833 1.613838
vt 1.629245 1.619262
vt 1.629245 1.835490
vt 1.629245 1.835490
vt 1.739833 1.613838
vt 1.739833 1.830065
vt 1.629245 1.835490
vt 1.629245 1.619262
vt 1.739833 1.613838
vt 1.140727 1.849481
vt 1.140726 1.734150
vt 1.140726 1.734150
vt 1.140727 1.849481
vt 1.739833 1.613838
vt 1.739833 1.830065
vt 1.629245 1.835490
vt 1.629245 1.619262
vt 1.739833 1.613838
vt 1.140727 1.849481
vt 1.140726 1.734150
vt 1.140726 1.734150
vt 1.140727 1.849481
vt 1.739833 1.613838
vt 1.739833 1.830065
vt 1.629245 1.835490
vt 1.629245 1.619262
vt 1.739833 1.613838
vt 1.140727 1.849481
vt 1.140726 1.734150
vt 1.140726 1.734150
vt 1.140727 1.849481
vt 1.243079 1.851346
vt 1.140727 1.849481
vt 0.731588 1.145072
vt -1.097211 -3.787869
vt -0.390453 -3.787869
vt -0.426745 -15.278514
vt 0.036089 -15.278514
vt -1.097211 2.486670
vt -0.390453 2.486670
vt -0.426745 9.945696
vt 0.036089 9.945696
vt -1.000000 -15.278514
vt -1.000000 9.945696
vt 0.621715 2.486670
vt 0.621716 -3.787869
vt -0.967574 -3.223757
vt -0.967570 -3.154006
vt 0.036089 -3.787869
vt 0.036089 2.486670
vt 0.897575 1.828758
vt 1.129605 1.828758
vt 1.129605 1.828758
vt 0.897575 1.828758
vt -0.967570 -3.154006
vt -1.097523 2.486670
vt -0.390765 2.486670
vt -1.000214 9.945696
vt -0.426861 9.945696
vt 0.035973 9.945696
vt 0.036037 2.486670
vt 0.621664 2.486670
vt 1.129605 1.828758
vt -0.932317 9.945696
vt -0.935484 8.948409
vt -0.426745 8.948411
vt 0.036089 8.948409
vt 0.036089 2.238594
vt 1.120431 1.828758
vt 0.621715 2.238595
vt 1.518546 0.840246
vt 1.440534 0.868309
vt 1.440467 0.840589
vt 1.518613 0.867967
vt 1.754254 0.839794
vt 1.780087 0.867502
vt 1.780089 0.867502
vt 1.754253 0.867514
vt 1.778879 0.797907
vt 0.623769 0.298193
vt 0.623766 0.228598
vt 0.622559 0.228599
vt 1.754321 0.867514
vt 0.751905 0.627615
vt 0.738759 0.627615
vt 0.595083 0.297700
vt 0.593875 0.228106
vt 0.747933 0.627615
vt -2.838272 -15.278512
vt -2.265017 -15.278512
vt -2.265017 5.905178
vt -2.773734 5.905178
vt -2.773734 5.905178
vt -2.265017 5.905178
vt 0.743665 0.627615
vt 0.750281 0.627615
vt 0.754252 0.627615
vt 3.040521 22.901384
vt 0.030079 22.901384
vt 0.030079 0.830424
vt 3.040520 0.830424
vt 0.022055 11.841718
vt 0.022055 11.841718
vt 0.022055 11.841718
vt 0.030080 0.830424
vt 3.040520 22.901384
vt 0.030079 0.830424
vt 0.030079 22.901382
vt 0.030080 0.830424
vt 0.022055 11.841718
vt 0.022055 11.841718
vt 0.030080 0.830424
vt 0.030080 0.830424
vt 0.022055 11.841718
vt 0.022055 11.841718
vt 1.661386 -1.787645
vt 1.661386 3.731557
vt 0.847792 3.731557
vt 0.847792 -2.209431
vt 0.022055 11.841718
vt 0.022055 11.841718
vt 3.040520 0.830424
vt 0.030080 0.830424
vt 3.040520 0.830424
vt 3.040520 21.902914
vt 0.030079 0.830424
vt 0.030079 21.902912
vt 1.701955 1.666810
vt 1.743504 1.665399
vt 1.743504 1.894682
vt 1.701955 1.907650
vt 0.022055 11.841718
vt 0.022055 11.841718
vt 0.022055 11.841718
vt 0.022055 11.841718
vt 0.030080 0.830424
vt 0.030080 0.830424
vt 0.030080 0.830424
vt 0.030080 0.830424
vt -0.321085 3.731557
vt -0.321085 -2.209431
vt 0.030080 0.830424
vt 0.030080 0.830424
vt 0.863588 -2.209430
vt 0.863587 3.731558
vt 0.022055 11.841718
vt 0.022055 11.841718
vt 0.030080 0.830424
vt 0.030079 0.830424
vt 0.030079 0.830424
vt 0.022055 11.841718
vt 0.022055 11.841718
vt 0.022055 11.841718
vt 0.030079 0.830424
vt 0.030080 0.830424
vt 0.030080 0.830424
vt 0.022055 11.841718
vt 0.022055 11.841718
vt 0.022055 11.841718
vt 0.022055 11.841718
vt 0.022055 11.841718
vt 0.022055 11.841718
vt 0.022055 11.841718
vt 0.030079 0.830424
vt 0.030080 0.830424
vt 0.030080 0.830424
vt 0.030079 0.830424
vt 1.718106 1.677177
vt 1.743504 1.665399
vt 1.743504 1.894682
vt 1.718106 1.889496
vt 1.661386 -1.787645
vt 1.661386 3.731557
vt 0.847792 3.731558
vt 0.847792 -1.787645
vt 0.863587 3.731558
vt -0.321085 3.731557
vt -0.321085 -1.787645
vt 0.863588 -1.787644
vt 2.129575 3.482856
vt 2.129575 3.960613
vt 0.847792 3.960613
vt 0.847792 3.482857
vt 0.382885 3.960614
vt 0.382885 3.482858
vt 1.216900 1.603720
vt 1.278669 1.880591
vt 1.216900 1.833784
vt 1.278669 1.605970
vt 1.216900 1.878341
vt 1.159894 1.876076
vt 1.159894 1.831518
vt 1.170410 1.830402
vt 1.182057 1.873725
vt 1.182057 1.599104
vt 1.170410 1.600340
vt 0.728518 1.378786
vt 0.728518 1.104165
vt 0.699170 1.107278
vt 0.699170 1.381899
vt 0.826733 3.482857
vt 1.160370 1.831468
vt 0.826733 3.960613
vt 1.160370 1.876025
vt 0.141801 0.615702
vt 0.320542 0.615702
vt 0.141801 0.657942
vt 0.320542 0.657942
vt -0.279028 0.228970
vt -0.217384 0.228969
vt -0.279028 0.271210
vt -0.217384 0.271210
vt -0.267110 0.641054
vt -0.328754 0.641054
vt -0.328754 0.598814
vt -0.267110 0.598814
vt 0.320542 0.657942
vt 0.141801 0.657942
vt 0.141801 0.615702
vt 0.320542 0.615702
vt -0.267110 0.641054
vt -0.362697 0.641054
vt -0.362697 0.598814
vt -0.267110 0.598814
vt -0.279028 0.228970
vt -0.189944 0.228969
vt -0.189944 0.271210
vt -0.279028 0.271210
vt 0.320542 0.657942
vt 0.141801 0.657942
vt 0.141801 0.615702
vt 0.320542 0.615702
vt -0.267110 0.641054
vt -0.362697 0.641054
vt -0.362697 0.598814
vt -0.267110 0.598814
vt -0.279028 0.228970
vt -0.083277 0.228968
vt -0.083277 0.271209
vt -0.279028 0.271210
vt 0.291276 0.651026
vt 0.294358 0.615702
vt 0.184154 0.615702
vt 0.192956 0.647178
vt 1.079883 -1.151927
vt 1.218054 -1.151927
vt 1.079883 2.931571
vt 1.218054 2.931571
vt 1.661386 2.961649
vt 0.847792 2.961649
vt 0.863587 2.200414
vt -0.321085 2.200413
vt 1.661386 2.200415
vt 0.847792 2.200415
vt 0.863587 2.200414
vt -0.321085 2.200413
vt 1.661386 -0.302598
vt 0.847792 -0.315377
vt 0.847792 0.218308
vt 1.661386 0.209515
vt 1.661386 1.217409
vt 0.847792 1.217410
vt 0.863588 1.217410
vt -0.321085 1.217409
vt 1.661386 0.438176
vt 0.847792 0.438177
vt 0.863588 0.726022
vt -0.321085 0.726021
vt 0.320542 0.657942
vt 0.141801 0.657942
vt 0.141801 0.615702
vt 0.320542 0.615702
vt -0.267110 0.641054
vt -0.362697 0.641054
vt -0.362697 0.598814
vt -0.267110 0.598814
vt -0.279028 0.228970
vt -0.189944 0.228969
vt -0.189944 0.271210
vt -0.279028 0.271210
vt 1.339282 10.227310
vt 1.118371 10.227310
vt 1.118371 9.016815
vt 1.339282 9.016815
vt 1.339282 10.227310
vt 1.118371 10.227310
vt 1.118371 9.016815
vt 1.339282 9.016815
vt 1.339282 10.227310
vt 1.118371 10.227310
vt 1.118371 9.016815
vt 1.339282 9.016815
vt 1.559898 10.227310
vt 1.118371 10.227310
vt 1.118371 9.016815
vt 1.559899 9.016815
vt 1.559898 10.227310
vt 1.118371 10.227310
vt 1.118371 9.016815
vt 1.559899 9.016815
vt 1.140726 1.734150
vt 1.216019 1.735522
vt 1.211467 1.842843
vt 0.731588 1.260403
vt 0.699976 1.251900
vt 0.704529 1.144579
vt 1.281764 1.162964
vt 1.281764 1.379192
vt 1.171177 1.384616
vt 1.171176 1.168388
vt 0.659071 1.202302
vt 0.761423 1.319497
vt 0.659072 1.317632
vt 0.761423 1.204167
vt 1.739833 1.613838
vt 1.739833 1.830065
vt 1.629245 1.835490
vt 1.629245 1.619262
vt 1.739833 1.613838
vt 1.140727 1.849481
vt 1.140726 1.734150
vt 1.140726 1.734150
vt 1.140727 1.849481
vt 1.243078 1.736015
vt 1.243078 1.736015
vt 1.243079 1.851346
vt 1.243079 1.851346
vt 1.739833 1.613838
vt 1.739833 1.830065
vt 1.739833 1.830065
vt 1.739833 1.613838
vt 1.629245 1.619262
vt 1.739833 1.613838
vt 1.739833 1.613838
vt 1.629245 1.619262
vt 1.629245 1.835490
vt 1.629245 1.835490
vt 1.739833 1.613838
vt 1.739833 1.830065
vt 1.629245 1.835490
vt 1.629245 1.619262
vt 1.739833 1.613838
vt 1.140727 1.849481
vt 1.140726 1.734150
vt 1.140726 1.734150
vt 1.140727 1.849481
vt 1.739833 1.613838
vt 1.739833 1.830065
vt 1.629245 1.835490
vt 1.629245 1.619262
vt 1.739833 1.613838
vt 1.140727 1.849481
vt 1.140726 1.734150
vt 1.140726 1.734150
vt 1.140727 1.849481
vt 1.739833 1.613838
vt 1.739833 1.830065
vt 1.629245 1.835490
vt 1.629245 1.619262
vt 1.739833 1.613838
vt 1.140727 1.849481
vt 1.140726 1.734150
vt 1.140726 1.734150
vt 1.140727 1.849481
vt 1.243079 1.851346
vt 1.140727 1.849481
vt 0.731588 1.145072
vt 1.321163 10.227310
vt 1.118371 10.227310
vt 1.118371 8.954485
vt 1.321163 8.954485
vt 1.559898 10.227310
vt 1.118371 10.227310
vt 1.118371 8.954485
vt 1.559899 8.954485
vt 0.659071 1.202302
vt 0.761423 1.319497
vt 0.659072 1.317632
vt 0.761423 1.204167
vt 1.739833 1.613838
vt 1.739833 1.830065
vt 1.629245 1.835490
vt 1.629245 1.619262
vt 1.739833 1.613838
vt 1.140727 1.849481
vt 1.140726 1.734150
vt 1.140726 1.734150
vt 1.140727 1.849481
vt 1.243078 1.736015
vt 1.243078 1.736015
vt 1.243079 1.851346
vt 1.243079 1.851346
vt 1.243078 1.736015
vt 1.243079 1.851346
vt 0.715776 1.188257
vt 1.243079 1.851346
vt 1.321163 10.227310
vt 1.118371 10.227310
vt 1.118371 8.954485
vt 1.321163 8.954485
vt 1.559898 10.227310
vt 1.118371 10.227310
vt 1.118371 8.954485
vt 1.559899 8.954485
vt 0.659071 1.202302
vt 0.761423 1.319497
vt 0.659072 1.317632
vt 0.761423 1.204167
vt 1.739833 1.613838
vt 1.739833 1.830065
vt 1.629245 1.835490
vt 1.629245 1.619262
vt 1.739833 1.613838
vt 1.140727 1.849481
vt 1.140726 1.734150
vt 1.140726 1.734150
vt 1.140727 1.849481
vt 1.243078 1.736015
vt 1.243078 1.736015
vt 1.243079 1.851346
vt 1.243079 1.851346
vt 0.704412 1.267222
vt 0.704411 1.151891
vt 1.321163 10.227310
vt 1.118371 10.227310
vt 1.118371 8.954485
vt 1.321163 8.954485
vt 1.559898 10.227310
vt 1.118371 10.227310
vt 1.118371 8.954485
vt 1.559899 8.954485
vt 0.704412 1.267222
vt 0.704411 1.151891
vt 1.243078 1.736015
vt 1.243079 1.851346
vt 1.243079 1.851346
vt 0.659071 1.202302
vt 0.761423 1.319497
vt 0.659072 1.317632
vt 0.761423 1.204167
vt 1.739833 1.613838
vt 1.739833 1.830065
vt 1.629245 1.835490
vt 1.629245 1.619262
vt 1.739833 1.613838
vt 1.140727 1.849481
vt 1.140726 1.734150
vt 1.140726 1.734150
vt 1.140727 1.849481
vt 1.243079 1.851346
vt 1.243078 1.736015
vt 1.243078 1.736015
vt 1.243079 1.851346
vt 1.559898 10.227310
vt 1.118371 10.227310
vt 1.118371 8.954485
vt 1.559899 8.954485
vt 1.559898 10.227310
vt 1.118371 10.227310
vt 1.118371 8.954485
vt 1.559899 8.954485
vt 1.243079 1.833948
vt 1.243078 1.736015
vt 1.243079 1.831944
vt 1.243078 1.736015
vt 0.715776 1.303587
vt 0.715776 1.286190
vt 0.715776 1.284186
vt 1.189813 1.667646
vt 1.257394 1.728827
vt 1.189813 1.790011
vt 1.324975 1.667646
vt 1.324974 1.790008
vt 1.183221 1.146825
vt 1.183221 1.269190
vt 1.318381 1.269187
vt 1.318382 1.146825
vt 0.675585 1.199567
vt 0.743165 1.260747
vt 0.675585 1.321931
vt 0.810745 1.321929
vt 0.810746 1.199567
vt 1.536361 1.823646
vt 1.346605 1.823646
vt 1.346605 1.672768
vt 1.536361 1.672768
vt 0.690194 1.349548
vt 1.092412 1.349548
vt 1.092412 1.201434
vt 0.690194 1.201434
vt 0.690194 1.349548
vt 1.092412 1.349548
vt 1.092412 1.201434
vt 0.690194 1.201434
vt 1.638912 1.618788
vt 1.681207 1.616714
vt 1.643420 1.775809
vt 1.663142 1.767550
vt 1.663142 1.767550
vt 1.163708 1.337811
vt 1.159199 1.180790
vt 1.201495 1.178715
vt 1.183430 1.329552
vt 1.321163 10.227310
vt 1.118371 10.227310
vt 1.118371 8.954485
vt 1.321163 8.954485
vt 1.321163 10.227310
vt 1.118371 10.227310
vt 1.118371 8.954485
vt 1.321163 8.954485
vt 1.318381 1.269187
vt 1.183221 1.146825
vt 1.183221 1.269190
vt 0.517885 1.349548
vt 1.024483 1.349548
vt 1.024483 1.201434
vt 0.517885 1.201434
vt 0.675585 1.199567
vt 0.743165 1.260747
vt 0.675585 1.321931
vt 1.321163 9.453794
vt 1.118371 9.453794
vt 1.118371 8.954485
vt 1.321163 8.954485
vt 3.535475 3.694110
vt 3.038687 3.694110
vt 3.038687 0.830424
vt 3.535475 0.830424
vt 0.022055 11.841718
vt 0.022055 11.841718
vt 0.022055 11.841718
vt 0.022055 11.841718
vt 2.833620 0.830424
vt 3.535475 0.830424
vt 3.038687 0.830424
vt 3.038687 3.694110
vt 3.038687 0.830424
vt 0.022055 11.841718
vt 0.022055 11.841718
vt 4.519398 3.694110
vt 2.533185 3.694110
vt 2.533185 0.830424
vt 4.519398 0.830424
vt 3.038687 0.830424
vt 3.038687 0.830424
vt 0.022055 11.841718
vt 0.022055 11.841718
vt 1.803622 1.202391
vt 1.803622 1.967179
vt 1.015867 1.967179
vt 1.015867 1.202391
vt 0.682693 0.635668
vt 0.682693 0.699914
vt 0.172625 0.699914
vt 0.172625 0.635668
vt 0.682693 0.635668
vt 0.682693 0.699914
vt 0.172625 0.699914
vt 0.172625 0.635668
vt 0.682693 0.635668
vt 0.682693 0.699914
vt 0.172625 0.699914
vt 0.172625 0.635668
vt 0.961094 1.349548
vt 1.038679 1.349548
vt 1.038679 1.201434
vt 0.961094 1.201434
vt 1.536361 1.823646
vt 1.460787 1.823646
vt 1.460787 1.672768
vt 1.536361 1.672768
vt 0.961094 1.349548
vt 1.038679 1.201434
vt 1.038679 1.349548
vt 0.961094 1.201434
vt 3.535475 3.694110
vt 3.038687 3.694110
vt 3.038687 0.830424
vt 3.535475 0.830424
vt 0.022055 11.841718
vt 0.022055 11.841718
vt 0.022055 11.841718
vt 0.022055 11.841718
vt 2.833620 0.830424
vt 3.535475 0.830424
vt 3.038687 3.694110
vt 3.038687 0.830424
vt 0.022055 11.841718
vt 0.022055 11.841718
vt 3.038687 0.830424
vt 0.022055 11.841718
vt 0.022055 11.841718
vt 3.038687 0.830424
vt 3.038687 0.830424
vt 1.803622 1.202391
vt 1.803622 1.967179
vt 1.388174 1.967179
vt 1.388174 1.202391
vt 0.022055 11.841718
vt 0.022055 11.841718
vt 0.022055 11.841718
vt 0.022055 11.841718
vt 3.038687 0.830424
vt 3.038687 0.830424
vt 3.038687 0.830424
vt 3.038687 0.830424
vt 1.766629 1.202391
vt -0.246938 1.967179
vt 1.766629 1.967179
vt -0.246938 1.202391
vt 1.536361 1.823646
vt 1.460787 1.823646
vt 1.460787 1.672768
vt 1.536361 1.672768
vt 0.682693 0.635668
vt 0.682693 0.699914
vt 0.172625 0.699914
vt 0.172625 0.635668
vt 0.682693 0.635668
vt 0.682693 0.699914
vt 0.172625 0.699914
vt 0.172625 0.635668
vt 0.682693 0.635668
vt 0.682693 0.699914
vt 0.172625 0.699914
vt 0.172625 0.635668
vt 0.172625 0.699914
vt 0.172625 0.635668
vt 0.682693 0.635668
vt 0.682693 0.699914
vt 0.022055 11.841718
vt 0.022055 11.841718
vt 1.345647 1.967179
vt 3.038687 0.830424
vt 1.345647 1.202391
vt 3.038687 0.830424
vt 0.022055 11.841718
vt 0.022055 11.841718
vt 0.022055 11.841718
vt 0.022055 11.841718
vt 3.038687 0.830424
vt 3.038687 0.830424
vt 3.038687 0.830424
vt 3.038687 0.830424
vt 2.244888 1.202391
vt 2.244888 1.967179
vt 0.022055 11.841718
vt 0.022055 11.841718
vt 2.231040 1.967179
vt 3.038687 0.830424
vt 2.231040 1.202391
vt 3.038687 0.830424
vt 0.961095 1.201435
vt 1.038679 1.084134
vt 1.038679 1.201435
vt 0.961095 1.084134
vt 0.022055 11.841718
vt 0.022055 11.841718
vt 0.022055 11.841718
vt 0.022055 11.841718
vt 1.727060 1.800796
vt 1.612018 1.785884
vt 1.612018 1.645820
vt 1.727060 1.660732
vt 0.022055 11.841718
vt 0.022055 11.841718
vt 0.022055 11.841718
vt 0.022055 11.841718
vt 1.621149 0.886830
vt 1.612018 0.886670
vt 1.612018 0.674065
vt 1.621150 0.674225
vt 1.621149 0.886830
vt 1.612018 0.886670
vt 1.612018 0.674065
vt 1.621150 0.674225
vt 1.621149 0.886830
vt 1.612018 0.886670
vt 1.612018 0.674065
vt 1.621150 0.674225
vt 1.621149 0.886830
vt 1.612018 0.886670
vt 1.612018 0.674065
vt 1.621150 0.674225
vt 1.299681 1.482986
vt 1.358161 1.883320
vt 1.303948 1.883320
vt 1.360299 1.459498
vt 1.299681 1.482986
vt 1.358161 1.883320
vt 1.303948 1.883320
vt 1.360299 1.459498
vt 1.299681 1.482986
vt 1.358161 1.883320
vt 1.303948 1.883320
vt 1.360299 1.459498
vt -0.891979 0.769872
vt -0.670252 0.769872
vt 1.318381 1.269187
vt 1.318382 1.146825
vt 1.183221 1.146825
vt 1.183221 1.269190
vt 0.675585 1.199567
vt 0.743165 1.260747
vt 0.675585 1.321931
vt 1.257394 1.728827
vt 1.189813 1.667646
vt 1.324975 1.667646
vt 0.810745 1.321929
vt 0.810746 1.199567
vt -0.670252 0.769872
vt -0.891979 0.769872
vt 1.282315 9.118968
vt 0.591366 9.118967
vt 0.591366 8.681166
vt 1.282315 8.681166
vt 1.059283 9.118968
vt 0.368335 9.118967
vt 0.368335 8.681166
vt 1.059284 8.681166
vt 1.535678 9.118968
vt 0.368335 9.118967
vt 0.368335 8.681166
vt 1.535678 8.681166
vt 1.294861 1.694908
vt 1.282315 9.206094
vt 0.850757 9.206094
vt 0.850757 8.978985
vt 1.282315 8.978985
vt 1.521027 9.177653
vt 0.874054 9.177653
vt 0.874054 8.978985
vt 1.521028 8.978985
vt 1.318381 1.269187
vt 1.318382 1.146825
vt 1.183221 1.146825
vt 1.183221 1.269190
vt 0.675585 1.199567
vt 0.743165 1.260747
vt 0.675585 1.321931
vt 1.257394 1.728827
vt 1.189813 1.667646
vt 1.324975 1.667646
vt 0.810745 1.321929
vt 0.810746 1.199567
vt 0.757167 1.273423
vt 0.720664 1.281118
vt 1.282315 9.206094
vt 0.850757 9.206094
vt 0.850757 8.978985
vt 1.282315 8.978985
vt 1.521027 9.177653
vt 0.874054 9.177653
vt 0.874054 8.978985
vt 1.521028 8.978985
vt 1.318381 1.269187
vt 1.318382 1.146825
vt 1.183221 1.146825
vt 1.183221 1.269190
vt 0.675585 1.321931
vt 0.743165 1.260747
vt 0.720664 1.281118
vt 1.257394 1.728827
vt 1.189813 1.667646
vt 1.324975 1.667646
vt 0.810745 1.321929
vt 0.810746 1.199567
vt 0.757167 1.273423
vt 0.675585 1.199567
vt 1.781735 9.177653
vt 0.613345 9.177653
vt 0.613345 8.978985
vt 1.781736 8.978985
vt 1.318381 1.269187
vt 1.318382 1.146825
vt 1.183221 1.146825
vt 1.183221 1.269190
vt 0.743165 1.260747
vt 1.257394 1.728827
vt 1.189813 1.667646
vt 1.294861 1.694908
vt 1.324975 1.667646
vt 0.810745 1.321929
vt 0.810746 1.199567
vt 1.521027 9.105089
vt 0.874054 9.105089
vt 0.874054 8.753098
vt 1.521028 8.753098
vt 1.521027 9.177653
vt 0.874054 9.177653
vt 0.874054 8.978985
vt 1.521028 8.978985
vt 1.521027 9.105089
vt 0.874054 9.105089
vt 0.874054 8.753098
vt 1.521028 8.753098
vt 1.521027 9.177653
vt 0.874054 9.177653
vt 0.874054 8.978985
vt 1.521028 8.978985
vt 1.318381 1.269187
vt 1.318382 1.146825
vt 1.183221 1.146825
vt 1.183221 1.269190
vt 0.810745 1.321929
vt 0.743165 1.260747
vt 0.810746 1.199567
vt 1.257394 1.728827
vt 1.189813 1.667646
vt 1.294861 1.694908
vt 1.324975 1.667646
vt 0.835965 0.803139
vt 0.738737 0.803139
vt 0.738737 0.803139
vt 0.835965 0.803139
vt 0.665789 0.803139
vt 0.759887 0.803139
vt 0.759887 0.803139
vt 0.665789 0.803139
vt 1.352129 1.665601
vt 1.352129 1.863722
vt 1.105854 1.863722
vt 1.105854 1.665601
vt 0.835965 0.803139
vt 0.738737 0.803139
vt 0.738737 0.803139
vt 0.835965 0.803139
vt 0.665789 0.803139
vt 0.759887 0.803139
vt 0.759887 0.803139
vt 0.665789 0.803139
vt 1.352129 1.665601
vt 1.352129 1.863722
vt 1.105854 1.863722
vt 1.105854 1.665601
vt 0.835965 0.803139
vt 0.738737 0.803139
vt 0.738737 0.803139
vt 0.835965 0.803139
vt 0.665789 0.803139
vt 0.759887 0.803139
vt 0.759887 0.803139
vt 0.665789 0.803139
vt 1.352129 1.665601
vt 1.352129 1.863722
vt 1.105854 1.863722
vt 1.105854 1.665601
vt 1.544537 1.695816
vt 1.544537 1.808700
vt 1.308706 1.808700
vt 1.308706 1.695816
vt 1.544537 1.672723
vt 1.544537 1.695816
vt 1.188798 1.695816
vt 1.188798 1.672724
vt 1.355336 1.695816
vt 1.544537 1.695816
vt 1.544537 1.808700
vt 1.355336 1.808700
vt 1.340653 1.711653
vt 1.544537 1.711653
vt 1.544537 1.732509
vt 1.340653 1.732509
vt 1.340653 1.792644
vt 1.544537 1.771788
vt 1.544537 1.792644
vt 1.340653 1.771788
vt 1.544537 1.831872
vt 1.188798 1.808780
vt 1.544537 1.808780
vt 1.188798 1.831872
vt 0.795647 0.824049
vt 0.605772 0.919299
vt 0.751419 0.919299
vt 0.605772 0.701864
vt 0.795647 0.824049
vt 0.751419 0.919299
vt 0.605772 0.919299
vt 0.903030 0.592979
vt 0.903030 0.746982
vt 0.644335 0.746982
vt 0.644335 0.592979
vt 0.605772 0.701864
vt 0.857095 0.701864
vt 0.857095 0.824049
vt 0.857095 0.701864
vt 0.857095 0.824049
vt 0.775399 0.820811
vt 0.857095 0.877210
vt 0.775399 0.877210
vt 0.857095 0.820811
vt 0.775399 0.820811
vt 0.775399 0.877210
vt 0.857095 0.877210
vt 0.857095 0.820811
vt 0.775399 0.820811
vt 0.775399 0.877210
vt 0.857095 0.877210
vt 0.857095 0.820811
vt 0.775399 0.820811
vt 0.857095 0.877210
vt 0.775399 0.877210
vt 0.857095 0.820811
vt 0.903030 0.592979
vt 0.644335 0.746982
vt 0.903030 0.746982
vt 0.644335 0.592979
vt 1.521027 9.177653
vt 0.874054 9.177653
vt 0.874054 8.978985
vt 1.521028 8.978985
vt 1.318381 1.269187
vt 1.318382 1.146825
vt 1.183221 1.146825
vt 1.183221 1.269190
vt 0.675585 1.199567
vt 0.743165 1.260747
vt 0.675585 1.321931
vt 1.257394 1.728827
vt 1.189813 1.667646
vt 1.294861 1.694908
vt 1.324975 1.667646
vt 0.810745 1.321929
vt 0.810746 1.199567
vt 0.732492 0.820811
vt 0.857095 0.877210
vt 0.732492 0.877210
vt 0.857095 0.820811
vt 0.775399 0.820811
vt 0.732492 0.877210
vt 0.857095 0.877210
vt 0.857095 0.820811
vt 1.233574 1.711653
vt 1.544537 1.711653
vt 1.544537 1.732509
vt 1.233574 1.732509
vt 1.318381 1.269187
vt 1.318382 1.146825
vt 1.183221 1.146825
vt 1.183221 1.269190
vt 0.675585 1.321931
vt 0.743165 1.260747
vt 0.720664 1.281118
vt 1.257394 1.728827
vt 1.189813 1.667646
vt 1.324975 1.667646
vt 0.810745 1.321929
vt 0.810746 1.199567
vt 0.757167 1.273423
vt 0.675585 1.199567
vt 0.835965 0.803139
vt 0.738737 0.803139
vt 0.738737 0.803139
vt 0.835965 0.803139
vt 0.665789 0.803139
vt 0.759887 0.803139
vt 0.759887 0.803139
vt 0.665789 0.803139
vt 1.352129 1.665601
vt 1.352129 1.863722
vt 1.105854 1.863722
vt 1.105854 1.665601
vt 0.732492 0.820811
vt 0.857095 0.877210
vt 0.732492 0.877210
vt 0.857095 0.820811
vt 0.775399 0.820811
vt 0.732492 0.877210
vt 0.857095 0.877210
vt 0.857095 0.820811
vt 1.233574 1.711653
vt 1.544537 1.711653
vt 1.544537 1.732509
vt 1.233574 1.732509
vt 0.732492 0.820811
vt 0.857095 0.877210
vt 0.732492 0.877210
vt 0.857095 0.820811
vt 0.775399 0.820811
vt 0.732492 0.877210
vt 0.857095 0.877210
vt 0.857095 0.820811
vt 1.233574 1.711653
vt 1.544537 1.711653
vt 1.544537 1.732509
vt 1.233574 1.732509
vt 1.318381 1.269187
vt 1.318382 1.146825
vt 1.183221 1.146825
vt 1.183221 1.269190
vt 0.743165 1.260747
vt 1.257394 1.728827
vt 1.189813 1.667646
vt 1.294861 1.694908
vt 1.324975 1.667646
vt 0.810745 1.321929
vt 0.810746 1.199567
vt 1.521027 9.177653
vt 0.874054 9.177653
vt 0.874054 8.955514
vt 1.521028 8.955514
vt 1.521027 9.177653
vt 0.874054 9.177653
vt 0.874054 8.978985
vt 1.521028 8.978985
vt 1.521027 9.177653
vt 0.874054 9.177653
vt 0.874054 8.978985
vt 1.521028 8.978985
vt 1.521027 9.177653
vt 0.874054 9.177653
vt 0.874054 8.978985
vt 1.521028 8.978985
vt 1.521027 9.177653
vt 0.874054 9.177653
vt 0.874054 8.978985
vt 1.521028 8.978985
vt 1.521027 9.177653
vt 0.874054 9.177653
vt 0.874054 8.955514
vt 1.521028 8.955514
vt 1.521027 9.177653
vt 0.874054 8.978985
vt 0.874054 9.177653
vt 1.521028 8.978985
vt 1.521027 9.177653
vt 0.874054 9.177653
vt 0.874054 8.978985
vt 1.521028 8.978985
vt 1.037720 9.177653
vt 0.874054 9.177653
vt 0.874054 8.955514
vt 1.037720 8.955514
vt 1.544537 1.728639
vt 1.233574 1.728639
vt 0.659071 1.202302
vt 0.761423 1.387444
vt 0.659072 1.385579
vt 0.761423 1.204167
vt 1.629245 1.914040
vt 1.629245 1.619262
vt 1.739833 1.613838
vt 0.627061 1.768350
vt 0.627060 1.613689
vt 0.729413 1.615554
vt 0.763788 1.730619
vt 3.959059 15.978025
vt 1.088583 15.978027
vt 1.088583 0.830424
vt 3.959059 0.830424
vt 0.627061 1.734976
vt 1.629245 1.839979
vt 0.755264 1.702087
vt 1.123329 1.353458
vt 1.123329 1.353458
vt 1.548016 1.353458
vt 1.102827 1.297117
vt 1.548016 1.353458
vt 1.548016 1.183280
vt 1.102827 1.241935
vt 1.123329 1.183280
vt 1.088583 0.830424
vt 1.088583 15.978027
vt 1.088583 15.978027
vt 1.088583 0.830424
vt 1.732367 1.614204
vt 1.629245 1.909040
vt 1.123329 1.353458
vt 1.548016 1.353458
vt 2.530039 13.580795
vt 1.906505 13.580810
vt 1.906505 12.764674
vt 2.530039 12.764674
vt 3.292130 13.215697
vt 1.092720 13.215698
vt 1.092720 13.099697
vt 3.292130 13.099696
vt 0.320542 0.657942
vt 0.141801 0.657942
vt 0.141801 0.615702
vt 0.320542 0.615702
vt -0.267110 0.641054
vt -0.328754 0.641054
vt -0.328754 0.598814
vt -0.267110 0.598814
vt -0.279028 0.228970
vt -0.217384 0.228969
vt -0.217384 0.271210
vt -0.279028 0.271210
vt 0.320542 0.657942
vt 0.141801 0.657942
vt 0.141801 0.615702
vt 0.320542 0.615702
vt -0.267110 0.641054
vt -0.328754 0.641054
vt -0.328754 0.598814
vt -0.267110 0.598814
vt -0.279028 0.228970
vt -0.217384 0.228969
vt -0.217384 0.271210
vt -0.279028 0.271210
vt 0.320542 0.657942
vt 0.141801 0.657942
vt 0.141801 0.615702
vt 0.320542 0.615702
vt -0.267110 0.641054
vt -0.328754 0.641054
vt -0.328754 0.598814
vt -0.267110 0.598814
vt -0.279028 0.228970
vt -0.217384 0.228969
vt -0.217384 0.271210
vt -0.279028 0.271210
vt 2.017258 14.204460
vt 3.054375 14.204460
vt 3.054375 9.619518
vt 2.017259 9.604245
vt 0.999999 -2.606461
vt -5.061023 -16.553448
vt 1.000000 -16.553448
vt -1.970469 -2.606462
vt -1.970469 -5.989762
vt -5.061023 -5.989762
vt 1.179034 1.737968
vt 1.296353 1.841861
vt 1.296353 1.737968
vt 1.179034 1.841861
vt 0.801858 2.306228
vt 0.801858 2.134564
vt 0.677011 2.134564
vt 0.677011 2.306228
vt 1.834237 1.367130
vt 1.624922 1.378795
vt 1.624922 1.173718
vt 1.834237 1.162053
vt 1.000000 9.021834
vt 0.000000 9.974261
vt 0.000000 -7.032730
vt 1.000000 -7.032730
vt 1.000000 9.974261
vt 0.000000 9.974261
vt 0.000000 -7.032730
vt 1.000000 -7.032730
vt 1.000000 -2.987599
vt 0.000000 -2.987599
vt 1.000000 -7.032730
vt 0.000000 -7.032730
vt 1.000000 9.974261
vt 0.000000 10.097566
vt 1.179034 1.737968
vt 1.296353 1.841861
vt 1.296353 1.737968
vt 1.179034 1.841861
vt 1.834237 1.367130
vt 1.624922 1.378795
vt 1.624922 1.173718
vt 0.677011 2.134564
vt 0.801858 2.306228
vt 0.801858 2.134564
vt 0.677011 2.306228
vt 1.834237 1.162053
vt 1.632213 1.684726
vt 1.762400 1.673146
vt 1.631814 1.814790
vt 1.762002 1.803209
vt 1.179034 1.737968
vt 1.296353 1.841861
vt 1.296353 1.737968
vt 1.179034 1.841861
vt 1.834237 1.367130
vt 1.624922 1.378795
vt 1.624922 1.173718
vt 0.677011 2.134564
vt 0.801858 2.306228
vt 0.801858 2.134564
vt 0.677011 2.306228
vt 1.834237 1.162053
vt 1.632213 1.684726
vt 1.762400 1.673146
vt 1.631814 1.814790
vt 1.762002 1.803209
vt 1.179034 1.737968
vt 1.296353 1.841861
vt 1.296353 1.737968
vt 1.179034 1.841861
vt -0.485244 -16.553448
vt -0.485245 -8.928043
vt -5.061023 -16.553448
vt -5.061023 -8.928043
vt -0.485244 -16.553448
vt -0.485245 -8.928043
vt -5.061023 -16.553448
vt -5.061023 -8.928043
vt 1.179034 1.737968
vt 1.296353 1.841861
vt 1.296353 1.737968
vt 1.179034 1.841861
vt 1.000000 7.003070
vt 0.000000 7.003070
vt 0.000000 -16.553448
vt 1.000000 -16.553448
vt 1.000000 7.003069
vt 0.000000 7.003069
vt 0.000000 -16.553446
vt 1.000000 -16.553446
vt 1.179034 1.737968
vt 1.296353 1.841861
vt 1.296353 1.737968
vt 1.179034 1.841861
vt 1.834237 1.367130
vt 1.624922 1.378795
vt 1.624922 1.173718
vt 0.677011 2.134564
vt 0.801858 2.306228
vt 0.801858 2.134564
vt 0.677011 2.306228
vt 1.834237 1.162053
vt 1.179034 1.737968
vt 1.296353 1.841861
vt 1.296353 1.737968
vt 1.179034 1.841861
vt 1.834237 1.367130
vt 1.624922 1.378795
vt 1.624922 1.173718
vt 0.677011 2.134564
vt 0.801858 2.306228
vt 0.801858 2.134564
vt 0.677011 2.306228
vt 1.834237 1.162053
vt 1.632213 1.684726
vt 1.762400 1.673146
vt 1.631814 1.814790
vt 1.762002 1.803209
vt 1.179034 1.737968
vt 1.296353 1.841861
vt 1.296353 1.737968
vt 1.179034 1.841861
vt 1.834237 1.367130
vt 1.624922 1.378795
vt 1.624922 1.173718
vt 0.677011 2.134564
vt 0.801858 2.306228
vt 0.801858 2.134564
vt 0.677011 2.306228
vt 1.834237 1.162053
vt 1.632213 1.684726
vt 1.762400 1.673146
vt 1.631814 1.814790
vt 1.762002 1.803209
vt 1.179034 1.737968
vt 1.296353 1.841861
vt 1.296353 1.737968
vt 1.179034 1.841861
vt 1.000000 7.003070
vt 0.000000 7.003070
vt 0.000000 -16.553448
vt 1.000000 -16.553448
vt 1.000000 7.003069
vt 0.000000 7.003069
vt 0.000000 -16.553446
vt 1.000000 -16.553446
vt 1.000000 -2.987599
vt 0.000000 9.974261
vt 0.000000 -7.032730
vt 1.000000 -7.032730
vt 1.000000 9.974261
vt 0.000000 9.974261
vt 0.000000 -7.032730
vt 1.000000 -7.032730
vt 1.000000 -7.032730
vt 0.000000 -2.987599
vt 0.000000 -7.032730
vt 1.000000 9.974261
vt 1.000000 9.021834
vt 0.000000 10.097566
vt 1.179034 1.737968
vt 1.296353 1.841861
vt 1.296353 1.737968
vt 1.179034 1.841861
vt 1.834237 1.367130
vt 1.624922 1.378795
vt 1.624922 1.173718
vt 0.677011 2.134564
vt 0.801858 2.306228
vt 0.801858 2.134564
vt 0.677011 2.306228
vt 1.834237 1.162053
vt 1.179034 1.737968
vt 1.296353 1.841861
vt 1.296353 1.737968
vt 1.179034 1.841861
vt 1.834237 1.367130
vt 1.624922 1.378795
vt 1.624922 1.173718
vt 0.677011 2.134564
vt 0.801858 2.306228
vt 0.801858 2.134564
vt 0.677011 2.306228
vt 1.834237 1.162053
vt 1.632213 1.684726
vt 1.762400 1.673146
vt 1.631814 1.814790
vt 1.762002 1.803209
vt 1.179034 1.737968
vt 1.296353 1.841861
vt 1.296353 1.737968
vt 1.179034 1.841861
vt 1.834237 1.367130
vt 1.624922 1.378795
vt 1.624922 1.173718
vt 0.677011 2.134564
vt 0.801858 2.306228
vt 0.801858 2.134564
vt 0.677011 2.306228
vt 1.834237 1.162053
vt 1.632213 1.684726
vt 1.762400 1.673146
vt 1.631814 1.814790
vt 1.762002 1.803209
vt 1.179034 1.737968
vt 1.296353 1.841861
vt 1.296353 1.737968
vt 1.179034 1.841861
vt 1.179034 1.737968
vt 1.296353 1.841861
vt 1.296353 1.737968
vt 1.179034 1.841861
vt 1.000000 7.003070
vt 0.000000 7.003070
vt 0.000000 -7.519978
vt 1.000000 -7.519978
vt 1.000000 7.003069
vt 0.000000 7.003069
vt 0.000000 -7.519979
vt 1.000000 -7.519979
vt 1.016348 2.001735
vt 1.973415 1.127619
vt 1.973415 -9.894346
vt 1.016348 2.001735
vt 1.016348 -11.275155
vt 1.016348 -11.275155
vt 1.927096 -10.995733
vt 1.016348 -10.995733
vt 1.016348 2.001735
vt 1.927096 2.001735
vt 1.016348 -3.018587
vt 1.973415 -3.822975
vt 1.973415 -9.943780
vt 1.016348 -3.018587
vt 1.016348 -11.275155
vt 1.016348 -11.275155
vt 1.927096 -11.101390
vt 1.016348 -11.101390
vt 1.016348 -3.018587
vt 1.927096 -3.018587
vt 1.179034 1.737968
vt 1.296353 1.841861
vt 1.296353 1.737968
vt 1.179034 1.737968
vt 1.296353 1.841861
vt 1.296353 1.737968
vt 1.988438 1.004432
vt 1.988438 4.122814
vt 1.770781 4.122814
vt 1.770781 1.004432
vt 1.988438 1.004432
vt 1.988438 4.122814
vt 1.770781 4.122814
vt 1.770781 1.004432
vt 1.726550 1.819238
vt 1.739833 1.830065
vt 1.140727 1.849481
vt 1.140726 1.734150
vt 1.140726 1.734150
vt 1.140727 1.849481
vt 0.704411 1.151891
vt 0.704412 1.267222
vt 1.711614 1.765173
vt 1.729679 1.614336
vt 1.739833 1.613838
vt 1.739833 1.613838
vt 1.140727 1.849481
vt 1.702484 11.102036
vt -0.236045 11.102035
vt -0.236045 6.182251
vt 1.997461 6.182250
vt 1.140727 1.849481
vt 1.702484 10.556515
vt 1.997460 10.556517
vt 1.724576 1.614586
vt 1.706511 1.765423
vt 1.724576 1.614586
vt 1.706511 1.765423
vt 0.734023 1.204071
vt 1.318053 1.813100
vt 1.336118 1.662263
vt -0.245787 10.653255
vt -0.245787 6.182251
vt 0.072035 10.653255
vt 0.072035 6.182251
vt -0.004214 6.182251
vt -1.215734 10.653256
vt -1.215734 6.182253
vt -0.004214 10.653255
vt 1.321799 1.804534
vt 1.338854 1.662129
vt 0.715958 1.354908
vt 0.714602 1.346592
vt 0.731657 1.204187
vt 1.140727 1.849481
vt 1.115698 0.803373
vt 1.115698 0.638711
vt 1.646229 0.638711
vt 1.646230 0.803373
vt 0.704412 1.267222
vt 0.704411 1.151891
vt 0.245468 0.691392
vt 0.245468 0.806722
vt 0.072035 6.182251
vt -0.245787 10.060067
vt -0.245787 6.182251
vt 0.072035 10.060067
vt -0.004214 6.182251
vt -1.215734 10.060068
vt -1.215734 6.182253
vt -0.004214 10.060067
vt 1.658047 0.742103
vt 1.809615 0.742103
vt 1.079966 1.260507
vt 0.771190 1.260507
vt 0.771190 1.148224
vt 1.079966 1.148224
vt 0.531824 1.260507
vt 0.531824 1.148224
vt -0.004214 6.182251
vt -0.258394 11.102035
vt -0.258394 6.182251
vt -0.004214 11.102035
vt -0.004214 6.182251
vt -0.258394 10.556514
vt -0.258394 6.182251
vt -0.004214 10.556514
vt 0.320542 0.657942
vt 0.141801 0.657942
vt 0.141801 0.615702
vt 0.320542 0.615702
vt -0.267110 0.641054
vt -0.362697 0.641054
vt -0.362697 0.598814
vt -0.267110 0.598814
vt -0.279028 0.228970
vt -0.083277 0.228968
vt -0.083277 0.271209
vt -0.279028 0.271210
vt 0.320542 0.657942
vt 0.141801 0.657942
vt 0.141801 0.615702
vt 0.320542 0.615702
vt -0.267110 0.641054
vt -0.362697 0.641054
vt -0.362697 0.598814
vt -0.267110 0.598814
vt -0.279028 0.228970
vt -0.083277 0.228968
vt -0.083277 0.271209
vt -0.279028 0.271210
vt 1.849490 1.468509
vt 1.395878 1.468509
vt 1.395878 1.277859
vt 1.849490 1.277859
vt 1.383220 1.436594
vt 1.870435 1.436594
vt 1.870435 1.282199
vt 1.383220 1.282199
vt 1.383220 1.282199
vt 1.870435 1.282199
vt 1.870435 1.436594
vt 1.383220 1.436594
vt 0.320542 0.657942
vt 0.141801 0.657942
vt 0.141801 0.615702
vt 0.320542 0.615702
vt -0.214456 0.247794
vt -0.310043 0.247794
vt -0.310043 0.205554
vt -0.214456 0.205554
vt -0.359730 -0.312406
vt -0.163979 -0.312408
vt -0.163979 -0.270167
vt -0.359730 -0.270166
vt 0.320542 0.657942
vt 0.141801 0.657942
vt 0.141801 0.615702
vt 0.320542 0.615702
vt -0.267110 0.641054
vt -0.362697 0.641054
vt -0.362697 0.598814
vt -0.267110 0.598814
vt -0.279028 0.228970
vt -0.083277 0.228968
vt -0.083277 0.271209
vt -0.279028 0.271210
vt 1.730932 1.820490
vt 1.691378 1.820758
vt 1.691378 1.626381
vt 1.730932 1.626114
vt 1.954207 20.819956
vt 1.097378 20.819956
vt 1.954207 3.479714
vt 1.097379 3.441951
vt 0.223403 0.648663
vt 0.174773 0.640791
vt 0.133555 0.618423
vt 0.105999 0.584916
vt 0.340808 0.584909
vt 0.313257 0.618407
vt 0.272034 0.640804
vt 0.335423 0.584909
vt 0.311519 0.613581
vt 0.271493 0.634646
vt 0.223206 0.641877
vt 0.175219 0.634491
vt 0.136154 0.613988
vt 0.111590 0.584916
vt 1.825648 -3.502955
vt 1.896785 -5.530853
vt 1.815066 -1.973586
vt 1.825437 -0.434624
vt 1.855645 0.841103
vt 1.855074 -4.748112
vt 1.896785 1.602879
vt 0.135781 0.576407
vt 0.400879 0.578585
vt 0.135334 0.585327
vt 0.401076 0.587482
vt -0.884668 0.899172
vt 11.563805 1.039108
vt -0.890143 1.820951
vt 11.559622 1.960892
vt 0.105999 0.584916
vt 0.136154 0.613988
vt 0.133555 0.618423
vt 0.174773 0.640791
vt 0.175219 0.634491
vt 0.223206 0.641877
vt 0.111590 0.584916
vt 0.335423 0.584909
vt 0.340808 0.584909
vt 0.313257 0.618407
vt 0.311519 0.613581
vt 0.272034 0.640804
vt 0.271493 0.634646
vt 0.223403 0.648663
vt 1.825648 -3.502955
vt 1.896785 -5.530853
vt 1.815066 -1.973586
vt 1.896785 1.602879
vt 1.825437 -0.434624
vt 1.855074 -4.748112
vt 1.855645 0.841103
vt 0.401076 0.587482
vt 0.400879 0.578585
vt 5.552410 1.960892
vt 5.552526 1.039108
vt -0.184489 0.158134
vt -0.142078 0.158134
vt -0.184489 0.257649
vt -0.142078 0.257649
vt -0.276734 0.654499
vt -0.234323 0.654499
vt -0.276734 0.872614
vt -0.234323 0.872614
vt 0.206710 0.660191
vt 0.325564 0.660191
vt 0.206710 0.779045
vt 0.325564 0.779045
vt -0.142078 0.257649
vt -0.184489 0.257649
vt 0.105643 0.128866
vt 0.148055 0.128866
vt 0.206710 0.660191
vt 0.325564 0.660191
vt 0.325564 0.779045
vt 0.206710 0.779045
vt -0.276734 0.654499
vt -0.234323 0.654499
vt -0.234323 0.872614
vt -0.276734 0.872614
vt -0.142078 0.257649
vt -0.184489 0.257649
vt -0.184489 0.158134
vt -0.142078 0.158134
vt 0.206710 0.660191
vt 0.325564 0.660191
vt 0.325564 0.779045
vt 0.206710 0.779045
vt -0.276734 0.654499
vt -0.234323 0.654499
vt -0.234323 0.872614
vt -0.276734 0.872614
vt 0.135781 0.576407
vt 0.400879 0.578585
vt 0.135334 0.585327
vt 0.401076 0.587482
vt 0.401076 0.587482
vt 0.400879 0.578585
vt 0.400879 0.578585
vt 0.401076 0.587482
vt -0.142078 0.224085
vt -0.276734 0.799049
vt -0.184489 0.224101
vt -0.234323 0.799085
vt 0.148055 0.194817
vt 0.105643 0.194834
vt -0.142078 0.257649
vt -0.184489 0.257649
vt -0.184489 0.158134
vt -0.142078 0.158134
vt 0.206710 0.660191
vt 0.325564 0.660191
vt 0.325564 0.779045
vt 0.206710 0.779045
vt -0.276734 0.654499
vt -0.234323 0.654499
vt -0.234323 0.872614
vt -0.276734 0.872614
vt 0.148055 0.194817
vt 0.105643 0.194834
vt 0.105643 0.128866
vt 0.148055 0.128866
vt 0.206710 0.660191
vt 0.325564 0.660191
vt 0.325564 0.779045
vt 0.206710 0.779045
vt -0.276734 0.872614
vt -0.234323 0.654499
vt -0.234323 0.872614
vt -0.276734 0.799049
vt -0.276734 0.654499
vt -0.234323 0.799085
vt -0.142078 0.257649
vt -0.184489 0.257649
vt -0.184489 0.158134
vt -0.142078 0.158134
vt 0.206710 0.660191
vt 0.325564 0.660191
vt 0.325564 0.779045
vt 0.206710 0.779045
vt -0.276734 0.654499
vt -0.234323 0.654499
vt -0.234323 0.872614
vt -0.276734 0.872614
vt -0.184489 0.224101
vt -0.142078 0.224085
vt -0.142078 0.257649
vt -0.184489 0.257649
vt -0.142078 0.257649
vt -0.184489 0.257649
vt -0.184489 0.158134
vt -0.142078 0.158134
vt 0.206710 0.660191
vt 0.325564 0.660191
vt 0.325564 0.779045
vt 0.206710 0.779045
vt -0.276734 0.654499
vt -0.234323 0.654499
vt -0.234323 0.872614
vt -0.276734 0.872614
vt 0.253799 0.859599
vt 0.211388 0.859599
vt 0.211388 0.760083
vt 0.253799 0.760083
vt 3.928727 1.189292
vt 0.587839 1.189292
vt 0.587839 1.290102
vt 3.928727 1.290102
vt 0.587839 1.290102
vt 3.928727 1.189292
vt 3.928727 1.290102
vt 0.587839 1.189292
vt -0.142078 0.257649
vt -0.184489 0.257649
vt -0.184489 0.158134
vt -0.142078 0.158134
vt 0.206710 0.660191
vt 0.325564 0.660191
vt 0.325564 0.779045
vt 0.206710 0.779045
vt -0.276734 0.654499
vt -0.234323 0.654499
vt -0.234323 0.872614
vt -0.276734 0.872614
vt 0.253799 0.859599
vt 0.211388 0.859599
vt 0.211388 0.760083
vt 0.253799 0.760083
vt 3.928727 1.189292
vt 0.587839 1.189292
vt 0.587839 1.290102
vt 3.928727 1.290102
vt 0.587839 1.290102
vt 3.928727 1.189292
vt 3.928727 1.290102
vt 0.587839 1.189292
vt 0.135334 0.585327
vt 0.135781 0.576407
vt 0.135334 0.585327
vt 0.135781 0.576407
vt 0.135334 0.585327
vt 0.135781 0.576407
vt 0.135334 0.585327
vt 0.135781 0.576407
vt -7.630250 0.899172
vt -7.630250 1.820951
vt -15.398588 0.899172
vt -15.398588 1.820951
vt -0.142078 0.257649
vt -0.184489 0.257649
vt -0.184489 0.158134
vt -0.142078 0.158134
vt 0.206710 0.660191
vt 0.325564 0.660191
vt 0.325564 0.779045
vt 0.206710 0.779045
vt -0.276734 0.654499
vt -0.234323 0.654499
vt -0.234323 0.872614
vt -0.276734 0.872614
vt 0.253799 0.859599
vt 0.211388 0.859599
vt 0.211388 0.760083
vt 0.253799 0.760083
vt 3.928727 1.189292
vt 0.587839 1.189292
vt 0.587839 1.290102
vt 3.928727 1.290102
vt 0.587839 1.290102
vt 3.928727 1.189292
vt 3.928727 1.290102
vt 0.587839 1.189292
vt -0.142078 0.257649
vt -0.184489 0.257649
vt -0.184489 0.158134
vt -0.142078 0.158134
vt 0.206710 0.660191
vt 0.325564 0.660191
vt 0.325564 0.779045
vt 0.206710 0.779045
vt -0.276734 0.654499
vt -0.234323 0.654499
vt -0.234323 0.872614
vt -0.276734 0.872614
vt 0.253799 0.859599
vt 0.211388 0.859599
vt 0.211388 0.760083
vt 0.253799 0.760083
vt 3.928727 1.189292
vt 0.587839 1.189292
vt 0.587839 1.290102
vt 3.928727 1.290102
vt 0.587839 1.290102
vt 3.928727 1.189292
vt 3.928727 1.290102
vt 0.587839 1.189292
vt -0.142078 0.257649
vt -0.184489 0.257649
vt -0.184489 0.158134
vt -0.142078 0.158134
vt 0.206710 0.660191
vt 0.325564 0.660191
vt 0.325564 0.779045
vt 0.206710 0.779045
vt -0.276734 0.654499
vt -0.234323 0.654499
vt -0.234323 0.872614
vt -0.276734 0.872614
vt 0.253799 0.859599
vt 0.211388 0.859599
vt 0.211388 0.760083
vt 0.253799 0.760083
vt 3.928727 1.189292
vt 0.587839 1.189292
vt 0.587839 1.290102
vt 3.928727 1.290102
vt 0.587839 1.290102
vt 3.928727 1.189292
vt 3.928727 1.290102
vt 0.587839 1.189292
vt 0.135781 0.576407
vt 0.400879 0.578585
vt 0.135334 0.585327
vt 0.401076 0.587482
vt 0.135781 0.576407
vt 0.400879 0.578585
vt 0.135334 0.585327
vt 0.401076 0.587482
vt -0.142078 0.257649
vt -0.184489 0.257649
vt -0.184489 0.158134
vt -0.142078 0.158134
vt 0.206710 0.660191
vt 0.325564 0.660191
vt 0.325564 0.779045
vt 0.206710 0.779045
vt -0.276734 0.654499
vt -0.234323 0.654499
vt -0.234323 0.872614
vt -0.276734 0.872614
vt 0.253799 0.859599
vt 0.211388 0.859599
vt 0.211388 0.760083
vt 0.253799 0.760083
vt 3.928727 1.189292
vt 0.587839 1.189292
vt 0.587839 1.290102
vt 3.928727 1.290102
vt 0.587839 1.290102
vt 3.928727 1.189292
vt 3.928727 1.290102
vt 0.587839 1.189292
vt -0.142078 0.257649
vt -0.184489 0.257649
vt -0.184489 0.158134
vt -0.142078 0.158134
vt 0.206710 0.660191
vt 0.325564 0.660191
vt 0.325564 0.779045
vt 0.206710 0.779045
vt -0.276734 0.654499
vt -0.234323 0.654499
vt -0.234323 0.872614
vt -0.276734 0.872614
vt 0.253799 0.859599
vt 0.211388 0.859599
vt 0.211388 0.760083
vt 0.253799 0.760083
vt 3.928727 1.189292
vt 0.587839 1.189292
vt 0.587839 1.290102
vt 3.928727 1.290102
vt 0.587839 1.290102
vt 3.928727 1.189292
vt 3.928727 1.290102
vt 0.587839 1.189292
vt 0.135781 0.576407
vt 0.135334 0.585327
vt 0.135781 0.576407
vt 0.135334 0.585327
vt 0.135781 0.576407
vt 0.135334 0.585327
vt 0.135781 0.576407
vt 0.135334 0.585327
vt -0.142078 0.257649
vt -0.184489 0.257649
vt -0.184489 0.158134
vt -0.142078 0.158134
vt 0.206710 0.660191
vt 0.325564 0.660191
vt 0.325564 0.779045
vt 0.206710 0.779045
vt -0.276734 0.654499
vt -0.234323 0.654499
vt -0.234323 0.872614
vt -0.276734 0.872614
vt 0.253799 0.859599
vt 0.211388 0.859599
vt 0.211388 0.760083
vt 0.253799 0.760083
vt 3.928727 1.189292
vt 0.587839 1.189292
vt 0.587839 1.290102
vt 3.928727 1.290102
vt 0.587839 1.290102
vt 3.928727 1.189292
vt 3.928727 1.290102
vt 0.587839 1.189292
vt -0.142078 0.257649
vt -0.184489 0.257649
vt -0.184489 0.158134
vt -0.142078 0.158134
vt 0.206710 0.660191
vt 0.325564 0.660191
vt 0.325564 0.779045
vt 0.206710 0.779045
vt -0.276734 0.654499
vt -0.234323 0.654499
vt -0.234323 0.872614
vt -0.276734 0.872614
vt 0.253799 0.859599
vt 0.211388 0.859599
vt 0.211388 0.760083
vt 0.253799 0.760083
vt 3.928727 1.189292
vt 0.587839 1.189292
vt 0.587839 1.290102
vt 3.928727 1.290102
vt 0.587839 1.290102
vt 3.928727 1.189292
vt 3.928727 1.290102
vt 0.587839 1.189292
vt -0.142078 0.257649
vt -0.184489 0.257649
vt -0.184489 0.158134
vt -0.142078 0.158134
vt 0.206710 0.660191
vt 0.325564 0.660191
vt 0.325564 0.779045
vt 0.206710 0.779045
vt -0.276734 0.654499
vt -0.234323 0.654499
vt -0.234323 0.872614
vt -0.276734 0.872614
vt 0.253799 0.859599
vt 0.211388 0.859599
vt 0.211388 0.760083
vt 0.253799 0.760083
vt 3.928727 1.189292
vt 0.587839 1.189292
vt 0.587839 1.290102
vt 3.928727 1.290102
vt 0.587839 1.290102
vt 3.928727 1.189292
vt 3.928727 1.290102
vt 0.587839 1.189292
vt -0.890143 1.820951
vt 5.552526 1.039108
vt 5.552410 1.960892
vt -0.884668 0.899172
vt -7.630250 0.899172
vt -7.630250 1.820951
vt -15.398588 0.899172
vt -15.398588 1.820951
vt 0.291713 0.700323
vt 0.267712 0.801143
vt 0.146981 0.700323
vt 0.314087 0.801143
vt 0.146981 0.801143
vt 0.284829 0.180028
vt 0.260827 0.280847
vt 0.140097 0.180028
vt 0.140097 0.280847
vt 0.283430 0.801143
vt 0.284829 0.180028
vt 0.260827 0.280847
vt 0.140097 0.180028
vt 0.140097 0.280847
vt 0.192091 0.801143
vt 0.206925 0.801143
vt 0.215194 0.801143
vt 0.200298 0.801143
vt 0.206925 0.801143
vt 0.200298 0.801143
vt 0.206925 0.801143
vt 0.260827 0.280847
vt 0.140097 0.280847
vt 0.140097 0.180028
vt 0.284829 0.180028
vt 0.000000 0.009338
vt 0.512944 0.009338
vt 0.000000 0.990662
vt 0.512944 0.990662
vt 0.512944 0.286693
vt 0.381739 0.286693
vt 0.381739 0.009338
vt 0.512944 0.009338
vt 1.245461 1.350980
vt 1.248008 1.826277
vt 1.146115 1.441691
vt 1.299750 1.970346
vt 1.149033 1.350980
vt 1.275145 1.350980
vt 1.151951 1.826277
vt 0.140097 0.252859
vt 0.140097 0.263215
vt 0.218216 0.642765
vt 0.218216 0.614778
vt 0.218216 0.625133
vt 0.556041 1.817279
vt 0.556041 -0.200321
vt 0.678556 -0.065312
vt 0.678556 1.985192
vt 0.612845 -0.065312
vt 0.612845 1.985192
vt 0.612845 -0.200321
vt 0.612845 1.817279
vt 0.612845 0.960501
vt 0.678556 0.960501
vt 0.678556 1.165241
vt 0.612845 1.165241
vt 0.293422 0.596566
vt 0.293422 1.419526
vt 0.227710 1.419526
vt 0.227710 0.596566
vt 0.768731 1.560063
vt 0.768731 3.345140
vt 0.703020 3.345140
vt 0.703020 1.560063
vt 0.678556 1.165241
vt 0.678556 1.689890
vt 0.612845 1.689890
vt 0.612845 1.165241
vt 0.291713 0.700323
vt 0.249189 0.796540
vt 0.146981 0.700323
vt 0.283430 0.801143
vt 0.309899 0.756758
vt 0.119344 0.802387
vt 0.206429 0.801539
vt 0.260827 0.280847
vt 0.112866 0.280847
vt 0.112866 0.180028
vt 0.284829 0.180028
vt 0.189470 0.357225
vt 0.189472 1.180187
vt 0.123759 1.180185
vt 0.123759 0.357225
vt 0.512944 0.990662
vt 0.000000 0.990662
vt 0.000000 0.009338
vt 0.512944 0.009338
vt 0.556041 1.817279
vt 0.556041 -0.200321
vt 0.612845 -0.200321
vt 0.612845 1.817279
vt 0.768731 0.528527
vt 0.768731 2.145966
vt 0.703020 2.145966
vt 0.703020 0.528527
vt 0.146981 0.739996
vt 0.153154 0.710593
vt 1.351994 1.896237
vt 1.362164 2.063844
vt 1.096545 1.794627
vt 1.096102 1.938635
vt 1.100430 2.059440
vt 1.088741 2.040943
vt 1.284944 2.068692
vt 1.144751 1.967343
vt 1.144185 1.796708
vt 1.297757 1.857856
vt 1.144751 2.069579
vt 1.118546 2.069579
vt 0.132181 2.840631
vt 0.329308 2.840631
vt 0.132181 3.160335
vt 0.329308 3.160335
vt 1.805476 10.208125
vt 1.118371 10.208125
vt 1.118371 9.971897
vt 1.805476 9.971897
vt 1.805476 10.208125
vt 1.118371 10.208125
vt 1.118371 9.971897
vt 1.805476 9.971897
vt 1.552437 10.208125
vt 1.118371 10.208125
vt 1.118371 9.971897
vt 1.552437 9.971897
vt -0.215130 1.428964
vt -0.215130 1.261491
vt 0.632070 1.428964
vt 0.632070 1.261491
vt 0.162736 1.428964
vt 0.492449 1.261491
vt 0.162736 1.261491
vt 0.492449 1.428964
vt 0.013554 1.428964
vt 0.492449 1.759715
vt 0.013554 1.261491
vt 0.492449 1.927187
vt 0.263087 1.428964
vt 0.263087 1.261491
vt 0.263087 1.759715
vt 0.263087 1.927187
vt 0.013554 1.428964
vt 0.263087 1.261491
vt 0.013554 1.261491
vt 0.263087 1.428964
vt -0.009129 1.429123
vt 0.263087 1.261491
vt -0.134324 1.261491
vt 0.263087 1.428964
vt 0.258257 0.797759
vt 0.255757 0.797423
vt 0.274658 0.799963
vt 0.262958 0.798391
vt 0.246256 0.280899
vt 0.218216 0.642765
vt 0.218216 0.614778
vt 0.261582 0.221400
vt 0.287081 -0.185930
vt 0.277969 -0.147658
vt 1.204687 1.826277
vt 1.212879 1.826277
vt 1.212319 1.826277
vt 0.180532 0.280869
vt 0.177916 0.241650
vt 0.999998 1.486043
vt 1.604693 1.511815
vt 0.999998 1.577335
vt 1.601837 1.656822
vt 0.999998 1.656822
vt 1.204300 1.826277
vt 1.206066 1.826277
vt 1.210040 1.826277
vt 0.512944 0.990662
vt 0.000000 0.990662
vt 0.000000 0.009338
vt 0.512944 0.009338
vt 0.209266 0.893372
vt 0.209266 0.654232
vt 0.266070 0.654232
vt 0.266070 0.893372
vt 0.258626 0.521239
vt 0.258626 1.344200
vt 0.192914 1.344199
vt 0.192914 0.521239
vt 1.200671 1.826277
vt 1.214301 1.826277
vt 1.214301 1.826277
vt 1.200671 1.826277
vt 1.242071 1.321249
vt 1.230018 1.963961
vt 1.199598 1.963961
vt 1.294818 1.975359
vt 1.145765 1.467139
vt 1.151683 1.351297
vt 1.274069 1.300616
vt 1.187123 1.963961
vt 1.141409 1.963961
vt 1.197194 1.728940
vt 1.187429 1.728940
vt 1.238995 1.294396
vt 1.243222 1.939571
vt 1.189066 1.939571
vt 1.311158 1.428977
vt 1.115788 1.418540
vt 1.121189 1.294396
vt 1.290535 1.301640
vt 1.174844 1.939571
vt 1.131403 1.939571
vt 1.186309 1.820825
vt 1.175178 1.820825
vt 1.315970 1.532439
vt 1.248660 2.339608
vt 1.262882 2.339608
vt 1.260125 2.220862
vt 0.209266 0.893372
vt 0.209266 0.654232
vt 0.266070 0.654232
vt 0.266070 0.893372
vt 0.768731 1.560063
vt 0.768731 2.356210
vt 0.703020 2.356210
vt 0.703020 1.560063
vt 0.209266 0.823625
vt 1.188266 1.830727
vt 1.204381 1.863487
vt 1.204076 1.963961
vt 1.288051 1.871370
vt 1.208987 1.826277
vt 1.208457 1.826277
vt 1.210054 1.826277
vt 1.209021 1.826277
vt 1.209021 1.826277
vt 1.210054 1.826277
vt 1.208987 1.826277
vt 1.208457 1.826277
vt 1.206066 1.826277
vt 1.204687 1.826277
vt 1.204300 1.826277
vt 1.232552 1.828803
vt 1.285709 1.775772
vt 0.833157 1.692169
vt 0.777659 1.649602
vt 0.830816 1.596571
vt 1.214083 1.378240
vt 1.219475 1.983293
vt 1.172654 1.983293
vt 1.261154 1.983293
vt 1.113032 1.453572
vt 1.115562 1.378240
vt 1.248804 1.594861
vt 1.243413 1.378240
vt 1.169281 1.818918
vt 1.115999 1.818918
vt 0.148246 0.801086
vt 0.158906 0.800606
vt 0.163538 0.700323
vt 0.186279 0.700323
vt 1.278592 1.375443
vt 1.286406 1.872149
vt 1.163157 1.872148
vt 1.338347 1.872149
vt 1.159899 1.701465
vt 1.164489 1.375443
vt 1.338347 1.872148
vt 1.321104 1.375443
vt 1.163157 1.872148
vt 0.291713 0.700323
vt -0.176931 1.367169
vt 0.667880 1.261491
vt -0.438630 1.200478
vt 0.667880 1.428964
vt 0.150689 1.261491
vt 0.150689 1.428964
vt 0.299095 0.723231
vt 0.297038 0.723474
vt 0.181957 0.708458
vt 0.193543 0.707600
vt 0.181957 0.708458
vt 0.193543 0.707600
vt 0.261528 1.428964
vt 0.492449 1.261491
vt 0.261528 1.261491
vt 0.492449 1.428964
vt 0.192914 0.521239
vt 0.258626 0.521239
vt 0.192914 1.344199
vt 0.258626 1.344200
vt 1.242071 1.764639
vt 1.232552 1.857164
vt 1.204381 1.863487
vt 1.145765 1.791234
vt 1.760321 1.264363
vt 1.750802 1.356887
vt 1.722631 1.363210
vt 1.664015 1.290958
vt 1.259825 1.819643
vt 1.254131 1.369571
vt 1.311295 1.859998
vt 1.138950 1.479027
vt 1.146048 1.369571
vt 1.285959 1.327282
vt 1.153228 1.742751
vt 1.760321 1.264363
vt 1.750802 1.356887
vt 1.722631 1.363210
vt 1.664015 1.290958
vt 0.926832 1.582789
vt 1.292008 1.580526
vt 0.926832 1.943642
vt 1.760321 1.264363
vt 1.722631 1.363210
vt 1.664015 1.290958
vt 1.259825 1.819643
vt 1.254131 1.369571
vt 1.311295 1.859998
vt 1.138950 1.479027
vt 1.146048 1.369571
vt 1.285959 1.327282
vt 1.153228 1.742751
vt 1.242071 1.764639
vt 1.232552 1.857164
vt 1.204381 1.863487
vt 1.145765 1.791234
vt 1.760321 1.264363
vt 1.750802 1.356887
vt 1.722631 1.363210
vt 1.664015 1.290958
vt 1.760321 1.264363
vt 1.750802 1.356887
vt 1.722631 1.363210
vt 1.664015 1.290958
vt 0.926832 1.582789
vt 1.292008 1.580526
vt 0.926832 1.943642
vt 1.760321 1.264363
vt 1.722631 1.363210
vt 1.664015 1.290958
vt 1.760321 1.264363
vt 1.722631 1.363210
vt 1.664015 1.290958
vt 0.768731 1.625227
vt 0.768731 2.107006
vt 0.703020 2.107006
vt 0.703020 1.625227
vt 1.259825 1.816846
vt 1.254131 1.335582
vt 1.311295 1.859998
vt 1.138950 1.452625
vt 1.146048 1.335582
vt 1.288694 1.213790
vt 1.153228 1.734625
vt 1.760321 1.264363
vt 1.722631 1.363210
vt 1.664015 1.290958
vt 0.926832 1.582789
vt 1.292008 1.580526
vt 0.926832 1.943642
vt 1.242071 1.764639
vt 1.232552 1.857164
vt 1.204381 1.863487
vt 1.145765 1.791234
vt 1.760321 1.264363
vt 1.750802 1.356887
vt 1.722631 1.363210
vt 1.664015 1.290958
vt 1.760321 1.264363
vt 1.750802 1.356887
vt 1.722631 1.363210
vt 1.664015 1.290958
vt 0.768731 1.625227
vt 0.768731 2.107006
vt 0.703020 2.107006
vt 0.703020 1.625227
vt 1.259825 1.819643
vt 1.254131 1.369571
vt 1.311295 1.859998
vt 1.138950 1.479027
vt 1.146048 1.369571
vt 1.285959 1.327282
vt 1.153228 1.742751
vt 1.242071 1.764639
vt 1.232552 1.857164
vt 1.204381 1.863487
vt 1.145765 1.791234
vt 1.760321 1.264363
vt 1.750802 1.356887
vt 1.722631 1.363210
vt 1.664015 1.290958
vt 1.760321 1.264363
vt 1.750802 1.356887
vt 1.722631 1.363210
vt 1.664015 1.290958
vt 0.926832 1.582789
vt 1.292008 1.580526
vt 0.926832 1.943642
vt 1.760321 1.264363
vt 1.722631 1.363210
vt 1.664015 1.290958
vt 1.760321 1.264363
vt 1.722631 1.363210
vt 1.664015 1.290958
vt 0.768731 1.625227
vt 0.768731 2.107006
vt 0.703020 2.107006
vt 0.703020 1.625227
vn -1.000000 0.000020 -0.000000
vn -1.000000 0.000020 0.000000
vn -1.000000 0.000020 -0.000000
vn -1.000000 0.000020 -0.000000
vn -1.000000 0.000035 -0.000000
vn -1.000000 0.000035 0.000000
vn -1.000000 0.000035 -0.000000
vn -1.000000 0.000035 -0.000000
vn -0.900377 0.433198 -0.040744
vn -0.898457 0.437399 -0.038168
vn -0.691519 0.120293 0.712272
vn -0.768274 0.168229 0.617619
vn -0.926696 0.370657 -0.062025
vn -0.928458 0.356461 -0.104415
vn -0.927266 0.357898 -0.109944
vn -0.922387 0.352213 -0.158584
vn -0.922144 0.352953 -0.158353
vn -1.000000 0.000000 0.000000
vn -1.000000 0.000000 0.000000
vn -1.000000 0.000000 0.000000
vn -1.000000 0.000000 0.000000
vn -0.929346 0.369210 -0.000913
vn -0.929292 0.369345 -0.000887
vn -0.931520 0.362843 -0.024798
vn -0.931502 0.362889 -0.024791
vn -0.931004 0.364816 -0.011877
vn -0.931015 0.364698 -0.014390
vn -1.000000 0.000000 0.000000
vn -1.000000 0.000000 0.000000
vn -1.000000 0.000000 0.000000
vn -1.000000 0.000000 0.000000
vn -1.000000 0.000000 0.000000
vn -1.000000 0.000000 0.000000
vn -1.000000 0.000000 0.000000
vn -1.000000 0.000000 0.000000
vn -0.929333 0.365454 -0.052769
vn -0.929277 0.365595 -0.052762
vn -0.931513 0.355780 -0.075521
vn -0.931497 0.355823 -0.075521
vn -0.931027 0.359469 -0.063009
vn -0.931038 0.358999 -0.065480
vn -0.954791 0.297279 0.000000
vn -0.954791 0.297279 0.000000
vn -0.954791 0.297279 0.000000
vn -0.954791 0.297279 0.000000
vn -0.928329 0.364999 -0.070573
vn -0.928257 0.365186 -0.070561
vn -0.929417 0.354975 -0.100882
vn -0.929394 0.355035 -0.100881
vn -0.929540 0.358822 -0.084864
vn -0.929448 0.358588 -0.086836
vn -1.000000 0.000000 0.000000
vn -1.000000 0.000000 0.000000
vn -1.000000 0.000000 0.000000
vn -1.000000 0.000000 0.000000
vn -1.000000 0.000000 0.000000
vn -1.000000 0.000000 0.000000
vn -1.000000 0.000000 0.000000
vn -1.000000 0.000000 0.000000
vn -0.929452 0.368942 0.000898
vn -0.929404 0.369062 0.000922
vn -0.931523 0.362835 -0.024798
vn -0.931506 0.362881 -0.024791
vn -0.930986 0.364894 -0.010823
vn -0.931007 0.364748 -0.013579
vn -0.927194 0.365612 -0.081485
vn -0.927042 0.365994 -0.081496
vn -0.933246 0.355157 -0.053999
vn -0.933114 0.355506 -0.053973
vn -0.931187 0.357982 -0.068850
vn -0.930989 0.359041 -0.065953
vn -0.929341 0.369221 -0.000911
vn -0.929287 0.369356 -0.000885
vn -0.931525 0.362830 -0.024799
vn -0.931507 0.362877 -0.024792
vn -0.931008 0.364807 -0.011879
vn -0.931018 0.364690 -0.014391
vn -1.000000 0.000000 0.000000
vn -1.000000 0.000000 0.000000
vn -1.000000 0.000000 0.000000
vn -1.000000 0.000000 0.000000
vn -0.954791 0.297279 0.000000
vn -0.954791 0.297279 0.000000
vn -0.954791 0.297279 0.000000
vn -0.954791 0.297279 0.000000
vn -0.928330 0.364997 -0.070572
vn -0.928257 0.365184 -0.070560
vn -0.929417 0.354974 -0.100882
vn -0.929395 0.355032 -0.100881
vn -0.929547 0.358804 -0.084864
vn -0.929455 0.358570 -0.086836
vn -1.000000 0.000000 0.000000
vn -0.707109 0.707104 0.000001
vn -0.707111 0.707102 0.000000
vn -1.000000 0.000000 -0.000000
vn -1.000000 0.000000 0.000000
vn -1.000000 0.000000 0.000000
vn -1.000000 0.000000 0.000000
vn -1.000000 0.000000 0.000000
vn -1.000000 0.000000 0.000000
vn -1.000000 0.000000 0.000000
vn -0.000015 1.000000 0.000003
vn -0.707111 0.707102 0.000001
vn -1.000000 0.000000 0.000000
vn -1.000000 0.000000 0.000000
vn -1.000000 0.000000 0.000000
vn -1.000000 0.000000 0.000000
vn 0.000000 -0.000001 1.000000
vn 0.000000 -0.000000 1.000000
vn 0.000000 -0.000000 1.000000
vn 0.000014 0.000021 1.000000
vn -0.000000 -0.000001 1.000000
vn 0.000013 0.000009 1.000000
vn -0.000013 0.000010 1.000000
vn -0.000010 0.000020 1.000000
vn 0.000000 -0.000002 1.000000
vn 0.000000 -0.000001 1.000000
vn 0.000004 0.000005 1.000000
vn 0.000018 0.000016 1.000000
vn -0.000015 0.000013 1.000000
vn 0.000036 0.000006 1.000000
vn -0.000000 -0.000002 1.000000
vn -1.000000 0.000021 -0.000000
vn -1.000000 0.000021 0.000000
vn -1.000000 0.000021 -0.000000
vn -1.000000 0.000021 -0.000000
vn -0.997492 0.070787 -0.000000
vn -0.997491 0.070787 0.000000
vn -0.997491 0.070787 -0.000000
vn -0.997492 0.070787 -0.000000
vn -0.988159 0.153433 -0.000000
vn -0.988159 0.153433 0.000000
vn -0.988159 0.153433 -0.000000
vn -0.988159 0.153433 -0.000000
vn -1.000000 0.000047 -0.000000
vn -1.000000 0.000047 0.000000
vn -1.000000 0.000047 -0.000000
vn -1.000000 0.000047 -0.000000
vn -1.000000 0.000047 -0.000000
vn -1.000000 0.000047 0.000000
vn -1.000000 0.000047 -0.000000
vn -1.000000 0.000047 -0.000000
vn -1.000000 0.000047 -0.000000
vn -1.000000 0.000047 0.000000
vn -1.000000 0.000047 -0.000000
vn -1.000000 0.000047 -0.000000
vn -1.000000 0.000000 0.000000
vn -1.000000 0.000000 0.000000
vn -1.000000 0.000000 0.000000
vn -1.000000 0.000000 0.000000
vn -1.000000 -0.000143 -0.000020
vn -1.000000 -0.000150 -0.000022
vn -1.000000 -0.000004 0.000019
vn -1.000000 -0.000015 0.000016
vn -1.000000 -0.000008 0.000000
vn -1.000000 -0.000008 0.000000
vn -1.000000 -0.000008 0.000000
vn -1.000000 -0.000008 0.000000
vn -1.000000 0.000047 -0.000000
vn -1.000000 0.000047 0.000000
vn -1.000000 0.000047 -0.000000
vn -1.000000 0.000047 -0.000000
vn -1.000000 0.000042 0.000000
vn -1.000000 0.000042 0.000000
vn -1.000000 0.000042 0.000000
vn -1.000000 0.000042 0.000000
vn -1.000000 -0.000201 0.000004
vn -1.000000 -0.000201 0.000004
vn -1.000000 -0.000201 0.000004
vn -1.000000 0.000000 0.000000
vn -1.000000 0.000000 0.000000
vn -1.000000 0.000000 0.000000
vn -1.000000 0.000000 0.000000
vn -1.000000 -0.000020 0.000000
vn -1.000000 -0.000020 0.000000
vn -1.000000 -0.000020 0.000000
vn -1.000000 -0.000020 0.000000
vn -1.000000 0.000000 0.000000
vn -1.000000 0.000000 0.000000
vn -1.000000 0.000000 0.000000
vn -1.000000 0.000000 0.000000
vn -1.000000 -0.000204 0.000004
vn -1.000000 -0.000204 0.000004
vn -1.000000 -0.000204 0.000004
vn -1.000000 0.000035 -0.000000
vn -1.000000 0.000035 0.000000
vn -1.000000 0.000035 -0.000000
vn -1.000000 0.000035 -0.000000
vn 0.000000 -0.000002 1.000000
vn -0.000000 -0.000000 1.000000
vn 0.000000 -0.000001 1.000000
vn 0.000000 -0.000001 1.000000
vn 0.000000 -0.000000 1.000000
vn 0.000000 0.000000 1.000000
vn 0.000000 0.000000 1.000000
vn 0.000000 0.000000 1.000000
vn -1.000000 -0.000009 0.000000
vn -1.000000 -0.000009 0.000000
vn -1.000000 -0.000009 0.000000
vn -1.000000 -0.000009 0.000000
vn 0.000000 0.000000 1.000000
vn 0.000000 -0.000000 1.000000
vn 0.000000 -0.000001 1.000000
vn 0.000000 -0.000000 1.000000
vn -0.921961 0.380460 -0.072379
vn -0.921840 0.380788 -0.072186
vn -0.927138 0.368802 -0.066337
vn -0.927249 0.369095 -0.063070
vn -0.928461 0.356454 -0.104405
vn -0.927271 0.357885 -0.109937
vn -0.922388 0.352209 -0.158585
vn -0.922145 0.352948 -0.158354
vn -1.000000 0.000000 0.000000
vn -1.000000 0.000000 0.000000
vn -1.000000 0.000000 0.000000
vn -1.000000 0.000000 0.000000
vn -1.000000 0.000000 0.000000
vn -1.000000 0.000000 0.000000
vn -1.000000 0.000000 0.000000
vn -1.000000 0.000000 0.000000
vn -1.000000 0.000000 0.000000
vn -1.000000 0.000000 0.000000
vn -1.000000 0.000000 0.000000
vn -1.000000 0.000000 0.000000
vn -0.929455 0.368934 0.000897
vn -0.929408 0.369053 0.000920
vn -0.931522 0.362838 -0.024798
vn -0.931505 0.362884 -0.024791
vn -0.930987 0.364891 -0.010823
vn -0.931009 0.364745 -0.013580
vn -0.927190 0.365622 -0.081486
vn -0.927038 0.366004 -0.081498
vn -0.933245 0.355159 -0.054000
vn -0.933113 0.355508 -0.053975
vn -0.931180 0.357998 -0.068851
vn -0.930982 0.359058 -0.065954
vn -1.000000 0.000000 0.000000
vn -1.000000 0.000000 0.000000
vn -1.000000 0.000000 0.000000
vn -1.000000 0.000000 0.000000
vn -1.000000 0.000092 0.000000
vn -1.000000 0.000092 0.000000
vn -1.000000 0.000092 0.000000
vn -1.000000 0.000092 0.000000
vn -1.000000 0.000035 -0.000000
vn -1.000000 0.000035 0.000000
vn -1.000000 0.000035 -0.000000
vn -1.000000 0.000035 -0.000000
vn -1.000000 0.000118 -0.000000
vn -1.000000 0.000118 0.000000
vn -1.000000 0.000118 -0.000000
vn -1.000000 0.000118 -0.000000
vn -0.000001 -0.000001 1.000000
vn 0.000001 -0.000001 1.000000
vn -0.000001 -0.000001 1.000000
vn 0.000010 -0.000001 1.000000
vn 0.000001 -0.000001 1.000000
vn -0.000001 -0.000001 1.000000
vn -0.000000 -0.000001 1.000000
vn 0.000000 -0.000001 1.000000
vn 0.000001 -0.000001 1.000000
vn -0.900378 0.433198 -0.040744
vn -0.898457 0.437398 -0.038168
vn -0.691518 0.120291 0.712273
vn -0.768274 0.168227 0.617620
vn -0.926696 0.370658 -0.062025
vn -0.928457 0.356462 -0.104414
vn -0.927265 0.357899 -0.109943
vn -0.922387 0.352213 -0.158584
vn -0.922144 0.352953 -0.158353
vn -1.000000 0.000000 0.000000
vn -1.000000 0.000000 0.000000
vn -1.000000 0.000000 0.000000
vn -1.000000 0.000000 0.000000
vn -0.954791 0.297279 0.000000
vn -0.954791 0.297279 0.000000
vn -0.954791 0.297279 0.000000
vn -0.954791 0.297279 0.000000
vn -0.928329 0.365000 -0.070573
vn -0.928256 0.365187 -0.070561
vn -0.929417 0.354975 -0.100882
vn -0.929394 0.355035 -0.100881
vn -0.929540 0.358821 -0.084864
vn -0.929449 0.358587 -0.086836
vn -1.000000 0.000000 0.000000
vn -1.000000 0.000000 0.000000
vn -1.000000 0.000000 0.000000
vn -1.000000 0.000000 0.000000
vn -1.000000 0.000000 0.000000
vn -1.000000 0.000000 0.000000
vn -1.000000 0.000000 0.000000
vn -1.000000 0.000000 0.000000
vn -0.929452 0.368942 0.000898
vn -0.929404 0.369062 0.000922
vn -0.931523 0.362835 -0.024798
vn -0.931506 0.362881 -0.024791
vn -0.930986 0.364894 -0.010823
vn -0.931007 0.364748 -0.013579
vn -0.927194 0.365611 -0.081485
vn -0.927042 0.365993 -0.081496
vn -0.933246 0.355157 -0.053999
vn -0.933114 0.355506 -0.053973
vn -0.931187 0.357982 -0.068850
vn -0.930989 0.359041 -0.065953
vn -0.999895 -0.014476 -0.000904
vn -0.999897 -0.014330 -0.000878
vn -0.999463 -0.021384 -0.024824
vn -0.999465 -0.021326 -0.024816
vn -0.999745 -0.019201 -0.011876
vn -0.999710 -0.019309 -0.014389
vn -0.923879 -0.382684 0.000000
vn -0.923879 -0.382684 0.000000
vn -0.923879 -0.382684 0.000000
vn -0.923879 -0.382684 0.000000
vn -0.995875 -0.090731 0.000000
vn -0.995875 -0.090731 0.000000
vn -0.995875 -0.090731 0.000000
vn -0.995875 -0.090731 0.000000
vn -0.997341 -0.018118 -0.070582
vn -0.997346 -0.017931 -0.070571
vn -0.994523 -0.027226 -0.100906
vn -0.994525 -0.027186 -0.100905
vn -0.996101 -0.024044 -0.084875
vn -0.995926 -0.024245 -0.086850
vn -0.923863 -0.382724 0.000000
vn -0.923863 -0.382724 0.000000
vn -0.923863 -0.382724 0.000000
vn -0.923863 -0.382724 0.000000
vn -0.923935 -0.382548 -0.000002
vn -0.923935 -0.382548 -0.000002
vn -0.923936 -0.382548 -0.000002
vn -0.923894 -0.382649 -0.000001
vn -0.923894 -0.382648 0.000000
vn -0.923894 -0.382648 -0.000001
vn -0.923894 -0.382649 -0.000002
vn -0.923877 -0.382691 0.000000
vn -0.923877 -0.382691 0.000000
vn -0.923877 -0.382691 0.000000
vn -0.923877 -0.382691 0.000000
vn -0.924030 -0.382320 -0.000049
vn -0.924030 -0.382320 -0.000049
vn -0.924030 -0.382320 -0.000049
vn -1.000000 0.000011 -0.000000
vn -1.000000 0.000011 0.000000
vn -1.000000 0.000011 -0.000000
vn -1.000000 0.000011 -0.000000
vn -0.000000 -0.000002 1.000000
vn -0.000000 -0.000002 1.000000
vn -0.000000 -0.000002 1.000000
vn -0.000000 -0.000002 1.000000
vn -0.000015 -0.000001 1.000000
vn 0.000001 -0.000001 1.000000
vn -0.000000 -0.000001 1.000000
vn 0.000001 -0.000000 1.000000
vn -0.000000 -0.000006 1.000000
vn -0.000000 -0.000006 1.000000
vn -0.000000 -0.000006 1.000000
vn -0.000000 -0.000006 1.000000
vn -0.999894 -0.014500 -0.000910
vn -0.999897 -0.014355 -0.000884
vn -0.999466 -0.021256 -0.024821
vn -0.999467 -0.021204 -0.024813
vn -0.999745 -0.019197 -0.011883
vn -0.999710 -0.019309 -0.014398
vn -0.923876 -0.382691 0.000000
vn -0.923876 -0.382692 0.000000
vn -0.923876 -0.382692 0.000000
vn -0.923876 -0.382691 0.000000
vn -0.923885 -0.382671 0.000000
vn -0.923885 -0.382671 0.000000
vn -0.923885 -0.382671 0.000000
vn -0.923885 -0.382671 0.000000
vn -0.998446 -0.017880 -0.052779
vn -0.998449 -0.017725 -0.052772
vn -0.996762 -0.027626 -0.075520
vn -0.996763 -0.027586 -0.075519
vn -0.997720 -0.024149 -0.063017
vn -0.997550 -0.024588 -0.065486
vn -0.640032 -0.768349 0.000000
vn -0.640032 -0.768349 0.000000
vn -0.640032 -0.768349 0.000000
vn -0.640032 -0.768349 0.000000
vn -0.692549 -0.717912 -0.070560
vn -0.692698 -0.717769 -0.070547
vn -0.683562 -0.722885 -0.100900
vn -0.683611 -0.722838 -0.100899
vn -0.687208 -0.721486 -0.084869
vn -0.686961 -0.721487 -0.086842
vn -0.696842 -0.717224 -0.000900
vn -0.696949 -0.717120 -0.000874
vn -0.691594 -0.721860 -0.024815
vn -0.691637 -0.721819 -0.024806
vn -0.693347 -0.720506 -0.011876
vn -0.693247 -0.720556 -0.014386
vn -0.382687 -0.923878 0.000000
vn -0.382687 -0.923878 0.000000
vn -0.382687 -0.923878 0.000000
vn -0.382687 -0.923878 0.000000
vn -0.640034 -0.768347 0.000000
vn -0.640034 -0.768347 0.000000
vn -0.640034 -0.768347 0.000000
vn -0.640034 -0.768347 0.000000
vn -0.692494 -0.717963 -0.070569
vn -0.692638 -0.717826 -0.070557
vn -0.684192 -0.722288 -0.100903
vn -0.684202 -0.722278 -0.100902
vn -0.687291 -0.721407 -0.084876
vn -0.687019 -0.721430 -0.086851
vn -1.000000 0.000011 -0.000000
vn -1.000000 0.000011 0.000000
vn -1.000000 0.000011 -0.000000
vn -1.000000 0.000011 -0.000000
vn -1.000000 0.000048 0.000000
vn -1.000000 0.000048 0.000000
vn -1.000000 0.000048 0.000000
vn -1.000000 0.000048 0.000000
vn -1.000000 0.000047 0.000000
vn -1.000000 0.000047 0.000000
vn -1.000000 0.000047 0.000000
vn -1.000000 0.000047 0.000000
vn -0.707133 -0.707081 0.000000
vn -0.707133 -0.707081 0.000000
vn -0.707133 -0.707081 0.000000
vn -0.707133 -0.707081 0.000000
vn -0.706972 -0.707241 0.000016
vn -0.706972 -0.707241 0.000016
vn -0.706973 -0.707241 0.000016
vn -0.707107 -0.707107 0.000000
vn -0.707107 -0.707107 0.000000
vn -0.707107 -0.707107 0.000000
vn -0.707107 -0.707107 0.000000
vn -0.707114 -0.707100 0.000000
vn -0.707114 -0.707100 0.000000
vn -0.707114 -0.707100 0.000000
vn -0.707114 -0.707100 0.000000
vn -0.706890 -0.707324 -0.000017
vn -0.706890 -0.707324 -0.000017
vn -0.706890 -0.707324 -0.000017
vn -0.923885 -0.382671 0.000000
vn -0.923885 -0.382671 0.000000
vn -0.923885 -0.382671 0.000000
vn -0.923885 -0.382671 0.000000
vn -0.998446 -0.017880 -0.052779
vn -0.998449 -0.017725 -0.052772
vn -0.996762 -0.027626 -0.075520
vn -0.996763 -0.027587 -0.075519
vn -0.997720 -0.024149 -0.063017
vn -0.997550 -0.024588 -0.065486
vn -1.000000 0.000000 0.000000
vn -1.000000 0.000000 0.000000
vn -1.000000 0.000000 0.000000
vn -1.000000 0.000000 0.000000
vn -1.000000 0.000000 0.000000
vn -1.000000 0.000000 0.000000
vn -1.000000 0.000000 0.000000
vn -1.000000 0.000000 0.000000
vn -1.000000 0.000000 0.000000
vn -1.000000 0.000000 0.000000
vn -1.000000 0.000000 0.000000
vn -1.000000 0.000000 0.000000
vn -1.000000 0.000000 0.000000
vn -1.000000 0.000000 0.000000
vn -1.000000 0.000000 0.000000
vn -1.000000 0.000000 0.000000
vn -1.000000 0.000000 0.000000
vn -1.000000 0.000000 0.000000
vn -0.473355 0.095289 0.875703
vn -0.497353 0.107931 0.860808
vn -0.614163 -0.050573 0.787557
vn -0.628734 -0.055433 0.775642
vn -0.480811 0.042041 0.875816
vn -0.451199 0.035748 0.891707
vn -0.636598 0.100615 0.764604
vn -0.612495 0.061110 0.788109
vn -0.523445 -0.048596 0.850672
vn -0.537137 -0.045234 0.842281
vn -0.450205 -0.091340 0.888241
vn -0.424664 -0.056357 0.903595
vn -0.374052 -0.001609 0.927406
vn -1.000000 0.000000 0.000000
vn -1.000000 0.000000 0.000000
vn -1.000000 0.000000 0.000000
vn -1.000000 0.000000 0.000000
vn -1.000000 0.000000 0.000000
vn -1.000000 0.000000 0.000000
vn -1.000000 0.000000 0.000000
vn -0.927843 0.372971 0.000000
vn -1.000000 0.000000 0.000000
vn -0.927843 0.372971 0.000000
vn -1.000000 0.000000 0.000000
vn -1.000000 0.000000 0.000000
vn -0.927843 0.372971 0.000000
vn -0.392354 0.919814 0.000000
vn -0.392354 0.919814 0.000000
vn -0.392354 0.919814 0.000000
vn 0.000000 1.000000 0.000000
vn 0.000000 1.000000 0.000000
vn 0.000000 1.000000 0.000000
vn 0.000000 1.000000 0.000000
vn 0.000000 1.000000 0.000000
vn 0.000000 1.000000 0.000000
vn -1.000000 0.000000 0.000000
vn -0.927843 0.372971 0.000000
vn -1.000000 0.000000 0.000000
vn -0.392354 0.919814 0.000000
vn 0.000000 1.000000 0.000000
vn 0.000000 1.000000 0.000000
vn -1.000000 0.000000 0.000000
vn -1.000000 0.000000 0.000000
vn -0.707107 0.707107 0.000000
vn -0.707107 0.707107 0.000000
vn 0.000000 1.000000 0.000000
vn 0.000000 1.000000 0.000000
vn -1.000000 0.000000 0.000000
vn -1.000000 0.000000 0.000000
vn -0.707107 0.707107 0.000000
vn -0.707107 0.707107 0.000000
vn 0.000000 1.000000 0.000000
vn 0.000000 1.000000 0.000000
vn -1.000000 0.000000 0.000000
vn -1.000000 0.000000 0.000000
vn -1.000000 0.000000 0.000000
vn -1.000000 0.000000 0.000000
vn -1.000000 0.000000 0.000000
vn -1.000000 0.000000 0.000000
vn -1.000000 0.000000 0.000000
vn -1.000000 0.000000 0.000000
vn -1.000000 0.000000 0.000000
vn -1.000000 0.000000 0.000000
vn -1.000000 0.000000 0.000000
vn -0.707107 0.707107 0.000000
vn -0.707106 0.707107 0.000000
vn 0.000000 1.000000 0.000000
vn 0.000000 1.000000 0.000000
vn -1.000000 0.000000 0.000000
vn -1.000000 0.000000 0.000000
vn -0.707106 0.707108 0.000000
vn -0.707105 0.707109 0.000000
vn 0.000000 1.000000 0.000000
vn 0.000000 1.000000 0.000000
vn -1.000000 0.000000 0.000000
vn -1.000000 0.000000 0.000000
vn -1.000000 0.000000 0.000000
vn -1.000000 0.000000 0.000000
vn -0.707107 0.707107 0.000000
vn -0.707107 0.707107 0.000000
vn -1.000000 0.000000 0.000000
vn -1.000000 0.000000 0.000000
vn 0.000000 1.000000 0.000000
vn 0.000000 1.000000 0.000000
vn -1.000000 0.000000 0.000000
vn -1.000000 0.000000 0.000000
vn -1.000000 0.000000 0.000000
vn -1.000000 0.000000 0.000000
vn -0.707107 0.707107 0.000000
vn -0.707107 0.707107 0.000000
vn -1.000000 0.000000 0.000000
vn -1.000000 0.000000 0.000000
vn 0.000000 1.000000 0.000000
vn 0.000000 1.000000 0.000000
vn -1.000000 0.000000 0.000000
vn -1.000000 0.000000 0.000000
vn -1.000000 0.000000 0.000000
vn -1.000000 0.000000 0.000000
vn -0.707107 0.707107 -0.000000
vn -0.707108 0.707106 0.000002
vn -0.707107 0.707107 0.000000
vn -0.707107 0.707107 0.000000
vn 0.000000 1.000000 0.000000
vn 0.000003 1.000000 0.000002
vn -1.000000 0.000000 0.000000
vn -1.000000 0.000000 0.000000
vn -1.000000 0.000000 0.000000
vn -1.000000 0.000000 0.000000
vn -1.000000 0.000000 0.000000
vn -1.000000 0.000000 0.000000
vn -1.000000 0.000000 0.000000
vn -1.000000 0.000000 0.000000
vn -0.707107 0.707107 0.000000
vn -0.707107 0.707107 0.000000
vn -1.000000 0.000000 0.000000
vn -1.000000 0.000000 0.000000
vn -1.000000 0.000000 0.000000
vn -1.000000 0.000000 0.000000
vn -1.000000 0.000000 0.000000
vn -1.000000 0.000000 0.000000
vn -1.000000 0.000000 0.000000
vn -1.000000 0.000000 0.000000
vn -1.000000 0.000000 0.000000
vn -1.000000 0.000000 0.000000
vn -1.000000 0.000000 0.000000
vn -1.000000 0.000000 0.000000
vn -1.000000 0.000000 0.000000
vn -1.000000 0.000000 0.000000
vn 0.000000 1.000000 -0.000000
vn -0.000001 1.000000 0.000004
vn 0.000000 1.000000 -0.000000
vn 0.000001 1.000000 0.000004
vn 0.000000 1.000000 0.000000
vn 0.000000 1.000000 0.000000
vn 0.000000 1.000000 0.000000
vn 0.000000 1.000000 0.000000
vn 0.000000 1.000000 0.000000
vn 0.000000 1.000000 0.000000
vn -0.707107 0.707107 0.000000
vn -0.707107 0.707107 0.000000
vn -1.000000 0.000000 0.000000
vn -1.000000 0.000000 0.000000
vn 0.000000 1.000000 0.000000
vn 0.000000 1.000000 0.000000
vn -0.707107 0.707107 0.000000
vn -0.707107 0.707107 0.000000
vn -1.000000 0.000000 0.000000
vn -1.000000 0.000000 0.000000
vn 0.000000 1.000000 0.000000
vn 0.000000 1.000000 0.000000
vn -0.707107 0.707107 0.000000
vn -0.707107 0.707107 0.000000
vn -1.000000 0.000000 0.000000
vn -1.000000 0.000000 0.000000
vn -1.000000 0.000000 0.000000
vn -1.000000 0.000000 0.000000
vn -1.000000 0.000000 0.000000
vn -1.000000 0.000000 0.000000
vn -1.000000 0.000000 0.000000
vn -1.000000 0.000000 0.000000
vn -0.707107 0.707107 -0.000000
vn -0.707108 0.707106 0.000002
vn 0.000000 1.000000 0.000000
vn 0.000000 1.000000 0.000000
vn 0.000000 1.000000 0.000000
vn 0.000003 1.000000 0.000002
vn -1.000000 0.000000 0.000000
vn -1.000000 0.000000 0.000000
vn -1.000000 0.000000 0.000000
vn -1.000000 0.000000 0.000000
vn -1.000000 0.000000 0.000000
vn -1.000000 0.000000 0.000000
vn -1.000000 0.000000 0.000000
vn -1.000000 0.000000 0.000000
vn -0.707107 0.707107 0.000000
vn -0.707107 0.707107 0.000000
vn -1.000000 0.000000 0.000000
vn -1.000000 0.000000 0.000000
vn -1.000000 0.000000 0.000000
vn -1.000000 0.000000 0.000000
vn -1.000000 0.000000 0.000000
vn -1.000000 0.000000 0.000000
vn -1.000000 0.000000 0.000000
vn -1.000000 0.000000 0.000000
vn -1.000000 0.000000 0.000000
vn -1.000000 0.000000 0.000000
vn -1.000000 0.000000 0.000000
vn -1.000000 0.000000 0.000000
vn -1.000000 0.000000 0.000000
vn -1.000000 0.000000 0.000000
vn 0.000000 1.000000 -0.000000
vn -0.000001 1.000000 0.000004
vn 0.000000 1.000000 -0.000000
vn 0.000001 1.000000 0.000004
vn 0.000000 1.000000 0.000000
vn 0.000000 1.000000 0.000000
vn 0.000000 1.000000 0.000000
vn 0.000000 1.000000 0.000000
vn 0.000000 1.000000 0.000000
vn 0.000000 1.000000 0.000000
vn -0.707107 0.707107 0.000000
vn -0.707107 0.707107 0.000000
vn -1.000000 0.000000 0.000000
vn -1.000000 0.000000 0.000000
vn 0.000000 1.000000 0.000000
vn 0.000000 1.000000 0.000000
vn -0.707107 0.707107 0.000000
vn -0.707107 0.707107 0.000000
vn -1.000000 0.000000 0.000000
vn -1.000000 0.000000 0.000000
vn 0.000000 1.000000 0.000000
vn 0.000000 1.000000 0.000000
vn -0.707107 0.707107 0.000000
vn -0.707107 0.707107 0.000000
vn -1.000000 0.000000 0.000000
vn -1.000000 0.000000 0.000000
vn -1.000000 0.000000 0.000000
vn -1.000000 0.000000 0.000000
vn -1.000000 0.000000 0.000000
vn -1.000000 0.000000 0.000000
vn 0.048978 0.998800 0.000000
vn -0.362180 0.932108 -0.000000
vn -0.707106 0.707107 0.000000
vn -0.923880 0.382683 0.000000
vn -0.995184 0.098026 0.000000
vn 0.049037 0.998797 0.000023
vn -0.362061 0.932154 -0.000040
vn -0.707113 0.707100 0.000001
vn -0.923880 0.382683 0.000000
vn 0.247574 0.968869 0.000000
vn 0.247574 0.968869 0.000115
vn -0.018794 -0.999823 0.000000
vn -0.382679 -0.923881 0.000000
vn -0.707106 -0.707107 0.000000
vn -0.923879 -0.382684 0.000000
vn -0.995184 -0.098025 0.000000
vn -0.018769 -0.999824 -0.000004
vn -0.382655 -0.923891 -0.000086
vn -0.707092 -0.707121 -0.000158
vn -0.923875 -0.382693 -0.000207
vn -0.995165 -0.098219 -0.000232
vn 0.158100 -0.987423 0.000000
vn 0.158100 -0.987423 0.000035
vn 0.048859 0.998806 0.000046
vn -0.151594 0.988443 -0.000142
vn -0.707206 0.707007 -0.000287
vn 0.247574 0.968869 0.000231
vn -0.018844 -0.999822 -0.000008
vn -0.382726 -0.923862 -0.000171
vn -0.707134 -0.707079 -0.000317
vn -0.923888 -0.382664 -0.000414
vn -0.995184 -0.098022 -0.000446
vn 0.158100 -0.987423 0.000071
vn -0.555404 0.831581 -0.000010
vn -0.981005 0.193950 -0.003519
vn -0.789695 0.613497 -0.001568
vn -0.707113 0.707101 -0.000001
vn -0.923880 0.382683 0.000000
vn -0.928175 0.372143 -0.000024
vn -0.980782 0.195107 0.000000
vn -0.555570 0.831470 0.000004
vn -0.555571 0.831469 0.000002
vn -0.707114 0.707100 0.000000
vn -0.923880 0.382683 0.000000
vn -0.980782 0.195107 0.000000
vn -0.831806 -0.555044 -0.004961
vn -0.831806 -0.555045 -0.004961
vn -0.000004 1.000000 -0.000000
vn -0.000004 1.000000 -0.000000
vn 0.000000 1.000000 0.000000
vn 0.000000 1.000000 0.000000
vn 0.000000 1.000000 0.000000
vn 0.000000 1.000000 0.000000
vn 0.000000 1.000000 0.000000
vn 0.000000 1.000000 0.000000
vn -0.000004 1.000000 -0.000000
vn -0.000004 1.000000 -0.000000
vn -0.000004 1.000000 -0.000000
vn -0.000004 1.000000 -0.000000
vn -1.000000 0.000000 0.000000
vn -1.000000 0.000000 0.000000
vn -1.000000 0.000000 0.000000
vn -1.000000 0.000000 0.000000
vn 0.000000 1.000000 0.000000
vn 0.000000 1.000000 0.000000
vn 0.081816 -0.996648 0.000000
vn -0.685020 0.728524 0.000000
vn -0.685012 0.728532 0.000000
vn 0.685017 -0.728527 0.000000
vn -0.707106 -0.707108 0.000000
vn -0.707107 0.707107 0.000000
vn -0.707108 -0.707106 0.000000
vn -0.707107 0.707107 0.000000
vn 0.000000 0.000000 0.000000
vn 0.000000 1.000000 0.000000
vn 0.000000 1.000000 0.000000
vn 0.000000 -1.000000 0.000000
vn 0.000000 -1.000000 0.000000
vn 0.000000 -1.000000 0.000000
vn 0.000000 1.000000 0.000000
vn 0.000000 1.000000 0.000000
vn 0.000000 -1.000000 0.000000
vn 0.000000 -1.000000 0.000000
vn -0.685150 -0.728402 0.000000
vn -0.685151 -0.728402 0.000000
vn -0.685142 -0.728410 0.000000
vn -0.685154 -0.728398 0.000000
vn 0.000000 -1.000000 0.000000
vn 0.000000 -1.000000 0.000000
vn 0.000000 -1.000000 0.000000
vn 0.000000 -1.000000 0.000000
vn 0.000000 -1.000000 0.000000
vn 0.000000 -1.000000 0.000000
vn 0.000000 -1.000000 0.000000
vn 0.000000 -1.000000 0.000000
vn -0.999810 0.019515 0.000000
vn -0.999810 0.019515 0.000000
vn -0.999810 0.019515 0.000000
vn -0.693173 0.720771 0.000000
vn -0.693173 0.720771 0.000000
vn -0.693157 0.720787 0.000004
vn -0.707107 -0.707107 0.000000
vn -0.707107 -0.707107 0.000000
vn 0.000001 1.000000 0.000000
vn 0.000001 1.000000 0.000000
vn 0.000000 1.000000 0.000000
vn 0.000000 1.000000 0.000000
vn 0.000000 -1.000000 0.000000
vn 0.000000 -1.000000 0.000000
vn 0.000001 1.000000 0.000000
vn 0.000002 1.000000 0.000002
vn 0.000025 1.000000 0.000006
vn -0.707107 -0.707107 0.000000
vn 0.000000 -1.000000 0.000000
vn -0.707107 0.707107 0.000000
vn 0.000000 1.000000 0.000000
vn -0.707107 -0.707107 0.000000
vn 0.000000 -1.000000 0.000000
vn -0.707107 0.707107 0.000000
vn 0.000000 1.000000 0.000000
vn -0.707107 -0.707107 0.000000
vn 0.000000 -1.000000 0.000000
vn -0.707107 0.707107 0.000000
vn 0.000000 1.000000 0.000000
vn -0.707107 -0.707107 0.000000
vn 0.000000 -1.000000 0.000000
vn -0.707107 0.707107 0.000000
vn 0.000000 1.000000 0.000000
vn -0.707107 -0.707107 0.000000
vn 0.000000 -1.000000 0.000000
vn -0.707107 0.707107 0.000000
vn 0.000000 1.000000 0.000000
vn -0.707107 -0.707107 0.000000
vn 0.000000 -1.000000 0.000000
vn -0.707107 0.707107 0.000000
vn 0.000000 1.000000 0.000000
vn -0.707107 -0.707107 0.000000
vn 0.000000 -1.000000 0.000000
vn -0.707107 0.707107 0.000000
vn 0.000000 1.000000 0.000000
vn -0.707107 -0.707107 0.000000
vn 0.000000 -1.000000 0.000000
vn -0.707107 0.707107 0.000000
vn 0.000000 1.000000 0.000000
vn -1.000000 0.000000 0.000000
vn -1.000000 0.000000 0.000000
vn -1.000000 0.000000 0.000000
vn -1.000000 0.000000 0.000000
vn -0.998129 -0.061138 0.000000
vn -0.998129 -0.061138 0.000000
vn -0.998129 -0.061138 0.000000
vn -0.998129 -0.061138 0.000000
vn -0.998129 -0.061138 0.000000
vn -0.685150 -0.728402 0.000000
vn -0.998129 -0.061138 0.000000
vn -0.685151 -0.728401 0.000000
vn 0.000000 -1.000000 0.000000
vn 0.000000 -1.000000 0.000000
vn -0.998129 -0.061138 0.000000
vn -0.685151 -0.728401 0.000000
vn -0.685150 -0.728402 0.000000
vn -0.998129 -0.061138 0.000000
vn -0.998107 0.061495 0.000000
vn -0.998107 0.061495 0.000000
vn -0.998107 0.061495 0.000000
vn -0.998107 0.061495 0.000000
vn -0.998107 0.061495 0.000000
vn -0.685020 0.728524 0.000000
vn 0.000000 1.000000 0.000000
vn 0.000000 1.000000 0.000000
vn -0.998107 0.061495 0.000000
vn -0.685020 0.728524 0.000000
vn 0.000000 1.000000 0.000000
vn 0.000000 1.000000 0.000000
vn -0.707107 -0.707107 0.000000
vn 0.000000 -1.000000 0.000000
vn -0.707107 0.707107 0.000000
vn 0.000000 1.000000 0.000000
vn -0.707107 -0.707107 0.000000
vn 0.000000 -1.000000 0.000000
vn -0.707107 0.707107 0.000000
vn 0.000000 1.000000 0.000000
vn -1.000000 0.000000 0.000000
vn -1.000000 0.000000 0.000000
vn -1.000000 0.000000 0.000000
vn -1.000000 0.000000 0.000000
vn -0.707107 0.707107 -0.000000
vn -0.707108 0.707106 0.000002
vn 0.000000 1.000000 0.000000
vn 0.000000 1.000000 0.000000
vn 0.000000 1.000000 0.000000
vn 0.000003 1.000000 0.000002
vn -1.000000 0.000000 0.000000
vn -1.000000 0.000000 0.000000
vn -1.000000 0.000000 0.000000
vn -1.000000 0.000000 0.000000
vn -1.000000 0.000000 0.000000
vn -1.000000 0.000000 0.000000
vn -1.000000 0.000000 0.000000
vn -1.000000 0.000000 0.000000
vn -0.707107 0.707107 0.000000
vn -0.707107 0.707107 0.000000
vn -1.000000 0.000000 0.000000
vn -1.000000 0.000000 0.000000
vn -1.000000 0.000000 0.000000
vn -1.000000 0.000000 0.000000
vn -1.000000 0.000000 0.000000
vn -1.000000 0.000000 0.000000
vn -1.000000 0.000000 0.000000
vn -1.000000 0.000000 0.000000
vn -1.000000 0.000000 0.000000
vn -1.000000 0.000000 0.000000
vn -1.000000 0.000000 0.000000
vn -1.000000 0.000000 0.000000
vn -1.000000 0.000000 0.000000
vn -1.000000 0.000000 0.000000
vn 0.000000 1.000000 -0.000001
vn -0.000001 1.000000 0.000004
vn 0.000000 1.000000 -0.000000
vn 0.000002 1.000000 0.000004
vn 0.000000 1.000000 0.000000
vn 0.000000 1.000000 0.000000
vn 0.000000 1.000000 0.000000
vn 0.000000 1.000000 0.000000
vn 0.000000 1.000000 0.000000
vn 0.000000 1.000000 0.000000
vn -0.707107 0.707107 0.000000
vn -0.707107 0.707107 0.000000
vn -1.000000 0.000000 0.000000
vn -1.000000 0.000000 0.000000
vn 0.000000 1.000000 0.000000
vn 0.000000 1.000000 0.000000
vn -0.707107 0.707107 0.000000
vn -0.707107 0.707107 0.000000
vn -1.000000 0.000000 0.000000
vn -1.000000 0.000000 0.000000
vn 0.000000 1.000000 0.000000
vn 0.000000 1.000000 0.000000
vn -0.707107 0.707107 0.000000
vn -0.707107 0.707107 0.000000
vn -1.000000 0.000000 0.000000
vn -1.000000 0.000000 0.000000
vn -1.000000 0.000000 0.000000
vn -1.000000 0.000000 0.000000
vn -1.000000 0.000000 0.000000
vn -1.000000 0.000000 0.000000
vn 0.000000 1.000000 0.000000
vn 0.000005 1.000000 0.000005
vn -1.000000 0.000000 0.000000
vn -1.000000 0.000000 0.000000
vn -1.000000 0.000000 0.000000
vn -1.000000 0.000000 0.000000
vn -0.707107 0.707107 -0.000000
vn -0.707107 0.707106 0.000001
vn -0.707107 -0.707106 0.000000
vn -0.707107 -0.707107 0.000000
vn -1.000000 0.000000 0.000000
vn -1.000000 0.000000 0.000000
vn -1.000000 0.000000 0.000000
vn -1.000000 0.000000 0.000000
vn -1.000000 0.000000 0.000000
vn -1.000000 0.000000 0.000000
vn -1.000000 0.000000 0.000000
vn -1.000000 0.000000 0.000000
vn -1.000000 0.000000 0.000000
vn -1.000000 0.000000 0.000000
vn -1.000000 0.000000 0.000000
vn -1.000000 0.000000 0.000000
vn -1.000000 0.000000 0.000000
vn -1.000000 0.000000 0.000000
vn -1.000000 0.000000 0.000000
vn -1.000000 0.000000 0.000000
vn -0.707111 0.707103 0.000000
vn -0.707111 0.707103 0.000000
vn -0.707105 -0.707108 0.000000
vn -0.707105 -0.707109 0.000000
vn -1.000000 0.000000 0.000000
vn -1.000000 0.000000 0.000000
vn -1.000000 0.000000 0.000000
vn -1.000000 0.000000 0.000000
vn -1.000000 0.000000 0.000000
vn -1.000000 0.000000 0.000000
vn -1.000000 0.000000 0.000000
vn -1.000000 0.000000 0.000000
vn -1.000000 0.000000 0.000000
vn -1.000000 0.000000 0.000000
vn -1.000000 0.000000 0.000000
vn -1.000000 0.000000 0.000000
vn -1.000000 0.000000 0.000000
vn -1.000000 0.000000 0.000000
vn -1.000000 0.000000 0.000000
vn -1.000000 0.000000 0.000000
vn -0.707111 0.707103 0.000000
vn -0.707111 0.707103 0.000000
vn -0.707107 -0.707106 0.000000
vn -0.707107 -0.707107 0.000000
vn -1.000000 0.000000 0.000000
vn -1.000000 0.000000 0.000000
vn -1.000000 0.000000 0.000000
vn -1.000000 0.000000 0.000000
vn -1.000000 0.000000 0.000000
vn -1.000000 0.000000 0.000000
vn -1.000000 0.000000 0.000000
vn -1.000000 0.000000 0.000000
vn 0.000000 -1.000000 0.000000
vn 0.000000 -1.000000 0.000000
vn -1.000000 0.000000 0.000000
vn -1.000000 0.000000 0.000000
vn -1.000000 0.000000 0.000000
vn -1.000000 0.000000 0.000000
vn -1.000000 0.000000 0.000000
vn -1.000000 0.000000 0.000000
vn -1.000000 0.000000 0.000000
vn -1.000000 0.000000 0.000000
vn -1.000000 0.000000 0.000000
vn -1.000000 0.000000 0.000000
vn -1.000000 0.000000 0.000000
vn -1.000000 0.000000 0.000000
vn 0.000000 -1.000000 0.000000
vn 0.000000 -1.000000 0.000000
vn -0.000011 1.000000 0.000000
vn -0.000011 1.000000 0.000000
vn 0.000005 -1.000000 0.000000
vn 0.000005 -1.000000 0.000000
vn -0.000011 1.000000 0.000000
vn -0.000011 1.000000 0.000000
vn 0.000000 1.000000 0.000000
vn 0.000000 1.000000 0.000000
vn -0.707105 0.707109 0.000000
vn -0.707104 0.707109 0.000000
vn -0.707108 -0.707105 0.000000
vn -0.707108 -0.707105 0.000000
vn -0.000002 -0.000000 1.000000
vn 0.693789 0.712355 -0.105861
vn -0.693781 0.712363 -0.105865
vn -0.693780 -0.712364 -0.105863
vn 0.693778 -0.712366 -0.105865
vn 0.000002 -1.000000 0.000000
vn 0.000002 -1.000000 0.000000
vn 0.000000 1.000000 0.000000
vn 0.000000 1.000000 0.000000
vn -0.707105 0.707109 0.000000
vn -0.707104 0.707109 0.000000
vn -0.707108 -0.707105 0.000000
vn -0.707108 -0.707105 0.000000
vn -0.000002 0.000000 1.000000
vn 0.693789 0.712355 -0.105862
vn -0.693781 0.712362 -0.105864
vn -0.693779 -0.712364 -0.105863
vn 0.693778 -0.712366 -0.105865
vn 0.000002 -1.000000 0.000000
vn 0.000002 -1.000000 0.000000
vn 0.000000 1.000000 0.000000
vn 0.000000 1.000000 0.000000
vn -0.707105 0.707109 0.000000
vn -0.707104 0.707109 0.000000
vn -0.707108 -0.707105 0.000000
vn -0.707108 -0.707105 0.000000
vn -0.000002 0.000000 1.000000
vn 0.693789 0.712355 -0.105862
vn -0.693781 0.712362 -0.105864
vn -0.693779 -0.712364 -0.105863
vn 0.693778 -0.712366 -0.105865
vn 0.000002 -1.000000 0.000000
vn 0.000002 -1.000000 0.000000
vn 0.000000 1.000000 -0.000000
vn 0.000000 1.000000 -0.000001
vn 0.000005 1.000000 0.000003
vn -0.000001 1.000000 0.000004
vn 0.000000 1.000000 0.000000
vn 0.000000 1.000000 0.000000
vn 0.000000 1.000000 0.000000
vn 0.000000 1.000000 0.000000
vn 0.000000 1.000000 0.000000
vn 0.000000 1.000000 0.000000
vn 0.000000 1.000000 0.000000
vn 0.000000 1.000000 0.000000
vn 0.000000 1.000000 0.000002
vn 0.000000 1.000000 0.000002
vn 0.000000 1.000000 0.000002
vn 0.000000 1.000000 0.000002
vn 0.000000 0.315570 0.948902
vn 0.000000 0.339143 -0.940735
vn 0.000000 0.997817 -0.066038
vn 0.000000 0.000000 -1.000000
vn 0.000000 1.000000 0.000000
vn 0.000000 1.000000 0.000000
vn 0.000000 1.000000 0.000000
vn 0.000000 1.000000 0.000000
vn -0.707109 -0.707105 -0.000000
vn -0.707105 0.707108 -0.000000
vn -0.707109 -0.707105 0.000000
vn -0.707105 0.707108 0.000000
vn -0.707109 -0.707105 0.000000
vn -0.707105 0.707109 0.000000
vn -0.707109 -0.707105 0.000000
vn -0.707105 0.707108 0.000000
vn -0.000000 1.000000 -0.000000
vn -0.000000 1.000000 0.000000
vn 0.000000 1.000000 0.000000
vn 0.000000 1.000000 0.000000
vn -0.000000 1.000000 0.000000
vn -0.000000 1.000000 -0.000000
vn 0.000000 1.000000 0.000000
vn 0.000000 1.000000 0.000000
vn 0.000000 1.000000 0.000000
vn 0.000000 1.000000 0.000000
vn 0.000000 1.000000 0.000000
vn 0.000000 1.000000 0.000000
vn 0.000000 1.000000 0.000000
vn 0.000000 1.000000 0.000000
vn -0.707107 -0.707107 0.000000
vn 0.000000 -1.000000 0.000000
vn -0.707107 0.707107 0.000000
vn 0.000000 1.000000 0.000000
vn -0.707107 -0.707107 0.000000
vn 0.000000 -1.000000 0.000000
vn -0.707107 0.707107 0.000000
vn 0.000000 1.000000 0.000000
vn -1.000000 0.000000 0.000000
vn -1.000000 0.000000 0.000000
vn -1.000000 0.000000 0.000000
vn -1.000000 0.000000 0.000000
vn -1.000000 0.000000 0.000000
vn -1.000000 0.000000 0.000000
vn -1.000000 0.000000 0.000000
vn -1.000000 0.000000 0.000000
vn -1.000000 0.000000 0.000000
vn -1.000000 0.000000 0.000000
vn -1.000000 0.000000 0.000000
vn -1.000000 0.000000 0.000000
vn -1.000000 0.000000 0.000000
vn -1.000000 0.000000 0.000000
vn -1.000000 0.000000 0.000000
vn -1.000000 0.000000 0.000000
vn -1.000000 0.000000 0.000000
vn -1.000000 0.000000 0.000000
vn -1.000000 0.000000 0.000000
vn -1.000000 0.000000 0.000000
vn -1.000000 0.000000 0.000000
vn -1.000000 0.000000 0.000000
vn -1.000000 0.000000 0.000000
vn -1.000000 0.000000 0.000000
vn 0.000000 1.000000 0.000000
vn 0.000000 1.000000 0.000000
vn -0.707105 0.707108 0.000000
vn -0.707105 0.707108 0.000000
vn -0.707108 -0.707106 0.000000
vn -0.707108 -0.707106 0.000000
vn -0.707106 -0.707108 0.000000
vn -0.707106 -0.707108 0.000000
vn -0.000000 -1.000000 -0.000000
vn -0.000000 -1.000000 0.000000
vn 0.000000 -1.000000 0.000000
vn 0.000000 -1.000000 0.000000
vn -0.000000 -1.000000 0.000000
vn -0.000000 -1.000000 -0.000000
vn -0.707107 -0.707107 0.000000
vn -0.707107 -0.707107 0.000000
vn -0.707107 -0.707107 0.000000
vn -0.707107 -0.707107 0.000000
vn 0.000000 -1.000000 0.000000
vn 0.000000 -1.000000 0.000000
vn 0.000000 -1.000000 0.000000
vn 0.000000 -1.000000 0.000000
vn -0.707107 -0.707107 0.000000
vn -0.707107 -0.707107 0.000000
vn -0.707107 -0.707107 0.000000
vn -0.707107 -0.707107 0.000000
vn -0.707106 -0.707107 0.000000
vn -0.707106 -0.707108 0.000000
vn -1.000000 0.000000 0.000000
vn -1.000000 0.000000 0.000000
vn -1.000000 0.000000 0.000000
vn -1.000000 0.000000 0.000000
vn -1.000000 0.000000 0.000000
vn -1.000000 0.000000 0.000000
vn -1.000000 0.000000 0.000000
vn -1.000000 0.000000 0.000000
vn -1.000000 0.000000 0.000000
vn -1.000000 0.000000 0.000000
vn -1.000000 0.000000 0.000000
vn -1.000000 0.000000 0.000000
vn -1.000000 0.000000 0.000000
vn -1.000000 0.000000 0.000000
vn -1.000000 0.000000 0.000000
vn -1.000000 0.000000 0.000000
vn -1.000000 0.000000 0.000000
vn -1.000000 0.000000 0.000000
vn -1.000000 0.000000 0.000000
vn -1.000000 0.000000 0.000000
vn -1.000000 0.000000 0.000000
vn -1.000000 0.000000 0.000000
vn -1.000000 0.000000 0.000000
vn -1.000000 0.000000 0.000000
vn -0.707107 -0.707107 0.000000
vn 0.000000 -1.000000 0.000000
vn -1.000000 0.000000 0.000000
vn -0.707107 -0.707107 0.000000
vn 0.000000 -1.000000 0.000000
vn -1.000000 0.000000 0.000000
vn 0.000000 -1.000000 0.000000
vn 0.000000 -1.000000 0.000000
vn 0.000000 -1.000000 0.000000
vn 0.000000 -1.000000 0.000000
vn 0.000000 -1.000000 0.000000
vn 0.000000 -1.000000 0.000000
vn 0.000000 -1.000000 0.000000
vn 0.000000 -1.000000 0.000000
vn 0.000000 -1.000000 0.000000
vn 0.000000 -1.000000 0.000000
vn -0.707107 -0.707107 0.000000
vn -0.707107 -0.707107 0.000000
vn -1.000000 0.000000 0.000000
vn -1.000000 0.000000 0.000000
vn 0.000000 -1.000000 0.000000
vn 0.000000 -1.000000 0.000000
vn -0.707124 -0.707090 0.000002
vn -0.707129 -0.707085 0.000003
vn -1.000000 0.000000 0.000000
vn -1.000000 0.000000 0.000000
vn -0.000050 -1.000000 0.000003
vn -0.000058 -1.000000 0.000004
vn -0.707124 -0.707090 0.000002
vn -0.707129 -0.707085 0.000003
vn -1.000000 0.000000 0.000000
vn -1.000000 0.000000 0.000000
vn -0.000050 -1.000000 0.000003
vn -0.000058 -1.000000 0.000004
vn -0.707124 -0.707090 0.000002
vn -0.707129 -0.707085 0.000003
vn -1.000000 0.000000 0.000000
vn -1.000000 0.000000 0.000000
vn -0.000050 -1.000000 0.000003
vn -0.000058 -1.000000 0.000004
vn -0.707124 -0.707090 0.000002
vn -0.707129 -0.707085 0.000003
vn -1.000000 0.000000 0.000000
vn -1.000000 0.000000 0.000000
vn -0.000050 -1.000000 0.000003
vn -0.000058 -1.000000 0.000004
vn -0.707107 -0.707107 -0.000000
vn 0.000001 -1.000000 -0.000000
vn -0.707107 0.707106 -0.000001
vn 0.000000 1.000000 -0.000002
vn -0.652997 -0.757361 0.000000
vn -0.652997 0.757360 0.000000
vn -0.253739 0.369258 0.894016
vn 0.000000 0.298776 -0.954323
vn -0.748076 0.645090 -0.155697
vn -0.721430 -0.678428 -0.138832
vn -0.000000 -0.322354 -0.946619
vn -0.707107 -0.707106 -0.000002
vn 0.000000 -1.000000 -0.000002
vn -1.000000 0.000000 0.000000
vn -0.707106 -0.707107 -0.000002
vn 0.000000 -1.000000 -0.000002
vn -1.000000 0.000000 0.000000
vn -0.247268 0.000000 0.968947
vn -0.247268 0.000000 0.968947
vn -0.247268 0.000000 0.968947
vn -0.247268 0.000000 0.968947
vn -1.000000 0.000000 0.000000
vn -1.000000 0.000000 0.000000
vn -1.000000 0.000000 0.000000
vn -1.000000 0.000000 0.000000
vn -1.000000 0.000000 0.000000
vn -1.000000 0.000000 0.000000
vn -1.000000 0.000000 0.000000
vn -1.000000 0.000000 0.000000
vn -1.000000 0.000000 0.000000
vn -1.000000 0.000000 0.000000
vn -1.000000 0.000000 0.000000
vn -1.000000 0.000000 0.000000
vn -0.332106 -0.943242 0.000001
vn -0.000000 1.000000 -0.000001
vn 0.000001 -1.000000 0.000001
vn 0.000000 1.000000 -0.000001
vn -0.707107 -0.707106 0.000002
vn 0.000000 1.000000 0.000000
vn -1.000000 0.000000 0.000000
vn -1.000000 0.000000 0.000000
vn -0.269776 -0.257352 0.927896
vn -1.000000 0.000000 0.000000
vn -1.000000 0.000000 0.000000
vn -1.000000 0.000000 0.000000
vn -1.000000 0.000000 0.000000
vn 0.000000 -1.000000 0.000000
vn 0.000000 1.000000 0.000000
vn -0.707107 -0.707107 0.000000
vn 0.000000 1.000000 0.000000
vn 0.000000 -1.000000 0.000000
vn 0.000000 1.000000 0.000000
vn -0.707107 -0.707107 0.000000
vn -1.000000 0.000000 0.000000
vn -0.707107 0.707107 0.000000
vn -1.000000 0.000000 0.000000
vn -1.000000 0.000000 0.000000
vn -1.000000 0.000000 0.000000
vn -1.000000 0.000000 0.000000
vn -0.092353 0.000001 0.995726
vn 0.000000 0.871469 -0.490450
vn -0.718879 0.685816 -0.113444
vn -0.718877 -0.685818 -0.113442
vn 0.000003 -0.871469 -0.490451
vn 0.000000 0.000005 1.000000
vn -1.000000 0.000000 0.000000
vn -1.000000 0.000000 0.000000
vn -1.000000 0.000000 0.000000
vn -1.000000 0.000000 0.000000
vn 0.000000 1.000000 0.000000
vn 0.000000 -1.000000 0.000000
vn -0.707107 0.707107 0.000000
vn 0.000000 -1.000000 0.000000
vn 0.000000 1.000000 0.000000
vn 0.000000 -1.000000 0.000000
vn -0.707107 0.707107 0.000000
vn -1.000000 0.000000 0.000000
vn -0.707107 -0.707107 0.000000
vn -1.000000 0.000000 0.000000
vn -1.000000 0.000000 0.000000
vn -1.000000 0.000000 0.000000
vn -1.000000 0.000000 0.000000
vn -0.092353 -0.000001 0.995726
vn 0.000000 -0.871469 -0.490450
vn -0.718879 -0.685816 -0.113443
vn -0.718877 0.685818 -0.113443
vn 0.000003 0.871469 -0.490451
vn 0.000000 -0.000004 1.000000
vn -1.000000 0.000000 0.000000
vn -1.000000 0.000000 0.000000
vn -1.000000 0.000000 0.000000
vn -1.000000 0.000000 0.000000
vn -0.359803 0.000000 0.933028
vn 0.000000 0.000000 -1.000000
vn -0.983115 0.000000 -0.182991
vn -0.746636 -0.654706 -0.117879
vn 0.000000 -0.259156 -0.965836
vn -0.195375 -0.279926 0.939931
vn -1.000000 0.000000 0.000000
vn -1.000000 0.000000 0.000000
vn -1.000000 0.000000 0.000000
vn -1.000000 0.000000 0.000000
vn 0.000000 -1.000000 0.000000
vn 0.000000 -1.000000 0.000000
vn 0.000000 -1.000000 0.000000
vn 0.000000 -1.000000 0.000000
vn -0.707107 0.707106 -0.000002
vn 0.000000 1.000000 -0.000002
vn -1.000000 0.000000 0.000000
vn -0.707106 0.707107 -0.000002
vn 0.000000 1.000000 -0.000002
vn -1.000000 0.000000 0.000000
vn -0.359803 0.000000 0.933028
vn 0.000000 -0.000000 -1.000000
vn -0.983115 -0.000000 -0.182991
vn -0.746636 0.654706 -0.117879
vn 0.000000 0.259156 -0.965836
vn -0.195375 0.279925 0.939931
vn -1.000000 0.000000 0.000000
vn -1.000000 0.000000 0.000000
vn -1.000000 0.000000 0.000000
vn -1.000000 0.000000 0.000000
vn 0.000000 1.000000 0.000000
vn 0.000000 1.000000 0.000000
vn 0.000000 1.000000 0.000000
vn 0.000000 1.000000 0.000000
vn 0.000000 -1.000000 0.000000
vn 0.000000 1.000000 0.000000
vn -0.707107 -0.707107 0.000000
vn 0.000000 1.000000 0.000000
vn 0.000000 -1.000000 0.000000
vn 0.000000 1.000000 0.000000
vn -0.707107 -0.707107 0.000000
vn -1.000000 0.000000 0.000000
vn -0.707107 0.707107 0.000000
vn 0.000000 -1.000000 0.000000
vn 0.000000 1.000000 0.000000
vn -0.707107 -0.707107 0.000000
vn 0.000000 1.000000 0.000000
vn 0.000000 -1.000000 0.000000
vn 0.000000 1.000000 0.000000
vn -0.707107 -0.707107 0.000000
vn -1.000000 0.000000 0.000000
vn -0.707107 0.707107 0.000000
vn 0.000000 -1.000000 0.000000
vn 0.000000 1.000000 0.000000
vn -0.707107 -0.707107 0.000000
vn 0.000000 1.000000 0.000000
vn 0.000000 -1.000000 0.000000
vn 0.000000 1.000000 0.000000
vn -0.707107 -0.707107 0.000000
vn -1.000000 0.000000 0.000000
vn -0.707107 0.707107 0.000000
vn -0.253739 0.369258 0.894016
vn 0.000000 0.298777 -0.954323
vn -0.748076 0.645090 -0.155696
vn -0.721430 -0.678428 -0.138833
vn 0.000000 -0.322353 -0.946619
vn -0.269776 -0.257351 0.927896
vn 0.000000 -1.000000 0.000000
vn 0.000003 1.000000 -0.000000
vn -0.707107 -0.707107 0.000000
vn -0.707105 0.707108 0.000000
vn 0.000000 -1.000000 0.000000
vn 0.000000 1.000000 -0.000002
vn -0.707107 -0.707107 0.000000
vn -0.707106 0.707107 -0.000001
vn -1.000000 0.000000 -0.000023
vn -1.000000 0.000000 -0.000023
vn -1.000000 0.000000 -0.000023
vn -1.000000 0.000000 -0.000023
vn -0.102193 -0.023779 0.994480
vn -0.077858 0.883359 -0.462184
vn -0.746937 0.654902 -0.114841
vn -0.718877 -0.685818 -0.113442
vn 0.000003 -0.871470 -0.490449
vn 0.000000 -0.041338 0.999145
vn 0.000000 -1.000000 0.000000
vn 0.000000 1.000000 0.000000
vn -0.707107 -0.707107 0.000000
vn -0.707107 0.707107 0.000000
vn 0.000000 -1.000000 0.000000
vn 0.000000 1.000000 0.000000
vn -0.707107 -0.707107 0.000000
vn -0.707107 0.707107 0.000000
vn 0.000000 -1.000000 0.000000
vn 0.000001 1.000000 -0.000001
vn -0.707107 -0.707107 0.000000
vn -0.707106 0.707107 0.000000
vn 0.000000 -1.000000 0.000000
vn 0.000000 1.000000 -0.000002
vn -0.707107 -0.707107 0.000000
vn -0.707106 0.707107 -0.000001
vn 0.000000 -1.000000 0.000000
vn 0.000000 1.000000 0.000000
vn -0.707107 -0.707107 0.000000
vn -0.707107 0.707107 0.000000
vn 0.000000 -1.000000 0.000000
vn 0.000000 1.000000 0.000000
vn -0.707107 -0.707107 0.000000
vn -0.707107 0.707107 0.000000
vn -0.456380 0.000000 0.889785
vn 0.000000 0.000001 -1.000000
vn -0.972056 0.000001 -0.234750
vn -0.715261 -0.685553 -0.135720
vn 0.000001 -0.329658 -0.944101
vn -0.275813 -0.237623 0.931377
vn -1.000000 0.000000 0.000000
vn -1.000000 0.000000 0.000000
vn -1.000000 0.000000 0.000000
vn -1.000000 0.000000 0.000000
vn -0.000005 -1.000000 0.000000
vn -0.000005 -1.000000 0.000000
vn -0.000005 -1.000000 0.000000
vn -0.000005 -1.000000 0.000000
vn -1.000000 0.000000 0.000000
vn -1.000000 0.000000 0.000000
vn -1.000000 0.000000 0.000000
vn -1.000000 0.000000 0.000000
vn -1.000000 0.000000 0.000000
vn -1.000000 0.000000 0.000000
vn -1.000000 0.000000 0.000000
vn -1.000000 0.000000 0.000000
vn 0.000005 1.000000 0.000000
vn 0.000005 1.000000 0.000000
vn 0.000005 1.000000 0.000000
vn 0.000005 1.000000 0.000000
vn -1.000000 0.000000 0.000000
vn -1.000000 0.000000 0.000000
vn -1.000000 0.000000 0.000000
vn -1.000000 0.000000 0.000000
vn 0.000005 1.000000 0.000004
vn 0.000005 1.000000 0.000004
vn 0.000005 1.000000 0.000004
vn 0.000005 1.000000 0.000004
vn -1.000000 0.000000 -0.000023
vn -1.000000 0.000000 -0.000023
vn -1.000000 0.000000 -0.000023
vn -1.000000 0.000000 -0.000023
vn -1.000000 0.000000 0.000000
vn -1.000000 0.000000 0.000000
vn -1.000000 0.000000 0.000000
vn -1.000000 0.000000 0.000000
vn -1.000000 0.000000 0.000000
vn -1.000000 0.000000 0.000000
vn -1.000000 0.000000 0.000000
vn -1.000000 0.000000 0.000000
vn 0.000000 1.000000 0.000000
vn 0.000000 1.000000 -0.000000
vn -0.706998 0.707216 0.000000
vn -0.707110 0.707104 -0.000000
vn -1.000000 0.000000 0.000000
vn -1.000000 0.000000 0.000000
vn -1.000000 0.000000 0.000000
vn -1.000000 0.000001 -0.000000
vn -1.000000 0.000000 0.000000
vn -1.000000 0.000000 0.000000
vn -0.707106 0.707107 0.000000
vn -0.707105 0.707108 0.000000
vn -1.000000 0.000000 0.000000
vn -1.000000 0.000000 0.000000
vn -0.707106 0.707107 -0.000001
vn 0.000000 1.000000 0.000000
vn -1.000000 0.000000 0.000000
vn 0.000000 1.000000 0.000000
vn -0.000001 1.000000 0.000000
vn 0.000002 1.000000 0.000000
vn -0.000000 1.000000 0.000000
vn 0.000000 1.000000 0.000000
vn 0.000000 1.000000 -0.000000
vn -0.000004 1.000000 -0.000000
vn -1.000000 0.000000 0.000000
vn -1.000000 0.000000 0.000000
vn -1.000000 0.000000 0.000000
vn -1.000000 0.000000 0.000000
vn -1.000000 0.000000 0.000000
vn -1.000000 0.000000 0.000000
vn -1.000000 0.000000 0.000000
vn -1.000000 0.000000 0.000000
vn -0.707107 -0.707107 0.000000
vn 0.000000 -1.000000 0.000000
vn -0.707107 0.707107 0.000000
vn 0.000000 1.000000 0.000000
vn -0.707107 -0.707107 0.000000
vn 0.000000 -1.000000 0.000000
vn -0.707107 0.707107 0.000000
vn 0.000000 1.000000 0.000000
vn -0.707107 -0.707107 0.000000
vn 0.000000 -1.000000 0.000000
vn -0.707107 0.707107 0.000000
vn 0.000000 1.000000 0.000000
vn -0.707107 -0.707107 0.000000
vn 0.000000 -1.000000 0.000000
vn -0.707107 0.707107 0.000000
vn 0.000000 1.000000 0.000000
vn -0.707107 -0.707107 0.000000
vn 0.000000 -1.000000 0.000000
vn -0.707107 0.707107 0.000000
vn 0.000000 1.000000 0.000000
vn -0.707107 -0.707107 0.000000
vn 0.000000 -1.000000 0.000000
vn -0.707107 0.707107 0.000000
vn 0.000000 1.000000 0.000000
vn -1.000000 0.000000 0.000000
vn -1.000000 0.000000 0.000000
vn -1.000000 0.000000 0.000000
vn -1.000000 0.000000 0.000000
vn -0.707107 -0.707107 0.000000
vn 0.000000 -1.000000 0.000000
vn -0.707107 0.707107 0.000000
vn 0.000000 1.000000 0.000000
vn -0.707107 -0.707107 0.000000
vn 0.000000 -1.000000 0.000000
vn -0.707107 0.707107 0.000000
vn 0.000000 1.000000 0.000000
vn -1.000000 0.000000 0.000000
vn -1.000000 0.000000 0.000000
vn -1.000000 0.000000 0.000000
vn -1.000000 0.000000 0.000000
vn -1.000000 0.000000 0.000000
vn -1.000000 0.000000 0.000000
vn -0.705608 -0.705608 0.065085
vn 0.000000 -0.998938 0.046071
vn -0.705606 0.705609 0.065081
vn 0.000000 0.998938 0.046066
vn -0.705608 -0.705608 0.065085
vn 0.000000 -0.998938 0.046071
vn -0.705609 0.705607 0.065081
vn 0.000000 0.998938 0.046066
vn 0.000050 -0.086514 0.996251
vn -0.852385 -0.034682 -0.521764
vn 0.852361 -0.034674 -0.521803
vn 0.000052 0.022105 0.999756
vn -0.353288 0.003269 -0.935509
vn 0.353279 0.003268 -0.935512
vn 0.000032 -0.005166 0.999987
vn -0.695553 -0.717693 0.033498
vn 0.000000 -1.000000 0.000000
vn -0.695553 0.717693 0.033498
vn 0.000000 1.000000 0.000000
vn -0.592344 -0.574862 -0.564503
vn 0.000000 -0.696021 -0.718022
vn -0.592344 0.574862 -0.564502
vn 0.000000 0.696021 -0.718021
vn -0.698882 -0.714822 0.024368
vn 0.000000 -1.000000 0.000000
vn -0.698881 0.714822 0.024368
vn 0.000000 1.000000 0.000000
vn -0.588242 -0.575540 -0.568089
vn 0.000000 -0.699129 -0.714996
vn -0.588242 0.575540 -0.568089
vn 0.000000 0.699129 -0.714996
vn -1.000000 0.000000 0.000000
vn -1.000000 0.000000 0.000000
vn -1.000000 0.000000 0.000000
vn -1.000000 0.000000 0.000000
vn -1.000000 0.000000 0.000000
vn -1.000000 0.000000 0.000000
vn -1.000000 0.000000 0.000000
vn -1.000000 0.000000 0.000000
vn -1.000000 0.000000 0.000000
vn -1.000000 0.000000 0.000000
vn -1.000000 0.000000 0.000000
vn -1.000000 0.000000 0.000000
vn 0.000000 1.000000 0.000000
vn 0.000000 1.000000 0.000000
vn 0.000000 1.000000 0.000000
vn 0.000000 1.000000 0.000000
vn -0.707107 -0.707107 0.000000
vn 0.000000 -1.000000 0.000000
vn -0.707107 0.707107 0.000000
vn 0.000000 1.000000 0.000000
vn -0.707107 -0.707107 0.000000
vn 0.000000 -1.000000 0.000000
vn -0.707107 0.707107 0.000000
vn 0.000000 1.000000 0.000000
vn -0.705608 -0.705608 0.065085
vn 0.000000 -0.998938 0.046071
vn -0.705607 0.705609 0.065081
vn 0.000000 0.998938 0.046066
vn -0.705608 -0.705608 0.065085
vn 0.000000 -0.998938 0.046071
vn -0.705609 0.705607 0.065081
vn 0.000000 0.998938 0.046066
vn 0.061205 0.061145 0.996251
vn -0.578222 0.627278 -0.521710
vn 0.627250 -0.578205 -0.521763
vn -0.015635 -0.015626 0.999756
vn -0.252105 0.247485 -0.935518
vn 0.247513 -0.252137 -0.935502
vn 0.003678 0.003620 0.999987
vn 0.015644 0.999318 0.033451
vn 0.707094 0.707119 -0.000028
vn -0.999317 -0.015636 0.033476
vn -0.707096 -0.707117 0.000025
vn -0.012336 0.825323 -0.564526
vn 0.492158 0.492143 -0.718036
vn -0.825337 0.012367 -0.564505
vn -0.492180 -0.492158 -0.718011
vn 0.011237 0.999641 0.024335
vn 0.707113 0.707101 0.000024
vn -0.999641 -0.011322 0.024272
vn -0.707010 -0.707203 -0.000033
vn -0.008888 0.822904 -0.568111
vn 0.494390 0.494262 -0.715041
vn -0.822904 0.008972 -0.568109
vn -0.494354 -0.494377 -0.714986
vn -0.707119 0.707094 0.000093
vn -0.707123 0.707091 0.000083
vn -0.707120 0.707093 0.000090
vn -0.707124 0.707089 0.000078
vn -0.705609 -0.705606 0.065085
vn 0.000000 -0.998938 0.046074
vn -0.705608 0.705608 0.065081
vn 0.000000 0.998938 0.046068
vn -0.705606 -0.705609 0.065085
vn 0.000000 -0.998938 0.046074
vn -0.705608 0.705608 0.065081
vn 0.000000 0.998938 0.046068
vn -0.575733 -0.794766 -0.192037
vn 0.575725 -0.794771 -0.192041
vn 0.000048 0.022105 0.999756
vn -0.353287 0.003269 -0.935509
vn 0.353279 0.003268 -0.935512
vn 0.000031 -0.074619 0.997212
vn -0.691343 -0.721152 0.044542
vn 0.000000 -1.000000 0.000000
vn -0.691343 0.721152 0.044542
vn 0.000000 1.000000 0.000000
vn -0.597321 -0.574042 -0.560075
vn 0.000000 -0.692169 -0.721736
vn -0.597321 0.574042 -0.560075
vn 0.000000 0.692169 -0.721736
vn -0.695938 -0.717368 0.032461
vn 0.000000 -1.000000 0.000000
vn -0.695938 0.717368 0.032461
vn 0.000000 1.000000 0.000000
vn -0.591877 -0.574939 -0.564913
vn 0.000000 -0.696377 -0.717676
vn -0.591877 0.574939 -0.564913
vn 0.000000 0.696377 -0.717676
vn -1.000000 0.000000 0.000000
vn -1.000000 0.000000 0.000000
vn -1.000000 0.000000 0.000000
vn -1.000000 0.000000 0.000000
vn -0.707107 -0.707107 0.000000
vn 0.000000 -1.000000 0.000000
vn -0.707107 0.707107 0.000000
vn 0.000000 1.000000 0.000000
vn -0.707107 -0.707107 0.000000
vn 0.000000 -1.000000 0.000000
vn -0.707107 0.707107 0.000000
vn 0.000000 1.000000 0.000000
vn -1.000000 0.000000 0.000000
vn -1.000000 0.000000 0.000000
vn -1.000000 0.000000 0.000000
vn -1.000000 0.000000 0.000000
vn -0.575732 0.794767 -0.192037
vn 0.575725 0.794771 -0.192041
vn 0.000051 -0.039445 0.999222
vn -0.353304 -0.005455 -0.935493
vn 0.353294 -0.005453 -0.935497
vn 0.000030 0.073695 0.997281
vn -1.000000 0.000000 0.000000
vn -1.000000 0.000000 0.000000
vn -1.000000 0.000000 0.000000
vn -1.000000 0.000000 0.000000
vn -1.000000 0.000000 0.000000
vn -1.000000 0.000000 0.000000
vn -1.000000 0.000000 0.000000
vn -1.000000 0.000000 0.000000
vn -1.000000 0.000000 0.000000
vn -1.000000 0.000000 0.000000
vn -1.000000 0.000000 0.000000
vn -1.000000 0.000000 0.000000
vn -1.000000 0.000000 0.000000
vn -1.000000 0.000000 0.000000
vn 0.000000 1.000000 0.000000
vn 0.000000 1.000000 0.000000
vn -0.707107 0.707106 0.000000
vn -0.707107 0.707107 0.000000
vn -0.707107 -0.707107 0.000000
vn -0.707107 -0.707107 0.000000
vn 0.000000 -1.000000 0.000000
vn 0.000000 -1.000000 0.000000
vn -0.707106 -0.707108 -0.000003
vn -0.948683 -0.316228 0.000002
vn -1.000000 0.000000 0.000000
vn -1.000000 0.000000 0.000000
vn -1.000000 0.000000 0.000000
vn -1.000000 0.000000 0.000000
vn -0.948683 0.316228 0.000000
vn -0.707107 0.707107 0.000000
vn -1.000000 0.000000 0.000000
vn -1.000000 0.000000 0.000000
vn -0.707107 0.707107 0.000000
vn -0.707107 0.707107 0.000000
vn 0.000000 1.000000 0.000000
vn 0.000000 1.000000 0.000000
vn -1.000000 0.000000 0.000000
vn -1.000000 0.000000 0.000000
vn -1.000000 0.000000 0.000000
vn -1.000000 0.000000 0.000000
vn -1.000000 0.000000 0.000000
vn -1.000000 0.000000 0.000000
vn 0.000001 1.000000 0.000000
vn 0.000001 1.000000 0.000000
vn 0.000001 1.000000 0.000000
vn 0.000001 1.000000 0.000000
vn -1.000000 0.000000 0.000000
vn -1.000000 0.000000 0.000000
vn -0.707108 -0.707106 0.000000
vn -0.707108 -0.707106 0.000000
vn -0.707107 -0.707106 0.000000
vn -0.000003 -1.000000 0.000000
vn -0.000003 -1.000000 0.000000
vn -1.000000 0.000000 0.000000
vn -1.000000 0.000000 0.000000
vn -1.000000 0.000000 0.000000
vn -1.000000 0.000000 0.000000
vn -1.000000 0.000000 0.000000
vn -1.000000 0.000000 0.000000
vn 0.000001 -1.000000 0.000000
vn 0.000001 -1.000000 0.000000
vn 0.000001 -1.000000 0.000000
vn 0.000001 -1.000000 0.000000
vn 0.000000 -1.000000 -0.000004
vn 0.000000 -1.000000 0.000005
vn 0.000000 1.000000 0.000000
vn 0.000000 1.000000 0.000000
vn 0.000000 -1.000000 0.000001
vn 0.000000 1.000000 -0.000000
vn 0.000000 1.000000 -0.000000
vn 0.000000 1.000000 -0.000000
vn 0.000000 1.000000 -0.000000
vn 0.000000 -1.000000 0.000001
vn 0.000000 -1.000000 0.000001
vn 0.000000 -1.000000 0.000001
vn 0.000000 -1.000000 0.000001
vn -0.707107 -0.707107 0.000000
vn 0.000000 -1.000000 0.000000
vn -0.707107 0.707107 0.000000
vn 0.000000 1.000000 0.000000
vn -0.707107 -0.707107 0.000000
vn 0.000000 -1.000000 0.000000
vn -0.707107 0.707107 0.000000
vn 0.000000 1.000000 0.000000
vn -0.707107 -0.707107 0.000000
vn 0.000000 -1.000000 0.000000
vn -0.707107 0.707107 0.000000
vn 0.000000 1.000000 0.000000
vn -0.707107 -0.707107 0.000000
vn 0.000000 -1.000000 0.000000
vn -0.707107 0.707107 0.000000
vn 0.000000 1.000000 0.000000
vn -0.707107 -0.707107 0.000000
vn 0.000000 -1.000000 0.000000
vn -0.707107 0.707107 0.000000
vn 0.000000 1.000000 0.000000
vn -0.707107 -0.707107 0.000000
vn 0.000000 -1.000000 0.000000
vn -0.707107 0.707107 0.000000
vn 0.000000 1.000000 0.000000
vn -0.000038 -1.000000 0.000000
vn 1.000000 -0.000038 0.000000
vn -1.000000 0.000038 0.000000
vn 0.000038 1.000000 0.000000
vn -0.000038 -1.000000 0.000000
vn 1.000000 -0.000038 0.000000
vn -1.000000 0.000038 0.000000
vn 0.000038 1.000000 0.000000
vn -0.707107 -0.707107 0.000000
vn 0.000000 -1.000000 0.000000
vn -0.707107 0.707107 0.000000
vn 0.000000 1.000000 0.000000
vn -0.707107 -0.707107 0.000000
vn 0.000000 -1.000000 0.000000
vn -0.707107 0.707107 0.000000
vn 0.000000 1.000000 0.000000
vn -1.000000 0.000001 -0.000026
vn -1.000000 0.000013 0.000018
vn -1.000000 0.000002 0.000004
vn -1.000000 0.000003 0.000003
vn -1.000000 -0.000003 0.000004
vn -1.000000 -0.000003 0.000004
vn -1.000000 -0.000010 0.000002
vn -1.000000 -0.000003 0.000002
vn -1.000000 -0.000001 0.000002
vn -1.000000 -0.000015 0.000016
vn -1.000000 0.000001 -0.000019
vn -1.000000 0.000015 0.000024
vn -1.000000 0.000003 0.000005
vn -1.000000 0.000003 0.000002
vn -1.000000 0.000003 -0.000019
vn -1.000000 0.000002 0.000015
vn -1.000000 0.000003 -0.000018
vn -1.000000 0.000002 0.000015
vn -1.000000 0.000002 -0.000012
vn -1.000000 0.000001 0.000010
vn -1.000000 0.000002 -0.000012
vn -1.000000 0.000001 0.000010
vn -1.000000 0.000001 -0.000026
vn -1.000000 0.000013 0.000018
vn -1.000000 0.000002 0.000004
vn -1.000000 0.000003 0.000003
vn -1.000000 -0.000003 0.000004
vn -1.000000 -0.000003 0.000004
vn -1.000000 -0.000010 0.000002
vn -1.000000 -0.000003 0.000002
vn -1.000000 -0.000001 0.000002
vn -1.000000 -0.000015 0.000016
vn -1.000000 0.000001 -0.000019
vn -1.000000 0.000015 0.000024
vn -1.000000 0.000003 0.000005
vn -1.000000 0.000003 0.000002
vn -1.000000 0.000000 -0.000019
vn -1.000000 0.000000 -0.000019
vn -1.000000 0.000000 -0.000019
vn -1.000000 0.000000 -0.000019
vn -1.000000 0.000002 -0.000003
vn -1.000000 0.000002 -0.000002
vn -0.706700 -0.706701 0.033904
vn 0.000000 -0.999712 0.023981
vn -0.706700 0.706701 0.033904
vn 0.000000 0.999712 0.023981
vn -0.570958 -0.570958 0.589927
vn 0.000000 -0.703849 0.710350
vn -0.570958 0.570958 0.589927
vn 0.000000 0.703849 0.710350
vn -0.706727 -0.706727 0.032766
vn 0.000486 -0.999725 0.023429
vn -0.706727 0.706728 0.032766
vn 0.000485 0.999725 0.023429
vn -0.570350 -0.570991 0.590483
vn 0.000000 -0.703849 0.710350
vn -0.570350 0.570992 0.590483
vn 0.000000 0.703849 0.710350
vn -0.696759 -0.691226 0.191659
vn 0.000000 -0.991545 0.129765
vn -0.696755 0.691228 0.191669
vn 0.000000 0.991543 0.129779
vn -0.535424 -0.540959 0.648602
vn 0.000000 -0.687857 0.725846
vn -0.535424 0.540954 0.648606
vn 0.000000 0.687851 0.725852
vn -1.000000 0.000003 -0.000023
vn -1.000000 0.000002 0.000015
vn -1.000000 0.000003 -0.000022
vn -1.000000 0.000002 0.000015
vn -1.000000 0.000000 -0.000023
vn -1.000000 0.000000 -0.000023
vn -1.000000 0.000000 -0.000023
vn -1.000000 0.000000 -0.000023
vn -0.704346 -0.708980 0.035271
vn -0.704346 0.708980 0.035272
vn -0.706700 -0.706701 0.033904
vn 0.000000 -0.999712 0.023981
vn -0.706700 0.706701 0.033904
vn 0.000000 0.999712 0.023981
vn -0.570958 -0.570957 0.589927
vn 0.000000 -0.703849 0.710350
vn -0.570958 0.570958 0.589927
vn 0.000000 0.703849 0.710350
vn -0.706727 -0.706727 0.032766
vn 0.000486 -0.999725 0.023429
vn -0.706727 0.706728 0.032766
vn 0.000486 0.999725 0.023429
vn -0.570350 -0.570991 0.590483
vn 0.000000 -0.703849 0.710350
vn -0.570350 0.570992 0.590483
vn 0.000000 0.703849 0.710350
vn -0.696758 -0.691227 0.191661
vn 0.000000 -0.991544 0.129768
vn -0.696756 0.691227 0.191665
vn 0.000000 0.991543 0.129775
vn -0.535424 -0.540958 0.648603
vn 0.000000 -0.687856 0.725847
vn -0.535424 0.540956 0.648604
vn 0.000000 0.687853 0.725850
vn -0.704345 -0.708981 0.035271
vn -0.704345 0.708981 0.035272
vn -0.696760 -0.691226 0.191656
vn 0.000000 -0.991545 0.129761
vn -0.696755 0.691228 0.191669
vn 0.000000 0.991543 0.129780
vn -0.535424 -0.540961 0.648601
vn 0.000000 -0.687859 0.725845
vn -0.535424 0.540954 0.648606
vn 0.000000 0.687851 0.725852
vn -0.707107 -0.707107 0.000000
vn 0.000000 -1.000000 0.000000
vn -0.707107 0.707107 0.000000
vn 0.000000 1.000000 0.000000
vn -0.707107 -0.707107 0.000000
vn 0.000000 -1.000000 0.000000
vn -0.707107 0.707107 0.000000
vn 0.000000 1.000000 0.000000
vn -0.696760 -0.691226 0.191656
vn 0.000000 -0.991545 0.129761
vn -0.696755 0.691228 0.191669
vn 0.000000 0.991543 0.129780
vn -0.535424 -0.540961 0.648601
vn 0.000000 -0.687859 0.725845
vn -0.535424 0.540954 0.648606
vn 0.000000 0.687851 0.725852
vn -0.707107 -0.707107 0.000000
vn 0.000000 -1.000000 0.000000
vn -0.707107 0.707107 0.000000
vn 0.000000 1.000000 0.000000
vn -0.707107 -0.707107 0.000000
vn 0.000000 -1.000000 0.000000
vn -0.707107 0.707107 0.000000
vn 0.000000 1.000000 0.000000
vn -1.000000 0.000000 0.000015
vn -1.000000 0.000000 0.000015
vn -1.000000 0.000000 0.000015
vn -1.000000 0.000000 0.000015
vn -1.000000 0.000000 0.000010
vn -1.000000 0.000000 0.000010
vn -1.000000 0.000000 0.000015
vn -1.000000 0.000000 0.000015
vn -1.000000 0.000000 0.000015
vn -1.000000 0.000000 0.000015
vn -1.000000 0.000000 0.000010
vn -1.000000 0.000000 0.000010
vn -0.696760 -0.691226 0.191656
vn 0.000000 -0.991545 0.129761
vn -0.696755 0.691228 0.191669
vn 0.000000 0.991543 0.129780
vn -0.535424 -0.540961 0.648601
vn 0.000000 -0.687859 0.725845
vn -0.535424 0.540954 0.648606
vn 0.000000 0.687851 0.725852
vn -0.707107 -0.707107 0.000000
vn 0.000000 -1.000000 0.000000
vn -0.707107 0.707107 0.000000
vn 0.000000 1.000000 0.000000
vn -0.707107 -0.707107 0.000000
vn 0.000000 -1.000000 0.000000
vn -0.707107 0.707107 0.000000
vn 0.000000 1.000000 0.000000
vn -0.696763 -0.691225 0.191649
vn 0.000000 -0.991547 0.129751
vn -0.696758 0.691227 0.191662
vn 0.000000 0.991544 0.129770
vn -0.535423 -0.540964 0.648598
vn 0.000000 -0.687863 0.725841
vn -0.535424 0.540957 0.648603
vn 0.000000 0.687855 0.725848
vn -0.707107 -0.707107 0.000000
vn 0.000000 -1.000000 0.000000
vn -0.707107 0.707107 0.000000
vn 0.000000 1.000000 0.000000
vn -0.707107 -0.707107 0.000000
vn 0.000000 -1.000000 0.000000
vn -0.707107 0.707107 0.000000
vn 0.000000 1.000000 0.000000
vn -0.696763 -0.691225 0.191649
vn 0.000000 -0.991547 0.129751
vn -0.696758 0.691227 0.191662
vn 0.000000 0.991544 0.129770
vn -0.535423 -0.540964 0.648598
vn 0.000000 -0.687863 0.725841
vn -0.535424 0.540957 0.648603
vn 0.000000 0.687855 0.725848
vn -0.707107 -0.707107 0.000000
vn 0.000000 -1.000000 0.000000
vn -0.707107 0.707107 0.000000
vn 0.000000 1.000000 0.000000
vn -0.707107 -0.707107 0.000000
vn 0.000000 -1.000000 0.000000
vn -0.707107 0.707107 0.000000
vn 0.000000 1.000000 0.000000
vn -1.000000 -0.000003 -0.000019
vn -1.000000 -0.000002 0.000015
vn -1.000000 -0.000003 -0.000018
vn -1.000000 -0.000002 0.000015
vn -1.000000 -0.000001 0.000010
vn -1.000000 -0.000001 0.000010
vn -1.000000 -0.000002 -0.000002
vn -1.000000 -0.000002 -0.000002
vn -1.000000 -0.000003 -0.000023
vn -1.000000 -0.000002 0.000015
vn -1.000000 -0.000003 -0.000022
vn -1.000000 -0.000002 0.000015
vn -0.696759 0.691226 0.191659
vn 0.000000 0.991545 0.129765
vn -0.696755 -0.691228 0.191669
vn 0.000000 -0.991543 0.129780
vn -0.535424 0.540959 0.648602
vn 0.000000 0.687857 0.725846
vn -0.535424 -0.540954 0.648606
vn 0.000000 -0.687851 0.725852
vn -0.707107 0.707107 0.000000
vn 0.000000 1.000000 0.000000
vn -0.707107 -0.707107 0.000000
vn 0.000000 -1.000000 0.000000
vn -0.707107 0.707107 0.000000
vn 0.000000 1.000000 0.000000
vn -0.707107 -0.707107 0.000000
vn 0.000000 -1.000000 0.000000
vn -0.696759 0.691226 0.191659
vn 0.000000 0.991545 0.129765
vn -0.696755 -0.691228 0.191669
vn 0.000000 -0.991543 0.129780
vn -0.535424 0.540959 0.648602
vn 0.000000 0.687857 0.725846
vn -0.535424 -0.540954 0.648606
vn 0.000000 -0.687851 0.725852
vn -0.707107 0.707107 0.000000
vn 0.000000 1.000000 0.000000
vn -0.707107 -0.707107 0.000000
vn 0.000000 -1.000000 0.000000
vn -0.707107 0.707107 0.000000
vn 0.000000 1.000000 0.000000
vn -0.707107 -0.707107 0.000000
vn 0.000000 -1.000000 0.000000
vn -1.000000 -0.000000 0.000015
vn -1.000000 -0.000000 0.000015
vn -1.000000 -0.000000 0.000015
vn -1.000000 -0.000000 0.000015
vn -1.000000 -0.000000 0.000010
vn -1.000000 -0.000000 0.000010
vn -1.000000 0.000000 0.000015
vn -1.000000 0.000000 0.000015
vn -1.000000 0.000000 0.000015
vn -1.000000 0.000000 0.000015
vn -1.000000 0.000000 0.000010
vn -1.000000 0.000000 0.000010
vn -0.696760 0.691226 0.191656
vn 0.000000 0.991545 0.129761
vn -0.696755 -0.691228 0.191669
vn 0.000000 -0.991543 0.129780
vn -0.535424 0.540961 0.648601
vn 0.000000 0.687859 0.725845
vn -0.535424 -0.540954 0.648606
vn 0.000000 -0.687851 0.725852
vn -0.707107 0.707107 0.000000
vn 0.000000 1.000000 0.000000
vn -0.707107 -0.707107 0.000000
vn 0.000000 -1.000000 0.000000
vn -0.707107 0.707107 0.000000
vn 0.000000 1.000000 0.000000
vn -0.707107 -0.707107 0.000000
vn 0.000000 -1.000000 0.000000
vn -0.696760 0.691226 0.191656
vn 0.000000 0.991545 0.129761
vn -0.696755 -0.691228 0.191669
vn 0.000000 -0.991543 0.129780
vn -0.535424 0.540961 0.648601
vn 0.000000 0.687859 0.725845
vn -0.535424 -0.540954 0.648606
vn 0.000000 -0.687851 0.725852
vn -0.707107 0.707107 0.000000
vn 0.000000 1.000000 0.000000
vn -0.707107 -0.707107 0.000000
vn 0.000000 -1.000000 0.000000
vn -0.707107 0.707107 0.000000
vn 0.000000 1.000000 0.000000
vn -0.707107 -0.707107 0.000000
vn 0.000000 -1.000000 0.000000
vn -0.696763 0.691225 0.191649
vn 0.000000 0.991547 0.129751
vn -0.696758 -0.691227 0.191662
vn 0.000000 -0.991544 0.129770
vn -0.535423 0.540964 0.648598
vn 0.000000 0.687863 0.725841
vn -0.535424 -0.540957 0.648603
vn 0.000000 -0.687855 0.725848
vn -0.707107 0.707107 0.000000
vn 0.000000 1.000000 0.000000
vn -0.707107 -0.707107 0.000000
vn 0.000000 -1.000000 0.000000
vn -0.707107 0.707107 0.000000
vn 0.000000 1.000000 0.000000
vn -0.707107 -0.707107 0.000000
vn 0.000000 -1.000000 0.000000
vn -0.849937 -0.257945 -0.459425
vn -1.000000 0.000000 0.000000
vn -0.922246 -0.231774 -0.309425
vn -1.000000 0.000000 0.000000
vn -1.000000 0.000000 0.000000
vn -0.994974 -0.083492 -0.055286
vn -0.994512 -0.101730 -0.024446
vn -1.000000 0.000000 0.000000
vn -0.989204 -0.101304 0.105896
vn -1.000000 0.000000 0.000000
vn -0.992863 -0.075322 0.092464
vn -0.999529 -0.018888 0.024178
vn -0.999892 -0.014692 -0.000429
vn -0.999971 -0.007582 0.000000
vn -0.999484 -0.016072 -0.027800
vn -0.999581 -0.015891 -0.024198
vn -0.989077 -0.099864 0.108414
vn -0.999454 -0.030722 0.012115
vn -0.943807 -0.230001 0.237334
vn -0.999028 -0.036240 -0.025103
vn -0.958911 -0.114803 0.259441
vn -0.998187 0.006651 0.059820
vn -0.953888 -0.143827 0.263460
vn -0.999555 -0.029796 0.001212
vn -0.999884 -0.015228 0.000000
vn -0.999335 -0.027216 0.024277
vn -0.999365 -0.027384 0.022783
vn -0.990238 -0.000937 0.139384
vn -1.000000 0.000000 0.000000
vn -1.000000 0.000000 0.000000
vn -1.000000 0.000000 0.000000
vn -1.000000 0.000000 0.000000
vn -1.000000 0.000000 0.000000
vn -1.000000 0.000000 0.000000
vn -0.999440 -0.033294 0.003443
vn -0.999431 -0.033718 0.000000
vn -0.998630 -0.028258 0.044048
vn -0.998713 -0.028519 0.041948
vn -1.000000 0.000000 0.000000
vn -1.000000 0.000000 0.000000
vn -1.000000 0.000000 0.000000
vn -1.000000 0.000000 0.000000
vn -1.000000 0.000000 0.000000
vn -1.000000 0.000000 0.000000
vn -1.000000 0.000000 0.000000
vn -1.000000 0.000000 0.000000
vn -0.999948 -0.010197 0.000000
vn -0.999779 -0.021020 0.000000
vn -1.000000 0.000000 0.000000
vn -1.000000 0.000000 0.000000
vn -1.000000 0.000000 0.000000
vn -1.000000 0.000000 0.000000
vn -1.000000 0.000000 0.000000
vn -1.000000 0.000000 0.000000
vn -1.000000 0.000000 0.000000
vn -1.000000 0.000000 0.000000
vn -1.000000 0.000000 0.000000
vn -1.000000 0.000000 0.000000
vn -1.000000 0.000000 0.000000
vn -1.000000 0.000000 0.000000
vn -1.000000 0.000000 0.000000
vn -1.000000 0.000000 0.000000
vn -0.877447 -0.289144 -0.382730
vn -0.877447 -0.289148 -0.382728
vn -0.877446 -0.289153 -0.382725
vn -0.877447 -0.289150 -0.382727
vn -1.000000 0.000000 0.000000
vn -1.000000 0.000000 0.000000
vn -1.000000 0.000000 0.000000
vn -1.000000 0.000000 0.000000
vn -1.000000 0.000000 0.000000
vn -1.000000 0.000000 0.000000
vn -1.000000 0.000000 0.000000
vn -1.000000 0.000000 0.000000
vn -0.927087 -0.266221 -0.263887
vn -1.000000 0.000000 0.000000
vn -0.950302 -0.235692 -0.203408
vn -1.000000 0.000000 0.000000
vn -1.000000 0.000000 0.000000
vn -0.995901 -0.089178 -0.015148
vn -1.000000 0.000000 0.000000
vn -0.989992 -0.133664 0.045268
vn -1.000000 -0.000005 -0.000006
vn -0.996298 -0.081415 0.027598
vn -0.998714 -0.047997 0.016296
vn -0.999909 -0.013448 -0.000331
vn -0.999976 -0.006915 0.000000
vn -0.999624 -0.014509 -0.023273
vn -0.999683 -0.014388 -0.020663
vn -0.998856 -0.044268 0.018056
vn -0.888702 -0.287510 0.357137
vn -0.997235 -0.059035 -0.045133
vn -0.927261 -0.173289 0.331902
vn -0.998294 -0.027674 -0.051408
vn -0.933098 -0.132133 0.334469
vn -0.997520 -0.070362 0.001497
vn -0.999371 -0.035460 0.000000
vn -0.996775 -0.062852 0.049885
vn -0.996910 -0.063409 0.046367
vn -0.986552 -0.005880 0.163343
vn -0.999130 -0.041427 0.004857
vn -0.999110 -0.042175 0.000000
vn -0.998165 -0.034449 0.049800
vn -0.998294 -0.034918 0.046798
vn -1.000000 0.000000 0.000000
vn -1.000000 0.000000 0.000000
vn -1.000000 0.000000 0.000000
vn -1.000000 0.000000 0.000000
vn -0.999949 -0.010112 0.000000
vn -0.998752 -0.049934 -0.000948
vn -1.000000 0.000000 0.000000
vn -1.000000 0.000000 0.000000
vn -1.000000 0.000000 0.000000
vn -1.000000 0.000000 0.000000
vn -1.000000 0.000000 0.000000
vn -1.000000 0.000000 0.000000
vn -0.871539 -0.309683 -0.380154
vn -0.871538 -0.309687 -0.380152
vn -0.871538 -0.309693 -0.380148
vn -0.871538 -0.309689 -0.380150
vn -1.000000 0.000000 0.000000
vn -1.000000 0.000000 0.000000
vn -1.000000 0.000000 0.000000
vn -1.000000 0.000000 0.000000
vn -0.905048 -0.270899 -0.327875
vn -0.993111 -0.116983 0.006688
vn -1.000000 -0.000003 0.000013
vn -0.999974 -0.002462 0.006729
vn -1.000000 0.000000 0.000000
vn -1.000000 -0.000001 0.000000
vn -0.952452 -0.190997 -0.237392
vn -0.952452 -0.190997 -0.237392
vn -0.952452 -0.190997 -0.237392
vn -0.952452 -0.190997 -0.237392
vn -1.000000 0.000000 0.000000
vn -1.000000 0.000000 0.000000
vn -1.000000 0.000000 0.000000
vn -1.000000 0.000000 0.000000
vn -1.000000 0.000000 0.000000
vn -1.000000 0.000000 0.000000
vn -1.000000 0.000000 0.000000
vn -1.000000 0.000000 0.000000
vn -1.000000 0.000000 0.000000
vn -1.000000 0.000000 0.000000
vn -1.000000 0.000000 0.000000
vn -1.000000 0.000000 0.000000
vn -1.000000 0.000000 0.000000
vn -1.000000 0.000000 0.000000
vn -1.000000 0.000000 0.000000
vn -1.000000 0.000000 0.000000
vn -1.000000 0.000000 0.000000
vn -1.000000 0.000000 0.000000
vn -1.000000 0.000000 0.000000
vn -1.000000 0.000000 0.000000
vn -1.000000 0.000000 0.000000
vn -1.000000 0.000000 0.000000
vn -1.000000 0.000000 0.000000
vn -1.000000 0.000000 0.000000
vn -1.000000 0.000000 0.000000
vn -1.000000 0.000000 0.000000
vn -1.000000 0.000000 0.000000
vn -1.000000 0.000000 0.000000
vn -1.000000 0.000000 0.000000
vn -1.000000 0.000000 0.000000
vn -0.994180 -0.084496 0.066838
vn -0.994290 -0.093642 0.051181
vn -0.992375 -0.123257 0.000000
vn -0.993640 -0.110361 0.022378
vn -0.995597 -0.012175 0.092944
vn -0.999235 -0.026043 -0.029169
vn -0.997681 -0.013135 -0.066789
vn -0.998441 -0.017924 -0.052851
vn -0.884066 -0.328962 -0.331981
vn -1.000000 0.000000 0.000000
vn -0.954921 -0.262045 -0.139496
vn -1.000000 0.000000 0.000000
vn -1.000000 0.000000 0.000000
vn -0.990986 -0.133887 -0.004561
vn -0.997477 -0.064730 0.029144
vn -1.000000 0.000000 0.000000
vn -1.000000 0.000000 0.000000
vn -1.000000 0.000000 0.000000
vn -1.000000 0.000000 0.000000
vn -0.999352 -0.035985 0.000000
vn -1.000000 0.000000 0.000000
vn -0.993861 -0.051067 0.098148
vn -1.000000 0.000000 0.000000
vn -1.000000 0.000000 0.000000
vn -0.993148 -0.048720 0.106226
vn -0.881134 -0.052767 0.469914
vn -0.881134 -0.052767 0.469914
vn -0.881134 -0.052767 0.469914
vn -0.998963 -0.039130 -0.023261
vn -0.998336 -0.038532 0.042896
vn -0.998248 -0.038996 0.044492
vn -0.997078 -0.071621 0.026563
vn -0.996878 -0.067535 0.040916
vn -0.999078 -0.042927 0.000000
vn -0.999221 -0.039398 0.002198
vn -0.998942 -0.039452 0.023647
vn -0.998976 -0.038777 0.023319
vn -0.998866 -0.039555 -0.026489
vn -0.999194 -0.039951 -0.004008
vn -0.998672 -0.049335 -0.014814
vn -1.000000 0.000000 0.000000
vn -1.000000 0.000000 0.000000
vn -1.000000 0.000000 0.000000
vn -1.000000 0.000000 0.000000
vn -1.000000 0.000000 0.000000
vn -1.000000 0.000000 0.000000
vn -1.000000 0.000000 0.000000
vn -1.000000 0.000000 0.000000
vn -0.804932 -0.265247 -0.530781
vn -0.804932 -0.265251 -0.530779
vn -0.804933 -0.265255 -0.530776
vn -0.804932 -0.265251 -0.530779
vn -0.936452 -0.209958 -0.281025
vn -1.000000 0.000000 0.000000
vn -0.950266 -0.172629 -0.259217
vn -1.000000 0.000000 0.000000
vn -1.000000 0.000000 0.000000
vn -0.965113 -0.256345 0.053338
vn -0.988215 -0.147697 -0.040214
vn -1.000000 0.000000 0.000000
vn -1.000000 0.000000 0.000000
vn -1.000000 0.000000 0.000000
vn -1.000000 0.000000 0.000000
vn -0.944423 -0.165390 -0.284097
vn -0.959580 -0.163863 -0.228813
vn -0.827785 -0.052393 0.558594
vn -0.878983 -0.177517 -0.442580
vn -0.844349 -0.057808 0.532666
vn -0.925601 -0.106645 0.363165
vn -0.925601 -0.106645 0.363165
vn -0.925601 -0.106645 0.363165
vn -0.984361 -0.170887 0.042799
vn -1.000000 0.000000 0.000000
vn -1.000000 0.000000 0.000000
vn -0.995112 -0.095793 0.023992
vn -0.984151 -0.177332 0.000000
vn -0.984151 -0.177332 0.000000
vn -0.984151 -0.177332 0.000000
vn -0.984151 -0.177332 0.000000
vn -0.997204 -0.072488 0.018155
vn -0.902180 -0.335702 -0.270880
vn -1.000000 0.000000 0.000000
vn -0.816333 -0.120573 -0.564855
vn -1.000000 0.000000 0.000000
vn -0.986688 -0.155171 0.048661
vn -0.998078 -0.056444 0.025566
vn -0.995980 -0.066140 0.060409
vn -0.995774 -0.064672 0.065198
vn -0.995794 -0.077530 -0.048826
vn -0.992096 -0.093446 0.083752
vn -0.989336 -0.108895 0.096722
vn -0.996719 -0.076428 0.026640
vn -0.996663 -0.074178 0.034054
vn -0.995495 -0.078786 -0.052760
vn -0.994928 -0.099210 -0.016579
vn -0.984793 -0.171374 -0.028514
vn -1.000000 0.000000 0.000000
vn -1.000000 0.000000 0.000000
vn -1.000000 0.000000 0.000000
vn -1.000000 0.000000 0.000000
vn -0.804932 -0.265249 -0.530780
vn -0.804932 -0.265251 -0.530779
vn -0.804933 -0.265253 -0.530777
vn -0.804932 -0.265251 -0.530779
vn -1.000000 0.000000 0.000000
vn -1.000000 0.000000 0.000000
vn -1.000000 0.000000 0.000000
vn -0.859466 -0.137340 -0.492398
vn -0.880321 -0.277623 0.384657
vn -0.282154 -0.452336 0.846039
vn -0.994530 -0.098663 0.034274
vn -0.994531 -0.098663 0.034274
vn -0.995276 -0.074819 0.061872
vn -0.995276 -0.074819 0.061872
vn -0.995276 -0.074819 0.061872
vn -0.996468 -0.074381 -0.038978
vn -0.995495 -0.078786 -0.052760
vn -0.997730 -0.066066 -0.013072
vn -0.997847 -0.064898 -0.009443
vn -0.994530 -0.098663 0.034274
vn -0.993402 -0.094587 0.064844
vn -0.956335 -0.217192 -0.195577
vn -0.863451 -0.379175 -0.332684
vn -1.000000 0.000006 -0.000067
vn -0.908935 -0.353707 -0.220746
vn -0.999991 -0.000572 0.004299
vn -1.000000 0.000000 0.000000
vn -0.990295 -0.138978 -0.000421
vn -1.000000 0.000000 0.000000
vn -1.000000 0.000000 0.000024
vn -1.000000 -0.000001 0.000002
vn -1.000000 -0.000031 0.000013
vn -1.000000 -0.000021 0.000054
vn -1.000000 0.000000 0.000000
vn -1.000000 0.000000 0.000000
vn -1.000000 0.000000 0.000000
vn -1.000000 0.000000 0.000000
vn -1.000000 0.000000 0.000000
vn -0.913503 -0.199699 0.354446
vn -0.998647 -0.007513 0.051459
vn -0.932332 -0.130632 0.337182
vn -0.541353 -0.022919 0.840483
vn -0.923537 -0.132329 0.359957
vn -1.000000 0.000000 0.000000
vn -1.000000 0.000000 0.000000
vn -1.000000 0.000000 0.000000
vn -1.000000 0.000000 0.000000
vn -1.000000 0.000000 0.000000
vn -1.000000 0.000000 0.000000
vn -0.866355 -0.307844 -0.393270
vn -0.866355 -0.307845 -0.393270
vn -0.866355 -0.307846 -0.393269
vn -0.866355 -0.307845 -0.393270
vn -1.000000 0.000000 0.000000
vn -1.000000 0.000000 0.000000
vn -1.000000 0.000000 0.000000
vn -1.000000 0.000000 0.000000
vn -0.983405 -0.180006 0.022627
vn -1.000000 0.000000 0.000000
vn -1.000000 0.000000 0.000000
vn -1.000000 0.000000 0.000000
vn -1.000000 0.000000 0.000000
vn -1.000000 0.000000 0.000000
vn -1.000000 0.000000 0.000000
vn -1.000000 0.000000 0.000000
vn -1.000000 0.000000 0.000000
vn -0.952398 -0.067185 0.297362
vn -0.997675 -0.061600 0.029139
vn -0.998015 -0.056096 0.028609
vn -0.996401 0.009498 0.084230
vn -0.980684 0.005529 0.195519
vn -0.985604 0.013483 0.168530
vn -0.994921 0.000000 0.100658
vn -1.000000 -0.000046 -0.000056
vn -0.974398 -0.117014 0.191982
vn -0.925860 -0.142657 0.349903
vn -1.000000 0.000000 0.000000
vn -1.000000 0.000000 0.000000
vn -0.999142 -0.041425 0.000000
vn -0.998720 -0.045533 0.022047
vn -1.000000 -0.000020 0.000017
vn -1.000000 -0.000048 -0.000060
vn -1.000000 -0.000002 0.000007
vn -1.000000 -0.000000 0.000017
vn -1.000000 0.000000 0.000000
vn -1.000000 0.000000 0.000000
vn -1.000000 0.000000 0.000000
vn -1.000000 0.000000 0.000000
vn -1.000000 0.000000 0.000000
vn -1.000000 0.000000 0.000000
vn -0.844941 -0.351145 -0.403450
vn -1.000000 0.000000 0.000000
vn -1.000000 0.000000 0.000000
vn -0.990103 -0.120255 -0.072350
vn -0.804933 -0.265253 -0.530776
vn -0.804933 -0.265249 -0.530779
vn -0.804932 -0.265246 -0.530782
vn -0.804933 -0.265249 -0.530779
vn -1.000000 0.000000 0.000000
vn -0.987658 -0.150772 -0.042428
vn -0.914119 -0.311590 -0.259417
vn -0.956943 0.000000 0.290277
vn -0.936426 -0.006848 0.350797
vn -0.955713 -0.000451 0.294299
vn -0.921392 -0.011181 0.388473
vn -0.919136 0.000000 0.393940
vn -0.919136 0.000000 0.393940
vn -0.919136 0.000000 0.393940
vn -0.919136 0.000000 0.393940
vn -0.999786 0.000000 0.020712
vn -0.999786 0.000000 0.020712
vn -0.999785 0.000000 0.020712
vn -0.999786 0.000000 0.020712
vn -0.968236 0.000000 0.250036
vn -0.968236 0.000000 0.250036
vn -0.968236 0.000000 0.250036
vn -0.998122 0.000000 0.061252
vn -0.998122 0.000000 0.061252
vn -0.998122 0.000000 0.061252
vn -0.897375 -0.395651 -0.195392
vn -1.000000 0.000000 0.000000
vn -1.000000 0.000000 0.000000
vn -0.985801 -0.158221 -0.056233
vn -1.000000 0.000000 0.000000
vn -0.975597 -0.212210 -0.056375
vn -0.912821 -0.378167 -0.154103
vn -0.956943 0.000000 0.290277
vn -0.936517 -0.008531 0.350520
vn -0.955194 -0.000800 0.295979
vn -0.913785 -0.016522 0.405863
vn -0.919136 0.000000 0.393940
vn -0.919136 0.000000 0.393940
vn -0.919136 0.000000 0.393940
vn -0.919136 0.000000 0.393940
vn -0.999798 0.000000 0.020104
vn -0.999798 0.000000 0.020104
vn -0.999798 0.000000 0.020104
vn -0.999798 0.000000 0.020104
vn -0.943492 0.000000 0.331394
vn -0.943492 0.000000 0.331394
vn -0.943492 0.000000 0.331394
vn -0.999475 0.000000 0.032411
vn -0.999475 0.000000 0.032411
vn -0.999475 0.000000 0.032411
vn -0.676666 0.037845 0.735317
vn -0.676666 0.037845 0.735317
vn -0.676666 0.037845 0.735317
vn -1.000000 0.000000 0.000000
vn -1.000000 0.000000 0.000000
vn -1.000000 0.000000 0.000000
vn -1.000000 0.000000 0.000000
vn -0.940106 -0.335611 -0.059716
vn -1.000000 0.000000 0.000000
vn -1.000000 0.000000 0.000000
vn -0.988442 -0.147584 -0.034670
vn -1.000000 0.000000 0.000000
vn -0.975689 -0.211811 -0.056269
vn -0.937467 -0.340796 -0.070811
vn -0.956943 0.000000 0.290277
vn -0.936488 -0.008012 0.350609
vn -0.955370 -0.000676 0.295413
vn -0.916460 -0.014673 0.399857
vn -0.919136 0.000000 0.393939
vn -0.919136 0.000000 0.393940
vn -0.919136 0.000000 0.393940
vn -0.919136 0.000000 0.393940
vn -0.999798 0.000000 0.020104
vn -0.999798 0.000000 0.020104
vn -0.999798 0.000000 0.020104
vn -0.999798 0.000000 0.020104
vn -0.943492 0.000000 0.331394
vn -0.943492 0.000000 0.331394
vn -0.943492 0.000000 0.331394
vn -0.999475 0.000000 0.032411
vn -0.999475 0.000000 0.032411
vn -0.999475 0.000000 0.032411
vn -1.000000 0.000000 0.000000
vn -1.000000 0.000000 0.000000
vn -1.000000 0.000000 0.000000
vn -1.000000 0.000000 0.000000
vn -0.853520 -0.320378 -0.410927
vn -1.000000 0.000000 0.000000
vn -1.000000 0.000000 0.000000
vn -0.992131 -0.094779 -0.081814
vn -1.000000 0.000000 0.000000
vn -0.979698 -0.172241 -0.102589
vn -0.908075 -0.292978 -0.299273
vn -0.956943 0.000000 0.290277
vn -0.936431 -0.006944 0.350782
vn -0.955687 -0.000467 0.294383
vn -0.921033 -0.011440 0.389317
vn -0.919136 0.000000 0.393940
vn -0.914534 -0.002012 0.404504
vn -0.918670 -0.000206 0.395025
vn -0.913518 -0.002449 0.406792
vn -0.999785 0.000000 0.020712
vn -0.999786 0.000000 0.020712
vn -0.999786 0.000000 0.020712
vn -0.999785 0.000000 0.020712
vn -0.968236 0.000000 0.250036
vn -0.968236 0.000000 0.250036
vn -0.968236 0.000000 0.250036
vn -0.998122 0.000000 0.061252
vn -0.998122 0.000000 0.061252
vn -0.998122 0.000000 0.061252
vn -0.676364 0.038772 0.735546
vn -0.676364 0.038772 0.735546
vn -0.676364 0.038772 0.735546
vn -1.000000 0.000000 0.000000
vn -1.000000 0.000000 0.000000
vn -1.000000 0.000000 0.000000
vn -1.000000 0.000000 0.000000
vn -1.000000 0.000000 0.000000
vn -1.000000 0.000000 0.000000
vn -1.000000 0.000000 0.000000
vn -1.000000 0.000000 0.000000
vn -0.997492 0.070787 0.000000
vn -0.997491 0.070787 0.000000
vn -0.997492 0.070787 0.000000
vn -0.997492 0.070787 0.000000
vn -1.000000 -0.000009 0.000000
vn -1.000000 -0.000009 0.000000
vn -1.000000 -0.000009 0.000000
vn -1.000000 -0.000009 0.000000
vn -1.000000 0.000092 0.000000
vn -1.000000 0.000092 0.000000
vn -1.000000 0.000092 0.000000
vn -1.000000 0.000092 0.000000
vn -1.000000 0.000011 0.000000
vn -1.000000 0.000011 0.000000
vn -1.000000 0.000011 0.000000
vn -1.000000 0.000011 0.000000
vn -1.000000 0.000011 0.000000
vn -1.000000 0.000011 0.000000
vn -1.000000 0.000011 0.000000
vn -1.000000 0.000011 0.000000
vn -1.000000 0.000000 0.000000
vn -0.927843 0.372971 0.000000
vn -1.000000 0.000000 0.000000
vn -0.927843 0.372971 0.000000
vn -0.392354 0.919814 0.000000
vn -0.392354 0.919814 0.000000
vn 0.000000 1.000000 0.000000
vn 0.000000 1.000000 0.000000
vn 0.000000 1.000000 0.000000
vn 0.000000 1.000000 0.000000
vn -0.707107 0.707107 0.000000
vn -0.707107 0.707107 0.000000
vn -0.707107 0.707106 0.000000
vn -0.707107 0.707106 0.000000
vn 0.000000 1.000000 0.000000
vn -0.000000 1.000000 0.000000
vn -0.707107 0.707106 0.000000
vn -0.707108 0.707106 0.000000
vn -1.000000 0.000000 0.000000
vn -1.000000 0.000000 0.000000
vn -0.152511 0.988301 -0.001385
vn -0.361746 0.932276 -0.000750
vn -0.707106 0.707107 0.000000
vn -0.929152 0.369698 0.000000
vn -1.000000 -0.000000 0.000000
vn -0.169152 0.985590 0.000000
vn -0.370460 0.928848 -0.000037
vn -0.555556 -0.831479 0.000000
vn -0.707106 -0.707107 0.000000
vn -0.929152 -0.369698 0.000000
vn -0.555556 -0.831479 0.000000
vn -0.707106 -0.707107 0.000000
vn -0.929152 -0.369698 0.000000
vn -1.000000 -0.000000 0.000000
vn -0.707109 0.707105 0.000000
vn -0.929152 0.369698 0.000000
vn -0.999991 0.004246 -0.000000
vn -0.705611 0.708599 -0.000085
vn -0.999989 0.004731 -0.000262
vn -0.705267 0.708942 -0.000269
vn -0.000001 1.000000 0.000000
vn -0.000001 1.000000 -0.000000
vn -0.000001 1.000000 0.000000
vn -0.000001 1.000000 0.000000
vn 0.000000 1.000000 0.000000
vn 0.000000 1.000000 0.000000
vn -0.707107 0.707107 0.000000
vn -0.707107 0.707107 0.000000
vn -1.000000 0.000000 0.000000
vn -1.000000 0.000000 0.000000
vn 0.000000 1.000000 0.000000
vn 0.000000 1.000000 0.000000
vn -0.707108 0.707106 0.000000
vn -0.707107 0.707107 0.000000
vn -1.000000 0.000000 0.000000
vn -1.000000 0.000000 0.000000
vn -1.000000 0.000000 0.000000
vn -1.000000 0.000000 0.000000
vn -0.707106 0.707107 0.000000
vn -0.707107 0.707107 0.000000
vn 0.000000 1.000000 0.000000
vn 0.000000 1.000000 0.000000
vn -1.000000 0.000000 0.000000
vn -1.000000 0.000000 0.000000
vn -1.000000 0.000000 0.000000
vn -1.000000 0.000000 0.000000
vn -1.000000 0.000000 0.000000
vn -1.000000 0.000000 0.000000
vn -1.000000 0.000000 0.000000
vn -1.000000 0.000000 0.000000
vn -1.000000 0.000000 0.000000
vn -1.000000 0.000000 0.000000
vn -1.000000 0.000000 0.000000
vn -1.000000 0.000000 0.000000
vn -1.000000 0.000000 0.000000
vn -1.000000 0.000000 0.000000
vn -1.000000 0.000000 0.000000
vn -1.000000 0.000000 0.000000
vn -1.000000 0.000000 0.000000
vn -1.000000 0.000000 0.000000
vn -1.000000 0.000000 0.000000
vn -1.000000 0.000000 0.000000
vn -1.000000 0.000000 0.000000
vn -1.000000 0.000000 0.000000
vn -1.000000 0.000000 0.000000
vn -1.000000 0.000000 0.000000
vn -1.000000 0.000000 0.000000
vn -1.000000 0.000000 0.000000
vn -1.000000 0.000000 0.000000
vn -1.000000 0.000000 0.000000
vn -1.000000 0.000000 0.000000
vn -1.000000 0.000000 0.000000
vn -1.000000 0.000000 0.000000
vn -1.000000 0.000000 0.000000
vn -1.000000 0.000000 0.000000
vn -1.000000 0.000000 0.000000
vn -1.000000 0.000000 0.000000
vn -1.000000 0.000000 0.000000
vn -1.000000 0.000000 0.000000
vn -1.000000 0.000000 0.000000
vn -1.000000 0.000000 0.000000
vn -1.000000 0.000000 0.000000
vn -1.000000 0.000000 0.000000
vn -1.000000 0.000000 0.000000
vn -1.000000 0.000000 0.000000
vn -1.000000 0.000000 0.000000
vn -1.000000 0.000000 0.000000
vn -1.000000 0.000000 0.000000
vn -1.000000 0.000000 0.000000
vn -1.000000 0.000000 0.000000
vn -1.000000 0.000000 0.000000
vn -1.000000 0.000000 0.000000
vn -1.000000 0.000000 0.000000
vn -1.000000 0.000000 0.000000
vn -1.000000 0.000000 0.000000
vn -1.000000 0.000000 0.000000
vn -1.000000 0.000000 0.000000
vn -1.000000 0.000000 0.000000
vn -1.000000 0.000000 0.000000
vn -1.000000 0.000000 0.000000
vn -1.000000 0.000000 0.000000
vn -1.000000 0.000000 0.000000
vn -1.000000 0.000000 0.000000
vn -1.000000 0.000000 0.000000
vn -1.000000 0.000000 0.000000
vn -1.000000 0.000000 0.000000
vn -1.000000 0.000000 0.000000
vn -1.000000 0.000000 0.000000
vn -1.000000 0.000000 0.000000
vn -1.000000 0.000000 0.000000
vn -1.000000 0.000000 0.000000
vn -1.000000 0.000000 0.000000
vn -1.000000 0.000000 0.000000
vn -1.000000 0.000000 0.000000
vn -1.000000 0.000000 0.000000
vn -1.000000 0.000000 0.000000
vn -1.000000 0.000000 0.000000
vn -1.000000 0.000000 0.000000
vn -1.000000 0.000000 0.000000
vn -1.000000 0.000000 0.000000
vn -1.000000 0.000000 0.000000
vn -1.000000 0.000000 0.000000
vn -1.000000 0.000000 0.000000
vn -1.000000 0.000000 0.000000
vn -1.000000 0.000000 0.000000
vn -1.000000 0.000000 0.000000
vn -1.000000 0.000000 0.000000
vn -1.000000 0.000000 0.000000
vn -1.000000 0.000000 0.000000
vn -1.000000 0.000000 0.000000
vn -1.000000 0.000000 0.000000
vn -1.000000 0.000000 0.000000
vn -1.000000 0.000000 0.000000
vn -1.000000 0.000000 0.000000
vn -1.000000 0.000000 0.000000
vn -1.000000 0.000000 0.000000
vn -1.000000 0.000000 0.000000
vn -1.000000 0.000000 0.000000
vn -1.000000 0.000000 0.000000
vn -1.000000 0.000000 0.000000
vn -1.000000 0.000000 0.000000
vn -1.000000 0.000000 0.000000
vn -1.000000 0.000000 0.000000
vn -1.000000 0.000000 0.000000
vn -0.707107 0.707107 0.000000
vn -0.707107 0.707107 0.000000
vn -0.707107 0.707106 0.000000
vn -0.707107 0.707106 0.000000
vn 0.000000 1.000000 0.000000
vn -0.000000 1.000000 0.000000
vn -0.707107 0.707106 0.000000
vn -0.707107 0.707106 0.000000
vn -1.000000 0.000000 0.000000
vn -1.000000 0.000000 0.000000
vn -1.000000 0.000000 0.000000
vn -1.000000 0.000000 0.000000
vn -1.000000 0.000000 0.000000
vn -1.000000 0.000000 0.000000
vn -1.000000 0.000000 0.000000
vn -1.000000 0.000000 0.000000
vn -1.000000 0.000000 0.000000
vn -1.000000 0.000000 0.000000
vn -1.000000 0.000000 0.000000
vn -1.000000 0.000000 0.000000
vn -1.000000 0.000000 0.000000
vn -1.000000 0.000000 0.000000
vn -1.000000 0.000000 0.000000
vn -1.000000 0.000000 0.000000
vn -1.000000 0.000000 0.000000
vn -1.000000 0.000000 0.000000
vn -1.000000 0.000000 0.000000
vn -1.000000 0.000000 0.000000
vn -1.000000 0.000000 0.000000
vn -1.000000 0.000000 0.000000
vn -1.000000 0.000000 0.000000
vn -1.000000 0.000000 0.000000
vn -1.000000 0.000000 0.000000
vn -1.000000 0.000000 0.000000
vn -1.000000 0.000000 0.000000
vn -1.000000 0.000000 0.000000
vn -1.000000 0.000000 0.000000
vn -1.000000 0.000000 0.000000
vn -1.000000 0.000000 0.000000
vn -1.000000 0.000000 0.000000
vn -1.000000 0.000000 0.000000
vn -1.000000 0.000000 0.000000
vn -1.000000 0.000000 0.000000
vn -1.000000 0.000000 0.000000
vn -1.000000 0.000000 0.000000
vn -1.000000 0.000000 0.000000
vn -1.000000 0.000000 0.000000
vn -1.000000 0.000000 0.000000
vn -1.000000 0.000000 0.000000
vn -1.000000 0.000000 0.000000
vn -1.000000 0.000000 0.000000
vn -1.000000 0.000000 0.000000
vn -1.000000 0.000000 0.000000
vn -1.000000 0.000000 0.000000
vn -1.000000 0.000000 0.000000
vn -1.000000 0.000000 0.000000
vn -1.000000 0.000000 0.000000
vn -1.000000 0.000000 0.000000
vn -1.000000 0.000000 0.000000
vn -1.000000 0.000000 0.000000
vn -1.000000 0.000000 0.000000
vn -1.000000 0.000000 0.000000
vn -1.000000 0.000000 0.000000
vn -1.000000 0.000000 0.000000
vn -1.000000 0.000000 0.000000
vn -1.000000 0.000000 0.000000
vn -1.000000 0.000000 0.000000
vn -1.000000 0.000000 0.000000
vn -1.000000 0.000000 0.000000
vn -1.000000 0.000000 0.000000
vn -1.000000 0.000000 0.000000
vn -1.000000 0.000000 0.000000
vn -1.000000 0.000000 0.000000
vn -1.000000 0.000000 0.000000
vn -1.000000 0.000000 0.000000
vn -1.000000 0.000000 0.000000
vn -1.000000 0.000000 0.000000
vn -1.000000 0.000000 0.000000
vn -1.000000 0.000000 0.000000
vn -1.000000 0.000000 0.000000
vn -1.000000 0.000000 0.000000
vn -0.927843 0.372971 0.000000
vn -1.000000 0.000000 0.000000
vn -0.927843 0.372971 0.000000
vn -0.392354 0.919814 0.000000
vn -0.392354 0.919814 0.000000
vn 0.000000 1.000000 0.000000
vn 0.000000 1.000000 0.000000
vn 0.000000 1.000000 0.000000
vn 0.000000 1.000000 0.000000
vn -1.000000 0.000000 0.000000
vn -1.000000 0.000000 0.000000
vn -1.000000 0.000000 0.000000
vn -1.000000 0.000000 0.000000
g fff002fb_00130_00317578_e0
f 202/153/202 190/141/190 201/152/201
f 254/212/254 191/142/191 203/154/203
f 203/154/203 190/141/190 202/153/202
f 254/212/254 189/140/189 191/142/191
f 191/142/191 190/141/190 203/154/203
f 254/211/254 109/63/109 253/70/253
f 117/68/117 118/69/118 258/217/258
f 259/218/259 108/61/108 260/219/260
f 119/71/119 121/74/121 118/70/118
f 120/72/120 121/74/121 119/71/119
f 257/216/257 109/65/109 254/212/254
f 203/154/203 257/216/257 254/212/254
f 256/215/256 118/69/118 255/62/255
f 108/61/108 259/218/259 109/62/109
f 121/74/121 255/213/255 118/70/118
f 121/73/121 189/140/189 255/214/255
f 117/68/117 258/217/258 351/281/351
f 255/214/255 189/140/189 254/212/254
f 258/217/258 118/69/118 256/215/256
f 258/217/258 256/215/256 253/210/253
f 253/210/253 109/62/109 259/218/259
f 259/218/259 258/217/258 253/210/253
f 260/219/260 108/61/108 353/283/353
f 351/281/351 261/220/261 354/284/354
f 351/281/351 258/217/258 261/220/261
f 261/220/261 260/219/260 354/284/354
f 354/284/354 260/219/260 353/283/353
f 351/281/351 352/282/352 117/68/117
f 353/283/353 108/61/108 117/68/117
f 352/282/352 353/283/353 117/68/117
g fff002fb_00130_00317578_e1
f 235/178/235 236/180/236 234/185/234
f 234/181/234 233/184/233 235/182/235
f 236/181/236 235/182/235 231/183/231
f 231/178/231 232/179/232 236/180/236
f 229/178/229 230/180/230 228/185/228
f 228/181/228 227/184/227 229/182/229
f 230/181/230 229/182/229 225/183/225
f 225/178/225 226/179/226 230/180/230
f 212/168/212 211/169/211 209/170/209
f 210/165/210 209/166/209 207/167/207
f 207/162/207 208/163/208 210/164/210
f 205/159/205 206/160/206 208/161/208
f 205/156/205 208/157/208 207/158/207
f 209/171/209 210/172/210 212/173/212
f 196/146/196 202/153/202 201/152/201
f 202/153/202 196/146/196 193/144/193
f 196/146/196 201/152/201 194/145/194
f 203/154/203 202/153/202 193/144/193
f 203/154/203 193/144/193 110/66/110
f 204/155/204 203/154/203 110/66/110
f 195/147/195 194/145/194 201/152/201
f 195/147/195 201/152/201 190/141/190
f 190/141/190 192/143/192 195/147/195
f 191/142/191 192/143/192 190/141/190
f 189/140/189 192/143/192 191/142/191
f 189/140/189 122/75/122 192/143/192
f 116/58/116 189/140/189 115/59/115
f 182/133/182 183/134/183 184/135/184
f 167/118/167 168/119/168 169/120/169
f 151/107/151 152/108/152 154/109/154
f 151/104/151 154/105/154 153/106/153
f 189/140/189 121/73/121 115/59/115
f 121/74/121 120/72/120 115/64/115
f 120/72/120 114/50/114 115/64/115
f 114/50/114 119/71/119 113/51/113
f 119/71/119 111/67/111 113/51/113
f 119/71/119 118/70/118 111/67/111
f 112/45/112 111/53/111 118/69/118
f 118/69/118 117/68/117 112/45/112
f 119/71/119 114/50/114 120/72/120
f 90/23/90 91/38/91 89/24/89
f 189/140/189 116/58/116 122/75/122
f 13/25/13 12/26/12 11/13/11
f 9/19/9 13/20/13 11/21/11
f 9/11/9 10/14/10 13/22/13
f 12/27/12 13/15/13 15/28/15
f 15/29/15 14/30/14 12/16/12
f 17/10/17 16/9/16 14/18/14
f 14/31/14 15/17/15 17/32/17
f 22/23/22 23/12/23 27/38/27
f 27/25/27 26/37/26 22/13/22
f 25/25/25 24/26/24 26/37/26
f 26/23/26 27/38/27 25/24/25
f 36/23/36 37/12/37 41/38/41
f 41/25/41 40/37/40 36/13/36
f 39/25/39 38/26/38 40/37/40
f 40/23/40 41/38/41 39/24/39
f 46/23/46 47/12/47 51/38/51
f 51/25/51 50/37/50 46/13/46
f 49/25/49 48/26/48 50/37/50
f 50/23/50 51/38/51 49/24/49
f 60/23/60 61/12/61 65/38/65
f 65/25/65 64/37/64 60/13/60
f 63/25/63 62/26/62 64/37/64
f 64/23/64 65/38/65 63/24/63
f 66/23/66 67/12/67 71/38/71
f 71/25/71 70/37/70 66/13/66
f 69/25/69 68/26/68 70/37/70
f 70/23/70 71/38/71 69/24/69
f 89/25/89 88/26/88 90/37/90
f 91/25/91 90/37/90 86/13/86
f 86/23/86 87/12/87 91/38/91
f 76/23/76 77/38/77 75/24/75
f 75/25/75 74/26/74 76/37/76
f 77/25/77 76/37/76 72/13/72
f 72/23/72 73/12/73 77/38/77
f 323/221/323 324/222/324 322/223/322
f 266/224/266 265/225/265 264/226/264
f 262/227/262 266/228/266 264/229/264
f 262/230/262 263/231/263 266/232/266
f 265/233/265 266/234/266 268/235/268
f 268/236/268 267/237/267 265/238/265
f 270/239/270 269/240/269 267/241/267
f 267/242/267 268/243/268 270/244/270
f 279/221/279 280/245/280 284/222/284
f 284/224/284 283/246/283 279/226/279
f 282/224/282 281/225/281 283/246/283
f 283/221/283 284/222/284 282/223/282
f 293/221/293 294/245/294 298/222/298
f 298/224/298 297/246/297 293/226/293
f 296/224/296 295/225/295 297/246/297
f 297/221/297 298/222/298 296/223/296
f 299/221/299 300/245/300 304/222/304
f 304/224/304 303/246/303 299/226/299
f 302/224/302 301/225/301 303/246/303
f 303/221/303 304/222/304 302/223/302
f 322/224/322 321/225/321 323/246/323
f 324/224/324 323/246/323 319/226/319
f 319/221/319 320/245/320 324/222/324
f 309/221/309 310/222/310 308/223/308
f 308/224/308 307/225/307 309/246/309
f 310/224/310 309/246/309 305/226/305
f 305/221/305 306/245/306 310/222/310
f 340/255/340 342/257/342 341/256/341
f 329/258/329 331/260/331 330/259/330
f 359/289/359 360/290/360 364/291/364
f 364/292/364 363/293/363 359/294/359
f 362/292/362 361/295/361 363/293/363
f 363/289/363 364/291/364 362/296/362
f 373/289/373 374/290/374 378/291/378
f 378/292/378 377/293/377 373/294/373
f 376/292/376 375/295/375 377/293/377
f 377/289/377 378/291/378 376/296/376
f 407/305/407 408/306/408 406/307/406
f 383/305/383 384/308/384 388/306/388
f 388/309/388 387/310/387 383/311/383
f 386/309/386 385/312/385 387/310/387
f 387/305/387 388/306/388 386/307/386
f 406/309/406 405/312/405 407/310/407
f 408/309/408 407/310/407 403/311/403
f 403/305/403 404/308/404 408/306/408
f 393/305/393 394/306/394 392/307/392
f 392/309/392 391/312/391 393/310/393
f 394/309/394 393/310/393 389/311/389
f 389/305/389 390/308/390 394/306/394
f 436/329/436 437/330/437 438/331/438
f 425/332/425 426/333/426 427/334/427
f 443/347/443 444/348/444 448/349/448
f 448/350/448 447/351/447 443/352/443
f 446/350/446 445/353/445 447/351/447
f 447/347/447 448/349/448 446/354/446
g fff002fb_00130_00317578_e13
f 101/54/101 100/53/100 92/45/92
f 101/54/101 94/43/94 93/44/93
f 93/44/93 94/43/94 103/56/103
f 103/56/103 102/55/102 93/44/93
f 99/49/99 98/50/98 96/51/96
f 97/52/97 99/49/99 96/51/96
f 101/54/101 93/44/93 100/53/100
f 95/46/95 101/54/101 92/45/92
f 97/48/97 96/47/96 102/55/102
f 102/55/102 103/56/103 97/48/97
f 107/57/107 106/58/106 104/59/104
f 105/60/105 107/57/107 104/59/104
f 200/148/200 199/149/199 197/150/197
f 198/151/198 200/148/200 197/150/197
f 1848/2199/1848 1827/2172/1827 1847/2198/1847
f 1847/2198/1847 1827/2172/1827 1825/2174/1825
f 1826/2173/1826 1848/2199/1848 1847/2198/1847
f 1828/2171/1828 1848/2199/1848 1826/2173/1826
f 1826/2173/1826 1946/2348/1946 1828/2171/1828
f 1946/2348/1946 1826/2173/1826 1945/2349/1945
f 1945/2349/1945 1952/2350/1952 1946/2348/1946
f 1952/2350/1952 1945/2349/1945 1951/2351/1951
f 2005/2560/2005 2007/2562/2007 2008/2561/2008
f 2006/2563/2006 2005/2560/2005 2008/2561/2008
f 2005/2560/2005 2006/2563/2006 2050/2564/2050
f 2050/2564/2050 2049/2565/2049 2005/2560/2005
f 2049/2565/2049 2050/2564/2050 2056/2566/2056
f 2056/2566/2056 2055/2567/2055 2049/2565/2049
f 2590/151/2590 2589/150/2589 2592/148/2592
f 2592/148/2592 2589/150/2589 2591/149/2591
f 2582/60/2582 2581/59/2581 2584/57/2584
f 2584/57/2584 2581/59/2581 2583/58/2583
g fff002fb_00130_00317578_e3
f 244/201/244 243/198/243 241/200/241
f 243/198/243 242/199/242 241/200/241
f 3/1/3 2/2/2 1/3/1
f 4/4/4 3/1/3 1/3/1
f 240/197/240 239/194/239 237/196/237
f 239/194/239 238/195/238 237/196/237
f 181/132/181 180/129/180 178/131/178
f 180/129/180 179/130/179 178/131/178
f 177/128/177 176/125/176 174/127/174
f 176/125/176 175/126/175 174/127/174
f 125/76/125 124/77/124 123/78/123
f 126/79/126 125/76/125 123/78/123
f 129/80/129 128/81/128 127/82/127
f 130/83/130 129/80/129 127/82/127
f 133/84/133 132/85/132 131/86/131
f 134/87/134 133/84/133 131/86/131
f 137/88/137 136/89/136 135/90/135
f 138/91/138 137/88/137 135/90/135
f 141/92/141 140/93/140 139/94/139
f 142/95/142 141/92/141 139/94/139
f 145/96/145 144/97/144 143/98/143
f 146/99/146 145/96/145 143/98/143
f 149/100/149 148/101/148 147/102/147
f 150/103/150 149/100/149 147/102/147
f 157/110/157 156/111/156 155/112/155
f 158/113/158 157/110/157 155/112/155
f 161/114/161 160/115/160 159/116/159
f 162/117/162 161/114/161 159/116/159
f 165/114/165 163/116/163 164/115/164
f 166/117/166 163/116/163 165/114/165
f 172/121/172 171/122/171 170/123/170
f 173/124/173 172/121/172 170/123/170
f 251/206/251 250/207/250 249/208/249
f 252/209/252 251/206/251 249/208/249
f 339/261/339 336/263/336 338/262/338
f 338/262/338 336/263/336 337/264/337
f 327/265/327 326/267/326 325/266/325
f 328/268/328 327/265/327 325/266/325
f 334/269/334 332/271/332 333/270/333
f 335/272/335 332/271/332 334/269/334
f 345/273/345 344/274/344 343/275/343
f 346/276/346 345/273/345 343/275/343
f 411/317/411 410/318/410 409/319/409
f 412/320/412 411/317/411 409/319/409
f 415/321/415 414/322/414 413/323/413
f 416/324/416 415/321/415 413/323/413
f 419/325/419 418/326/418 417/327/417
f 420/328/420 419/325/419 417/327/417
f 435/335/435 434/336/434 432/337/432
f 434/336/434 433/338/433 432/337/432
f 423/339/423 421/340/421 422/341/422
f 424/342/424 421/340/421 423/339/423
f 430/343/430 429/344/429 428/345/428
f 431/346/431 430/343/430 428/345/428
f 2596/201/2596 2593/200/2593 2595/198/2595
f 2595/198/2595 2593/200/2593 2594/199/2594
f 2603/317/2603 2601/319/2601 2602/318/2602
f 2604/320/2604 2601/319/2601 2603/317/2603
f 2588/83/2588 2585/82/2585 2587/80/2587
f 2587/80/2587 2585/82/2585 2586/81/2586
f 2600/276/2600 2597/275/2597 2599/273/2599
f 2599/273/2599 2597/275/2597 2598/274/2598
g fff002fb_00130_00317578_e4
f 7/5/7 6/6/6 5/7/5
f 8/8/8 7/5/7 5/7/5
f 248/205/248 247/202/247 245/204/245
f 247/202/247 246/203/246 245/204/245
f 188/139/188 187/136/187 185/138/185
f 187/136/187 186/137/186 185/138/185
g fff002fb_00130_00317578_e5
f 20/36/20 21/35/21 19/33/19
f 19/33/19 18/34/18 20/36/20
f 30/36/30 31/35/31 29/33/29
f 29/33/29 28/34/28 30/36/30
f 34/39/34 35/40/35 33/41/33
f 33/41/33 32/42/32 34/39/34
f 44/36/44 45/35/45 43/33/43
f 43/33/43 42/34/42 44/36/44
f 54/36/54 55/35/55 53/33/53
f 53/33/53 52/34/52 54/36/54
f 58/39/58 59/40/59 57/41/57
f 57/41/57 56/42/56 58/39/58
f 80/36/80 81/35/81 79/33/79
f 79/33/79 78/34/78 80/36/80
f 84/36/84 85/35/85 83/33/83
f 83/33/83 82/34/82 84/36/84
f 215/174/215 216/175/216 214/176/214
f 214/176/214 213/177/213 215/174/215
f 219/186/219 220/187/220 218/188/218
f 218/188/218 217/189/217 219/186/219
f 223/190/223 224/191/224 222/192/222
f 222/192/222 221/193/221 223/190/223
f 273/247/273 274/248/274 272/249/272
f 272/249/272 271/250/271 273/247/273
f 277/247/277 278/248/278 276/249/276
f 276/249/276 275/250/275 277/247/277
f 287/247/287 288/248/288 286/249/286
f 286/249/286 285/250/285 287/247/287
f 291/251/291 292/252/292 290/253/290
f 290/253/290 289/254/289 291/251/291
f 313/247/313 314/248/314 312/249/312
f 312/249/312 311/250/311 313/247/313
f 317/247/317 318/248/318 316/249/316
f 316/249/316 315/250/315 317/247/317
f 367/297/367 368/298/368 366/299/366
f 366/299/366 365/300/365 367/297/367
f 371/301/371 372/302/372 370/303/370
f 370/303/370 369/304/369 371/301/371
f 381/313/381 382/314/382 380/315/380
f 380/315/380 379/316/379 381/313/381
f 397/313/397 398/314/398 396/315/396
f 396/315/396 395/316/395 397/313/397
f 401/313/401 402/314/402 400/315/400
f 400/315/400 399/316/399 401/313/401
f 441/355/441 442/356/442 440/357/440
f 440/357/440 439/358/439 441/355/441
g fff002fb_00130_00317578_e2
f 255/213/255 254/211/254 256/70/256
f 253/210/253 256/215/256 254/62/254
f 203/154/203 204/155/204 257/216/257
f 204/155/204 109/65/109 257/216/257
f 261/220/261 258/217/258 259/218/259
f 259/218/259 260/219/260 261/220/261
f 352/282/352 354/284/354 353/283/353
f 351/281/351 354/284/354 352/282/352
g fff002fb_00130_00317578_e10
f 350/277/350 347/278/347 348/279/348
f 348/279/348 349/280/349 350/277/350
f 358/285/358 355/286/355 356/287/356
f 356/287/356 357/288/357 358/285/358
f 565/505/565 622/578/622 621/577/621
f 568/579/568 621/580/621 622/581/622
f 595/542/595 596/543/596 598/544/598
f 598/544/598 597/545/597 595/542/595
f 583/529/583 586/530/586 584/531/584
f 586/530/586 583/529/583 585/532/585
f 579/520/579 580/521/580 568/522/568
f 568/522/568 567/523/567 579/524/579
f 580/518/580 579/516/579 583/525/583
f 583/525/583 584/526/584 580/518/580
f 579/516/579 581/519/581 585/527/585
f 585/527/585 583/525/583 579/516/579
f 582/517/582 580/518/580 584/526/584
f 584/526/584 586/528/586 582/517/582
f 581/519/581 582/517/582 586/528/586
f 586/528/586 585/527/585 581/519/581
f 565/507/565 566/501/566 596/538/596
f 596/538/596 595/537/595 565/507/565
f 569/504/569 565/499/565 595/539/595
f 595/539/595 597/540/597 569/504/569
f 566/501/566 570/503/570 598/541/598
f 598/541/598 596/538/596 566/501/566
f 570/503/570 569/504/569 597/540/597
f 597/540/597 598/541/598 570/503/570
f 605/550/605 606/551/606 604/552/604
f 604/552/604 603/553/603 605/554/605
f 606/555/606 605/556/605 607/557/607
f 607/557/607 608/558/608 606/555/606
f 611/559/611 612/560/612 610/561/610
f 610/561/610 609/562/609 611/563/611
f 612/564/612 611/565/611 613/566/613
f 613/566/613 614/567/614 612/564/612
f 617/568/617 618/569/618 616/570/616
f 616/570/616 615/571/615 617/572/617
f 618/573/618 617/574/617 619/575/619
f 619/575/619 620/576/620 618/573/618
f 621/577/621 568/500/568 566/506/566
f 565/505/565 621/577/621 566/506/566
f 568/579/568 622/581/622 567/502/567
f 627/602/627 684/603/684 683/604/683
f 686/605/686 683/606/683 684/607/684
f 657/608/657 658/609/658 660/610/660
f 660/610/660 659/611/659 657/608/657
f 645/612/645 648/613/648 646/614/646
f 648/613/648 645/612/645 647/615/647
f 641/616/641 642/617/642 630/618/630
f 630/618/630 629/619/629 641/620/641
f 642/621/642 641/622/641 645/623/645
f 645/623/645 646/624/646 642/621/642
f 641/622/641 643/625/643 647/626/647
f 647/626/647 645/623/645 641/622/641
f 644/627/644 642/621/642 646/624/646
f 646/624/646 648/628/648 644/627/644
f 643/625/643 644/627/644 648/628/648
f 648/628/648 647/626/647 643/625/643
f 627/629/627 628/630/628 658/631/658
f 658/631/658 657/632/657 627/629/627
f 631/633/631 627/634/627 657/635/657
f 657/635/657 659/636/659 631/633/631
f 628/630/628 632/637/632 660/638/660
f 660/638/660 658/631/658 628/630/628
f 632/637/632 631/633/631 659/636/659
f 659/636/659 660/638/660 632/637/632
f 667/639/667 668/640/668 666/641/666
f 666/641/666 665/642/665 667/643/667
f 668/644/668 667/645/667 669/646/669
f 669/646/669 670/647/670 668/644/668
f 673/648/673 674/649/674 672/650/672
f 672/650/672 671/651/671 673/652/673
f 674/653/674 673/654/673 675/655/675
f 675/655/675 676/656/676 674/653/674
f 679/657/679 680/658/680 678/659/678
f 678/659/678 677/660/677 679/661/679
f 680/662/680 679/663/679 681/664/681
f 681/664/681 682/665/682 680/662/680
f 683/604/683 686/666/686 628/667/628
f 627/602/627 683/604/683 628/667/628
f 686/605/686 684/607/684 685/668/685
f 735/719/735 712/722/712 734/718/734
f 732/714/732 721/720/721 733/715/733
f 721/720/721 722/721/722 733/716/733
f 712/722/712 735/719/735 725/719/725
f 745/729/745 742/730/742 744/731/744
f 742/730/742 745/729/745 743/729/743
f 811/851/811 813/852/813 831/875/831
f 759/763/759 757/764/757 750/765/750
f 750/765/750 751/762/751 759/763/759
f 831/875/831 807/854/807 811/851/811
f 833/877/833 834/878/834 809/853/809
f 758/803/758 768/805/768 756/804/756
f 768/805/768 758/803/758 769/802/769
f 834/878/834 813/852/813 809/853/809
f 782/820/782 789/821/789 783/822/783
f 789/821/789 782/820/782 788/823/788
f 783/822/783 789/821/789 784/824/784
f 787/825/787 786/826/786 783/822/783
f 783/822/783 784/824/784 787/825/787
f 787/825/787 797/836/797 786/826/786
f 791/827/791 797/836/797 798/838/798
f 791/827/791 792/829/792 790/830/790
f 792/829/792 791/827/791 793/828/793
f 788/833/788 795/831/795 789/834/789
f 795/831/795 788/833/788 794/832/794
f 787/825/787 798/838/798 797/836/797
f 791/827/791 798/838/798 793/828/793
f 803/842/803 805/841/805 801/839/801
f 801/839/801 799/840/799 803/842/803
f 805/847/805 806/848/806 802/849/802
f 802/849/802 801/850/801 805/847/805
f 799/843/799 800/844/800 804/846/804
f 804/846/804 803/845/803 799/843/799
f 831/875/831 813/852/813 834/878/834
f 832/876/832 807/854/807 831/875/831
f 813/855/813 814/856/814 810/857/810
f 810/857/810 809/858/809 813/855/813
f 807/859/807 808/860/808 812/861/812
f 812/861/812 811/862/811 807/859/807
f 819/851/819 821/852/821 817/853/817
f 817/853/817 815/854/815 819/851/819
f 821/855/821 822/856/822 818/857/818
f 818/857/818 817/858/817 821/855/821
f 815/859/815 816/860/816 820/861/820
f 820/861/820 819/862/819 815/859/815
f 827/863/827 829/864/829 825/865/825
f 825/865/825 823/866/823 827/863/827
f 829/867/829 830/868/830 826/869/826
f 826/869/826 825/870/825 829/867/829
f 823/871/823 824/872/824 828/873/828
f 828/873/828 827/874/827 823/871/823
f 865/903/865 867/904/867 863/905/863
f 863/905/863 861/906/861 865/903/865
f 867/907/867 868/908/868 864/909/864
f 864/909/864 863/910/863 867/907/867
f 861/911/861 862/912/862 866/913/866
f 866/913/866 865/914/865 861/911/861
f 873/935/873 930/936/930 929/937/929
f 932/938/932 929/939/929 930/940/930
f 903/941/903 904/942/904 906/943/906
f 906/943/906 905/944/905 903/941/903
f 891/945/891 894/946/894 892/947/892
f 894/946/894 891/945/891 893/948/893
f 887/949/887 888/950/888 876/951/876
f 876/951/876 875/952/875 887/953/887
f 888/954/888 887/955/887 891/956/891
f 891/956/891 892/957/892 888/954/888
f 887/955/887 889/958/889 893/959/893
f 893/959/893 891/956/891 887/955/887
f 890/960/890 888/954/888 892/957/892
f 892/957/892 894/961/894 890/960/890
f 889/958/889 890/960/890 894/961/894
f 894/961/894 893/959/893 889/958/889
f 873/962/873 874/963/874 904/964/904
f 904/964/904 903/965/903 873/962/873
f 877/966/877 873/967/873 903/968/903
f 903/968/903 905/969/905 877/966/877
f 874/963/874 878/970/878 906/971/906
f 906/971/906 904/964/904 874/963/874
f 878/970/878 877/966/877 905/969/905
f 905/969/905 906/971/906 878/970/878
f 913/972/913 914/973/914 912/974/912
f 912/974/912 911/975/911 913/976/913
f 914/977/914 913/978/913 915/979/915
f 915/979/915 916/980/916 914/977/914
f 919/981/919 920/982/920 918/983/918
f 918/983/918 917/984/917 919/985/919
f 920/986/920 919/987/919 921/988/921
f 921/988/921 922/989/922 920/986/920
f 925/990/925 926/991/926 924/992/924
f 924/992/924 923/993/923 925/994/925
f 926/995/926 925/996/925 927/997/927
f 927/997/927 928/998/928 926/995/926
f 929/937/929 932/999/932 874/1000/874
f 873/935/873 929/937/929 874/1000/874
f 932/938/932 930/940/930 931/1001/931
f 943/1010/943 946/1011/946 944/1012/944
f 946/1011/946 943/1010/943 945/1013/945
f 1055/1132/1055 940/1015/940 934/1016/934
f 934/1016/934 933/1017/933 1052/1129/1052
f 940/1019/940 939/1020/939 943/1021/943
f 943/1021/943 944/1022/944 940/1019/940
f 1010/1056/1010 961/1057/961 1009/1057/1009
f 961/1057/961 1010/1056/1010 962/1056/962
f 942/1025/942 940/1019/940 944/1022/944
f 944/1022/944 946/1026/946 942/1025/942
f 941/1023/941 942/1025/942 946/1026/946
f 946/1026/946 945/1024/945 941/1023/941
f 941/1057/941 1006/1056/1006 942/1056/942
f 1006/1056/1006 941/1057/941 1005/1057/1005
f 951/1027/951 1001/1096/1001 952/1028/952
f 1001/1096/1001 951/1027/951 1002/1097/1002
f 963/1039/963 966/1040/966 964/1041/964
f 966/1040/966 963/1039/963 965/1042/965
f 959/1043/959 960/1044/960 1008/1045/1008
f 1008/1045/1008 1007/1046/1007 959/1047/959
f 960/1048/960 959/1049/959 963/1050/963
f 963/1050/963 964/1051/964 960/1048/960
f 966/1055/966 965/1053/965 961/1052/961
f 961/1052/961 962/1054/962 966/1055/966
f 962/1054/962 960/1048/960 964/1051/964
f 964/1051/964 966/1055/966 962/1054/962
f 992/1066/992 981/1067/981 991/1067/991
f 981/1067/981 992/1066/992 982/1066/982
f 971/1068/971 1003/1098/1003 972/1070/972
f 1003/1098/1003 971/1068/971 1004/1099/1004
f 983/1071/983 986/1072/986 984/1073/984
f 986/1072/986 983/1071/983 985/1074/985
f 979/1075/979 980/1076/980 1012/1077/1012
f 1012/1077/1012 1011/1078/1011 979/1079/979
f 980/1080/980 979/1081/979 983/1082/983
f 983/1082/983 984/1083/984 980/1080/980
f 986/1084/986 985/1085/985 981/1086/981
f 981/1086/981 982/1087/982 986/1084/986
f 982/1087/982 980/1080/980 984/1083/984
f 984/1083/984 986/1084/986 982/1087/982
f 1001/1096/1001 954/1030/954 952/1028/952
f 954/1100/954 1001/1101/1001 953/1029/953
f 1001/1101/1001 1002/1029/1002 953/1029/953
f 1003/1098/1003 974/1069/974 972/1070/972
f 974/1100/974 1003/1102/1003 973/1029/973
f 1003/1102/1003 1004/1029/1004 973/1029/973
f 1023/1110/1023 1022/1111/1022 1021/1108/1021
f 1021/1108/1021 1020/1109/1020 1023/1110/1023
f 1015/1121/1015 1016/1122/1016 1014/1123/1014
f 1014/1123/1014 1013/1124/1013 1015/1121/1015
f 1016/1117/1016 1015/1118/1015 1017/1119/1017
f 1018/1120/1018 1016/1117/1016 1017/1119/1017
f 1021/1112/1021 1019/1113/1019 1020/1114/1020
f 1019/1104/1019 1021/1103/1021 1022/1106/1022
f 1019/1104/1019 1023/1107/1023 1020/1105/1020
f 1023/1115/1023 1019/1113/1019 1022/1116/1022
f 1017/1125/1017 1025/1127/1025 1018/1126/1018
f 1025/1127/1025 1017/1125/1017 1024/1128/1024
f 1036/1110/1036 1035/1111/1035 1034/1108/1034
f 1034/1108/1034 1033/1109/1033 1036/1110/1036
f 1028/1121/1028 1029/1122/1029 1027/1123/1027
f 1027/1123/1027 1026/1124/1026 1028/1121/1028
f 1029/1117/1029 1028/1118/1028 1030/1119/1030
f 1031/1120/1031 1029/1117/1029 1030/1119/1030
f 1034/1112/1034 1032/1113/1032 1033/1114/1033
f 1032/1104/1032 1034/1103/1034 1035/1106/1035
f 1032/1104/1032 1036/1107/1036 1033/1105/1033
f 1036/1115/1036 1032/1113/1032 1035/1116/1035
f 1030/1125/1030 1038/1127/1038 1031/1126/1031
f 1038/1127/1038 1030/1125/1030 1037/1128/1037
f 1049/1110/1049 1048/1111/1048 1047/1108/1047
f 1047/1108/1047 1046/1109/1046 1049/1110/1049
f 1041/1121/1041 1042/1122/1042 1040/1123/1040
f 1040/1123/1040 1039/1124/1039 1041/1121/1041
f 1042/1117/1042 1041/1118/1041 1043/1119/1043
f 1044/1120/1044 1042/1117/1042 1043/1119/1043
f 1047/1112/1047 1045/1113/1045 1046/1114/1046
f 1045/1104/1045 1047/1103/1047 1048/1106/1048
f 1045/1104/1045 1049/1107/1049 1046/1105/1046
f 1049/1115/1049 1045/1113/1045 1048/1116/1048
f 1043/1125/1043 1051/1127/1051 1044/1126/1044
f 1051/1127/1051 1043/1125/1043 1050/1128/1050
f 934/1016/934 1054/1131/1054 1055/1133/1055
f 934/1016/934 1052/1129/1052 1054/1131/1054
f 1055/1133/1055 1053/1130/1053 939/1018/939
f 1054/1134/1054 1052/1135/1052 1053/1136/1053
f 939/1014/939 940/1015/940 1055/1132/1055
f 1055/1137/1055 1054/1134/1054 1053/1136/1053
f 1070/1153/1070 1068/1154/1068 1069/1155/1069
f 1070/1147/1070 1069/1148/1069 1071/1146/1071
f 1066/1149/1066 1067/1150/1067 1065/1151/1065
f 1065/1151/1065 1064/1152/1064 1066/1149/1066
f 1092/1182/1092 1091/1181/1091 1095/1173/1095
f 1095/1173/1095 1096/1174/1096 1092/1182/1092
f 1094/1170/1094 1093/1180/1093 1097/1172/1097
f 1093/1180/1093 1094/1170/1094 1090/1179/1090
f 1102/863/1102 1104/864/1104 1100/865/1100
f 1100/865/1100 1098/866/1098 1102/863/1102
f 1104/867/1104 1105/868/1105 1101/869/1101
f 1101/869/1101 1100/870/1100 1104/867/1104
f 1098/871/1098 1099/872/1099 1103/873/1103
f 1103/873/1103 1102/874/1102 1098/871/1098
f 1108/1187/1108 1109/1188/1109 1107/1189/1107
f 1107/1189/1107 1106/1190/1106 1108/1187/1108
f 1112/1187/1112 1113/1188/1113 1111/1189/1111
f 1111/1189/1111 1110/1190/1110 1112/1187/1112
f 1116/1187/1116 1117/1188/1117 1115/1189/1115
f 1115/1189/1115 1114/1190/1114 1116/1187/1116
f 1120/1187/1120 1121/1188/1121 1119/1189/1119
f 1119/1189/1119 1118/1190/1118 1120/1187/1120
f 1124/1191/1124 1125/1192/1125 1123/1193/1123
f 1123/1193/1123 1122/1194/1122 1124/1191/1124
f 1127/1197/1127 1126/1198/1126 1128/1195/1128
f 1128/1195/1128 1129/1196/1129 1127/1197/1127
f 1132/1199/1132 1133/1200/1133 1131/1201/1131
f 1131/1201/1131 1130/1202/1130 1132/1199/1132
f 1133/1203/1133 1132/1204/1132 1134/1205/1134
f 1135/1206/1135 1133/1203/1133 1134/1205/1134
f 1134/1207/1134 1137/1208/1137 1135/1209/1135
f 1137/1208/1137 1134/1207/1134 1136/1210/1136
f 1146/1226/1146 1149/1224/1149 1145/1227/1145
f 1149/1224/1149 1146/1226/1146 1150/1223/1150
f 1148/1222/1148 1151/1225/1151 1147/1228/1147
f 1147/1228/1147 1144/1229/1144 1148/1222/1148
f 1154/1234/1154 1179/1267/1179 1153/1236/1153
f 1146/1237/1146 1179/1267/1179 1178/1266/1178
f 1180/1269/1180 1181/1271/1181 1155/1240/1155
f 1155/1240/1155 1152/1241/1152 1180/1269/1180
f 1137/1246/1137 1136/1247/1136 1156/1248/1156
f 1157/1249/1157 1137/1246/1137 1156/1248/1156
f 1160/1250/1160 1161/1251/1161 1159/1252/1159
f 1159/1252/1159 1158/1253/1158 1160/1250/1160
f 1176/1264/1176 1177/1265/1177 1175/1262/1175
f 1175/1262/1175 1174/1263/1174 1176/1264/1176
f 1164/1254/1164 1165/1255/1165 1163/1256/1163
f 1163/1256/1163 1162/1257/1162 1164/1254/1164
f 1168/1254/1168 1169/1255/1169 1167/1256/1167
f 1167/1256/1167 1166/1257/1166 1168/1254/1168
f 1172/1258/1172 1173/1259/1173 1171/1260/1171
f 1171/1260/1171 1170/1261/1170 1172/1258/1172
f 1145/1235/1145 1179/1267/1179 1146/1237/1146
f 1154/1234/1154 1178/1266/1178 1179/1267/1179
f 1181/1271/1181 1180/1269/1180 1144/1238/1144
f 1144/1238/1144 1147/1239/1147 1181/1271/1181
f 1185/863/1185 1187/864/1187 1184/865/1184
f 1184/865/1184 1182/866/1182 1185/863/1185
f 1182/871/1182 1183/872/1183 1186/873/1186
f 1186/873/1186 1185/874/1185 1182/871/1182
f 1190/1272/1190 1192/1282/1192 1193/1283/1193
f 1153/1273/1153 1192/1282/1192 1154/1275/1154
f 1152/1276/1152 1155/1277/1155 1195/1287/1195
f 1195/1287/1195 1194/1285/1194 1152/1276/1152
f 1153/1273/1153 1193/1283/1193 1192/1282/1192
f 1190/1272/1190 1193/1283/1193 1189/1274/1189
f 1191/1278/1191 1188/1279/1188 1194/1285/1194
f 1194/1285/1194 1195/1287/1195 1191/1278/1191
f 1156/1288/1156 1197/1289/1197 1157/1290/1157
f 1197/1289/1197 1156/1288/1156 1196/1291/1196
f 1199/1292/1199 1201/1293/1201 1198/1294/1198
f 1199/1292/1199 1200/1295/1200 1201/1293/1201
f 1203/1296/1203 1199/1297/1199 1198/1298/1198
f 1203/1296/1203 1198/1298/1198 1202/1299/1202
f 1205/1300/1205 1207/1301/1207 1204/1302/1204
f 1205/1300/1205 1206/1303/1206 1207/1301/1207
f 1209/1304/1209 1205/1305/1205 1204/1306/1204
f 1209/1304/1209 1204/1306/1204 1208/1307/1208
f 1211/1320/1211 1213/1321/1213 1210/1322/1210
f 1211/1320/1211 1212/1323/1212 1213/1321/1213
f 1215/1308/1215 1211/1309/1211 1210/1310/1210
f 1215/1308/1215 1210/1310/1210 1214/1311/1214
f 1217/1324/1217 1219/1325/1219 1216/1326/1216
f 1217/1324/1217 1218/1327/1218 1219/1325/1219
f 1221/1312/1221 1217/1313/1217 1216/1314/1216
f 1221/1312/1221 1216/1314/1216 1220/1315/1220
f 1223/1328/1223 1225/1329/1225 1222/1330/1222
f 1223/1328/1223 1224/1331/1224 1225/1329/1225
f 1227/1316/1227 1223/1317/1223 1222/1318/1222
f 1227/1316/1227 1222/1318/1222 1226/1319/1226
f 1232/1483/1232 1233/1484/1233 1230/1485/1230
f 1230/1485/1230 1228/1486/1228 1232/1483/1232
f 1262/1507/1262 1230/1508/1230 1233/1509/1233
f 1230/1508/1230 1262/1507/1262 1231/1510/1231
f 1312/1404/1312 1311/1395/1311 1310/1396/1310
f 1261/1511/1261 1232/1512/1232 1228/1513/1228
f 1238/1334/1238 1237/1335/1237 1236/1336/1236
f 1236/1336/1236 1235/1337/1235 1238/1334/1238
f 1236/1338/1236 1234/1339/1234 1235/1340/1235
f 1234/1341/1234 1236/1342/1236 1269/1360/1269
f 1269/1360/1269 1236/1342/1236 1237/1343/1237
f 1238/1344/1238 1269/1339/1269 1237/1345/1237
f 1242/1487/1242 1244/1488/1244 1241/1489/1241
f 1241/1489/1241 1239/1490/1239 1242/1487/1242
f 1243/1514/1243 1242/1515/1242 1239/1516/1239
f 1239/1516/1239 1240/1517/1240 1243/1514/1243
f 1247/1333/1247 1246/1347/1246 1248/1332/1248
f 1246/1347/1246 1247/1333/1247 1245/1346/1245
f 1229/1518/1229 1261/1511/1261 1228/1513/1228
f 1314/1401/1314 1310/1396/1310 1315/1403/1315
f 1229/1518/1229 1263/1519/1263 1261/1511/1261
f 1265/1520/1265 1261/1511/1261 1263/1519/1263
f 1264/1521/1264 1262/1507/1262 1266/1522/1266
f 1262/1507/1262 1264/1521/1264 1231/1510/1231
f 1261/1491/1261 1265/1492/1265 1268/1493/1268
f 1268/1493/1268 1267/1494/1267 1261/1491/1261
f 1274/1523/1274 1280/1524/1280 1276/1525/1276
f 1280/1524/1280 1274/1523/1274 1278/1526/1278
f 1275/1527/1275 1277/1528/1277 1282/1529/1282
f 1282/1529/1282 1279/1530/1279 1275/1527/1275
f 1276/1495/1276 1280/1496/1280 1282/1497/1282
f 1282/1497/1282 1281/1498/1281 1276/1495/1276
f 1291/1369/1291 1290/1370/1290 1289/1371/1289
f 1289/1371/1289 1288/1372/1288 1291/1369/1291
f 1288/1375/1288 1287/1374/1287 1292/1382/1292
f 1287/1376/1287 1289/1377/1289 1290/1378/1290
f 1291/1379/1291 1287/1374/1287 1290/1380/1290
f 1291/1379/1291 1292/1381/1292 1287/1374/1287
f 1289/1373/1289 1287/1374/1287 1288/1375/1288
f 1297/1531/1297 1299/1532/1299 1303/1533/1303
f 1303/1533/1303 1301/1534/1301 1297/1531/1297
f 1298/1535/1298 1305/1536/1305 1300/1537/1300
f 1305/1536/1305 1298/1535/1298 1302/1538/1302
f 1299/1499/1299 1305/1500/1305 1303/1501/1303
f 1305/1500/1305 1299/1499/1299 1304/1502/1304
f 1314/1391/1314 1312/1393/1312 1313/1392/1313
f 1312/1393/1312 1314/1391/1314 1311/1394/1311
f 1311/1395/1311 1315/1397/1315 1310/1396/1310
f 1310/1398/1310 1313/1400/1313 1312/1399/1312
f 1314/1401/1314 1313/1402/1313 1310/1396/1310
f 1324/1409/1324 1323/1410/1323 1322/1411/1322
f 1322/1411/1322 1321/1412/1321 1324/1409/1324
f 1324/1418/1324 1325/1413/1325 1323/1419/1323
f 1320/1414/1320 1322/1415/1322 1325/1416/1325
f 1325/1416/1325 1322/1415/1322 1323/1417/1323
f 1337/1503/1337 1336/1504/1336 1339/1505/1339
f 1336/1504/1336 1337/1503/1337 1334/1506/1334
f 1338/1539/1338 1334/1540/1334 1337/1541/1337
f 1334/1540/1334 1338/1539/1338 1335/1542/1335
f 1344/1436/1344 1342/1438/1342 1343/1437/1343
f 1342/1438/1342 1344/1436/1344 1341/1439/1341
f 1344/1440/1344 1343/1442/1343 1345/1441/1345
f 1340/1443/1340 1345/1445/1345 1342/1444/1342
f 1345/1445/1345 1343/1446/1343 1342/1444/1342
f 1354/1447/1354 1360/1448/1360 1356/1449/1356
f 1360/1448/1360 1354/1447/1354 1358/1450/1358
f 1355/1451/1355 1357/1452/1357 1362/1453/1362
f 1362/1453/1362 1359/1454/1359 1355/1451/1355
f 1356/1455/1356 1360/1456/1360 1362/1457/1362
f 1362/1457/1362 1361/1458/1361 1356/1455/1356
f 1363/1459/1363 1369/1460/1369 1365/1461/1365
f 1369/1460/1369 1363/1459/1363 1367/1462/1367
f 1364/1463/1364 1366/1464/1366 1371/1465/1371
f 1371/1465/1371 1368/1466/1368 1364/1463/1364
f 1365/1467/1365 1369/1468/1369 1371/1469/1371
f 1371/1469/1371 1370/1470/1370 1365/1467/1365
f 1372/1471/1372 1378/1472/1378 1374/1473/1374
f 1378/1472/1378 1372/1471/1372 1376/1474/1376
f 1373/1475/1373 1375/1476/1375 1380/1477/1380
f 1380/1477/1380 1377/1478/1377 1373/1475/1373
f 1374/1479/1374 1378/1480/1378 1380/1481/1380
f 1380/1481/1380 1379/1482/1379 1374/1479/1374
f 1385/1547/1385 1384/1548/1384 1383/1549/1383
f 1383/1549/1383 1382/1550/1382 1385/1547/1385
f 1383/1551/1383 1381/1552/1381 1382/1553/1382
f 1381/1554/1381 1383/1555/1383 1386/1556/1386
f 1386/1556/1386 1383/1555/1383 1384/1557/1384
f 1385/1558/1385 1386/1552/1386 1384/1559/1384
f 1387/1560/1387 1393/1561/1393 1389/1562/1389
f 1393/1561/1393 1387/1560/1387 1391/1563/1391
f 1388/1564/1388 1390/1565/1390 1394/1566/1394
f 1394/1566/1394 1392/1567/1392 1388/1564/1388
f 1389/1568/1389 1393/1569/1393 1394/1570/1394
f 1394/1570/1394 1390/1571/1390 1389/1568/1389
f 1403/1572/1403 1402/1573/1402 1401/1574/1401
f 1401/1574/1401 1400/1575/1400 1403/1572/1403
f 1400/1576/1400 1399/1577/1399 1404/1578/1404
f 1399/1579/1399 1401/1580/1401 1402/1581/1402
f 1403/1582/1403 1399/1577/1399 1402/1583/1402
f 1403/1582/1403 1404/1584/1404 1399/1577/1399
f 1401/1585/1401 1399/1577/1399 1400/1576/1400
f 1405/1586/1405 1411/1587/1411 1407/1588/1407
f 1411/1587/1411 1405/1586/1405 1409/1589/1409
f 1406/1590/1406 1408/1591/1408 1412/1592/1412
f 1412/1592/1412 1410/1593/1410 1406/1590/1406
f 1407/1594/1407 1411/1595/1411 1412/1596/1412
f 1412/1596/1412 1408/1597/1408 1407/1594/1407
f 1413/1598/1413 1419/1599/1419 1415/1600/1415
f 1419/1599/1419 1413/1598/1413 1417/1601/1417
f 1414/1602/1414 1416/1603/1416 1420/1604/1420
f 1420/1604/1420 1418/1605/1418 1414/1602/1414
f 1415/1606/1415 1419/1607/1419 1471/1669/1471
f 1471/1669/1471 1472/1670/1472 1415/1606/1415
f 1421/1610/1421 1427/1611/1427 1423/1612/1423
f 1427/1611/1427 1421/1610/1421 1425/1613/1425
f 1422/1614/1422 1424/1615/1424 1428/1616/1428
f 1428/1616/1428 1426/1617/1426 1422/1614/1422
f 1423/1618/1423 1427/1619/1427 1428/1620/1428
f 1428/1620/1428 1424/1621/1424 1423/1618/1423
f 1433/1622/1433 1432/1623/1432 1431/1624/1431
f 1431/1624/1431 1430/1625/1430 1433/1622/1433
f 1433/1631/1433 1434/1626/1434 1432/1632/1432
f 1429/1627/1429 1431/1628/1431 1434/1629/1434
f 1434/1629/1434 1431/1628/1431 1432/1630/1432
f 1474/1670/1474 1473/1669/1473 1420/1608/1420
f 1420/1608/1420 1416/1609/1416 1474/1670/1474
f 2841/2865/2841 2839/2867/2839 2842/2870/2842
f 2841/2865/2841 2842/2870/2842 2843/2864/2843
f 2792/2637/2792 2796/2643/2796 2801/2718/2801
f 2792/2637/2792 2791/2639/2791 2796/2643/2796
f 2844/2866/2844 2838/2869/2838 2841/2865/2841
f 2846/2856/2846 2847/2858/2847 2848/2857/2848
f 2794/2638/2794 2801/2718/2801 2796/2643/2796
f 2710/2878/2710 2709/2880/2709 2711/2879/2711
f 2707/2875/2707 2706/2877/2706 2708/2876/2708
f 2703/2871/2703 2702/2874/2702 2704/2873/2704
f 2703/2871/2703 2704/2873/2704 2705/2872/2705
f 2796/2643/2796 2791/2639/2791 2793/2642/2793
f 2786/2812/2786 2787/2816/2787 2789/2820/2789
f 2802/2719/2802 2803/2720/2803 2804/2721/2804
f 2696/2864/2696 2697/2866/2697 2694/2865/2694
f 2835/2719/2835 2836/2720/2836 2837/2721/2837
f 2801/2718/2801 2795/2640/2795 2792/2637/2792
f 2757/2944/2757 2751/2947/2751 2754/2943/2754
f 2752/2945/2752 2754/2943/2754 2753/2946/2753
f 2739/2915/2739 2733/2918/2733 2736/2914/2736
f 2794/2638/2794 2804/2721/2804 2801/2718/2801
f 2804/2721/2804 2794/2638/2794 2802/2719/2802
f 2756/2942/2756 2757/2944/2757 2754/2943/2754
f 2820/2816/2820 2819/2812/2819 2823/2817/2823
f 2745/2934/2745 2744/2937/2744 2746/2936/2746
f 2749/2923/2749 2748/2925/2748 2750/2924/2750
f 2741/2926/2741 2742/2928/2742 2743/2927/2743
f 2736/2914/2736 2737/2919/2737 2738/2913/2738
f 2699/2856/2699 2698/2859/2698 2700/2858/2700
f 2699/2856/2699 2700/2858/2700 2701/2857/2701
f 2782/2865/2782 2780/2867/2780 2783/2870/2783
f 2829/2643/2829 2824/2639/2824 2826/2642/2826
f 2819/2812/2819 2822/2814/2822 2821/2813/2821
f 2827/2638/2827 2834/2718/2834 2829/2643/2829
f 2728/2900/2728 2727/2902/2727 2729/2901/2729
f 2825/2637/2825 2824/2639/2824 2829/2643/2829
f 2825/2637/2825 2829/2643/2829 2834/2718/2834
f 2720/2888/2720 2721/2890/2721 2722/2889/2722
f 2720/2888/2720 2719/2891/2719 2721/2890/2721
f 2734/2916/2734 2736/2914/2736 2735/2917/2735
f 2738/2913/2738 2739/2915/2739 2736/2914/2736
f 2785/2866/2785 2779/2869/2779 2782/2865/2782
f 2782/2865/2782 2783/2870/2783 2784/2864/2784
f 2672/2812/2672 2673/2816/2673 2675/2820/2675
f 2780/2867/2780 2782/2865/2782 2781/2868/2781
f 2784/2864/2784 2785/2866/2785 2782/2865/2782
f 2811/2866/2811 2805/2869/2805 2808/2865/2808
f 2813/2856/2813 2814/2858/2814 2815/2857/2815
f 2813/2856/2813 2812/2859/2812 2814/2858/2814
f 2810/2864/2810 2811/2866/2811 2808/2865/2808
f 2808/2865/2808 2809/2870/2809 2810/2864/2810
f 2808/2865/2808 2806/2867/2806 2809/2870/2809
f 2817/2906/2817 2816/2908/2816 2818/2907/2818
f 2763/2957/2763 2762/2960/2762 2764/2959/2764
f 2724/2896/2724 2725/2898/2725 2726/2897/2726
f 2697/2866/2697 2691/2869/2691 2694/2865/2694
f 2682/2643/2682 2677/2639/2677 2679/2642/2679
f 2806/2867/2806 2808/2865/2808 2807/2868/2807
f 2694/2865/2694 2695/2870/2695 2696/2864/2696
f 2680/2638/2680 2687/2718/2687 2682/2643/2682
f 2694/2865/2694 2692/2867/2692 2695/2870/2695
f 2736/2914/2736 2734/2916/2734 2737/2919/2737
f 2673/2816/2673 2672/2812/2672 2676/2817/2676
f 2819/2812/2819 2820/2816/2820 2822/2820/2822
f 2834/2718/2834 2828/2640/2828 2825/2637/2825
f 2827/2638/2827 2837/2721/2837 2834/2718/2834
f 2837/2721/2837 2827/2638/2827 2835/2719/2835
f 2843/2864/2843 2844/2866/2844 2841/2865/2841
f 2763/2957/2763 2764/2959/2764 2765/2958/2765
f 2688/2719/2688 2689/2720/2689 2690/2721/2690
f 2731/2903/2731 2730/2905/2730 2732/2904/2732
f 2759/2949/2759 2758/2952/2758 2760/2951/2760
f 2759/2949/2759 2760/2951/2760 2761/2950/2761
f 2715/2882/2715 2713/2884/2713 2716/2887/2716
f 1481/1671/1481 1484/1672/1484 1482/1673/1482
f 1484/1672/1484 1481/1671/1481 1483/1674/1483
f 1490/1689/1490 1497/1703/1497 1476/1691/1476
f 1490/1687/1490 1475/1676/1475 1496/1701/1496
f 1489/1686/1489 1477/1679/1477 1481/1679/1481
f 1489/1690/1489 1482/1692/1482 1478/1693/1478
f 1477/1679/1477 1479/1680/1479 1483/1680/1483
f 1483/1680/1483 1481/1679/1481 1477/1679/1477
f 1480/1694/1480 1478/1693/1478 1482/1692/1482
f 1482/1692/1482 1484/1695/1484 1480/1694/1480
f 1479/1680/1479 1491/1688/1491 1484/1681/1484
f 1484/1681/1484 1483/1680/1483 1479/1680/1479
f 1489/1690/1489 1478/1693/1478 1498/1704/1498
f 1482/1678/1482 1489/1686/1489 1481/1679/1481
f 1489/1675/1489 1497/1702/1497 1477/1677/1477
f 1491/1696/1491 1480/1694/1480 1484/1695/1484
f 1490/1687/1490 1496/1701/1496 1497/1702/1497
f 1497/1702/1497 1496/1701/1496 1477/1677/1477
f 1497/1703/1497 1498/1704/1498 1476/1691/1476
f 1489/1690/1489 1498/1704/1498 1497/1703/1497
f 1511/1713/1511 1513/1714/1513 1509/1715/1509
f 1509/1715/1509 1507/1716/1507 1511/1713/1511
f 1513/1717/1513 1514/1718/1514 1510/1719/1510
f 1510/1719/1510 1509/1720/1509 1513/1717/1513
f 1507/1721/1507 1508/1722/1508 1512/1723/1512
f 1512/1723/1512 1511/1724/1511 1507/1721/1507
f 1519/1725/1519 1521/1726/1521 1517/1727/1517
f 1517/1727/1517 1515/1728/1515 1519/1725/1519
f 1521/1729/1521 1522/1730/1522 1518/1731/1518
f 1518/1731/1518 1517/1732/1517 1521/1729/1521
f 1515/1733/1515 1516/1734/1516 1520/1735/1520
f 1520/1735/1520 1519/1736/1519 1515/1733/1515
f 1527/1737/1527 1529/1738/1529 1525/1739/1525
f 1525/1739/1525 1523/1740/1523 1527/1737/1527
f 1529/1741/1529 1530/1742/1530 1526/1743/1526
f 1526/1743/1526 1525/1744/1525 1529/1741/1529
f 1523/1745/1523 1524/1746/1524 1528/1747/1528
f 1528/1747/1528 1527/1748/1527 1523/1745/1523
f 1553/1759/1553 1551/1760/1551 1555/1761/1555
f 1551/1760/1551 1553/1759/1553 1549/1762/1549
f 1550/1767/1550 1549/1768/1549 1553/1769/1553
f 1555/1765/1555 1552/1763/1552 1556/1764/1556
f 1552/1763/1552 1555/1765/1555 1551/1766/1551
f 1553/1769/1553 1554/1770/1554 1550/1767/1550
f 1568/1785/1568 1566/1786/1566 1570/1787/1570
f 1566/1786/1566 1568/1785/1568 1564/1788/1564
f 1565/1789/1565 1564/1790/1564 1568/1791/1568
f 1570/1792/1570 1567/1793/1567 1571/1794/1571
f 1567/1793/1567 1570/1792/1570 1566/1795/1566
f 1568/1791/1568 1569/1796/1569 1565/1789/1565
f 1571/1797/1571 1569/1798/1569 1570/1799/1570
f 1568/1800/1568 1570/1799/1570 1569/1798/1569
f 1576/1801/1576 1574/1802/1574 1578/1803/1578
f 1574/1802/1574 1576/1801/1576 1572/1804/1572
f 1573/1805/1573 1572/1806/1572 1576/1807/1576
f 1578/1808/1578 1575/1809/1575 1579/1810/1579
f 1575/1809/1575 1578/1808/1578 1574/1811/1574
f 1576/1807/1576 1577/1812/1577 1573/1805/1573
f 1579/1813/1579 1577/1814/1577 1578/1815/1578
f 1576/1816/1576 1578/1815/1578 1577/1814/1577
f 1582/1817/1582 1581/1818/1581 1583/1819/1583
f 1581/1818/1581 1582/1817/1582 1580/1820/1580
f 1665/1954/1665 1667/1953/1667 1666/1952/1666
f 1668/1951/1668 1666/1952/1666 1667/1953/1667
f 1665/1945/1665 1666/1950/1666 1662/1943/1662
f 1664/1947/1664 1667/1946/1667 1663/1949/1663
f 1667/1946/1667 1664/1947/1664 1668/1948/1668
f 1662/1943/1662 1661/1944/1661 1665/1945/1665
f 1663/1940/1663 1665/1939/1665 1661/1942/1661
f 1665/1939/1665 1663/1940/1663 1667/1941/1667
f 1657/1938/1657 1659/1937/1659 1658/1936/1658
f 1660/1935/1660 1658/1936/1658 1659/1937/1659
f 1657/1929/1657 1658/1934/1658 1654/1927/1654
f 1656/1931/1656 1659/1930/1659 1655/1933/1655
f 1659/1930/1659 1656/1931/1656 1660/1932/1660
f 1654/1927/1654 1653/1928/1653 1657/1929/1657
f 1670/1956/1670 1671/1955/1671 1669/1958/1669
f 1671/1955/1671 1670/1956/1670 1672/1957/1672
f 1655/1924/1655 1657/1923/1657 1653/1926/1653
f 1657/1923/1657 1655/1924/1655 1659/1925/1659
f 1643/1917/1643 1644/1922/1644 1640/1915/1640
f 1642/1919/1642 1645/1918/1645 1641/1921/1641
f 1645/1918/1645 1642/1919/1642 1646/1920/1646
f 1640/1915/1640 1639/1916/1639 1643/1917/1643
f 1641/1912/1641 1643/1911/1643 1639/1914/1639
f 1643/1911/1643 1641/1912/1641 1645/1913/1645
f 1682/1960/1682 1683/1959/1683 1681/1962/1681
f 1683/1959/1683 1682/1960/1682 1684/1961/1684
f 1586/1829/1586 1585/1830/1585 1587/1831/1587
f 1585/1830/1585 1586/1829/1586 1584/1832/1584
f 1608/1841/1608 1606/1842/1606 1610/1843/1610
f 1606/1842/1606 1608/1841/1608 1604/1844/1604
f 1605/1845/1605 1604/1846/1604 1608/1847/1608
f 1610/1848/1610 1607/1849/1607 1611/1850/1611
f 1607/1849/1607 1610/1848/1610 1606/1851/1606
f 1608/1847/1608 1609/1852/1609 1605/1845/1605
f 1623/1853/1623 1625/1855/1625 1621/1854/1621
f 1621/1854/1621 1619/1856/1619 1623/1853/1623
f 1620/1857/1620 1623/1859/1623 1619/1858/1619
f 1625/1860/1625 1626/1862/1626 1622/1861/1622
f 1622/1861/1622 1621/1863/1621 1625/1860/1625
f 1623/1859/1623 1620/1857/1620 1624/1864/1624
f 1626/1865/1626 1625/1867/1625 1624/1866/1624
f 1623/1868/1623 1624/1866/1624 1625/1867/1625
f 1631/1869/1631 1633/1871/1633 1629/1870/1629
f 1629/1870/1629 1627/1872/1627 1631/1869/1631
f 1628/1873/1628 1631/1875/1631 1627/1874/1627
f 1633/1876/1633 1634/1878/1634 1630/1877/1630
f 1630/1877/1630 1629/1879/1629 1633/1876/1633
f 1631/1875/1631 1628/1873/1628 1632/1880/1632
f 1634/1881/1634 1633/1883/1633 1632/1882/1632
f 1631/1884/1631 1632/1882/1632 1633/1883/1633
f 1636/1886/1636 1635/1888/1635 1637/1885/1637
f 1637/1885/1637 1638/1887/1638 1636/1886/1636
f 1692/1991/1692 1691/1992/1691 1693/1993/1693
f 1695/1994/1695 1694/1995/1694 1696/1996/1696
f 1712/2012/1712 1709/2011/1709 1711/2011/1711
f 1707/2016/1707 1708/2006/1708 1706/2005/1706
f 1709/2011/1709 1712/2012/1712 1710/2012/1710
f 1706/2013/1706 1705/2014/1705 1707/2015/1707
f 1714/2017/1714 1707/2008/1707 1709/2009/1709
f 1707/2008/1707 1719/2022/1719 1708/2007/1708
f 1709/2009/1709 1710/2010/1710 1714/2017/1714
f 1719/2046/1719 1739/2047/1739 1713/2048/1713
f 1719/2046/1719 1713/2048/1713 1720/2049/1720
f 1707/2008/1707 1739/2045/1739 1719/2022/1719
f 1727/2029/1727 1728/2042/1728 1738/2043/1738
f 1724/2030/1724 1723/2031/1723 1737/2041/1737
f 1723/2025/1723 1724/2026/1724 1726/2028/1726
f 1726/2028/1726 1725/2027/1725 1723/2025/1723
f 1738/2043/1738 1737/2044/1737 1727/2029/1727
f 1737/2041/1737 1738/2040/1738 1724/2030/1724
f 1707/2008/1707 1714/2017/1714 1739/2045/1739
f 1743/2050/1743 1740/2051/1740 1742/2051/1742
f 1740/2051/1740 1743/2050/1743 1741/2050/1741
f 1740/2052/1740 1741/2053/1741 1745/2053/1745
f 1745/2053/1745 1744/2052/1744 1740/2052/1740
f 1713/2064/1713 1739/2065/1739 1758/2066/1758
f 1758/2066/1758 1754/2067/1754 1713/2064/1713
f 1714/2068/1714 1758/2066/1758 1739/2065/1739
f 1758/2066/1758 1714/2068/1714 1755/2069/1755
f 1719/2062/1719 1720/2063/1720 1757/2063/1757
f 1757/2063/1757 1756/2062/1756 1719/2062/1719
f 1771/2078/1771 1773/2079/1773 1769/2080/1769
f 1769/2080/1769 1767/2081/1767 1771/2078/1771
f 1773/2082/1773 1774/2083/1774 1770/2084/1770
f 1770/2084/1770 1769/2085/1769 1773/2082/1773
f 1767/2086/1767 1768/2087/1768 1772/2088/1772
f 1772/2088/1772 1771/2089/1771 1767/2086/1767
f 1779/2090/1779 1781/2091/1781 1777/2092/1777
f 1777/2092/1777 1775/2093/1775 1779/2090/1779
f 1781/2094/1781 1782/2095/1782 1778/2096/1778
f 1778/2096/1778 1777/2097/1777 1781/2094/1781
f 1775/2098/1775 1776/2099/1776 1780/2100/1780
f 1780/2100/1780 1779/2101/1779 1775/2098/1775
f 1795/2114/1795 1797/2115/1797 1793/2116/1793
f 1793/2116/1793 1791/2117/1791 1795/2114/1795
f 1797/2118/1797 1798/2119/1798 1794/2120/1794
f 1794/2120/1794 1793/2121/1793 1797/2118/1797
f 1791/2122/1791 1792/2123/1792 1796/2124/1796
f 1796/2124/1796 1795/2125/1795 1791/2122/1791
f 1803/2126/1803 1805/2127/1805 1801/2128/1801
f 1801/2128/1801 1799/2129/1799 1803/2126/1803
f 1805/2130/1805 1806/2131/1806 1802/2132/1802
f 1802/2132/1802 1801/2133/1801 1805/2130/1805
f 1799/2134/1799 1800/2135/1800 1804/2136/1804
f 1804/2136/1804 1803/2137/1803 1799/2134/1799
f 1798/2138/1798 1796/2139/1796 1792/2140/1792
f 1792/2140/1792 1794/2141/1794 1798/2138/1798
f 2715/2882/2715 2716/2887/2716 2717/2881/2717
f 2718/2883/2718 2712/2886/2712 2715/2882/2715
f 2713/2884/2713 2715/2882/2715 2714/2885/2714
f 2717/2881/2717 2718/2883/2718 2715/2882/2715
f 2754/2943/2754 2755/2948/2755 2756/2942/2756
f 2754/2943/2754 2752/2945/2752 2755/2948/2755
f 2690/2721/2690 2680/2638/2680 2688/2719/2688
f 2680/2638/2680 2690/2721/2690 2687/2718/2687
f 2687/2718/2687 2681/2640/2681 2678/2637/2678
f 2767/2961/2767 2766/2963/2766 2768/2962/2768
f 2692/2867/2692 2694/2865/2694 2693/2868/2693
f 2678/2637/2678 2682/2643/2682 2687/2718/2687
f 2672/2812/2672 2675/2814/2675 2674/2813/2674
f 2839/2867/2839 2841/2865/2841 2840/2868/2840
f 2846/2856/2846 2845/2859/2845 2847/2858/2847
f 2724/2896/2724 2723/2899/2723 2725/2898/2725
f 1810/2149/1810 1819/2158/1819 1809/2148/1809
f 1819/2158/1819 1808/2147/1808 1809/2148/1809
f 1819/2158/1819 1818/2157/1818 1808/2147/1808
f 1818/2157/1818 1817/2156/1817 1808/2147/1808
f 1810/2149/1810 1820/2159/1820 1819/2158/1819
f 1814/2153/1814 1811/2150/1811 1812/2151/1812
f 1815/2154/1815 1814/2153/1814 1812/2151/1812
f 1813/2152/1813 1815/2154/1815 1812/2151/1812
f 1816/2155/1816 1815/2154/1815 1813/2152/1813
f 1807/2146/1807 1816/2155/1816 1813/2152/1813
f 1817/2156/1817 1816/2155/1816 1807/2146/1807
f 1808/2147/1808 1817/2156/1817 1807/2146/1807
f 1824/2167/1824 1823/2168/1823 1822/2169/1822
f 1822/2169/1822 1823/2168/1823 1821/2170/1821
f 1832/2175/1832 1841/2176/1841 1831/2177/1831
f 1841/2176/1841 1830/2178/1830 1831/2177/1831
f 1841/2176/1841 1840/2179/1840 1830/2178/1830
f 1840/2179/1840 1839/2180/1839 1830/2178/1830
f 1832/2175/1832 1842/2181/1842 1841/2176/1841
f 1836/2182/1836 1833/2183/1833 1834/2184/1834
f 1837/2185/1837 1836/2182/1836 1834/2184/1834
f 1835/2186/1835 1837/2185/1837 1834/2184/1834
f 1838/2187/1838 1837/2185/1837 1835/2186/1835
f 1829/2188/1829 1838/2187/1838 1835/2186/1835
f 1839/2180/1839 1838/2187/1838 1829/2188/1829
f 1830/2178/1830 1839/2180/1839 1829/2188/1829
f 1845/2170/1845 1846/2168/1846 1844/2197/1844
f 1844/2197/1844 1843/2196/1843 1845/2170/1845
f 1853/2203/1853 1855/2202/1855 1851/2200/1851
f 1851/2200/1851 1849/2201/1849 1853/2203/1853
f 1853/2208/1853 1854/2209/1854 1856/2211/1856
f 1856/2211/1856 1855/2210/1855 1853/2208/1853
f 1849/2204/1849 1850/2205/1850 1854/2207/1854
f 1854/2207/1854 1853/2206/1853 1849/2204/1849
f 1855/2207/1855 1856/2206/1856 1852/2204/1852
f 1852/2204/1852 1851/2205/1851 1855/2207/1855
f 1881/2248/1881 1882/2249/1882 1859/2214/1859
f 1859/2214/1859 1857/2215/1857 1881/2248/1881
f 1861/2216/1861 1862/2217/1862 1864/2218/1864
f 1864/2218/1864 1863/2219/1863 1861/2216/1861
f 1861/2223/1861 1858/2221/1858 1862/2222/1862
f 1858/2221/1858 1881/2245/1881 1857/2220/1857
f 1863/2222/1863 1864/2223/1864 1860/2220/1860
f 1860/2220/1860 1859/2221/1859 1882/2247/1882
f 1869/2224/1869 1871/2225/1871 1867/2226/1867
f 1867/2226/1867 1865/2227/1865 1869/2224/1869
f 1869/2228/1869 1870/2229/1870 1872/2230/1872
f 1872/2230/1872 1871/2231/1871 1869/2228/1869
f 1865/2232/1865 1866/2233/1866 1870/2234/1870
f 1870/2234/1870 1869/2235/1869 1865/2232/1865
f 1871/2234/1871 1872/2235/1872 1868/2232/1868
f 1868/2232/1868 1867/2233/1867 1871/2234/1871
f 1876/2236/1876 1875/2237/1875 1874/2238/1874
f 1874/2238/1874 1875/2237/1875 1873/2239/1873
f 1879/2240/1879 1880/2241/1880 1878/2242/1878
f 1878/2242/1878 1877/2243/1877 1879/2240/1879
f 1882/2246/1882 1881/2244/1881 1861/2212/1861
f 1858/2221/1858 1861/2223/1861 1881/2245/1881
f 1861/2212/1861 1863/2213/1863 1882/2246/1882
f 1860/2220/1860 1882/2247/1882 1863/2222/1863
f 1887/2250/1887 1889/2251/1889 1885/2252/1885
f 1885/2252/1885 1883/2253/1883 1887/2250/1887
f 1887/2254/1887 1888/2255/1888 1890/2256/1890
f 1890/2256/1890 1889/2257/1889 1887/2254/1887
f 1883/2258/1883 1884/2259/1884 1888/2260/1888
f 1888/2260/1888 1887/2261/1887 1883/2258/1883
f 1889/2260/1889 1890/2261/1890 1886/2258/1886
f 1886/2258/1886 1885/2259/1885 1889/2260/1889
f 1907/2262/1907 1908/2263/1908 1893/2264/1893
f 1893/2264/1893 1891/2265/1891 1907/2262/1907
f 1895/2266/1895 1896/2267/1896 1898/2268/1898
f 1898/2268/1898 1897/2269/1897 1895/2266/1895
f 1895/2270/1895 1892/2271/1892 1896/2272/1896
f 1892/2271/1892 1907/2273/1907 1891/2274/1891
f 1897/2272/1897 1898/2270/1898 1894/2274/1894
f 1894/2274/1894 1893/2271/1893 1908/2275/1908
f 1903/2276/1903 1905/2277/1905 1901/2278/1901
f 1901/2278/1901 1899/2279/1899 1903/2276/1903
f 1903/2280/1903 1904/2281/1904 1906/2282/1906
f 1906/2282/1906 1905/2283/1905 1903/2280/1903
f 1899/2284/1899 1900/2285/1900 1904/2286/1904
f 1904/2286/1904 1903/2287/1903 1899/2284/1899
f 1905/2286/1905 1906/2287/1906 1902/2284/1902
f 1902/2284/1902 1901/2285/1901 1905/2286/1905
f 1908/2288/1908 1907/2289/1907 1895/2290/1895
f 1892/2271/1892 1895/2270/1895 1907/2273/1907
f 1895/2290/1895 1897/2291/1897 1908/2288/1908
f 1894/2274/1894 1908/2275/1908 1897/2272/1897
f 1913/2292/1913 1915/2293/1915 1911/2294/1911
f 1911/2294/1911 1909/2295/1909 1913/2292/1913
f 1913/2296/1913 1914/2297/1914 1916/2298/1916
f 1916/2298/1916 1915/2299/1915 1913/2296/1913
f 1909/2300/1909 1910/2301/1910 1914/2302/1914
f 1914/2302/1914 1913/2303/1913 1909/2300/1909
f 1915/2302/1915 1916/2303/1916 1912/2300/1912
f 1912/2300/1912 1911/2301/1911 1915/2302/1915
f 1921/2304/1921 1923/2305/1923 1919/2306/1919
f 1919/2306/1919 1917/2307/1917 1921/2304/1921
f 1920/2308/1920 1919/2309/1919 1923/2310/1923
f 1923/2310/1923 1924/2311/1924 1920/2308/1920
f 1921/2312/1921 1918/2313/1918 1922/2314/1922
f 1918/2313/1918 1921/2312/1921 1917/2315/1917
f 1929/2316/1929 1931/2317/1931 1927/2318/1927
f 1927/2318/1927 1925/2319/1925 1929/2316/1929
f 1929/2320/1929 1930/2321/1930 1932/2322/1932
f 1932/2322/1932 1931/2323/1931 1929/2320/1929
f 1925/2324/1925 1926/2325/1926 1930/2326/1930
f 1930/2326/1930 1929/2327/1929 1925/2324/1925
f 1931/2326/1931 1932/2327/1932 1928/2324/1928
f 1928/2324/1928 1927/2325/1927 1931/2326/1931
f 1937/2328/1937 1939/2329/1939 1935/2330/1935
f 1935/2330/1935 1933/2331/1933 1937/2328/1937
f 1936/2332/1936 1935/2333/1935 1939/2334/1939
f 1939/2334/1939 1940/2335/1940 1936/2332/1936
f 1937/2336/1937 1934/2337/1934 1938/2338/1938
f 1934/2337/1934 1937/2336/1937 1933/2339/1933
f 1822/2169/1822 1942/2341/1942 1824/2167/1824
f 1942/2341/1942 1822/2169/1822 1941/2340/1941
f 1874/2238/1874 1944/2343/1944 1876/2236/1876
f 1944/2343/1944 1874/2238/1874 1943/2342/1943
f 1941/2340/1941 1948/2345/1948 1942/2341/1942
f 1948/2345/1948 1941/2340/1941 1947/2344/1947
f 1943/2342/1943 1950/2347/1950 1944/2343/1944
f 1950/2347/1950 1943/2342/1943 1949/2346/1949
f 1957/2352/1957 1959/2353/1959 1955/2354/1955
f 1955/2354/1955 1953/2355/1953 1957/2352/1957
f 1957/2356/1957 1958/2357/1958 1960/2358/1960
f 1960/2358/1960 1959/2359/1959 1957/2356/1957
f 1953/2360/1953 1954/2361/1954 1958/2362/1958
f 1958/2362/1958 1957/2363/1957 1953/2360/1953
f 1959/2362/1959 1960/2363/1960 1956/2360/1956
f 1956/2360/1956 1955/2361/1955 1959/2362/1959
f 1965/2364/1965 1967/2365/1967 1963/2366/1963
f 1963/2366/1963 1961/2367/1961 1965/2364/1965
f 1964/2368/1964 1963/2369/1963 1967/2370/1967
f 1967/2370/1967 1968/2371/1968 1964/2368/1964
f 1965/2372/1965 1962/2373/1962 1966/2374/1966
f 1962/2373/1962 1965/2372/1965 1961/2375/1961
f 1973/2376/1973 1975/2377/1975 1971/2378/1971
f 1971/2378/1971 1969/2379/1969 1973/2376/1973
f 1973/2380/1973 1974/2381/1974 1976/2382/1976
f 1976/2382/1976 1975/2383/1975 1973/2380/1973
f 1969/2384/1969 1970/2385/1970 1974/2386/1974
f 1974/2386/1974 1973/2387/1973 1969/2384/1969
f 1975/2386/1975 1976/2387/1976 1972/2384/1972
f 1972/2384/1972 1971/2385/1971 1975/2386/1975
f 1981/2388/1981 1983/2389/1983 1979/2390/1979
f 1979/2390/1979 1977/2391/1977 1981/2388/1981
f 1980/2392/1980 1979/2393/1979 1983/2394/1983
f 1983/2394/1983 1984/2395/1984 1980/2392/1980
f 1981/2396/1981 1978/2397/1978 1982/2398/1982
f 1978/2397/1978 1981/2396/1981 1977/2399/1977
f 1989/2400/1989 1991/2401/1991 1987/2402/1987
f 1987/2402/1987 1985/2403/1985 1989/2400/1989
f 1989/2404/1989 1990/2405/1990 1992/2406/1992
f 1992/2406/1992 1991/2407/1991 1989/2404/1989
f 1985/2408/1985 1986/2409/1986 1990/2410/1990
f 1990/2410/1990 1989/2411/1989 1985/2408/1985
f 1991/2410/1991 1992/2411/1992 1988/2408/1988
f 1988/2408/1988 1987/2409/1987 1991/2410/1991
f 1997/2412/1997 1999/2413/1999 1995/2414/1995
f 1995/2414/1995 1993/2415/1993 1997/2412/1997
f 1996/2416/1996 1995/2417/1995 1999/2418/1999
f 1999/2418/1999 2000/2419/2000 1996/2416/1996
f 1997/2420/1997 1994/2421/1994 1998/2422/1998
f 1994/2421/1994 1997/2420/1997 1993/2423/1993
f 2004/2424/2004 2002/2426/2002 2003/2425/2003
f 2002/2426/2002 2001/2427/2001 2003/2425/2003
f 2012/2428/2012 2010/2430/2010 2011/2429/2011
f 2010/2430/2010 2009/2431/2009 2011/2429/2011
f 2017/2432/2017 2015/2434/2015 2019/2433/2019
f 2015/2434/2015 2017/2432/2017 2013/2435/2013
f 2017/2436/2017 2020/2438/2020 2018/2437/2018
f 2020/2438/2020 2017/2436/2017 2019/2439/2019
f 2013/2440/2013 2018/2442/2018 2014/2441/2014
f 2018/2442/2018 2013/2440/2013 2017/2443/2017
f 2019/2442/2019 2016/2440/2016 2020/2443/2020
f 2016/2440/2016 2019/2442/2019 2015/2441/2015
f 2025/2444/2025 2023/2446/2023 2027/2445/2027
f 2023/2446/2023 2025/2444/2025 2021/2447/2021
f 2024/2448/2024 2027/2450/2027 2023/2449/2023
f 2027/2450/2027 2024/2448/2024 2028/2451/2028
f 2025/2452/2025 2026/2454/2026 2022/2453/2022
f 2022/2453/2022 2021/2455/2021 2025/2452/2025
f 2033/2456/2033 2031/2458/2031 2035/2457/2035
f 2031/2458/2031 2033/2456/2033 2029/2459/2029
f 2033/2460/2033 2036/2462/2036 2034/2461/2034
f 2036/2462/2036 2033/2460/2033 2035/2463/2035
f 2029/2464/2029 2034/2466/2034 2030/2465/2030
f 2034/2466/2034 2029/2464/2029 2033/2467/2033
f 2035/2466/2035 2032/2464/2032 2036/2467/2036
f 2032/2464/2032 2035/2466/2035 2031/2465/2031
f 2041/2468/2041 2039/2470/2039 2043/2469/2043
f 2039/2470/2039 2041/2468/2041 2037/2471/2037
f 2040/2472/2040 2043/2474/2043 2039/2473/2039
f 2043/2474/2043 2040/2472/2040 2044/2475/2044
f 2041/2476/2041 2042/2478/2042 2038/2477/2038
f 2038/2477/2038 2037/2479/2037 2041/2476/2041
f 2002/2426/2002 2004/2424/2004 2046/2480/2046
f 2046/2480/2046 2045/2481/2045 2002/2426/2002
f 2010/2430/2010 2012/2428/2012 2048/2482/2048
f 2048/2482/2048 2047/2483/2047 2010/2430/2010
f 2045/2481/2045 2046/2480/2046 2052/2484/2052
f 2052/2484/2052 2051/2485/2051 2045/2481/2045
f 2047/2483/2047 2048/2482/2048 2054/2486/2054
f 2054/2486/2054 2053/2487/2053 2047/2483/2047
f 2061/2488/2061 2059/2490/2059 2063/2489/2063
f 2059/2490/2059 2061/2488/2061 2057/2491/2057
f 2061/2492/2061 2064/2494/2064 2062/2493/2062
f 2064/2494/2064 2061/2492/2061 2063/2495/2063
f 2057/2496/2057 2062/2498/2062 2058/2497/2058
f 2062/2498/2062 2057/2496/2057 2061/2499/2061
f 2063/2498/2063 2060/2496/2060 2064/2499/2064
f 2060/2496/2060 2063/2498/2063 2059/2497/2059
f 2069/2500/2069 2067/2502/2067 2071/2501/2071
f 2067/2502/2067 2069/2500/2069 2065/2503/2065
f 2068/2504/2068 2071/2506/2071 2067/2505/2067
f 2071/2506/2071 2068/2504/2068 2072/2507/2072
f 2069/2508/2069 2070/2510/2070 2066/2509/2066
f 2066/2509/2066 2065/2511/2065 2069/2508/2069
f 2077/2512/2077 2075/2514/2075 2079/2513/2079
f 2075/2514/2075 2077/2512/2077 2073/2515/2073
f 2077/2516/2077 2080/2518/2080 2078/2517/2078
f 2080/2518/2080 2077/2516/2077 2079/2519/2079
f 2073/2520/2073 2078/2522/2078 2074/2521/2074
f 2078/2522/2078 2073/2520/2073 2077/2523/2077
f 2079/2522/2079 2076/2520/2076 2080/2523/2080
f 2076/2520/2076 2079/2522/2079 2075/2521/2075
f 2085/2524/2085 2083/2526/2083 2087/2525/2087
f 2083/2526/2083 2085/2524/2085 2081/2527/2081
f 2084/2528/2084 2087/2530/2087 2083/2529/2083
f 2087/2530/2087 2084/2528/2084 2088/2531/2088
f 2085/2532/2085 2086/2534/2086 2082/2533/2082
f 2082/2533/2082 2081/2535/2081 2085/2532/2085
f 2093/2536/2093 2091/2538/2091 2095/2537/2095
f 2091/2538/2091 2093/2536/2093 2089/2539/2089
f 2093/2540/2093 2096/2542/2096 2094/2541/2094
f 2096/2542/2096 2093/2540/2093 2095/2543/2095
f 2089/2544/2089 2094/2546/2094 2090/2545/2090
f 2094/2546/2094 2089/2544/2089 2093/2547/2093
f 2095/2546/2095 2092/2544/2092 2096/2547/2096
f 2092/2544/2092 2095/2546/2095 2091/2545/2091
f 2101/2548/2101 2099/2550/2099 2103/2549/2103
f 2099/2550/2099 2101/2548/2101 2097/2551/2097
f 2100/2552/2100 2103/2554/2103 2099/2553/2099
f 2103/2554/2103 2100/2552/2100 2104/2555/2104
f 2101/2556/2101 2102/2558/2102 2098/2557/2098
f 2098/2557/2098 2097/2559/2097 2101/2556/2101
f 2110/2601/2110 2111/2602/2111 2106/2603/2106
f 2111/2602/2111 2110/2601/2110 2107/2604/2107
f 2106/2603/2106 2109/2605/2109 2110/2601/2110
f 2107/2604/2107 2110/2601/2110 2105/2606/2105
f 2111/2602/2111 2108/2607/2108 2106/2603/2106
f 2115/2568/2115 2116/2569/2116 2112/2570/2112
f 2121/2577/2121 2115/2568/2115 2113/2571/2113
f 2116/2569/2116 2114/2572/2114 2112/2570/2112
f 2119/2573/2119 2120/2574/2120 2117/2575/2117
f 2120/2574/2120 2151/2608/2151 2117/2575/2117
f 2116/2569/2116 2115/2568/2115 2121/2577/2121
f 2135/2585/2135 2126/2569/2126 2134/2584/2134
f 2127/2577/2127 2125/2568/2125 2123/2571/2123
f 2132/2582/2132 2124/2572/2124 2122/2570/2122
f 2126/2569/2126 2125/2568/2125 2127/2577/2127
f 2131/2579/2131 2152/2609/2152 2128/2580/2128
f 2130/2578/2130 2131/2579/2131 2128/2580/2128
f 2125/2568/2125 2132/2582/2132 2122/2570/2122
f 2125/2568/2125 2126/2569/2126 2132/2582/2132
f 2132/2582/2132 2126/2569/2126 2135/2585/2135
f 2135/2585/2135 2134/2584/2134 2133/2583/2133
f 2133/2583/2133 2138/2588/2138 2135/2585/2135
f 2137/2587/2137 2135/2585/2135 2138/2588/2138
f 2137/2587/2137 2138/2588/2138 2136/2586/2136
f 2142/2589/2142 2140/2590/2140 2139/2591/2139
f 2141/2592/2141 2142/2589/2142 2139/2591/2139
f 2120/2574/2120 2118/2576/2118 2151/2608/2151
f 2131/2579/2131 2129/2581/2129 2152/2609/2152
f 2118/2610/2118 2153/2610/2153 2151/2611/2151
f 2129/2610/2129 2154/2610/2154 2152/2612/2152
f 2170/2625/2170 2167/2626/2167 2168/2627/2168
f 2169/2628/2169 2170/2625/2170 2168/2627/2168
f 2184/2812/2184 2230/2813/2230 2232/2814/2232
f 2230/2813/2230 2184/2812/2184 2181/2815/2181
f 2180/2816/2180 2183/2817/2183 2184/2812/2184
f 2229/2818/2229 2184/2812/2184 2179/2819/2179
f 2231/2820/2231 2182/2821/2182 2180/2816/2180
f 2188/2637/2188 2189/2638/2189 2234/2665/2234
f 2189/2640/2189 2188/2637/2188 2186/2641/2186
f 2188/2637/2188 2234/2665/2234 2185/2639/2185
f 2192/2666/2192 2193/2667/2193 2190/2668/2190
f 2193/2667/2193 2213/2669/2213 2190/2668/2190
f 2274/2719/2274 2276/2721/2276 2275/2720/2275
f 2234/2665/2234 2233/2664/2233 2185/2639/2185
f 2199/2640/2199 2197/2637/2197 2195/2641/2195
f 2204/2643/2204 2196/2642/2196 2194/2639/2194
f 2198/2638/2198 2204/2643/2204 2273/2718/2273
f 2203/2672/2203 2214/2673/2214 2200/2674/2200
f 2202/2675/2202 2203/2672/2203 2200/2674/2200
f 2197/2637/2197 2204/2643/2204 2194/2639/2194
f 2197/2637/2197 2273/2718/2273 2204/2643/2204
f 2189/2638/2189 2187/2642/2187 2234/2665/2234
f 2184/2812/2184 2232/2814/2232 2231/2820/2231
f 2184/2812/2184 2231/2820/2231 2180/2816/2180
f 2181/2815/2181 2184/2812/2184 2229/2818/2229
f 2223/2651/2223 2224/2648/2224 2222/2650/2222
f 2208/2644/2208 2206/2645/2206 2205/2646/2205
f 2207/2647/2207 2208/2644/2208 2205/2646/2205
f 2193/2667/2193 2191/2670/2191 2213/2669/2213
f 2203/2672/2203 2201/2676/2201 2214/2673/2214
f 2191/2670/2191 2215/2671/2215 2213/2669/2213
f 2201/2676/2201 2216/2677/2216 2214/2673/2214
f 2224/2648/2224 2221/2649/2221 2222/2650/2222
f 2237/2678/2237 2238/2679/2238 2236/2680/2236
f 2238/2679/2238 2235/2681/2235 2236/2680/2236
f 2273/2718/2273 2197/2637/2197 2199/2640/2199
f 2198/2638/2198 2273/2718/2273 2276/2721/2276
f 2276/2721/2276 2274/2719/2274 2198/2638/2198
f 2282/2757/2282 2283/2758/2283 2285/2759/2285
f 2283/2758/2283 2282/2757/2282 2279/2760/2279
f 2278/2761/2278 2281/2762/2281 2282/2757/2282
f 2279/2760/2279 2282/2757/2282 2277/2763/2277
f 2284/2764/2284 2280/2765/2280 2278/2761/2278
f 2282/2757/2282 2285/2759/2285 2278/2761/2278
f 2285/2759/2285 2284/2764/2284 2278/2761/2278
f 2284/2764/2284 2285/2759/2285 2287/2766/2287
f 2287/2766/2287 2286/2767/2286 2284/2764/2284
f 2301/2732/2301 2290/2722/2290 2300/2731/2300
f 2298/2729/2298 2307/2739/2307 2297/2728/2297
f 2307/2739/2307 2298/2729/2298 2299/2730/2299
f 2289/2723/2289 2292/2723/2292 2291/2724/2291
f 2293/2725/2293 2290/2722/2290 2301/2732/2301
f 2295/2726/2295 2294/2726/2294 2296/2727/2296
f 2299/2730/2299 2308/2740/2308 2307/2739/2307
f 2307/2739/2307 2306/2738/2306 2297/2728/2297
f 2313/2745/2313 2314/2746/2314 2315/2747/2315
f 2315/2747/2315 2316/2748/2316 2313/2745/2313
f 2320/2749/2320 2317/2750/2317 2318/2751/2318
f 2319/2752/2319 2320/2749/2320 2318/2751/2318
f 2326/2768/2326 2327/2769/2327 2329/2770/2329
f 2327/2769/2327 2326/2768/2326 2321/2774/2321
f 2322/2772/2322 2325/2773/2325 2326/2768/2326
f 2332/2771/2332 2327/2769/2327 2321/2774/2321
f 2328/2775/2328 2324/2776/2324 2322/2772/2322
f 2326/2768/2326 2329/2770/2329 2322/2772/2322
f 2329/2770/2329 2328/2775/2328 2322/2772/2322
f 2328/2775/2328 2329/2770/2329 2331/2777/2331
f 2331/2777/2331 2330/2778/2330 2328/2775/2328
f 2323/2779/2323 2327/2769/2327 2332/2771/2332
f 2333/2753/2333 2334/2754/2334 2336/2755/2336
f 2336/2755/2336 2335/2756/2335 2333/2753/2333
f 2337/2780/2337 2338/2781/2338 2339/2782/2339
f 2343/2786/2343 2348/2791/2348 2342/2785/2342
f 2348/2791/2348 2343/2786/2343 2340/2783/2340
f 2348/2791/2348 2341/2784/2341 2342/2785/2342
f 2374/2793/2374 2354/2758/2354 2375/2794/2375
f 2389/2807/2389 2353/2757/2353 2390/2808/2390
f 2350/2761/2350 2352/2762/2352 2353/2757/2353
f 2390/2808/2390 2353/2757/2353 2349/2763/2349
f 2353/2757/2353 2389/2807/2389 2374/2793/2374
f 2353/2757/2353 2374/2793/2374 2350/2761/2350
f 2350/2761/2350 2374/2793/2374 2373/2792/2373
f 2371/2752/2371 2372/2749/2372 2370/2751/2370
f 2372/2749/2372 2369/2750/2369 2370/2751/2370
f 2361/2732/2361 2355/2722/2355 2360/2731/2360
f 2378/2797/2378 2363/2739/2363 2357/2728/2357
f 2363/2739/2363 2358/2729/2358 2359/2730/2359
f 2363/2739/2363 2362/2738/2362 2357/2728/2357
f 2356/2725/2356 2355/2722/2355 2361/2732/2361
f 2359/2730/2359 2364/2740/2364 2363/2739/2363
f 2351/2760/2351 2354/2758/2354 2376/2795/2376
f 2358/2729/2358 2363/2739/2363 2377/2796/2377
f 2377/2796/2377 2363/2739/2363 2378/2797/2378
f 2386/2804/2386 2385/2806/2385 2384/2805/2384
f 2380/2799/2380 2379/2798/2379 2388/2796/2388
f 2383/2800/2383 2382/2801/2382 2381/2802/2381
f 2387/2803/2387 2386/2804/2386 2384/2805/2384
f 2354/2758/2354 2389/2807/2389 2376/2795/2376
f 2389/2807/2389 2354/2758/2354 2374/2793/2374
f 2376/2809/2376 2389/2810/2389 2390/2811/2390
f 2396/2826/2396 2426/2827/2426 2394/2828/2394
f 2426/2827/2426 2396/2826/2396 2393/2829/2393
f 2392/2830/2392 2395/2831/2395 2396/2826/2396
f 2393/2832/2393 2396/2826/2396 2391/2833/2391
f 2435/2718/2435 2409/2637/2409 2411/2640/2411
f 2400/2637/2400 2401/2638/2401 2439/2823/2439
f 2450/2843/2450 2449/2842/2449 2442/2835/2442
f 2437/2721/2437 2436/2719/2436 2410/2638/2410
f 2404/2666/2404 2405/2667/2405 2402/2668/2402
f 2405/2667/2405 2416/2669/2416 2402/2668/2402
f 2451/2844/2451 2452/2845/2452 2438/2822/2438
f 2410/2638/2410 2435/2718/2435 2437/2721/2437
f 2411/2640/2411 2409/2637/2409 2407/2641/2407
f 2440/2824/2440 2408/2642/2408 2406/2639/2406
f 2410/2638/2410 2408/2643/2408 2435/2718/2435
f 2449/2842/2449 2401/2640/2401 2400/2637/2400
f 2398/2641/2398 2401/2640/2401 2449/2842/2449
f 2451/2844/2451 2438/2822/2438 2399/2642/2399
f 2409/2637/2409 2435/2718/2435 2408/2643/2408
f 2451/2844/2451 2399/2642/2399 2397/2665/2397
f 2569/2961/2569 2570/2962/2570 2568/2963/2568
f 2396/2826/2396 2394/2834/2394 2392/2830/2392
f 2565/2957/2565 2566/2959/2566 2564/2960/2564
f 2420/2651/2420 2421/2648/2421 2419/2650/2419
f 2441/2568/2441 2440/2568/2440 2439/2568/2439
f 2438/2568/2438 2439/2568/2439 2440/2568/2440
f 2405/2667/2405 2403/2670/2403 2416/2669/2416
f 2441/2825/2441 2408/2643/2408 2440/2824/2440
f 2403/2670/2403 2417/2671/2417 2416/2669/2416
f 2409/2637/2409 2408/2643/2408 2441/2825/2441
f 2421/2648/2421 2418/2649/2418 2419/2650/2419
f 2449/2842/2449 2400/2637/2400 2442/2835/2442
f 2400/2637/2400 2439/2823/2439 2452/2845/2452
f 2452/2845/2452 2439/2823/2439 2438/2822/2438
f 2451/2844/2451 2454/2847/2454 2452/2845/2452
f 2454/2847/2454 2451/2844/2451 2453/2846/2453
f 2468/2864/2468 2462/2865/2462 2469/2866/2469
f 2460/2867/2460 2461/2868/2461 2462/2865/2462
f 2469/2866/2469 2462/2865/2462 2459/2869/2459
f 2462/2865/2462 2468/2864/2468 2467/2870/2467
f 2462/2865/2462 2467/2870/2467 2460/2867/2460
f 2466/2853/2466 2463/2855/2463 2464/2854/2464
f 2465/2852/2465 2466/2853/2466 2464/2854/2464
f 2471/2856/2471 2473/2857/2473 2472/2858/2472
f 2471/2856/2471 2472/2858/2472 2470/2859/2470
f 2475/2860/2475 2477/2861/2477 2476/2862/2476
f 2475/2860/2475 2476/2862/2476 2474/2863/2474
f 2479/2871/2479 2481/2872/2481 2480/2873/2480
f 2479/2871/2479 2480/2873/2480 2478/2874/2478
f 2483/2875/2483 2484/2876/2484 2482/2877/2482
f 2486/2878/2486 2487/2879/2487 2485/2880/2485
f 2493/2881/2493 2491/2882/2491 2494/2883/2494
f 2489/2884/2489 2490/2885/2490 2491/2882/2491
f 2494/2883/2494 2491/2882/2491 2488/2886/2488
f 2491/2882/2491 2493/2881/2493 2492/2887/2492
f 2491/2882/2491 2492/2887/2492 2489/2884/2489
f 2511/2903/2511 2512/2904/2512 2510/2905/2510
f 2508/2900/2508 2509/2901/2509 2507/2902/2507
f 2496/2888/2496 2498/2889/2498 2497/2890/2497
f 2496/2888/2496 2497/2890/2497 2495/2891/2495
f 2500/2892/2500 2502/2893/2502 2501/2894/2501
f 2500/2892/2500 2501/2894/2501 2499/2895/2499
f 2504/2896/2504 2506/2897/2506 2505/2898/2505
f 2504/2896/2504 2505/2898/2505 2503/2899/2503
f 2514/2906/2514 2515/2907/2515 2513/2908/2513
f 2565/2957/2565 2567/2958/2567 2566/2959/2566
f 2561/2953/2561 2562/2955/2562 2560/2956/2560
f 2561/2953/2561 2563/2954/2563 2562/2955/2562
f 2557/2949/2557 2558/2951/2558 2556/2952/2556
f 2557/2949/2557 2559/2950/2559 2558/2951/2558
f 2572/2964/2572 2573/2965/2573 2571/2966/2571
f 2575/2967/2575 2576/2968/2576 2574/2969/2574
f 2552/2943/2552 2553/2948/2553 2550/2945/2550
f 2552/2943/2552 2554/2942/2554 2553/2948/2553
f 2555/2944/2555 2552/2943/2552 2549/2947/2549
f 2550/2945/2550 2551/2946/2551 2552/2943/2552
f 2554/2942/2554 2552/2943/2552 2555/2944/2555
f 2536/2934/2536 2537/2936/2537 2535/2937/2535
f 2525/2913/2525 2523/2914/2523 2526/2915/2526
f 2521/2916/2521 2522/2917/2522 2523/2914/2523
f 2526/2915/2526 2523/2914/2523 2520/2918/2520
f 2523/2914/2523 2525/2913/2525 2524/2919/2524
f 2523/2914/2523 2524/2919/2524 2521/2916/2521
f 2543/2920/2543 2544/2921/2544 2542/2922/2542
f 2540/2923/2540 2541/2924/2541 2539/2925/2539
f 2528/2926/2528 2530/2927/2530 2529/2928/2529
f 2528/2926/2528 2529/2928/2529 2527/2929/2527
f 2532/2930/2532 2534/2931/2534 2533/2932/2533
f 2532/2930/2532 2533/2932/2533 2531/2933/2531
f 2536/2934/2536 2538/2935/2538 2537/2936/2537
f 2745/2934/2745 2746/2936/2746 2747/2935/2747
f 2786/2812/2786 2789/2814/2789 2788/2813/2788
f 2787/2816/2787 2786/2812/2786 2790/2817/2790
f 2741/2926/2741 2740/2929/2740 2742/2928/2742
f 2678/2637/2678 2677/2639/2677 2682/2643/2682
g fff002fb_00130_00317578_e14
f 454/364/454 451/360/451 449/361/449
f 453/363/453 452/359/452 454/364/454
f 450/362/450 452/359/452 453/363/453
f 453/363/453 454/364/454 449/361/449
f 460/365/460 457/366/457 455/367/455
f 459/368/459 458/369/458 460/365/460
f 456/370/456 458/369/458 459/368/459
f 459/368/459 460/365/460 455/367/455
f 466/371/466 463/372/463 461/373/461
f 465/374/465 464/375/464 466/371/466
f 462/376/462 464/375/464 465/374/465
f 465/374/465 466/371/466 461/373/461
f 485/390/485 482/391/482 480/392/480
f 484/393/484 483/394/483 485/390/485
f 481/395/481 483/394/483 484/393/484
f 484/393/484 485/390/485 480/392/480
f 1699/1997/1699 1700/1998/1700 1698/1999/1698
f 1698/1999/1698 1697/2000/1697 1699/1997/1699
f 1703/2001/1703 1704/2002/1704 1702/2003/1702
f 1702/2003/1702 1701/2004/1701 1703/2001/1703
f 1818/2160/1818 1820/2161/1820 1817/2162/1817
f 1817/2162/1817 1820/2161/1820 1814/2166/1814
f 1816/2163/1816 1817/2162/1817 1814/2166/1814
f 1819/2165/1819 1820/2161/1820 1818/2160/1818
f 1816/2163/1816 1814/2166/1814 1815/2164/1815
f 1840/2189/1840 1842/2190/1842 1839/2191/1839
f 1839/2191/1839 1842/2190/1842 1836/2192/1836
f 1838/2193/1838 1839/2191/1839 1836/2192/1836
f 1841/2194/1841 1842/2190/1842 1840/2189/1840
f 1838/2193/1838 1836/2192/1836 1837/2195/1837
f 2145/2596/2145 2146/2595/2146 2144/2593/2144
f 2144/2593/2144 2143/2594/2143 2145/2596/2145
f 2149/2597/2149 2150/2598/2150 2148/2599/2148
f 2148/2599/2148 2147/2600/2147 2149/2597/2149
f 2163/2621/2163 2159/2617/2159 2156/2615/2156
f 2166/2623/2166 2155/2616/2155 2160/2618/2160
f 2157/2613/2157 2158/2614/2158 2161/2619/2161
f 2161/2619/2161 2162/2620/2162 2157/2613/2157
f 2164/2622/2164 2163/2621/2163 2156/2615/2156
f 2165/2624/2165 2166/2623/2166 2160/2618/2160
f 2174/2629/2174 2171/2630/2171 2172/2631/2172
f 2173/2632/2173 2174/2629/2174 2172/2631/2172
f 2178/2633/2178 2175/2634/2175 2176/2635/2176
f 2177/2636/2177 2178/2633/2178 2176/2635/2176
f 2211/2652/2211 2212/2653/2212 2210/2654/2210
f 2210/2654/2210 2209/2655/2209 2211/2652/2211
f 2227/2663/2227 2228/2660/2228 2226/2662/2226
f 2228/2660/2228 2225/2661/2225 2226/2662/2226
f 2219/2658/2219 2220/2659/2220 2217/2656/2217
f 2217/2656/2217 2218/2657/2218 2219/2658/2219
f 2311/2741/2311 2310/2743/2310 2312/2742/2312
f 2310/2743/2310 2311/2741/2311 2309/2744/2309
f 2347/2787/2347 2344/2788/2344 2345/2789/2345
f 2346/2790/2346 2347/2787/2347 2345/2789/2345
f 2367/2741/2367 2366/2743/2366 2368/2742/2368
f 2366/2743/2366 2367/2741/2367 2365/2744/2365
f 2414/2652/2414 2413/2654/2413 2415/2653/2415
f 2413/2654/2413 2414/2652/2414 2412/2655/2412
f 2424/2663/2424 2425/2660/2425 2423/2662/2423
f 2425/2660/2425 2422/2661/2422 2423/2662/2423
f 2519/2909/2519 2516/2910/2516 2517/2911/2517
f 2518/2912/2518 2519/2909/2519 2517/2911/2517
f 2579/2973/2579 2580/2970/2580 2578/2972/2578
f 2580/2970/2580 2577/2971/2577 2578/2972/2578
f 2548/2938/2548 2545/2939/2545 2546/2940/2546
f 2547/2941/2547 2548/2938/2548 2546/2940/2546
f 2831/2654/2831 2832/2652/2832 2830/2655/2830
f 2832/2652/2832 2831/2654/2831 2833/2653/2833
f 2685/2652/2685 2684/2654/2684 2686/2653/2686
f 2798/2654/2798 2799/2652/2799 2797/2655/2797
f 2684/2654/2684 2685/2652/2685 2683/2655/2683
f 2799/2652/2799 2798/2654/2798 2800/2653/2800
g fff002fb_00130_00317578_e17
f 475/385/475 476/386/476 478/388/478
f 468/380/468 479/389/479 467/379/467
f 471/381/471 470/377/470 469/378/469
f 471/381/471 469/378/469 472/382/472
f 473/383/473 471/381/471 474/384/474
f 471/381/471 472/382/472 474/384/474
f 475/385/475 473/383/473 476/386/476
f 473/383/473 474/384/474 476/386/476
f 479/389/479 478/388/478 467/379/467
f 475/385/475 478/388/478 477/387/477
f 479/389/479 477/387/477 478/388/478
g fff002fb_00130_00317578_e6
f 488/396/488 489/397/489 487/398/487
f 487/398/487 486/399/486 488/396/488
f 492/403/492 488/442/488 491/402/491
f 488/442/488 492/403/492 489/410/489
f 486/438/486 520/439/520 488/440/488
f 520/439/520 486/438/486 490/441/490
f 487/398/487 489/397/489 494/405/494
f 494/405/494 493/404/493 487/398/487
f 489/410/489 492/403/492 495/403/495
f 495/403/495 494/410/494 489/410/489
f 505/417/505 503/415/503 487/398/487
f 487/398/487 493/404/493 505/417/505
f 504/416/504 486/399/486 502/414/502
f 486/399/486 504/416/504 490/400/490
f 503/415/503 502/414/502 486/399/486
f 486/399/486 487/398/487 503/415/503
f 511/421/511 508/422/508 509/423/509
f 508/422/508 511/421/511 510/424/510
f 517/429/517 514/430/514 515/431/515
f 514/430/514 517/429/517 516/432/516
f 491/401/491 488/442/488 520/437/520
f 490/441/490 524/444/524 520/439/520
f 524/444/524 490/441/490 521/443/521
f 490/400/490 504/416/504 523/446/523
f 523/446/523 521/445/521 490/400/490
f 491/401/491 520/437/520 524/448/524
f 524/448/524 522/447/522 491/401/491
f 526/449/526 524/450/524 521/451/521
f 521/451/521 525/452/525 526/449/526
f 522/453/522 526/454/526 527/455/527
f 526/454/526 522/453/522 524/456/524
f 523/457/523 528/458/528 525/452/525
f 525/452/525 521/451/521 523/457/523
f 532/459/532 529/460/529 530/461/530
f 529/460/529 532/459/532 531/462/531
f 538/467/538 535/468/535 536/469/536
f 535/468/535 538/467/538 537/470/537
f 545/479/545 548/480/548 546/481/546
f 548/480/548 545/479/545 547/482/547
f 555/485/555 558/486/558 556/487/556
f 558/486/558 555/485/555 557/488/557
f 688/677/688 722/699/722 693/678/693
f 688/677/688 689/671/689 723/700/723
f 689/671/689 724/701/724 723/700/723
f 689/671/689 690/672/690 724/701/724
f 697/682/697 696/681/696 687/681/687
f 687/681/687 692/682/692 697/682/697
f 699/677/699 704/678/704 705/675/705
f 699/677/699 705/675/705 700/671/700
f 700/671/700 705/675/705 706/676/706
f 700/671/700 706/676/706 701/672/701
f 709/682/709 698/681/698 708/681/708
f 698/681/698 709/682/709 703/682/703
f 691/685/691 707/686/707 725/703/725
f 707/686/707 691/685/691 702/688/702
f 692/705/692 713/706/713 697/707/697
f 713/706/713 692/705/692 710/708/710
f 717/694/717 705/675/705 716/693/716
f 705/675/705 717/694/717 706/676/706
f 716/693/716 704/678/704 715/692/715
f 704/678/704 716/693/716 705/675/705
f 712/687/712 707/686/707 718/697/718
f 711/717/711 710/708/710 692/705/692
f 703/682/703 709/682/709 719/689/719
f 719/689/719 714/689/714 703/682/703
f 688/677/688 723/700/723 722/699/722
f 692/705/692 693/709/693 711/717/711
f 721/711/721 720/712/720 693/709/693
f 722/713/722 721/710/721 693/709/693
f 728/699/728 694/675/694 727/698/727
f 728/699/728 729/700/729 694/675/694
f 729/700/729 695/676/695 694/675/694
f 729/700/729 730/701/730 695/676/695
f 725/703/725 707/686/707 712/687/712
f 736/723/736 737/724/737 739/725/739
f 736/723/736 739/725/739 738/726/738
f 738/726/738 739/725/739 741/728/741
f 741/728/741 740/727/740 738/726/738
f 748/732/748 749/733/749 747/734/747
f 747/734/747 746/735/746 748/732/748
f 757/755/757 748/737/748 756/754/756
f 748/737/748 757/736/757 749/738/749
f 759/757/759 758/756/758 746/735/746
f 746/735/746 747/734/747 759/739/759
f 746/735/746 756/740/756 748/732/748
f 756/759/756 746/735/746 758/758/758
f 763/771/763 765/777/765 760/773/760
f 753/768/753 767/781/767 766/780/766
f 747/734/747 749/733/749 757/742/757
f 757/761/757 759/760/759 747/734/747
f 752/770/752 764/776/764 755/772/755
f 753/768/753 754/769/754 767/781/767
f 762/766/762 766/780/766 767/781/767
f 763/771/763 764/776/764 765/777/765
f 762/766/762 761/767/761 766/780/766
f 752/770/752 765/777/765 764/776/764
f 754/749/754 753/748/753 850/744/850
f 850/744/850 851/745/851 754/749/754
f 849/741/849 755/747/755 852/743/852
f 755/747/755 849/741/849 752/746/752
f 777/782/777 774/784/774 779/783/779
f 771/785/771 780/787/780 781/786/781
f 770/788/770 773/790/773 778/789/778
f 771/785/771 781/786/781 772/791/772
f 776/792/776 781/786/781 780/787/780
f 777/782/777 779/783/779 778/789/778
f 776/792/776 780/787/780 775/793/775
f 770/788/770 778/789/778 779/783/779
f 772/794/772 836/796/836 771/795/771
f 836/796/836 772/794/772 837/797/837
f 835/798/835 838/800/838 773/799/773
f 773/799/773 770/801/770 835/798/835
f 834/879/834 833/880/833 831/881/831
f 833/880/833 832/882/832 831/881/831
f 1078/1175/1078 1079/1176/1079 1077/1177/1077
f 1077/1177/1077 1076/1178/1076 1078/1175/1078
f 1081/1164/1081 1078/1165/1078 1080/1166/1080
f 1078/1165/1078 1081/1164/1081 1079/1167/1079
f 1083/1177/1083 1082/1178/1082 1076/1178/1076
f 1076/1178/1076 1077/1177/1077 1083/1177/1083
g fff002fb_00130_00317578_e7
f 493/406/493 494/407/494 497/408/497
f 497/408/497 496/409/496 493/406/493
f 494/410/494 495/410/495 498/411/498
f 498/411/498 497/411/497 494/410/494
f 496/409/496 497/408/497 500/413/500
f 500/413/500 499/412/499 496/409/496
f 497/411/497 498/411/498 501/411/501
f 501/411/501 500/411/500 497/411/497
f 493/406/493 496/409/496 506/419/506
f 506/419/506 505/418/505 493/406/493
f 496/409/496 499/412/499 507/420/507
f 507/420/507 506/419/506 496/409/496
f 510/425/510 511/426/511 513/427/513
f 513/427/513 512/428/512 510/425/510
f 516/433/516 517/434/517 519/435/519
f 519/435/519 518/436/518 516/433/516
f 531/463/531 532/464/532 534/465/534
f 534/465/534 533/466/533 531/463/531
f 537/471/537 538/472/538 540/473/540
f 540/473/540 539/474/539 537/471/537
f 545/479/545 546/481/546 550/484/550
f 550/484/550 549/483/549 545/479/545
f 555/485/555 556/487/556 560/489/560
f 560/489/560 559/490/559 555/485/555
f 1079/1160/1079 1085/1161/1085 1084/1162/1084
f 1084/1162/1084 1077/1163/1077 1079/1160/1079
f 1088/1164/1088 1079/1165/1079 1081/1166/1081
f 1079/1165/1079 1088/1164/1088 1085/1167/1085
f 1089/1168/1089 1083/1169/1083 1077/1163/1077
f 1077/1163/1077 1084/1162/1084 1089/1168/1089
f 1084/1162/1084 1085/1161/1085 1087/1171/1087
f 1087/1171/1087 1086/1170/1086 1084/1162/1084
f 1088/1174/1088 1087/1173/1087 1085/1167/1085
f 1089/1172/1089 1084/1162/1084 1086/1170/1086
f 1078/1211/1078 1138/1213/1138 1139/1212/1139
f 1138/1213/1138 1078/1211/1078 1076/1214/1076
f 1142/1215/1142 1080/1217/1080 1078/1216/1078
f 1078/1216/1078 1139/1218/1139 1142/1215/1142
f 1143/1219/1143 1076/1214/1076 1082/1220/1082
f 1076/1214/1076 1143/1219/1143 1138/1213/1138
f 1138/1213/1138 1141/1221/1141 1139/1212/1139
f 1141/1221/1141 1138/1213/1138 1140/1222/1140
f 1142/1223/1142 1139/1218/1139 1141/1224/1141
f 1143/1225/1143 1140/1222/1140 1138/1213/1138
g fff002fb_00130_00317578_e8
f 544/475/544 542/476/542 541/477/541
f 541/477/541 543/478/543 544/475/544
f 554/491/554 552/492/552 551/493/551
f 551/493/551 553/494/553 554/491/554
f 1488/1682/1488 1486/1683/1486 1531/1749/1531
f 1485/1684/1485 1487/1685/1487 1533/1751/1533
f 1485/1684/1485 1486/1683/1486 1494/1699/1494
f 1493/1698/1493 1492/1697/1492 1495/1700/1495
f 1485/1684/1485 1494/1699/1494 1495/1700/1495
f 1493/1698/1493 1495/1700/1495 1494/1699/1494
f 1531/1749/1531 1486/1683/1486 1485/1684/1485
f 1488/1682/1488 1531/1749/1531 1532/1750/1532
f 1533/1751/1533 1534/1752/1534 1485/1684/1485
f 1534/1752/1534 1531/1749/1531 1485/1684/1485
f 1533/1751/1533 1487/1685/1487 1488/1682/1488
f 1532/1750/1532 1533/1751/1533 1488/1682/1488
g fff002fb_00130_00317578_e9
f 564/495/564 562/496/562 561/497/561
f 561/497/561 563/498/563 564/495/564
f 574/508/574 572/509/572 571/510/571
f 571/510/571 573/511/573 574/508/574
f 578/512/578 576/513/576 575/514/575
f 575/514/575 577/515/577 578/512/578
f 590/533/590 588/534/588 587/535/587
f 587/535/587 589/536/589 590/533/590
f 594/512/594 592/513/592 591/514/591
f 591/514/591 593/515/593 594/512/594
f 602/546/602 600/547/600 599/548/599
f 599/548/599 601/549/601 602/546/602
f 626/582/626 624/583/624 623/584/623
f 623/584/623 625/585/625 626/582/626
f 636/586/636 634/587/634 633/588/633
f 633/588/633 635/589/635 636/586/636
f 640/590/640 638/591/638 637/592/637
f 637/592/637 639/593/639 640/590/640
f 652/594/652 650/595/650 649/596/649
f 649/596/649 651/597/651 652/594/652
f 656/590/656 654/591/654 653/592/653
f 653/592/653 655/593/655 656/590/656
f 664/598/664 662/599/662 661/600/661
f 661/600/661 663/601/663 664/598/664
f 872/915/872 870/916/870 869/917/869
f 869/917/869 871/918/871 872/915/872
f 882/919/882 880/920/880 879/921/879
f 879/921/879 881/922/881 882/919/882
f 886/923/886 884/924/884 883/925/883
f 883/925/883 885/926/885 886/923/886
f 898/927/898 896/928/896 895/929/895
f 895/929/895 897/930/897 898/927/898
f 902/923/902 900/924/900 899/925/899
f 899/925/899 901/926/901 902/923/902
f 910/931/910 908/932/908 907/933/907
f 907/933/907 909/934/909 910/931/910
f 938/1002/938 936/1003/936 935/1004/935
f 935/1004/935 937/1005/937 938/1002/938
f 950/1006/950 948/1007/948 947/1008/947
f 947/1008/947 949/1009/949 950/1006/950
f 958/1031/958 956/1032/956 955/1033/955
f 955/1033/955 957/1034/957 958/1031/958
f 970/1035/970 968/1036/968 967/1037/967
f 967/1037/967 969/1038/969 970/1035/970
f 978/1058/978 976/1059/976 975/1060/975
f 975/1060/975 977/1061/977 978/1058/978
f 990/1062/990 988/1063/988 987/1064/987
f 987/1064/987 989/1065/989 990/1062/990
f 996/1088/996 994/1089/994 993/1090/993
f 993/1090/993 995/1091/995 996/1088/996
f 1000/1092/1000 998/1093/998 997/1094/997
f 997/1094/997 999/1095/999 1000/1092/1000
f 1059/1138/1059 1057/1139/1057 1056/1140/1056
f 1056/1140/1056 1058/1141/1058 1059/1138/1059
f 1063/1142/1063 1061/1143/1061 1060/1144/1060
f 1060/1144/1060 1062/1145/1062 1063/1142/1063
f 1075/1156/1075 1073/1157/1073 1072/1158/1072
f 1072/1158/1072 1074/1159/1074 1075/1156/1075
f 1252/1348/1252 1250/1349/1250 1249/1350/1249
f 1249/1350/1249 1251/1351/1251 1252/1348/1252
f 1256/1352/1256 1254/1353/1254 1253/1354/1253
f 1253/1354/1253 1255/1355/1255 1256/1352/1256
f 1260/1356/1260 1258/1357/1258 1257/1358/1257
f 1257/1358/1257 1259/1359/1259 1260/1356/1260
f 1273/1361/1273 1271/1362/1271 1270/1363/1270
f 1270/1363/1270 1272/1364/1272 1273/1361/1273
f 1286/1365/1286 1284/1366/1284 1283/1367/1283
f 1283/1367/1283 1285/1368/1285 1286/1365/1286
f 1296/1383/1296 1293/1385/1293 1294/1384/1294
f 1293/1385/1293 1296/1383/1296 1295/1386/1295
f 1309/1387/1309 1306/1389/1306 1307/1388/1307
f 1306/1389/1306 1309/1387/1309 1308/1390/1308
f 1319/1405/1319 1317/1406/1317 1316/1407/1316
f 1316/1407/1316 1318/1408/1318 1319/1405/1319
f 1329/1420/1329 1327/1421/1327 1326/1422/1326
f 1326/1422/1326 1328/1423/1328 1329/1420/1329
f 1333/1424/1333 1331/1425/1331 1330/1426/1330
f 1330/1426/1330 1332/1427/1332 1333/1424/1333
f 1349/1428/1349 1346/1430/1346 1347/1429/1347
f 1346/1430/1346 1349/1428/1349 1348/1431/1348
f 1353/1432/1353 1350/1434/1350 1351/1433/1351
f 1350/1434/1350 1353/1432/1353 1352/1435/1352
f 1398/1543/1398 1396/1544/1396 1395/1545/1395
f 1395/1545/1395 1397/1546/1397 1398/1543/1398
f 1438/1633/1438 1436/1634/1436 1435/1635/1435
f 1435/1635/1435 1437/1636/1437 1438/1633/1438
f 1442/1637/1442 1440/1638/1440 1439/1639/1439
f 1439/1639/1439 1441/1640/1441 1442/1637/1442
f 1446/1641/1446 1444/1642/1444 1443/1643/1443
f 1443/1643/1443 1445/1644/1445 1446/1641/1446
f 1450/1645/1450 1448/1646/1448 1447/1647/1447
f 1447/1647/1447 1449/1648/1449 1450/1645/1450
f 1454/1649/1454 1451/1651/1451 1452/1650/1452
f 1451/1651/1451 1454/1649/1454 1453/1652/1453
f 1458/1653/1458 1456/1654/1456 1455/1655/1455
f 1455/1655/1455 1457/1656/1457 1458/1653/1458
f 1462/1657/1462 1459/1658/1459 1460/1659/1460
f 1459/1658/1459 1462/1657/1462 1461/1660/1461
f 1466/1661/1466 1464/1662/1464 1463/1663/1463
f 1463/1663/1463 1465/1664/1465 1466/1661/1466
f 1470/1665/1470 1468/1666/1468 1467/1667/1467
f 1467/1667/1467 1469/1668/1469 1470/1665/1470
f 2247/2692/2247 2249/2693/2249 2250/2690/2250
f 2250/2690/2250 2248/2691/2248 2247/2692/2247
f 2243/2688/2243 2245/2689/2245 2246/2686/2246
f 2246/2686/2246 2244/2687/2244 2243/2688/2243
f 2239/2684/2239 2241/2685/2241 2242/2682/2242
f 2242/2682/2242 2240/2683/2240 2239/2684/2239
f 1506/1709/1506 1504/1710/1504 1503/1711/1503
f 1503/1711/1503 1505/1712/1505 1506/1709/1506
f 1499/1707/1499 1501/1708/1501 1502/1705/1502
f 1502/1705/1502 1500/1706/1500 1499/1707/1499
g fff002fb_00130_00317578_e11
f 687/669/687 693/674/693 692/673/692
f 687/669/687 688/670/688 693/674/693
f 698/669/698 703/673/703 704/674/704
f 698/669/698 704/674/704 699/670/699
f 715/691/715 703/673/703 714/690/714
f 703/673/703 715/691/715 704/674/704
f 853/895/853 850/751/850 753/752/753
f 858/900/858 752/753/752 849/750/849
f 854/896/854 753/752/753 766/779/766
f 860/902/860 760/775/760 765/778/765
f 761/774/761 855/897/855 766/779/766
f 752/753/752 859/901/859 765/778/765
f 839/883/839 771/808/771 836/807/836
f 846/892/846 835/806/835 770/809/770
f 840/884/840 780/810/780 771/808/771
f 844/890/844 779/813/779 774/812/774
f 775/811/775 780/810/780 843/885/843
f 846/892/846 779/813/779 843/889/843
f 782/814/782 783/815/783 786/816/786
f 786/816/786 785/817/785 782/814/782
f 785/817/785 786/816/786 797/837/797
f 797/837/797 796/835/796 785/817/785
f 791/818/791 790/819/790 796/835/796
f 796/835/796 797/837/797 791/818/791
f 840/884/840 771/808/771 839/883/839
f 770/809/770 779/813/779 846/892/846
f 843/885/843 780/810/780 840/884/840
f 842/888/842 843/885/843 840/884/840
f 775/811/775 843/885/843 844/886/844
f 843/889/843 779/813/779 844/890/844
f 845/891/845 835/806/835 846/892/846
f 841/887/841 848/894/848 842/888/842
f 842/888/842 848/894/848 847/893/847
f 847/893/847 843/889/843 842/888/842
f 846/892/846 843/889/843 847/893/847
f 854/896/854 853/895/853 753/752/753
f 859/901/859 860/902/860 765/778/765
f 855/897/855 854/896/854 766/779/766
f 752/753/752 858/900/858 859/901/859
f 761/774/761 856/898/856 855/897/855
f 857/899/857 858/900/858 849/750/849
f 1094/1183/1094 1095/1184/1095 1091/1185/1091
f 1091/1185/1091 1090/1186/1090 1094/1183/1094
f 1148/1230/1148 1145/1232/1145 1149/1231/1149
f 1145/1232/1145 1148/1230/1148 1144/1233/1144
f 1144/1242/1144 1180/1270/1180 1179/1268/1179
f 1153/1243/1153 1180/1270/1180 1152/1245/1152
f 1144/1242/1144 1179/1268/1179 1145/1244/1145
f 1153/1243/1153 1179/1268/1179 1180/1270/1180
f 1152/1280/1152 1193/1284/1193 1153/1281/1153
f 1189/1268/1189 1193/1284/1193 1194/1286/1194
f 1152/1280/1152 1194/1286/1194 1193/1284/1193
f 1189/1268/1189 1194/1286/1194 1188/1270/1188
f 2252/2694/2252 2254/2697/2254 2251/2695/2251
f 2252/2694/2252 2253/2696/2253 2254/2697/2254
f 2256/2698/2256 2258/2699/2258 2255/2700/2255
f 2256/2698/2256 2257/2701/2257 2258/2699/2258
f 2260/2702/2260 2264/2707/2264 2259/2704/2259
f 2264/2708/2264 2263/2709/2263 2262/2703/2262
f 2263/2709/2263 2261/2705/2261 2262/2703/2262
f 2260/2702/2260 2263/2706/2263 2264/2707/2264
f 2266/2710/2266 2268/2711/2268 2265/2712/2265
f 2266/2710/2266 2267/2713/2267 2268/2711/2268
f 2270/2714/2270 2272/2715/2272 2269/2716/2269
f 2270/2714/2270 2271/2717/2271 2272/2715/2272
f 2288/2733/2288 2305/2734/2305 2303/2735/2303
f 2304/2736/2304 2302/2737/2302 2303/2735/2303
f 2305/2734/2305 2304/2736/2304 2303/2735/2303
f 2428/2694/2428 2430/2697/2430 2427/2695/2427
f 2428/2694/2428 2429/2696/2429 2430/2697/2430
f 2432/2698/2432 2434/2699/2434 2431/2700/2431
f 2432/2698/2432 2433/2701/2433 2434/2699/2434
f 2456/2848/2456 2457/2851/2457 2458/2849/2458
f 2456/2848/2456 2458/2849/2458 2455/2850/2455
f 2444/2836/2444 2448/2841/2448 2443/2838/2443
f 2447/2840/2447 2448/2841/2448 2446/2837/2446
f 2443/2838/2443 2448/2841/2448 2447/2840/2447
f 2448/2841/2448 2445/2839/2445 2446/2837/2446
g fff002fb_00130_00317578_e12
f 690/683/690 725/704/725 724/702/724
f 690/683/690 691/680/691 725/704/725
f 701/683/701 706/684/706 707/679/707
f 701/683/701 707/679/707 702/680/702
f 718/696/718 706/684/706 717/695/717
f 706/684/706 718/696/718 707/679/707
f 730/702/730 726/679/726 695/684/695
f 730/702/730 731/704/731 726/679/726
f 839/883/839 841/887/841 840/884/840
f 841/887/841 842/888/842 840/884/840
f 847/893/847 845/891/845 846/892/846
f 848/894/848 845/891/845 847/893/847
f 853/895/853 854/896/854 857/899/857
f 858/900/858 854/896/854 855/897/855
f 855/897/855 856/898/856 859/901/859
f 857/899/857 854/896/854 858/900/858
f 859/901/859 858/900/858 855/897/855
f 859/901/859 856/898/856 860/902/860
g fff002fb_00130_00317578_e15
f 1678/1967/1678 1677/1968/1677 1673/1969/1673
f 1673/1969/1673 1674/1970/1674 1678/1967/1678
f 1676/1969/1676 1675/1970/1675 1679/1967/1679
f 1679/1967/1679 1680/1968/1680 1676/1969/1676
f 1675/1965/1675 1673/1966/1673 1677/1963/1677
f 1677/1963/1677 1679/1964/1679 1675/1965/1675
f 1594/1826/1594 1595/1828/1595 1593/1827/1593
f 1592/1825/1592 1594/1826/1594 1593/1827/1593
f 1543/1755/1543 1547/1757/1547 1544/1754/1544
f 1547/1757/1547 1543/1755/1543 1545/1753/1545
f 1547/1757/1547 1548/1758/1548 1544/1754/1544
f 1545/1753/1545 1546/1756/1546 1547/1757/1547
f 1563/1779/1563 1561/1772/1561 1558/1773/1558
f 1558/1773/1558 1557/1774/1557 1563/1779/1563
f 1561/1775/1561 1562/1776/1562 1559/1777/1559
f 1559/1777/1559 1558/1778/1558 1561/1775/1561
f 1559/1781/1559 1563/1780/1563 1557/1782/1557
f 1563/1780/1563 1559/1781/1559 1562/1783/1562
f 1561/1772/1561 1563/1779/1563 1560/1771/1560
f 1562/1783/1562 1560/1784/1560 1563/1780/1563
f 1588/1821/1588 1590/1822/1590 1589/1823/1589
f 1590/1822/1590 1591/1824/1591 1589/1823/1589
f 1539/1833/1539 1541/1834/1541 1537/1835/1537
f 1537/1835/1537 1535/1836/1535 1539/1833/1539
f 1541/1837/1541 1542/1838/1542 1538/1839/1538
f 1538/1839/1538 1537/1840/1537 1541/1837/1541
f 1535/1839/1535 1536/1840/1536 1540/1837/1540
f 1540/1837/1540 1539/1838/1539 1535/1839/1535
f 1651/1971/1651 1649/1972/1649 1652/1973/1652
f 1650/1974/1650 1652/1973/1652 1649/1972/1649
f 1652/1973/1652 1648/1975/1648 1651/1971/1651
f 1648/1975/1648 1652/1973/1652 1647/1976/1647
f 1648/1977/1648 1647/1978/1647 1650/1979/1650
f 1650/1979/1650 1651/1980/1651 1648/1977/1648
f 1617/1908/1617 1618/1906/1618 1615/1910/1615
f 1652/1973/1652 1650/1974/1650 1647/1976/1647
f 1600/1889/1600 1602/1890/1602 1598/1891/1598
f 1598/1891/1598 1596/1892/1596 1600/1889/1600
f 1602/1893/1602 1603/1894/1603 1599/1895/1599
f 1599/1895/1599 1598/1896/1598 1602/1893/1602
f 1596/1895/1596 1597/1896/1597 1601/1893/1601
f 1601/1893/1601 1600/1894/1600 1596/1895/1596
f 1618/1897/1618 1613/1899/1613 1616/1898/1616
f 1613/1899/1613 1618/1897/1618 1612/1900/1612
f 1616/1901/1616 1614/1903/1614 1617/1902/1617
f 1614/1903/1614 1616/1901/1616 1613/1904/1613
f 1614/1905/1614 1612/1907/1612 1618/1906/1618
f 1618/1906/1618 1617/1908/1617 1614/1905/1614
f 1616/1898/1616 1615/1909/1615 1618/1897/1618
f 1689/1981/1689 1690/1983/1690 1687/1982/1687
f 1688/1984/1688 1687/1982/1687 1690/1983/1690
f 1690/1983/1690 1689/1981/1689 1686/1985/1686
f 1686/1985/1686 1685/1986/1685 1690/1983/1690
f 1686/1987/1686 1688/1989/1688 1685/1988/1685
f 1688/1989/1688 1686/1987/1686 1689/1990/1689
f 1690/1983/1690 1685/1986/1685 1688/1984/1688
g fff002fb_00130_00317578_e16
f 1721/2023/1721 1716/2019/1716 1715/2020/1715
f 1715/2020/1715 1717/2021/1717 1722/2024/1722
f 1716/2019/1716 1721/2023/1721 1718/2018/1718
f 1715/2020/1715 1722/2024/1722 1721/2023/1721
f 1732/2035/1732 1730/2032/1730 1729/2033/1729
f 1731/2034/1731 1730/2032/1730 1732/2035/1732
f 1736/2036/1736 1734/2037/1734 1733/2038/1733
f 1735/2039/1735 1734/2037/1734 1736/2036/1736
f 1749/2054/1749 1746/2056/1746 1747/2055/1747
f 1748/2057/1748 1749/2054/1749 1747/2055/1747
f 1753/2058/1753 1750/2060/1750 1751/2059/1751
f 1752/2061/1752 1753/2058/1753 1751/2059/1751
f 1762/2070/1762 1760/2071/1760 1759/2072/1759
f 1761/2073/1761 1760/2071/1760 1762/2070/1762
f 1766/2074/1766 1763/2076/1763 1764/2075/1764
f 1765/2077/1765 1766/2074/1766 1764/2075/1764
f 1787/2102/1787 1789/2103/1789 1785/2104/1785
f 1785/2104/1785 1783/2105/1783 1787/2102/1787
f 1789/2106/1789 1790/2107/1790 1786/2108/1786
f 1786/2108/1786 1785/2109/1785 1789/2106/1789
f 1783/2110/1783 1784/2111/1784 1788/2112/1788
f 1788/2112/1788 1787/2113/1787 1783/2110/1783
g fff002fb_00130_00317578_e18
f 2615/505/2615 2618/577/2618 2617/578/2617
f 2659/2009/2659 2661/2017/2661 2660/2010/2660
f 2663/2025/2663 2666/2028/2666 2664/2026/2664
f 2621/520/2621 2618/522/2618 2622/521/2622
f 2618/522/2618 2621/524/2621 2617/523/2617
f 2622/518/2622 2623/525/2623 2621/516/2621
f 2623/525/2623 2622/518/2622 2624/526/2624
f 2666/2028/2666 2663/2025/2663 2665/2027/2665
f 2657/2008/2657 2671/2045/2671 2661/2017/2661
f 2669/2041/2669 2664/2030/2664 2670/2040/2670
f 2670/2043/2670 2667/2029/2667 2669/2044/2669
f 2615/507/2615 2620/538/2620 2616/501/2616
f 2620/538/2620 2615/507/2615 2619/537/2619
f 2850/398/2850 2854/405/2854 2852/397/2852
f 2862/2145/2862 2859/2142/2859 2861/2144/2861
f 2654/1678/2654 2653/1679/2653 2652/1686/2652
f 2650/1687/2650 2651/1701/2651 2649/1676/2649
f 2652/1686/2652 2653/1679/2653 2651/1679/2651
f 2615/505/2615 2616/506/2616 2618/577/2618
f 2860/2143/2860 2859/2142/2859 2862/2145/2862
f 2769/505/2769 2770/506/2770 2772/577/2772
f 2774/538/2774 2769/507/2769 2773/537/2773
f 2769/507/2769 2774/538/2774 2770/501/2770
f 2777/525/2777 2776/518/2776 2778/526/2778
f 2776/518/2776 2777/525/2777 2775/516/2775
f 2772/522/2772 2775/524/2775 2771/523/2771
f 2775/520/2775 2772/522/2772 2776/521/2776
f 2769/505/2769 2772/577/2772 2771/578/2771
f 2664/2030/2664 2669/2041/2669 2663/2031/2663
f 2667/2029/2667 2670/2043/2670 2668/2042/2668
f 2657/2008/2657 2662/2022/2662 2671/2045/2671
f 2650/1687/2650 2652/1702/2652 2651/1701/2651
f 2657/2016/2657 2656/2005/2656 2658/2006/2658
f 2656/2013/2656 2657/2015/2657 2655/2014/2655
f 2661/2017/2661 2659/2009/2659 2657/2008/2657
f 2657/2008/2657 2658/2007/2658 2662/2022/2662
f 2850/398/2850 2851/396/2851 2849/399/2849
f 2607/396/2607 2606/398/2606 2608/397/2608
f 2606/398/2606 2607/396/2607 2605/399/2605
f 2858/413/2858 2855/409/2855 2857/412/2857
f 2627/671/2627 2640/701/2640 2628/672/2628
f 2633/671/2633 2634/672/2634 2637/676/2637
f 2632/677/2632 2633/671/2633 2636/675/2636
f 2606/398/2606 2610/405/2610 2608/397/2608
f 2610/405/2610 2606/398/2606 2609/404/2609
f 2627/671/2627 2639/700/2639 2640/701/2640
f 2626/677/2626 2639/700/2639 2627/671/2627
f 2851/396/2851 2850/398/2850 2852/397/2852
f 2855/409/2855 2858/413/2858 2856/408/2856
f 2633/671/2633 2637/676/2637 2636/675/2636
f 2626/677/2626 2631/699/2631 2639/700/2639
f 2856/408/2856 2853/406/2853 2855/409/2855
f 2632/677/2632 2636/675/2636 2635/678/2635
f 2643/732/2643 2642/734/2642 2644/733/2644
f 2642/734/2642 2643/732/2643 2641/735/2641
f 2609/406/2609 2612/408/2612 2610/407/2610
f 2612/408/2612 2609/406/2609 2611/409/2611
f 2853/406/2853 2856/408/2856 2854/407/2854
f 2854/405/2854 2850/398/2850 2853/404/2853
f 2611/409/2611 2614/413/2614 2612/408/2612
f 2614/413/2614 2611/409/2611 2613/412/2613
f 2625/669/2625 2630/673/2630 2631/674/2631
f 2625/669/2625 2631/674/2631 2626/670/2626
f 2646/774/2646 2644/779/2644 2642/897/2642
f 2648/902/2648 2642/778/2642 2645/775/2645
f 2646/774/2646 2642/897/2642 2647/898/2647
f 2628/683/2628 2640/702/2640 2638/704/2638
f 2628/683/2628 2638/704/2638 2629/680/2629
f 2634/683/2634 2638/679/2638 2637/684/2637
f 2634/683/2634 2629/680/2629 2638/679/2638
f 2642/901/2642 2648/902/2648 2647/898/2647
