# fff0af14_00159_004c577e
o fff0af14_00159_004c577e
v 0.002802 -0.416486 1.484896
v -0.026314 -0.408870 1.506043
v 0.031976 -0.315927 0.055872
v 0.031897 -0.324890 1.440614
v 0.020855 -0.280800 0.055872
v 0.020788 -0.289990 1.457239
v -0.015130 -0.280803 0.055872
v -0.015190 -0.289985 1.457239
v -0.026241 -0.315926 0.055872
v -0.026311 -0.324889 1.440614
v 0.002802 -0.346454 1.430339
v 0.002863 -0.337642 0.055872
v -0.015127 -5.840721 0.042874
v -0.026233 -5.805593 0.042873
v 0.002865 -5.783879 0.042874
v 0.002926 -5.783874 1.431361
v 0.032037 -5.805596 1.440857
v 0.020912 -5.840730 1.456223
v -0.015066 -5.840723 1.456223
v -0.026180 -5.805588 1.440857
v 0.032039 -5.730407 1.505938
v 0.020914 -5.743773 1.540153
v -0.015071 -5.743768 1.540153
v -0.026177 -5.730413 1.505938
v 0.002923 -5.722146 1.484793
v 0.031895 -0.408872 1.506043
v 0.020792 -0.396547 1.540259
v -0.015193 -0.396542 1.540259
v 0.031975 -5.805586 0.042874
v 0.020850 -5.840719 0.042874
v 0.032048 -5.779867 1.483907
v 0.020940 -5.799696 1.512513
v -0.015038 -5.799956 1.512291
v 0.002950 -5.759393 1.473343
v -0.026143 -5.781617 1.482394
v 0.031910 -0.358702 1.478423
v 0.020789 -0.334184 1.503142
v -0.015190 -0.339154 1.507012
v 0.002797 -0.380323 1.468191
v -0.026302 -0.364638 1.483056
v 0.002939 -0.416482 -0.698912
v 0.032032 -0.408868 -0.720061
v -0.026174 -0.324885 -0.654631
v -0.015051 -0.289987 -0.671256
v 0.020910 -0.289980 -0.671257
v 0.032035 -0.324886 -0.654632
v 0.002940 -0.346458 -0.644355
v 0.002804 -5.783885 -0.645378
v -0.026295 -5.805582 -0.654875
v -0.015189 -5.840719 -0.670239
v 0.020789 -5.840725 -0.670239
v 0.031914 -5.805592 -0.654873
v -0.026300 -5.730409 -0.719954
v -0.015186 -5.743770 -0.754170
v 0.020791 -5.743769 -0.754171
v 0.031916 -5.730402 -0.719955
v 0.002801 -5.722157 -0.698809
v -0.026176 -0.408866 -0.720060
v -0.015055 -0.396545 -0.754276
v 0.020914 -0.396544 -0.754277
v -0.026330 -5.779856 -0.697925
v -0.015220 -5.799706 -0.726530
v 0.020764 -5.799963 -0.726310
v 0.002773 -5.759385 -0.687360
v 0.031881 -5.781611 -0.696411
v -0.026176 -0.358698 -0.692441
v -0.015065 -0.334189 -0.717158
v 0.020910 -0.339150 -0.721031
v 0.002919 -0.380320 -0.682207
v 0.032021 -0.364637 -0.697072
v 0.009453 -5.926800 -0.910526
v -0.039450 -5.890342 -0.910526
v 0.058541 -5.890513 2.086007
v 0.039862 -5.831526 2.086007
v -0.020560 -5.831525 2.086007
v -0.039205 -5.890524 2.086007
v 0.009651 -5.926970 2.086007
v 0.058313 -5.890346 -0.910526
v 0.039663 -5.831347 -0.910526
v -0.020759 -5.831346 -0.910526
v -0.133137 -5.722413 -0.938406
v -0.133138 -6.017621 -0.938406
v 0.134586 -5.722412 -0.938406
v 0.134593 -6.017620 -0.938406
v -0.079340 -5.781743 -0.811084
v -0.079340 -5.958293 -0.811084
v 0.080788 -5.781740 -0.811084
v 0.080789 -5.958305 -0.811084
v 0.008734 -0.329272 1.432757
v -0.016932 -0.341558 1.450197
v 0.029517 -5.786539 -0.702973
v 0.003855 -5.806406 -0.674755
v -0.021814 -5.786548 -0.702973
v 0.003853 -5.774261 -0.720411
v 0.034384 -0.341560 1.450197
v 0.008737 -0.361425 1.478415
v 0.008931 -0.326879 -0.265955
v 0.008935 -0.571620 -0.265955
v 0.009053 -0.326885 -0.347839
v 0.008827 -0.571614 -0.347736
v -0.004524 -0.326882 -0.265955
v -0.004528 -0.571615 -0.265955
v -0.004402 -0.326879 -0.347839
v -0.004627 -0.571616 -0.347736
v 0.008931 -0.326879 1.006539
v 0.008935 -0.571620 1.006539
v 0.009053 -0.326885 0.924655
v 0.008827 -0.571614 0.924758
v -0.004524 -0.326882 1.006539
v -0.004528 -0.571615 1.006539
v -0.004402 -0.326879 0.924655
v -0.004627 -0.571616 0.924758
v 0.002818 11.798627 1.484896
v -0.026296 11.806320 1.506043
v 0.031990 11.899213 0.055872
v 0.031919 11.890255 1.440614
v 0.020870 11.934328 0.055872
v 0.020808 11.925178 1.457239
v -0.015109 11.934353 0.055872
v -0.015169 11.925164 1.457239
v -0.026216 11.899186 0.055872
v -0.026296 11.890235 1.440614
v 0.002817 11.868682 1.430339
v 0.002874 11.877526 0.055872
v -0.015133 5.986022 0.042874
v -0.026239 6.021151 0.042873
v 0.002859 6.042863 0.042874
v 0.002920 6.042861 1.431361
v 0.032039 6.021147 1.440857
v 0.020914 5.986014 1.456223
v -0.015071 5.986012 1.456223
v -0.026177 6.021148 1.440857
v 0.032034 6.096329 1.505938
v 0.020908 6.082969 1.540153
v -0.015069 6.082975 1.540153
v -0.026175 6.096330 1.505938
v 0.002925 6.104589 1.484793
v 0.031916 11.806273 1.506043
v 0.020805 11.818604 1.540259
v -0.015175 11.818634 1.540259
v 0.031977 6.021150 0.042874
v 0.020852 5.986017 0.042874
v 0.032049 6.046877 1.483907
v 0.020943 6.027040 1.512513
v -0.015036 6.026787 1.512291
v 0.002952 6.067350 1.473343
v -0.026149 6.045126 1.482394
v 0.031932 11.856441 1.478423
v 0.020810 11.880962 1.503142
v -0.015166 11.875958 1.507012
v 0.002822 11.834783 1.468191
v -0.026278 11.850475 1.483056
v 0.002955 11.798635 -0.698912
v 0.032056 11.806253 -0.720061
v -0.026159 11.890247 -0.654631
v -0.015038 11.925160 -0.671256
v 0.020929 11.925188 -0.671257
v 0.032057 11.890250 -0.654632
v 0.002952 11.868718 -0.644355
v 0.002798 6.042858 -0.645378
v -0.026300 6.021152 -0.654875
v -0.015187 5.986017 -0.670239
v 0.020791 5.986019 -0.670239
v 0.031916 6.021152 -0.654873
v -0.026297 6.096327 -0.719954
v -0.015192 6.082973 -0.754170
v 0.020793 6.082974 -0.754171
v 0.031911 6.096334 -0.719955
v 0.002803 6.104587 -0.698809
v -0.026158 11.806317 -0.720060
v -0.015038 11.818646 -0.754276
v 0.020931 11.818569 -0.754277
v -0.026328 6.046879 -0.697925
v -0.015218 6.027038 -0.726530
v 0.020758 6.026780 -0.726310
v 0.002767 6.067358 -0.687360
v 0.031883 6.045125 -0.696411
v -0.026155 11.856452 -0.692441
v -0.015052 11.880966 -0.717158
v 0.020932 11.875987 -0.721031
v 0.002943 11.834797 -0.682207
v 0.032044 11.850480 -0.697072
v 0.009455 5.899936 -0.910526
v -0.039448 5.936402 -0.910526
v 0.058660 5.936219 2.332458
v 0.039980 5.995214 2.332458
v -0.020442 5.995216 2.332458
v -0.039094 5.936215 2.332458
v 0.009771 5.899754 2.332458
v 0.058314 5.936406 -0.910526
v 0.039665 5.995397 -0.910526
v -0.020757 5.995398 -0.910526
v -0.133143 6.104322 -0.938406
v -0.133144 5.809122 -0.938406
v 0.134588 6.104323 -0.938406
v 0.134588 5.809115 -0.938406
v -0.079339 6.045000 -0.811084
v -0.079338 5.868443 -0.811084
v 0.080791 6.044995 -0.811084
v 0.080790 5.868446 -0.811084
v 0.008753 11.885904 1.432757
v -0.016911 11.873594 1.450197
v 0.029519 6.040196 -0.702973
v 0.003850 6.020329 -0.674755
v -0.021812 6.040196 -0.702973
v 0.003855 6.052475 -0.720411
v 0.034408 11.873561 1.450197
v 0.008754 11.853680 1.478415
v 0.008951 11.888273 -0.265955
v 0.008955 11.643549 -0.265955
v 0.009074 11.888276 -0.347839
v 0.008848 11.643539 -0.347736
v -0.004501 11.888235 -0.265955
v -0.004507 11.643538 -0.265955
v -0.004378 11.888238 -0.347839
v -0.004612 11.643508 -0.347736
v 0.008951 11.888273 1.006539
v 0.008955 11.643549 1.006539
v 0.009074 11.888276 0.924655
v 0.008848 11.643539 0.924758
v -0.004501 11.888235 1.006539
v -0.004507 11.643538 1.006539
v -0.004378 11.888238 0.924655
v -0.004612 11.643508 0.924758
v 0.002814 5.775480 1.484896
v -0.026300 5.783088 1.506043
v 0.031989 5.876031 0.055872
v 0.031910 5.867075 1.440614
v 0.020868 5.911166 0.055872
v 0.020801 5.901976 1.457239
v -0.015117 5.911156 0.055872
v -0.015176 5.901974 1.457239
v -0.026220 5.876033 0.055872
v -0.026298 5.867069 1.440614
v 0.002816 5.845504 1.430339
v 0.002876 5.854316 0.055872
v -0.015114 -0.214308 0.042874
v -0.026220 -0.179180 0.042873
v 0.002878 -0.157466 0.042874
v 0.002940 -0.157469 1.431361
v 0.032050 -0.179176 1.440857
v 0.020925 -0.214317 1.456223
v -0.015053 -0.214311 1.456223
v -0.026158 -0.179182 1.440857
v 0.032053 -0.104001 1.505938
v 0.020927 -0.117353 1.540153
v -0.015050 -0.117355 1.540153
v -0.026163 -0.104000 1.505938
v 0.002937 -0.095742 1.484793
v 0.031915 5.783094 1.506043
v 0.020805 5.795411 1.540259
v -0.015172 5.795417 1.540259
v 0.031988 -0.179174 0.042874
v 0.020864 -0.214315 0.042874
v 0.032069 -0.153453 1.483907
v 0.020962 -0.173290 1.512513
v -0.015025 -0.173544 1.512291
v 0.002971 -0.132980 1.473343
v -0.026130 -0.155204 1.482394
v 0.031931 5.833257 1.478423
v 0.020802 5.857776 1.503142
v -0.015176 5.852804 1.507012
v 0.002818 5.811637 1.468191
v -0.026281 5.827322 1.483056
v 0.002953 5.775477 -0.698912
v 0.032053 5.783091 -0.720061
v -0.026160 5.867074 -0.654631
v -0.015038 5.901971 -0.671256
v 0.020923 5.901978 -0.671257
v 0.032048 5.867072 -0.654632
v 0.002954 5.845500 -0.644355
v 0.002817 -0.157464 -0.645378
v -0.026281 -0.179178 -0.654875
v -0.015175 -0.214306 -0.670239
v 0.020802 -0.214312 -0.670239
v 0.031927 -0.179179 -0.654873
v -0.026286 -0.103996 -0.719954
v -0.015172 -0.117358 -0.754170
v 0.020805 -0.117356 -0.754171
v 0.031930 -0.103997 -0.719955
v 0.002815 -0.095744 -0.698809
v -0.026163 5.783092 -0.720060
v -0.015042 5.795413 -0.754276
v 0.020928 5.795414 -0.754277
v -0.026316 -0.153451 -0.697925
v -0.015207 -0.173292 -0.726530
v 0.020776 -0.173542 -0.726310
v 0.002786 -0.132972 -0.687360
v 0.031902 -0.155198 -0.696411
v -0.026163 5.833261 -0.692441
v -0.015052 5.857769 -0.717158
v 0.020923 5.852808 -0.721031
v 0.002940 5.811640 -0.682207
v 0.032034 5.827321 -0.697072
v 0.009467 -0.300395 -0.910526
v -0.039436 -0.263929 -0.910526
v 0.058555 -0.264109 2.086007
v 0.039875 -0.205113 2.086007
v -0.020546 -0.205112 2.086007
v -0.039191 -0.264111 2.086007
v 0.009666 -0.300574 2.086007
v 0.058325 -0.263925 -0.910526
v 0.039683 -0.204925 -0.910526
v -0.020746 -0.204925 -0.910526
v -0.133123 -0.096008 -0.938406
v -0.133125 -0.391208 -0.938406
v 0.134608 -0.096007 -0.938406
v 0.134606 -0.391207 -0.938406
v -0.079319 -0.155330 -0.811084
v -0.079319 -0.331887 -0.811084
v 0.080802 -0.155328 -0.811084
v 0.080802 -0.331885 -0.811084
v 0.008748 5.862687 1.432757
v -0.016919 5.850400 1.450197
v 0.029531 -0.160127 -0.702973
v 0.003869 -0.180002 -0.674755
v -0.021793 -0.160126 -0.702973
v 0.003867 -0.147856 -0.720411
v 0.034398 5.850398 1.450197
v 0.008751 5.830534 1.478415
v 0.008952 5.865080 -0.265955
v 0.008948 5.620346 -0.265955
v 0.009074 5.865083 -0.347839
v 0.008841 5.620345 -0.347736
v -0.004511 5.865077 -0.265955
v -0.004507 5.620344 -0.265955
v -0.004389 5.865080 -0.347839
v -0.004614 5.620343 -0.347736
v 0.008952 5.865080 1.006539
v 0.008948 5.620346 1.006539
v 0.009074 5.865083 0.924655
v 0.008841 5.620345 0.924758
v -0.004511 5.865077 1.006539
v -0.004507 5.620344 1.006539
v -0.004389 5.865080 0.924655
v -0.004614 5.620343 0.924758
v -0.069481 11.892528 2.035838
v 0.009005 -5.858611 2.035769
v -0.069358 11.892523 1.534871
v 0.008898 -5.858604 1.535431
v 0.008983 5.066634 1.963206
v 0.009005 -4.658726 1.987315
v 0.008962 11.086735 1.991203
v 0.008991 -0.456501 2.019574
v 0.008989 -0.221666 2.018239
v -0.019345 5.958872 1.535053
v 0.011171 11.941117 -0.910526
v -0.037732 11.977576 -0.910526
v 0.060259 11.977404 2.086007
v 0.041580 12.036391 2.086007
v -0.018842 12.036393 2.086007
v -0.037487 11.977393 2.086007
v 0.011369 11.940947 2.086007
v 0.060030 11.977571 -0.910526
v 0.041381 12.036571 -0.910526
v -0.019041 12.036572 -0.910526
v -0.131420 12.145504 -0.938406
v -0.131421 11.850296 -0.938406
v 0.136304 12.145505 -0.938406
v 0.136310 11.850298 -0.938406
v -0.077623 12.086174 -0.811083
v -0.077623 11.909625 -0.811083
v 0.082506 12.086177 -0.811083
v 0.082507 11.909612 -0.811083
v 0.002802 -0.416486 1.484896
v 0.002802 -0.346454 1.430339
v 0.002863 -0.337642 0.055872
v 0.002865 -5.783879 0.042874
v 0.002926 -5.783874 1.431361
v 0.002923 -5.722146 1.484793
v 0.002950 -5.759393 1.473343
v 0.002797 -0.380323 1.468191
v 0.002939 -0.416482 -0.698912
v 0.002940 -0.346458 -0.644355
v 0.002804 -5.783885 -0.645378
v 0.002801 -5.722157 -0.698809
v 0.002773 -5.759385 -0.687360
v 0.002919 -0.380320 -0.682207
v 0.002818 11.798627 1.484896
v 0.002817 11.868682 1.430339
v 0.002874 11.877526 0.055872
v 0.002859 6.042863 0.042874
v 0.002920 6.042861 1.431361
v 0.002925 6.104589 1.484793
v 0.002952 6.067350 1.473343
v 0.002822 11.834783 1.468191
v 0.002955 11.798635 -0.698912
v 0.002952 11.868718 -0.644355
v 0.002798 6.042858 -0.645378
v 0.002803 6.104587 -0.698809
v 0.002767 6.067358 -0.687360
v 0.002943 11.834797 -0.682207
v 0.002814 5.775480 1.484896
v 0.002816 5.845504 1.430339
v 0.002876 5.854316 0.055872
v 0.002878 -0.157466 0.042874
v 0.002940 -0.157469 1.431361
v 0.002937 -0.095742 1.484793
v 0.002971 -0.132980 1.473343
v 0.002818 5.811637 1.468191
v 0.002953 5.775477 -0.698912
v 0.002954 5.845500 -0.644355
v 0.002817 -0.157464 -0.645378
v 0.002815 -0.095744 -0.698809
v 0.002786 -0.132972 -0.687360
v 0.002940 5.811640 -0.682207
v -0.004873 -0.318038 1.535247
v 0.002581 -6.065999 1.484852
v -0.026534 -6.058383 1.505999
v 0.031755 -5.965440 0.055829
v 0.031677 -5.974403 1.440570
v 0.020635 -5.930313 0.055828
v 0.020568 -5.939503 1.457195
v -0.015350 -5.930315 0.055829
v -0.015410 -5.939497 1.457195
v -0.026461 -5.965439 0.055828
v -0.026531 -5.974402 1.440570
v 0.002582 -5.995967 1.430295
v 0.002642 -5.987155 0.055828
v -0.015348 -8.982134 0.042830
v -0.026454 -8.947005 0.042830
v 0.002644 -8.925292 0.042830
v 0.002705 -8.925286 1.431317
v 0.031816 -8.947009 1.440813
v 0.020691 -8.982142 1.456179
v -0.015287 -8.982136 1.456179
v -0.026401 -8.947001 1.440813
v 0.031818 -8.871819 1.505894
v 0.020694 -8.885186 1.540109
v -0.015292 -8.885180 1.540109
v -0.026397 -8.871826 1.505894
v 0.002702 -8.863559 1.484749
v 0.031675 -6.058385 1.505999
v 0.020572 -6.046060 1.540215
v -0.015414 -6.046055 1.540215
v 0.031754 -8.946999 0.042831
v 0.020629 -8.982132 0.042830
v 0.031827 -8.921280 1.483864
v 0.020720 -8.941109 1.512470
v -0.015259 -8.941369 1.512248
v 0.002729 -8.900805 1.473300
v -0.026364 -8.923030 1.482350
v 0.031690 -6.008215 1.478380
v 0.020569 -5.983696 1.503099
v -0.015410 -5.988667 1.506969
v 0.002577 -6.029836 1.468148
v -0.026523 -6.014151 1.483012
v 0.002719 -6.065995 -0.698955
v 0.031812 -6.058381 -0.720104
v -0.026394 -5.974398 -0.654675
v -0.015272 -5.939500 -0.671299
v 0.020690 -5.939493 -0.671300
v 0.031815 -5.974399 -0.654675
v 0.002720 -5.995971 -0.644398
v 0.002583 -8.925298 -0.645422
v -0.026516 -8.946995 -0.654918
v -0.015410 -8.982132 -0.670282
v 0.020568 -8.982138 -0.670282
v 0.031693 -8.947004 -0.654916
v -0.026520 -8.871821 -0.719998
v -0.015407 -8.885182 -0.754213
v 0.020571 -8.885181 -0.754214
v 0.031695 -8.871815 -0.719998
v 0.002580 -8.863570 -0.698853
v -0.026396 -6.058379 -0.720103
v -0.015275 -6.046058 -0.754319
v 0.020694 -6.046057 -0.754320
v -0.026551 -8.921268 -0.697968
v -0.015441 -8.941118 -0.726574
v 0.020543 -8.941376 -0.726353
v 0.002552 -8.900798 -0.687404
v 0.031660 -8.923024 -0.696454
v -0.026396 -6.008211 -0.692484
v -0.015285 -5.983702 -0.717202
v 0.020689 -5.988663 -0.721074
v 0.002699 -6.029833 -0.682250
v 0.031801 -6.014150 -0.697115
v 0.009232 -9.068213 -0.910570
v -0.039670 -9.031754 -0.910570
v 0.058320 -9.031926 2.085963
v 0.039641 -8.972939 2.085963
v -0.020780 -8.972938 2.085963
v -0.039425 -9.031937 2.085963
v 0.009431 -9.068383 2.085963
v 0.058092 -9.031758 -0.910570
v 0.039442 -8.972759 -0.910570
v -0.020979 -8.972758 -0.910570
v -0.133358 -8.863826 -0.938449
v -0.133359 -9.159034 -0.938449
v 0.134365 -8.863825 -0.938449
v 0.134372 -9.159033 -0.938449
v -0.079561 -8.923156 -0.811127
v -0.079561 -9.099706 -0.811127
v 0.080568 -8.923153 -0.811127
v 0.080569 -9.099718 -0.811127
v 0.008514 -5.978785 1.432714
v -0.017152 -5.991071 1.450154
v 0.029296 -8.927952 -0.703016
v 0.003634 -8.947819 -0.674798
v -0.022034 -8.927960 -0.703016
v 0.003632 -8.915673 -0.720454
v 0.034164 -5.991073 1.450154
v 0.008517 -6.010938 1.478372
v 0.008710 -5.976392 -0.265999
v 0.008715 -6.221133 -0.265999
v 0.008833 -5.976398 -0.347883
v 0.008607 -6.221127 -0.347780
v -0.004745 -5.976395 -0.265999
v -0.004748 -6.221128 -0.265999
v -0.004622 -5.976392 -0.347883
v -0.004848 -6.221129 -0.347780
v 0.008710 -5.976392 1.006496
v 0.008715 -6.221133 1.006496
v 0.008833 -5.976398 0.924612
v 0.008607 -6.221127 0.924715
v -0.004745 -5.976395 1.006496
v -0.004748 -6.221128 1.006496
v -0.004622 -5.976392 0.924612
v -0.004848 -6.221129 0.924715
v 0.008785 -9.000024 2.035726
v 0.008677 -9.000017 1.535388
v 0.008784 -7.800138 1.987272
v 0.008771 -6.106014 2.019531
v 0.008769 -5.871179 2.018196
v 0.002581 -6.065999 1.484852
v 0.002582 -5.995967 1.430295
v 0.002642 -5.987155 0.055828
v 0.002644 -8.925292 0.042830
v 0.002705 -8.925286 1.431317
v 0.002702 -8.863559 1.484749
v 0.002729 -8.900805 1.473300
v 0.002577 -6.029836 1.468148
v 0.002719 -6.065995 -0.698955
v 0.002720 -5.995971 -0.644398
v 0.002583 -8.925298 -0.645422
v 0.002580 -8.863570 -0.698853
v 0.002552 -8.900798 -0.687404
v 0.002699 -6.029833 -0.682250
v -0.005093 -5.967551 1.535203
v 0.002929 -0.815169 -0.698904
v 0.002934 -0.810223 -0.644496
v 0.002929 -0.815169 -0.698904
v -0.024015 -0.805057 -0.718475
v -0.026185 -0.804243 -0.720052
v -0.015930 -0.811639 -0.751605
v -0.015065 -0.812262 -0.754268
v 0.018009 -0.826860 -0.754268
v 0.020904 -0.828138 -0.754268
v 0.031146 -0.829791 -0.722752
v 0.032023 -0.829933 -0.720052
v 0.005119 -0.816280 -0.700495
v -0.221884 -0.960592 -0.221685
v 0.002868 -0.826265 0.262697
v 0.012922 -1.454059 0.877836
v 0.007753 -1.459128 0.882940
v -0.012787 -1.431259 0.866839
v -0.017903 -1.424318 0.862829
v 0.002666 -1.413324 0.849476
v 0.007765 -1.410600 0.846166
v 0.028271 -1.429279 0.855312
v 0.033408 -1.433956 0.857601
v -0.260640 -4.140226 1.120454
v -0.195215 -4.690615 0.807016
v 0.002811 -5.342648 -0.698817
v 0.002811 -5.342716 -0.694614
v 0.002865 -5.354730 0.043898
v 0.002865 -5.355020 -0.171570
v 0.031924 -5.334295 -0.719963
v 0.029759 -5.334917 -0.718389
v 0.002811 -5.342648 -0.698817
v 0.000734 -5.343194 -0.700325
v -0.026291 -5.350308 -0.719962
v -0.025498 -5.350050 -0.722402
v -0.015176 -5.346694 -0.754178
v -0.012500 -5.345957 -0.754178
v 0.020801 -5.336798 -0.754179
v 0.021649 -5.336607 -0.751567
v 0.027271 -5.339864 -0.456638
v 0.004267 -5.346701 -0.425376
v 0.002108 -5.347237 -0.428943
v -0.021425 -5.353076 -0.467826
v -0.019384 -5.352489 -0.469425
v 0.004237 -5.345690 -0.487923
v 0.006264 -5.345168 -0.485736
v 0.029917 -5.339078 -0.460236
v 0.027806 -5.339705 -0.457365
v 0.103279 -1.656756 0.826543
v 0.110504 -1.652556 0.818911
v 0.110550 -1.652532 0.818862
v 0.131684 -1.640230 0.796515
v 0.127297 -1.632368 0.794653
v 0.114434 -1.609313 0.789186
v 0.107910 -1.610661 0.794554
v 0.088646 -1.614635 0.810404
v 0.092369 -1.625339 0.814505
v 0.002857 -2.489488 1.211923
v -0.208900 -5.066454 -0.698817
v -0.208869 -5.066516 -0.694613
v -0.186042 -5.046580 -0.719963
v -0.187743 -5.048059 -0.718389
v -0.208900 -5.066454 -0.698817
v -0.210547 -5.067826 -0.700325
v -0.232039 -5.085695 -0.719962
v -0.231429 -5.085125 -0.722402
v -0.223487 -5.077721 -0.754178
v -0.221381 -5.075925 -0.754178
v -0.195067 -5.053550 -0.754179
v -0.194381 -5.053019 -0.751567
v -0.130286 -5.170056 -0.364604
v -0.149497 -5.198305 -0.344955
v -0.148696 -5.199531 -0.348896
v -0.139953 -5.212894 -0.391844
v -0.138724 -5.210648 -0.392543
v -0.124442 -5.184623 -0.400616
v -0.124732 -5.183215 -0.397950
v -0.128074 -5.166806 -0.366865
v -0.129844 -5.169400 -0.365061
v -0.091079 -1.933985 0.676079
v -0.083854 -1.929785 0.668447
v -0.083809 -1.929762 0.668398
v -0.062675 -1.917459 0.646051
v -0.067062 -1.909597 0.644189
v -0.079925 -1.886543 0.638722
v -0.086448 -1.887890 0.644090
v -0.105713 -1.891864 0.659940
v -0.101989 -1.902568 0.664041
v 0.002911 -5.074274 1.059102
v 0.127812 -5.361358 0.647607
v 0.002892 -4.215078 1.416445
v 0.002834 -1.605300 1.302039
v -0.195225 -4.855840 0.422590
v 0.002895 -5.221722 0.436567
v -0.198364 -5.041554 -0.009507
v 0.002863 -1.551756 0.605943
v -0.397234 -2.160372 0.867047
v 0.002855 -1.131495 0.521319
v -0.015157 19.486319 0.042875
v -0.026263 19.521448 0.042874
v 0.002835 19.543159 0.042875
v 0.031953 19.521446 0.042875
v 0.020828 19.486313 0.042875
v 0.002774 19.543156 -0.645377
v -0.026324 19.521450 -0.654874
v -0.015210 19.486315 -0.670238
v 0.020767 19.486317 -0.670238
v 0.031892 19.521448 -0.654872
v -0.026321 19.596624 -0.719953
v -0.015216 19.583269 -0.754169
v 0.020769 19.583271 -0.754169
v 0.031887 19.596630 -0.719954
v 0.002779 19.604883 -0.698808
v -0.026352 19.547176 -0.697923
v -0.015242 19.527334 -0.726529
v 0.020734 19.527077 -0.726309
v 0.002743 19.567656 -0.687359
v 0.031859 19.545422 -0.696409
v 0.009432 19.400232 -0.910525
v -0.039472 19.436699 -0.910525
v 0.058290 19.436703 -0.910525
v 0.039641 19.495693 -0.910525
v -0.020781 19.495695 -0.910525
v -0.133166 19.604618 -0.938405
v -0.133168 19.309418 -0.938405
v 0.134565 19.604620 -0.938405
v 0.134564 19.309412 -0.938405
v -0.079362 19.545296 -0.811082
v -0.079362 19.368740 -0.811082
v 0.080767 19.545292 -0.811082
v 0.080767 19.368742 -0.811082
v 0.029496 19.540493 -0.702971
v 0.003826 19.520626 -0.674753
v -0.021836 19.540493 -0.702971
v 0.003831 19.552773 -0.720410
v 0.031965 19.376328 0.112412
v 0.020844 19.411463 0.112412
v -0.015140 19.411453 0.112412
v -0.026243 19.376329 0.112411
v 0.002852 19.354612 0.112412
v -0.015138 12.088034 0.042875
v -0.026243 12.123161 0.042874
v 0.002855 12.144876 0.042875
v 0.002916 12.144873 1.431362
v 0.032026 12.123165 1.440858
v 0.020902 12.088025 1.456224
v -0.015076 12.088031 1.456224
v -0.026182 12.123159 1.440858
v 0.032029 12.198340 1.505939
v 0.020903 12.184989 1.540154
v -0.015074 12.184987 1.540154
v -0.026187 12.198341 1.505939
v 0.002913 12.206600 1.484794
v 0.031965 12.123168 0.042875
v 0.020840 12.088027 0.042875
v 0.032045 12.148889 1.483908
v 0.020938 12.129052 1.512514
v -0.015048 12.128798 1.512293
v 0.002947 12.169362 1.473344
v -0.026153 12.147138 1.482395
v 0.002929 19.275774 -0.698911
v 0.032030 19.283388 -0.720059
v -0.026184 19.367371 -0.654630
v -0.015062 19.402267 -0.671255
v 0.020899 19.402275 -0.671255
v 0.032024 19.367369 -0.654631
v 0.002930 19.345797 -0.644353
v 0.002793 12.144877 -0.645377
v -0.026305 12.123164 -0.654874
v -0.015199 12.088036 -0.670238
v 0.020779 12.088030 -0.670238
v 0.031904 12.123162 -0.654872
v -0.026310 12.198346 -0.719953
v -0.015196 12.184984 -0.754169
v 0.020781 12.184986 -0.754169
v 0.031906 12.198345 -0.719954
v 0.002791 12.206597 -0.698808
v -0.026187 19.283388 -0.720059
v -0.015066 19.295710 -0.754275
v 0.020904 19.295712 -0.754276
v -0.026340 12.148890 -0.697923
v -0.015230 12.129049 -0.726529
v 0.020753 12.128799 -0.726309
v 0.002763 12.169370 -0.687359
v 0.031878 12.147143 -0.696409
v -0.026186 19.333557 -0.692439
v -0.015076 19.358067 -0.717157
v 0.020899 19.353106 -0.721029
v 0.002916 19.311937 -0.682206
v 0.032010 19.327618 -0.697071
v 0.029507 12.142215 -0.702971
v 0.003845 12.122340 -0.674753
v -0.021817 12.142216 -0.702971
v 0.003843 12.154486 -0.720410
v 0.008928 19.365377 -0.265954
v 0.008924 19.120644 -0.265954
v 0.009050 19.365379 -0.347838
v 0.008817 19.120642 -0.347735
v -0.004535 19.365374 -0.265954
v -0.004531 19.120642 -0.265954
v -0.004413 19.365377 -0.347838
v -0.004638 19.120640 -0.347735
v 0.008965 12.080676 2.018240
v 0.002835 19.543159 0.042875
v 0.002774 19.543156 -0.645377
v 0.002779 19.604883 -0.698808
v 0.002743 19.567656 -0.687359
v 0.002852 19.354612 0.055873
v 0.002855 12.144876 0.042875
v 0.002916 12.144873 1.431362
v 0.002913 12.206600 1.484794
v 0.002947 12.169362 1.473344
v 0.002929 19.275774 -0.698911
v 0.002930 19.345797 -0.644353
v 0.002793 12.144877 -0.645377
v 0.002791 12.206597 -0.698808
v 0.002763 12.169370 -0.687359
v 0.002916 19.311937 -0.682206
v -0.004896 11.984303 1.535248
v 0.031966 35.992500 0.055873
v 0.020846 36.027618 0.055873
v -0.015133 36.027641 0.055873
v -0.026240 35.992474 0.055873
v 0.002851 35.970814 0.055873
v 0.002932 35.891922 -0.698911
v 0.032032 35.899544 -0.720059
v -0.026182 35.983536 -0.654630
v -0.015062 36.018448 -0.671255
v 0.020906 36.018478 -0.671255
v 0.032034 35.983540 -0.654631
v 0.002928 35.962006 -0.644354
v -0.026182 35.899605 -0.720059
v -0.015061 35.911934 -0.754275
v 0.020907 35.911858 -0.754276
v -0.026178 35.949741 -0.692439
v -0.015076 35.974255 -0.717157
v 0.020908 35.969276 -0.721030
v 0.002920 35.928085 -0.682206
v 0.032021 35.943768 -0.697071
v 0.008928 35.981564 -0.265954
v 0.008931 35.736839 -0.265954
v 0.009050 35.981564 -0.347838
v 0.008825 35.736828 -0.347735
v -0.004524 35.981525 -0.265954
v -0.004531 35.736828 -0.265954
v -0.004402 35.981525 -0.347838
v -0.004635 35.736797 -0.347735
v 0.002851 35.970814 0.055873
v 0.002932 35.891922 -0.698911
v 0.002928 35.962006 -0.644354
v 0.002920 35.928085 -0.682206
v 0.002793 40.982746 1.484897
v -0.026321 40.990437 1.506044
v 0.031965 41.083332 0.055874
v 0.031894 41.074371 1.440615
v 0.020845 41.118446 0.055873
v 0.020782 41.109295 1.457240
v -0.015135 41.118469 0.055874
v -0.015194 41.109280 1.457240
v -0.026242 41.083302 0.055873
v -0.026321 41.074352 1.440615
v 0.002792 41.052799 1.430340
v 0.002849 41.061642 0.055873
v -0.015159 36.109325 0.042875
v -0.026264 36.144459 0.042874
v 0.002834 36.166168 0.042875
v 0.031891 40.990391 1.506044
v 0.020780 41.002720 1.540260
v -0.015200 41.002750 1.540260
v 0.031952 36.144455 0.042875
v 0.020827 36.109322 0.042875
v 0.031907 41.040558 1.478424
v 0.020785 41.065079 1.503143
v -0.015191 41.060078 1.507013
v 0.002796 41.018902 1.468192
v -0.026304 41.034592 1.483057
v 0.002930 40.982754 -0.698910
v 0.032031 40.990372 -0.720059
v -0.026184 41.074364 -0.654630
v -0.015063 41.109280 -0.671254
v 0.020904 41.109306 -0.671255
v 0.032032 41.074368 -0.654631
v 0.002926 41.052837 -0.644353
v 0.002773 36.166164 -0.645377
v -0.026326 36.144459 -0.654874
v -0.015212 36.109325 -0.670237
v 0.020765 36.109325 -0.670237
v 0.031890 36.144459 -0.654872
v -0.026323 36.219631 -0.719953
v -0.015217 36.206280 -0.754169
v 0.020768 36.206280 -0.754169
v 0.031885 36.219639 -0.719954
v 0.002777 36.227894 -0.698808
v -0.026183 40.990437 -0.720059
v -0.015063 41.002766 -0.754275
v 0.020906 41.002686 -0.754275
v -0.026353 36.170185 -0.697923
v -0.015244 36.150341 -0.726529
v 0.020732 36.150085 -0.726308
v 0.002742 36.190662 -0.687359
v 0.031858 36.168430 -0.696409
v -0.026180 41.040569 -0.692439
v -0.015078 41.065083 -0.717157
v 0.020906 41.060104 -0.721029
v 0.002918 41.018913 -0.682206
v 0.032019 41.034595 -0.697071
v 0.008728 41.070023 1.432758
v -0.016937 41.057713 1.450198
v 0.029494 36.163502 -0.702971
v 0.003824 36.143635 -0.674753
v -0.021838 36.163502 -0.702971
v 0.003829 36.175781 -0.720409
v 0.034382 41.057678 1.450198
v 0.008729 41.037796 1.478417
v 0.008926 41.072392 -0.265954
v 0.008929 40.827667 -0.265954
v 0.009048 41.072392 -0.347838
v 0.008823 40.827656 -0.347735
v -0.004526 41.072353 -0.265954
v -0.004532 40.827656 -0.265954
v -0.004404 41.072353 -0.347838
v -0.004637 40.827625 -0.347735
v -0.069383 41.076641 1.534872
v 0.008936 41.198940 1.941164
v 0.002793 40.982746 1.484897
v 0.002792 41.052799 1.430340
v 0.002849 41.061642 0.055873
v 0.002834 36.166168 0.042875
v 0.002796 41.018902 1.468192
v 0.002930 40.982754 -0.698910
v 0.002926 41.052837 -0.644353
v 0.002773 36.166164 -0.645377
v 0.002777 36.227894 -0.698808
v 0.002742 36.190662 -0.687359
v 0.002918 41.018913 -0.682206
v 0.009431 41.121475 -0.923474
v -0.039472 41.157944 -0.923474
v 0.058636 41.157761 2.332460
v 0.039956 41.216755 2.332460
v -0.020466 41.216759 2.332460
v -0.039118 41.157757 2.332460
v 0.009747 41.121296 2.332460
v 0.058290 41.157948 -0.923474
v 0.039641 41.216938 -0.923474
v -0.020781 41.216938 -0.923474
v -0.133167 41.325863 -1.047942
v -0.133168 41.030663 -1.047942
v 0.134564 41.325863 -1.047942
v 0.134563 41.030655 -1.047942
v -0.079363 41.266541 -0.920620
v -0.079362 41.089985 -0.888020
v 0.080766 41.266537 -0.920620
v 0.080766 41.089985 -0.888020
v 0.008926 41.072392 0.990814
v 0.008929 40.827667 0.990814
v 0.009048 41.072392 0.908930
v 0.008823 40.827656 0.909033
v -0.004526 41.072353 0.990814
v -0.004532 40.827656 0.990814
v -0.004404 41.072353 0.908930
v -0.004637 40.827625 0.909033
v 0.009432 36.023144 -0.910525
v -0.039471 36.059612 -0.910525
v 0.058290 36.059616 -0.910525
v 0.039642 36.118607 -0.910525
v -0.020780 36.118607 -0.910525
v -0.133166 36.227531 -0.938405
v -0.133167 35.932331 -0.938405
v 0.134565 36.227531 -0.938405
v 0.134564 35.932323 -0.938405
v -0.079362 36.168209 -0.811082
v -0.079361 35.991653 -0.811082
v 0.080767 36.168205 -0.811082
v 0.080767 35.991653 -0.811082
v 0.195058 13.807222 1.484804
v 0.194776 13.806740 1.479426
v 0.450437 13.684351 1.995922
v 0.188833 13.815531 1.535225
v 0.195058 13.807222 1.484804
v 0.197843 13.806265 1.486907
v 0.223111 13.797585 1.505949
v 0.222249 13.798338 1.509398
v 0.214582 13.805065 1.540164
v 0.211171 13.806526 1.540164
v 0.181272 13.819323 1.540164
v 0.180036 13.819460 1.536674
v 0.169202 13.820656 1.505949
v 0.171796 13.819313 1.503831
v 0.260727 13.608121 1.155148
v 0.287308 14.444363 0.513610
v 0.134388 15.217473 0.135718
v 0.155732 15.294997 0.128370
v 0.136572 15.223864 0.135381
v 0.130196 15.231959 0.129158
v 0.110915 15.256458 0.110330
v 0.117371 15.274293 0.109621
v 0.136609 15.327428 0.107508
v 0.143188 15.325334 0.112244
v 0.162272 15.319284 0.125975
v 0.133629 17.368748 -0.257292
v 0.249469 15.640097 -0.070545
v 0.407756 17.890663 -0.054446
v 0.002839 19.951454 -0.199984
v 0.039765 19.495621 0.369257
v 0.002869 19.495625 0.352215
v -0.020659 19.495625 0.341348
v -0.032010 19.459791 0.362748
v -0.039331 19.436625 0.376588
v -0.010279 19.414963 0.406111
v 0.009562 19.400158 0.426281
v 0.038320 19.421625 0.423604
v 0.058432 19.436626 0.421739
v 0.047260 19.471954 0.390313
v 0.002844 20.773132 -0.184076
v 0.156691 20.320635 0.037956
v 0.200927 21.827360 0.197438
v 0.002839 21.179598 0.181255
v 0.002846 22.578541 -0.016348
v 0.169017 24.002129 0.239957
v 0.138606 23.985401 0.248615
v 0.138126 24.000431 0.240663
v 0.137500 24.020210 0.230196
v 0.156429 24.027691 0.226356
v 0.181110 24.037434 0.221356
v 0.185954 24.027620 0.226577
v 0.192241 24.014914 0.233340
v -0.023079 32.573761 -0.278262
v 0.311318 34.796837 0.117784
v 0.002847 33.211990 -0.232751
v 0.002841 35.966537 0.194273
v 0.027040 35.926735 0.220463
v 0.002839 35.913586 0.207847
v -0.001960 35.917088 0.209079
v -0.026252 35.934826 0.215333
v -0.024482 35.939434 0.218488
v -0.015143 35.963837 0.235179
v -0.009391 35.963303 0.235941
v 0.020837 35.960453 0.239916
v 0.022676 35.955318 0.237123
v 0.031953 35.929398 0.223023
v 0.002847 36.235214 0.251494
v 0.007661 36.233383 0.254744
v 0.031960 36.224144 0.271129
v 0.030099 36.220032 0.275328
v 0.020837 36.199570 0.296241
v 0.014832 36.198883 0.295555
v -0.015151 36.195457 0.292124
v -0.016974 36.199085 0.287570
v -0.026252 36.217487 0.264474
v -0.021491 36.220394 0.262346
v 0.009548 36.023079 0.283104
v 0.040370 36.046085 0.286660
v 0.058419 36.059547 0.288742
v 0.046641 36.096802 0.284528
v 0.039758 36.118538 0.282068
v 0.001440 36.118538 0.275874
v -0.020665 36.118542 0.272300
v -0.032537 36.081070 0.272705
v -0.039342 36.059544 0.272939
v -0.008381 36.036453 0.279376
v 0.002844 36.509506 0.325099
v -0.016387 38.822353 0.303903
v 0.010609 38.806984 0.326038
v 0.002826 39.288666 1.484865
v 0.002826 39.285725 1.447718
v 0.008942 38.894157 1.937475
v -0.054179 39.333626 1.534927
v 0.002826 39.288666 1.484865
v 0.022828 39.275429 1.499401
v 0.031928 39.269409 1.506011
v 0.024300 39.276752 1.529499
v 0.020812 39.280109 1.540227
v -0.004071 39.298008 1.540227
v -0.015168 39.305988 1.540227
v -0.022905 39.309669 1.516425
v -0.026284 39.311272 1.506012
v -0.006106 39.295601 1.491355
v 0.199968 33.153599 -0.459325
v -0.075772 16.563755 -0.267353
v 0.002872 16.293459 -0.698868
v 0.002845 14.520743 -0.053707
v 0.013107 14.524176 -0.049773
v 0.004654 14.511779 -0.041939
v 0.000405 14.513353 -0.047036
v -0.021015 14.521297 -0.072737
v -0.016783 14.526017 -0.074940
v 0.004655 14.549935 -0.086100
v 0.008930 14.549849 -0.082705
v 0.030323 14.549429 -0.065731
v 0.026028 14.543126 -0.061748
v 0.002842 15.141986 -0.195938
v 0.008701 23.460775 0.141036
v 0.005687 23.452932 0.142969
v -0.004094 23.475473 0.136972
v -0.019948 23.511995 0.127255
v -0.010022 23.528549 0.123260
v 0.005741 23.554804 0.116926
v 0.015682 23.541216 0.120638
v 0.031383 23.519787 0.126493
v 0.021533 23.494154 0.132810
v 0.002847 24.202183 -0.698854
v 0.002839 32.398621 -0.698848
v 0.031847 38.817970 0.304778
v 0.006188 38.830402 0.287391
v 0.002810 37.288666 -0.698830
v 0.134757 23.792120 -0.155651
v 0.084781 24.528255 -0.698859
v 0.070827 24.532578 -0.709455
v 0.056941 24.536886 -0.720006
v 0.070544 24.557909 -0.737221
v 0.083972 24.578667 -0.754222
v 0.106586 24.587393 -0.754223
v 0.128520 24.595860 -0.754223
v 0.128772 24.580021 -0.736829
v 0.129016 24.564701 -0.720007
v 0.106708 24.546328 -0.709343
v 0.029405 31.524622 -0.698827
v 0.023294 31.525730 -0.702721
v -0.003760 31.530642 -0.719973
v 0.000124 31.526041 -0.726347
v 0.017053 31.505945 -0.754189
v 0.025469 31.502054 -0.754189
v 0.063089 31.484653 -0.754189
v 0.064455 31.486712 -0.748085
v 0.070726 31.496199 -0.719973
v 0.063318 31.501289 -0.716184
v -0.026273 32.254829 -0.719989
v -0.007109 32.254089 -0.706064
v 0.002831 32.253708 -0.698843
v 0.021954 32.254093 -0.712735
v 0.031937 32.254295 -0.719990
v 0.024648 32.255268 -0.742422
v 0.020817 32.255783 -0.754206
v -0.002802 32.256001 -0.754206
v -0.015162 32.256115 -0.754205
v -0.022472 32.255268 -0.731684
v -0.134878 31.890940 -0.719980
v -0.132185 31.891848 -0.728751
v -0.124350 31.894485 -0.754196
v -0.115866 31.898346 -0.754196
v -0.091505 31.909445 -0.754197
v -0.088972 31.910921 -0.745317
v -0.081747 31.915142 -0.719981
v -0.088667 31.912189 -0.714519
v -0.108557 31.903704 -0.698834
v -0.115309 31.900433 -0.704254
v 0.117101 34.337944 -0.242738
v 0.538675 33.864136 -0.026956
v 0.052875 35.421967 -0.005003
v 0.002882 13.888031 0.447050
v 0.164602 16.000822 -0.010821
v 0.280254 15.140899 0.163454
v -0.114504 12.789515 1.535236
v -0.099731 12.815654 1.812066
v -0.105789 12.787055 1.484799
v -0.105788 12.786920 1.482283
v -0.105789 12.787055 1.484799
v -0.104436 12.787148 1.485782
v -0.076673 12.789031 1.505944
v -0.077199 12.789104 1.507563
v -0.087799 12.790551 1.540159
v -0.089543 12.790500 1.540159
v -0.123776 12.789514 1.540159
v -0.124314 12.789409 1.538504
v -0.134889 12.787353 1.505944
v -0.133517 12.787339 1.504947
v 0.308007 14.007767 0.743919
v -0.097073 13.528042 -0.015067
v 0.002868 13.349529 0.484937
v 0.283800 13.097063 0.928744
v 0.002889 16.832848 -0.698881
v 0.449995 18.824203 0.135409
v 0.002907 17.948042 -0.698895
v 0.002810 21.680264 -0.698829
v -0.044969 21.770267 -0.150439
v 0.002836 23.419758 -0.698846
v -0.024927 24.306280 -0.719039
v -0.011057 24.303112 -0.708960
v 0.002851 24.299934 -0.698857
v 0.018045 24.298944 -0.709895
v 0.031956 24.298040 -0.720004
v 0.026157 24.300896 -0.737851
v 0.020835 24.303516 -0.754220
v 0.002065 24.306273 -0.754220
v -0.015142 24.308796 -0.754219
v -0.020940 24.307640 -0.736358
v -0.026255 24.306581 -0.720004
v 0.367390 39.621620 -0.219311
v 0.002864 38.838787 -0.698866
v 0.158580 39.630562 0.943039
v 0.296322 13.561909 1.821437
v -0.052928 19.495632 0.220300
v -0.065113 19.457172 0.218375
v -0.071606 19.436634 0.217349
v -0.039803 19.412920 0.223541
v -0.022715 19.400169 0.226868
v 0.008922 19.423784 0.232585
v 0.026155 19.436636 0.235699
v 0.014082 19.474825 0.233074
v 0.007495 19.495628 0.231642
v -0.031785 19.495632 0.224269
v -0.035885 19.569239 0.164651
v -0.035030 19.604057 0.152636
v -0.000713 19.613276 0.145211
v 0.019673 19.584143 0.152637
v -0.002079 19.556927 0.164653
v 0.041599 19.782133 0.287144
v 0.037174 19.802437 0.256721
v 0.068226 19.802685 0.237920
v 0.091877 19.782524 0.256723
v 0.075413 19.769825 0.287149
v 0.044682 19.357151 0.178289
v 0.015637 19.372528 0.194969
v -0.011768 19.349331 0.192621
v 0.000340 19.319635 0.174499
v 0.035214 19.324448 0.165636
v 0.153752 19.227173 0.280953
v 0.124707 19.242548 0.297634
v 0.097302 19.219351 0.295286
v 0.109410 19.189657 0.277164
v 0.144284 19.194469 0.268301
v 0.027040 35.841640 0.326860
v 0.002839 35.828491 0.314244
v -0.001960 35.831993 0.315476
v -0.026252 35.849731 0.321730
v -0.024482 35.854340 0.324885
v -0.015143 35.878742 0.341577
v -0.009391 35.878208 0.342338
v 0.020837 35.875359 0.346313
v 0.022676 35.870224 0.343520
v 0.031953 35.844303 0.329420
v 0.045268 36.968243 -0.068087
v -0.048431 36.533298 -0.271060
v 0.008939 39.951397 1.807342
v 0.000512 40.178947 1.130932
v 0.002829 40.436790 0.844199
v 0.251960 40.676163 0.157538
v 0.002843 40.651146 -0.060410
v 0.002846 39.309788 -0.410336
v -0.024629 37.405704 -0.108091
v -0.110135 37.175888 -0.093310
v -0.067997 39.477337 1.167287
v -0.105775 39.841026 1.170493
v 0.002809 40.137398 1.439342
v 0.002885 39.536274 -0.698880
v 0.153749 40.353485 -0.236637
v 0.480289 40.110504 -0.044604
v 0.159288 18.608622 -0.099696
v 0.369256 18.222237 -0.075344
v 0.101170 18.604342 -0.301504
v 0.242152 16.766834 -0.261788
v 0.059493 16.246979 -0.323903
v 0.160959 13.701434 0.941761
v -0.027913 14.566580 0.206621
v 0.090240 14.779446 0.397285
v 0.002857 15.681110 -0.319786
v 0.212508 15.615532 -0.045019
v -0.062560 -9.498901 -0.902771
v 0.064873 -9.498901 -0.902772
v -0.062096 -5.688152 -0.902877
v 0.065310 -5.688148 -0.902878
v -0.191219 -9.498901 -0.902771
v 0.192709 -9.498901 -0.902772
v -0.189821 -5.688152 -0.902877
v 0.194026 -5.688148 -0.902878
v -0.062096 -5.375351 -0.902877
v 0.065310 -5.375351 -0.902878
v -0.189821 -5.375351 -0.902877
v 0.194026 -5.375351 -0.902878
v -0.062562 -0.477543 -0.902771
v 0.064870 -0.477543 -0.902772
v -0.062103 24.202667 -0.902877
v 0.065303 24.202667 -0.902878
v -0.191221 -0.477543 -0.902771
v 0.192707 -0.477543 -0.902772
v -0.189827 24.202667 -0.902877
v 0.194019 24.202667 -0.902878
v -0.062103 24.515467 -0.902877
v 0.065303 24.515469 -0.902878
v -0.189827 24.515467 -0.902877
v 0.194019 24.515469 -0.902878
v -0.062562 -0.804047 -0.902771
v 0.064871 -0.804047 -0.902772
v -0.191221 -0.804047 -0.902771
v 0.192707 -0.804047 -0.902772
v -0.062570 31.834080 -0.902771
v 0.064863 31.834080 -0.902772
v -0.191229 31.834080 -0.902771
v 0.192699 31.834080 -0.902772
v -0.062570 31.507576 -0.902771
v 0.064863 31.507576 -0.902772
v -0.191229 31.507576 -0.902771
v 0.192699 31.507576 -0.902772
v 0.193104 41.328129 -0.912805
v 0.064996 41.334843 -0.913418
v -0.042747 41.340496 -0.913933
v -0.190798 41.348255 -0.914642
vt 0.000000 0.213566
vt 0.600000 0.213566
vt 0.400000 0.213566
vt 0.200000 0.213566
vt 1.000000 0.000000
vt 1.000000 0.181699
vt 0.800000 0.000000
vt 0.800000 0.181699
vt 0.600000 0.000000
vt 0.600000 0.181699
vt 0.400000 0.000000
vt 0.400000 0.181699
vt 0.200000 0.000000
vt 0.200000 0.181699
vt 0.000000 0.181699
vt 0.200000 1.000000
vt 0.000000 1.000000
vt 0.000000 0.823324
vt 1.000000 0.823324
vt 0.800000 0.823324
vt 0.600000 0.823324
vt 0.400000 0.823324
vt 0.200000 0.823324
vt 1.000000 0.793360
vt 0.800000 0.793360
vt 0.600000 0.793360
vt 0.400000 0.793360
vt 0.200000 0.793360
vt 0.000000 0.793360
vt 1.000000 0.213566
vt 0.800000 0.213566
vt 1.000000 1.000000
vt 0.800000 1.000000
vt 0.600000 1.000000
vt 0.400000 1.000000
vt 1.000000 0.806176
vt 0.800000 0.808754
vt 0.600000 0.807299
vt 0.400000 0.807378
vt 0.000000 0.806176
vt 0.200000 0.809451
vt 1.000000 0.199280
vt 0.800000 0.196337
vt 0.600000 0.196343
vt 0.400000 0.197828
vt 0.000000 0.199280
vt 0.200000 0.198594
vt 0.000000 0.000000
vt 0.000000 0.181699
vt 0.200000 0.181699
vt 0.200000 0.181699
vt 0.200000 0.000000
vt 0.000000 0.000000
vt 0.200000 0.000000
vt 0.200000 0.181699
vt 0.400000 0.181699
vt 0.400000 0.181699
vt 0.400000 0.000000
vt 0.200000 0.000000
vt 0.400000 0.000000
vt 0.400000 0.181699
vt 0.600000 0.181699
vt 0.600000 0.181699
vt 0.600000 0.000000
vt 0.400000 0.000000
vt 0.600000 0.000000
vt 0.600000 0.181699
vt 0.800000 0.181699
vt 0.800000 0.181699
vt 0.800000 0.000000
vt 0.600000 0.000000
vt 0.800000 0.000000
vt 0.800000 0.181699
vt 1.000000 0.181699
vt 1.000000 0.181699
vt 1.000000 0.000000
vt 0.800000 0.000000
vt 0.200000 0.198594
vt 0.000000 0.199280
vt 0.200000 0.213566
vt 0.200000 0.198594
vt 0.200000 0.181699
vt 0.000000 0.181699
vt 0.400000 0.197828
vt 0.200000 0.198594
vt 0.400000 0.213566
vt 0.400000 0.197828
vt 0.400000 0.181699
vt 0.200000 0.181699
vt 0.600000 0.196343
vt 0.400000 0.197828
vt 0.600000 0.213566
vt 0.600000 0.196343
vt 0.600000 0.181699
vt 0.400000 0.181699
vt 0.800000 0.196337
vt 0.600000 0.196343
vt 0.800000 0.213566
vt 0.800000 0.196337
vt 0.800000 0.181699
vt 0.600000 0.181699
vt 1.000000 0.199280
vt 0.800000 0.196337
vt 1.000000 0.213566
vt 1.000000 0.199280
vt 1.000000 0.181699
vt 0.800000 0.181699
vt 0.000000 0.213566
vt 0.000000 0.793360
vt 0.200000 0.793360
vt 0.200000 0.793360
vt 0.200000 0.213566
vt 0.000000 0.213566
vt 0.200000 0.213566
vt 0.200000 0.793360
vt 0.400000 0.793360
vt 0.400000 0.793360
vt 0.400000 0.213566
vt 0.200000 0.213566
vt 0.400000 0.213566
vt 0.400000 0.793360
vt 0.600000 0.793360
vt 0.600000 0.793360
vt 0.600000 0.213566
vt 0.400000 0.213566
vt 0.600000 0.213566
vt 0.600000 0.793360
vt 0.800000 0.793360
vt 0.800000 0.793360
vt 0.800000 0.213566
vt 0.600000 0.213566
vt 0.800000 0.213566
vt 0.800000 0.793360
vt 1.000000 0.793360
vt 1.000000 0.793360
vt 1.000000 0.213566
vt 0.800000 0.213566
vt 0.200000 0.809451
vt 0.000000 0.806176
vt 0.200000 0.823324
vt 0.200000 0.809451
vt 0.200000 0.793360
vt 0.000000 0.793360
vt 0.400000 0.807378
vt 0.200000 0.809451
vt 0.400000 0.823324
vt 0.400000 0.807378
vt 0.400000 0.793360
vt 0.200000 0.793360
vt 0.600000 0.807299
vt 0.400000 0.807378
vt 0.600000 0.823324
vt 0.600000 0.807299
vt 0.600000 0.793360
vt 0.400000 0.793360
vt 0.800000 0.808754
vt 0.600000 0.807299
vt 0.800000 0.823324
vt 0.800000 0.808754
vt 0.800000 0.793360
vt 0.600000 0.793360
vt 1.000000 0.806176
vt 0.800000 0.808754
vt 1.000000 0.823324
vt 1.000000 0.806176
vt 1.000000 0.793360
vt 0.800000 0.793360
vt 0.000000 0.823324
vt 0.000000 1.000000
vt 0.200000 1.000000
vt 0.200000 1.000000
vt 0.200000 0.823324
vt 0.000000 0.823324
vt 0.200000 0.823324
vt 0.200000 1.000000
vt 0.400000 1.000000
vt 0.400000 1.000000
vt 0.400000 0.823324
vt 0.200000 0.823324
vt 0.400000 0.823324
vt 0.400000 1.000000
vt 0.600000 1.000000
vt 0.600000 1.000000
vt 0.600000 0.823324
vt 0.400000 0.823324
vt 0.600000 0.823324
vt 0.600000 1.000000
vt 0.800000 1.000000
vt 0.800000 1.000000
vt 0.800000 0.823324
vt 0.600000 0.823324
vt 0.800000 0.823324
vt 0.800000 1.000000
vt 1.000000 1.000000
vt 1.000000 1.000000
vt 1.000000 0.823324
vt 0.800000 0.823324
vt 0.400000 0.197828
vt 0.400000 0.213566
vt 0.600000 0.213566
vt 0.200000 0.198594
vt 0.400000 0.197828
vt 0.200000 0.181699
vt 0.200000 0.198594
vt 0.200000 0.213566
vt 0.400000 0.213566
vt 0.000000 0.199280
vt 0.200000 0.198594
vt 0.000000 0.181699
vt 0.800000 0.196337
vt 1.000000 0.199280
vt 0.800000 0.181699
vt 0.000000 0.199280
vt 0.000000 0.213566
vt 0.200000 0.213566
vt 0.200000 0.809451
vt 0.400000 0.807378
vt 0.200000 0.793360
vt 0.400000 0.807378
vt 0.400000 0.823324
vt 0.600000 0.823324
vt 0.400000 0.807378
vt 0.600000 0.807299
vt 0.400000 0.793360
vt 0.600000 0.807299
vt 0.600000 0.823324
vt 0.800000 0.823324
vt 0.000000 0.806176
vt 0.200000 0.809451
vt 0.000000 0.793360
vt 0.200000 0.809451
vt 0.200000 0.823324
vt 0.400000 0.823324
vt 0.000000 0.806176
vt 0.000000 0.823324
vt 0.200000 0.823324
vt 0.800000 0.808754
vt 1.000000 0.806176
vt 0.800000 0.793360
vt 0.600000 0.807299
vt 0.800000 0.808754
vt 0.600000 0.793360
vt 0.800000 0.808754
vt 0.800000 0.823324
vt 1.000000 0.823324
vt 0.600000 0.196343
vt 0.800000 0.196337
vt 0.600000 0.181699
vt 0.800000 0.196337
vt 0.800000 0.213566
vt 1.000000 0.213566
vt 0.400000 0.197828
vt 0.600000 0.196343
vt 0.400000 0.181699
vt 0.600000 0.196343
vt 0.600000 0.213566
vt 0.800000 0.213566
vt 0.600000 0.196343
vt 0.600000 0.213566
vt 0.800000 0.213566
vt 0.400000 0.197828
vt 0.600000 0.196343
vt 0.400000 0.181699
vt 0.800000 0.196337
vt 0.800000 0.213566
vt 1.000000 0.213566
vt 0.600000 0.196343
vt 0.800000 0.196337
vt 0.600000 0.181699
vt 0.800000 0.808754
vt 0.800000 0.823324
vt 1.000000 0.823324
vt 0.600000 0.807299
vt 0.800000 0.808754
vt 0.600000 0.793360
vt 0.800000 0.808754
vt 1.000000 0.806176
vt 0.800000 0.793360
vt 0.000000 0.806176
vt 0.000000 0.823324
vt 0.200000 0.823324
vt 0.200000 0.809451
vt 0.200000 0.823324
vt 0.400000 0.823324
vt 0.000000 0.806176
vt 0.200000 0.809451
vt 0.000000 0.793360
vt 0.600000 0.807299
vt 0.600000 0.823324
vt 0.800000 0.823324
vt 0.400000 0.807378
vt 0.600000 0.807299
vt 0.400000 0.793360
vt 0.400000 0.807378
vt 0.400000 0.823324
vt 0.600000 0.823324
vt 0.200000 0.809451
vt 0.400000 0.807378
vt 0.200000 0.793360
vt 0.000000 0.199280
vt 0.000000 0.213566
vt 0.200000 0.213566
vt 0.800000 0.196337
vt 1.000000 0.199280
vt 0.800000 0.181699
vt 0.000000 0.199280
vt 0.200000 0.198594
vt 0.000000 0.181699
vt 0.200000 0.198594
vt 0.200000 0.213566
vt 0.400000 0.213566
vt 0.200000 0.198594
vt 0.400000 0.197828
vt 0.200000 0.181699
vt 0.400000 0.197828
vt 0.400000 0.213566
vt 0.600000 0.213566
vt 0.000000 0.000000
vt 0.000000 0.181699
vt 0.200000 0.181699
vt 0.200000 0.181699
vt 0.200000 0.000000
vt 0.000000 0.000000
vt 0.200000 0.000000
vt 0.200000 0.181699
vt 0.400000 0.181699
vt 0.400000 0.181699
vt 0.400000 0.000000
vt 0.400000 0.000000
vt 0.400000 0.181699
vt 0.600000 0.181699
vt 0.600000 0.181699
vt 0.600000 0.000000
vt 0.600000 0.000000
vt 0.600000 0.181699
vt 0.800000 0.181699
vt 0.800000 0.181699
vt 0.800000 0.000000
vt 0.800000 0.000000
vt 0.800000 0.181699
vt 1.000000 0.181699
vt 1.000000 0.181699
vt 0.200000 0.198594
vt 0.200000 0.213566
vt 0.200000 0.198594
vt 0.200000 0.181699
vt 0.400000 0.197828
vt 0.400000 0.213566
vt 0.400000 0.197828
vt 0.400000 0.181699
vt 0.600000 0.196343
vt 0.600000 0.213566
vt 0.600000 0.196343
vt 0.600000 0.181699
vt 0.800000 0.196337
vt 0.800000 0.213566
vt 0.800000 0.196337
vt 0.800000 0.181699
vt 1.000000 0.199280
vt 1.000000 0.213566
vt 0.000000 0.213566
vt 0.000000 0.793360
vt 0.200000 0.793360
vt 0.200000 0.793360
vt 0.200000 0.213566
vt 0.200000 0.213566
vt 0.200000 0.793360
vt 0.400000 0.793360
vt 0.400000 0.793360
vt 0.400000 0.213566
vt 0.400000 0.213566
vt 0.400000 0.793360
vt 0.600000 0.793360
vt 0.600000 0.793360
vt 0.600000 0.213566
vt 0.600000 0.213566
vt 0.600000 0.793360
vt 0.800000 0.793360
vt 0.800000 0.793360
vt 0.800000 0.213566
vt 0.800000 0.213566
vt 0.800000 0.793360
vt 1.000000 0.793360
vt 1.000000 0.793360
vt 0.200000 0.809451
vt 0.200000 0.823324
vt 0.200000 0.809451
vt 0.200000 0.793360
vt 0.400000 0.807378
vt 0.400000 0.823324
vt 0.400000 0.807378
vt 0.400000 0.793360
vt 0.600000 0.807299
vt 0.600000 0.823324
vt 0.600000 0.807299
vt 0.600000 0.793360
vt 0.800000 0.808754
vt 0.800000 0.823324
vt 0.800000 0.808754
vt 0.800000 0.793360
vt 1.000000 0.806176
vt 1.000000 0.823324
vt 0.000000 0.823324
vt 0.200000 1.000000
vt 0.200000 1.000000
vt 0.200000 0.823324
vt 0.200000 0.823324
vt 0.400000 1.000000
vt 0.400000 1.000000
vt 0.400000 0.823324
vt 0.400000 0.823324
vt 0.600000 1.000000
vt 0.600000 1.000000
vt 0.600000 0.823324
vt 0.600000 0.823324
vt 0.800000 1.000000
vt 0.800000 1.000000
vt 0.800000 0.823324
vt 0.800000 0.823324
vt 1.000000 1.000000
vt -1.167907 5.048405
vt -0.866907 5.050016
vt -0.997470 5.107954
vt -2.743785 3.228614
vt 3.240430 -1.911272
vt 4.698974 0.214896
vt 4.757700 -0.109802
vt 4.757448 0.079737
vt -4.433446 1.277427
vt -4.469118 1.098946
vt -4.394803 0.976083
vt 1.170438 -3.859660
vt 1.310947 -3.900105
vt 1.497043 -3.875016
vt 3.240430 -1.911272
vt -2.743785 3.228614
vt 1.170438 -3.859660
vt -4.394803 0.976083
vt 0.999967 0.667911
vt 0.000004 0.331694
vt 0.999935 0.322863
vt -0.000033 0.677137
vt 0.000000 0.213566
vt 0.600000 0.213566
vt 0.400000 0.213566
vt 0.200000 0.213566
vt 1.000000 0.000000
vt 1.000000 0.181699
vt 0.800000 0.000000
vt 0.800000 0.181699
vt 0.600000 0.000000
vt 0.600000 0.181699
vt 0.400000 0.000000
vt 0.400000 0.181699
vt 0.200000 0.000000
vt 0.200000 0.181699
vt 0.000000 0.181699
vt 0.200000 1.000000
vt 0.000000 1.000000
vt 0.000000 0.823324
vt 1.000000 0.823324
vt 0.800000 0.823324
vt 0.600000 0.823324
vt 0.400000 0.823324
vt 0.200000 0.823324
vt 1.000000 0.793360
vt 0.800000 0.793360
vt 0.600000 0.793360
vt 0.400000 0.793360
vt 0.200000 0.793360
vt 0.000000 0.793360
vt 1.000000 0.213566
vt 0.800000 0.213566
vt 1.000000 1.000000
vt 0.800000 1.000000
vt 0.600000 1.000000
vt 0.400000 1.000000
vt 1.000000 0.806176
vt 0.800000 0.808754
vt 0.600000 0.807299
vt 0.400000 0.807378
vt 0.000000 0.806176
vt 0.200000 0.809451
vt 1.000000 0.199280
vt 0.800000 0.196337
vt 0.600000 0.196343
vt 0.400000 0.197828
vt 0.000000 0.199280
vt 0.200000 0.198594
vt 0.000000 0.000000
vt 0.000000 0.181699
vt 0.200000 0.181699
vt 0.200000 0.181699
vt 0.200000 0.000000
vt 0.000000 0.000000
vt 0.200000 0.000000
vt 0.200000 0.181699
vt 0.400000 0.181699
vt 0.400000 0.181699
vt 0.400000 0.000000
vt 0.200000 0.000000
vt 0.400000 0.000000
vt 0.400000 0.181699
vt 0.600000 0.181699
vt 0.600000 0.181699
vt 0.600000 0.000000
vt 0.400000 0.000000
vt 0.600000 0.000000
vt 0.600000 0.181699
vt 0.800000 0.181699
vt 0.800000 0.181699
vt 0.800000 0.000000
vt 0.600000 0.000000
vt 0.800000 0.000000
vt 0.800000 0.181699
vt 1.000000 0.181699
vt 1.000000 0.181699
vt 1.000000 0.000000
vt 0.800000 0.000000
vt 0.200000 0.198594
vt 0.000000 0.199280
vt 0.200000 0.213566
vt 0.200000 0.198594
vt 0.200000 0.181699
vt 0.000000 0.181699
vt 0.400000 0.197828
vt 0.200000 0.198594
vt 0.400000 0.213566
vt 0.400000 0.197828
vt 0.400000 0.181699
vt 0.200000 0.181699
vt 0.600000 0.196343
vt 0.400000 0.197828
vt 0.600000 0.213566
vt 0.600000 0.196343
vt 0.600000 0.181699
vt 0.400000 0.181699
vt 0.800000 0.196337
vt 0.600000 0.196343
vt 0.800000 0.213566
vt 0.800000 0.196337
vt 0.800000 0.181699
vt 0.600000 0.181699
vt 1.000000 0.199280
vt 0.800000 0.196337
vt 1.000000 0.213566
vt 1.000000 0.199280
vt 1.000000 0.181699
vt 0.800000 0.181699
vt 0.000000 0.213566
vt 0.000000 0.793360
vt 0.200000 0.793360
vt 0.200000 0.793360
vt 0.200000 0.213566
vt 0.000000 0.213566
vt 0.200000 0.213566
vt 0.200000 0.793360
vt 0.400000 0.793360
vt 0.400000 0.793360
vt 0.400000 0.213566
vt 0.200000 0.213566
vt 0.400000 0.213566
vt 0.400000 0.793360
vt 0.600000 0.793360
vt 0.600000 0.793360
vt 0.600000 0.213566
vt 0.400000 0.213566
vt 0.600000 0.213566
vt 0.600000 0.793360
vt 0.800000 0.793360
vt 0.800000 0.793360
vt 0.800000 0.213566
vt 0.600000 0.213566
vt 0.800000 0.213566
vt 0.800000 0.793360
vt 1.000000 0.793360
vt 1.000000 0.793360
vt 1.000000 0.213566
vt 0.800000 0.213566
vt 0.200000 0.809451
vt 0.000000 0.806176
vt 0.200000 0.823324
vt 0.200000 0.809451
vt 0.200000 0.793360
vt 0.000000 0.793360
vt 0.400000 0.807378
vt 0.200000 0.809451
vt 0.400000 0.823324
vt 0.400000 0.807378
vt 0.400000 0.793360
vt 0.200000 0.793360
vt 0.600000 0.807299
vt 0.400000 0.807378
vt 0.600000 0.823324
vt 0.600000 0.807299
vt 0.600000 0.793360
vt 0.400000 0.793360
vt 0.800000 0.808754
vt 0.600000 0.807299
vt 0.800000 0.823324
vt 0.800000 0.808754
vt 0.800000 0.793360
vt 0.600000 0.793360
vt 1.000000 0.806176
vt 0.800000 0.808754
vt 1.000000 0.823324
vt 1.000000 0.806176
vt 1.000000 0.793360
vt 0.800000 0.793360
vt 0.000000 0.823324
vt 0.000000 1.000000
vt 0.200000 1.000000
vt 0.200000 1.000000
vt 0.200000 0.823324
vt 0.000000 0.823324
vt 0.200000 0.823324
vt 0.200000 1.000000
vt 0.400000 1.000000
vt 0.400000 1.000000
vt 0.400000 0.823324
vt 0.200000 0.823324
vt 0.400000 0.823324
vt 0.400000 1.000000
vt 0.600000 1.000000
vt 0.600000 1.000000
vt 0.600000 0.823324
vt 0.400000 0.823324
vt 0.600000 0.823324
vt 0.600000 1.000000
vt 0.800000 1.000000
vt 0.800000 1.000000
vt 0.800000 0.823324
vt 0.600000 0.823324
vt 0.800000 0.823324
vt 0.800000 1.000000
vt 1.000000 1.000000
vt 1.000000 1.000000
vt 1.000000 0.823324
vt 0.800000 0.823324
vt 0.400000 0.197828
vt 0.400000 0.213566
vt 0.600000 0.213566
vt 0.200000 0.198594
vt 0.400000 0.197828
vt 0.200000 0.181699
vt 0.200000 0.198594
vt 0.200000 0.213566
vt 0.400000 0.213566
vt 0.000000 0.199280
vt 0.200000 0.198594
vt 0.000000 0.181699
vt 0.800000 0.196337
vt 1.000000 0.199280
vt 0.800000 0.181699
vt 0.000000 0.199280
vt 0.000000 0.213566
vt 0.200000 0.213566
vt 0.200000 0.809451
vt 0.400000 0.807378
vt 0.200000 0.793360
vt 0.400000 0.807378
vt 0.400000 0.823324
vt 0.600000 0.823324
vt 0.400000 0.807378
vt 0.600000 0.807299
vt 0.400000 0.793360
vt 0.600000 0.807299
vt 0.600000 0.823324
vt 0.800000 0.823324
vt 0.000000 0.806176
vt 0.200000 0.809451
vt 0.000000 0.793360
vt 0.200000 0.809451
vt 0.200000 0.823324
vt 0.400000 0.823324
vt 0.000000 0.806176
vt 0.000000 0.823324
vt 0.200000 0.823324
vt 0.800000 0.808754
vt 1.000000 0.806176
vt 0.800000 0.793360
vt 0.600000 0.807299
vt 0.800000 0.808754
vt 0.600000 0.793360
vt 0.800000 0.808754
vt 0.800000 0.823324
vt 1.000000 0.823324
vt 0.600000 0.196343
vt 0.800000 0.196337
vt 0.600000 0.181699
vt 0.800000 0.196337
vt 0.800000 0.213566
vt 1.000000 0.213566
vt 0.400000 0.197828
vt 0.600000 0.196343
vt 0.400000 0.181699
vt 0.600000 0.196343
vt 0.600000 0.213566
vt 0.800000 0.213566
vt 0.600000 0.196343
vt 0.600000 0.213566
vt 0.800000 0.213566
vt 0.400000 0.197828
vt 0.600000 0.196343
vt 0.400000 0.181699
vt 0.800000 0.196337
vt 0.800000 0.213566
vt 1.000000 0.213566
vt 0.600000 0.196343
vt 0.800000 0.196337
vt 0.600000 0.181699
vt 0.800000 0.808754
vt 0.800000 0.823324
vt 1.000000 0.823324
vt 0.600000 0.807299
vt 0.800000 0.808754
vt 0.600000 0.793360
vt 0.800000 0.808754
vt 1.000000 0.806176
vt 0.800000 0.793360
vt 0.000000 0.806176
vt 0.000000 0.823324
vt 0.200000 0.823324
vt 0.200000 0.809451
vt 0.200000 0.823324
vt 0.400000 0.823324
vt 0.000000 0.806176
vt 0.200000 0.809451
vt 0.000000 0.793360
vt 0.600000 0.807299
vt 0.600000 0.823324
vt 0.800000 0.823324
vt 0.400000 0.807378
vt 0.600000 0.807299
vt 0.400000 0.793360
vt 0.400000 0.807378
vt 0.400000 0.823324
vt 0.600000 0.823324
vt 0.200000 0.809451
vt 0.400000 0.807378
vt 0.200000 0.793360
vt 0.000000 0.199280
vt 0.000000 0.213566
vt 0.200000 0.213566
vt 0.800000 0.196337
vt 1.000000 0.199280
vt 0.800000 0.181699
vt 0.000000 0.199280
vt 0.200000 0.198594
vt 0.000000 0.181699
vt 0.200000 0.198594
vt 0.200000 0.213566
vt 0.400000 0.213566
vt 0.200000 0.198594
vt 0.400000 0.197828
vt 0.200000 0.181699
vt 0.400000 0.197828
vt 0.400000 0.213566
vt 0.600000 0.213566
vt 0.000000 0.000000
vt 0.000000 0.181699
vt 0.200000 0.181699
vt 0.200000 0.181699
vt 0.200000 0.000000
vt 0.000000 0.000000
vt 0.200000 0.000000
vt 0.200000 0.181699
vt 0.400000 0.181699
vt 0.400000 0.181699
vt 0.400000 0.000000
vt 0.400000 0.000000
vt 0.400000 0.181699
vt 0.600000 0.181699
vt 0.600000 0.181699
vt 0.600000 0.000000
vt 0.600000 0.000000
vt 0.600000 0.181699
vt 0.800000 0.181699
vt 0.800000 0.181699
vt 0.800000 0.000000
vt 0.800000 0.000000
vt 0.800000 0.181699
vt 1.000000 0.181699
vt 1.000000 0.181699
vt 0.200000 0.198594
vt 0.200000 0.213566
vt 0.200000 0.198594
vt 0.200000 0.181699
vt 0.400000 0.197828
vt 0.400000 0.213566
vt 0.400000 0.197828
vt 0.400000 0.181699
vt 0.600000 0.196343
vt 0.600000 0.213566
vt 0.600000 0.196343
vt 0.600000 0.181699
vt 0.800000 0.196337
vt 0.800000 0.213566
vt 0.800000 0.196337
vt 0.800000 0.181699
vt 1.000000 0.199280
vt 1.000000 0.213566
vt 0.000000 0.213566
vt 0.000000 0.793360
vt 0.200000 0.793360
vt 0.200000 0.793360
vt 0.200000 0.213566
vt 0.200000 0.213566
vt 0.200000 0.793360
vt 0.400000 0.793360
vt 0.400000 0.793360
vt 0.400000 0.213566
vt 0.400000 0.213566
vt 0.400000 0.793360
vt 0.600000 0.793360
vt 0.600000 0.793360
vt 0.600000 0.213566
vt 0.600000 0.213566
vt 0.600000 0.793360
vt 0.800000 0.793360
vt 0.800000 0.793360
vt 0.800000 0.213566
vt 0.800000 0.213566
vt 0.800000 0.793360
vt 1.000000 0.793360
vt 1.000000 0.793360
vt 0.200000 0.809451
vt 0.200000 0.823324
vt 0.200000 0.809451
vt 0.200000 0.793360
vt 0.400000 0.807378
vt 0.400000 0.823324
vt 0.400000 0.807378
vt 0.400000 0.793360
vt 0.600000 0.807299
vt 0.600000 0.823324
vt 0.600000 0.807299
vt 0.600000 0.793360
vt 0.800000 0.808754
vt 0.800000 0.823324
vt 0.800000 0.808754
vt 0.800000 0.793360
vt 1.000000 0.806176
vt 1.000000 0.823324
vt 0.000000 0.823324
vt 0.200000 1.000000
vt 0.200000 1.000000
vt 0.200000 0.823324
vt 0.200000 0.823324
vt 0.400000 1.000000
vt 0.400000 1.000000
vt 0.400000 0.823324
vt 0.400000 0.823324
vt 0.600000 1.000000
vt 0.600000 1.000000
vt 0.600000 0.823324
vt 0.600000 0.823324
vt 0.800000 1.000000
vt 0.800000 1.000000
vt 0.800000 0.823324
vt 0.800000 0.823324
vt 1.000000 1.000000
vt -1.167907 5.048405
vt -0.866907 5.050016
vt -0.997470 5.107954
vt -2.743785 3.228614
vt 3.240430 -1.911272
vt 4.698974 0.214896
vt 4.757700 -0.109802
vt 4.757448 0.079737
vt -4.433446 1.277427
vt -4.469118 1.098946
vt -4.394803 0.976083
vt 1.170438 -3.859660
vt 1.310947 -3.900105
vt 1.497043 -3.875016
vt 3.240430 -1.911272
vt -2.743785 3.228614
vt 1.170438 -3.859660
vt -4.394803 0.976083
vt 0.999967 0.667911
vt 0.000004 0.331694
vt 0.999935 0.322863
vt -0.000033 0.677137
vt 0.000000 0.213566
vt 0.600000 0.213566
vt 0.400000 0.213566
vt 0.200000 0.213566
vt 1.000000 0.000000
vt 1.000000 0.181699
vt 0.800000 0.000000
vt 0.800000 0.181699
vt 0.600000 0.000000
vt 0.600000 0.181699
vt 0.400000 0.000000
vt 0.400000 0.181699
vt 0.200000 0.000000
vt 0.200000 0.181699
vt 0.000000 0.181699
vt 0.200000 1.000000
vt 0.000000 1.000000
vt 0.000000 0.823324
vt 1.000000 0.823324
vt 0.800000 0.823324
vt 0.600000 0.823324
vt 0.400000 0.823324
vt 0.200000 0.823324
vt 1.000000 0.793360
vt 0.800000 0.793360
vt 0.600000 0.793360
vt 0.400000 0.793360
vt 0.200000 0.793360
vt 0.000000 0.793360
vt 1.000000 0.213566
vt 0.800000 0.213566
vt 1.000000 1.000000
vt 0.800000 1.000000
vt 0.600000 1.000000
vt 0.400000 1.000000
vt 1.000000 0.806176
vt 0.800000 0.808754
vt 0.600000 0.807299
vt 0.400000 0.807378
vt 0.000000 0.806176
vt 0.200000 0.809451
vt 1.000000 0.199280
vt 0.800000 0.196337
vt 0.600000 0.196343
vt 0.400000 0.197828
vt 0.000000 0.199280
vt 0.200000 0.198594
vt 0.000000 0.000000
vt 0.000000 0.181699
vt 0.200000 0.181699
vt 0.200000 0.181699
vt 0.200000 0.000000
vt 0.000000 0.000000
vt 0.200000 0.000000
vt 0.200000 0.181699
vt 0.400000 0.181699
vt 0.400000 0.181699
vt 0.400000 0.000000
vt 0.200000 0.000000
vt 0.400000 0.000000
vt 0.400000 0.181699
vt 0.600000 0.181699
vt 0.600000 0.181699
vt 0.600000 0.000000
vt 0.400000 0.000000
vt 0.600000 0.000000
vt 0.600000 0.181699
vt 0.800000 0.181699
vt 0.800000 0.181699
vt 0.800000 0.000000
vt 0.600000 0.000000
vt 0.800000 0.000000
vt 0.800000 0.181699
vt 1.000000 0.181699
vt 1.000000 0.181699
vt 1.000000 0.000000
vt 0.800000 0.000000
vt 0.200000 0.198594
vt 0.000000 0.199280
vt 0.200000 0.213566
vt 0.200000 0.198594
vt 0.200000 0.181699
vt 0.000000 0.181699
vt 0.400000 0.197828
vt 0.200000 0.198594
vt 0.400000 0.213566
vt 0.400000 0.197828
vt 0.400000 0.181699
vt 0.200000 0.181699
vt 0.600000 0.196343
vt 0.400000 0.197828
vt 0.600000 0.213566
vt 0.600000 0.196343
vt 0.600000 0.181699
vt 0.400000 0.181699
vt 0.800000 0.196337
vt 0.600000 0.196343
vt 0.800000 0.213566
vt 0.800000 0.196337
vt 0.800000 0.181699
vt 0.600000 0.181699
vt 1.000000 0.199280
vt 0.800000 0.196337
vt 1.000000 0.213566
vt 1.000000 0.199280
vt 1.000000 0.181699
vt 0.800000 0.181699
vt 0.000000 0.213566
vt 0.000000 0.793360
vt 0.200000 0.793360
vt 0.200000 0.793360
vt 0.200000 0.213566
vt 0.000000 0.213566
vt 0.200000 0.213566
vt 0.200000 0.793360
vt 0.400000 0.793360
vt 0.400000 0.793360
vt 0.400000 0.213566
vt 0.200000 0.213566
vt 0.400000 0.213566
vt 0.400000 0.793360
vt 0.600000 0.793360
vt 0.600000 0.793360
vt 0.600000 0.213566
vt 0.400000 0.213566
vt 0.600000 0.213566
vt 0.600000 0.793360
vt 0.800000 0.793360
vt 0.800000 0.793360
vt 0.800000 0.213566
vt 0.600000 0.213566
vt 0.800000 0.213566
vt 0.800000 0.793360
vt 1.000000 0.793360
vt 1.000000 0.793360
vt 1.000000 0.213566
vt 0.800000 0.213566
vt 0.200000 0.809451
vt 0.000000 0.806176
vt 0.200000 0.823324
vt 0.200000 0.809451
vt 0.200000 0.793360
vt 0.000000 0.793360
vt 0.400000 0.807378
vt 0.200000 0.809451
vt 0.400000 0.823324
vt 0.400000 0.807378
vt 0.400000 0.793360
vt 0.200000 0.793360
vt 0.600000 0.807299
vt 0.400000 0.807378
vt 0.600000 0.823324
vt 0.600000 0.807299
vt 0.600000 0.793360
vt 0.400000 0.793360
vt 0.800000 0.808754
vt 0.600000 0.807299
vt 0.800000 0.823324
vt 0.800000 0.808754
vt 0.800000 0.793360
vt 0.600000 0.793360
vt 1.000000 0.806176
vt 0.800000 0.808754
vt 1.000000 0.823324
vt 1.000000 0.806176
vt 1.000000 0.793360
vt 0.800000 0.793360
vt 0.000000 0.823324
vt 0.000000 1.000000
vt 0.200000 1.000000
vt 0.200000 1.000000
vt 0.200000 0.823324
vt 0.000000 0.823324
vt 0.200000 0.823324
vt 0.200000 1.000000
vt 0.400000 1.000000
vt 0.400000 1.000000
vt 0.400000 0.823324
vt 0.200000 0.823324
vt 0.400000 0.823324
vt 0.400000 1.000000
vt 0.600000 1.000000
vt 0.600000 1.000000
vt 0.600000 0.823324
vt 0.400000 0.823324
vt 0.600000 0.823324
vt 0.600000 1.000000
vt 0.800000 1.000000
vt 0.800000 1.000000
vt 0.800000 0.823324
vt 0.600000 0.823324
vt 0.800000 0.823324
vt 0.800000 1.000000
vt 1.000000 1.000000
vt 1.000000 1.000000
vt 1.000000 0.823324
vt 0.800000 0.823324
vt 0.400000 0.197828
vt 0.400000 0.213566
vt 0.600000 0.213566
vt 0.200000 0.198594
vt 0.400000 0.197828
vt 0.200000 0.181699
vt 0.200000 0.198594
vt 0.200000 0.213566
vt 0.400000 0.213566
vt 0.000000 0.199280
vt 0.200000 0.198594
vt 0.000000 0.181699
vt 0.800000 0.196337
vt 1.000000 0.199280
vt 0.800000 0.181699
vt 0.000000 0.199280
vt 0.000000 0.213566
vt 0.200000 0.213566
vt 0.200000 0.809451
vt 0.400000 0.807378
vt 0.200000 0.793360
vt 0.400000 0.807378
vt 0.400000 0.823324
vt 0.600000 0.823324
vt 0.400000 0.807378
vt 0.600000 0.807299
vt 0.400000 0.793360
vt 0.600000 0.807299
vt 0.600000 0.823324
vt 0.800000 0.823324
vt 0.000000 0.806176
vt 0.200000 0.809451
vt 0.000000 0.793360
vt 0.200000 0.809451
vt 0.200000 0.823324
vt 0.400000 0.823324
vt 0.000000 0.806176
vt 0.000000 0.823324
vt 0.200000 0.823324
vt 0.800000 0.808754
vt 1.000000 0.806176
vt 0.800000 0.793360
vt 0.600000 0.807299
vt 0.800000 0.808754
vt 0.600000 0.793360
vt 0.800000 0.808754
vt 0.800000 0.823324
vt 1.000000 0.823324
vt 0.600000 0.196343
vt 0.800000 0.196337
vt 0.600000 0.181699
vt 0.800000 0.196337
vt 0.800000 0.213566
vt 1.000000 0.213566
vt 0.400000 0.197828
vt 0.600000 0.196343
vt 0.400000 0.181699
vt 0.600000 0.196343
vt 0.600000 0.213566
vt 0.800000 0.213566
vt 0.600000 0.196343
vt 0.600000 0.213566
vt 0.800000 0.213566
vt 0.400000 0.197828
vt 0.600000 0.196343
vt 0.400000 0.181699
vt 0.800000 0.196337
vt 0.800000 0.213566
vt 1.000000 0.213566
vt 0.600000 0.196343
vt 0.800000 0.196337
vt 0.600000 0.181699
vt 0.800000 0.808754
vt 0.800000 0.823324
vt 1.000000 0.823324
vt 0.600000 0.807299
vt 0.800000 0.808754
vt 0.600000 0.793360
vt 0.800000 0.808754
vt 1.000000 0.806176
vt 0.800000 0.793360
vt 0.000000 0.806176
vt 0.000000 0.823324
vt 0.200000 0.823324
vt 0.200000 0.809451
vt 0.200000 0.823324
vt 0.400000 0.823324
vt 0.000000 0.806176
vt 0.200000 0.809451
vt 0.000000 0.793360
vt 0.600000 0.807299
vt 0.600000 0.823324
vt 0.800000 0.823324
vt 0.400000 0.807378
vt 0.600000 0.807299
vt 0.400000 0.793360
vt 0.400000 0.807378
vt 0.400000 0.823324
vt 0.600000 0.823324
vt 0.200000 0.809451
vt 0.400000 0.807378
vt 0.200000 0.793360
vt 0.000000 0.199280
vt 0.000000 0.213566
vt 0.200000 0.213566
vt 0.800000 0.196337
vt 1.000000 0.199280
vt 0.800000 0.181699
vt 0.000000 0.199280
vt 0.200000 0.198594
vt 0.000000 0.181699
vt 0.200000 0.198594
vt 0.200000 0.213566
vt 0.400000 0.213566
vt 0.200000 0.198594
vt 0.400000 0.197828
vt 0.200000 0.181699
vt 0.400000 0.197828
vt 0.400000 0.213566
vt 0.600000 0.213566
vt 0.000000 0.000000
vt 0.000000 0.181699
vt 0.200000 0.181699
vt 0.200000 0.181699
vt 0.200000 0.000000
vt 0.000000 0.000000
vt 0.200000 0.000000
vt 0.200000 0.181699
vt 0.400000 0.181699
vt 0.400000 0.181699
vt 0.400000 0.000000
vt 0.400000 0.000000
vt 0.400000 0.181699
vt 0.600000 0.181699
vt 0.600000 0.181699
vt 0.600000 0.000000
vt 0.600000 0.000000
vt 0.600000 0.181699
vt 0.800000 0.181699
vt 0.800000 0.181699
vt 0.800000 0.000000
vt 0.800000 0.000000
vt 0.800000 0.181699
vt 1.000000 0.181699
vt 1.000000 0.181699
vt 0.200000 0.198594
vt 0.200000 0.213566
vt 0.200000 0.198594
vt 0.200000 0.181699
vt 0.400000 0.197828
vt 0.400000 0.213566
vt 0.400000 0.197828
vt 0.400000 0.181699
vt 0.600000 0.196343
vt 0.600000 0.213566
vt 0.600000 0.196343
vt 0.600000 0.181699
vt 0.800000 0.196337
vt 0.800000 0.213566
vt 0.800000 0.196337
vt 0.800000 0.181699
vt 1.000000 0.199280
vt 1.000000 0.213566
vt 0.000000 0.213566
vt 0.000000 0.793360
vt 0.200000 0.793360
vt 0.200000 0.793360
vt 0.200000 0.213566
vt 0.200000 0.213566
vt 0.200000 0.793360
vt 0.400000 0.793360
vt 0.400000 0.793360
vt 0.400000 0.213566
vt 0.400000 0.213566
vt 0.400000 0.793360
vt 0.600000 0.793360
vt 0.600000 0.793360
vt 0.600000 0.213566
vt 0.600000 0.213566
vt 0.600000 0.793360
vt 0.800000 0.793360
vt 0.800000 0.793360
vt 0.800000 0.213566
vt 0.800000 0.213566
vt 0.800000 0.793360
vt 1.000000 0.793360
vt 1.000000 0.793360
vt 0.200000 0.809451
vt 0.200000 0.823324
vt 0.200000 0.809451
vt 0.200000 0.793360
vt 0.400000 0.807378
vt 0.400000 0.823324
vt 0.400000 0.807378
vt 0.400000 0.793360
vt 0.600000 0.807299
vt 0.600000 0.823324
vt 0.600000 0.807299
vt 0.600000 0.793360
vt 0.800000 0.808754
vt 0.800000 0.823324
vt 0.800000 0.808754
vt 0.800000 0.793360
vt 1.000000 0.806176
vt 1.000000 0.823324
vt 0.000000 0.823324
vt 0.200000 1.000000
vt 0.200000 1.000000
vt 0.200000 0.823324
vt 0.200000 0.823324
vt 0.400000 1.000000
vt 0.400000 1.000000
vt 0.400000 0.823324
vt 0.400000 0.823324
vt 0.600000 1.000000
vt 0.600000 1.000000
vt 0.600000 0.823324
vt 0.600000 0.823324
vt 0.800000 1.000000
vt 0.800000 1.000000
vt 0.800000 0.823324
vt 0.800000 0.823324
vt 1.000000 1.000000
vt -1.167907 5.048405
vt -0.866907 5.050016
vt -0.997470 5.107954
vt -2.743785 3.228614
vt 3.240430 -1.911272
vt 4.698974 0.214896
vt 4.757700 -0.109802
vt 4.757448 0.079737
vt -4.433446 1.277427
vt -4.469118 1.098946
vt -4.394803 0.976083
vt 1.170438 -3.859660
vt 1.310947 -3.900105
vt 1.497043 -3.875016
vt 3.240430 -1.911272
vt -2.743785 3.228614
vt 1.170438 -3.859660
vt -4.394803 0.976083
vt 0.999967 0.667911
vt 0.000004 0.331694
vt 0.999935 0.322863
vt -0.000033 0.677137
vt 0.001828 2.799999
vt -0.000000 -0.288299
vt 17.426676 -0.280546
vt 17.422945 2.799930
vt 10.140429 2.799958
vt 2.035486 2.799991
vt 15.975161 2.799935
vt 5.447821 2.799977
vt 6.129946 2.799974
vt 11.709806 -0.283090
vt -4.394803 0.976083
vt -2.743785 3.228614
vt -460.371460 400.399231
vt -462.022522 398.146729
vt 43.120678 2.634270
vt 43.120701 2.054468
vt 42.920696 2.054468
vt 42.920795 2.054451
vt 42.920834 2.634256
vt 43.120838 2.634256
vt 43.747410 2.055603
vt 43.747471 2.635377
vt 43.947475 2.635377
vt 43.949932 2.635254
vt 43.949940 2.055464
vt 43.749931 2.055464
vt 0.604309 3.007885
vt 0.604309 3.587679
vt 0.804309 3.587679
vt 0.804100 3.604908
vt 0.804100 3.025114
vt 0.604100 3.025114
vt 3.240430 -1.911272
vt 1.170438 -3.859660
vt -456.457275 393.310974
vt -488.632996 420.471375
vt 0.396726 3.007845
vt 0.396726 3.587639
vt 0.596726 3.587639
vt 0.596726 3.587639
vt 0.596726 3.007845
vt 0.396726 3.007845
vt 1.005978 3.615715
vt 1.005978 3.035921
vt 0.805978 3.035921
vt 0.806443 3.025187
vt 0.806443 3.604981
vt 1.006443 3.604981
vt 5.709429 -0.285759
vt 0.752246 -3.496285
vt 0.883298 -3.339679
vt 1.000000 0.257134
vt 0.814913 0.256799
vt 0.814913 0.256799
vt 0.800000 0.256643
vt 0.800000 0.256643
vt 0.615564 0.258687
vt 0.615564 0.258687
vt 0.600000 0.258642
vt 0.600000 0.258642
vt 0.416095 0.260225
vt 0.416095 0.260225
vt 0.400000 0.260363
vt 0.400000 0.260363
vt 0.215780 0.259312
vt 0.215780 0.259312
vt 0.200000 0.259442
vt 0.200000 0.259442
vt 0.015047 0.257187
vt 0.015047 0.257187
vt 0.000000 0.257134
vt 2.097586 -1.989697
vt 0.640281 0.330338
vt 0.600000 0.330452
vt 0.400000 0.330452
vt 0.239880 0.329178
vt 0.239880 0.329178
vt 0.200000 0.328861
vt 0.200000 0.328861
vt 0.039729 0.328738
vt 0.039729 0.328738
vt 0.000000 0.328708
vt 1.000000 0.328708
vt 0.840043 0.329651
vt 0.840043 0.329651
vt 0.800000 0.329887
vt 0.800000 0.329887
vt 0.640281 0.330338
vt 0.183968 3.516206
vt -0.282270 3.506297
vt -3.996727 0.630188
vt -3.987076 0.642696
vt -2.272244 2.823604
vt -2.446391 2.643257
vt 0.200000 0.750203
vt 0.185115 0.750209
vt 0.185115 0.750209
vt 0.000000 0.751888
vt 1.000000 0.751888
vt 0.985735 0.752007
vt 0.985735 0.752007
vt 0.800000 0.751947
vt 0.800000 0.751947
vt 0.785738 0.752015
vt 0.785738 0.752015
vt 0.600000 0.750305
vt 0.600000 0.750305
vt 0.585121 0.750226
vt 0.585121 0.750226
vt 0.400000 0.749233
vt 0.400000 0.749233
vt 0.384736 0.749110
vt 0.384736 0.749110
vt 0.200000 0.750203
vt 0.779356 0.745579
vt 0.600000 0.744410
vt 0.400000 0.744410
vt 0.383196 0.744644
vt 0.383196 0.744644
vt 0.200000 0.747203
vt 0.200000 0.747203
vt 0.184092 0.747245
vt 0.184092 0.747245
vt 0.000000 0.747725
vt 1.000000 0.747725
vt 0.984203 0.747566
vt 0.984203 0.747566
vt 0.800000 0.745713
vt 0.800000 0.745713
vt 0.783527 0.745606
vt 0.783527 0.745606
vt 2.874974 -1.291881
vt 2.874712 -1.264216
vt 0.634385 0.340163
vt 0.685220 0.339969
vt 0.686176 0.340039
vt 0.687911 0.340418
vt 0.836761 0.339848
vt 0.213115 0.339766
vt 0.335053 0.340521
vt 0.234966 0.339159
vt 0.384108 0.338344
vt -0.164839 0.338062
vt -0.123239 0.338536
vt -0.118592 0.337703
vt 0.030803 0.337946
vt 0.556297 0.338706
vt 0.627759 0.339850
vt 0.596776 0.339329
vt 0.745953 0.340473
vt 2.346906 1.749219
vt -3.985141 0.620121
vt -3.975490 0.632629
vt 0.199999 0.749000
vt 0.384735 0.747907
vt 0.199998 0.749000
vt 0.185113 0.749006
vt 0.185113 0.749002
vt -0.000002 0.750681
vt 0.999999 0.750681
vt 0.985735 0.750800
vt 0.985735 0.750804
vt 0.800000 0.750744
vt 0.800002 0.750744
vt 0.785740 0.750811
vt 0.785740 0.750817
vt 0.600002 0.749108
vt 0.600002 0.749108
vt 0.585122 0.749028
vt 0.585122 0.749028
vt 0.400001 0.748035
vt 0.399999 0.748035
vt 0.384735 0.747912
vt 0.779364 0.744124
vt 0.783535 0.744152
vt 0.600008 0.742955
vt 0.400009 0.742955
vt 0.383205 0.743190
vt 0.383205 0.743190
vt 0.200009 0.745749
vt 0.199987 0.745749
vt 0.184079 0.745790
vt 0.184079 0.745790
vt -0.000013 0.746271
vt 0.999985 0.746270
vt 0.984189 0.746112
vt 0.984189 0.746112
vt 0.799985 0.744259
vt 0.800008 0.744259
vt 0.783535 0.744152
vt -0.150023 0.357851
vt -0.299200 0.356707
vt -0.244244 0.365173
vt -0.193410 0.364978
vt -0.190712 0.365010
vt -0.192928 0.364980
vt -0.044078 0.364410
vt 1.775908 0.355981
vt 1.826765 0.355703
vt 1.826488 0.355708
vt 1.975630 0.354893
vt 1.316808 0.362214
vt 1.367412 0.362296
vt 1.367165 0.362295
vt 1.516561 0.362538
vt -0.350292 0.356313
vt -0.299468 0.356703
vt -0.499714 4.080455
vt -1.792466 3.335932
vt 0.672689 3.559708
vt 3.341569 0.982210
vt -0.773636 3.340314
vt -1.163680 3.698063
vt -1.325935 3.153747
vt 2.909422 0.357413
vt 2.451552 1.151757
vt 3.292737 -0.112224
vt 19.854078 34.059547
vt 21.505093 36.312080
vt 18035.912109 24043.822266
vt 17663.189453 23535.306641
vt -28.045212 -0.448030
vt -38.837524 -1.498798
vt -39.037529 -1.498798
vt -39.049114 -1.499563
vt -28.253790 -0.448580
vt -28.053793 -0.448580
vt 0.199076 -1.006830
vt 0.399076 -1.006830
vt -64.520508 -1.487147
vt -64.720505 -1.485074
vt -64.520515 -1.471201
vt 17.481678 -0.261755
vt 28.521885 0.793378
vt 28.721882 0.793378
vt 28.694221 0.793388
vt 17.650581 -0.261601
vt 17.450579 -0.261601
vt -44.196472 -0.465645
vt -44.197350 0.793398
vt -43.997345 0.793398
vt -44.013973 0.793411
vt -44.013069 -0.469408
vt -44.213070 -0.469408
vt -75.021011 0.823208
vt -75.020996 0.999883
vt -74.821007 0.999883
vt -74.825531 -0.431971
vt -74.825531 -0.608647
vt -75.025528 -0.608647
vt 0.399035 -0.997028
vt -60.699364 -0.918866
vt -60.699360 -0.904993
vt -60.499367 -0.904993
vt -31.436874 -2.445021
vt -31.236876 -2.447094
vt -31.436874 -2.461112
vt -31.905346 -2.220282
vt -31.905346 -2.234301
vt -32.105347 -2.234301
vt -19.143465 -0.063027
vt -19.346468 -0.062942
vt -19.146463 -0.062942
vt -52.813194 -1.773697
vt -53.013191 -1.773698
vt 75.448784 -1.603764
vt 75.448792 -1.422063
vt 75.648781 -1.422063
vt 0.198997 -1.525036
vt 0.199303 -0.430733
vt 0.399303 -0.430733
vt -45.301659 -0.807919
vt -45.501659 -0.805847
vt -45.301659 -0.791974
vt 24.463863 -0.933321
vt 24.663866 -0.931867
vt 24.463863 -0.947260
vt -37.127373 -3.092341
vt -36.927376 -3.075118
vt 0.801626 -0.430748
vt 0.601570 -0.424278
vt 0.801570 -0.424278
vt 53.552429 0.823337
vt 53.552429 1.000012
vt 53.752438 1.000012
vt 21.600206 -1.901246
vt 21.600206 -1.916639
vt 21.400211 -1.916639
vt 50.168350 -1.388666
vt 49.968349 -1.390121
vt 50.168350 -1.374096
vt -52.752090 0.823242
vt -52.752090 0.999921
vt -52.552094 0.999921
vt 75.623474 0.177563
vt 75.623482 -0.004129
vt 75.423470 -0.004129
vt -52.562801 -0.008191
vt -52.562798 -0.184870
vt -52.762806 -0.184870
vt 53.752563 0.673070
vt 53.752563 0.496401
vt 53.552567 0.496401
vt 0.399300 -0.424294
vt 0.398993 -1.515892
vt 0.198993 -1.515892
vt 39.587566 -2.470173
vt 39.387562 -2.469408
vt 39.587570 -2.454436
vt 52.238297 -1.398533
vt 52.238293 -1.414662
vt 52.038292 -1.414662
vt 55.313263 -2.905325
vt 55.513260 -2.906091
vt 55.313259 -2.922220
vt -42.673573 -0.407245
vt -42.673569 -0.393372
vt -42.473572 -0.393372
vt -22.077059 -1.482190
vt -21.877062 -1.484262
vt -22.077059 -1.498281
vt 34.159988 -3.923115
vt 34.159992 -3.908143
vt 34.359989 -3.908143
vt -22.346767 -1.324568
vt -22.346767 -1.338586
vt -22.546764 -1.338586
vt 3.077412 0.291310
vt 2.459701 0.321619
vt 33.648582 26.710524
vt 31.578598 24.762138
vt 18045.984375 24032.273438
vt 6419489.500000 -7304037.500000
vt 43.017666 -2.233090
vt 42.817657 -2.230512
vt 43.017662 -2.215942
vt 48.697807 0.823121
vt 48.697807 0.999797
vt 48.897797 0.999797
vt 0.399079 -0.465797
vt 0.599604 -0.465800
vt 0.399604 -0.465800
vt -42.150028 -1.573833
vt -42.150028 -1.556685
vt -41.950024 -1.556685
vt -47.855995 0.823519
vt -47.855988 1.000194
vt -47.655991 1.000194
vt -47.651379 0.424934
vt -47.651379 0.248261
vt -47.851379 0.248261
vt 0.999657 -1.012963
vt 0.999493 -2.278084
vt 0.799492 -2.278084
vt 0.799327 -2.269625
vt 0.799538 -1.006831
vt 0.999538 -1.006831
vt 0.357867 -2.103897
vt 0.557864 -2.103975
vt 0.357867 -2.117915
vt 0.602781 -0.996991
vt 0.402501 -0.997021
vt 0.602501 -0.997021
vt 0.374922 -1.159076
vt 0.374920 -1.143130
vt 0.574921 -1.143130
vt 0.720926 -1.162632
vt 0.520925 -1.162552
vt 0.720927 -1.146607
vt 0.630784 -2.104807
vt 0.630783 -2.118746
vt 0.430786 -2.118747
vt 42.744034 -1.177285
vt 42.744038 -1.162715
vt 42.944038 -1.162715
vt -42.161106 -1.784494
vt -42.361107 -1.787769
vt -42.161098 -1.770620
vt -12.094221 -3.595160
vt -11.894229 -3.591886
vt -12.094222 -3.607976
vt 48.893791 0.416066
vt 48.893787 0.239389
vt 48.693794 0.239389
vt -58.407322 1.216029
vt -59.407318 1.225256
vt -59.407291 0.879812
vt -58.201614 0.959121
vt 30.575573 -1.333400
vt 30.375570 -1.330822
vt 30.575571 -1.316252
vt 34.524101 0.823184
vt 34.524101 0.999856
vt 34.724098 0.999856
vt -19.986620 -0.072272
vt -19.786619 -0.072272
vt -19.782774 -0.072141
vt 0.577844 0.135813
vt 0.577844 -0.045886
vt 0.377844 -0.045886
vt 0.382883 -0.045897
vt 0.382883 0.135802
vt 0.582883 0.135802
vt -29.689604 -0.869119
vt -29.689604 -0.851972
vt -29.489603 -0.851972
vt -33.703346 0.823444
vt -33.703346 1.000121
vt -33.503349 1.000121
vt 30.581125 -1.333611
vt 30.381124 -1.331034
vt 30.581123 -1.316464
vt 10.977709 -2.384622
vt 10.977709 -2.397438
vt 10.777710 -2.397438
vt -33.504307 0.594968
vt -33.504307 0.418291
vt -33.704308 0.418291
vt 34.503304 0.823309
vt 34.503304 0.999985
vt 34.703304 0.999985
vt 34.703354 0.870838
vt 34.703346 0.694162
vt 34.503353 0.694162
vt 13.592775 -1.752844
vt 13.792774 -1.755421
vt 13.592774 -1.768237
vt 30.315868 -0.589260
vt 30.315866 -0.574691
vt 30.515863 -0.574691
vt 0.999649 -0.434756
vt 0.799521 -0.430739
vt 0.999521 -0.430739
vt 0.362298 -1.242543
vt 0.562297 -1.242622
vt 0.362297 -1.256561
vt 0.393706 -2.787222
vt 0.393706 -2.771484
vt 0.593705 -2.771484
vt 0.602570 -2.121059
vt 0.602570 -2.135702
vt 0.402575 -2.135702
vt -0.317324 -2.768836
vt -0.517319 -2.767351
vt -0.317324 -2.751612
vt 0.601656 -0.424288
vt 0.602302 -1.515883
vt 0.402302 -1.515883
vt 0.402175 -1.515884
vt 0.401567 -0.424289
vt 0.601567 -0.424289
vt 0.394042 -0.577229
vt 0.394046 -0.561283
vt 0.594045 -0.561283
vt 0.677329 -0.579601
vt 0.477330 -0.579522
vt 0.677326 -0.563576
vt 1.690309 -2.157928
vt 1.890306 -2.159414
vt 1.690306 -2.174057
vt 0.627918 -1.243040
vt 0.627918 -1.256980
vt 0.427915 -1.256980
vt -8.517681 -2.292086
vt -8.317676 -2.288812
vt -8.517683 -2.304903
vt -14.071713 -1.873379
vt -14.071708 -1.889469
vt -14.271713 -1.889469
vt 30.336870 -0.589534
vt 30.336870 -0.574963
vt 30.536877 -0.574963
vt -29.641239 -1.017468
vt -29.841242 -1.020742
vt -29.641243 -1.003595
vt -29.623823 -1.017293
vt -29.823826 -1.020567
vt -29.623823 -1.003420
vt -8.506340 -2.292887
vt -8.306344 -2.289613
vt -8.506340 -2.305704
vt -33.523315 0.871341
vt -33.523315 0.694666
vt -33.723312 0.694666
vt -33.724129 0.823345
vt -33.724129 1.000021
vt -33.524128 1.000021
vt -29.705460 -0.869070
vt -29.705460 -0.851922
vt -29.505457 -0.851922
vt 34.725159 0.588796
vt 34.725159 0.412122
vt 34.525154 0.412122
vt 70.897224 -2.311483
vt 70.697220 -2.312937
vt 70.897232 -2.296913
vt 30.357811 -3.040653
vt 30.357811 -3.056047
vt 30.157810 -3.056047
vt 58.277321 -0.613243
vt 58.277332 -0.597219
vt 58.477341 -0.597219
vt 75.854088 0.823460
vt 75.854088 1.000144
vt 76.054092 1.000144
vt 76.030251 -0.463238
vt 76.030251 -0.639913
vt 75.830254 -0.639913
vt 34.489937 -1.664853
vt 34.689938 -1.663398
vt 34.489937 -1.678792
vt 0.802526 -1.006830
vt 0.602598 -0.996969
vt 0.802598 -0.996970
vt 327.987915 -283.875732
vt 326.336914 -286.128235
vt 331.902161 -290.963989
vt 1648.148560 -1256.674438
vt -22.352299 -1.324620
vt -22.352299 -1.338638
vt -22.552299 -1.338638
vt 50.150398 -1.388003
vt 49.950394 -1.389457
vt 50.150398 -1.373432
vt 21.603563 -1.900920
vt 21.603559 -1.916314
vt 21.403561 -1.916314
vt -52.784439 0.823303
vt -52.784439 0.999979
vt -52.584435 0.999979
vt 41.220726 -0.192995
vt 41.220726 -0.176971
vt 41.420723 -0.176971
vt -52.811043 -1.759667
vt -52.811043 -1.774306
vt -53.011044 -1.774306
vt -36.937416 -3.092220
vt -37.137417 -3.092215
vt -36.937412 -3.074991
vt -54.017670 -2.169989
vt -53.817661 -2.169994
vt -54.017662 -2.184632
vt -37.376713 -3.080499
vt -37.376709 -3.063276
vt -37.176712 -3.063276
vt 53.584450 0.823429
vt 53.584454 1.000107
vt 53.784447 1.000107
vt 53.783226 -0.030529
vt 53.783226 -0.207204
vt 53.583237 -0.207204
vt 24.462444 -0.933262
vt 24.662439 -0.931807
vt 24.462446 -0.947202
vt -74.673508 -1.567778
vt -74.673500 -1.386083
vt -74.473495 -1.386083
vt -52.584709 0.675141
vt -52.584713 0.498460
vt -52.784718 0.498460
vt 0.801674 -0.430751
vt 0.802360 -1.525062
vt 0.602360 -1.525062
vt 0.602391 -1.515864
vt 0.601696 -0.424275
vt 0.801696 -0.424275
vt -74.466713 0.177410
vt -74.466705 -0.004286
vt -74.666718 -0.004286
vt -22.083799 -1.482076
vt -21.883795 -1.484149
vt -22.083799 -1.498167
vt 14937.511719 -12939.936523
vt 14937.476562 -12940.116211
vt 9.867387 -4.694633
vt 80897.718750 -16773.486328
vt 516570.968750 -102131.054688
vt -74718.750000 64646.671875
vt 4428120.500000 -3835918.500000
vt -1161.289795 1010.464172
vt -1161.119385 1010.523682
vt 0.595849 1.000023
vt 0.595849 0.823347
vt 0.395849 0.823347
vt 0.411598 0.823312
vt 0.411598 0.999988
vt 0.611598 0.999988
vt -20.055565 -3.000742
vt -20.055561 -3.016833
vt -20.255562 -3.016833
vt 0.196784 -1.006853
vt -0.003297 -1.012943
vt 0.196703 -1.012943
vt 0.998801 -1.012954
vt 0.799019 -1.006816
vt 0.999019 -1.006815
vt 18.960573 -2.829522
vt 19.160580 -2.832099
vt 18.960577 -2.844916
vt 15.181009 -3.726713
vt 15.181007 -3.739529
vt 14.981015 -3.739530
vt 0.401296 -0.424288
vt 0.601296 -0.424288
vt 0.601288 -0.424290
vt 0.629011 -1.242997
vt 0.629011 -1.256936
vt 0.429010 -1.256936
vt 0.389312 0.823325
vt 0.389312 1.000001
vt 0.589312 1.000001
vt 0.590820 1.000001
vt 0.590820 0.823325
vt 0.390821 0.823325
vt 0.609937 0.999992
vt 0.609937 0.823316
vt 0.409937 0.823316
vt 0.410688 0.823314
vt 0.410688 0.999990
vt 0.610688 0.999990
vt 0.360567 -1.242480
vt 0.560569 -1.242560
vt 0.360566 -1.256499
vt -22.423748 -3.758496
vt -22.423748 -3.741267
vt -22.223747 -3.741267
vt -14.058949 -1.873498
vt -14.058949 -1.889589
vt -14.258948 -1.889589
vt 0.646569 -2.814282
vt 0.846569 -2.814967
vt 0.646567 -2.831862
vt 20.269554 -4.605715
vt 20.269554 -4.591429
vt 20.469555 -4.591429
vt 47.894745 -0.669347
vt 47.894745 -0.487651
vt 48.094742 -0.487651
vt 21.894964 -3.521007
vt 21.694962 -3.520321
vt 21.894962 -3.506035
vt 0.197988 -0.430748
vt 0.197185 -1.525057
vt -0.002815 -1.525057
vt -0.002990 -1.530738
vt -0.002135 -0.434747
vt 0.197865 -0.434747
vt 0.999294 -0.434754
vt 0.999036 -1.530748
vt 0.799036 -1.530748
vt 0.799263 -1.525048
vt 0.799454 -0.430741
vt 0.999454 -0.430741
vt 48.062405 0.151449
vt 48.062405 -0.030251
vt 47.862404 -0.030251
vt -17.891245 -4.292446
vt -18.091244 -4.295388
vt -17.891241 -4.278159
vt -35.408222 -2.778903
vt -35.208221 -2.775961
vt -35.408215 -2.793541
vt 3.029581 -2.620675
vt 3.029579 -2.637569
vt 2.829577 -2.637569
vt -35.191048 -2.735437
vt -35.191044 -2.753018
vt -35.391037 -2.753017
vt 13.579520 -1.752591
vt 13.779522 -1.755168
vt 13.579520 -1.767985
vt -47.051308 -0.658762
vt -47.051311 -0.477064
vt -46.851311 -0.477064
vt -46.900757 0.151381
vt -46.900757 -0.030318
vt -47.100761 -0.030318
vt 10.992257 -2.385603
vt 10.992257 -2.398420
vt 10.792245 -2.398420
vt 16.371250 3.373937
vt 15.950733 0.288203
vt -10149403.000000 -13176968.000000
vt -10149643.000000 -13177294.000000
vt -95.629868 -3.335403
vt -95.829865 -3.335403
vt 135.486603 -2.883358
vt 135.486603 -2.701658
vt 135.686600 -2.701658
vt 0.198311 -3.025436
vt -67.282761 -5.720166
vt -67.082764 -5.702943
vt 135.807602 0.174313
vt 135.807587 -0.007386
vt 135.607590 -0.007386
vt -134.618530 -0.000816
vt -134.818558 -0.000816
vt -135.223984 -0.932450
vt 0.398236 -3.007802
vt 0.198236 -3.007802
vt 70.874512 -4.600280
vt 70.674515 -4.599513
vt 70.874512 -4.584542
vt 93.599777 -2.672284
vt 93.599785 -2.688414
vt 93.399757 -2.688414
vt 99.303337 -5.382761
vt 99.503326 -5.383527
vt 99.303345 -5.399655
vt 61.317150 -7.219038
vt 61.317169 -7.204066
vt 61.517166 -7.204068
vt 130.942261 5.166226
vt 38.040390 3.306772
vt -9602579.000000 -12467042.000000
vt 1317124096.000000 -1510188544.000000
vt -105.903816 1.654262
vt -106.903816 1.663488
vt -106.903770 1.318044
vt -30920.902344 -5485.105469
vt 0.452518 -0.009006
vt 0.504313 -0.008971
vt 0.304313 -0.008971
vt 0.695452 0.099081
vt 0.695451 -0.082618
vt 0.495451 -0.082618
vt 0.287077 -0.082156
vt 0.287077 0.099543
vt 0.487077 0.099543
vt 0.479995 -5.171904
vt 0.479995 -5.156165
vt 0.679990 -5.156165
vt 0.562648 -3.973342
vt 0.562646 -3.987986
vt 0.362648 -3.987986
vt -1.035884 -5.140194
vt -1.235883 -5.138709
vt -1.035887 -5.122970
vt 0.604896 -3.007733
vt 0.404896 -3.007733
vt 0.404393 -3.007789
vt 2.746979 -4.040751
vt 2.946983 -4.042237
vt 2.746983 -4.056881
vt 135.969849 -0.939152
vt 135.672989 -0.000837
vt 135.472992 -0.000837
vt -95.657112 -3.322520
vt -95.657097 -3.337159
vt -95.857109 -3.337159
vt -67.133751 -5.722549
vt -67.333763 -5.722544
vt -67.133751 -5.705320
vt -97.680580 -4.061067
vt -97.480583 -4.061072
vt -97.680573 -4.075710
vt -67.758896 -5.701698
vt -67.758896 -5.684474
vt -67.558891 -5.684474
vt -134.784470 -2.819899
vt -134.784485 -2.638201
vt -134.584488 -2.638201
vt 0.804506 -3.025435
vt 0.604506 -3.025435
vt 0.604635 -3.007696
vt -134.471909 0.174022
vt -134.471893 -0.007678
vt -134.671906 -0.007678
vt -41.032707 -6.919265
vt -41.032703 -6.902035
vt -40.832703 -6.902035
vt 1.138351 -5.222383
vt 1.338350 -5.223067
vt 1.138354 -5.239964
vt 36.472172 -8.446154
vt 36.472172 -8.431869
vt 36.672192 -8.431869
vt 86.090240 -1.203249
vt 86.090225 -1.021554
vt 86.290222 -1.021554
vt 39.209915 -6.493958
vt 39.009926 -6.493271
vt 39.209919 -6.478987
vt 0.194305 -3.025477
vt -0.005695 -3.025477
vt -0.005841 -3.036437
vt 0.997927 -3.036456
vt 0.797927 -3.036456
vt 0.798318 -3.025411
vt -85.248589 -0.373277
vt -85.083176 -0.005698
vt -85.283173 -0.005698
vt 86.277023 0.127159
vt 86.277023 -0.054544
vt 86.076996 -0.054544
vt -33.010700 -7.880410
vt -33.210697 -7.883353
vt -33.010696 -7.866122
vt -64.387756 -5.154728
vt -64.187767 -5.151785
vt -64.387756 -5.169365
vt 5.144654 -4.877889
vt 5.144650 -4.894784
vt 4.944655 -4.894784
vt -64.041641 -5.084477
vt -64.041641 -5.102057
vt -64.241638 -5.102058
vt 86.345779 -0.005759
vt 86.145790 -0.005759
vt 85.994209 -0.374830
vt -85.256546 -1.184730
vt -85.256538 -1.003030
vt -85.056534 -1.003030
vt -85.136879 0.127093
vt -85.136879 -0.054602
vt -85.336876 -0.054602
vt -452167499776.000000 -1104939319296.000000
vt -33180026815905792.000000 175342727053967360.000000
vt -77.213852 -6.143319
vt -77.213852 -6.160899
vt -77.413857 -6.160899
vt -61.010410 -2.502755
vt -61.210423 -2.502755
vt -61.229424 -2.503981
vt -60.573040 -1.963537
vt -60.373035 -1.963536
vt 466840.406250 24470.224609
vt 462399.375000 24237.441406
vt 466840.062500 24470.207031
vt 162.726700 -3.463914
vt 162.726715 -3.282213
vt 162.926697 -3.282213
vt 0.197966 -3.677610
vt 0.197983 -3.065068
vt 0.397983 -3.065068
vt -138.745605 -4.110571
vt -138.945602 -4.108500
vt -138.745636 -4.094626
vt 663063.562500 34750.320312
vt 663063.312500 34750.320312
vt 658622.562500 34517.570312
vt -44.011276 -1.264877
vt -44.011219 -1.877428
vt -44.211212 -1.877428
vt -44.194672 -1.865915
vt -44.194717 -1.253560
vt -43.994720 -1.253560
vt 161.825882 1.000035
vt 162.025894 1.000035
vt -161.020172 0.823072
vt -161.020142 0.999750
vt -160.820145 0.999750
vt -81.482735 -6.885515
vt -81.482719 -6.868292
vt -81.282738 -6.868292
vt -117.397415 -4.917025
vt -117.197426 -4.917029
vt -117.397415 -4.931668
vt 163.070084 0.172831
vt 163.070084 -0.008873
vt 162.870087 -0.008873
vt -160.835693 -2.069190
vt -160.835693 -2.245874
vt -161.035736 -2.245874
vt -161.887131 0.180713
vt -161.887115 -0.000980
vt -162.087143 -0.000980
vt -162.572266 -1.120187
vt -162.572266 -0.938499
vt -162.372284 -0.938499
vt 162.025894 0.004552
vt 0.397894 -3.044061
vt 0.397875 -3.656425
vt 0.197875 -3.656425
vt 85.063560 -5.566483
vt 84.863556 -5.565717
vt 85.063560 -5.550745
vt 112.366302 -3.250194
vt 112.366302 -3.266323
vt 112.166298 -3.266323
vt 119.259270 -6.506529
vt 119.459290 -6.507294
vt 119.259285 -6.523422
vt -130.326141 -2.894874
vt -130.326141 -2.881001
vt -130.126160 -2.881001
vt -67.608940 -6.166014
vt -67.408936 -6.168087
vt -67.608940 -6.182105
vt 73.622452 -8.712759
vt 73.622467 -8.697786
vt 73.822464 -8.697788
vt -68.841530 -5.681920
vt -68.841530 -5.695938
vt -69.041534 -5.695938
vt 152644.031250 7995.388672
vt 67548.320312 3541.020508
vt 72835464.000000 94561688.000000
vt 72835448.000000 94561688.000000
vt 68706904.000000 89201568.000000
vt 67627584.000000 87783608.000000
vt 53.774948 -0.093498
vt 61.131630 0.793413
vt 61.331623 0.793413
vt 61.274841 0.793423
vt 53.915764 -0.093363
vt 53.715767 -0.093364
vt -95.414818 -0.237625
vt -95.415398 0.793487
vt -95.215401 0.793487
vt -95.251854 0.793488
vt -95.251251 -0.240136
vt -95.451233 -0.240136
vt -127.430519 10.532197
vt -128.430511 10.541423
vt -128.430466 10.195979
vt 197578.218750 35210.500000
vt 76.999924 -7.398847
vt 77.199921 -7.399533
vt 76.999931 -7.416428
vt 76.624268 -5.238749
vt 76.624268 -5.255643
vt 76.424271 -5.255643
vt 91.060753 -5.708326
vt 90.860748 -5.705748
vt 91.060753 -5.691177
vt 103.457405 0.822889
vt 103.457413 0.999566
vt 103.657394 0.999566
vt -5.150398 -1.295401
vt -4.385160 -0.792494
vt -4.185163 -0.792494
vt -4.986262 -1.294919
vt -5.186266 -1.294919
vt 0.464056 -0.010820
vt 0.464055 0.170879
vt 0.664055 0.170879
vt 0.485671 0.170922
vt 0.485674 -0.010777
vt 0.285674 -0.010777
vt 0.714044 0.082442
vt 0.714043 -0.099257
vt 0.514043 -0.099257
vt 0.261832 -0.098698
vt 0.261833 0.083001
vt 0.461833 0.083001
vt -90.342941 -4.294956
vt -90.342941 -4.277808
vt -90.142952 -4.277809
vt -102.570000 0.823743
vt -102.569984 1.000411
vt -102.369995 1.000411
vt -102.360626 -0.232546
vt -102.360626 -0.409223
vt -102.560631 -0.409223
vt 103.371231 0.999956
vt 103.571228 0.999956
vt 103.572258 0.606910
vt -49.409744 -8.349413
vt -49.409744 -8.332185
vt -49.209747 -8.332186
vt -77.475204 -6.232343
vt -77.275215 -6.229402
vt -77.475212 -6.246981
vt 0.999146 -3.690867
vt 0.799146 -3.690867
vt 0.798886 -3.677613
vt 0.798897 -3.065071
vt 0.998897 -3.065071
vt 488835456.000000 103482288.000000
vt 0.309016 -5.432423
vt 0.509010 -5.432501
vt 0.309015 -5.446441
vt 0.495619 -6.253136
vt 0.495619 -6.237398
vt 0.695613 -6.237399
vt 0.553730 -4.812895
vt 0.553727 -4.827539
vt 0.353729 -4.827538
vt -1.365312 -6.214686
vt -1.565312 -6.213201
vt -1.365315 -6.197464
vt 0.605816 -3.043980
vt 0.605865 -3.656343
vt 0.405865 -3.656343
vt 0.405260 -3.656409
vt 0.405216 -3.044045
vt 0.605216 -3.044046
vt 0.346985 -3.407403
vt 0.346981 -3.391457
vt 0.546986 -3.391457
vt 0.857920 -3.414893
vt 0.657918 -3.414814
vt 0.857920 -3.398869
vt 3.219457 -4.894267
vt 3.419458 -4.895751
vt 3.219461 -4.910396
vt 0.665942 -5.434299
vt 0.665941 -5.448238
vt 0.465950 -5.448238
vt 47.143860 -7.849295
vt 46.943863 -7.848610
vt 47.143852 -7.834321
vt 43.783203 -10.182344
vt 43.783195 -10.168057
vt 43.983200 -10.168057
vt 90.699287 -3.448019
vt 90.699287 -3.433450
vt 90.899292 -3.433450
vt -90.594490 -4.750352
vt -90.794495 -4.753628
vt -90.594482 -4.736480
vt -25.922541 -8.627240
vt -25.722549 -8.623966
vt -25.922543 -8.640059
vt -102.463631 0.608336
vt -102.658737 1.000064
vt -102.458763 1.000064
vt 103.650894 -0.251578
vt 103.650894 -0.428253
vt 103.450897 -0.428253
vt -77983872.000000 -101246280.000000
vt -77983888.000000 -101246272.000000
vt -82112528.000000 -106606456.000000
vt -2536548859904.000000 2729125609472.000000
vt 0.396481 -0.238096
vt 0.396030 0.793051
vt 0.596030 0.793051
vt 0.597842 0.793051
vt 0.598284 -0.238099
vt 0.398283 -0.238099
vt 36041.042969 47420.589844
vt 35668.320312 46912.082031
vt 35853.667969 47152.703125
vt -9342899200.000000 10696766464.000000
vt 163.307999 -1.128249
vt 163.307999 -0.946551
vt 163.507996 -0.946551
vt 162.910522 0.180688
vt 162.910507 -0.001005
vt 162.710526 -0.001005
vt 151.036697 -5.879136
vt 150.836670 -5.880589
vt 151.036697 -5.864566
vt 64.151917 -7.441689
vt 64.151917 -7.457081
vt 63.951923 -7.457082
vt -161.096527 0.999936
vt -160.896500 0.999936
vt 124.225273 -2.237411
vt 124.225311 -2.221386
vt 124.425308 -2.221386
vt -115.077507 -4.031064
vt -115.077484 -4.045702
vt -115.277512 -4.045702
vt -80.812836 -6.914326
vt -81.012825 -6.914320
vt -80.812836 -6.897097
vt -117.471237 -4.918274
vt -117.271233 -4.918279
vt -117.471237 -4.932918
vt 85.176430 -5.573483
vt 84.976425 -5.572717
vt 85.176437 -5.557745
vt 112.374229 -3.250741
vt 112.374222 -3.266869
vt 112.174232 -3.266869
vt -81.521858 -6.889290
vt -81.521858 -6.872066
vt -81.321854 -6.872066
vt 161.892914 0.823623
vt 161.892914 1.000307
vt 162.092941 1.000307
vt 162.040421 -2.136209
vt 162.040421 -2.312882
vt 161.840454 -2.312883
vt 73.237091 -4.491424
vt 73.437103 -4.489971
vt 73.237091 -4.505365
vt -162.044968 -3.387658
vt -162.044983 -3.205965
vt -161.845001 -3.205965
vt -160.859070 0.011265
vt 73.718384 -8.724128
vt 73.718384 -8.709156
vt 73.918396 -8.709156
vt 119.331711 -6.510270
vt 119.531723 -6.511036
vt 119.331711 -6.527165
vt 0.805363 -3.065066
vt 0.805408 -3.677608
vt 0.605408 -3.677609
vt 0.605563 -3.656298
vt 0.605516 -3.043935
vt 0.805516 -3.043935
vt -161.710587 0.172476
vt -161.710587 -0.009224
vt -161.910583 -0.009224
vt -37.183300 -2.265885
vt -29.998056 -1.378377
vt -29.798058 -1.378377
vt -29.786463 -1.377396
vt -36.969986 -2.264767
vt -37.169994 -2.264767
vt -111.754089 104.766090
vt -111.812851 105.090813
vt -126045806133248.000000 80109033750528.000000
vt -152617591234363392.000000 35561141652422656.000000
vt -1.313596 -6.213021
vt -1.513598 -6.211536
vt -1.313598 -6.195797
vt 0.638822 -4.812856
vt 0.638827 -4.827499
vt 0.438828 -4.827499
vt 0.400485 -1.866093
vt 0.600983 -1.866103
vt 0.400983 -1.866103
vt 0.374631 1.000011
vt 0.574631 1.000011
vt 0.609623 1.000003
vt 0.591886 1.000041
vt 0.591887 0.823365
vt 0.391887 0.823365
vt 0.425369 0.823290
vt 0.425369 0.999966
vt 0.625369 0.999966
vt 0.344622 -6.258364
vt 0.344623 -6.242626
vt 0.544620 -6.242626
vt 3.294742 -4.894367
vt 3.494742 -4.895851
vt 3.294744 -4.910495
vt -49.455456 -8.351954
vt -49.455452 -8.334725
vt -49.255444 -8.334725
vt -43.213470 -7.357088
vt -43.213463 -7.373179
vt -43.413471 -7.373181
vt 1.367342 -6.314113
vt 1.567338 -6.314798
vt 1.367346 -6.331693
vt 43.816872 -10.186769
vt 43.816872 -10.172481
vt 44.016869 -10.172482
vt 103.422882 -1.445552
vt 103.422897 -1.263848
vt 103.622879 -1.263848
vt 47.064098 -7.841432
vt 46.864098 -7.840746
vt 47.064106 -7.826461
vt 0.193229 -3.065116
vt 0.193172 -3.677658
vt -0.006828 -3.677658
vt -0.007003 -3.690826
vt -0.006945 -3.078172
vt 0.193055 -3.078172
vt 0.997543 -3.078194
vt 0.997523 -3.690848
vt 0.797523 -3.690848
vt 0.797994 -3.677579
vt 0.798010 -3.065037
vt 0.998010 -3.065037
vt -102.573936 -0.448436
vt -102.573921 -0.266739
vt -102.373940 -0.266739
vt -102.415085 0.174855
vt -102.415085 -0.006845
vt -102.615105 -0.006845
vt 103.608101 0.116177
vt 103.608101 -0.065524
vt 103.408089 -0.065524
vt -39.858723 -9.507310
vt -40.058723 -9.510253
vt -39.858727 -9.493024
vt -77.513367 -6.232081
vt -77.313362 -6.229140
vt -77.513367 -6.246719
vt 6.141373 -5.899989
vt 6.141368 -5.916884
vt 5.941376 -5.916884
vt -77.139458 -6.148367
vt -77.139473 -6.165947
vt -77.339455 -6.165947
vt 103.690872 0.174779
vt 103.690872 -0.006918
vt 103.490868 -0.006918
vt 103.308792 -0.450300
vt 103.308769 -0.268610
vt 103.508781 -0.268610
vt 39.725224 -6.989452
vt 39.925228 -6.992029
vt 39.725224 -7.004847
vt -102.583328 -1.423288
vt -102.583321 -1.241592
vt -102.383347 -1.241592
vt -102.480888 0.116096
vt -102.480873 -0.065598
vt -102.680862 -0.065598
vt 31.394970 -8.909471
vt 31.394972 -8.922286
vt 31.194971 -8.922286
vt -11.153794 -3.343899
vt -11.153661 -2.310299
vt -10.953657 -2.310298
vt -10.964005 -2.320881
vt -10.964113 -3.356048
vt -11.164115 -3.356048
vt 53.668522 2.834261
vt 53.985115 0.074787
vt 65306071040.000000 12462736384.000000
vt 405451824955392.000000 -2143297262845952.000000
vt 1201034990977024.000000 -1072768477036544.000000
vt 818.538879 -706.455627
vt 460.005585 -395.387970
vt 19.349655 3.199648
vt 18.985394 0.190526
vt 0.999581 -0.680556
vt 0.979698 -0.680531
vt 0.979550 -0.675882
vt 0.799433 -0.677494
vt 0.801882 -0.677505
vt 0.781728 -0.677374
vt 0.781663 -0.669881
vt 0.601819 -0.671668
vt 0.601505 -0.671682
vt 0.581034 -0.671626
vt 0.581043 -0.671623
vt 0.401514 -0.671130
vt -21.001032 -0.275531
vt -21.022161 -0.275614
vt -21.028553 -0.275872
vt -21.192379 -0.274067
vt -21.669960 -0.284137
vt -21.690874 -0.284235
vt -21.697020 -0.284599
vt -21.870790 -0.283904
vt 336.316071 -255.559113
vt 1336.524414 -1024.751099
vt 568.203491 -460.511322
vt -3.837334 -0.802561
vt 0.012639 -0.831028
vt -22.722454 -0.405715
vt -24.559797 -0.388238
vt -22.759462 -0.406378
vt -22.918863 -0.407417
vt -21.722479 -0.425932
vt -0.474043 -0.532090
vt -22.043554 -0.427249
vt -22.236004 -0.432045
vt 1.855717 -0.845087
vt 0.543691 -0.852357
vt 1.773940 -0.840778
vt 1.625228 -0.841167
vt 0.142352 -0.847419
vt 14.401700 -0.734281
vt 483.334778 -400.057343
vt 377.412964 -321.213287
vt 1237.818726 -954.913269
vt 18036.314453 24043.361328
vt 0.599341 0.031067
vt 0.477220 0.024450
vt 0.476690 0.024452
vt 0.398818 0.020233
vt -34.671425 -1.093176
vt -34.721687 -1.086242
vt -34.732090 -1.086922
vt -34.764542 -1.082437
vt 22.033710 0.157116
vt 22.015442 0.166720
vt 22.045145 0.166624
vt 22.032614 0.173186
vt 0.999561 -1.756582
vt 0.881838 -1.757627
vt 0.881692 -1.750126
vt 0.799414 -1.750852
vt -44.013443 0.049376
vt -44.133209 0.037139
vt -44.116596 0.039387
vt -44.196815 0.031212
vt 17967.394531 23947.335938
vt 707749.687500 -765507.875000
vt 1739632.750000 -1946732.250000
vt 1487823.750000 -1658395.375000
vt 1369567.000000 -1523124.875000
vt -44.083588 0.248086
vt -44.196972 0.251054
vt -32.694096 -0.900658
vt -32.790504 -0.901639
vt -32.800385 -0.902281
vt -32.927322 -0.903574
vt 23.913185 0.336660
vt 23.812206 0.335310
vt 23.841358 0.335237
vt 23.709770 0.333475
vt 0.999586 -1.564394
vt 0.912494 -1.563868
vt 0.912355 -1.556723
vt 0.799446 -1.556041
vt -44.013580 0.244190
vt -44.100204 0.246464
vt 327581568.000000 -393209952.000000
vt 950286336.000000 -1092687872.000000
vt 689995328.000000 -802456768.000000
vt 1097218688.000000 -1258049408.000000
vt -85.249374 0.025007
vt -85.083176 0.024638
vt 85.994209 -0.344493
vt 86.027206 -0.344849
vt 86.178787 0.024222
vt 86.345779 0.023559
vt 135.969849 -0.909833
vt 136.001724 -0.910189
vt 135.504868 0.028124
vt 135.672989 0.028082
vt 0.452518 0.019913
vt 0.484483 0.020034
vt 0.336279 0.020070
vt 0.504313 0.020704
vt -135.223984 -0.902777
vt -135.190826 -0.902334
vt -134.785400 0.029302
vt -134.618530 0.029737
vt -85.248589 -0.342725
vt -85.214790 -0.342572
vt 103.572250 0.577610
vt 103.539169 0.577682
vt 103.538139 0.970728
vt 103.371231 0.970090
vt 162.025879 -0.025313
vt 161.992447 -0.024996
vt 161.992432 0.970486
vt 161.825882 0.970447
vt 0.609623 0.970413
vt 0.576265 0.970535
vt 0.541273 0.970542
vt 0.374631 0.971148
vt -160.859070 -0.017597
vt -160.891998 -0.017831
vt -160.929428 0.970838
vt -161.096512 0.971257
vt -102.463631 0.579659
vt -102.496391 0.579393
vt -102.491524 0.971121
vt -102.658737 0.970764
vt -10.964073 -2.975039
vt -11.090242 -2.973904
vt -11.079911 -2.962334
vt -11.153746 -2.961670
vt -95.251472 0.142102
vt -95.377762 0.140759
vt -95.341331 0.142344
vt -95.415031 0.141562
vt 0.598121 0.141101
vt 0.471289 0.139132
vt 0.469483 0.139134
vt 0.396316 0.137998
vt -34.349915 -1.941113
vt -34.476051 -1.941002
vt -34.488731 -1.942070
vt -34.561184 -1.942006
vt 56.601318 0.230252
vt 56.489311 0.232012
vt 56.547607 0.231923
vt 56.482689 0.232943
vt -615527552.000000 704792512.000000
vt -60.714844 -2.177381
vt -60.507870 -2.177744
vt -44.287064 -1.498536
vt -44.202179 -1.460046
vt -60.626381 -2.238376
vt -60.530174 -2.245016
vt -44.419300 -1.557588
vt -44.247585 44.738457
vt -42.188007 42.713390
vt 51.486813 2.788497
vt 51.954956 0.071369
vt 0.999153 -3.480394
vt 0.861675 -3.478096
vt 0.861418 -3.464949
vt 0.798896 -3.464523
vt -44.011269 -1.664335
vt -44.148556 -1.664196
vt -44.132008 -1.652862
vt -44.194714 -1.653791
vt 0.600953 -1.653976
vt 0.462636 -1.656177
vt 0.462138 -1.656167
vt 0.400454 -1.657149
vt -60.785721 -2.318339
vt -60.926483 -2.319670
vt -60.946075 -2.320811
vt -61.006622 -2.320543
vt -4.725116 -1.124200
vt -4.862123 -1.123149
vt -4.827560 -1.123596
vt -4.887477 -1.122630
vt 595246272.000000 -696248704.000000
vt 412.964691 -348.256165
vt 329.596741 -288.960785
vt 329.390900 -285.574768
vt 0.078436 -0.741872
vt 0.012584 -0.741133
vt -21.469763 -0.333563
vt -21.501236 -0.333376
vt -22.061646 -0.328460
vt -21.676559 -0.332193
vt -22.223501 -0.341334
vt -22.259085 -0.341628
vt -21.300308 -0.345703
vt -22.383707 -0.343668
vt 0.945794 -0.750241
vt 0.912467 -0.750489
vt 1.791923 -0.742495
vt 0.785982 -0.746946
vt 0.801715 -0.747582
vt 0.768230 -0.747205
vt -2.615543 -0.709851
vt 329.473022 -286.353088
vt -44.173553 0.314669
vt -44.197018 0.315609
vt -32.140736 -0.846782
vt -32.240063 -0.849021
vt -32.249794 -0.849653
vt -32.410763 -0.853284
vt 24.441628 0.387142
vt 24.346870 0.385477
vt 24.375858 0.385411
vt 24.225550 0.382769
vt 0.999593 -1.505289
vt 0.922019 -1.503669
vt 0.921881 -1.496635
vt 0.799456 -1.494081
vt -44.013626 0.306152
vt -44.090309 0.309233
vt -44.073689 0.310668
vt 17836.011719 23759.675781
vt -9934313.000000 -12897732.000000
vt -44.293823 -1.540091
vt -44.197502 -1.539855
vt 0.633984 -3.340263
vt 0.737727 -3.340273
vt 0.681167 -3.353464
vt -4.613369 -1.022549
vt -4.422146 -1.022791
vt -4.245120 -1.018235
vt 35708.191406 46963.843750
vt 1817516.125000 -2036034.500000
vt 0.998604 -1.625153
vt 0.898407 -1.624587
vt 0.898663 -1.617357
vt 0.798861 -1.617780
vt 0.802968 -1.617797
vt 0.702348 -1.620051
vt 0.702432 -1.608430
vt 0.603057 -1.612215
vt 0.603260 -1.612239
vt 0.501725 -1.614206
vt 0.501395 -1.614242
vt 0.402932 -1.616145
vt 0.398855 -1.616154
vt 0.297184 -1.615103
vt 0.297233 -1.626675
vt 0.198905 -1.624089
vt 0.196224 -1.624116
vt 0.095378 -1.621509
vt 0.095282 -1.628690
vt -0.003865 -1.625140
vt 1.118390 -2.494311
vt 1.078189 -2.494257
vt 1.078592 -2.482291
vt 0.900518 -2.483809
vt 0.764857 -2.483851
vt 0.724483 -2.482973
vt 0.724682 -2.466295
vt 0.548394 -2.465270
vt 0.425522 -2.465182
vt 0.378729 -2.464705
vt 0.378322 -2.464748
vt 0.169228 -2.462605
vt 0.324756 -2.462849
vt 0.290140 -2.463365
vt 0.290267 -2.479476
vt 0.130863 -2.479332
vt 0.369804 -2.479308
vt 0.324101 -2.480153
vt 0.323941 -2.492507
vt 0.114707 -2.494334
vt 0.798353 -2.574124
vt 0.930065 -2.573359
vt 0.929682 -2.584165
vt 0.997970 -2.584443
vt -0.005716 -2.584425
vt 0.125671 -2.585146
vt 0.125814 -2.574423
vt 0.194426 -2.574125
vt 0.198348 -2.574085
vt 0.329466 -2.575290
vt 0.329393 -2.558037
vt 0.398275 -2.557579
vt 0.404300 -2.557565
vt 0.535573 -2.557592
vt 0.536066 -2.557538
vt 0.604793 -2.557548
vt 0.604536 -2.557512
vt 0.736175 -2.556326
vt 0.736049 -2.573681
vt 0.804410 -2.574148
vt 0.990173 -2.530182
vt 0.938572 -2.529334
vt 0.939138 -2.509577
vt 0.790478 -2.510550
vt 1.211856 -2.512981
vt 1.164683 -2.513463
vt 1.163913 -2.513550
vt 1.028520 -2.514915
vt 0.590499 -2.513146
vt 0.541890 -2.513025
vt 0.539168 -2.534059
vt 0.395533 -2.532686
vt -0.315994 -2.534408
vt -0.365497 -2.534005
vt -0.365133 -2.540028
vt -0.506354 -2.537999
vt 0.497932 -2.538447
vt 0.448550 -2.537569
vt 0.450130 -2.531898
vt 0.309429 -2.531227
vt 898720768.000000 -1038425728.000000
vt 797496640.000000 -923572544.000000
vt 558074752.000000 -649290944.000000
vt 698.817749 -548.432190
vt 396.770386 -335.937744
vt 483.069641 -398.354248
vt 17.539089 0.237079
vt 17.863945 3.286588
vt 388.089386 -332.913757
vt 220.430176 -187.450699
vt 0.999617 -0.549719
vt 0.990319 -0.549685
vt 0.990182 -0.545372
vt 0.799480 -0.546625
vt 0.801746 -0.546636
vt 0.792281 -0.546570
vt 0.792221 -0.539619
vt 0.601688 -0.541428
vt 0.601391 -0.541441
vt 0.591695 -0.541435
vt 0.591704 -0.541432
vt 0.401400 -0.541307
vt -20.024071 -0.163768
vt -20.034214 -0.163822
vt -20.038822 -0.163899
vt -20.214924 -0.162271
vt -20.670649 -0.171880
vt -20.680412 -0.171918
vt -20.685341 -0.172158
vt -20.867863 -0.171254
vt 546.839600 -425.645660
vt 328.829590 -284.895020
vt 292.632202 -252.355820
vt 260.503174 -223.473816
vt 330.304077 -289.575409
vt 1508.974854 -1154.324463
vt 331.033600 -290.209290
vt 17741.207031 23636.593750
vt 1071297.875000 -1181953.375000
vt 17806.597656 23721.490234
vt 0.807993 -1.589907
vt 0.903320 -1.589027
vt 0.903065 -1.596206
vt 0.998614 -1.596267
vt -0.003839 -1.596255
vt 0.100557 -1.596667
vt 0.100652 -1.589543
vt 0.196256 -1.588980
vt 0.198915 -1.588953
vt 0.303231 -1.590170
vt 0.303182 -1.578702
vt 0.398866 -1.578299
vt 0.402906 -1.578291
vt 0.507228 -1.578630
vt 0.507556 -1.578595
vt 0.603234 -1.578901
vt 0.603032 -1.578876
vt 0.707437 -1.577876
vt 0.707354 -1.589408
vt 0.802948 -1.590007
vt 0.798868 -1.589991
vt -5935728640.000000 6795898880.000000
vt 35773.082031 47048.085938
vt -2869400320.000000 3285202688.000000
vt 19.186478 1.851672
vt -35.074257 -1.132397
vt -35.211048 -1.133021
vt -35.221584 -1.133711
vt -35.294624 -1.134043
vt 21.491436 0.105313
vt 21.382462 0.107327
vt 21.412357 0.107223
vt 21.353746 0.108306
vt 0.999550 -1.834375
vt 0.870048 -1.832145
vt 0.869899 -1.824507
vt 0.799402 -1.823294
vt -44.013390 -0.023068
vt -44.142860 -0.024090
vt -44.126251 -0.021659
vt -44.196777 -0.022215
vt 0.599369 -0.022362
vt 0.469355 -0.025224
vt 0.468827 -0.025222
vt 0.398843 -0.026763
vt 75.854088 1.002858
vt 76.054092 1.002858
vt 0.611603 1.002702
vt 0.411603 1.002702
vt 48.697803 1.002571
vt 48.897793 1.002571
vt -47.855991 1.003007
vt -47.655994 1.003007
vt -75.020996 1.002657
vt -74.821007 1.002657
vt 75.861656 1.003118
vt 76.061661 1.003118
vt 0.611606 1.002966
vt 0.411606 1.002966
vt 48.701191 1.002865
vt 48.901180 1.002865
vt -47.858395 1.003323
vt -47.658401 1.003323
vt -75.026413 1.002949
vt -74.826424 1.002949
vt 75.422859 -0.006457
vt 75.622871 -0.006457
vt 48.062023 -0.032631
vt 47.862022 -0.032631
vt 0.377838 -0.048215
vt 0.577838 -0.048215
vt -74.666107 -0.006665
vt -74.466095 -0.006665
vt -47.100372 -0.032730
vt -46.900368 -0.032730
vt 75.452400 -0.006752
vt 75.652412 -0.006752
vt 48.081718 -0.032917
vt 47.881718 -0.032917
vt 0.376204 -0.048453
vt 0.576204 -0.048453
vt -74.694046 -0.006916
vt -74.494034 -0.006916
vt -47.119453 -0.033037
vt -46.919449 -0.033037
vt -85.209984 -0.340807
vt -85.243782 -0.340960
vt -85.244568 0.026753
vt -85.078369 0.026383
vt 85.989204 -0.342576
vt 86.022202 -0.342932
vt 86.173790 0.026091
vt 86.340782 0.025428
vt 135.961151 -0.907947
vt 135.993027 -0.908303
vt 135.496185 0.029893
vt 135.664307 0.029851
vt 0.452923 0.021426
vt 0.484889 0.021547
vt 0.336699 0.021582
vt 0.504734 0.022216
vt -135.215622 -0.901122
vt -135.182465 -0.900680
vt -134.777069 0.030885
vt -134.610199 0.031320
vt -149872288.000000 171673504.000000
vt 35900.160156 47227.265625
vt 52.487595 2.809490
vt -1837103744.000000 2103316736.000000
vt -3925505536.000000 4494346240.000000
vt -8615356416.000000 9863796736.000000
vt -7903405568.000000 9048689664.000000
vt -3571591168.000000 4089199872.000000
vt -1302706304.000000 1491543808.000000
vt -923896000.000000 1057844736.000000
vt -1765473152.000000 2021306368.000000
vt -1782267264.000000 2040534016.000000
vt -75.716644 72.620819
vt 35799.296875 47082.121094
vt -7131546624.000000 8164989952.000000
vt -7262696960.000000 8315140608.000000
vt 1405.968994 -1078.572876
vt 1315.474976 -1012.022583
vt 958.745483 -750.503662
vt 451.886810 -376.907715
vt 403.851746 -341.324280
vt 417.777405 -321.373474
vt 632.152039 -503.557251
vt 1149.720581 -887.566040
vt 329.533752 -287.633301
vt 385.686432 -327.506592
vt 0.600000 0.793360
vt 0.600000 0.213566
vt 0.400000 0.213566
vt 0.400000 0.213566
vt 0.400000 0.793360
vt 0.600000 0.793360
vt -0.474276 0.793361
vt -0.474118 0.213567
vt -0.674262 0.793361
vt -0.674261 0.213567
vt 0.600002 0.212009
vt 0.400002 0.212009
vt -0.474128 0.212010
vt 0.400010 0.212009
vt -0.674252 0.212010
vt 0.599997 0.796297
vt 0.399997 0.796297
vt 0.600058 0.796297
vt -0.474217 0.796298
vt -0.674318 0.796298
vt -0.674262 0.614411
vt 0.400000 0.614303
vt 0.538209 0.614230
vt 0.600000 0.614198
vt -0.474227 0.614092
vn -0.008150 -0.214716 -0.976643
vn -0.974212 -0.056242 -0.218512
vn 0.952847 -0.303449 0.000998
vn 0.984644 -0.159734 -0.070442
vn 0.589088 0.808065 -0.002419
vn 0.540196 0.779361 0.317467
vn -0.589248 0.807948 -0.002489
vn -0.541669 0.777149 0.320364
vn -0.952842 -0.303466 0.000855
vn -0.985558 -0.155491 -0.067070
vn 0.003312 -0.936342 -0.351075
vn -0.000097 -0.999995 0.003084
vn -0.590975 -0.806690 0.000039
vn -0.951795 0.306736 0.000063
vn -0.000161 1.000000 0.000002
vn -0.001219 0.969563 -0.244840
vn 0.978991 0.195365 -0.058389
vn 0.549087 -0.794063 0.260707
vn -0.546124 -0.797113 0.257605
vn -0.977805 0.199097 -0.065258
vn 0.969741 0.047968 -0.239377
vn 0.555409 -0.190077 0.809563
vn -0.557221 -0.192002 0.807861
vn -0.973667 0.056211 -0.220937
vn 0.013408 0.155737 -0.987708
vn 0.976548 -0.057734 -0.207416
vn 0.552243 0.220156 0.804089
vn -0.550073 0.216670 0.806519
vn 0.951813 0.306679 -0.000063
vn 0.590840 -0.806789 -0.000037
vn 0.980985 0.133624 -0.140757
vn 0.552943 -0.537483 0.636684
vn -0.551671 -0.535167 0.639731
vn 0.035457 0.577161 -0.815860
vn -0.982216 0.133847 -0.131666
vn 0.970192 -0.159720 -0.182254
vn 0.567693 0.516332 0.641191
vn -0.568130 0.501156 0.652741
vn -0.015129 -0.577224 -0.816446
vn -0.968673 -0.155695 -0.193470
vn 0.008590 -0.214603 0.976664
vn 0.974236 -0.056163 0.218428
vn -0.984483 -0.160559 0.070809
vn -0.540522 0.778212 -0.319721
vn 0.542021 0.775988 -0.322577
vn 0.984994 -0.159276 0.066464
vn 0.000305 -0.936580 0.350455
vn 0.001268 0.969532 0.244962
vn -0.978916 0.195664 0.058652
vn -0.549386 -0.793896 -0.260584
vn 0.545885 -0.797273 -0.257615
vn 0.977824 0.198997 0.065270
vn -0.969728 0.048136 0.239395
vn -0.555489 -0.189950 -0.809537
vn 0.557034 -0.192001 -0.807991
vn 0.973685 0.056193 0.220860
vn -0.013684 0.155828 0.987689
vn -0.976562 -0.057698 0.207358
vn -0.552060 0.220159 -0.804214
vn 0.550103 0.216636 -0.806508
vn -0.980963 0.133601 0.140931
vn -0.552980 -0.537550 -0.636594
vn 0.551570 -0.535248 -0.639750
vn -0.035573 0.577162 0.815855
vn 0.982217 0.133808 0.131701
vn -0.970197 -0.159655 0.182285
vn -0.567877 0.516306 -0.641048
vn 0.568063 0.501183 -0.652779
vn 0.017281 -0.574248 0.818499
vn 0.967958 -0.155122 0.197471
vn 0.000160 -1.000000 -0.000053
vn -0.951829 -0.306631 0.000050
vn 0.951812 -0.306681 -0.000083
vn 0.590842 0.806787 0.000009
vn -0.591029 0.806650 0.000097
vn -0.951747 -0.306884 0.000055
vn -0.000069 -1.000000 -0.000060
vn 0.951781 -0.306779 -0.000087
vn 0.590993 0.806677 0.000003
vn -0.590751 0.806854 0.000087
vn -0.593453 0.603858 0.532137
vn -0.593475 -0.603858 0.532111
vn 0.593447 0.603864 0.532137
vn 0.593493 -0.603850 0.532101
vn -0.449968 0.433875 0.780565
vn -0.449984 -0.433855 0.780567
vn 0.449951 0.433892 0.780565
vn 0.449940 -0.433918 0.780557
vn 0.000442 0.476831 -0.878995
vn -0.985563 0.081413 -0.148449
vn 0.997646 0.032008 -0.060649
vn -0.000356 -0.476831 0.878995
vn -0.997670 0.033218 -0.059586
vn -0.000420 0.476833 -0.878994
vn 0.985552 0.080078 -0.149244
vn 0.000638 -0.476831 0.878995
vn 0.706605 0.000013 0.707608
vn 0.577425 -0.577563 0.577063
vn 0.999999 -0.000175 0.000922
vn 0.706657 -0.707556 -0.000985
vn -0.707592 0.000011 0.706621
vn -0.577311 -0.577125 0.577614
vn -1.000000 0.000201 -0.000937
vn -0.707755 -0.706458 0.000814
vn 0.706605 0.000013 0.707608
vn 0.577425 -0.577563 0.577063
vn 0.999999 -0.000175 0.000922
vn 0.706657 -0.707556 -0.000985
vn -0.707592 0.000011 0.706621
vn -0.577311 -0.577125 0.577614
vn -1.000000 0.000201 -0.000937
vn -0.707755 -0.706458 0.000814
vn -0.008306 -0.214487 -0.976691
vn -0.974274 -0.056206 -0.218244
vn 0.952757 -0.303733 0.001001
vn 0.984649 -0.159692 -0.070463
vn 0.589365 0.807863 -0.002425
vn 0.540006 0.779454 0.317561
vn -0.589122 0.808040 -0.002494
vn -0.541875 0.776967 0.320458
vn -0.952614 -0.304180 0.000863
vn -0.985543 -0.155595 -0.067041
vn 0.003389 -0.936268 -0.351269
vn 0.000083 -0.999995 0.003079
vn -0.591056 -0.806631 0.000032
vn -0.951793 0.306742 0.000061
vn -0.000148 1.000000 -0.000000
vn -0.001445 0.969556 -0.244867
vn 0.978966 0.195474 -0.058439
vn 0.549172 -0.794004 0.260707
vn -0.546069 -0.797140 0.257638
vn -0.977791 0.199137 -0.065338
vn 0.969758 0.048003 -0.239300
vn 0.555387 -0.190034 0.809588
vn -0.557228 -0.191988 0.807859
vn -0.973666 0.056239 -0.220935
vn 0.013502 0.155781 -0.987699
vn 0.976579 -0.057783 -0.207254
vn 0.552183 0.220187 0.804122
vn -0.549967 0.216977 0.806509
vn 0.951817 0.306665 -0.000064
vn 0.590758 -0.806849 -0.000043
vn 0.980967 0.133727 -0.140785
vn 0.552923 -0.537500 0.636687
vn -0.551645 -0.535137 0.639779
vn 0.035532 0.577136 -0.815875
vn -0.982212 0.133886 -0.131656
vn 0.970250 -0.159615 -0.182037
vn 0.567511 0.516338 0.641348
vn -0.568345 0.501003 0.652672
vn -0.014968 -0.577200 -0.816465
vn -0.968641 -0.155809 -0.193540
vn 0.008346 -0.214505 0.976687
vn 0.974254 -0.056162 0.218345
vn -0.984424 -0.160853 0.070968
vn -0.540787 0.778061 -0.319640
vn 0.541870 0.776092 -0.322580
vn 0.984935 -0.159549 0.066684
vn 0.000152 -0.936451 0.350799
vn 0.001081 0.969534 0.244955
vn -0.978952 0.195506 0.058564
vn -0.549238 -0.793989 -0.260612
vn 0.545964 -0.797222 -0.257605
vn 0.977811 0.199056 0.065294
vn -0.969709 0.048169 0.239466
vn -0.555559 -0.189951 -0.809489
vn 0.557112 -0.192013 -0.807934
vn 0.973688 0.056200 0.220848
vn -0.013618 0.155839 0.987688
vn -0.976606 -0.057783 0.207128
vn -0.551860 0.220412 -0.804281
vn 0.550283 0.216308 -0.806474
vn -0.980982 0.133568 0.140832
vn -0.552953 -0.537547 -0.636621
vn 0.551487 -0.535244 -0.639825
vn -0.035783 0.577122 0.815873
vn 0.982245 0.133780 0.131523
vn -0.970224 -0.159632 0.182163
vn -0.567900 0.516341 -0.641000
vn 0.568282 0.501007 -0.652723
vn 0.017192 -0.574082 0.818617
vn 0.967944 -0.155164 0.197504
vn 0.000208 -1.000000 -0.000052
vn -0.951846 -0.306575 0.000079
vn 0.951827 -0.306636 -0.000114
vn 0.590866 0.806769 -0.000012
vn -0.590973 0.806692 0.000110
vn -0.951779 -0.306785 0.000083
vn -0.000054 -1.000000 -0.000060
vn 0.951819 -0.306659 -0.000115
vn 0.590973 0.806691 -0.000017
vn -0.590758 0.806849 0.000103
vn -0.593468 0.603844 0.532136
vn -0.593466 -0.603834 0.532148
vn 0.593463 0.603858 0.532125
vn 0.593445 -0.603864 0.532139
vn -0.449944 0.433897 0.780566
vn -0.449936 -0.433906 0.780566
vn 0.449972 0.433870 0.780566
vn 0.449964 -0.433881 0.780564
vn 0.000232 0.346274 -0.938133
vn -0.972108 0.081931 -0.219758
vn 0.999986 0.001046 -0.005109
vn -0.000394 -0.346276 0.938132
vn -0.999988 0.002429 -0.004307
vn -0.000327 0.346276 -0.938133
vn 0.972115 0.080483 -0.220261
vn 0.000286 -0.346276 0.938133
vn 0.707222 0.000010 0.706992
vn 0.577757 -0.577077 0.577216
vn 1.000000 -0.000178 0.000919
vn 0.707383 -0.706830 -0.000838
vn -0.706998 0.000019 0.707216
vn -0.577003 -0.577391 0.577657
vn -1.000000 0.000217 -0.000923
vn -0.706974 -0.707238 0.001006
vn 0.707222 0.000010 0.706992
vn 0.577757 -0.577077 0.577216
vn 1.000000 -0.000178 0.000919
vn 0.707383 -0.706830 -0.000838
vn -0.706998 0.000019 0.707216
vn -0.577003 -0.577391 0.577657
vn -1.000000 0.000217 -0.000923
vn -0.706974 -0.707238 0.001006
vn -0.008228 -0.214737 -0.976637
vn -0.974234 -0.056141 -0.218442
vn 0.952838 -0.303477 0.000997
vn 0.984655 -0.159644 -0.070483
vn 0.589023 0.808113 -0.002420
vn 0.540096 0.779420 0.317491
vn -0.589410 0.807830 -0.002485
vn -0.541742 0.777095 0.320373
vn -0.952833 -0.303495 0.000857
vn -0.985555 -0.155519 -0.067049
vn 0.003372 -0.936341 -0.351076
vn -0.000170 -0.999995 0.003082
vn -0.591069 -0.806621 0.000036
vn -0.951798 0.306726 0.000063
vn -0.000161 1.000000 0.000002
vn -0.001450 0.969557 -0.244859
vn 0.978955 0.195513 -0.058498
vn 0.549100 -0.794067 0.260666
vn -0.546156 -0.797097 0.257586
vn -0.977796 0.199115 -0.065336
vn 0.969752 0.048019 -0.239321
vn 0.555398 -0.189984 0.809592
vn -0.557127 -0.191982 0.807931
vn -0.973683 0.056217 -0.220864
vn 0.013407 0.155799 -0.987698
vn 0.976562 -0.057726 -0.207352
vn 0.552176 0.220162 0.804133
vn -0.550015 0.216696 0.806552
vn 0.951806 0.306700 -0.000061
vn 0.590774 -0.806837 -0.000040
vn 0.980976 0.133634 -0.140809
vn 0.552956 -0.537496 0.636662
vn -0.551709 -0.535144 0.639717
vn 0.035570 0.577120 -0.815884
vn -0.982195 0.133869 -0.131802
vn 0.970201 -0.159666 -0.182253
vn 0.567609 0.516359 0.641244
vn -0.568202 0.501084 0.652734
vn -0.015032 -0.577248 -0.816430
vn -0.968658 -0.155775 -0.193484
vn 0.008502 -0.214629 0.976659
vn 0.974254 -0.056095 0.218363
vn -0.984481 -0.160574 0.070803
vn -0.540522 0.778211 -0.319724
vn 0.542022 0.775986 -0.322579
vn 0.984995 -0.159266 0.066471
vn 0.000262 -0.936582 0.350449
vn 0.001169 0.969538 0.244936
vn -0.978953 0.195494 0.058602
vn -0.549366 -0.793901 -0.260610
vn 0.545854 -0.797287 -0.257637
vn 0.977833 0.198943 0.065301
vn -0.969726 0.048131 0.239406
vn -0.555486 -0.189954 -0.809539
vn 0.557031 -0.192008 -0.807991
vn 0.973698 0.056220 0.220798
vn -0.013689 0.155835 0.987688
vn -0.976562 -0.057699 0.207360
vn -0.552063 0.220157 -0.804212
vn 0.550048 0.216664 -0.806538
vn -0.980985 0.133528 0.140848
vn -0.552919 -0.537598 -0.636608
vn 0.551549 -0.535231 -0.639782
vn -0.035673 0.577161 0.815851
vn 0.982228 0.133777 0.131653
vn -0.970183 -0.159679 0.182340
vn -0.567880 0.516306 -0.641046
vn 0.568060 0.501186 -0.652779
vn 0.017436 -0.574214 0.818520
vn 0.967973 -0.155057 0.197449
vn 0.000220 -1.000000 -0.000055
vn -0.951837 -0.306606 0.000051
vn 0.951824 -0.306646 -0.000084
vn 0.590854 0.806778 0.000013
vn -0.591031 0.806649 0.000098
vn -0.951778 -0.306787 0.000054
vn -0.000117 -1.000000 -0.000064
vn 0.951796 -0.306732 -0.000087
vn 0.591038 0.806643 0.000005
vn -0.590774 0.806837 0.000090
vn -0.593469 0.603845 0.532134
vn -0.593467 -0.603842 0.532139
vn 0.593467 0.603842 0.532139
vn 0.593469 -0.603844 0.532134
vn -0.449948 0.433896 0.780564
vn -0.449938 -0.433904 0.780566
vn 0.449938 0.433904 0.780566
vn 0.449948 -0.433896 0.780564
vn 0.000395 0.337245 -0.941417
vn -0.971132 0.081146 -0.224315
vn 0.999999 -0.000399 -0.001151
vn -0.000296 -0.337247 0.941416
vn -1.000000 0.000902 -0.000254
vn -0.000387 0.337247 -0.941416
vn 0.971083 0.079816 -0.225005
vn 0.000687 -0.337245 0.941417
vn 0.706638 -0.000010 0.707575
vn 0.577542 -0.577411 0.577098
vn 1.000000 -0.000207 0.000918
vn 0.706615 -0.707597 -0.000913
vn -0.707598 -0.000011 0.706615
vn -0.577150 -0.577287 0.577613
vn -1.000000 0.000176 -0.000918
vn -0.707767 -0.706445 0.000939
vn 0.706638 -0.000010 0.707575
vn 0.577542 -0.577411 0.577098
vn 1.000000 -0.000207 0.000918
vn 0.706615 -0.707597 -0.000913
vn -0.707598 -0.000011 0.706615
vn -0.577150 -0.577287 0.577613
vn -1.000000 0.000176 -0.000918
vn -0.707767 -0.706445 0.000939
vn 0.995296 0.096877 0.000243
vn 1.000000 -0.000008 -0.000215
vn 0.996383 0.067922 -0.051071
vn 0.999998 0.000136 -0.001798
vn 0.998141 0.001940 -0.060913
vn 1.000000 0.000004 -0.000246
vn 0.991854 0.023973 -0.125106
vn 0.999621 0.001333 -0.027491
vn 0.999590 -0.000235 -0.028641
vn 0.997729 0.000821 -0.067357
vn 0.000154 -1.000000 -0.000053
vn -0.951831 -0.306623 0.000050
vn 0.951812 -0.306681 -0.000083
vn 0.590849 0.806783 0.000009
vn -0.591025 0.806653 0.000097
vn -0.951746 -0.306887 0.000055
vn -0.000069 -1.000000 -0.000060
vn 0.951781 -0.306779 -0.000087
vn 0.590993 0.806677 0.000003
vn -0.590749 0.806855 0.000087
vn -0.593453 0.603858 0.532137
vn -0.593474 -0.603859 0.532112
vn 0.593447 0.603864 0.532137
vn 0.593496 -0.603850 0.532098
vn -0.449968 0.433875 0.780565
vn -0.449986 -0.433850 0.780568
vn 0.449951 0.433892 0.780565
vn 0.449940 -0.433920 0.780556
vn 1.000000 0.000049 0.000075
vn 1.000000 0.000044 0.000072
vn 0.989931 -0.134161 -0.045137
vn 0.997551 -0.065689 -0.024009
vn 1.000000 0.000213 -0.000192
vn 1.000000 0.000187 -0.000204
vn 0.999999 0.001104 -0.001221
vn 1.000000 0.000328 0.000434
vn 1.000000 0.000083 -0.000065
vn 1.000000 0.000002 -0.000028
vn 1.000000 -0.000176 -0.000258
vn 1.000000 -0.000198 -0.000285
vn 0.999998 -0.001195 -0.001435
vn 0.999997 0.001374 -0.001789
vn 1.000000 -0.000006 -0.000031
vn 1.000000 -0.000002 0.000000
vn 1.000000 0.000006 0.000068
vn 1.000000 -0.000017 -0.000054
vn 1.000000 0.000111 -0.000216
vn 1.000000 0.000157 -0.000237
vn 0.999998 0.001145 -0.001411
vn 1.000000 -0.000270 -0.000371
vn 1.000000 0.000050 0.000014
vn 1.000000 0.000023 0.000036
vn 1.000000 -0.000315 -0.000276
vn 1.000000 -0.000268 -0.000300
vn 0.999998 -0.001443 -0.001580
vn 0.999999 0.000757 -0.000906
vn 1.000000 0.000001 0.000025
vn 1.000000 0.000003 0.000024
vn 1.000000 0.000006 0.000066
vn 1.000000 -0.000010 -0.000057
vn 1.000000 0.000250 -0.000235
vn 1.000000 0.000230 -0.000256
vn 0.999998 0.001394 -0.001556
vn 1.000000 -0.000219 -0.000257
vn 1.000000 0.000040 -0.000008
vn 1.000000 -0.000036 0.000021
vn 1.000000 -0.000185 -0.000256
vn 1.000000 -0.000198 -0.000282
vn 0.999998 -0.001188 -0.001415
vn 0.999999 0.000858 -0.001126
vn 0.999574 0.000934 -0.029160
vn -0.008156 -0.214706 -0.976645
vn -0.974213 -0.056251 -0.218507
vn 0.952847 -0.303449 0.000998
vn 0.984644 -0.159733 -0.070442
vn 0.589088 0.808065 -0.002419
vn 0.540196 0.779361 0.317467
vn -0.589248 0.807948 -0.002489
vn -0.541669 0.777149 0.320364
vn -0.952842 -0.303466 0.000855
vn -0.985558 -0.155491 -0.067070
vn 0.003312 -0.936342 -0.351075
vn -0.000097 -0.999995 0.003084
vn -0.590975 -0.806690 0.000039
vn -0.951795 0.306736 0.000063
vn -0.000161 1.000000 0.000002
vn -0.001219 0.969563 -0.244840
vn 0.978991 0.195364 -0.058389
vn 0.549087 -0.794063 0.260707
vn -0.546124 -0.797113 0.257605
vn -0.977805 0.199097 -0.065258
vn 0.969740 0.047981 -0.239378
vn 0.555412 -0.190079 0.809560
vn -0.557222 -0.192013 0.807858
vn -0.973666 0.056202 -0.220943
vn 0.013413 0.155748 -0.987706
vn 0.976548 -0.057721 -0.207418
vn 0.552240 0.220155 0.804091
vn -0.550075 0.216660 0.806521
vn 0.951813 0.306679 -0.000063
vn 0.590840 -0.806789 -0.000037
vn 0.980985 0.133624 -0.140757
vn 0.552943 -0.537483 0.636684
vn -0.551671 -0.535167 0.639731
vn 0.035457 0.577161 -0.815860
vn -0.982216 0.133847 -0.131666
vn 0.970192 -0.159720 -0.182254
vn 0.567693 0.516332 0.641191
vn -0.568130 0.501156 0.652741
vn -0.015130 -0.577224 -0.816446
vn -0.968673 -0.155695 -0.193470
vn 0.008594 -0.214592 0.976666
vn 0.974236 -0.056171 0.218422
vn -0.984483 -0.160559 0.070809
vn -0.540522 0.778212 -0.319721
vn 0.542021 0.775988 -0.322577
vn 0.984994 -0.159276 0.066464
vn 0.000305 -0.936580 0.350455
vn 0.001268 0.969532 0.244962
vn -0.978916 0.195664 0.058652
vn -0.549386 -0.793896 -0.260584
vn 0.545885 -0.797273 -0.257615
vn 0.977824 0.198997 0.065270
vn -0.969728 0.048148 0.239395
vn -0.555491 -0.189951 -0.809536
vn 0.557036 -0.192011 -0.807987
vn 0.973685 0.056184 0.220866
vn -0.013690 0.155838 0.987688
vn -0.976563 -0.057685 0.207359
vn -0.552055 0.220157 -0.804218
vn 0.550105 0.216625 -0.806510
vn -0.980963 0.133601 0.140931
vn -0.552980 -0.537550 -0.636594
vn 0.551570 -0.535248 -0.639750
vn -0.035573 0.577162 0.815855
vn 0.982217 0.133808 0.131700
vn -0.970197 -0.159655 0.182285
vn -0.567877 0.516306 -0.641048
vn 0.568062 0.501183 -0.652779
vn 0.017281 -0.574248 0.818499
vn 0.967958 -0.155122 0.197471
vn 0.000160 -1.000000 -0.000053
vn -0.951828 -0.306631 0.000050
vn 0.951812 -0.306681 -0.000083
vn 0.590842 0.806787 0.000009
vn -0.591030 0.806650 0.000097
vn -0.951747 -0.306885 0.000055
vn -0.000070 -1.000000 -0.000060
vn 0.951781 -0.306779 -0.000087
vn 0.590993 0.806677 0.000003
vn -0.590751 0.806854 0.000087
vn -0.593453 0.603858 0.532137
vn -0.593475 -0.603858 0.532111
vn 0.593447 0.603864 0.532137
vn 0.593493 -0.603850 0.532101
vn -0.449968 0.433875 0.780565
vn -0.449984 -0.433855 0.780567
vn 0.449951 0.433892 0.780565
vn 0.449940 -0.433918 0.780557
vn 0.000709 0.591265 -0.806477
vn -0.993878 0.066395 -0.088309
vn 0.991893 0.074061 -0.103263
vn -0.000666 -0.591265 0.806477
vn -0.991925 0.076056 -0.101490
vn -0.000634 0.591268 -0.806475
vn 0.993893 0.064168 -0.089776
vn 0.000855 -0.591265 0.806477
vn 0.706605 0.000013 0.707608
vn 0.577425 -0.577563 0.577063
vn 0.999999 -0.000175 0.000922
vn 0.706657 -0.707556 -0.000985
vn -0.707592 0.000011 0.706621
vn -0.577311 -0.577125 0.577614
vn -1.000000 0.000201 -0.000937
vn -0.707755 -0.706458 0.000814
vn 0.706605 0.000013 0.707608
vn 0.577425 -0.577563 0.577063
vn 0.999999 -0.000175 0.000922
vn 0.706657 -0.707556 -0.000985
vn -0.707592 0.000011 0.706621
vn -0.577311 -0.577125 0.577614
vn -1.000000 0.000201 -0.000937
vn -0.707755 -0.706458 0.000814
vn 1.000000 -0.000008 -0.000215
vn 0.999995 0.000475 -0.003084
vn 1.000000 0.000010 -0.000264
vn 0.999643 0.002387 -0.026597
vn 0.999589 -0.000155 -0.028657
vn 1.000000 0.000067 0.000099
vn 1.000000 0.000064 0.000079
vn 1.000000 0.000012 0.000060
vn 1.000000 -0.000019 -0.000049
vn 1.000000 0.000213 -0.000192
vn 1.000000 0.000193 -0.000200
vn 0.999999 0.001104 -0.001221
vn 1.000000 0.000328 0.000434
vn 1.000000 0.000080 -0.000073
vn 1.000000 0.000002 -0.000028
vn 1.000000 -0.000176 -0.000258
vn 1.000000 -0.000211 -0.000286
vn 0.999998 -0.001195 -0.001435
vn 0.999997 0.001374 -0.001789
vn 0.999612 0.003276 -0.027677
vn 1.000000 -0.000026 -0.000088
vn 0.988524 -0.125219 0.084504
vn 0.151808 0.000015 0.988410
vn -0.587741 0.000031 0.809049
vn -0.946353 0.000028 0.323135
vn -0.951061 0.000017 -0.309004
vn -0.471561 -0.000006 -0.881834
vn -0.000026 -0.000020 -1.000000
vn 0.681304 -0.000030 -0.732001
vn 0.951024 -0.000027 -0.309117
vn 0.975258 -0.000017 0.221071
vn 0.587867 0.000002 0.808957
vn 0.930117 -0.362321 0.060050
vn 0.989879 -0.055317 -0.130689
vn 0.746259 -0.097894 0.658418
vn -0.219532 -0.495596 0.840351
vn -0.837250 -0.404542 0.367910
vn -0.961634 -0.114589 -0.249257
vn -0.597864 0.166113 -0.784197
vn -0.052353 0.351685 -0.934653
vn 0.665363 0.432874 -0.608204
vn 0.967505 0.252783 -0.005856
vn 0.753528 0.066728 -0.654021
vn 0.915886 0.368808 -0.158536
vn 0.946001 0.324124 0.005149
vn 0.977365 0.211534 0.003348
vn 0.999978 0.000016 -0.006683
vn 0.810941 0.525147 -0.258059
vn 0.910668 0.300736 0.283269
vn 0.542064 0.184760 0.819775
vn 0.108170 0.044074 0.993155
vn -0.543808 -0.188380 0.817793
vn -0.883062 -0.310190 0.352113
vn -0.895135 -0.306672 -0.323552
vn -0.463350 -0.157976 -0.871981
vn -0.000012 -0.000015 -1.000000
vn 0.618590 0.213848 -0.756053
vn 0.899084 0.304508 -0.314520
vn 0.797716 0.031072 0.602232
vn 0.267321 -0.292221 0.918230
vn -0.695578 -0.527420 0.487851
vn -0.949319 -0.251374 -0.188693
vn -0.634587 0.159435 -0.756227
vn 0.071743 0.486347 -0.870815
vn 0.553245 0.539799 -0.634457
vn 0.938207 0.345970 -0.008505
vn 0.802265 0.028174 0.596303
vn 0.191813 -0.341072 0.920260
vn 0.767012 -0.287375 0.573680
vn 0.767772 -0.300028 0.566135
vn 0.994409 -0.073477 -0.075845
vn 0.778975 0.309256 -0.545490
vn 0.408073 0.561160 -0.720122
vn -0.639857 0.301499 -0.706882
vn -0.917101 -0.000888 -0.398654
vn -0.921376 -0.200626 0.332890
vn 0.971057 0.015511 -0.238342
vn 0.793655 0.608360 0.003141
vn 0.793655 0.608359 0.003191
vn 0.759923 0.575701 0.301805
vn 0.456969 0.346333 0.819288
vn 0.015429 0.009581 0.999835
vn -0.456655 -0.350205 0.817816
vn -0.752396 -0.582267 0.308002
vn -0.747348 -0.581010 -0.322334
vn -0.448784 -0.348766 -0.822773
vn -0.000011 -0.000009 -1.000000
vn 0.473667 0.360989 -0.803322
vn 0.755643 0.574260 -0.315006
vn 0.605206 0.136467 0.784285
vn 0.266035 -0.289618 0.919427
vn -0.666096 -0.739605 0.096435
vn -0.765974 -0.517651 -0.381210
vn -0.522802 0.021117 -0.852193
vn 0.336752 0.635477 -0.694815
vn 0.659149 0.691634 -0.295238
vn 0.763430 0.400982 0.506348
vn 0.607022 0.135588 0.783033
vn 0.042326 -0.499346 0.865368
vn 0.691914 -0.652642 0.308727
vn 0.689600 -0.653189 0.312724
vn 0.850429 -0.482838 -0.208898
vn 0.524267 0.091922 -0.846578
vn -0.009849 0.482315 -0.875942
vn -0.552885 0.662153 -0.505837
vn -0.847199 0.411708 0.335783
vn -0.660818 0.057111 0.748370
vn 0.990596 0.113402 -0.076552
vn 0.288845 0.036448 0.956682
vn 0.954630 0.044362 -0.294471
vn 0.991602 -0.088080 -0.094692
vn 0.893733 0.429056 -0.130965
vn 0.944828 0.325962 -0.032383
vn 0.809477 0.574269 -0.122320
vn 0.973841 -0.226563 -0.017388
vn 0.838400 -0.210165 -0.502907
vn 1.000000 0.000015 0.000047
vn -0.542735 -0.814557 0.204782
vn -0.978869 0.195095 -0.061261
vn 0.033856 0.953848 -0.298377
vn 0.977008 0.207055 0.050830
vn 0.557363 -0.794677 0.240489
vn 0.001091 0.969534 0.244955
vn -0.978952 0.195508 0.058564
vn -0.549238 -0.793990 -0.260609
vn 0.545963 -0.797223 -0.257604
vn 0.977813 0.199044 0.065291
vn -0.969718 0.048166 0.239429
vn -0.555561 -0.189952 -0.809488
vn 0.557112 -0.192008 -0.807935
vn 0.973689 0.056205 0.220842
vn -0.013618 0.155838 0.987689
vn -0.980983 0.133566 0.140830
vn -0.552949 -0.537553 -0.636618
vn 0.551490 -0.535245 -0.639821
vn -0.035780 0.577122 0.815874
vn 0.982245 0.133778 0.131523
vn 0.010990 -0.999940 0.000176
vn -0.950480 -0.309609 -0.027033
vn 0.952436 -0.303561 0.026754
vn 0.597715 0.801532 0.016841
vn -0.583592 0.811878 -0.016573
vn -0.593468 0.603844 0.532136
vn -0.593466 -0.603834 0.532149
vn 0.593463 0.603859 0.532125
vn 0.593446 -0.603864 0.532137
vn -0.449945 0.433896 0.780566
vn -0.449938 -0.433902 0.780567
vn 0.449970 0.433873 0.780565
vn 0.449963 -0.433883 0.780563
vn 0.997884 -0.013478 0.063604
vn -0.000074 -0.204103 0.978949
vn -0.997902 -0.012715 0.063486
vn -0.000451 0.204429 -0.978881
vn 0.984881 -0.146400 -0.092610
vn 0.531495 0.811806 0.241834
vn -0.553824 0.778103 0.296369
vn -0.957629 -0.214896 0.191748
vn -0.124722 -0.971140 -0.203302
vn -0.591067 -0.806622 0.000036
vn -0.951798 0.306724 0.000064
vn -0.000165 1.000000 0.000003
vn -0.001445 0.969557 -0.244861
vn 0.943892 0.307732 -0.119874
vn 0.503014 -0.864278 -0.000023
vn -0.503262 -0.864134 0.000021
vn -0.915931 0.372916 -0.148338
vn 0.969106 0.137541 -0.204734
vn 0.570878 -0.147951 0.807595
vn -0.537088 -0.231700 0.811080
vn -0.964632 -0.038852 -0.260720
vn 0.059784 0.164020 -0.984644
vn 0.951805 0.306705 -0.000061
vn 0.590774 -0.806837 -0.000040
vn 0.980976 0.133635 -0.140809
vn 0.671798 -0.364856 0.644646
vn -0.578080 -0.359784 0.732379
vn 0.035568 0.577120 -0.815884
vn -0.895517 0.337889 -0.289623
vn 0.008505 -0.214630 0.976658
vn 0.974254 -0.056094 0.218365
vn -0.984511 -0.160426 0.070723
vn -0.540462 0.778389 -0.319392
vn 0.541961 0.776166 -0.322250
vn 0.985025 -0.159118 0.066384
vn 0.000258 -0.936786 0.349903
vn 0.001173 0.969538 0.244939
vn -0.978951 0.195500 0.058603
vn -0.549362 -0.793904 -0.260611
vn 0.545858 -0.797285 -0.257636
vn 0.977834 0.198940 0.065301
vn -0.969727 0.048129 0.239403
vn -0.555483 -0.189953 -0.809541
vn 0.557031 -0.192006 -0.807991
vn 0.973698 0.056221 0.220797
vn -0.013687 0.155833 0.987689
vn -0.976561 -0.057701 0.207363
vn -0.552063 0.220155 -0.804213
vn 0.550047 0.216672 -0.806537
vn -0.980985 0.133529 0.140849
vn -0.552919 -0.537596 -0.636609
vn 0.551549 -0.535230 -0.639784
vn -0.035671 0.577158 0.815853
vn 0.982229 0.133774 0.131650
vn -0.970181 -0.159682 0.182347
vn -0.567878 0.516308 -0.641046
vn 0.568063 0.501185 -0.652778
vn 0.017437 -0.574218 0.818517
vn 0.967971 -0.155062 0.197455
vn 0.999247 -0.010296 0.037403
vn -0.000090 -0.256043 0.966665
vn -0.999240 -0.009712 0.037753
vn -0.000212 0.255941 -0.966692
vn 0.706651 -0.000010 0.707562
vn 0.577542 -0.577409 0.577099
vn 1.000000 -0.000207 0.000918
vn 0.706614 -0.707599 -0.000909
vn -0.707585 -0.000011 0.706629
vn -0.577151 -0.577285 0.577615
vn -1.000000 0.000176 -0.000918
vn -0.707766 -0.706447 0.000943
vn 0.989868 0.131086 -0.054565
vn 1.000000 -0.000065 -0.000081
vn 1.000000 -0.000315 -0.000276
vn 1.000000 -0.000269 -0.000310
vn 0.999998 -0.001443 -0.001580
vn 0.922443 0.207070 -0.325915
vn 0.999119 0.008886 -0.041028
vn 1.000000 0.000250 -0.000235
vn 0.994449 0.105109 -0.004756
vn 0.999998 0.001394 -0.001556
vn 0.996838 0.057740 -0.054586
vn 1.000000 -0.000036 0.000021
vn 1.000000 -0.000185 -0.000256
vn 0.999411 0.023381 0.025104
vn 0.999998 -0.001188 -0.001415
vn 0.999999 0.000858 -0.001126
vn 0.989617 0.131901 -0.057097
vn 0.970242 -0.240012 -0.031997
vn 0.559806 0.817219 0.137006
vn -0.558969 0.818053 0.135433
vn -0.969419 -0.243245 -0.032533
vn -0.002163 -0.983119 -0.182952
vn 0.008348 -0.214492 0.976690
vn 0.974256 -0.056161 0.218336
vn -0.984425 -0.160845 0.070963
vn -0.540816 0.778044 -0.319633
vn 0.541843 0.776111 -0.322581
vn 0.984937 -0.159540 0.066677
vn 0.000163 -0.936452 0.350795
vn -0.976605 -0.057781 0.207131
vn -0.551864 0.220407 -0.804280
vn 0.550278 0.216309 -0.806477
vn -0.970227 -0.159625 0.182151
vn -0.567907 0.516335 -0.640999
vn 0.568279 0.501004 -0.652728
vn 0.017189 -0.574083 0.818617
vn 0.967940 -0.155176 0.197517
vn 0.707214 0.000010 0.706999
vn 0.577757 -0.577073 0.577220
vn 1.000000 -0.000178 0.000919
vn 0.707353 -0.706860 -0.000821
vn -0.706990 0.000019 0.707224
vn -0.577003 -0.577387 0.577660
vn -1.000000 0.000217 -0.000923
vn -0.706994 -0.707219 0.001022
vn 0.996083 0.088384 -0.002628
vn 0.998292 0.045595 -0.036534
vn 1.000000 0.000023 0.000036
vn 0.999999 0.000757 -0.000906
vn -0.008306 -0.214497 -0.976689
vn -0.974273 -0.056204 -0.218251
vn 0.952770 -0.303689 0.001002
vn 0.984646 -0.159707 -0.070467
vn 0.589341 0.807881 -0.002423
vn 0.539987 0.779465 0.317566
vn -0.589147 0.808022 -0.002492
vn -0.541888 0.776960 0.320455
vn -0.952613 -0.304184 0.000862
vn -0.985545 -0.155587 -0.067044
vn 0.003384 -0.936272 -0.351261
vn 0.000125 -0.999995 0.003079
vn -0.561339 -0.816741 0.133539
vn -0.967768 0.249733 -0.032532
vn -0.002854 0.984779 -0.173786
vn 0.976580 -0.057781 -0.207251
vn 0.552184 0.220177 0.804124
vn -0.549970 0.216973 0.806508
vn 0.968683 0.246181 -0.032383
vn 0.561837 -0.816104 0.135330
vn 0.970245 -0.159626 -0.182054
vn 0.567524 0.516335 0.641339
vn -0.568327 0.501018 0.652675
vn -0.014964 -0.577214 -0.816455
vn -0.968636 -0.155826 -0.193555
vn 0.008344 -0.214517 0.976685
vn 0.974255 -0.056163 0.218340
vn -0.984418 -0.160878 0.070983
vn -0.540780 0.778062 -0.319650
vn 0.541878 0.776083 -0.322587
vn 0.984933 -0.159559 0.066692
vn 0.000162 -0.936446 0.350813
vn 0.001073 0.969537 0.244943
vn -0.978953 0.195500 0.058567
vn -0.549253 -0.793982 -0.260603
vn 0.545946 -0.797234 -0.257605
vn 0.977807 0.199074 0.065296
vn -0.969711 0.048170 0.239460
vn -0.555568 -0.189936 -0.809487
vn 0.557112 -0.192015 -0.807934
vn 0.973689 0.056199 0.220843
vn -0.013620 0.155828 0.987690
vn -0.976606 -0.057781 0.207127
vn -0.551852 0.220423 -0.804284
vn 0.550290 0.216293 -0.806473
vn -0.980980 0.133583 0.140836
vn -0.552936 -0.537571 -0.636615
vn 0.551499 -0.535246 -0.639813
vn -0.035789 0.577133 0.815866
vn 0.982244 0.133781 0.131524
vn -0.970226 -0.159634 0.182153
vn -0.567907 0.516336 -0.640998
vn 0.568283 0.501008 -0.652722
vn 0.017179 -0.574090 0.818612
vn 0.967940 -0.155176 0.197517
vn 0.000419 0.455362 -0.890306
vn -0.983749 0.080475 -0.160505
vn 0.999960 0.002999 -0.008437
vn -0.001056 -0.351748 0.936094
vn -0.999966 0.005840 -0.005818
vn -0.000375 0.354944 -0.934888
vn 0.983646 0.080527 -0.161108
vn -0.000673 -0.458955 0.888459
vn 0.707214 0.000010 0.706999
vn 0.577757 -0.577073 0.577220
vn 1.000000 -0.000178 0.000919
vn 0.707353 -0.706860 -0.000821
vn -0.706990 0.000019 0.707224
vn -0.577003 -0.577387 0.577660
vn -1.000000 0.000217 -0.000923
vn -0.706994 -0.707219 0.001022
vn 0.979248 0.019310 -0.201741
vn 0.980516 0.020954 -0.195319
vn 1.000000 -0.000005 -0.000030
vn 1.000000 -0.000747 -0.000281
vn 0.972186 0.063832 -0.225342
vn 0.998985 0.012514 -0.043280
vn 1.000000 -0.000270 -0.000371
vn 0.994059 0.095602 -0.052036
vn 1.000000 0.000023 0.000036
vn 1.000000 -0.000315 -0.000276
vn 0.998410 0.036786 0.042723
vn 0.999998 -0.001443 -0.001580
vn 0.999999 0.000757 -0.000906
vn 0.000209 -1.000000 -0.000052
vn -0.951851 -0.306562 0.000079
vn 0.951826 -0.306637 -0.000114
vn 0.590877 0.806762 -0.000013
vn -0.590962 0.806700 0.000109
vn -0.951777 -0.306789 0.000083
vn -0.000055 -1.000000 -0.000060
vn 0.951823 -0.306648 -0.000114
vn 0.590967 0.806696 -0.000017
vn -0.590762 0.806846 0.000102
vn -0.593251 0.620984 0.512281
vn -0.627543 -0.637137 0.447490
vn 0.593468 0.603858 0.532120
vn 0.629132 -0.622556 0.465422
vn -0.442009 0.502822 0.742831
vn -0.459892 -0.406297 0.789571
vn 0.469409 0.487975 0.735891
vn 0.476793 -0.397500 0.784004
vn 0.707214 0.000010 0.706999
vn 0.577757 -0.577073 0.577220
vn 1.000000 -0.000178 0.000919
vn 0.707353 -0.706860 -0.000821
vn -0.706990 0.000019 0.707224
vn -0.577003 -0.577387 0.577660
vn -1.000000 0.000217 -0.000923
vn -0.706994 -0.707219 0.001022
vn 0.000208 -1.000000 -0.000053
vn -0.951851 -0.306561 0.000078
vn 0.951823 -0.306648 -0.000115
vn 0.590967 0.806696 -0.000017
vn -0.590762 0.806846 0.000104
vn -0.593466 0.603845 0.532136
vn -0.593468 -0.603832 0.532148
vn 0.593468 0.603858 0.532120
vn 0.593444 -0.603865 0.532137
vn -0.449944 0.433898 0.780566
vn -0.449941 -0.433898 0.780568
vn 0.449970 0.433878 0.780562
vn 0.449961 -0.433885 0.780563
vn 0.958892 -0.282677 -0.024904
vn 0.951762 -0.280156 0.125145
vn 0.805705 -0.422390 -0.415241
vn 0.818169 -0.241893 -0.521619
vn -0.048877 0.014173 -0.998704
vn 0.557366 -0.164421 -0.813824
vn 0.913795 -0.270908 -0.302635
vn 0.917729 -0.272823 0.288689
vn 0.525530 -0.156242 0.836305
vn -0.000002 -0.000005 1.000000
vn -0.565233 0.167374 0.807773
vn -0.905021 0.267994 0.330327
vn -0.929608 0.274663 -0.245742
vn -0.570152 0.167812 -0.804217
vn 0.990947 -0.090959 0.098740
vn 0.630354 -0.233701 -0.740296
vn 0.399866 -0.905475 0.142207
vn 0.938743 -0.227975 0.258435
vn 0.475455 -0.290379 0.830435
vn -0.722763 -0.038641 0.690014
vn -0.951977 0.223046 -0.209740
vn -0.810959 0.273031 -0.517493
vn 0.429466 0.149927 -0.890551
vn 0.601267 0.095341 -0.793340
vn 0.741631 0.039975 -0.669616
vn 0.914220 -0.003499 -0.405203
vn 0.657109 -0.286333 -0.697295
vn 0.575740 0.015326 -0.817489
vn 0.996504 0.001592 -0.083532
vn 0.871391 0.446019 -0.204315
vn 0.000055 1.000000 0.000045
vn -0.487837 0.863185 0.130103
vn -0.900066 0.386765 0.200733
vn -0.883372 -0.433137 0.179015
vn -0.660020 -0.742742 0.112731
vn 0.235442 -0.971139 -0.038164
vn 0.590845 -0.800647 -0.099333
vn 0.834493 -0.531650 -0.144807
vn 0.969419 0.161779 -0.184539
vn 0.996524 -0.015401 -0.081875
vn 0.832021 0.010733 -0.554640
vn 0.867600 0.011966 -0.497118
vn 0.904830 -0.284612 0.316670
vn 0.994063 -0.024843 -0.105930
vn 0.413974 -0.295561 0.860970
vn -0.411069 -0.066359 0.909186
vn -0.909460 0.171578 0.378739
vn -0.588709 0.331481 -0.737253
vn -0.297974 0.287383 -0.910287
vn 0.227795 0.122371 -0.965989
vn 0.662565 -0.069511 -0.745772
vn 0.880430 -0.201388 -0.429285
vn 0.917675 -0.258879 0.301421
vn 0.748196 0.184120 -0.637419
vn 0.742174 -0.077617 0.665698
vn 0.995897 0.090452 0.002864
vn 0.589088 -0.703026 -0.398408
vn -0.011029 -0.870046 -0.492848
vn -0.605797 -0.690835 -0.394660
vn -0.969339 -0.214276 -0.120286
vn -0.953066 0.264458 0.147404
vn -0.554543 0.731387 0.396932
vn 0.017515 0.873436 0.486625
vn 0.569576 0.712297 0.410142
vn 0.953929 0.261459 0.147171
vn 0.966311 -0.220183 -0.133276
vn -0.009968 0.949468 -0.313707
vn 0.497140 0.823719 -0.272651
vn 0.991471 0.124789 -0.037597
vn 0.942850 -0.314606 0.109803
vn 0.546109 -0.789481 0.280151
vn 0.069149 -0.939770 0.334739
vn -0.383678 -0.870624 0.307904
vn -0.937478 -0.328945 0.113709
vn -0.990500 0.131672 -0.039643
vn -0.583742 0.771149 -0.254115
vn 0.062656 -0.998035 -0.000060
vn 0.598031 -0.801473 -0.000106
vn 0.950624 -0.310344 -0.000119
vn 0.953420 0.301645 -0.000080
vn 0.640754 0.767746 -0.000018
vn 0.000067 1.000000 0.000056
vn -0.563608 0.826042 0.000100
vn -0.953393 0.301732 0.000115
vn -0.939452 -0.342679 0.000083
vn -0.597881 -0.801585 0.000016
vn 0.997468 -0.045175 0.054919
vn -0.997329 0.027690 -0.067581
vn 0.035914 -0.402529 0.914702
vn 1.000000 0.000019 0.000004
vn 0.995206 -0.000942 -0.097796
vn 0.983750 -0.021932 -0.178198
vn 0.981650 -0.016524 -0.189976
vn 0.241584 0.000023 -0.970380
vn 0.587781 0.000028 -0.809020
vn 0.968392 0.000025 -0.249432
vn 0.951060 0.000013 0.309006
vn 0.757943 0.000002 0.652320
vn 0.000003 -0.000019 1.000000
vn -0.457343 -0.000026 0.889290
vn -0.951080 -0.000025 0.308945
vn -0.923880 -0.000013 -0.382683
vn -0.587783 0.000003 -0.809019
vn 0.963702 -0.035758 -0.264573
vn 0.966010 -0.222864 -0.130979
vn 0.996025 0.082257 -0.034180
vn 0.998608 -0.049141 0.019176
vn 0.815602 -0.215404 0.537023
vn -0.024224 -0.224376 0.974202
vn -0.778010 -0.089148 0.621894
vn -0.992792 0.092720 -0.075936
vn -0.649509 0.245395 -0.719666
vn -0.060725 0.272563 -0.960220
vn 0.616735 0.145662 -0.773576
vn 0.982027 -0.064532 -0.177368
vn 0.813766 -0.212447 0.540973
vn 0.963376 -0.107104 -0.245837
vn 0.856278 -0.216266 0.469059
vn 0.014149 -0.199862 0.979722
vn -0.651387 -0.078385 0.754686
vn -0.989820 0.132740 0.051344
vn -0.700524 0.264118 -0.662954
vn -0.291021 0.301227 -0.908058
vn 0.482672 0.113583 -0.868404
vn 0.900510 -0.095848 -0.424141
vn 0.872767 -0.231832 0.429571
vn 0.971755 -0.000017 -0.235991
vn 0.970381 -0.231989 -0.067397
vn 0.994457 0.038709 -0.097763
vn 0.000941 0.408084 -0.912944
vn 0.996482 -0.078177 0.030196
vn 0.978528 -0.058260 -0.197710
vn 0.161369 -0.059049 0.985126
vn -0.552842 0.198713 0.809246
vn -0.929280 0.335381 0.154788
vn -0.893985 0.325224 -0.308253
vn -0.222927 0.081280 -0.971441
vn -0.000020 -0.000003 -1.000000
vn 0.563651 -0.207632 -0.799491
vn 0.891666 -0.327908 -0.312101
vn 0.936363 -0.342657 -0.076226
vn 0.552475 -0.200800 0.808982
vn 0.240051 0.087375 0.966820
vn -0.552176 -0.200942 0.809150
vn -0.905698 -0.329600 0.266600
vn -0.893726 -0.325272 -0.308953
vn -0.282987 -0.103013 -0.953576
vn -0.000011 -0.000023 -1.000000
vn 0.684158 0.248973 -0.685522
vn 0.893605 0.325208 -0.309369
vn 0.939610 0.341965 0.013866
vn 0.552072 0.200938 0.809222
vn -0.933240 0.144352 0.328977
vn -0.584211 0.088788 0.806731
vn 0.058324 -0.018781 0.998121
vn 0.587258 -0.095113 0.803792
vn 0.946019 -0.148316 0.288186
vn 0.938445 -0.151490 -0.310437
vn 0.614937 -0.098534 -0.782396
vn -0.000021 -0.000019 -1.000000
vn -0.547405 0.076806 -0.833336
vn -0.943456 0.139301 -0.300809
vn -0.960450 -0.056570 0.272644
vn -0.954734 -0.025417 -0.296374
vn -0.661349 -0.006038 -0.750054
vn -0.000004 -0.000024 -1.000000
vn 0.505696 0.023795 -0.862383
vn 0.960906 0.011988 -0.276617
vn 0.939933 -0.039909 0.339019
vn 0.621254 -0.008844 0.783559
vn -0.148762 0.055812 0.987297
vn -0.627158 0.004867 0.778877
vn 0.962889 0.113128 -0.245047
vn 0.603850 0.184080 -0.775551
vn 0.989966 0.093079 -0.106316
vn 0.940048 -0.155245 -0.303660
vn 0.920153 -0.009693 -0.391439
vn 0.429501 -0.806811 -0.405691
vn 0.985575 -0.134944 -0.102136
vn 0.981283 -0.184556 -0.054973
vn 0.998266 -0.058777 0.003209
vn 0.986767 -0.107305 0.121561
vn -0.086575 0.011300 -0.996181
vn 0.588736 -0.032804 -0.807660
vn 0.940521 -0.054125 -0.335396
vn 0.949202 -0.050598 0.310571
vn 0.522369 -0.030066 0.852189
vn -0.000002 -0.000007 1.000000
vn -0.639458 0.043016 0.767622
vn -0.950587 0.053072 0.305888
vn -0.956672 0.043088 -0.287962
vn -0.587203 0.031467 -0.808828
vn 0.664975 -0.603433 -0.440088
vn 0.998443 -0.035975 0.042626
vn 0.946509 0.082837 -0.311863
vn 0.993289 -0.114526 0.016135
vn 0.957963 -0.137744 -0.251663
vn 0.473774 0.273894 -0.836971
vn 0.911234 -0.011110 -0.411738
vn 0.998500 -0.000740 0.054749
vn 0.969138 0.013905 -0.246127
vn 0.987429 -0.058998 -0.146639
vn -0.570064 0.099254 0.815583
vn -0.570059 0.099074 0.815609
vn -0.056589 0.010769 0.998340
vn 0.580152 -0.102498 0.808033
vn 0.933693 -0.162064 0.319301
vn 0.930308 -0.163639 -0.328253
vn 0.523603 -0.098318 -0.846270
vn -0.000019 -0.000007 -1.000000
vn -0.622957 0.119425 -0.773086
vn -0.940665 0.167590 -0.295065
vn -0.939795 0.159372 0.302302
vn 0.810164 -0.068281 -0.582213
vn 0.999812 -0.000032 0.019370
vn 0.679739 0.064166 0.730642
vn 0.826426 -0.357844 -0.434704
vn -0.618509 0.783050 0.065417
vn -0.950689 0.296271 0.091729
vn -0.954116 -0.289864 0.075111
vn -0.602937 -0.796509 0.045161
vn -0.039333 -0.999125 0.014198
vn 0.602434 -0.797017 -0.042854
vn 0.942926 -0.322331 -0.083627
vn 0.951721 0.295353 -0.083629
vn 0.561586 0.826129 -0.046169
vn 0.000033 1.000000 0.000055
vn -0.780226 -0.390011 0.489018
vn -0.883695 0.407860 -0.229637
vn 0.178582 0.572712 -0.800068
vn 0.992237 -0.120528 -0.030634
vn 0.257318 -0.702998 0.663009
vn -0.690683 -0.155030 0.706344
vn -0.840980 0.453491 -0.295125
vn 0.152671 0.400871 -0.903324
vn 0.931990 -0.193138 -0.306746
vn 0.427811 -0.557249 0.711654
vn 0.842869 0.534626 -0.061218
vn -0.055378 0.822925 0.565445
vn -0.892258 0.123181 0.434399
vn -0.663572 -0.681050 -0.309586
vn 0.418418 -0.513655 -0.749056
vn 0.833310 0.389119 -0.392659
vn 0.210003 0.708434 0.673810
vn -0.764338 -0.145141 0.628268
vn -0.458633 -0.755009 -0.468634
vn 0.382296 -0.353531 -0.853736
vn 0.599619 -0.624985 -0.499851
vn 0.069860 -0.779044 -0.623065
vn -0.589947 -0.630574 -0.504321
vn -0.930138 -0.286774 -0.229356
vn -0.953166 0.236196 0.188905
vn -0.579450 0.636482 0.509047
vn -0.009260 0.780919 0.624564
vn 0.646642 0.595705 0.476434
vn 0.952581 0.237633 0.190054
vn 0.943679 -0.258388 -0.206654
vn 0.985634 -0.112948 -0.125571
vn 0.997563 -0.010505 -0.068970
vn 0.973586 0.004836 -0.228271
vn 0.994060 -0.107322 -0.018089
vn 0.999996 -0.001969 0.002132
vn 0.613845 0.419923 -0.668476
vn 0.867980 0.361078 -0.340932
vn 0.933158 -0.282824 -0.221870
vn 0.980650 -0.178283 0.080872
vn 0.933770 -0.340293 0.110793
vn 0.995592 0.039273 0.085172
vn 0.992546 0.009826 -0.121472
vn 0.997663 -0.042583 -0.053437
vn 0.888658 -0.181223 -0.421244
vn 0.884665 0.396230 -0.245700
vn 0.628486 0.267340 -0.730434
vn 0.834838 0.350412 -0.424567
vn 0.827239 0.115564 -0.549837
vn 0.940773 0.184290 -0.284575
vn 0.808323 -0.324198 -0.491435
vn 0.942056 0.319359 -0.102667
vn 0.910841 -0.098904 -0.400734
vn 0.982539 -0.141514 -0.120794
vn 0.923553 -0.260903 -0.281034
vn 0.952630 -0.064285 -0.297259
vn 0.802940 0.151013 -0.576612
vn 0.000003 0.000028 1.000000
vn 0.000003 0.000028 1.000000
vn 0.000003 0.000014 1.000000
vn 0.000003 0.000014 1.000000
vn 0.000000 0.000028 1.000000
vn 0.000000 0.000028 1.000000
vn 0.000000 0.000014 1.000000
vn 0.000000 0.000014 1.000000
vn 0.000003 0.000000 1.000000
vn 0.000003 0.000000 1.000000
vn 0.000000 0.000000 1.000000
vn 0.000000 0.000000 1.000000
vn 0.000003 0.000002 1.000000
vn 0.000003 0.000002 1.000000
vn 0.000003 0.000002 1.000000
vn 0.000003 0.000002 1.000000
vn 0.000000 0.000002 1.000000
vn 0.000000 0.000002 1.000000
vn 0.000000 0.000002 1.000000
vn 0.000000 0.000002 1.000000
vn 0.000003 0.000000 1.000000
vn 0.000003 0.000000 1.000000
vn 0.000000 0.000000 1.000000
vn 0.000000 0.000000 1.000000
vn 0.000003 0.000000 1.000000
vn 0.000003 0.000000 1.000000
vn 0.000000 0.000000 1.000000
vn 0.000000 0.000000 1.000000
vn -0.000009 0.000605 1.000000
vn -0.000016 0.000558 1.000000
vn 0.000000 0.000624 1.000000
vn 0.000000 0.000528 1.000000
vn 0.000003 0.000000 1.000000
vn 0.000003 0.000000 1.000000
vn 0.000000 0.000000 1.000000
vn 0.000000 0.000000 1.000000
vn -0.004687 0.001120 0.999988
vn -0.004726 0.001121 0.999988
vn -0.004707 0.001154 0.999988
vn -0.004685 0.001185 0.999988
g fff0af14_00159_004c577e_e0
f 39/105/39 11/106/11 4/107/4
f 88/438/88 86/436/86 82/424/82
f 82/424/82 84/431/84 88/438/88
f 92/117/92 579/1443/579 580/1444/580
f 90/114/90 557/1404/557 556/1403/556
f 36/99/36 4/100/4 6/101/6
f 3/324/3 46/325/46 45/326/45
f 42/366/42 550/1393/550 549/1392/549
f 63/389/63 65/41/65 51/390/51
f 71/108/71 77/109/77 76/110/76
f 76/111/76 72/112/72 71/113/71
f 79/126/79 74/127/74 73/128/73
f 73/129/73 78/130/78 79/131/79
f 32/240/32 31/241/31 22/242/22
f 36/96/36 37/97/37 26/98/26
f 21/129/21 26/130/26 27/131/27
f 27/126/27 22/127/22 21/128/21
f 18/186/18 30/187/30 29/188/29
f 31/159/31 21/160/21 22/161/22
f 31/156/31 32/157/32 17/158/17
f 52/407/52 29/16/29 30/408/30
f 37/255/37 27/256/27 26/257/26
f 37/246/37 36/247/36 6/248/6
f 45/327/45 5/328/5 3/13/3
f 30/409/30 51/410/51 52/23/52
f 4/69/4 3/70/3 5/71/5
f 5/66/5 6/67/6 4/68/4
f 32/225/32 18/226/18 17/227/17
f 29/189/29 17/190/17 18/191/18
f 55/369/55 576/1437/576 577/1438/577
f 68/347/68 70/47/70 60/348/60
f 68/349/68 45/350/45 46/14/46
f 70/312/70 68/313/68 46/314/46
f 65/282/65 52/283/52 51/284/51
f 65/297/65 63/298/63 56/299/56
f 70/309/70 42/310/42 60/311/60
f 63/391/63 55/392/55 56/28/56
f 98/98/98 104/100/104 100/104/100
f 104/104/104 98/102/98 102/98/102
f 106/98/106 112/100/112 108/104/108
f 112/104/112 106/102/106 110/98/110
f 151/547/151 123/548/123 116/549/116
f 200/880/200 198/878/198 194/866/194
f 194/866/194 196/873/196 200/880/200
f 204/559/204 208/560/208 202/561/202
f 202/556/202 205/557/205 204/558/204
f 148/541/148 116/542/116 118/543/118
f 115/766/115 158/767/158 157/768/157
f 154/808/154 168/809/168 167/810/167
f 175/831/175 177/483/177 163/832/163
f 183/550/183 189/551/189 188/552/188
f 188/553/188 184/554/184 183/555/183
f 191/568/191 186/569/186 185/570/185
f 185/571/185 190/572/190 191/573/191
f 144/682/144 143/683/143 134/684/134
f 148/538/148 149/539/149 138/540/138
f 133/571/133 138/572/138 139/573/139
f 139/568/139 134/569/134 133/570/133
f 130/628/130 142/629/142 141/630/141
f 143/601/143 133/602/133 134/603/134
f 143/598/143 144/599/144 129/600/129
f 164/849/164 141/458/141 142/850/142
f 149/697/149 139/698/139 138/699/138
f 149/688/149 148/689/148 118/690/118
f 157/769/157 117/770/117 115/455/115
f 142/851/142 163/852/163 164/465/164
f 116/511/116 115/512/115 117/513/117
f 117/508/117 118/509/118 116/510/116
f 144/667/144 130/668/130 129/669/129
f 141/631/141 129/632/129 130/633/130
f 167/811/167 172/812/172 154/446/154
f 180/789/180 182/489/182 172/790/172
f 180/791/180 157/792/157 158/456/158
f 182/754/182 180/755/180 158/756/158
f 177/724/177 164/725/164 163/726/163
f 177/739/177 175/740/175 168/741/168
f 182/751/182 154/752/154 172/753/172
f 175/833/175 167/834/167 168/470/168
f 210/540/210 216/542/216 212/546/212
f 216/546/216 210/544/210 214/540/214
f 218/540/218 224/542/224 220/546/220
f 224/546/224 218/544/218 222/540/222
f 263/989/263 235/990/235 228/991/228
f 312/1322/312 310/1320/310 306/1308/306
f 306/1308/306 308/1315/308 312/1322/312
f 316/1001/316 320/1002/320 314/1003/314
f 314/998/314 317/999/317 316/1000/316
f 260/983/260 228/984/228 230/985/230
f 227/1208/227 270/1209/270 269/1210/269
f 266/1250/266 280/1251/280 279/1252/279
f 287/1273/287 289/925/289 275/1274/275
f 295/992/295 301/993/301 300/994/300
f 300/995/300 296/996/296 295/997/295
f 303/1010/303 298/1011/298 297/1012/297
f 297/1013/297 302/1014/302 303/1015/303
f 256/1124/256 255/1125/255 246/1126/246
f 260/980/260 261/981/261 250/982/250
f 245/1013/245 250/1014/250 251/1015/251
f 251/1010/251 246/1011/246 245/1012/245
f 242/1070/242 254/1071/254 253/1072/253
f 255/1043/255 245/1044/245 246/1045/246
f 255/1040/255 256/1041/256 241/1042/241
f 276/1291/276 253/900/253 254/1292/254
f 261/1139/261 251/1140/251 250/1141/250
f 261/1130/261 260/1131/260 230/1132/230
f 269/1211/269 229/1212/229 227/897/227
f 254/1293/254 275/1294/275 276/907/276
f 228/953/228 227/954/227 229/955/229
f 229/950/229 230/951/230 228/952/228
f 256/1109/256 242/1110/242 241/1111/241
f 253/1073/253 241/1074/241 242/1075/242
f 279/1253/279 284/1254/284 266/888/266
f 292/1231/292 294/931/294 284/1232/284
f 292/1233/292 269/1234/269 270/898/270
f 294/1196/294 292/1197/292 270/1198/270
f 289/1166/289 276/1167/276 275/1168/275
f 289/1181/289 287/1182/287 280/1183/280
f 294/1193/294 266/1194/266 284/1195/284
f 287/1275/287 279/1276/279 280/912/280
f 322/982/322 328/984/328 324/988/324
f 328/988/328 322/986/322 326/982/326
f 330/982/330 336/984/336 332/988/332
f 336/988/336 330/986/330 334/982/334
f 1070/2824/1070 772/2025/772 764/2026/764
f 364/1337/364 362/1338/362 358/1339/358
f 358/1339/358 360/1340/360 364/1337/364
f 903/2234/903 993/2678/993 992/2677/992
f 1061/2806/1061 1079/2842/1079 1062/2807/1062
f 900/2228/900 989/2690/989 998/2689/998
f 906/2226/906 908/2227/908 912/2224/912
f 912/2224/912 910/2225/910 906/2226/906
f 899/2222/899 893/2223/893 897/2167/897
f 347/1347/347 353/1348/353 352/1349/352
f 352/1350/352 348/1351/348 347/1352/347
f 355/1353/355 350/1354/350 349/1355/349
f 349/1356/349 354/1357/354 355/1358/355
f 893/2167/893 899/2154/899 895/2222/895
f 876/2237/876 881/2238/881 882/2239/882
f 882/2234/882 877/2235/877 876/2236/876
f 879/2231/879 875/2232/875 874/2233/874
f 874/2228/874 880/2229/880 879/2230/879
f 885/2226/885 887/2227/887 891/2224/891
f 891/2224/891 889/2225/889 885/2226/885
f 860/2222/860 854/2223/854 858/2167/858
f 854/2167/854 860/2154/860 856/2222/856
f 837/2219/837 829/2220/829 830/2221/830
f 844/2216/844 816/2217/816 834/2218/834
f 839/2213/839 837/2214/837 830/2215/830
f 839/2210/839 826/2211/826 825/2212/825
f 844/2207/844 842/2208/842 820/2209/820
f 842/2204/842 819/2205/819 820/2206/820
f 842/2201/842 844/2202/844 834/2203/834
f 829/2198/829 834/2199/834 816/2200/816
f 808/2197/808 981/2655/981 982/2656/982
f 1119/2902/1119 650/1554/650 649/1555/649
f 794/2194/794 795/2195/795 793/2196/793
f 793/2191/793 792/2192/792 794/2193/794
f 809/2188/809 825/2189/825 826/2190/826
f 819/2185/819 794/2186/794 792/2187/792
f 811/2182/811 810/2183/810 795/2184/795
f 811/2179/811 806/2180/806 805/2181/805
f 826/2176/826 808/2177/808 809/2178/809
f 1052/2788/1052 1053/2789/1053 1120/2903/1120
f 1022/2731/1022 933/2571/933 1023/2732/1023
f 1022/2730/1022 931/2568/931 932/2569/932
f 806/2171/806 1010/2710/1010 1009/2709/1009
f 1033/2750/1033 672/1552/672 671/1553/671
f 810/2165/810 811/2166/811 805/2167/805
f 959/2615/959 960/2616/960 1032/2749/1032
f 837/2162/837 839/2163/839 825/2164/825
f 816/2159/816 830/2160/830 829/2161/829
f 792/2156/792 820/2157/820 819/2158/819
f 810/2153/810 793/2154/793 795/2155/795
f 1032/2749/1032 1033/2750/1033 671/1553/671
f 1032/2749/1032 960/2616/960 1033/2750/1033
f 813/2145/813 800/2146/800 793/2147/793
f 1071/2825/1071 772/2025/772 1070/2824/1070
f 1021/2729/1021 931/2568/931 1022/2730/1022
f 785/2039/785 779/2040/779 783/2018/783
f 779/2018/779 785/2011/785 781/2039/781
f 1080/2844/1080 1063/2809/1063 1062/2808/1062
f 777/2036/777 764/2037/764 772/2038/772
f 1069/2822/1069 1081/2845/1081 1070/2823/1070
f 1071/2825/1071 1080/2843/1080 1079/2842/1079
f 777/2033/777 775/2034/775 768/2035/768
f 775/2030/775 767/2031/767 768/2032/768
f 775/2027/775 777/2028/777 772/2029/772
f 1081/2845/1081 1063/2809/1063 1080/2844/1080
f 1081/2845/1081 1080/2844/1080 1070/2823/1070
f 1097/2868/1097 919/2547/919 1098/2869/1098
f 759/2024/759 976/2645/976 977/2646/977
f 1137/2932/1137 659/1569/659 660/1570/660
f 1098/2869/1098 919/2547/919 920/2548/920
f 767/2019/767 759/2020/759 758/2021/758
f 950/2602/950 1136/2931/1136 951/2603/951
f 1133/2924/1133 658/1563/658 657/1564/657
f 1098/2870/1098 921/2550/921 1099/2871/1099
f 946/2594/946 1132/2923/1132 947/2595/947
f 1098/2870/1098 1099/2871/1099 687/1608/687
f 1120/2903/1120 1119/2902/1119 649/1555/649
f 977/2647/977 978/2648/978 759/2023/759
f 978/2648/978 758/2022/758 759/2023/759
f 1023/2732/1023 731/1588/731 730/1589/730
f 932/2570/932 933/2571/933 1022/2731/1022
f 1032/2748/1032 958/2613/958 959/2614/959
f 1120/2903/1120 1053/2789/1053 1119/2902/1119
f 1000/2696/1000 1001/2697/1001 846/2149/846
f 1120/2904/1120 1121/2905/1121 1052/2787/1052
f 1121/2905/1121 1051/2786/1051 1052/2787/1052
f 764/2016/764 1069/2822/1069 1070/2823/1070
f 758/2013/758 768/2014/768 767/2015/767
f 1099/2871/1099 688/1607/688 687/1608/687
f 920/2549/920 921/2550/921 1098/2870/1098
f 1132/2923/1132 1133/2924/1133 947/2595/947
f 1132/2923/1132 658/1563/658 1133/2924/1133
f 1133/2925/1133 1134/2926/1134 947/2596/947
f 1008/2707/1008 805/2169/805 1009/2708/1009
f 1031/2747/1031 958/2613/958 1032/2748/1032
f 1001/2697/1001 852/2148/852 846/2149/846
f 740/1654/740 734/1655/734 738/1605/738
f 734/1605/734 740/1590/740 736/1654/736
f 721/1651/721 713/1652/713 714/1653/714
f 728/1648/728 700/1649/700 718/1650/718
f 723/1645/723 721/1646/721 714/1647/714
f 723/1642/723 710/1643/710 709/1644/709
f 728/1639/728 726/1640/726 704/1641/704
f 726/1636/726 703/1637/703 704/1638/704
f 726/1633/726 728/1634/728 718/1635/718
f 713/1630/713 718/1631/718 700/1632/700
f 692/1627/692 683/1628/683 684/1629/684
f 1022/2731/1022 1023/2732/1023 730/1589/730
f 1001/2693/1001 849/2151/849 848/2152/848
f 693/1624/693 709/1625/709 710/1626/710
f 703/1621/703 675/1622/675 674/1623/674
f 1000/2692/1000 849/2151/849 1001/2693/1001
f 1009/2708/1009 805/2169/805 806/2170/806
f 710/1618/710 692/1619/692 693/1620/693
f 694/1615/694 695/1616/695 683/1617/683
f 694/1612/694 687/1613/687 688/1614/688
f 684/1609/684 693/1610/693 692/1611/692
f 1134/2926/1134 948/2597/948 947/2596/947
f 687/1606/687 1097/2868/1097 1098/2869/1098
f 1136/2931/1136 1137/2932/1137 951/2603/951
f 695/1601/695 694/1602/694 688/1603/688
f 721/1598/721 723/1599/723 709/1600/709
f 700/1595/700 714/1596/714 713/1597/713
f 674/1592/674 704/1593/704 703/1594/703
f 998/2688/998 901/2232/901 900/2233/900
f 1136/2931/1136 659/1569/659 1137/2932/1137
f 730/1587/730 1021/2729/1021 1022/2730/1022
f 446/105/446 418/106/418 411/107/411
f 495/438/495 493/436/493 489/424/489
f 489/424/489 491/431/491 495/438/495
f 499/117/499 503/118/503 497/119/497
f 497/114/497 500/115/500 499/116/499
f 443/99/443 411/100/411 413/101/413
f 410/324/410 453/325/453 452/326/452
f 449/366/449 463/367/463 462/368/462
f 470/389/470 472/41/472 458/390/458
f 478/108/478 484/109/484 483/110/483
f 483/111/483 479/112/479 478/113/478
f 486/126/486 481/127/481 480/128/480
f 480/129/480 485/130/485 486/131/486
f 439/240/439 438/241/438 429/242/429
f 443/96/443 444/97/444 433/98/433
f 428/129/428 433/130/433 434/131/434
f 434/126/434 429/127/429 428/128/428
f 425/186/425 437/187/437 436/188/436
f 438/159/438 428/160/428 429/161/429
f 438/156/438 439/157/439 424/158/424
f 459/407/459 436/16/436 437/408/437
f 444/255/444 434/256/434 433/257/433
f 444/246/444 443/247/443 413/248/413
f 452/327/452 412/328/412 410/13/410
f 437/409/437 458/410/458 459/23/459
f 411/69/411 410/70/410 412/71/412
f 412/66/412 413/67/413 411/68/411
f 439/225/439 425/226/425 424/227/424
f 436/189/436 424/190/424 425/191/425
f 462/369/462 467/370/467 449/4/449
f 475/347/475 477/47/477 467/348/467
f 475/349/475 452/350/452 453/14/453
f 477/312/477 475/313/475 453/314/453
f 472/282/472 459/283/459 458/284/458
f 472/297/472 470/298/470 463/299/463
f 477/309/477 449/310/449 467/311/467
f 470/391/470 462/392/462 463/28/463
f 505/98/505 511/100/511 507/104/507
f 511/104/511 505/102/505 509/98/509
f 513/98/513 519/100/519 515/104/515
f 519/104/519 513/102/513 517/98/517
f 548/1390/548 60/370/60 549/1391/549
f 549/1391/549 60/370/60 42/4/42
f 587/1476/587 555/1401/555 595/1475/595
f 568/1440/568 56/367/56 55/368/55
f 555/1401/555 96/118/96 556/1402/556
f 556/1402/556 96/118/96 90/119/90
f 556/1403/556 557/1404/557 595/1474/595
f 581/1446/581 93/115/93 92/116/92
f 595/1474/595 557/1404/557 594/1473/594
f 580/1445/580 581/1446/581 92/116/92
f 595/1475/595 555/1401/555 556/1402/556
f 577/1439/577 568/1440/568 55/368/55
f 568/1440/568 577/1439/577 608/1481/608
f 608/1481/608 599/1480/599 568/1440/568
f 608/1499/608 577/1438/577 576/1437/576
f 576/1437/576 607/1498/607 608/1499/608
f 611/1504/611 580/1444/580 579/1443/579
f 579/1443/579 610/1503/610 611/1504/611
f 581/1446/581 580/1445/580 612/1506/612
f 611/1505/611 612/1506/612 580/1445/580
f 595/1475/595 626/1518/626 587/1476/587
f 618/1517/618 587/1476/587 626/1518/626
f 594/1473/594 626/1533/626 595/1474/595
f 626/1533/626 594/1473/594 625/1532/625
f 997/2687/997 901/2232/901 998/2688/998
f 1137/2933/1137 1138/2934/1138 951/2604/951
f 1138/2934/1138 942/2605/942 951/2604/951
f 669/1544/669 667/1545/667 663/1546/663
f 663/1546/663 665/1547/665 669/1544/669
f 671/1548/671 1031/2747/1031 1032/2748/1032
f 1144/2948/1144 641/1573/641 640/1572/640
f 640/1572/640 1143/2947/1143 1144/2948/1144
f 1149/2958/1149 1144/2948/1144 1143/2947/1143
f 1143/2947/1143 1148/2957/1148 1149/2958/1149
f 654/1556/654 656/1557/656 645/1558/645
f 657/1559/657 1134/2926/1134 1133/2925/1133
f 1151/2960/1151 674/1623/674 675/1622/675
f 660/1565/660 1138/2934/1138 1137/2933/1137
f 674/1623/674 1151/2960/1151 1150/2959/1150
f 992/2676/992 902/2238/902 903/2239/903
f 1156/2970/1156 1150/2959/1150 1151/2960/1151
f 1150/2959/1150 1156/2970/1156 1155/2969/1155
f 1168/2996/1168 977/2646/977 976/2645/976
f 991/2675/991 902/2238/902 992/2676/992
f 983/2658/983 809/2174/809 808/2175/808
f 982/2657/982 983/2658/983 808/2175/808
f 646/1571/646 640/1572/640 641/1573/641
f 976/2645/976 1167/2995/1167 1168/2996/1168
f 978/2648/978 977/2647/977 1169/2998/1169
f 1168/2997/1168 1169/2998/1169 977/2647/977
f 641/1574/641 645/1575/645 646/1576/646
f 1071/2825/1071 1070/2824/1070 1080/2843/1080
f 1079/2842/1079 1080/2843/1080 1062/2807/1062
f 654/1584/654 649/1585/649 650/1586/650
f 656/1581/656 654/1582/654 650/1583/650
f 649/1577/649 1121/2905/1121 1120/2904/1120
f 656/1578/656 646/1579/646 645/1580/645
g fff0af14_00159_004c577e_e2
f 85/435/85 87/437/87 83/432/83
f 83/432/83 81/435/81 85/435/85
f 81/425/81 82/424/82 86/436/86
f 86/436/86 85/435/85 81/425/81
f 102/439/102 101/442/101 103/440/103
f 102/439/102 103/440/103 104/441/104
f 39/207/39 40/208/40 11/209/11
f 40/81/40 10/82/10 11/83/11
f 110/439/110 109/442/109 111/440/111
f 110/439/110 111/440/111 112/441/112
f 64/401/64 61/37/61 48/402/48
f 49/419/49 14/33/14 15/420/15
f 80/120/80 75/121/75 74/122/74
f 74/123/74 79/124/79 80/125/80
f 89/108/89 559/1408/559 558/1407/558
f 93/111/93 581/1447/581 582/1448/582
f 7/60/7 8/61/8 6/62/6
f 6/63/6 5/64/5 7/65/7
f 44/332/44 7/333/7 5/11/5
f 5/329/5 45/330/45 44/331/44
f 64/279/64 48/280/48 52/281/52
f 48/403/48 15/17/15 29/404/29
f 34/162/34 31/163/31 16/164/16
f 34/165/34 25/166/25 21/167/21
f 29/405/29 52/406/52 48/18/48
f 17/192/17 29/193/29 15/194/15
f 15/195/15 16/196/16 17/197/17
f 31/237/31 34/238/34 21/239/21
f 31/243/31 17/244/17 16/245/16
f 36/249/36 26/250/26 1/251/1
f 36/210/36 39/211/39 4/212/4
f 25/135/25 1/136/1 26/137/26
f 26/132/26 21/133/21 25/134/25
f 39/102/39 36/103/36 1/104/1
f 95/132/95 561/1412/561 560/1411/560
f 94/135/94 583/1451/583 584/1452/584
f 63/291/63 62/292/62 55/293/55
f 68/315/68 60/316/60 59/317/59
f 67/353/67 44/354/44 45/12/45
f 67/351/67 68/45/68 59/352/59
f 54/374/54 574/1433/574 575/1434/575
f 60/371/60 548/1389/548 547/1388/547
f 63/294/63 51/295/51 50/296/50
f 62/393/62 63/39/63 50/394/50
f 68/261/68 67/262/67 45/263/45
f 62/395/62 54/396/54 55/27/55
f 40/78/40 39/79/39 2/80/2
f 1/108/1 25/109/25 24/110/24
f 24/111/24 2/112/2 1/113/1
f 34/228/34 35/229/35 25/230/25
f 35/141/35 24/142/24 25/143/25
f 39/213/39 1/214/1 2/215/2
f 61/270/61 49/271/49 48/272/48
f 35/138/35 34/139/34 20/140/20
f 65/385/65 64/40/64 52/386/52
f 64/285/64 65/286/65 57/287/57
f 14/171/14 20/172/20 16/173/16
f 16/168/16 15/169/15 14/170/14
f 34/234/34 16/235/16 20/236/20
f 15/32/15 48/19/48 49/20/49
f 197/877/197 199/879/199 195/874/195
f 195/874/195 193/877/193 197/877/197
f 193/867/193 194/866/194 198/878/198
f 198/878/198 197/877/197 193/867/193
f 214/881/214 213/884/213 215/882/215
f 214/881/214 215/882/215 216/883/216
f 151/649/151 152/650/152 123/651/123
f 152/523/152 122/524/122 123/525/123
f 222/881/222 221/884/221 223/882/223
f 222/881/222 223/882/223 224/883/224
f 176/843/176 173/479/173 160/844/160
f 161/861/161 126/475/126 127/862/127
f 192/562/192 187/563/187 186/564/186
f 186/565/186 191/566/191 192/567/192
f 201/550/201 206/551/206 205/552/205
f 205/553/205 202/554/202 201/555/201
f 119/502/119 120/503/120 118/504/118
f 118/505/118 117/506/117 119/507/119
f 156/774/156 119/775/119 117/453/117
f 117/771/117 157/772/157 156/773/156
f 176/721/176 160/722/160 164/723/164
f 160/845/160 127/459/127 141/846/141
f 146/604/146 143/605/143 128/606/128
f 146/607/146 137/608/137 133/609/133
f 141/847/141 164/848/164 160/460/160
f 129/634/129 141/635/141 127/636/127
f 127/637/127 128/638/128 129/639/129
f 143/679/143 146/680/146 133/681/133
f 143/685/143 129/686/129 128/687/128
f 148/691/148 138/692/138 113/693/113
f 148/652/148 151/653/151 116/654/116
f 137/577/137 113/578/113 138/579/138
f 138/574/138 133/575/133 137/576/137
f 151/544/151 148/545/148 113/546/113
f 207/574/207 203/575/203 206/576/206
f 206/577/206 201/578/201 207/579/207
f 175/733/175 174/734/174 167/735/167
f 180/757/180 172/758/172 171/759/171
f 179/795/179 156/796/156 157/454/157
f 179/793/179 180/487/180 171/794/171
f 166/816/166 171/817/171 172/445/172
f 172/813/172 167/814/167 166/815/166
f 175/736/175 163/737/163 162/738/162
f 174/835/174 175/481/175 162/836/162
f 180/703/180 179/704/179 157/705/157
f 174/837/174 166/838/166 167/469/167
f 152/520/152 151/521/151 114/522/114
f 113/550/113 137/551/137 136/552/136
f 136/553/136 114/554/114 113/555/113
f 146/670/146 147/671/147 137/672/137
f 147/583/147 136/584/136 137/585/137
f 151/655/151 113/656/113 114/657/114
f 173/712/173 161/713/161 160/714/160
f 147/580/147 146/581/146 132/582/132
f 177/827/177 176/482/176 164/828/164
f 176/727/176 177/728/177 169/729/169
f 126/613/126 132/614/132 128/615/128
f 128/610/128 127/611/127 126/612/126
f 146/676/146 128/677/128 132/678/132
f 127/474/127 160/461/160 161/462/161
f 309/1319/309 311/1321/311 307/1316/307
f 307/1316/307 305/1319/305 309/1319/309
f 305/1309/305 306/1308/306 310/1320/310
f 310/1320/310 309/1319/309 305/1309/305
f 326/1323/326 325/1326/325 327/1324/327
f 326/1323/326 327/1324/327 328/1325/328
f 263/1091/263 264/1092/264 235/1093/235
f 264/965/264 234/966/234 235/967/235
f 334/1323/334 333/1326/333 335/1324/335
f 334/1323/334 335/1324/335 336/1325/336
f 288/1285/288 285/921/285 272/1286/272
f 273/1303/273 238/917/238 239/1304/239
f 304/1004/304 299/1005/299 298/1006/298
f 298/1007/298 303/1008/303 304/1009/304
f 313/992/313 318/993/318 317/994/317
f 317/995/317 314/996/314 313/997/313
f 231/944/231 232/945/232 230/946/230
f 230/947/230 229/948/229 231/949/231
f 268/1216/268 231/1217/231 229/895/229
f 229/1213/229 269/1214/269 268/1215/268
f 288/1163/288 272/1164/272 276/1165/276
f 272/1287/272 239/901/239 253/1288/253
f 258/1046/258 255/1047/255 240/1048/240
f 258/1049/258 249/1050/249 245/1051/245
f 253/1289/253 276/1290/276 272/902/272
f 241/1076/241 253/1077/253 239/1078/239
f 239/1079/239 240/1080/240 241/1081/241
f 255/1121/255 258/1122/258 245/1123/245
f 255/1127/255 241/1128/241 240/1129/240
f 260/1133/260 250/1134/250 225/1135/225
f 260/1094/260 263/1095/263 228/1096/228
f 249/1019/249 225/1020/225 250/1021/250
f 250/1016/250 245/1017/245 249/1018/249
f 263/986/263 260/987/260 225/988/225
f 319/1016/319 315/1017/315 318/1018/318
f 318/1019/318 313/1020/313 319/1021/319
f 287/1175/287 286/1176/286 279/1177/279
f 292/1199/292 284/1200/284 283/1201/283
f 291/1237/291 268/1238/268 269/896/269
f 291/1235/291 292/929/292 283/1236/283
f 278/1258/278 283/1259/283 284/887/284
f 284/1255/284 279/1256/279 278/1257/278
f 287/1178/287 275/1179/275 274/1180/274
f 286/1277/286 287/923/287 274/1278/274
f 292/1145/292 291/1146/291 269/1147/269
f 286/1279/286 278/1280/278 279/911/279
f 264/962/264 263/963/263 226/964/226
f 225/992/225 249/993/249 248/994/248
f 248/995/248 226/996/226 225/997/225
f 258/1112/258 259/1113/259 249/1114/249
f 259/1025/259 248/1026/248 249/1027/249
f 263/1097/263 225/1098/225 226/1099/226
f 285/1154/285 273/1155/273 272/1156/272
f 259/1022/259 258/1023/258 244/1024/244
f 289/1269/289 288/924/288 276/1270/276
f 288/1169/288 289/1170/289 281/1171/281
f 238/1055/238 244/1056/244 240/1057/240
f 240/1052/240 239/1053/239 238/1054/238
f 258/1118/258 240/1119/240 244/1120/244
f 239/916/239 272/903/272 273/904/273
f 361/1359/361 363/1360/363 359/1361/359
f 359/1361/359 357/1359/357 361/1359/361
f 357/1362/357 358/1339/358 362/1338/362
f 362/1338/362 361/1359/361 357/1362/357
f 963/2623/963 964/2624/964 1036/2757/1036
f 904/2352/904 995/2682/995 994/2681/994
f 910/2225/910 909/2348/909 905/2351/905
f 905/2351/905 906/2226/906 910/2225/910
f 907/2350/907 905/2348/905 909/2348/909
f 909/2348/909 911/2349/911 907/2350/907
f 897/2240/897 898/2242/898 899/2243/899
f 897/2240/897 896/2241/896 898/2242/898
f 356/1363/356 351/1364/351 350/1365/350
f 350/1366/350 355/1367/355 356/1368/356
f 877/2355/877 882/2356/882 883/2357/883
f 883/2352/883 878/2353/878 877/2354/877
f 889/2225/889 888/2348/888 884/2351/884
f 884/2351/884 885/2226/885 889/2225/889
f 886/2350/886 884/2348/884 888/2348/888
f 888/2348/888 890/2349/890 886/2350/886
f 804/2345/804 822/2346/822 823/2347/823
f 1071/2826/1071 1079/2841/1079 1072/2827/1072
f 1035/2754/1035 673/1560/673 672/1561/672
f 803/2342/803 987/2667/987 988/2668/988
f 838/2339/838 839/2340/839 831/2341/831
f 839/2336/839 838/2337/838 826/2338/826
f 961/2619/961 962/2620/962 1034/2753/1034
f 835/2333/835 823/2334/823 822/2335/822
f 813/2330/813 790/2331/790 791/2332/791
f 1078/2840/1078 1061/2805/1061 1060/2804/1060
f 1037/2758/1037 670/1682/670 673/1683/673
f 1139/2936/1139 660/1667/660 661/1668/661
f 790/2256/790 1006/2722/1006 1015/2721/1015
f 814/2327/814 813/2328/813 791/2329/791
f 836/2324/836 828/2325/828 829/2326/829
f 842/2321/842 841/2322/841 819/2323/819
f 836/2318/836 837/2319/837 824/2320/824
f 837/2315/837 825/2316/825 824/2317/824
f 834/2312/834 829/2313/829 828/2314/828
f 828/2309/828 833/2310/833 834/2311/834
f 841/2306/841 842/2307/842 833/2308/833
f 841/2303/841 818/2304/818 819/2305/819
f 842/2300/842 834/2301/834 833/2302/833
f 837/2297/837 836/2298/836 829/2299/829
f 1000/2770/1000 850/2257/850 849/2258/849
f 851/2293/851 1041/2766/1041 1042/2767/1042
f 813/2223/813 810/2296/810 790/2222/790
f 805/2293/805 1008/2706/1008 1007/2705/1007
f 942/2586/942 1138/2935/1138 943/2587/943
f 810/2288/810 813/2289/813 793/2290/793
f 810/2285/810 805/2286/805 790/2287/790
f 1072/2828/1072 771/2065/771 772/2066/772
f 1059/2802/1059 1077/2838/1077 1060/2803/1060
f 804/2284/804 979/2651/979 980/2652/980
f 1121/2906/1121 649/1688/649 648/1689/648
f 808/2279/808 826/2280/826 822/2281/822
f 1050/2784/1050 1051/2785/1051 1122/2907/1122
f 1042/2768/1042 845/2291/845 851/2292/851
f 822/2276/822 804/2277/804 808/2278/808
f 838/2273/838 822/2274/822 826/2275/826
f 794/2270/794 819/2271/819 818/2272/818
f 818/2267/818 796/2268/796 794/2269/794
f 795/2264/795 794/2265/794 796/2266/796
f 796/2261/796 797/2262/797 795/2263/795
f 1042/2769/1042 850/2257/850 1000/2770/1000
f 845/2256/845 1042/2769/1042 1000/2770/1000
f 823/2253/823 803/2254/803 804/2255/804
f 838/2250/838 835/2251/835 822/2252/822
f 814/2247/814 799/2248/799 800/2249/800
f 813/2244/813 814/2245/814 800/2246/800
f 858/2240/858 859/2242/859 860/2243/860
f 858/2240/858 857/2241/857 859/2242/859
f 1042/2767/1042 847/2294/847 850/2295/850
f 1041/2766/1041 847/2294/847 1042/2767/1042
f 1036/2757/1036 1037/2758/1037 673/1683/673
f 1027/2740/1027 729/1758/729 732/1759/732
f 936/2578/936 937/2579/937 1026/2739/1026
f 1036/2757/1036 964/2624/964 1037/2758/1037
f 1036/2756/1036 962/2621/962 963/2622/963
f 1035/2755/1035 962/2621/962 1036/2756/1036
f 994/2680/994 903/2356/903 904/2357/904
f 1034/2753/1034 1035/2754/1035 672/1561/672
f 1025/2736/1025 732/1721/732 731/1722/731
f 934/2574/934 935/2575/935 1024/2735/1024
f 1000/2771/1000 846/2259/846 845/2260/845
f 1095/2883/1095 691/1721/691 690/1722/690
f 926/2561/926 917/2562/917 1104/2882/1104
f 1006/2703/1006 790/2291/790 1007/2704/1007
f 1034/2753/1034 962/2620/962 1035/2754/1035
f 775/2068/775 774/2069/774 767/2070/767
f 1034/2752/1034 960/2617/960 961/2618/961
f 1033/2751/1033 960/2617/960 1034/2752/1034
f 772/2067/772 1071/2826/1071 1072/2827/1072
f 1026/2739/1026 1027/2740/1027 732/1759/732
f 774/2062/774 775/2063/775 771/2064/771
f 774/2059/774 766/2060/766 767/2061/767
f 775/2056/775 772/2057/772 771/2058/771
f 1026/2739/1026 937/2579/937 1027/2740/1027
f 1026/2738/1026 935/2576/935 936/2577/936
f 1007/2704/1007 790/2291/790 805/2292/805
f 1097/2867/1097 687/1758/687 691/1759/691
f 918/2545/918 919/2546/919 1096/2866/1096
f 1073/2829/1073 771/2065/771 1072/2828/1072
f 1073/2829/1073 1072/2828/1072 1078/2839/1078
f 1077/2838/1077 1078/2839/1078 1060/2803/1060
f 1073/2829/1073 1078/2839/1078 1077/2838/1077
f 1079/2841/1079 1061/2805/1061 1078/2840/1078
f 1025/2737/1025 935/2576/935 1026/2738/1026
f 1079/2841/1079 1078/2840/1078 1072/2827/1072
f 1024/2735/1024 1025/2736/1025 731/1722/731
f 1095/2864/1095 917/2543/917 1096/2865/1096
f 1096/2865/1096 917/2543/917 918/2544/918
f 1024/2735/1024 935/2575/935 1025/2736/1025
f 1024/2734/1024 933/2572/933 934/2573/934
f 759/2053/759 767/2054/767 766/2055/766
f 766/2050/766 760/2051/760 759/2052/759
f 1096/2866/1096 919/2546/919 1097/2867/1097
f 760/2047/760 974/2641/974 975/2642/975
f 1023/2733/1023 933/2572/933 1024/2734/1024
f 1096/2866/1096 1097/2867/1097 691/1759/691
f 1103/2880/1103 925/2559/925 1104/2881/1104
f 1104/2881/1104 925/2559/925 926/2560/926
f 1104/2882/1104 917/2562/917 1095/2883/1095
f 1104/2882/1104 1095/2883/1095 690/1722/690
f 1122/2907/1122 1121/2906/1121 648/1689/648
f 1122/2907/1122 1051/2785/1051 1121/2906/1121
f 783/2043/783 784/2045/784 785/2046/785
f 783/2043/783 782/2044/782 784/2045/784
f 1122/2908/1122 1123/2909/1123 1050/2783/1050
f 1123/2909/1123 1049/2782/1049 1050/2783/1050
f 1138/2935/1138 1139/2936/1139 943/2587/943
f 1138/2935/1138 660/1667/660 1139/2936/1139
f 681/1817/681 706/1818/706 707/1819/707
f 697/1814/697 682/1815/682 686/1816/686
f 682/1811/682 681/1812/681 680/1813/680
f 680/1808/680 686/1809/686 682/1810/682
f 722/1805/722 723/1806/723 715/1807/715
f 723/1802/723 722/1803/722 710/1804/710
f 698/1799/698 697/1800/697 686/1801/686
f 719/1796/719 707/1797/707 706/1798/706
f 993/2679/993 903/2356/903 994/2680/994
f 698/1793/698 690/1794/690 691/1795/691
f 697/1790/697 698/1791/698 691/1792/691
f 690/1723/690 1103/2880/1103 1104/2881/1104
f 1139/2937/1139 1130/2938/1130 943/2588/943
f 979/2670/979 804/2343/804 803/2344/803
f 720/1787/720 712/1788/712 713/1789/713
f 726/1784/726 725/1785/725 703/1786/703
f 720/1781/720 721/1782/721 708/1783/708
f 721/1778/721 709/1779/709 708/1780/708
f 718/1775/718 713/1776/713 712/1777/712
f 712/1772/712 717/1773/717 718/1774/718
f 725/1769/725 726/1770/726 717/1771/717
f 725/1766/725 702/1767/702 703/1768/703
f 726/1763/726 718/1764/718 717/1765/717
f 721/1760/721 720/1761/720 713/1762/713
f 732/1757/732 1025/2737/1025 1026/2738/1026
f 1130/2938/1130 944/2589/944 943/2588/943
f 988/2669/988 979/2670/979 803/2344/803
f 1015/2720/1015 791/2259/791 790/2260/790
f 691/1757/691 1095/2864/1095 1096/2865/1096
f 1142/2944/1142 639/1665/639 638/1664/638
f 638/1664/638 1141/2943/1141 1142/2944/1142
f 694/1754/694 683/1755/683 682/1756/682
f 694/1751/694 697/1752/697 687/1753/687
f 681/1748/681 682/1749/682 683/1750/683
f 683/1745/683 692/1746/692 681/1747/681
f 692/1742/692 710/1743/710 706/1744/706
f 697/1739/697 691/1740/691 687/1741/687
f 697/1736/697 694/1737/694 682/1738/682
f 706/1733/706 681/1734/681 692/1735/692
f 722/1730/722 706/1731/706 710/1732/710
f 675/1727/675 703/1728/703 702/1729/702
f 702/1724/702 676/1725/676 675/1726/675
f 981/2654/981 808/2282/808 804/2283/804
f 980/2653/980 981/2654/981 804/2283/804
f 731/1723/731 1023/2733/1023 1024/2734/1024
f 1014/2719/1014 791/2259/791 1015/2720/1015
f 707/1718/707 680/1719/680 681/1720/681
f 722/1715/722 719/1716/719 706/1717/706
f 1143/2946/1143 640/1674/640 639/1673/639
f 639/1673/639 1142/2945/1142 1143/2946/1143
f 492/435/492 494/437/494 490/432/490
f 490/432/490 488/435/488 492/435/492
f 488/425/488 489/424/489 493/436/493
f 493/436/493 492/435/492 488/425/488
f 509/439/509 508/442/508 510/440/510
f 509/439/509 510/440/510 511/441/511
f 446/207/446 447/208/447 418/209/418
f 447/81/447 417/82/417 418/83/418
f 517/439/517 516/442/516 518/440/518
f 517/439/517 518/440/518 519/441/519
f 471/401/471 468/37/468 455/402/455
f 456/419/456 421/33/421 422/420/422
f 487/120/487 482/121/482 481/122/481
f 481/123/481 486/124/486 487/125/487
f 496/108/496 501/109/501 500/110/500
f 500/111/500 497/112/497 496/113/496
f 414/60/414 415/61/415 413/62/413
f 413/63/413 412/64/412 414/65/414
f 451/332/451 414/333/414 412/11/412
f 412/329/412 452/330/452 451/331/451
f 471/279/471 455/280/455 459/281/459
f 455/403/455 422/17/422 436/404/436
f 441/162/441 438/163/438 423/164/423
f 441/165/441 432/166/432 428/167/428
f 436/405/436 459/406/459 455/18/455
f 424/192/424 436/193/436 422/194/422
f 422/195/422 423/196/423 424/197/424
f 438/237/438 441/238/441 428/239/428
f 438/243/438 424/244/424 423/245/423
f 443/249/443 433/250/433 408/251/408
f 443/210/443 446/211/446 411/212/411
f 432/135/432 408/136/408 433/137/433
f 433/132/433 428/133/428 432/134/432
f 446/102/446 443/103/443 408/104/408
f 502/132/502 498/133/498 501/134/501
f 501/135/501 496/136/496 502/137/502
f 470/291/470 469/292/469 462/293/462
f 475/315/475 467/316/467 466/317/466
f 474/353/474 451/354/451 452/12/452
f 474/351/474 475/45/475 466/352/466
f 461/374/461 466/375/466 467/3/467
f 467/371/467 462/372/462 461/373/461
f 470/294/470 458/295/458 457/296/457
f 469/393/469 470/39/470 457/394/457
f 475/261/475 474/262/474 452/263/452
f 469/395/469 461/396/461 462/27/462
f 447/78/447 446/79/446 409/80/409
f 408/108/408 432/109/432 431/110/431
f 431/111/431 409/112/409 408/113/408
f 441/228/441 442/229/442 432/230/432
f 442/141/442 431/142/431 432/143/432
f 446/213/446 408/214/408 409/215/409
f 468/270/468 456/271/456 455/272/455
f 442/138/442 441/139/441 427/140/427
f 472/385/472 471/40/471 459/386/459
f 471/285/471 472/286/472 464/287/464
f 421/171/421 427/172/427 423/173/423
f 423/168/423 422/169/422 421/170/421
f 441/234/441 423/235/423 427/236/427
f 422/32/422 455/19/455 456/20/456
f 546/1386/546 59/375/59 547/1387/547
f 547/1387/547 59/375/59 60/3/60
f 594/1472/594 557/1405/557 593/1471/593
f 576/1436/576 55/372/55 54/373/54
f 557/1405/557 90/112/90 558/1406/558
f 558/1406/558 90/112/90 89/113/89
f 558/1407/558 559/1408/559 593/1470/593
f 583/1450/583 94/109/94 93/110/93
f 559/1409/559 89/136/89 560/1410/560
f 560/1410/560 89/136/89 95/137/95
f 560/1411/560 561/1412/561 591/1466/591
f 585/1454/585 91/133/91 94/134/94
f 593/1470/593 559/1408/559 592/1469/592
f 592/1468/592 559/1409/559 591/1467/591
f 591/1466/591 561/1412/561 590/1465/590
f 575/1435/575 576/1436/576 54/373/54
f 584/1453/584 585/1454/585 94/134/94
f 593/1471/593 557/1405/557 558/1406/558
f 591/1467/591 559/1409/559 560/1410/560
f 582/1449/582 583/1450/583 93/110/93
f 606/1495/606 575/1434/575 574/1433/574
f 574/1433/574 605/1494/605 606/1495/606
f 576/1436/576 575/1435/575 607/1497/607
f 606/1496/606 607/1497/607 575/1435/575
f 613/1508/613 582/1448/582 581/1447/581
f 581/1447/581 612/1507/612 613/1508/613
f 583/1450/583 582/1449/582 614/1510/614
f 613/1509/613 614/1510/614 582/1449/582
f 615/1512/615 584/1452/584 583/1451/583
f 583/1451/583 614/1511/614 615/1512/615
f 585/1454/585 584/1453/584 616/1514/616
f 615/1513/615 616/1514/616 584/1453/584
f 590/1465/590 622/1525/622 591/1466/591
f 622/1525/622 590/1465/590 621/1524/621
f 591/1467/591 623/1527/623 592/1468/592
f 623/1527/623 591/1467/591 622/1526/622
f 592/1469/592 624/1529/624 593/1470/593
f 624/1529/624 592/1469/592 623/1528/623
f 593/1471/593 625/1531/625 594/1472/594
f 625/1531/625 593/1471/593 624/1530/624
f 976/2644/976 759/2048/759 760/2049/760
f 975/2643/975 976/2644/976 760/2049/760
f 738/1711/738 739/1713/739 740/1714/740
f 738/1711/738 737/1712/737 739/1713/739
f 666/1656/666 668/1657/668 664/1658/664
f 664/1658/664 662/1656/662 666/1656/666
f 662/1659/662 663/1546/663 667/1545/667
f 667/1545/667 666/1656/666 662/1659/662
f 1147/2954/1147 1142/2944/1142 1141/2943/1141
f 1141/2943/1141 1146/2953/1146 1147/2954/1147
f 1148/2956/1148 1143/2946/1143 1142/2945/1142
f 1142/2945/1142 1147/2955/1147 1148/2956/1148
f 655/1660/655 652/1661/652 642/1662/642
f 643/1663/643 638/1664/638 639/1665/639
f 661/1666/661 1130/2938/1130 1139/2937/1139
f 1152/2964/1152 675/1726/675 676/1725/676
f 675/1726/675 1152/2964/1152 1151/2963/1151
f 672/1562/672 1033/2751/1033 1034/2752/1034
f 1157/2974/1157 1151/2963/1151 1152/2964/1152
f 1151/2963/1151 1157/2974/1157 1156/2973/1156
f 1166/2992/1166 975/2642/975 974/2641/974
f 974/2641/974 1165/2991/1165 1166/2992/1166
f 655/1669/655 642/1670/642 646/1671/646
f 642/1672/642 639/1673/639 640/1674/640
f 976/2644/976 975/2643/975 1167/2994/1167
f 1166/2993/1166 1167/2994/1167 975/2643/975
f 640/1675/640 646/1676/646 642/1677/642
f 639/1708/639 642/1709/642 643/1710/643
f 655/1705/655 656/1706/656 651/1707/651
f 656/1702/656 655/1703/655 646/1704/646
f 652/1699/652 643/1700/643 642/1701/642
f 653/1696/653 648/1697/648 649/1698/649
f 653/1693/653 654/1694/654 644/1695/644
f 654/1690/654 645/1691/645 644/1692/644
f 648/1687/648 1123/2909/1123 1122/2908/1122
f 654/1684/654 653/1685/653 649/1686/649
f 673/1678/673 1035/2755/1035 1036/2756/1036
g fff0af14_00159_004c577e_e1
f 87/437/87 88/438/88 84/438/84
f 84/438/84 83/437/83 87/437/87
f 98/424/98 100/431/100 99/432/99
f 98/424/98 99/432/99 97/425/97
f 106/424/106 108/431/108 107/432/107
f 106/424/106 107/432/107 105/425/105
f 72/114/72 76/115/76 75/116/75
f 75/117/75 80/118/80 72/119/72
f 33/144/33 35/145/35 19/146/19
f 33/147/33 23/148/23 24/149/24
f 9/54/9 10/55/10 8/56/8
f 8/57/8 7/58/7 9/59/9
f 61/397/61 62/38/62 49/398/49
f 61/399/61 53/400/53 54/26/54
f 20/174/20 14/175/14 13/176/13
f 62/288/62 50/289/50 49/290/49
f 66/357/66 43/358/43 44/10/44
f 66/355/66 67/44/67 58/356/58
f 67/267/67 66/268/66 44/269/44
f 35/231/35 20/232/20 19/233/19
f 38/84/38 40/85/40 28/86/28
f 38/87/38 8/88/8 10/89/10
f 67/258/67 59/259/59 58/260/58
f 50/415/50 13/34/13 14/416/14
f 14/417/14 49/418/49 50/21/50
f 62/273/62 61/274/61 54/275/54
f 7/334/7 44/335/44 43/336/43
f 13/177/13 19/178/19 20/179/20
f 40/204/40 2/205/2 28/206/28
f 40/201/40 38/202/38 10/203/10
f 2/114/2 24/115/24 23/116/23
f 23/117/23 28/118/28 2/119/2
f 53/379/53 572/1429/572 573/1430/573
f 59/376/59 546/1385/546 545/1384/545
f 43/337/43 9/338/9 7/9/7
f 35/216/35 33/217/33 24/218/24
f 199/879/199 200/880/200 196/880/196
f 196/880/196 195/879/195 199/879/199
f 210/866/210 212/873/212 211/874/211
f 210/866/210 211/874/211 209/867/209
f 218/866/218 220/873/220 219/874/219
f 218/866/218 219/874/219 217/867/217
f 184/556/184 188/557/188 187/558/187
f 187/559/187 192/560/192 184/561/184
f 145/586/145 147/587/147 131/588/131
f 145/589/145 135/590/135 136/591/136
f 121/496/121 122/497/122 120/498/120
f 120/499/120 119/500/119 121/501/121
f 173/839/173 174/480/174 161/840/161
f 173/841/173 165/842/165 166/468/166
f 132/616/132 126/617/126 125/618/125
f 174/730/174 162/731/162 161/732/161
f 178/799/178 155/800/155 156/452/156
f 178/797/178 179/486/179 170/798/170
f 179/709/179 178/710/178 156/711/156
f 147/673/147 132/674/132 131/675/131
f 150/526/150 152/527/152 140/528/140
f 150/529/150 120/530/120 122/531/122
f 179/700/179 171/701/171 170/702/170
f 162/857/162 125/476/125 126/858/126
f 126/859/126 161/860/161 162/463/162
f 174/715/174 173/716/173 166/717/166
f 119/776/119 156/777/156 155/778/155
f 125/619/125 131/620/131 132/621/132
f 152/646/152 114/647/114 140/648/140
f 152/643/152 150/644/150 122/645/122
f 114/556/114 136/557/136 135/558/135
f 135/559/135 140/560/140 114/561/114
f 165/821/165 170/822/170 171/444/171
f 171/818/171 166/819/166 165/820/165
f 155/779/155 121/780/121 119/451/119
f 147/658/147 145/659/145 136/660/136
f 311/1321/311 312/1322/312 308/1322/308
f 308/1322/308 307/1321/307 311/1321/311
f 322/1308/322 324/1315/324 323/1316/323
f 322/1308/322 323/1316/323 321/1309/321
f 330/1308/330 332/1315/332 331/1316/331
f 330/1308/330 331/1316/331 329/1309/329
f 296/998/296 300/999/300 299/1000/299
f 299/1001/299 304/1002/304 296/1003/296
f 257/1028/257 259/1029/259 243/1030/243
f 257/1031/257 247/1032/247 248/1033/248
f 233/938/233 234/939/234 232/940/232
f 232/941/232 231/942/231 233/943/233
f 285/1281/285 286/922/286 273/1282/273
f 285/1283/285 277/1284/277 278/910/278
f 244/1058/244 238/1059/238 237/1060/237
f 286/1172/286 274/1173/274 273/1174/273
f 290/1241/290 267/1242/267 268/894/268
f 290/1239/290 291/928/291 282/1240/282
f 291/1151/291 290/1152/290 268/1153/268
f 259/1115/259 244/1116/244 243/1117/243
f 262/968/262 264/969/264 252/970/252
f 262/971/262 232/972/232 234/973/234
f 291/1142/291 283/1143/283 282/1144/282
f 274/1299/274 237/918/237 238/1300/238
f 238/1301/238 273/1302/273 274/905/274
f 286/1157/286 285/1158/285 278/1159/278
f 231/1218/231 268/1219/268 267/1220/267
f 237/1061/237 243/1062/243 244/1063/244
f 264/1088/264 226/1089/226 252/1090/252
f 264/1085/264 262/1086/262 234/1087/234
f 226/998/226 248/999/248 247/1000/247
f 247/1001/247 252/1002/252 226/1003/226
f 277/1263/277 282/1264/282 283/886/283
f 283/1260/283 278/1261/278 277/1262/277
f 267/1221/267 233/1222/233 231/893/231
f 259/1100/259 257/1101/257 248/1102/248
f 363/1360/363 364/1337/364 360/1337/360
f 360/1337/360 359/1360/359 363/1360/363
f 1131/2920/1131 661/1549/661 658/1550/658
f 901/2425/901 997/2686/997 996/2685/996
f 908/2224/908 907/2349/907 911/2349/911
f 911/2349/911 912/2224/912 908/2224/908
f 348/1344/348 352/1345/352 351/1346/351
f 351/1341/351 356/1342/356 348/1343/348
f 893/2358/893 894/2360/894 892/2361/892
f 893/2358/893 895/2359/895 894/2360/894
f 878/2428/878 883/2429/883 875/2430/875
f 875/2425/875 879/2426/879 878/2427/878
f 887/2224/887 886/2349/886 890/2349/890
f 890/2349/890 891/2224/891 887/2224/887
f 944/2590/944 1130/2919/1130 945/2591/945
f 817/2422/817 798/2423/798 796/2424/796
f 833/2419/833 828/2420/828 827/2421/827
f 827/2416/827 832/2417/832 833/2418/833
f 1074/2832/1074 770/2089/770 771/2090/771
f 791/2150/791 1014/2718/1014 1013/2717/1013
f 814/2413/814 812/2414/812 799/2415/799
f 814/2410/814 791/2411/791 807/2412/807
f 802/2409/802 985/2663/985 986/2664/986
f 796/2406/796 818/2407/818 817/2408/817
f 836/2403/836 835/2404/835 828/2405/828
f 803/2400/803 823/2401/823 824/2402/824
f 824/2397/824 802/2398/802 803/2399/803
f 841/2394/841 833/2395/833 832/2396/832
f 812/2391/812 797/2392/797 799/2393/799
f 812/2388/812 814/2389/814 807/2390/807
f 1057/2798/1057 1075/2834/1075 1058/2799/1058
f 841/2385/841 840/2386/840 818/2387/818
f 840/2382/840 841/2383/841 832/2384/832
f 840/2379/840 817/2380/817 818/2381/818
f 836/2376/836 824/2377/824 823/2378/823
f 1123/2910/1123 648/1839/648 647/1840/647
f 835/2371/835 827/2372/827 828/2373/828
f 835/2368/835 836/2369/836 823/2370/823
f 797/2365/797 796/2366/796 798/2367/798
f 798/2362/798 799/2363/799 797/2364/797
f 1048/2780/1048 1049/2781/1049 1124/2911/1124
f 1076/2836/1076 1059/2801/1059 1058/2800/1058
f 854/2358/854 855/2360/855 853/2361/853
f 854/2358/854 856/2359/856 855/2360/855
f 1073/2830/1073 1077/2837/1077 1074/2831/1074
f 1103/2879/1103 690/1588/690 689/1589/689
f 924/2557/924 925/2558/925 1102/2878/1102
f 765/2092/765 761/2093/761 760/2094/760
f 771/2091/771 1073/2830/1073 1074/2831/1074
f 1065/2833/1065 770/2089/770 1074/2832/1074
f 1013/2716/1013 807/2148/807 791/2149/791
f 1065/2833/1065 1074/2832/1074 1076/2835/1076
f 1075/2834/1075 1076/2835/1076 1058/2799/1058
f 1065/2833/1065 1076/2835/1076 1075/2834/1075
f 1077/2837/1077 1059/2801/1059 1076/2836/1076
f 760/2086/760 766/2087/766 765/2088/765
f 1077/2837/1077 1076/2836/1076 1074/2831/1074
f 1101/2876/1101 923/2555/923 1102/2877/1102
f 1102/2877/1102 923/2555/923 924/2556/924
f 774/2083/774 771/2084/771 770/2085/770
f 1102/2878/1102 925/2558/925 1103/2879/1103
f 1102/2878/1102 1103/2879/1103 689/1589/689
f 1124/2911/1124 1123/2910/1123 647/1840/647
f 774/2080/774 773/2081/773 766/2082/766
f 773/2077/773 774/2078/774 770/2079/770
f 773/2074/773 765/2075/765 766/2076/766
f 1124/2911/1124 1049/2781/1049 1123/2910/1123
f 1124/2912/1124 1125/2913/1125 1048/2779/1048
f 1125/2913/1125 1047/2778/1047 1048/2779/1048
f 1130/2919/1130 1131/2920/1131 945/2591/945
f 1130/2919/1130 661/1549/661 1131/2920/1131
f 761/2071/761 972/2637/972 973/2638/973
f 1131/2921/1131 1132/2922/1132 945/2592/945
f 1132/2922/1132 946/2593/946 945/2592/945
f 1141/2940/1141 638/1831/638 637/1830/637
f 637/1830/637 1140/2939/1140 1141/2940/1141
f 779/2009/779 780/2041/780 778/2042/778
f 779/2009/779 781/2010/781 780/2041/780
f 1146/2950/1146 1141/2940/1141 1140/2939/1140
f 1140/2939/1140 1145/2949/1145 1146/2950/1146
f 698/1896/698 696/1897/696 690/1898/690
f 701/1893/701 677/1894/677 676/1895/676
f 717/1890/717 712/1891/712 711/1892/711
f 711/1887/711 716/1888/716 717/1889/717
f 689/1587/689 1101/2876/1101 1102/2877/1102
f 1153/2966/1153 676/1895/676 677/1894/677
f 1012/2715/1012 807/2148/807 1013/2716/1013
f 676/1895/676 1153/2966/1153 1152/2965/1152
f 679/1884/679 685/1885/685 686/1886/686
f 676/1881/676 702/1882/702 701/1883/701
f 720/1878/720 719/1879/719 712/1880/712
f 680/1875/680 707/1876/707 708/1877/708
f 708/1872/708 679/1873/679 680/1874/680
f 725/1869/725 717/1870/717 716/1871/716
f 1158/2976/1158 1152/2965/1152 1153/2966/1153
f 996/2684/996 904/2429/904 901/2430/901
f 725/1866/725 724/1867/724 702/1868/702
f 724/1863/724 725/1864/725 716/1865/716
f 724/1860/724 701/1861/701 702/1862/702
f 720/1857/720 708/1858/708 707/1859/707
f 686/1854/686 680/1855/680 679/1856/679
f 719/1851/719 711/1852/711 712/1853/712
f 719/1848/719 720/1849/720 707/1850/707
f 995/2683/995 904/2429/904 996/2684/996
f 987/2666/987 803/2374/803 802/2375/802
f 696/1845/696 689/1846/689 690/1847/690
f 986/2665/986 987/2666/987 802/2375/802
f 1152/2965/1152 1158/2976/1158 1157/2975/1157
f 734/1841/734 735/1843/735 733/1844/733
f 734/1841/734 736/1842/736 735/1843/735
f 494/437/494 495/438/495 491/438/491
f 491/438/491 490/437/490 494/437/494
f 505/424/505 507/431/507 506/432/506
f 505/424/505 506/432/506 504/425/504
f 513/424/513 515/431/515 514/432/514
f 513/424/513 514/432/514 512/425/512
f 479/114/479 483/115/483 482/116/482
f 482/117/482 487/118/487 479/119/479
f 440/144/440 442/145/442 426/146/426
f 440/147/440 430/148/430 431/149/431
f 416/54/416 417/55/417 415/56/415
f 415/57/415 414/58/414 416/59/416
f 468/397/468 469/38/469 456/398/456
f 468/399/468 460/400/460 461/26/461
f 427/174/427 421/175/421 420/176/420
f 469/288/469 457/289/457 456/290/456
f 473/357/473 450/358/450 451/10/451
f 473/355/473 474/44/474 465/356/465
f 474/267/474 473/268/473 451/269/451
f 442/231/442 427/232/427 426/233/426
f 445/84/445 447/85/447 435/86/435
f 445/87/445 415/88/415 417/89/417
f 474/258/474 466/259/466 465/260/465
f 457/415/457 420/34/420 421/416/421
f 421/417/421 456/418/456 457/21/457
f 469/273/469 468/274/468 461/275/461
f 414/334/414 451/335/451 450/336/450
f 420/177/420 426/178/426 427/179/427
f 447/204/447 409/205/409 435/206/435
f 447/201/447 445/202/445 417/203/417
f 409/114/409 431/115/431 430/116/430
f 430/117/430 435/118/435 409/119/409
f 460/379/460 465/380/465 466/2/466
f 466/376/466 461/377/461 460/378/460
f 450/337/450 416/338/416 414/9/414
f 442/216/442 440/217/440 431/218/431
f 544/1382/544 58/380/58 545/1383/545
f 545/1383/545 58/380/58 59/2/59
f 573/1431/573 574/1432/574 53/378/53
f 574/1432/574 54/377/54 53/378/53
f 604/1491/604 573/1430/573 572/1429/572
f 572/1429/572 603/1490/603 604/1491/604
f 574/1432/574 573/1431/573 605/1493/605
f 604/1492/604 605/1493/605 573/1431/573
f 1164/2988/1164 973/2638/973 972/2637/972
f 972/2637/972 1163/2987/1163 1164/2988/1164
f 668/1657/668 669/1544/669 665/1544/665
f 665/1544/665 664/1657/664 668/1657/668
f 974/2640/974 973/2639/973 1165/2990/1165
f 1164/2989/1164 1165/2990/1165 973/2639/973
f 658/1551/658 1132/2922/1132 1131/2921/1131
f 974/2640/974 760/2072/760 761/2073/761
f 973/2639/973 974/2640/974 761/2073/761
f 647/1838/647 1125/2913/1125 1124/2912/1124
f 653/1835/653 652/1836/652 648/1837/648
f 638/1832/638 643/1833/643 644/1834/644
f 652/1820/652 653/1821/653 643/1822/643
f 652/1823/652 647/1824/647 648/1825/648
f 644/1829/644 637/1830/637 638/1831/638
f 653/1826/653 644/1827/644 643/1828/643
g fff0af14_00159_004c577e_e3
f 541/1377/541 540/1376/540 373/432/373
f 368/424/368 632/1539/632 627/1534/627
f 373/432/373 374/434/374 367/425/367
f 373/432/373 378/433/378 374/434/374
f 369/421/369 370/422/370 371/423/371
f 369/421/369 368/424/368 370/422/370
f 598/1479/598 564/1417/564 597/1478/597
f 365/426/365 366/427/366 372/428/372
f 370/422/370 366/427/366 365/426/365
f 370/422/370 629/1536/629 366/427/366
f 368/424/368 375/429/375 376/431/376
f 375/429/375 377/430/377 376/431/376
f 382/866/382 390/873/390 387/874/387
f 382/866/382 387/874/387 381/867/381
f 403/1313/403 405/1314/405 404/1315/404
f 396/1308/396 403/1313/403 404/1315/404
f 383/863/383 384/864/384 385/865/385
f 383/863/383 382/866/382 384/864/384
f 382/866/382 381/867/381 384/864/384
f 398/1306/398 395/1309/395 394/1311/394
f 384/864/384 380/869/380 379/868/379
f 384/864/384 381/867/381 380/869/380
f 382/866/382 389/871/389 390/873/390
f 389/871/389 391/872/391 390/873/390
f 396/1308/396 404/1315/404 401/1316/401
f 396/1308/396 401/1316/401 395/1309/395
f 401/1316/401 402/1318/402 395/1309/395
f 401/1316/401 406/1317/406 402/1318/402
f 397/1305/397 398/1306/398 399/1307/399
f 397/1305/397 396/1308/396 398/1306/398
f 396/1308/396 395/1309/395 398/1306/398
f 393/1310/393 394/1311/394 400/1312/400
f 398/1306/398 394/1311/394 393/1310/393
f 528/424/528 536/431/536 533/432/533
f 528/424/528 533/432/533 527/425/527
f 533/432/533 534/434/534 527/425/527
f 533/432/533 538/433/538 534/434/534
f 529/421/529 530/422/530 531/423/531
f 529/421/529 528/424/528 530/422/530
f 528/424/528 527/425/527 530/422/530
f 525/426/525 526/427/526 532/428/532
f 530/422/530 526/427/526 525/426/525
f 530/422/530 527/425/527 526/427/526
f 528/424/528 535/429/535 536/431/536
f 535/429/535 537/430/537 536/431/536
f 565/1418/565 376/431/376 564/1417/564
f 368/424/368 376/431/376 565/1418/565
f 541/1377/541 373/432/373 367/425/367
f 370/422/370 627/1534/627 629/1536/629
f 368/424/368 566/1419/566 567/1420/567
f 368/424/368 627/1534/627 370/422/370
f 630/1537/630 636/1543/636 366/427/366
f 636/1543/636 553/1459/553 366/427/366
f 629/1536/629 596/1477/596 630/1537/630
f 564/1417/564 598/1479/598 565/1418/565
f 553/1459/553 367/425/367 366/427/366
f 368/424/368 628/1535/628 632/1539/632
f 629/1536/629 630/1537/630 366/427/366
f 953/2607/953 941/2585/941 952/2606/952
f 1016/2723/1016 1040/2763/1040 787/2041/787
f 753/1899/753 755/1900/755 754/1842/754
f 747/1841/747 753/1899/753 754/1842/754
f 941/2585/941 744/1547/744 952/2606/952
f 1179/3008/1179 1043/2772/1043 1178/3007/1178
f 1178/3007/1178 1043/2772/1043 1127/2916/1127
f 866/2358/866 871/2359/871 1171/3000/1171
f 1016/2723/1016 965/2627/965 1040/2763/1040
f 952/2606/952 744/1547/744 1112/2891/1112
f 742/1546/742 743/1902/743 744/1547/744
f 743/1902/743 745/1903/745 744/1547/744
f 747/1841/747 754/1842/754 1106/2885/1106
f 1182/3011/1182 864/2431/864 863/2432/863
f 751/1843/751 752/1904/752 746/1844/746
f 751/1843/751 756/1905/756 752/1904/752
f 748/1906/748 749/1901/749 750/1907/750
f 748/1906/748 747/1841/747 749/1901/749
f 1002/2699/1002 1003/2700/1003 863/2432/863
f 1044/2773/1044 956/2610/956 1114/2893/1114
f 749/1901/749 1094/2863/1094 1093/2862/1093
f 786/2042/786 1087/2856/1087 787/2041/787
f 1087/2856/1087 1085/2854/1085 787/2041/787
f 1089/2858/1089 1194/3023/1194 1018/2725/1018
f 929/2565/929 1029/2744/1029 1090/2859/1090
f 1086/2855/1086 1016/2723/1016 1085/2854/1085
f 954/2608/954 1113/2892/1113 956/2610/956
f 965/2627/965 1016/2723/1016 967/2629/967
f 929/2565/929 1019/2726/1019 1029/2744/1029
f 1193/3022/1193 1192/3021/1192 929/2565/929
f 865/2361/865 1176/3005/1176 868/2360/868
f 1175/3004/1175 1176/3005/1176 865/2361/865
f 742/1546/742 744/1547/744 941/2585/941
f 1126/2915/1126 1183/3012/1183 868/2360/868
f 966/2628/966 1085/2854/1085 1087/2856/1087
f 952/2606/952 1113/2892/1113 954/2608/954
f 1174/3003/1174 865/2361/865 864/2431/864
f 866/2358/866 870/2433/870 871/2359/871
f 870/2433/870 872/2434/872 871/2359/871
f 1029/2744/1029 754/1842/754 1194/3023/1194
f 939/2583/939 1090/2859/1090 1194/3023/1194
f 1088/2857/1088 1019/2726/1019 1192/3021/1192
f 928/2564/928 1088/2857/1088 1192/3021/1192
f 1191/3020/1191 1107/2886/1107 1088/2857/1088
f 1089/2858/1089 1018/2725/1018 1190/3019/1190
f 1017/2724/1017 1109/2888/1109 1189/3018/1189
f 1187/3016/1187 1188/3017/1188 1186/3015/1186
f 1187/3016/1187 1111/2890/1111 1188/3017/1188
f 1188/3017/1188 751/1843/751 746/1844/746
f 1186/3015/1186 1188/3017/1188 746/1844/746
f 866/2358/866 1171/3000/1171 1170/2999/1170
f 1171/3000/1171 1043/2772/1043 1170/2999/1170
f 1182/3011/1182 1180/3009/1180 1181/3010/1181
f 1184/3013/1184 1126/2915/1126 868/2360/868
f 1126/2915/1126 1177/3006/1177 1183/3012/1183
f 1173/3002/1173 1174/3003/1174 864/2431/864
f 1185/3014/1185 1126/2915/1126 1184/3013/1184
f 956/2610/956 1112/2891/1112 1114/2893/1114
f 952/2606/952 1112/2891/1112 1113/2892/1113
f 1113/2892/1113 1112/2891/1112 956/2610/956
f 1044/2773/1044 1114/2893/1114 1039/2762/1039
f 938/2582/938 1109/2888/1109 1111/2890/1111
f 940/2584/940 938/2582/938 1187/3016/1187
f 1017/2724/1017 1018/2725/1018 1109/2888/1109
f 927/2563/927 1108/2887/1108 1107/2886/1107
f 747/1841/747 1107/2886/1107 1108/2887/1108
f 1107/2886/1107 1106/2885/1106 1088/2857/1088
f 747/1841/747 1106/2885/1106 1107/2886/1107
f 1106/2885/1106 1019/2726/1019 1088/2857/1088
f 1106/2885/1106 754/1842/754 1019/2726/1019
f 927/2563/927 1094/2863/1094 1108/2887/1108
f 749/1901/749 747/1841/747 1094/2863/1094
f 1094/2863/1094 914/2540/914 913/2539/913
f 1093/2862/1093 1094/2863/1094 913/2539/913
f 1090/2859/1090 1029/2744/1029 1194/3023/1194
f 1190/3019/1190 1018/2725/1018 1017/2724/1017
f 1105/2884/1105 1191/3020/1191 1088/2857/1088
f 1195/3024/1195 1194/3023/1194 1089/2858/1089
f 1175/3004/1175 1185/3014/1185 1184/3013/1184
f 1176/3005/1176 1184/3013/1184 868/2360/868
f 1175/3004/1175 1184/3013/1184 1176/3005/1176
f 1177/3006/1177 1127/2916/1127 1183/3012/1183
f 1003/2700/1003 1180/3009/1180 1182/3011/1182
f 1003/2700/1003 1182/3011/1182 863/2432/863
f 1182/3011/1182 1181/3010/1181 1173/3002/1173
f 1180/3009/1180 1128/2917/1128 1181/3010/1181
f 1171/3000/1171 871/2359/871 1043/2772/1043
f 938/2582/938 1111/2890/1111 1187/3016/1187
f 866/2358/866 1170/2999/1170 999/2691/999
f 1019/2726/1019 754/1842/754 1029/2744/1029
f 955/2609/955 952/2606/952 954/2608/954
f 1085/2854/1085 1016/2723/1016 787/2041/787
f 1110/2889/1110 1186/3015/1186 746/1844/746
f 1189/3018/1189 1109/2888/1109 938/2582/938
f 1188/3017/1188 1111/2890/1111 751/1843/751
f 927/2563/927 1107/2886/1107 1191/3020/1191
f 1192/3021/1192 1019/2726/1019 929/2565/929
f 1094/2863/1094 927/2563/927 914/2540/914
f 747/1841/747 1108/2887/1108 1094/2863/1094
f 1194/3023/1194 754/1842/754 1018/2725/1018
f 1087/2856/1087 786/2042/786 968/2630/968
f 1182/3011/1182 1173/3002/1173 864/2431/864
g fff0af14_00159_004c577e_e6
f 78/132/78 73/133/73 77/134/77
f 77/135/77 71/136/71 78/137/78
f 96/126/96 555/1400/555 554/1399/554
f 91/129/91 585/1455/585 586/1456/586
f 86/436/86 87/437/87 85/435/85
f 86/436/86 88/438/88 87/437/87
f 37/90/37 38/91/38 27/92/27
f 37/93/37 6/94/6 8/95/8
f 28/120/28 23/121/23 22/122/22
f 22/123/22 27/124/27 28/125/28
f 32/150/32 33/151/33 18/152/18
f 32/153/32 22/154/22 23/155/23
f 19/180/19 13/181/13 30/182/30
f 30/183/30 18/184/18 19/185/19
f 13/413/13 50/414/50 51/22/51
f 51/411/51 30/35/30 13/412/13
f 38/198/38 28/199/28 27/200/27
f 33/219/33 19/220/19 18/221/18
f 33/222/33 32/223/32 23/224/23
f 38/252/38 37/253/37 8/254/8
f 66/264/66 58/265/58 41/266/41
f 65/387/65 56/388/56 57/29/57
f 69/306/69 70/307/70 46/308/46
f 69/300/69 41/301/41 42/302/42
f 12/318/12 47/319/47 46/320/46
f 70/343/70 69/46/69 42/344/42
f 56/364/56 568/1421/568 569/1422/569
f 41/361/41 542/1397/542 551/1396/551
f 57/384/57 570/1425/570 571/1426/571
f 58/381/58 544/1381/544 543/1380/543
f 3/72/3 4/73/4 11/74/11
f 11/75/11 12/76/12 3/77/3
f 46/321/46 3/322/3 12/323/12
f 69/359/69 66/43/66 41/360/41
f 66/303/66 69/304/69 43/305/43
f 69/345/69 46/346/46 47/15/47
f 69/42/69 47/6/47 43/8/43
f 10/51/10 9/52/9 12/53/12
f 12/48/12 11/49/11 10/50/10
f 61/276/61 64/277/64 53/278/53
f 9/339/9 43/340/43 47/341/47
f 47/342/47 12/5/12 9/7/9
f 64/36/64 57/24/57 53/25/53
f 98/98/98 101/102/101 102/101/102
f 101/101/101 98/97/98 97/98/97
f 106/98/106 109/102/109 110/101/110
f 109/101/109 106/97/106 105/98/105
f 190/574/190 185/575/185 189/576/189
f 189/577/189 183/578/183 190/579/190
f 208/568/208 204/569/204 203/570/203
f 203/571/203 207/572/207 208/573/208
f 198/878/198 199/879/199 197/877/197
f 198/878/198 200/880/200 199/879/199
f 149/532/149 150/533/150 139/534/139
f 149/535/149 118/536/118 120/537/120
f 140/562/140 135/563/135 134/564/134
f 134/565/134 139/566/139 140/567/140
f 144/592/144 145/593/145 130/594/130
f 144/595/144 134/596/134 135/597/135
f 131/622/131 125/623/125 142/624/142
f 142/625/142 130/626/130 131/627/131
f 125/855/125 162/856/162 163/464/163
f 163/853/163 142/477/142 125/854/125
f 150/640/150 140/641/140 139/642/139
f 145/661/145 131/662/131 130/663/130
f 145/664/145 144/665/144 135/666/135
f 150/694/150 149/695/149 120/696/120
f 178/706/178 170/707/170 153/708/153
f 177/829/177 168/830/168 169/471/169
f 181/748/181 182/749/182 158/750/158
f 181/742/181 153/743/153 154/744/154
f 124/760/124 159/761/159 158/762/158
f 182/785/182 181/488/181 154/786/154
f 168/806/168 154/807/154 153/443/153
f 153/803/153 169/804/169 168/805/168
f 169/826/169 153/472/153 170/473/170
f 170/823/170 165/824/165 169/825/169
f 115/514/115 116/515/116 123/516/123
f 123/517/123 124/518/124 115/519/115
f 158/763/158 115/764/115 124/765/124
f 181/801/181 178/485/178 153/802/153
f 178/745/178 181/746/181 155/747/155
f 181/787/181 158/788/158 159/457/159
f 181/484/181 159/448/159 155/450/155
f 122/493/122 121/494/121 124/495/124
f 124/490/124 123/491/123 122/492/122
f 173/718/173 176/719/176 165/720/165
f 121/781/121 155/782/155 159/783/159
f 159/784/159 124/447/124 121/449/121
f 176/478/176 169/466/169 165/467/165
f 210/540/210 213/544/213 214/543/214
f 213/543/213 210/539/210 209/540/209
f 218/540/218 221/544/221 222/543/222
f 221/543/221 218/539/218 217/540/217
f 302/1016/302 297/1017/297 301/1018/301
f 301/1019/301 295/1020/295 302/1021/302
f 320/1010/320 316/1011/316 315/1012/315
f 315/1013/315 319/1014/319 320/1015/320
f 310/1320/310 311/1321/311 309/1319/309
f 310/1320/310 312/1322/312 311/1321/311
f 261/974/261 262/975/262 251/976/251
f 261/977/261 230/978/230 232/979/232
f 252/1004/252 247/1005/247 246/1006/246
f 246/1007/246 251/1008/251 252/1009/252
f 256/1034/256 257/1035/257 242/1036/242
f 256/1037/256 246/1038/246 247/1039/247
f 243/1064/243 237/1065/237 254/1066/254
f 254/1067/254 242/1068/242 243/1069/243
f 237/1297/237 274/1298/274 275/906/275
f 275/1295/275 254/919/254 237/1296/237
f 262/1082/262 252/1083/252 251/1084/251
f 257/1103/257 243/1104/243 242/1105/242
f 257/1106/257 256/1107/256 247/1108/247
f 262/1136/262 261/1137/261 232/1138/232
f 290/1148/290 282/1149/282 265/1150/265
f 289/1271/289 280/1272/280 281/913/281
f 293/1190/293 294/1191/294 270/1192/270
f 293/1184/293 265/1185/265 266/1186/266
f 236/1202/236 271/1203/271 270/1204/270
f 294/1227/294 293/930/293 266/1228/266
f 280/1248/280 266/1249/266 265/885/265
f 265/1245/265 281/1246/281 280/1247/280
f 281/1268/281 265/914/265 282/915/282
f 282/1265/282 277/1266/277 281/1267/281
f 227/956/227 228/957/228 235/958/235
f 235/959/235 236/960/236 227/961/227
f 270/1205/270 227/1206/227 236/1207/236
f 293/1243/293 290/927/290 265/1244/265
f 290/1187/290 293/1188/293 267/1189/267
f 293/1229/293 270/1230/270 271/899/271
f 293/926/293 271/890/271 267/892/267
f 234/935/234 233/936/233 236/937/236
f 236/932/236 235/933/235 234/934/234
f 285/1160/285 288/1161/288 277/1162/277
f 233/1223/233 267/1224/267 271/1225/271
f 271/1226/271 236/889/236 233/891/233
f 288/920/288 281/908/281 277/909/277
f 322/982/322 325/986/325 326/985/326
f 325/985/325 322/981/322 321/982/321
f 330/982/330 333/986/333 334/985/334
f 333/985/333 330/981/330 329/982/329
f 354/1372/354 349/1373/349 353/1374/353
f 353/1369/353 347/1370/347 354/1371/354
f 910/2225/910 912/2224/912 911/2349/911
f 910/2225/910 911/2349/911 909/2348/909
f 362/1338/362 363/1360/363 361/1359/361
f 362/1338/362 364/1337/364 363/1360/363
f 1068/2820/1068 764/2110/764 763/2111/763
f 902/2528/902 991/2674/991 990/2673/990
f 896/2155/896 893/2166/893 892/2167/892
f 893/2167/893 896/2223/896 897/2155/897
f 889/2225/889 891/2224/891 890/2349/890
f 889/2225/889 890/2349/890 888/2348/888
f 880/2531/880 874/2532/874 881/2533/881
f 881/2528/881 876/2529/876 880/2530/880
f 857/2155/857 854/2166/854 853/2167/853
f 854/2167/854 857/2223/857 858/2155/858
f 838/2525/838 831/2526/831 827/2527/827
f 821/2522/821 801/2523/801 798/2524/798
f 798/2519/798 817/2520/817 821/2521/821
f 835/2516/835 838/2517/838 827/2518/827
f 801/2513/801 800/2514/800 799/2515/799
f 799/2510/799 798/2511/798 801/2512/801
f 843/2507/843 821/2508/821 817/2509/817
f 843/2504/843 820/2505/820 821/2506/821
f 840/2501/840 843/2502/843 817/2503/817
f 843/2498/843 840/2499/840 815/2500/815
f 820/2495/820 792/2496/792 801/2497/801
f 800/2492/800 801/2493/801 792/2494/792
f 792/2489/792 793/2490/793 800/2491/800
f 832/2486/832 827/2487/827 831/2488/831
f 831/2483/831 815/2484/815 832/2485/832
f 815/2480/815 831/2481/831 830/2482/830
f 830/2477/830 816/2478/816 815/2479/815
f 844/2474/844 843/2475/843 816/2476/816
f 801/2471/801 821/2472/821 820/2473/820
f 843/2468/843 815/2469/815 816/2470/816
f 843/2465/843 844/2466/844 820/2467/820
f 839/2462/839 830/2463/830 831/2464/831
f 840/2459/840 832/2460/832 815/2461/815
f 812/2456/812 811/2457/811 797/2458/797
f 1063/2810/1063 1081/2846/1081 1064/2811/1064
f 1066/2816/1066 763/2113/763 770/2114/770
f 812/2453/812 807/2454/807 806/2455/806
f 825/2450/825 809/2451/809 802/2452/802
f 802/2447/802 824/2448/824 825/2449/825
f 809/2446/809 983/2659/983 984/2660/984
f 1055/2794/1055 1083/2850/1083 1056/2795/1056
f 1083/2850/1083 1084/2851/1084 1056/2795/1056
f 958/2612/958 1031/2746/1031 1030/2745/1030
f 1038/2761/1038 1030/2745/1030 670/1567/670
f 807/2441/807 1012/2714/1012 1011/2713/1011
f 811/2438/811 795/2439/795 797/2440/797
f 811/2435/811 812/2436/812 806/2437/806
f 1001/2698/1001 851/2169/851 852/2170/852
f 957/2611/957 958/2612/958 1030/2745/1030
f 1117/2898/1117 651/1918/651 650/1919/650
f 1135/2928/1135 657/1679/657 659/1680/659
f 782/2012/782 779/2017/779 778/2018/778
f 779/2018/779 782/2040/782 783/2012/783
f 1054/2792/1054 1045/2793/1045 1118/2899/1118
f 769/2140/769 762/2141/762 761/2142/761
f 761/2137/761 765/2138/765 769/2139/769
f 1047/2777/1047 1125/2914/1125 1115/2894/1115
f 762/2136/762 970/2633/970 971/2634/971
f 948/2598/948 1134/2927/1134 949/2599/949
f 776/2131/776 769/2132/769 765/2133/765
f 776/2128/776 768/2129/768 769/2130/769
f 773/2125/773 776/2126/776 765/2127/765
f 776/2122/776 773/2123/773 763/2124/763
f 768/2119/768 758/2120/758 762/2121/762
f 1116/2895/1116 1115/2894/1115 651/1922/651
f 758/2116/758 978/2649/978 969/2650/969
f 770/2115/770 1065/2814/1065 1066/2815/1066
f 1031/2746/1031 671/1566/671 670/1567/670
f 763/2112/763 1067/2818/1067 1068/2819/1068
f 1030/2745/1030 1031/2746/1031 670/1567/670
f 777/2107/777 776/2108/776 764/2109/764
f 762/2104/762 769/2105/769 768/2106/768
f 776/2101/776 763/2102/763 764/2103/764
f 776/2098/776 777/2099/777 768/2100/768
f 930/2566/930 931/2567/931 1020/2727/1020
f 773/2095/773 770/2096/770 763/2097/763
f 930/2566/930 1020/2727/1020 1028/2743/1028
f 1028/2742/1028 937/2580/937 930/2581/930
f 1027/2741/1027 937/2580/937 1028/2742/1028
f 1021/2728/1021 730/1607/730 729/1608/729
f 1020/2727/1020 1021/2728/1021 729/1608/729
f 1083/2849/1083 1082/2848/1082 1068/2819/1068
f 1083/2849/1083 1055/2813/1055 1082/2848/1082
f 969/2631/969 970/2632/970 758/2118/758
f 970/2632/970 762/2117/762 758/2118/758
f 957/2611/957 1030/2745/1030 1038/2761/1038
f 1038/2760/1038 964/2625/964 957/2626/957
f 931/2567/931 1021/2728/1021 1020/2727/1020
f 1028/2743/1028 1020/2727/1020 729/1608/729
f 1101/2875/1101 689/1929/689 688/1930/688
f 1069/2821/1069 1082/2847/1082 1081/2846/1081
f 1081/2846/1081 1082/2847/1082 1064/2811/1064
f 1069/2821/1069 1068/2820/1068 1082/2847/1082
f 922/2553/922 923/2554/923 1100/2874/1100
f 1010/2711/1010 806/2442/806 1011/2712/1011
f 1069/2821/1069 764/2110/764 1068/2820/1068
f 1041/2765/1041 851/2169/851 1001/2764/1001
f 847/2168/847 1041/2765/1041 1001/2695/1001
f 737/1591/737 734/1604/734 733/1605/733
f 734/1605/734 737/1655/737 738/1591/738
f 722/2004/722 715/2005/715 711/2006/711
f 705/2001/705 678/2002/678 677/2003/677
f 677/1998/677 701/1999/701 705/2000/705
f 719/1995/719 722/1996/722 711/1997/711
f 1001/2694/1001 848/2172/848 847/2173/847
f 1037/2759/1037 964/2625/964 1038/2760/1038
f 727/1992/727 705/1993/705 701/1994/701
f 727/1989/727 704/1990/704 705/1991/705
f 724/1986/724 727/1987/727 701/1988/701
f 727/1983/727 724/1984/724 699/1985/699
f 704/1980/704 674/1981/674 678/1982/678
f 1011/2712/1011 806/2442/806 807/2443/807
f 1082/2848/1082 1055/2813/1055 1064/2812/1064
f 716/1977/716 711/1978/711 715/1979/715
f 715/1974/715 699/1975/699 716/1976/716
f 699/1971/699 715/1972/715 714/1973/714
f 714/1968/714 700/1969/700 699/1970/699
f 728/1965/728 727/1966/727 700/1967/700
f 678/1962/678 705/1963/705 704/1964/704
f 727/1959/727 699/1960/699 700/1961/700
f 727/1956/727 728/1957/728 704/1958/704
f 723/1953/723 714/1954/714 715/1955/715
f 724/1950/724 716/1951/716 699/1952/699
f 990/2672/990 900/2532/900 902/2533/902
f 696/1947/696 695/1948/695 689/1949/689
f 989/2671/989 900/2532/900 990/2672/990
f 709/1944/709 693/1945/693 679/1946/679
f 679/1941/679 708/1942/708 709/1943/709
f 693/1938/693 684/1939/684 685/1940/685
f 685/1935/685 679/1936/679 693/1937/693
f 695/1932/695 688/1933/688 689/1934/689
f 688/1931/688 1099/2872/1099 1100/2873/1100
f 1067/2818/1067 1083/2849/1083 1068/2819/1068
f 985/2662/985 802/2444/802 809/2445/809
f 984/2661/984 985/2662/985 809/2445/809
f 729/1606/729 1027/2741/1027 1028/2742/1028
f 1067/2817/1067 1066/2816/1066 1084/2851/1084
f 485/132/485 480/133/480 484/134/484
f 484/135/484 478/136/478 485/137/485
f 503/126/503 499/127/499 498/128/498
f 498/129/498 502/130/502 503/131/503
f 493/436/493 494/437/494 492/435/492
f 493/436/493 495/438/495 494/437/494
f 444/90/444 445/91/445 434/92/434
f 444/93/444 413/94/413 415/95/415
f 435/120/435 430/121/430 429/122/429
f 429/123/429 434/124/434 435/125/435
f 439/150/439 440/151/440 425/152/425
f 439/153/439 429/154/429 430/155/430
f 426/180/426 420/181/420 437/182/437
f 437/183/437 425/184/425 426/185/426
f 420/413/420 457/414/457 458/22/458
f 458/411/458 437/35/437 420/412/420
f 445/198/445 435/199/435 434/200/434
f 440/219/440 426/220/426 425/221/425
f 440/222/440 439/223/439 430/224/430
f 445/252/445 444/253/444 415/254/415
f 473/264/473 465/265/465 448/266/448
f 472/387/472 463/388/463 464/29/464
f 476/306/476 477/307/477 453/308/453
f 476/300/476 448/301/448 449/302/449
f 419/318/419 454/319/454 453/320/453
f 477/343/477 476/46/476 449/344/449
f 463/364/463 449/365/449 448/1/448
f 448/361/448 464/362/464 463/363/463
f 464/384/464 448/30/448 465/31/465
f 465/381/465 460/382/460 464/383/464
f 410/72/410 411/73/411 418/74/418
f 418/75/418 419/76/419 410/77/410
f 453/321/453 410/322/410 419/323/419
f 476/359/476 473/43/473 448/360/448
f 473/303/473 476/304/476 450/305/450
f 476/345/476 453/346/453 454/15/454
f 476/42/476 454/6/454 450/8/450
f 417/51/417 416/52/416 419/53/419
f 419/48/419 418/49/418 417/50/417
f 468/276/468 471/277/471 460/278/460
f 416/339/416 450/340/450 454/341/454
f 454/342/454 419/5/419 416/7/416
f 471/36/471 464/24/464 460/25/460
f 505/98/505 508/102/508 509/101/509
f 508/101/508 505/97/505 504/98/504
f 513/98/513 516/102/516 517/101/517
f 516/101/516 513/97/513 512/98/512
f 542/1378/542 41/30/41 543/1379/543
f 543/1379/543 41/30/41 58/31/58
f 590/1464/590 561/1413/561 589/1463/589
f 572/1428/572 53/382/53 57/383/57
f 550/1394/550 42/365/42 551/1395/551
f 551/1395/551 42/365/42 41/1/41
f 588/1461/588 555/1400/555 587/1460/587
f 570/1424/570 57/362/57 56/363/56
f 586/1457/586 578/1441/578 91/128/91
f 554/1399/554 555/1400/555 588/1461/588
f 561/1413/561 95/130/95 554/1414/554
f 554/1414/554 95/130/95 96/131/96
f 554/1399/554 588/1461/588 589/1462/589
f 589/1463/589 561/1413/561 554/1414/554
f 579/1442/579 92/127/92 91/128/91
f 569/1423/569 570/1424/570 56/363/56
f 578/1441/578 579/1442/579 91/128/91
f 571/1427/571 572/1428/572 57/383/57
f 600/1483/600 569/1422/569 568/1421/568
f 568/1421/568 599/1482/599 600/1483/600
f 570/1424/570 569/1423/569 601/1485/601
f 600/1484/600 601/1485/601 569/1423/569
f 602/1487/602 571/1426/571 570/1425/570
f 570/1425/570 601/1486/601 602/1487/602
f 572/1428/572 571/1427/571 603/1489/603
f 602/1488/602 603/1489/603 571/1427/571
f 578/1441/578 586/1457/586 617/1501/617
f 617/1501/617 609/1500/609 578/1441/578
f 579/1442/579 578/1441/578 610/1502/610
f 609/1500/609 610/1502/610 578/1441/578
f 617/1516/617 586/1456/586 585/1455/585
f 585/1455/585 616/1515/616 617/1516/617
f 587/1460/587 619/1520/619 588/1461/588
f 619/1520/619 587/1460/587 618/1519/618
f 620/1521/620 589/1462/589 588/1461/588
f 588/1461/588 619/1520/619 620/1521/620
f 589/1463/589 621/1523/621 590/1464/590
f 621/1523/621 589/1463/589 620/1522/620
f 1067/2817/1067 763/2113/763 1066/2816/1066
f 1084/2852/1084 1057/2797/1057 1056/2796/1056
f 659/1681/659 1136/2930/1136 1135/2929/1135
f 1065/2814/1065 1075/2853/1075 1066/2815/1066
f 1075/2853/1075 1084/2852/1084 1066/2815/1066
f 670/1568/670 1037/2759/1037 1038/2760/1038
f 667/1545/667 668/1657/668 666/1656/666
f 667/1545/667 669/1544/669 668/1657/668
f 1099/2872/1099 921/2551/921 1100/2873/1100
f 1100/2873/1100 921/2551/921 922/2552/922
f 1100/2874/1100 923/2554/923 1101/2875/1101
f 1100/2874/1100 1101/2875/1101 688/1930/688
f 1116/2895/1116 1047/2777/1047 1115/2894/1115
f 1046/2776/1046 1047/2777/1047 1116/2895/1116
f 1116/2896/1116 1117/2897/1117 1046/2775/1046
f 972/2636/972 761/2134/761 762/2135/762
f 637/1908/637 644/1909/644 645/1910/645
f 645/1911/645 641/1912/641 637/1913/637
f 1117/2897/1117 1045/2774/1045 1046/2775/1046
f 971/2635/971 972/2636/972 762/2135/762
f 1118/2899/1118 1117/2898/1117 650/1919/650
f 1118/2899/1118 1045/2793/1045 1117/2898/1117
f 1118/2900/1118 1119/2901/1119 1054/2791/1054
f 656/1914/656 650/1915/650 651/1916/651
f 1119/2901/1119 1053/2790/1053 1054/2791/1054
f 1125/2914/1125 647/1921/647 1115/2894/1115
f 1115/2894/1115 647/1921/647 651/1922/651
f 1134/2927/1134 1135/2928/1135 949/2599/949
f 650/1917/650 1119/2901/1119 1118/2900/1118
f 1134/2927/1134 657/1679/657 1135/2928/1135
f 651/1920/651 1117/2897/1117 1116/2896/1116
f 1135/2929/1135 1136/2930/1136 949/2600/949
f 1136/2930/1136 950/2601/950 949/2600/949
f 1144/2942/1144 637/1913/637 641/1912/641
f 637/1913/637 1144/2942/1144 1140/2941/1140
f 1149/2952/1149 1140/2941/1140 1144/2942/1144
f 1140/2941/1140 1149/2952/1149 1145/2951/1145
f 1154/2962/1154 678/1982/678 674/1981/674
f 674/1981/674 1150/2961/1150 1154/2962/1154
f 1154/2968/1154 677/2003/677 678/2002/678
f 677/2003/677 1154/2968/1154 1153/2967/1153
f 652/1923/652 655/1924/655 647/1925/647
f 1159/2972/1159 1154/2962/1154 1150/2961/1150
f 1150/2961/1150 1155/2971/1155 1159/2972/1159
f 655/1926/655 651/1927/651 647/1928/647
f 1159/2978/1159 1153/2967/1153 1154/2968/1154
f 1153/2967/1153 1159/2978/1159 1158/2977/1158
f 1169/2980/1169 969/2650/969 978/2649/978
f 969/2650/969 1169/2980/1169 1160/2979/1160
f 970/2632/970 969/2631/969 1161/2982/1161
f 1160/2981/1160 1161/2982/1161 969/2631/969
f 1162/2984/1162 971/2634/971 970/2633/970
f 970/2633/970 1161/2983/1161 1162/2984/1162
f 972/2636/972 971/2635/971 1163/2986/1163
f 1162/2985/1162 1163/2986/1163 971/2635/971
f 1067/2817/1067 1084/2851/1084 1083/2850/1083
f 1075/2853/1075 1057/2797/1057 1084/2852/1084
g fff0af14_00159_004c577e_e7
f 343/1333/343 346/1336/346 339/1329/339
f 343/1333/343 339/1329/339 337/1330/337
f 338/1327/338 340/1328/340 342/1332/342
f 345/1335/345 344/1334/344 407/1375/407
f 341/1331/341 346/1336/346 343/1333/343
f 342/1332/342 340/1328/340 344/1334/344
f 344/1334/344 340/1328/340 407/1375/407
f 341/1331/341 345/1335/345 407/1375/407
f 1129/2918/1129 915/2541/915 1092/2861/1092
f 862/2534/862 1172/3001/1172 861/2535/861
f 1091/2860/1091 1092/2861/1092 757/2008/757
f 1091/2860/1091 1129/2918/1129 1092/2861/1092
f 916/2542/916 1129/2918/1129 1091/2860/1091
f 1092/2861/1092 741/2007/741 757/2008/757
f 1172/3001/1172 1004/2701/1004 1005/2702/1005
f 861/2535/861 1172/3001/1172 1005/2702/1005
f 341/1331/341 407/1375/407 346/1336/346
f 520/1327/520 521/1328/521 522/1332/522
f 524/1335/524 523/1334/523 539/1375/539
f 522/1332/522 521/1328/521 523/1334/523
f 523/1334/523 521/1328/521 539/1375/539
g fff0af14_00159_004c577e_e4
f 387/874/387 388/876/388 381/867/381
f 387/874/387 392/875/392 388/876/388
f 379/868/379 380/869/380 386/870/386
f 863/2432/863 864/2431/864 867/2538/867
f 868/2360/868 873/2537/873 869/2536/869
f 868/2360/868 869/2536/869 865/2361/865
f 787/2041/787 789/2144/789 788/2143/788
f 787/2041/787 788/2143/788 786/2042/786
g fff0af14_00159_004c577e_e5
f 368/424/368 567/1420/567 628/1535/628
f 627/1534/627 562/1415/562 629/1536/629
f 368/424/368 565/1418/565 566/1419/566
f 628/1535/628 633/1540/633 632/1539/632
f 627/1534/627 631/1538/631 563/1416/563
f 632/1539/632 631/1538/631 627/1534/627
f 629/1536/629 562/1415/562 596/1477/596
f 552/1398/552 541/1377/541 367/425/367
f 552/1398/552 367/425/367 553/1458/553
f 634/1541/634 636/1543/636 630/1537/630
f 628/1535/628 567/1420/567 633/1540/633
f 596/1477/596 635/1542/635 630/1537/630
f 635/1542/635 634/1541/634 630/1537/630
g fff0af14_00159_004c577e_e9
f 1196/3025/1196 1199/3027/1199 1198/3026/1198
f 1199/3028/1199 1196/3030/1196 1197/3029/1197
f 1198/3026/1198 1202/3032/1202 1196/3025/1196
f 1200/3031/1200 1196/3025/1196 1202/3032/1202
f 1197/3029/1197 1203/3034/1203 1199/3028/1199
f 1203/3034/1203 1197/3029/1197 1201/3033/1201
f 1205/3036/1205 1198/3026/1198 1199/3027/1199
f 1198/3026/1198 1205/3036/1205 1204/3035/1204
f 1202/3032/1202 1198/3026/1198 1206/3037/1206
f 1204/3035/1204 1206/3037/1206 1198/3026/1198
f 1207/3039/1207 1199/3028/1199 1203/3034/1203
f 1199/3028/1199 1207/3039/1207 1205/3038/1205
f 1208/3025/1208 1211/3027/1211 1210/3026/1210
f 1211/3028/1211 1208/3030/1208 1209/3029/1209
f 1210/3026/1210 1214/3032/1214 1208/3025/1208
f 1212/3031/1212 1208/3025/1208 1214/3032/1214
f 1209/3029/1209 1215/3034/1215 1211/3028/1211
f 1215/3034/1215 1209/3029/1209 1213/3033/1213
f 1217/3036/1217 1210/3026/1210 1211/3027/1211
f 1210/3026/1210 1217/3036/1217 1216/3035/1216
f 1214/3032/1214 1210/3026/1210 1218/3037/1218
f 1216/3035/1216 1218/3037/1218 1210/3026/1210
f 1219/3039/1219 1211/3028/1211 1215/3034/1215
f 1211/3028/1211 1219/3039/1219 1217/3038/1217
f 1221/3041/1221 1209/3029/1209 1208/3030/1208
f 1208/3030/1208 1220/3040/1220 1221/3041/1221
f 1208/3025/1208 1212/3031/1212 1222/3043/1222
f 1222/3043/1222 1220/3042/1220 1208/3025/1208
f 1223/3044/1223 1213/3033/1213 1209/3029/1209
f 1209/3029/1209 1221/3041/1221 1223/3044/1223
f 1235/3049/1235 1224/3025/1224 1234/3048/1234
f 1234/3047/1234 1224/3030/1224 1225/3029/1225
f 1233/3046/1233 1234/3047/1234 1225/3029/1225
f 1226/3031/1226 1224/3025/1224 1235/3049/1235
f 1233/3046/1233 1225/3029/1225 1232/3045/1232
f 1232/3045/1232 1225/3029/1225 1227/3033/1227
f 1225/3029/1225 1229/3041/1229 1231/3044/1231
f 1231/3044/1231 1227/3033/1227 1225/3029/1225
f 1230/3043/1230 1228/3042/1228 1224/3025/1224
f 1224/3025/1224 1226/3031/1226 1230/3043/1230
f 1224/3030/1224 1228/3040/1228 1229/3041/1229
f 1229/3041/1229 1225/3029/1225 1224/3030/1224
