# fff035d2_00010_000886b5
o fff035d2_00010_000886b5
v 29.413979 -14.642414 21.504375
v 30.023434 -14.269933 20.883120
v 10.329237 -13.049193 8.282956
v 10.038790 -8.002522 23.151434
v 9.457430 -11.712783 8.765028
v 8.822563 -7.555089 24.144056
v 8.673520 -11.272613 9.540491
v 16.049633 -14.281081 8.509156
v 15.883503 -14.551589 8.410310
v 14.018358 -14.730925 7.412408
v 12.562679 -14.485488 7.472169
v 14.772682 -16.366468 4.050488
v 10.117178 -12.837813 7.569886
v 16.232162 -15.223326 6.266236
v 14.956818 -16.079039 4.194039
v 9.389095 -11.070373 8.021100
v 9.510698 -11.918899 8.111455
v 17.581638 -11.959050 19.582466
v 26.128370 -24.999451 -43.964535
v 28.969286 -17.686293 7.789926
v 26.615088 -17.116484 7.114984
v 29.295774 -18.152845 7.905828
v 32.423359 -26.046631 -43.130028
v 31.387980 -18.698683 8.974497
v 10.359354 -6.959354 20.749506
v 9.921480 -10.753051 7.348969
v 29.308193 -12.945409 24.754509
v 26.796700 -12.115361 25.287846
v 15.783802 -14.036284 8.906370
v 29.561129 -16.892546 7.830506
v 16.696909 -13.457305 8.827444
v 25.818226 -11.901753 25.318514
v 15.409449 -8.629643 22.526590
v 9.212221 -14.521285 3.226502
v 12.781673 -31.239315 -88.686539
v 12.268887 -12.697631 7.344731
v 14.533670 -13.936553 7.385327
v 25.193850 -15.933622 9.055868
v 28.021456 -16.975462 9.463678
v 28.094074 -14.740467 21.551638
v 27.020264 -13.153005 26.446405
v 15.650515 -16.574369 3.239041
v 26.883545 -12.173680 25.616190
v 26.239143 -12.569112 24.426388
v 26.803116 -12.213735 25.886806
v 19.561781 -17.505903 3.023110
v 19.502020 -17.461470 3.135892
v 10.300581 -7.258626 22.550385
v 32.313896 -18.335646 10.077459
v 13.142321 -31.443569 -88.732216
v 18.776972 -17.601194 2.800374
v 9.285851 -14.489608 3.711846
v 18.359568 -17.748350 2.539864
v 16.345936 -16.783918 3.387887
v 18.733194 -17.554564 2.918587
v 18.118959 -17.404539 3.393464
v 16.304333 -16.920805 2.148236
v 15.732883 -16.425703 4.573342
v 32.913704 -25.744705 -41.599915
v 34.101654 -12.585759 29.187271
v 23.690342 -13.231099 16.857054
v 28.046062 -13.901372 26.684170
v 23.175335 -12.900456 19.828934
v 21.427292 -12.660741 20.077213
v 17.889217 -10.671651 20.044754
v 18.473354 -11.570561 20.009693
v 22.040680 -12.215261 20.514626
v 22.072414 -10.946416 24.022219
v 22.349281 -12.772939 19.141981
v 22.261848 -12.975484 19.878012
v 15.407108 -9.201177 22.067625
v 16.960976 -10.865178 19.715548
v 26.094175 -24.936813 -43.980022
v 30.157469 -25.073364 -42.388596
v 24.078148 -13.014058 19.142679
v 23.647385 -13.227651 19.811916
v 23.105145 -12.112966 21.268816
v 14.083593 -8.727391 23.454077
v 18.997879 -9.891942 23.954018
v 21.465748 -10.465383 24.776529
v 21.294226 -15.883406 5.442925
v 17.343523 -14.123946 8.568257
v 11.362978 -8.079610 21.844625
v 17.484444 -9.101033 23.638834
v 14.880762 -13.722793 9.354872
v 10.359354 -6.959354 20.749506
v 14.533670 -13.936553 7.385327
v 12.268887 -12.697631 7.344731
v 14.561766 -14.200667 8.996775
v 14.125465 -14.374251 7.339776
v 8.244252 -11.516204 10.079824
v 8.187470 -12.735030 9.478762
v 8.533792 -31.004436 -92.556190
v 11.752733 -14.117843 7.151368
v 22.444513 -24.704163 -47.280842
v 16.988333 -14.331801 8.201493
v 13.960098 -25.302643 -55.733627
v 10.435308 -6.604618 21.455149
v 9.921480 -10.753051 7.348969
v 18.280602 -9.578740 24.097322
v 23.063368 -24.656815 -46.873493
v 28.356169 -17.375212 9.349867
v 17.736599 -12.678731 16.328888
v 23.205635 -14.225743 15.172276
v 25.248699 -10.365071 24.540731
v 29.590155 -16.992399 9.240324
v 25.336845 -11.270665 23.666403
v 30.808891 -12.341222 27.104321
v 24.417114 -13.321004 19.954851
v 23.066254 -13.299489 19.646864
v 29.846964 -16.507719 9.022631
v 32.300583 -11.629476 26.711559
v 30.330517 -12.892262 24.301987
v 32.625927 -14.505283 24.990583
v 10.135366 -15.356108 1.813909
v 9.980637 -14.976667 1.560960
v 10.329237 -13.049193 8.282956
v 8.244252 -11.516204 10.079824
v 10.140188 -13.314940 5.720296
v 26.950394 -13.100728 26.265665
v 27.915321 -14.653858 21.545971
v 51.925861 -18.244160 29.320225
v 52.056957 -18.030079 29.430725
v 57.327919 -35.458126 -71.633247
v 41.134014 -14.656284 34.325180
v 43.968475 -15.121052 34.573555
v 35.381943 -13.198979 27.475132
v 40.035797 -13.843266 31.017609
v 46.604977 -15.040974 34.044281
v 50.074970 -5.712543 34.822235
v 45.353100 -14.737370 33.737724
v 44.711559 -15.425846 34.483444
v 47.793736 -34.709927 -77.235764
v 36.639992 -26.724487 -42.020210
v 55.628460 -7.037220 34.882202
v 51.293591 -18.936909 26.805508
v 47.476864 -16.560612 31.002464
v 47.080860 -16.840626 30.807144
v 44.427177 -17.292866 26.333820
v 44.534153 -16.014164 30.429501
v 44.678921 -15.665501 30.598480
v 40.687950 -14.885014 29.413158
v 52.834110 -16.704411 33.887459
v 50.182465 -35.309521 -75.737610
v 33.620121 -19.452406 10.606020
v 33.725502 -26.279129 -41.719971
v 35.374203 -19.454679 10.685503
v 37.060757 -18.456327 14.843522
v 41.739876 -19.544798 16.267981
v 35.549988 -18.456480 11.972431
v 38.937160 -26.633545 -40.164047
v 40.199593 -26.915436 -40.286568
v 36.374226 -18.720152 14.392144
v 35.204834 -19.718473 10.640944
v 35.465195 -18.837019 11.636602
v 34.030003 -20.581617 7.175202
v 33.245548 -17.632170 12.365974
v 39.027626 -19.426054 13.984364
v 33.604870 -19.470045 10.116976
v 36.356159 -19.186399 13.690918
v 36.420872 -18.036009 14.932546
v 40.867046 -19.297209 16.048857
v 39.428722 -14.277593 30.849358
v 36.241020 -17.222013 15.401015
v 35.982174 -13.114919 30.739597
v 36.343704 -12.556752 30.465527
v 36.263039 -13.336034 30.842896
v 36.265541 -14.868504 27.031189
v 37.348827 -18.498945 15.012902
v 37.348103 -18.673338 14.732789
v 35.230610 -12.737859 29.074295
v 33.656887 -17.282591 14.053320
v 33.468704 -18.180754 11.084745
v 14.222328 6.084805 24.548521
v 11.854628 6.572414 24.758036
v 14.511805 6.952526 21.697809
v 33.439590 0.955791 26.416655
v 30.909508 1.627743 26.180817
v 29.932274 1.846737 26.213196
v 19.541779 5.196468 23.446678
v 31.255222 1.110165 27.510010
v 30.982166 1.509319 26.489363
v 30.895741 1.443584 26.751579
v 14.396885 6.414150 23.420187
v 32.339573 0.871334 27.461224
v 26.166519 2.826793 25.923294
v 18.237026 5.188900 24.403803
v 15.621500 6.283703 22.941114
v 21.539738 4.397213 24.451315
v 14.511805 6.952526 21.697809
v 14.465685 6.787746 22.232904
v 22.530312 4.039135 24.832952
v 29.130890 2.396679 25.111485
v 29.455753 2.498775 24.567926
v 34.671906 0.293468 27.551975
v 35.633904 0.066952 27.553413
v 40.240440 -14.572529 29.291740
v 36.292534 -13.965245 27.281635
v 32.775913 -11.003514 28.675327
v 35.758194 -0.617726 29.550293
v 44.107338 -4.343479 34.923645
v 46.884617 -5.051441 35.092209
v 47.660015 -5.218876 35.047218
v 47.933323 -5.059879 34.367073
v 44.213978 -2.787510 30.107040
v 43.543560 -2.623280 30.086704
v 39.126591 -0.970188 28.212772
v 39.714531 -1.918583 30.680992
v 38.783115 -1.326374 29.543655
v 40.161575 -1.206944 28.193081
v 43.043293 -2.949482 31.438690
v 57.817036 -15.292271 30.267258
v 57.948063 -15.078144 30.377785
v 63.219032 -32.506176 -70.686195
v 57.184719 -15.985004 27.752594
v 58.725239 -13.752461 34.834496
v 59.314953 -9.884084 30.314896
v 59.446102 -9.670033 30.425472
v 64.716957 -27.098066 -70.638565
v 58.682705 -10.576833 27.800251
v 60.223194 -8.344335 34.882179
v 0.117602 -5.133869 22.999657
v 0.927860 -9.481246 9.117914
v -0.517489 -10.313827 8.334359
v -3.958110 -18.510456 -47.932396
v -7.870333 8.779579 25.368069
v -10.531778 4.397682 12.392651
v -3.690419 -6.044805 -49.735649
v -9.091421 5.231667 13.175617
v 32.775429 -23.097975 4.834531
v 33.290226 -22.640226 4.350595
v 12.433422 -20.251631 0.724645
v 13.426111 -17.905333 6.951035
v 11.563055 -19.046904 0.839128
v 12.308664 -17.666807 7.560773
v 10.855844 -18.738798 1.272092
v 18.099195 -21.629393 0.430112
v 17.937979 -21.878019 0.447953
v 15.993061 -21.981871 0.173822
v 14.577379 -21.663115 0.316495
v 16.449713 -23.063231 -1.438949
v 12.134197 -19.963408 0.324205
v 18.080454 -22.214598 -0.634704
v 16.632769 -22.803724 -1.437964
v 11.364559 -18.420317 0.337468
v 11.552031 -19.163465 0.517946
v 20.706018 -20.834242 4.793744
v 25.075262 -29.073883 -47.708611
v 30.989710 -24.179991 -0.965888
v 28.553988 -23.657560 -1.139506
v 31.350397 -24.619780 -0.857520
v 31.867632 -30.959423 -52.741692
v 33.569271 -25.182402 -0.441516
v 13.421726 -16.596769 5.412488
v 11.783632 -18.093611 -0.138999
v 32.942204 -21.931196 6.295602
v 30.471224 -21.328703 6.749303
v 17.867189 -21.462568 0.633832
v 31.538309 -23.413298 -1.166884
v 18.731894 -20.868376 0.367193
v 29.494612 -21.174086 6.850347
v 18.706980 -18.181578 6.046987
v 10.818338 -21.149458 -1.580546
v 6.396310 -23.882296 -31.045811
v 14.186504 -19.936277 -0.055938
v 16.455280 -21.224043 -0.051551
v 27.300146 -22.860075 -0.126132
v 30.199785 -23.771086 -0.069720
v 31.479120 -23.253325 5.046048
v 30.875921 -22.446272 7.542993
v 17.239630 -23.114836 -1.952003
v 30.596735 -21.422697 6.927358
v 29.847433 -21.666945 6.437104
v 30.549284 -21.499205 7.091844
v 21.137007 -23.793776 -2.392184
v 21.088022 -23.769346 -2.331710
v 13.579302 -17.115919 6.453053
v 34.589252 -24.945112 -0.028110
v 6.759050 -24.052813 -31.078388
v 20.340395 -23.888243 -2.395690
v 10.948109 -21.156630 -1.336577
v 19.905901 -24.010603 -2.456695
v 17.955698 -23.301344 -1.920482
v 20.307692 -23.861708 -2.334701
v 19.744394 -23.809156 -2.026927
v 17.784029 -23.269911 -2.562472
v 17.461538 -23.145781 -1.266055
v 32.619053 -31.027668 -53.204071
v 38.161266 -21.965117 8.025769
v 26.518244 -21.410780 2.776185
v 31.957352 -23.136763 7.681199
v 26.321039 -21.510267 4.392777
v 24.605345 -21.392744 4.704782
v 20.994017 -19.670698 4.765740
v 21.615862 -20.486204 4.840013
v 25.237730 -21.004484 4.781285
v 25.591822 -20.268080 6.444417
v 25.420137 -21.336348 4.101052
v 25.426035 -21.626661 4.549325
v 18.683802 -18.659208 5.904664
v 20.048693 -19.849775 4.740933
v 25.036360 -29.014404 -47.724342
v 30.279100 -34.099152 -68.372192
v 27.144587 -21.488508 3.926903
v 26.803747 -21.795362 4.384561
v 26.369936 -20.960844 5.036420
v 17.502474 -18.451902 6.736863
v 22.484777 -19.400221 6.601262
v 25.049597 -19.940397 6.841187
v 23.035410 -22.509275 -1.601192
v 19.378397 -21.433455 0.268659
v 14.596056 -17.749952 6.088071
v 20.909647 -18.680616 6.474999
v 17.006433 -21.265333 0.933481
v 13.421726 -16.596769 5.412488
v 16.455280 -21.224043 -0.051551
v 14.186504 -19.936277 -0.055938
v 16.676018 -21.681715 0.868699
v 16.071428 -21.636473 0.055135
v 10.512550 -19.012358 1.656606
v 10.477716 -19.963560 1.543054
v 1.748580 -23.339312 -32.650391
v 13.738729 -21.219999 0.160310
v 20.814661 -27.962593 -46.361340
v 18.997019 -21.596388 0.153470
v 11.020109 -25.295685 -37.249329
v 13.556612 -16.352034 5.719731
v 11.783632 -18.093611 -0.138999
v 21.773993 -19.155394 6.711785
v 21.470190 -27.944542 -46.227642
v 30.539583 -24.117689 -0.099422
v 20.536062 -21.079374 3.142430
v 25.903669 -22.147001 2.108742
v 28.763327 -19.651960 6.214261
v 31.728893 -23.690077 -0.386874
v 28.801226 -20.385557 5.897298
v 34.657101 -21.605177 7.267858
v 27.586592 -21.868620 4.381791
v 26.213850 -21.866499 4.382192
v 31.933434 -23.194777 -0.627910
v 36.052761 -20.820112 6.732686
v 33.901279 -21.777983 5.910394
v 36.335339 -23.285749 6.293199
v 11.583765 -21.923262 -2.256106
v 11.388273 -21.494764 -2.459064
v 12.433422 -20.251631 0.724645
v 10.512550 -19.012358 1.656606
v 11.964743 -20.229139 -0.582778
v 30.783972 -22.376493 7.443971
v 31.296915 -23.178892 5.049562
v 56.120934 -26.534193 6.889306
v 56.251732 -26.341642 6.892800
v 55.966957 -35.575314 -64.958649
v 45.803429 -24.279844 10.307024
v 48.661674 -24.626951 10.168558
v 39.270962 -22.262831 7.048295
v 44.305855 -23.130568 8.500058
v 51.208885 -24.368681 9.531740
v 54.238754 -15.547758 7.775609
v 49.919426 -24.097151 9.467749
v 49.403374 -24.869734 10.082121
v 45.866055 -34.551525 -66.928123
v 35.563881 -32.439510 -55.495190
v 59.326851 -16.524183 7.018334
v 55.252235 -26.884474 5.733941
v 51.814392 -25.362776 8.053403
v 51.415382 -25.617704 8.049832
v 48.315147 -25.573195 6.043374
v 48.808502 -24.901060 8.014237
v 48.952232 -24.589048 8.022611
v 44.828285 -23.872496 7.740541
v 57.446266 -25.643583 8.965761
v 48.429005 -35.207928 -66.306633
v 36.000126 -26.007978 0.300981
v 33.437489 -31.479527 -53.272743
v 37.745640 -25.944700 0.121820
v 39.824627 -25.476194 1.978250
v 44.672684 -26.483870 2.360104
v 38.010002 -25.166533 0.611978
v 40.226788 -34.021572 -68.115791
v 41.477890 -34.216198 -68.290031
v 39.108738 -25.695036 1.869581
v 37.586971 -26.194304 0.168294
v 37.908741 -25.484190 0.511354
v 36.084423 -26.604048 -1.402602
v 35.728741 -24.542234 0.964509
v 41.727573 -26.190992 1.442975
v 35.931660 -25.961317 0.040750
v 39.037472 -26.042677 1.578141
v 39.178802 -25.120207 2.029496
v 43.771160 -26.260115 2.305814
v 43.709072 -23.543211 8.566674
v 39.009853 -24.423613 2.154919
v 40.223423 -22.584303 8.728014
v 40.521389 -22.008009 8.429425
v 40.524525 -22.793623 8.789644
v 40.184460 -23.736784 7.006204
v 40.130840 -25.525969 2.041539
v 40.108204 -25.653440 1.922117
v 39.274441 -22.044615 7.849488
v 36.304897 -24.416166 1.762838
v 35.836327 -24.881193 0.343087
v 16.980322 -4.659147 4.553803
v 14.633732 -4.330167 4.877122
v 16.904482 -3.458204 2.808335
v 36.483963 -8.896941 4.083478
v 33.917477 -8.343429 4.151498
v 32.941994 -8.183913 4.252332
v 22.171164 -5.120954 3.445992
v 34.434628 -8.988891 4.925397
v 34.029930 -8.491942 4.331777
v 33.976921 -8.591750 4.497296
v 17.010317 -4.194456 3.857880
v 35.515358 -9.160277 4.805753
v 29.129892 -7.386991 4.390515
v 20.986105 -5.309431 4.132436
v 18.176462 -4.201734 3.466710
v 24.302870 -5.917539 3.886445
v 16.904482 -3.458204 2.808335
v 16.926908 -3.685133 3.135228
v 25.344923 -6.261381 4.034509
v 31.997238 -7.557417 3.653729
v 32.253139 -7.376356 3.298432
v 37.865017 -9.614837 4.666600
v 38.829571 -9.786590 4.587430
v 44.355225 -23.582136 7.673261
v 40.191376 -22.918837 6.970464
v 36.708462 -20.467421 7.621442
v 39.210476 -10.685943 5.782891
v 48.269676 -14.531203 8.333158
v 51.075363 -15.099089 8.203992
v 51.846870 -15.217207 8.112302
v 52.033516 -14.966993 7.678937
v 47.758217 -12.434096 5.415830
v 47.083618 -12.305968 5.459340
v 42.415337 -10.697295 4.695100
v 43.321552 -11.886153 6.136617
v 42.241882 -11.220870 5.527295
v 43.450291 -10.872634 4.597116
v 46.755653 -12.810958 6.317307
v 61.902863 -23.627562 6.105447
v 62.033691 -23.434935 6.108964
v 61.748825 -32.668667 -65.742485
v 61.034134 -23.977781 4.950120
v 62.975662 -22.717466 8.009812
v 61.875084 -18.388411 4.094705
v 61.961273 -18.192488 4.067834
v 62.952003 -27.524199 -66.914276
v 61.524628 -18.778593 3.292580
v 62.282440 -17.427259 5.545556
v 3.435682 -15.616133 7.593728
v 2.993760 -17.593336 1.739648
v 0.797188 -20.385193 1.881961
v -8.998824 -24.544937 -25.869736
v 4.910754 -2.613767 3.783860
v -9.519081 -4.415855 4.032158
v -8.675086 -12.599146 -26.492712
v -7.865968 -3.957185 2.186774
v -21.768646 -1.032181 18.568075
v -22.013672 -0.437042 17.873909
v 9.145247 -8.211501 5.539361
v 8.105543 -3.655842 20.550566
v 10.356966 -7.368726 6.313819
v 9.140564 -3.764347 21.808290
v 11.056034 -7.301115 7.271111
v 3.535508 -6.910421 4.476413
v 3.593034 -7.225797 4.388206
v 5.390759 -8.176589 3.779141
v 6.763856 -8.569327 4.157439
v 4.807389 -9.340117 0.194093
v 9.579939 -8.109557 4.907901
v 3.490842 -7.687270 2.164172
v 4.730869 -9.001784 0.323758
v 10.849197 -6.815404 5.663995
v 10.372055 -7.533034 5.646562
v -9.782455 -3.600777 19.362820
v 1.895765 -12.810114 -52.030769
v -19.698750 -3.797791 6.953667
v -17.233353 -4.276321 6.830120
v -20.205259 -4.082680 6.955673
v -16.169336 -11.113748 -40.116154
v -22.518047 -3.693169 7.518501
v 8.792360 -2.574940 18.244047
v 10.660915 -6.302808 4.930736
v -21.707537 0.461105 21.917795
v -19.267859 0.151985 23.028381
v 3.781722 -6.800916 4.940909
v -19.903666 -2.828308 6.947998
v 3.231527 -5.890272 4.732858
v -18.322731 -0.067924 23.278078
v 3.245191 -1.954495 18.787210
v 10.662880 -10.017722 0.700263
v 18.208181 -18.293434 -50.589024
v 7.788195 -7.073141 4.263162
v 5.268910 -7.238836 3.723208
v -15.927780 -3.804932 9.123497
v -18.945553 -3.554169 8.845310
v -20.654041 -1.678871 18.873913
v -20.153189 -0.693962 24.013042
v 4.129100 -9.157508 -0.795308
v -19.442467 0.135841 23.325068
v -18.768560 -0.494865 22.259535
v -19.448774 0.065544 23.601358
v -10.244606 -7.610092 4.244083
v -10.198908 -7.595085 4.370407
v 8.315933 -2.871021 19.982307
v -23.434277 -2.972839 8.438950
v 17.815832 -18.326134 -50.726498
v -9.540695 -8.028152 4.178017
v 10.501753 -9.957908 1.161174
v 1.410688 -9.076613 -2.140441
v 3.395232 -9.053535 -0.811980
v -9.509430 -8.004387 4.306561
v 1.572706 -8.866714 -1.226989
v 3.654479 -9.195197 -2.024364
v 3.817445 -8.987975 0.502149
v -16.822245 -10.632874 -38.696537
v -26.789583 2.812881 25.293873
v -15.087635 -2.172005 15.340933
v -21.420712 -0.938667 23.964432
v -15.165205 -2.089989 18.373081
v -13.578680 -2.611496 18.994177
v -9.627903 -2.304016 19.872944
v -10.506016 -2.871849 19.634241
v -14.035326 -1.948540 19.337650
v -14.329891 -0.785149 22.869482
v -14.228680 -2.323532 17.884260
v -14.400457 -2.544044 18.600021
v 3.115129 -2.473461 18.286137
v -8.813810 -2.871704 19.723036
v 1.955184 -12.767786 -52.032990
v -13.934411 -11.189279 -38.839237
v -15.854889 -1.811409 17.509533
v -15.712952 -2.187035 18.229156
v -15.102848 -1.405952 19.865213
v 4.167117 -2.603382 19.951939
v -11.165258 -1.128822 23.530121
v -13.765762 -0.605576 23.773872
v -11.650707 -5.407471 6.402954
v 2.444337 -6.221204 4.285157
v 7.198411 -3.166080 18.999949
v -9.432213 -1.051643 23.606728
v 4.607362 -6.898420 5.591832
v 8.792360 -2.574940 18.244047
v 5.268910 -7.238836 3.723208
v 7.788195 -7.073141 4.263162
v 4.772829 -7.466345 5.262507
v 5.459376 -7.808074 3.720423
v 11.213509 -7.703314 7.861009
v 10.896938 -8.831901 7.171039
v 22.926569 -19.875793 -53.471188
v 7.702652 -8.578422 4.044965
v 9.368335 -21.520491 -92.781364
v 2.754880 -6.559667 3.980412
v 15.101746 -18.375954 -58.891594
v 8.712633 -2.221340 18.949852
v 10.660915 -6.302808 4.930736
v -10.435127 -1.148102 23.845764
v 8.749701 -21.216078 -92.506096
v -19.380150 -3.774986 8.628174
v -9.483723 -4.187546 16.092649
v -14.690201 -3.278320 13.703583
v -17.012024 1.084084 22.782452
v -20.287556 -2.906570 8.306273
v -17.266088 0.300591 21.826468
v -23.312574 1.642929 23.958851
v -16.463306 -1.946327 18.202599
v -15.192240 -2.497749 18.179962
v -20.265785 -2.358757 8.087883
v -24.248371 2.918388 23.339756
v -22.486641 0.941353 21.273485
v -25.332760 0.449547 21.323153
v 9.821695 -10.384223 -0.943666
v 10.171452 -10.105697 -1.122535
v 9.145247 -8.211501 5.539361
v 11.213509 -7.703314 7.861009
v 9.779217 -8.532248 3.055659
v -20.029301 -0.676109 23.856163
v -20.459290 -1.675919 18.913023
v -44.903976 4.517158 20.386644
v -44.942226 5.466888 21.352867
v -38.391750 -3.613832 -33.055149
v -35.008099 3.908340 28.669554
v -37.758427 4.685028 28.289482
v -27.787571 2.798180 23.306282
v -32.959469 4.181053 25.747953
v -39.934643 5.871834 27.243851
v -39.332592 15.792725 28.181278
v -38.635174 5.617943 27.229244
v -38.519840 4.722816 28.021244
v -28.655752 -8.330400 -36.321350
v -20.421782 -9.946061 -39.958935
v -44.795742 16.939178 26.981564
v -44.050961 4.322411 18.864370
v -40.646095 4.863045 23.957779
v -40.367756 4.441917 23.821585
v -37.204281 2.910545 19.960926
v -37.693531 4.114662 24.051422
v -37.715801 4.491829 24.219696
v -33.603443 3.512535 23.952610
v -46.085155 6.996803 25.662949
v -38.716537 -9.073096 -35.928917
v -25.166534 -3.432922 8.581497
v -17.732172 -10.774156 -39.029804
v -26.734356 -2.693680 8.301104
v -28.747982 -1.076111 12.103603
v -33.648647 -0.085114 12.434116
v -26.768082 -1.714722 9.614077
v -23.082279 -10.258157 -38.432182
v -24.285620 -9.980097 -38.835754
v -28.148809 -1.605354 11.778704
v -26.683395 -3.004364 8.267143
v -26.774324 -2.095436 9.267986
v -25.221718 -4.283127 5.047703
v -24.482153 -1.941528 10.545710
v -30.690937 -1.123741 10.773268
v -25.050320 -3.455360 8.106403
v -28.167103 -2.035553 11.054798
v -28.029823 -0.965599 12.360786
v -32.726639 -0.229599 12.422081
v -32.564407 3.530876 25.666456
v -27.641220 -0.303856 12.931280
v -29.017315 3.128029 26.372751
v -29.045122 3.786690 26.084995
v -29.379654 3.046310 26.395079
v -29.155479 1.658493 22.534851
v -29.058031 -0.992981 12.205866
v -29.066196 -1.151329 11.916481
v -27.823774 3.152168 24.939146
v -25.080982 -1.450859 12.139227
v -24.616879 -2.344406 9.199690
v 9.897850 10.879649 22.398184
v 12.142389 10.320941 23.131414
v 10.640833 11.788402 19.644049
v -20.005463 14.805908 24.016613
v -17.441444 14.345642 24.366535
v -16.495577 14.131119 24.618111
v 5.082407 12.322635 20.155640
v -18.258858 14.022667 25.541988
v -17.623766 14.269005 24.641079
v -17.633516 14.172897 24.907961
v 10.133177 11.251903 21.294531
v -19.303804 14.264481 25.250647
v -12.701326 13.427849 25.196560
v 6.016200 11.764361 21.353539
v 9.105757 11.651240 20.565638
v -7.637701 12.895782 24.854902
v 10.640833 11.788402 19.644049
v 10.493324 11.619586 20.159132
v -8.745756 12.989891 24.990788
v -15.313604 14.290855 23.760305
v -15.436142 14.520699 23.174160
v -21.621817 14.726440 24.808615
v -22.564924 14.927673 24.592388
v -33.052265 3.606598 23.955269
v -28.863695 2.488548 22.859259
v -24.852161 3.686584 25.215731
v -23.405827 14.359680 26.447662
v -33.521755 14.511482 29.626911
v -36.303753 15.043602 29.157608
v -37.047306 15.219543 28.939789
v -37.070187 15.479149 28.236465
v -31.891705 15.966766 25.059898
v -31.227451 15.832275 25.192390
v -26.224649 15.463806 24.424141
v -27.689615 14.852722 26.619112
v -26.367397 14.995819 25.757111
v -27.231686 15.686623 24.171465
v -31.224129 15.325226 26.580730
v -48.987587 10.224206 20.182871
v -49.142002 10.631927 21.355251
v -34.897175 -10.384341 -121.937149
v -48.250835 9.487442 18.866730
v -50.284946 12.161858 25.665314
v -48.196117 15.917030 21.509045
v -48.248600 16.166458 21.610458
v -34.003735 -4.849887 -121.937149
v -47.357338 15.021980 19.121960
v -49.391506 17.696350 25.920517
v 18.082182 -5.248844 22.698097
v 18.728785 -8.951026 8.608809
v 19.838583 -10.316436 8.060901
v 32.283119 -19.866432 -52.766987
v 21.907169 7.969990 21.697649
v 25.371857 2.873874 9.180801
v 36.827003 -12.568025 -52.858036
v 24.267189 4.238445 9.729321
v -24.623516 -7.093918 2.783566
v -24.780769 -6.461487 2.250576
v 6.021462 -13.849853 -2.938922
v 4.710397 -11.303855 3.148572
v 7.260403 -13.125838 -2.535399
v 5.658220 -11.559928 3.993150
v 7.914391 -13.145461 -1.940070
v 0.517047 -12.704078 -4.512000
v 0.553005 -12.997550 -4.485393
v 2.289420 -13.913642 -4.365867
v 3.638753 -14.223022 -3.907928
v 1.803678 -14.700675 -6.133193
v 6.494430 -13.715087 -3.240733
v 0.532131 -13.242385 -5.601367
v 1.748661 -14.388091 -6.144889
v 7.806525 -12.641822 -2.924209
v 7.294370 -13.236152 -2.857207
v -13.023937 -10.143044 5.419664
v -11.601204 -13.332870 -25.889080
v -22.187351 -8.829231 -2.607029
v -19.782225 -9.385132 -2.229939
v -22.778812 -9.441208 -2.569118
v -16.690434 -10.115132 -25.645184
v -25.062342 -9.006997 -2.670485
v 5.599177 -10.119742 1.774713
v 7.678164 -12.168654 -3.442828
v -24.619007 -5.965973 4.284100
v -22.290913 -6.464203 5.287184
v 0.744760 -12.650924 -4.250369
v -22.310875 -7.902527 -2.841824
v -10.298918 -11.008240 1.505795
v -21.387554 -6.736816 5.599472
v -10.448202 -8.583733 7.300524
v 7.596535 -15.346136 -4.941127
v 20.059889 -27.362684 -71.512306
v 4.778795 -12.823173 -4.026938
v 2.244004 -13.031470 -4.607642
v -18.574553 -9.192276 -0.911083
v -21.522989 -8.792488 -1.533882
v -23.590351 -7.782532 3.239136
v -23.287014 -7.306061 5.871819
v 1.200273 -14.413619 -6.799048
v -22.480518 -6.496338 5.426163
v -21.809120 -7.034378 5.078007
v -22.507092 -6.585762 5.588848
v -7.288445 -14.687696 -3.097504
v -7.232086 -14.690924 -3.038617
v 5.012175 -10.523673 2.707146
v -25.892061 -8.001442 -2.499866
v 16.913195 -20.957649 -39.654358
v -6.623670 -15.134750 -3.138584
v 7.424106 -15.297796 -4.730556
v -6.295068 -15.438974 -3.221867
v 0.484039 -14.280044 -6.932055
v -6.580765 -15.128715 -3.078421
v -6.047654 -15.352173 -2.794525
v 0.792991 -14.324088 -7.519629
v 0.837268 -14.347892 -6.178866
v -17.371967 -9.749455 -25.071915
v -29.631027 -3.791031 4.902618
v -17.940182 -8.209190 2.214016
v -24.557419 -7.474838 5.720373
v -18.170626 -8.382683 3.819927
v -16.677298 -9.001297 4.484917
v -12.792824 -8.966805 5.444296
v -13.694481 -9.443077 5.312342
v -17.093109 -8.382126 4.467442
v -17.476665 -7.565086 6.085751
v -17.237823 -8.605804 3.735870
v -17.463396 -8.866455 4.143921
v -10.592402 -9.026398 7.121149
v -12.026192 -9.528595 5.595810
v -11.538799 -13.295409 -25.890808
v -14.757576 -11.497819 -24.486685
v -18.784119 -8.014923 3.200169
v -18.712450 -8.437103 3.686413
v -18.132334 -7.864105 4.489368
v 0.933717 -10.076484 2.056833
v -14.410822 -8.091652 6.954536
v -16.952160 -7.497261 6.614059
v -14.511125 -11.646851 -1.319177
v -11.080374 -11.247185 1.224255
v 3.935319 -10.668593 2.083932
v -12.695126 -8.105133 7.221037
v 1.518705 -12.835944 -3.764155
v 5.599177 -10.119742 1.774713
v 2.244004 -13.031470 -4.607642
v 4.778795 -12.823173 -4.026938
v 1.653600 -13.352996 -3.799483
v 2.389129 -13.567466 -4.464652
v 8.018385 -13.538497 -1.521434
v 7.682982 -14.415298 -1.715446
v 22.557165 -24.807877 -48.194195
v 4.596944 -14.175864 -3.846992
v -9.482795 -14.468302 -26.705769
v -10.784792 -11.556015 1.174271
v 13.542809 -19.612144 -40.280998
v 5.511751 -9.840949 2.069865
v 7.678164 -12.168654 -3.442828
v -13.707157 -8.170166 7.230436
v -10.084303 -14.174891 -26.707417
v -21.959093 -8.963005 -1.665043
v -12.603321 -10.437035 3.822025
v -17.550438 -9.136177 1.619003
v -19.971874 -5.666359 5.273483
v -22.768631 -8.072807 -2.146961
v -20.236115 -6.315224 4.887196
v -26.217865 -4.945740 4.912807
v -19.433285 -8.172653 3.517185
v -18.220266 -8.750877 3.797623
v -22.691051 -7.537506 -2.376415
v -27.006672 -3.644417 4.181438
v -25.316208 -5.421783 3.727787
v -28.172646 -5.759621 3.461220
v 6.753919 -15.723959 -5.829001
v 7.148683 -15.418203 -5.946147
v 6.021462 -13.849853 -2.938922
v 8.018385 -13.538497 -1.521434
v 6.738680 -14.027556 -4.115188
v -23.154819 -7.281662 5.800716
v -23.399561 -7.792122 3.286823
v -30.513683 -3.591881 3.695721
v -35.643795 -2.250488 4.001255
v -29.206938 -9.001535 -25.869841
v -20.941225 -9.549650 -26.303495
v -40.347313 -8.967433 -31.652887
v -27.649666 -8.368469 -2.567886
v -18.295553 -9.976988 -25.327278
v -29.124722 -7.573410 -3.092319
v -31.185314 -6.270195 -1.662777
v -35.967388 -5.134590 -2.374920
v -29.148003 -6.756462 -2.594639
v -23.308395 -8.555731 -26.132833
v -24.635580 -9.186784 -26.448135
v -30.618813 -6.771095 -1.643520
v -29.097847 -7.866707 -3.038399
v -29.166773 -7.087128 -2.702255
v -27.586342 -8.873062 -4.301685
v -26.641054 -6.264201 -3.093471
v -33.039734 -6.113808 -2.640270
v -27.511465 -8.355080 -2.803066
v -30.633457 -7.116287 -1.946003
v -30.479912 -6.220505 -1.447311
v -35.066936 -5.312798 -2.222759
v -35.301662 -2.876694 4.148640
v -30.072090 -5.660576 -1.224453
v -31.865013 -3.480713 5.107618
v -31.823627 -2.832497 4.810734
v -32.230976 -3.543175 5.086382
v -31.917873 -4.541679 3.328320
v -31.490459 -6.185905 -1.668255
v -31.496113 -6.310997 -1.792137
v -30.607121 -3.392654 4.496403
v -27.277504 -5.906421 -2.421077
v -27.050501 -7.416473 -2.386353
v 7.565588 2.203348 1.347429
v 9.700523 1.509783 2.172147
v 8.519714 3.259722 -0.223681
v -21.881693 7.343887 2.645756
v -19.402649 6.760880 3.287922
v -18.498219 6.493202 3.600197
v -7.359960 4.431700 3.369512
v -20.299227 6.394463 3.875153
v -19.603695 6.673798 3.426491
v -19.635237 6.560959 3.589050
v 7.886988 2.637179 0.707401
v -21.297268 6.695869 3.521927
v -14.834770 5.604401 4.587776
v -6.545522 3.760054 4.262000
v 6.942171 3.123392 0.087800
v -9.853666 4.896179 5.220387
v 8.519714 3.259722 -0.223681
v 8.332926 3.063517 0.068687
v -10.948778 5.024963 5.119516
v -17.271317 6.661728 3.269066
v -17.342781 6.933983 2.887951
v -23.528091 7.276894 2.864082
v -24.432785 7.528885 2.573967
v -35.687332 -2.638878 3.142681
v -31.579113 -3.797440 3.369839
v -27.640398 -3.047653 4.947247
v -25.408394 6.874756 3.575680
v -33.356899 8.535004 -1.179748
v -32.955341 8.733871 1.501240
v -27.998507 8.218910 1.861282
v -29.612621 7.524406 2.968067
v -28.248146 7.671082 2.657726
v -28.962624 8.497398 1.538136
v -33.066685 8.137589 2.356045
v 14.330784 -13.451278 6.029155
v 15.223736 -15.429998 0.227269
v 16.264837 -16.633268 0.361163
v 33.002766 -30.355057 -70.140625
v 19.239443 -1.043745 3.252360
v 22.913069 -4.971494 -1.941855
v 24.916473 -13.812576 -21.604828
v 21.902735 -3.676137 -2.086131
v -45.345234 43.543610 31.941067
v -44.715858 43.934326 31.351723
v -45.032619 22.240204 24.988659
v -43.578281 24.171860 38.560062
v -44.064960 21.287903 25.955658
v -43.647152 23.144028 39.826447
v -43.997311 20.630173 26.941788
v -45.030785 27.995544 23.907944
v -45.299610 27.858353 23.768433
v -45.634136 25.875809 23.086987
v -45.726650 24.447845 23.454586
v -46.234356 26.138153 19.329620
v -44.710110 21.846725 24.406227
v -45.358616 27.837631 21.495567
v -45.956112 26.299652 19.513088
v -43.295734 20.955673 25.437340
v -44.095570 21.230820 25.271351
v -44.879276 31.301071 32.835701
v -37.640297 16.542486 -121.938385
v -45.328571 40.828461 20.131943
v -45.133118 38.323196 20.042530
v -45.728390 41.243973 20.059879
v -37.483322 22.952810 -121.938385
v -46.049595 43.578766 20.572773
v -41.956600 23.788208 36.514828
v -42.723202 21.270203 24.797707
v -44.521870 43.871063 35.500443
v -44.396988 41.434540 36.653080
v -44.948795 27.786072 24.395557
v -44.458904 41.277298 20.287369
v -44.186001 28.553223 24.325356
v -44.410812 40.464676 36.904472
v -42.877956 29.306992 36.896473
v -45.480015 20.306808 19.984226
v -38.821560 -0.904847 -121.938385
v -44.064220 23.845642 23.870216
v -44.764324 26.236206 23.191303
v -44.771107 37.184128 22.442055
v -45.250202 40.163971 22.070339
v -45.731510 42.299606 32.180523
v -45.605145 42.070724 37.430595
v -46.053207 26.840607 18.356956
v -44.510826 41.598999 36.933712
v -44.744148 40.784821 35.806789
v -44.629543 41.586884 37.192707
v -46.049568 30.709747 17.242588
v -46.046719 30.669510 17.371601
v -42.675831 24.171753 38.149380
v -45.766365 44.650223 21.561375
v -38.927422 -0.534310 -121.938385
v -46.255444 29.921616 17.137245
v -45.548176 20.477936 20.440376
v -46.423038 29.487335 16.920383
v -46.138195 27.576385 18.324249
v -46.248363 29.897614 17.269287
v -46.348949 29.385147 17.863094
v -45.985813 27.289291 17.119469
v -46.207970 27.185516 19.647823
v -37.451447 23.707922 -121.938385
v -44.196785 49.388626 38.994274
v -44.139458 36.795258 28.882446
v -46.151306 43.231720 37.279922
v -44.633884 36.891388 31.874573
v -44.838612 35.223953 32.468311
v -43.701305 31.487396 33.572842
v -44.420578 32.188599 33.196762
v -44.387791 35.836639 32.901199
v -44.001438 36.422256 36.564785
v -44.528255 35.926315 31.397034
v -44.911839 36.035202 32.053879
v -43.312626 29.298279 36.306316
v -44.005970 30.554123 33.363907
v -37.584564 16.496038 -121.938385
v -37.219009 20.774481 -121.938385
v -44.387424 37.629684 31.042007
v -44.839211 37.395355 31.690155
v -44.240276 37.008209 33.465076
v -43.471893 28.248505 37.970963
v -43.642872 33.276505 37.303131
v -43.852127 35.923813 37.512234
v -44.708881 32.638046 19.686707
v -44.619034 29.227951 23.789745
v -43.061405 25.174835 37.078838
v -43.142506 31.622498 37.473763
v -44.949894 26.963333 25.057373
v -41.956600 23.788208 36.514828
v -44.764324 26.236206 23.191303
v -44.064220 23.845642 23.870216
v -45.387165 26.656509 24.641392
v -45.255993 25.904907 23.097363
v -44.446697 20.373962 27.458454
v -45.473408 20.387650 26.566425
v -38.588528 -3.372149 -121.937149
v -45.475903 23.538696 23.386650
v -37.369186 12.228461 -121.938385
v -44.805927 28.840378 23.445179
v -38.652565 3.176864 -121.938385
v -41.769665 23.956726 37.267296
v -42.723202 21.270203 24.797707
v -43.532879 32.566284 37.644543
v -37.287682 12.904837 -121.938385
v -45.530972 40.526611 21.797451
v -44.764584 30.860596 29.531094
v -44.790665 36.125000 27.096516
v -42.892834 39.496796 36.681721
v -44.878437 41.627838 21.591034
v -43.527382 39.539413 35.591877
v -44.179832 45.727280 37.639645
v -44.796711 38.182449 31.671024
v -44.992847 36.811966 31.611645
v -44.312824 41.748611 21.473740
v -43.093822 46.961319 37.211285
v -44.146618 44.747894 34.914688
v -45.347057 47.369781 34.742718
v -45.742588 21.024460 18.263641
v -45.356438 20.758728 18.153297
v -45.032619 22.240204 24.988659
v -44.446697 20.373962 27.458454
v -44.723286 21.544830 22.519981
v -45.528095 41.955688 37.285328
v -45.686253 42.112259 32.228683
v -45.782642 67.494431 34.589172
v -45.577541 67.609634 34.730228
v -37.302307 46.359108 -121.938385
v -45.863026 57.610641 42.118626
v -45.756039 60.468292 41.751888
v -44.102531 50.348816 36.990299
v -44.550259 55.702393 39.390572
v -44.992107 62.877518 40.830036
v -35.587364 64.863678 43.526501
v -44.899925 61.556625 40.832272
v -45.865040 61.213531 41.458881
v -37.315758 35.844231 -121.938385
v -37.485153 27.362570 -121.938385
v -35.670189 70.437424 42.290981
v -45.984211 66.452545 32.123989
v -45.532444 63.303635 37.387871
v -45.836746 62.925751 37.192947
v -45.782600 59.473755 33.276558
v -45.508930 60.257996 37.487461
v -45.187023 60.377106 37.718262
v -45.021896 56.151382 37.477238
v -45.200825 69.109604 39.183537
v -37.725357 38.566460 -121.938385
v -46.670120 46.204346 21.538868
v -37.756477 24.550283 -121.938385
v -46.315926 47.910095 21.319324
v -45.985012 50.273758 25.247925
v -46.351185 55.263931 25.516216
v -45.634029 48.196045 22.781055
v -37.343620 29.961752 -121.938385
v -37.312233 31.196066 -121.938385
v -46.276012 49.558044 24.863544
v -46.591827 47.780457 21.233685
v -45.934116 48.103500 22.373451
v -46.847698 46.037598 17.911961
v -45.437466 45.929306 23.764977
v -46.282299 52.138168 23.839832
v -46.575321 46.086319 21.073238
v -46.557308 49.464355 24.075180
v -45.744171 49.608658 25.554134
v -46.251606 54.335938 25.522434
v -45.052410 55.152542 39.214600
v -45.120762 49.404572 26.249886
v -44.661037 51.621994 40.005466
v -43.990116 51.819366 39.837162
v -44.834911 51.950851 39.995949
v -45.392471 51.375137 35.966629
v -46.003624 50.594772 25.348473
v -46.103344 50.561676 25.035686
v -44.073124 50.475403 38.656395
v -45.414227 46.634735 25.389957
v -45.609081 45.955170 22.364227
v -29.653774 26.202713 43.019894
v -29.746819 23.890030 43.748360
v -28.099691 25.720215 40.506901
v -30.847179 45.939728 40.169445
v -30.695591 43.343918 40.553436
v -30.704468 42.374771 40.807644
v -29.100069 31.227539 40.841778
v -31.424580 44.049911 41.613785
v -30.864803 43.500198 40.801266
v -31.007206 43.484756 41.046322
v -29.039196 26.071732 42.011353
v -31.407734 45.121811 41.320595
v -30.512257 38.527756 41.431564
v -29.610949 30.181061 41.965385
v -28.788586 27.167496 41.316498
v -29.666698 33.498993 41.240780
v -28.099691 25.720215 40.506901
v -28.391439 25.819016 40.976669
v -29.884068 34.593643 41.338715
v -30.095661 41.274414 40.048050
v -29.801725 41.452286 39.506416
v -31.478336 47.480438 40.857952
v -31.487797 48.443451 40.636314
v -44.792793 55.643341 37.522396
v -44.589024 51.308105 36.445480
v -42.859715 47.743362 39.162605
v -32.579357 49.108734 42.320850
v -35.588932 58.919235 44.996471
v -35.705986 61.744171 44.497482
v -35.688400 62.507904 44.279209
v -35.319508 62.597214 43.632267
v -32.959667 57.721375 40.838974
v -32.942478 57.044952 40.976906
v -31.879299 52.117233 40.392628
v -33.232494 53.374146 42.374176
v -32.603008 52.134018 41.614178
v -31.877941 53.147644 40.135895
v -33.676228 56.910507 42.252895
v -41.946362 72.887985 35.302547
v -41.741238 73.003159 35.443668
v -33.465973 51.752617 -121.938385
v -42.147953 71.846115 32.837383
v -41.364498 74.503128 39.896954
v -36.509048 73.457352 36.569801
v -36.303959 73.572632 36.710968
v -28.028763 52.322090 -121.938385
v -36.710629 72.415527 34.104725
v -35.927261 75.072556 41.164242
v -42.943703 14.122871 40.861778
v -43.855488 12.791832 28.328564
v -44.769993 11.366455 27.601841
v -36.326851 -12.407435 -121.937149
v -29.233379 13.849518 42.385342
v -30.910679 9.183899 29.344463
v -31.972490 -4.005640 -40.999718
v -29.995777 10.604111 30.071892
v -48.845810 42.559158 6.619841
v -48.159210 42.912689 6.284613
v -50.442600 21.977753 3.063549
v -49.634232 22.667160 9.706579
v -49.580910 20.834946 3.480038
v -49.864456 21.560242 10.338236
v -49.592949 20.096588 3.967075
v -50.164299 27.783218 2.511158
v -50.442116 27.692383 2.459187
v -50.975220 25.827377 2.133366
v -51.086525 24.386978 2.331135
v -51.437981 26.459091 0.298801
v -50.148155 21.593658 2.749310
v -50.433968 27.858292 1.328632
v -51.149277 26.569275 0.372173
v -48.919258 20.455917 3.160290
v -49.607948 20.837021 3.139256
v -49.887161 30.328568 6.973604
v -41.164223 20.383627 -121.938385
v -48.798508 40.802963 0.710674
v -48.904377 38.309021 0.640217
v -49.141182 41.269608 0.704113
v -40.220505 26.743628 -121.938385
v -49.192795 43.577576 0.993595
v -48.016724 22.245026 8.573008
v -48.381462 20.751007 2.795639
v -48.100952 42.499069 8.341932
v -48.305996 39.984146 8.896624
v -50.123348 27.527496 2.747898
v -47.890152 41.124985 0.731121
v -49.275406 28.195312 2.664593
v -48.444130 39.007401 9.018217
v -48.273628 27.786087 8.853956
v -51.095070 20.526016 0.574528
v -44.405796 3.354712 -121.938385
v -49.486877 23.546951 2.426128
v -50.091328 26.067062 2.126415
v -48.756729 36.948669 1.807575
v -48.859886 39.983688 1.669521
v -49.384380 41.359329 6.759527
v -49.446362 40.703766 9.370394
v -51.145081 27.207214 -0.195568
v -48.407143 40.138947 9.045321
v -48.701515 39.452179 8.494654
v -48.533752 40.121536 9.182608
v -50.641663 31.119034 -0.732738
v -50.647644 31.068695 -0.668797
v -48.730400 22.585922 9.439955
v -48.813995 44.523209 1.473095
v -44.460850 3.746757 -121.938385
v -50.936771 30.374268 -0.775249
v -51.131699 20.666168 0.809978
v -51.148064 29.983124 -0.874302
v -51.139404 27.947784 -0.202427
v -50.936653 30.339172 -0.709965
v -51.115677 29.798584 -0.409214
v -50.986912 27.739716 -0.815678
v -51.295471 27.466003 0.461033
v -40.141991 27.371908 -121.938385
v -47.221317 47.637100 10.091173
v -48.374943 35.977753 4.977175
v -49.841347 41.931885 9.338255
v -48.942307 35.899399 6.504976
v -49.363392 34.230179 6.806978
v -48.723602 30.306625 7.262072
v -49.338097 31.119843 7.126909
v -48.857403 34.745010 6.995337
v -48.516357 34.986877 8.800562
v -48.939819 34.969757 6.254492
v -49.325432 35.073898 6.609167
v -48.686108 27.878601 8.588984
v -49.130554 29.438919 7.173857
v -41.115036 20.329962 -121.938385
v -40.262535 24.451056 -121.938385
v -48.584805 36.663681 6.076227
v -49.078857 36.437912 6.429438
v -48.587708 35.840057 7.272615
v -49.020332 26.729874 9.425585
v -48.563416 31.774155 9.128935
v -48.457600 34.400757 9.260832
v -49.159309 32.664017 0.405285
v -49.605598 28.958893 2.430164
v -48.958046 23.710266 8.936865
v -48.273529 30.062729 9.171728
v -50.243607 26.662231 3.074230
v -48.016724 22.245026 8.573008
v -50.091328 26.067062 2.126415
v -49.486877 23.546951 2.426128
v -50.699871 26.446671 2.894939
v -50.602741 25.808075 2.112514
v -50.037529 19.856049 4.258625
v -52.814377 16.403414 4.252915
v -46.599949 -2.512863 -121.579033
v -50.853180 23.455643 2.284214
v -41.342010 16.277563 -121.938385
v -49.826492 28.626465 2.269039
v -43.751263 7.357520 -121.938385
v -47.834583 22.328857 8.936728
v -48.381462 20.751007 2.795639
v -48.550720 31.031265 9.288347
v -41.188881 16.912695 -121.938385
v -49.085243 40.398941 1.554394
v -49.726757 30.139069 5.314043
v -49.044693 35.537689 4.126919
v -47.054619 37.877243 8.798536
v -48.301788 41.421661 1.412258
v -47.643219 38.084991 8.298098
v -47.604431 44.122452 9.395712
v -48.941551 37.212036 6.420923
v -49.298527 35.886749 6.397871
v -47.725075 41.479141 1.315685
v -46.370117 45.239365 9.113802
v -47.607014 43.364685 8.028334
v -48.471764 46.120926 8.037504
v -51.436901 21.427063 -0.269520
v -51.036755 21.117615 -0.354156
v -50.442600 21.977753 3.063549
v -50.037529 19.856049 4.258625
v -50.201775 21.449753 1.801479
v -49.379623 40.591888 9.292002
v -49.363808 41.164551 6.779650
v -46.473537 66.080460 8.090921
v -46.261375 66.157471 8.147955
v -37.441345 49.289406 -121.938385
v -47.971581 55.728012 11.805399
v -47.510601 58.568069 11.629320
v -46.951824 48.732040 9.089304
v -46.822052 53.891327 10.344637
v -46.437984 60.926025 11.129057
v -36.991226 61.493805 11.842951
v -46.506042 59.608505 11.117369
v -47.519588 59.341492 11.494211
v -38.614876 39.173363 -121.938385
v -39.696037 31.090231 -121.938385
v -36.369900 66.614014 10.941671
v -46.723450 65.270081 6.869020
v -46.816017 61.686157 9.449945
v -47.156208 61.366302 9.371492
v -47.399689 58.255615 7.395830
v -47.162579 58.664780 9.482870
v -46.837311 58.723938 9.576651
v -47.175804 54.545105 9.424009
v -45.843605 67.242157 10.352583
v -38.717514 41.848366 -121.938385
v -49.518772 46.174988 1.531338
v -40.329826 28.273916 -121.938385
v -48.956776 47.833710 1.406040
v -48.464310 49.819229 3.356220
v -48.233147 54.776825 3.540028
v -48.293152 47.915466 2.090565
v -39.285591 33.531593 -121.938385
v -39.093712 34.779579 -121.938385
v -48.826317 49.178650 3.180599
v -49.242317 47.747070 1.381496
v -48.588329 47.893860 1.907101
v -49.604267 46.318054 -0.267803
v -48.401848 45.572662 2.556950
v -48.490726 51.810425 2.682972
v -49.425167 46.083023 1.291805
v -49.091560 49.183472 2.805782
v -48.315849 49.107376 3.489292
v -48.246727 53.846512 3.531635
v -47.378845 53.424774 10.288393
v -47.745743 48.772400 3.793011
v -47.441460 49.823593 10.638731
v -46.749969 49.947327 10.509970
v -47.573357 50.171173 10.647532
v -48.071316 49.989426 8.671476
v -48.447102 50.130875 3.409298
v -48.540154 50.135391 3.259800
v -46.958054 48.722321 9.919588
v -48.343208 46.139023 3.369968
v -48.525856 45.730118 1.869617
v -35.771393 22.571716 10.992353
v -36.163891 20.240097 11.350662
v -34.218357 22.097198 9.629429
v -34.486717 42.455841 9.749327
v -34.661274 39.840668 9.917711
v -34.794487 38.863724 10.040358
v -34.553333 27.640442 9.892347
v -35.328411 40.546707 10.500242
v -34.817070 39.996918 10.053736
v -34.966969 39.980255 10.185652
v -35.149567 22.444244 10.446253
v -35.173775 41.627243 10.358103
v -35.086819 34.987808 10.319530
v -35.218018 26.581848 10.482761
v -34.749050 23.550629 10.087727
v -34.851479 29.925613 10.141466
v -34.218357 22.097198 9.629429
v -34.508919 22.194504 9.884312
v -34.937302 31.027359 10.210592
v -34.302608 37.759308 9.614151
v -33.974472 37.940765 9.324589
v -34.945404 44.003998 10.143785
v -34.832085 44.974701 10.038530
v -47.012112 54.010513 9.428354
v -47.300240 49.784409 8.855364
v -46.103828 45.829300 10.075769
v -35.881157 45.636887 10.957258
v -37.753242 55.502243 12.547148
v -37.513565 58.348694 12.320185
v -37.397644 59.118652 12.213778
v -37.002838 59.211395 11.866217
v -35.174587 54.314774 10.286528
v -35.243320 53.633179 10.350794
v -34.768993 48.674484 9.962000
v -36.014156 49.931091 11.049711
v -35.518719 48.685883 10.621187
v -34.635643 49.712997 9.838896
v -36.022896 53.492126 11.037081
v -42.056519 70.873001 8.212015
v -41.844284 70.950058 8.269098
v -33.024345 54.081902 -121.938385
v -42.306404 70.062576 6.990133
v -41.429428 71.776855 10.308577
v -36.669888 69.394943 7.671618
v -36.458344 69.426437 7.699438
v -27.623589 53.860939 -121.938385
v -36.913891 69.113876 6.788465
v -36.050541 69.619186 9.333174
v -50.287491 12.473045 10.761995
v -50.706467 12.240402 4.585857
v -51.662727 10.996948 4.287304
v -43.211685 -8.076533 -121.937149
v -36.824654 10.358002 10.585239
v -38.648094 6.983810 4.167095
v -31.735878 -11.981395 -121.937149
v -37.595413 8.215363 4.474815
v -60.264835 -54.468178 11.032962
v -59.635456 -54.077461 10.443618
v -59.952221 -75.771584 4.080554
v -58.497883 -73.839928 17.651958
v -58.984562 -76.723885 5.047554
v -58.566753 -74.867760 18.918343
v -58.916912 -77.381615 6.033683
v -59.950382 -70.016243 2.999839
v -60.219212 -70.153435 2.860328
v -60.553738 -72.135979 2.178882
v -60.646252 -73.563942 2.546482
v -61.153957 -71.873634 -1.578484
v -59.629711 -76.165062 3.498123
v -60.278217 -70.174156 0.587463
v -60.875713 -71.712135 -1.395016
v -58.215336 -77.056114 4.529235
v -59.015171 -76.780968 4.363246
v -59.798878 -66.710716 11.927596
v -52.559895 -81.469299 -142.846481
v -60.248173 -57.183327 -0.776162
v -60.052715 -59.688591 -0.865574
v -60.647991 -56.767815 -0.848225
v -46.899921 -74.572845 -142.393997
v -60.969196 -54.433022 -0.335332
v -56.876202 -74.223579 15.606723
v -57.642803 -76.741585 3.889602
v -59.441471 -54.140724 14.592338
v -59.316586 -56.577248 15.744975
v -59.868397 -70.225716 3.487453
v -59.378506 -56.734489 -0.620736
v -59.105602 -69.458565 3.417251
v -59.330410 -57.547112 15.996367
v -57.797558 -68.704796 15.988368
v -60.399616 -77.704979 -0.923878
v -53.741161 -98.916634 -142.846481
v -58.983822 -74.166145 2.962112
v -59.683926 -71.775581 2.283199
v -59.690708 -60.827660 1.533950
v -60.169804 -57.847816 1.162235
v -60.651112 -55.712181 11.272418
v -60.524746 -55.941063 16.522491
v -60.972805 -71.171181 -2.551148
v -59.430424 -56.412788 16.025608
v -59.663746 -57.226967 14.898685
v -59.549145 -56.424904 16.284603
v -60.969166 -67.302040 -3.665516
v -60.966320 -67.342278 -3.536503
v -57.595432 -73.840034 17.241276
v -60.685963 -53.361565 0.653270
v -53.847019 -98.546097 -142.846481
v -61.175045 -68.090172 -3.770859
v -60.467777 -77.533852 -0.467728
v -61.342640 -68.524452 -3.987721
v -61.057796 -70.435402 -2.583855
v -61.167965 -68.114174 -3.638817
v -61.268551 -68.626640 -3.045010
v -60.905415 -70.722496 -3.788636
v -61.127567 -70.826271 -1.260281
v -46.868046 -73.817734 -142.393997
v -59.116383 -48.623161 18.086170
v -59.059055 -61.216530 7.974342
v -61.070904 -54.780067 16.371819
v -59.553486 -61.120399 10.966468
v -59.758213 -62.787834 11.560206
v -58.620907 -66.524391 12.664737
v -59.340176 -65.823189 12.288657
v -59.307392 -62.175148 11.993094
v -58.921040 -61.589531 15.656680
v -59.447857 -62.085472 10.488929
v -59.831440 -61.976585 11.145774
v -58.232227 -68.713509 15.398211
v -58.925571 -67.457664 12.455802
v -52.504162 -81.515747 -142.846481
v -52.138607 -77.237305 -142.846481
v -59.307026 -60.382103 10.133903
v -59.758808 -60.616432 10.782050
v -59.159878 -61.003578 12.556972
v -58.391491 -69.763283 17.062859
v -58.562473 -64.735283 16.395027
v -58.771725 -62.087975 16.604130
v -59.628483 -65.373741 -1.221398
v -59.538631 -68.783836 2.881641
v -57.981007 -72.836952 16.170734
v -58.062107 -66.389290 16.565659
v -59.869495 -71.048454 4.149269
v -56.876202 -74.223579 15.606723
v -59.683926 -71.775581 2.283199
v -58.983822 -74.166145 2.962112
v -60.306767 -71.355278 3.733287
v -60.175594 -72.106880 2.189258
v -59.366299 -77.637825 6.550350
v -60.393009 -77.624138 5.658321
v -53.518032 -103.883804 -142.846481
v -60.395504 -74.473091 2.478546
v -52.288784 -85.783325 -142.846481
v -59.725529 -69.171410 2.537075
v -53.572163 -94.834923 -142.846481
v -56.689266 -74.055061 16.359192
v -57.642803 -76.741585 3.889602
v -58.452480 -65.445503 16.736439
v -52.207279 -85.106949 -142.846481
v -60.450573 -57.485176 0.889346
v -59.684185 -67.151192 8.622989
v -59.710262 -61.886787 6.188411
v -57.812435 -58.514992 15.773616
v -59.798038 -56.383949 0.682929
v -58.446980 -58.472374 14.683772
v -59.099430 -52.284508 16.731541
v -59.716312 -59.829338 10.762919
v -59.912449 -61.199821 10.703540
v -59.232426 -56.263176 0.565635
v -58.013424 -51.050468 16.303181
v -59.066219 -53.263893 14.006583
v -60.266659 -50.642006 13.834613
v -60.662189 -76.987328 -2.644463
v -60.276035 -77.253059 -2.754807
v -59.952221 -75.771584 4.080554
v -59.366299 -77.637825 6.550350
v -59.642887 -76.466957 1.611877
v -60.447697 -56.056099 16.377224
v -60.605854 -55.899529 11.320579
v -55.617783 -28.773542 13.907794
v -54.994144 -29.916031 14.274609
v -49.613445 -49.644691 -142.894714
v -60.782627 -40.401146 21.210522
v -60.675640 -37.543495 20.843784
v -59.022129 -47.662971 16.082195
v -59.469860 -42.309395 18.482468
v -59.911709 -35.134270 19.921932
v -50.506962 -33.148109 22.618397
v -59.819523 -36.455162 19.924168
v -60.784641 -36.798256 20.550777
v -46.732357 -61.681427 -142.393997
v -46.901752 -70.163086 -142.393997
v -45.222435 -27.860039 21.936512
v -62.740711 -33.326149 2.169046
v -59.239277 -33.991215 16.489332
v -61.229778 -32.488888 15.855898
v -63.596737 -37.016174 11.867741
v -63.323071 -36.231934 16.078646
v -60.106625 -37.634682 16.810158
v -59.941494 -41.860405 16.569134
v -54.617428 -28.416061 18.727919
v -47.141956 -58.959198 -142.393997
v -61.589718 -51.807442 0.630763
v -47.173077 -72.975372 -142.393997
v -61.235523 -50.101692 0.411220
v -60.904613 -47.738029 4.339820
v -61.270786 -42.747856 4.608112
v -60.553631 -49.815742 1.872951
v -46.760220 -67.563904 -142.393997
v -46.728832 -66.329590 -142.393997
v -61.195614 -48.453743 3.955440
v -61.511425 -50.231331 0.325580
v -60.853718 -49.908287 1.465347
v -61.767300 -51.974190 -2.996144
v -60.357067 -52.082481 2.856872
v -61.201900 -45.873619 2.931728
v -61.494923 -51.925468 0.165134
v -61.476910 -48.547432 3.167076
v -60.663769 -48.403130 4.646030
v -61.171207 -43.675850 4.614330
v -59.972012 -42.859245 18.306496
v -60.040363 -48.607216 5.341781
v -59.580639 -46.389793 19.097363
v -58.909718 -46.192421 18.929058
v -59.754513 -46.060936 19.087845
v -60.312069 -46.636650 15.058524
v -60.923222 -47.417015 4.440368
v -61.022945 -47.450111 4.127582
v -58.992725 -47.536385 17.748291
v -60.333828 -51.377052 4.481853
v -60.528683 -52.056618 1.456123
v -44.573376 -71.809074 22.111790
v -44.666416 -74.121758 22.840256
v -43.019291 -72.291573 19.598797
v -45.766781 -52.072060 19.261341
v -45.615192 -54.667870 19.645332
v -45.624065 -55.637016 19.899540
v -44.019665 -66.784248 19.933674
v -46.344181 -53.961876 20.705681
v -45.784405 -54.511589 19.893162
v -45.926807 -54.527031 20.138218
v -43.958797 -71.940056 21.103249
v -46.327335 -52.889977 20.412491
v -45.431858 -59.484032 20.523460
v -44.530544 -67.830727 21.057281
v -43.708187 -70.844292 20.408394
v -44.586300 -64.512794 20.332676
v -43.019291 -72.291573 19.598797
v -43.311039 -72.192772 20.068565
v -44.803669 -63.418144 20.430611
v -45.015263 -56.737373 19.139946
v -44.721325 -56.559502 18.598312
v -46.397938 -50.531349 19.949848
v -46.407398 -49.568336 19.728210
v -59.712391 -42.368446 16.614292
v -59.508625 -46.703682 15.537375
v -57.779316 -50.268425 18.254501
v -47.498959 -48.903053 21.412746
v -50.508533 -39.092552 24.088367
v -50.625584 -36.267616 23.589378
v -50.607998 -35.503883 23.371105
v -50.239109 -35.414574 22.724163
v -47.879269 -40.290413 19.930870
v -47.862080 -40.966835 20.068802
v -46.798901 -45.894554 19.484524
v -48.152096 -44.637642 21.466072
v -47.522610 -45.877769 20.706074
v -46.797543 -44.864143 19.227791
v -48.595829 -41.101280 21.344791
v -51.781502 -23.379988 14.621169
v -51.157841 -24.522507 14.988049
v -42.882572 -45.773048 -142.393997
v -51.564556 -25.679550 12.381763
v -50.781101 -23.022537 19.441336
v -46.061295 -24.840111 16.215330
v -45.856209 -24.724831 16.356497
v -37.305656 -44.592503 -142.470978
v -46.123173 -25.270864 13.673269
v -45.479507 -23.224907 20.809772
v -57.863300 -83.888916 19.953674
v -58.775089 -85.219955 7.420459
v -59.689594 -86.645332 6.693737
v -51.256359 -112.919090 -142.846481
v -44.152981 -84.162270 21.477238
v -45.830280 -88.827888 8.436358
v -38.955296 -115.087517 -142.846481
v -44.915379 -87.407677 9.163787
v -63.765408 -55.452629 -14.288263
v -63.078808 -55.099098 -14.623491
v -65.362206 -76.034035 -17.844555
v -64.553833 -75.344627 -11.201525
v -64.500511 -77.176842 -17.428066
v -64.784058 -76.451546 -10.569868
v -64.512550 -77.915199 -16.941029
v -65.083900 -70.228569 -18.396946
v -65.361717 -70.319405 -18.448917
v -65.894821 -72.184410 -18.774738
v -66.006126 -73.624809 -18.576969
v -66.357582 -71.552696 -20.609303
v -65.067757 -76.418129 -18.158794
v -65.353569 -70.153496 -19.579472
v -66.068878 -71.442513 -20.535931
v -63.838856 -77.555870 -17.747814
v -64.527550 -77.174767 -17.768848
v -64.806763 -67.683220 -13.934500
v -56.083820 -77.628159 -142.846481
v -63.718105 -57.208824 -20.197430
v -63.823978 -59.702766 -20.267887
v -64.060783 -56.742180 -20.203991
v -49.637104 -70.782028 -142.393997
v -64.112396 -54.434212 -19.914509
v -62.936321 -75.766762 -12.335096
v -63.301060 -77.260780 -18.112465
v -63.020550 -55.512718 -12.566172
v -63.225597 -58.027641 -12.011480
v -65.042953 -70.484291 -18.160206
v -62.809750 -56.886803 -20.176983
v -64.195007 -69.816475 -18.243511
v -63.363728 -59.004387 -11.889887
v -63.193226 -70.225700 -12.054148
v -66.014671 -77.485771 -20.333576
v -59.325401 -94.657074 -142.846481
v -64.406479 -74.464836 -18.481976
v -65.010933 -71.944725 -18.781689
v -63.676327 -61.063118 -19.100529
v -63.779484 -58.028099 -19.238583
v -64.303986 -56.652458 -14.148577
v -64.365967 -57.308022 -11.537710
v -66.064682 -70.804573 -21.103672
v -63.326740 -57.872841 -11.862783
v -63.621113 -58.559608 -12.413450
v -63.453350 -57.890251 -11.725496
v -65.561264 -66.892754 -21.640842
v -65.567245 -66.943092 -21.576900
v -63.649998 -75.425865 -11.468149
v -63.733593 -53.488579 -19.435009
v -59.380455 -94.265030 -142.846481
v -65.856377 -67.637520 -21.683353
v -66.051300 -77.345619 -20.098125
v -66.067665 -68.028664 -21.782406
v -66.059006 -70.064003 -21.110531
v -65.856255 -67.672615 -21.618069
v -66.035278 -68.213203 -21.317318
v -65.906517 -70.272072 -21.723782
v -66.215073 -70.545784 -20.447071
v -49.558590 -70.153748 -142.393997
v -62.140919 -50.374687 -10.816931
v -63.294544 -62.034035 -15.930929
v -64.760948 -56.079903 -11.569849
v -63.861904 -62.112389 -14.403128
v -64.282997 -63.781609 -14.101126
v -63.643200 -67.705162 -13.646032
v -64.257698 -66.891945 -13.781195
v -63.777004 -63.266777 -13.912767
v -63.435955 -63.024910 -12.107542
v -63.859417 -63.042030 -14.653612
v -64.245033 -62.937889 -14.298937
v -63.605709 -70.133186 -12.319120
v -64.050156 -68.572868 -13.734247
v -56.034634 -77.681824 -142.846481
v -49.679134 -73.074600 -142.393997
v -63.504406 -61.348106 -14.831877
v -63.998455 -61.573875 -14.478666
v -63.507305 -62.171730 -13.635489
v -63.939930 -71.281914 -11.482519
v -63.483013 -66.237633 -11.779169
v -63.377201 -63.611031 -11.647272
v -64.078911 -65.347771 -20.502819
v -64.525200 -69.052895 -18.477940
v -63.877644 -74.301521 -11.971239
v -63.193127 -67.949059 -11.736376
v -65.163208 -71.349556 -17.833874
v -62.936321 -75.766762 -12.335096
v -65.010933 -71.944725 -18.781689
v -64.406479 -74.464836 -18.481976
v -65.619476 -71.565117 -18.013165
v -65.522346 -72.203712 -18.795589
v -64.957130 -78.155739 -16.649479
v -65.820168 -77.951439 -17.013302
v -59.615646 -99.367584 -142.846481
v -65.772781 -74.556145 -18.623890
v -56.261608 -81.734222 -142.846481
v -64.746094 -69.385323 -18.639065
v -58.670868 -90.654266 -142.846481
v -62.754185 -75.682930 -11.971376
v -63.301060 -77.260780 -18.112465
v -63.470318 -66.980522 -11.619757
v -56.108479 -81.099091 -142.846481
v -64.004845 -57.612846 -19.353710
v -64.646362 -67.872719 -15.594061
v -63.964291 -62.474098 -16.781185
v -61.974216 -60.134544 -12.109568
v -63.221386 -56.590126 -19.495846
v -62.562817 -59.926796 -12.610006
v -62.524029 -53.889336 -11.512392
v -63.861149 -60.799751 -14.487181
v -64.218132 -62.125038 -14.510233
v -62.644672 -56.532646 -19.592419
v -61.289715 -52.772423 -11.794302
v -62.526615 -54.647102 -12.879770
v -63.391361 -51.890862 -12.870600
v -66.356506 -76.584724 -21.177624
v -65.956360 -76.894173 -21.262260
v -65.362206 -76.034035 -17.844555
v -64.957130 -78.155739 -16.649479
v -65.121376 -76.562035 -19.106625
v -64.299225 -57.419899 -11.616102
v -64.283409 -56.847237 -14.128454
v -55.890141 -31.445206 -12.364697
v -55.677975 -31.368195 -12.307664
v -46.857944 -48.236252 -142.393997
v -62.891178 -42.283775 -9.102705
v -56.927204 -38.957588 -8.826299
v -61.871426 -49.279747 -11.818800
v -61.741650 -44.120461 -10.563467
v -55.854588 -36.599632 -9.326562
v -46.407825 -36.031853 -8.612668
v -55.922642 -37.917152 -9.338250
v -56.936192 -38.184166 -8.961408
v -48.031475 -58.352295 -142.393997
v -49.112637 -66.435425 -142.393997
v -45.786503 -30.911652 -9.513947
v -56.140049 -32.255581 -13.586598
v -56.232616 -35.839500 -11.005673
v -56.572811 -36.159355 -11.084126
v -56.816288 -39.270042 -13.059789
v -56.579182 -38.860878 -10.972749
v -56.253910 -38.801720 -10.878968
v -62.095402 -43.466682 -11.484095
v -55.260204 -30.283508 -10.103036
v -48.134113 -55.677292 -142.393997
v -64.438377 -51.836800 -19.376766
v -49.746426 -69.251740 -142.393997
v -63.876377 -50.178078 -19.502064
v -63.383907 -48.192558 -17.551884
v -57.649746 -42.748833 -16.915590
v -63.212749 -50.096321 -18.817539
v -48.702190 -63.994064 -142.393997
v -48.510311 -62.746078 -142.393997
v -63.745914 -48.833138 -17.727505
v -64.161919 -50.264717 -19.526608
v -63.507931 -50.117928 -19.001003
v -64.523872 -51.693733 -21.175907
v -63.321445 -52.439125 -18.351154
v -63.410328 -46.201363 -18.225132
v -64.344772 -51.928764 -19.616299
v -64.011162 -48.828316 -18.102322
v -63.235447 -48.904411 -17.418812
v -57.663326 -43.679146 -16.923983
v -62.298443 -44.587013 -10.619711
v -62.665340 -49.239388 -17.115093
v -62.361057 -48.188194 -10.269373
v -61.669567 -48.064461 -10.398134
v -62.492954 -47.840614 -10.260572
v -62.990917 -48.022362 -12.236628
v -63.366703 -47.880913 -17.498806
v -63.459751 -47.876396 -17.648304
v -61.877651 -49.289467 -10.988516
v -63.262806 -51.872765 -17.538136
v -63.445454 -52.281670 -19.038486
v -50.690990 -75.440071 -9.915751
v -51.083492 -77.771690 -9.557442
v -49.137959 -75.914589 -11.278675
v -49.406315 -55.555946 -11.158777
v -49.580875 -58.171120 -10.990393
v -49.714085 -59.148064 -10.867746
v -49.472935 -70.371346 -11.015757
v -50.248013 -57.465080 -10.407862
v -49.736668 -58.014870 -10.854368
v -49.886570 -58.031532 -10.722452
v -50.069164 -75.567543 -10.461851
v -50.093372 -56.384544 -10.550001
v -50.006420 -63.023979 -10.588573
v -50.137615 -71.429939 -10.425343
v -49.668652 -74.461159 -10.820377
v -49.771076 -68.086174 -10.766638
v -49.137959 -75.914589 -11.278675
v -49.428516 -75.817284 -11.023792
v -49.856899 -66.984428 -10.697512
v -49.222210 -60.252480 -11.293953
v -48.894070 -60.071022 -11.583515
v -49.865002 -54.007790 -10.764318
v -49.751682 -53.037086 -10.869574
v -61.931713 -44.001274 -11.479750
v -62.219837 -48.227379 -12.052740
v -61.023426 -52.182487 -10.832335
v -50.800755 -52.374901 -9.950846
v -47.169842 -42.023415 -7.908471
v -46.930164 -39.176964 -8.135434
v -46.814243 -38.407005 -8.241841
v -46.419437 -38.314262 -8.589402
v -44.591190 -43.210884 -10.169091
v -50.162922 -44.378609 -10.557310
v -49.688595 -49.337303 -10.946104
v -50.933758 -48.080696 -9.858393
v -50.438320 -49.325905 -10.286917
v -49.555241 -48.298790 -11.069208
v -50.942493 -44.519661 -9.871023
v -51.473118 -26.652664 -12.243604
v -51.260883 -26.575607 -12.186521
v -42.440945 -43.443764 -142.393997
v -51.723003 -27.463089 -13.465486
v -50.846027 -25.748810 -10.147042
v -46.086491 -28.130722 -12.784001
v -45.874943 -28.099228 -12.756181
v -37.040188 -43.664726 -142.393997
v -46.330494 -28.411789 -13.667153
v -45.602791 -28.678276 -11.021297
v -65.207092 -85.538742 -10.146109
v -65.626068 -85.771385 -16.322247
v -66.582329 -87.014839 -16.620800
v -58.141197 -108.588188 -142.846481
v -51.744251 -87.653786 -10.322865
v -53.567692 -91.027977 -16.741009
v -46.665386 -112.493050 -142.846481
v -52.515011 -89.796425 -16.433289
vt 0.411405 0.486429
vt 0.411405 0.486429
vt 0.411405 0.486429
vt 0.411405 0.486429
vt 0.411405 0.486429
vt 0.411405 0.486429
vt 0.411405 0.486429
vt 0.411405 0.486429
vt 0.411405 0.486429
vt 0.411405 0.486429
vt 0.411405 0.486429
vt 0.411405 0.486429
vt 0.411405 0.486429
vt 0.411405 0.486429
vt 0.411405 0.486429
vt 0.411405 0.486429
vt 0.411405 0.486429
vt 0.411405 0.486428
vt 0.411405 0.486429
vt 0.411405 0.486429
vt 0.411405 0.486429
vt 0.411405 0.486429
vt 0.411405 0.486429
vt 0.411405 0.486429
vt 0.411405 0.486429
vt 0.411405 0.486429
vt 0.411405 0.486429
vt 0.411405 0.486429
vt 0.411405 0.486429
vt 0.411405 0.486429
vt 0.411405 0.486429
vt 0.411405 0.486429
vt 0.411405 0.486429
vt 0.411405 0.486429
vt 0.411405 0.486429
vt 0.411405 0.486429
vt 0.411405 0.486429
vt 0.411405 0.486429
vt 0.411405 0.486429
vt 0.411405 0.486429
vt 0.411405 0.486429
vt 0.411405 0.486429
vt 0.411405 0.486429
vt 0.411405 0.486429
vt 0.411405 0.486429
vt 0.411405 0.486429
vt 0.411405 0.486429
vt 0.411405 0.486429
vt 0.411405 0.486429
vt 0.411405 0.486429
vt 0.411405 0.486429
vt 0.411405 0.486429
vt 0.411405 0.486429
vt 0.411405 0.486429
vt 0.411405 0.486429
vt 0.411405 0.486429
vt 0.411405 0.486429
vt 0.411405 0.486429
vt 0.411405 0.486429
vt 0.411405 0.486429
vt 0.411405 0.486429
vt 0.411405 0.486429
vt 0.411405 0.486429
vt 0.411405 0.486429
vt 0.411405 0.486429
vt 0.411405 0.486429
vt 0.411405 0.486429
vt 0.411405 0.486429
vt 0.411405 0.486429
vt 0.411405 0.486429
vt 0.411405 0.486429
vt 0.411405 0.486429
vt 0.411405 0.486429
vt 0.411405 0.486429
vt 0.411405 0.486429
vt 0.411405 0.486429
vt 0.411405 0.486429
vt 0.411405 0.486429
vt 0.411405 0.486429
vt 0.411405 0.486429
vt 0.411405 0.486429
vt 0.411405 0.486429
vt 0.411405 0.486429
vt 0.411405 0.486429
vt 0.411405 0.486429
vt 0.411405 0.486429
vt 0.411405 0.486429
vt 0.411405 0.486429
vt 0.411405 0.486429
vt 0.411405 0.486429
vt 0.411405 0.486429
vt 0.411405 0.486429
vt 0.411405 0.486429
vt 0.411405 0.486429
vt 0.411405 0.486429
vt 0.411405 0.486429
vt 0.411405 0.486429
vt 0.411405 0.486429
vt 0.411405 0.486429
vt 0.411405 0.486429
vt 0.411405 0.486429
vt 0.411405 0.486429
vt 0.411405 0.486429
vt 0.411405 0.486429
vt 0.411405 0.486429
vt 0.411405 0.486429
vt 0.411405 0.486429
vt 0.411405 0.486429
vt 0.411405 0.486429
vt 0.411405 0.486429
vt 0.411405 0.486429
vt 0.411405 0.486429
vt 0.411405 0.486429
vt 0.411405 0.486429
vt 0.411405 0.486429
vt 0.411405 0.486429
vt 0.411405 0.486429
vt 0.411405 0.486429
vt 0.411405 0.486429
vt 0.411405 0.486429
vt 0.411405 0.486429
vt 0.411405 0.486429
vt 0.411405 0.486429
vt 0.411405 0.486429
vt 0.411405 0.486429
vt 0.411405 0.486429
vt 0.411405 0.486429
vt 0.411405 0.486429
vt 0.411405 0.486429
vt 0.411405 0.486429
vt 0.411405 0.486429
vt 0.411405 0.486428
vt 0.411405 0.486429
vt 0.411405 0.486429
vt 0.411405 0.486429
vt 0.411405 0.486429
vt 0.411405 0.486429
vt 0.411405 0.486429
vt 0.411405 0.486429
vt 0.411405 0.486429
vt 0.411405 0.486429
vt 0.411405 0.486429
vt 0.411405 0.486429
vt 0.411405 0.486429
vt 0.411405 0.486429
vt 0.411405 0.486429
vt 0.411405 0.486429
vt 0.411405 0.486429
vt 0.411405 0.486429
vt 0.411405 0.486429
vt 0.411405 0.486429
vt 0.411405 0.486429
vt 0.411405 0.486429
vt 0.411405 0.486429
vt 0.411405 0.486429
vt 0.411405 0.486429
vt 0.411405 0.486429
vt 0.411405 0.486429
vt 0.411405 0.486429
vt 0.411405 0.486429
vt 0.411405 0.486429
vt 0.411405 0.486429
vt 0.411405 0.486429
vt 0.411405 0.486429
vt 0.411405 0.486429
vt 0.411405 0.486429
vt 0.411405 0.486429
vt 0.411405 0.486429
vt 0.411405 0.486429
vt 0.411405 0.486429
vt 0.411405 0.486429
vt 0.411405 0.486429
vt 0.411405 0.486429
vt 0.411405 0.486429
vt 0.411405 0.486429
vt 0.411405 0.486429
vt 0.411405 0.486429
vt 0.411405 0.486429
vt 0.411405 0.486429
vt 0.411405 0.486429
vt 0.411405 0.486429
vt 0.411405 0.486429
vt 0.411405 0.486429
vt 0.411405 0.486429
vt 0.411405 0.486429
vt 0.411405 0.486429
vt 0.411405 0.486429
vt 0.411405 0.486429
vt 0.411405 0.486429
vt 0.411405 0.486429
vt 0.411405 0.486429
vt 0.411405 0.486429
vt 0.411405 0.486429
vt 0.411405 0.486429
vt 0.411405 0.486429
vt 0.411405 0.486429
vt 0.411405 0.486429
vt 0.411405 0.486429
vt 0.411405 0.486429
vt 0.411405 0.486429
vt 0.411405 0.486429
vt 0.411405 0.486429
vt 0.411405 0.486429
vt 0.411405 0.486429
vt 0.411405 0.486429
vt 0.411405 0.486429
vt 0.411405 0.486429
vt 0.411405 0.486429
vt 0.411405 0.486429
vt 0.411405 0.486429
vt 0.411405 0.486429
vt 0.411405 0.486429
vt 0.411405 0.486429
vt 0.411405 0.486429
vt 0.411405 0.486429
vt 0.411405 0.486429
vt 0.411405 0.486429
vt 0.411405 0.486429
vt 0.411405 0.486429
vt 0.411405 0.486429
vt 0.411405 0.486429
vt 0.411405 0.486429
vt 0.411405 0.486429
vt 0.411405 0.486429
vt 0.411405 0.486429
vt 0.411405 0.486429
vt 0.411405 0.486429
vt 0.411405 0.486429
vt 0.411405 0.486429
vt 0.411405 0.486429
vt 0.411405 0.486429
vt 0.411405 0.486429
vt 0.411405 0.486429
vt 0.411405 0.486429
vt 0.411405 0.486429
vt 0.411405 0.486429
vt 0.411405 0.486429
vt 0.411405 0.486429
vt 0.411405 0.486429
vt 0.411405 0.486429
vt 0.411405 0.486429
vt 0.411405 0.486429
vt 0.411405 0.486429
vt 0.411405 0.486429
vt 0.411405 0.486429
vt 0.411405 0.486429
vt 0.411405 0.486429
vt 0.411405 0.486429
vt 0.411405 0.486429
vt 0.411405 0.486429
vt 0.411405 0.486429
vt 0.411405 0.486429
vt 0.411405 0.486429
vt 0.411405 0.486429
vt 0.411405 0.486429
vt 0.411405 0.486429
vt 0.411405 0.486429
vt 0.411405 0.486428
vt 0.411405 0.486429
vt 0.411405 0.486429
vt 0.411405 0.486429
vt 0.411405 0.486429
vt 0.411405 0.486429
vt 0.411405 0.486429
vt 0.411405 0.486428
vt 0.411405 0.486429
vt 0.411405 0.486429
vt 0.411405 0.486429
vt 0.411405 0.486429
vt 0.411405 0.486429
vt 0.411405 0.486429
vt 0.411405 0.486429
vt 0.411405 0.486429
vt 0.411405 0.486429
vt 0.411405 0.486429
vt 0.411405 0.486429
vt 0.411405 0.486429
vt 0.411405 0.486429
vt 0.411405 0.486429
vt 0.411405 0.486429
vt 0.411405 0.486429
vt 0.411405 0.486429
vt 0.411405 0.486429
vt 0.411405 0.486429
vt 0.411405 0.486429
vt 0.411405 0.486429
vt 0.411405 0.486429
vt 0.411405 0.486429
vt 0.411405 0.486429
vt 0.411405 0.486429
vt 0.411405 0.486429
vt 0.411405 0.486429
vt 0.411405 0.486429
vt 0.411405 0.486429
vt 0.411405 0.486429
vt 0.411405 0.486429
vt 0.411405 0.486429
vt 0.411405 0.486429
vt 0.411405 0.486429
vt 0.411405 0.486429
vt 0.411405 0.486429
vt 0.411405 0.486429
vt 0.411405 0.486429
vt 0.411405 0.486429
vt 0.411405 0.486429
vt 0.411405 0.486429
vt 0.411405 0.486429
vt 0.411405 0.486429
vt 0.411405 0.486429
vt 0.411405 0.486429
vt 0.411405 0.486429
vt 0.411405 0.486429
vt 0.411405 0.486429
vt 0.411405 0.486429
vt 0.411405 0.486429
vt 0.411405 0.486429
vt 0.411405 0.486429
vt 0.411405 0.486429
vt 0.411405 0.486429
vt 0.411405 0.486429
vt 0.411405 0.486429
vt 0.411405 0.486429
vt 0.411405 0.486429
vt 0.411405 0.486429
vt 0.411405 0.486429
vt 0.411405 0.486429
vt 0.411405 0.486429
vt 0.411405 0.486429
vt 0.411405 0.486429
vt 0.411405 0.486429
vt 0.411405 0.486429
vt 0.411405 0.486429
vt 0.411405 0.486429
vt 0.411405 0.486429
vt 0.411405 0.486429
vt 0.411405 0.486429
vt 0.411405 0.486429
vt 0.411405 0.486429
vt 0.411405 0.486429
vt 0.411405 0.486429
vt 0.411405 0.486429
vt 0.411405 0.486429
vt 0.411405 0.486429
vt 0.411405 0.486429
vt 0.411405 0.486429
vt 0.411405 0.486429
vt 0.411405 0.486429
vt 0.411405 0.486429
vt 0.411405 0.486429
vt 0.411405 0.486429
vt 0.411405 0.486429
vt 0.411405 0.486429
vt 0.411405 0.486429
vt 0.411405 0.486429
vt 0.411405 0.486429
vt 0.411405 0.486429
vt 0.411405 0.486429
vt 0.411405 0.486429
vt 0.411405 0.486429
vt 0.411405 0.486429
vt 0.411405 0.486429
vt 0.411405 0.486429
vt 0.411405 0.486429
vt 0.411405 0.486429
vt 0.411405 0.486429
vt 0.411405 0.486429
vt 0.411405 0.486429
vt 0.411405 0.486429
vt 0.411405 0.486429
vt 0.411405 0.486429
vt 0.411405 0.486429
vt 0.411405 0.486429
vt 0.411405 0.486429
vt 0.411405 0.486429
vt 0.411405 0.486429
vt 0.411405 0.486429
vt 0.411405 0.486429
vt 0.411405 0.486429
vt 0.411405 0.486429
vt 0.411405 0.486429
vt 0.411405 0.486429
vt 0.411405 0.486429
vt 0.411405 0.486429
vt 0.411405 0.486429
vt 0.411405 0.486429
vt 0.411405 0.486429
vt 0.411405 0.486429
vt 0.411405 0.486429
vt 0.411405 0.486429
vt 0.411405 0.486429
vt 0.411405 0.486429
vt 0.411405 0.486429
vt 0.411405 0.486429
vt 0.411405 0.486429
vt 0.411405 0.486429
vt 0.411405 0.486429
vt 0.411405 0.486428
vt 0.411405 0.486429
vt 0.411405 0.486429
vt 0.411405 0.486429
vt 0.411405 0.486429
vt 0.411405 0.486429
vt 0.411405 0.486429
vt 0.411405 0.486428
vt 0.411405 0.486429
vt 0.411405 0.486429
vt 0.411405 0.486429
vt 0.411405 0.486429
vt 0.411405 0.486429
vt 0.411405 0.486429
vt 0.411405 0.486429
vt 0.411405 0.486429
vt 0.411405 0.486429
vt 0.411405 0.486429
vt 0.411405 0.486429
vt 0.411405 0.486429
vt 0.411405 0.486429
vt 0.411405 0.486429
vt 0.411405 0.486429
vt 0.411405 0.486429
vt 0.411405 0.486429
vt 0.411405 0.486429
vt 0.411405 0.486429
vt 0.411405 0.486429
vt 0.411405 0.486429
vt 0.411405 0.486429
vt 0.411405 0.486429
vt 0.411405 0.486429
vt 0.411405 0.486429
vt 0.411405 0.486429
vt 0.411405 0.486429
vt 0.411405 0.486429
vt 0.411405 0.486429
vt 0.411405 0.486429
vt 0.411405 0.486429
vt 0.411405 0.486429
vt 0.411405 0.486429
vt 0.411405 0.486429
vt 0.411405 0.486429
vt 0.411405 0.486429
vt 0.411405 0.486429
vt 0.411405 0.486429
vt 0.411405 0.486429
vt 0.411405 0.486429
vt 0.411405 0.486429
vt 0.411405 0.486429
vt 0.411405 0.486429
vt 0.411405 0.486429
vt 0.411405 0.486429
vt 0.411405 0.486429
vt 0.411405 0.486429
vt 0.411405 0.486429
vt 0.411405 0.486429
vt 0.411405 0.486429
vt 0.411405 0.486429
vt 0.411405 0.486429
vt 0.411405 0.486429
vt 0.411405 0.486429
vt 0.411405 0.486429
vt 0.411405 0.486429
vt 0.411405 0.486429
vt 0.411405 0.486429
vt 0.411405 0.486429
vt 0.411405 0.486429
vt 0.411405 0.486429
vt 0.411405 0.486429
vt 0.411405 0.486429
vt 0.411405 0.486429
vt 0.411405 0.486429
vt 0.411405 0.486429
vt 0.411405 0.486429
vt 0.411405 0.486429
vt 0.411405 0.486429
vt 0.411405 0.486429
vt 0.411405 0.486429
vt 0.411405 0.486429
vt 0.411405 0.486429
vt 0.411405 0.486429
vt 0.411405 0.486429
vt 0.411405 0.486429
vt 0.411405 0.486429
vt 0.411405 0.486429
vt 0.411405 0.486429
vt 0.411405 0.486429
vt 0.411405 0.486429
vt 0.411405 0.486429
vt 0.411405 0.486429
vt 0.411405 0.486429
vt 0.411405 0.486429
vt 0.411405 0.486429
vt 0.411405 0.486429
vt 0.411405 0.486429
vt 0.411405 0.486429
vt 0.411405 0.486429
vt 0.411405 0.486429
vt 0.411405 0.486429
vt 0.411405 0.486429
vt 0.411405 0.486429
vt 0.411405 0.486429
vt 0.411405 0.486429
vt 0.411405 0.486429
vt 0.411405 0.486429
vt 0.411405 0.486429
vt 0.411405 0.486429
vt 0.411405 0.486429
vt 0.411405 0.486429
vt 0.411405 0.486429
vt 0.411405 0.486429
vt 0.411405 0.486429
vt 0.411405 0.486429
vt 0.411405 0.486429
vt 0.411405 0.486429
vt 0.411405 0.486429
vt 0.411405 0.486429
vt 0.411405 0.486429
vt 0.411405 0.486429
vt 0.411405 0.486429
vt 0.411405 0.486429
vt 0.411405 0.486429
vt 0.411405 0.486429
vt 0.411405 0.486429
vt 0.411405 0.486429
vt 0.411405 0.486429
vt 0.411405 0.486429
vt 0.411405 0.486429
vt 0.411405 0.486429
vt 0.411405 0.486429
vt 0.411405 0.486429
vt 0.411405 0.486429
vt 0.411405 0.486429
vt 0.411405 0.486429
vt 0.411405 0.486429
vt 0.411405 0.486429
vt 0.411405 0.486429
vt 0.411405 0.486429
vt 0.411405 0.486429
vt 0.411405 0.486429
vt 0.411405 0.486429
vt 0.411405 0.486429
vt 0.411405 0.486429
vt 0.411405 0.486428
vt 0.411405 0.486429
vt 0.411405 0.486429
vt 0.411405 0.486429
vt 0.411405 0.486429
vt 0.411405 0.486429
vt 0.411405 0.486429
vt 0.411405 0.486428
vt 0.411405 0.486429
vt 0.411405 0.486429
vt 0.411405 0.486429
vt 0.411405 0.486429
vt 0.411405 0.486429
vt 0.411405 0.486429
vt 0.411405 0.486429
vt 0.411405 0.486429
vt 0.411405 0.486429
vt 0.411405 0.486429
vt 0.411405 0.486429
vt 0.411405 0.486429
vt 0.411405 0.486429
vt 0.411405 0.486429
vt 0.411405 0.486429
vt 0.411405 0.486429
vt 0.411405 0.486429
vt 0.411405 0.486429
vt 0.411405 0.486429
vt 0.411405 0.486429
vt 0.411405 0.486429
vn 0.445490 -0.859932 0.249108
vn 0.143213 -0.955477 0.257980
vn 0.832680 -0.553036 0.028190
vn 0.543664 -0.722781 0.426634
vn 0.923443 -0.041604 0.381473
vn 0.058872 -0.619767 0.782575
vn 0.361843 -0.775543 0.517303
vn 0.426577 -0.657229 0.621355
vn 0.336780 -0.819580 0.463538
vn 0.370029 -0.476218 0.797681
vn -0.271330 -0.134167 0.953089
vn 0.224455 -0.945492 0.235935
vn 0.704258 -0.216188 0.676227
vn -0.169535 -0.873523 0.456306
vn 0.150693 -0.901814 0.404998
vn 0.887536 -0.150262 0.435548
vn 0.812631 0.327622 0.481970
vn -0.535611 -0.667429 0.517358
vn -0.595404 -0.800268 0.071173
vn -0.042830 -0.368267 0.928733
vn -0.395296 -0.603429 0.692541
vn -0.425484 -0.578315 0.696071
vn -0.251306 -0.959327 0.128595
vn -0.315562 -0.816019 0.484286
vn -0.822531 -0.268442 0.501380
vn -0.620227 -0.749215 0.232370
vn 0.547111 -0.679279 0.489130
vn -0.725961 0.087293 0.682173
vn 0.284938 -0.756738 0.588352
vn -0.006176 -0.655079 0.755535
vn -0.067366 -0.854650 0.514815
vn -0.588899 -0.310388 0.746229
vn 0.087036 -0.394646 0.914701
vn 0.879683 -0.470445 -0.069564
vn -0.328992 -0.931329 0.156173
vn -0.558802 -0.799844 0.219066
vn -0.474768 -0.862081 0.177232
vn -0.296892 -0.921482 0.250452
vn -0.211620 -0.764813 0.608504
vn -0.191803 -0.964730 0.180299
vn -0.696475 -0.339157 0.632372
vn -0.366833 -0.920482 0.134710
vn -0.827963 0.560076 0.028139
vn -0.617585 -0.729573 0.293789
vn -0.913187 0.261254 0.312788
vn 0.864851 -0.422471 0.271203
vn 0.368538 -0.752816 0.545387
vn 0.959518 -0.280591 0.024360
vn -0.573126 -0.701070 0.424296
vn -0.452924 -0.880272 0.141358
vn 0.088837 -0.956138 0.279120
vn -0.961025 -0.210326 0.179426
vn -0.079866 -0.974705 0.208737
vn -0.339129 -0.932535 0.123976
vn 0.048924 -0.898897 0.435420
vn -0.036663 -0.895571 0.443406
vn -0.320928 -0.938765 0.125404
vn -0.350250 -0.829293 0.435428
vn -0.116054 -0.983748 0.137007
vn -0.228210 -0.329801 0.916052
vn -0.317511 -0.825111 0.467310
vn 0.099100 -0.691703 0.715350
vn -0.038069 -0.559424 0.828007
vn -0.213830 -0.773865 0.596162
vn -0.444611 -0.681679 0.581064
vn -0.371951 -0.594182 0.713162
vn -0.003219 -0.845199 0.534442
vn -0.005483 -0.790244 0.612767
vn 0.218167 0.030139 0.975446
vn 0.276912 -0.573942 0.770655
vn -0.126800 -0.860964 0.492607
vn -0.489055 -0.762048 0.424391
vn -0.553541 -0.826354 0.103596
vn -0.217139 -0.967524 0.129411
vn -0.334886 -0.881689 0.332378
vn 0.529434 -0.369063 0.763866
vn -0.028062 -0.916766 0.398437
vn -0.083540 -0.528122 0.845049
vn -0.235142 -0.600149 0.764545
vn -0.022928 -0.546198 0.837342
vn -0.977729 0.182612 0.103432
vn -0.189658 -0.897864 0.397329
vn -0.672157 -0.439786 0.595646
vn -0.545305 -0.359442 0.757261
vn -0.361830 -0.824501 0.435061
vn 0.970803 -0.239703 0.009145
vn -0.609740 0.505086 0.610823
vn 0.115080 -0.063411 0.991330
vn -0.688487 -0.411077 0.597495
vn -0.024328 -0.324831 0.945459
vn 0.279048 -0.927250 0.249681
vn 0.088544 -0.735209 0.672033
vn -0.242282 -0.955723 0.167012
vn -0.322816 -0.640937 0.696412
vn -0.060218 -0.987839 0.143346
vn -0.027154 -0.806809 0.590189
vn 0.089411 -0.981032 0.171996
vn 0.965541 -0.260227 -0.003573
vn 0.727950 0.180001 0.661580
vn -0.343219 -0.449154 0.824901
vn -0.070790 -0.986408 0.148283
vn 0.018258 -0.770224 0.637513
vn -0.522597 -0.833670 0.178567
vn -0.194637 -0.957943 0.210860
vn 0.342962 -0.438061 0.830951
vn 0.577353 -0.810743 0.096744
vn -0.854133 -0.219602 0.471415
vn -0.257174 -0.567489 0.782188
vn -0.642160 -0.702210 0.307460
vn -0.036228 -0.858798 0.511032
vn 0.190801 -0.945596 0.263521
vn -0.508972 -0.420603 0.751026
vn -0.144806 -0.906106 0.397496
vn -0.277546 -0.863919 0.420253
vn -0.439968 -0.893140 0.093436
vn -0.659336 -0.749715 0.056590
vn 0.487866 0.003381 0.872912
vn 0.318170 -0.431189 0.844301
vn -0.419564 -0.838114 0.348612
vn -0.893463 -0.381554 0.236941
vn -0.554345 -0.816788 0.159872
vn 0.156586 -0.849010 0.504641
vn 0.119027 -0.725185 0.678188
vn 0.105003 -0.978764 0.176057
vn -0.695898 -0.437631 0.569391
vn -0.168674 -0.631874 0.756495
vn 0.220741 -0.776841 0.589738
vn 0.493630 -0.376367 0.784013
vn -0.228093 -0.550288 0.803217
vn -0.111011 -0.050912 0.992514
vn 0.443713 -0.656586 0.609930
vn 0.274999 -0.757807 0.591696
vn -0.312726 -0.937753 0.151066
vn -0.106174 -0.987362 0.117656
vn -0.046128 -0.063088 0.996941
vn 0.070135 -0.976656 0.203036
vn -0.184566 -0.709306 0.680309
vn -0.240535 -0.736155 0.632629
vn -0.336411 -0.920626 0.198178
vn -0.328427 -0.676289 0.659371
vn -0.254361 -0.750168 0.610368
vn -0.634503 -0.652884 0.413700
vn 0.080120 -0.711450 0.698155
vn -0.255952 -0.953800 0.157337
vn -0.469767 -0.701790 0.535546
vn -0.327624 -0.937795 0.114909
vn -0.299630 -0.623547 0.722088
vn -0.345863 -0.770260 0.535797
vn 0.585994 -0.771035 0.249231
vn -0.686922 -0.555602 0.468449
vn -0.118356 -0.985032 0.125312
vn -0.283866 -0.949910 0.130735
vn -0.610245 -0.571856 0.548253
vn 0.402546 -0.866045 0.296518
vn -0.669341 -0.474597 0.571613
vn -0.416631 -0.897476 0.144761
vn -0.447921 -0.850615 0.275358
vn -0.150523 -0.963102 0.223110
vn -0.484256 -0.864441 0.135050
vn -0.476940 -0.801814 0.360032
vn -0.750531 -0.545657 0.372775
vn -0.269732 -0.935086 0.229911
vn 0.032218 -0.744395 0.666961
vn -0.682617 -0.692376 0.233772
vn -0.812719 0.125696 0.568936
vn -0.740127 0.415101 0.529059
vn -0.340967 -0.354520 0.870665
vn -0.735922 -0.641112 0.217702
vn -0.322275 -0.872266 0.367819
vn -0.253658 -0.814925 0.521109
vn 0.435344 -0.525694 0.730837
vn -0.153687 -0.946669 0.283192
vn -0.306088 -0.839797 0.448388
vn 0.738306 -0.247487 0.627419
vn 0.051485 -0.054388 0.997192
vn -0.692626 0.158775 0.703605
vn -0.011033 -0.115482 0.993248
vn -0.530486 0.104092 0.841278
vn -0.566023 0.116320 0.816142
vn 0.059109 -0.083862 0.994723
vn -0.496013 0.082819 0.864357
vn -0.956065 0.280600 0.084868
vn -0.956629 0.277559 0.088446
vn 0.957823 -0.287280 0.006702
vn 0.414319 -0.204661 0.886822
vn -0.008254 -0.085687 0.996288
vn 0.092612 -0.094653 0.991193
vn -0.591359 0.121310 0.797231
vn -0.388546 0.058425 0.919575
vn 0.958312 -0.285673 -0.005375
vn 0.958245 -0.285433 -0.017153
vn -0.310078 0.028555 0.950282
vn 0.620402 -0.246517 0.744534
vn -0.092872 -0.031188 0.995189
vn -0.371620 0.046635 0.927213
vn -0.584615 0.133416 0.800266
vn 0.130227 -0.764273 0.631607
vn -0.942027 -0.216244 0.256560
vn -0.741312 -0.020419 0.670850
vn -0.671945 0.131397 0.728851
vn -0.723258 0.169679 0.669408
vn -0.012972 -0.050341 0.998648
vn 0.630381 -0.221284 0.744079
vn 0.408287 -0.177108 0.895508
vn -0.629647 0.138317 0.764470
vn 0.497502 -0.183217 0.847894
vn 0.543717 -0.215423 0.811150
vn -0.808849 0.245471 0.534329
vn 0.659850 -0.254623 0.706941
vn -0.659824 0.160909 0.733989
vn 0.548926 -0.170097 0.818381
vn 0.661411 -0.642770 0.386499
vn 0.811589 -0.571097 -0.123171
vn 0.726197 -0.669354 0.156855
vn 0.740150 -0.666850 0.086544
vn 0.591466 -0.462408 0.660566
vn 0.872499 -0.237899 -0.426789
vn 0.947700 -0.260887 -0.183853
vn 0.958312 -0.266342 0.103445
vn 0.962547 -0.266151 -0.051645
vn 0.619284 -0.178278 0.764660
vn -0.506138 -0.632705 0.586096
vn -0.379621 -0.627368 0.679925
vn -0.531526 -0.705364 0.468980
vn -0.692854 -0.704937 0.151712
vn -0.595385 -0.418858 0.685620
vn -0.571266 -0.555536 0.604182
vn -0.995844 -0.076929 0.048757
vn -0.632193 -0.542660 0.553040
vn 0.533103 -0.833706 0.143998
vn 0.194436 -0.947269 0.254707
vn 0.736774 -0.642675 -0.210079
vn 0.630416 -0.639719 0.439700
vn 0.965586 0.024759 0.258905
vn 0.085597 -0.517234 0.851553
vn 0.409532 -0.709229 0.573827
vn 0.505044 -0.475682 0.720178
vn 0.410471 -0.711182 0.570731
vn 0.399489 -0.364587 0.841121
vn -0.224434 -0.251885 0.941373
vn 0.271372 -0.928720 0.252660
vn 0.720834 0.070100 0.689553
vn -0.014085 -0.775662 0.630991
vn 0.277658 -0.846814 0.453665
vn 0.930106 -0.110749 0.350196
vn 0.794614 0.450309 0.407199
vn -0.398477 -0.602651 0.691396
vn -0.552390 -0.826872 0.105588
vn 0.240390 -0.189890 0.951921
vn -0.235611 -0.514498 0.824487
vn -0.241143 -0.541924 0.805089
vn 0.340378 -0.933490 0.112871
vn -0.197002 -0.732317 0.651845
vn -0.603615 -0.216813 0.767230
vn -0.574069 -0.732064 0.366778
vn 0.659045 -0.473569 0.584288
vn -0.424882 0.239957 0.872867
vn 0.366048 -0.579928 0.727800
vn 0.236683 -0.649295 0.722770
vn 0.056613 -0.723674 0.687816
vn -0.373433 -0.214680 0.902475
vn 0.204882 -0.055427 0.977216
vn 0.840632 -0.391654 -0.374092
vn -0.268186 -0.955653 0.121668
vn -0.547969 -0.770263 0.326230
vn -0.480346 -0.845474 0.233327
vn -0.221129 -0.922888 0.315247
vn -0.096495 -0.641413 0.761103
vn -0.138492 -0.982845 0.121798
vn -0.537368 -0.351309 0.766692
vn -0.304845 -0.948878 0.081848
vn -0.812320 0.521900 0.260300
vn -0.480334 -0.703109 0.524326
vn -0.654614 0.375521 0.656098
vn 0.893165 -0.368923 0.257202
vn 0.420712 -0.617861 0.664266
vn 0.933888 -0.285117 -0.215780
vn -0.409397 -0.681764 0.606293
vn -0.255940 -0.959974 0.113771
vn 0.160185 -0.943838 0.288982
vn -0.852678 -0.178254 0.491087
vn -0.016642 -0.971621 0.235956
vn -0.285469 -0.957584 0.039245
vn 0.158484 -0.804648 0.572210
vn 0.055461 -0.813497 0.578919
vn -0.258761 -0.963507 0.068537
vn -0.253681 -0.787300 0.561965
vn -0.306981 -0.944761 0.114846
vn -0.053181 -0.255028 0.965470
vn -0.154925 -0.806372 0.570756
vn 0.185891 -0.650980 0.735982
vn 0.095873 -0.309020 0.946211
vn -0.092047 -0.641404 0.761661
vn -0.307457 -0.550533 0.776134
vn -0.193548 -0.397562 0.896930
vn 0.167070 -0.705054 0.689192
vn 0.116178 -0.641790 0.758029
vn 0.398327 -0.054513 0.915622
vn 0.210793 -0.448817 0.868406
vn 0.029825 -0.700800 0.712734
vn -0.361873 -0.736120 0.571993
vn -0.627693 -0.773926 0.083912
vn -0.113370 -0.983653 0.139908
vn -0.299270 -0.800807 0.518792
vn 0.579472 -0.486823 0.653617
vn 0.076305 -0.848222 0.524116
vn 0.042784 -0.434749 0.899535
vn -0.062407 -0.422631 0.904151
vn 0.056668 -0.421343 0.905129
vn -0.928706 0.178366 0.325100
vn -0.098359 -0.843069 0.528734
vn -0.489495 -0.375668 0.786936
vn -0.274592 -0.256028 0.926849
vn -0.265222 -0.657584 0.705153
vn 0.930249 -0.275391 -0.242479
vn -0.365851 0.537106 0.760046
vn 0.180828 0.163916 0.969759
vn -0.475900 -0.408089 0.779091
vn 0.106800 -0.056667 0.992664
vn 0.258869 -0.955846 0.139085
vn 0.213929 -0.621620 0.753540
vn 0.004725 -0.996260 0.086279
vn -0.191152 -0.519998 0.832504
vn -0.063237 -0.993701 0.092514
vn 0.070401 -0.584742 0.808159
vn -0.174940 -0.980011 0.094732
vn 0.923390 -0.275626 -0.267172
vn 0.747710 0.009215 0.663961
vn -0.191951 -0.333000 0.923183
vn -0.110031 -0.987413 0.113617
vn 0.123521 -0.712007 0.691223
vn -0.411833 -0.879872 0.237105
vn -0.133875 -0.965957 0.221369
vn 0.424898 -0.213848 0.879620
vn 0.539747 -0.825716 -0.163911
vn -0.587983 -0.043963 0.807678
vn 0.059273 -0.578485 0.813536
vn -0.544603 -0.662113 0.514796
vn 0.124342 -0.781665 0.611178
vn 0.208964 -0.952385 0.222030
vn -0.334990 -0.105437 0.936304
vn -0.011052 -0.901939 0.431723
vn -0.193001 -0.796493 0.573018
vn -0.388945 -0.905402 0.170206
vn -0.717850 -0.690934 0.085449
vn 0.403455 0.206779 0.891329
vn 0.457144 -0.121912 0.880998
vn -0.423312 -0.762757 0.488886
vn -0.793112 -0.380366 0.475704
vn -0.477590 -0.855132 0.201638
vn 0.294669 -0.754402 0.586556
vn 0.205764 -0.578715 0.789146
vn 0.190792 -0.973381 0.126991
vn -0.528941 -0.489966 0.692932
vn -0.078994 -0.619962 0.780646
vn 0.322262 -0.721833 0.612457
vn 0.617534 -0.222795 0.754330
vn -0.071156 -0.462111 0.883963
vn 0.086694 0.177457 0.980303
vn 0.522759 -0.519779 0.675687
vn 0.367575 -0.732749 0.572684
vn -0.174274 -0.977099 0.122091
vn -0.105673 -0.988556 0.107661
vn 0.253381 0.254839 0.933196
vn 0.099504 -0.980760 0.167954
vn -0.017441 -0.436062 0.899748
vn -0.133334 -0.658133 0.741002
vn -0.259251 -0.938681 0.227305
vn -0.156437 -0.556313 0.816114
vn -0.063745 -0.687489 0.723391
vn -0.562649 -0.603987 0.564470
vn 0.269786 -0.615827 0.740252
vn -0.188299 -0.973126 0.132547
vn -0.324496 -0.691503 0.645389
vn -0.380559 -0.918404 0.108212
vn -0.011813 -0.429943 0.902779
vn -0.215442 -0.631221 0.745081
vn 0.518424 -0.817920 0.249486
vn -0.457652 -0.463932 0.758499
vn -0.118408 -0.986516 0.112984
vn -0.124960 -0.985653 0.113462
vn -0.399846 -0.384155 0.832195
vn 0.477859 -0.831303 0.283876
vn -0.448720 -0.253611 0.856932
vn -0.500692 -0.847950 0.174036
vn -0.342904 -0.852164 0.395264
vn -0.112691 -0.960858 0.253088
vn -0.454669 -0.884606 0.103673
vn -0.324647 -0.769717 0.549673
vn -0.633666 -0.425749 0.645914
vn -0.185364 -0.940790 0.283820
vn 0.172644 -0.586147 0.791597
vn -0.611004 -0.656559 0.442272
vn -0.745521 0.129302 0.653820
vn -0.634232 0.421256 0.648300
vn -0.202445 -0.311266 0.928509
vn -0.740976 -0.582799 0.333617
vn -0.222290 -0.811671 0.540164
vn -0.112129 -0.660535 0.742375
vn 0.560645 -0.423704 0.711443
vn -0.099378 -0.939205 0.328661
vn -0.192975 -0.746205 0.637133
vn 0.908680 -0.156625 0.387001
vn 0.044007 0.189700 0.980855
vn -0.316829 0.264521 0.910850
vn 0.129481 0.131615 0.982808
vn -0.210342 0.245157 0.946390
vn -0.322406 0.267207 0.908105
vn 0.159410 0.151976 0.975444
vn -0.230610 0.244194 0.941907
vn -0.815406 0.313734 0.486503
vn -0.945769 0.281626 0.161885
vn 0.914502 -0.297769 -0.273898
vn 0.431724 0.047510 0.900754
vn 0.123192 0.150076 0.980969
vn 0.216346 0.134697 0.966981
vn -0.241614 0.249447 0.937763
vn -0.094515 0.220290 0.970845
vn 0.916611 -0.296193 -0.268501
vn 0.912313 -0.297891 -0.280973
vn -0.048263 0.207047 0.977140
vn 0.657538 -0.028176 0.752894
vn 0.086331 0.176439 0.980518
vn -0.102342 0.216709 0.970857
vn -0.263510 0.260820 0.928728
vn 0.341318 -0.633311 0.694564
vn -0.877845 -0.149777 0.454924
vn -0.507771 0.106033 0.854942
vn -0.500046 0.281687 0.818906
vn -0.585188 0.300537 0.753148
vn 0.111991 0.172022 0.978706
vn 0.746430 -0.052700 0.663374
vn 0.402150 0.078495 0.912203
vn -0.304508 0.263065 0.915463
vn 0.455860 0.071116 0.887206
vn 0.499174 0.040400 0.865560
vn -0.735339 0.336659 0.588164
vn 0.837889 -0.124272 0.531506
vn -0.347216 0.278952 0.895336
vn 0.716063 -0.016646 0.697837
vn 0.761388 -0.559835 0.326914
vn 0.742131 -0.552151 -0.379961
vn 0.807964 -0.582984 0.085580
vn 0.739683 -0.661156 -0.125470
vn 0.824071 -0.240409 0.512944
vn 0.667358 -0.263759 -0.696466
vn 0.927941 -0.123892 -0.351534
vn 0.974968 -0.217342 0.046896
vn 0.976194 -0.122027 -0.179315
vn 0.904251 0.238056 0.354484
vn -0.362701 -0.409130 0.837294
vn -0.218060 -0.419268 0.881286
vn -0.309225 -0.651603 0.692671
vn -0.539073 -0.793003 0.283809
vn -0.083188 0.263460 0.961077
vn -0.157049 -0.230749 0.960255
vn -0.948767 -0.158878 0.273129
vn 0.298276 0.251386 0.920780
vn -0.804258 -0.590034 0.070911
vn -0.568381 -0.810753 0.140082
vn -0.969393 -0.149337 -0.194872
vn -0.875146 -0.421986 0.236743
vn -0.919326 0.350445 0.178962
vn -0.429910 -0.511115 0.744271
vn -0.757429 -0.546183 0.357751
vn -0.787112 -0.415357 0.455997
vn -0.739192 -0.600439 0.305070
vn -0.702296 -0.275220 0.656532
vn -0.032977 -0.233636 0.971765
vn -0.644944 -0.757702 0.099673
vn -0.863054 0.101746 0.494758
vn -0.312647 -0.863325 0.396133
vn -0.595631 -0.752819 0.280156
vn -0.943681 0.239507 0.228260
vn -0.691127 0.640357 0.335093
vn 0.081756 -0.831256 0.549845
vn 0.428842 -0.877101 0.216305
vn -0.322755 -0.351881 0.878640
vn -0.055188 -0.713919 0.698050
vn -0.003975 -0.697724 0.716356
vn -0.195398 -0.972760 0.124732
vn -0.146352 -0.865172 0.479644
vn 0.502985 -0.588008 0.633446
vn 0.184741 -0.939348 0.288956
vn -0.872898 -0.384406 0.300467
vn 0.523515 -0.227746 0.821014
vn -0.695289 -0.564730 0.444582
vn -0.434263 -0.596315 0.675148
vn -0.436697 -0.779201 0.449601
vn 0.224353 -0.530187 0.817659
vn -0.377827 -0.337934 0.862002
vn -0.943050 -0.175115 -0.282829
vn -0.130320 -0.981719 0.138723
vn 0.115177 -0.959518 0.257020
vn 0.024393 -0.981957 0.187523
vn -0.165669 -0.958723 0.231093
vn -0.263510 -0.778982 0.568990
vn -0.270759 -0.954128 0.127784
vn 0.333119 -0.601727 0.725917
vn -0.092135 -0.988258 0.121890
vn 0.955461 0.157729 0.249432
vn 0.178655 -0.921300 0.345383
vn 0.843659 -0.149130 0.515752
vn -0.979893 0.191461 0.056151
vn -0.697112 0.258634 0.668688
vn -0.968316 0.150113 -0.199576
vn 0.123159 -0.871921 0.473905
vn -0.187427 -0.974251 0.125326
vn -0.285947 -0.945671 0.154730
vn 0.678019 -0.629349 0.379749
vn -0.039375 -0.985953 0.162317
vn -0.112429 -0.988484 0.101285
vn -0.119689 -0.697808 0.706214
vn -0.068613 -0.954291 0.290897
vn -0.133478 -0.984497 0.113791
vn -0.130150 -0.899621 0.416825
vn -0.273379 -0.955241 0.113045
vn -0.140353 -0.395338 0.907749
vn -0.164515 -0.881988 0.441623
vn -0.533273 -0.585008 0.611053
vn -0.383008 -0.523109 0.761356
vn -0.263942 -0.791727 0.550911
vn -0.018786 -0.805712 0.592010
vn -0.076633 -0.695711 0.714222
vn -0.465536 -0.767308 0.441039
vn -0.458414 -0.718522 0.523051
vn -0.399680 0.119526 0.908829
vn -0.654246 -0.403132 0.639880
vn -0.256418 -0.870457 0.420183
vn 0.032205 -0.871277 0.489734
vn -0.878834 -0.472463 -0.066551
vn -0.033486 -0.988303 0.148783
vn -0.142080 -0.940617 0.308308
vn -0.791334 -0.110733 0.601273
vn -0.442357 -0.842733 0.306792
vn -0.333912 -0.512033 0.791407
vn -0.211476 -0.643293 0.735834
vn -0.393036 -0.504713 0.768627
vn 0.835787 -0.406852 0.368690
vn 0.020597 -0.818368 0.574325
vn 0.279190 -0.679889 0.678088
vn 0.238044 -0.564709 0.790215
vn -0.118137 -0.898189 0.423437
vn -0.958838 0.187993 -0.212813
vn 0.609026 0.200025 0.767514
vn -0.350734 -0.008834 0.936433
vn 0.304299 -0.663532 0.683467
vn -0.324976 -0.304680 0.895299
vn -0.684069 -0.722209 0.102294
vn -0.532110 -0.629164 0.566579
vn -0.087353 -0.983287 0.159740
vn -0.133349 -0.715333 0.685942
vn -0.347400 -0.935379 0.066175
vn -0.245586 -0.778656 0.577393
vn -0.196847 -0.973175 0.119086
vn -0.959006 0.172209 -0.225060
vn -0.719602 0.468647 0.512390
vn -0.067428 -0.552118 0.831035
vn -0.454832 -0.889830 0.036458
vn -0.476703 -0.690346 0.544222
vn -0.045374 -0.978175 0.202770
vn -0.235284 -0.958037 0.163724
vn -0.670171 -0.252075 0.698090
vn -0.862903 -0.494939 -0.102149
vn 0.557788 -0.560006 0.612589
vn -0.182542 -0.623008 0.760618
vn 0.227381 -0.899954 0.371996
vn -0.436616 -0.793650 0.423658
vn -0.619007 -0.775242 0.125816
vn 0.107299 -0.596292 0.795565
vn -0.334671 -0.882407 0.330688
vn -0.196326 -0.898024 0.393712
vn 0.009017 -0.993815 0.110679
vn 0.265249 -0.954967 0.132973
vn -0.625794 0.209268 0.751391
vn -0.648432 -0.256344 0.716815
vn -0.047903 -0.936494 0.347397
vn 0.578585 -0.723382 0.376772
vn 0.105606 -0.974092 0.199981
vn -0.554875 -0.820431 0.137862
vn -0.578206 -0.700344 0.418564
vn -0.914868 -0.403135 0.022321
vn 0.306238 -0.690727 0.655068
vn -0.281407 -0.643960 0.711425
vn -0.645171 -0.606299 0.464926
vn -0.767254 -0.132487 0.627510
vn -0.205861 -0.595127 0.776817
vn -0.146201 -0.093059 0.984868
vn -0.799386 -0.407566 0.441442
vn -0.687981 -0.570598 0.448443
vn -0.148554 -0.975868 0.160044
vn -0.111867 -0.987357 0.112303
vn -0.209507 -0.076673 0.974796
vn -0.473001 -0.880930 0.015246
vn -0.288417 -0.728046 0.621904
vn -0.235762 -0.766336 0.597617
vn -0.168082 -0.963430 0.208690
vn -0.136787 -0.751722 0.645139
vn -0.221592 -0.787378 0.575267
vn 0.194519 -0.851757 0.486490
vn -0.520767 -0.610932 0.596291
vn -0.445248 -0.874632 0.191762
vn 0.005391 -0.834561 0.550889
vn -0.136459 -0.982791 0.124501
vn -0.154617 -0.691737 0.705403
vn -0.131412 -0.838439 0.528915
vn -0.918668 -0.389787 0.064147
vn 0.272497 -0.793823 0.543682
vn -0.021862 -0.989482 0.142998
vn -0.272088 -0.952825 0.134510
vn 0.180067 -0.776183 0.604248
vn -0.778807 -0.614780 0.124521
vn 0.267076 -0.712991 0.648317
vn -0.003348 -0.982919 0.184006
vn -0.009740 -0.958072 0.286362
vn -0.292629 -0.935227 0.199297
vn 0.034676 -0.987150 0.155992
vn 0.018553 -0.919437 0.392800
vn 0.345246 -0.808865 0.475964
vn -0.191002 -0.954262 0.230006
vn -0.488127 -0.653187 0.578859
vn 0.266753 -0.910031 0.317312
vn 0.641446 -0.229490 0.732039
vn 0.705515 0.063446 0.705849
vn -0.035800 -0.460967 0.886695
vn 0.383245 -0.873026 0.301578
vn -0.153412 -0.922368 0.354545
vn -0.228818 -0.845778 0.481978
vn -0.765320 -0.292452 0.573373
vn -0.291101 -0.927623 0.234041
vn -0.176382 -0.890468 0.419472
vn -0.895043 0.087728 0.437267
vn -0.105065 -0.070788 0.991943
vn 0.518728 -0.148816 0.841888
vn -0.261245 -0.109324 0.959062
vn 0.322080 -0.129856 0.937764
vn 0.364154 -0.133791 0.921679
vn -0.235027 -0.062725 0.969963
vn 0.277681 -0.134566 0.951202
vn 0.940729 -0.149744 0.304311
vn 0.939170 -0.152739 0.307622
vn -0.965639 0.144430 -0.216058
vn -0.649649 -0.010387 0.760163
vn -0.252116 -0.081147 0.964289
vn -0.343725 -0.046647 0.937911
vn 0.392825 -0.139974 0.908898
vn 0.231337 -0.117778 0.965718
vn -0.962683 0.146096 -0.227809
vn -0.959882 0.146283 -0.239223
vn 0.071821 -0.105167 0.991858
vn -0.816875 0.038775 0.575509
vn -0.154697 -0.067517 0.985652
vn 0.138811 -0.114789 0.983644
vn 0.391192 -0.126152 0.911622
vn -0.589398 -0.610373 0.529202
vn 0.676679 -0.594050 0.434982
vn 0.495308 -0.331798 0.802857
vn 0.483528 -0.164891 0.859658
vn 0.557978 -0.151879 0.815839
vn -0.233915 -0.051107 0.970913
vn -0.815174 0.065857 0.575460
vn -0.634930 0.012034 0.772476
vn 0.441011 -0.140739 0.886398
vn -0.705522 0.044206 0.707308
vn -0.751315 0.034545 0.659039
vn 0.695159 -0.119367 0.708876
vn -0.846578 0.048097 0.530087
vn 0.483834 -0.133022 0.864991
vn -0.738883 0.077824 0.669325
vn -0.950599 -0.204230 -0.233777
vn -0.963820 -0.250729 -0.090480
vn -0.987121 0.116308 -0.109836
vn -0.936083 -0.292185 -0.195899
vn -0.861318 -0.169121 0.479091
vn -0.584652 0.260286 -0.768397
vn -0.901183 0.185970 -0.391516
vn -0.980654 0.158309 -0.115137
vn -0.936346 0.191068 -0.294532
vn -0.792303 0.100148 0.601853
vn 0.360730 -0.578133 0.731872
vn 0.170139 -0.602472 0.779795
vn 0.333170 -0.732836 0.593253
vn 0.474026 -0.846528 0.242260
vn 0.582529 -0.174193 0.793925
vn 0.562735 -0.301417 0.769726
vn 0.832308 -0.494542 0.250384
vn 0.774144 -0.313112 0.550147
vn -0.846473 -0.530296 -0.047639
vn -0.619068 -0.776347 0.118487
vn -0.868054 -0.271065 -0.415940
vn -0.919041 -0.313362 0.239099
vn -0.900754 0.430468 0.057791
vn -0.480137 -0.432598 0.763104
vn -0.782785 -0.469712 0.408189
vn -0.432085 -0.757486 0.489405
vn -0.783738 -0.471053 0.404801
vn -0.692111 -0.161630 0.703462
vn -0.121321 -0.318253 0.940211
vn -0.683360 -0.721723 0.110160
vn -0.762830 0.368055 0.531626
vn 0.006276 -0.724547 0.689197
vn -0.696141 -0.647632 0.309774
vn -0.945746 0.292679 0.141083
vn -0.607881 0.743929 0.277581
vn -0.051805 -0.714594 0.697619
vn 0.151790 -0.987111 0.050712
vn -0.520457 -0.078700 0.850253
vn -0.214701 -0.546962 0.809158
vn -0.239016 -0.613969 0.752272
vn -0.530294 -0.838074 -0.128143
vn -0.443936 -0.704764 0.553379
vn 0.271171 -0.451593 0.850017
vn 0.122988 -0.906086 0.404823
vn -0.908433 -0.150677 0.389932
vn 0.277663 0.037914 0.959930
vn -0.425985 -0.751096 0.504373
vn -0.699844 -0.417537 0.579552
vn 0.111216 -0.848240 0.517803
vn 0.038328 -0.352391 0.935068
vn 0.178151 -0.145155 0.973238
vn -0.843359 -0.030153 -0.536504
vn -0.398710 -0.912710 0.089387
vn 0.093329 -0.929675 0.356363
vn 0.023539 -0.969257 0.244922
vn -0.348269 -0.880352 0.322007
vn -0.350125 -0.622092 0.700296
vn -0.309917 -0.949260 0.053452
vn 0.157452 -0.545510 0.823181
vn -0.147225 -0.987442 0.057301
vn 0.873759 0.129676 0.468753
vn 0.016694 -0.840236 0.541964
vn 0.585158 0.063696 0.808414
vn -0.542908 -0.819874 0.181817
vn -0.492816 -0.818681 0.294777
vn -0.893588 0.136274 -0.427703
vn -0.033132 -0.391097 0.919753
vn -0.592130 0.750321 -0.293938
vn -0.569718 -0.779277 0.261054
vn 0.642433 -0.488346 0.590592
vn -0.282605 -0.943904 0.170819
vn 0.077868 -0.995366 0.056426
vn -0.515982 -0.780115 0.353812
vn 0.108745 -0.807780 0.579367
vn -0.098008 -0.994665 0.032185
vn 0.069029 -0.885023 0.460402
vn -0.319880 -0.945685 -0.057934
vn -0.275220 -0.253616 0.927326
vn -0.323578 -0.796297 0.511086
vn -0.597773 -0.511438 0.617332
vn -0.424779 -0.239539 0.873032
vn -0.354165 -0.620211 0.699933
vn -0.129791 -0.628888 0.766586
vn -0.194560 -0.442111 0.875605
vn -0.592957 -0.568349 0.570423
vn -0.537396 -0.532564 0.653897
vn -0.580146 0.118925 0.805784
vn -0.566333 -0.317699 0.760483
vn 0.007242 -0.697610 0.716441
vn -0.112218 -0.820086 0.561130
vn -0.074819 -0.991704 0.104523
vn -0.535037 -0.836645 -0.117304
vn -0.182164 -0.852237 0.490416
vn -0.859216 -0.196349 0.472434
vn -0.534564 -0.736513 0.414477
vn 0.127868 -0.522437 0.843036
vn -0.322321 -0.409412 0.853517
vn -0.427162 -0.357918 0.830318
vn 0.732791 -0.416892 0.537790
vn -0.306760 -0.896074 0.320858
vn 0.100549 -0.547339 0.830849
vn -0.071419 -0.348090 0.934736
vn -0.089612 -0.774562 0.626118
vn -0.880354 0.143567 -0.452068
vn 0.373276 0.332153 0.866221
vn -0.310336 0.224975 0.923622
vn 0.076962 -0.570981 0.817348
vn -0.340939 -0.006261 0.940064
vn -0.653510 -0.756874 -0.008136
vn -0.559866 -0.519624 0.645400
vn -0.203039 -0.968199 0.146173
vn -0.229687 -0.547642 0.804570
vn -0.269802 -0.961619 0.049952
vn -0.370849 -0.763638 0.528515
vn -0.311027 -0.949015 0.051308
vn -0.868836 0.140461 -0.474758
vn -0.805844 0.324360 0.495384
vn -0.175273 -0.382934 0.906996
vn -0.472213 -0.880306 0.045559
vn -0.557760 -0.593094 0.580640
vn -0.051971 -0.970617 0.234952
vn -0.335355 -0.925612 0.175440
vn -0.661155 -0.014237 0.750114
vn -0.779799 -0.520222 -0.348257
vn 0.319451 -0.288331 0.902672
vn -0.473560 -0.499232 0.725609
vn 0.092502 -0.830229 0.549694
vn -0.569177 -0.655865 0.495862
vn -0.722566 -0.684488 -0.096822
vn 0.041776 -0.237129 0.970580
vn -0.458760 -0.822105 0.337168
vn -0.322458 -0.829227 0.456512
vn -0.047003 -0.987248 0.152095
vn 0.294431 -0.945130 0.141561
vn -0.471631 0.357900 0.805898
vn -0.652087 0.082687 0.753622
vn -0.082404 -0.868481 0.488826
vn 0.436805 -0.679904 0.589009
vn 0.024125 -0.976856 0.212532
vn -0.712765 -0.542632 0.444430
vn -0.806772 0.059057 0.587905
vn -0.046543 -0.987715 0.149172
vn -0.261866 -0.963836 -0.049451
vn -0.454065 -0.873824 0.173944
vn -0.143359 -0.763881 0.629233
vn 0.036586 -0.996504 0.075107
vn -0.369724 -0.394681 0.841149
vn -0.237269 -0.663128 0.709904
vn -0.626527 -0.741266 0.240811
vn 0.237159 -0.408068 0.881610
vn -0.086668 -0.994697 0.055380
vn 0.203734 -0.956389 0.209316
vn 0.007689 -0.517158 0.855855
vn -0.828162 -0.551466 0.100169
vn 0.099060 -0.419506 0.902331
vn -0.067719 -0.988033 0.138583
vn 0.155875 -0.521208 0.839074
vn -0.346275 -0.926516 0.147178
vn 0.015768 -0.993682 0.111121
vn -0.159541 -0.852844 0.497196
vn 0.238963 -0.653671 0.718061
vn -0.284141 -0.933581 0.218381
vn -0.571890 -0.458251 0.680403
vn 0.400323 -0.767373 0.500879
vn 0.564507 -0.197896 0.801354
vn 0.587718 0.113732 0.801032
vn -0.158267 -0.367663 0.916393
vn 0.339301 -0.841348 0.420724
vn -0.259423 -0.829588 0.494452
vn -0.339973 -0.646055 0.683397
vn -0.829602 -0.147074 0.538637
vn -0.156970 -0.781292 0.604105
vn 0.054716 -0.151984 0.986867
vn -0.953986 0.242074 0.176947
vn -0.181392 0.190525 0.964778
vn 0.183808 0.105842 0.977247
vn -0.281237 0.174006 0.943731
vn 0.073717 0.133308 0.988329
vn 0.190473 0.105910 0.975963
vn 0.134724 0.257061 0.956958
vn 0.092360 0.123845 0.987994
vn 0.739668 -0.060212 0.670273
vn 0.914708 -0.144439 0.377420
vn -0.868591 0.116619 -0.481611
vn -0.564309 0.225513 0.794166
vn -0.267658 0.188078 0.944979
vn -0.120463 0.235748 0.964319
vn 0.212822 0.073389 0.974331
vn 0.276589 0.140424 0.950673
vn -0.871008 0.118933 -0.476656
vn -0.865108 0.115580 -0.488087
vn -0.091924 0.167251 0.981620
vn -0.761648 0.252351 0.596834
vn -0.224118 0.196384 0.954570
vn -0.038792 0.153156 0.987440
vn 0.131202 0.125017 0.983441
vn -0.972633 -0.190582 0.132907
vn 0.611195 -0.506747 0.607987
vn 0.299741 -0.118495 0.946633
vn 0.373379 0.043960 0.926637
vn -0.978526 0.155757 0.135010
vn -0.970134 0.229879 0.077427
vn -0.618879 0.247576 0.745449
vn 0.655676 -0.005644 0.755021
vn -0.910663 0.241477 0.335234
vn 0.220074 0.106081 0.969698
vn -0.796185 0.287534 0.532367
vn 0.226109 -0.510307 0.829736
vn 0.057559 -0.380058 0.923170
vn 0.221963 -0.631951 0.742543
vn 0.284092 -0.925210 0.251550
vn 0.443567 -0.008312 0.896203
vn 0.493583 -0.111039 0.862581
vn 0.861313 -0.420441 0.285252
vn 0.597281 -0.105022 0.795126
vn -0.777983 0.624138 -0.072071
vn -0.940189 0.339168 -0.031786
vn -0.353025 0.897709 -0.263613
vn -0.661087 0.740956 0.118103
vn 0.058253 0.980158 0.189464
vn -0.725937 0.285767 0.625582
vn -0.771333 0.596101 0.222956
vn -0.677889 0.652805 0.338101
vn -0.813969 0.558609 0.159407
vn -0.559760 0.607130 0.563970
vn -0.404896 -0.023557 0.914059
vn -0.905635 0.422451 -0.036903
vn -0.213139 0.859982 0.463683
vn -0.971697 0.078553 0.222788
vn -0.914916 0.383537 0.125811
vn -0.052615 0.974389 0.218626
vn 0.371212 0.833315 0.409620
vn -0.868883 -0.294113 0.398171
vn -0.909211 -0.416309 -0.004612
vn -0.576448 0.220680 0.786771
vn -0.819315 -0.131469 0.558067
vn -0.789668 -0.167198 0.590313
vn -0.997490 -0.046811 -0.053123
vn -0.943180 -0.090910 0.319603
vn -0.543851 -0.634704 0.548978
vn -0.898027 -0.414370 0.147802
vn -0.641984 0.743664 0.186602
vn -0.232661 -0.564643 0.791863
vn -0.790442 0.526208 0.313539
vn -0.799897 0.265134 0.538395
vn -0.939552 0.193849 0.282250
vn -0.595456 -0.353935 0.721223
vn -0.570393 0.346916 0.744513
vn -0.259906 0.905165 -0.336342
vn -0.984082 -0.176639 -0.019548
vn -0.927192 -0.359995 0.103527
vn -0.960580 -0.277713 0.012689
vn -0.994822 -0.088111 0.050649
vn -0.910589 0.052921 0.409910
vn -0.998376 0.014539 -0.055076
vn -0.618996 -0.477504 0.623566
vn -0.986252 -0.156589 -0.052788
vn 0.347532 -0.882079 0.318053
vn -0.892482 -0.411019 0.185850
vn -0.020918 -0.853519 0.520641
vn -0.233546 0.972331 -0.005345
vn -0.762743 0.596523 0.249767
vn -0.070681 0.972954 -0.219920
vn -0.883921 -0.343288 0.317549
vn -0.992398 -0.119390 -0.029882
vn -0.954978 0.296476 0.010949
vn -0.414882 -0.873307 0.255359
vn -0.992075 0.123275 -0.024284
vn -0.985882 -0.147247 -0.079723
vn -0.944214 0.288260 0.159265
vn -0.961177 0.207182 0.182245
vn -0.992795 -0.104419 -0.058782
vn -0.963498 -0.107130 0.245346
vn -0.990247 -0.133476 -0.039949
vn -0.576590 0.033257 0.816357
vn -0.960012 -0.069387 0.271224
vn -0.802685 0.363680 0.472689
vn -0.733027 0.234571 0.638474
vn -0.919518 0.050032 0.389850
vn -0.877892 -0.190400 0.439379
vn -0.810408 -0.106047 0.576188
vn -0.927551 0.251261 0.276618
vn -0.894397 0.256814 0.366198
vn -0.153825 0.417024 0.895784
vn -0.665953 0.527623 0.527372
vn -0.953411 0.144497 0.264818
vn -0.930158 -0.231326 0.285121
vn -0.900802 -0.434202 0.004961
vn -0.998216 -0.000791 -0.059705
vn -0.985692 -0.106215 0.130878
vn -0.416116 0.735707 0.534399
vn -0.968870 0.209164 0.132444
vn -0.709761 0.191722 0.677851
vn -0.798883 0.037769 0.600300
vn -0.719445 0.249008 0.648378
vn -0.025255 -0.937777 0.346320
vn -0.983420 0.031451 0.178596
vn -0.691168 -0.447695 0.567323
vn -0.635250 -0.301594 0.710984
vn -0.957174 -0.111060 0.267363
vn -0.047579 0.972230 -0.229139
vn 0.205093 -0.536490 0.818606
vn -0.268297 0.336499 0.902654
vn -0.677303 -0.465664 0.569577
vn -0.535222 0.235038 0.811353
vn -0.880383 0.471752 -0.048745
vn -0.832087 0.354118 0.426885
vn -0.984075 -0.176875 -0.017661
vn -0.835272 -0.058515 0.546714
vn -0.988640 0.128983 -0.077168
vn -0.909440 0.233749 0.343920
vn -0.992556 0.101731 -0.066954
vn -0.039484 0.970902 -0.236202
vn 0.161914 0.820420 0.548357
vn -0.692970 -0.077764 0.716760
vn -0.997642 0.030951 -0.061251
vn -0.876150 0.281786 0.391097
vn -0.959635 -0.278066 0.042177
vn -0.999933 -0.006524 -0.009524
vn -0.537174 0.582097 0.610415
vn -0.671059 0.705395 -0.228248
vn -0.501552 -0.683724 0.530063
vn -0.776765 0.015065 0.629610
vn -0.864656 -0.452562 0.218077
vn -0.942086 0.216332 0.256272
vn -0.916752 0.397249 -0.041943
vn -0.684006 -0.257976 0.682338
vn -0.983498 0.094886 0.154039
vn -0.974611 -0.042784 0.219781
vn -0.953851 -0.295218 -0.054911
vn -0.877310 -0.478950 -0.030555
vn -0.097434 0.658637 0.746126
vn -0.539118 0.559978 0.629108
vn -0.970129 -0.163626 0.179099
vn -0.608490 -0.746069 0.270408
vn -0.934695 -0.354170 0.030149
vn -0.890077 0.398892 0.220562
vn -0.821433 0.380243 0.425044
vn -0.946448 0.309707 -0.091205
vn -0.697460 -0.474575 0.536961
vn -0.812863 0.105148 0.572886
vn -0.824740 0.466277 0.319984
vn -0.435424 0.706823 0.557500
vn -0.759172 0.044822 0.649345
vn -0.305066 0.117134 0.945100
vn -0.670968 0.666662 0.324598
vn -0.798733 0.516850 0.308045
vn -0.996793 -0.064793 -0.046958
vn -0.994095 0.076674 -0.076790
vn -0.303778 0.182524 0.935096
vn -0.959476 0.273052 -0.069628
vn -0.871808 0.085945 0.482250
vn -0.898032 0.026107 0.439155
vn -0.992741 -0.119899 0.009486
vn -0.866320 -0.062431 0.495572
vn -0.909034 0.010254 0.416596
vn -0.850853 -0.408161 0.330839
vn -0.821427 0.344902 0.454203
vn -0.997453 -0.057076 -0.042777
vn -0.891627 -0.221209 0.395053
vn -0.988153 -0.148084 -0.040304
vn -0.824865 -0.029734 0.564547
vn -0.926133 -0.090084 0.366282
vn -0.648823 0.759326 -0.049524
vn -0.783636 -0.468709 0.407708
vn -0.996634 0.042599 -0.070036
vn -0.997906 0.013562 -0.063236
vn -0.801489 -0.374795 0.465988
vn -0.804790 0.593134 -0.022487
vn -0.727366 -0.442484 0.524544
vn -0.959757 -0.280831 -0.000199
vn -0.964599 -0.238542 0.112458
vn -0.998926 0.045590 0.008289
vn -0.956393 -0.291277 -0.021698
vn -0.941389 -0.254730 0.221130
vn -0.767105 -0.542825 0.341894
vn -0.997384 -0.059758 0.040661
vn -0.850071 0.302455 0.431160
vn -0.854243 -0.493197 0.164392
vn -0.188133 -0.679002 0.709621
vn 0.111186 -0.665046 0.738479
vn -0.608499 -0.084713 0.789020
vn -0.786595 -0.596129 0.160929
vn -0.979670 -0.090576 0.179005
vn -0.949340 0.002113 0.314245
vn -0.577013 0.663550 0.476191
vn -0.997743 0.041108 0.053105
vn -0.967051 -0.060097 0.247390
vn -0.224139 0.887256 0.403161
vn -0.274735 0.083161 0.957917
vn -0.162754 -0.539563 0.826064
vn -0.345088 0.224039 0.911439
vn -0.212268 -0.344684 0.914404
vn -0.202358 -0.386380 0.899868
vn -0.300454 0.286703 0.909686
vn -0.230483 -0.303036 0.924688
vn 0.041708 -0.947415 0.317277
vn 0.037871 -0.946689 0.319914
vn -0.069193 0.970115 -0.232571
vn -0.313721 0.624823 0.714965
vn -0.316957 0.222522 0.921966
vn -0.302694 0.319940 0.897783
vn -0.198607 -0.415663 0.887569
vn -0.243595 -0.183671 0.952327
vn -0.064709 0.967687 -0.243709
vn -0.061743 0.965032 -0.254756
vn -0.262355 -0.096603 0.960124
vn -0.275936 0.799066 0.534184
vn -0.283108 0.131903 0.949975
vn -0.252949 -0.163792 0.953514
vn -0.186392 -0.410513 0.892602
vn -0.826129 0.411356 0.385094
vn -0.471282 -0.807364 0.355044
vn -0.335384 -0.564306 0.754371
vn -0.190217 -0.509722 0.839048
vn -0.150926 -0.578273 0.801762
vn -0.285003 0.212725 0.934624
vn -0.249772 0.804436 0.538977
vn -0.290922 0.616406 0.731716
vn -0.182971 -0.462403 0.867586
vn -0.266456 0.692924 0.669968
vn -0.278486 0.734665 0.618637
vn -0.065644 -0.702365 0.708783
vn -0.266360 0.830183 0.489743
vn -0.160842 -0.501771 0.849915
vn -0.236095 0.733851 0.636963
vn -0.558835 0.825402 0.080091
vn -0.339112 0.847518 -0.408309
vn -0.503011 0.853128 -0.138395
vn -0.493045 0.842535 -0.216888
vn -0.467123 0.788198 0.400674
vn 0.061076 0.786001 -0.615200
vn -0.001610 0.914705 -0.404119
vn -0.103246 0.985767 -0.132680
vn -0.034703 0.958447 -0.283152
vn -0.216193 0.791225 0.572035
vn -0.585309 -0.498803 0.639225
vn -0.640345 -0.366494 0.675011
vn -0.689707 -0.535163 0.487755
vn -0.955144 -0.296132 0.002247
vn -0.161875 -0.607763 0.777445
vn -0.196505 -0.698048 0.688560
vn -0.428249 -0.895552 0.120784
vn -0.149204 -0.824845 0.545316
vn -0.672880 0.736007 -0.074340
vn -0.895915 0.444209 -0.003868
vn -0.139176 0.924477 -0.354926
vn -0.544684 0.795987 0.264053
vn 0.092151 0.944812 0.314385
vn -0.681184 0.260832 0.684072
vn -0.850373 0.479884 0.215815
vn -0.498501 0.647972 0.575872
vn -0.702859 0.609109 0.367389
vn -0.454610 0.524039 0.720217
vn -0.516729 -0.074757 0.852879
vn -0.841658 0.536912 0.057765
vn 0.072794 0.714581 0.695755
vn -0.889554 0.219105 0.400857
vn -0.824552 0.508721 0.247625
vn 0.048505 0.944758 0.324160
vn 0.519381 0.673177 0.526381
vn -0.845136 -0.193012 0.498490
vn -0.954425 -0.295741 -0.040117
vn -0.362846 0.331605 0.870851
vn -0.755499 -0.051314 0.653137
vn -0.752010 -0.054579 0.656889
vn -0.994466 0.066464 -0.081369
vn -0.889605 0.033206 0.455523
vn -0.560170 -0.485865 0.670928
vn -0.926236 -0.346626 0.148112
vn -0.420720 0.788733 0.448213
vn -0.116815 -0.424814 0.897713
vn -0.633700 0.540969 0.552971
vn -0.730655 0.433617 0.527370
vn -0.837666 0.277041 0.470706
vn -0.533454 -0.257013 0.805836
vn -0.253913 0.264239 0.930433
vn -0.146798 0.895680 -0.419770
vn -0.989900 0.121462 -0.073111
vn -0.944275 -0.313820 0.099302
vn -0.972134 -0.234248 -0.009093
vn -0.997749 0.040154 0.053704
vn -0.820446 0.112102 0.560626
vn -0.981171 0.124991 -0.147247
vn -0.667657 -0.387558 0.635636
vn -0.990080 -0.009331 -0.140195
vn 0.204327 -0.903899 0.375788
vn -0.916103 -0.255161 0.309269
vn 0.005908 -0.692977 0.720935
vn -0.084212 0.989351 0.118716
vn -0.638305 0.599833 0.482458
vn 0.035758 0.962859 -0.267626
vn -0.883906 -0.195903 0.424656
vn -0.998186 0.012047 -0.058983
vn -0.912025 0.406787 0.052288
vn -0.447179 -0.822452 0.351573
vn -0.967003 0.254676 0.006759
vn -0.974509 -0.027804 -0.222621
vn -0.856042 0.389905 0.339362
vn -0.892867 0.293157 0.341831
vn -0.990089 0.036824 -0.135526
vn -0.944917 -0.012846 0.327057
vn -0.997289 -0.025871 -0.068888
vn -0.503712 0.065723 0.861368
vn -0.939119 0.087754 0.332196
vn -0.748959 0.385718 0.538777
vn -0.509844 0.222415 0.831018
vn -0.819452 0.116422 0.561199
vn -0.795116 -0.114008 0.595645
vn -0.654850 -0.036826 0.754861
vn -0.791780 0.379064 0.478952
vn -0.764418 0.317272 0.561252
vn -0.186341 0.447370 0.874721
vn -0.589299 0.365004 0.720763
vn -0.829946 0.246658 0.500349
vn -0.928278 -0.129856 0.348479
vn -0.944890 -0.326006 -0.030051
vn -0.988133 0.125378 -0.088729
vn -0.958062 -0.055724 0.281092
vn -0.471988 0.719050 0.510093
vn -0.905347 0.319221 0.280080
vn -0.628317 0.200921 0.751564
vn -0.645773 0.096545 0.757401
vn -0.613701 0.211176 0.760773
vn -0.104133 -0.880551 0.462369
vn -0.953643 0.074241 0.291640
vn -0.683083 -0.333945 0.649522
vn -0.552394 -0.149761 0.820020
vn -0.864935 -0.049581 0.499428
vn 0.050865 0.955417 -0.290844
vn 0.204338 -0.450155 0.869256
vn -0.054459 0.184363 0.981348
vn -0.707612 -0.312924 0.633533
vn -0.284726 0.170710 0.943287
vn -0.856741 0.502429 -0.116448
vn -0.796437 0.137316 0.588924
vn -0.989691 -0.140175 -0.029367
vn -0.728481 -0.023749 0.684655
vn -0.964002 0.245476 -0.102186
vn -0.736510 0.261153 0.623981
vn -0.971036 0.220710 -0.091517
vn 0.055313 0.947533 -0.314837
vn 0.030189 0.754761 0.655305
vn -0.601354 -0.050468 0.797387
vn -0.986335 0.139010 -0.088425
vn -0.810214 0.338799 0.478298
vn -0.986385 -0.164427 0.002859
vn -0.989269 0.141465 -0.036534
vn -0.317990 0.511969 0.797979
vn -0.583073 0.723887 -0.368801
vn -0.406087 -0.512966 0.756280
vn -0.735007 0.249096 0.630647
vn -0.892299 -0.328254 0.309921
vn -0.853754 0.353176 0.382585
vn -0.888315 0.457781 -0.036515
vn -0.430768 -0.246129 0.868251
vn -0.953877 0.243762 0.175210
vn -0.940491 0.048682 0.336313
vn -0.983766 -0.173765 -0.044829
vn -0.877385 -0.471146 -0.090649
vn -0.122790 0.256784 0.958637
vn -0.728857 0.586780 -0.352784
vn -0.966541 -0.074561 0.245438
vn -0.685257 -0.642515 0.342925
vn -0.972104 -0.230732 -0.042158
vn -0.777456 0.509248 0.369091
vn -0.690558 0.389233 0.609612
vn -0.898245 0.424188 -0.114985
vn -0.774958 -0.347724 0.527758
vn -0.801079 0.124552 0.585457
vn -0.746766 0.528925 0.403211
vn -0.243119 0.693485 0.678212
vn -0.679455 0.097163 0.727255
vn -0.069250 0.090609 0.993476
vn -0.523192 0.673956 0.521588
vn -0.734638 0.573321 0.362781
vn -0.996086 0.044050 -0.076634
vn -0.975606 0.193508 -0.103667
vn 0.058551 0.229108 0.971639
vn -0.924992 0.370350 -0.085033
vn -0.645341 0.143140 0.750364
vn -0.840390 0.079769 0.536080
vn -0.999786 0.019933 0.005510
vn -0.771449 0.035370 0.635307
vn -0.844794 0.153515 0.512597
vn -0.850704 -0.361871 0.381251
vn -0.695481 0.457906 0.553740
vn -0.995686 0.056988 -0.073231
vn -0.896265 -0.101280 0.431801
vn -0.997234 -0.012448 -0.073282
vn -0.639005 0.147136 0.754999
vn -0.837886 -0.006189 0.545810
vn -0.508591 0.860966 0.008497
vn -0.749333 -0.282081 0.599108
vn -0.982253 0.159894 -0.098045
vn -0.987024 0.131375 -0.092333
vn -0.679401 -0.242833 0.692420
vn -0.721755 0.689528 0.060178
vn -0.577370 -0.322164 0.750236
vn -0.991778 -0.127016 -0.015593
vn -0.984836 -0.091231 0.147561
vn -0.989529 0.143131 0.018576
vn -0.975077 -0.189312 -0.115697
vn -0.936995 -0.092639 0.336835
vn -0.730365 -0.467779 0.497746
vn -0.996268 0.070416 0.049914
vn -0.706707 0.359296 0.609485
vn -0.885513 -0.397616 0.240351
vn -0.246049 -0.717638 0.651503
vn 0.055722 -0.685433 0.726000
vn -0.585304 -0.065853 0.808135
vn -0.822507 -0.547774 0.153055
vn -0.953661 0.022512 0.300039
vn -0.837433 0.100906 0.537144
vn -0.433420 0.687797 0.582307
vn -0.984591 0.162579 0.064409
vn -0.910572 0.039245 0.411484
vn -0.009336 0.937820 0.346997
vn -0.069179 0.046302 0.996529
vn -0.075657 -0.324885 0.942722
vn -0.101308 0.143792 0.984409
vn -0.075127 -0.215198 0.973676
vn -0.073906 -0.331092 0.940700
vn -0.072643 0.167048 0.983269
vn -0.080139 -0.234809 0.968732
vn -0.049136 -0.841283 0.538357
vn -0.028017 -0.976264 0.214764
vn 0.034169 0.944289 -0.327338
vn -0.078942 0.452643 0.888191
vn -0.085322 0.132888 0.987452
vn -0.071592 0.225971 0.971500
vn -0.077048 -0.246978 0.965953
vn -0.074351 -0.095745 0.992625
vn 0.034760 0.946233 -0.321612
vn 0.035329 0.941849 -0.334174
vn -0.076211 -0.047390 0.995965
vn -0.051494 0.682130 0.729416
vn -0.070349 0.090552 0.993404
vn -0.079725 -0.102386 0.991545
vn -0.069838 -0.271524 0.959894
vn -0.681069 0.528980 0.506285
vn -0.487782 -0.784427 0.383071
vn -0.258167 -0.471470 0.843247
vn -0.083521 -0.511022 0.855501
vn -0.071049 -0.601539 0.795677
vn -0.067271 0.116341 0.990929
vn -0.027592 0.769391 0.638182
vn -0.060885 0.416757 0.906977
vn -0.075001 -0.312423 0.946977
vn -0.047159 0.469120 0.881874
vn -0.058698 0.517672 0.853563
vn -0.033520 -0.764513 0.643736
vn -0.035639 0.868929 0.493652
vn -0.066131 -0.358717 0.931101
vn -0.011064 0.732683 0.680480
vn -0.406728 0.895867 0.178872
vn -0.219429 0.837507 -0.500432
vn -0.372410 0.917806 -0.137631
vn -0.371622 0.872335 -0.317693
vn -0.142281 0.884395 0.444524
vn 0.111754 0.674192 -0.730052
vn 0.219541 0.908476 -0.355630
vn 0.040609 0.992572 -0.114680
vn 0.185614 0.949978 -0.251178
vn 0.364686 0.830580 0.420882
vn -0.621118 -0.449039 0.642321
vn -0.475902 -0.324731 0.817354
vn -0.627154 -0.529489 0.571243
vn -0.596206 -0.798061 0.087391
vn -0.111825 -0.583122 0.804651
vn -0.198722 -0.665993 0.719001
vn -0.317761 -0.940414 0.121032
vn -0.149301 -0.732080 0.664656
vn -0.777982 0.624139 -0.072071
vn -0.940188 0.339169 -0.031786
vn -0.353025 0.897709 -0.263613
vn -0.661087 0.740956 0.118103
vn 0.058253 0.980158 0.189464
vn -0.725937 0.285767 0.625582
vn -0.771333 0.596101 0.222956
vn -0.677887 0.652807 0.338100
vn -0.813967 0.558612 0.159407
vn -0.559760 0.607130 0.563970
vn -0.404896 -0.023557 0.914059
vn -0.905635 0.422450 -0.036903
vn -0.213139 0.859982 0.463683
vn -0.971697 0.078553 0.222788
vn -0.914915 0.383539 0.125810
vn -0.052615 0.974389 0.218626
vn 0.371212 0.833315 0.409620
vn -0.868883 -0.294112 0.398171
vn -0.909211 -0.416309 -0.004612
vn -0.576448 0.220680 0.786771
vn -0.819314 -0.131469 0.558068
vn -0.799151 -0.157738 0.580066
vn -0.812059 0.563657 -0.151169
vn -0.951279 -0.076991 0.298566
vn -0.543851 -0.634704 0.548978
vn -0.898027 -0.414370 0.147802
vn -0.641984 0.743665 0.186602
vn -0.232660 -0.564644 0.791863
vn -0.790442 0.526208 0.313538
vn -0.799897 0.265134 0.538394
vn -0.939552 0.193851 0.282249
vn -0.595455 -0.353935 0.721223
vn -0.570394 0.346916 0.744514
vn -0.278033 0.898540 -0.339593
vn -0.988413 -0.149895 -0.023888
vn -0.927192 -0.359995 0.103527
vn -0.960580 -0.277713 0.012689
vn -0.994822 -0.088111 0.050649
vn -0.910589 0.052921 0.409910
vn -0.998376 0.014539 -0.055076
vn -0.618996 -0.477503 0.623566
vn -0.986252 -0.156589 -0.052788
vn 0.347526 -0.882081 0.318054
vn -0.892481 -0.411019 0.185851
vn -0.020919 -0.853518 0.520643
vn -0.233541 0.972332 -0.005356
vn -0.762731 0.596542 0.249758
vn -0.070681 0.972954 -0.219920
vn -0.888188 -0.343008 0.305725
vn -0.992398 -0.119385 -0.029882
vn -0.954977 0.296478 0.010949
vn -0.426916 -0.865489 0.262051
vn -0.992075 0.123275 -0.024284
vn -0.985882 -0.147249 -0.079721
vn -0.944214 0.288261 0.159265
vn -0.961178 0.207182 0.182246
vn -0.992794 -0.104422 -0.058781
vn -0.963498 -0.107129 0.245345
vn -0.987995 -0.132943 -0.078684
vn -0.576588 0.033257 0.816358
vn -0.960012 -0.069387 0.271224
vn -0.802684 0.363681 0.472689
vn -0.733027 0.234571 0.638473
vn -0.919518 0.050032 0.389850
vn -0.877892 -0.190399 0.439379
vn -0.810407 -0.106047 0.576189
vn -0.927550 0.251265 0.276618
vn -0.894397 0.256811 0.366199
vn -0.153824 0.417024 0.895784
vn -0.665953 0.527623 0.527372
vn -0.953411 0.144496 0.264818
vn -0.930158 -0.231326 0.285121
vn -0.900802 -0.434202 0.004961
vn -0.838175 0.530481 -0.126699
vn -0.985692 -0.106218 0.130876
vn -0.416111 0.735710 0.534399
vn -0.968870 0.209164 0.132444
vn -0.709761 0.191722 0.677851
vn -0.798883 0.037769 0.600299
vn -0.719444 0.249008 0.648379
vn -0.025255 -0.937777 0.346318
vn -0.983419 0.031452 0.178597
vn -0.691169 -0.447694 0.567323
vn -0.635251 -0.301594 0.710983
vn -0.957174 -0.111060 0.267363
vn -0.047579 0.972230 -0.229138
vn 0.205093 -0.536490 0.818606
vn -0.268297 0.336499 0.902654
vn -0.677303 -0.465664 0.569577
vn -0.535222 0.235038 0.811353
vn -0.880383 0.471752 -0.048745
vn -0.831983 0.354431 0.426829
vn -0.987537 -0.156274 -0.018663
vn -0.835272 -0.058516 0.546715
vn -0.988640 0.128983 -0.077168
vn -0.909439 0.233751 0.343921
vn -0.992556 0.101731 -0.066954
vn -0.039484 0.970902 -0.236201
vn 0.161914 0.820420 0.548357
vn -0.692970 -0.077764 0.716760
vn -0.997642 0.030952 -0.061252
vn -0.876151 0.281786 0.391097
vn -0.959635 -0.278067 0.042177
vn -0.999933 -0.006525 -0.009525
vn -0.537174 0.582097 0.610415
vn -0.671059 0.705395 -0.228248
vn -0.501555 -0.683721 0.530064
vn -0.776764 0.015064 0.629611
vn -0.864656 -0.452561 0.218076
vn -0.942085 0.216334 0.256271
vn -0.916752 0.397249 -0.041943
vn -0.684006 -0.257976 0.682338
vn -0.983498 0.094885 0.154039
vn -0.974611 -0.042784 0.219781
vn -0.953850 -0.295219 -0.054911
vn -0.876894 -0.479700 -0.030726
vn -0.097434 0.658637 0.746126
vn -0.539118 0.559978 0.629108
vn -0.969399 -0.168707 0.178335
vn -0.608490 -0.746069 0.270407
vn -0.934695 -0.354171 0.030149
vn -0.492920 0.671169 0.553681
vn -0.523408 0.608957 0.595999
vn -0.925417 0.356358 -0.128889
vn -0.697460 -0.474575 0.536961
vn -0.812863 0.105148 0.572886
vn -0.824740 0.466278 0.319983
vn -0.435425 0.706823 0.557500
vn -0.828905 0.342466 0.442304
vn -0.312787 0.269963 0.910651
vn -0.670968 0.666662 0.324599
vn -0.798733 0.516850 0.308045
vn -0.994485 -0.063806 -0.083239
vn -0.990364 0.076301 -0.115569
vn -0.295878 0.259450 0.919316
vn -0.852355 0.514439 -0.094047
vn -0.389101 0.324657 0.862090
vn -0.517788 0.607510 0.602351
vn -0.980401 -0.195283 0.026061
vn -0.807155 0.039573 0.589012
vn -0.785218 0.141116 0.602926
vn -0.771600 -0.498930 0.394592
vn -0.694153 0.574558 0.433629
vn -0.976511 -0.205764 -0.063931
vn -0.891626 -0.221209 0.395056
vn -0.985751 -0.148407 -0.079184
vn -0.824866 -0.029734 0.564546
vn -0.926132 -0.090081 0.366284
vn -0.677697 0.733109 -0.057254
vn -0.783637 -0.468709 0.407708
vn -0.993183 0.042907 -0.108381
vn -0.994825 0.013623 -0.100682
vn -0.801488 -0.374795 0.465989
vn -0.804790 0.593134 -0.022487
vn -0.727367 -0.442484 0.524543
vn -0.952576 -0.302999 -0.028105
vn -0.964599 -0.238542 0.112457
vn -0.998250 0.056832 -0.016348
vn -0.953733 -0.299061 -0.030921
vn -0.945264 -0.251216 0.208247
vn -0.767104 -0.542826 0.341894
vn -0.998120 -0.055869 0.025209
vn -0.850072 0.302456 0.431160
vn -0.854244 -0.493196 0.164392
vn -0.188133 -0.679002 0.709621
vn 0.111186 -0.665046 0.738479
vn -0.608499 -0.084713 0.789020
vn -0.786594 -0.596130 0.160928
vn -0.979670 -0.090571 0.179010
vn -0.949338 0.002114 0.314249
vn -0.577013 0.663549 0.476191
vn -0.997742 0.041108 0.053105
vn -0.967051 -0.060098 0.247388
vn -0.224139 0.887255 0.403162
vn -0.274735 0.083161 0.957917
vn -0.162754 -0.539563 0.826064
vn -0.345088 0.224039 0.911439
vn -0.212268 -0.344684 0.914404
vn -0.202357 -0.386381 0.899867
vn -0.300454 0.286704 0.909686
vn -0.230483 -0.303036 0.924688
vn 0.041708 -0.947415 0.317277
vn 0.037871 -0.946689 0.319914
vn -0.069193 0.970115 -0.232571
vn -0.313721 0.624823 0.714965
vn -0.316957 0.222522 0.921966
vn -0.302694 0.319940 0.897783
vn -0.198607 -0.415663 0.887569
vn -0.243595 -0.183671 0.952327
vn -0.064709 0.967687 -0.243709
vn -0.061743 0.965032 -0.254756
vn -0.262355 -0.096603 0.960124
vn -0.275936 0.799067 0.534183
vn -0.283108 0.131903 0.949975
vn -0.252949 -0.163792 0.953514
vn -0.186392 -0.410513 0.892601
vn -0.826127 0.411358 0.385094
vn -0.471281 -0.807365 0.355043
vn -0.335385 -0.564306 0.754371
vn -0.190217 -0.509722 0.839048
vn -0.150926 -0.578272 0.801762
vn -0.285003 0.212725 0.934624
vn -0.249773 0.804435 0.538978
vn -0.290922 0.616407 0.731715
vn -0.182971 -0.462403 0.867586
vn -0.266456 0.692924 0.669968
vn -0.278486 0.734666 0.618637
vn -0.065644 -0.702365 0.708783
vn -0.266360 0.830184 0.489743
vn -0.160842 -0.501771 0.849915
vn -0.236095 0.733851 0.636963
vn -0.400838 0.896585 0.188320
vn -0.513545 0.580200 0.632170
vn -0.349823 0.926607 -0.137923
vn -0.327278 0.860841 -0.389670
vn -0.406695 0.828153 0.385697
vn 0.353127 0.665745 -0.657331
vn 0.179657 0.880524 -0.438635
vn -0.207032 0.969436 -0.131651
vn 0.123849 0.959826 -0.251784
vn -0.127531 0.782264 0.609754
vn -0.585309 -0.498803 0.639225
vn -0.640345 -0.366494 0.675011
vn -0.687436 -0.541673 0.483759
vn -0.641190 -0.760477 0.102714
vn -0.161875 -0.607763 0.777445
vn -0.196866 -0.711697 0.674337
vn -0.171452 -0.971934 0.161087
vn -0.149204 -0.824845 0.545316
vn -0.672878 0.736008 -0.074341
vn -0.895915 0.444209 -0.003868
vn -0.349438 0.864646 -0.360944
vn -0.544684 0.795987 0.264053
vn 0.207523 0.939375 0.272964
vn -0.681184 0.260832 0.684072
vn -0.702120 0.607837 0.370894
vn -0.498501 0.647973 0.575871
vn -0.702859 0.609111 0.367388
vn -0.454609 0.524040 0.720217
vn -0.516729 -0.074756 0.852879
vn -0.841658 0.536912 0.057765
vn 0.072789 0.714582 0.695755
vn -0.889554 0.219106 0.400857
vn -0.824552 0.508721 0.247624
vn 0.048504 0.944758 0.324160
vn 0.519379 0.673178 0.526381
vn -0.845135 -0.193012 0.498491
vn -0.994160 0.021984 -0.105652
vn -0.362846 0.331606 0.870850
vn -0.755499 -0.051315 0.653138
vn -0.761800 -0.043009 0.646382
vn -0.989856 0.066419 -0.125596
vn -0.899474 0.040374 0.435104
vn -0.560170 -0.485866 0.670928
vn -0.926236 -0.346627 0.148113
vn -0.420721 0.788733 0.448213
vn -0.116814 -0.424814 0.897712
vn -0.633700 0.540969 0.552970
vn -0.730655 0.433618 0.527370
vn -0.837666 0.277042 0.470706
vn -0.533453 -0.257013 0.805836
vn -0.253911 0.264239 0.930434
vn -0.122790 0.900630 -0.416878
vn -0.998218 -0.030493 -0.051295
vn -0.944275 -0.313821 0.099303
vn -0.972134 -0.234249 -0.009088
vn -0.997749 0.040154 0.053705
vn -0.820444 0.112103 0.560629
vn -0.981171 0.124985 -0.147248
vn -0.667658 -0.387563 0.635632
vn -0.990080 -0.009333 -0.140194
vn 0.204327 -0.903899 0.375788
vn -0.916103 -0.255162 0.309269
vn 0.005909 -0.692977 0.720935
vn -0.084211 0.989351 0.118718
vn -0.638305 0.599833 0.482458
vn 0.035758 0.962859 -0.267626
vn -0.891867 -0.194752 0.408222
vn -0.998186 0.012047 -0.058983
vn -0.912023 0.406790 0.052311
vn -0.447060 -0.821787 0.353275
vn -0.967004 0.254672 0.006759
vn -0.974509 -0.027802 -0.222618
vn -0.856024 0.389913 0.339396
vn -0.892867 0.293156 0.341832
vn -0.990089 0.036823 -0.135524
vn -0.944917 -0.012846 0.327057
vn -0.993197 -0.026047 -0.113496
vn -0.503714 0.065724 0.861367
vn -0.939120 0.087755 0.332195
vn -0.748959 0.385720 0.538778
vn -0.509842 0.222414 0.831019
vn -0.819452 0.116424 0.561198
vn -0.795116 -0.114008 0.595645
vn -0.654849 -0.036826 0.754862
vn -0.791773 0.379077 0.478954
vn -0.764416 0.317275 0.561252
vn -0.186344 0.447370 0.874721
vn -0.589297 0.365000 0.720766
vn -0.829945 0.246658 0.500350
vn -0.928277 -0.129856 0.348481
vn -0.944889 -0.326010 -0.030051
vn -0.857385 0.487161 -0.166029
vn -0.958062 -0.055722 0.281090
vn -0.471983 0.719052 0.510094
vn -0.905347 0.319220 0.280080
vn -0.628317 0.200920 0.751564
vn -0.645772 0.096545 0.757402
vn -0.613702 0.211177 0.760772
vn -0.104135 -0.880552 0.462368
vn -0.953643 0.074238 0.291640
vn -0.683083 -0.333945 0.649522
vn -0.552394 -0.149760 0.820020
vn -0.864934 -0.049583 0.499430
vn 0.050865 0.955418 -0.290844
vn 0.204338 -0.450155 0.869256
vn -0.054459 0.184363 0.981348
vn -0.707613 -0.312922 0.633533
vn -0.284725 0.170711 0.943286
vn -0.856741 0.502429 -0.116448
vn -0.752037 0.342965 0.562864
vn -0.997289 -0.061550 -0.040335
vn -0.728481 -0.023749 0.684655
vn -0.964002 0.245477 -0.102186
vn -0.736510 0.261153 0.623981
vn -0.971036 0.220710 -0.091517
vn 0.055313 0.947533 -0.314836
vn 0.030188 0.754761 0.655305
vn -0.601353 -0.050468 0.797388
vn -0.986335 0.139009 -0.088425
vn -0.810214 0.338800 0.478297
vn -0.986385 -0.164428 0.002860
vn -0.989269 0.141465 -0.036536
vn -0.317989 0.511969 0.797979
vn -0.583073 0.723887 -0.368800
vn -0.406087 -0.512966 0.756280
vn -0.735007 0.249096 0.630647
vn -0.892300 -0.328253 0.309921
vn -0.853752 0.353180 0.382586
vn -0.888315 0.457781 -0.036515
vn -0.430768 -0.246129 0.868251
vn -0.953877 0.243760 0.175210
vn -0.940491 0.048681 0.336313
vn -0.983766 -0.173766 -0.044828
vn -0.872442 -0.479410 -0.094925
vn 0.064093 0.384016 0.921099
vn -0.224529 0.519595 0.824384
vn -0.952989 -0.142390 0.267466
vn -0.685251 -0.642524 0.342920
vn -0.972101 -0.230744 -0.042158
vn -0.777455 0.509249 0.369093
vn -0.690556 0.389231 0.609617
vn -0.898244 0.424188 -0.114985
vn -0.922306 -0.001128 0.386459
vn -0.567913 0.379366 0.730450
vn -0.746767 0.528924 0.403211
vn -0.243118 0.693485 0.678212
vn -0.679456 0.097163 0.727254
vn -0.069250 0.090609 0.993476
vn -0.523191 0.673955 0.521589
vn -0.734638 0.573321 0.362781
vn -0.995040 0.030868 -0.094564
vn -0.970316 0.192236 -0.146741
vn 0.085166 0.254744 0.963251
vn -0.924992 0.370351 -0.085034
vn -0.645339 0.143140 0.750365
vn -0.840389 0.079769 0.536081
vn -0.875086 0.479910 -0.062531
vn -0.670731 0.340660 0.658841
vn -0.768866 0.444928 0.459220
vn -0.988900 -0.063297 0.134422
vn -0.695481 0.457907 0.553740
vn -0.992801 0.070181 -0.097057
vn -0.896265 -0.101280 0.431800
vn -0.992930 -0.012163 -0.118080
vn -0.639005 0.147136 0.754999
vn -0.837887 -0.006192 0.545809
vn -0.596685 -0.771091 -0.222231
vn -0.749331 -0.282081 0.599110
vn -0.977084 0.159335 -0.141133
vn -0.982573 0.144329 -0.117131
vn -0.679399 -0.242833 0.692422
vn -0.721754 0.689528 0.060178
vn -0.577368 -0.322164 0.750237
vn -0.986708 -0.155706 -0.046508
vn -0.984836 -0.091231 0.147561
vn -0.719106 0.612762 0.327734
vn -0.972173 -0.196727 -0.127195
vn -0.942865 -0.088377 0.321239
vn -0.730364 -0.467778 0.497746
vn -0.868738 0.414052 -0.271762
vn -0.823032 0.379794 0.422345
vn -0.885513 -0.397616 0.240351
vn -0.246048 -0.717638 0.651503
vn 0.055722 -0.685433 0.726000
vn -0.585304 -0.065853 0.808136
vn -0.916930 -0.398611 -0.018686
vn -0.840986 0.452640 0.296413
vn -0.736335 0.267638 0.621435
vn -0.433419 0.687797 0.582308
vn -0.984591 0.162579 0.064409
vn -0.910571 0.039245 0.411485
vn -0.009336 0.937820 0.346996
vn -0.069179 0.046302 0.996529
vn -0.075657 -0.324885 0.942722
vn -0.101308 0.143792 0.984409
vn -0.075127 -0.215201 0.973676
vn -0.073906 -0.331093 0.940700
vn -0.072643 0.167048 0.983269
vn -0.080139 -0.234809 0.968732
vn -0.049136 -0.841282 0.538360
vn -0.028017 -0.976264 0.214763
vn 0.034169 0.944289 -0.327338
vn -0.078942 0.452643 0.888190
vn -0.085322 0.132888 0.987452
vn -0.071592 0.225971 0.971500
vn -0.077048 -0.246978 0.965953
vn -0.074351 -0.095745 0.992625
vn 0.034760 0.946233 -0.321613
vn 0.035329 0.941849 -0.334174
vn -0.076211 -0.047390 0.995965
vn -0.051494 0.682130 0.729415
vn -0.070349 0.090548 0.993404
vn -0.079725 -0.102386 0.991545
vn -0.069838 -0.271524 0.959894
vn -0.990638 0.097862 -0.095179
vn -0.487782 -0.784426 0.383072
vn -0.258167 -0.471470 0.843247
vn -0.083521 -0.511022 0.855500
vn -0.052275 -0.578199 0.814220
vn -0.070077 0.114538 0.990944
vn -0.027592 0.769391 0.638182
vn -0.060885 0.416757 0.906977
vn -0.032531 -0.798022 0.601750
vn -0.062878 0.273573 0.959794
vn -0.058698 0.517671 0.853564
vn -0.033520 -0.764513 0.643736
vn -0.035639 0.868929 0.493653
vn -0.066131 -0.358717 0.931101
vn -0.011064 0.732683 0.680480
vn -0.406728 0.895867 0.178870
vn -0.186089 0.851969 -0.489408
vn -0.372410 0.917806 -0.137631
vn -0.371622 0.872335 -0.317693
vn -0.093296 0.898921 0.428062
vn 0.111753 0.674191 -0.730053
vn 0.273631 0.961744 0.013192
vn 0.040609 0.992572 -0.114680
vn 0.185614 0.949977 -0.251178
vn 0.404027 0.750662 0.522751
vn -0.621118 -0.449039 0.642321
vn -0.553141 -0.278513 0.785154
vn -0.717812 -0.427599 0.549458
vn -0.729496 -0.679740 0.076086
vn -0.111825 -0.583122 0.804651
vn -0.197173 -0.661119 0.723909
vn -0.316981 -0.938140 0.139344
vn -0.149301 -0.732080 0.664656
g fff035d2_00010_000886b5_e4
f 1794/481/1794 1793/481/1793 1577/466/1577
f 1577/466/1577 1662/466/1662 1794/481/1794
f 1795/481/1795 1663/466/1663 1796/481/1796
f 1664/466/1664 1796/481/1796 1663/466/1663
f 1792/480/1792 1789/480/1789 1784/479/1784
f 1784/479/1784 1787/479/1787 1792/480/1792
f 1788/480/1788 1791/480/1791 1783/479/1783
f 1786/479/1786 1783/479/1783 1791/480/1791
f 1787/479/1787 1784/479/1784 1694/466/1694
f 1694/466/1694 1714/466/1714 1787/479/1787
f 1783/479/1783 1786/479/1786 1693/466/1693
f 1707/466/1707 1693/466/1693 1786/479/1786
f 1698/466/1698 1778/478/1778 1781/477/1781
f 1781/477/1781 1769/468/1769 1698/466/1698
f 1713/466/1713 1777/476/1777 1776/466/1776
f 1713/466/1713 1768/466/1768 1777/476/1777
f 1770/466/1770 1683/466/1683 1771/475/1771
f 1771/475/1771 1683/466/1683 1767/466/1767
f 1667/466/1667 1627/466/1627 1585/466/1585
f 1668/466/1668 1686/466/1686 1665/466/1665
f 1605/466/1605 1664/466/1664 1623/466/1623
f 1578/466/1578 1577/466/1577 1576/466/1576
f 1652/466/1652 1590/466/1590 1644/466/1644
f 1665/466/1665 1623/466/1623 1690/466/1690
f 1640/466/1640 1651/466/1651 1639/466/1639
f 1641/466/1641 1681/466/1681 1674/466/1674
f 1674/466/1674 1644/466/1644 1672/466/1672
f 1592/466/1592 1652/466/1652 1609/466/1609
f 1644/466/1644 1674/466/1674 1675/466/1675
f 1616/466/1616 1615/466/1615 1614/466/1614
f 1616/466/1616 1691/466/1691 1615/466/1615
f 1691/466/1691 1692/466/1692 1615/466/1615
f 1667/466/1667 1626/466/1626 1627/466/1627
f 1668/466/1668 1582/466/1582 1583/466/1583
f 1585/466/1585 1586/466/1586 1661/466/1661
f 1582/466/1582 1581/466/1581 1583/466/1583
f 1580/466/1580 1585/466/1585 1660/466/1660
f 1579/466/1579 1667/466/1667 1585/466/1585
f 1660/466/1660 1585/466/1585 1661/466/1661
f 1611/466/1611 1610/466/1610 1692/466/1692
f 1592/466/1592 1673/466/1673 1591/466/1591
f 1690/466/1690 1623/466/1623 1664/466/1664
f 1663/466/1663 1690/466/1690 1664/466/1664
f 1643/466/1643 1602/466/1602 1642/466/1642
f 1593/466/1593 1645/466/1645 1590/466/1590
f 1593/466/1593 1590/466/1590 1652/466/1652
f 1654/466/1654 1649/466/1649 1656/466/1656
f 1675/466/1675 1652/466/1652 1644/466/1644
f 1652/466/1652 1675/466/1675 1609/466/1609
f 1609/466/1609 1673/466/1673 1592/466/1592
f 1675/466/1675 1680/466/1680 1609/466/1609
f 1720/471/1720 1713/466/1713 1704/466/1704
f 1680/466/1680 1615/466/1615 1609/466/1609
f 1691/466/1691 1611/466/1611 1692/466/1692
f 1665/466/1665 1690/466/1690 1584/466/1584
f 1655/466/1655 1636/466/1636 1643/466/1643
f 1664/466/1664 1605/466/1605 1687/466/1687
f 1655/466/1655 1642/466/1642 1604/466/1604
f 1648/466/1648 1640/466/1640 1639/466/1639
f 1589/466/1589 1635/466/1635 1674/466/1674
f 1634/466/1634 1640/466/1640 1648/466/1648
f 1635/466/1635 1641/466/1641 1674/466/1674
f 1615/466/1615 1610/466/1610 1609/466/1609
f 1666/466/1666 1668/466/1668 1628/466/1628
f 1586/466/1586 1613/466/1613 1668/466/1668
f 1585/466/1585 1629/466/1629 1586/466/1586
f 1625/466/1625 1624/466/1624 1628/466/1628
f 1625/466/1625 1628/466/1628 1629/466/1629
f 1627/466/1627 1624/466/1624 1625/466/1625
f 1627/466/1627 1622/466/1622 1624/466/1624
f 1629/466/1629 1628/466/1628 1613/466/1613
f 1626/466/1626 1622/466/1622 1627/466/1627
f 1598/466/1598 1573/466/1573 1572/466/1572
f 1677/466/1677 1572/466/1572 1573/466/1573
f 1598/466/1598 1572/466/1572 1633/466/1633
f 1677/466/1677 1573/466/1573 1682/466/1682
f 1677/466/1677 1682/466/1682 1601/466/1601
f 1684/466/1684 1573/466/1573 1598/466/1598
f 1728/474/1728 1620/466/1620 1601/466/1601
f 1679/466/1679 1684/466/1684 1598/466/1598
f 1681/466/1681 1675/466/1675 1674/466/1674
f 1686/466/1686 1668/466/1668 1621/466/1621
f 1616/466/1616 1612/466/1612 1691/466/1691
f 1664/466/1664 1687/466/1687 1606/466/1606
f 1623/466/1623 1687/466/1687 1605/466/1605
f 1622/466/1622 1666/466/1666 1624/466/1624
f 1653/466/1653 1602/466/1602 1643/466/1643
f 1655/466/1655 1643/466/1643 1642/466/1642
f 1654/466/1654 1656/466/1656 1607/466/1607
f 1732/467/1732 1735/473/1735 1698/466/1698
f 1594/466/1594 1645/466/1645 1593/466/1593
f 1732/467/1732 1769/468/1769 1719/472/1719
f 1754/465/1754 1614/466/1614 1753/465/1753
f 1614/466/1614 1754/465/1754 1616/466/1616
f 1768/470/1768 1713/466/1713 1720/471/1720
f 1692/466/1692 1610/466/1610 1615/466/1615
f 1693/466/1693 1707/466/1707 1709/466/1709
f 1714/466/1714 1694/466/1694 1708/466/1708
f 1729/462/1729 1722/460/1722 1731/469/1731
f 1715/466/1715 1704/466/1704 1713/466/1713
f 1577/466/1577 1575/466/1575 1576/466/1576
f 1595/466/1595 1594/466/1594 1593/466/1593
f 1623/466/1623 1665/466/1665 1686/466/1686
f 1574/466/1574 1690/466/1690 1663/466/1663
f 1624/466/1624 1666/466/1666 1628/466/1628
f 1722/460/1722 1729/462/1729 1723/464/1723
f 1585/466/1585 1627/466/1627 1629/466/1629
f 1612/466/1612 1611/466/1611 1691/466/1691
f 1628/466/1628 1668/466/1668 1613/466/1613
f 1732/467/1732 1698/466/1698 1769/468/1769
f 1629/466/1629 1613/466/1613 1586/466/1586
f 1629/466/1629 1627/466/1627 1625/466/1625
f 1598/466/1598 1766/465/1766 1679/466/1679
f 1766/465/1766 1598/466/1598 1748/465/1748
f 1729/462/1729 1733/463/1733 1723/464/1723
f 1716/461/1716 1725/456/1725 1730/455/1730
f 1705/457/1705 1727/458/1727 1722/460/1722
f 1730/455/1730 1727/454/1727 1717/461/1717
f 1731/459/1731 1722/460/1722 1727/458/1727
f 1705/457/1705 1717/454/1717 1727/458/1727
f 1727/454/1727 1730/455/1730 1725/456/1725
f 1565/453/1565 1564/453/1564 1348/438/1348
f 1348/438/1348 1433/438/1433 1565/453/1565
f 1566/453/1566 1434/438/1434 1567/453/1567
f 1435/438/1435 1567/453/1567 1434/438/1434
f 1466/438/1466 1478/438/1478 1556/451/1556
f 1557/451/1557 1556/451/1556 1478/438/1478
f 1707/466/1707 1786/479/1786 1695/466/1695
f 1785/479/1785 1695/466/1695 1786/479/1786
f 1558/451/1558 1555/451/1555 1465/438/1465
f 1465/438/1465 1485/438/1485 1558/451/1558
f 1559/452/1559 1562/452/1562 1554/451/1554
f 1478/438/1478 1464/438/1464 1557/451/1557
f 1469/438/1469 1549/450/1549 1552/449/1552
f 1552/449/1552 1540/440/1540 1469/438/1469
f 1484/438/1484 1548/448/1548 1547/438/1547
f 1484/438/1484 1539/438/1539 1548/448/1548
f 1541/438/1541 1454/438/1454 1542/447/1542
f 1542/447/1542 1454/438/1454 1538/438/1538
f 1438/438/1438 1398/438/1398 1356/438/1356
f 1439/438/1439 1457/438/1457 1436/438/1436
f 1376/438/1376 1435/438/1435 1394/438/1394
f 1349/438/1349 1348/438/1348 1347/438/1347
f 1423/438/1423 1361/438/1361 1415/438/1415
f 1436/438/1436 1394/438/1394 1461/438/1461
f 1411/438/1411 1422/438/1422 1410/438/1410
f 1412/438/1412 1452/438/1452 1445/438/1445
f 1445/438/1445 1415/438/1415 1443/438/1443
f 1363/438/1363 1423/438/1423 1380/438/1380
f 1415/438/1415 1445/438/1445 1446/438/1446
f 1387/438/1387 1386/438/1386 1385/438/1385
f 1387/438/1387 1462/438/1462 1386/438/1386
f 1462/438/1462 1463/438/1463 1386/438/1386
f 1438/438/1438 1397/438/1397 1398/438/1398
f 1439/438/1439 1353/438/1353 1354/438/1354
f 1356/438/1356 1357/438/1357 1432/438/1432
f 1353/438/1353 1352/438/1352 1354/438/1354
f 1351/438/1351 1356/438/1356 1431/438/1431
f 1350/438/1350 1438/438/1438 1356/438/1356
f 1431/438/1431 1356/438/1356 1432/438/1432
f 1382/438/1382 1381/438/1381 1463/438/1463
f 1363/438/1363 1444/438/1444 1362/438/1362
f 1461/438/1461 1394/438/1394 1435/438/1435
f 1434/438/1434 1461/438/1461 1435/438/1435
f 1414/438/1414 1373/438/1373 1413/438/1413
f 1364/438/1364 1416/438/1416 1361/438/1361
f 1364/438/1364 1361/438/1361 1423/438/1423
f 1425/438/1425 1420/438/1420 1427/438/1427
f 1446/438/1446 1423/438/1423 1415/438/1415
f 1423/438/1423 1446/438/1446 1380/438/1380
f 1380/438/1380 1444/438/1444 1363/438/1363
f 1446/438/1446 1451/438/1451 1380/438/1380
f 1491/443/1491 1484/438/1484 1475/438/1475
f 1451/438/1451 1386/438/1386 1380/438/1380
f 1462/438/1462 1382/438/1382 1463/438/1463
f 1436/438/1436 1461/438/1461 1355/438/1355
f 1426/438/1426 1407/438/1407 1414/438/1414
f 1435/438/1435 1376/438/1376 1458/438/1458
f 1426/438/1426 1413/438/1413 1375/438/1375
f 1419/438/1419 1411/438/1411 1410/438/1410
f 1360/438/1360 1406/438/1406 1445/438/1445
f 1405/438/1405 1411/438/1411 1419/438/1419
f 1406/438/1406 1412/438/1412 1445/438/1445
f 1386/438/1386 1381/438/1381 1380/438/1380
f 1437/438/1437 1439/438/1439 1399/438/1399
f 1357/438/1357 1384/438/1384 1439/438/1439
f 1356/438/1356 1400/438/1400 1357/438/1357
f 1396/438/1396 1395/438/1395 1399/438/1399
f 1396/438/1396 1399/438/1399 1400/438/1400
f 1398/438/1398 1395/438/1395 1396/438/1396
f 1398/438/1398 1393/438/1393 1395/438/1395
f 1400/438/1400 1399/438/1399 1384/438/1384
f 1397/438/1397 1393/438/1393 1398/438/1398
f 1369/438/1369 1344/438/1344 1343/438/1343
f 1448/438/1448 1343/438/1343 1344/438/1344
f 1369/438/1369 1343/438/1343 1404/438/1404
f 1448/438/1448 1344/438/1344 1453/438/1453
f 1448/438/1448 1453/438/1453 1372/438/1372
f 1455/438/1455 1344/438/1344 1369/438/1369
f 1499/446/1499 1391/438/1391 1372/438/1372
f 1450/438/1450 1455/438/1455 1369/438/1369
f 1452/438/1452 1446/438/1446 1445/438/1445
f 1457/438/1457 1439/438/1439 1392/438/1392
f 1387/438/1387 1383/438/1383 1462/438/1462
f 1435/438/1435 1458/438/1458 1377/438/1377
f 1394/438/1394 1458/438/1458 1376/438/1376
f 1393/438/1393 1437/438/1437 1395/438/1395
f 1424/438/1424 1373/438/1373 1414/438/1414
f 1426/438/1426 1414/438/1414 1413/438/1413
f 1425/438/1425 1427/438/1427 1378/438/1378
f 1503/439/1503 1506/445/1506 1469/438/1469
f 1365/438/1365 1416/438/1416 1364/438/1364
f 1503/439/1503 1540/440/1540 1490/444/1490
f 1525/437/1525 1385/438/1385 1524/437/1524
f 1385/438/1385 1525/437/1525 1387/438/1387
f 1539/442/1539 1484/438/1484 1491/443/1491
f 1463/438/1463 1381/438/1381 1386/438/1386
f 1464/438/1464 1478/438/1478 1480/438/1480
f 1485/438/1485 1465/438/1465 1479/438/1479
f 1500/434/1500 1493/432/1493 1502/441/1502
f 1486/438/1486 1475/438/1475 1484/438/1484
f 1348/438/1348 1346/438/1346 1347/438/1347
f 1366/438/1366 1365/438/1365 1364/438/1364
f 1394/438/1394 1436/438/1436 1457/438/1457
f 1345/438/1345 1461/438/1461 1434/438/1434
f 1395/438/1395 1437/438/1437 1399/438/1399
f 1493/432/1493 1500/434/1500 1494/436/1494
f 1356/438/1356 1398/438/1398 1400/438/1400
f 1383/438/1383 1382/438/1382 1462/438/1462
f 1399/438/1399 1439/438/1439 1384/438/1384
f 1503/439/1503 1469/438/1469 1540/440/1540
f 1400/438/1400 1384/438/1384 1357/438/1357
f 1400/438/1400 1398/438/1398 1396/438/1396
f 1369/438/1369 1537/437/1537 1450/438/1450
f 1537/437/1537 1369/438/1369 1519/437/1519
f 1500/434/1500 1504/435/1504 1494/436/1494
f 1487/433/1487 1496/428/1496 1501/427/1501
f 1476/429/1476 1498/430/1498 1493/432/1493
f 1501/427/1501 1498/426/1498 1488/433/1488
f 1502/431/1502 1493/432/1493 1498/430/1498
f 1476/429/1476 1488/426/1488 1498/430/1498
f 1498/426/1498 1501/427/1501 1496/428/1496
f 156/4/156 154/27/154 159/28/159
f 134/13/134 156/20/156 146/4/146
f 160/23/160 156/20/156 151/14/151
f 159/28/159 146/3/146 156/4/156
f 134/13/134 151/14/151 156/20/156
f 145/3/145 159/28/159 154/27/154
f 158/26/158 152/15/152 162/25/162
f 195/49/195 177/49/177 27/1/27
f 27/1/27 108/1/108 195/49/195
f 58/1/58 54/1/54 56/1/56
f 58/1/58 15/1/15 42/1/42
f 161/32/161 198/51/198 127/1/127
f 57/1/57 42/1/42 97/1/97
f 41/1/41 120/1/120 40/1/40
f 14/1/14 58/1/58 56/1/56
f 151/14/151 152/15/152 158/26/158
f 53/1/53 57/1/57 95/1/95
f 3/1/3 92/1/92 119/1/119
f 52/1/52 115/1/115 94/1/94
f 24/1/24 22/1/22 23/1/23
f 6/1/6 5/1/5 4/1/4
f 144/1/144 142/1/142 133/1/133
f 158/26/158 160/29/160 151/14/151
f 143/1/143 137/1/137 123/1/123
f 122/1/122 138/1/138 136/1/136
f 121/1/121 44/1/44 39/1/39
f 197/50/197 149/10/149 142/1/142
f 43/1/43 45/1/45 183/49/183
f 183/49/183 182/49/182 43/1/43
f 161/32/161 148/9/148 198/51/198
f 23/1/23 22/1/22 74/1/74
f 161/32/161 127/1/127 164/37/164
f 83/1/83 36/1/36 85/1/85
f 84/1/84 71/1/71 72/1/72
f 82/1/82 72/1/72 31/1/31
f 51/1/51 53/1/53 95/1/95
f 52/1/52 34/1/34 116/1/116
f 93/1/93 35/1/35 116/1/116
f 45/1/45 120/1/120 41/1/41
f 115/1/115 50/1/50 97/1/97
f 110/1/110 103/1/103 104/1/104
f 108/1/108 27/1/27 113/1/113
f 157/21/157 30/1/30 49/1/49
f 113/1/113 27/1/27 2/1/2
f 106/1/106 30/1/30 111/1/111
f 106/1/106 111/1/111 2/1/2
f 27/1/27 62/1/62 1/1/1
f 106/1/106 2/1/2 1/1/1
f 27/1/27 1/1/1 2/1/2
f 55/1/55 56/1/56 51/1/51
f 58/1/58 42/1/42 57/1/57
f 56/1/56 53/1/53 51/1/51
f 56/1/56 54/1/54 53/1/53
f 54/1/54 58/1/58 57/1/57
f 54/1/54 57/1/57 53/1/53
f 14/1/14 15/1/15 58/1/58
f 15/1/15 97/1/97 42/1/42
f 95/1/95 57/1/57 97/1/97
f 44/1/44 38/1/38 39/1/39
f 64/1/64 103/1/103 70/1/70
f 63/1/63 77/1/77 69/1/69
f 18/1/18 103/1/103 64/1/64
f 77/1/77 68/1/68 69/1/69
f 84/1/84 33/1/33 71/1/71
f 93/1/93 116/1/116 34/1/34
f 84/1/84 72/1/72 65/1/65
f 94/1/94 13/1/13 119/1/119
f 120/1/120 121/1/121 40/1/40
f 109/1/109 38/1/38 44/1/44
f 149/10/149 133/1/133 142/1/142
f 104/1/104 38/1/38 109/1/109
f 38/1/38 21/1/21 102/1/102
f 81/1/81 38/1/38 104/1/104
f 104/1/104 73/1/73 81/1/81
f 83/1/83 85/1/85 78/1/78
f 22/1/22 81/1/81 19/1/19
f 22/1/22 19/1/19 74/1/74
f 72/1/72 71/1/71 31/1/31
f 92/1/92 93/1/93 119/1/119
f 119/1/119 93/1/93 52/1/52
f 21/1/21 20/1/20 102/1/102
f 40/1/40 121/1/121 39/1/39
f 89/1/89 90/1/90 14/1/14
f 8/1/8 14/1/14 96/1/96
f 9/1/9 89/1/89 14/1/14
f 11/1/11 12/1/12 10/1/10
f 14/1/14 90/1/90 15/1/15
f 97/1/97 12/1/12 11/1/11
f 96/1/96 56/1/56 55/1/55
f 120/1/120 44/1/44 121/1/121
f 45/1/45 44/1/44 120/1/120
f 45/1/45 43/1/43 44/1/44
f 73/1/73 104/1/104 103/1/103
f 21/1/21 38/1/38 81/1/81
f 103/1/103 101/1/101 73/1/73
f 70/1/70 103/1/103 110/1/110
f 69/1/69 68/1/68 80/1/80
f 94/1/94 119/1/119 52/1/52
f 81/1/81 73/1/73 19/1/19
f 7/1/7 5/1/5 6/1/6
f 34/1/34 52/1/52 93/1/93
f 97/1/97 94/1/94 115/1/115
f 96/1/96 14/1/14 56/1/56
f 200/54/200 196/1/196 112/1/112
f 199/1/199 200/54/200 112/1/112
f 142/1/142 206/61/206 197/1/197
f 142/1/142 205/1/205 206/61/206
f 210/63/210 127/1/127 198/51/198
f 127/1/127 210/63/210 207/62/207
f 136/1/136 215/69/215 122/1/122
f 212/69/212 122/1/122 215/69/215
f 123/1/123 216/69/216 143/1/143
f 216/69/216 123/1/123 213/69/213
f 215/69/215 220/70/220 212/69/212
f 217/70/217 212/69/212 220/70/220
f 213/69/213 221/70/221 216/69/216
f 221/70/221 213/69/213 218/70/218
f 93/1/93 92/1/92 225/71/225
f 224/71/224 225/71/225 92/1/92
f 6/1/6 223/71/223 91/1/91
f 223/71/223 6/1/6 222/71/222
f 385/73/385 383/75/383 388/74/388
f 363/76/363 385/77/385 375/73/375
f 389/78/389 385/77/385 380/79/380
f 388/74/388 375/80/375 385/73/385
f 363/76/363 380/79/380 385/77/385
f 374/80/374 388/74/388 383/75/383
f 387/81/387 381/83/381 391/82/391
f 424/84/424 406/84/406 256/85/256
f 256/85/256 337/85/337 424/84/424
f 287/85/287 283/85/283 285/85/285
f 287/85/287 244/85/244 271/85/271
f 390/86/390 427/87/427 356/85/356
f 286/85/286 271/85/271 326/85/326
f 270/85/270 349/85/349 269/85/269
f 243/85/243 287/85/287 285/85/285
f 380/79/380 381/83/381 387/81/387
f 282/85/282 286/85/286 324/85/324
f 232/85/232 321/85/321 348/85/348
f 281/85/281 344/85/344 323/85/323
f 253/85/253 251/85/251 252/85/252
f 235/85/235 234/85/234 233/85/233
f 373/85/373 371/85/371 362/85/362
f 387/81/387 389/88/389 380/79/380
f 372/85/372 366/85/366 352/85/352
f 351/85/351 367/85/367 365/85/365
f 350/85/350 273/85/273 268/85/268
f 426/89/426 378/90/378 371/85/371
f 272/85/272 274/85/274 412/84/412
f 412/84/412 411/84/411 272/85/272
f 390/86/390 377/91/377 427/87/427
f 252/85/252 251/85/251 303/85/303
f 390/86/390 356/85/356 393/92/393
f 312/85/312 265/85/265 314/85/314
f 313/85/313 300/85/300 301/85/301
f 311/85/311 301/85/301 260/85/260
f 280/85/280 282/85/282 324/85/324
f 281/85/281 263/85/263 345/85/345
f 322/85/322 264/85/264 345/85/345
f 274/85/274 349/85/349 270/85/270
f 344/85/344 279/85/279 326/85/326
f 339/85/339 332/85/332 333/85/333
f 337/85/337 256/85/256 342/85/342
f 386/93/386 259/85/259 278/85/278
f 342/85/342 256/85/256 231/85/231
f 335/85/335 259/85/259 340/85/340
f 335/85/335 340/85/340 231/85/231
f 256/85/256 291/85/291 230/85/230
f 335/85/335 231/85/231 230/85/230
f 256/85/256 230/85/230 231/85/231
f 284/85/284 285/85/285 280/85/280
f 287/85/287 271/85/271 286/85/286
f 285/85/285 282/85/282 280/85/280
f 285/85/285 283/85/283 282/85/282
f 283/85/283 287/85/287 286/85/286
f 283/85/283 286/85/286 282/85/282
f 243/85/243 244/85/244 287/85/287
f 244/85/244 326/85/326 271/85/271
f 324/85/324 286/85/286 326/85/326
f 273/85/273 267/85/267 268/85/268
f 293/85/293 332/85/332 299/85/299
f 292/85/292 306/85/306 298/85/298
f 247/85/247 332/85/332 293/85/293
f 306/85/306 297/85/297 298/85/298
f 313/85/313 262/85/262 300/85/300
f 322/85/322 345/85/345 263/85/263
f 313/85/313 301/85/301 294/85/294
f 323/85/323 242/85/242 348/85/348
f 349/85/349 350/85/350 269/85/269
f 338/85/338 267/85/267 273/85/273
f 378/90/378 362/85/362 371/85/371
f 333/85/333 267/85/267 338/85/338
f 267/85/267 250/85/250 331/85/331
f 310/85/310 267/85/267 333/85/333
f 333/85/333 302/85/302 310/85/310
f 312/85/312 314/85/314 307/85/307
f 251/85/251 310/85/310 248/85/248
f 251/85/251 248/85/248 303/85/303
f 301/85/301 300/85/300 260/85/260
f 321/85/321 322/85/322 348/85/348
f 348/85/348 322/85/322 281/85/281
f 250/85/250 249/85/249 331/85/331
f 269/85/269 350/85/350 268/85/268
f 318/85/318 319/85/319 243/85/243
f 237/85/237 243/85/243 325/85/325
f 238/85/238 318/85/318 243/85/243
f 240/85/240 241/85/241 239/85/239
f 243/85/243 319/85/319 244/85/244
f 326/85/326 241/85/241 240/85/240
f 325/85/325 285/85/285 284/85/284
f 349/85/349 273/85/273 350/85/350
f 274/85/274 273/85/273 349/85/349
f 274/85/274 272/85/272 273/85/273
f 302/85/302 333/85/333 332/85/332
f 250/85/250 267/85/267 310/85/310
f 332/85/332 330/85/330 302/85/302
f 299/85/299 332/85/332 339/85/339
f 298/85/298 297/85/297 309/85/309
f 323/85/323 348/85/348 281/85/281
f 310/85/310 302/85/302 248/85/248
f 236/85/236 234/85/234 235/85/235
f 263/85/263 281/85/281 322/85/322
f 326/85/326 323/85/323 344/85/344
f 325/85/325 243/85/243 285/85/285
f 429/94/429 425/85/425 341/85/341
f 428/85/428 429/94/429 341/85/341
f 371/85/371 435/95/435 426/85/426
f 371/85/371 434/85/434 435/95/435
f 439/96/439 356/85/356 427/87/427
f 356/85/356 439/96/439 436/97/436
f 365/85/365 444/98/444 351/85/351
f 441/98/441 351/85/351 444/98/444
f 352/85/352 445/98/445 372/85/372
f 445/98/445 352/85/352 442/98/442
f 444/98/444 449/99/449 441/98/441
f 446/99/446 441/98/441 449/99/449
f 442/98/442 450/99/450 445/98/445
f 450/99/450 442/98/442 447/99/447
f 322/85/322 321/85/321 454/100/454
f 453/100/453 454/100/454 321/85/321
f 235/85/235 452/100/452 320/85/320
f 452/100/452 235/85/235 451/100/451
f 614/145/614 617/147/617 612/146/612
f 592/148/592 604/145/604 614/149/614
f 618/150/618 609/151/609 614/149/614
f 617/147/617 614/145/614 604/152/604
f 592/148/592 614/149/614 609/151/609
f 603/152/603 612/146/612 617/147/617
f 616/153/616 620/155/620 610/154/610
f 653/156/653 485/157/485 635/156/635
f 485/157/485 653/156/653 566/157/566
f 516/157/516 514/157/514 512/157/512
f 516/157/516 500/157/500 473/157/473
f 619/158/619 585/157/585 656/159/656
f 515/157/515 555/157/555 500/157/500
f 499/157/499 498/157/498 578/157/578
f 472/157/472 514/157/514 516/157/516
f 609/151/609 616/153/616 610/154/610
f 511/157/511 553/157/553 515/157/515
f 461/157/461 577/157/577 550/157/550
f 510/157/510 552/157/552 573/157/573
f 482/157/482 481/157/481 480/157/480
f 464/157/464 462/157/462 463/157/463
f 602/157/602 591/157/591 600/157/600
f 616/153/616 609/151/609 618/160/618
f 1206/322/1206 1338/337/1338 1205/322/1205
f 1557/451/1557 1554/451/1554 1562/452/1562
f 579/157/579 497/157/497 502/157/502
f 655/161/655 600/157/600 607/162/607
f 501/157/501 641/156/641 503/157/503
f 641/156/641 501/157/501 640/156/640
f 619/158/619 656/159/656 606/163/606
f 481/157/481 532/157/532 480/157/480
f 619/158/619 622/164/622 585/157/585
f 541/157/541 543/157/543 494/157/494
f 542/157/542 530/157/530 529/157/529
f 540/157/540 489/157/489 530/157/530
f 509/157/509 553/157/553 511/157/511
f 510/157/510 574/157/574 492/157/492
f 551/157/551 574/157/574 493/157/493
f 503/157/503 499/157/499 578/157/578
f 573/157/573 555/157/555 508/157/508
f 568/157/568 562/157/562 561/157/561
f 566/157/566 571/157/571 485/157/485
f 615/165/615 507/157/507 488/157/488
f 571/157/571 460/157/460 485/157/485
f 564/157/564 569/157/569 488/157/488
f 564/157/564 460/157/460 569/157/569
f 485/157/485 459/157/459 520/157/520
f 564/157/564 459/157/459 460/157/460
f 485/157/485 460/157/460 459/157/459
f 513/157/513 509/157/509 514/157/514
f 516/157/516 515/157/515 500/157/500
f 514/157/514 509/157/509 511/157/511
f 514/157/514 511/157/511 512/157/512
f 512/157/512 515/157/515 516/157/516
f 512/157/512 511/157/511 515/157/515
f 472/157/472 516/157/516 473/157/473
f 473/157/473 500/157/500 555/157/555
f 553/157/553 555/157/555 515/157/515
f 502/157/502 497/157/497 496/157/496
f 522/157/522 528/157/528 561/157/561
f 521/157/521 527/157/527 535/157/535
f 476/157/476 522/157/522 561/157/561
f 535/157/535 527/157/527 526/157/526
f 542/157/542 529/157/529 491/157/491
f 551/157/551 492/157/492 574/157/574
f 542/157/542 523/157/523 530/157/530
f 552/157/552 577/157/577 471/157/471
f 578/157/578 498/157/498 579/157/579
f 567/157/567 502/157/502 496/157/496
f 607/162/607 600/157/600 591/157/591
f 562/157/562 567/157/567 496/157/496
f 496/157/496 560/157/560 479/157/479
f 539/157/539 562/157/562 496/157/496
f 562/157/562 539/157/539 531/157/531
f 541/157/541 536/157/536 543/157/543
f 480/157/480 477/157/477 539/157/539
f 480/157/480 532/157/532 477/157/477
f 530/157/530 489/157/489 529/157/529
f 550/157/550 577/157/577 551/157/551
f 577/157/577 510/157/510 551/157/551
f 479/157/479 560/157/560 478/157/478
f 498/157/498 497/157/497 579/157/579
f 547/157/547 472/157/472 548/157/548
f 466/157/466 554/157/554 472/157/472
f 467/157/467 472/157/472 547/157/547
f 469/157/469 468/157/468 470/157/470
f 472/157/472 473/157/473 548/157/548
f 555/157/555 469/157/469 470/157/470
f 554/157/554 513/157/513 514/157/514
f 578/157/578 579/157/579 502/157/502
f 503/157/503 578/157/578 502/157/502
f 503/157/503 502/157/502 501/157/501
f 531/157/531 561/157/561 562/157/562
f 479/157/479 539/157/539 496/157/496
f 561/157/561 531/157/531 559/157/559
f 528/157/528 568/157/568 561/157/561
f 527/157/527 538/157/538 526/157/526
f 552/157/552 510/157/510 577/157/577
f 539/157/539 477/157/477 531/157/531
f 465/157/465 464/157/464 463/157/463
f 492/157/492 551/157/551 510/157/510
f 555/157/555 573/157/573 552/157/552
f 554/157/554 514/157/514 472/157/472
f 658/166/658 570/157/570 654/157/654
f 657/157/657 570/157/570 658/166/658
f 600/157/600 655/157/655 664/167/664
f 600/157/600 664/167/664 663/157/663
f 668/168/668 656/159/656 585/157/585
f 585/157/585 665/169/665 668/168/668
f 594/157/594 580/157/580 673/170/673
f 670/170/670 673/170/673 580/157/580
f 581/157/581 601/157/601 674/170/674
f 674/170/674 671/170/671 581/157/581
f 672/170/672 582/157/582 673/170/673
f 594/157/594 673/170/673 582/157/582
f 1334/336/1334 1331/336/1331 1326/335/1326
f 1326/335/1326 1329/335/1329 1334/336/1334
f 551/157/551 683/172/683 550/157/550
f 682/172/682 550/157/550 683/172/683
f 464/157/464 549/157/549 681/172/681
f 681/172/681 680/172/680 464/157/464
f 825/173/825 828/175/828 823/174/823
f 812/176/812 815/173/815 825/177/825
f 829/178/829 820/179/820 825/177/825
f 828/175/828 825/173/825 815/180/815
f 812/176/812 825/177/825 820/179/820
f 814/180/814 823/174/823 828/175/828
f 827/181/827 831/183/831 821/182/821
f 864/184/864 714/185/714 846/184/846
f 714/185/714 864/184/864 795/185/795
f 745/185/745 743/185/743 741/185/741
f 745/185/745 729/185/729 702/185/702
f 830/186/830 809/185/809 867/187/867
f 744/185/744 784/185/784 729/185/729
f 728/185/728 727/185/727 807/185/807
f 701/185/701 743/185/743 745/185/745
f 820/179/820 827/181/827 821/182/821
f 740/185/740 782/185/782 744/185/744
f 690/185/690 806/185/806 779/185/779
f 739/185/739 781/185/781 802/185/802
f 711/185/711 710/185/710 709/185/709
f 693/185/693 691/185/691 692/185/692
f 1325/335/1325 1328/335/1328 1235/322/1235
f 827/181/827 820/179/820 829/188/829
f 1482/438/1482 1478/438/1478 1481/438/1481
f 1466/438/1466 1481/438/1481 1478/438/1478
f 808/185/808 726/185/726 731/185/731
f 866/189/866 813/185/813 818/190/818
f 730/185/730 852/184/852 732/185/732
f 852/184/852 730/185/730 851/184/851
f 830/186/830 867/187/867 817/191/817
f 710/185/710 761/185/761 709/185/709
f 830/186/830 833/192/833 809/185/809
f 770/185/770 772/185/772 723/185/723
f 771/185/771 759/185/759 758/185/758
f 769/185/769 718/185/718 759/185/759
f 738/185/738 782/185/782 740/185/740
f 739/185/739 803/185/803 721/185/721
f 780/185/780 803/185/803 722/185/722
f 732/185/732 728/185/728 807/185/807
f 802/185/802 784/185/784 737/185/737
f 797/185/797 791/185/791 790/185/790
f 795/185/795 800/185/800 714/185/714
f 826/193/826 736/185/736 717/185/717
f 800/185/800 689/185/689 714/185/714
f 793/185/793 798/185/798 717/185/717
f 793/185/793 689/185/689 798/185/798
f 714/185/714 688/185/688 749/185/749
f 793/185/793 688/185/688 689/185/689
f 714/185/714 689/185/689 688/185/688
f 742/185/742 738/185/738 743/185/743
f 745/185/745 744/185/744 729/185/729
f 743/185/743 738/185/738 740/185/740
f 743/185/743 740/185/740 741/185/741
f 741/185/741 744/185/744 745/185/745
f 741/185/741 740/185/740 744/185/744
f 701/185/701 745/185/745 702/185/702
f 702/185/702 729/185/729 784/185/784
f 782/185/782 784/185/784 744/185/744
f 731/185/731 726/185/726 725/185/725
f 751/185/751 757/185/757 790/185/790
f 750/185/750 756/185/756 764/185/764
f 705/185/705 751/185/751 790/185/790
f 764/185/764 756/185/756 755/185/755
f 771/185/771 758/185/758 720/185/720
f 780/185/780 721/185/721 803/185/803
f 771/185/771 752/185/752 759/185/759
f 781/185/781 806/185/806 700/185/700
f 807/185/807 727/185/727 808/185/808
f 796/185/796 731/185/731 725/185/725
f 818/190/818 813/185/813 811/185/811
f 791/185/791 796/185/796 725/185/725
f 725/185/725 789/185/789 708/185/708
f 768/185/768 791/185/791 725/185/725
f 791/185/791 768/185/768 760/185/760
f 770/185/770 765/185/765 772/185/772
f 709/185/709 706/185/706 768/185/768
f 709/185/709 761/185/761 706/185/706
f 759/185/759 718/185/718 758/185/758
f 779/185/779 806/185/806 780/185/780
f 806/185/806 739/185/739 780/185/780
f 708/185/708 789/185/789 707/185/707
f 727/185/727 726/185/726 808/185/808
f 776/185/776 701/185/701 777/185/777
f 695/185/695 783/185/783 701/185/701
f 696/185/696 701/185/701 776/185/776
f 698/185/698 697/185/697 699/185/699
f 701/185/701 702/185/702 777/185/777
f 784/185/784 698/185/698 699/185/699
f 783/185/783 742/185/742 743/185/743
f 807/185/807 808/185/808 731/185/731
f 732/185/732 807/185/807 731/185/731
f 732/185/732 731/185/731 730/185/730
f 760/185/760 790/185/790 791/185/791
f 708/185/708 768/185/768 725/185/725
f 790/185/790 760/185/760 788/185/788
f 757/185/757 797/185/797 790/185/790
f 756/185/756 767/185/767 755/185/755
f 781/185/781 739/185/739 806/185/806
f 768/185/768 706/185/706 760/185/760
f 694/185/694 693/185/693 692/185/692
f 721/185/721 780/185/780 739/185/739
f 784/185/784 802/185/802 781/185/781
f 783/185/783 743/185/743 701/185/701
f 869/194/869 799/185/799 865/185/865
f 868/185/868 799/185/799 869/194/869
f 813/185/813 866/185/866 871/195/871
f 813/185/813 871/195/871 870/185/870
f 875/196/875 867/187/867 809/185/809
f 809/185/809 872/197/872 875/196/875
f 1481/438/1481 1466/438/1466 1486/438/1486
f 1336/337/1336 1335/337/1335 1119/322/1119
f 1119/322/1119 1204/322/1204 1336/337/1336
f 1337/337/1337 1205/322/1205 1338/337/1338
f 1330/336/1330 1333/336/1333 1325/335/1325
f 1328/335/1328 1325/335/1325 1333/336/1333
f 1329/335/1329 1326/335/1326 1236/322/1236
f 1236/322/1236 1256/322/1256 1329/335/1329
f 780/185/780 880/198/880 779/185/779
f 879/198/879 779/185/779 880/198/880
f 693/185/693 778/185/778 878/198/878
f 878/198/878 877/198/877 693/185/693
f 1040/282/1040 1043/283/1043 1038/284/1038
f 1018/285/1018 1030/282/1030 1040/286/1040
f 1044/287/1044 1035/288/1035 1040/286/1040
f 1043/283/1043 1040/282/1040 1030/289/1030
f 1018/285/1018 1040/286/1040 1035/288/1035
f 1029/289/1029 1038/284/1038 1043/283/1043
f 1042/290/1042 1046/291/1046 1036/292/1036
f 1079/293/1079 911/294/911 1061/293/1061
f 911/294/911 1079/293/1079 992/294/992
f 942/294/942 940/294/940 938/294/938
f 942/294/942 926/294/926 899/294/899
f 1045/295/1045 1011/294/1011 1082/296/1082
f 941/294/941 981/294/981 926/294/926
f 925/294/925 924/294/924 1004/294/1004
f 898/294/898 940/294/940 942/294/942
f 1035/288/1035 1042/290/1042 1036/292/1036
f 937/294/937 979/294/979 941/294/941
f 887/294/887 1003/294/1003 976/294/976
f 936/294/936 978/294/978 999/294/999
f 908/294/908 907/294/907 906/294/906
f 890/294/890 888/294/888 889/294/889
f 1028/294/1028 1017/294/1017 1026/294/1026
f 1042/290/1042 1035/288/1035 1044/297/1044
f 1027/294/1027 1007/294/1007 1021/294/1021
f 1006/294/1006 1020/294/1020 1022/294/1022
f 1005/294/1005 923/294/923 928/294/928
f 1081/298/1081 1026/294/1026 1033/299/1033
f 927/294/927 1067/293/1067 929/294/929
f 1067/293/1067 927/294/927 1066/293/1066
f 1045/295/1045 1082/296/1082 1032/300/1032
f 907/294/907 958/294/958 906/294/906
f 1045/295/1045 1048/301/1048 1011/294/1011
f 967/294/967 969/294/969 920/294/920
f 968/294/968 956/294/956 955/294/955
f 966/294/966 915/294/915 956/294/956
f 935/294/935 979/294/979 937/294/937
f 936/294/936 1000/294/1000 918/294/918
f 977/294/977 1000/294/1000 919/294/919
f 929/294/929 925/294/925 1004/294/1004
f 999/294/999 981/294/981 934/294/934
f 994/294/994 988/294/988 987/294/987
f 992/294/992 997/294/997 911/294/911
f 1041/302/1041 933/294/933 914/294/914
f 997/294/997 886/294/886 911/294/911
f 990/294/990 995/294/995 914/294/914
f 990/294/990 886/294/886 995/294/995
f 911/294/911 885/294/885 946/294/946
f 990/294/990 885/294/885 886/294/886
f 911/294/911 886/294/886 885/294/885
f 939/294/939 935/294/935 940/294/940
f 942/294/942 941/294/941 926/294/926
f 940/294/940 935/294/935 937/294/937
f 940/294/940 937/294/937 938/294/938
f 938/294/938 941/294/941 942/294/942
f 938/294/938 937/294/937 941/294/941
f 898/294/898 942/294/942 899/294/899
f 899/294/899 926/294/926 981/294/981
f 979/294/979 981/294/981 941/294/941
f 928/294/928 923/294/923 922/294/922
f 948/294/948 954/294/954 987/294/987
f 947/294/947 953/294/953 961/294/961
f 902/294/902 948/294/948 987/294/987
f 961/294/961 953/294/953 952/294/952
f 968/294/968 955/294/955 917/294/917
f 977/294/977 918/294/918 1000/294/1000
f 968/294/968 949/294/949 956/294/956
f 978/294/978 1003/294/1003 897/294/897
f 1004/294/1004 924/294/924 1005/294/1005
f 993/294/993 928/294/928 922/294/922
f 1033/299/1033 1026/294/1026 1017/294/1017
f 988/294/988 993/294/993 922/294/922
f 922/294/922 986/294/986 905/294/905
f 965/294/965 988/294/988 922/294/922
f 988/294/988 965/294/965 957/294/957
f 967/294/967 962/294/962 969/294/969
f 906/294/906 903/294/903 965/294/965
f 906/294/906 958/294/958 903/294/903
f 956/294/956 915/294/915 955/294/955
f 976/294/976 1003/294/1003 977/294/977
f 1003/294/1003 936/294/936 977/294/977
f 905/294/905 986/294/986 904/294/904
f 924/294/924 923/294/923 1005/294/1005
f 973/294/973 898/294/898 974/294/974
f 892/294/892 980/294/980 898/294/898
f 893/294/893 898/294/898 973/294/973
f 895/294/895 894/294/894 896/294/896
f 898/294/898 899/294/899 974/294/974
f 981/294/981 895/294/895 896/294/896
f 980/294/980 939/294/939 940/294/940
f 1004/294/1004 1005/294/1005 928/294/928
f 929/294/929 1004/294/1004 928/294/928
f 929/294/929 928/294/928 927/294/927
f 957/294/957 987/294/987 988/294/988
f 905/294/905 965/294/965 922/294/922
f 987/294/987 957/294/957 985/294/985
f 954/294/954 994/294/994 987/294/987
f 953/294/953 964/294/964 952/294/952
f 978/294/978 936/294/936 1003/294/1003
f 965/294/965 903/294/903 957/294/957
f 891/294/891 890/294/890 889/294/889
f 918/294/918 977/294/977 936/294/936
f 981/294/981 999/294/999 978/294/978
f 980/294/980 940/294/940 898/294/898
f 1084/303/1084 996/294/996 1080/294/1080
f 1083/294/1083 996/294/996 1084/303/1084
f 1026/294/1026 1081/294/1081 1090/304/1090
f 1026/294/1026 1090/304/1090 1089/294/1089
f 1094/305/1094 1082/296/1082 1011/294/1011
f 1011/294/1011 1091/306/1091 1094/305/1094
f 1020/294/1020 1006/294/1006 1099/307/1099
f 1096/307/1096 1099/307/1099 1006/294/1006
f 1007/294/1007 1027/294/1027 1100/307/1100
f 1100/307/1100 1097/307/1097 1007/294/1007
f 1099/307/1099 1096/307/1096 1104/308/1104
f 1101/308/1101 1104/308/1104 1096/307/1096
f 1097/307/1097 1100/307/1100 1105/308/1105
f 1105/308/1105 1102/308/1102 1097/307/1097
f 977/294/977 1109/309/1109 976/294/976
f 1108/309/1108 976/294/976 1109/309/1109
f 890/294/890 975/294/975 1107/309/1107
f 1107/309/1107 1106/309/1106 890/294/890
f 1269/310/1269 1272/311/1272 1267/312/1267
f 1247/313/1247 1259/310/1259 1269/314/1269
f 1273/315/1273 1264/316/1264 1269/314/1269
f 1272/311/1272 1269/310/1269 1259/317/1259
f 1247/313/1247 1269/314/1269 1264/316/1264
f 1258/317/1258 1267/312/1267 1272/311/1272
f 1271/318/1271 1275/319/1275 1265/320/1265
f 1308/321/1308 1140/322/1140 1290/321/1290
f 1140/322/1140 1308/321/1308 1221/322/1221
f 1171/322/1171 1169/322/1169 1167/322/1167
f 1171/322/1171 1155/322/1155 1128/322/1128
f 1274/323/1274 1240/322/1240 1311/324/1311
f 1170/322/1170 1210/322/1210 1155/322/1155
f 1154/322/1154 1153/322/1153 1233/322/1233
f 1127/322/1127 1169/322/1169 1171/322/1171
f 1264/316/1264 1271/318/1271 1265/320/1265
f 1166/322/1166 1208/322/1208 1170/322/1170
f 1116/322/1116 1232/322/1232 1205/322/1205
f 1165/322/1165 1207/322/1207 1228/322/1228
f 1137/322/1137 1136/322/1136 1135/322/1135
f 1119/322/1119 1117/322/1117 1118/322/1118
f 1257/322/1257 1246/322/1246 1255/322/1255
f 1271/318/1271 1264/316/1264 1273/325/1273
f 1256/322/1256 1236/322/1236 1250/322/1250
f 1235/322/1235 1249/322/1249 1251/322/1251
f 1234/322/1234 1152/322/1152 1157/322/1157
f 1310/326/1310 1255/322/1255 1262/327/1262
f 1156/322/1156 1296/321/1296 1158/322/1158
f 1296/321/1296 1156/322/1156 1295/321/1295
f 1274/323/1274 1311/324/1311 1261/328/1261
f 1136/322/1136 1187/322/1187 1135/322/1135
f 1274/323/1274 1277/329/1277 1240/322/1240
f 1196/322/1196 1198/322/1198 1149/322/1149
f 1197/322/1197 1185/322/1185 1184/322/1184
f 1195/322/1195 1144/322/1144 1185/322/1185
f 1164/322/1164 1208/322/1208 1166/322/1166
f 1165/322/1165 1229/322/1229 1147/322/1147
f 1206/322/1206 1229/322/1229 1148/322/1148
f 1158/322/1158 1154/322/1154 1233/322/1233
f 1228/322/1228 1210/322/1210 1163/322/1163
f 1223/322/1223 1217/322/1217 1216/322/1216
f 1221/322/1221 1226/322/1226 1140/322/1140
f 1270/330/1270 1162/322/1162 1143/322/1143
f 1226/322/1226 1115/322/1115 1140/322/1140
f 1219/322/1219 1224/322/1224 1143/322/1143
f 1219/322/1219 1115/322/1115 1224/322/1224
f 1140/322/1140 1114/322/1114 1175/322/1175
f 1219/322/1219 1114/322/1114 1115/322/1115
f 1140/322/1140 1115/322/1115 1114/322/1114
f 1168/322/1168 1164/322/1164 1169/322/1169
f 1171/322/1171 1170/322/1170 1155/322/1155
f 1169/322/1169 1164/322/1164 1166/322/1166
f 1169/322/1169 1166/322/1166 1167/322/1167
f 1167/322/1167 1170/322/1170 1171/322/1171
f 1167/322/1167 1166/322/1166 1170/322/1170
f 1127/322/1127 1171/322/1171 1128/322/1128
f 1128/322/1128 1155/322/1155 1210/322/1210
f 1208/322/1208 1210/322/1210 1170/322/1170
f 1157/322/1157 1152/322/1152 1151/322/1151
f 1177/322/1177 1183/322/1183 1216/322/1216
f 1176/322/1176 1182/322/1182 1190/322/1190
f 1131/322/1131 1177/322/1177 1216/322/1216
f 1190/322/1190 1182/322/1182 1181/322/1181
f 1197/322/1197 1184/322/1184 1146/322/1146
f 1206/322/1206 1147/322/1147 1229/322/1229
f 1197/322/1197 1178/322/1178 1185/322/1185
f 1207/322/1207 1232/322/1232 1126/322/1126
f 1233/322/1233 1153/322/1153 1234/322/1234
f 1222/322/1222 1157/322/1157 1151/322/1151
f 1262/327/1262 1255/322/1255 1246/322/1246
f 1217/322/1217 1222/322/1222 1151/322/1151
f 1151/322/1151 1215/322/1215 1134/322/1134
f 1194/322/1194 1217/322/1217 1151/322/1151
f 1217/322/1217 1194/322/1194 1186/322/1186
f 1196/322/1196 1191/322/1191 1198/322/1198
f 1135/322/1135 1132/322/1132 1194/322/1194
f 1135/322/1135 1187/322/1187 1132/322/1132
f 1185/322/1185 1144/322/1144 1184/322/1184
f 1205/322/1205 1232/322/1232 1206/322/1206
f 1232/322/1232 1165/322/1165 1206/322/1206
f 1134/322/1134 1215/322/1215 1133/322/1133
f 1153/322/1153 1152/322/1152 1234/322/1234
f 1202/322/1202 1127/322/1127 1203/322/1203
f 1121/322/1121 1209/322/1209 1127/322/1127
f 1122/322/1122 1127/322/1127 1202/322/1202
f 1124/322/1124 1123/322/1123 1125/322/1125
f 1127/322/1127 1128/322/1128 1203/322/1203
f 1210/322/1210 1124/322/1124 1125/322/1125
f 1209/322/1209 1168/322/1168 1169/322/1169
f 1233/322/1233 1234/322/1234 1157/322/1157
f 1158/322/1158 1233/322/1233 1157/322/1157
f 1158/322/1158 1157/322/1157 1156/322/1156
f 1186/322/1186 1216/322/1216 1217/322/1217
f 1134/322/1134 1194/322/1194 1151/322/1151
f 1216/322/1216 1186/322/1186 1214/322/1214
f 1183/322/1183 1223/322/1223 1216/322/1216
f 1182/322/1182 1193/322/1193 1181/322/1181
f 1207/322/1207 1165/322/1165 1232/322/1232
f 1194/322/1194 1132/322/1132 1186/322/1186
f 1120/322/1120 1119/322/1119 1118/322/1118
f 1147/322/1147 1206/322/1206 1165/322/1165
f 1210/322/1210 1228/322/1228 1207/322/1207
f 1209/322/1209 1169/322/1169 1127/322/1127
f 1313/331/1313 1225/322/1225 1309/322/1309
f 1312/322/1312 1225/322/1225 1313/331/1313
f 1255/322/1255 1310/322/1310 1319/332/1319
f 1255/322/1255 1319/332/1319 1318/322/1318
f 1323/333/1323 1311/324/1311 1240/322/1240
f 1240/322/1240 1320/334/1320 1323/333/1323
f 1249/322/1249 1235/322/1235 1328/335/1328
f 597/157/597 582/157/582 602/157/602
g fff035d2_00010_000886b5_e3
f 1638/466/1638 1650/466/1650 1651/466/1651
f 1781/518/1781 1779/519/1779 1737/516/1737
f 1737/516/1737 1769/509/1769 1781/518/1781
f 1698/466/1698 1780/517/1780 1778/478/1778
f 1780/517/1780 1698/466/1698 1742/511/1742
f 1769/509/1769 1737/516/1737 1739/505/1739
f 1619/466/1619 1755/465/1755 1762/465/1762
f 1669/466/1669 1762/465/1762 1657/466/1657
f 1761/465/1761 1657/466/1657 1762/465/1762
f 1762/465/1762 1669/466/1669 1619/466/1619
f 1737/516/1737 1736/506/1736 1739/505/1739
f 1745/465/1745 1755/465/1755 1575/466/1575
f 1619/466/1619 1575/466/1575 1755/465/1755
f 1584/466/1584 1574/466/1574 1588/466/1588
f 1574/466/1574 1576/466/1576 1588/466/1588
f 1587/466/1587 1588/466/1588 1576/466/1576
f 1610/466/1610 1572/466/1572 1677/466/1677
f 1611/466/1611 1633/466/1633 1572/466/1572
f 1610/466/1610 1611/466/1611 1572/466/1572
f 1611/466/1611 1612/466/1612 1633/466/1633
f 1626/466/1626 1617/466/1617 1622/466/1622
f 1649/466/1649 1604/466/1604 1642/466/1642
f 1602/466/1602 1600/466/1600 1642/466/1642
f 1667/466/1667 1618/466/1618 1626/466/1626
f 1618/466/1618 1667/466/1667 1653/466/1653
f 1622/466/1622 1672/466/1672 1666/466/1666
f 1618/466/1618 1617/466/1617 1626/466/1626
f 1637/466/1637 1671/466/1671 1650/466/1650
f 1599/466/1599 1615/466/1615 1603/466/1603
f 1603/466/1603 1615/466/1615 1680/466/1680
f 1638/466/1638 1637/466/1637 1650/466/1650
f 1679/466/1679 1683/466/1683 1684/466/1684
f 1657/466/1657 1619/466/1619 1669/466/1669
f 1670/466/1670 1587/466/1587 1657/466/1657
f 1575/466/1575 1619/466/1619 1576/466/1576
f 1619/466/1619 1587/466/1587 1576/466/1576
f 1642/466/1642 1656/466/1656 1649/466/1649
f 1600/466/1600 1656/466/1656 1642/466/1642
f 1631/466/1631 1685/466/1685 1770/502/1770
f 1683/466/1683 1685/466/1685 1684/466/1684
f 1617/466/1617 1672/466/1672 1622/466/1622
f 1657/466/1657 1587/466/1587 1619/466/1619
f 1574/466/1574 1584/466/1584 1690/466/1690
f 1741/513/1741 1719/514/1719 1740/515/1740
f 1685/466/1685 1743/501/1743 1728/512/1728
f 1685/466/1685 1742/511/1742 1698/466/1698
f 1732/467/1732 1721/510/1721 1735/473/1735
f 1739/505/1739 1734/508/1734 1733/472/1733
f 1719/503/1719 1769/509/1769 1739/505/1739
f 1631/466/1631 1742/474/1742 1685/466/1685
f 1739/505/1739 1738/507/1738 1734/508/1734
f 1739/505/1739 1736/506/1736 1738/507/1738
f 1719/503/1719 1739/505/1739 1740/504/1740
f 1740/504/1740 1739/505/1739 1733/472/1733
f 1741/503/1741 1740/504/1740 1733/472/1733
f 1770/502/1770 1685/466/1685 1683/466/1683
f 1685/466/1685 1698/466/1698 1743/501/1743
f 1698/466/1698 1735/473/1735 1743/501/1743
f 1409/438/1409 1421/438/1421 1422/438/1422
f 1552/499/1552 1550/500/1550 1508/497/1508
f 1508/497/1508 1540/489/1540 1552/499/1552
f 1469/438/1469 1551/498/1551 1549/450/1549
f 1551/498/1551 1469/438/1469 1513/492/1513
f 1540/489/1540 1508/497/1508 1510/486/1510
f 1390/438/1390 1526/437/1526 1533/437/1533
f 1440/438/1440 1533/437/1533 1428/438/1428
f 1532/437/1532 1428/438/1428 1533/437/1533
f 1533/437/1533 1440/438/1440 1390/438/1390
f 1508/497/1508 1507/487/1507 1510/486/1510
f 1516/437/1516 1526/437/1526 1346/438/1346
f 1390/438/1390 1346/438/1346 1526/437/1526
f 1355/438/1355 1345/438/1345 1359/438/1359
f 1345/438/1345 1347/438/1347 1359/438/1359
f 1358/438/1358 1359/438/1359 1347/438/1347
f 1381/438/1381 1343/438/1343 1448/438/1448
f 1382/438/1382 1404/438/1404 1343/438/1343
f 1381/438/1381 1382/438/1382 1343/438/1343
f 1382/438/1382 1383/438/1383 1404/438/1404
f 1397/438/1397 1388/438/1388 1393/438/1393
f 1420/438/1420 1375/438/1375 1413/438/1413
f 1373/438/1373 1371/438/1371 1413/438/1413
f 1438/438/1438 1389/438/1389 1397/438/1397
f 1389/438/1389 1438/438/1438 1424/438/1424
f 1393/438/1393 1443/438/1443 1437/438/1437
f 1389/438/1389 1388/438/1388 1397/438/1397
f 1408/438/1408 1442/438/1442 1421/438/1421
f 1370/438/1370 1386/438/1386 1374/438/1374
f 1374/438/1374 1386/438/1386 1451/438/1451
f 1409/438/1409 1408/438/1408 1421/438/1421
f 1450/438/1450 1454/438/1454 1455/438/1455
f 1428/438/1428 1390/438/1390 1440/438/1440
f 1441/438/1441 1358/438/1358 1428/438/1428
f 1346/438/1346 1390/438/1390 1347/438/1347
f 1390/438/1390 1358/438/1358 1347/438/1347
f 1413/438/1413 1427/438/1427 1420/438/1420
f 1371/438/1371 1427/438/1427 1413/438/1413
f 1402/438/1402 1456/438/1456 1541/483/1541
f 1454/438/1454 1456/438/1456 1455/438/1455
f 1388/438/1388 1443/438/1443 1393/438/1393
f 1428/438/1428 1358/438/1358 1390/438/1390
f 1345/438/1345 1355/438/1355 1461/438/1461
f 1512/494/1512 1490/495/1490 1511/496/1511
f 1456/438/1456 1514/482/1514 1499/493/1499
f 1456/438/1456 1513/492/1513 1469/438/1469
f 1503/439/1503 1492/491/1492 1506/445/1506
f 1509/488/1509 1505/490/1505 1504/444/1504
f 1490/484/1490 1540/489/1540 1510/486/1510
f 1402/438/1402 1513/446/1513 1456/438/1456
f 1510/486/1510 1509/488/1509 1504/444/1504
f 1510/486/1510 1507/487/1507 1509/488/1509
f 1490/484/1490 1510/486/1510 1511/485/1511
f 1511/485/1511 1510/486/1510 1504/444/1504
f 1512/484/1512 1511/485/1511 1504/444/1504
f 1541/483/1541 1456/438/1456 1454/438/1454
f 1456/438/1456 1469/438/1469 1514/482/1514
f 1469/438/1469 1506/445/1506 1514/482/1514
f 127/1/127 172/46/172 164/37/164
f 114/1/114 172/46/172 127/1/127
f 199/53/199 112/1/112 114/1/114
f 170/35/170 162/9/162 169/42/169
f 169/42/169 162/9/162 168/41/168
f 148/35/148 169/42/169 168/41/168
f 168/41/168 167/40/167 165/38/165
f 168/41/168 162/9/162 167/40/167
f 60/1/60 114/1/114 171/21/171
f 148/35/148 168/41/168 198/52/198
f 167/40/167 162/9/162 163/36/163
f 161/32/161 164/37/164 150/12/150
f 114/1/114 127/1/127 171/45/171
f 114/1/114 157/22/157 172/46/172
f 170/43/170 169/33/169 148/6/148
f 3/1/3 119/1/119 13/1/13
f 86/1/86 48/1/48 16/1/16
f 46/1/46 51/1/51 101/1/101
f 112/1/112 113/1/113 114/1/114
f 60/1/60 199/53/199 114/1/114
f 29/1/29 71/1/71 85/1/85
f 71/1/71 78/1/78 85/1/85
f 48/1/48 5/1/5 16/1/16
f 4/1/4 5/1/5 48/1/48
f 99/1/99 86/1/86 16/1/16
f 86/1/86 98/1/98 48/1/48
f 108/1/108 113/1/113 112/1/112
f 67/1/67 79/1/79 66/1/66
f 32/1/32 109/1/109 44/1/44
f 28/1/28 32/1/32 44/1/44
f 66/1/66 79/1/79 100/1/100
f 47/1/47 55/1/55 46/1/46
f 51/1/51 95/1/95 101/1/101
f 47/1/47 82/1/82 96/1/96
f 96/1/96 55/1/55 47/1/47
f 31/1/31 71/1/71 29/1/29
f 78/1/78 71/1/71 33/1/33
f 55/1/55 51/1/51 46/1/46
f 40/1/40 62/1/62 41/1/41
f 39/1/39 1/1/1 40/1/40
f 40/1/40 1/1/1 62/1/62
f 39/1/39 106/1/106 1/1/1
f 16/1/16 5/1/5 17/1/17
f 3/1/3 17/1/17 5/1/5
f 13/1/13 17/1/17 3/1/3
f 48/1/48 184/49/184 4/1/4
f 174/49/174 4/1/4 184/49/184
f 166/55/166 168/41/168 165/38/165
f 191/49/191 48/1/48 98/1/98
f 190/49/190 191/49/191 86/1/86
f 98/1/98 86/1/86 191/49/191
f 48/1/48 191/49/191 184/49/184
f 198/52/198 168/41/168 166/55/166
f 209/64/209 171/45/171 127/1/127
f 127/1/127 207/62/207 209/64/209
f 166/55/166 210/66/210 198/52/198
f 210/66/210 166/55/166 208/65/208
f 67/1/67 80/1/80 79/1/79
f 356/85/356 401/101/401 393/92/393
f 343/85/343 401/101/401 356/85/356
f 428/102/428 341/85/341 343/85/343
f 399/103/399 391/91/391 398/104/398
f 398/104/398 391/91/391 397/105/397
f 377/103/377 398/104/398 397/105/397
f 397/105/397 396/107/396 394/106/394
f 397/105/397 392/109/392 396/107/396
f 289/85/289 343/85/343 400/93/400
f 377/103/377 397/105/397 427/108/427
f 397/105/397 391/91/391 392/109/392
f 390/86/390 393/92/393 379/110/379
f 343/85/343 356/85/356 400/111/400
f 343/85/343 386/112/386 401/101/401
f 399/113/399 398/115/398 377/114/377
f 232/85/232 348/85/348 242/85/242
f 315/85/315 277/85/277 245/85/245
f 275/85/275 280/85/280 330/85/330
f 341/85/341 342/85/342 343/85/343
f 289/85/289 428/102/428 343/85/343
f 258/85/258 300/85/300 314/85/314
f 300/85/300 307/85/307 314/85/314
f 277/85/277 234/85/234 245/85/245
f 233/85/233 234/85/234 277/85/277
f 328/85/328 315/85/315 245/85/245
f 315/85/315 327/85/327 277/85/277
f 337/85/337 342/85/342 341/85/341
f 296/85/296 308/85/308 295/85/295
f 261/85/261 338/85/338 273/85/273
f 257/85/257 261/85/261 273/85/273
f 295/85/295 308/85/308 329/85/329
f 276/85/276 284/85/284 275/85/275
f 280/85/280 324/85/324 330/85/330
f 276/85/276 311/85/311 325/85/325
f 325/85/325 284/85/284 276/85/276
f 260/85/260 300/85/300 258/85/258
f 307/85/307 300/85/300 262/85/262
f 284/85/284 280/85/280 275/85/275
f 269/85/269 291/85/291 270/85/270
f 268/85/268 230/85/230 269/85/269
f 269/85/269 230/85/230 291/85/291
f 268/85/268 335/85/335 230/85/230
f 245/85/245 234/85/234 246/85/246
f 232/85/232 246/85/246 234/85/234
f 242/85/242 246/85/246 232/85/232
f 277/85/277 413/84/413 233/85/233
f 403/84/403 233/85/233 413/84/413
f 395/116/395 397/105/397 394/106/394
f 420/84/420 277/85/277 327/85/327
f 419/84/419 420/84/420 315/85/315
f 327/85/327 315/85/315 420/84/420
f 277/85/277 420/84/420 413/84/413
f 427/108/427 397/105/397 395/116/395
f 438/117/438 400/111/400 356/85/356
f 356/85/356 436/97/436 438/117/438
f 395/116/395 439/118/439 427/108/427
f 439/118/439 395/116/395 437/119/437
f 296/85/296 309/85/309 308/85/308
f 585/157/585 622/164/622 630/199/630
f 572/157/572 585/157/585 630/199/630
f 657/200/657 572/157/572 570/157/570
f 628/201/628 627/202/627 620/163/620
f 627/202/627 626/203/626 620/163/620
f 606/201/606 626/203/626 627/202/627
f 626/203/626 623/205/623 625/204/625
f 626/203/626 625/204/625 620/163/620
f 518/157/518 629/165/629 572/157/572
f 606/201/606 656/206/656 626/203/626
f 625/204/625 621/207/621 620/163/620
f 619/158/619 608/208/608 622/164/622
f 572/157/572 629/209/629 585/157/585
f 572/157/572 630/199/630 615/210/615
f 628/211/628 606/213/606 627/212/627
f 461/157/461 471/157/471 577/157/577
f 544/157/544 474/157/474 506/157/506
f 504/157/504 559/157/559 509/157/509
f 570/157/570 572/157/572 571/157/571
f 518/157/518 572/157/572 657/200/657
f 487/157/487 543/157/543 529/157/529
f 529/157/529 543/157/543 536/157/536
f 506/157/506 474/157/474 463/157/463
f 462/157/462 506/157/506 463/157/463
f 557/157/557 474/157/474 544/157/544
f 544/157/544 506/157/506 556/157/556
f 566/157/566 570/157/570 571/157/571
f 525/157/525 524/157/524 537/157/537
f 490/157/490 502/157/502 567/157/567
f 486/157/486 502/157/502 490/157/490
f 524/157/524 558/157/558 537/157/537
f 505/157/505 504/157/504 513/157/513
f 509/157/509 559/157/559 553/157/553
f 505/157/505 554/157/554 540/157/540
f 554/157/554 505/157/505 513/157/513
f 489/157/489 487/157/487 529/157/529
f 536/157/536 491/157/491 529/157/529
f 513/157/513 504/157/504 509/157/509
f 498/157/498 499/157/499 520/157/520
f 497/157/497 498/157/498 459/157/459
f 498/157/498 520/157/520 459/157/459
f 497/157/497 459/157/459 564/157/564
f 474/157/474 475/157/475 463/157/463
f 461/157/461 463/157/463 475/157/475
f 471/157/471 461/157/461 475/157/475
f 506/157/506 462/157/462 642/156/642
f 632/156/632 642/156/642 462/157/462
f 624/214/624 623/205/623 626/203/626
f 649/156/649 556/157/556 506/157/506
f 648/156/648 544/157/544 649/156/649
f 556/157/556 649/156/649 544/157/544
f 506/157/506 642/156/642 649/156/649
f 656/206/656 624/214/624 626/203/626
f 667/215/667 585/157/585 629/209/629
f 585/157/585 667/215/667 665/169/665
f 624/214/624 656/206/656 668/216/668
f 668/216/668 666/217/666 624/214/624
f 525/157/525 537/157/537 538/157/538
f 809/185/809 833/192/833 841/218/841
f 801/185/801 809/185/809 841/218/841
f 868/219/868 801/185/801 799/185/799
f 839/220/839 838/221/838 831/191/831
f 838/221/838 837/222/837 831/191/831
f 817/220/817 837/222/837 838/221/838
f 837/222/837 834/224/834 836/223/836
f 837/222/837 836/223/836 832/225/832
f 747/185/747 840/193/840 801/185/801
f 817/220/817 867/226/867 837/222/837
f 837/222/837 832/225/832 831/191/831
f 830/186/830 819/227/819 833/192/833
f 801/185/801 840/228/840 809/185/809
f 801/185/801 841/218/841 826/229/826
f 839/230/839 817/232/817 838/231/838
f 690/185/690 700/185/700 806/185/806
f 773/185/773 703/185/703 735/185/735
f 733/185/733 788/185/788 738/185/738
f 799/185/799 801/185/801 800/185/800
f 747/185/747 801/185/801 868/219/868
f 716/185/716 772/185/772 758/185/758
f 758/185/758 772/185/772 765/185/765
f 735/185/735 703/185/703 692/185/692
f 691/185/691 735/185/735 692/185/692
f 786/185/786 703/185/703 773/185/773
f 773/185/773 735/185/735 785/185/785
f 795/185/795 799/185/799 800/185/800
f 754/185/754 753/185/753 766/185/766
f 719/185/719 731/185/731 796/185/796
f 715/185/715 731/185/731 719/185/719
f 753/185/753 787/185/787 766/185/766
f 734/185/734 733/185/733 742/185/742
f 738/185/738 788/185/788 782/185/782
f 734/185/734 783/185/783 769/185/769
f 783/185/783 734/185/734 742/185/742
f 718/185/718 716/185/716 758/185/758
f 765/185/765 720/185/720 758/185/758
f 742/185/742 733/185/733 738/185/738
f 727/185/727 728/185/728 749/185/749
f 726/185/726 727/185/727 688/185/688
f 727/185/727 749/185/749 688/185/688
f 726/185/726 688/185/688 793/185/793
f 703/185/703 704/185/704 692/185/692
f 690/185/690 692/185/692 704/185/704
f 700/185/700 690/185/690 704/185/704
f 735/185/735 691/185/691 853/184/853
f 843/184/843 853/184/853 691/185/691
f 835/233/835 834/224/834 837/222/837
f 860/184/860 785/185/785 735/185/735
f 859/184/859 773/185/773 860/184/860
f 785/185/785 860/184/860 773/185/773
f 735/185/735 853/184/853 860/184/860
f 867/226/867 835/233/835 837/222/837
f 874/234/874 809/185/809 840/228/840
f 809/185/809 874/234/874 872/197/872
f 835/233/835 867/226/867 875/235/875
f 875/235/875 873/236/873 835/233/835
f 754/185/754 766/185/766 767/185/767
f 1011/294/1011 1048/301/1048 1056/338/1056
f 998/294/998 1011/294/1011 1056/338/1056
f 1083/339/1083 998/294/998 996/294/996
f 1054/340/1054 1053/341/1053 1046/300/1046
f 1053/341/1053 1052/342/1052 1046/300/1046
f 1032/340/1032 1052/342/1052 1053/341/1053
f 1052/342/1052 1049/343/1049 1051/344/1051
f 1052/342/1052 1051/344/1051 1046/300/1046
f 944/294/944 1055/302/1055 998/294/998
f 1032/340/1032 1082/345/1082 1052/342/1052
f 1051/344/1051 1047/346/1047 1046/300/1046
f 1045/295/1045 1034/347/1034 1048/301/1048
f 998/294/998 1055/348/1055 1011/294/1011
f 998/294/998 1056/338/1056 1041/349/1041
f 1054/350/1054 1032/351/1032 1053/352/1053
f 887/294/887 897/294/897 1003/294/1003
f 970/294/970 900/294/900 932/294/932
f 930/294/930 985/294/985 935/294/935
f 996/294/996 998/294/998 997/294/997
f 944/294/944 998/294/998 1083/339/1083
f 913/294/913 969/294/969 955/294/955
f 955/294/955 969/294/969 962/294/962
f 932/294/932 900/294/900 889/294/889
f 888/294/888 932/294/932 889/294/889
f 983/294/983 900/294/900 970/294/970
f 970/294/970 932/294/932 982/294/982
f 992/294/992 996/294/996 997/294/997
f 951/294/951 950/294/950 963/294/963
f 916/294/916 928/294/928 993/294/993
f 912/294/912 928/294/928 916/294/916
f 950/294/950 984/294/984 963/294/963
f 931/294/931 930/294/930 939/294/939
f 935/294/935 985/294/985 979/294/979
f 931/294/931 980/294/980 966/294/966
f 980/294/980 931/294/931 939/294/939
f 915/294/915 913/294/913 955/294/955
f 962/294/962 917/294/917 955/294/955
f 939/294/939 930/294/930 935/294/935
f 924/294/924 925/294/925 946/294/946
f 923/294/923 924/294/924 885/294/885
f 924/294/924 946/294/946 885/294/885
f 923/294/923 885/294/885 990/294/990
f 900/294/900 901/294/901 889/294/889
f 887/294/887 889/294/889 901/294/901
f 897/294/897 887/294/887 901/294/901
f 932/294/932 888/294/888 1068/293/1068
f 1058/293/1058 1068/293/1068 888/294/888
f 1050/353/1050 1049/343/1049 1052/342/1052
f 1075/293/1075 982/294/982 932/294/932
f 1074/293/1074 970/294/970 1075/293/1075
f 982/294/982 1075/293/1075 970/294/970
f 932/294/932 1068/293/1068 1075/293/1075
f 1082/345/1082 1050/353/1050 1052/342/1052
f 1093/354/1093 1011/294/1011 1055/348/1055
f 1011/294/1011 1093/354/1093 1091/306/1091
f 1050/353/1050 1082/345/1082 1094/355/1094
f 1094/355/1094 1092/356/1092 1050/353/1050
f 951/294/951 963/294/963 964/294/964
f 1240/322/1240 1277/329/1277 1285/357/1285
f 1227/322/1227 1240/322/1240 1285/357/1285
f 1312/358/1312 1227/322/1227 1225/322/1225
f 1283/359/1283 1282/360/1282 1275/328/1275
f 1282/360/1282 1281/361/1281 1275/328/1275
f 1261/359/1261 1281/361/1281 1282/360/1282
f 1281/361/1281 1278/362/1278 1280/363/1280
f 1281/361/1281 1280/363/1280 1276/364/1276
f 1173/322/1173 1284/330/1284 1227/322/1227
f 1261/359/1261 1311/365/1311 1281/361/1281
f 1281/361/1281 1276/364/1276 1275/328/1275
f 1274/323/1274 1263/366/1263 1277/329/1277
f 1227/322/1227 1284/367/1284 1240/322/1240
f 1227/322/1227 1285/357/1285 1270/368/1270
f 1283/369/1283 1261/370/1261 1282/371/1282
f 1116/322/1116 1126/322/1126 1232/322/1232
f 1199/322/1199 1129/322/1129 1161/322/1161
f 1159/322/1159 1214/322/1214 1164/322/1164
f 1225/322/1225 1227/322/1227 1226/322/1226
f 1173/322/1173 1227/322/1227 1312/358/1312
f 1142/322/1142 1198/322/1198 1184/322/1184
f 1184/322/1184 1198/322/1198 1191/322/1191
f 1161/322/1161 1129/322/1129 1118/322/1118
f 1117/322/1117 1161/322/1161 1118/322/1118
f 1212/322/1212 1129/322/1129 1199/322/1199
f 1199/322/1199 1161/322/1161 1211/322/1211
f 1221/322/1221 1225/322/1225 1226/322/1226
f 1180/322/1180 1179/322/1179 1192/322/1192
f 1145/322/1145 1157/322/1157 1222/322/1222
f 1141/322/1141 1157/322/1157 1145/322/1145
f 1179/322/1179 1213/322/1213 1192/322/1192
f 1160/322/1160 1159/322/1159 1168/322/1168
f 1164/322/1164 1214/322/1214 1208/322/1208
f 1160/322/1160 1209/322/1209 1195/322/1195
f 1209/322/1209 1160/322/1160 1168/322/1168
f 1144/322/1144 1142/322/1142 1184/322/1184
f 1191/322/1191 1146/322/1146 1184/322/1184
f 1168/322/1168 1159/322/1159 1164/322/1164
f 1153/322/1153 1154/322/1154 1175/322/1175
f 1152/322/1152 1153/322/1153 1114/322/1114
f 1153/322/1153 1175/322/1175 1114/322/1114
f 1152/322/1152 1114/322/1114 1219/322/1219
f 1129/322/1129 1130/322/1130 1118/322/1118
f 1116/322/1116 1118/322/1118 1130/322/1130
f 1126/322/1126 1116/322/1116 1130/322/1130
f 1161/322/1161 1117/322/1117 1297/321/1297
f 1287/321/1287 1297/321/1297 1117/322/1117
f 1279/372/1279 1278/362/1278 1281/361/1281
f 1304/321/1304 1211/322/1211 1161/322/1161
f 1303/321/1303 1199/322/1199 1304/321/1304
f 1211/322/1211 1304/321/1304 1199/322/1199
f 1161/322/1161 1297/321/1297 1304/321/1304
f 1311/365/1311 1279/372/1279 1281/361/1281
f 1322/373/1322 1240/322/1240 1284/367/1284
f 1240/322/1240 1322/373/1322 1320/334/1320
f 1279/372/1279 1311/365/1311 1323/374/1323
f 1323/374/1323 1321/375/1321 1279/372/1279
f 1180/322/1180 1192/322/1192 1193/322/1193
f 1478/438/1478 1482/438/1482 1480/438/1480
f 1555/451/1555 1558/451/1558 1563/452/1563
f 1563/452/1563 1560/452/1560 1555/451/1555
f 1471/438/1471 1485/438/1485 1483/438/1483
f 1561/452/1561 1556/451/1556 1562/452/1562
f 1557/451/1557 1562/452/1562 1556/451/1556
f 580/157/580 594/157/594 596/157/596
f 601/157/601 581/157/581 595/157/595
f 587/157/587 601/157/601 599/157/599
f 589/157/589 587/157/587 599/157/599
f 584/157/584 600/157/600 583/157/583
f 601/157/601 595/157/595 599/157/599
f 600/157/600 584/157/584 599/157/599
f 598/157/598 594/157/594 597/157/597
f 582/157/582 597/157/597 594/157/594
f 600/157/600 598/157/598 597/157/597
f 594/157/594 598/157/598 596/157/596
f 600/157/600 597/157/597 602/157/602
g fff035d2_00010_000886b5_e2
f 1614/466/1614 1615/466/1615 1599/466/1599
f 1777/530/1777 1768/470/1768 1699/466/1699
f 1647/466/1647 1634/466/1634 1646/466/1646
f 1733/472/1733 1768/470/1768 1720/471/1720
f 1753/465/1753 1599/466/1599 1749/465/1749
f 1743/501/1743 1721/510/1721 1744/528/1744
f 1620/535/1620 1728/512/1728 1744/528/1744
f 1723/462/1723 1733/533/1733 1720/534/1720
f 1734/508/1734 1699/466/1699 1768/470/1768
f 1733/472/1733 1734/508/1734 1768/470/1768
f 1720/531/1720 1704/532/1704 1723/464/1723
f 1699/466/1699 1782/529/1782 1777/530/1777
f 1634/466/1634 1641/466/1641 1640/466/1640
f 1735/473/1735 1721/510/1721 1743/501/1743
f 1599/466/1599 1753/465/1753 1614/466/1614
f 1744/528/1744 1728/512/1728 1743/501/1743
f 1385/438/1385 1386/438/1386 1370/438/1370
f 1548/522/1548 1539/442/1539 1470/438/1470
f 1418/438/1418 1405/438/1405 1417/438/1417
f 1504/444/1504 1539/442/1539 1491/443/1491
f 1524/437/1524 1370/438/1370 1520/437/1520
f 1514/482/1514 1492/491/1492 1515/520/1515
f 1391/527/1391 1499/493/1499 1515/520/1515
f 1494/434/1494 1504/525/1504 1491/526/1491
f 1505/490/1505 1470/438/1470 1539/442/1539
f 1504/444/1504 1505/490/1505 1539/442/1539
f 1491/523/1491 1475/524/1475 1494/436/1494
f 1470/438/1470 1553/521/1553 1548/522/1548
f 1405/438/1405 1412/438/1412 1411/438/1411
f 1506/445/1506 1492/491/1492 1514/482/1514
f 1370/438/1370 1524/437/1524 1385/438/1385
f 1515/520/1515 1499/493/1499 1514/482/1514
f 173/48/173 172/46/172 157/22/157
f 28/1/28 43/1/43 182/49/182
f 164/37/164 172/46/172 150/12/150
f 63/1/63 69/1/69 70/1/70
f 128/1/128 206/68/206 211/67/211
f 149/8/149 152/15/152 133/16/133
f 162/9/162 197/50/197 163/36/163
f 163/36/163 197/50/197 128/1/128
f 152/26/152 149/7/149 162/34/162
f 49/5/49 173/48/173 157/22/157
f 172/46/172 173/48/173 150/12/150
f 182/49/182 178/49/178 28/1/28
f 162/9/162 149/10/149 197/50/197
f 76/1/76 75/1/75 63/1/63
f 206/68/206 128/1/128 197/50/197
f 43/1/43 28/1/28 44/1/44
f 402/120/402 401/101/401 386/112/386
f 257/85/257 272/85/272 411/84/411
f 393/92/393 401/101/401 379/110/379
f 292/85/292 298/85/298 299/85/299
f 357/85/357 435/122/435 440/121/440
f 378/123/378 381/83/381 362/124/362
f 391/91/391 426/89/426 392/109/392
f 392/109/392 426/89/426 357/85/357
f 381/81/381 378/126/378 391/125/391
f 278/127/278 402/120/402 386/112/386
f 401/101/401 402/120/402 379/110/379
f 411/84/411 407/84/407 257/85/257
f 391/91/391 378/90/378 426/89/426
f 305/85/305 304/85/304 292/85/292
f 435/122/435 357/85/357 426/89/426
f 272/85/272 257/85/257 273/85/273
f 631/237/631 615/210/615 630/199/630
f 486/157/486 640/156/640 501/157/501
f 622/164/622 608/208/608 630/199/630
f 521/157/521 528/157/528 527/157/527
f 586/157/586 669/239/669 664/238/664
f 607/240/607 591/241/591 610/154/610
f 620/163/620 621/207/621 655/161/655
f 621/207/621 586/157/586 655/161/655
f 610/153/610 620/243/620 607/242/607
f 507/244/507 615/210/615 631/237/631
f 630/199/630 608/208/608 631/237/631
f 640/156/640 486/157/486 636/156/636
f 620/163/620 655/161/655 607/162/607
f 534/157/534 521/157/521 533/157/533
f 664/238/664 655/161/655 586/157/586
f 501/157/501 502/157/502 486/157/486
f 842/245/842 826/229/826 841/218/841
f 715/185/715 851/184/851 730/185/730
f 833/192/833 819/227/819 841/218/841
f 750/185/750 757/185/757 756/185/756
f 810/185/810 876/247/876 871/246/871
f 818/248/818 811/249/811 821/182/821
f 831/191/831 832/225/832 866/189/866
f 832/225/832 810/185/810 866/189/866
f 821/181/821 831/251/831 818/250/818
f 736/252/736 826/229/826 842/245/842
f 841/218/841 819/227/819 842/245/842
f 851/184/851 715/185/715 847/184/847
f 831/191/831 866/189/866 818/190/818
f 763/185/763 750/185/750 762/185/762
f 871/246/871 866/189/866 810/185/810
f 730/185/730 731/185/731 715/185/715
f 1057/376/1057 1041/349/1041 1056/338/1056
f 912/294/912 1066/293/1066 927/294/927
f 1048/301/1048 1034/347/1034 1056/338/1056
f 947/294/947 954/294/954 953/294/953
f 1012/294/1012 1095/377/1095 1090/378/1090
f 1033/379/1033 1017/380/1017 1036/292/1036
f 1046/300/1046 1047/346/1047 1081/298/1081
f 1047/346/1047 1012/294/1012 1081/298/1081
f 1036/290/1036 1046/381/1046 1033/382/1033
f 933/383/933 1041/349/1041 1057/376/1057
f 1056/338/1056 1034/347/1034 1057/376/1057
f 1066/293/1066 912/294/912 1062/293/1062
f 1046/300/1046 1081/298/1081 1033/299/1033
f 960/294/960 947/294/947 959/294/959
f 1090/378/1090 1081/298/1081 1012/294/1012
f 927/294/927 928/294/928 912/294/912
f 1286/384/1286 1270/368/1270 1285/357/1285
f 1141/322/1141 1295/321/1295 1156/322/1156
f 1277/329/1277 1263/366/1263 1285/357/1285
f 1176/322/1176 1183/322/1183 1182/322/1182
f 1241/322/1241 1324/385/1324 1319/386/1319
f 1262/387/1262 1246/388/1246 1265/320/1265
f 1275/328/1275 1276/364/1276 1310/326/1310
f 1276/364/1276 1241/322/1241 1310/326/1310
f 1265/318/1265 1275/389/1275 1262/390/1262
f 1162/391/1162 1270/368/1270 1286/384/1286
f 1285/357/1285 1263/366/1263 1286/384/1286
f 1295/321/1295 1141/322/1141 1291/321/1291
f 1275/328/1275 1310/326/1310 1262/327/1262
f 1189/322/1189 1176/322/1176 1188/322/1188
f 1319/386/1319 1310/326/1310 1241/322/1241
f 1156/322/1156 1157/322/1157 1141/322/1141
g fff035d2_00010_000886b5_e6
f 1798/537/1798 1795/481/1795 1799/537/1799
f 1796/481/1796 1799/537/1799 1795/481/1795
f 1765/465/1765 1676/466/1676 1764/465/1764
f 1676/466/1676 1765/465/1765 1678/466/1678
f 1678/466/1678 1765/465/1765 1603/466/1603
f 1750/465/1750 1603/466/1603 1765/465/1765
f 1632/466/1632 1680/466/1680 1675/466/1675
f 1636/466/1636 1655/466/1655 1637/466/1637
f 1637/466/1637 1655/466/1655 1671/466/1671
f 1676/466/1676 1680/466/1680 1646/466/1646
f 1656/466/1656 1661/466/1661 1658/466/1658
f 1656/466/1656 1660/466/1660 1661/466/1661
f 1672/466/1672 1653/466/1653 1674/466/1674
f 1674/466/1674 1643/466/1643 1589/466/1589
f 1653/466/1653 1643/466/1643 1674/466/1674
f 1603/466/1603 1680/466/1680 1678/466/1678
f 1607/466/1607 1597/466/1597 1596/466/1596
f 1607/466/1607 1596/466/1596 1654/466/1654
f 1678/466/1678 1680/466/1680 1676/466/1676
f 1646/466/1646 1680/466/1680 1632/466/1632
f 1569/536/1569 1566/453/1566 1570/536/1570
f 1567/453/1567 1570/536/1570 1566/453/1566
f 1536/437/1536 1447/438/1447 1535/437/1535
f 1447/438/1447 1536/437/1536 1449/438/1449
f 1449/438/1449 1536/437/1536 1374/438/1374
f 1521/437/1521 1374/438/1374 1536/437/1536
f 1403/438/1403 1451/438/1451 1446/438/1446
f 1407/438/1407 1426/438/1426 1408/438/1408
f 1408/438/1408 1426/438/1426 1442/438/1442
f 1447/438/1447 1451/438/1451 1417/438/1417
f 1427/438/1427 1432/438/1432 1429/438/1429
f 1427/438/1427 1431/438/1431 1432/438/1432
f 1443/438/1443 1424/438/1424 1445/438/1445
f 1445/438/1445 1414/438/1414 1360/438/1360
f 1424/438/1424 1414/438/1414 1445/438/1445
f 1374/438/1374 1451/438/1451 1449/438/1449
f 1378/438/1378 1368/438/1368 1367/438/1367
f 1378/438/1378 1367/438/1367 1425/438/1425
f 1449/438/1449 1451/438/1451 1447/438/1447
f 1417/438/1417 1451/438/1451 1403/438/1403
f 75/1/75 61/1/61 109/1/109
f 107/1/107 105/1/105 109/1/109
f 36/1/36 83/1/83 25/1/25
f 36/1/36 25/1/25 26/1/26
f 32/1/32 107/1/107 109/1/109
f 82/1/82 103/1/103 72/1/72
f 103/1/103 18/1/18 72/1/72
f 101/1/101 103/1/103 82/1/82
f 85/1/85 90/1/90 89/1/89
f 85/1/85 87/1/87 90/1/90
f 105/1/105 75/1/75 109/1/109
f 66/1/66 100/1/100 84/1/84
f 65/1/65 66/1/66 84/1/84
f 61/1/61 104/1/104 109/1/109
f 179/49/179 194/49/194 32/1/32
f 107/1/107 32/1/32 194/49/194
f 105/1/105 107/1/107 194/49/194
f 194/49/194 193/49/193 105/1/105
f 225/71/225 224/71/224 228/72/228
f 227/72/227 228/72/228 224/71/224
f 304/85/304 290/85/290 338/85/338
f 336/85/336 334/85/334 338/85/338
f 265/85/265 312/85/312 254/85/254
f 265/85/265 254/85/254 255/85/255
f 261/85/261 336/85/336 338/85/338
f 311/85/311 332/85/332 301/85/301
f 332/85/332 247/85/247 301/85/301
f 330/85/330 332/85/332 311/85/311
f 314/85/314 319/85/319 318/85/318
f 314/85/314 316/85/316 319/85/319
f 334/85/334 304/85/304 338/85/338
f 295/85/295 329/85/329 313/85/313
f 294/85/294 295/85/295 313/85/313
f 290/85/290 333/85/333 338/85/338
f 408/84/408 423/84/423 261/85/261
f 336/85/336 261/85/261 423/84/423
f 334/85/334 336/85/336 423/84/423
f 423/84/423 422/84/422 334/85/334
f 454/100/454 453/100/453 457/128/457
f 456/128/456 457/128/457 453/100/453
f 533/157/533 567/157/567 519/157/519
f 565/157/565 567/157/567 563/157/563
f 494/157/494 483/157/483 541/157/541
f 494/157/494 484/157/484 483/157/483
f 490/157/490 567/157/567 565/157/565
f 540/157/540 530/157/530 561/157/561
f 561/157/561 530/157/530 476/157/476
f 559/157/559 540/157/540 561/157/561
f 543/157/543 547/157/547 548/157/548
f 543/157/543 548/157/548 545/157/545
f 563/157/563 567/157/567 533/157/533
f 524/157/524 542/157/542 558/157/558
f 523/157/523 542/157/542 524/157/524
f 519/157/519 567/157/567 562/157/562
f 637/156/637 490/157/490 652/156/652
f 565/157/565 652/156/652 490/157/490
f 563/157/563 652/156/652 565/157/565
f 652/156/652 563/157/563 651/156/651
f 683/172/683 686/253/686 682/172/682
f 685/253/685 682/172/682 686/253/686
f 762/185/762 796/185/796 748/185/748
f 794/185/794 796/185/796 792/185/792
f 723/185/723 712/185/712 770/185/770
f 723/185/723 713/185/713 712/185/712
f 719/185/719 796/185/796 794/185/794
f 769/185/769 759/185/759 790/185/790
f 790/185/790 759/185/759 705/185/705
f 788/185/788 769/185/769 790/185/790
f 772/185/772 776/185/776 777/185/777
f 772/185/772 777/185/777 774/185/774
f 792/185/792 796/185/796 762/185/762
f 753/185/753 771/185/771 787/185/787
f 752/185/752 771/185/771 753/185/753
f 748/185/748 796/185/796 791/185/791
f 848/184/848 719/185/719 863/184/863
f 794/185/794 863/184/863 719/185/719
f 792/185/792 863/184/863 794/185/794
f 863/184/863 792/185/792 862/184/862
f 880/198/880 883/254/883 879/198/879
f 882/254/882 879/198/879 883/254/883
f 959/294/959 993/294/993 945/294/945
f 991/294/991 993/294/993 989/294/989
f 920/294/920 909/294/909 967/294/967
f 920/294/920 910/294/910 909/294/909
f 916/294/916 993/294/993 991/294/991
f 966/294/966 956/294/956 987/294/987
f 987/294/987 956/294/956 902/294/902
f 985/294/985 966/294/966 987/294/987
f 969/294/969 973/294/973 974/294/974
f 969/294/969 974/294/974 971/294/971
f 989/294/989 993/294/993 959/294/959
f 950/294/950 968/294/968 984/294/984
f 949/294/949 968/294/968 950/294/950
f 945/294/945 993/294/993 988/294/988
f 1063/293/1063 916/294/916 1078/293/1078
f 991/294/991 1078/293/1078 916/294/916
f 989/294/989 1078/293/1078 991/294/991
f 1078/293/1078 989/294/989 1077/293/1077
f 1109/309/1109 1112/392/1112 1108/309/1108
f 1111/392/1111 1108/309/1108 1112/392/1112
f 1188/322/1188 1222/322/1222 1174/322/1174
f 1220/322/1220 1222/322/1222 1218/322/1218
f 1149/322/1149 1138/322/1138 1196/322/1196
f 1149/322/1149 1139/322/1139 1138/322/1138
f 1145/322/1145 1222/322/1222 1220/322/1220
f 1195/322/1195 1185/322/1185 1216/322/1216
f 1216/322/1216 1185/322/1185 1131/322/1131
f 1214/322/1214 1195/322/1195 1216/322/1216
f 1198/322/1198 1202/322/1202 1203/322/1203
f 1198/322/1198 1203/322/1203 1200/322/1200
f 1218/322/1218 1222/322/1222 1188/322/1188
f 1179/322/1179 1197/322/1197 1213/322/1213
f 1178/322/1178 1197/322/1197 1179/322/1179
f 1174/322/1174 1222/322/1222 1217/322/1217
f 1292/321/1292 1145/322/1145 1307/321/1307
f 1220/322/1220 1307/321/1307 1145/322/1145
f 1218/322/1218 1307/321/1307 1220/322/1220
f 1307/321/1307 1218/322/1218 1306/321/1306
f 1338/337/1338 1341/393/1341 1337/337/1337
f 1340/393/1340 1337/337/1337 1341/393/1341
g fff035d2_00010_000886b5_e5
f 1800/537/1800 1797/537/1797 1793/481/1793
f 1790/480/1790 1785/479/1785 1791/480/1791
f 1786/479/1786 1791/480/1791 1785/479/1785
f 1238/322/1238 1318/407/1318 1314/407/1314
f 1318/407/1318 1238/322/1238 1255/322/1255
f 1696/466/1696 1776/551/1776 1772/551/1772
f 1776/551/1776 1696/466/1696 1713/466/1713
f 1647/466/1647 1632/466/1632 1681/466/1681
f 1662/466/1662 1577/466/1577 1578/466/1578
f 1617/466/1617 1618/466/1618 1653/466/1653
f 1606/466/1606 1687/466/1687 1686/466/1686
f 1581/466/1581 1586/466/1586 1583/466/1583
f 1710/466/1710 1695/466/1695 1715/466/1715
f 1702/466/1702 1700/466/1700 1712/466/1712
f 1632/466/1632 1675/466/1675 1681/466/1681
f 1697/466/1697 1713/466/1713 1696/466/1696
f 1601/466/1601 1591/466/1591 1673/466/1673
f 1714/466/1714 1708/466/1708 1712/466/1712
f 1700/466/1700 1714/466/1714 1712/466/1712
f 1713/466/1713 1710/466/1710 1715/466/1715
f 1606/466/1606 1686/466/1686 1621/466/1621
f 1656/466/1656 1608/466/1608 1607/466/1607
f 1730/455/1730 1620/466/1620 1716/461/1716
f 1730/455/1730 1717/461/1717 1630/466/1630
f 1707/466/1707 1711/466/1711 1709/466/1709
f 1793/481/1793 1794/481/1794 1800/537/1800
f 1640/466/1640 1638/466/1638 1651/466/1651
f 1676/466/1676 1646/466/1646 1648/466/1648
f 1595/466/1595 1630/466/1630 1594/466/1594
f 1580/466/1580 1579/466/1579 1585/466/1585
f 1677/466/1677 1601/466/1601 1673/466/1673
f 1676/466/1676 1648/466/1648 1639/466/1639
f 1623/466/1623 1686/466/1686 1687/466/1687
f 1665/466/1665 1582/466/1582 1668/466/1668
f 1672/466/1672 1617/466/1617 1653/466/1653
f 1641/466/1641 1635/466/1635 1638/466/1638
f 1640/466/1640 1641/466/1641 1638/466/1638
f 1581/466/1581 1661/466/1661 1586/466/1586
f 1713/466/1713 1711/466/1711 1710/466/1710
f 1695/466/1695 1710/466/1710 1707/466/1707
f 1711/466/1711 1707/466/1707 1710/466/1710
f 1713/466/1713 1697/466/1697 1712/466/1712
f 1648/466/1648 1646/466/1646 1634/466/1634
f 1697/466/1697 1703/466/1703 1712/466/1712
f 1685/466/1685 1682/466/1682 1573/466/1573
f 1728/474/1728 1682/466/1682 1685/466/1685
f 1620/466/1620 1730/455/1730 1630/466/1630
f 1727/550/1727 1725/456/1725 1718/454/1718
f 1630/466/1630 1595/466/1595 1620/466/1620
f 1646/466/1646 1632/466/1632 1647/466/1647
f 1601/466/1601 1682/466/1682 1728/474/1728
f 1685/466/1685 1573/466/1573 1684/466/1684
f 1724/549/1724 1726/547/1726 1732/546/1732
f 1731/469/1731 1718/454/1718 1724/549/1724
f 1718/454/1718 1726/547/1726 1724/549/1724
f 1725/548/1725 1726/547/1726 1718/454/1718
f 1727/458/1727 1718/454/1718 1731/459/1731
f 1721/545/1721 1732/546/1732 1726/547/1726
f 1583/466/1583 1586/466/1586 1668/466/1668
f 1571/536/1571 1568/536/1568 1564/453/1564
f 1159/322/1159 1160/322/1160 1195/322/1195
f 1148/322/1148 1229/322/1229 1228/322/1228
f 1327/335/1327 1237/322/1237 1328/335/1328
f 1249/322/1249 1328/335/1328 1237/322/1237
f 1467/438/1467 1547/544/1547 1543/544/1543
f 1547/544/1547 1467/438/1467 1484/438/1484
f 1418/438/1418 1403/438/1403 1452/438/1452
f 1433/438/1433 1348/438/1348 1349/438/1349
f 1388/438/1388 1389/438/1389 1424/438/1424
f 1377/438/1377 1458/438/1458 1457/438/1457
f 1352/438/1352 1357/438/1357 1354/438/1354
f 1342/393/1342 1339/393/1339 1335/337/1335
f 1473/438/1473 1471/438/1471 1483/438/1483
f 1403/438/1403 1446/438/1446 1452/438/1452
f 1468/438/1468 1484/438/1484 1467/438/1467
f 1372/438/1372 1362/438/1362 1444/438/1444
f 1204/322/1204 1119/322/1119 1120/322/1120
f 1189/322/1189 1174/322/1174 1223/322/1223
f 1484/438/1484 1481/438/1481 1486/438/1486
f 1377/438/1377 1457/438/1457 1392/438/1392
f 1427/438/1427 1379/438/1379 1378/438/1378
f 1501/427/1501 1391/438/1391 1487/433/1487
f 1501/427/1501 1488/433/1488 1401/438/1401
f 1123/322/1123 1128/322/1128 1125/322/1125
f 1564/453/1564 1565/453/1565 1571/536/1571
f 1411/438/1411 1409/438/1409 1422/438/1422
f 1447/438/1447 1417/438/1417 1419/438/1419
f 1366/438/1366 1401/438/1401 1365/438/1365
f 1351/438/1351 1350/438/1350 1356/438/1356
f 1448/438/1448 1372/438/1372 1444/438/1444
f 1447/438/1447 1419/438/1419 1410/438/1410
f 1394/438/1394 1457/438/1457 1458/438/1458
f 1436/438/1436 1353/438/1353 1439/438/1439
f 1443/438/1443 1388/438/1388 1424/438/1424
f 1412/438/1412 1406/438/1406 1409/438/1409
f 1411/438/1411 1412/438/1412 1409/438/1409
f 1352/438/1352 1432/438/1432 1357/438/1357
f 1484/438/1484 1482/438/1482 1481/438/1481
f 1332/336/1332 1327/335/1327 1333/336/1333
f 1328/335/1328 1333/336/1333 1327/335/1327
f 1484/438/1484 1468/438/1468 1483/438/1483
f 1419/438/1419 1417/438/1417 1405/438/1405
f 1468/438/1468 1474/438/1474 1483/438/1483
f 1456/438/1456 1453/438/1453 1344/438/1344
f 1499/446/1499 1453/438/1453 1456/438/1456
f 1391/438/1391 1501/427/1501 1401/438/1401
f 1498/543/1498 1496/428/1496 1489/426/1489
f 1401/438/1401 1366/438/1366 1391/438/1391
f 1417/438/1417 1403/438/1403 1418/438/1418
f 1372/438/1372 1453/438/1453 1499/446/1499
f 1456/438/1456 1344/438/1344 1455/438/1455
f 1495/542/1495 1497/540/1497 1503/539/1503
f 1502/441/1502 1489/426/1489 1495/542/1495
f 1489/426/1489 1497/540/1497 1495/542/1495
f 1496/541/1496 1497/540/1497 1489/426/1489
f 1498/430/1498 1489/426/1489 1502/431/1502
f 1492/538/1492 1503/539/1503 1497/540/1497
f 1354/438/1354 1357/438/1357 1439/438/1439
f 12/1/12 97/1/97 15/1/15
f 150/11/150 155/19/155 161/30/161
f 156/20/156 160/23/160 147/4/147
f 154/18/154 147/4/147 155/19/155
f 147/4/147 153/17/153 155/19/155
f 160/29/160 153/17/153 147/4/147
f 153/17/153 161/30/161 155/19/155
f 114/1/114 113/1/113 2/1/2
f 30/1/30 157/21/157 111/1/111
f 75/1/75 76/1/76 61/1/61
f 59/1/59 49/1/49 24/1/24
f 156/24/156 147/4/147 154/27/154
f 49/1/49 59/1/59 159/28/159
f 157/21/157 114/1/114 111/1/111
f 114/1/114 2/1/2 111/1/111
f 126/1/126 141/1/141 132/1/132
f 77/1/77 63/1/63 75/1/75
f 142/1/142 141/1/141 126/1/126
f 140/1/140 139/1/139 136/1/136
f 124/1/124 136/1/136 139/1/139
f 142/1/142 139/1/139 140/1/140
f 10/1/10 15/1/15 90/1/90
f 69/1/69 67/1/67 70/1/70
f 70/1/70 67/1/67 64/1/64
f 101/1/101 82/1/82 46/1/46
f 94/1/94 97/1/97 11/1/11
f 52/1/52 116/1/116 115/1/115
f 105/1/105 68/1/68 77/1/77
f 106/1/106 102/1/102 30/1/30
f 9/1/9 14/1/14 8/1/8
f 24/1/24 23/1/23 59/1/59
f 105/1/105 77/1/77 75/1/75
f 69/1/69 80/1/80 67/1/67
f 222/71/222 229/72/229 223/71/223
f 136/1/136 138/1/138 140/1/140
f 159/28/159 59/1/59 146/3/146
f 159/28/159 145/3/145 49/1/49
f 85/1/85 36/1/36 37/1/37
f 35/1/35 50/1/50 115/1/115
f 142/1/142 144/1/144 139/1/139
f 129/1/129 141/1/141 143/1/143
f 143/1/143 141/1/141 137/1/137
f 30/1/30 102/1/102 20/1/20
f 126/1/126 125/1/125 142/1/142
f 61/1/61 110/1/110 104/1/104
f 131/1/131 141/1/141 129/1/129
f 139/1/139 144/1/144 124/1/124
f 10/1/10 12/1/12 15/1/15
f 35/1/35 115/1/115 116/1/116
f 46/1/46 82/1/82 47/1/47
f 91/1/91 7/1/7 6/1/6
f 76/1/76 110/1/110 61/1/61
f 205/60/205 142/1/142 125/1/125
f 125/1/125 201/60/201 205/60/205
f 136/1/136 124/1/124 215/69/215
f 214/69/214 215/69/215 124/1/124
f 215/69/215 214/69/214 220/70/220
f 219/70/219 220/70/220 214/69/214
f 229/72/229 222/71/222 226/72/226
f 241/85/241 326/85/326 244/85/244
f 379/129/379 384/131/384 390/130/390
f 385/77/385 389/78/389 376/73/376
f 383/132/383 376/73/376 384/131/384
f 376/73/376 382/133/382 384/131/384
f 389/88/389 382/133/382 376/73/376
f 382/133/382 390/130/390 384/131/384
f 343/85/343 342/85/342 231/85/231
f 259/85/259 386/93/386 340/85/340
f 304/85/304 305/85/305 290/85/290
f 288/85/288 278/85/278 253/85/253
f 385/134/385 376/73/376 383/75/383
f 278/85/278 288/85/288 388/74/388
f 386/93/386 343/85/343 340/85/340
f 343/85/343 231/85/231 340/85/340
f 355/85/355 370/85/370 361/85/361
f 306/85/306 292/85/292 304/85/304
f 371/85/371 370/85/370 355/85/355
f 369/85/369 368/85/368 365/85/365
f 353/85/353 365/85/365 368/85/368
f 371/85/371 368/85/368 369/85/369
f 239/85/239 244/85/244 319/85/319
f 298/85/298 296/85/296 299/85/299
f 299/85/299 296/85/296 293/85/293
f 330/85/330 311/85/311 275/85/275
f 323/85/323 326/85/326 240/85/240
f 281/85/281 345/85/345 344/85/344
f 334/85/334 297/85/297 306/85/306
f 335/85/335 331/85/331 259/85/259
f 238/85/238 243/85/243 237/85/237
f 253/85/253 252/85/252 288/85/288
f 334/85/334 306/85/306 304/85/304
f 298/85/298 309/85/309 296/85/296
f 451/100/451 458/128/458 452/100/452
f 365/85/365 367/85/367 369/85/369
f 388/74/388 288/85/288 375/80/375
f 388/74/388 374/80/374 278/85/278
f 314/85/314 265/85/265 266/85/266
f 264/85/264 279/85/279 344/85/344
f 371/85/371 373/85/373 368/85/368
f 358/85/358 370/85/370 372/85/372
f 372/85/372 370/85/370 366/85/366
f 259/85/259 331/85/331 249/85/249
f 355/85/355 354/85/354 371/85/371
f 290/85/290 339/85/339 333/85/333
f 360/85/360 370/85/370 358/85/358
f 368/85/368 373/85/373 353/85/353
f 239/85/239 241/85/241 244/85/244
f 264/85/264 344/85/344 345/85/345
f 275/85/275 311/85/311 276/85/276
f 320/85/320 236/85/236 235/85/235
f 305/85/305 339/85/339 290/85/290
f 434/135/434 371/85/371 354/85/354
f 354/85/354 430/135/430 434/135/434
f 365/85/365 353/85/353 444/98/444
f 443/98/443 444/98/444 353/85/353
f 444/98/444 443/98/443 449/99/449
f 448/99/448 449/99/449 443/98/443
f 458/128/458 451/100/451 455/128/455
f 470/157/470 473/157/473 555/157/555
f 608/255/608 619/257/619 613/256/613
f 614/149/614 605/145/605 618/150/618
f 612/258/612 613/256/613 605/145/605
f 605/145/605 613/256/613 611/259/611
f 618/160/618 605/145/605 611/259/611
f 611/259/611 613/256/613 619/257/619
f 572/157/572 460/157/460 571/157/571
f 488/157/488 569/157/569 615/165/615
f 533/157/533 519/157/519 534/157/534
f 517/157/517 482/157/482 507/157/507
f 614/260/614 612/146/612 605/145/605
f 507/157/507 617/147/617 517/157/517
f 615/165/615 569/157/569 572/157/572
f 572/157/572 569/157/569 460/157/460
f 584/157/584 590/157/590 599/157/599
f 535/157/535 533/157/533 521/157/521
f 1554/451/1554 1557/451/1557 1464/438/1464
f 1244/322/1244 1242/322/1242 1254/322/1254
f 1174/322/1174 1217/322/1217 1223/322/1223
f 1239/322/1239 1255/322/1255 1238/322/1238
f 468/157/468 548/157/548 473/157/473
f 527/157/527 528/157/528 525/157/525
f 528/157/528 522/157/522 525/157/525
f 559/157/559 504/157/504 540/157/540
f 552/157/552 469/157/469 555/157/555
f 510/157/510 573/157/573 574/157/574
f 563/157/563 535/157/535 526/157/526
f 564/157/564 488/157/488 560/157/560
f 467/157/467 466/157/466 472/157/472
f 482/157/482 517/157/517 481/157/481
f 563/157/563 533/157/533 535/157/535
f 527/157/527 525/157/525 538/157/538
f 680/172/680 681/172/681 687/253/687
f 1143/322/1143 1133/322/1133 1215/322/1215
f 617/147/617 604/152/604 517/157/517
f 617/147/617 507/157/507 603/152/603
f 543/157/543 495/157/495 494/157/494
f 493/157/493 573/157/573 508/157/508
f 1256/322/1256 1250/322/1250 1254/322/1254
f 1242/322/1242 1256/322/1256 1254/322/1254
f 1255/322/1255 1252/322/1252 1257/322/1257
f 488/157/488 478/157/478 560/157/560
f 1148/322/1148 1228/322/1228 1163/322/1163
f 519/157/519 562/157/562 568/157/568
f 1198/322/1198 1150/322/1150 1149/322/1149
f 1272/311/1272 1162/322/1162 1258/317/1258
f 468/157/468 473/157/473 470/157/470
f 493/157/493 574/157/574 573/157/573
f 504/157/504 505/157/505 540/157/540
f 549/157/549 464/157/464 465/157/465
f 534/157/534 519/157/519 568/157/568
f 663/261/663 583/157/583 600/157/600
f 583/157/583 663/261/663 659/261/659
f 679/171/679 676/171/676 671/170/671
f 671/170/671 674/170/674 679/171/679
f 673/170/673 678/171/678 672/170/672
f 677/171/677 672/170/672 678/171/678
f 687/253/687 684/253/684 680/172/680
f 699/185/699 702/185/702 784/185/784
f 819/262/819 830/264/830 824/263/824
f 825/177/825 816/173/816 829/178/829
f 823/265/823 824/263/824 816/173/816
f 816/173/816 824/263/824 822/266/822
f 829/188/829 816/173/816 822/266/822
f 822/266/822 824/263/824 830/264/830
f 801/185/801 689/185/689 800/185/800
f 717/185/717 798/185/798 826/193/826
f 762/185/762 748/185/748 763/185/763
f 746/185/746 711/185/711 736/185/736
f 825/267/825 823/174/823 816/173/816
f 736/185/736 828/175/828 746/185/746
f 826/193/826 798/185/798 801/185/801
f 801/185/801 798/185/798 689/185/689
f 675/171/675 678/171/678 670/170/670
f 764/185/764 762/185/762 750/185/750
f 1272/311/1272 1259/317/1259 1172/322/1172
f 1249/322/1249 1253/322/1253 1251/322/1251
f 1335/337/1335 1336/337/1336 1342/393/1342
f 1182/322/1182 1180/322/1180 1193/322/1193
f 697/185/697 777/185/777 702/185/702
f 756/185/756 757/185/757 754/185/754
f 757/185/757 751/185/751 754/185/754
f 788/185/788 733/185/733 769/185/769
f 781/185/781 698/185/698 784/185/784
f 739/185/739 802/185/802 803/185/803
f 792/185/792 764/185/764 755/185/755
f 793/185/793 717/185/717 789/185/789
f 696/185/696 695/185/695 701/185/701
f 711/185/711 746/185/746 710/185/710
f 792/185/792 762/185/762 764/185/764
f 756/185/756 754/185/754 767/185/767
f 877/198/877 878/198/878 884/254/884
f 1218/322/1218 1188/322/1188 1190/322/1190
f 828/175/828 815/180/815 746/185/746
f 828/175/828 736/185/736 814/180/814
f 772/185/772 724/185/724 723/185/723
f 722/185/722 802/185/802 737/185/737
f 1137/322/1137 1172/322/1172 1136/322/1136
f 1122/322/1122 1121/322/1121 1127/322/1127
f 1219/322/1219 1143/322/1143 1215/322/1215
f 717/185/717 707/185/707 789/185/789
f 1218/322/1218 1190/322/1190 1181/322/1181
f 748/185/748 791/185/791 797/185/797
f 1165/322/1165 1228/322/1228 1229/322/1229
f 1207/322/1207 1124/322/1124 1210/322/1210
f 697/185/697 702/185/702 699/185/699
f 722/185/722 803/185/803 802/185/802
f 733/185/733 734/185/734 769/185/769
f 778/185/778 693/185/693 694/185/694
f 763/185/763 748/185/748 797/185/797
f 673/170/673 670/170/670 678/171/678
f 1182/322/1182 1183/322/1183 1180/322/1180
f 1214/322/1214 1159/322/1159 1195/322/1195
f 1183/322/1183 1177/322/1177 1180/322/1180
f 1252/322/1252 1237/322/1237 1257/322/1257
f 1123/322/1123 1203/322/1203 1128/322/1128
f 884/254/884 881/254/881 877/198/877
f 896/294/896 899/294/899 981/294/981
f 1034/394/1034 1045/395/1045 1039/396/1039
f 1040/286/1040 1031/282/1031 1044/287/1044
f 1038/397/1038 1039/396/1039 1031/282/1031
f 1031/282/1031 1039/396/1039 1037/398/1037
f 1044/297/1044 1031/282/1031 1037/398/1037
f 1037/398/1037 1039/396/1039 1045/395/1045
f 998/294/998 886/294/886 997/294/997
f 914/294/914 995/294/995 1041/302/1041
f 959/294/959 945/294/945 960/294/960
f 943/294/943 908/294/908 933/294/933
f 1040/399/1040 1038/284/1038 1031/282/1031
f 933/294/933 1043/283/1043 943/294/943
f 1041/302/1041 995/294/995 998/294/998
f 998/294/998 995/294/995 886/294/886
f 1010/294/1010 1016/294/1016 1025/294/1025
f 961/294/961 959/294/959 947/294/947
f 1026/294/1026 1010/294/1010 1025/294/1025
f 1024/294/1024 1020/294/1020 1023/294/1023
f 1008/294/1008 1023/294/1023 1020/294/1020
f 1026/294/1026 1024/294/1024 1023/294/1023
f 894/294/894 974/294/974 899/294/899
f 953/294/953 954/294/954 951/294/951
f 954/294/954 948/294/948 951/294/951
f 985/294/985 930/294/930 966/294/966
f 978/294/978 895/294/895 981/294/981
f 936/294/936 999/294/999 1000/294/1000
f 989/294/989 961/294/961 952/294/952
f 990/294/990 914/294/914 986/294/986
f 893/294/893 892/294/892 898/294/898
f 908/294/908 943/294/943 907/294/907
f 989/294/989 959/294/959 961/294/961
f 953/294/953 951/294/951 964/294/964
f 1106/309/1106 1107/309/1107 1113/392/1113
f 1020/294/1020 1024/294/1024 1022/294/1022
f 1043/283/1043 1030/289/1030 943/294/943
f 1043/283/1043 933/294/933 1029/289/1029
f 969/294/969 921/294/921 920/294/920
f 919/294/919 999/294/999 934/294/934
f 1026/294/1026 1023/294/1023 1028/294/1028
f 1013/294/1013 1027/294/1027 1025/294/1025
f 1027/294/1027 1021/294/1021 1025/294/1025
f 914/294/914 904/294/904 986/294/986
f 1010/294/1010 1026/294/1026 1009/294/1009
f 945/294/945 988/294/988 994/294/994
f 1015/294/1015 1013/294/1013 1025/294/1025
f 1023/294/1023 1008/294/1008 1028/294/1028
f 894/294/894 899/294/899 896/294/896
f 919/294/919 1000/294/1000 999/294/999
f 930/294/930 931/294/931 966/294/966
f 975/294/975 890/294/890 891/294/891
f 960/294/960 945/294/945 994/294/994
f 1089/400/1089 1009/294/1009 1026/294/1026
f 1009/294/1009 1089/400/1089 1085/400/1085
f 1020/294/1020 1099/307/1099 1008/294/1008
f 1098/307/1098 1008/294/1008 1099/307/1099
f 1099/307/1099 1104/308/1104 1098/307/1098
f 1103/308/1103 1098/307/1098 1104/308/1104
f 1113/392/1113 1110/392/1110 1106/309/1106
f 1125/322/1125 1128/322/1128 1210/322/1210
f 1263/401/1263 1274/402/1274 1268/403/1268
f 1269/314/1269 1260/310/1260 1273/315/1273
f 1267/404/1267 1268/403/1268 1260/310/1260
f 1260/310/1260 1268/403/1268 1266/405/1266
f 1273/325/1273 1260/310/1260 1266/405/1266
f 1266/405/1266 1268/403/1268 1274/402/1274
f 1227/322/1227 1115/322/1115 1226/322/1226
f 1143/322/1143 1224/322/1224 1270/330/1270
f 1188/322/1188 1174/322/1174 1189/322/1189
f 1172/322/1172 1137/322/1137 1162/322/1162
f 1269/406/1269 1267/312/1267 1260/310/1260
f 1162/322/1162 1272/311/1272 1172/322/1172
f 1270/330/1270 1224/322/1224 1227/322/1227
f 1227/322/1227 1224/322/1224 1115/322/1115
f 1239/322/1239 1245/322/1245 1254/322/1254
f 1190/322/1190 1188/322/1188 1176/322/1176
f 1255/322/1255 1239/322/1239 1254/322/1254
f 1253/322/1253 1249/322/1249 1252/322/1252
f 1237/322/1237 1252/322/1252 1249/322/1249
f 1255/322/1255 1253/322/1253 1252/322/1252
g fff035d2_00010_000886b5_e1
f 1577/466/1577 1797/466/1797 1746/466/1746
f 1577/466/1577 1793/466/1793 1797/466/1797
f 1795/481/1795 1798/537/1798 1800/537/1800
f 1800/537/1800 1794/481/1794 1795/481/1795
f 1663/466/1663 1795/481/1795 1794/481/1794
f 1794/481/1794 1689/466/1689 1663/466/1663
f 1714/466/1714 1706/466/1706 1787/466/1787
f 1787/466/1787 1706/466/1706 1792/466/1792
f 1783/479/1783 1789/480/1789 1788/480/1788
f 1789/480/1789 1783/479/1783 1784/479/1784
f 1693/466/1693 1784/479/1784 1783/479/1783
f 1784/479/1784 1693/466/1693 1694/466/1694
f 1576/466/1576 1663/466/1663 1578/466/1578
f 1663/466/1663 1576/466/1576 1688/466/1688
f 1578/466/1578 1663/466/1663 1689/466/1689
f 1737/466/1737 1779/466/1779 1782/466/1782
f 1737/466/1737 1782/466/1782 1699/466/1699
f 1742/466/1742 1770/466/1770 1780/466/1780
f 1773/569/1773 1774/569/1774 1697/466/1697
f 1703/466/1703 1697/466/1697 1774/569/1774
f 1773/569/1773 1696/466/1696 1772/569/1772
f 1696/466/1696 1773/569/1773 1697/466/1697
f 1702/466/1702 1775/466/1775 1701/568/1701
f 1702/466/1702 1701/568/1701 1700/466/1700
f 1703/466/1703 1774/567/1774 1775/566/1775
f 1703/466/1703 1775/566/1775 1702/466/1702
f 1742/466/1742 1631/466/1631 1770/466/1770
f 1780/466/1780 1770/466/1770 1771/466/1771
f 1596/466/1596 1747/465/1747 1759/465/1759
f 1759/465/1759 1654/466/1654 1596/466/1596
f 1760/465/1760 1604/466/1604 1751/465/1751
f 1604/466/1604 1760/465/1760 1655/466/1655
f 1763/465/1763 1757/465/1757 1650/466/1650
f 1764/465/1764 1651/466/1651 1757/465/1757
f 1650/466/1650 1757/465/1757 1651/466/1651
f 1612/466/1612 1616/466/1616 1754/465/1754
f 1683/466/1683 1679/466/1679 1767/465/1767
f 1766/465/1766 1767/465/1767 1679/466/1679
f 1595/466/1595 1601/466/1601 1620/466/1620
f 1744/564/1744 1726/547/1726 1620/565/1620
f 1721/545/1721 1726/547/1726 1744/564/1744
f 1729/563/1729 1741/513/1741 1733/515/1733
f 1612/466/1612 1752/465/1752 1756/465/1756
f 1756/465/1756 1633/466/1633 1612/466/1612
f 1758/465/1758 1751/465/1751 1604/466/1604
f 1604/466/1604 1649/466/1649 1758/465/1758
f 1749/465/1749 1599/466/1599 1750/465/1750
f 1603/466/1603 1750/465/1750 1599/466/1599
f 1759/465/1759 1758/465/1758 1649/466/1649
f 1649/466/1649 1654/466/1654 1759/465/1759
f 1748/465/1748 1598/466/1598 1756/465/1756
f 1633/466/1633 1756/465/1756 1598/466/1598
f 1703/466/1703 1702/466/1702 1712/466/1712
f 1577/466/1577 1745/465/1745 1575/466/1575
f 1745/465/1745 1577/466/1577 1746/465/1746
f 1724/549/1724 1729/462/1729 1731/469/1731
f 1737/562/1737 1699/466/1699 1738/507/1738
f 1738/507/1738 1699/466/1699 1734/508/1734
f 1736/506/1736 1737/562/1737 1738/507/1738
f 1741/561/1741 1729/462/1729 1724/549/1724
f 1764/465/1764 1639/466/1639 1651/466/1651
f 1763/465/1763 1671/466/1671 1655/466/1655
f 1763/465/1763 1650/466/1650 1671/466/1671
f 1602/466/1602 1579/466/1579 1600/466/1600
f 1600/466/1600 1660/466/1660 1656/466/1656
f 1593/466/1593 1601/466/1601 1595/466/1595
f 1592/466/1592 1591/466/1591 1593/466/1593
f 1601/466/1601 1593/466/1593 1591/466/1591
f 1588/466/1588 1659/466/1659 1665/466/1665
f 1587/466/1587 1670/466/1670 1659/466/1659
f 1587/466/1587 1659/466/1659 1588/466/1588
f 1580/466/1580 1660/466/1660 1600/466/1600
f 1580/466/1580 1600/466/1600 1579/466/1579
f 1719/533/1719 1741/561/1741 1724/549/1724
f 1724/549/1724 1732/546/1732 1719/533/1719
f 1726/547/1726 1725/548/1725 1716/461/1716
f 1726/547/1726 1716/461/1716 1620/466/1620
f 1714/466/1714 1701/466/1701 1706/466/1706
f 1643/466/1643 1636/466/1636 1589/466/1589
f 1652/466/1652 1592/466/1592 1593/466/1593
f 1609/466/1609 1610/466/1610 1673/466/1673
f 1581/466/1581 1665/466/1665 1659/466/1659
f 1584/466/1584 1588/466/1588 1665/466/1665
f 1754/465/1754 1752/465/1752 1612/466/1612
f 1714/466/1714 1700/466/1700 1701/466/1701
f 1711/466/1711 1712/466/1712 1708/466/1708
f 1655/466/1655 1760/465/1760 1763/465/1763
f 1639/466/1639 1764/465/1764 1676/466/1676
f 1708/466/1708 1693/466/1693 1709/466/1709
f 1708/466/1708 1709/466/1709 1711/466/1711
f 1589/466/1589 1636/466/1636 1637/466/1637
f 1681/466/1681 1634/466/1634 1647/466/1647
f 1713/466/1713 1712/466/1712 1711/466/1711
f 1708/466/1708 1694/466/1694 1693/466/1693
f 1661/466/1661 1581/466/1581 1659/466/1659
f 1658/466/1658 1661/466/1661 1659/466/1659
f 1581/466/1581 1582/466/1582 1665/466/1665
f 1653/466/1653 1667/466/1667 1602/466/1602
f 1579/466/1579 1602/466/1602 1667/466/1667
f 1610/466/1610 1677/466/1677 1673/466/1673
f 1635/466/1635 1589/466/1589 1638/466/1638
f 1638/466/1638 1589/466/1589 1637/466/1637
f 1681/466/1681 1641/466/1641 1634/466/1634
f 1348/438/1348 1568/438/1568 1517/438/1517
f 1348/438/1348 1564/438/1564 1568/438/1568
f 1566/453/1566 1569/536/1569 1571/536/1571
f 1571/536/1571 1565/453/1565 1566/453/1566
f 1434/438/1434 1566/453/1566 1565/453/1565
f 1565/453/1565 1460/438/1460 1434/438/1434
f 1485/438/1485 1477/438/1477 1558/438/1558
f 1558/438/1558 1477/438/1477 1563/438/1563
f 1554/451/1554 1560/452/1560 1559/452/1559
f 1560/452/1560 1554/451/1554 1555/451/1555
f 1464/438/1464 1555/451/1555 1554/451/1554
f 1555/451/1555 1464/438/1464 1465/438/1465
f 1347/438/1347 1434/438/1434 1349/438/1349
f 1434/438/1434 1347/438/1347 1459/438/1459
f 1349/438/1349 1434/438/1434 1460/438/1460
f 1508/438/1508 1550/438/1550 1553/438/1553
f 1508/438/1508 1553/438/1553 1470/438/1470
f 1513/438/1513 1541/438/1541 1551/438/1551
f 1544/560/1544 1545/560/1545 1468/438/1468
f 1474/438/1474 1468/438/1468 1545/560/1545
f 1544/560/1544 1467/438/1467 1543/560/1543
f 1467/438/1467 1544/560/1544 1468/438/1468
f 1473/438/1473 1546/438/1546 1472/559/1472
f 1473/438/1473 1472/559/1472 1471/438/1471
f 1474/438/1474 1545/558/1545 1546/557/1546
f 1474/438/1474 1546/557/1546 1473/438/1473
f 1513/438/1513 1402/438/1402 1541/438/1541
f 1551/438/1551 1541/438/1541 1542/438/1542
f 1367/438/1367 1518/437/1518 1530/437/1530
f 1530/437/1530 1425/438/1425 1367/438/1367
f 1531/437/1531 1375/438/1375 1522/437/1522
f 1375/438/1375 1531/437/1531 1426/438/1426
f 1534/437/1534 1528/437/1528 1421/438/1421
f 1535/437/1535 1422/438/1422 1528/437/1528
f 1421/438/1421 1528/437/1528 1422/438/1422
f 1383/438/1383 1387/438/1387 1525/437/1525
f 1454/438/1454 1450/438/1450 1538/437/1538
f 1537/437/1537 1538/437/1538 1450/438/1450
f 1366/438/1366 1372/438/1372 1391/438/1391
f 1515/555/1515 1497/540/1497 1391/556/1391
f 1492/538/1492 1497/540/1497 1515/555/1515
f 1500/554/1500 1512/494/1512 1504/496/1504
f 1383/438/1383 1523/437/1523 1527/437/1527
f 1527/437/1527 1404/438/1404 1383/438/1383
f 1529/437/1529 1522/437/1522 1375/438/1375
f 1375/438/1375 1420/438/1420 1529/437/1529
f 1520/437/1520 1370/438/1370 1521/437/1521
f 1374/438/1374 1521/437/1521 1370/438/1370
f 1530/437/1530 1529/437/1529 1420/438/1420
f 1420/438/1420 1425/438/1425 1530/437/1530
f 1519/437/1519 1369/438/1369 1527/437/1527
f 1404/438/1404 1527/437/1527 1369/438/1369
f 1474/438/1474 1473/438/1473 1483/438/1483
f 1348/438/1348 1516/437/1516 1346/438/1346
f 1516/437/1516 1348/438/1348 1517/437/1517
f 1495/542/1495 1500/434/1500 1502/441/1502
f 1508/553/1508 1470/438/1470 1509/488/1509
f 1509/488/1509 1470/438/1470 1505/490/1505
f 1507/487/1507 1508/553/1508 1509/488/1509
f 1512/552/1512 1500/434/1500 1495/542/1495
f 1535/437/1535 1410/438/1410 1422/438/1422
f 1534/437/1534 1442/438/1442 1426/438/1426
f 1534/437/1534 1421/438/1421 1442/438/1442
f 1373/438/1373 1350/438/1350 1371/438/1371
f 1371/438/1371 1431/438/1431 1427/438/1427
f 1364/438/1364 1372/438/1372 1366/438/1366
f 1363/438/1363 1362/438/1362 1364/438/1364
f 1372/438/1372 1364/438/1364 1362/438/1362
f 1359/438/1359 1430/438/1430 1436/438/1436
f 1358/438/1358 1441/438/1441 1430/438/1430
f 1358/438/1358 1430/438/1430 1359/438/1359
f 1351/438/1351 1431/438/1431 1371/438/1371
f 1351/438/1351 1371/438/1371 1350/438/1350
f 1490/525/1490 1512/552/1512 1495/542/1495
f 1495/542/1495 1503/539/1503 1490/525/1490
f 1497/540/1497 1496/541/1496 1487/433/1487
f 1497/540/1497 1487/433/1487 1391/438/1391
f 1485/438/1485 1472/438/1472 1477/438/1477
f 1414/438/1414 1407/438/1407 1360/438/1360
f 1423/438/1423 1363/438/1363 1364/438/1364
f 1380/438/1380 1381/438/1381 1444/438/1444
f 1352/438/1352 1436/438/1436 1430/438/1430
f 1355/438/1355 1359/438/1359 1436/438/1436
f 1525/437/1525 1523/437/1523 1383/438/1383
f 1485/438/1485 1471/438/1471 1472/438/1472
f 1482/438/1482 1483/438/1483 1479/438/1479
f 1426/438/1426 1531/437/1531 1534/437/1534
f 1410/438/1410 1535/437/1535 1447/438/1447
f 1479/438/1479 1464/438/1464 1480/438/1480
f 1479/438/1479 1480/438/1480 1482/438/1482
f 1360/438/1360 1407/438/1407 1408/438/1408
f 1452/438/1452 1405/438/1405 1418/438/1418
f 1484/438/1484 1483/438/1483 1482/438/1482
f 1479/438/1479 1465/438/1465 1464/438/1464
f 1432/438/1432 1352/438/1352 1430/438/1430
f 1429/438/1429 1432/438/1432 1430/438/1430
f 1352/438/1352 1353/438/1353 1436/438/1436
f 1424/438/1424 1438/438/1438 1373/438/1373
f 1350/438/1350 1373/438/1373 1438/438/1438
f 1381/438/1381 1448/438/1448 1444/438/1444
f 1406/438/1406 1360/438/1360 1409/438/1409
f 1409/438/1409 1360/438/1360 1408/438/1408
f 1452/438/1452 1412/438/1412 1405/438/1405
f 110/1/110 63/1/63 70/1/70
f 67/1/67 66/1/66 18/1/18
f 64/1/64 67/1/67 18/1/18
f 39/1/39 102/1/102 106/1/106
f 8/1/8 96/1/96 31/1/31
f 82/1/82 31/1/31 96/1/96
f 10/1/10 94/1/94 11/1/11
f 87/1/87 88/1/88 90/1/90
f 90/1/90 88/1/88 10/1/10
f 137/1/137 122/1/122 123/1/123
f 142/1/142 140/1/140 141/1/141
f 110/1/110 76/1/76 63/1/63
f 18/1/18 66/1/66 65/1/65
f 137/1/137 140/1/140 138/1/138
f 137/1/137 138/1/138 122/1/122
f 68/1/68 105/1/105 193/49/193
f 84/1/84 192/49/192 189/49/189
f 140/1/140 137/1/137 141/1/141
f 143/1/143 130/1/130 129/1/129
f 183/49/183 41/1/41 181/49/181
f 13/1/13 94/1/94 17/1/17
f 10/1/10 88/1/88 94/1/94
f 38/1/38 102/1/102 39/1/39
f 81/1/81 22/1/22 21/1/21
f 72/1/72 18/1/18 65/1/65
f 143/1/143 135/1/135 130/1/130
f 155/19/155 49/1/49 145/3/145
f 155/19/155 145/3/145 154/18/154
f 153/17/153 148/34/148 161/30/161
f 148/34/148 153/17/153 170/44/170
f 9/1/9 8/1/8 29/1/29
f 9/1/9 29/1/29 89/1/89
f 16/1/16 17/1/17 88/1/88
f 16/1/16 88/1/88 99/1/99
f 17/1/17 94/1/94 88/1/88
f 30/1/30 20/1/20 22/1/22
f 21/1/21 22/1/22 20/1/20
f 22/1/22 24/1/24 30/1/30
f 29/1/29 85/1/85 89/1/89
f 31/1/31 29/1/29 8/1/8
f 192/49/192 100/1/100 79/1/79
f 192/49/192 84/1/84 100/1/100
f 193/49/193 80/1/80 68/1/68
f 170/44/170 153/17/153 158/26/158
f 165/38/165 167/40/167 166/39/166
f 167/40/167 163/36/163 128/1/128
f 166/39/166 167/40/167 128/1/128
f 153/17/153 160/29/160 158/26/158
f 174/49/174 175/49/175 6/1/6
f 6/1/6 4/1/4 174/49/174
f 132/1/132 141/1/141 131/1/131
f 62/1/62 27/1/27 185/49/185
f 177/49/177 185/49/185 27/1/27
f 78/1/78 188/49/188 83/1/83
f 188/49/188 78/1/78 187/49/187
f 32/1/32 28/1/28 179/49/179
f 178/49/178 179/49/179 28/1/28
f 33/1/33 187/49/187 78/1/78
f 187/49/187 33/1/33 180/49/180
f 185/49/185 41/1/41 62/1/62
f 41/1/41 185/49/185 181/49/181
f 158/31/158 162/33/162 170/43/170
f 150/11/150 173/47/173 155/19/155
f 173/47/173 49/2/49 155/19/155
f 24/1/24 49/1/49 30/1/30
f 195/49/195 108/1/108 196/49/196
f 112/1/112 196/49/196 108/1/108
f 41/1/41 183/49/183 45/1/45
f 79/1/79 80/1/80 186/49/186
f 193/49/193 186/49/186 80/1/80
f 192/49/192 79/1/79 186/49/186
f 33/1/33 84/1/84 189/49/189
f 189/49/189 180/49/180 33/1/33
f 188/49/188 25/1/25 83/1/83
f 25/1/25 188/49/188 176/49/176
f 209/1/209 200/1/200 199/1/199
f 171/1/171 199/1/199 60/1/60
f 132/1/132 131/1/131 204/58/204
f 132/1/132 204/58/204 203/57/203
f 131/1/131 129/1/129 130/59/130
f 131/1/131 130/59/130 204/1/204
f 125/1/125 126/1/126 202/56/202
f 202/56/202 201/56/201 125/1/125
f 132/1/132 203/56/203 126/1/126
f 202/56/202 126/1/126 203/56/203
f 171/1/171 209/1/209 199/1/199
f 166/1/166 128/1/128 211/1/211
f 166/1/166 211/1/211 208/1/208
f 7/1/7 118/1/118 92/1/92
f 92/1/92 117/1/117 5/1/5
f 5/1/5 7/1/7 92/1/92
f 213/69/213 123/1/123 122/1/122
f 122/1/122 212/69/212 213/69/213
f 218/70/218 213/69/213 212/69/212
f 212/69/212 217/70/217 218/70/218
f 216/1/216 221/1/221 135/1/135
f 143/1/143 216/1/216 135/1/135
f 223/71/223 92/1/92 118/1/118
f 92/1/92 223/71/223 224/71/224
f 229/72/229 224/71/224 223/71/223
f 224/71/224 229/72/229 227/72/227
f 6/1/6 226/1/226 222/1/222
f 6/1/6 175/1/175 226/1/226
f 339/85/339 292/85/292 299/85/299
f 296/85/296 295/85/295 247/85/247
f 293/85/293 296/85/296 247/85/247
f 268/85/268 331/85/331 335/85/335
f 237/85/237 325/85/325 260/85/260
f 311/85/311 260/85/260 325/85/325
f 239/85/239 323/85/323 240/85/240
f 316/85/316 317/85/317 319/85/319
f 319/85/319 317/85/317 239/85/239
f 366/85/366 351/85/351 352/85/352
f 371/85/371 369/85/369 370/85/370
f 339/85/339 305/85/305 292/85/292
f 247/85/247 295/85/295 294/85/294
f 366/85/366 369/85/369 367/85/367
f 366/85/366 367/85/367 351/85/351
f 297/85/297 334/85/334 422/84/422
f 313/85/313 421/84/421 418/84/418
f 369/85/369 366/85/366 370/85/370
f 372/85/372 359/85/359 358/85/358
f 412/84/412 270/85/270 410/84/410
f 242/85/242 323/85/323 246/85/246
f 239/85/239 317/85/317 323/85/323
f 267/85/267 331/85/331 268/85/268
f 310/85/310 251/85/251 250/85/250
f 301/85/301 247/85/247 294/85/294
f 372/85/372 364/85/364 359/85/359
f 384/131/384 278/85/278 374/80/374
f 384/131/384 374/80/374 383/132/383
f 382/133/382 377/125/377 390/130/390
f 377/125/377 382/133/382 399/136/399
f 238/85/238 237/85/237 258/85/258
f 238/85/238 258/85/258 318/85/318
f 245/85/245 246/85/246 317/85/317
f 245/85/245 317/85/317 328/85/328
f 246/85/246 323/85/323 317/85/317
f 259/85/259 249/85/249 251/85/251
f 250/85/250 251/85/251 249/85/249
f 251/85/251 253/85/253 259/85/259
f 258/85/258 314/85/314 318/85/318
f 260/85/260 258/85/258 237/85/237
f 421/84/421 329/85/329 308/85/308
f 421/84/421 313/85/313 329/85/329
f 422/84/422 309/85/309 297/85/297
f 399/136/399 382/133/382 387/81/387
f 394/106/394 396/107/396 395/137/395
f 396/107/396 392/109/392 357/85/357
f 395/137/395 396/107/396 357/85/357
f 382/133/382 389/88/389 387/81/387
f 403/84/403 404/84/404 235/85/235
f 235/85/235 233/85/233 403/84/403
f 361/85/361 370/85/370 360/85/360
f 291/85/291 256/85/256 414/84/414
f 406/84/406 414/84/414 256/85/256
f 307/85/307 417/84/417 312/85/312
f 417/84/417 307/85/307 416/84/416
f 261/85/261 257/85/257 408/84/408
f 407/84/407 408/84/408 257/85/257
f 262/85/262 416/84/416 307/85/307
f 416/84/416 262/85/262 409/84/409
f 414/84/414 270/85/270 291/85/291
f 270/85/270 414/84/414 410/84/410
f 387/138/387 391/115/391 399/113/399
f 379/129/379 402/139/402 384/131/384
f 402/139/402 278/140/278 384/131/384
f 253/85/253 278/85/278 259/85/259
f 424/84/424 337/85/337 425/84/425
f 341/85/341 425/84/425 337/85/337
f 270/85/270 412/84/412 274/85/274
f 308/85/308 309/85/309 415/84/415
f 422/84/422 415/84/415 309/85/309
f 421/84/421 308/85/308 415/84/415
f 262/85/262 313/85/313 418/84/418
f 418/84/418 409/84/409 262/85/262
f 417/84/417 254/85/254 312/85/312
f 254/85/254 417/84/417 405/84/405
f 438/85/438 429/85/429 428/85/428
f 400/85/400 428/85/428 289/85/289
f 361/85/361 360/85/360 433/141/433
f 361/85/361 433/141/433 432/142/432
f 360/85/360 358/85/358 359/143/359
f 360/85/360 359/143/359 433/85/433
f 354/85/354 355/85/355 431/144/431
f 431/144/431 430/144/430 354/85/354
f 361/85/361 432/144/432 355/85/355
f 431/144/431 355/85/355 432/144/432
f 400/85/400 438/85/438 428/85/428
f 395/85/395 357/85/357 440/85/440
f 395/85/395 440/85/440 437/85/437
f 236/85/236 347/85/347 321/85/321
f 321/85/321 346/85/346 234/85/234
f 234/85/234 236/85/236 321/85/321
f 442/98/442 352/85/352 351/85/351
f 351/85/351 441/98/441 442/98/442
f 447/99/447 442/98/442 441/98/441
f 441/98/441 446/99/446 447/99/447
f 445/85/445 450/85/450 364/85/364
f 372/85/372 445/85/445 364/85/364
f 452/100/452 321/85/321 347/85/347
f 321/85/321 452/100/452 453/100/453
f 458/128/458 453/100/453 452/100/452
f 453/100/453 458/128/458 456/128/456
f 235/85/235 455/85/455 451/85/451
f 235/85/235 404/85/404 455/85/455
f 568/157/568 528/157/528 521/157/521
f 525/157/525 476/157/476 524/157/524
f 522/157/522 476/157/476 525/157/525
f 497/157/497 564/157/564 560/157/560
f 466/157/466 489/157/489 554/157/554
f 540/157/540 554/157/554 489/157/489
f 468/157/468 469/157/469 552/157/552
f 545/157/545 548/157/548 546/157/546
f 548/157/548 468/157/468 546/157/546
f 595/157/595 581/157/581 580/157/580
f 600/157/600 599/157/599 598/157/598
f 568/157/568 521/157/521 534/157/534
f 476/157/476 523/157/523 524/157/524
f 595/157/595 596/157/596 598/157/598
f 595/157/595 580/157/580 596/157/596
f 526/157/526 651/156/651 563/157/563
f 542/157/542 647/156/647 650/156/650
f 598/157/598 599/157/599 595/157/595
f 601/157/601 587/157/587 588/157/588
f 641/156/641 639/156/639 499/157/499
f 471/157/471 475/157/475 552/157/552
f 468/157/468 552/157/552 546/157/546
f 496/157/496 497/157/497 560/157/560
f 539/157/539 479/157/479 480/157/480
f 530/157/530 523/157/523 476/157/476
f 601/157/601 588/157/588 593/157/593
f 613/256/613 603/152/603 507/157/507
f 613/256/613 612/258/612 603/152/603
f 611/259/611 619/257/619 606/243/606
f 606/243/606 628/268/628 611/259/611
f 467/157/467 487/157/487 466/157/466
f 467/157/467 547/157/547 487/157/487
f 474/157/474 546/157/546 475/157/475
f 474/157/474 557/157/557 546/157/546
f 475/157/475 546/157/546 552/157/552
f 488/157/488 480/157/480 478/157/478
f 479/157/479 478/157/478 480/157/480
f 480/157/480 488/157/488 482/157/482
f 487/157/487 547/157/547 543/157/543
f 489/157/489 466/157/466 487/157/487
f 650/156/650 537/157/537 558/157/558
f 650/156/650 558/157/558 542/157/542
f 651/156/651 526/157/526 538/157/538
f 628/268/628 616/153/616 611/259/611
f 623/205/623 624/269/624 625/204/625
f 625/204/625 586/157/586 621/207/621
f 624/269/624 586/157/586 625/204/625
f 611/259/611 616/153/616 618/160/618
f 632/156/632 464/157/464 633/156/633
f 464/157/464 632/156/632 462/157/462
f 590/157/590 589/157/589 599/157/599
f 520/157/520 643/156/643 485/157/485
f 635/156/635 485/157/485 643/156/643
f 536/157/536 541/157/541 646/156/646
f 646/156/646 645/156/645 536/157/536
f 490/157/490 637/156/637 486/157/486
f 636/156/636 486/157/486 637/156/637
f 491/157/491 536/157/536 645/156/645
f 645/156/645 638/156/638 491/157/491
f 643/156/643 520/157/520 499/157/499
f 499/157/499 639/156/639 643/156/643
f 616/270/616 628/211/628 620/212/620
f 608/255/608 613/256/613 631/271/631
f 631/271/631 613/256/613 507/272/507
f 482/157/482 488/157/488 507/157/507
f 653/156/653 654/156/654 566/157/566
f 570/157/570 566/157/566 654/156/654
f 499/157/499 503/157/503 641/156/641
f 537/157/537 644/156/644 538/157/538
f 651/156/651 538/157/538 644/156/644
f 650/156/650 644/156/644 537/157/537
f 491/157/491 647/156/647 542/157/542
f 647/156/647 491/157/491 638/156/638
f 646/156/646 541/157/541 483/157/483
f 483/157/483 634/156/634 646/156/646
f 667/157/667 657/157/657 658/157/658
f 629/157/629 518/157/518 657/157/657
f 590/157/590 662/273/662 589/157/589
f 590/157/590 661/274/661 662/273/662
f 589/157/589 588/275/588 587/157/587
f 589/157/589 662/157/662 588/275/588
f 583/157/583 660/276/660 584/157/584
f 660/276/660 583/157/583 659/276/659
f 590/157/590 584/157/584 661/276/661
f 660/276/660 661/276/661 584/157/584
f 629/157/629 657/157/657 667/157/667
f 624/157/624 669/157/669 586/157/586
f 624/157/624 666/157/666 669/157/669
f 465/157/465 550/157/550 576/157/576
f 550/157/550 463/157/463 575/157/575
f 463/157/463 550/157/550 465/157/465
f 671/170/671 580/157/580 581/157/581
f 580/157/580 671/170/671 670/170/670
f 676/171/676 670/170/670 671/170/671
f 670/170/670 676/171/676 675/171/675
f 674/157/674 593/157/593 679/157/679
f 601/157/601 593/157/593 674/157/674
f 681/172/681 576/157/576 550/157/550
f 550/157/550 682/172/682 681/172/681
f 687/253/687 681/172/681 682/172/682
f 682/172/682 685/253/685 687/253/687
f 464/157/464 680/157/680 684/157/684
f 464/157/464 684/157/684 633/157/633
f 797/185/797 757/185/757 750/185/750
f 754/185/754 705/185/705 753/185/753
f 751/185/751 705/185/705 754/185/754
f 726/185/726 793/185/793 789/185/789
f 695/185/695 718/185/718 783/185/783
f 769/185/769 783/185/783 718/185/718
f 697/185/697 698/185/698 781/185/781
f 774/185/774 777/185/777 775/185/775
f 777/185/777 697/185/697 775/185/775
f 1485/438/1485 1479/438/1479 1483/438/1483
f 1119/322/1119 1339/322/1339 1288/322/1288
f 797/185/797 750/185/750 763/185/763
f 705/185/705 752/185/752 753/185/753
f 1119/322/1119 1335/322/1335 1339/322/1339
f 1337/337/1337 1340/393/1340 1342/393/1342
f 755/185/755 862/184/862 792/185/792
f 771/185/771 858/184/858 861/184/861
f 1342/393/1342 1336/337/1336 1337/337/1337
f 1205/322/1205 1337/337/1337 1336/337/1336
f 852/184/852 850/184/850 728/185/728
f 700/185/700 704/185/704 781/185/781
f 697/185/697 781/185/781 775/185/775
f 725/185/725 726/185/726 789/185/789
f 768/185/768 708/185/708 709/185/709
f 759/185/759 752/185/752 705/185/705
f 1336/337/1336 1231/322/1231 1205/322/1205
f 824/263/824 814/180/814 736/185/736
f 824/263/824 823/265/823 814/180/814
f 822/266/822 830/264/830 817/251/817
f 817/251/817 839/277/839 822/266/822
f 696/185/696 716/185/716 695/185/695
f 696/185/696 776/185/776 716/185/716
f 703/185/703 775/185/775 704/185/704
f 703/185/703 786/185/786 775/185/775
f 704/185/704 775/185/775 781/185/781
f 717/185/717 709/185/709 707/185/707
f 708/185/708 707/185/707 709/185/709
f 709/185/709 717/185/717 711/185/711
f 716/185/716 776/185/776 772/185/772
f 718/185/718 695/185/695 716/185/716
f 861/184/861 766/185/766 787/185/787
f 861/184/861 787/185/787 771/185/771
f 862/184/862 755/185/755 767/185/767
f 839/277/839 827/181/827 822/266/822
f 834/224/834 835/278/835 836/223/836
f 836/223/836 810/185/810 832/225/832
f 835/278/835 810/185/810 836/223/836
f 822/266/822 827/181/827 829/188/829
f 843/184/843 693/185/693 844/184/844
f 693/185/693 843/184/843 691/185/691
f 1256/322/1256 1248/322/1248 1329/322/1329
f 749/185/749 854/184/854 714/185/714
f 846/184/846 714/185/714 854/184/854
f 765/185/765 770/185/770 857/184/857
f 857/184/857 856/184/856 765/185/765
f 719/185/719 848/184/848 715/185/715
f 847/184/847 715/185/715 848/184/848
f 720/185/720 765/185/765 856/184/856
f 856/184/856 849/184/849 720/185/720
f 854/184/854 749/185/749 728/185/728
f 728/185/728 850/184/850 854/184/854
f 827/279/827 839/230/839 831/231/831
f 819/262/819 824/263/824 842/280/842
f 842/280/842 824/263/824 736/281/736
f 711/185/711 717/185/717 736/185/736
f 864/184/864 865/184/865 795/185/795
f 799/185/799 795/185/795 865/184/865
f 728/185/728 732/185/732 852/184/852
f 766/185/766 855/184/855 767/185/767
f 862/184/862 767/185/767 855/184/855
f 861/184/861 855/184/855 766/185/766
f 720/185/720 858/184/858 771/185/771
f 858/184/858 720/185/720 849/184/849
f 857/184/857 770/185/770 712/185/712
f 712/185/712 845/184/845 857/184/857
f 874/185/874 868/185/868 869/185/869
f 840/185/840 747/185/747 868/185/868
f 1329/322/1329 1248/322/1248 1334/322/1334
f 1325/335/1325 1331/336/1331 1330/336/1330
f 1331/336/1331 1325/335/1325 1326/335/1326
f 1235/322/1235 1326/335/1326 1325/335/1325
f 1326/335/1326 1235/322/1235 1236/322/1236
f 1118/322/1118 1205/322/1205 1120/322/1120
f 1205/322/1205 1118/322/1118 1230/322/1230
f 1120/322/1120 1205/322/1205 1231/322/1231
f 840/185/840 868/185/868 874/185/874
f 835/185/835 876/185/876 810/185/810
f 835/185/835 873/185/873 876/185/876
f 694/185/694 779/185/779 805/185/805
f 779/185/779 692/185/692 804/185/804
f 692/185/692 779/185/779 694/185/694
f 1279/322/1279 1321/322/1321 1324/322/1324
f 1279/322/1279 1324/322/1324 1241/322/1241
f 1284/322/1284 1312/322/1312 1322/322/1322
f 1315/425/1315 1316/425/1316 1239/322/1239
f 1245/322/1245 1239/322/1239 1316/425/1316
f 1315/425/1315 1238/322/1238 1314/425/1314
f 878/198/878 805/185/805 779/185/779
f 779/185/779 879/198/879 878/198/878
f 884/254/884 878/198/878 879/198/879
f 879/198/879 882/254/882 884/254/884
f 693/185/693 877/185/877 881/185/881
f 693/185/693 881/185/881 844/185/844
f 994/294/994 954/294/954 947/294/947
f 951/294/951 902/294/902 950/294/950
f 948/294/948 902/294/902 951/294/951
f 923/294/923 990/294/990 986/294/986
f 892/294/892 915/294/915 980/294/980
f 966/294/966 980/294/980 915/294/915
f 894/294/894 895/294/895 978/294/978
f 971/294/971 974/294/974 972/294/972
f 974/294/974 894/294/894 972/294/972
f 1021/294/1021 1007/294/1007 1006/294/1006
f 1026/294/1026 1025/294/1025 1024/294/1024
f 994/294/994 947/294/947 960/294/960
f 902/294/902 949/294/949 950/294/950
f 1021/294/1021 1022/294/1022 1024/294/1024
f 1021/294/1021 1006/294/1006 1022/294/1022
f 952/294/952 1077/293/1077 989/294/989
f 968/294/968 1073/293/1073 1076/293/1076
f 1024/294/1024 1025/294/1025 1021/294/1021
f 1027/294/1027 1013/294/1013 1014/294/1014
f 1067/293/1067 1065/293/1065 925/294/925
f 897/294/897 901/294/901 978/294/978
f 894/294/894 978/294/978 972/294/972
f 922/294/922 923/294/923 986/294/986
f 965/294/965 905/294/905 906/294/906
f 956/294/956 949/294/949 902/294/902
f 1027/294/1027 1014/294/1014 1019/294/1019
f 1039/396/1039 1029/289/1029 933/294/933
f 1039/396/1039 1038/397/1038 1029/289/1029
f 1037/398/1037 1045/395/1045 1032/381/1032
f 1032/381/1032 1054/408/1054 1037/398/1037
f 893/294/893 913/294/913 892/294/892
f 893/294/893 973/294/973 913/294/913
f 900/294/900 972/294/972 901/294/901
f 900/294/900 983/294/983 972/294/972
f 901/294/901 972/294/972 978/294/978
f 914/294/914 906/294/906 904/294/904
f 905/294/905 904/294/904 906/294/906
f 906/294/906 914/294/914 908/294/908
f 913/294/913 973/294/973 969/294/969
f 915/294/915 892/294/892 913/294/913
f 1076/293/1076 963/294/963 984/294/984
f 1076/293/1076 984/294/984 968/294/968
f 1077/293/1077 952/294/952 964/294/964
f 1054/408/1054 1042/290/1042 1037/398/1037
f 1049/343/1049 1050/409/1050 1051/344/1051
f 1051/344/1051 1012/294/1012 1047/346/1047
f 1050/409/1050 1012/294/1012 1051/344/1051
f 1037/398/1037 1042/290/1042 1044/297/1044
f 1058/293/1058 890/294/890 1059/293/1059
f 890/294/890 1058/293/1058 888/294/888
f 1016/294/1016 1015/294/1015 1025/294/1025
f 946/294/946 1069/293/1069 911/294/911
f 1061/293/1061 911/294/911 1069/293/1069
f 962/294/962 967/294/967 1072/293/1072
f 1072/293/1072 1071/293/1071 962/294/962
f 916/294/916 1063/293/1063 912/294/912
f 1062/293/1062 912/294/912 1063/293/1063
f 917/294/917 962/294/962 1071/293/1071
f 1071/293/1071 1064/293/1064 917/294/917
f 1069/293/1069 946/294/946 925/294/925
f 925/294/925 1065/293/1065 1069/293/1069
f 1042/410/1042 1054/350/1054 1046/352/1046
f 1034/394/1034 1039/396/1039 1057/411/1057
f 1057/411/1057 1039/396/1039 933/412/933
f 908/294/908 914/294/914 933/294/933
f 1079/293/1079 1080/293/1080 992/294/992
f 996/294/996 992/294/992 1080/293/1080
f 925/294/925 929/294/929 1067/293/1067
f 963/294/963 1070/293/1070 964/294/964
f 1077/293/1077 964/294/964 1070/293/1070
f 1076/293/1076 1070/293/1070 963/294/963
f 917/294/917 1073/293/1073 968/294/968
f 1073/293/1073 917/294/917 1064/293/1064
f 1072/293/1072 967/294/967 909/294/909
f 909/294/909 1060/293/1060 1072/293/1072
f 1093/294/1093 1083/294/1083 1084/294/1084
f 1055/294/1055 944/294/944 1083/294/1083
f 1016/294/1016 1088/413/1088 1015/294/1015
f 1016/294/1016 1087/414/1087 1088/413/1088
f 1015/294/1015 1014/415/1014 1013/294/1013
f 1015/294/1015 1088/294/1088 1014/415/1014
f 1009/294/1009 1086/416/1086 1010/294/1010
f 1086/416/1086 1009/294/1009 1085/416/1085
f 1016/294/1016 1010/294/1010 1087/416/1087
f 1086/416/1086 1087/416/1087 1010/294/1010
f 1055/294/1055 1083/294/1083 1093/294/1093
f 1050/294/1050 1095/294/1095 1012/294/1012
f 1050/294/1050 1092/294/1092 1095/294/1095
f 891/294/891 976/294/976 1002/294/1002
f 976/294/976 889/294/889 1001/294/1001
f 889/294/889 976/294/976 891/294/891
f 1097/307/1097 1006/294/1006 1007/294/1007
f 1006/294/1006 1097/307/1097 1096/307/1096
f 1102/308/1102 1096/307/1096 1097/307/1097
f 1096/307/1096 1102/308/1102 1101/308/1101
f 1100/294/1100 1019/294/1019 1105/294/1105
f 1027/294/1027 1019/294/1019 1100/294/1100
f 1107/309/1107 1002/294/1002 976/294/976
f 976/294/976 1108/309/1108 1107/309/1107
f 1113/392/1113 1107/309/1107 1108/309/1108
f 1108/309/1108 1111/392/1111 1113/392/1113
f 890/294/890 1106/294/1106 1110/294/1110
f 890/294/890 1110/294/1110 1059/294/1059
f 1223/322/1223 1183/322/1183 1176/322/1176
f 1180/322/1180 1131/322/1131 1179/322/1179
f 1177/322/1177 1131/322/1131 1180/322/1180
f 1152/322/1152 1219/322/1219 1215/322/1215
f 1121/322/1121 1144/322/1144 1209/322/1209
f 1195/322/1195 1209/322/1209 1144/322/1144
f 1123/322/1123 1124/322/1124 1207/322/1207
f 1200/322/1200 1203/322/1203 1201/322/1201
f 1203/322/1203 1123/322/1123 1201/322/1201
f 1250/322/1250 1236/322/1236 1235/322/1235
f 1255/322/1255 1254/322/1254 1253/322/1253
f 1223/322/1223 1176/322/1176 1189/322/1189
f 1131/322/1131 1178/322/1178 1179/322/1179
f 1250/322/1250 1251/322/1251 1253/322/1253
f 1250/322/1250 1235/322/1235 1251/322/1251
f 1181/322/1181 1306/321/1306 1218/322/1218
f 1197/322/1197 1302/321/1302 1305/321/1305
f 1253/322/1253 1254/322/1254 1250/322/1250
f 1256/322/1256 1242/322/1242 1243/322/1243
f 1296/321/1296 1294/321/1294 1154/322/1154
f 1126/322/1126 1130/322/1130 1207/322/1207
f 1123/322/1123 1207/322/1207 1201/322/1201
f 1151/322/1151 1152/322/1152 1215/322/1215
f 1194/322/1194 1134/322/1134 1135/322/1135
f 1185/322/1185 1178/322/1178 1131/322/1131
f 1256/322/1256 1243/322/1243 1248/322/1248
f 1268/403/1268 1258/317/1258 1162/322/1162
f 1268/403/1268 1267/404/1267 1258/317/1258
f 1266/405/1266 1274/402/1274 1261/389/1261
f 1261/389/1261 1283/417/1283 1266/405/1266
f 1122/322/1122 1142/322/1142 1121/322/1121
f 1122/322/1122 1202/322/1202 1142/322/1142
f 1129/322/1129 1201/322/1201 1130/322/1130
f 1129/322/1129 1212/322/1212 1201/322/1201
f 1130/322/1130 1201/322/1201 1207/322/1207
f 1143/322/1143 1135/322/1135 1133/322/1133
f 1134/322/1134 1133/322/1133 1135/322/1135
f 1135/322/1135 1143/322/1143 1137/322/1137
f 1142/322/1142 1202/322/1202 1198/322/1198
f 1144/322/1144 1121/322/1121 1142/322/1142
f 1305/321/1305 1192/322/1192 1213/322/1213
f 1305/321/1305 1213/322/1213 1197/322/1197
f 1306/321/1306 1181/322/1181 1193/322/1193
f 1283/417/1283 1271/318/1271 1266/405/1266
f 1278/362/1278 1279/418/1279 1280/363/1280
f 1280/363/1280 1241/322/1241 1276/364/1276
f 1279/418/1279 1241/322/1241 1280/363/1280
f 1266/405/1266 1271/318/1271 1273/325/1273
f 1287/321/1287 1119/322/1119 1288/321/1288
f 1119/322/1119 1287/321/1287 1117/322/1117
f 1245/322/1245 1244/322/1244 1254/322/1254
f 1175/322/1175 1298/321/1298 1140/322/1140
f 1290/321/1290 1140/322/1140 1298/321/1298
f 1191/322/1191 1196/322/1196 1301/321/1301
f 1301/321/1301 1300/321/1300 1191/322/1191
f 1145/322/1145 1292/321/1292 1141/322/1141
f 1291/321/1291 1141/322/1141 1292/321/1292
f 1146/322/1146 1191/322/1191 1300/321/1300
f 1300/321/1300 1293/321/1293 1146/322/1146
f 1298/321/1298 1175/322/1175 1154/322/1154
f 1154/322/1154 1294/321/1294 1298/321/1298
f 1271/419/1271 1283/369/1283 1275/371/1275
f 1263/401/1263 1268/403/1268 1286/420/1286
f 1286/420/1286 1268/403/1268 1162/421/1162
f 1137/322/1137 1143/322/1143 1162/322/1162
f 1308/321/1308 1309/321/1309 1221/322/1221
f 1225/322/1225 1221/322/1221 1309/321/1309
f 1154/322/1154 1158/322/1158 1296/321/1296
f 1192/322/1192 1299/321/1299 1193/322/1193
f 1306/321/1306 1193/322/1193 1299/321/1299
f 1305/321/1305 1299/321/1299 1192/322/1192
f 1146/322/1146 1302/321/1302 1197/322/1197
f 1302/321/1302 1146/322/1146 1293/321/1293
f 1301/321/1301 1196/322/1196 1138/322/1138
f 1138/322/1138 1289/321/1289 1301/321/1301
f 1322/322/1322 1312/322/1312 1313/322/1313
f 1284/322/1284 1173/322/1173 1312/322/1312
f 1245/322/1245 1317/422/1317 1244/322/1244
f 1245/322/1245 1316/423/1316 1317/422/1317
f 1244/322/1244 1243/424/1243 1242/322/1242
f 1244/322/1244 1317/322/1317 1243/424/1243
f 1238/322/1238 1315/425/1315 1239/322/1239
