# fff0aa7b_00043_0018d665
o fff0aa7b_00043_0018d665
v 18.722780 -16.480808 9.993294
v 18.722780 -16.721973 13.916290
v 18.610910 -16.541279 9.993294
v 18.722780 -16.480808 13.916290
v 18.722780 -16.480808 10.996115
v 18.610910 -16.661503 9.993294
v 18.610910 -16.541279 13.916290
v 18.610910 -16.541279 10.996115
v 18.722780 -16.721973 9.993294
v 18.610910 -16.661503 13.916290
v 18.722780 -16.721973 10.996115
v 18.610910 -16.661503 10.996115
v 18.730848 -16.374081 13.916290
v 18.730848 -16.374081 9.993294
v 18.661406 3.738079 10.996115
v 18.730852 3.625916 10.996115
v 18.661406 3.663448 10.996115
v -1.739126 30.670631 5.748535
v -11.776419 30.670631 5.748535
v -1.739126 30.670631 6.410828
v -11.776419 30.670631 6.410828
v -11.756262 3.716793 10.476154
v 15.731936 -16.591831 10.974937
v 15.731718 3.717377 6.496905
v -15.154181 3.057995 13.672819
v -15.154181 2.973484 11.917753
v -15.154181 0.752621 11.917753
v 19.129641 2.974068 7.917753
v 19.129641 3.058578 9.672819
v 19.129637 0.753208 7.917753
v 16.036562 4.161469 10.938866
v 16.036562 2.963463 10.938866
v 4.381845 24.604343 4.699995
v -1.756338 24.517220 5.702454
v -11.962835 -13.729420 10.927868
v -11.919668 -13.679966 10.318989
v -11.962843 -13.729420 10.318989
v -11.919668 -13.679966 10.927868
v -11.962835 -13.630512 10.927868
v -12.006010 -13.679966 10.318989
v -11.962835 -13.630512 10.318989
v -12.006010 -13.679966 10.927868
v -11.919043 -19.345539 6.318988
v -11.962217 -19.394993 6.318988
v -11.919043 -19.345539 6.927867
v -11.962210 -19.296085 6.927867
v -12.005384 -19.345539 6.318988
v -11.962210 -19.296085 6.318988
v -12.005384 -19.345539 6.927867
v -11.962210 -22.107349 6.927867
v -11.919043 -22.057896 6.318988
v -11.962217 -22.107349 6.318988
v -11.919043 -22.057896 6.927867
v -11.962210 -22.008442 6.927867
v -12.005384 -22.057896 6.318988
v -11.962210 -22.008442 6.318988
v -12.005384 -22.057896 6.927867
v -12.005751 11.938641 6.318988
v -11.962576 9.128494 6.927867
v -11.919409 9.177948 6.318988
v -11.962584 9.128494 6.318988
v -11.919409 9.177948 6.927867
v -11.962576 9.227402 6.927867
v -12.005751 9.177948 6.318988
v -11.962576 9.227402 6.318988
v -12.005751 9.177948 6.927867
v -11.962240 -5.227169 6.927867
v -11.919073 -5.177715 6.318988
v -11.962248 -5.227169 6.318988
v -11.919073 -5.177715 6.927867
v -11.962240 -5.128262 6.927867
v -11.962240 -5.128262 6.318988
v -12.005415 -5.177715 6.927867
v 15.938257 -8.110828 6.798045
v 15.938265 -8.110828 6.189166
v 15.895090 -8.061375 6.189166
v 15.938257 -8.011921 6.798045
v 15.938257 -8.011921 6.189166
v 15.940741 4.161469 11.111717
v 15.940741 2.963463 11.111717
v 15.844919 2.963463 10.938868
v 15.844919 4.161469 10.938868
v 4.381845 24.721035 4.627529
v 4.381845 24.721039 4.699995
v -1.618216 24.604343 5.702454
v -1.756338 24.604343 5.702454
v -1.618216 24.604343 4.699995
v -1.756338 31.396694 4.627529
v -1.756338 24.604343 4.699995
v -1.756338 24.517220 4.627529
v -1.756338 31.396694 4.699995
v -1.618216 24.721039 4.699995
v -1.618216 31.396694 4.627529
v -1.618216 24.721035 4.627529
v -1.618216 31.396694 4.699995
v -10.542891 30.687965 5.724731
v -10.542891 30.688026 5.724731
v -10.455229 30.688026 5.724731
v -9.920118 30.688026 6.412354
v -10.499151 30.688026 5.773193
v -9.209692 30.688026 5.724731
v -9.876387 30.688026 6.363647
v -9.832457 30.688026 6.412354
v -9.297354 30.688026 5.724731
v -9.253553 30.688026 5.773193
v -11.077993 30.687965 6.412354
v -11.165655 30.687965 6.412354
v -12.154181 4.007755 11.132103
v -12.154181 4.007755 10.318987
v -12.154181 3.117226 10.318987
v -12.154181 3.117226 11.132103
v 16.129641 4.008339 7.152855
v 16.129641 4.008339 6.339739
v 16.129641 3.117809 7.152855
v 16.129641 3.117809 6.339739
v -12.153959 -6.436909 5.993292
v -14.528204 -15.573246 9.993292
v -15.154173 -15.573246 9.993292
v -12.154173 -16.437778 9.993292
v -15.154173 -16.437778 9.993292
v -14.528204 -16.437778 9.993292
v -15.154173 -17.340855 9.993292
v -12.154173 -17.340855 9.993292
v -14.528204 -17.340855 9.993292
v 16.945963 -6.437534 9.993292
v 18.503901 13.194054 9.993292
v 19.129862 13.213448 9.993292
v 15.746485 -6.437519 9.916290
v 15.746492 13.562466 9.916290
v -12.154181 4.007755 11.132103
v -12.154181 3.117226 11.132103
v 16.129641 4.008339 7.152855
v 16.129641 3.117809 7.152855
v 15.733587 13.564724 -16.722412
v -11.770811 3.117226 10.318989
v -11.770811 3.117226 11.132103
v -11.770811 4.007755 11.132103
v -11.770811 4.007755 10.318989
v 15.746267 3.117809 6.339740
v 15.746267 4.008339 7.152855
v 15.746267 3.117809 7.152855
v 15.746267 4.008339 6.339740
v -11.770811 4.007755 11.132103
v -11.770811 3.117226 11.132103
v 18.746485 3.562469 9.993292
v 18.746485 3.562469 10.318989
v 18.746485 3.562469 13.916290
v 15.746267 3.117809 7.152855
v 15.746267 4.008339 7.152855
v -14.747107 3.519203 9.993294
v -14.747107 3.278046 13.916290
v -14.635229 3.458733 9.993294
v -14.747107 3.519203 13.916290
v -14.747107 3.519203 10.996115
v -14.635229 3.338509 9.993294
v -14.635229 3.458733 13.916290
v -14.635229 3.458733 10.996115
v -14.747107 3.278046 9.993294
v -14.747107 3.278046 10.996115
v -14.635229 3.338509 13.916290
v -14.635229 3.338509 10.996115
v 18.730848 -16.224377 9.993294
v 18.661402 -16.261921 9.993294
v 18.730848 -16.224377 13.916290
v 18.730848 -16.224377 10.996115
v 18.661402 -16.336552 9.993294
v 18.661402 -16.261921 13.916290
v 18.661402 -16.261921 10.996115
v 18.661402 -16.336552 13.916290
v 18.730848 -16.374081 10.996115
v 18.661402 -16.336552 10.996115
v 18.722563 3.519787 6.014047
v 18.722563 3.278629 9.916290
v 18.610689 3.459316 6.014047
v 18.722563 3.519787 9.916290
v 18.722563 3.519787 7.016867
v 18.610689 3.339092 6.014047
v 18.610689 3.459316 9.916290
v 18.610689 3.459316 7.016867
v 18.722563 3.278629 6.014047
v 18.610689 3.339092 9.916290
v 18.722563 3.278629 7.016867
v 18.610689 3.339092 7.016867
v -11.756262 3.408188 10.476154
v -11.756262 3.408188 10.974937
v -11.756262 3.716793 10.974937
v 15.731718 3.408772 6.496905
v 15.731718 3.717377 6.995689
v 15.731718 3.408772 6.995689
v 16.036554 -15.838528 10.938866
v -11.919409 -10.822056 6.318988
v -11.962584 -10.871510 6.318988
v -11.919409 -10.822056 6.927867
v -11.962576 -10.772602 6.927867
v -12.005751 -10.822056 6.318988
v -11.962576 -10.772602 6.318988
v -12.005751 -10.822056 6.927867
v -11.962240 -25.227161 6.927867
v -11.919073 -25.177708 6.318988
v -11.962248 -25.227161 6.318988
v -11.919073 -25.177708 6.927867
v -11.962240 -25.128254 6.927867
v -12.005415 -25.177708 6.318988
v -11.962240 -25.128254 6.318988
v -12.005415 -25.177708 6.927867
v -11.962210 -19.394993 6.927867
v -11.962622 6.271187 6.927867
v -11.919455 6.320641 6.318988
v -11.962629 6.271187 6.318988
v -11.919455 6.320641 6.927867
v -11.962622 6.370094 6.927867
v -12.005796 6.320641 6.318988
v -11.962622 6.370094 6.318988
v -12.005796 6.320641 6.927867
v -11.962576 11.889187 6.927867
v -11.919409 11.938641 6.318988
v -11.962584 11.889187 6.318988
v -11.919409 11.938641 6.927867
v -11.962576 11.988094 6.927867
v -11.962576 11.988094 6.318988
v -12.005751 11.938641 6.927867
v 15.844919 -17.036533 10.938868
v 15.844919 -15.838528 10.938868
v 16.244108 13.563068 4.778618
v 16.244104 -6.436916 4.778618
v -8.051756 30.687965 5.724731
v -8.051756 30.687965 5.724731
v -7.964094 30.687965 5.724731
v -7.428984 30.687965 6.412354
v -8.008017 30.687965 5.773193
v -6.718557 30.687965 5.724731
v -7.385252 30.687965 6.363647
v -7.341322 30.687965 6.412354
v -6.806219 30.687965 5.724731
v -6.762480 30.687965 5.773193
v -8.586859 30.687965 6.412354
v -8.674520 30.687965 6.412354
v -11.700827 30.687965 5.724731
v -11.773466 30.687965 5.741272
v -10.499151 30.687965 5.773193
v -11.121916 30.687965 6.363647
v 19.129633 -6.436916 9.815155
v -12.154181 -15.992245 11.132103
v -12.154181 -15.992245 10.318987
v -12.154173 -16.882771 10.318987
v 16.129637 -15.991657 6.136919
v -12.154173 -15.573246 9.993292
v -15.153952 3.562828 5.993292
v -12.970289 13.562485 9.993292
v 18.503889 -6.046642 9.892157
v 15.746489 3.117207 9.916290
v 16.129862 4.007736 9.916290
v 16.129862 3.117207 9.916290
v 15.746489 4.007736 9.916290
v 19.129641 13.563068 5.916290
v 16.129641 13.563068 5.916290
v 16.129637 -6.436916 5.835358
v 19.129633 -6.436916 5.835358
v -12.154181 -15.992245 11.132103
v -12.154173 -16.882771 11.132103
v 16.129637 -15.991657 6.950035
v 16.129633 -16.882191 6.950035
v 19.129641 13.563068 -16.722412
v 19.129633 -6.436916 -16.722412
v 19.129641 13.563068 1.916290
v 19.129633 -6.436916 1.916290
v 15.733587 13.564724 16.709167
v 15.733587 30.556492 -16.722412
v 15.733587 30.556492 16.709167
v -11.770803 -16.882771 10.318989
v -11.770803 -16.882771 11.132103
v -11.770803 -15.992245 11.132103
v -11.770803 -15.992245 10.318989
v 15.746264 -15.991657 6.136920
v -11.770803 -15.992245 11.132103
v -11.770803 -16.882771 11.132103
v 18.746485 -16.437527 9.993292
v 18.746485 -16.437527 10.318989
v 18.746485 -16.437527 13.916290
v 15.746264 -16.882191 6.950035
v 15.746264 -15.991657 6.950035
v 19.129637 -0.355152 -16.722412
v 16.129862 2.818420 10.318987
v 16.129858 -6.437519 10.318987
v 16.129862 4.307564 10.318987
v 16.129862 13.562466 10.318987
v 16.129862 2.818420 9.991278
v 16.129862 3.117207 10.318987
v 16.129862 4.307564 9.991278
v 16.129862 4.007736 10.318987
v 15.746271 13.563068 5.916290
v 15.746271 13.563068 6.318988
v 15.746264 -6.436916 6.238055
v 15.746264 -6.436916 5.835358
v -14.747099 -16.480793 9.993294
v -14.747099 -16.721958 13.916290
v -14.635229 -16.541264 9.993294
v -14.747099 -16.480793 13.916290
v -14.747099 -16.480793 10.996115
v -14.635229 -16.661488 9.993294
v -14.635229 -16.541264 13.916290
v -14.635229 -16.541264 10.996115
v -14.747099 -16.721958 9.993294
v -14.635229 -16.661488 13.916290
v -14.755171 3.775639 9.993294
v -14.755171 3.625935 13.916290
v -14.685720 3.738098 9.993294
v -14.755171 3.775639 13.916290
v -14.755171 3.775639 10.996115
v -14.685720 3.663467 9.993294
v -14.685720 3.738098 13.916290
v -14.685720 3.738098 10.996115
v -14.755171 3.625935 9.993294
v -14.755171 3.625935 10.996115
v -14.685720 3.663467 13.916290
v -14.685720 3.663467 10.996115
v 18.730631 3.776222 6.014047
v 18.730631 3.626518 9.916290
v 18.661184 3.738682 6.014047
v 18.730631 3.776222 9.916290
v 18.730631 3.776222 7.016867
v 18.661184 3.664051 6.014047
v 18.661184 3.738682 9.916290
v 18.661184 3.738682 7.016867
v 18.730631 3.626518 6.014047
v 18.661184 3.664051 9.916290
v 18.730631 3.626518 7.016867
v 18.661184 3.664051 7.016867
v -11.756254 -16.591816 10.476154
v -11.756254 -16.591816 10.974937
v -11.756254 -16.283207 10.974937
v -11.756254 -16.283207 10.476154
v 15.731714 -16.591221 6.294086
v 15.731714 -16.282619 6.792870
v 15.731714 -16.591221 6.792870
v 15.731714 -16.282619 6.294086
v -15.153952 0.690609 9.672819
v -15.153959 3.058598 9.672819
v -15.153959 2.974087 7.917753
v -15.153952 0.753223 7.917753
v 16.036554 -17.036533 10.938866
v -11.919447 -13.679356 6.318988
v -11.962622 -13.728809 6.318988
v -11.919447 -13.679356 6.927867
v -11.962614 -13.629902 6.927867
v -12.005789 -13.679356 6.318988
v -11.962614 -13.629902 6.318988
v -12.005789 -13.679356 6.927867
v -11.962576 -8.110813 6.927867
v -11.919409 -8.061359 6.318988
v -11.962584 -8.110813 6.318988
v -11.919409 -8.061359 6.927867
v -11.962576 -8.011906 6.927867
v -12.005751 -8.061359 6.318988
v -11.962576 -8.011906 6.318988
v -12.005751 -8.061359 6.927867
v -11.962576 -10.871510 6.927867
v -11.869238 2.963482 10.938868
v 15.940737 -15.838528 11.111717
v 15.940737 -17.036533 11.111717
v 15.844698 2.964066 6.915247
v 16.128763 -6.436916 5.141237
v 16.244108 13.563068 5.141237
v 16.128771 13.563068 4.778618
v 16.128771 13.563068 5.141237
v 16.244104 -6.436916 5.141237
v 16.128763 -6.436916 4.778618
v -5.560682 30.687965 5.724731
v -5.516947 30.687965 5.773193
v -5.560682 30.687965 5.724731
v -5.473021 30.687965 5.724731
v -4.937914 30.687965 6.412354
v -5.516947 30.687965 5.773193
v -4.894178 30.687965 6.363647
v -4.850256 30.687965 6.412354
v -4.315145 30.687965 5.724731
v -6.095793 30.687965 6.412354
v -9.209692 30.687965 5.724731
v -9.253553 30.687965 5.773193
v -8.008017 30.687965 5.773193
v -8.630781 30.687965 6.363647
v -6.183455 30.687965 6.412354
v -6.718626 30.687965 5.724731
v -12.154173 -16.882771 11.132103
v 16.129637 -15.991657 6.950035
v 16.129633 -16.882191 6.950035
v 16.129633 -16.882191 6.136919
v -12.970282 -6.437519 9.993292
v -14.527990 3.562828 5.993292
v -12.153959 3.562828 5.993292
v -14.527990 4.427353 5.993292
v -15.153952 4.427353 5.993292
v -12.153959 4.427357 5.993292
v -15.153952 2.659744 5.993292
v -12.153959 2.659744 5.993292
v -14.527990 2.659744 5.993292
v 18.503893 -6.805943 9.892157
v 19.129858 -6.786549 9.892157
v 15.746481 -25.746609 9.916290
v 15.746485 -16.882786 9.916290
v 16.129858 -15.992260 9.916290
v 16.129854 -16.882786 9.916290
v 15.746489 -6.437534 9.916290
v 15.746485 -15.992260 9.916290
v 19.129637 -6.436924 5.835358
v 16.129633 -25.746609 5.916290
v 19.129633 -25.746609 5.916290
v -12.153959 4.008358 7.132103
v -12.153959 3.117828 7.132103
v 19.129637 -6.436924 1.916290
v 19.129633 -25.746609 1.916290
v 19.129652 6.574905 -16.722412
v 19.129641 0.351238 -16.722412
v 19.129648 10.723701 -16.722412
v 19.129633 -3.486790 -16.722412
v 16.129641 4.008339 9.916290
v 16.129641 3.117809 9.916290
v 15.746264 -16.882191 6.136920
v 15.746264 -15.991657 6.950035
v 15.746264 -16.882191 6.950035
v -14.770803 3.562489 9.993292
v -14.770803 3.562489 10.318989
v -14.770803 3.562489 13.916290
v -11.770590 4.008358 7.132103
v -11.770590 3.117828 7.132103
v 16.129854 -17.181576 10.318987
v 16.129858 -15.692432 10.318987
v 16.129862 -6.437534 10.318987
v 16.129854 -16.882786 10.318987
v 16.129858 -15.992260 10.318987
v 19.129656 10.006290 -16.722412
v 18.626482 10.006290 -16.722412
v 19.129652 7.310810 -16.722412
v 18.626482 7.310810 -16.722412
v 19.129637 -2.870853 -16.722412
v 18.651957 -2.870853 -16.722412
v 18.651957 -0.355152 -16.722412
v 16.129641 3.117809 6.339739
v 16.129641 4.008339 6.339739
v 18.746264 3.563072 6.014044
v 18.746264 3.563072 6.339740
v 18.746264 3.563072 9.916290
v 15.746267 4.008339 6.339740
v 15.746267 3.117809 6.339740
v 15.746267 4.008339 9.916290
v 15.746267 3.117809 9.916290
v 15.746267 4.008339 5.937042
v 15.746267 3.117809 5.937042
v -14.747099 -16.721958 10.996115
v -14.635229 -16.661488 10.996115
v -14.755163 -16.224361 9.993294
v -14.755163 -16.374065 13.916290
v -14.685720 -16.261906 9.993294
v -14.755163 -16.224361 13.916290
v -14.755163 -16.224361 10.996115
v -14.685720 -16.336536 9.993294
v -14.685720 -16.261906 13.916290
v -14.685720 -16.261906 10.996115
v -14.755163 -16.374065 9.993294
v -14.755163 -16.374065 10.996115
v -14.685720 -16.336536 13.916290
v -14.685720 -16.336536 10.996115
v -14.746878 3.278648 9.916290
v -14.746878 3.519806 9.916290
v -14.746878 3.278648 5.993295
v 15.741594 3.117741 4.089004
v 15.675676 3.063805 2.917522
v 15.675676 4.062340 2.917299
v 15.675676 3.063805 -16.722412
v 15.675676 4.062340 -16.722412
v 15.741594 4.008404 4.089003
v 15.741594 3.117741 2.917522
v 15.741594 4.008404 2.917299
v -11.756041 3.408791 6.476153
v -11.756041 3.408791 6.974937
v -11.756041 3.717396 6.974937
v -11.756041 3.717396 6.476153
v -12.060881 4.161488 10.938866
v -12.060881 2.963482 10.938866
v 16.036341 4.162071 6.915245
v 16.036341 2.964066 6.915245
v -9.991690 30.572975 5.755493
v -11.962614 -13.728809 6.927867
v -11.965063 4.161488 11.111717
v -11.965063 2.963482 11.111717
v -11.869238 4.161488 10.938868
v 16.128763 -25.746609 5.141237
v 16.244104 -6.436924 5.141237
v 16.128767 -6.436924 4.778618
v 16.128767 -6.436924 5.141237
v 16.244097 -25.746609 5.141237
v 16.244104 -6.436924 4.778618
v 16.244097 -25.746609 4.778618
v 16.128763 -25.746609 4.778618
v 15.940519 4.162071 7.088097
v 15.940519 2.964066 7.088097
v 15.844698 4.162071 6.915247
v -1.819326 30.572975 5.755493
v -11.787527 30.710182 6.438049
v -3.068781 30.687965 5.724731
v -3.025045 30.687965 5.773193
v -3.603888 30.687965 6.412354
v -3.691549 30.687965 6.412354
v -4.226721 30.687965 5.724731
v -3.647814 30.687965 6.363647
v -1.681204 30.710182 5.700562
v -9.991690 30.710182 5.700562
v -1.681204 30.710182 5.755493
v -9.991690 30.710182 5.755493
v -6.762480 30.687965 5.773193
v -4.270689 30.687965 5.773077
v -6.139715 30.687965 6.363647
v 19.129633 -25.746609 9.916290
v 16.129862 13.562462 13.916290
v 16.129858 -6.437527 13.916290
v -12.153959 4.008358 7.132103
v -12.153959 4.008358 6.318987
v -12.153959 3.117828 6.318987
v -12.153959 3.117828 7.132103
v -15.153952 -16.437168 5.993292
v -14.527983 -16.437168 5.993292
v -12.153952 -16.437168 5.993292
v -14.527990 -15.572651 5.993292
v -15.153952 -15.572651 5.993292
v -12.153952 -15.572643 5.993292
v -15.153952 -17.340260 5.993292
v -12.153952 -17.340260 5.993292
v -14.527983 -17.340260 5.993292
v -12.970068 13.563087 5.993292
v -14.528219 13.194073 9.993292
v -15.154181 13.213467 9.993292
v -11.770803 -6.437504 9.916290
v -11.770811 3.117226 9.916290
v -12.154181 4.007755 9.916290
v -12.154181 3.117226 9.916290
v -11.770811 13.562485 9.916290
v -11.770811 4.007755 9.916290
v 16.129641 -6.436924 5.835358
v 19.129656 10.006290 5.916290
v 19.129637 -2.870853 5.916290
v 18.651972 7.310810 5.916290
v 15.746264 -6.436916 5.835358
v 18.651972 10.006290 5.916290
v 19.129652 7.310810 5.916290
v 18.651957 -0.355152 5.916290
v 19.129637 -0.355152 5.916290
v 18.651957 -2.870853 5.916290
v -12.153959 -15.991642 7.132103
v 19.129648 -13.425091 -16.722412
v 19.129633 -19.648762 -16.722412
v 19.129637 -6.436924 -16.722412
v 19.129648 -9.276295 -16.722412
v 19.129633 -25.746609 -16.722412
v 19.129633 -23.486790 -16.722412
v 16.129637 -15.991657 9.916290
v -11.770590 3.117828 6.318988
v -11.770590 3.117828 7.132103
v -11.770590 4.008358 7.132103
v -11.770590 4.008358 6.318988
v -14.770803 -16.437511 10.318989
v -14.770803 -16.437511 13.916290
v -11.770582 -15.991642 7.132103
v -12.154181 4.307583 10.318987
v -12.154181 3.117226 10.318987
v -12.154181 4.007755 10.318987
v 19.129648 -9.993702 -16.722412
v 19.129648 -12.689182 -16.722412
v 19.129633 -22.870853 -16.722412
v 18.651953 -22.870853 -16.722412
v 19.129633 -20.355152 -16.722412
v 18.651953 -20.355152 -16.722412
v 16.129854 -25.746609 10.318987
v 16.129854 -17.181576 9.991278
v 16.129858 -15.692432 9.991278
v 16.129637 -15.991657 6.136919
v 15.746267 -6.436924 5.835358
v 15.746267 -6.436924 6.238055
v 15.746260 -25.746609 6.318988
v 15.746260 -25.746609 5.916290
v 16.129641 3.117809 5.937042
v 16.129641 4.008339 5.937042
v 19.129637 -0.355152 1.916290
v 19.129637 -2.870853 1.916290
v 18.651957 -2.870853 1.916290
v 18.651957 -0.355152 1.916290
v -14.746878 -16.721348 9.916290
v -14.746878 3.519806 5.993295
v -14.635008 3.459335 5.993295
v -14.746878 3.519806 6.996115
v -14.635008 3.339111 5.993295
v -14.635008 3.459335 9.916290
v -14.635008 3.459335 6.996115
v -14.746878 3.278648 6.996115
v -14.635008 3.339111 9.916290
v -14.635008 3.339111 6.996115
v -14.754950 3.776241 5.993295
v -14.754950 3.626537 9.916290
v -14.754950 3.776241 9.916290
v -14.685507 3.664070 5.993295
v -14.685507 3.738701 9.916290
v -14.754950 3.626537 5.993295
v -14.685507 3.664070 9.916290
v 15.741590 -16.882252 4.089004
v 15.675669 -16.936192 -16.722412
v 15.675669 -15.937656 -16.722412
v 15.741590 -15.991596 4.089003
v -11.756033 -16.591206 6.476153
v -11.756033 -16.591206 6.974937
v -11.756033 -16.282604 6.974937
v -11.756033 -16.282604 6.476153
v -12.060873 -15.838512 10.938866
v -12.060873 -17.036518 10.938866
v 16.036333 -15.837925 6.756798
v 16.036333 -17.035931 6.756798
v -11.787527 30.572975 5.755493
v -11.787527 30.572975 6.438049
v -11.965055 -15.838512 11.111717
v -11.869238 -17.036518 10.938868
v -11.965055 -17.036518 11.111717
v -11.869238 -15.838512 10.938868
v -12.268423 -6.436901 5.141237
v -12.268431 13.563087 4.778618
v -12.268423 -6.436901 4.778618
v 15.940516 -15.837925 6.929649
v 15.940516 -17.035931 6.929649
v 15.844698 -17.035931 6.756800
v 15.844698 -15.837925 6.756800
v -3.069548 30.688026 5.724854
v -1.823179 30.688026 5.724854
v -1.779448 30.688026 5.773315
v -3.025091 30.688026 5.773199
v -2.358290 30.688026 6.412476
v -2.445948 30.688026 6.412476
v -2.981119 30.688026 5.724854
v -2.402212 30.688026 6.363770
v -11.787527 30.710182 5.755493
v -11.787527 30.710182 5.700562
v -11.787527 30.710182 6.383118
v -15.153952 -6.436901 9.916290
v 16.129862 4.007732 13.916290
v 16.129862 3.117203 13.916290
v 19.129633 -6.138134 6.519733
v 19.129641 13.264278 9.634613
v 19.129641 13.563068 9.916290
v 19.129633 -6.138134 9.533478
v 19.129641 13.264278 6.600666
v 19.129637 4.307125 6.621418
v 19.129637 4.008339 6.339739
v 19.129641 13.563068 6.318987
v 19.129637 2.819023 9.634613
v 19.129637 2.819023 6.621418
v 19.129637 4.307125 9.634613
v 19.129637 4.008339 9.916290
v -12.153959 -15.991642 7.132103
v -12.153959 -15.991642 6.318987
v -12.153952 -16.882175 6.318987
v -12.153952 -16.882175 7.132103
v -12.970060 -6.436909 5.993292
v -14.528212 -6.805927 9.993292
v -15.154181 -6.786533 9.993292
v -14.528204 -6.046627 9.993292
v -11.770803 -25.746609 9.916290
v -11.770803 -16.882771 9.916290
v -12.154181 -15.992245 9.916290
v -11.770811 -6.437519 9.916290
v -11.770803 -15.992245 9.916290
v -15.153959 13.563087 5.916290
v -12.153959 13.563087 5.916290
v -12.153959 -6.436901 5.916290
v -15.153952 -6.436901 5.916290
v 19.129633 -22.870853 5.916290
v 18.651953 -20.355152 5.916290
v 19.129633 -20.355152 5.916290
v 18.651953 -22.870853 5.916290
v 15.746271 13.563068 5.916290
v 15.746267 3.117809 5.937042
v 15.746267 4.008339 5.937042
v 16.129641 4.008339 5.937042
v 16.129641 3.117809 5.937042
v -12.153952 -16.882175 7.132103
v -15.153967 6.574924 -16.722412
v -15.153959 0.351254 -16.722412
v -15.153959 13.563087 -16.722412
v -15.153967 10.723721 -16.722412
v -15.153952 -6.436901 -16.722412
v -15.153952 -3.486774 -16.722412
v -15.153959 13.563087 1.916290
v -15.153952 -6.436901 1.916290
v 16.129633 -16.882191 9.916290
v -11.770582 -16.882175 6.318988
v -11.770582 -16.882175 7.132103
v -11.770582 -15.991642 7.132103
v -11.770582 -15.991642 6.318988
v 4.381845 34.509037 6.707458
v -12.154173 -16.882771 10.318987
v -12.154181 -15.992245 10.318987
v -14.770803 -16.437511 9.993292
v -11.770582 -16.882175 7.132103
v -15.153952 -2.870838 -16.722412
v -14.676275 -2.870838 -16.722412
v -15.153952 -0.355137 -16.722412
v -14.676275 -0.355137 -16.722412
v -12.154181 2.818439 10.318987
v -12.154181 -6.437504 10.318987
v -12.154181 13.562485 10.318987
v -12.154181 2.818439 9.991278
v -12.154181 4.307583 9.991278
v -11.770590 13.563087 5.916290
v -11.770590 13.563087 6.318988
v -11.770582 -6.436901 6.318988
v -11.770582 -6.436901 5.916290
v 18.626482 -9.993702 -16.722412
v 18.626482 -12.689182 -16.722412
v 16.129633 -16.882191 6.136919
v 18.746264 -16.436924 5.811224
v 18.746264 -16.436924 6.136920
v 18.746264 -16.436924 9.916290
v 16.129633 -16.882191 5.734222
v 16.129637 -15.991657 5.734222
v 15.746264 -15.991657 6.136920
v 15.746264 -16.882191 6.136920
v 19.129633 -20.355152 1.916290
v 19.129633 -22.870853 1.916290
v 15.746264 -15.991657 9.916290
v 15.746264 -16.882191 9.916290
v 15.746264 -15.991657 5.734222
v 15.746264 -16.882191 5.734222
v 16.129641 2.819023 6.339739
v 16.129637 -6.436916 6.238054
v 16.129641 4.308167 6.339739
v 16.129641 13.563068 6.318987
v 16.129641 2.819023 6.012030
v 16.129641 3.117809 6.339739
v 16.129641 4.308167 6.012030
v 16.129641 4.008339 6.339739
v 15.746492 13.562462 13.916290
v 15.746485 -6.437527 14.318989
v 15.746485 -6.437527 13.916290
v 15.746492 13.562462 14.318989
v -14.746878 -16.480198 5.993295
v -14.635008 -16.540668 5.993295
v -14.746878 -16.480198 9.916290
v -14.746878 -16.480198 6.996115
v -14.635008 -16.660892 5.993295
v -14.635008 -16.540668 9.916290
v -14.635008 -16.540668 6.996115
v -14.746878 -16.721348 5.993295
v -14.746878 -16.721348 6.996115
v -14.635008 -16.660892 9.916290
v -14.635008 -16.660892 6.996115
v -14.754950 -16.223759 5.993295
v -14.754950 -16.373463 9.916290
v -14.754950 -16.223759 9.916290
v -14.754950 -16.373463 5.993295
v -14.685499 -16.335926 9.916290
v -14.685507 3.738701 5.993295
v -14.754950 3.776241 6.996115
v -14.685507 3.738701 6.996115
v -14.754950 3.626537 6.996115
v -14.685507 3.664070 6.996115
v -11.699995 3.063824 -16.722412
v -11.699995 4.062359 -16.722412
v 15.675669 -16.936192 2.917522
v 15.675669 -15.937656 2.917299
v 15.741590 -16.882252 2.917522
v 15.741590 -15.991596 2.917299
v -1.739127 20.728603 6.410828
v -1.739127 20.728603 5.748535
v -12.060659 4.162090 6.938866
v -12.060659 2.964085 6.938866
v -12.268415 -25.746609 4.778618
v -11.964842 4.162090 7.111717
v -11.869017 2.964085 6.938868
v -11.964842 2.964085 7.111717
v -11.869017 4.162090 6.938868
v -12.153082 -6.436901 5.141237
v -12.268431 13.563087 5.141237
v -12.153090 13.563087 4.778618
v -12.153090 13.563087 5.141237
v -12.153082 -6.436901 4.778618
v -1.819326 24.544338 5.755493
v -1.819327 20.678371 6.438049
v -1.681204 24.544338 5.755493
v -1.681204 24.544338 5.700562
v -1.681205 20.841309 6.438049
v -1.681205 20.841309 6.383118
v -15.153952 -25.746609 9.916290
v 16.129862 -6.437534 13.916290
v 16.129854 -25.746609 13.916290
v 19.129854 -6.437519 13.916290
v -12.154173 -16.882771 9.916290
v -15.153952 -6.436909 5.916290
v -12.153959 -6.436909 5.916290
v -12.153952 -25.746609 5.916290
v -15.153952 -25.746609 5.916290
v 19.129648 -9.993702 5.777557
v 15.746267 -6.436924 5.835358
v 15.746264 -16.882191 5.734222
v 18.651968 -12.689182 5.777557
v 15.746260 -25.746609 5.916290
v 18.651972 -9.993702 5.777557
v 15.746264 -15.991657 5.734222
v 16.129637 -15.991657 5.734222
v 19.129648 -12.689182 5.777557
v 16.129633 -16.882191 5.734222
v 19.129862 13.562466 9.916290
v 16.129858 -6.437519 9.916290
v 19.129854 -6.437519 9.815155
v 16.129862 13.562466 9.916290
v -15.153952 -19.648746 -16.722412
v -15.153952 -6.436909 -16.722412
v -15.153952 -25.746609 -16.722412
v -15.153952 -23.486774 -16.722412
v -15.153952 -6.436909 1.916290
v -15.153952 -25.746609 1.916290
v -12.153959 4.008358 9.916290
v -12.153959 3.117828 9.916290
v 16.129862 4.007736 13.916290
v 19.129652 6.574905 1.916290
v 19.129633 -6.436916 5.835358
v 19.129641 0.351238 1.916290
v 19.129641 0.351238 4.395971
v 19.129652 6.574905 4.395971
v 19.129648 10.723701 1.916290
v 19.129652 10.723698 4.395971
v 19.129641 13.563068 4.395971
v 19.129641 13.563068 5.916290
v 19.129633 -6.436916 4.395971
v 19.129633 -3.486790 1.916290
v 19.129633 -3.486790 4.395971
v 4.381845 34.509037 5.702454
v 4.381845 34.509037 6.707458
v -11.780210 13.562466 5.702454
v 4.381845 34.509037 16.439270
v -15.153952 -22.870838 -16.722412
v -14.676275 -22.870838 -16.722412
v -15.153952 -20.355137 -16.722412
v -14.676275 -20.355137 -16.722412
v -12.154173 -17.181561 10.318987
v -12.154173 -25.746609 10.318987
v -12.154181 -15.692417 10.318987
v -12.154181 -6.437519 10.318987
v -12.154173 -17.181561 9.991278
v -12.154181 -15.692417 9.991278
v -11.770590 -6.436909 5.916290
v -11.770590 -6.436909 6.318988
v -11.770582 -25.746609 6.318988
v -11.770582 -25.746609 5.916290
v -15.153975 10.006310 -16.722412
v -14.650801 10.006310 -16.722412
v -15.153967 7.310829 -16.722412
v -14.650801 7.310829 -16.722412
v -12.153959 3.117828 6.318987
v -12.153959 4.008358 6.318987
v -14.770582 3.563091 5.993292
v -14.770582 3.563091 6.318988
v -14.770582 3.563091 9.916290
v -12.153959 4.008358 5.916290
v -11.770590 4.008358 6.318988
v -11.770590 3.117828 6.318988
v -11.770590 4.008358 9.916290
v -11.770590 3.117828 9.916290
v -11.770590 4.008358 5.916290
v -11.770590 3.117828 5.916290
v 16.129637 -15.691830 6.136919
v 16.129641 -6.436924 6.238054
v 16.129633 -16.882191 6.136919
v 16.129637 -15.991657 6.136919
v 18.651953 -22.870853 1.916290
v 15.746489 -6.437534 13.916290
v 18.651953 -20.355152 1.916290
v 15.746485 -25.746609 14.318989
v 15.746481 -25.746609 13.916290
v 15.746489 -6.437534 14.318989
v 16.129862 4.007736 10.318987
v 15.746492 13.562466 9.916290
v 15.746492 13.562466 10.318989
v 15.746489 4.007736 10.318989
v 15.746489 4.007736 9.916290
v 15.746485 -6.437519 10.318989
v 15.746489 3.117207 10.318989
v 15.746485 -6.437519 9.916290
v 15.746489 3.117203 14.318989
v 19.129637 -0.355152 5.916290
v 15.746489 3.117203 13.916290
v 15.746489 4.007732 13.916290
v 19.129652 7.310810 5.916290
v 19.129637 -2.870853 5.916290
v -14.685499 -16.261295 5.993295
v -14.754950 -16.223759 6.996115
v -14.685499 -16.335926 5.993295
v -14.685499 -16.261295 9.916290
v -14.685499 -16.261295 6.996115
v -14.754950 -16.373463 6.996115
v -14.685499 -16.335926 6.996115
v -11.765913 3.117760 4.089004
v -11.699995 3.063824 2.917522
v -11.699995 4.062359 2.917299
v -11.765913 3.117760 2.917522
v -11.765913 4.008423 4.089003
v -11.765913 4.008423 2.917299
v -12.060652 -15.837910 6.938866
v -12.060652 -17.035915 6.938866
v -11.964834 -15.837910 7.111717
v -11.869017 -17.035915 6.938868
v -11.964834 -17.035915 7.111717
v -11.869017 -15.837910 6.938868
v -12.153082 -25.746609 5.141237
v -12.268423 -6.436909 5.141237
v -12.153090 -6.436909 4.778618
v -12.153090 -6.436909 5.141237
v -12.268415 -25.746609 5.141237
v -12.268423 -6.436909 4.778618
v -12.153082 -25.746609 4.778618
v -1.730890 28.294014 5.724854
v -1.730921 27.092339 5.724792
v -1.730951 28.293308 5.724731
v -1.730951 28.251102 5.773193
v -1.730951 28.809353 6.412354
v -1.730951 28.893879 6.412354
v -1.730951 29.410042 5.724731
v -1.730951 28.851734 6.363647
v -1.730951 30.696480 5.724731
v -1.730951 30.611954 5.724731
v -1.730951 30.095909 6.412354
v -1.730951 30.654335 5.773193
v -1.730951 30.053703 6.363647
v -1.730951 30.011379 6.412354
v -1.730951 29.495277 5.724731
v -1.730951 29.452423 5.773071
v -12.154181 13.562481 13.916290
v -12.154181 -6.437511 13.916290
v 19.129854 -25.746609 13.916290
v 16.129858 -15.992268 13.916290
v 16.129854 -16.882793 13.916290
v 19.129637 -6.735722 9.533478
v 19.129637 -6.436924 9.815155
v 19.129637 -6.735722 6.519733
v 19.129633 -15.692875 6.418598
v 19.129633 -15.991657 6.136919
v 19.129637 -6.436924 6.238054
v 19.129633 -15.692875 9.452545
v 19.129633 -15.991657 9.916290
v 19.129854 -6.138737 10.600666
v 19.129854 -6.138737 13.634613
v 19.080421 13.263676 10.600666
v 19.129858 4.306522 10.600666
v 19.129858 4.007736 10.318987
v 19.129862 13.562466 10.318987
v 19.129858 2.818420 13.634613
v 19.129858 2.818420 10.600666
v 19.080418 4.306523 13.634613
v 19.080421 13.562466 13.916290
v 19.080418 4.007737 13.916290
v -14.527998 13.194675 5.993292
v -15.153959 13.214069 5.993292
v -15.153975 10.006310 5.916290
v -15.153952 -2.870838 5.916290
v -11.770590 13.563087 5.916290
v -11.770590 3.117828 5.916290
v -14.676291 7.310829 5.916290
v -11.770582 -6.436901 5.916290
v -14.676291 10.006310 5.916290
v -11.770590 4.008358 5.916290
v -12.153959 4.008358 5.916290
v -14.676275 -0.355137 5.916290
v -15.153967 7.310829 5.916290
v -15.153952 -0.355137 5.916290
v -12.153959 3.117828 5.916290
v -14.676275 -2.870838 5.916290
v 19.129858 -6.437534 9.815155
v 16.129854 -25.746609 9.916290
v 19.129854 -25.746609 9.916290
v 16.129862 -6.437534 9.916290
v -11.780210 13.562466 -16.722412
v -11.780210 30.556488 -16.722412
v -16.445940 -46.704311 -16.722412
v 19.129648 -46.704311 -16.722412
v -16.445938 30.556492 -16.722412
v 19.129650 30.556492 -16.722412
v -15.153967 -13.425076 -16.722412
v -15.153967 -9.276279 -16.722412
v -12.153959 -15.991642 9.916290
v -12.153952 -16.882175 9.916290
v 19.129648 -13.425091 1.916290
v 19.129633 -19.648762 1.916290
v 19.129633 -19.648762 4.395971
v 19.129648 -13.425091 4.395971
v 19.129633 -25.746609 4.395971
v 19.129633 -23.486790 1.916290
v 19.129633 -23.486790 4.395971
v 16.129862 3.117207 13.916290
v -11.780210 30.556488 5.702454
v -11.780210 13.562466 16.439270
v -15.153967 -9.993687 -16.722412
v -14.650801 -9.993687 -16.722412
v -15.153967 -12.689167 -16.722412
v -14.650801 -12.689167 -16.722412
v -12.153952 -16.882175 6.318987
v -12.153959 -15.991642 6.318987
v -14.770582 -16.436909 5.993292
v -14.770582 -16.436909 6.318988
v -14.770582 -16.436909 9.916290
v -11.770582 -15.991642 6.318988
v -11.770582 -16.882175 6.318988
v -11.770582 -15.991642 9.916290
v -11.770582 -15.991642 5.916290
v -11.770582 -16.882175 5.916290
v -12.153959 3.117828 6.318987
v -12.153959 4.008358 6.318987
v -12.153959 3.117828 5.916290
v -15.153952 -0.355137 1.916290
v -14.676275 -2.870838 1.916290
v -15.153952 -2.870838 1.916290
v -14.676275 -0.355137 1.916290
v -11.770803 -6.437511 13.916290
v 15.746489 -6.437534 9.916290
v 15.746481 -25.746609 9.916290
v 16.129633 -17.180973 6.136919
v 16.129633 -25.746609 6.318987
v 16.129633 -17.180973 5.809210
v 16.129637 -15.691830 5.809210
v 15.746485 -16.882793 14.318989
v 15.746485 -16.882793 13.916290
v 15.746485 -15.992268 13.916290
v 16.129862 3.117207 10.318987
v 15.746489 3.117207 9.916290
v 15.746489 4.007736 13.916290
v 15.746489 3.117207 13.916290
v 19.129656 10.006290 1.916290
v 19.129652 7.310810 1.916290
v 18.626482 7.310810 1.916290
v 19.129656 10.006290 5.916290
v 18.651972 10.006290 5.916290
v 19.129637 -0.355152 4.395971
v 18.651957 -0.355152 5.916290
v 18.651957 -0.355152 4.395971
v 19.129656 10.006290 4.395971
v 18.647047 10.006290 4.395971
v 19.129652 7.310810 4.395971
v 18.651972 7.310810 5.916290
v 18.646990 7.310810 4.395971
v 18.651957 -2.870853 5.916290
v 19.129637 -2.870853 4.395971
v 18.651979 -2.870838 4.395991
v -11.765913 -16.882236 4.089004
v -11.699987 -16.936176 2.917522
v -11.699987 -16.936176 -16.722412
v -11.699987 -15.937641 2.917299
v -11.699987 -15.937641 -16.722412
v -11.765913 -16.882236 2.917522
v -11.765913 -15.991581 4.089003
v -11.765913 -15.991581 2.917299
v -1.730890 25.891369 5.724854
v -1.730890 24.689400 5.724854
v -1.730890 25.205448 6.412476
v -1.730890 25.289974 6.412476
v -1.730951 25.890663 5.724731
v -1.730951 25.848461 5.773193
v -1.730951 26.406712 6.412354
v -1.730951 26.491238 6.412354
v -1.730951 27.007401 5.724731
v -1.730951 26.449089 6.363647
v -1.730921 27.049809 5.773193
v -1.730890 28.251160 5.773193
v -1.730890 27.608089 6.412476
v -1.730890 27.692616 6.412476
v -1.730890 28.208782 5.724854
v -1.730890 27.650471 6.363770
v -12.154173 -25.746609 13.916290
v -15.154173 -6.437504 13.916290
v -12.154181 4.007751 13.916290
v -12.154181 3.117222 13.916290
v -15.153952 -6.138119 6.600666
v -15.153959 13.264297 9.634613
v -15.153959 13.563087 9.916290
v -15.153952 -6.138119 9.634613
v -15.153959 13.264297 6.600666
v -15.153952 4.008358 6.318987
v -15.153952 4.307144 6.600666
v -15.153959 13.563087 6.318987
v -15.153952 2.819042 9.634613
v -15.153952 2.819042 6.600666
v -15.153952 4.008358 9.916290
v -15.153952 4.307144 9.634613
v 19.080421 13.263676 10.600666
v 19.080418 4.306523 13.634613
v 19.080418 4.306523 10.600666
v 19.080421 13.263676 13.634613
v 19.080414 -6.138736 13.634613
v 19.080414 -6.138736 10.600666
v 19.080418 2.818420 10.600666
v 19.080418 2.818420 13.634613
v 18.985590 -6.138134 9.533478
v 18.985590 -6.138134 6.519733
v 18.985594 2.819023 6.621418
v 19.149553 13.263677 10.600666
v 19.149549 4.306522 13.634613
v 19.149549 4.306522 10.600666
v 19.149553 13.263677 13.634613
v 19.149546 -6.138737 13.634613
v 19.149546 -6.138737 10.600666
v 19.149549 2.818420 10.600666
v 19.149549 2.818420 13.634613
v 19.161537 13.264278 6.600666
v 19.161533 4.307126 9.634613
v 19.161533 4.307126 6.621418
v 19.161537 13.264278 9.634613
v 19.161530 -6.138134 9.533478
v 19.161530 -6.138134 6.519733
v 19.161533 2.819023 6.621418
v 19.161533 2.819023 9.634613
v -14.527990 -6.805325 5.993292
v -15.153952 -6.785931 5.993292
v -14.527990 -6.046024 5.993292
v -15.153967 -9.993687 5.916290
v -15.153952 -22.870838 5.916290
v -11.770590 -6.436909 5.916290
v -11.770582 -16.882175 5.916290
v -14.676291 -12.689167 5.916290
v -11.770582 -25.746609 5.916290
v -14.676291 -9.993687 5.916290
v -11.770582 -15.991642 5.916290
v -14.676275 -20.355137 5.916290
v -15.153967 -12.689167 5.916290
v -15.153952 -20.355137 5.916290
v -14.676275 -22.870838 5.916290
v -15.154181 13.562485 9.916290
v -15.154173 -6.437504 9.916290
v -12.154181 -6.437504 9.916290
v -12.154181 13.562485 9.916290
v 16.129858 -15.992260 13.916290
v 16.129854 -16.882786 13.916290
v 19.129633 -25.746609 5.916290
v 19.129648 -9.276295 1.916290
v 19.129648 -9.276295 4.395971
v 19.129637 -6.436924 4.395971
v 19.129637 -6.436924 5.835358
v -11.780210 13.562466 6.707458
v -11.780210 13.562466 6.707458
v -12.153952 -16.882175 6.318987
v -12.153959 -15.991642 6.318987
v -12.153952 -16.882175 5.916290
v -12.153959 -15.991642 5.916290
v -15.153952 -20.355137 1.916290
v -14.676275 -22.870838 1.916290
v -15.153952 -22.870838 1.916290
v -14.676275 -20.355137 1.916290
v -11.770582 -16.882175 9.916290
v -12.153959 2.819042 6.318987
v -12.153959 -6.436901 6.318987
v -12.153959 4.308186 6.318987
v -12.153959 13.563087 6.318987
v -12.153959 2.819042 5.991278
v -12.153959 4.308186 5.991278
v -11.770811 3.117222 14.318989
v -11.770811 13.562481 13.916290
v -11.770803 -6.437511 14.318989
v -11.770811 3.117222 13.916290
v -11.770811 13.562481 14.318989
v -11.770811 4.007751 13.916290
v 16.129854 -16.882786 10.318987
v 16.129858 -15.992260 10.318987
v 15.746489 -6.437534 10.318989
v 15.746485 -15.992260 10.318989
v 15.746485 -15.992260 9.916290
v 15.746481 -25.746609 10.318989
v 15.746485 -16.882786 9.916290
v 15.746485 -16.882786 10.318989
v 15.746485 -15.992260 13.916290
v 15.746485 -16.882786 13.916290
v 19.129648 -9.993702 1.916290
v 19.129648 -12.689182 1.916290
v 19.129648 -9.993702 5.777557
v 19.129633 -20.355152 5.916290
v 18.651953 -20.355152 4.395971
v 18.647043 -9.993702 4.395971
v 19.129648 -12.689182 5.777557
v 18.646982 -12.689182 4.395971
v 19.129633 -22.870853 4.395971
v 18.651979 -22.870838 4.395991
v 19.129633 -22.870853 5.916290
v 16.129641 4.008339 2.916290
v 16.129641 3.117809 2.916290
v 18.626482 10.006290 1.916290
v 15.746267 3.117809 2.916290
v 15.746267 4.008339 2.916290
v -1.783892 30.634121 6.392578
v -1.783892 30.694187 5.750977
v -1.783892 30.694187 6.392578
v -1.783892 30.634121 5.750977
v -1.719294 30.634106 5.750977
v -1.719294 30.694187 5.750977
v -1.719294 30.634106 6.392578
v -1.719294 30.694187 6.392578
v -1.819326 30.572975 5.700562
v -1.819326 24.544338 5.700562
v -1.819326 30.572975 6.383118
v -1.819327 20.678371 6.383118
v -1.730890 24.647198 5.773315
v -1.730890 25.848518 5.773193
v -1.730890 25.806137 5.724854
v -1.730890 25.247829 6.363770
v -12.154181 -6.437519 13.916290
v -12.154181 -15.992252 13.916290
v -12.154173 -16.882778 13.916290
v -15.153952 -6.436909 9.916290
v -15.153952 -6.735706 6.600666
v -15.153952 -15.991642 6.318987
v -15.153952 -15.692860 6.600666
v -15.153952 -6.436909 6.318987
v -15.153952 -15.991642 9.916290
v -15.153952 -15.692860 9.634613
v -15.154173 -6.138721 10.600666
v -15.154173 -6.138721 13.634613
v 19.132114 -6.736316 10.600666
v 19.129854 -15.693470 10.600666
v 19.129854 -15.992260 10.318987
v 19.129858 -6.437534 10.318987
v 19.132111 -15.693470 13.634613
v 19.132114 -6.437534 13.916290
v 19.132111 -15.992260 13.916290
v 19.129854 -6.437519 10.318987
v 19.080421 13.562466 10.318987
v 19.080418 4.306523 10.600666
v 19.129858 3.117207 10.318987
v 19.129858 3.117207 13.916290
v 19.080418 4.007737 10.318987
v 19.129633 -6.436916 6.238054
v 19.129637 3.117809 6.339739
v 19.129637 3.117809 9.916290
v 19.132114 -6.736316 13.634613
v 18.985598 13.264278 6.600666
v 18.985594 4.307125 9.634613
v 18.985594 4.307125 6.621418
v 18.985598 13.264278 9.634613
v 18.985594 2.819023 9.634613
v 19.149546 -6.736317 10.600666
v 19.149546 -15.693469 13.634613
v 19.149546 -15.693469 10.600666
v 19.149546 -6.736317 13.634613
v -15.154181 -6.437519 9.916290
v -15.154173 -25.746609 9.916290
v -12.154173 -25.746609 9.916290
v -12.153959 -15.991642 5.916290
v -12.153952 -16.882175 5.916290
v -12.154181 4.007755 13.916290
v -12.154181 3.117226 13.916290
v -15.153967 6.574924 1.916290
v -15.153952 -6.436901 5.916290
v -15.153959 0.351254 1.916290
v -15.153967 6.574924 4.395971
v -15.153959 0.351254 4.395971
v -15.153967 10.723721 1.916290
v -15.153959 13.563087 4.395971
v -15.153967 10.723717 4.395971
v -15.153959 13.563087 5.916290
v -15.153952 -6.436901 4.395971
v -15.153952 -3.486774 4.395971
v -15.153952 -3.486774 1.916290
v 19.129858 4.007736 13.916290
v 19.129858 4.007736 10.318987
v 19.129858 3.117207 13.916290
v 19.129858 3.117207 10.318987
v 16.129862 13.562466 10.318987
v 16.129858 -6.437519 10.318987
v 16.129641 13.563068 6.318987
v 16.129637 -6.436916 6.238054
v -12.153952 -17.180958 6.318987
v -12.153952 -25.746609 6.318987
v -12.153959 -15.691814 6.318987
v -12.153959 -6.436909 6.318987
v -12.153952 -17.180958 5.991278
v -12.153959 -15.691814 5.991278
v -11.770811 -6.437519 13.916290
v -11.770803 -25.746609 14.318989
v -11.770803 -16.882778 13.916290
v -11.770803 -25.746609 13.916290
v -11.770811 -6.437519 14.318989
v -11.770803 -15.992252 13.916290
v -12.154181 3.117226 10.318987
v -12.154181 4.007755 10.318987
v -11.770811 13.562485 9.916290
v -11.770811 4.007755 10.318989
v -11.770811 13.562485 10.318989
v -11.770811 4.007755 9.916290
v -11.770803 -6.437504 10.318989
v -11.770811 3.117226 10.318989
v -11.770811 3.117226 9.916290
v -11.770803 -6.437504 9.916290
v -11.770811 4.007755 13.916290
v -11.770811 3.117226 13.916290
v -15.153967 7.310829 1.916290
v -15.153952 -0.355137 5.916290
v -15.153967 7.310829 5.916290
v -15.153952 -2.870838 5.916290
v 16.129637 -15.991657 2.916290
v 16.129633 -16.882191 2.916290
v 18.626482 -12.689182 1.916290
v 18.651972 -9.993702 5.777557
v 19.129633 -20.355152 4.395971
v 18.651953 -20.355152 5.916290
v 18.626482 -9.993702 1.916290
v 19.129648 -9.993702 4.395971
v 15.746264 -16.882191 2.916290
v 15.746264 -15.991657 2.916290
v 19.129648 -12.689182 4.395971
v 18.651968 -12.689182 5.777557
v 18.651953 -22.870853 5.916290
v 18.746485 3.117207 10.318989
v 16.129862 2.818420 10.318987
v 16.129862 4.307564 10.318987
v 18.746485 4.007736 10.318989
v 16.129641 2.819023 6.339739
v 16.129641 4.308167 6.339739
v 15.677023 3.063805 -16.722412
v 15.677023 4.062340 -16.722412
v 16.198885 4.062340 -16.722412
v 16.198885 3.063805 -16.722412
v -1.684259 30.572975 5.715027
v -1.684259 24.544350 5.715027
v -1.684259 24.544350 4.679810
v -1.684259 30.572975 4.679810
v -1.665461 30.572975 5.714966
v -1.665461 24.544350 5.714966
v -1.665461 24.544350 4.679749
v -1.665461 30.572975 4.679749
v -1.698969 30.572975 5.715027
v -1.698969 24.544350 5.715027
v -1.698969 24.544350 4.679810
v -1.698969 30.572975 4.679810
v 16.244104 3.563076 5.141237
v 16.128767 3.563076 4.778618
v 16.244104 3.563076 4.778618
v 16.128767 3.563076 5.141237
v -15.154173 -25.746609 13.916290
v -15.153952 -6.735706 9.634613
v -14.925726 13.263695 10.600666
v -15.154181 4.007755 10.318987
v -15.154181 4.306541 10.600666
v -15.154181 13.562485 10.318987
v -15.154181 2.818439 13.634613
v -15.154181 2.818439 10.600666
v -14.925726 4.306541 13.634613
v -14.925726 13.562485 13.916290
v -14.925726 4.007755 13.916290
v 19.129854 -25.746609 10.318987
v 19.132114 -6.437534 10.318987
v 19.129854 -16.882786 10.318987
v 19.129854 -16.882786 13.916290
v 19.132111 -15.992260 10.318987
v 19.129633 -25.746609 6.318987
v 19.129854 -6.437519 9.892157
v 19.129858 3.117207 9.993292
v 19.129862 13.562466 9.993292
v 19.129858 4.007736 9.993292
v -14.925726 13.263695 13.634613
v 19.132114 -6.736316 10.600666
v 19.132111 -15.693470 13.634613
v 19.132111 -15.693470 10.600666
v 18.985594 -6.735722 6.519733
v 18.985590 -15.692875 9.452545
v 18.985590 -15.692875 6.418598
v 18.985594 -6.735722 9.533478
v -15.104406 4.306541 10.600666
v -15.104406 4.306541 13.634613
v -15.104406 -6.138721 13.634613
v -15.104406 2.818439 10.600666
v -15.104406 -6.138721 10.600666
v -15.104406 2.818439 13.634613
v 19.161530 -6.735721 6.519733
v 19.161530 -15.692875 9.452545
v 19.161530 -15.692875 6.418598
v 19.161530 -6.735721 9.533478
v 16.129858 -6.437519 9.993292
v 19.129862 13.562462 9.993292
v 16.129862 13.562466 9.993292
v 19.129854 -6.437519 9.892157
v 18.503889 -6.437519 9.892157
v -12.154181 -6.437519 9.916290
v 1.987925 13.562475 14.318989
v 1.987925 -6.437519 14.318989
v 15.746485 -6.437527 14.318989
v -12.154181 -15.992245 13.916290
v -12.154173 -16.882771 13.916290
v -15.153967 -13.425076 1.916290
v -15.153952 -25.746609 5.916290
v -15.153952 -19.648746 1.916290
v -15.153967 -13.425076 4.395971
v -15.153952 -19.648746 4.395971
v -15.153967 -9.276279 1.916290
v -15.153952 -6.436909 4.395971
v -15.153967 -9.276279 4.395971
v -15.153952 -6.436909 5.916290
v -15.153952 -25.746609 4.395971
v -15.153952 -23.486774 4.395971
v -15.153952 -23.486774 1.916290
v 19.129858 3.117207 9.993292
v 19.129858 4.007736 9.993292
v 16.129862 -6.437534 10.318987
v 16.129854 -25.746609 10.318987
v 16.129641 -6.436924 6.238054
v 4.381845 34.509037 8.709229
v -12.154173 -16.882771 10.318987
v -12.154181 -15.992245 10.318987
v -11.770811 -6.437519 9.916290
v -11.770803 -15.992245 10.318989
v -11.770811 -6.437519 10.318989
v -11.770803 -15.992245 9.916290
v -11.770803 -25.746609 10.318989
v -11.770803 -16.882771 10.318989
v -11.770803 -16.882771 9.916290
v -11.770803 -25.746609 9.916290
v -11.770803 -15.992245 13.916290
v -11.770803 -16.882771 13.916290
v -11.770803 -16.882778 14.318989
v -15.153952 -20.355137 5.916290
v -15.153952 -22.870838 5.916290
v -15.153975 10.006310 1.916290
v -14.650801 7.310829 1.916290
v -14.676291 10.006310 5.916290
v -15.153975 10.006310 5.916290
v -15.153952 -0.355137 4.395971
v -14.676275 -0.355137 5.916290
v -14.676275 -0.355137 4.395971
v -15.153975 10.006310 4.395971
v -14.650801 10.006310 1.916290
v -14.671362 10.006310 4.395971
v -15.153967 7.310829 4.395971
v -14.676291 7.310829 5.916290
v -14.671309 7.310829 4.395971
v -14.676275 -2.870838 5.916290
v -14.676298 -2.870823 4.395991
v -15.153952 -2.870838 4.395971
v 16.129854 -17.181576 10.318987
v 16.129858 -15.692432 10.318987
v 16.129637 -15.691830 6.136919
v 18.746485 3.117207 9.993292
v 16.129862 4.007736 9.991278
v 18.746485 4.007736 9.993292
v 18.746485 3.117207 13.916290
v 18.746485 4.007736 13.916290
v 1.987925 3.117214 13.916290
v 1.987925 3.117214 14.318989
v 1.987925 4.007748 13.916290
v 1.987925 4.007744 14.318989
v 16.198885 4.062340 2.916290
v 15.677023 4.062340 2.916290
v 15.677023 3.063805 2.916290
v 15.746489 4.007732 14.318989
v 16.198885 3.063805 2.916290
v 15.993437 13.562466 10.927868
v 15.993433 -6.437519 10.927868
v 16.208849 13.563068 4.869273
v 16.208845 3.563076 4.869273
v 16.208841 -6.436924 4.869273
v 16.244101 -16.436924 5.141237
v 16.128763 -16.436924 4.778618
v 16.244101 -16.436924 4.778618
v 16.128763 -16.436924 5.141237
v 15.894945 -2.058521 10.927868
v 15.981287 -2.058521 10.318989
v 15.981287 -2.058521 10.927868
v 15.938173 13.562466 11.055340
v 15.938169 -6.437519 11.055340
v 15.882906 -6.437519 10.927868
v 15.882914 13.562466 10.927868
v 16.128771 13.563068 4.959928
v 16.128771 13.563068 4.869273
v 16.128763 -6.436916 4.959928
v 16.128767 3.563076 4.959928
v 16.128767 3.563076 4.869273
v 16.128763 -6.436916 4.869273
v -14.925726 -6.736301 10.600666
v -15.154173 -15.992245 10.318987
v -15.154173 -15.693455 10.600666
v -15.154181 -6.437519 10.318987
v -14.925718 -15.693455 13.634613
v -14.925726 -6.437519 13.916290
v -14.925718 -15.992245 13.916290
v -15.154173 -6.437504 10.318987
v -15.154181 3.117226 10.318987
v -15.154181 3.117226 13.916290
v 19.129854 -25.746609 9.993292
v 19.129858 -6.437534 9.892157
v 19.129854 -15.992260 9.993292
v 19.132111 -15.693470 10.600666
v 19.129633 -16.882191 6.136919
v 19.129633 -16.882191 9.916290
v 19.129641 13.563068 6.318987
v 19.129637 4.307125 6.621418
v 19.129637 4.008339 6.339739
v -14.925726 -6.736301 13.634613
v -14.925726 13.263695 10.600666
v -14.925726 4.306541 10.600666
v -14.925726 4.306541 13.634613
v -14.925718 -6.138721 13.634613
v -14.925726 2.818439 10.600666
v -14.925718 -6.138721 10.600666
v -14.925726 2.818439 13.634613
v -15.153952 -6.138119 9.634613
v -15.153952 2.819042 6.600666
v -15.153952 -6.138119 6.600666
v -15.153952 2.819042 9.634613
v -15.104414 13.263695 10.600666
v -15.104414 13.263695 13.634613
v -15.217291 13.264297 6.600666
v -15.217291 4.307144 6.600666
v -15.217291 4.307144 9.634613
v -15.217291 13.264297 9.634613
v -15.217283 -6.138119 9.634613
v -15.217291 2.819042 6.600666
v -15.217283 -6.138119 6.600666
v -15.217291 2.819042 9.634613
v 16.129854 -25.746609 9.993292
v 19.129858 -6.437534 9.892157
v 16.129862 -6.437534 9.993292
v 19.129854 -25.746609 9.993292
v 16.129862 13.562473 9.993292
v 18.503901 13.562149 9.993292
v 15.746489 4.007732 14.318989
v 15.746492 13.562462 14.318989
v 15.746489 3.117203 14.318989
v 19.129854 -15.992260 13.916290
v 19.129854 -15.992260 10.318987
v 19.129854 -16.882786 13.916290
v 19.129854 -16.882786 10.318987
v 19.129637 4.008339 9.916290
v -12.154181 13.562485 10.318987
v -12.154181 -6.437504 10.318987
v 16.129633 -25.746609 6.318987
v -15.153967 -9.993687 1.916290
v -15.153967 -12.689167 1.916290
v -14.676291 -9.993687 5.916290
v -15.153967 -9.993687 5.916290
v -15.153952 -20.355137 4.395971
v -14.676275 -20.355137 5.916290
v -14.676275 -20.355137 4.395971
v -15.153967 -9.993687 4.395971
v -14.671362 -9.993687 4.395971
v -15.153967 -12.689167 4.395971
v -15.153967 -12.689167 5.916290
v -14.676291 -12.689167 5.916290
v -14.671301 -12.689167 4.395971
v -14.676275 -22.870838 5.916290
v -14.676298 -22.870823 4.395991
v -15.153952 -22.870838 4.395971
v -12.154181 2.818439 10.318987
v -12.154181 4.307583 10.318987
v -12.153959 3.117828 2.916290
v -12.153959 4.008358 2.916290
v -11.770590 4.008358 2.916290
v -11.770590 3.117828 2.916290
v 18.746485 -16.882786 10.318989
v 18.746485 -16.882786 13.916290
v 18.746485 -15.992260 13.916290
v 18.746485 -15.992260 10.318989
v 16.129633 -17.180973 6.136919
v 16.198881 -15.937656 2.916290
v 15.677019 -16.936192 -16.722412
v 15.677019 -15.937656 2.916290
v 15.677019 -16.936192 2.916290
v 15.677019 -15.937656 -16.722412
v 16.198881 -15.937656 -16.722412
v 16.198881 -16.936192 -16.722412
v 16.198881 -16.936192 2.916290
v 16.129858 -6.437519 9.991278
v 16.129862 13.562466 9.991278
v 16.129862 3.117207 9.991278
v 16.129862 2.818420 9.991278
v 16.129862 4.307564 9.991278
v 15.993433 -6.437534 10.927868
v 15.993425 -25.746609 10.927868
v 15.882906 -25.746609 10.927868
v 15.882910 -6.437534 10.927868
v 16.128767 -6.436924 4.959928
v 16.128767 -6.436924 4.869273
v 16.128763 -25.746609 4.959928
v 16.128763 -16.436924 4.959928
v 16.128763 -16.436924 4.869273
v 16.128763 -25.746609 4.869273
v 15.894976 -5.178333 10.927868
v 15.981318 -5.178333 10.318989
v 15.981318 -5.178333 10.927868
v 15.938112 0.604389 10.927868
v 15.938120 0.604389 10.318989
v 15.894945 0.653843 10.318989
v 15.894945 0.653843 10.927868
v 15.938112 0.703297 10.927868
v 15.938112 0.703297 10.318989
v 15.981287 0.653843 10.318989
v 15.981287 0.653843 10.927868
v 15.938112 -2.107975 10.927868
v 15.938120 -2.107975 10.318989
v 15.894945 -2.058521 10.318989
v 15.938112 -2.009068 10.927868
v 15.938112 -2.009068 10.318989
v -15.154173 -25.746609 10.318987
v -15.154173 -16.882771 10.318987
v -15.154173 -16.882771 13.916290
v -15.154181 4.007755 9.993292
v -14.925726 13.562485 10.318987
v -14.925726 4.306541 10.600666
v -14.925726 4.007755 10.318987
v -15.153952 -6.436901 6.318987
v -15.153952 3.117828 6.318987
v -15.153952 3.117828 9.916290
v 19.129854 -16.882786 9.993292
v 19.129633 -6.436916 5.912359
v 19.129637 3.117809 6.014044
v 19.129641 13.563068 5.993292
v 19.129637 4.008339 6.014044
v -14.925726 -6.736301 10.600666
v -14.925718 -15.693455 10.600666
v -14.925718 -15.693455 13.634613
v -15.153959 13.264297 6.600666
v -15.153952 4.307144 6.600666
v -15.153952 4.307144 9.634613
v -15.153959 13.264297 9.634613
v -15.104406 -6.736301 10.600666
v -15.104406 -15.693455 10.600666
v -15.104406 -15.693455 13.634613
v -15.104406 -6.736301 13.634613
v -15.217283 -6.735706 6.600666
v -15.217283 -15.692860 6.600666
v -15.217283 -15.692860 9.634613
v -15.217283 -6.735706 9.634613
v -12.154181 -6.437504 9.993292
v -15.154181 13.562481 9.993292
v -12.154181 13.562485 9.993292
v -15.154173 -6.437504 9.993292
v 18.503885 -25.746609 9.993292
v 15.746485 -15.992268 14.318989
v 15.746489 -6.437534 14.318989
v 15.746485 -16.882793 14.318989
v 1.987925 -25.746609 14.318989
v 15.746485 -25.746609 14.318989
v -15.154181 4.007755 13.916290
v -15.154181 4.007755 10.318987
v -15.154181 3.117226 10.318987
v -15.154181 3.117226 13.916290
v 19.129854 -16.882786 9.993292
v 19.129854 -15.992260 9.993292
v 19.129637 4.008339 6.014044
v 19.129637 4.008339 6.339739
v 19.129637 3.117809 9.916290
v 19.129637 3.117809 6.339739
v -12.154181 -6.437519 10.318987
v -12.153959 13.563087 6.318987
v -12.153959 -6.436901 6.318987
v -12.154181 -15.692417 10.318987
v -12.153952 -16.882175 2.916290
v -12.153959 -15.991642 2.916290
v -14.650801 -12.689167 1.916290
v -14.650801 -9.993687 1.916290
v -11.770582 -15.991642 2.916290
v -11.770582 -16.882175 2.916290
v -14.770803 3.117226 10.318989
v -14.770803 3.117226 13.916290
v -14.770803 4.007755 13.916290
v -14.770803 4.007755 10.318989
v -12.153959 2.819042 6.318987
v -12.153959 4.308186 6.318987
v -11.701345 3.063824 -16.722412
v -11.701345 3.063824 2.916290
v -11.701345 4.062359 -16.722412
v -12.223204 3.063824 -16.722412
v -12.223204 4.062359 -16.722412
v 18.746485 -16.882786 9.993292
v 16.129854 -25.746609 9.991278
v 16.129862 -6.437534 9.991278
v 16.129854 -16.882786 9.991278
v 16.129854 -17.181576 9.991278
v 16.129858 -15.992260 9.991278
v 16.129858 -15.692432 9.991278
v 18.746485 -15.992260 9.993292
v 1.987925 -16.882778 13.916290
v 1.987925 -16.882778 14.318989
v 1.987925 -15.992252 13.916290
v 1.987925 -15.992252 14.318989
v 15.746485 -15.992268 14.318989
v 18.746264 3.117809 6.339740
v 18.746264 3.117809 9.916290
v 18.746264 4.008339 9.916290
v 18.746264 4.008339 6.339740
v 16.208845 -6.436924 4.869273
v 16.208841 -16.436924 4.869273
v 16.208841 -25.746609 4.869273
v -11.907225 -6.437504 10.927868
v -11.907232 13.562485 10.927868
v -12.153090 13.563087 4.959928
v -12.153090 13.563087 4.869273
v -12.268423 3.563095 5.141237
v -12.153090 3.563095 4.778618
v -12.268423 3.563095 4.778618
v -12.153082 -6.436901 4.959928
v -12.153090 3.563095 5.141237
v -12.153090 3.563095 4.959928
v 15.894941 -19.346149 10.318989
v 15.894941 -19.346149 10.927868
v 15.981283 -19.346149 10.318989
v 15.981283 -19.346149 10.927868
v 15.938108 -22.107975 10.927868
v 15.938116 -22.107975 10.318989
v 15.894941 -22.058521 10.318989
v 15.894941 -22.058521 10.927868
v 15.938108 -22.009068 10.927868
v 15.938108 -22.009068 10.318989
v 15.981283 -22.058521 10.318989
v 15.981283 -22.058521 10.927868
v 15.938173 -6.437534 11.055340
v 15.938166 -25.746609 11.055340
v 15.895311 11.938019 10.927868
v 15.981653 11.938019 10.318989
v 15.981653 11.938019 10.927868
v 15.938478 9.127872 10.927868
v 15.938486 9.127872 10.318989
v 15.895311 9.177326 10.318989
v 15.895311 9.177326 10.927868
v 15.938478 9.226780 10.927868
v 15.938478 9.226780 10.318989
v 15.981653 9.177326 10.318989
v 15.981653 9.177326 10.927868
v 15.938143 -5.227787 10.927868
v 15.938150 -5.227787 10.318989
v 15.894976 -5.178333 10.318989
v 15.938143 -5.128880 10.927868
v 15.938143 -5.128880 10.318989
v 15.882685 -6.436916 6.826733
v 15.882692 13.563068 6.927868
v -14.925726 -6.437519 10.318987
v -14.925718 -15.693455 10.600666
v -14.925718 -15.992245 10.318987
v -15.153952 -25.746609 6.318987
v -15.153952 -16.882175 6.318987
v -15.153952 -16.882175 9.916290
v -15.154173 -6.437504 9.993292
v -15.154181 3.117226 9.993292
v -15.154181 13.562485 9.993292
v 19.129637 -6.436924 6.238054
v 19.129633 -15.692875 6.418598
v 19.129633 -15.991657 6.136919
v 19.129858 3.117207 13.916290
v 19.129854 -6.437519 13.916290
v 19.129858 4.007736 13.916290
v 19.129862 13.562466 13.916290
v -15.153952 -6.735706 6.600666
v -15.153952 -15.692860 6.600666
v -15.153952 -15.692860 9.634613
v -15.153952 -6.735706 9.634613
v -12.154173 -25.746609 9.993292
v -15.154181 -6.437519 9.993292
v -12.154181 -6.437519 9.993292
v -14.528204 -6.437504 9.993292
v 16.129862 -6.437519 9.993292
v 18.503893 -6.437847 9.892157
v -11.770811 4.007751 14.318989
v -11.770811 13.562481 14.318989
v -11.770811 3.117222 14.318989
v -11.770803 -6.437511 14.318989
v -15.154173 -15.992245 13.916290
v -15.154173 -15.992245 10.318987
v -15.154173 -16.882771 10.318987
v -15.154173 -16.882771 13.916290
v -15.154181 3.117226 9.993292
v -15.154181 4.007755 9.993292
v 19.129633 -15.991657 9.916290
v 19.129633 -15.991657 6.136919
v 19.129637 3.117809 6.014044
v -12.154173 -25.746609 10.318987
v -12.153959 -6.436909 6.318987
v -12.153952 -25.746609 6.318987
v -14.770803 -16.882771 10.318989
v -12.154173 -17.181561 10.318987
v -14.770803 -16.882771 13.916290
v -14.770803 -15.992245 13.916290
v -14.770803 -15.992245 10.318989
v -12.153952 -17.180958 6.318987
v -12.153959 -15.691814 6.318987
v -11.701338 -16.936176 -16.722412
v -12.223204 -16.936176 -16.722412
v -12.223204 -15.937641 -16.722412
v -14.770803 3.117226 9.993292
v -12.154181 -6.437504 9.991278
v -12.154181 13.562485 9.991278
v -12.154181 3.117226 9.991278
v -12.154181 2.818439 9.991278
v -12.154181 4.007755 9.991278
v -12.154181 4.307583 9.991278
v -14.770803 4.007755 9.993292
v -12.223204 4.062359 2.916290
v -11.701345 4.062359 2.916290
v -11.770811 4.007751 14.318989
v -12.223204 3.063824 2.916290
v 18.746264 -15.991657 9.916290
v 18.746264 -15.991657 6.136920
v 18.746264 3.117809 6.014044
v 16.129637 -6.436916 5.910345
v 16.129641 13.563068 5.991278
v 16.129641 3.117809 6.012030
v 16.129641 2.819023 6.012030
v 16.129641 4.008339 6.012030
v 16.129641 4.308167 6.012030
v 18.746264 4.008339 6.014044
v 4.371100 32.934368 7.648942
v 4.371100 31.413578 7.648942
v 4.371104 33.513992 7.758789
v 4.371104 32.828049 7.758789
v 4.371104 32.828079 6.999756
v 4.371104 33.514027 6.999756
v -12.017759 13.562485 10.927868
v -12.017752 -6.437504 10.927868
v -12.233168 13.563087 4.869273
v -12.233168 3.563095 4.869273
v -12.233160 -6.436909 4.869273
v 15.993216 13.563068 6.927867
v 15.993212 -6.436916 6.826732
v -12.268423 -16.436909 5.141237
v -12.153082 -16.436909 4.778618
v -12.268423 -16.436909 4.778618
v -12.153082 -25.746609 4.959928
v -12.153082 -16.436909 5.141237
v -12.153082 -16.436909 4.959928
v -12.005606 0.653858 10.318989
v -12.005606 0.653858 10.927868
v -11.962431 -2.107960 10.927868
v -11.919264 -2.058506 10.318989
v -11.962439 -2.107960 10.318989
v -11.919264 -2.058506 10.927868
v -11.962431 -2.009052 10.927868
v -12.005606 -2.058506 10.318989
v -11.962431 -2.009052 10.318989
v -12.005606 -2.058506 10.927868
v -11.962492 13.562485 11.055340
v -11.962492 -6.437504 11.055340
v -12.153082 -6.436901 4.869273
v -12.153090 3.563095 4.869273
v 15.895311 -10.822666 10.318989
v 15.895311 -10.822666 10.927868
v 15.981653 -10.822666 10.318989
v 15.981653 -10.822666 10.927868
v 15.938139 -25.227787 10.927868
v 15.938147 -25.227787 10.318989
v 15.894972 -25.178333 10.318989
v 15.894972 -25.178333 10.927868
v 15.938139 -25.128880 10.927868
v 15.938139 -25.128880 10.318989
v 15.981314 -25.178333 10.318989
v 15.981314 -25.178333 10.927868
v 15.938108 -19.395603 10.927868
v 15.938116 -19.395603 10.318989
v 15.938108 -19.296696 10.927868
v 15.938108 -19.296696 10.318989
v 15.938524 6.270565 10.927868
v 15.938532 6.270565 10.318989
v 15.895357 6.320019 10.318989
v 15.895357 6.320019 10.927868
v 15.938524 6.369473 10.927868
v 15.938524 6.369473 10.318989
v 15.981699 6.320019 10.318989
v 15.981699 6.320019 10.927868
v 15.938478 11.888565 10.927868
v 15.938486 11.888565 10.318989
v 15.895311 11.938019 10.318989
v 15.938478 11.987473 10.927868
v 15.938478 11.987473 10.318989
v 15.981066 0.654446 6.291583
v 15.981066 0.654446 6.900462
v 15.937891 -2.107372 6.900462
v 15.937899 -2.107372 6.291583
v 15.894724 -2.057919 6.291583
v 15.894724 -2.057919 6.900462
v 15.937891 -2.008465 6.900462
v 15.937891 -2.008465 6.291583
v 15.981066 -2.057919 6.291583
v 15.981066 -2.057919 6.900462
v 15.937952 13.563068 7.055340
v 15.937948 -6.436916 6.954205
v -15.154173 -25.746609 9.993292
v -15.154173 -16.882771 9.993292
v -15.154181 -6.437519 9.993292
v -15.154173 -15.992245 9.993292
v -15.153959 13.563087 6.318987
v -15.153952 4.307144 6.600666
v -15.153952 4.008358 6.318987
v 19.129633 -25.746609 5.993292
v 19.129633 -16.882191 5.811224
v 19.129637 -6.436924 5.912359
v 19.129633 -15.991657 5.811224
v -14.528204 -25.746609 9.993292
v -15.154173 -25.746609 9.993292
v -12.154181 13.562492 9.993292
v -14.528219 13.562168 9.993292
v 16.129862 3.562206 9.993292
v 19.129858 3.562206 9.993292
v 18.503893 3.562206 9.993292
v -11.770803 -15.992252 14.318989
v -11.770811 -6.437519 14.318989
v -11.770803 -16.882778 14.318989
v -11.770803 -25.746609 14.318989
v -15.154173 -16.882771 9.993292
v -15.154173 -15.992245 9.993292
v -15.153952 4.008358 9.916290
v -15.153952 4.008358 6.318987
v -15.153952 3.117828 6.318987
v -15.153952 3.117828 9.916290
v 19.129633 -15.991657 5.811224
v -14.770803 -16.882771 9.993292
v -12.154173 -25.746609 9.991278
v -12.154181 -6.437519 9.991278
v -12.154173 -16.882771 9.991278
v -12.154173 -17.181561 9.991278
v -12.154181 -15.992245 9.991278
v -12.154181 -15.692417 9.991278
v -14.770803 -15.992245 9.993292
v -12.223204 -15.937641 2.916290
v -11.701338 -16.936176 2.916290
v -11.701338 -15.937641 2.916290
v -11.701338 -15.937641 -16.722412
v -11.770803 -15.992252 14.318989
v -12.223204 -16.936176 2.916290
v -14.770582 3.117828 6.318988
v -14.770582 3.117828 9.916290
v -14.770582 4.008358 9.916290
v -14.770582 4.008358 6.318988
v 16.129641 -6.436924 5.910345
v 16.129633 -16.882191 5.809210
v 16.129633 -17.180973 5.809210
v 16.129637 -15.991657 5.809210
v 16.129637 -15.691830 5.809210
v 18.746264 -15.991657 5.811224
v 4.371100 31.413624 6.705179
v 4.371100 32.934414 6.710748
v 19.129858 0.689991 13.672819
v 19.129862 2.973465 11.917753
v 19.129862 3.057976 13.672819
v 19.129858 0.752605 11.917753
v -12.017752 -6.437519 10.927868
v -12.017744 -25.746609 10.927868
v -12.233168 -6.436909 4.869273
v -12.233160 -16.436909 4.869273
v -12.233160 -25.746609 4.869273
v 15.993212 -6.436924 6.826732
v 15.993204 -25.746609 6.927867
v -11.962431 -22.107960 10.927868
v -11.919264 -22.058506 10.318989
v -11.962439 -22.107960 10.318989
v -11.919264 -22.058506 10.927868
v -11.962431 -22.009052 10.927868
v -12.005606 -22.058506 10.318989
v -11.962431 -22.009052 10.318989
v -12.005606 -22.058506 10.927868
v -11.962492 -6.437519 11.055340
v -11.907225 -25.746609 10.927868
v -11.962484 -25.746609 11.055340
v -11.907232 -6.437519 10.927868
v -12.153090 -6.436909 4.959928
v -12.153090 -6.436909 4.869273
v -12.153082 -25.746609 4.869273
v -12.153082 -16.436909 4.869273
v -12.005972 9.177345 10.318989
v -12.005972 9.177345 10.927868
v -11.962461 -5.227772 10.927868
v -11.919294 -5.178318 10.318989
v -11.962469 -5.227772 10.318989
v -11.919294 -5.178318 10.927868
v -11.962461 -5.128864 10.927868
v -12.005636 -5.178318 10.318989
v -11.962461 -5.128864 10.318989
v -12.005636 -5.178318 10.927868
v -11.962431 0.604404 10.927868
v -11.919264 0.653858 10.318989
v -11.962439 0.604404 10.318989
v -11.919264 0.653858 10.927868
v -11.962431 0.703312 10.927868
v -11.962431 0.703312 10.318989
v 15.895350 -13.679981 10.318989
v 15.895350 -13.679981 10.927868
v 15.981691 -13.679981 10.318989
v 15.981691 -13.679981 10.927868
v 15.938478 -8.111431 10.927868
v 15.938486 -8.111431 10.318989
v 15.895311 -8.061977 10.318989
v 15.895311 -8.061977 10.927868
v 15.938478 -8.012524 10.927868
v 15.938478 -8.012524 10.318989
v 15.981653 -8.061977 10.318989
v 15.981653 -8.061977 10.927868
v 15.938478 -10.872120 10.927868
v 15.938486 -10.872120 10.318989
v 15.938478 -10.773212 10.927868
v 15.938478 -10.773212 10.318989
v 15.894720 -22.057911 6.927867
v 15.981062 -22.057911 6.318988
v 15.981062 -22.057911 6.927867
v 15.937952 -6.436924 6.954205
v 15.937944 -25.746609 7.055340
v 15.882685 -25.746609 6.927868
v 15.882689 -6.436924 6.826733
v 15.937922 -5.227184 6.846324
v 15.937929 -5.227184 6.237445
v 15.894754 -5.177731 6.237445
v 15.894754 -5.177731 6.846324
v 15.937922 -5.128277 6.846324
v 15.937922 -5.128277 6.237445
v 15.981096 -5.177731 6.237445
v 15.981096 -5.177731 6.846324
v 15.937891 0.604992 6.900462
v 15.937899 0.604992 6.291583
v 15.894724 0.654446 6.291583
v 15.894724 0.654446 6.900462
v 15.937891 0.703899 6.900462
v 15.937891 0.703899 6.291583
v 4.381845 24.577076 5.702454
v 4.381845 24.577076 5.791321
v -1.502851 20.936489 5.702454
v 4.065371 20.936489 5.702454
v 4.065371 20.936489 5.791321
v -1.502851 20.936489 5.791321
v -15.153952 -6.436909 6.318987
v -15.153952 -15.692860 6.600666
v -15.153952 -15.991642 6.318987
v -15.153952 -6.436901 5.993292
v -15.153952 3.117828 5.993292
v -15.153959 13.563087 5.993292
v -15.153952 4.008358 5.993292
v 19.129854 -16.882786 13.916290
v 19.129850 -25.746609 13.916290
v 19.129854 -15.992260 13.916290
v 19.129854 -6.437534 13.916290
v 16.129862 4.007736 10.318987
v -12.154181 -6.437504 9.993292
v -14.528212 -6.437832 9.993292
v -12.153959 -6.436901 5.993292
v -15.153959 13.563084 5.993292
v -12.153959 13.563087 5.993292
v -14.527990 -6.436901 5.993292
v -15.153952 -6.436901 5.993292
v 18.503893 4.426731 9.993292
v 19.129858 4.426731 9.993292
v 16.129862 4.426735 9.993292
v 19.129858 2.659122 9.993292
v 16.129862 2.659122 9.993292
v 18.503893 2.659122 9.993292
v -1.819326 24.585129 5.702454
v -1.819326 24.585129 5.791321
v 4.065371 24.345966 5.702454
v -1.502851 24.345966 5.702454
v -1.502851 24.345966 5.791321
v 4.065371 24.345966 5.791321
v 4.381845 20.611294 5.702454
v -1.819326 20.611294 5.702454
v -15.153952 -15.991642 9.916290
v -15.153952 -15.991642 6.318987
v -15.153952 -16.882175 6.318987
v -15.153952 -16.882175 9.916290
v -15.153952 3.117828 5.993292
v -15.153952 4.008358 5.993292
v 16.129862 4.007736 11.132103
v 16.129862 3.117207 11.132103
v 15.746489 4.007736 10.318989
v -11.780210 33.179169 6.707458
v -14.770582 -16.882175 6.318988
v -14.770582 -15.991642 6.318988
v -14.770582 3.117828 5.993292
v -12.153959 3.117828 5.991278
v -12.153959 4.008358 5.991278
v -12.153959 4.308186 5.991278
v -14.770582 4.008358 5.993292
v 16.129633 -25.746609 5.991278
v 15.746489 3.117207 11.132103
v 15.746489 4.007736 11.132103
v -11.780210 33.179169 6.707458
v -11.780203 33.179169 5.702454
v 18.722784 3.519184 9.993294
v 18.722784 3.278027 13.916290
v 18.722784 3.519184 13.916290
v 18.722784 3.278027 9.993294
v 18.610910 3.338490 13.916290
v -1.502859 24.346027 5.681641
v -1.502859 20.936550 5.681641
v 4.065371 24.346027 5.681641
v 4.065371 20.936550 5.681641
v 15.731939 3.408169 10.476154
v 15.731939 3.716774 10.974937
v 15.731939 3.408169 10.974937
v 15.731939 3.716774 10.476154
v -12.017538 13.563087 6.927867
v -12.017530 -6.436901 6.927867
v -11.962461 -25.227772 10.927868
v -11.919294 -25.178318 10.318989
v -11.962469 -25.227772 10.318989
v -11.919294 -25.178318 10.927868
v -11.962461 -25.128864 10.927868
v -12.005636 -25.178318 10.318989
v -11.962461 -25.128864 10.318989
v -12.005636 -25.178318 10.927868
v -11.962431 -19.395588 10.927868
v -11.919264 -19.346134 10.318989
v -11.962439 -19.395588 10.318989
v -11.919264 -19.346134 10.927868
v -11.962431 -19.296680 10.927868
v -12.005606 -19.346134 10.318989
v -11.962431 -19.296680 10.318989
v -12.005606 -19.346134 10.927868
v -12.006018 6.320038 10.318989
v -12.006018 6.320038 10.927868
v -11.962797 11.888584 10.927868
v -11.919630 11.938038 10.318989
v -11.962805 11.888584 10.318989
v -11.919630 11.938038 10.927868
v -11.962797 11.987492 10.927868
v -12.005972 11.938038 10.318989
v -11.962797 11.987492 10.318989
v -12.005972 11.938038 10.927868
v -11.962797 9.127892 10.927868
v -11.919630 9.177345 10.318989
v -11.962805 9.127892 10.318989
v -11.919630 9.177345 10.927868
v -11.962797 9.226799 10.927868
v -11.962797 9.226799 10.318989
v -12.005384 -2.057903 6.318988
v -11.962271 13.563087 7.055340
v -11.907003 -6.436901 6.927868
v -11.962271 -6.436901 7.055340
v -11.907011 13.563087 6.927868
v 15.938517 -13.729435 10.927868
v 15.938524 -13.729435 10.318989
v 15.938517 -13.630527 10.927868
v 15.938517 -13.630527 10.318989
v 15.894751 -25.177723 6.927867
v 15.981092 -25.177723 6.318988
v 15.981092 -25.177723 6.927867
v 15.937887 -19.395008 6.927867
v 15.937895 -19.395008 6.318988
v 15.894720 -19.345554 6.318988
v 15.894720 -19.345554 6.927867
v 15.937887 -19.296101 6.927867
v 15.937887 -19.296101 6.318988
v 15.981062 -19.345554 6.318988
v 15.981062 -19.345554 6.927867
v 15.937887 -22.107365 6.927867
v 15.937895 -22.107365 6.318988
v 15.894720 -22.057911 6.318988
v 15.937887 -22.008457 6.927867
v 15.937887 -22.008457 6.318988
v 15.981478 6.320621 6.318988
v 15.981478 6.320621 6.927867
v 15.938257 11.889168 6.927867
v 15.938265 11.889168 6.318988
v 15.895090 11.938622 6.318988
v 15.895090 11.938622 6.927867
v 15.938257 11.988075 6.927867
v 15.938257 11.988075 6.318988
v 15.981432 11.938622 6.318988
v 15.981432 11.938622 6.927867
v -1.191519 24.570072 5.702454
v -1.191519 24.570072 5.791321
v -0.910391 24.570072 5.702454
v -0.910391 24.570072 5.791321
v -1.153505 24.919155 5.702454
v -0.948374 24.919155 5.702454
v -0.948374 24.919155 5.791321
v -1.153505 24.919155 5.791321
v -15.153952 -25.746609 5.993292
v -15.153952 -16.882175 5.993292
v -15.153952 -6.436909 5.993292
v -15.153952 -15.991642 5.993292
v -15.154181 3.117226 13.916290
v -15.154173 -6.437504 13.916290
v -15.154181 4.007755 13.916290
v -15.154181 13.562485 13.916290
v 16.129862 4.007736 11.132103
v 16.129862 3.117207 11.132103
v 16.129862 3.117207 10.318987
v -12.153952 -25.746609 5.993292
v -15.153952 -6.436916 5.993292
v -12.153959 -6.436909 5.993292
v -14.527983 -25.746609 5.993292
v -15.153952 -25.746609 5.993292
v -12.153959 13.563095 5.993292
v -14.527998 13.562771 5.993292
v 18.503889 -15.573261 9.993292
v 19.129854 -15.573261 9.993292
v 16.129854 -16.437794 9.993292
v 19.129854 -16.437794 9.993292
v 18.503885 -16.437794 9.993292
v 16.129854 -15.573261 9.993292
v 19.129854 -17.340870 9.993292
v 16.129854 -17.340870 9.993292
v 18.503885 -17.340870 9.993292
v 16.945967 13.562466 9.993292
v -1.819326 20.611294 5.791321
v 4.381845 20.611294 5.791321
v -15.153952 -16.882175 5.993292
v -15.153952 -15.991642 5.993292
v -12.333548 32.477154 5.702515
v -12.333555 32.477154 6.707520
v 15.746489 3.117207 10.318989
v 15.746489 4.007736 11.132103
v 15.746489 3.117207 11.132103
v -12.333555 31.775280 16.439331
v -12.333555 31.775280 6.707520
v -12.333555 32.477154 6.707520
v -11.780210 31.775421 16.439270
v -12.333555 33.179031 16.439331
v -12.333555 33.179031 6.707520
v -11.780210 33.179169 16.439270
v -11.780210 31.775421 6.707458
v -14.770582 -16.882175 5.993292
v -12.153959 -15.991642 5.991278
v -14.770582 -15.991642 5.993292
v -14.770582 -16.882175 9.916290
v -14.770582 -15.991642 9.916290
v -12.153959 -6.436901 5.991278
v -12.153959 13.563087 5.991278
v -12.153959 2.819042 5.991278
v -12.333548 33.179031 5.702515
v -12.333555 33.179031 6.707520
v -12.333555 31.775280 6.707520
v -12.333555 31.775280 5.702515
v -11.780210 31.775421 5.702454
v -11.780210 31.775421 6.707458
v 18.610910 3.458714 9.993294
v 18.722784 3.519184 10.996115
v 18.610910 3.338490 9.993294
v 18.610910 3.458714 13.916290
v 18.610910 3.458714 10.996115
v 18.722784 3.278027 10.996115
v 18.610910 3.338490 10.996115
v 18.730852 3.775620 9.993294
v 18.730852 3.625916 13.916290
v 18.661406 3.738079 9.993294
v 18.730852 3.775620 13.916290
v 18.730852 3.775620 10.996115
v 18.661406 3.663448 9.993294
v 18.661406 3.738079 13.916290
v 18.730852 3.625916 9.993294
v 18.661406 3.663448 13.916290
v 15.731936 -16.591831 10.476154
v 15.731936 -16.283222 10.974937
v 15.731936 -16.283222 10.476154
v -15.154181 0.690006 13.672819
v 19.129637 0.690594 9.672819
v -12.017530 -6.436909 6.927867
v -12.017523 -25.746609 6.927867
v -9.991690 30.572975 6.438049
v -11.962797 -8.111416 10.927868
v -11.919630 -8.061962 10.318989
v -11.962805 -8.111416 10.318989
v -11.919630 -8.061962 10.927868
v -11.962797 -8.012508 10.927868
v -12.005972 -8.061962 10.318989
v -11.962797 -8.012508 10.318989
v -12.005972 -8.061962 10.927868
v -11.962797 -10.872105 10.927868
v -11.919630 -10.822651 10.318989
v -11.962805 -10.872105 10.318989
v -11.919630 -10.822651 10.927868
v -11.962797 -10.773197 10.927868
v -12.005972 -10.822651 10.318989
v -11.962797 -10.773197 10.318989
v -12.005972 -10.822651 10.927868
v -11.962271 -6.436909 7.055340
v -11.907003 -25.746609 6.927868
v -11.962263 -25.746609 7.055340
v -11.907011 -6.436909 6.927868
v -11.962843 6.270584 10.927868
v -11.919676 6.320038 10.318989
v -11.962851 6.270584 10.318989
v -11.919676 6.320038 10.927868
v -11.962843 6.369492 10.927868
v -11.962843 6.369492 10.318989
v -12.005415 -5.177715 6.318988
v -11.962210 0.605007 6.927867
v -11.919043 0.654461 6.318988
v -11.962217 0.605007 6.318988
v -11.919043 0.654461 6.927867
v -11.962210 0.703915 6.927867
v -12.005384 0.654461 6.318988
v -11.962210 0.703915 6.318988
v -12.005384 0.654461 6.927867
v -11.962210 -2.107357 6.927867
v -11.919043 -2.057903 6.318988
v -11.962217 -2.107357 6.318988
v -11.919043 -2.057903 6.927867
v -11.962210 -2.008450 6.927867
v -11.962210 -2.008450 6.318988
v -12.005384 -2.057903 6.927867
v 15.895090 -8.061375 6.798045
v 15.981432 -8.061375 6.189166
v 15.981432 -8.061375 6.798045
v 15.938257 -10.871525 6.795299
v 15.938265 -10.871525 6.186419
v 15.895090 -10.822071 6.186419
v 15.895090 -10.822071 6.795299
v 15.938257 -10.772617 6.795299
v 15.938257 -10.772617 6.186419
v 15.981432 -10.822071 6.186419
v 15.981432 -10.822071 6.795299
v 15.937918 -25.227177 6.927867
v 15.937925 -25.227177 6.318988
v 15.894751 -25.177723 6.318988
v 15.937918 -25.128269 6.927867
v 15.937918 -25.128269 6.318988
v 15.938303 6.271168 6.927867
v 15.938311 6.271168 6.318988
v 15.895136 6.320621 6.318988
v 15.895136 6.320621 6.927867
v 15.938303 6.370075 6.927867
v 15.938303 6.370075 6.318988
v 3.409006 24.570072 5.702454
v 3.409006 24.570072 5.791321
v 3.690134 24.570072 5.702454
v 3.690134 24.570072 5.791321
v 3.447020 24.919155 5.702454
v 3.652151 24.919155 5.702454
v 3.652151 24.919155 5.791321
v 3.447020 24.919155 5.791321
v -1.819326 30.572975 6.438049
v -1.681204 30.710182 6.383118
v -9.991690 30.710182 6.383118
v -1.681204 30.710182 6.438049
v -9.991690 30.710182 6.438049
v -15.154173 -16.882771 13.916290
v -15.154165 -25.746609 13.916290
v -15.154173 -15.992245 13.916290
v -15.154173 -6.437519 13.916290
v 16.129858 -15.992260 11.132103
v 16.129858 -15.992260 10.318987
v 16.129854 -16.882786 11.132103
v 16.129854 -16.882786 10.318987
v -14.527990 -6.437229 5.993292
v -14.528212 4.426750 9.993292
v -15.154181 4.426750 9.993292
v -12.154181 3.562225 9.993292
v -15.154181 3.562225 9.993292
v -14.528212 3.562225 9.993292
v -12.154181 4.426754 9.993292
v -15.154181 2.659142 9.993292
v -12.154181 2.659142 9.993292
v -14.528212 2.659142 9.993292
v 16.129858 -15.992260 11.132103
v 16.129854 -16.882786 11.132103
v 15.746485 -16.882786 10.318989
v 15.746485 -15.992260 11.132103
v 15.746485 -16.882786 11.132103
v 15.746485 -15.992260 10.318989
v -12.333555 32.477154 16.439331
v -12.153952 -25.746609 5.991278
v -12.153959 -6.436909 5.991278
v -12.153952 -16.882175 5.991278
v -12.153952 -17.180958 5.991278
v -12.153959 -15.691814 5.991278
v 15.746485 -16.882786 11.132103
v 15.746485 -15.992260 11.132103
v 15.739304 24.925079 9.729523
v -11.780230 24.925083 9.729523
v -11.780230 24.925083 8.725250
v 15.739304 24.925079 8.725250
v 15.739304 24.906281 9.729523
v -11.780230 24.906284 9.729523
v -11.780230 24.906284 8.725128
v 15.739304 24.906281 8.725128
v 15.739304 24.939789 9.729523
v -11.780230 24.939793 9.729523
v -11.780230 24.939793 8.725250
v 15.739304 24.939789 8.725250
v -1.783894 20.758450 6.392578
v -1.783894 20.818516 5.750977
v -1.783894 20.818516 6.392578
v -1.783894 20.758450 5.750977
v -1.719296 20.758434 5.750977
v -1.719296 20.818516 5.750977
v -1.719296 20.758434 6.392578
v -1.719296 20.818516 6.392578
v 15.652507 24.879601 9.870667
v 15.652507 24.976715 8.571228
v 15.652507 24.976715 9.870667
v 15.652507 24.879601 8.571228
v 15.717105 24.976715 8.571228
v 15.717105 24.976715 9.870667
v 15.699997 25.182770 8.451824
v 15.699997 24.973785 8.573031
v 15.699997 25.182770 9.922394
v 15.699997 24.973785 9.870697
v 15.699997 24.799593 8.451824
v 15.699997 24.879610 8.573031
v 15.699997 24.799593 9.922394
v 15.699997 24.879610 9.870697
v 15.652507 24.879610 9.870667
v 15.717105 24.879610 9.870667
v -11.780230 24.925083 8.611298
v 15.739304 24.925079 8.611298
v -11.780230 24.906284 8.611176
v 15.739304 24.906281 8.611176
v -11.780230 24.939793 8.611298
v 15.739304 24.939789 8.611298
v -11.731092 24.879606 9.870667
v -11.731092 24.976721 8.571228
v -11.731092 24.976721 9.870667
v -11.731092 24.879606 8.571228
v -11.795691 24.976721 8.571228
v -11.795691 24.976721 9.870667
v -11.778584 25.182774 8.451824
v -11.778584 24.973789 8.573031
v -11.778584 25.182774 9.922394
v -11.778584 24.973789 9.870697
v -11.778584 24.799599 8.451824
v -11.778584 24.879616 8.573031
v -11.778584 24.799599 9.922394
v -11.778584 24.879616 9.870697
v -11.731092 24.879616 9.870667
v -11.795691 24.879616 9.870667
v -11.783647 30.694189 5.750977
v -11.783647 30.694189 6.392578
v -11.719049 30.634108 5.750977
v -11.719049 30.694189 5.750977
v -11.719049 30.634108 6.392578
v -11.719049 30.694189 6.392578
v 15.739304 24.925079 9.827484
v -11.780230 24.925083 9.827484
v 15.739304 24.906281 9.827484
v -11.780230 24.906284 9.827484
v 15.739304 24.939789 9.827484
v -11.780230 24.939793 9.827484
v 10.213240 -25.746605 16.722443
v 10.213240 -25.746605 -16.722412
v 19.129633 -25.746609 16.722443
v 19.129633 -25.746609 -16.722412
v -7.300366 -25.756985 16.722443
v -7.300366 -25.756985 5.614658
v -15.154192 -25.756985 16.722443
v -15.154192 -25.756985 5.614658
v -7.300366 -25.756863 -16.722443
v -15.154192 -25.756863 -16.722443
v 10.213240 -25.746605 6.412750
v 10.213240 -25.746605 5.677032
v 19.129633 -25.746609 5.677032
v 10.213240 -25.746605 8.301178
v 4.381845 31.147678 8.709229
v 4.381845 31.147678 16.439270
v 4.381845 31.147678 6.707458
v 4.381845 31.147678 6.707458
v 4.381845 31.147678 5.702454
v 4.459360 30.671484 5.748535
v 4.459360 30.671484 6.410828
v 4.379159 30.573828 5.755493
v 4.517282 30.711035 5.700562
v 4.517282 30.711035 5.755493
v 4.459359 20.719814 6.410828
v 4.459359 20.719814 5.748535
v 4.379158 20.669582 5.755493
v 4.379158 20.841309 6.438049
v 4.517281 20.669582 5.755493
v 4.517281 20.669582 5.700562
v 4.517281 20.678345 6.438049
v 4.517281 20.678345 6.383118
v 4.467596 28.294867 5.724854
v 4.467565 27.093191 5.724792
v 4.467535 28.294161 5.724731
v 4.467535 28.251955 5.773193
v 4.467535 28.810205 6.412354
v 4.467535 28.894732 6.412354
v 4.467535 29.410894 5.724731
v 4.467535 28.852587 6.363647
v 4.467535 30.697332 5.724731
v 4.467535 30.612806 5.724731
v 4.467535 30.096762 6.412354
v 4.467535 30.655188 5.773193
v 4.467535 30.054556 6.363647
v 4.467535 30.012232 6.412354
v 4.467535 29.496130 5.724731
v 4.467535 29.453276 5.773071
v 4.467596 25.892223 5.724854
v 4.467595 20.814644 5.724854
v 4.467596 25.206303 6.412476
v 4.467596 25.290829 6.412476
v 4.467535 25.891518 5.724731
v 4.467535 25.849316 5.773193
v 4.467535 26.407564 6.412354
v 4.467535 26.492090 6.412354
v 4.467535 27.008253 5.724731
v 4.467535 26.449942 6.363647
v 4.467565 27.050661 5.773193
v 4.467596 28.252012 5.773193
v 4.467596 27.608942 6.412476
v 4.467596 27.693468 6.412476
v 4.467596 28.209635 5.724854
v 4.467596 27.651323 6.363770
v 4.414594 30.634974 6.392578
v 4.414594 30.695040 5.750977
v 4.414594 30.695040 6.392578
v 4.414594 30.634974 5.750977
v 4.479192 30.634958 5.750977
v 4.479192 30.695040 5.750977
v 4.479192 30.634958 6.392578
v 4.479192 30.695040 6.392578
v 4.379159 30.573828 5.700562
v 4.379158 20.669582 5.700562
v 4.379159 30.573828 6.383118
v 4.379158 20.841309 6.383118
v 4.467595 20.772442 5.773315
v 4.467596 25.849373 5.773193
v 4.467596 25.806992 5.724854
v 4.467596 25.248684 6.363770
v 4.379159 30.573828 6.438049
v 4.517282 30.711035 6.383118
v 4.517282 30.711035 6.438049
v 4.414592 20.749660 6.392578
v 4.414592 20.809727 5.750977
v 4.414592 20.809727 6.392578
v 4.414592 20.749660 5.750977
v 4.479190 20.749645 5.750977
v 4.479190 20.809727 5.750977
v 4.479190 20.749645 6.392578
v 4.479190 20.809727 6.392578
v 4.447087 28.294014 5.724854
v 4.447057 27.092339 5.724792
v 4.447026 28.293308 5.724731
v 4.447026 28.251102 5.773193
v 4.447026 28.809353 6.412354
v 4.447026 28.893879 6.412354
v 4.447026 29.410042 5.724731
v 4.447026 28.851734 6.363647
v 4.447026 30.696480 5.724731
v 4.447026 30.611954 5.724731
v 4.447026 30.095909 6.412354
v 4.447026 30.654335 5.773193
v 4.447026 30.053703 6.363647
v 4.447026 30.011379 6.412354
v 4.447026 29.495277 5.724731
v 4.447026 29.452423 5.773071
v 4.447087 25.891369 5.724854
v 4.447086 20.813789 5.724854
v 4.447087 25.205448 6.412476
v 4.447087 25.289974 6.412476
v 4.447026 25.890663 5.724731
v 4.447026 25.848461 5.773193
v 4.447026 26.406712 6.412354
v 4.447026 26.491238 6.412354
v 4.447026 27.007401 5.724731
v 4.447026 26.449089 6.363647
v 4.447057 27.049809 5.773193
v 4.447087 28.251160 5.773193
v 4.447087 27.608089 6.412476
v 4.447087 27.692616 6.412476
v 4.447087 28.208782 5.724854
v 4.447087 27.650471 6.363770
v 4.447086 20.771587 5.773315
v 4.447087 25.848518 5.773193
v 4.447087 25.806137 5.724854
v 4.447087 25.247829 6.363770
v 4.151842 31.147678 8.709198
v 4.151842 31.147678 16.439301
v 4.151842 31.147678 6.707489
v 4.151842 31.147678 6.707489
v 4.151842 31.147678 5.702484
v 4.151842 30.555271 8.709198
v 4.151842 30.555271 16.439301
v 4.151842 30.555271 6.707489
v 4.151842 30.555271 6.707489
v 4.151842 30.555271 5.702484
v 4.381845 31.551548 16.439270
v 4.381845 31.551548 8.709229
v 4.381845 31.551548 6.707458
v 4.381845 31.551548 6.707458
v 4.381845 31.551548 5.702454
v 4.381845 31.147678 8.709229
v 4.381845 31.147678 16.439270
v 4.381845 31.147678 6.707458
v 4.151842 31.147678 8.709198
v 4.151842 31.147678 16.439301
v 4.151842 31.147678 6.707489
v 4.133713 31.011393 7.592643
v 4.133713 31.011393 6.898666
v 4.133713 30.691500 7.592643
v 4.133713 30.691500 6.898666
v 15.855713 9.497738 7.141174
v 15.803284 9.492367 7.012207
v 15.916443 9.496029 7.011475
v 15.918761 6.835201 6.959717
v 15.882689 6.780696 6.866455
v 15.993224 6.772884 6.869385
v 15.746268 6.600403 6.318988
v 16.129641 6.600403 6.318987
v 15.746268 6.600403 5.916290
v 15.746269 9.368286 6.318988
v 16.129641 9.548035 6.318987
v 15.746269 9.548035 5.916290
v 16.129641 6.603399 6.318987
v 16.129641 9.547436 6.318987
v 16.129641 6.573353 5.991278
v 16.129641 9.644855 5.991278
v 15.882690 9.910503 6.927868
v 15.937951 9.900029 7.055340
v 15.993215 9.911396 6.927867
v 15.746269 9.671205 6.275531
v 15.746269 9.799435 6.318988
v 15.882690 6.416812 6.927868
v 15.937951 6.640879 7.055340
v 15.993214 6.640586 6.927867
v 15.746268 6.600403 5.916278
v 15.746268 6.600403 6.318988
v 16.129641 6.600403 6.318987
v 16.129641 6.573353 5.991278
v 15.746277 9.548035 5.993292
v 15.746277 6.600403 5.993292
v 15.746277 9.548035 5.923529
v 15.746277 6.600403 5.923529
v 15.746277 8.594248 5.965826
v 15.746277 8.563059 5.896063
v 16.129641 3.117798 7.152855
v 16.129641 3.117798 9.916290
v 16.129641 3.117798 7.152855
v 16.129641 3.117798 6.339739
v 16.129641 3.117798 6.339739
v 16.129641 3.117798 6.012030
v 4.517273 20.678371 6.438049
v 4.379150 20.841309 6.438049
v 4.379150 20.841309 6.383118
v 4.414612 20.788391 5.750977
v -1.721004 20.788391 5.750977
v 4.414612 20.788391 6.392578
v -1.721004 20.788391 6.392578
v 15.882686 -14.272157 6.804626
v 15.937922 -14.305421 6.927856
v 15.993220 -14.273438 6.804321
v -15.153964 -14.614633 1.916290
v 15.692684 -11.383425 6.795288
v 15.745541 -11.401491 6.922791
v 15.795589 -11.425173 6.795288
v 15.937948 -14.554192 6.873272
v 15.882687 -14.561707 6.745800
v 15.993209 -14.574439 6.745799
v 15.937950 -11.034562 6.922771
v 15.882687 -11.032258 6.795300
v 15.993210 -11.038051 6.795299
v 16.129637 -14.433534 6.136919
v 15.746264 -14.413840 6.136920
v 15.746264 -14.404999 5.734222
v 15.746264 -14.406028 5.734222
v 15.746265 -11.476025 5.783722
v 15.746264 -11.548687 6.186419
v 16.129639 -11.537835 6.186419
v 16.129637 -14.428768 6.136919
v 16.129639 -11.538584 6.186419
v 16.129637 -14.469392 5.809210
v 16.129639 -11.573765 5.829351
v 16.129637 -14.433534 5.732500
v 15.746264 -14.413840 5.732501
v 16.129637 -14.433534 6.136919
v 15.746264 -14.413840 6.136920
v 16.129637 -11.573393 5.831366
v 16.129635 -14.427534 5.811224
v 16.129637 -11.573393 5.615301
v 16.129635 -14.427534 5.595160
v 15.746265 -11.478798 5.783722
v 16.129639 -11.433441 5.783722
v 16.129639 -14.431847 5.734222
v 16.129639 -16.436924 5.811224
v 16.129639 -16.436924 6.136920
v 16.129639 -16.436924 9.916290
v 16.129637 -16.447712 6.137041
v 16.129637 -16.447712 6.950157
v 16.129637 -16.447712 6.950157
v 16.129637 -16.447712 9.916412
v 16.129637 -16.447712 6.137041
v 16.129637 -16.447712 5.809332
v 19.129635 -11.483418 6.157061
v 19.129635 -11.497235 5.831366
v 18.985592 -11.470660 6.438740
v 19.129635 -11.469486 6.438740
v 19.129635 -11.471130 6.310263
v 18.985592 -11.475389 9.472687
v 19.129635 -11.481227 9.754364
v 19.129635 -11.480024 9.472687
v 19.161530 -11.399283 6.438740
v 19.161530 -11.460473 9.472687
v 15.853331 -11.573393 5.831366
v 15.853329 -14.427534 5.811224
v 15.853331 -11.573393 5.615301
v 15.853329 -14.427534 5.595160
v -11.720235 13.563110 6.318970
v -11.720242 -25.979183 6.318970
v -11.720235 13.563110 13.916260
v -11.720242 -25.979183 13.916260
v -11.780209 34.509033 16.439270
v -11.780209 34.509033 6.707458
v -11.780203 34.509033 5.702454
v -11.780209 34.509033 6.707458
v -15.104412 9.120135 13.634613
v -15.104412 9.229036 10.600666
v -15.104406 -1.727077 13.634613
v -15.104406 -1.678267 10.600666
v -15.104406 -11.133461 13.634613
v -15.104406 -11.162047 10.600666
v -14.925722 -1.483831 13.634613
v -14.925722 -1.444250 10.600666
v -14.925722 -11.094134 13.634613
v -14.925722 -11.002621 10.600666
v -14.925726 8.796651 13.634613
v -14.925726 8.900381 10.600666
v 19.149546 -11.115634 13.634613
v 19.149546 -11.203407 10.600666
v 19.149546 -1.841676 13.634613
v 19.149546 -1.712184 10.600666
v 19.149553 8.677170 13.634613
v 19.149553 8.778749 10.600666
v 19.080421 8.465615 13.634613
v 19.080421 8.488322 10.600666
v 19.080418 -2.017272 13.634613
v 19.080414 -2.108739 10.600666
v 19.132114 -11.608802 13.634613
v 19.132114 -11.689680 10.600666
v 19.161533 -1.861793 9.581762
v 19.161533 -1.712432 6.569976
v 19.161537 8.663634 9.634613
v 19.161537 8.790732 6.613728
v 18.985592 -1.734276 9.583201
v 18.985592 -1.800526 6.571009
v 18.985596 8.895033 9.634613
v 18.985596 8.741080 6.611145
v 15.940519 4.162071 6.771813
v 15.985766 6.807976 6.957437
v 15.940516 -15.837925 6.639794
v 15.993214 -0.962752 6.869066
v 15.937949 -0.944118 6.996682
v 15.882687 -0.930500 6.870058
v 15.993214 2.112970 6.892852
v 15.937950 2.113077 7.020325
v 15.882689 2.126181 6.894109
v 15.993213 -3.772049 6.847341
v 15.937949 -3.718745 6.975225
v 15.882686 -3.697338 6.848288
vt 0.999989 1.000081
vt 3.993748 1.005456
vt 3.993748 2.000081
vt 0.999989 1.994706
vt 1.000000 0.000000
vt 1.000000 0.000000
vt 0.500000 0.000000
vt -0.000000 0.000000
vt -2139383.500000 2.073467
vt 7094084992761856.000000 -333712228352.000000
vt 80.828575 2.074499
vt 102.752884 2.073467
vt 102.752899 2.073467
vt -86904024.000000 4094.334961
vt -50391848.000000 2371.485107
vt -101814504.000000 4790.307129
vt -39461396.000000 1857.098389
vt 0.250585 0.000000
vt 0.000585 0.000000
vt 1.824358 1.397274
vt 1.616210 1.397274
vt 1.824358 1.397274
vt 0.691342 0.961940
vt 1.343051 1.507009
vt 1.701096 1.507136
vt 1.683796 1.521379
vt 1.325752 1.521252
vt 2.961669 1.288518
vt 1.824358 1.388904
vt 0.500000 0.000000
vt 1.616210 1.388904
vt 0.008771 0.000000
vt 0.243943 0.000000
vt 0.250000 0.000000
vt -0.000000 0.000000
vt 0.476648 0.000000
vt 0.000000 0.000000
vt 0.510574 0.000000
vt 1.000295 0.000000
vt 1.718285 1.397274
vt 1.621125 1.397274
vt 1.621965 1.397274
vt 0.008771 0.000000
vt 0.979859 0.000000
vt 0.250000 0.000000
vt 0.243943 0.000000
vt 0.515690 0.000000
vt 1.730530 1.487042
vt 1.290670 1.486886
vt 1.711722 1.397274
vt 1.712526 1.397274
vt 1.718750 1.397274
vt 1.718129 1.397274
vt 1.712766 1.397274
vt 1.725623 1.397274
vt 1.725038 1.397274
vt 1.725206 1.397274
vt 1.325752 1.788987
vt 1.683796 1.793988
vt 1.701096 1.766033
vt 1.343051 1.774446
vt 1.824358 1.721343
vt 1.616210 1.721713
vt -0.025461 2.697086
vt 1.644447 1.144214
vt 1.264990 1.902052
vt 1.644447 1.901597
vt 1.264990 1.144214
vt 1.709277 1.831170
vt 1.269417 1.825026
vt 1.269417 1.504384
vt 1.709277 1.504540
vt 1.290670 1.807162
vt 1.730530 1.796826
vt 1.616210 1.397274
vt 1.881958 1.343804
vt 1.626247 1.742380
vt 1.881958 1.741925
vt 1.626247 1.343804
vt -0.026179 2.016467
vt 4.000443 3.016467
vt -0.025461 2.356630
vt 4.000443 2.016467
vt 1.003131 2.016467
vt 4.001161 2.356630
vt 1.003848 2.356630
vt -0.026179 3.016467
vt 4.001161 2.697086
vt 1.003131 3.016467
vt 1.003849 2.697086
vt 1.750773 -1.245073
vt 1.596004 -1.244705
vt 1.000057 2.000030
vt 2.000005 1.993506
vt 1.999979 1.436320
vt 1.000028 1.446130
vt 0.693721 1.839347
vt 0.694945 1.839347
vt 0.693525 1.839347
vt 0.694719 1.839347
vt 0.694493 1.839347
vt 0.695098 1.839347
vt 1.720284 1.388904
vt 1.720284 1.397274
vt 1.720284 2.826767
vt 1.537088 1.998724
vt 1.379756 1.999097
vt 1.547873 1.816132
vt 1.391931 1.816468
vt 4.018883 0.006022
vt 4.018883 3.030587
vt -0.756121 0.006022
vt -0.756121 3.030587
vt 1.997944 1.901597
vt 1.649227 1.144214
vt -20.648993 2.079272
vt 0.693721 1.839347
vt 0.694497 1.839347
vt 0.694241 1.839347
vt 0.695088 1.839347
vt 0.694884 1.839347
vt 0.694945 1.839347
vt 0.693525 1.839347
vt 0.693853 1.839347
vt -0.000000 0.000000
vt -0.000000 0.000000
vt -0.000000 0.000000
vt -0.000000 0.000000
vt 1.625502 1.397274
vt 1.619774 1.397274
vt 1.820097 1.397274
vt 0.693885 1.839347
vt 0.694719 1.839347
vt 0.691342 0.961940
vt 2.779295 1.280540
vt 2.782147 1.131599
vt 2.809578 1.281873
vt 1.997944 1.144214
vt 1.649227 1.902052
vt 1.000000 0.000000
vt -22.160593 2.079338
vt -2.595633 2.078484
vt -24.035431 2.079429
vt -853693.750000 42.209133
vt -2.645039 2.078486
vt -853692.250000 42.209072
vt -0.000000 0.000000
vt -0.000000 0.000000
vt 1.000000 0.000000
vt -0.000000 0.000000
vt 1.000000 0.000000
vt 1.000000 0.000000
vt -0.000000 0.000000
vt 0.000000 0.000000
vt 0.984418 -3.372918
vt 2.356429 0.918099
vt 2.635246 0.912939
vt 2.945215 -3.368532
vt 2.139044 -3.461559
vt 1.952277 -3.461537
vt -0.454412 -3.295440
vt 0.110353 -3.295440
vt 3.667573 -3.368532
vt 3.066850 -3.368510
vt 0.000000 0.000000
vt 0.594062 0.000000
vt 0.594062 0.000000
vt 0.383128 0.000000
vt 0.383128 0.000000
vt 0.083335 0.000000
vt 0.250000 0.000000
vt 0.500000 0.000000
vt 9.775617 0.255712
vt 9.775617 0.255712
vt 0.120441 0.178802
vt 0.120441 0.178802
vt 0.812072 -3.186426
vt 0.266065 -3.186448
vt 0.110011 -3.286229
vt 0.821809 -3.372940
vt 2.225305 3.139901
vt 0.141988 0.157342
vt 0.141988 3.101680
vt 2.204574 0.234844
vt 1.000000 0.000000
vt -0.000000 0.000000
vt 0.250000 0.000000
vt 0.500000 0.000000
vt 0.754266 0.000000
vt 0.754266 0.000000
vt 0.650716 0.000000
vt 0.650716 0.000000
vt 0.250000 0.000000
vt 0.500000 0.000000
vt 0.476648 0.000000
vt 0.510279 0.000000
vt 0.532515 0.000000
vt 0.432088 0.000000
vt 0.556288 0.000000
vt 0.556288 0.000000
vt 0.405146 0.000000
vt 80.828575 2.074499
vt -20.247679 2.079254
vt -49688244.000000 2337.846924
vt -496981.562500 25.534739
vt -0.000000 0.000000
vt 0.729914 0.000000
vt 0.844751 0.000000
vt 0.502405 0.000000
vt 0.283775 0.000000
vt -1.155142 -0.357062
vt 0.656403 -0.355691
vt 0.656403 0.917349
vt 0.834201 0.000000
vt 0.727844 0.000000
vt 0.727844 0.000000
vt 0.432088 0.000000
vt 0.846941 0.000000
vt 0.846941 0.000000
vt 0.532515 0.000000
vt 0.834201 0.000000
vt 0.740597 0.000000
vt 0.740597 0.000000
vt 0.405146 0.000000
vt -0.000000 0.000000
vt 0.250002 0.000000
vt 0.250000 0.000000
vt 0.266065 0.687609
vt 0.266065 1.326498
vt 2.874513 1.326498
vt 2.874513 0.687609
vt 3.596871 1.326498
vt 0.812072 1.326498
vt -0.454412 0.687609
vt 2.486079 1.111083
vt 2.764895 1.105923
vt 2.874513 1.326498
vt 2.364923 1.326498
vt -0.454412 1.326498
vt 3.596871 0.687609
vt 0.694784 1.839347
vt 0.694855 1.839347
vt 0.266065 0.687609
vt 0.812072 0.687609
vt 0.974681 0.687609
vt 2.364923 1.326498
vt 0.812072 0.687609
vt 0.812072 1.326498
vt 0.266065 1.326498
vt 2.178155 0.687609
vt 2.364923 0.687609
vt 2.208211 1.239611
vt 0.973385 1.227822
vt 0.131123 1.216287
vt -0.454412 1.217511
vt 3.596871 1.219602
vt 2.996148 0.687609
vt 2.986743 1.227237
vt 0.693885 1.839347
vt 0.693853 1.839347
vt 2.486079 1.313890
vt 0.266065 1.220954
vt 0.812072 1.229048
vt 2.874513 1.226401
vt 2.364923 1.221701
vt 0.266065 1.203045
vt 0.812072 1.201555
vt 0.110362 0.687609
vt -1.155142 0.915978
vt -1.657785 1.010682
vt -1.657785 2.245608
vt 0.552389 0.000000
vt 0.552004 0.000000
vt 0.844836 0.000000
vt 0.844479 0.000000
vt 0.738652 0.000000
vt 0.738103 0.000000
vt 0.409371 0.000000
vt 0.410539 0.000000
vt -25.072023 2.079466
vt -20838410.000000 981.660217
vt -3.692948 1.000000
vt 0.021454 2.000000
vt 0.021454 1.000000
vt -3.692948 2.000000
vt 0.021447 1.999999
vt 0.021438 1.000002
vt -3.692939 1.000001
vt -3.692940 1.999998
vt 0.510279 0.000000
vt 1.616210 1.397274
vt 4.057623 1.397274
vt 1.824358 1.397274
vt 4.057623 1.237250
vt 0.476648 0.000000
vt 1.616210 1.237250
vt 1.824358 1.237250
vt 1.150480 2.057004
vt 1.119562 1.504688
vt 0.883536 1.736571
vt 1.400681 1.806803
vt -25.560242 2.079489
vt -19.800802 2.079221
vt 1.683796 1.528112
vt 1.701096 1.513869
vt 1.343051 1.513742
vt 1.343051 2.663725
vt 1.701096 2.663853
vt 1.013562 1.015206
vt 1.013562 2.250132
vt 1.720284 2.986790
vt -0.617055 1.237250
vt -0.617055 1.397274
vt -0.617055 2.826767
vt 1.824358 2.826767
vt 4.057623 2.986790
vt 4.057623 2.826767
vt -0.617055 2.986790
vt 1.616210 2.826767
vt 1.824358 -0.352266
vt 1.616210 -0.352266
vt 1.037865 1.015248
vt 1.037865 0.887717
vt 0.786340 0.887291
vt 0.786340 1.014822
vt 1.683796 1.399378
vt 1.325752 1.399251
vt 1.343051 1.385008
vt 1.701096 1.385136
vt 1.701096 0.106418
vt 1.343051 -8.264490
vt 1.343051 0.106291
vt 1.325752 0.120533
vt 1.683796 0.120661
vt 1.325752 1.527985
vt 1.683796 2.678096
vt 1.325752 2.677969
vt 0.919825 0.887525
vt 0.919825 1.015056
vt 0.822384 2.249816
vt 0.822385 1.014891
vt 0.917964 1.015053
vt 0.822404 2.249808
vt 1.013543 2.250139
vt 1.013544 1.015214
vt 0.917964 2.249977
vt 0.822404 1.014883
vt 0.008771 0.000000
vt 0.979859 0.000000
vt 0.243943 0.000000
vt 0.515690 0.000000
vt 1.037840 0.887725
vt 1.037840 1.015256
vt 0.786315 1.014830
vt 0.786314 0.887299
vt -4.501038 10.931042
vt 10.968119 -4.538106
vt -3.445742 11.986336
vt 12.023410 -3.482809
vt 1.448879 2.045147
vt 0.987340 1.045148
vt 0.987340 2.044691
vt 1.448879 1.045604
vt 0.000000 0.000000
vt 0.000000 0.000000
vt 0.500000 0.000000
vt 0.500000 0.000000
vt 0.500000 0.000000
vt 1.701096 -8.264362
vt 1.325752 -8.250250
vt 1.683796 -8.250121
vt 0.786340 0.917448
vt 0.786340 0.974501
vt 1.037865 0.917638
vt 1.037865 0.974692
vt -1.155142 0.973031
vt 2.961669 2.904529
vt 1.824358 -10.757611
vt 1.616210 -10.757611
vt 0.510279 0.000000
vt 0.476648 0.000000
vt 5.408427 3.107294
vt 4.353131 2.052001
vt -0.000000 0.000000
vt 0.500000 0.000000
vt 0.500000 0.000000
vt 1.000000 0.000000
vt 1.000000 0.000000
vt -0.000000 0.000000
vt 0.500000 0.000000
vt 0.500000 0.000000
vt -0.000000 0.000000
vt -20.247692 2.079254
vt -2.644973 2.078486
vt -20.247679 2.079254
vt -2.645038 2.078486
vt -2.645038 2.078486
vt -20.648993 2.079272
vt -24.035431 2.079429
vt -100096600.000000 4709.481445
vt -58638152.000000 2758.568604
vt -7.175797 2.986790
vt -2.821701 2.986790
vt 1.720398 1.262907
vt 1.720398 1.540227
vt 2.961669 0.874510
vt 3.555497 0.164973
vt 3.451423 0.324997
vt 1.696851 0.164973
vt 1.692007 0.324997
vt 1.611362 2.986790
vt -4.571535 1.984703
vt 8.959198 2.008996
vt 8.959198 0.983947
vt -4.571535 0.959653
vt 213.130981 2.068275
vt 101.639481 2.073520
vt 2090.738281 1.979950
vt 81.838821 2.074451
vt 206.807419 2.068572
vt 95.317070 2.073817
vt 195.672104 2.069096
vt 84.180595 2.074341
vt 5370812580233216.000000 -252647931904.000000
vt 7094075329085440.000000 -333711802368.000000
vt 8.959198 2.026292
vt -4.571535 2.001999
vt -4.571535 0.947131
vt 8.959198 0.971425
vt 0.999997 1.496867
vt 0.999997 1.044382
vt 2.126436 1.040974
vt 2.126436 1.493459
vt 0.999997 1.003414
vt 2.126436 1.000006
vt 1.000060 2.000006
vt 1.000060 1.547522
vt 2.126500 1.544114
vt 2.126500 1.996599
vt 1.000060 1.506554
vt 2.126500 1.503146
vt 0.336009 1.992409
vt 0.336009 1.541823
vt 1.999935 2.000000
vt 1.999935 1.508618
vt 0.336009 1.501028
vt 1.999935 1.549414
vt 1.999999 1.498972
vt 0.336075 1.040795
vt 1.999999 1.048386
vt 0.336075 1.491381
vt 1.999999 1.007590
vt 0.336075 1.000000
vt 2.170759 3.046300
vt 0.822164 0.955787
vt 2.170759 0.957442
vt 2.170759 3.291015
vt 2.170759 4.076339
vt 0.822164 4.074685
vt 0.822164 3.044646
vt 2.170759 3.114909
vt 1.391330 0.971588
vt 2.104036 0.971588
vt 1.391330 2.549502
vt 2.104036 2.549502
vt 1.391330 3.334167
vt 2.104036 3.334167
vt 1.655772 1.144214
vt 1.655772 1.902052
vt 1.646676 1.901597
vt 1.646676 1.144214
vt 1.655772 1.144214
vt 1.655772 1.902052
vt 1.274722 1.901749
vt 1.274722 1.901749
vt 1.273129 1.144214
vt 1.655772 1.144214
vt 1.996987 1.144214
vt 1.998580 1.901749
vt 1.996987 1.144214
vt 1.655772 1.144214
vt 1.274722 1.901749
vt 1.274722 1.901749
vt 1.273129 1.144214
vt 2.000056 1.091136
vt 2.000056 1.936041
vt 1.646443 1.936041
vt 1.646443 1.091136
vt 3.541725 1.292310
vt 3.541725 2.904767
vt 2.378355 1.540227
vt 3.541725 0.874748
vt 2.378356 1.262907
vt 3.582435 1.292327
vt 3.582435 0.874764
vt 3.582435 2.904786
vt 2.424529 1.540227
vt 2.424530 1.262907
vt 3.775038 1.292327
vt 3.775038 0.874764
vt 3.775038 2.904786
vt 2.617132 1.540227
vt 2.617133 1.262907
vt 3.472031 2.904739
vt 3.472031 1.292281
vt 2.299301 1.540227
vt 3.472031 0.874719
vt 2.299301 1.262907
vt 1.264375 2.012707
vt 1.641754 1.004868
vt 1.641754 2.012707
vt 1.264375 1.004868
vt 0.199098 0.000000
vt 0.196197 0.000000
vt 0.199043 0.000000
vt 0.196179 0.000000
vt 0.165902 0.000000
vt 0.164833 0.000000
vt 0.165220 0.000000
vt 0.164100 0.000000
vt 0.635644 0.000000
vt 1.010357 1.397274
vt 0.630655 0.000000
vt 1.010357 1.237250
vt 0.781327 0.000000
vt 0.363408 1.397274
vt 0.778489 0.000000
vt 0.321395 1.237250
vt 0.630805 0.000000
vt 0.778459 0.000000
vt 0.629298 0.000000
vt 0.783345 0.000000
vt 0.204343 0.000000
vt 0.204212 0.000000
vt 0.200871 0.000000
vt 0.201005 0.000000
vt 0.796489 0.000000
vt 0.292606 1.380005
vt 0.803047 0.000000
vt 0.262634 1.397274
vt 0.160672 0.000000
vt 0.163473 0.000000
vt 0.162548 0.000000
vt 0.162544 0.000000
vt 0.635644 0.000000
vt 0.630655 0.000000
vt 1.661290 1.397274
vt 1.690858 1.397274
vt 1.661290 1.397274
vt 1.690858 1.397274
vt 1.670857 1.397274
vt 1.671170 1.397274
vt 1.116670 1.292403
vt 1.410505 1.292270
vt 1.410505 1.384600
vt 1.116670 1.384733
vt 1.116670 1.700878
vt 1.410505 1.384600
vt 1.410505 1.700745
vt 1.116670 1.384733
vt 1.410505 1.255059
vt 1.410505 1.292270
vt 1.116670 1.255192
vt 1.116670 1.292403
vt 65247.988281 -0.988852
vt 65229.984375 -0.988066
vt -24.040775 2.079430
vt 0.797827 -1.797672
vt -5.555219 4.555373
vt 0.090720 -2.504779
vt -6.262325 3.848266
vt 0.148283 0.000000
vt 0.148204 0.000000
vt 0.148185 0.000000
vt 0.148243 0.000000
vt 1.204707 0.687609
vt 0.185000 0.000000
vt 0.185111 0.000000
vt 0.182903 0.000000
vt 0.182930 0.000000
vt 0.144907 0.000000
vt 0.145083 0.000000
vt 0.144809 0.000000
vt 0.144837 0.000000
vt 0.190475 0.000000
vt 0.187949 0.000000
vt 0.190505 0.000000
vt 0.187906 0.000000
vt 0.578798 0.000000
vt 0.582567 0.000000
vt 1.247421 1.397274
vt 0.583030 0.000000
vt 1.245595 1.237250
vt 0.560754 1.237250
vt 0.732501 0.000000
vt 0.577737 1.397274
vt 0.724029 0.000000
vt 0.579037 0.000000
vt 0.723991 0.000000
vt 0.577000 0.000000
vt 0.722227 0.000000
vt 0.578798 0.000000
vt 0.582567 0.000000
vt 1.672649 1.397274
vt 1.701279 1.397274
vt 1.672649 1.397274
vt 1.701279 1.397274
vt 0.736158 0.000000
vt 0.743907 0.000000
vt 0.590226 0.000000
vt 1.709277 1.504540
vt 1.709277 1.831170
vt 1.683796 1.793988
vt 1.683795 2.678096
vt 0.499409 0.000000
vt 0.499409 0.000000
vt 0.117958 0.000000
vt 0.118181 0.000000
vt -1.729437 1.000000
vt 0.117878 0.000000
vt 0.114029 0.000000
vt 0.114026 0.000000
vt -1.727476 2.000000
vt -0.000000 0.000000
vt -0.000000 0.000000
vt -1.759036 1.000000
vt -1.733662 2.000000
vt 1.672649 1.397274
vt 1.701279 1.397274
vt 1.672649 1.397274
vt 1.701279 1.397274
vt -20.014528 3.985176
vt -20.014528 -0.811266
vt 4.559966 -0.792589
vt 4.559966 4.003852
vt 1.257463 0.999996
vt 1.816287 1.080022
vt 1.257463 1.079277
vt 1.816287 1.000741
vt 1.816287 1.999996
vt 1.257463 1.999252
vt 1.194659 2.250438
vt 1.194659 1.015513
vt 1.215850 0.917773
vt 1.215850 0.974826
vt -1.974667 2.000000
vt -1.988433 0.999994
vt -1.807986 2.000000
vt -1.833358 0.999999
vt -1.869505 2.000000
vt -1.868063 1.000001
vt -1.933553 2.000006
vt -1.925275 1.000001
vt -1.900638 2.000007
vt -1.923767 1.000000
vt -1.841696 2.000010
vt -1.883550 1.000000
vt -1.847511 2.000004
vt -1.840514 1.000000
vt -1.728045 2.000005
vt -1.814180 1.000002
vt -1.795211 2.000000
vt -1.833118 1.000000
vt -1.703263 2.000000
vt -1.719903 0.999994
vt -1.687659 1.999999
vt -1.653479 0.999992
vt -1.672400 2.000000
vt -1.643290 0.999998
vt -1.751882 1.999998
vt -1.791430 1.000198
vt -1.785127 2.000000
vt -1.832716 1.000877
vt -1.804762 1.999998
vt -1.784004 1.000612
vt -1.881086 2.000000
vt -1.845146 1.000053
vt 0.999989 1.000081
vt 0.999989 1.000081
vt 0.164513 0.000000
vt 0.999989 1.000081
vt 0.073140 0.000000
vt 0.073359 0.000000
vt 0.068660 0.000000
vt 0.068830 0.000000
vt 0.109306 0.000000
vt 0.109307 0.000000
vt 0.106875 0.000000
vt 0.107039 0.000000
vt 0.040106 0.000000
vt 0.040733 0.000000
vt 0.033977 0.000000
vt 0.034245 0.000000
vn -0.475520 0.879705 0.000000
vn -0.475520 -0.879705 0.000000
vn -0.858929 0.512094 0.000000
vn -0.475520 0.879705 0.000000
vn -0.475520 0.879705 0.000000
vn -0.858930 -0.512094 0.000000
vn -0.858929 0.512094 0.000000
vn -0.858929 0.512094 0.000000
vn -0.475520 -0.879705 0.000000
vn -0.858930 -0.512094 0.000000
vn -0.475520 -0.879705 0.000000
vn -0.858930 -0.512094 0.000000
vn -0.475422 -0.879758 0.000000
vn -0.475422 -0.879758 0.000000
vn -0.858934 0.512087 0.000000
vn -0.475459 -0.879738 0.000000
vn -0.858912 -0.512123 0.000000
vn 0.707107 0.707107 0.000000
vn 0.000000 1.000000 0.000000
vn 0.707107 0.707107 0.000000
vn 0.000000 1.000000 0.000000
vn 1.000000 0.000000 0.000000
vn -1.000000 0.000000 0.000000
vn -1.000000 0.000000 0.000000
vn 1.000000 0.000000 0.000000
vn 1.000000 0.000000 0.000000
vn 1.000000 0.000000 0.000000
vn -1.000000 0.000002 -0.000000
vn -1.000000 0.000002 -0.000000
vn -1.000000 0.000002 0.000000
vn 0.874602 0.000000 0.484841
vn 0.874602 0.000000 0.484841
vn 0.000000 0.000000 1.000000
vn -1.000000 0.000000 0.000000
vn 0.000047 -1.000000 -0.000007
vn 1.000000 -0.000044 0.000000
vn -0.000047 -1.000000 0.000007
vn 1.000000 -0.000003 -0.000006
vn 0.000043 1.000000 0.000000
vn -1.000000 0.000041 0.000006
vn 0.000044 1.000000 0.000000
vn -1.000000 -0.000000 0.000000
vn 1.000000 -0.000044 0.000000
vn -0.000047 -1.000000 0.000007
vn 1.000000 -0.000003 -0.000006
vn 0.000043 1.000000 0.000000
vn -1.000000 0.000041 0.000006
vn 0.000044 1.000000 0.000000
vn -1.000000 -0.000000 0.000000
vn 0.000047 -1.000000 -0.000007
vn 1.000000 -0.000044 0.000000
vn -0.000047 -1.000000 0.000007
vn 1.000000 -0.000003 -0.000006
vn 0.000043 1.000000 0.000000
vn -1.000000 0.000041 0.000006
vn 0.000044 1.000000 0.000000
vn -1.000000 -0.000000 0.000000
vn -1.000000 0.000041 0.000006
vn 0.000047 -1.000000 -0.000007
vn 1.000000 -0.000044 0.000000
vn -0.000047 -1.000000 0.000007
vn 1.000000 -0.000003 -0.000006
vn 0.000043 1.000000 0.000000
vn -1.000000 0.000041 0.000006
vn 0.000044 1.000000 0.000000
vn -1.000000 -0.000000 0.000000
vn 0.000047 -1.000000 -0.000007
vn 1.000000 -0.000044 0.000000
vn -0.000047 -1.000000 0.000007
vn 1.000000 -0.000003 -0.000006
vn 0.000043 1.000000 0.000000
vn 0.000044 1.000000 0.000000
vn -1.000000 -0.000000 0.000000
vn -0.000047 -1.000000 -0.000007
vn 0.000047 -1.000000 0.000007
vn -1.000000 -0.000044 0.000000
vn -0.000044 1.000000 0.000000
vn -0.000044 1.000000 0.000000
vn 0.000002 0.000000 1.000000
vn 0.000002 0.000000 1.000000
vn -0.874600 0.000000 0.484845
vn -0.874600 0.000000 0.484845
vn 0.000000 1.000000 -0.000053
vn 0.000000 0.707125 0.707089
vn 0.000000 1.000000 0.000000
vn -0.707107 0.707107 0.000000
vn 0.000000 0.447213 0.894427
vn -1.000000 0.000000 0.000000
vn -0.904534 0.301511 0.301512
vn -1.000000 0.000000 0.000000
vn -0.707108 0.000000 0.707106
vn 0.301525 0.301515 0.904528
vn 1.000000 0.000000 0.000000
vn 0.707094 0.707119 -0.000037
vn 0.707107 0.000000 0.707107
vn 0.000000 1.000000 0.000000
vn 0.000000 1.000000 0.000000
vn 0.000000 1.000000 0.000000
vn 0.000000 1.000000 0.000000
vn 0.000000 1.000000 0.000000
vn 0.000000 1.000000 0.000000
vn 0.000000 1.000000 0.000000
vn 0.000000 1.000000 0.000000
vn 0.000000 1.000000 0.000000
vn 0.000000 1.000000 0.000000
vn 0.000000 1.000000 0.000000
vn 0.000000 1.000000 0.000000
vn 0.000000 1.000000 0.000000
vn 0.000000 1.000000 0.000000
vn 0.000000 -1.000000 0.000000
vn 0.000000 -1.000000 0.000000
vn 0.707107 0.707107 0.000000
vn 0.707107 0.707106 0.000000
vn 0.000000 -1.000000 0.000000
vn 0.000000 -1.000000 0.000000
vn 0.000000 0.000000 1.000000
vn 0.000000 0.000000 1.000000
vn 0.000000 0.000000 1.000000
vn 0.000000 0.000000 1.000000
vn 0.000000 0.000000 1.000000
vn 0.000000 0.000000 1.000000
vn 0.000000 0.000000 1.000000
vn 0.000000 0.000000 1.000000
vn 0.000000 0.000000 1.000000
vn 0.000000 -0.999995 0.003093
vn 0.000000 0.000000 1.000000
vn 0.000000 0.000000 1.000000
vn 0.000000 0.000000 -1.000000
vn 0.000000 0.000000 -1.000000
vn 0.000000 1.000000 0.000000
vn 0.000000 -1.000000 0.000000
vn 0.707107 0.707107 0.000000
vn 0.000000 -1.000000 0.000000
vn -1.000000 0.000000 0.000000
vn 0.707106 -0.707108 0.000000
vn 0.707107 -0.707107 0.000000
vn 0.707107 0.707107 0.000000
vn 0.707106 0.707108 0.000000
vn -0.707106 -0.707107 0.000000
vn -0.707107 0.707107 0.000000
vn -0.707107 -0.707107 0.000000
vn -0.707106 0.707107 0.000000
vn 0.707107 0.707107 0.000000
vn 0.707107 -0.707107 0.000000
vn -1.000000 0.000000 0.000000
vn -1.000000 0.000000 0.000000
vn -1.000000 0.000000 0.000000
vn -0.707107 -0.707107 0.000000
vn -0.707107 0.707107 0.000000
vn 0.475494 0.879719 0.000000
vn 0.475448 -0.879744 0.000000
vn 0.858922 0.512106 0.000000
vn 0.475494 0.879719 0.000000
vn 0.475494 0.879719 0.000000
vn 0.858909 -0.512129 0.000000
vn 0.858922 0.512106 0.000000
vn 0.858922 0.512106 0.000000
vn 0.475448 -0.879744 0.000000
vn 0.475448 -0.879744 0.000000
vn 0.858908 -0.512129 0.000000
vn 0.858909 -0.512129 0.000000
vn -0.475572 0.879677 0.000000
vn -0.858945 0.512069 0.000000
vn -0.475572 0.879677 0.000000
vn -0.475572 0.879677 0.000000
vn -0.858901 -0.512141 0.000000
vn -0.858944 0.512069 0.000000
vn -0.858944 0.512069 0.000000
vn -0.858901 -0.512141 0.000000
vn -0.475422 -0.879758 0.000000
vn -0.858901 -0.512141 0.000000
vn -0.475507 0.879712 0.000000
vn -0.475461 -0.879737 0.000000
vn -0.858926 0.512100 0.000000
vn -0.475507 0.879712 0.000000
vn -0.475507 0.879712 0.000000
vn -0.858912 -0.512123 0.000000
vn -0.858926 0.512100 0.000000
vn -0.858926 0.512100 0.000000
vn -0.475461 -0.879737 0.000000
vn -0.858912 -0.512123 0.000000
vn -0.475461 -0.879737 0.000000
vn -0.858912 -0.512123 0.000000
vn 1.000000 0.000000 0.000000
vn 1.000000 0.000000 0.000000
vn 1.000000 0.000000 0.000000
vn -1.000000 0.000000 0.000000
vn -1.000000 0.000000 0.000000
vn -1.000000 0.000000 0.000000
vn 0.874610 0.000000 0.484827
vn 1.000000 -0.000044 0.000000
vn -0.000047 -1.000000 0.000007
vn 1.000000 -0.000003 -0.000006
vn 0.000043 1.000000 0.000000
vn -1.000000 0.000041 0.000006
vn 0.000044 1.000000 0.000000
vn -1.000000 -0.000000 0.000000
vn 0.000047 -1.000000 -0.000007
vn 1.000000 -0.000044 0.000000
vn -0.000047 -1.000000 0.000007
vn 1.000000 -0.000003 -0.000006
vn 0.000043 1.000000 0.000000
vn -1.000000 0.000041 0.000006
vn 0.000044 1.000000 0.000000
vn -1.000000 -0.000000 0.000000
vn 0.000047 -1.000000 -0.000007
vn 0.000047 -1.000000 -0.000007
vn 1.000000 -0.000044 0.000000
vn -0.000047 -1.000000 0.000007
vn 1.000000 -0.000003 -0.000006
vn 0.000043 1.000000 0.000000
vn -1.000000 0.000041 0.000006
vn 0.000044 1.000000 0.000000
vn -1.000000 -0.000000 0.000000
vn 0.000047 -1.000000 -0.000007
vn 1.000000 -0.000044 0.000000
vn -0.000047 -1.000000 0.000007
vn 1.000000 -0.000003 -0.000006
vn 0.000043 1.000000 0.000000
vn 0.000044 1.000000 0.000000
vn -1.000000 -0.000000 0.000000
vn -0.874608 0.000000 0.484831
vn -0.874608 0.000000 0.484831
vn 0.707107 -0.000000 -0.707106
vn 0.707107 0.000000 -0.707107
vn 0.000000 1.000000 0.000000
vn 0.000000 1.000000 0.000000
vn 0.000000 1.000000 0.000000
vn 0.000000 1.000000 0.000000
vn 0.000000 1.000000 0.000000
vn 0.000000 1.000000 0.000000
vn 0.000000 1.000000 0.000000
vn 0.000000 1.000000 0.000000
vn 0.000000 1.000000 0.000000
vn 0.000000 1.000000 0.000000
vn 0.000000 1.000000 0.000000
vn 0.000000 1.000000 0.000000
vn 0.000000 1.000000 0.000000
vn 0.000000 1.000000 0.000000
vn 0.000000 1.000000 0.000000
vn 0.000000 1.000000 0.000000
vn -1.000000 0.000000 0.000000
vn 0.000000 1.000000 0.000000
vn 0.000000 1.000000 0.000000
vn 0.000000 -1.000000 0.000000
vn 0.707047 0.707166 0.000000
vn 0.000000 0.000000 1.000000
vn 0.000000 0.000000 1.000000
vn 0.000000 0.000000 1.000000
vn 0.019538 -0.006977 0.999785
vn 0.000000 0.000000 -1.000000
vn -0.022465 0.000000 -0.999748
vn -0.022465 0.000000 -0.999748
vn 0.000000 0.000000 -1.000000
vn 0.000000 0.000000 -1.000000
vn -0.000684 -0.001210 -0.999999
vn 0.003338 0.014305 -0.999892
vn 0.000000 0.022689 -0.999743
vn 0.000000 1.000000 0.000000
vn 0.000000 -1.000000 0.000000
vn 0.707047 0.707167 0.000000
vn 0.000000 -1.000000 0.000000
vn -1.000000 -0.000003 0.000000
vn -1.000000 0.000000 0.000000
vn -1.000000 -0.000003 0.000000
vn -1.000000 0.000000 0.000000
vn -1.000000 0.000000 0.000000
vn -1.000000 0.000000 0.000000
vn -1.000000 0.000000 0.000000
vn 0.707106 -0.707108 0.000000
vn 0.707107 -0.707107 0.000000
vn 0.707107 0.707107 0.000000
vn 0.707106 0.707108 0.000000
vn -0.707106 0.707107 0.000000
vn 0.707107 0.707107 0.000000
vn 0.707107 -0.707107 0.000000
vn -1.000000 0.000000 0.000000
vn -1.000000 0.000000 0.000000
vn -1.000000 0.000000 0.000000
vn -0.707107 -0.707107 0.000000
vn -0.707107 0.707107 0.000000
vn -0.707105 0.707109 0.000000
vn 1.000000 -0.000000 0.000000
vn 1.000000 -0.000000 0.000000
vn 1.000000 0.000000 0.000000
vn 1.000000 0.000000 0.000000
vn 1.000000 -0.000000 0.000000
vn 1.000000 0.000000 0.000000
vn 1.000000 0.000000 0.000000
vn 1.000000 0.000000 0.000000
vn -1.000000 0.000000 0.000000
vn -0.707106 0.000000 0.707108
vn -0.709488 -0.007499 0.704677
vn -1.000000 0.000000 0.000000
vn 0.475520 0.879705 0.000000
vn 0.475520 -0.879705 0.000000
vn 0.858929 0.512094 0.000000
vn 0.475520 0.879705 0.000000
vn 0.475520 0.879705 0.000000
vn 0.858929 -0.512094 0.000000
vn 0.858930 0.512094 0.000000
vn 0.858929 0.512094 0.000000
vn 0.475520 -0.879705 0.000000
vn 0.858929 -0.512094 0.000000
vn 0.475514 0.879708 0.000000
vn 0.475439 -0.879749 0.000000
vn 0.858928 0.512096 0.000000
vn 0.475514 0.879708 0.000000
vn 0.475514 0.879708 0.000000
vn 0.858906 -0.512134 0.000000
vn 0.858928 0.512096 0.000000
vn 0.858928 0.512097 0.000000
vn 0.475439 -0.879749 0.000000
vn 0.475439 -0.879749 0.000000
vn 0.858906 -0.512134 0.000000
vn 0.858906 -0.512133 0.000000
vn -0.475534 0.879697 0.000000
vn -0.475459 -0.879738 0.000000
vn -0.858934 0.512087 0.000000
vn -0.475534 0.879697 0.000000
vn -0.475534 0.879697 0.000000
vn -0.858912 -0.512123 0.000000
vn -0.858934 0.512087 0.000000
vn -0.858934 0.512087 0.000000
vn -0.475459 -0.879738 0.000000
vn -0.858912 -0.512124 0.000000
vn -0.475459 -0.879738 0.000000
vn -0.858912 -0.512123 0.000000
vn 1.000000 0.000000 0.000000
vn 1.000000 0.000000 0.000000
vn 1.000000 0.000000 0.000000
vn 1.000000 0.000000 0.000000
vn -1.000000 0.000000 0.000000
vn -1.000000 0.000000 0.000000
vn -1.000000 0.000000 0.000000
vn -1.000000 0.000000 0.000000
vn 1.000000 0.000003 0.000000
vn 1.000000 0.000003 -0.000000
vn 1.000000 0.000003 -0.000000
vn 1.000000 0.000003 0.000000
vn 0.874610 0.000000 0.484827
vn 1.000000 -0.000044 0.000000
vn -0.000047 -1.000000 0.000007
vn 1.000000 -0.000003 -0.000006
vn 0.000043 1.000000 0.000000
vn -1.000000 0.000041 0.000006
vn 0.000044 1.000000 0.000000
vn -1.000000 -0.000000 0.000000
vn 0.000047 -1.000000 -0.000007
vn 1.000000 -0.000044 0.000000
vn -0.000047 -1.000000 0.000007
vn 1.000000 -0.000003 -0.000006
vn 0.000043 1.000000 0.000000
vn -1.000000 0.000041 0.000006
vn 0.000044 1.000000 0.000000
vn -1.000000 -0.000000 0.000000
vn 0.000047 -1.000000 -0.000007
vn 0.874592 0.000000 0.484860
vn 0.000002 0.000000 1.000000
vn 0.000002 0.000000 1.000000
vn -0.874600 0.000000 0.484845
vn -0.707107 0.000000 0.707107
vn 0.707107 -0.000000 0.707107
vn -0.707106 0.000000 -0.707108
vn -0.707106 0.000000 0.707108
vn 0.707107 0.000000 0.707107
vn -0.707108 0.000000 -0.707106
vn 0.000000 1.000000 0.000000
vn 0.000000 1.000000 0.000000
vn 0.000000 1.000000 0.000000
vn 0.000000 1.000000 0.000000
vn 0.000000 1.000000 0.000000
vn 0.000000 1.000000 0.000000
vn 0.000000 1.000000 0.000000
vn 0.000000 1.000000 0.000000
vn 0.000000 1.000000 0.000000
vn 0.000000 1.000000 0.000000
vn 0.000000 1.000000 0.000000
vn 0.000000 1.000000 0.000000
vn 0.000000 1.000000 0.000000
vn 0.000000 1.000000 0.000000
vn 0.000000 1.000000 0.000000
vn 0.000000 1.000000 0.000000
vn 0.000000 -1.000000 0.000000
vn 0.707167 0.707047 0.000000
vn 0.000000 -1.000000 0.000000
vn 0.000000 -1.000000 0.000000
vn 0.000000 0.000000 1.000000
vn 0.000000 0.000000 1.000000
vn 0.000000 0.000000 1.000000
vn 0.000000 0.000000 1.000000
vn 0.000000 0.000000 1.000000
vn 0.000000 0.000000 1.000000
vn 0.000000 0.000000 1.000000
vn 0.000000 0.000000 1.000000
vn 0.000000 0.000000 1.000000
vn 0.019407 0.003421 0.999806
vn -0.000175 0.005641 0.999984
vn 0.000000 0.000000 -1.000000
vn 0.000000 0.000000 -1.000000
vn 0.000000 0.000000 -1.000000
vn 0.000000 0.000000 -1.000000
vn 0.000000 0.000000 -1.000000
vn 0.000000 0.000000 -1.000000
vn 0.000000 0.016249 -0.999868
vn 0.005366 -0.014974 -0.999874
vn 0.000000 0.000000 -1.000000
vn 0.000000 1.000000 0.000000
vn 0.000000 -1.000000 0.000000
vn -1.000000 -0.000004 0.000000
vn -1.000000 0.000000 0.000000
vn -1.000000 0.000001 0.000000
vn -1.000000 0.000004 0.000000
vn -1.000000 -0.000007 0.000000
vn -1.000000 0.000003 0.000000
vn 0.707107 0.707107 0.000000
vn 0.000000 -1.000000 0.000000
vn -0.707106 -0.707107 0.000000
vn -0.707107 0.707107 0.000000
vn -0.707107 -0.707107 0.000000
vn 1.000000 0.000000 0.000000
vn 1.000000 0.000000 0.000000
vn 1.000000 0.000000 0.000000
vn 0.707107 0.707107 0.000000
vn 0.707107 -0.707107 0.000000
vn 1.000000 0.000000 0.000000
vn 1.000000 -0.000000 0.000000
vn 1.000000 -0.000000 0.000000
vn 1.000000 0.000000 0.000000
vn 1.000000 0.000000 0.000000
vn -0.707111 0.707103 0.000000
vn -0.707107 0.707107 0.000000
vn -0.707107 -0.707106 0.000000
vn -0.707106 -0.707107 0.000000
vn -0.707110 -0.707103 0.000000
vn -0.707106 -0.707108 0.000000
vn -0.707107 0.707107 0.000000
vn 0.467860 0.000000 0.883802
vn 0.467098 0.000000 0.884205
vn -1.000000 0.000000 0.000000
vn -1.000000 0.000000 0.000000
vn -1.000000 0.000000 0.000000
vn -0.894295 0.002069 0.447473
vn -0.894246 -0.002840 0.447567
vn -0.707107 0.707107 0.000000
vn -0.707107 -0.707107 0.000000
vn -0.948844 0.315745 0.000000
vn -0.948897 -0.315586 0.000000
vn 0.475520 -0.879705 0.000000
vn 0.858929 -0.512094 0.000000
vn 0.475592 0.879666 0.000000
vn 0.475442 -0.879747 0.000000
vn 0.858951 0.512058 0.000000
vn 0.475592 0.879666 0.000000
vn 0.475592 0.879666 0.000000
vn 0.858907 -0.512132 0.000000
vn 0.858951 0.512058 0.000000
vn 0.858950 0.512059 0.000000
vn 0.475442 -0.879747 0.000000
vn 0.475442 -0.879747 0.000000
vn 0.858907 -0.512132 0.000000
vn 0.858907 -0.512132 0.000000
vn 0.475473 -0.879730 0.000000
vn 0.475520 0.879705 0.000000
vn 0.475473 -0.879730 0.000000
vn -1.000000 0.000000 0.000000
vn -1.000000 0.000000 0.000000
vn -1.000000 0.000000 0.000000
vn -1.000000 0.000000 0.000000
vn -1.000000 0.000000 0.000000
vn -1.000000 0.000000 0.000000
vn -1.000000 0.000000 0.000000
vn -1.000000 0.000000 0.000000
vn 1.000000 0.000000 0.000000
vn 1.000000 0.000000 0.000000
vn 1.000000 0.000000 0.000000
vn 1.000000 0.000000 0.000000
vn -0.874610 0.000000 0.484827
vn -0.874610 0.000000 0.484827
vn 0.532532 0.793259 0.295213
vn 0.874602 0.000000 0.484841
vn 0.000000 0.000000 1.000000
vn 0.000047 -1.000000 -0.000007
vn -0.000019 0.000000 1.000000
vn -0.000019 0.000000 1.000000
vn 0.874592 0.000000 0.484860
vn -0.707107 0.000000 0.707107
vn 0.707107 -0.000000 0.707107
vn -0.707106 0.000000 -0.707108
vn -0.707106 0.000000 0.707108
vn 0.707107 -0.000000 0.707106
vn 0.707107 -0.000000 -0.707106
vn 0.707107 -0.000000 -0.707107
vn -0.707108 0.000000 -0.707105
vn 0.000002 0.553532 0.832828
vn 0.000002 0.000000 1.000000
vn -0.532530 0.793259 0.295215
vn -0.316229 0.000000 0.948683
vn 0.000000 0.707107 0.707107
vn 0.000000 1.000000 0.000000
vn 0.000000 1.000000 0.000000
vn 0.000000 1.000000 0.000000
vn 0.000000 1.000000 0.000000
vn 0.000000 1.000000 0.000000
vn 0.000000 1.000000 0.000000
vn 0.707108 0.707106 0.000000
vn 0.000000 1.000000 0.000000
vn 0.577349 0.577351 0.577350
vn 0.000000 0.707107 0.707107
vn 0.000000 1.000000 0.000000
vn 0.000000 1.000000 0.000000
vn 0.000000 1.000000 0.000000
vn -1.000000 0.000000 0.000000
vn 0.000000 0.000000 -1.000000
vn 0.000000 0.000000 -1.000000
vn 0.000000 1.000000 0.000000
vn 0.000000 1.000000 0.000000
vn 0.000000 -1.000000 0.000000
vn 0.000000 -1.000000 0.000000
vn 0.000000 0.000000 1.000000
vn 0.000000 0.000000 1.000000
vn 0.000000 0.000000 1.000000
vn 0.000000 0.000000 1.000000
vn 0.000000 0.000000 1.000000
vn 0.000000 0.000000 1.000000
vn 0.000000 0.000000 1.000000
vn 0.000000 0.000000 1.000000
vn 0.000000 0.000000 1.000000
vn 0.000000 0.000000 1.000000
vn 0.000000 0.000000 1.000000
vn 0.000000 0.000000 1.000000
vn 0.000000 0.000000 -1.000000
vn 0.000000 0.000000 -1.000000
vn 0.000000 0.000000 -1.000000
vn 0.000000 0.000000 -1.000000
vn 0.000000 0.000000 -1.000000
vn 0.000000 0.000000 -1.000000
vn -0.001667 0.012086 -0.999926
vn 0.000000 0.000000 -1.000000
vn 0.000000 0.022689 -0.999743
vn 0.000000 0.000000 -1.000000
vn 0.000000 0.010642 -0.999943
vn 0.000000 0.000000 -1.000000
vn 0.000000 0.000000 -1.000000
vn -0.005447 -0.000159 -0.999985
vn 0.000000 0.000000 -1.000000
vn 0.006996 0.015331 -0.999858
vn 0.000000 1.000000 0.000000
vn -1.000000 0.000001 0.000000
vn -1.000000 0.000001 0.000000
vn -1.000000 -0.000004 0.000000
vn -1.000000 -0.000002 0.000000
vn -1.000000 0.000000 0.000000
vn -1.000000 0.000000 0.000000
vn 0.707167 0.707047 0.000000
vn 0.707106 -0.707107 0.000000
vn 0.707107 -0.707107 0.000000
vn 0.707107 0.707107 0.000000
vn 0.707106 0.707107 0.000000
vn 1.000000 0.000000 0.000000
vn 1.000000 0.000000 0.000000
vn 0.707107 0.707107 0.000000
vn -1.000000 0.000000 0.000000
vn -1.000000 0.000000 0.000000
vn -1.000000 0.000000 0.000000
vn -0.707107 0.707106 0.000000
vn -0.707107 -0.707106 0.000000
vn -0.707108 -0.707106 0.000000
vn -0.707106 -0.707108 0.000000
vn -0.707107 0.707107 0.000000
vn -0.707107 0.707107 0.000000
vn 1.000000 0.000000 0.000000
vn 1.000000 0.000000 0.000000
vn 1.000000 -0.000000 0.000000
vn 0.467098 0.000000 0.884205
vn -1.000000 0.000001 -0.000000
vn -0.704816 -0.007180 0.709354
vn -0.702438 0.014616 0.711595
vn -1.000000 0.000000 0.000000
vn 0.707107 -0.707107 0.000000
vn 0.707107 0.707107 0.000000
vn -0.707105 0.707109 0.000000
vn -0.707109 -0.707105 0.000002
vn -0.707108 -0.707106 0.000005
vn -0.707108 0.707106 0.000002
vn 0.475427 -0.879755 0.000000
vn 0.475520 0.879705 0.000000
vn 0.858929 0.512094 0.000000
vn 0.475520 0.879705 0.000000
vn 0.858916 -0.512117 0.000000
vn 0.858930 0.512094 0.000000
vn 0.858929 0.512094 0.000000
vn 0.475473 -0.879730 0.000000
vn 0.858916 -0.512117 0.000000
vn 0.858916 -0.512117 0.000000
vn 0.475554 0.879686 0.000000
vn 0.475480 -0.879727 0.000000
vn 0.475554 0.879686 0.000000
vn 0.858918 -0.512114 0.000000
vn 0.858940 0.512076 0.000000
vn 0.475480 -0.879727 0.000000
vn 0.858917 -0.512114 0.000000
vn -1.000000 0.000000 0.000000
vn -1.000000 0.000000 0.000000
vn -1.000000 0.000000 0.000000
vn -1.000000 0.000000 0.000000
vn 1.000000 0.000000 0.000000
vn 1.000000 0.000000 0.000000
vn 1.000000 0.000000 0.000000
vn 1.000000 0.000000 0.000000
vn -0.874610 0.000000 0.484827
vn -0.874610 0.000000 0.484827
vn 0.548789 0.778643 0.304213
vn 0.874610 0.000000 0.484827
vn 0.000000 0.000000 1.000000
vn 0.000000 0.000000 1.000000
vn -0.000002 0.000000 1.000000
vn 0.874608 0.000000 0.484831
vn -0.000002 0.000000 1.000000
vn 0.874608 0.000000 0.484831
vn -0.707108 0.000000 0.707106
vn -0.707107 -0.000001 -0.707107
vn -0.707107 0.000000 -0.707107
vn 0.000002 0.553531 0.832829
vn 0.000002 0.000000 1.000000
vn -0.874608 0.000000 0.484831
vn -0.548787 0.778644 0.304215
vn 0.000000 1.000000 0.000000
vn 0.000000 1.000000 0.000000
vn 0.000000 1.000000 0.000000
vn 0.000000 1.000000 0.000000
vn 0.000000 1.000000 0.000000
vn 0.000000 1.000000 0.000000
vn 0.000000 1.000000 0.000000
vn 0.000000 1.000000 0.000000
vn 0.000000 0.707107 0.707107
vn 0.000000 1.000000 0.000000
vn 0.000000 1.000000 0.000000
vn 1.000000 0.000000 0.000000
vn 0.000000 0.000000 -1.000000
vn 0.000000 0.000000 -1.000000
vn -1.000000 0.000000 -0.000000
vn -1.000000 0.000000 -0.000000
vn -1.000000 0.000000 -0.000000
vn -1.000000 0.000000 0.000000
vn -1.000000 0.000000 0.000000
vn -1.000000 0.000000 -0.000000
vn -1.000000 0.000000 -0.000000
vn -1.000000 0.000000 -0.000000
vn -1.000000 0.000000 -0.000000
vn -1.000000 0.000000 0.000000
vn -1.000000 0.000000 0.000000
vn -1.000000 0.000000 0.000000
vn 0.000000 1.000000 0.000000
vn 0.000000 1.000000 0.000000
vn 0.000000 -1.000000 0.000000
vn 0.000000 -1.000000 0.000000
vn 0.000000 0.000000 1.000000
vn 0.000000 0.000000 1.000000
vn 0.000000 0.000000 1.000000
vn 0.000000 0.000000 1.000000
vn 0.000000 0.000000 -1.000000
vn 0.000000 0.000000 -1.000000
vn 0.000000 0.000000 -1.000000
vn 0.000000 0.000000 -1.000000
vn 0.000000 0.000000 -1.000000
vn 0.000000 0.000000 -1.000000
vn 0.000000 0.000000 -1.000000
vn 0.000000 0.000000 -1.000000
vn 0.000000 0.000000 -1.000000
vn 0.000000 0.000000 -1.000000
vn 0.044187 -0.006650 -0.999001
vn 0.000000 -0.018094 -0.999836
vn 0.016153 -0.008813 -0.999831
vn 0.000000 -0.002172 -0.999998
vn 0.000000 0.010642 -0.999943
vn 0.000000 -0.002172 -0.999998
vn -0.007571 -0.001930 -0.999969
vn -0.003347 0.004448 -0.999985
vn 0.000000 -1.000000 0.000000
vn 1.000000 0.000001 0.000000
vn 1.000000 0.000006 0.000000
vn 1.000000 -0.000003 0.000000
vn 1.000000 -0.000007 0.000000
vn 1.000000 0.000000 0.000000
vn 1.000000 0.000000 0.000000
vn 1.000000 -0.000003 0.000000
vn 1.000000 0.000000 0.000000
vn 0.000000 -1.000000 0.000000
vn 0.707106 -0.707107 0.000000
vn 0.707107 -0.707107 0.000000
vn 0.707107 0.707107 0.000000
vn 0.707106 0.707107 0.000000
vn -1.000000 -0.000000 0.000000
vn -1.000000 0.000000 0.000000
vn -1.000000 0.000000 0.000000
vn 1.000000 0.000000 0.000000
vn 0.707107 -0.707107 0.000000
vn 0.707107 -0.707107 0.000000
vn 0.707107 -0.707107 0.000000
vn 0.707104 0.707110 0.000000
vn 0.707106 0.707108 0.000000
vn -1.000000 0.000000 0.000000
vn -1.000000 0.000000 0.000000
vn -1.000000 0.000000 0.000000
vn -1.000000 0.000000 0.000000
vn -1.000000 0.000000 0.000000
vn 1.000000 0.000000 0.000000
vn 0.707106 0.000000 0.707107
vn 0.707106 0.000001 0.707107
vn 1.000000 0.000001 0.000000
vn -0.707107 0.707107 0.000000
vn -0.707106 -0.707107 0.000000
vn 0.467863 0.000000 0.883801
vn -0.707107 0.707107 0.000000
vn -0.707107 0.707107 0.000000
vn -0.707107 0.707107 0.000000
vn 0.707105 -0.707108 0.000000
vn 0.707108 0.707105 0.000000
vn -0.894427 0.000000 0.447214
vn -0.894783 0.005481 0.446467
vn -0.707107 0.707107 0.000000
vn -0.707107 -0.707107 0.000002
vn -0.707107 0.707107 0.000000
vn -0.707107 -0.707107 0.000000
vn -0.948683 0.316228 -0.000000
vn -0.948267 -0.317472 0.000000
vn 1.000000 -0.000000 0.000000
vn 1.000000 -0.000000 0.000000
vn 1.000000 0.000000 0.000000
vn 1.000000 0.000000 0.000000
vn 1.000000 -0.000000 0.000000
vn 1.000000 0.000000 0.000000
vn 1.000000 0.000000 0.000000
vn 1.000000 0.000000 0.000000
vn -0.707107 0.000000 -0.707107
vn -1.000000 0.000000 0.000000
vn -0.707107 0.000000 -0.707106
vn -1.000000 0.000000 0.000000
vn 0.475520 0.879705 0.000000
vn 0.858929 0.512094 0.000000
vn 0.475520 0.879705 0.000000
vn 0.475520 0.879705 0.000000
vn 0.858902 -0.512139 0.000000
vn 0.858930 0.512094 0.000000
vn 0.858929 0.512094 0.000000
vn 0.475427 -0.879755 0.000000
vn 0.475427 -0.879755 0.000000
vn 0.858902 -0.512139 0.000000
vn 0.858902 -0.512139 0.000000
vn 0.475477 0.879728 0.000000
vn 0.475477 -0.879728 0.000000
vn 0.475477 0.879728 0.000000
vn 0.475477 -0.879728 0.000000
vn 0.858917 -0.512115 0.000000
vn 0.858940 0.512076 0.000000
vn 0.475554 0.879686 0.000000
vn 0.858940 0.512077 0.000000
vn 0.475480 -0.879727 0.000000
vn 0.858918 -0.512113 0.000000
vn 1.000000 0.000000 0.000000
vn 1.000000 0.000000 0.000000
vn -1.000000 0.000000 0.000000
vn -1.000000 0.000000 0.000000
vn -1.000000 0.000000 0.000000
vn -1.000000 0.000000 0.000000
vn 1.000000 -0.000000 0.000000
vn 1.000000 -0.000000 0.000000
vn -0.874610 0.000000 0.484827
vn -0.874610 0.000000 0.484827
vn -0.707105 -0.000001 -0.707109
vn -0.000019 0.000000 1.000000
vn 0.874592 0.000000 0.484860
vn -0.000019 0.000000 1.000000
vn 0.874592 0.000000 0.484860
vn 0.707106 0.000001 0.707108
vn -0.707106 -0.000001 0.707108
vn 0.707107 0.000000 -0.707107
vn 0.707108 0.000000 0.707106
vn 0.707107 0.000001 -0.707106
vn -0.707105 0.000000 0.707108
vn -0.707106 0.000000 0.707108
vn 0.707108 0.000000 0.707106
vn 1.000000 0.000000 0.000000
vn 0.301511 0.301510 0.904534
vn 0.707105 0.707108 0.000000
vn 1.000000 0.000000 0.000000
vn 0.000000 0.000000 -1.000000
vn 0.000000 0.000000 -1.000000
vn -1.000000 0.000000 0.000000
vn 0.000000 0.000000 -1.000000
vn 0.000000 0.000000 -1.000000
vn 0.000000 0.000000 -1.000000
vn 0.000000 0.000000 -1.000000
vn 0.000000 0.000000 -1.000000
vn 0.000000 0.016249 -0.999868
vn 0.000000 0.010241 -0.999948
vn 0.000000 -0.020535 -0.999789
vn -0.005515 -0.013836 -0.999889
vn 0.000000 -0.020535 -0.999789
vn -0.003153 0.010773 -0.999937
vn 0.000000 0.000000 -1.000000
vn 0.048025 -0.000000 -0.998846
vn 0.000000 -0.018094 -0.999836
vn 0.043908 -0.008589 -0.998999
vn 0.000000 0.005057 -0.999987
vn -0.016849 0.000000 -0.999858
vn -0.030500 0.000479 -0.999535
vn -0.001598 0.002289 -0.999996
vn 1.000000 0.000001 0.000000
vn 1.000000 -0.000005 0.000000
vn 1.000000 0.000000 0.000000
vn 1.000000 0.000000 0.000000
vn 1.000000 -0.000005 0.000000
vn 1.000000 0.000000 0.000000
vn 0.000000 1.000000 0.000000
vn 0.000000 -1.000000 0.000000
vn 0.000000 1.000000 0.000000
vn -1.000000 0.000001 0.000000
vn -1.000000 0.000000 0.000001
vn -1.000000 0.000004 0.000000
vn -1.000000 0.000003 -0.000000
vn -1.000000 0.000001 -0.000000
vn -1.000000 -0.000007 0.000001
vn -1.000000 -0.000005 0.000001
vn -1.000000 -0.000004 0.000000
vn -1.000000 -0.000004 0.000000
vn -1.000000 0.000000 0.000000
vn -1.000000 0.000003 0.000000
vn -1.000000 0.000003 0.000001
vn -1.000000 -0.000000 0.000000
vn -1.000000 -0.000000 0.000000
vn 1.000000 0.000000 0.000000
vn -1.000000 -0.000000 0.000000
vn 0.707107 -0.707107 0.000000
vn 0.707107 -0.707107 0.000000
vn 0.707108 0.707106 0.000000
vn 0.707106 0.707108 0.000000
vn -1.000000 0.000000 0.000000
vn -1.000000 0.000000 0.000000
vn -1.000000 0.000000 0.000000
vn -1.000000 0.000000 0.000000
vn -1.000000 0.000000 0.000000
vn -1.000000 0.000000 0.000000
vn 1.000000 0.000001 0.000000
vn 0.707105 0.000001 0.707108
vn 0.707106 0.000000 0.707108
vn 1.000000 0.000000 0.000000
vn 0.707111 0.707103 0.000000
vn 0.707106 0.707107 0.000000
vn 0.707107 -0.707107 0.000000
vn 0.707107 -0.707107 0.000000
vn -0.467860 0.000000 0.883802
vn -0.467098 0.000000 0.884205
vn 1.000000 0.000000 0.000000
vn 1.000000 0.000000 0.000000
vn 1.000000 0.000000 0.000000
vn -0.707107 0.707107 0.000000
vn 0.894427 0.000000 0.447214
vn 0.894427 0.000000 0.447214
vn 0.707107 0.707107 0.000000
vn 0.707107 -0.707107 0.000000
vn 0.948683 0.316228 0.000000
vn 0.948683 -0.316228 0.000000
vn 1.000000 0.000000 0.000000
vn 1.000000 -0.000000 0.000000
vn 1.000000 0.000000 0.000000
vn 1.000000 0.000000 0.000000
vn -0.707108 -0.707106 0.000006
vn -0.707107 0.000000 -0.707106
vn -0.707108 0.707106 0.000002
vn -1.000000 0.000000 0.000009
vn -0.707110 0.000000 -0.707104
vn -1.000000 0.000000 0.000000
vn 0.467100 0.000000 0.884205
vn -1.000000 0.000000 0.000000
vn -0.707105 0.000000 0.707108
vn -0.894427 0.000000 0.447214
vn -1.000000 0.000000 0.000000
vn -0.707105 0.000000 0.707109
vn -0.894427 0.000000 0.447214
vn -1.000000 0.000000 0.000000
vn -0.707107 -0.707106 0.000000
vn -0.707106 0.707108 -0.000001
vn -0.408249 -0.408248 -0.816496
vn -0.408248 0.408249 -0.816497
vn -0.707107 -0.707106 -0.000001
vn -0.701947 -0.712229 -0.000005
vn 0.858917 0.512115 0.000000
vn 0.475477 0.879728 0.000000
vn 0.858917 -0.512115 0.000000
vn 0.858917 0.512115 0.000000
vn 0.858917 0.512115 0.000000
vn 0.475477 -0.879728 0.000000
vn 0.858917 -0.512115 0.000000
vn 1.000000 0.000000 0.000000
vn 1.000000 0.000000 0.000000
vn 1.000000 0.000000 0.000000
vn 1.000000 0.000000 0.000000
vn 1.000000 0.000000 0.000000
vn 1.000000 0.000000 0.000000
vn -0.874610 0.000000 0.484827
vn -0.874610 0.000000 0.484827
vn -0.000002 0.000000 1.000000
vn 0.874608 0.000000 0.484831
vn -0.000002 0.000000 1.000000
vn 0.874608 0.000000 0.484831
vn 0.707105 0.000000 0.707108
vn -0.707106 0.000000 0.707108
vn 0.707107 0.000001 -0.707107
vn 0.707108 0.000001 0.707106
vn -0.707108 -0.000001 0.707105
vn -0.707107 0.000000 -0.707107
vn 0.707108 0.000000 -0.707106
vn 1.000000 0.000000 0.000000
vn 1.000000 -0.000151 -0.000132
vn 1.000000 0.000000 0.000000
vn 1.000000 0.000000 0.000000
vn 1.000000 0.000000 0.000000
vn 1.000000 0.000000 0.000000
vn 1.000000 0.000000 0.000000
vn 1.000000 0.000000 0.000000
vn 1.000000 0.000000 0.000000
vn 1.000000 0.000000 0.000000
vn 1.000000 0.000000 0.000000
vn 1.000000 0.000000 0.000000
vn 1.000000 0.000000 0.000000
vn 1.000000 0.000000 0.000000
vn 1.000000 0.000000 0.000000
vn 1.000000 0.000000 0.000000
vn 0.000000 0.000000 -1.000000
vn 0.000000 0.000000 -1.000000
vn -1.000000 0.000000 0.000000
vn 0.000000 0.000000 -1.000000
vn 0.000000 0.000000 -1.000000
vn -1.000000 0.000000 -0.000000
vn -1.000000 0.000000 -0.000000
vn -1.000000 0.000000 0.000000
vn -1.000000 0.000000 -0.000000
vn -1.000000 0.000000 -0.000000
vn -1.000000 0.000000 -0.000000
vn -1.000000 0.000000 0.000000
vn -1.000000 0.000000 0.000000
vn -1.000000 0.000000 -0.000000
vn -1.000000 0.000000 0.000000
vn -1.000000 0.000000 0.000000
vn -1.000000 0.000000 -0.000000
vn -1.000000 0.000000 -0.000000
vn -1.000000 0.000000 -0.000000
vn -1.000000 0.000000 -0.000000
vn -1.000000 0.000000 0.000000
vn -1.000000 0.000000 0.000000
vn -1.000000 0.000000 -0.000000
vn -1.000000 0.000000 0.000000
vn 0.000000 0.000000 1.000000
vn 0.000000 0.000000 1.000000
vn 0.000000 0.000000 -1.000000
vn 0.000000 0.000000 -1.000000
vn 0.000000 0.000000 -1.000000
vn 0.000000 0.000000 -1.000000
vn 0.000000 0.000000 -1.000000
vn 0.000000 0.000000 -1.000000
vn 0.000000 0.000000 -1.000000
vn 0.000000 0.000000 -1.000000
vn 0.000000 0.000000 -1.000000
vn 0.000000 0.000000 -1.000000
vn 0.000000 0.000000 -1.000000
vn 0.000000 0.000000 -1.000000
vn 0.000000 0.000000 -1.000000
vn 0.000000 0.000000 -1.000000
vn -0.033692 -0.005235 -0.999419
vn 0.000000 0.000000 -1.000000
vn -0.003308 -0.000514 -0.999994
vn -0.015196 -0.002361 -0.999882
vn 1.000000 0.000000 0.000000
vn 1.000000 0.000000 0.000000
vn 0.000000 0.000000 1.000000
vn 0.000000 0.000000 1.000000
vn 0.000000 0.000000 1.000000
vn 0.000000 0.000000 1.000000
vn 1.000000 0.000001 0.000000
vn 1.000000 -0.000003 0.000000
vn 0.000000 1.000000 0.000000
vn 0.000000 -1.000000 0.000000
vn -1.000000 0.000001 0.000000
vn -1.000000 0.000001 0.000000
vn -1.000000 0.000001 0.000000
vn -1.000000 0.000001 -0.000000
vn -1.000000 0.000000 0.000000
vn -1.000000 0.000000 0.000000
vn -1.000000 0.000000 0.000000
vn 0.000000 -1.000000 0.000000
vn 1.000000 0.000000 0.000000
vn 1.000000 0.000000 0.000000
vn 0.707107 0.707106 0.000000
vn 0.707106 0.707107 0.000000
vn 0.707107 -0.707107 0.000000
vn 0.707107 -0.707107 0.000000
vn -0.467863 0.000000 0.883801
vn -0.467098 0.000000 0.884205
vn 1.000000 0.000000 0.000000
vn 1.000000 0.000000 0.000000
vn 1.000000 0.000000 0.000000
vn 0.894427 0.000000 0.447214
vn 0.894427 0.000000 0.447214
vn 0.707107 0.707107 0.000000
vn 0.948683 0.316228 0.000000
vn 0.948683 -0.316228 0.000000
vn -1.000000 0.000000 0.000000
vn -1.000000 0.000000 0.000000
vn -0.707107 -0.707107 0.000000
vn 0.707102 0.707111 0.000000
vn 0.707107 -0.707106 0.000005
vn 0.707107 -0.707106 0.000002
vn 0.707108 0.707105 0.000002
vn 0.707107 0.000001 -0.707106
vn -1.000000 0.000000 0.000000
vn -1.000000 0.000000 0.000000
vn 1.000000 0.000000 0.000000
vn 1.000000 0.000000 0.000000
vn 1.000000 0.000000 0.000000
vn 1.000000 0.000000 0.000000
vn -0.707107 -0.707106 0.000000
vn -0.408249 -0.408248 -0.816496
vn -0.408248 0.408249 -0.816497
vn 0.467862 0.000000 0.883801
vn -1.000000 0.000000 0.000000
vn -0.707107 0.707107 0.000000
vn -0.707107 -0.707107 0.000000
vn -0.707110 0.707103 0.000000
vn -0.707107 -0.707107 0.000000
vn -0.708031 -0.706175 0.002932
vn -0.707108 0.707105 0.000000
vn -0.706369 0.707840 0.002297
vn -0.707105 0.707109 0.000000
vn -0.707109 0.707105 -0.000004
vn -0.707110 0.707104 0.000000
vn -0.707109 0.707105 0.000000
vn -0.706520 0.707682 0.004070
vn -0.707107 -0.707107 0.000000
vn -0.706366 -0.707843 0.002315
vn -0.706537 -0.707664 0.004075
vn -0.707108 -0.707106 -0.000018
vn -0.707120 -0.707093 0.000000
vn -0.707114 -0.707100 -0.000002
vn 1.000000 0.000000 0.000000
vn 1.000000 0.000000 0.000000
vn 1.000000 0.000000 0.000000
vn 1.000000 0.000000 0.000000
vn 1.000000 0.000000 0.000000
vn 1.000000 0.000000 0.000000
vn 1.000000 0.000000 0.000000
vn 1.000000 0.000000 0.000000
vn 1.000000 0.000000 0.000000
vn 1.000000 0.000000 0.000000
vn 1.000000 0.000000 0.000000
vn 1.000000 0.000000 0.000000
vn 1.000000 0.000000 0.000000
vn 1.000000 0.000000 0.000000
vn 1.000000 0.000000 0.000000
vn 1.000000 -0.000013 -0.000009
vn 1.000000 -0.000364 -0.000291
vn 1.000000 0.000000 0.000000
vn 1.000000 -0.000252 -0.000204
vn 1.000000 0.000000 0.000000
vn 1.000000 -0.000017 -0.000015
vn 1.000000 0.000000 0.000000
vn 1.000000 0.000000 0.000000
vn 1.000000 -0.000010 -0.000008
vn 0.000000 0.000000 -1.000000
vn 1.000000 0.000000 0.000000
vn 0.000000 0.000000 -1.000000
vn 0.000000 0.000000 -1.000000
vn 1.000000 0.000000 0.000000
vn 1.000000 0.000000 -0.000000
vn 1.000000 0.000000 -0.000000
vn 1.000000 0.000000 0.000000
vn 1.000000 0.000000 0.000000
vn 1.000000 0.000001 -0.000000
vn 1.000000 0.000001 -0.000001
vn 1.000000 0.000001 -0.000000
vn 1.000000 0.000000 0.000000
vn 1.000000 0.000000 0.000000
vn 1.000000 0.000000 0.000000
vn 1.000000 0.000000 0.000000
vn -1.000000 0.000000 0.000000
vn -1.000000 0.000001 0.000000
vn -1.000000 0.000001 0.000000
vn -1.000000 0.000000 -0.000000
vn -1.000000 0.000001 0.000000
vn -1.000000 0.000001 0.000001
vn -1.000000 0.000001 0.000000
vn -1.000000 0.000001 0.000000
vn -1.000000 0.000000 0.000000
vn -1.000000 0.000000 -0.000000
vn -1.000000 0.000000 0.000000
vn -1.000000 0.000000 0.000000
vn -1.000000 0.000001 0.000000
vn -1.000000 0.000001 0.000000
vn -1.000000 0.000000 0.000000
vn -1.000000 0.000000 0.000000
vn -1.000000 0.000000 0.000000
vn -1.000000 0.000001 0.000000
vn -1.000000 0.000001 0.000000
vn -1.000000 0.000000 0.000000
vn -1.000000 0.000001 0.000000
vn -1.000000 0.000001 0.000000
vn -1.000000 0.000000 0.000000
vn -1.000000 0.000001 0.000000
vn -1.000000 0.000001 0.000000
vn -1.000000 0.000000 0.000000
vn -1.000000 0.000000 0.000000
vn 0.000000 0.000000 1.000000
vn 0.000000 0.000000 1.000000
vn 0.000000 0.000000 1.000000
vn 0.000000 0.000000 -1.000000
vn 0.000000 0.000000 -1.000000
vn 0.000000 0.000000 -1.000000
vn 0.000000 0.000000 -1.000000
vn 0.000000 0.000000 -1.000000
vn 0.000000 0.000000 -1.000000
vn 0.000000 0.000000 -1.000000
vn 0.000000 0.000000 -1.000000
vn 0.000000 0.000000 -1.000000
vn 0.000000 0.000000 -1.000000
vn 0.000000 0.000000 -1.000000
vn 0.000000 0.000000 -1.000000
vn 0.000000 0.000000 -1.000000
vn 0.000000 0.000000 -1.000000
vn 0.000000 0.000000 -1.000000
vn 0.000000 0.000000 -1.000000
vn 0.000000 1.000000 0.000000
vn 0.000000 -1.000000 0.000000
vn -1.000000 0.000000 0.000000
vn -1.000000 -0.000002 0.000000
vn -1.000000 -0.000002 -0.000000
vn -1.000000 -0.000004 0.000000
vn -1.000000 -0.000004 -0.000000
vn 1.000000 0.000000 0.000000
vn 1.000000 0.000000 0.000000
vn -1.000000 0.000000 0.000000
vn -1.000000 0.000000 0.000000
vn -0.707104 -0.707110 0.000000
vn -0.707110 0.707104 0.000000
vn 0.707106 0.707107 0.000000
vn 0.707107 -0.707106 0.000005
vn 0.707107 -0.707106 0.000002
vn 0.707108 0.707105 0.000002
vn 0.707107 -0.707107 0.000000
vn -1.000000 0.000000 0.000000
vn -1.000000 0.000000 0.000000
vn -1.000000 0.000000 0.000000
vn -1.000000 0.000000 0.000000
vn -1.000000 0.000000 0.000000
vn -1.000000 0.000000 0.000000
vn 0.707107 -0.707107 0.000000
vn 0.707107 0.000000 -0.707107
vn 1.000000 0.000001 0.000000
vn 0.408248 -0.408248 -0.816497
vn 1.000000 0.000000 0.000000
vn 0.408249 0.408248 -0.816496
vn 0.467859 0.000000 0.883803
vn 0.467100 0.000000 0.884205
vn -0.707105 0.000000 0.707108
vn -0.894427 0.000000 0.447214
vn -1.000000 0.000000 0.000000
vn -0.707105 0.000000 0.707109
vn -1.000000 0.000000 0.000000
vn -0.894427 0.000000 0.447214
vn -0.707107 0.707107 0.000000
vn -0.707107 -0.707107 0.000000
vn -0.707107 0.707107 0.000000
vn -0.707106 -0.707107 0.000000
vn -0.710737 0.703458 -0.000001
vn -0.702998 0.711192 0.000000
vn -0.707111 0.707103 0.000000
vn -0.706556 0.707645 0.004185
vn -0.711145 -0.703045 -0.000000
vn -0.706575 -0.707626 0.004191
vn -0.707118 -0.707096 0.000000
vn -0.707113 -0.707100 -0.000003
vn -0.707109 -0.707104 -0.000006
vn 0.707107 0.707107 0.000000
vn 0.707107 -0.707107 0.000000
vn -0.708032 0.706175 0.002936
vn -0.707107 -0.707107 0.000000
vn -0.707107 0.707107 0.000000
vn -1.000000 0.000000 0.000000
vn -0.707107 0.707107 0.000000
vn -0.707107 0.707107 0.000000
vn -1.000000 0.000000 0.000000
vn 1.000000 0.000000 0.000000
vn 0.707107 0.707107 0.000000
vn 1.000000 0.000000 0.000000
vn 0.707107 0.707107 0.000000
vn -1.000000 0.000000 0.000000
vn -1.000000 0.000000 0.000000
vn -1.000000 0.000000 0.000000
vn -1.000000 0.000000 0.000000
vn 1.000000 0.000000 0.000000
vn 1.000000 0.000000 0.000000
vn 1.000000 0.000000 0.000000
vn 1.000000 0.000000 0.000000
vn 0.000000 0.000000 -1.000000
vn 0.000000 0.000000 -1.000000
vn 0.000000 0.000000 -1.000000
vn 1.000000 0.000000 0.000000
vn 1.000000 0.000000 0.000000
vn 1.000000 0.000000 0.000000
vn 1.000000 0.000000 0.000000
vn 1.000000 0.000000 0.000000
vn 1.000000 0.000000 0.000000
vn 1.000000 0.000000 0.000000
vn 1.000000 0.000000 -0.000000
vn 1.000000 0.000000 0.000000
vn -1.000000 0.000000 0.000000
vn -1.000000 0.000000 -0.000000
vn -1.000000 0.000000 -0.000000
vn -1.000000 0.000000 -0.000000
vn -1.000000 0.000000 0.000000
vn -1.000000 0.000000 -0.000000
vn -1.000000 0.000000 0.000000
vn -1.000000 0.000000 -0.000000
vn -1.000000 0.000000 0.000000
vn -1.000000 0.000000 0.000000
vn -1.000000 0.000000 0.000000
vn -1.000000 0.000000 -0.000000
vn -1.000000 0.000000 0.000000
vn -1.000000 0.000000 -0.000000
vn -1.000000 0.000000 0.000000
vn -1.000000 0.000000 -0.000000
vn -1.000000 0.000000 -0.000000
vn -1.000000 0.000000 0.000000
vn -1.000000 0.000000 0.000000
vn -1.000000 0.000000 -0.000000
vn -1.000000 0.000000 -0.000000
vn -1.000000 0.000000 -0.000000
vn -1.000000 0.000000 0.000000
vn -1.000000 0.000000 0.000000
vn -1.000000 0.000000 0.000000
vn -1.000000 0.000000 0.000000
vn 0.000000 0.000000 -1.000000
vn 0.000000 0.000000 -1.000000
vn 0.000000 0.000000 -1.000000
vn 0.000000 0.000000 -1.000000
vn 0.000000 0.000000 -1.000000
vn 0.000000 1.000000 0.000000
vn 0.000000 -1.000000 0.000000
vn 1.000000 0.000001 0.000000
vn 1.000000 0.000000 0.000000
vn 1.000000 0.000006 0.000000
vn 1.000000 0.000001 -0.000000
vn 1.000000 0.000006 -0.000001
vn 1.000000 -0.000007 -0.000000
vn 1.000000 -0.000003 -0.000000
vn 1.000000 -0.000006 0.000001
vn 1.000000 -0.000003 0.000001
vn 1.000000 0.000000 0.000000
vn 1.000000 0.000000 0.000000
vn 1.000000 0.000000 0.000000
vn 0.000000 1.000000 0.000000
vn 0.000000 1.000000 0.000000
vn 0.000000 -1.000000 0.000000
vn 0.000000 -1.000000 0.000000
vn 0.000005 0.000000 1.000000
vn 0.000005 -0.000000 1.000000
vn 0.000002 0.000000 1.000000
vn -0.000216 -0.010650 0.999943
vn -1.000000 0.000000 0.000000
vn -1.000000 0.000000 0.000000
vn -1.000000 0.000000 0.000000
vn -1.000000 0.000000 0.000000
vn -1.000000 0.000000 0.000000
vn -1.000000 0.000000 0.000000
vn 0.707106 0.000001 -0.707107
vn 1.000000 0.000000 0.000000
vn 0.408248 -0.408249 -0.816497
vn 0.707106 0.000000 -0.707107
vn 1.000000 0.000001 0.000000
vn 0.408248 0.408249 -0.816497
vn -0.467862 0.000000 0.883802
vn -0.467100 0.000000 0.884205
vn 1.000000 0.000000 0.000000
vn 0.894427 0.000000 0.447214
vn 0.707105 0.000000 0.707108
vn 1.000000 0.000000 0.000000
vn 0.707105 0.000001 0.707108
vn 0.894427 0.000000 0.447215
vn 1.000000 0.000000 0.000000
vn 1.000000 0.000001 0.000000
vn 0.707107 0.707107 0.000000
vn 0.707107 -0.707107 0.000000
vn 0.707107 -0.707107 0.000000
vn 0.707105 0.707108 -0.000002
vn 0.707107 -0.707106 -0.000001
vn 0.707109 -0.707105 -0.000006
vn 0.707108 0.707105 0.000000
vn 0.707105 -0.707108 0.000000
vn -0.708031 -0.706175 0.002931
vn -0.706294 0.707914 0.002528
vn -0.707107 0.707107 0.000000
vn -0.707109 0.707104 -0.000004
vn -0.708031 0.706175 0.002935
vn -0.707107 0.707107 0.000000
vn -0.707107 -0.707107 0.000000
vn -0.707107 0.707107 0.000000
vn -0.707107 -0.707107 0.000000
vn -0.706291 -0.707917 0.002549
vn -0.707108 -0.707105 -0.000020
vn -0.707107 -0.707107 0.000000
vn 0.447217 -0.000000 0.894425
vn 0.447217 -0.000000 0.894426
vn -0.707107 0.707107 0.000000
vn 0.442865 -0.007000 0.896561
vn 0.444268 0.005151 0.895879
vn -0.707107 -0.707107 0.000000
vn -0.707107 0.707107 0.000000
vn 0.707107 0.707107 0.000000
vn 0.707107 -0.707107 0.000000
vn -1.000000 0.000000 0.000000
vn -1.000000 0.000000 0.000000
vn -1.000000 0.000000 0.000000
vn -1.000000 0.000000 0.000000
vn -1.000000 0.000000 0.000000
vn -1.000000 0.000000 0.000000
vn -1.000000 0.000000 0.000000
vn -1.000000 0.000000 0.000000
vn -1.000000 0.000000 0.000000
vn -1.000000 0.000000 0.000000
vn -1.000000 0.000000 0.000000
vn -1.000000 0.000000 0.000000
vn 0.707107 -0.000000 0.707106
vn -0.707107 0.000000 -0.707107
vn 0.707107 -0.000000 -0.707107
vn -0.707107 0.000000 0.707107
vn 1.000000 0.000000 0.000000
vn 1.000000 0.000000 0.000000
vn 1.000000 0.000000 0.000000
vn 1.000000 0.000000 0.000000
vn 1.000000 0.000000 0.000000
vn 1.000000 0.000000 0.000000
vn 1.000000 0.000000 -0.000000
vn 1.000000 0.000000 0.000000
vn 1.000000 0.000000 0.000000
vn 1.000000 0.000000 0.000000
vn 1.000000 0.000000 0.000000
vn -1.000000 0.000000 0.000000
vn -1.000000 0.000000 0.000000
vn -1.000000 0.000000 0.000000
vn -1.000000 0.000000 0.000000
vn -1.000000 0.000000 0.000000
vn -1.000000 0.000000 0.000000
vn -1.000000 0.000000 0.000000
vn -1.000000 0.000000 0.000000
vn -1.000000 0.000000 0.000000
vn -1.000000 0.000000 0.000000
vn 1.000000 0.000000 0.000000
vn -1.000000 0.000000 0.000000
vn -1.000000 0.000001 0.000000
vn -1.000000 0.000001 -0.000000
vn -1.000000 0.000000 0.000000
vn -1.000000 0.000000 0.000000
vn -1.000000 0.000000 0.000000
vn -1.000000 0.000000 0.000000
vn 1.000000 0.000001 0.000000
vn 1.000000 0.000001 0.000000
vn 1.000000 0.000000 0.000000
vn 1.000000 0.000000 0.000000
vn 1.000000 0.000000 0.000000
vn 1.000000 0.000000 0.000000
vn -1.000000 0.000000 0.000000
vn -1.000000 0.000000 0.000000
vn -1.000000 0.000000 0.000000
vn -1.000000 0.000000 0.000000
vn 0.037049 -0.008516 0.999277
vn 0.000000 0.000000 1.000000
vn 0.000000 0.000000 -1.000000
vn -0.004475 -0.007167 0.999964
vn 0.021286 0.000000 0.999773
vn 0.000000 0.000000 -1.000000
vn 0.000000 0.000000 -1.000000
vn 0.000000 0.000000 -1.000000
vn 0.000000 0.000000 -1.000000
vn 0.000000 1.000000 0.000000
vn 0.000000 -1.000000 0.000000
vn 1.000000 0.000001 0.000000
vn 1.000000 0.000000 0.000000
vn 1.000000 0.000001 -0.000000
vn 1.000000 0.000001 -0.000000
vn 1.000000 0.000001 0.000000
vn 1.000000 -0.000003 0.000000
vn 1.000000 -0.000005 0.000000
vn 1.000000 -0.000003 -0.000000
vn 1.000000 -0.000005 -0.000001
vn 1.000000 0.000000 0.000000
vn 1.000000 0.000000 0.000000
vn 1.000000 0.000000 0.000000
vn 0.000000 -1.000000 0.000000
vn 0.000000 1.000000 0.000000
vn 0.000005 -0.000000 1.000000
vn 0.000005 -0.000000 1.000000
vn 0.000002 -0.010122 0.999949
vn -1.000000 -0.000000 0.000000
vn -0.467859 0.000000 0.883803
vn -0.467100 0.000000 0.884205
vn 1.000000 0.000001 0.000000
vn 0.894427 0.000000 0.447214
vn 0.707105 0.000001 0.707109
vn 1.000000 0.000000 0.000000
vn 0.707105 0.000000 0.707108
vn 0.894427 0.000000 0.447215
vn 1.000000 0.000000 0.000000
vn 1.000000 0.000000 0.000000
vn 0.707107 0.707107 0.000000
vn 0.707107 -0.707107 0.000000
vn 0.707107 -0.707107 0.000000
vn 0.707106 0.707107 0.000000
vn 0.707109 -0.707105 -0.000006
vn 0.707110 0.707103 -0.000000
vn 0.708031 -0.706175 0.002931
vn 0.706369 0.707840 0.002298
vn 0.707109 0.707105 0.000002
vn 0.707103 0.707111 0.000000
vn 0.707109 0.707105 -0.000004
vn 0.707110 0.707103 0.000000
vn 0.707111 0.707103 0.000000
vn 0.708032 0.706175 0.002935
vn 0.706521 0.707681 0.004071
vn 0.707107 -0.707107 0.000000
vn 0.706366 -0.707843 0.002315
vn 0.706537 -0.707665 0.004075
vn 0.707108 -0.707106 -0.000018
vn 0.707114 -0.707099 -0.000002
vn 0.707118 -0.707095 0.000000
vn 0.447217 0.000000 0.894425
vn 0.447217 -0.000000 0.894425
vn 0.447215 0.000000 0.894426
vn -0.707107 -0.707107 0.000000
vn 1.000000 0.000000 0.000000
vn -0.707107 0.707107 0.000000
vn -0.707107 -0.707107 0.000000
vn -0.707107 0.707107 0.000000
vn -0.000000 -0.707107 -0.707107
vn -0.000000 -0.707107 -0.707107
vn 0.000000 0.707110 -0.707103
vn 0.000000 0.707110 -0.707103
vn 0.577350 0.577350 0.577350
vn -0.577350 0.577350 0.577350
vn -0.577350 -0.577350 0.577350
vn -0.707106 0.707107 0.000000
vn 0.577350 -0.577350 0.577350
vn 0.917488 -0.000000 0.397763
vn 0.917488 -0.000000 0.397763
vn -0.911602 0.000000 0.411075
vn -0.911602 0.000000 0.411075
vn -0.911611 0.000000 0.411054
vn 0.707107 -0.000000 0.707106
vn -0.707107 0.000000 -0.707107
vn 0.707106 -0.000000 -0.707107
vn -0.707106 0.000000 0.707107
vn -1.000000 -0.000003 -0.000006
vn 1.000000 0.000041 0.000006
vn 1.000000 0.000000 0.000000
vn -0.000013 0.000000 1.000000
vn -0.000000 0.000000 1.000000
vn -0.917488 0.000000 0.397763
vn -0.917498 0.000000 0.397740
vn -0.935273 0.000000 -0.353926
vn -0.707107 0.000000 0.707107
vn -0.935271 0.000000 -0.353933
vn -0.935273 0.000000 -0.353926
vn -0.707107 0.000000 0.707107
vn -0.707085 0.000000 0.707128
vn 1.000000 0.000000 0.000000
vn 1.000000 0.000001 -0.000000
vn 1.000000 0.000001 -0.000001
vn 1.000000 0.000001 -0.000000
vn 1.000000 0.000000 0.000000
vn 1.000000 0.000000 -0.000000
vn 1.000000 0.000000 0.000000
vn 1.000000 0.000001 -0.000000
vn 1.000000 0.000001 0.000000
vn 1.000000 0.000000 -0.000000
vn -1.000000 0.000000 0.000000
vn -1.000000 0.000000 0.000000
vn -1.000000 0.000000 0.000000
vn -1.000000 0.000000 0.000000
vn -1.000000 0.000000 0.000000
vn -1.000000 0.000000 0.000000
vn -1.000000 0.000000 0.000000
vn -1.000000 0.000000 0.000000
vn -1.000000 0.000000 0.000000
vn 1.000000 0.000001 -0.000000
vn 1.000000 0.000000 0.000000
vn 1.000000 0.000000 0.000000
vn 1.000000 0.000000 0.000000
vn 1.000000 0.000001 0.000000
vn 1.000000 0.000001 0.000000
vn 1.000000 0.000001 0.000000
vn 1.000000 0.000001 0.000000
vn 1.000000 0.000000 0.000000
vn 1.000000 0.000000 0.000000
vn 1.000000 0.000000 0.000000
vn 1.000000 0.000000 0.000000
vn 1.000000 0.000000 0.000000
vn 1.000000 0.000000 0.000000
vn 1.000000 0.000000 0.000000
vn 1.000000 0.000000 0.000000
vn 1.000000 0.000000 0.000000
vn 1.000000 0.000000 0.000000
vn 1.000000 0.000001 0.000000
vn 1.000000 0.000001 0.000000
vn 1.000000 0.000001 0.000000
vn 1.000000 0.000001 0.000000
vn 0.000000 0.000000 1.000000
vn 0.000000 0.000000 1.000000
vn -0.042550 -0.027097 -0.998727
vn 0.000000 0.000000 1.000000
vn 0.000000 0.000000 -1.000000
vn 0.000000 0.000000 1.000000
vn 0.000000 0.000000 -1.000000
vn 0.000000 0.000000 -1.000000
vn 0.000000 0.000000 -1.000000
vn 0.000000 1.000000 0.000000
vn 0.000000 1.000000 0.000000
vn 0.000000 -1.000000 0.000000
vn 0.000000 -1.000000 0.000000
vn 0.000000 1.000000 0.000000
vn -0.000005 0.000000 1.000000
vn -0.000005 -0.000000 1.000000
vn 0.000458 0.020555 0.999789
vn 0.707106 0.707107 0.000000
vn 0.707107 -0.707107 0.000000
vn 0.706368 0.707841 0.002299
vn 0.707108 0.707106 -0.000001
vn 0.707107 0.707107 0.000000
vn 0.707109 0.707105 -0.000004
vn 0.707110 0.707103 0.000000
vn 0.707107 0.707107 0.000000
vn 0.706520 0.707681 0.004070
vn 0.707107 -0.707107 0.000000
vn 0.707107 -0.707106 -0.000000
vn 0.706365 -0.707844 0.002318
vn 0.706538 -0.707663 0.004075
vn 0.707108 -0.707106 -0.000018
vn 0.707114 -0.707099 -0.000002
vn 0.707118 -0.707095 0.000000
vn -0.447217 0.000000 0.894425
vn -0.447217 0.000000 0.894426
vn -0.707107 -0.707107 0.000000
vn -0.707107 0.707107 0.000000
vn 0.707107 0.707107 0.000000
vn 0.707107 -0.707107 0.000000
vn -0.707107 -0.707107 0.000000
vn -0.707107 -0.707107 0.000000
vn -0.707107 0.707107 0.000000
vn -0.707107 0.707107 0.000000
vn 0.455649 0.013444 0.890058
vn 0.577350 0.577350 0.577350
vn -0.707107 -0.707107 0.000000
vn -0.577350 0.577350 0.577350
vn -0.577350 -0.577350 0.577350
vn -0.707107 0.707107 0.000000
vn 0.707107 0.707107 0.000000
vn 0.707107 -0.707107 0.000000
vn 0.577350 -0.577350 0.577350
vn 1.000000 -0.000000 0.000000
vn 1.000000 0.000000 0.000000
vn 1.000000 0.000000 0.000000
vn 1.000000 0.000000 0.000000
vn 1.000000 0.000000 0.000000
vn 0.917498 -0.000000 0.397740
vn 0.917498 -0.000000 0.397740
vn -0.917498 0.000000 0.397740
vn -0.917488 0.000000 0.397763
vn -0.935273 0.000000 -0.353926
vn -0.707107 0.000000 0.707107
vn -0.935273 0.000000 -0.353926
vn -0.935273 0.000000 -0.353926
vn -0.707107 0.000000 0.707107
vn -0.707107 0.000000 0.707107
vn -1.000000 -0.000003 -0.000006
vn 1.000000 0.000041 0.000006
vn 1.000000 0.000000 0.000000
vn -0.000047 -1.000000 -0.000007
vn 0.000047 -1.000000 0.000007
vn -1.000000 -0.000044 0.000000
vn -1.000000 -0.000003 -0.000006
vn -0.000044 1.000000 0.000000
vn -0.000044 1.000000 0.000000
vn 1.000000 0.000041 0.000006
vn 1.000000 0.000000 0.000000
vn -0.000047 -1.000000 -0.000007
vn 0.000047 -1.000000 0.000007
vn -1.000000 -0.000044 0.000000
vn -0.000044 1.000000 0.000000
vn -0.000044 1.000000 0.000000
vn 1.000000 0.000000 0.000000
vn 1.000000 0.000000 0.000000
vn 1.000000 0.000000 0.000000
vn 1.000000 0.000000 0.000000
vn 1.000000 0.000000 0.000000
vn 1.000000 0.000000 0.000000
vn 1.000000 0.000000 0.000000
vn 1.000000 0.000000 0.000000
vn 1.000000 0.000000 0.000000
vn 1.000000 0.000000 0.000000
vn -1.000000 0.000000 0.000000
vn -1.000000 0.000000 0.000000
vn -1.000000 0.000000 0.000000
vn -1.000000 0.000000 0.000000
vn -1.000000 0.000000 0.000000
vn 1.000000 0.000001 0.000000
vn 1.000000 0.000001 0.000000
vn 1.000000 0.000001 0.000000
vn 1.000000 0.000001 0.000000
vn 1.000000 0.000001 0.000000
vn 1.000000 0.000001 0.000000
vn 1.000000 0.000001 0.000000
vn 1.000000 0.000000 0.000000
vn 1.000000 0.000000 0.000000
vn 1.000000 0.000000 0.000000
vn 1.000000 0.000000 0.000000
vn 1.000000 0.000000 0.000000
vn 1.000000 0.000000 0.000000
vn 1.000000 0.000000 0.000000
vn 1.000000 0.000000 0.000000
vn 0.000000 0.000000 1.000000
vn 0.000000 0.000000 1.000000
vn 0.000000 0.000000 -1.000000
vn 0.000000 0.000000 1.000000
vn 0.000000 0.000000 1.000000
vn 0.000000 0.000000 -1.000000
vn 0.000000 0.000000 -1.000000
vn 0.000000 0.000000 -1.000000
vn 0.000000 0.000000 -1.000000
vn 0.000000 0.000000 -1.000000
vn 0.000000 1.000000 0.000000
vn 0.000000 1.000000 0.000000
vn 0.000000 -1.000000 0.000000
vn 0.000000 -1.000000 0.000000
vn 0.000000 -1.000000 0.000000
vn 0.000000 1.000000 0.000000
vn 0.000000 1.000000 0.000000
vn 0.000000 1.000000 0.000000
vn 0.000000 -1.000000 0.000000
vn 0.000000 -1.000000 0.000000
vn -0.000005 0.000000 1.000000
vn -0.000002 0.000000 1.000000
vn -0.000002 -0.000000 1.000000
vn -0.447217 -0.000000 0.894426
vn -0.707104 -0.707110 0.000000
vn -0.707110 0.707104 0.000000
vn 0.708031 -0.706176 0.002931
vn 0.708032 0.706175 0.002935
vn 0.707107 0.707107 0.000000
vn 0.707107 -0.707107 0.000000
vn 0.707107 -0.707107 0.000000
vn 0.707107 -0.707107 0.000000
vn 0.707107 0.707107 0.000000
vn 0.707107 0.707107 0.000000
vn -0.447215 0.000000 0.894426
vn -0.447215 0.000000 0.894426
vn 0.707107 -0.707107 0.000000
vn 0.577350 -0.577350 0.577350
vn 0.707107 0.707107 0.000000
vn -0.707107 -0.707106 0.000000
vn -0.707106 0.707107 0.000000
vn -0.707107 -0.707107 0.000000
vn 1.000000 0.000000 0.000000
vn 1.000000 -0.000000 0.000000
vn 1.000000 0.000000 0.000000
vn 1.000000 0.000000 0.000000
vn 1.000000 0.000000 0.000000
vn 1.000000 0.000000 0.000000
vn -0.707107 0.707107 0.000000
vn -0.000000 -0.707107 -0.707107
vn -0.000000 -0.707107 -0.707107
vn 0.000000 0.707107 -0.707107
vn 0.000000 0.707107 -0.707107
vn -0.707106 0.707107 0.000000
vn -0.707107 -0.707107 0.000000
vn -0.707107 -0.707107 0.000000
vn -0.707107 0.707107 0.000000
vn -0.707107 0.707107 0.000000
vn -0.911602 0.000000 0.411074
vn -0.911602 0.000000 0.411075
vn -0.911602 0.000000 0.411075
vn 0.917478 0.000000 0.397786
vn 0.917498 0.000000 0.397740
vn 0.935273 0.000000 -0.353926
vn 0.707107 0.000000 0.707107
vn -0.707107 -0.000000 0.707107
vn 0.707107 0.000000 -0.707106
vn -0.707107 -0.000000 -0.707107
vn 0.935271 0.000001 -0.353933
vn 0.707107 0.000000 0.707107
vn 0.935273 0.000000 -0.353926
vn -1.000000 -0.000044 0.000000
vn -1.000000 -0.000003 -0.000006
vn 1.000000 0.000041 0.000006
vn 1.000000 0.000000 0.000000
vn -0.000047 -1.000000 -0.000007
vn 0.000047 -1.000000 0.000007
vn -1.000000 -0.000044 0.000000
vn -1.000000 -0.000003 -0.000006
vn -0.000044 1.000000 0.000000
vn -0.000044 1.000000 0.000000
vn 1.000000 0.000041 0.000006
vn 1.000000 0.000000 0.000000
vn 0.000013 -0.000000 1.000000
vn -0.000000 -0.000000 1.000000
vn -1.000000 -0.000003 -0.000006
vn 1.000000 0.000041 0.000006
vn 1.000000 0.000000 0.000000
vn -0.000047 -1.000000 -0.000007
vn 0.000047 -1.000000 0.000007
vn -1.000000 -0.000044 0.000000
vn -1.000000 -0.000003 -0.000006
vn -0.000044 1.000000 0.000000
vn -0.000044 1.000000 0.000000
vn 1.000000 0.000041 0.000006
vn 1.000000 0.000000 0.000000
vn -0.000047 -1.000000 -0.000007
vn 0.000047 -1.000000 0.000007
vn -1.000000 -0.000044 0.000000
vn -0.000044 1.000000 0.000000
vn -0.000044 1.000000 0.000000
vn -0.917484 -0.003129 0.397761
vn -0.917498 0.000000 0.397740
vn 1.000000 0.000000 0.000000
vn 1.000000 0.000000 0.000000
vn 1.000000 0.000000 0.000000
vn 1.000000 0.000000 0.000000
vn 1.000000 0.000000 0.000000
vn 1.000000 0.000000 0.000000
vn 1.000000 0.000001 0.000000
vn 1.000000 0.000001 0.000000
vn 1.000000 0.000000 0.000000
vn -1.000000 0.000000 0.000000
vn -1.000000 0.000000 -0.000000
vn -1.000000 0.000000 0.000000
vn 0.000000 0.000000 -1.000000
vn 0.000000 0.000000 -1.000000
vn 0.000000 0.000000 -1.000000
vn 0.000000 0.000000 -1.000000
vn 1.000000 0.000000 0.000000
vn 1.000000 0.000000 0.000000
vn 1.000000 0.000000 0.000000
vn 1.000000 0.000000 0.000000
vn 0.000000 0.000000 1.000000
vn 0.000000 0.000000 1.000000
vn 0.000000 0.000000 -1.000000
vn 0.000000 0.000000 1.000000
vn -0.043706 -0.008995 -0.999004
vn 0.021282 -0.007081 0.999748
vn 0.000000 0.000000 -1.000000
vn 0.000000 0.000000 -1.000000
vn 0.000000 0.000000 -1.000000
vn 0.000000 0.000000 -1.000000
vn 0.000000 1.000000 0.000000
vn 0.000000 1.000000 0.000000
vn 0.000000 -1.000000 0.000000
vn 0.000000 -1.000000 0.000000
vn 0.000000 -1.000000 0.000000
vn 0.000000 1.000000 0.000000
vn 0.000000 1.000000 0.000000
vn 0.000000 1.000000 0.000000
vn 0.000000 -1.000000 0.000000
vn -0.000005 0.000000 1.000000
vn -0.000002 0.000000 1.000000
vn -0.000002 0.000000 1.000000
vn 0.707107 -0.707107 0.000000
vn -0.447217 0.000000 0.894425
vn 0.707107 -0.707107 0.000000
vn 0.707107 0.707107 0.000000
vn 0.707107 0.707107 0.000000
vn -0.447215 0.000000 0.894426
vn -0.447215 -0.000000 0.894426
vn 0.707107 -0.707107 0.000000
vn -0.707107 -0.707106 0.000000
vn -0.707106 0.707107 0.000000
vn 0.707107 -0.707107 0.000000
vn -1.000000 0.000000 0.000000
vn -1.000000 0.000000 0.000000
vn -1.000000 0.000000 0.000000
vn -1.000000 0.000000 0.000000
vn -1.000000 0.000000 0.000000
vn -1.000000 0.000000 0.000000
vn 0.707107 0.707107 0.000000
vn -0.577351 0.577350 0.577350
vn 0.577350 0.577350 0.577350
vn 0.707107 0.707107 0.000000
vn -0.577350 -0.577350 0.577350
vn -0.707107 0.707107 0.000000
vn -0.707107 0.707107 0.000000
vn -0.707107 -0.707107 0.000000
vn 1.000000 -0.000000 0.000000
vn 1.000000 0.000000 0.000000
vn 1.000000 0.000000 0.000000
vn 1.000000 0.000000 0.000000
vn 1.000000 0.000000 0.000000
vn 1.000000 0.000000 0.000000
vn -0.707107 0.707107 0.000000
vn -1.000000 0.000000 0.000000
vn -1.000000 0.000000 0.000000
vn -1.000000 0.000000 0.000000
vn -1.000000 0.000000 0.000000
vn -1.000000 0.000000 0.000000
vn -1.000000 0.000000 0.000000
vn -0.917478 -0.000000 0.397786
vn -0.917498 -0.000000 0.397740
vn 0.911602 0.000000 0.411075
vn 0.911602 0.000000 0.411075
vn 0.911611 0.000001 0.411054
vn 0.917489 -0.000000 0.397761
vn 0.917485 -0.003076 0.397759
vn -0.707107 -0.000000 0.707107
vn 0.707107 0.000000 -0.707106
vn -0.707107 -0.000000 -0.707107
vn 0.935273 0.000000 -0.353926
vn 0.707107 0.000000 0.707107
vn 0.935273 0.000000 -0.353926
vn -1.000000 0.000041 0.000006
vn -1.000000 -0.000000 0.000000
vn 0.000047 -1.000000 -0.000007
vn 1.000000 -0.000044 0.000000
vn -0.000047 -1.000000 0.000007
vn 1.000000 -0.000003 -0.000006
vn 0.000043 1.000000 0.000000
vn -1.000000 0.000041 0.000006
vn 0.000044 1.000000 0.000000
vn -1.000000 -0.000000 0.000000
vn 0.000035 -0.000000 1.000000
vn -0.000035 0.000000 1.000000
vn 0.707085 0.000001 0.707129
vn 0.707106 0.000000 0.707107
vn -1.000000 -0.000044 0.000000
vn -1.000000 -0.000003 -0.000006
vn 1.000000 0.000041 0.000006
vn 1.000000 0.000000 0.000000
vn -0.000047 -1.000000 -0.000007
vn 0.000047 -1.000000 0.000007
vn -1.000000 -0.000044 0.000000
vn -1.000000 -0.000003 -0.000006
vn -0.000044 1.000000 0.000000
vn -0.000044 1.000000 0.000000
vn 1.000000 0.000041 0.000006
vn 1.000000 0.000000 0.000000
vn -0.000047 -1.000000 -0.000007
vn 0.000047 -1.000000 0.000007
vn -0.000044 1.000000 0.000000
vn -0.000044 1.000000 0.000000
vn -0.000047 -1.000000 -0.000007
vn 0.000047 -1.000000 0.000007
vn -1.000000 -0.000044 0.000000
vn -1.000000 -0.000003 -0.000006
vn -0.000044 1.000000 0.000000
vn -0.000044 1.000000 0.000000
vn 1.000000 0.000041 0.000006
vn 1.000000 0.000000 0.000000
vn -0.000047 -1.000000 -0.000007
vn 0.000047 -1.000000 0.000007
vn -1.000000 -0.000044 0.000000
vn -0.000044 1.000000 0.000000
vn -0.000044 1.000000 0.000000
vn 1.000000 0.000041 0.000006
vn 1.000000 0.000000 0.000000
vn -0.000047 -1.000000 -0.000007
vn 0.000047 -1.000000 0.000007
vn -1.000000 -0.000044 0.000000
vn -1.000000 -0.000003 -0.000006
vn -0.000044 1.000000 0.000000
vn -0.000044 1.000000 0.000000
vn 1.000000 0.000041 0.000006
vn 1.000000 0.000000 0.000000
vn -0.000011 -0.000000 1.000000
vn 0.000018 -0.007798 0.999970
vn 1.000000 0.000000 0.000000
vn 1.000000 0.000000 0.000000
vn 1.000000 0.000001 0.000000
vn 1.000000 0.000001 0.000000
vn 1.000000 0.000000 0.000000
vn 1.000000 0.000000 0.000000
vn 1.000000 0.000000 0.000000
vn -1.000000 0.000000 0.000000
vn -1.000000 0.000000 0.000000
vn -1.000000 0.000000 -0.000000
vn -1.000000 0.000000 -0.000000
vn 0.000000 0.000000 1.000000
vn 0.000000 0.000000 1.000000
vn 0.000000 0.000000 1.000000
vn 0.000000 0.000000 1.000000
vn 0.000000 0.000000 1.000000
vn 0.000000 0.000000 1.000000
vn 0.000000 0.000000 1.000000
vn 0.000000 0.000000 -1.000000
vn 0.000000 0.000000 -1.000000
vn 0.000000 0.000000 -1.000000
vn 0.000000 0.000000 -1.000000
vn 0.000000 -1.000000 0.000000
vn 0.000000 1.000000 0.000000
vn 0.000000 1.000000 0.000000
vn 0.000000 1.000000 0.000000
vn 0.000000 -1.000000 0.000000
vn 0.000000 -1.000000 0.000000
vn 0.000000 1.000000 0.000000
vn 0.707107 -0.707107 0.000000
vn -1.000000 0.000000 0.000000
vn -1.000000 0.000000 0.000000
vn -1.000000 0.000000 0.000000
vn -1.000000 0.000000 0.000000
vn -1.000000 0.000000 0.000000
vn -1.000000 0.000000 0.000000
vn 0.707107 0.707107 0.000000
vn -0.577351 0.577350 0.577350
vn 0.577350 -0.577350 0.577350
vn 0.577350 0.577350 0.577350
vn 0.707107 0.707107 0.000000
vn 0.707107 0.707107 0.000000
vn -0.577350 -0.577351 0.577350
vn 0.707107 -0.707107 0.000000
vn 0.707107 -0.707107 0.000000
vn 0.707107 0.707107 0.000000
vn 0.707107 0.707107 0.000000
vn 1.000000 -0.000000 0.000000
vn 1.000000 0.000000 0.000000
vn 1.000000 0.000000 0.000000
vn 1.000000 0.000000 0.000000
vn 1.000000 0.000000 0.000000
vn -0.707107 0.707107 0.000000
vn -1.000000 0.000000 0.000000
vn -1.000000 0.000000 0.000000
vn -1.000000 0.000002 0.000000
vn -1.000000 0.000002 -0.000000
vn -1.000000 0.000002 -0.000000
vn -1.000000 0.000002 0.000000
vn -0.917498 -0.000000 0.397740
vn -0.917498 -0.000000 0.397740
vn 0.911602 0.000001 0.411075
vn 0.911601 0.000000 0.411076
vn 0.911603 0.000000 0.411072
vn 0.917496 -0.002718 0.397736
vn 0.917483 0.006470 0.397722
vn 0.000047 -1.000000 -0.000007
vn 1.000000 -0.000044 0.000000
vn -0.000047 -1.000000 0.000007
vn 1.000000 -0.000003 -0.000006
vn 0.000043 1.000000 0.000000
vn -1.000000 0.000041 0.000006
vn 0.000044 1.000000 0.000000
vn -1.000000 -0.000000 0.000000
vn 0.000003 0.000000 1.000000
vn 0.917498 0.000000 0.397740
vn -0.000003 -0.000000 1.000000
vn 0.917498 0.000000 0.397740
vn 0.935273 0.000001 -0.353926
vn 0.707106 0.000001 0.707107
vn 0.707106 0.000000 0.707107
vn 0.707107 0.000000 0.707107
vn -1.000000 0.000041 0.000006
vn -1.000000 -0.000000 0.000000
vn 0.000047 -1.000000 -0.000007
vn 1.000000 -0.000044 0.000000
vn -0.000047 -1.000000 0.000007
vn 1.000000 -0.000003 -0.000006
vn 0.000043 1.000000 0.000000
vn -1.000000 0.000041 0.000006
vn 0.000044 1.000000 0.000000
vn -1.000000 -0.000000 0.000000
vn 0.000047 -1.000000 -0.000007
vn 1.000000 -0.000044 0.000000
vn -0.000047 -1.000000 0.000007
vn 1.000000 -0.000003 -0.000006
vn 0.000043 1.000000 0.000000
vn 0.000044 1.000000 0.000000
vn -1.000000 -0.000044 0.000000
vn -1.000000 -0.000003 -0.000006
vn 1.000000 0.000041 0.000006
vn 1.000000 0.000000 0.000000
vn -0.000047 -1.000000 -0.000007
vn 0.000047 -1.000000 0.000007
vn -1.000000 -0.000044 0.000000
vn -1.000000 -0.000003 -0.000006
vn -0.000044 1.000000 0.000000
vn -0.000044 1.000000 0.000000
vn 1.000000 0.000041 0.000006
vn 1.000000 0.000000 0.000000
vn -0.000047 -1.000000 -0.000007
vn 0.000047 -1.000000 0.000007
vn -0.000044 1.000000 0.000000
vn -0.000044 1.000000 0.000000
vn -1.000000 -0.000003 -0.000006
vn 1.000000 0.000041 0.000006
vn 1.000000 0.000000 0.000000
vn 0.000015 -0.006834 0.999977
vn -0.000001 0.016270 0.999868
vn -0.917479 0.006474 0.397732
vn -0.917485 -0.002719 0.397761
vn -0.000047 -1.000000 -0.000007
vn 0.000047 -1.000000 0.000007
vn -1.000000 -0.000044 0.000000
vn -1.000000 -0.000003 -0.000006
vn -0.000044 1.000000 0.000000
vn -0.000044 1.000000 0.000000
vn 1.000000 0.000041 0.000006
vn 1.000000 0.000000 0.000000
vn -0.000047 -1.000000 -0.000007
vn 0.000047 -1.000000 0.000007
vn -1.000000 -0.000044 0.000000
vn -1.000000 -0.000003 -0.000006
vn -0.000044 1.000000 0.000000
vn -0.000044 1.000000 0.000000
vn 0.707566 0.706647 0.000000
vn 0.707566 0.706647 0.000000
vn 0.707107 0.707107 0.000000
vn -0.707107 0.707107 0.000000
vn -0.707107 0.707107 0.000000
vn 0.707107 0.707107 0.000000
vn 1.000000 0.000000 0.000000
vn 1.000000 0.000000 0.000000
vn 1.000000 0.000000 0.000000
vn 1.000000 0.000000 0.000000
vn 1.000000 0.000000 0.000000
vn 1.000000 0.000001 0.000000
vn 1.000000 0.000001 0.000000
vn 0.000000 0.000000 -1.000000
vn 0.000000 0.000000 -1.000000
vn 0.000000 0.000000 -1.000000
vn 0.000000 0.000000 -1.000000
vn 0.000000 1.000000 0.000000
vn 0.000000 0.000000 1.000000
vn 0.000000 0.000000 1.000000
vn 0.000000 0.000000 1.000000
vn 0.000000 0.000000 1.000000
vn 0.000000 0.000000 -1.000000
vn 0.000000 0.000000 1.000000
vn 0.000000 0.000000 1.000000
vn 0.000000 0.000000 1.000000
vn 0.000000 0.000000 1.000000
vn 0.000000 0.000000 1.000000
vn -0.000159 -0.005797 0.999983
vn 0.000000 0.000000 1.000000
vn 0.001809 -0.003376 0.999993
vn -0.706648 0.707566 0.000000
vn -0.706648 0.707566 0.000000
vn -0.707107 -0.707107 0.000000
vn 0.707107 -0.707107 0.000000
vn 0.707107 -0.707107 0.000000
vn -0.707107 -0.707107 0.000000
vn 0.707107 -0.707107 0.000000
vn -0.707107 -0.707107 0.000000
vn 0.000000 1.000000 0.000000
vn 0.000000 1.000000 0.000000
vn 0.000000 -1.000000 0.000000
vn 0.000000 -1.000000 0.000000
vn 0.000000 -1.000000 0.000000
vn 0.000000 1.000000 0.000000
vn 0.000000 1.000000 0.000000
vn 0.000000 -1.000000 0.000000
vn -0.707106 0.707108 0.000000
vn 0.707219 -0.706995 0.000000
vn 0.707107 -0.707107 0.000000
vn 0.707107 0.707107 0.000000
vn 0.707107 -0.707107 0.000000
vn -1.000000 0.000000 0.000000
vn -1.000000 0.000000 0.000000
vn -1.000000 0.000000 0.000000
vn 0.707107 0.707107 0.000000
vn 1.000000 0.000000 0.000000
vn -0.707107 -0.707107 0.000000
vn -0.707107 0.707107 0.000000
vn 0.707168 -0.707046 0.000005
vn 0.707221 -0.706992 0.000005
vn -0.475507 0.879712 0.000000
vn -0.475461 -0.879737 0.000000
vn -0.475507 0.879712 0.000000
vn -0.475461 -0.879737 0.000000
vn -0.858912 -0.512122 0.000000
vn 0.000000 0.000000 1.000000
vn 0.000000 0.000000 1.000000
vn 0.000000 0.000000 1.000000
vn 0.000000 0.000000 1.000000
vn -1.000000 0.000000 0.000000
vn -1.000000 0.000000 0.000000
vn -1.000000 0.000000 0.000000
vn -1.000000 0.000000 0.000000
vn -0.917479 -0.000000 0.397784
vn -0.917499 -0.000000 0.397738
vn 0.000047 -1.000000 -0.000007
vn 1.000000 -0.000044 0.000000
vn -0.000047 -1.000000 0.000007
vn 1.000000 -0.000003 -0.000006
vn 0.000043 1.000000 0.000000
vn -1.000000 0.000041 0.000006
vn 0.000044 1.000000 0.000000
vn -1.000000 -0.000000 0.000000
vn 0.000047 -1.000000 -0.000007
vn 1.000000 -0.000044 0.000000
vn -0.000047 -1.000000 0.000007
vn 1.000000 -0.000003 -0.000006
vn 0.000043 1.000000 0.000000
vn -1.000000 0.000041 0.000006
vn 0.000044 1.000000 0.000000
vn -1.000000 -0.000000 0.000000
vn -1.000000 0.000041 0.000006
vn -1.000000 -0.000000 0.000000
vn 0.000047 -1.000000 -0.000007
vn 1.000000 -0.000044 0.000000
vn -0.000047 -1.000000 0.000007
vn 1.000000 -0.000003 -0.000006
vn 0.000043 1.000000 0.000000
vn -1.000000 0.000041 0.000006
vn 0.000044 1.000000 0.000000
vn -1.000000 -0.000000 0.000000
vn 0.000047 -1.000000 -0.000007
vn 1.000000 -0.000044 0.000000
vn -0.000047 -1.000000 0.000007
vn 1.000000 -0.000003 -0.000006
vn 0.000043 1.000000 0.000000
vn 0.000044 1.000000 0.000000
vn -1.000000 0.000041 0.000006
vn 0.000034 -0.000000 1.000000
vn 0.917478 0.000000 0.397786
vn -0.000036 0.000000 1.000000
vn 0.917498 0.000000 0.397740
vn -0.000047 -1.000000 -0.000007
vn 0.000047 -1.000000 0.000007
vn -0.000044 1.000000 0.000000
vn -0.000044 1.000000 0.000000
vn -1.000000 -0.000003 -0.000006
vn 1.000000 0.000041 0.000006
vn 1.000000 0.000000 0.000000
vn -0.000047 -1.000000 -0.000007
vn 0.000047 -1.000000 0.000007
vn -1.000000 -0.000044 0.000000
vn -1.000000 -0.000003 -0.000006
vn -0.000044 1.000000 0.000000
vn -0.000044 1.000000 0.000000
vn 1.000000 0.000041 0.000006
vn 1.000000 0.000000 0.000000
vn -0.000047 -1.000000 -0.000007
vn 0.000047 -1.000000 0.000007
vn -1.000000 -0.000044 0.000000
vn -0.000044 1.000000 0.000000
vn -0.000044 1.000000 0.000000
vn 1.000000 0.000041 0.000006
vn 1.000000 0.000000 0.000000
vn -0.000047 -1.000000 -0.000007
vn 0.000047 -1.000000 0.000007
vn -1.000000 -0.000044 0.000000
vn -1.000000 -0.000003 -0.000006
vn -0.000044 1.000000 0.000000
vn -0.000044 1.000000 0.000000
vn 1.000000 0.000041 0.000006
vn 1.000000 0.000000 0.000000
vn -0.994123 0.108255 0.000000
vn -0.994123 0.108255 0.000000
vn 0.994133 0.108169 0.000000
vn 0.994132 0.108169 0.000000
vn -0.667737 0.744398 0.000000
vn 0.667769 0.744369 0.000000
vn 0.667769 0.744369 0.000000
vn -0.667737 0.744397 0.000000
vn 1.000000 0.000000 0.000000
vn 1.000000 0.000000 0.000000
vn 1.000000 0.000000 0.000000
vn 1.000000 0.000000 0.000000
vn 0.000000 0.000000 -1.000000
vn 0.000000 0.000000 -1.000000
vn 0.000000 0.000000 -1.000000
vn 0.000000 0.000000 -1.000000
vn 0.000000 1.000000 0.000000
vn 0.000000 -1.000000 0.000000
vn 0.000000 -1.000000 0.000000
vn 0.000000 0.000000 1.000000
vn 0.000000 0.000000 1.000000
vn 0.000000 0.000000 0.000000
vn 0.000000 0.000000 1.000000
vn 0.000000 0.000000 1.000000
vn 0.000000 0.000000 1.000000
vn 0.000000 0.000000 1.000000
vn 0.000000 0.005767 0.999983
vn -0.000008 0.005767 0.999983
vn 0.000000 0.000000 1.000000
vn 0.000000 0.000000 1.000000
vn 0.000000 0.000000 1.000000
vn 0.003586 0.004797 0.999982
vn 0.000000 0.000000 1.000000
vn 0.000000 0.000000 1.000000
vn 0.000000 0.000000 1.000000
vn 0.000000 0.000000 1.000000
vn -0.707107 -0.707107 0.000000
vn 0.707107 -0.707107 0.000000
vn 0.000000 -1.000000 0.000000
vn 0.000000 1.000000 0.000000
vn 1.000000 -0.000003 0.000005
vn 1.000000 0.000000 0.000008
vn -0.707106 -0.707108 0.000000
vn -0.707107 0.707107 0.000000
vn -0.707107 -0.707107 0.000000
vn 0.707042 0.707172 0.000000
vn 0.706992 0.707222 0.000000
vn 1.000000 0.000000 0.000000
vn 0.706992 0.707222 0.000000
vn 0.707219 -0.706994 0.000000
vn 0.707170 -0.707044 0.000000
vn 0.707169 -0.707044 0.000000
vn 0.707042 0.707172 0.000000
vn 0.707107 -0.707107 0.000000
vn -1.000000 0.000000 0.000000
vn 0.707107 0.707107 0.000000
vn 0.707107 -0.707107 0.000000
vn 0.707107 0.707107 0.000000
vn -1.000000 0.000000 0.000000
vn -1.000000 0.000000 0.000000
vn -1.000000 0.000000 0.000000
vn 0.707168 -0.707046 0.000005
vn 0.707221 -0.706992 0.000005
vn 0.707043 0.707171 0.000003
vn 0.706996 0.707218 0.000000
vn 0.707042 0.707172 0.000000
vn 0.706992 0.707222 0.000000
vn -0.858926 0.512100 0.000000
vn -0.475507 0.879712 0.000000
vn -0.858912 -0.512123 0.000000
vn -0.858926 0.512100 0.000000
vn -0.858926 0.512100 0.000000
vn -0.475461 -0.879737 0.000000
vn -0.858912 -0.512123 0.000000
vn -0.475534 0.879697 0.000000
vn -0.475459 -0.879738 0.000000
vn -0.858934 0.512087 0.000000
vn -0.475534 0.879697 0.000000
vn -0.475534 0.879697 0.000000
vn -0.858912 -0.512123 0.000000
vn -0.858934 0.512087 0.000000
vn -0.475459 -0.879738 0.000000
vn -0.858912 -0.512123 0.000000
vn -1.000000 0.000000 0.000000
vn -1.000000 0.000000 0.000000
vn -1.000000 0.000000 0.000000
vn 1.000000 0.000000 0.000000
vn -1.000000 0.000002 0.000000
vn -0.917499 -0.000000 0.397737
vn -0.917499 -0.000000 0.397737
vn 0.000000 0.000000 1.000000
vn 0.000047 -1.000000 -0.000007
vn 1.000000 -0.000044 0.000000
vn -0.000047 -1.000000 0.000007
vn 1.000000 -0.000003 -0.000006
vn 0.000043 1.000000 0.000000
vn -1.000000 0.000041 0.000006
vn 0.000044 1.000000 0.000000
vn -1.000000 -0.000000 0.000000
vn 0.000047 -1.000000 -0.000007
vn 1.000000 -0.000044 0.000000
vn -0.000047 -1.000000 0.000007
vn 1.000000 -0.000003 -0.000006
vn 0.000043 1.000000 0.000000
vn -1.000000 0.000041 0.000006
vn 0.000044 1.000000 0.000000
vn -1.000000 -0.000000 0.000000
vn -0.000011 -0.000000 1.000000
vn 0.917498 0.000000 0.397740
vn 0.000008 0.000000 1.000000
vn 0.917498 0.000000 0.397740
vn 0.000047 -1.000000 -0.000007
vn 1.000000 -0.000044 0.000000
vn -0.000047 -1.000000 0.000007
vn 1.000000 -0.000003 -0.000006
vn 0.000043 1.000000 0.000000
vn 0.000044 1.000000 0.000000
vn -1.000000 0.000041 0.000006
vn 0.000047 -1.000000 -0.000007
vn 1.000000 -0.000044 0.000000
vn -0.000047 -1.000000 0.000007
vn 1.000000 -0.000003 -0.000006
vn 0.000043 1.000000 0.000000
vn -1.000000 0.000041 0.000006
vn 0.000044 1.000000 0.000000
vn -1.000000 -0.000000 0.000000
vn 0.000047 -1.000000 -0.000007
vn 1.000000 -0.000044 0.000000
vn -0.000047 -1.000000 0.000007
vn 1.000000 -0.000003 -0.000006
vn 0.000043 1.000000 0.000000
vn 0.000044 1.000000 0.000000
vn -1.000000 -0.000000 0.000000
vn -1.000000 -0.000003 -0.000006
vn 1.000000 0.000041 0.000006
vn 1.000000 0.000000 0.000000
vn -0.000047 -1.000000 -0.000007
vn 0.000047 -1.000000 0.000007
vn -1.000000 -0.000044 0.000000
vn -1.000000 -0.000003 -0.000006
vn -0.000044 1.000000 0.000000
vn -0.000044 1.000000 0.000000
vn 1.000000 0.000041 0.000006
vn 1.000000 0.000000 0.000000
vn -0.000047 -1.000000 -0.000007
vn 0.000047 -1.000000 0.000007
vn -1.000000 -0.000044 0.000000
vn -0.000044 1.000000 0.000000
vn -0.000044 1.000000 0.000000
vn -0.000047 -1.000000 -0.000007
vn 0.000047 -1.000000 0.000007
vn -1.000000 -0.000044 0.000000
vn -1.000000 -0.000003 -0.000006
vn -0.000044 1.000000 0.000000
vn -0.000044 1.000000 0.000000
vn -0.994123 0.108255 0.000000
vn -0.994123 0.108255 0.000000
vn 0.994133 0.108169 0.000000
vn 0.994132 0.108169 0.000000
vn -0.667737 0.744398 0.000000
vn 0.667769 0.744369 0.000000
vn 0.667769 0.744369 0.000000
vn -0.667737 0.744397 0.000000
vn -0.316229 0.000000 0.948683
vn 0.707107 0.707107 0.000000
vn 0.000000 1.000000 0.000000
vn 0.577351 0.577351 0.577349
vn 0.000000 0.707107 0.707107
vn 0.000000 0.000000 -1.000000
vn 0.000000 0.000000 -1.000000
vn 0.000000 0.000000 -1.000000
vn 0.000000 0.000000 -1.000000
vn 0.000000 1.000000 0.000000
vn 0.000000 1.000000 0.000000
vn 0.000000 -1.000000 0.000000
vn 0.000000 -1.000000 0.000000
vn 0.000000 0.000000 1.000000
vn 0.000000 0.000000 1.000000
vn 0.000000 0.000000 1.000000
vn 0.000000 0.000000 1.000000
vn 0.000000 0.000000 1.000000
vn 0.000000 0.000000 1.000000
vn 0.000000 0.000000 1.000000
vn 0.000000 0.000000 1.000000
vn 0.000000 0.000000 1.000000
vn 0.000000 0.000000 1.000000
vn 0.000000 1.000000 0.000000
vn 0.000000 -1.000000 0.000000
vn -0.707106 -0.707108 0.000000
vn -0.707107 0.707107 0.000000
vn -0.707107 -0.707107 0.000000
vn -0.707106 0.707108 0.000000
vn 1.000000 0.000000 0.000000
vn -1.000000 0.000000 0.000000
vn -1.000000 0.000000 0.000000
vn -1.000000 0.000000 0.000000
vn -1.000000 0.000000 0.000000
vn -1.000000 0.000000 0.000000
vn -0.707107 -0.707107 0.000000
vn -0.707107 0.707107 0.000000
vn 0.000000 1.000000 0.000000
vn 0.000000 1.000000 0.000000
vn 0.000000 1.000000 0.000000
vn 0.000000 1.000000 0.000000
vn 0.000000 1.000000 0.000000
vn 0.000000 1.000000 0.000000
vn 0.000000 1.000000 0.000000
vn 0.000000 1.000000 0.000000
vn 0.000000 1.000000 0.000000
vn 0.000000 1.000000 0.000000
vn 0.000000 1.000000 0.000000
vn 0.000000 1.000000 0.000000
vn -1.000000 0.000000 0.000000
vn -0.707107 0.707107 0.000000
vn -0.707107 0.707107 0.000000
vn -1.000000 0.000000 0.000000
vn 1.000000 0.000000 0.000000
vn 0.707107 0.707107 0.000000
vn 1.000000 0.000000 0.000000
vn 0.707107 0.707107 0.000000
vn -1.000000 0.000000 0.000000
vn -0.707107 0.707107 0.000000
vn -0.577350 0.577350 0.577350
vn -1.000000 0.000000 0.000000
vn 0.000000 1.000000 0.000000
vn 0.000000 0.707107 0.707107
vn -1.000000 0.000000 0.000000
vn -1.000000 0.000000 0.000000
vn -1.000000 0.000000 0.000000
vn -1.000000 0.000000 0.000000
vn -1.000000 0.000000 0.000000
vn -1.000000 0.000000 0.000000
vn -1.000000 0.000000 0.000000
vn -1.000000 0.000000 0.000000
vn 0.000000 0.000000 1.000000
vn 0.000000 0.000000 1.000000
vn 0.000000 1.000000 0.000000
vn 0.000000 1.000000 0.000000
vn 0.000000 1.000000 0.000000
vn 0.000000 1.000000 0.000000
vn 0.000000 1.000000 0.000000
vn 0.000000 1.000000 0.000000
vn 1.000000 0.000000 0.000000
vn 0.707107 0.707107 0.000000
vn 0.577350 0.577350 0.577350
vn 1.000000 0.000000 0.000000
vn 0.000000 1.000000 0.000000
vn 0.000000 0.707107 0.707107
vn 1.000000 0.000000 0.000000
vn 1.000000 0.000000 0.000000
vn 1.000000 0.000000 0.000000
vn 1.000000 0.000000 0.000000
vn 1.000000 0.000000 0.000000
vn 1.000000 0.000000 0.000000
vn 1.000000 0.000000 0.000000
vn 1.000000 0.000000 0.000000
vn 0.000000 0.000000 1.000000
vn 0.000000 0.000000 1.000000
vn 0.000000 1.000000 0.000000
vn 0.000000 1.000000 0.000000
vn 1.000000 0.000000 0.000000
vn 0.707107 0.707107 0.000000
vn 1.000000 0.000000 0.000000
vn 0.707107 0.707107 0.000000
vn 0.000000 1.000000 0.000000
vn 0.000000 1.000000 0.000000
vn 0.000000 1.000000 0.000000
vn 0.000000 1.000000 0.000000
vn 0.000000 1.000000 0.000000
vn 0.000000 1.000000 0.000000
vn 0.000000 1.000000 0.000000
vn 0.000000 1.000000 0.000000
vn 0.000000 1.000000 0.000000
vn 0.000000 1.000000 0.000000
vn 0.000000 1.000000 0.000000
vn 0.000000 1.000000 0.000003
vn 0.000000 1.000000 0.000000
vn 0.000000 1.000000 0.000003
vn 0.000000 1.000000 0.000005
vn 0.000000 1.000000 0.000005
vn 0.000000 1.000000 0.000000
vn 0.000000 1.000000 0.000000
vn 0.000000 1.000000 0.000000
vn 0.000000 1.000000 0.000000
vn -1.000000 0.000000 0.000000
vn -1.000000 0.000000 0.000000
vn -0.707077 0.707137 0.000000
vn -1.000000 0.000000 0.000000
vn -0.707137 0.707077 0.000000
vn 1.000000 -0.000000 0.000000
vn 1.000000 -0.000000 0.000000
vn -0.555242 0.000000 0.831689
vn 1.000000 -0.000000 0.000000
vn 0.893672 -0.000000 0.448722
vn 1.000000 -0.000000 0.000000
vn 1.000000 -0.000000 0.000000
vn -0.707107 0.000000 0.707107
vn -0.541531 0.000000 0.840681
vn 0.707102 -0.000000 0.707112
vn 1.000000 -0.000000 0.000000
vn 0.912740 -0.000000 0.408540
vn 1.000000 -0.000000 0.000000
vn 1.000000 0.000000 0.000000
vn 1.000000 -0.000151 -0.000132
vn 1.000000 0.000000 0.000000
vn 1.000000 0.000000 0.000000
vn 1.000000 0.000000 0.000000
vn 1.000000 0.000000 0.000000
vn 1.000000 0.000000 0.000000
vn 1.000000 0.000000 0.000000
vn 1.000000 0.000000 0.000000
vn 1.000000 0.000000 0.000000
vn 1.000000 0.000000 0.000000
vn 1.000000 0.000000 0.000000
vn 1.000000 0.000000 0.000000
vn 1.000000 0.000000 0.000000
vn 1.000000 0.000000 0.000000
vn 1.000000 0.000000 0.000000
vn 1.000000 0.000000 0.000000
vn 1.000000 -0.000000 -0.000000
vn 1.000000 -0.000000 -0.000000
vn 1.000000 0.000000 0.000000
vn 1.000000 0.000000 0.000000
vn 1.000000 0.000000 0.000000
vn 1.000000 0.000000 0.000000
vn 1.000000 -0.000013 -0.000009
vn 1.000000 -0.000364 -0.000291
vn 1.000000 0.000000 0.000000
vn 1.000000 -0.000252 -0.000204
vn 1.000000 0.000000 0.000000
vn 1.000000 -0.000017 -0.000015
vn 1.000000 0.000000 0.000000
vn 1.000000 0.000000 0.000000
vn 1.000000 -0.000010 -0.000008
vn -1.000000 0.000000 0.000000
vn -0.707107 0.707107 0.000000
vn -0.707107 0.707107 0.000000
vn -1.000000 0.000000 0.000000
vn 1.000000 0.000000 0.000000
vn 0.707107 0.707107 0.000000
vn 1.000000 0.000000 0.000000
vn 0.707107 0.707107 0.000000
vn -1.000000 0.000000 0.000000
vn -1.000000 0.000000 0.000000
vn -1.000000 0.000000 0.000000
vn -1.000000 0.000000 0.000000
vn 1.000000 -0.000000 -0.000000
vn 1.000000 0.000000 0.000000
vn 1.000000 0.000000 0.000000
vn 1.000000 -0.000000 -0.000000
vn -0.555245 0.000000 0.831687
vn 1.000000 -0.000000 0.000000
vn 0.893670 -0.000000 0.448724
vn -1.000000 0.000000 0.000000
vn -0.707107 0.707107 0.000000
vn -0.707107 0.707107 0.000000
vn -1.000000 0.000000 0.000000
vn 1.000000 0.000000 0.000000
vn 0.707107 0.707107 0.000000
vn 1.000000 0.000000 0.000000
vn 0.707107 0.707107 0.000000
vn -1.000000 0.000000 0.000000
vn -1.000000 0.000151 0.000132
vn -1.000000 0.000000 0.000000
vn -1.000000 0.000000 0.000000
vn -1.000000 0.000000 0.000000
vn -1.000000 0.000000 0.000000
vn -1.000000 0.000000 0.000000
vn -1.000000 0.000000 0.000000
vn -1.000000 0.000000 0.000000
vn -1.000000 0.000000 0.000000
vn -1.000000 0.000000 0.000000
vn -1.000000 0.000000 0.000000
vn -1.000000 0.000000 0.000000
vn -1.000000 0.000000 0.000000
vn -1.000000 0.000000 0.000000
vn -1.000000 0.000000 0.000000
vn -1.000000 0.000000 0.000000
vn -1.000000 0.000000 0.000000
vn -1.000000 0.000000 0.000000
vn -1.000000 0.000000 0.000000
vn -1.000000 0.000000 0.000000
vn -1.000000 0.000000 0.000000
vn -1.000000 0.000000 0.000000
vn -1.000000 0.000013 0.000009
vn -1.000000 0.000364 0.000291
vn -1.000000 0.000000 0.000000
vn -1.000000 0.000252 0.000204
vn -1.000000 0.000000 0.000000
vn -1.000000 0.000017 0.000015
vn -1.000000 0.000000 0.000000
vn -1.000000 0.000000 0.000000
vn -1.000000 0.000010 0.000008
vn -1.000000 0.000000 0.000000
vn -1.000000 0.000000 0.000000
vn -1.000000 0.000000 0.000000
vn -1.000000 0.000000 0.000000
vn -1.000000 0.000000 0.000000
vn -1.000000 0.000000 0.000000
vn -0.707137 0.707077 0.000000
vn -1.000000 0.000000 0.000000
vn -0.707077 0.707137 0.000000
vn -1.000000 0.000000 0.000000
vn -1.000000 0.000000 0.000000
vn -1.000000 0.000000 0.000000
vn -1.000000 0.000000 0.000000
vn -1.000000 0.000000 0.000000
vn -1.000000 -0.000000 0.000000
vn -1.000000 -0.000000 0.000000
vn -1.000000 -0.000000 0.000000
vn -1.000000 -0.000000 0.000000
vn -1.000000 -0.000000 0.000000
vn 0.000000 1.000000 0.000000
vn 0.000000 1.000000 0.000000
vn 0.000000 1.000000 0.000000
vn 0.000000 1.000000 0.000000
vn 0.000000 1.000000 0.000000
vn 0.000000 1.000000 0.000000
vn -1.000000 0.000000 0.000000
vn -1.000000 0.000000 0.000000
vn -1.000000 0.000000 0.000000
vn -1.000000 0.000000 0.000000
vn -0.138196 0.216374 0.966480
vn -0.902048 0.243228 0.356581
vn 0.904063 -0.093414 0.417066
vn -0.338059 0.902024 0.268455
vn -0.792846 0.609083 0.020325
vn 0.738944 0.645081 -0.194502
vn -0.709133 0.006305 0.705047
vn 0.000002 0.009053 0.999959
vn -1.000000 0.000000 0.000000
vn -0.690808 0.102677 0.715711
vn -0.054706 0.007994 0.998471
vn -1.000000 0.000000 -0.000000
vn 1.000000 0.000000 0.000000
vn 1.000000 0.000000 0.000000
vn 1.000000 0.000000 0.000000
vn 1.000000 0.000000 0.000000
vn -0.909218 0.120296 0.398561
vn 0.079541 0.107855 0.990980
vn 0.918056 -0.039040 0.394525
vn -0.809331 -0.078925 0.582026
vn -0.696480 -0.074080 0.713742
vn -0.923182 0.009066 0.384257
vn -0.043689 0.106189 0.993386
vn 0.938090 -0.007653 0.346307
vn 0.070383 0.997520 0.000000
vn 0.038731 0.998560 -0.037114
vn -0.000000 0.996611 -0.082263
vn 0.035983 0.998538 -0.040328
vn -1.000000 0.000000 0.000000
vn -1.000000 0.000000 0.000000
vn -1.000000 0.000000 0.000000
vn -1.000000 0.000000 0.000000
vn -1.000000 0.000000 0.000000
vn -1.000000 0.000000 0.000000
vn 1.000000 0.000000 0.000000
vn 1.000000 0.000000 0.000000
vn 1.000000 0.000000 0.000000
vn 1.000000 0.000000 0.000000
vn 1.000000 0.000000 0.000000
vn 1.000000 0.000000 0.000000
vn 0.000000 0.000000 1.000000
vn 0.000000 0.568360 0.822780
vn 0.000000 1.000000 0.000000
vn 0.000000 1.000000 0.000000
vn 0.000000 1.000000 0.000000
vn 0.000000 1.000000 0.000000
vn 0.000000 1.000000 0.000000
vn -0.716436 0.520210 0.464867
vn 0.000484 0.333176 0.942865
vn 0.722517 0.514700 0.461577
vn 1.000000 0.000002 -0.000000
vn -0.911533 -0.234308 0.337944
vn -0.244137 -0.477016 0.844306
vn 0.416198 -0.852401 0.316531
vn -0.001572 -0.106124 0.994352
vn -0.916263 -0.033353 0.399186
vn 0.915349 -0.029852 0.401554
vn 0.131613 -0.051729 0.989951
vn -0.889617 0.237697 0.389976
vn 0.895275 -0.208330 0.393804
vn 0.000002 0.000000 1.000000
vn -0.723001 0.000000 0.690847
vn 0.000000 0.000000 -1.000000
vn -1.000000 0.000001 -0.000002
vn -1.000000 0.000000 -0.000002
vn -0.672585 -0.007475 0.739982
vn 0.000275 -0.010102 0.999949
vn 1.000000 0.000000 0.000000
vn 1.000000 -0.000000 0.000000
vn 1.000000 0.000000 0.000000
vn 1.000000 -0.000000 0.000000
vn 0.051301 0.998683 0.000000
vn 0.051301 0.998683 0.000000
vn 0.051301 0.998683 0.000000
vn 0.051301 0.998683 0.000000
vn 0.000000 1.000000 0.000000
vn 0.000000 -1.000000 0.000000
vn 0.000000 0.709597 -0.704607
vn 0.000000 -0.704607 -0.709597
vn -0.001159 0.010329 -0.999946
vn 0.001612 0.003683 -0.999992
vn 0.069283 0.009403 -0.997553
vn 0.000000 1.000000 0.000000
vn 0.000000 1.000000 0.000000
vn 0.000000 1.000000 0.000000
vn 1.000000 0.000000 0.000000
vn 1.000000 0.000000 0.000000
vn 1.000000 0.000000 0.000000
vn 1.000000 0.000000 0.000000
vn 1.000000 0.000000 0.000000
vn 1.000000 0.000000 0.000000
vn -1.000000 0.000000 -0.000000
vn -1.000000 0.000000 -0.000000
vn -1.000000 0.000000 0.000000
vn -1.000000 0.000000 0.000000
vn -1.000000 0.000000 -0.000000
vn -1.000000 0.000000 0.000000
vn -1.000000 0.000000 0.000000
vn -1.000000 0.000000 0.000000
vn -1.000000 0.000000 0.000000
vn -1.000000 0.000000 0.000000
vn -0.705513 0.708697 0.000000
vn -0.708690 -0.705520 0.000000
vn -0.577722 0.579197 -0.575124
vn -0.576980 -0.575494 -0.579569
vn 1.000000 -0.000000 0.000000
vn 1.000000 -0.000000 0.000000
vn 1.000000 -0.000000 0.000000
vn 1.000000 -0.000000 0.000000
vn 1.000000 -0.000001 0.000000
vn 1.000000 -0.000001 0.000000
vn 1.000000 -0.000001 0.000006
vn 1.000000 -0.000001 0.000006
vn 1.000000 0.000001 0.000000
vn 1.000000 0.000001 0.000000
vn 1.000000 0.000000 0.000000
vn 1.000000 0.000000 0.000000
vn 1.000000 0.000000 0.000000
vn 1.000000 0.000000 0.000000
vn 1.000000 0.000001 0.000000
vn 1.000000 0.000001 0.000000
vn 1.000000 0.000001 0.000000
vn 1.000000 0.000001 0.000000
vn 1.000000 0.000000 0.000000
vn 1.000000 0.000000 0.000000
vn -1.000000 0.000000 0.000000
vn -1.000000 0.000000 0.000000
vn -1.000000 0.000000 0.000000
vn -1.000000 0.000000 0.000000
vn -1.000000 0.000000 0.000000
vn -1.000000 0.000000 0.000000
vn -1.000000 0.000000 0.000000
vn -1.000000 0.000000 0.000000
vn -1.000000 0.000000 0.000001
vn -1.000000 0.000000 0.000001
vn -1.000000 0.000000 -0.000000
vn -1.000000 0.000000 -0.000000
vn -1.000000 0.000000 0.000000
vn -1.000000 0.000000 0.000000
vn -1.000000 0.000000 0.000000
vn -1.000000 0.000000 0.000000
vn -1.000000 0.000000 -0.000000
vn -1.000000 0.000000 -0.000000
vn -1.000000 0.000000 -0.000000
vn -1.000000 0.000000 -0.000000
vn 0.000000 1.000000 0.000000
vn 0.691894 0.668909 0.271742
vn 0.000000 1.000000 0.000000
vn 0.917481 -0.003076 0.397767
vn 0.001069 -0.007764 0.999969
vn -0.916642 -0.003120 0.399696
vn 0.917483 -0.003076 0.397762
vn 0.001667 -0.007764 0.999968
vn -0.916167 -0.003128 0.400785
vn 0.917484 -0.003076 0.397761
vn 0.000537 -0.007762 0.999970
vn -0.917070 -0.003113 0.398714
g fff0aa7b_00043_0018d665_e7
f 2630/1/2630 2632/1/2632 2631/1/2631
f 2630/577/2630 2636/585/2636 2637/587/2637
f 2637/587/2637 2636/585/2636 1999/187/1999
f 2628/1/2628 2626/1/2626 2627/1/2627
f 2633/581/2633 2634/583/2634 1997/35/1997
f 2627/573/2627 2626/572/2626 2633/581/2633
f 2582/517/2582 2583/519/2583 2601/542/2601
f 2601/542/2601 2600/541/2600 2731/688/2731
f 2595/533/2595 2596/534/2596 1730/187/1730
f 2580/515/2580 2579/513/2579 2595/533/2595
f 2514/23/2514 2515/23/2515 2516/23/2516
f 2517/23/2517 2516/23/2516 2515/23/2515
f 2493/202/2493 2494/13/2494 2491/11/2491
f 2494/13/2494 2493/202/2493 2492/12/2492
f 2495/23/2495 2496/23/2496 2497/23/2497
f 2498/23/2498 2497/23/2497 2496/23/2496
f 2500/394/2500 2448/203/2448 2499/393/2499
f 2448/203/2448 2500/394/2500 2453/396/2453
f 2502/397/2502 2507/203/2507 2501/395/2501
f 2507/203/2507 2502/397/2502 2454/396/2454
f 2505/23/2505 2475/23/2475 2504/23/2504
f 2506/16/2506 2477/204/2477 2476/401/2476
f 2503/15/2503 2476/401/2476 2477/204/2477
f 2504/14/2504 2478/204/2478 2505/401/2505
f 2478/400/2478 2477/204/2477 2506/16/2506
f 2506/17/2506 2505/401/2505 2478/204/2478
f 2483/23/2483 2460/23/2460 2485/23/2485
f 2484/16/2484 2481/204/2481 2479/401/2479
f 2480/15/2480 2479/401/2479 2481/204/2481
f 2485/14/2485 2482/204/2482 2483/401/2483
f 2482/400/2482 2481/204/2481 2484/16/2484
f 2484/17/2484 2483/401/2483 2482/204/2482
f 2489/23/2489 2459/23/2459 2486/23/2486
f 2490/16/2490 2487/204/2487 2460/401/2460
f 2485/15/2485 2460/401/2460 2487/204/2487
f 2486/14/2486 2488/204/2488 2489/401/2489
f 2488/400/2488 2487/204/2487 2490/16/2490
f 2490/17/2490 2489/401/2489 2488/204/2488
f 2465/23/2465 2473/23/2473 2474/23/2474
f 2466/16/2466 2463/204/2463 2461/401/2461
f 2462/15/2462 2461/401/2461 2463/204/2463
f 2474/14/2474 2464/204/2464 2465/401/2465
f 2464/400/2464 2463/204/2463 2466/16/2466
f 2466/17/2466 2465/401/2465 2464/204/2464
f 2467/205/2467 2470/14/2470 2468/401/2468
f 2469/400/2469 2472/204/2472 2471/16/2471
f 2471/17/2471 2468/401/2468 2469/204/2469
f 2470/14/2470 2469/204/2469 2468/401/2468
f 2471/16/2471 2472/204/2472 2473/401/2473
f 2474/281/2474 2473/401/2473 2472/204/2472
f 2456/399/2456 2450/204/2450 2455/398/2455
f 2450/204/2450 2456/399/2456 2449/400/2449
f 2458/399/2458 2509/204/2509 2457/398/2457
f 2509/204/2509 2458/399/2458 2508/400/2508
f 2528/400/2528 2530/16/2530 2531/204/2531
f 2526/205/2526 2527/401/2527 2529/14/2529
f 2525/17/2525 2523/204/2523 2524/401/2524
f 2523/400/2523 2525/16/2525 2522/204/2522
f 2533/14/2533 2524/401/2524 2523/204/2523
f 2521/15/2521 2522/204/2522 2520/401/2520
f 2525/16/2525 2520/401/2520 2522/204/2522
f 2524/23/2524 2533/23/2533 2532/23/2532
f 2549/17/2549 2547/204/2547 2548/401/2548
f 2547/400/2547 2549/16/2549 2546/204/2546
f 2545/14/2545 2548/401/2548 2547/204/2547
f 2544/15/2544 2546/204/2546 2519/401/2519
f 2549/16/2549 2519/401/2519 2546/204/2546
f 2324/205/2324 2323/204/2323 2322/401/2322
f 2321/400/2321 2322/401/2322 2323/204/2323
f 512/17/512 383/401/383 382/204/382
f 107/400/107 106/204/106 241/16/241
f 105/15/105 104/401/104 103/204/103
f 102/16/102 103/204/103 104/401/104
f 104/205/104 105/14/105 101/401/101
f 100/14/100 99/204/99 98/401/98
f 102/17/102 98/401/98 99/204/99
f 99/400/99 103/204/103 102/16/102
f 97/205/97 100/14/100 98/401/98
f 240/15/240 96/401/96 106/204/106
f 241/16/241 106/204/106 96/401/96
f 239/14/239 107/204/107 238/401/238
f 241/17/241 238/401/238 107/204/107
f 237/400/237 236/204/236 381/16/381
f 235/15/235 234/401/234 233/204/233
f 232/16/232 233/204/233 234/401/234
f 234/205/234 235/14/235 231/401/231
f 230/14/230 229/204/229 228/401/228
f 232/17/232 228/401/228 229/204/229
f 229/400/229 233/204/233 232/16/232
f 227/205/227 230/14/230 228/401/228
f 380/15/380 226/401/226 236/204/236
f 381/16/381 236/204/236 226/401/226
f 379/14/379 237/204/237 378/401/378
f 381/17/381 378/401/378 237/204/237
f 382/400/382 377/204/377 512/16/512
f 511/281/511 376/401/376 375/204/375
f 374/16/374 375/204/375 376/401/376
f 510/14/510 382/204/382 383/401/383
f 373/14/373 372/204/372 371/401/371
f 374/17/374 371/401/371 372/204/372
f 372/400/372 375/204/375 374/16/374
f 370/205/370 373/14/373 371/401/371
f 369/15/369 368/401/368 377/204/377
f 512/16/512 377/204/377 368/401/368
f 509/205/509 508/204/508 507/401/507
f 506/400/506 507/401/507 508/204/508
f 505/17/505 504/401/504 503/204/503
f 503/400/503 502/204/502 505/16/505
f 511/14/511 503/204/503 504/401/504
f 501/15/501 500/401/500 502/204/502
f 505/16/505 502/204/502 500/401/500
f 504/23/504 376/23/376 511/23/511
f 2322/401/2322 638/303/638 2324/205/2324
f 499/280/499 2324/205/2324 638/303/638
f 507/401/507 637/303/637 509/205/509
f 636/280/636 509/205/509 637/303/637
f 635/17/635 634/401/634 633/204/633
f 633/400/633 632/204/632 635/16/635
f 631/14/631 633/204/633 634/401/634
f 630/15/630 629/401/629 632/204/632
f 635/16/635 632/204/632 629/401/629
f 634/23/634 628/23/628 631/23/631
f 2323/204/2323 786/399/786 2321/400/2321
f 786/399/786 2323/204/2323 785/398/785
f 508/204/508 784/399/784 506/400/506
f 784/399/784 508/204/508 783/398/783
f 930/281/930 929/401/929 928/204/928
f 927/16/927 928/204/928 929/401/929
f 926/14/926 925/204/925 924/401/924
f 927/17/927 924/401/924 925/204/925
f 925/400/925 928/204/928 927/16/927
f 923/205/923 926/14/926 924/401/924
f 922/17/922 921/401/921 920/204/920
f 920/400/920 919/204/919 922/16/922
f 930/14/930 920/204/920 921/401/921
f 918/15/918 917/401/917 919/204/919
f 922/16/922 919/204/919 917/401/917
f 921/23/921 929/23/929 930/23/930
f 1069/17/1069 1068/401/1068 1067/204/1067
f 1067/400/1067 1066/204/1066 1069/16/1069
f 1065/14/1065 1067/204/1067 1068/401/1068
f 1064/15/1064 916/401/916 1066/204/1066
f 1069/16/1069 1066/204/1066 916/401/916
f 1068/23/1068 915/23/915 1065/23/1065
f 1063/17/1063 1062/401/1062 1061/204/1061
f 1061/400/1061 1060/204/1060 1063/16/1063
f 1064/14/1064 1061/204/1061 1062/401/1062
f 1059/15/1059 1058/401/1058 1060/204/1060
f 1063/16/1063 1060/204/1060 1058/401/1058
f 1062/23/1062 916/23/916 1064/23/1064
f 1203/17/1203 1202/401/1202 1057/204/1057
f 1057/400/1057 1056/204/1056 1203/16/1203
f 1201/14/1201 1057/204/1057 1202/401/1202
f 1200/15/1200 1055/401/1055 1056/204/1056
f 1203/16/1203 1056/204/1056 1055/401/1055
f 1202/23/1202 1054/23/1054 1201/23/1201
f 2320/203/2320 1199/397/1199 782/396/782
f 1199/397/1199 2320/203/2320 1198/395/1198
f 498/203/498 1197/394/1197 781/396/781
f 1197/394/1197 498/203/498 1196/393/1196
f 1195/23/1195 1194/23/1194 1193/23/1193
f 1192/23/1192 1193/23/1193 1194/23/1194
f 1191/13/1191 1190/202/1190 1189/12/1189
f 1190/202/1190 1191/13/1191 1188/11/1188
f 2548/23/2548 2545/23/2545 2518/23/2518
f 2543/17/2543 2541/204/2541 2542/401/2542
f 2019/134/2019 2018/134/2018 2017/23/2017
f 2017/23/2017 2016/23/2016 2019/134/2019
f 2046/132/2046 2015/124/2015 2014/260/2014
f 2014/260/2014 2045/259/2045 2046/132/2046
f 2018/123/2018 2050/102/2050 2047/241/2047
f 2047/241/2047 2017/99/2017 2018/123/2018
f 2016/98/2016 2048/242/2048 2049/101/2049
f 2049/101/2049 2019/122/2019 2016/98/2016
f 2164/132/2164 2163/124/2163 2162/260/2162
f 2162/260/2162 2161/259/2161 2164/132/2164
f 2160/102/2160 2162/121/2162 2163/260/2163
f 2162/121/2162 2160/102/2160 2159/120/2159
f 2158/101/2158 2164/132/2164 2161/119/2161
f 2161/119/2161 2157/118/2157 2158/101/2158
f 2319/132/2319 2318/124/2318 2317/260/2317
f 2317/260/2317 2316/259/2316 2319/132/2319
f 2315/102/2315 2317/121/2317 2318/260/2318
f 2317/121/2317 2315/102/2315 2314/120/2314
f 2313/101/2313 2319/132/2319 2316/119/2316
f 2316/119/2316 2312/118/2312 2313/101/2313
f 2530/17/2530 2528/204/2528 2527/401/2527
f 2529/14/2529 2527/401/2527 2528/204/2528
f 2530/16/2530 2532/401/2532 2531/204/2531
f 2533/281/2533 2531/204/2531 2532/401/2532
f 2015/124/2015 2194/117/2194 2051/97/2051
f 2051/97/2051 2014/260/2014 2015/124/2015
f 95/204/95 94/399/94 93/400/93
f 94/399/94 95/204/95 92/146/92
f 91/203/91 90/394/90 89/396/89
f 90/394/90 91/203/91 88/393/88
f 87/398/87 86/145/86 85/116/85
f 86/145/86 87/398/87 89/396/89
f 92/146/92 84/144/84 94/399/94
f 83/143/83 94/399/94 84/144/84
f 367/150/367 1473/392/1473 1472/391/1472
f 1471/390/1471 1470/389/1470 1335/368/1335
f 1334/367/1334 225/153/225 367/150/367
f 1334/367/1334 1333/366/1333 224/152/224
f 366/165/366 225/165/225 1334/365/1334
f 1334/365/1334 1332/364/1332 366/165/366
f 1471/390/1471 1335/368/1335 365/185/365
f 1333/366/1333 1469/388/1469 364/149/364
f 1333/366/1333 364/149/364 224/152/224
f 1333/366/1333 1334/367/1334 367/150/367
f 1332/364/1332 1334/365/1334 224/165/224
f 224/165/224 363/165/363 1332/364/1332
f 367/150/367 1472/391/1472 1333/366/1333
f 1468/387/1468 1471/390/1471 365/185/365
f 1470/389/1470 362/186/362 1335/368/1335
f 1333/366/1333 1472/391/1472 1469/388/1469
f 2735/693/2735 1729/186/1729 1878/35/1878
f 2596/534/2596 1877/34/1877 1730/187/1730
f 1876/187/1876 1875/186/1875 1874/35/1874
f 1874/35/1874 1873/34/1873 1876/187/1876
f 1872/187/1872 1871/186/1871 1870/35/1870
f 1870/35/1870 1869/34/1869 1872/187/1872
f 1868/187/1868 1867/186/1867 2013/35/2013
f 2013/35/2013 2012/34/2012 1868/187/1868
f 2011/187/2011 2010/186/2010 2009/35/2009
f 2009/35/2009 2008/34/2008 2011/187/2011
f 2007/187/2007 2006/186/2006 2005/35/2005
f 2005/35/2005 2004/34/2004 2007/187/2007
f 2003/187/2003 2002/186/2002 2001/35/2001
f 2001/35/2001 2000/34/2000 2003/187/2003
f 2601/542/2601 2583/519/2583 2600/541/2600
f 2595/533/2595 2579/513/2579 2596/534/2596
f 2512/202/2512 2513/13/2513 2510/11/2510
f 2513/13/2513 2512/202/2512 2511/12/2511
f 2156/187/2156 2155/186/2155 2154/35/2154
f 2154/35/2154 2153/34/2153 2156/187/2156
f 2152/187/2152 2151/186/2151 2150/35/2150
f 2150/35/2150 2149/34/2149 2152/187/2152
f 2148/187/2148 2147/186/2147 2311/35/2311
f 2311/35/2311 2310/34/2310 2148/187/2148
f 2309/187/2309 2308/186/2308 2307/35/2307
f 2307/35/2307 2306/34/2306 2309/187/2309
f 497/187/497 361/186/361 496/35/496
f 496/35/496 495/34/495 497/187/497
f 1467/187/1467 1466/186/1466 1465/35/1465
f 1465/35/1465 1464/34/1464 1467/187/1467
f 1463/187/1463 1462/186/1462 1597/35/1597
f 1597/35/1597 1596/34/1596 1463/187/1463
f 1461/187/1461 1595/186/1595 1594/35/1594
f 1594/35/1594 1593/34/1593 1461/187/1461
f 1592/187/1592 1591/186/1591 1590/35/1590
f 1590/35/1590 1589/34/1589 1592/187/1592
f 1588/187/1588 1587/186/1587 1586/35/1586
f 1586/35/1586 1585/34/1585 1588/187/1588
f 1584/187/1584 1583/186/1583 1728/35/1728
f 1728/35/1728 1727/34/1727 1584/187/1584
f 1582/187/1582 1726/186/1726 1725/35/1725
f 1725/35/1725 1724/34/1724 1582/187/1582
f 1723/187/1723 1722/186/1722 1721/35/1721
f 1721/35/1721 1720/34/1720 1723/187/1723
f 1719/187/1719 1718/186/1718 1717/35/1717
f 1717/35/1717 1716/34/1716 1719/187/1719
f 1715/187/1715 1714/186/1714 1866/35/1866
f 1866/35/1866 1865/34/1865 1715/187/1715
f 1713/187/1713 1864/186/1864 1863/35/1863
f 1863/35/1863 1862/34/1862 1713/187/1713
f 1861/187/1861 1860/186/1860 1859/35/1859
f 1859/35/1859 1858/34/1858 1861/187/1861
f 1857/187/1857 1856/186/1856 1855/35/1855
f 1855/35/1855 1854/34/1854 1857/187/1857
f 82/187/82 81/186/81 80/35/80
f 80/35/80 79/34/79 82/187/82
f 494/150/494 1581/392/1581 1580/391/1580
f 1579/390/1579 1578/389/1578 1460/368/1460
f 1459/367/1459 493/153/493 494/150/494
f 1459/367/1459 1458/366/1458 492/152/492
f 491/165/491 493/165/493 1459/365/1459
f 1459/365/1459 1457/364/1457 491/165/491
f 1579/390/1579 1460/368/1460 490/185/490
f 1458/366/1458 1577/388/1577 489/149/489
f 1458/366/1458 489/149/489 492/152/492
f 1458/366/1458 1459/367/1459 494/150/494
f 1457/364/1457 1459/365/1459 492/165/492
f 492/165/492 488/165/488 1457/364/1457
f 494/150/494 1580/391/1580 1458/366/1458
f 1576/387/1576 1579/390/1579 490/185/490
f 1578/389/1578 487/186/487 1460/368/1460
f 1458/366/1458 1580/391/1580 1577/388/1577
f 2634/583/2634 1998/186/1998 1997/35/1997
f 2636/585/2636 1996/34/1996 1999/187/1999
f 1995/187/1995 1994/186/1994 2146/35/2146
f 2146/35/2146 2145/34/2145 1995/187/1995
f 1993/187/1993 2144/186/2144 2143/35/2143
f 2143/35/2143 2142/34/2142 1993/187/1993
f 2141/187/2141 2140/186/2140 2139/35/2139
f 2139/35/2139 2138/34/2138 2141/187/2141
f 2137/187/2137 2136/186/2136 2135/35/2135
f 2135/35/2135 2134/34/2134 2137/187/2137
f 2133/187/2133 2132/186/2132 2305/35/2305
f 2305/35/2305 2304/34/2304 2133/187/2133
f 2131/187/2131 2303/186/2303 2302/35/2302
f 2302/35/2302 2301/34/2301 2131/187/2131
f 2300/187/2300 2299/186/2299 2298/35/2298
f 2298/35/2298 2297/34/2297 2300/187/2300
f 2296/187/2296 2295/186/2295 2294/35/2294
f 2294/35/2294 2293/34/2293 2296/187/2296
f 2292/187/2292 2291/186/2291 78/35/78
f 78/35/78 77/34/77 2292/187/2292
f 2290/187/2290 76/186/76 75/35/75
f 75/35/75 74/34/74 2290/187/2290
f 2630/577/2630 2631/578/2631 2636/585/2636
f 2633/581/2633 2626/572/2626 2634/583/2634
f 2621/567/2621 785/398/785 2620/566/2620
f 785/398/785 2621/567/2621 786/399/786
f 627/187/627 626/186/626 625/35/625
f 625/35/625 624/34/624 627/187/627
f 1575/187/1575 1574/186/1574 1712/35/1712
f 1712/35/1712 1711/34/1711 1575/187/1575
f 1710/187/1710 1709/186/1709 1708/35/1708
f 1708/35/1708 1707/34/1707 1710/187/1710
f 1706/187/1706 1705/186/1705 1704/35/1704
f 1704/35/1704 1703/34/1703 1706/187/1706
f 1702/187/1702 1701/186/1701 1853/35/1853
f 1853/35/1853 1852/34/1852 1702/187/1702
f 1700/187/1700 1699/186/1699 1851/35/1851
f 1851/35/1851 1850/34/1850 1700/187/1700
f 1849/187/1849 1848/186/1848 1847/35/1847
f 1847/35/1847 1846/34/1846 1849/187/1849
f 1845/187/1845 1844/186/1844 1843/35/1843
f 1843/35/1843 1842/34/1842 1845/187/1845
f 1841/187/1841 1840/186/1840 1992/35/1992
f 1992/35/1992 1991/34/1991 1841/187/1841
f 1839/187/1839 1838/186/1838 1990/35/1990
f 1990/35/1990 1989/34/1989 1839/187/1839
f 1988/187/1988 1987/186/1987 1986/35/1986
f 1986/35/1986 1985/34/1985 1988/187/1988
f 1984/187/1984 1983/186/1983 1982/35/1982
f 1982/35/1982 1981/34/1981 1984/187/1984
f 1980/187/1980 1979/186/1979 2130/35/2130
f 2130/35/2130 2129/34/2129 1980/187/1980
f 1978/187/1978 1977/186/1977 2128/35/2128
f 2128/35/2128 2127/34/2127 1978/187/1978
f 223/187/223 222/186/222 360/35/360
f 360/35/360 359/34/359 223/187/223
f 780/150/780 1837/391/1837 1836/392/1836
f 1698/390/1698 1697/368/1697 1696/389/1696
f 1695/367/1695 780/150/780 623/153/623
f 1695/367/1695 622/152/622 1694/366/1694
f 621/165/621 1695/365/1695 623/165/623
f 1695/365/1695 621/165/621 1693/364/1693
f 1698/390/1698 779/185/779 1697/368/1697
f 1694/366/1694 778/149/778 1692/388/1692
f 1694/366/1694 622/152/622 778/149/778
f 1694/366/1694 780/150/780 1695/367/1695
f 1693/364/1693 622/165/622 1695/365/1695
f 622/165/622 1693/364/1693 777/165/777
f 780/150/780 1694/366/1694 1837/391/1837
f 1691/387/1691 779/185/779 1698/390/1698
f 1696/389/1696 1697/368/1697 776/186/776
f 1694/366/1694 1692/388/1692 1837/391/1837
f 2126/187/2126 2125/35/2125 2124/186/2124
f 2125/35/2125 2126/187/2126 2123/34/2123
f 2289/187/2289 2288/35/2288 2122/186/2122
f 2288/35/2288 2289/187/2289 2287/34/2287
f 2286/187/2286 2285/35/2285 2284/186/2284
f 2285/35/2285 2286/187/2286 2283/34/2283
f 2282/187/2282 2281/35/2281 2280/186/2280
f 2281/35/2281 2282/187/2282 2279/34/2279
f 2278/187/2278 2277/35/2277 2276/186/2276
f 2277/35/2277 2278/187/2278 2275/34/2275
f 73/187/73 72/35/72 2274/186/2274
f 72/35/72 73/187/73 71/34/71
f 70/187/70 69/35/69 68/186/68
f 69/35/69 70/187/70 67/34/67
f 66/187/66 65/35/65 64/186/64
f 65/35/65 66/187/66 63/34/63
f 62/187/62 61/35/61 60/186/60
f 61/35/61 62/187/62 59/34/59
f 221/187/221 220/35/220 58/186/58
f 220/35/220 221/187/221 219/34/219
f 218/187/218 217/35/217 216/186/216
f 217/35/217 218/187/218 215/34/215
f 214/187/214 213/35/213 212/186/212
f 213/35/213 214/187/214 211/34/211
f 210/187/210 209/35/209 208/186/208
f 209/35/209 210/187/210 207/34/207
f 775/187/775 774/35/774 773/186/773
f 774/35/774 775/187/775 772/34/772
f 1690/187/1690 1835/35/1835 1689/186/1689
f 1835/35/1835 1690/187/1690 1834/34/1834
f 1833/187/1833 1832/35/1832 1831/186/1831
f 1832/35/1832 1833/187/1833 1830/34/1830
f 1829/187/1829 1828/35/1828 1827/186/1827
f 1828/35/1828 1829/187/1829 1826/34/1826
f 1825/187/1825 1976/35/1976 1824/186/1824
f 1976/35/1976 1825/187/1825 1975/34/1975
f 1974/187/1974 1973/35/1973 1972/186/1972
f 1973/35/1973 1974/187/1974 1971/34/1971
f 1970/187/1970 1969/35/1969 1968/186/1968
f 1969/35/1969 1970/187/1970 1967/34/1967
f 1966/187/1966 1965/35/1965 1964/186/1964
f 1965/35/1965 1966/187/1966 1963/34/1963
f 1962/187/1962 2121/35/2121 1961/186/1961
f 2121/35/2121 1962/187/1962 2120/34/2120
f 2119/187/2119 2118/35/2118 2117/186/2117
f 2118/35/2118 2119/187/2119 2116/34/2116
f 2115/187/2115 2114/35/2114 2113/186/2113
f 2114/35/2114 2115/187/2115 2112/34/2112
f 2111/187/2111 2110/35/2110 2109/186/2109
f 2110/35/2110 2111/187/2111 2108/34/2108
f 2107/187/2107 2273/35/2273 2106/186/2106
f 2273/35/2273 2107/187/2107 2272/34/2272
f 2271/187/2271 2270/35/2270 2269/186/2269
f 2270/35/2270 2271/187/2271 2268/34/2268
f 486/187/486 485/35/485 358/186/358
f 485/35/485 486/187/486 484/34/484
f 914/150/914 1960/391/1960 1959/392/1959
f 1823/390/1823 1822/368/1822 1821/389/1821
f 1820/367/1820 914/150/914 771/153/771
f 1820/367/1820 913/152/913 1819/366/1819
f 912/165/912 1820/365/1820 771/165/771
f 1820/365/1820 912/165/912 1818/364/1818
f 1823/390/1823 911/185/911 1822/368/1822
f 1819/366/1819 910/149/910 1958/388/1958
f 1819/366/1819 913/152/913 910/149/910
f 1819/366/1819 914/150/914 1820/367/1820
f 1818/364/1818 913/165/913 1820/365/1820
f 913/165/913 1818/364/1818 909/165/909
f 914/150/914 1819/366/1819 1960/391/1960
f 1957/387/1957 911/185/911 1823/390/1823
f 1821/389/1821 1822/368/1822 908/186/908
f 1819/366/1819 1958/388/1958 1960/391/1960
f 2267/187/2267 2266/35/2266 2265/186/2265
f 2266/35/2266 2267/187/2267 2264/34/2264
f 57/187/57 56/35/56 55/186/55
f 56/35/56 57/187/57 54/34/54
f 53/187/53 52/35/52 51/186/51
f 52/35/52 53/187/53 50/34/50
f 49/187/49 48/35/48 47/186/47
f 48/35/48 49/187/49 46/34/46
f 45/187/45 44/35/44 43/186/43
f 44/35/44 45/187/45 206/34/206
f 205/187/205 204/35/204 203/186/203
f 204/35/204 205/187/205 202/34/202
f 201/187/201 200/35/200 199/186/199
f 200/35/200 201/187/201 198/34/198
f 197/187/197 196/35/196 195/186/195
f 196/35/196 197/187/197 194/34/194
f 193/187/193 192/35/192 191/186/191
f 192/35/192 193/187/193 357/34/357
f 356/187/356 355/35/355 354/186/354
f 355/35/355 356/187/356 353/34/353
f 352/187/352 351/35/351 350/186/350
f 351/35/351 352/187/352 349/34/349
f 348/187/348 347/35/347 346/186/346
f 347/35/347 348/187/348 345/34/345
f 344/187/344 343/35/343 342/186/342
f 343/35/343 344/187/344 483/34/483
f 907/187/907 906/35/906 905/186/905
f 906/35/906 907/187/907 904/34/904
f 1956/187/1956 1955/35/1955 1954/186/1954
f 1955/35/1955 1956/187/1956 1953/34/1953
f 1952/187/1952 1951/35/1951 1950/186/1950
f 1951/35/1951 1952/187/1952 1949/34/1949
f 1948/187/1948 1947/35/1947 1946/186/1946
f 1947/35/1947 1948/187/1948 1945/34/1945
f 2105/187/2105 2104/35/2104 2103/186/2103
f 2104/35/2104 2105/187/2105 2102/34/2102
f 2101/187/2101 2100/35/2100 2099/186/2099
f 2100/35/2100 2101/187/2101 2098/34/2098
f 2097/187/2097 2096/35/2096 2095/186/2095
f 2096/35/2096 2097/187/2097 2094/34/2094
f 2093/187/2093 2092/35/2092 2091/186/2091
f 2092/35/2092 2093/187/2093 2090/34/2090
f 2263/187/2263 2262/35/2262 2261/186/2261
f 2262/35/2262 2263/187/2263 2260/34/2260
f 2259/187/2259 2258/35/2258 2257/186/2257
f 2258/35/2258 2259/187/2259 2256/34/2256
f 2255/187/2255 2254/35/2254 2253/186/2253
f 2254/35/2254 2255/187/2255 2252/34/2252
f 2251/187/2251 2250/35/2250 2249/186/2249
f 2250/35/2250 2251/187/2251 2248/34/2248
f 42/187/42 41/35/41 40/186/40
f 41/35/41 42/187/42 39/34/39
f 38/187/38 37/35/37 36/186/36
f 37/35/37 38/187/38 35/34/35
f 620/187/620 619/35/619 618/186/618
f 619/35/619 620/187/620 617/34/617
f 2193/133/2193 2046/132/2046 2045/259/2045
f 2045/259/2045 2052/100/2052 2193/133/2193
f 2376/23/2376 2375/23/2375 2374/23/2374
f 2373/23/2373 2374/23/2374 2375/23/2375
f 2372/13/2372 2371/202/2371 2370/12/2370
f 2371/202/2371 2372/13/2372 2369/11/2369
f 2379/202/2379 2380/13/2380 2377/11/2377
f 2380/13/2380 2379/202/2379 2378/12/2378
f 2401/202/2401 2399/11/2399 2402/13/2402
f 2402/13/2402 2400/12/2400 2401/202/2401
f 2420/23/2420 2419/23/2419 2418/23/2418
f 2417/23/2417 2418/23/2418 2419/23/2419
f 2552/23/2552 2551/23/2551 2534/23/2534
f 2553/16/2553 2535/401/2535 2536/204/2536
f 2550/15/2550 2536/204/2536 2535/401/2535
f 2551/14/2551 2552/401/2552 2537/204/2537
f 2537/400/2537 2553/16/2553 2536/204/2536
f 2553/17/2553 2537/204/2537 2552/401/2552
f 2542/23/2542 2544/23/2544 2519/23/2519
f 2543/16/2543 2538/401/2538 2540/204/2540
f 2539/15/2539 2540/204/2540 2538/401/2538
f 2544/14/2544 2542/401/2542 2541/204/2541
f 2541/400/2541 2543/16/2543 2540/204/2540
f 480/1/480 2724/678/2724 495/1/495
f 2724/678/2724 497/1/497 495/1/495
f 2725/679/2725 2583/1/2583 2582/1/2582
f 2584/1/2584 2583/1/2583 2725/679/2725
f 613/1/613 2726/681/2726 624/1/624
f 2726/681/2726 627/1/627 624/1/624
f 2728/684/2728 2732/689/2732 2729/685/2729
f 2728/684/2728 2729/685/2729 2734/692/2734
f 2731/688/2731 2600/541/2600 2732/689/2732
f 2728/684/2728 2731/688/2731 2732/689/2732
f 2734/692/2734 2729/685/2729 2735/693/2735
f 2734/692/2734 2735/693/2735 1878/35/1878
g fff0aa7b_00043_0018d665_e6
f 1492/148/1492 653/147/653 652/206/652
f 651/227/651 650/226/650 1231/170/1231
f 1231/170/1231 1230/193/1230 651/227/651
f 652/206/652 1491/225/1491 1492/148/1492
f 649/193/649 648/148/648 647/225/647
f 1491/225/1491 646/227/646 1490/193/1490
f 242/147/242 1231/170/1231 650/226/650
f 650/226/650 645/206/645 242/147/242
f 954/147/954 953/128/953 1089/127/1089
f 1089/127/1089 952/206/952 954/147/954
f 644/170/644 1490/193/1490 646/227/646
f 646/227/646 643/226/643 644/170/644
f 645/206/645 642/225/642 1229/148/1229
f 1229/148/1229 242/147/242 645/206/645
f 642/225/642 651/227/651 1230/193/1230
f 1230/193/1230 1229/148/1229 642/225/642
f 1447/334/1447 1318/371/1318 1317/370/1317
f 1317/370/1317 1448/333/1448 1447/334/1447
f 1449/332/1449 1316/331/1316 1319/369/1319
f 1319/369/1319 1451/330/1451 1449/332/1449
f 580/329/580 1186/332/1186 1184/330/1184
f 580/329/580 448/328/448 1186/332/1186
f 447/327/447 1183/334/1183 1187/333/1187
f 447/327/447 581/326/581 1183/334/1183
f 885/171/885 641/195/641 738/150/738
f 641/195/641 515/153/515 738/150/738
f 640/196/640 886/172/886 514/152/514
f 886/172/886 736/149/736 514/152/514
f 1443/407/1443 886/319/886 885/315/885
f 886/319/886 1443/407/1443 1445/409/1445
f 1612/19/1612 649/193/649 1611/18/1611
f 649/193/649 1612/19/1612 648/148/648
f 1229/148/1229 1230/193/1230 1610/18/1610
f 1610/18/1610 1609/19/1609 1229/148/1229
f 514/152/514 1746/39/1746 640/196/640
f 1745/38/1745 640/196/640 1746/39/1746
f 515/153/515 641/195/641 1744/37/1744
f 1743/36/1743 1744/37/1744 641/195/641
f 640/165/640 1745/165/1745 641/165/641
f 1743/165/1743 641/165/641 1745/165/1745
f 1228/148/1228 954/147/954 952/206/952
f 951/227/951 950/226/950 1227/170/1227
f 1227/170/1227 1226/193/1226 951/227/951
f 952/206/952 1225/225/1225 1228/148/1228
f 949/193/949 948/148/948 947/225/947
f 1225/225/1225 946/227/946 1224/193/1224
f 790/147/790 1227/170/1227 950/226/950
f 950/226/950 945/206/945 790/147/790
f 953/170/953 1224/193/1224 946/227/946
f 946/227/946 1089/226/1089 953/170/953
f 945/206/945 944/225/944 1223/148/1223
f 1223/148/1223 790/147/790 945/206/945
f 944/225/944 951/227/951 1226/193/1226
f 1226/193/1226 1223/148/1223 944/225/944
f 1356/19/1356 949/193/949 1355/18/1355
f 949/193/949 1356/19/1356 948/148/948
f 1223/148/1223 1226/193/1226 1354/18/1354
f 1354/18/1354 1353/19/1353 1223/148/1223
f 643/126/643 652/206/652 653/147/653
f 653/147/653 644/125/644 643/126/643
f 1742/148/1742 943/147/943 942/206/942
f 1336/442/1336 1598/443/1598 1600/444/1600
f 1489/430/1489 1488/431/1488 1352/432/1352
f 942/206/942 1741/225/1741 1742/148/1742
f 2670/617/2670 940/148/940 939/225/939
f 2673/620/2673 938/227/938 1740/193/1740
f 513/433/513 1489/430/1489 1352/432/1352
f 1732/225/1732 1731/193/1731 1474/227/1474
f 1222/147/1222 1221/128/1221 1232/127/1232
f 1232/127/1232 1220/206/1220 1222/147/1222
f 937/170/937 1740/193/1740 938/227/938
f 938/227/938 936/226/936 937/170/937
f 1477/193/1477 1476/225/1476 1475/148/1475
f 1478/206/1478 1733/148/1733 1732/225/1732
f 1474/227/1474 1479/170/1479 1493/226/1493
f 1479/170/1479 1474/227/1474 1731/193/1731
f 1559/334/1559 1564/371/1564 1563/370/1563
f 1563/370/1563 1561/333/1561 1559/334/1559
f 1562/332/1562 1560/331/1560 1565/369/1565
f 1565/369/1565 1566/330/1566 1562/332/1562
f 718/329/718 1305/332/1305 1298/330/1298
f 718/329/718 727/328/727 1305/332/1305
f 726/327/726 1297/334/1297 1306/333/1306
f 726/327/726 719/326/719 1297/334/1297
f 1024/171/1024 935/195/935 873/150/873
f 935/195/935 789/153/789 873/150/873
f 934/196/934 1025/172/1025 788/152/788
f 1025/172/1025 870/149/870 788/152/788
f 1677/407/1677 1025/319/1025 1024/315/1024
f 1025/319/1025 1677/407/1677 1679/409/1679
f 2671/618/2671 2670/617/2670 1888/18/1888
f 2670/617/2670 1889/19/1889 940/148/940
f 1352/432/1352 1488/431/1488 1887/434/1887
f 1887/434/1887 1886/435/1886 1352/432/1352
f 788/152/788 2030/39/2030 934/196/934
f 2029/38/2029 934/196/934 2030/39/2030
f 789/153/789 935/195/935 2028/37/2028
f 2027/36/2027 2028/37/2028 935/195/935
f 934/165/934 2029/165/2029 935/165/935
f 2027/165/2027 935/165/935 2029/165/2029
f 1351/148/1351 1222/147/1222 1220/206/1220
f 1212/147/1212 1337/126/1337 1207/125/1207
f 1350/436/1350 1349/437/1349 1347/438/1347
f 1220/206/1220 1487/225/1487 1351/148/1351
f 1219/193/1219 1218/148/1218 1217/225/1217
f 1487/225/1487 1216/227/1216 1348/193/1348
f 933/439/933 1350/436/1350 1347/438/1347
f 1337/126/1337 1212/147/1212 1213/206/1213
f 1221/170/1221 1348/193/1348 1216/227/1216
f 1216/227/1216 1232/226/1232 1221/170/1221
f 1880/445/1880 1598/443/1598 1879/446/1879
f 1598/443/1598 1880/445/1880 1599/447/1599
f 1477/193/1477 1475/148/1475 1882/19/1882
f 1882/19/1882 1881/18/1881 1477/193/1477
f 1486/19/1486 1219/193/1219 1485/18/1485
f 1219/193/1219 1486/19/1486 1218/148/1218
f 1347/438/1347 1349/437/1349 1608/440/1608
f 1608/440/1608 1484/441/1484 1347/438/1347
f 2676/624/2676 942/206/942 943/147/943
f 2676/624/2676 937/125/937 936/126/936
f 1885/148/1885 1085/206/1085 1084/147/1084
f 1083/227/1083 1607/170/1607 1082/226/1082
f 1607/170/1607 1083/227/1083 1606/193/1606
f 1085/206/1085 1885/148/1885 1884/225/1884
f 1081/193/1081 1080/225/1080 1079/148/1079
f 1884/225/1884 1883/193/1883 1078/227/1078
f 639/147/639 1082/226/1082 1607/170/1607
f 1082/226/1082 639/147/639 1077/206/1077
f 1346/147/1346 1357/127/1357 1345/170/1345
f 1357/127/1357 1346/147/1346 1344/206/1344
f 1076/170/1076 1078/227/1078 1883/193/1883
f 1078/227/1078 1076/170/1076 1075/226/1075
f 1077/206/1077 1605/148/1605 1074/225/1074
f 1605/148/1605 1077/206/1077 639/147/639
f 1074/225/1074 1606/193/1606 1083/227/1083
f 1606/193/1606 1074/225/1074 1605/148/1605
f 1791/334/1791 1666/370/1666 1668/371/1668
f 1666/370/1666 1791/334/1791 1792/333/1792
f 1665/332/1665 1667/369/1667 1664/331/1664
f 1667/369/1667 1665/332/1665 1794/330/1794
f 1011/329/1011 1550/330/1550 1553/332/1553
f 1011/329/1011 1553/332/1553 864/328/864
f 863/327/863 1552/333/1552 1551/334/1551
f 863/327/863 1551/334/1551 858/326/858
f 1159/171/1159 1016/150/1016 1073/195/1073
f 1073/195/1073 1016/150/1016 932/153/932
f 1072/196/1072 931/152/931 1161/172/1161
f 1161/172/1161 931/152/931 1157/149/1157
f 1443/407/1443 1159/315/1159 1161/319/1161
f 1161/319/1161 1445/409/1445 1443/407/1443
f 2026/19/2026 2025/18/2025 1081/193/1081
f 1081/193/1081 1079/148/1079 2026/19/2026
f 1605/148/1605 2024/18/2024 1606/193/1606
f 2024/18/2024 1605/148/1605 2023/19/2023
f 931/152/931 1072/196/1072 2172/39/2172
f 2171/38/2171 2172/39/2172 1072/196/1072
f 932/153/932 2170/37/2170 1073/195/1073
f 2169/36/2169 1073/195/1073 2170/37/2170
f 1072/165/1072 1073/165/1073 2171/165/2171
f 2169/165/2169 2171/165/2171 1073/165/1073
f 1604/148/1604 1344/206/1344 1346/147/1346
f 1343/227/1343 1483/170/1483 1342/226/1342
f 1483/170/1483 1343/227/1343 1482/193/1482
f 1344/206/1344 1604/148/1604 1603/225/1603
f 1341/193/1341 1340/225/1340 1339/148/1339
f 1603/225/1603 1602/193/1602 1338/227/1338
f 1071/147/1071 1342/226/1342 1483/170/1483
f 1342/226/1342 1071/147/1071 1215/206/1215
f 1345/170/1345 1338/227/1338 1602/193/1602
f 1338/227/1338 1345/170/1345 1357/226/1357
f 1215/206/1215 1481/148/1481 1214/225/1214
f 1481/148/1481 1215/206/1215 1071/147/1071
f 1214/225/1214 1482/193/1482 1343/227/1343
f 1482/193/1482 1214/225/1214 1481/148/1481
f 1601/19/1601 1739/18/1739 1341/193/1341
f 1341/193/1341 1339/148/1339 1601/19/1601
f 1481/148/1481 1738/18/1738 1482/193/1482
f 1738/18/1738 1481/148/1481 1737/19/1737
f 1075/126/1075 1084/147/1084 1085/206/1085
f 1084/147/1084 1075/126/1075 1076/125/1076
f 2022/148/2022 1213/206/1213 1212/147/1212
f 1600/444/1600 1598/443/1598 1599/447/1599
f 1736/448/1736 1734/449/1734 1735/450/1735
f 1213/206/1213 2022/148/2022 2021/225/2021
f 1211/193/1211 1210/225/1210 1209/148/1209
f 2021/225/2021 2020/193/2020 1208/227/1208
f 787/451/787 1734/449/1734 1736/448/1736
f 1733/148/1733 1478/206/1478 1480/147/1480
f 1480/147/1480 1493/127/1493 1479/128/1479
f 1493/127/1493 1480/147/1480 1478/206/1478
f 1207/170/1207 1208/227/1208 2020/193/2020
f 1208/227/1208 1207/170/1207 1337/226/1337
f 2325/165/2325 2327/165/2327 1206/165/1206
f 1205/165/1205 1206/165/1206 2327/165/2327
f 2325/36/2325 1206/195/1206 2326/37/2326
f 1070/153/1070 2326/37/2326 1206/195/1206
f 1916/334/1916 1919/370/1919 1782/371/1782
f 1919/370/1919 1916/334/1916 1918/333/1918
f 1917/332/1917 1781/369/1781 1780/331/1780
f 1781/369/1781 1917/332/1917 1921/330/1921
f 1143/329/1143 1652/330/1652 1657/332/1657
f 1143/329/1143 1657/332/1657 1008/328/1008
f 1007/327/1007 1656/333/1656 1653/334/1653
f 1007/327/1007 1653/334/1653 1144/326/1144
f 1277/171/1277 1278/150/1278 1206/195/1206
f 1206/195/1206 1278/150/1278 1070/153/1070
f 1205/196/1205 1204/152/1204 1280/172/1280
f 1280/172/1280 1204/152/1204 1275/149/1275
f 1677/407/1677 1277/315/1277 1280/319/1280
f 1280/319/1280 1679/409/1679 1677/407/1677
f 2168/19/2168 2167/18/2167 1211/193/1211
f 1211/193/1211 1209/148/1209 2168/19/2168
f 1734/449/1734 2166/452/2166 1735/450/1735
f 2166/452/2166 1734/449/1734 2165/453/2165
f 1204/152/1204 1205/196/1205 2328/39/2328
f 2327/38/2327 2328/39/2328 1205/196/1205
f 2674/622/2674 2670/617/2670 939/225/939
f 941/193/941 1888/18/1888 2670/617/2670
f 1889/19/1889 2670/617/2670 2671/618/2671
f 2674/621/2674 2673/620/2673 1740/193/1740
f 1741/225/1741 2673/620/2673 2674/621/2674
f 941/193/941 2670/617/2670 2674/622/2674
f 2677/625/2677 2676/624/2676 936/126/936
f 942/206/942 2676/624/2676 2677/625/2677
g fff0aa7b_00043_0018d665_e4
f 1237/289/1237 2721/675/2721 2720/674/2720
f 2720/674/2720 1095/287/1095 1094/286/1094
f 2722/676/2722 1235/284/1235 1234/283/1234
f 1236/285/1236 2723/677/2723 2722/676/2722
f 2715/669/2715 1360/284/1360 2714/668/2714
f 2712/666/2712 1091/287/1091 1090/286/1090
f 2710/664/2710 1088/284/1088 1087/283/1087
f 2714/668/2714 1360/284/1360 1359/283/1359
f 1750/285/1750 1748/284/1748 1747/282/1747
f 1750/285/1750 1749/283/1749 1748/284/1748
f 2675/623/2675 2672/619/2672 1362/283/1362
f 1364/285/1364 1361/282/1361 2672/619/2672
f 1493/285/1493 2700/654/2700 1613/282/1613
f 2700/654/2700 1614/284/1614 2701/655/2701
f 1232/285/1232 2715/669/2715 2714/668/2714
f 1232/285/1232 1358/282/1358 2715/669/2715
f 1504/289/1504 1503/287/1503 1502/288/1502
f 1504/289/1504 1501/286/1501 1503/287/1503
f 1619/285/1619 1618/283/1618 1617/284/1617
f 1619/285/1619 1617/284/1617 1616/282/1616
f 2698/652/2698 2699/653/2699 1498/288/1498
f 2698/652/2698 1497/286/1497 1499/287/1499
f 2702/656/2702 1495/284/1495 2703/657/2703
f 1357/285/1357 2702/656/2702 1494/282/1494
f 1362/283/1362 2672/619/2672 1363/284/1363
f 1364/285/1364 2672/619/2672 2675/623/2675
f 2698/652/2698 1499/287/1499 2699/653/2699
f 1500/289/1500 2698/652/2698 1498/288/1498
f 2700/654/2700 1615/283/1615 1614/284/1614
f 2700/654/2700 2701/655/2701 1613/282/1613
f 2702/656/2702 1496/283/1496 1495/284/1495
f 2702/656/2702 2703/657/2703 1494/282/1494
f 2711/665/2711 1088/284/1088 2710/664/2710
f 1089/285/1089 1086/282/1086 2711/665/2711
f 1089/285/1089 2711/665/2711 2710/664/2710
f 1093/289/1093 2713/667/2713 2712/666/2712
f 2713/667/2713 1091/287/1091 2712/666/2712
f 1093/289/1093 1092/288/1092 2713/667/2713
f 2721/675/2721 1095/287/1095 2720/674/2720
f 1237/289/1237 1096/288/1096 2721/675/2721
f 2723/677/2723 1235/284/1235 2722/676/2722
f 1236/285/1236 1233/282/1233 2723/677/2723
g fff0aa7b_00043_0018d665_e5
f 1108/285/1108 1105/282/1105 2719/673/2719
f 2716/670/2716 1110/287/1110 1109/286/1109
f 2718/672/2718 1107/284/1107 1106/283/1106
f 1108/285/1108 2719/673/2719 2718/672/2718
f 2706/660/2706 2707/661/2707 1102/287/1102
f 2706/660/2706 1102/287/1102 1101/286/1101
f 2708/662/2708 1099/284/1099 1098/283/1098
f 2708/662/2708 1097/282/1097 2709/663/2709
f 1627/285/1627 1625/284/1625 1624/282/1624
f 1627/285/1627 1626/283/1626 1625/284/1625
f 1374/285/1374 1371/282/1371 2678/626/2678
f 1372/283/1372 2679/627/2679 1373/284/1373
f 1623/285/1623 2696/650/2696 2697/651/2697
f 2696/650/2696 1622/283/1622 1621/284/1621
f 2704/658/2704 1240/284/1240 1239/283/1239
f 2704/658/2704 1238/282/1238 2705/659/2705
f 1514/289/1514 1513/287/1513 1512/288/1512
f 1514/289/1514 1511/286/1511 1513/287/1513
f 1510/285/1510 1509/283/1509 1508/284/1508
f 1510/285/1510 1508/284/1508 1507/282/1507
f 1623/285/1623 2697/651/2697 1620/282/1620
f 2694/648/2694 1367/286/1367 1369/287/1369
f 2692/646/2692 1366/283/1366 1365/284/1365
f 2697/651/2697 2696/650/2696 1621/284/1621
f 2679/627/2679 2678/626/2678 1373/284/1373
f 2679/627/2679 1374/285/1374 2678/626/2678
f 2693/647/2693 2692/646/2692 1365/284/1365
f 1506/285/1506 2693/647/2693 1505/282/1505
f 1506/285/1506 2692/646/2692 2693/647/2693
f 1370/289/1370 2694/648/2694 2695/649/2695
f 2695/649/2695 2694/648/2694 1369/287/1369
f 1370/289/1370 2695/649/2695 1368/288/1368
f 2706/660/2706 1103/288/1103 2707/661/2707
f 1241/285/1241 1238/282/1238 2704/658/2704
f 2708/662/2708 2709/663/2709 1099/284/1099
f 2704/658/2704 2705/659/2705 1240/284/1240
f 1100/285/1100 1097/282/1097 2708/662/2708
f 1104/289/1104 1103/288/1103 2706/660/2706
f 2717/671/2717 1110/287/1110 2716/670/2716
f 1112/289/1112 1111/288/1111 2717/671/2717
f 1112/289/1112 2717/671/2717 2716/670/2716
f 2719/673/2719 1107/284/1107 2718/672/2718
g fff0aa7b_00043_0018d665_e19
f 139/49/139 115/48/115 114/74/114
f 114/74/114 141/73/141 139/49/139
f 113/72/113 142/71/142 140/70/140
f 140/70/140 112/69/112 113/72/113
f 2199/49/2199 2175/48/2175 2174/74/2174
f 2174/74/2174 2201/73/2201 2199/49/2199
f 2031/72/2031 2061/71/2061 2200/70/2200
f 2200/70/2200 2173/69/2173 2031/72/2031
f 418/49/418 387/48/387 386/74/386
f 386/74/386 420/73/420 418/49/418
f 246/72/246 274/71/274 419/70/419
f 419/70/419 385/69/385 246/72/246
f 2345/49/2345 2332/48/2332 2331/74/2331
f 2331/74/2331 2347/73/2347 2345/49/2345
f 2330/72/2330 2348/71/2348 2346/70/2346
f 2346/70/2346 2329/69/2329 2330/72/2330
f 556/49/556 519/74/519 518/48/518
f 519/74/519 556/49/556 557/73/557
f 517/72/517 558/70/558 559/71/559
f 558/70/558 517/72/517 516/69/516
f 135/49/135 111/74/111 110/48/110
f 111/74/111 135/49/135 136/73/136
f 109/72/109 137/70/137 138/71/138
f 137/70/137 109/72/109 108/69/108
f 690/49/690 657/74/657 656/48/656
f 657/74/657 690/49/690 691/73/691
f 655/72/655 692/70/692 693/71/693
f 692/70/692 655/72/655 654/69/654
f 270/49/270 384/74/384 245/48/245
f 384/74/384 270/49/270 271/73/271
f 244/72/244 272/70/272 273/71/273
f 272/70/272 244/72/244 243/69/243
g fff0aa7b_00043_0018d665_e31
f 1113/129/1113 1114/130/1114 524/51/524
f 528/57/528 526/55/526 2179/131/2179
f 2179/131/2179 2176/20/2176 528/57/528
f 1113/129/1113 525/54/525 116/41/116
f 1113/129/1113 116/41/116 2333/42/2333
f 2333/42/2333 1114/130/1114 1113/129/1113
f 2179/131/2179 526/55/526 2180/293/2180
f 2333/42/2333 2178/21/2178 658/75/658
f 528/57/528 2176/20/2176 527/56/527
f 523/50/523 522/52/522 525/54/525
f 2333/42/2333 2177/291/2177 1114/130/1114
f 2333/42/2333 116/41/116 2178/21/2178
f 521/53/521 522/52/522 523/50/523
f 1890/131/1890 1751/20/1751 124/57/124
f 124/57/124 122/55/122 1890/131/1890
f 659/129/659 660/130/660 118/51/118
f 117/50/117 247/54/247 659/129/659
f 659/129/659 118/51/118 117/50/117
f 117/50/117 119/52/119 247/54/247
f 121/53/121 119/52/119 117/50/117
f 117/50/117 118/51/118 121/53/121
f 121/53/121 118/51/118 120/40/120
f 124/57/124 123/56/123 119/52/119
f 124/57/124 119/52/119 121/53/121
f 121/53/121 122/55/122 124/57/124
f 121/53/121 120/40/120 122/55/122
f 659/129/659 247/54/247 2032/41/2032
f 659/129/659 2032/41/2032 2033/42/2033
f 2033/42/2033 660/130/660 659/129/659
f 2194/134/2194 2193/134/2193 2052/23/2052
f 2052/23/2052 2051/23/2051 2194/134/2194
f 2050/102/2050 2049/101/2049 2048/242/2048
f 2048/242/2048 2047/241/2047 2050/102/2050
f 528/57/528 520/40/520 526/55/526
f 521/53/521 520/40/520 528/57/528
f 250/131/250 1379/22/1379 1378/293/1378
f 1520/42/1520 1377/21/1377 1519/41/1519
f 1520/42/1520 127/130/127 1376/291/1376
f 1379/22/1379 250/131/250 1375/20/1375
f 2044/57/2044 2043/56/2043 1375/20/1375
f 1520/42/1520 2192/75/2192 1377/21/1377
f 250/131/250 1378/293/1378 2042/55/2042
f 1520/42/1520 126/129/126 127/130/127
f 126/129/126 1520/42/1520 1519/41/1519
f 126/129/126 1519/41/1519 2041/54/2041
f 1896/53/1896 2042/55/2042 1895/40/1895
f 1896/53/1896 2044/57/2044 2042/55/2042
f 2044/57/2044 1896/53/1896 1894/52/1894
f 2044/57/2044 1894/52/1894 2043/56/2043
f 1896/53/1896 1895/40/1895 2040/51/2040
f 2039/50/2039 1896/53/1896 2040/51/2040
f 1896/53/1896 2039/50/2039 1894/52/1894
f 2039/50/2039 2041/54/2041 1894/52/1894
f 126/129/126 2039/50/2039 2040/51/2040
f 2039/50/2039 126/129/126 2041/54/2041
f 126/129/126 2040/51/2040 127/130/127
f 2044/57/2044 250/131/250 2042/55/2042
f 250/131/250 2044/57/2044 1375/20/1375
f 1890/131/1890 122/55/122 1891/293/1891
f 2033/42/2033 1753/21/1753 388/75/388
f 124/57/124 1751/20/1751 123/56/123
f 523/50/523 525/54/525 1113/129/1113
f 2033/42/2033 1752/291/1752 660/130/660
f 2033/42/2033 2032/41/2032 1753/21/1753
f 1113/129/1113 524/51/524 523/50/523
f 389/53/389 248/40/248 394/55/394
f 389/53/389 394/55/394 396/57/396
f 396/57/396 390/52/390 389/53/389
f 396/57/396 395/56/395 390/52/390
f 389/53/389 392/51/392 248/40/248
f 391/50/391 392/51/392 389/53/389
f 389/53/389 390/52/390 391/50/391
f 391/50/391 390/52/390 393/54/393
f 955/129/955 392/51/392 391/50/391
f 391/50/391 393/54/393 955/129/955
f 955/129/955 956/130/956 392/51/392
f 396/57/396 394/55/394 1115/131/1115
f 1115/131/1115 2034/20/2034 396/57/396
f 955/129/955 393/54/393 2181/41/2181
f 955/129/955 2181/41/2181 2182/42/2182
f 2182/42/2182 956/130/956 955/129/955
f 528/57/528 522/52/522 521/53/521
f 1756/42/1756 1517/21/1517 1755/41/1755
f 1756/42/1756 398/130/398 1516/291/1516
f 528/57/528 527/56/527 522/52/522
f 2191/57/2191 2190/56/2190 1515/20/1515
f 1756/42/1756 125/75/125 1517/21/1517
f 1632/131/1632 1518/293/1518 2189/55/2189
f 1756/42/1756 397/129/397 398/130/398
f 397/129/397 1756/42/1756 1755/41/1755
f 397/129/397 1755/41/1755 2188/54/2188
f 2187/53/2187 2189/55/2189 2186/40/2186
f 2187/53/2187 2191/57/2191 2189/55/2189
f 2190/56/2190 2187/53/2187 2185/52/2185
f 2191/57/2191 2187/53/2187 2190/56/2190
f 2187/53/2187 2186/40/2186 2184/51/2184
f 2183/50/2183 2187/53/2187 2184/51/2184
f 2187/53/2187 2183/50/2183 2185/52/2185
f 2183/50/2183 2188/54/2188 2185/52/2185
f 397/129/397 2183/50/2183 2184/51/2184
f 2183/50/2183 397/129/397 2188/54/2188
f 397/129/397 2184/51/2184 398/130/398
f 2191/57/2191 1632/131/1632 2189/55/2189
f 1632/131/1632 2191/57/2191 1515/20/1515
f 521/53/521 524/51/524 520/40/520
f 1115/131/1115 394/55/394 2038/293/2038
f 2182/42/2182 2036/21/2036 529/75/529
f 523/50/523 524/51/524 521/53/521
f 396/57/396 2034/20/2034 395/56/395
f 2037/22/2037 2034/20/2034 1115/131/1115
f 2182/42/2182 2035/291/2035 956/130/956
f 2182/42/2182 2181/41/2181 2036/21/2036
f 1115/131/1115 2038/293/2038 2037/22/2037
f 661/131/661 1628/20/1628 2342/57/2342
f 2342/57/2342 2340/55/2340 661/131/661
f 530/129/530 531/130/531 2335/51/2335
f 2334/50/2334 2339/54/2339 530/129/530
f 530/129/530 2335/51/2335 2334/50/2334
f 2334/50/2334 2336/52/2336 2339/54/2339
f 2338/53/2338 2336/52/2336 2334/50/2334
f 2334/50/2334 2335/51/2335 2338/53/2338
f 2338/53/2338 2335/51/2335 2337/40/2337
f 2342/57/2342 2341/56/2341 2336/52/2336
f 2342/57/2342 2336/52/2336 2338/53/2338
f 2338/53/2338 2340/55/2340 2342/57/2342
f 2338/53/2338 2337/40/2337 2340/55/2340
f 530/129/530 2339/54/2339 1892/41/1892
f 661/131/661 1631/293/1631 1754/22/1754
f 1893/42/1893 1892/41/1892 1630/21/1630
f 1893/42/1893 1629/291/1629 531/130/531
f 1754/22/1754 1628/20/1628 661/131/661
f 2342/57/2342 1628/20/1628 2341/56/2341
f 1893/42/1893 1630/21/1630 249/75/249
f 661/131/661 2340/55/2340 1631/293/1631
f 1893/42/1893 531/130/531 530/129/530
f 530/129/530 1892/41/1892 1893/42/1893
g fff0aa7b_00043_0018d665_e0
f 1444/408/1444 1383/316/1383 1382/403/1382
f 1383/316/1383 1444/408/1444 1523/311/1523
f 1522/318/1522 1446/410/1446 1381/402/1381
f 1446/410/1446 1522/318/1522 1521/411/1521
f 258/154/258 257/153/257 547/210/547
f 679/195/679 547/210/547 257/153/257
f 546/199/546 545/209/545 544/223/544
f 678/196/678 677/172/677 256/152/256
f 547/210/547 679/195/679 545/209/545
f 255/151/255 543/208/543 256/152/256
f 679/195/679 257/153/257 542/150/542
f 544/223/544 545/209/545 541/207/541
f 676/171/676 679/195/679 542/150/542
f 678/196/678 545/209/545 679/195/679
f 541/207/541 545/209/545 256/152/256
f 677/172/677 675/149/675 256/152/256
f 545/209/545 678/196/678 256/152/256
f 258/154/258 547/210/547 540/201/540
f 543/208/543 541/207/541 256/152/256
f 543/208/543 255/151/255 539/218/539
f 254/172/254 129/149/129 809/152/809
f 253/195/253 808/210/808 807/153/807
f 806/207/806 808/209/808 809/152/809
f 252/196/252 254/172/254 809/152/809
f 252/196/252 808/209/808 253/195/253
f 251/171/251 253/195/253 128/150/128
f 253/195/253 807/153/807 128/150/128
f 808/209/808 252/196/252 809/152/809
f 1678/408/1678 1637/316/1637 1636/403/1636
f 1637/316/1637 1678/408/1678 1635/311/1635
f 1634/318/1634 1680/410/1680 1382/402/1382
f 1680/410/1680 1634/318/1634 1633/411/1633
f 407/154/407 406/153/406 674/210/674
f 805/195/805 674/210/674 406/153/406
f 673/199/673 672/209/672 804/223/804
f 672/209/672 2660/610/2660 2659/609/2659
f 674/210/674 805/195/805 672/209/672
f 405/151/405 801/208/801 538/152/538
f 805/195/805 406/153/406 800/150/800
f 804/223/804 672/209/672 799/207/799
f 798/171/798 805/195/805 800/150/800
f 803/196/803 672/209/672 805/195/805
f 799/207/799 672/209/672 2659/609/2659
f 2658/608/2658 797/149/797 538/152/538
f 801/208/801 2659/609/2659 538/152/538
f 407/154/407 674/210/674 671/201/671
f 801/208/801 799/207/799 2659/609/2659
f 801/208/801 405/151/405 796/218/796
f 404/172/404 403/149/403 974/152/974
f 402/195/402 973/210/973 972/153/972
f 971/207/971 973/209/973 974/152/974
f 401/196/401 404/172/404 974/152/974
f 401/196/401 973/209/973 402/195/402
f 400/171/400 402/195/402 399/150/399
f 402/195/402 972/153/972 399/150/399
f 973/209/973 401/196/401 974/152/974
f 1444/408/1444 1382/403/1382 1760/316/1760
f 1760/316/1760 1759/311/1759 1444/408/1444
f 1758/318/1758 1381/402/1381 1446/410/1446
f 1446/410/1446 1757/411/1757 1758/318/1758
f 670/154/670 970/210/970 669/153/669
f 969/195/969 669/153/669 970/210/970
f 968/199/968 967/223/967 966/209/966
f 965/196/965 668/152/668 964/172/964
f 970/210/970 966/209/966 969/195/969
f 667/151/667 668/152/668 963/208/963
f 969/195/969 962/150/962 669/153/669
f 967/223/967 961/207/961 966/209/966
f 960/171/960 962/150/962 969/195/969
f 965/196/965 969/195/969 966/209/966
f 961/207/961 668/152/668 966/209/966
f 964/172/964 668/152/668 959/149/959
f 966/209/966 668/152/668 965/196/965
f 670/154/670 958/201/958 970/210/970
f 963/208/963 668/152/668 961/207/961
f 963/208/963 957/218/957 667/151/667
f 537/172/537 1131/152/1131 536/149/536
f 535/195/535 1130/153/1130 1129/210/1129
f 1128/207/1128 1131/152/1131 1129/209/1129
f 534/196/534 1131/152/1131 537/172/537
f 534/196/534 535/195/535 1129/209/1129
f 533/171/533 532/150/532 535/195/535
f 535/195/535 532/150/532 1130/153/1130
f 1129/209/1129 1131/152/1131 534/196/534
f 1678/408/1678 1636/403/1636 1900/316/1900
f 1900/316/1900 1899/311/1899 1678/408/1678
f 1898/318/1898 1382/402/1382 1680/410/1680
f 1680/410/1680 1897/411/1897 1898/318/1898
f 795/154/795 1127/210/1127 794/153/794
f 1246/195/1246 794/153/794 1127/210/1127
f 1126/199/1126 1125/223/1125 1124/209/1124
f 1245/196/1245 793/152/793 1123/172/1123
f 1127/210/1127 1124/209/1124 1246/195/1246
f 792/151/792 793/152/793 1122/208/1122
f 1246/195/1246 1121/150/1121 794/153/794
f 1125/223/1125 1120/207/1120 1124/209/1124
f 1119/171/1119 1121/150/1121 1246/195/1246
f 1245/196/1245 1246/195/1246 1124/209/1124
f 1120/207/1120 793/152/793 1124/209/1124
f 1123/172/1123 793/152/793 1118/149/1118
f 1124/209/1124 793/152/793 1245/196/1245
f 795/154/795 1117/201/1117 1127/210/1127
f 1122/208/1122 793/152/793 1120/207/1120
f 1122/208/1122 1116/218/1116 792/151/792
f 666/172/666 1380/152/1380 665/149/665
f 791/195/791 1244/153/1244 1243/210/1243
f 1242/207/1242 1380/152/1380 1243/209/1243
f 664/196/664 1380/152/1380 666/172/666
f 664/196/664 791/195/791 1243/209/1243
f 663/171/663 662/150/662 791/195/791
f 791/195/791 662/150/662 1244/153/1244
f 1243/209/1243 1380/152/1380 664/196/664
f 980/176/980 979/175/979 978/174/978
f 977/173/977 978/174/978 979/175/979
f 2660/610/2660 802/172/802 2641/592/2641
f 2659/609/2659 2658/608/2658 538/152/538
f 803/196/803 802/172/802 2660/610/2660
f 672/209/672 803/196/803 2660/610/2660
g fff0aa7b_00043_0018d665_e1
f 993/213/993 1139/376/1139 833/269/833
f 2690/644/2690 2691/645/2691 2073/375/2073
f 2690/644/2690 2073/375/2073 2074/374/2074
f 2219/353/2219 2198/339/2198 2197/338/2197
f 2219/353/2219 2197/338/2197 2218/352/2218
f 2223/373/2223 1139/376/1139 993/213/993
f 2220/354/2220 2221/355/2221 2197/338/2197
f 2198/339/2198 2220/354/2220 2197/338/2197
f 2554/494/2554 2557/495/2557 2562/500/2562
f 2562/500/2562 2559/499/2559 2554/494/2554
f 261/59/261 2667/614/2667 2665/613/2665
f 2667/614/2667 261/59/261 555/336/555
f 716/638/716 2662/637/2662 2663/640/2663
f 2663/640/2663 717/641/717 716/638/716
f 2662/637/2662 715/636/715 2661/639/2661
f 715/636/715 2662/637/2662 716/638/716
f 134/184/134 269/183/269 268/182/268
f 269/183/269 134/184/134 267/181/267
f 266/240/266 830/258/830 829/257/829
f 830/258/830 266/240/266 828/256/828
f 827/239/827 826/255/826 825/254/825
f 1036/238/1036 1045/137/1045 1043/237/1043
f 584/236/584 1045/136/1045 585/235/585
f 824/268/824 826/255/826 265/234/265
f 887/233/887 823/253/823 822/252/822
f 582/251/582 822/252/822 821/250/821
f 1034/249/1034 1042/267/1042 1041/248/1041
f 1032/247/1032 1042/267/1042 1039/266/1039
f 887/233/887 822/252/822 884/246/884
f 822/252/822 1035/265/1035 884/246/884
f 830/258/830 828/256/828 820/232/820
f 829/257/829 830/258/830 583/231/583
f 888/230/888 830/258/830 820/232/820
f 830/258/830 888/230/888 1044/264/1044
f 821/250/821 822/252/822 823/253/823
f 823/253/823 887/233/887 1040/263/1040
f 819/245/819 823/253/823 1031/244/1031
f 821/250/821 823/253/823 819/245/819
f 824/268/824 825/254/825 826/255/826
f 825/254/825 1038/262/1038 1033/229/1033
f 827/239/827 825/254/825 1033/229/1033
f 825/254/825 1030/228/1030 1038/262/1038
f 823/253/823 1040/263/1040 1031/244/1031
f 822/252/822 582/251/582 1035/265/1035
f 830/258/830 1044/264/1044 583/231/583
f 1032/247/1032 1039/266/1039 1185/243/1185
f 1034/249/1034 1039/266/1039 1042/267/1042
f 1036/238/1036 1037/261/1037 1045/135/1045
f 1045/136/1045 1037/261/1037 585/235/585
f 1030/228/1030 825/254/825 824/268/824
f 148/61/148 133/60/133 417/308/417
f 417/308/417 446/307/446 148/61/148
f 132/59/132 149/58/149 445/337/445
f 445/337/445 416/336/416 132/59/132
f 1682/306/1682 1647/305/1647 1646/308/1646
f 1646/308/1646 1683/307/1683 1682/306/1682
f 1645/304/1645 1685/335/1685 1684/337/1684
f 1684/337/1684 1528/336/1528 1645/304/1645
f 1685/335/1685 1645/304/1645 1804/27/1804
f 1644/26/1644 1804/27/1804 1645/304/1645
f 1647/305/1647 1682/306/1682 1769/25/1769
f 1797/24/1797 1769/25/1769 1682/306/1682
f 2071/61/2071 2060/60/2060 992/308/992
f 992/308/992 1029/307/1029 2071/61/2071
f 2059/59/2059 2072/58/2072 1028/337/1028
f 1028/337/1028 818/336/818 2059/59/2059
f 1310/306/1310 1264/305/1264 1263/308/1263
f 1263/308/1263 1441/307/1441 1310/306/1310
f 1262/304/1262 1313/335/1313 1442/337/1442
f 1442/337/1442 1261/336/1261 1262/304/1262
f 1313/335/1313 1262/304/1262 1440/27/1440
f 1399/26/1399 1440/27/1440 1262/304/1262
f 1264/305/1264 1310/306/1310 1398/25/1398
f 1438/24/1438 1398/25/1398 1310/306/1310
f 829/257/829 415/164/415 266/240/266
f 264/163/264 266/240/266 415/164/415
f 265/234/265 414/162/414 824/268/824
f 414/162/414 265/234/265 263/161/263
f 821/250/821 413/160/413 582/251/582
f 282/159/282 582/251/582 413/160/413
f 583/231/583 415/164/415 829/257/829
f 415/164/415 583/231/583 435/158/435
f 585/235/585 436/157/436 584/236/584
f 436/157/436 585/235/585 437/156/437
f 819/245/819 412/155/412 821/250/821
f 413/160/413 821/250/821 412/155/412
f 1031/244/1031 433/180/433 819/245/819
f 412/155/412 819/245/819 433/180/433
f 824/268/824 431/179/431 1030/228/1030
f 431/179/431 824/268/824 414/162/414
f 1185/243/1185 432/178/432 1032/247/1032
f 434/177/434 1032/247/1032 432/178/432
f 411/240/411 991/258/991 990/257/990
f 991/258/991 411/240/411 989/256/989
f 1138/239/1138 1137/255/1137 1136/254/1136
f 1302/238/1302 1181/137/1181 1309/237/1309
f 869/236/869 1181/136/1181 871/235/871
f 1135/268/1135 1137/255/1137 410/234/410
f 1178/233/1178 988/253/988 987/252/987
f 722/251/722 987/252/987 986/250/986
f 1300/249/1300 1179/267/1179 1308/248/1308
f 1299/247/1299 1179/267/1179 1177/266/1177
f 1178/233/1178 987/252/987 1175/246/1175
f 987/252/987 1301/265/1301 1175/246/1175
f 991/258/991 989/256/989 1134/232/1134
f 990/257/990 991/258/991 723/231/723
f 1182/230/1182 991/258/991 1134/232/1134
f 991/258/991 1182/230/1182 1180/264/1180
f 986/250/986 987/252/987 988/253/988
f 988/253/988 1178/233/1178 1307/263/1307
f 985/245/985 988/253/988 1173/244/1173
f 986/250/986 988/253/988 985/245/985
f 1135/268/1135 1136/254/1136 1137/255/1137
f 1136/254/1136 1304/262/1304 1174/229/1174
f 1138/239/1138 1136/254/1136 1174/229/1174
f 1136/254/1136 1172/228/1172 1304/262/1304
f 988/253/988 1307/263/1307 1173/244/1173
f 987/252/987 722/251/722 1301/265/1301
f 991/258/991 1180/264/1180 723/231/723
f 1299/247/1299 1177/266/1177 1303/243/1303
f 1300/249/1300 1177/266/1177 1179/267/1179
f 1302/238/1302 1176/261/1176 1181/135/1181
f 1181/136/1181 1176/261/1176 871/235/871
f 1172/228/1172 1136/254/1136 1135/268/1135
f 280/61/280 262/60/262 689/308/689
f 689/308/689 725/307/725 280/61/280
f 261/59/261 281/58/281 724/337/724
f 724/337/724 555/336/555 261/59/261
f 2629/576/2629 1388/250/1388 981/155/981
f 1388/250/1388 2629/576/2629 1389/253/1389
f 1768/304/1768 1796/335/1796 1795/337/1795
f 1795/337/1795 1767/336/1767 1768/304/1768
f 1796/335/1796 1768/304/1768 1931/27/1931
f 1907/26/1907 1931/27/1931 1768/304/1768
f 2603/545/2603 2604/521/2604 2606/546/2606
f 2605/523/2605 2606/546/2606 2604/521/2604
f 2355/61/2355 2344/60/2344 1133/308/1133
f 1133/308/1133 1171/307/1171 2355/61/2355
f 2343/59/2343 2356/58/2356 1170/337/1170
f 1170/337/1170 1132/336/1132 2343/59/2343
f 1554/306/1554 1527/305/1527 1526/308/1526
f 1526/308/1526 1555/307/1555 1554/306/1554
f 1525/304/1525 1557/335/1557 1556/337/1556
f 1556/337/1556 1524/336/1524 1525/304/1525
f 1557/335/1557 1525/304/1525 1676/27/1676
f 1643/26/1643 1676/27/1676 1525/304/1525
f 1527/305/1527 1554/306/1554 1642/25/1642
f 1669/24/1669 1642/25/1642 1554/306/1554
f 990/257/990 554/164/554 411/240/411
f 553/163/553 411/240/411 554/164/554
f 410/234/410 552/162/552 1135/268/1135
f 552/162/552 410/234/410 551/161/551
f 986/250/986 550/160/550 722/251/722
f 570/159/570 722/251/722 550/160/550
f 723/231/723 554/164/554 990/257/990
f 554/164/554 723/231/723 568/158/568
f 871/235/871 569/157/569 869/236/869
f 569/157/569 871/235/871 571/156/571
f 985/245/985 549/155/549 986/250/986
f 550/160/550 986/250/986 549/155/549
f 1173/244/1173 567/180/567 985/245/985
f 549/155/549 985/245/985 567/180/567
f 1135/268/1135 566/179/566 1172/228/1172
f 566/179/566 1135/268/1135 552/162/552
f 1303/243/1303 712/178/712 1299/247/1299
f 713/177/713 1299/247/1299 712/178/712
f 688/240/688 1260/257/1260 1259/258/1259
f 1259/258/1259 1258/256/1258 688/240/688
f 1257/239/1257 1256/254/1256 1255/255/1255
f 1424/238/1424 1432/237/1432 1433/137/1433
f 1013/236/1013 1015/235/1015 1433/136/1433
f 1254/268/1254 687/234/687 1255/255/1255
f 1295/233/1295 1253/252/1253 1252/253/1252
f 1012/251/1012 1251/250/1251 1253/252/1253
f 1421/249/1421 1430/248/1430 1431/267/1431
f 1420/247/1420 1428/266/1428 1431/267/1431
f 1295/233/1295 1294/246/1294 1253/252/1253
f 1253/252/1253 1294/246/1294 1423/265/1423
f 1259/258/1259 1250/232/1250 1258/256/1258
f 1260/257/1260 1014/231/1014 1259/258/1259
f 1296/230/1296 1250/232/1250 1259/258/1259
f 1259/258/1259 1434/264/1434 1296/230/1296
f 1251/250/1251 1252/253/1252 1253/252/1253
f 1252/253/1252 1429/263/1429 1295/233/1295
f 1249/245/1249 1293/244/1293 1252/253/1252
f 1251/250/1251 1249/245/1249 1252/253/1252
f 1254/268/1254 1255/255/1255 1256/254/1256
f 1256/254/1256 1422/229/1422 1426/262/1426
f 1257/239/1257 1422/229/1422 1256/254/1256
f 1256/254/1256 1426/262/1426 1419/228/1419
f 1252/253/1252 1293/244/1293 1429/263/1429
f 1253/252/1253 1423/265/1423 1012/251/1012
f 1259/258/1259 1014/231/1014 1434/264/1434
f 1420/247/1420 1427/243/1427 1428/266/1428
f 1421/249/1421 1431/267/1431 1428/266/1428
f 1424/238/1424 1433/135/1433 1425/261/1425
f 1433/136/1433 1015/235/1015 1425/261/1425
f 1419/228/1419 1254/268/1254 1256/254/1256
f 425/61/425 817/308/817 409/60/409
f 817/308/817 425/61/425 862/307/862
f 408/59/408 861/337/861 424/58/424
f 861/337/861 408/59/408 816/336/816
f 1922/306/1922 1906/308/1906 1905/305/1905
f 1906/308/1906 1922/306/1922 1923/307/1923
f 1904/304/1904 1924/337/1924 1925/335/1925
f 1924/337/1924 1904/304/1904 1903/336/1903
f 1925/335/1925 2069/27/2069 1904/304/1904
f 2058/26/2058 1904/304/1904 2069/27/2069
f 1905/305/1905 2057/25/2057 1922/306/1922
f 2065/24/2065 1922/306/1922 2057/25/2057
f 144/61/144 1248/308/1248 131/60/131
f 1248/308/1248 144/61/144 1292/307/1292
f 130/59/130 1291/337/1291 143/58/143
f 1291/337/1291 130/59/130 1247/336/1247
f 1658/306/1658 1641/308/1641 1640/305/1640
f 1641/308/1641 1658/306/1658 1659/307/1659
f 1639/304/1639 1660/337/1660 1661/335/1661
f 1660/337/1660 1639/304/1639 1638/336/1638
f 1661/335/1661 1790/27/1790 1639/304/1639
f 1766/26/1766 1639/304/1639 1790/27/1790
f 1640/305/1640 1765/25/1765 1658/306/1658
f 1783/24/1783 1658/306/1658 1765/25/1765
f 1260/257/1260 688/240/688 686/164/686
f 685/163/685 686/164/686 688/240/688
f 687/234/687 1254/268/1254 684/162/684
f 684/162/684 683/161/683 687/234/687
f 1251/250/1251 1012/251/1012 682/160/682
f 701/159/701 682/160/682 1012/251/1012
f 1014/231/1014 1260/257/1260 686/164/686
f 686/164/686 699/158/699 1014/231/1014
f 1015/235/1015 1013/236/1013 700/157/700
f 700/157/700 702/156/702 1015/235/1015
f 1249/245/1249 1251/250/1251 681/155/681
f 682/160/682 681/155/681 1251/250/1251
f 1293/244/1293 1249/245/1249 851/180/851
f 681/155/681 851/180/851 1249/245/1249
f 1254/268/1254 1419/228/1419 849/179/849
f 849/179/849 684/162/684 1254/268/1254
f 1427/243/1427 1420/247/1420 850/178/850
f 852/177/852 850/178/850 1420/247/1420
f 815/240/815 1397/257/1397 1396/258/1396
f 1396/258/1396 1395/256/1395 815/240/815
f 1394/239/1394 1393/254/1393 1392/255/1392
f 1537/238/1537 1545/237/1545 1546/137/1546
f 1146/236/1146 1148/235/1148 1546/136/1546
f 1391/268/1391 814/234/814 1392/255/1392
f 1542/233/1542 1390/252/1390 1389/253/1389
f 1145/251/1145 1388/250/1388 1390/252/1390
f 1534/249/1534 1543/248/1543 1544/267/1544
f 1654/247/1654 1540/266/1540 1544/267/1544
f 1542/233/1542 1417/246/1417 1390/252/1390
f 1390/252/1390 1417/246/1417 1536/265/1536
f 1396/258/1396 1387/232/1387 1395/256/1395
f 1397/257/1397 1147/231/1147 1396/258/1396
f 1418/230/1418 1387/232/1387 1396/258/1396
f 1396/258/1396 1547/264/1547 1418/230/1418
f 1388/250/1388 1389/253/1389 1390/252/1390
f 1389/253/1389 1541/263/1541 1542/233/1542
f 1386/245/1386 1533/244/1533 1389/253/1389
f 2629/576/2629 1386/245/1386 1389/253/1389
f 1391/268/1391 1392/255/1392 1393/254/1393
f 1393/254/1393 1535/229/1535 1539/262/1539
f 1394/239/1394 1535/229/1535 1393/254/1393
f 1393/254/1393 1539/262/1539 1532/228/1532
f 1389/253/1389 1533/244/1533 1541/263/1541
f 1390/252/1390 1536/265/1536 1145/251/1145
f 1396/258/1396 1147/231/1147 1547/264/1547
f 1654/247/1654 1655/243/1655 1540/266/1540
f 1534/249/1534 1544/267/1544 1540/266/1540
f 1537/238/1537 1546/135/1546 1538/261/1538
f 1546/136/1546 1148/235/1148 1538/261/1538
f 1532/228/1532 1391/268/1391 1393/254/1393
f 698/61/698 984/308/984 680/60/680
f 984/308/984 698/61/698 1149/307/1149
f 548/59/548 1006/337/1006 562/58/562
f 1006/337/1006 548/59/548 983/336/983
f 2063/306/2063 2056/308/2056 2055/305/2055
f 2056/308/2056 2063/306/2063 2213/307/2213
f 2054/304/2054 2214/337/2214 2064/335/2064
f 2214/337/2214 2054/304/2054 2053/336/2053
f 2064/335/2064 2212/27/2212 2054/304/2054
f 2196/26/2196 2054/304/2054 2212/27/2212
f 2055/305/2055 2195/25/2195 2063/306/2063
f 2210/24/2210 2063/306/2063 2195/25/2195
f 276/61/276 1385/308/1385 260/60/260
f 1385/308/1385 276/61/276 1415/307/1415
f 259/59/259 1414/337/1414 275/58/275
f 1414/337/1414 259/59/259 1384/336/1384
f 1773/306/1773 1764/308/1764 1763/305/1763
f 1764/308/1764 1773/306/1773 1775/307/1775
f 1762/304/1762 1776/337/1776 1777/335/1777
f 1776/337/1776 1762/304/1762 1761/336/1761
f 1777/335/1777 1915/27/1915 1762/304/1762
f 1902/26/1902 1762/304/1762 1915/27/1915
f 1763/305/1763 1901/25/1901 1773/306/1773
f 1908/24/1908 1773/306/1773 1901/25/1901
f 1397/257/1397 815/240/815 813/164/813
f 812/163/812 813/164/813 815/240/815
f 814/234/814 1391/268/1391 982/162/982
f 982/162/982 811/161/811 814/234/814
f 1388/250/1388 1145/251/1145 810/160/810
f 837/159/837 810/160/810 1145/251/1145
f 1147/231/1147 1397/257/1397 813/164/813
f 813/164/813 835/158/835 1147/231/1147
f 1148/235/1148 1146/236/1146 836/157/836
f 836/157/836 838/156/838 1148/235/1148
f 1386/245/1386 2629/576/2629 981/155/981
f 810/160/810 981/155/981 1388/250/1388
f 1533/244/1533 1386/245/1386 997/180/997
f 981/155/981 997/180/997 1386/245/1386
f 1391/268/1391 1532/228/1532 995/179/995
f 995/179/995 982/162/982 1391/268/1391
f 1655/243/1655 1654/247/1654 996/178/996
f 998/177/998 996/178/996 1654/247/1654
f 976/212/976 833/269/833 975/211/975
f 833/269/833 976/212/976 993/213/993
f 2222/372/2222 2223/373/2223 993/213/993
f 2438/454/2438 2430/455/2430 2428/456/2428
f 2440/457/2440 2427/458/2427 2429/459/2429
f 2439/460/2439 2440/457/2440 2429/459/2429
f 2433/467/2433 2431/466/2431 2434/465/2434
f 2430/455/2430 2438/454/2438 2439/460/2439
f 2432/464/2432 2434/465/2434 2431/466/2431
f 2568/508/2568 832/405/832 831/404/831
f 832/405/832 2568/508/2568 2566/506/2566
f 2439/460/2439 2438/454/2438 2437/461/2437
f 2439/460/2439 2437/461/2437 2440/457/2440
f 2435/462/2435 2436/463/2436 2432/464/2432
f 2434/465/2434 2432/464/2432 2436/463/2436
f 2560/501/2560 2555/496/2555 2554/494/2554
f 2554/494/2554 2559/499/2559 2560/501/2560
f 2445/493/2445 2566/506/2566 2568/508/2568
f 2566/506/2566 2445/493/2445 2443/491/2443
f 2563/503/2563 2556/497/2556 2558/498/2558
f 2556/497/2556 2563/503/2563 2561/502/2561
g fff0aa7b_00043_0018d665_e20
f 142/79/142 141/78/141 140/77/140
f 141/78/141 142/79/142 139/76/139
f 2061/79/2061 2201/78/2201 2200/77/2200
f 2201/78/2201 2061/79/2061 2199/76/2199
f 274/79/274 420/78/420 419/77/419
f 420/78/420 274/79/274 418/76/418
f 2348/79/2348 2347/78/2347 2346/77/2346
f 2347/78/2347 2348/79/2348 2345/76/2345
f 559/79/559 558/77/558 557/78/557
f 557/78/557 556/76/556 559/79/559
f 138/79/138 137/77/137 136/78/136
f 136/78/136 135/76/135 138/79/138
f 693/79/693 692/77/692 691/78/691
f 691/78/691 690/76/690 693/79/693
f 273/79/273 272/77/272 271/78/271
f 271/78/271 270/76/270 273/79/273
f 2616/553/2616 113/554/113 112/555/112
f 112/555/112 2615/556/2615 2616/553/2616
f 2666/612/2666 246/72/246 385/69/385
f 246/72/246 2666/612/2666 2664/611/2664
g fff0aa7b_00043_0018d665_e41
f 2383/416/2383 2384/417/2384 2386/419/2386
f 2386/419/2386 2385/418/2385 2383/416/2383
f 2384/417/2384 2383/416/2383 2388/421/2388
f 2387/420/2387 2388/421/2388 2383/416/2383
f 2388/421/2388 2387/420/2387 2390/423/2390
f 2389/422/2389 2390/423/2390 2387/420/2387
f 2386/1/2386 2389/1/2389 2385/1/2385
f 2389/1/2389 2386/1/2386 2390/1/2390
f 2405/416/2405 2408/419/2408 2406/417/2406
f 2408/419/2408 2405/416/2405 2407/418/2407
f 2406/417/2406 2410/421/2410 2405/416/2405
f 2409/420/2409 2405/416/2405 2410/421/2410
f 2410/421/2410 2412/423/2412 2409/420/2409
f 2411/422/2411 2409/420/2409 2412/423/2412
f 2408/1/2408 2407/1/2407 2411/1/2411
f 2411/1/2411 2412/1/2412 2408/1/2408
g fff0aa7b_00043_0018d665_e3
f 2651/603/2651 2652/589/2652 2650/602/2650
f 2652/589/2652 2651/603/2651 2653/590/2653
f 720/188/720 1437/351/1437 2640/590/2640
f 2644/595/2644 2645/597/2645 577/185/577
f 1451/165/1451 1448/165/1448 1449/165/1449
f 443/188/443 439/194/439 1315/351/1315
f 1448/165/1448 1451/165/1451 1447/165/1447
f 1268/348/1268 444/187/444 293/186/293
f 2585/521/2585 1315/351/1315 2586/523/2586
f 2589/527/2589 1267/349/1267 292/185/292
f 438/193/438 444/187/444 1314/350/1314
f 1314/350/1314 444/187/444 1268/348/1268
f 878/188/878 875/194/875 1312/351/1312
f 1266/348/1266 881/187/881 880/186/880
f 878/188/878 1312/351/1312 877/185/877
f 1312/351/1312 1265/349/1265 877/185/877
f 1026/193/1026 881/187/881 1311/350/1311
f 1311/350/1311 881/187/881 1266/348/1266
f 1566/165/1566 1561/165/1561 1562/165/1562
f 720/188/720 575/194/575 1437/351/1437
f 1561/165/1561 1566/165/1566 1559/165/1559
f 1531/348/1531 721/187/721 578/186/578
f 2640/590/2640 1437/351/1437 2639/589/2639
f 2645/597/2645 1402/349/1402 577/185/577
f 714/193/714 721/187/721 1558/350/1558
f 1558/350/1558 721/187/721 1531/348/1531
f 1165/188/1165 1163/194/1163 1436/351/1436
f 1401/348/1401 1169/187/1169 1167/186/1167
f 1165/188/1165 1436/351/1436 1164/185/1164
f 1436/351/1436 1400/349/1400 1164/185/1164
f 1162/193/1162 1169/187/1169 1435/350/1435
f 1435/350/1435 1169/187/1169 1401/348/1401
f 1794/165/1794 1665/165/1665 1792/165/1792
f 859/188/859 1663/351/1663 854/194/854
f 1792/165/1792 1791/165/1791 1794/165/1794
f 1650/348/1650 710/186/710 860/187/860
f 859/188/859 709/185/709 1663/351/1663
f 1663/351/1663 709/185/709 1649/349/1649
f 853/193/853 1662/350/1662 860/187/860
f 1662/350/1662 1650/348/1650 860/187/860
f 1284/188/1284 1549/351/1549 1282/194/1282
f 1530/348/1530 1287/186/1287 1288/187/1288
f 1284/188/1284 1285/185/1285 1549/351/1549
f 1549/351/1549 1285/185/1285 1529/349/1529
f 1281/193/1281 1548/350/1548 1288/187/1288
f 1548/350/1548 1530/348/1530 1288/187/1288
f 1921/165/1921 1917/165/1917 1918/165/1918
f 1004/188/1004 1779/351/1779 1000/194/1000
f 1918/165/1918 1916/165/1916 1921/165/1921
f 1772/348/1772 847/186/847 1005/187/1005
f 1004/188/1004 846/185/846 1779/351/1779
f 1779/351/1779 846/185/846 1771/349/1771
f 999/193/999 1778/350/1778 1005/187/1005
f 1778/350/1778 1772/348/1772 1005/187/1005
f 1407/188/1407 1651/351/1651 1405/194/1405
f 1770/348/1770 1410/186/1410 1411/187/1411
f 1407/188/1407 1408/185/1408 1651/351/1651
f 1651/351/1651 1408/185/1408 1648/349/1648
f 1404/193/1404 1774/350/1774 1411/187/1411
f 1774/350/1774 1770/348/1770 1411/187/1411
f 443/188/443 1315/351/1315 2585/521/2585
f 2599/539/2599 2589/527/2589 292/185/292
f 2588/525/2588 2589/527/2589 2598/537/2598
f 2598/537/2598 2589/527/2589 2599/539/2599
g fff0aa7b_00043_0018d665_e27
f 994/271/994 1140/270/1140 2209/347/2209
f 2062/309/2062 2689/643/2689 2688/642/2688
f 2349/346/2349 2207/345/2207 2206/344/2206
f 2208/310/2208 2062/309/2062 2688/642/2688
f 994/271/994 2209/347/2209 2205/343/2205
f 2204/342/2204 2207/345/2207 2349/346/2349
f 2203/341/2203 2204/342/2204 2202/340/2202
f 2202/340/2202 2204/342/2204 2349/346/2349
f 2444/492/2444 2441/489/2441 2565/505/2565
f 2564/504/2564 2441/489/2441 2442/490/2442
f 834/377/834 1403/28/1403 2564/504/2564
f 694/406/694 2565/505/2565 1403/28/1403
f 694/406/694 2567/507/2567 2565/505/2565
f 2564/504/2564 1403/28/1403 2565/505/2565
f 2564/504/2564 2565/505/2565 2441/489/2441
f 2567/507/2567 2444/492/2444 2565/505/2565
g fff0aa7b_00043_0018d665_e2
f 2681/629/2681 2683/631/2683 2657/607/2657
f 2657/607/2657 2655/605/2655 2681/629/2681
f 2682/630/2682 2680/628/2680 2654/604/2654
f 2654/604/2654 2656/606/2656 2682/630/2682
f 2656/606/2656 2657/607/2657 2683/631/2683
f 2683/631/2683 2682/630/2682 2656/606/2656
f 2668/615/2668 2669/616/2669 868/194/868
f 1929/30/1929 868/194/868 2669/616/2669
f 2223/325/2223 2222/324/2222 2221/355/2221
f 2221/355/2221 2220/354/2220 2223/325/2223
f 2219/353/2219 2218/352/2218 2074/323/2074
f 2074/323/2074 2073/322/2073 2219/353/2219
f 726/296/726 2640/591/2640 2642/593/2642
f 726/296/726 720/291/720 2640/591/2640
f 2617/564/2617 2618/563/2618 735/562/735
f 1802/561/1802 735/562/735 2618/563/2618
f 132/558/132 2614/557/2614 2613/560/2613
f 2614/557/2614 132/558/132 416/559/416
f 2611/551/2611 2612/552/2612 2610/550/2610
f 2610/550/2610 2608/548/2608 2611/551/2611
f 888/201/888 1045/279/1045 1044/278/1044
f 1045/279/1045 888/201/888 1043/224/1043
f 1042/277/1042 887/223/887 1041/222/1041
f 887/223/887 1042/277/1042 1040/276/1040
f 448/297/448 1187/321/1187 1186/320/1186
f 448/297/448 447/296/447 1187/321/1187
f 1039/275/1039 1038/274/1038 1185/221/1185
f 1451/295/1451 1319/381/1319 1318/380/1318
f 886/319/886 1450/411/1450 739/318/739
f 738/317/738 737/316/737 885/315/885
f 446/315/446 149/63/149 148/62/148
f 1037/273/1037 1036/200/1036 884/199/884
f 1037/273/1037 1035/272/1035 585/220/585
f 149/63/149 446/315/446 445/319/445
f 886/319/886 739/318/739 736/314/736
f 1039/275/1039 1034/219/1034 1033/218/1033
f 1035/272/1035 1037/273/1037 884/199/884
f 1045/279/1045 584/217/584 583/198/583
f 1042/277/1042 1032/216/1032 1031/215/1031
f 1038/274/1038 1039/275/1039 1033/218/1033
f 1044/278/1044 1045/279/1045 583/198/583
f 1035/272/1035 582/197/582 585/220/585
f 1040/276/1040 1042/277/1042 1031/215/1031
f 1038/274/1038 1030/214/1030 1185/221/1185
f 294/294/294 444/293/444 448/297/448
f 294/294/294 293/292/293 444/293/444
f 2590/528/2590 2599/540/2599 292/313/292
f 2590/528/2590 292/313/292 291/312/291
f 448/297/448 444/293/444 443/291/443
f 448/297/448 443/291/443 447/296/447
f 883/311/883 885/315/885 737/316/737
f 581/196/581 1184/295/1184 1183/290/1183
f 581/196/581 580/195/580 1184/295/1184
f 1317/379/1317 1449/320/1449 1448/321/1448
f 1449/320/1449 1317/379/1317 1316/378/1316
f 1318/380/1318 1447/290/1447 1451/295/1451
f 1450/411/1450 886/319/886 1446/410/1446
f 1445/409/1445 1446/410/1446 886/319/886
f 1444/408/1444 1443/407/1443 885/315/885
f 885/315/885 883/311/883 1444/408/1444
f 1685/291/1685 442/105/442 1684/319/1684
f 1683/315/1683 442/105/442 441/104/441
f 1804/31/1804 441/104/441 1685/291/1685
f 441/104/441 1804/31/1804 440/103/440
f 1803/47/1803 1315/351/1315 439/194/439
f 735/194/735 1802/30/1802 734/47/734
f 1314/350/1314 1801/46/1801 438/193/438
f 1800/45/1800 733/193/733 732/46/732
f 2591/529/2591 730/351/730 734/47/734
f 734/47/734 2593/531/2593 2591/529/2591
f 729/348/729 1798/43/1798 728/350/728
f 732/46/732 728/350/728 1798/43/1798
f 1685/291/1685 441/104/441 442/105/442
f 1683/315/1683 441/104/441 1682/293/1682
f 1797/29/1797 1682/293/1682 441/104/441
f 441/104/441 440/103/440 1797/29/1797
f 1029/315/1029 2072/63/2072 2071/62/2071
f 2072/63/2072 1029/315/1029 1028/319/1028
f 882/294/882 881/293/881 1027/297/1027
f 882/294/882 880/292/880 881/293/881
f 879/296/879 878/291/878 877/313/877
f 879/296/879 877/313/877 876/312/876
f 1027/297/1027 881/293/881 878/291/878
f 1027/297/1027 878/291/878 879/296/879
f 1313/291/1313 147/105/147 1442/319/1442
f 1441/315/1441 147/105/147 146/104/146
f 1440/31/1440 146/104/146 1313/291/1313
f 146/104/146 1440/31/1440 145/103/145
f 1571/47/1571 1312/351/1312 875/194/875
f 290/194/290 1439/30/1439 289/47/289
f 1311/350/1311 1570/46/1570 1026/193/1026
f 1569/45/1569 288/193/288 287/46/287
f 286/349/286 285/351/285 1568/44/1568
f 289/47/289 1568/44/1568 285/351/285
f 284/348/284 1567/43/1567 283/350/283
f 287/46/287 283/350/283 1567/43/1567
f 1313/291/1313 146/104/146 147/105/147
f 1441/315/1441 146/104/146 1310/293/1310
f 1438/29/1438 1310/293/1310 146/104/146
f 146/104/146 145/103/145 1438/29/1438
f 437/169/437 585/220/585 582/197/582
f 582/197/582 282/168/282 437/169/437
f 436/167/436 583/198/583 584/217/584
f 583/198/583 436/167/436 435/166/435
f 434/192/434 1031/215/1031 1032/216/1032
f 1031/215/1031 434/192/434 433/191/433
f 432/190/432 1185/221/1185 1030/214/1030
f 1030/214/1030 431/189/431 432/190/432
f 1182/201/1182 1181/279/1181 1180/278/1180
f 1181/279/1181 1182/201/1182 1309/224/1309
f 1179/277/1179 1178/223/1178 1308/222/1308
f 1178/223/1178 1179/277/1179 1307/276/1307
f 727/297/727 1306/321/1306 1305/320/1305
f 727/297/727 726/296/726 1306/321/1306
f 1177/275/1177 1304/274/1304 1303/221/1303
f 1566/295/1566 1565/381/1565 1564/380/1564
f 1025/319/1025 1681/411/1681 874/318/874
f 873/317/873 872/316/872 1024/315/1024
f 725/315/725 281/63/281 280/62/280
f 1176/273/1176 1302/200/1302 1175/199/1175
f 1176/273/1176 1301/272/1301 871/220/871
f 281/63/281 725/315/725 724/319/724
f 1025/319/1025 874/318/874 870/314/870
f 1177/275/1177 1300/219/1300 1174/218/1174
f 1301/272/1301 1176/273/1176 1175/199/1175
f 1181/279/1181 869/217/869 723/198/723
f 1179/277/1179 1299/216/1299 1173/215/1173
f 1304/274/1304 1177/275/1177 1174/218/1174
f 1180/278/1180 1181/279/1181 723/198/723
f 1301/272/1301 722/197/722 871/220/871
f 1307/276/1307 1179/277/1179 1173/215/1173
f 1304/274/1304 1172/214/1172 1303/221/1303
f 579/294/579 721/293/721 727/297/727
f 579/294/579 578/292/578 721/293/721
f 576/312/576 2644/596/2644 577/313/577
f 576/312/576 2643/594/2643 2644/596/2644
f 727/297/727 721/293/721 720/291/720
f 727/297/727 720/291/720 726/296/726
f 1023/311/1023 1024/315/1024 872/316/872
f 719/196/719 1298/295/1298 1297/290/1297
f 719/196/719 718/195/718 1298/295/1298
f 1563/379/1563 1562/320/1562 1561/321/1561
f 1562/320/1562 1563/379/1563 1560/378/1560
f 1564/380/1564 1559/290/1559 1566/295/1566
f 1681/411/1681 1025/319/1025 1680/410/1680
f 1679/409/1679 1680/410/1680 1025/319/1025
f 1678/408/1678 1677/407/1677 1024/315/1024
f 1024/315/1024 1023/311/1023 1678/408/1678
f 1796/291/1796 717/105/717 1795/319/1795
f 2680/628/2680 2682/630/2682 2683/631/2683
f 1931/31/1931 716/104/716 1796/291/1796
f 716/104/716 1931/31/1931 715/103/715
f 1930/47/1930 1437/351/1437 575/194/575
f 868/194/868 1929/30/1929 1022/47/1022
f 1558/350/1558 1928/46/1928 714/193/714
f 1927/45/1927 867/193/867 1021/46/1021
f 2646/598/2646 865/351/865 1022/47/1022
f 2647/599/2647 1926/44/1926 866/349/866
f 1020/348/1020 2070/43/2070 1019/350/1019
f 1021/46/1021 1019/350/1019 2070/43/2070
f 1796/291/1796 716/104/716 717/105/717
f 2683/631/2683 2681/629/2681 2680/628/2680
f 2646/598/2646 1022/47/1022 2648/600/2648
f 1926/44/1926 2647/599/2647 2649/601/2649
f 1171/315/1171 2356/63/2356 2355/62/2355
f 2356/63/2356 1171/315/1171 1170/319/1170
f 1018/294/1018 1169/293/1169 1168/297/1168
f 1018/294/1018 1167/292/1167 1169/293/1169
f 1166/296/1166 1165/291/1165 1164/313/1164
f 1166/296/1166 1164/313/1164 1017/312/1017
f 1168/297/1168 1169/293/1169 1165/291/1165
f 1168/297/1168 1165/291/1165 1166/296/1166
f 1557/291/1557 279/105/279 1556/319/1556
f 1555/315/1555 279/105/279 278/104/278
f 1676/31/1676 278/104/278 1557/291/1557
f 278/104/278 1676/31/1676 277/103/277
f 1675/47/1675 1436/351/1436 1163/194/1163
f 430/194/430 1674/30/1674 574/47/574
f 1435/350/1435 1673/46/1673 1162/193/1162
f 1672/45/1672 429/193/429 573/46/573
f 428/349/428 427/351/427 1671/44/1671
f 574/47/574 1671/44/1671 427/351/427
f 572/348/572 1670/43/1670 426/350/426
f 573/46/573 426/350/426 1670/43/1670
f 1557/291/1557 278/104/278 279/105/279
f 1555/315/1555 278/104/278 1554/293/1554
f 1669/29/1669 1554/293/1554 278/104/278
f 278/104/278 277/103/277 1669/29/1669
f 571/169/571 871/220/871 722/197/722
f 722/197/722 570/168/570 571/169/571
f 569/167/569 723/198/723 869/217/869
f 723/198/723 569/167/569 568/166/568
f 713/192/713 1173/215/1173 1299/216/1299
f 1173/215/1173 713/192/713 567/191/567
f 712/190/712 1303/221/1303 1172/214/1172
f 1172/214/1172 566/189/566 712/190/712
f 1296/201/1296 1434/278/1434 1433/279/1433
f 1433/279/1433 1432/224/1432 1296/201/1296
f 1431/277/1431 1430/222/1430 1295/223/1295
f 1295/223/1295 1429/276/1429 1431/277/1431
f 864/297/864 1553/320/1553 1552/321/1552
f 864/297/864 1552/321/1552 863/296/863
f 1428/275/1428 1427/221/1427 1426/274/1426
f 1794/295/1794 1668/380/1668 1667/381/1667
f 1161/319/1161 1160/318/1160 1793/411/1793
f 1016/317/1016 1159/315/1159 1158/316/1158
f 862/315/862 425/62/425 424/63/424
f 1425/273/1425 1294/199/1294 1424/200/1424
f 1425/273/1425 1015/220/1015 1423/272/1423
f 424/63/424 861/319/861 862/315/862
f 1161/319/1161 1157/314/1157 1160/318/1160
f 1428/275/1428 1422/218/1422 1421/219/1421
f 1423/272/1423 1294/199/1294 1425/273/1425
f 1433/279/1433 1014/198/1014 1013/217/1013
f 1431/277/1431 1293/215/1293 1420/216/1420
f 1426/274/1426 1422/218/1422 1428/275/1428
f 1434/278/1434 1014/198/1014 1433/279/1433
f 1423/272/1423 1015/220/1015 1012/197/1012
f 1429/276/1429 1293/215/1293 1431/277/1431
f 1426/274/1426 1427/221/1427 1419/214/1419
f 711/294/711 864/297/864 860/293/860
f 711/294/711 860/293/860 710/292/710
f 863/296/863 709/313/709 859/291/859
f 863/296/863 708/312/708 709/313/709
f 864/297/864 859/291/859 860/293/860
f 864/297/864 863/296/863 859/291/859
f 1156/311/1156 1158/316/1158 1159/315/1159
f 858/196/858 1551/290/1551 1550/295/1550
f 858/196/858 1550/295/1550 1011/195/1011
f 1666/379/1666 1792/321/1792 1665/320/1665
f 1665/320/1665 1664/378/1664 1666/379/1666
f 1668/380/1668 1794/295/1794 1791/290/1791
f 1793/411/1793 1446/410/1446 1161/319/1161
f 1445/409/1445 1161/319/1161 1446/410/1446
f 1444/408/1444 1159/315/1159 1443/407/1443
f 1159/315/1159 1444/408/1444 1156/311/1156
f 1925/291/1925 1924/319/1924 857/105/857
f 1923/315/1923 856/104/856 857/105/857
f 2069/31/2069 1925/291/1925 856/104/856
f 856/104/856 855/103/855 2069/31/2069
f 2068/47/2068 854/194/854 1663/351/1663
f 1010/194/1010 1155/47/1155 2067/30/2067
f 1662/350/1662 853/193/853 2217/46/2217
f 2066/45/2066 1154/46/1154 1009/193/1009
f 1153/349/1153 2216/44/2216 1152/351/1152
f 1155/47/1155 1152/351/1152 2216/44/2216
f 1151/348/1151 1150/350/1150 2215/43/2215
f 1154/46/1154 2215/43/2215 1150/350/1150
f 1925/291/1925 857/105/857 856/104/856
f 1923/315/1923 1922/293/1922 856/104/856
f 2065/29/2065 856/104/856 1922/293/1922
f 856/104/856 2065/29/2065 855/103/855
f 1292/315/1292 144/62/144 143/63/143
f 143/63/143 1291/319/1291 1292/315/1292
f 1290/294/1290 1289/297/1289 1288/293/1288
f 1290/294/1290 1288/293/1288 1287/292/1287
f 1286/296/1286 1285/313/1285 1284/291/1284
f 1286/296/1286 1283/312/1283 1285/313/1285
f 1289/297/1289 1284/291/1284 1288/293/1288
f 1289/297/1289 1286/296/1286 1284/291/1284
f 1661/291/1661 1660/319/1660 423/105/423
f 1659/315/1659 422/104/422 423/105/423
f 1790/31/1790 1661/291/1661 422/104/422
f 422/104/422 421/103/421 1790/31/1790
f 1789/47/1789 1282/194/1282 1549/351/1549
f 565/194/565 707/47/707 1788/30/1788
f 1548/350/1548 1281/193/1281 1787/46/1787
f 1786/45/1786 706/46/706 564/193/564
f 705/349/705 1785/44/1785 563/351/563
f 707/47/707 563/351/563 1785/44/1785
f 704/348/704 703/350/703 1784/43/1784
f 706/46/706 1784/43/1784 703/350/703
f 1661/291/1661 423/105/423 422/104/422
f 1659/315/1659 1658/293/1658 422/104/422
f 1783/29/1783 422/104/422 1658/293/1658
f 422/104/422 1783/29/1783 421/103/421
f 702/169/702 1012/197/1012 1015/220/1015
f 1012/197/1012 702/169/702 701/168/701
f 700/167/700 1013/217/1013 1014/198/1014
f 1014/198/1014 699/166/699 700/167/700
f 852/192/852 1420/216/1420 1293/215/1293
f 1293/215/1293 851/191/851 852/192/852
f 850/190/850 1419/214/1419 1427/221/1427
f 1419/214/1419 850/190/850 849/189/849
f 1418/201/1418 1547/278/1547 1546/279/1546
f 1546/279/1546 1545/224/1545 1418/201/1418
f 1544/277/1544 1543/222/1543 1542/223/1542
f 1542/223/1542 1541/276/1541 1544/277/1544
f 1008/297/1008 1657/320/1657 1656/321/1656
f 1008/297/1008 1656/321/1656 1007/296/1007
f 1540/275/1540 1655/221/1655 1539/274/1539
f 1921/295/1921 1782/380/1782 1781/381/1781
f 1280/319/1280 1279/318/1279 1920/411/1920
f 1278/317/1278 1277/315/1277 1276/316/1276
f 1149/315/1149 698/62/698 562/63/562
f 1538/273/1538 1417/199/1417 1537/200/1537
f 1538/273/1538 1148/220/1148 1536/272/1536
f 562/63/562 1006/319/1006 1149/315/1149
f 1280/319/1280 1275/314/1275 1279/318/1279
f 1540/275/1540 1535/218/1535 1534/219/1534
f 1536/272/1536 1417/199/1417 1538/273/1538
f 1546/279/1546 1147/198/1147 1146/217/1146
f 1544/277/1544 1533/215/1533 1654/216/1654
f 1539/274/1539 1535/218/1535 1540/275/1540
f 1547/278/1547 1147/198/1147 1546/279/1546
f 1536/272/1536 1148/220/1148 1145/197/1145
f 1541/276/1541 1533/215/1533 1544/277/1544
f 1539/274/1539 1655/221/1655 1532/214/1532
f 848/294/848 1008/297/1008 1005/293/1005
f 848/294/848 1005/293/1005 847/292/847
f 1007/296/1007 846/313/846 1004/291/1004
f 1007/296/1007 845/312/845 846/313/846
f 1008/297/1008 1004/291/1004 1005/293/1005
f 1008/297/1008 1007/296/1007 1004/291/1004
f 1416/311/1416 1276/316/1276 1277/315/1277
f 1144/196/1144 1653/290/1653 1652/295/1652
f 1144/196/1144 1652/295/1652 1143/195/1143
f 1919/379/1919 1918/321/1918 1917/320/1917
f 1917/320/1917 1780/378/1780 1919/379/1919
f 1782/380/1782 1921/295/1921 1916/290/1916
f 1920/411/1920 1680/410/1680 1280/319/1280
f 1679/409/1679 1280/319/1280 1680/410/1680
f 1678/408/1678 1277/315/1277 1677/407/1677
f 1277/315/1277 1678/408/1678 1416/311/1416
f 2064/291/2064 2214/319/2214 1003/105/1003
f 2213/315/2213 1002/104/1002 1003/105/1003
f 2212/31/2212 2064/291/2064 1002/104/1002
f 1002/104/1002 1001/103/1001 2212/31/2212
f 2354/47/2354 1000/194/1000 1779/351/1779
f 1142/194/1142 1274/47/1274 2211/30/2211
f 1778/350/1778 999/193/999 2353/46/2353
f 2352/45/2352 1273/46/1273 1141/193/1141
f 1272/349/1272 2351/44/2351 1271/351/1271
f 1274/47/1274 1271/351/1271 2351/44/2351
f 1270/348/1270 1269/350/1269 2350/43/2350
f 1273/46/1273 2350/43/2350 1269/350/1269
f 2064/291/2064 1003/105/1003 1002/104/1002
f 2213/315/2213 2063/293/2063 1002/104/1002
f 2210/29/2210 1002/104/1002 2063/293/2063
f 1002/104/1002 2210/29/2210 1001/103/1001
f 1415/315/1415 276/62/276 275/63/275
f 275/63/275 1414/319/1414 1415/315/1415
f 1413/294/1413 1412/297/1412 1411/293/1411
f 1413/294/1413 1411/293/1411 1410/292/1410
f 1409/296/1409 1408/313/1408 1407/291/1407
f 1409/296/1409 1406/312/1406 1408/313/1408
f 1412/297/1412 1407/291/1407 1411/293/1411
f 1412/297/1412 1409/296/1409 1407/291/1407
f 1777/291/1777 1776/319/1776 561/105/561
f 1775/315/1775 560/104/560 561/105/561
f 1915/31/1915 1777/291/1777 560/104/560
f 560/104/560 697/103/697 1915/31/1915
f 1914/47/1914 1405/194/1405 1651/351/1651
f 696/194/696 844/47/844 1913/30/1913
f 1774/350/1774 1404/193/1404 1912/46/1912
f 1911/45/1911 843/46/843 695/193/695
f 842/349/842 1910/44/1910 841/351/841
f 844/47/844 841/351/841 1910/44/1910
f 840/348/840 839/350/839 1909/43/1909
f 843/46/843 1909/43/1909 839/350/839
f 1777/291/1777 561/105/561 560/104/560
f 1775/315/1775 1773/293/1773 560/104/560
f 1908/29/1908 560/104/560 1773/293/1773
f 560/104/560 1908/29/1908 697/103/697
f 838/169/838 1145/197/1145 1148/220/1148
f 1145/197/1145 838/169/838 837/168/837
f 836/167/836 1146/217/1146 1147/198/1147
f 1147/198/1147 835/166/835 836/167/836
f 998/192/998 1654/216/1654 1533/215/1533
f 1533/215/1533 997/191/997 998/192/998
f 996/190/996 1532/214/1532 1655/221/1655
f 1532/214/1532 996/190/996 995/189/995
f 2569/489/2569 2572/494/2572 2573/496/2573
f 2573/496/2573 2570/490/2570 2569/489/2569
f 2574/495/2574 2572/494/2572 2569/489/2569
f 2569/489/2569 2571/492/2571 2574/495/2574
f 2443/491/2443 2558/498/2558 2556/497/2556
f 2558/498/2558 2443/491/2443 2445/493/2445
f 447/296/447 443/291/443 2585/522/2585
f 447/296/447 2585/522/2585 2587/524/2587
f 731/349/731 2592/530/2592 1799/44/1799
f 2594/532/2594 1799/44/1799 2592/530/2592
f 2590/528/2590 2588/526/2588 2598/538/2598
f 2590/528/2590 2598/538/2598 2599/540/2599
f 2612/552/2612 2611/551/2611 2607/547/2607
f 2607/547/2607 2609/549/2609 2612/552/2612
g fff0aa7b_00043_0018d665_e32
f 1331/4/1331 1330/3/1330 1329/2/1329
f 1329/2/1329 1328/1/1328 1331/4/1331
f 1327/4/1327 1326/3/1326 1325/2/1325
f 1325/2/1325 1324/1/1324 1327/4/1327
f 1323/4/1323 1322/3/1322 1321/2/1321
f 1321/2/1321 1320/1/1320 1323/4/1323
f 2368/412/2368 2367/413/2367 2366/414/2366
f 2366/414/2366 2365/415/2365 2368/412/2368
f 2364/412/2364 2363/413/2363 2362/414/2362
f 2362/414/2362 2361/415/2361 2364/412/2364
f 2360/412/2360 2359/413/2359 2358/414/2358
f 2358/414/2358 2357/415/2357 2360/412/2360
f 2359/413/2359 2360/412/2360 2394/427/2394
f 2394/427/2394 2393/426/2393 2359/413/2359
f 2363/413/2363 2364/412/2364 2396/427/2396
f 2396/427/2396 2395/426/2395 2363/413/2363
f 2367/413/2367 2368/412/2368 2398/427/2398
f 2398/427/2398 2397/426/2397 2367/413/2367
f 2357/415/2357 2358/414/2358 2422/429/2422
f 2422/429/2422 2421/428/2421 2357/415/2357
f 2361/415/2361 2362/414/2362 2424/429/2424
f 2424/429/2424 2423/428/2423 2361/415/2361
f 2365/415/2365 2366/414/2366 2426/429/2426
f 2426/429/2426 2425/428/2425 2365/415/2365
g fff0aa7b_00043_0018d665_e50
f 1933/96/1933 1806/94/1806 1805/93/1805
f 1933/96/1933 1932/95/1932 1806/94/1806
f 1810/301/1810 1808/300/1808 1807/298/1807
f 1810/301/1810 1809/299/1809 1808/300/1808
g fff0aa7b_00043_0018d665_e36
f 2684/634/2684 2686/635/2686 2687/632/2687
f 2687/632/2687 2685/633/2685 2684/634/2684
f 21/359/21 20/358/20 19/357/19
f 18/356/18 19/357/19 20/358/20
f 20/358/20 768/383/768 18/356/18
f 768/383/768 20/358/20 767/382/767
f 2447/358/2447 2452/383/2452 2446/356/2446
f 2452/383/2452 2447/358/2447 2451/382/2451
f 2083/113/2083 2082/112/2082 2081/111/2081
f 2080/110/2080 2081/111/2081 2082/112/2082
f 2625/568/2625 2624/569/2624 2623/570/2623
f 2622/571/2622 2623/570/2623 2624/569/2624
g fff0aa7b_00043_0018d665_e22
f 2575/509/2575 2578/510/2578 2577/511/2577
f 2578/510/2578 2575/509/2575 2576/512/2576
f 330/487/330 329/488/329 332/485/332
f 332/485/332 331/486/331 330/487/330
f 608/483/608 607/484/607 610/468/610
f 610/481/610 609/469/609 608/482/608
f 24/68/24 189/67/189 188/66/188
f 189/67/189 24/68/24 187/65/187
f 2087/115/2087 2086/114/2086 2085/139/2085
f 2086/114/2086 2087/115/2087 2084/138/2084
f 336/68/336 335/67/335 334/66/334
f 335/67/335 336/68/336 333/65/333
f 2242/115/2242 23/114/23 2241/139/2241
f 23/114/23 2242/115/2242 2240/138/2240
f 477/472/477 476/473/476 475/474/475
f 475/475/475 474/476/474 477/477/477
f 22/478/22 186/479/186 185/470/185
f 185/470/185 184/471/184 22/480/22
g fff0aa7b_00043_0018d665_e28
f 2062/309/2062 2208/310/2208 2206/344/2206
f 2206/344/2206 2207/345/2207 2062/309/2062
f 2203/341/2203 2202/340/2202 2205/343/2205
f 2205/343/2205 2209/347/2209 2203/341/2203
g fff0aa7b_00043_0018d665_e9
f 1193/9/1193 1189/12/1189 1190/202/1190
f 1190/202/1190 1195/10/1195 1193/9/1193
f 1454/5/1454 1455/385/1455 1471/390/1471
f 1471/390/1471 1468/387/1468 1454/5/1454
f 1455/385/1455 1456/384/1456 1470/389/1470
f 1470/389/1470 1471/390/1471 1455/385/1455
f 1686/5/1686 1687/385/1687 1579/390/1579
f 1579/390/1579 1576/387/1576 1686/5/1686
f 1687/385/1687 1688/384/1688 1578/389/1578
f 1578/389/1578 1579/390/1579 1687/385/1687
f 1813/5/1813 1698/390/1698 1814/385/1814
f 1698/390/1698 1813/5/1813 1691/387/1691
f 1814/385/1814 1696/389/1696 1815/384/1815
f 1696/389/1696 1814/385/1814 1698/390/1698
f 1940/5/1940 1823/390/1823 1941/385/1941
f 1823/390/1823 1940/5/1940 1957/387/1957
f 1941/385/1941 1821/389/1821 1942/384/1942
f 1821/389/1821 1941/385/1941 1823/390/1823
f 2374/9/2374 2370/12/2370 2371/202/2371
f 2371/202/2371 2376/10/2376 2374/9/2374
f 2381/9/2381 2378/12/2378 2379/202/2379
f 2379/202/2379 2382/10/2382 2381/9/2381
f 2403/9/2403 2401/202/2401 2400/12/2400
f 2401/202/2401 2403/9/2403 2404/10/2404
f 2418/9/2418 2415/12/2415 2416/202/2416
f 2416/202/2416 2420/10/2420 2418/9/2418
f 2512/202/2512 2517/10/2517 2515/9/2515
f 2515/9/2515 2511/12/2511 2512/202/2512
f 2493/202/2493 2498/10/2498 2496/9/2496
f 2496/9/2496 2492/12/2492 2493/202/2493
g fff0aa7b_00043_0018d665_e12
f 30/363/30 29/362/29 28/361/28
f 30/363/30 2244/360/2244 29/362/29
f 1937/363/1937 1936/362/1936 1935/361/1935
f 1937/363/1937 1934/360/1934 1936/362/1936
f 27/363/27 25/362/25 2243/360/2243
f 27/363/27 26/361/26 25/362/25
f 340/363/340 338/362/338 337/360/337
f 340/363/340 339/361/339 338/362/338
g fff0aa7b_00043_0018d665_e8
f 2636/586/2636 2638/588/2638 1996/33/1996
f 2631/579/2631 2632/580/2632 2636/586/2636
f 2628/575/2628 2633/582/2633 2635/584/2635
f 2635/584/2635 2633/582/2633 1944/348/1944
f 2584/520/2584 2725/680/2725 2602/544/2602
f 2602/544/2602 2601/543/2601 2730/686/2730
f 2596/535/2596 2597/536/2597 1877/33/1877
f 2579/514/2579 2581/516/2581 2596/535/2596
f 2247/202/2247 2320/203/2320 2323/204/2323
f 2323/204/2323 2324/205/2324 2247/202/2247
f 482/202/482 498/203/498 508/204/508
f 508/204/508 509/205/509 482/202/482
f 616/302/616 2247/202/2247 2324/205/2324
f 2324/205/2324 499/280/499 616/302/616
f 615/302/615 482/202/482 509/205/509
f 509/205/509 636/280/636 615/302/615
f 782/396/782 2323/204/2323 2320/203/2320
f 2323/204/2323 782/396/782 785/398/785
f 781/396/781 508/204/508 498/203/498
f 508/204/508 781/396/781 783/398/783
f 2253/348/2253 2248/33/2248 2255/350/2255
f 2248/33/2248 2253/348/2253 2250/32/2250
f 2454/396/2454 2509/204/2509 2507/203/2507
f 2509/204/2509 2454/396/2454 2457/398/2457
f 2453/396/2453 2450/204/2450 2448/203/2448
f 2450/204/2450 2453/396/2453 2455/398/2455
f 2413/424/2413 2401/202/2401 2414/425/2414
f 2404/10/2404 2414/425/2414 2401/202/2401
f 2391/424/2391 2392/425/2392 2379/202/2379
f 2382/10/2382 2379/202/2379 2392/425/2392
f 612/348/612 617/33/617 611/350/611
f 617/33/617 612/348/612 619/32/619
f 40/348/40 35/33/35 42/350/42
f 35/33/35 40/348/40 37/32/37
f 89/396/89 95/204/95 91/203/91
f 95/204/95 89/396/89 92/146/92
f 34/142/34 89/396/89 90/394/90
f 89/396/89 34/142/34 86/145/86
f 92/146/92 89/396/89 87/398/87
f 87/398/87 84/144/84 92/146/92
f 84/144/84 87/398/87 33/141/33
f 1335/368/1335 362/186/362 366/148/366
f 1335/368/1335 1332/386/1332 365/185/365
f 1332/386/1332 1335/368/1335 366/148/366
f 1332/386/1332 363/140/363 365/185/365
f 1456/8/1456 1455/7/1455 1472/391/1472
f 1472/391/1472 1473/392/1473 1456/8/1456
f 1455/7/1455 1454/6/1454 1469/388/1469
f 1469/388/1469 1472/391/1472 1455/7/1455
f 2725/680/2725 2582/518/2582 2601/543/2601
f 2597/536/2597 1816/350/1816 1877/33/1877
f 1873/33/1873 1874/32/1874 1871/348/1871
f 1871/348/1871 1872/350/1872 1873/33/1873
f 1869/33/1869 1870/32/1870 1875/348/1875
f 1875/348/1875 1876/350/1876 1869/33/1869
f 2012/33/2012 2013/32/2013 2010/348/2010
f 2010/348/2010 2011/350/2011 2012/33/2012
f 2008/33/2008 2009/32/2009 1867/348/1867
f 1867/348/1867 1868/350/1868 2008/33/2008
f 2004/33/2004 2005/32/2005 2002/348/2002
f 2002/348/2002 2003/350/2003 2004/33/2004
f 2000/33/2000 2001/32/2001 2006/348/2006
f 2006/348/2006 2007/350/2007 2000/33/2000
f 2596/535/2596 2581/516/2581 2597/536/2597
f 2734/691/2734 1878/32/1878 1817/348/1817
f 36/348/36 39/33/39 38/350/38
f 39/33/39 36/348/36 41/32/41
f 2153/33/2153 2154/32/2154 2151/348/2151
f 2151/348/2151 2152/350/2152 2153/33/2153
f 2149/33/2149 2150/32/2150 2155/348/2155
f 2155/348/2155 2156/350/2156 2149/33/2149
f 2310/33/2310 2311/32/2311 2308/348/2308
f 2308/348/2308 2309/350/2309 2310/33/2310
f 2306/33/2306 2307/32/2307 2147/348/2147
f 2147/348/2147 2148/350/2148 2306/33/2306
f 495/33/495 496/32/496 481/348/481
f 481/348/481 480/350/480 495/33/495
f 1464/33/1464 1465/32/1465 1453/348/1453
f 1453/348/1453 1452/350/1452 1464/33/1464
f 1596/33/1596 1597/32/1597 1595/348/1595
f 1595/348/1595 1461/350/1461 1596/33/1596
f 1593/33/1593 1594/32/1594 1462/348/1462
f 1462/348/1462 1463/350/1463 1593/33/1593
f 1589/33/1589 1590/32/1590 1587/348/1587
f 1587/348/1587 1588/350/1588 1589/33/1589
f 1585/33/1585 1586/32/1586 1591/348/1591
f 1591/348/1591 1592/350/1592 1585/33/1585
f 1727/33/1727 1728/32/1728 1726/348/1726
f 1726/348/1726 1582/350/1582 1727/33/1727
f 1724/33/1724 1725/32/1725 1583/348/1583
f 1583/348/1583 1584/350/1584 1724/33/1724
f 1720/33/1720 1721/32/1721 1718/348/1718
f 1718/348/1718 1719/350/1719 1720/33/1720
f 1716/33/1716 1717/32/1717 1722/348/1722
f 1722/348/1722 1723/350/1723 1716/33/1716
f 1865/33/1865 1866/32/1866 1864/348/1864
f 1864/348/1864 1713/350/1713 1865/33/1865
f 1862/33/1862 1863/32/1863 1714/348/1714
f 1714/348/1714 1715/350/1715 1862/33/1862
f 1858/33/1858 1859/32/1859 1856/348/1856
f 1856/348/1856 1857/350/1857 1858/33/1858
f 1854/33/1854 1855/32/1855 1860/348/1860
f 1860/348/1860 1861/350/1861 1854/33/1854
f 79/33/79 80/32/80 32/348/32
f 32/348/32 31/350/31 79/33/79
f 1460/368/1460 487/186/487 491/148/491
f 1460/368/1460 1457/386/1457 490/185/490
f 1457/386/1457 1460/368/1460 491/148/491
f 1457/386/1457 488/140/488 490/185/490
f 1688/8/1688 1687/7/1687 1580/391/1580
f 1580/391/1580 1581/392/1581 1688/8/1688
f 1687/7/1687 1686/6/1686 1577/388/1577
f 1577/388/1577 1580/391/1580 1687/7/1687
f 2633/582/2633 1997/32/1997 1944/348/1944
f 2638/588/2638 1943/350/1943 1996/33/1996
f 2145/33/2145 2146/32/2146 2144/348/2144
f 2144/348/2144 1993/350/1993 2145/33/2145
f 2142/33/2142 2143/32/2143 1994/348/1994
f 1994/348/1994 1995/350/1995 2142/33/2142
f 2138/33/2138 2139/32/2139 2136/348/2136
f 2136/348/2136 2137/350/2137 2138/33/2138
f 2134/33/2134 2135/32/2135 2140/348/2140
f 2140/348/2140 2141/350/2141 2134/33/2134
f 2304/33/2304 2305/32/2305 2303/348/2303
f 2303/348/2303 2131/350/2131 2304/33/2304
f 2301/33/2301 2302/32/2302 2132/348/2132
f 2132/348/2132 2133/350/2133 2301/33/2301
f 2297/33/2297 2298/32/2298 2295/348/2295
f 2295/348/2295 2296/350/2296 2297/33/2297
f 2293/33/2293 2294/32/2294 2299/348/2299
f 2299/348/2299 2300/350/2300 2293/33/2293
f 77/33/77 78/32/78 76/348/76
f 76/348/76 2290/350/2290 77/33/77
f 74/33/74 75/32/75 2291/348/2291
f 2291/348/2291 2292/350/2292 74/33/74
f 2636/586/2636 2632/580/2632 2638/588/2638
f 2628/575/2628 2627/574/2627 2633/582/2633
f 782/396/782 2619/565/2619 2620/566/2620
f 2620/566/2620 785/398/785 782/396/782
f 624/33/624 625/32/625 614/348/614
f 614/348/614 613/350/613 624/33/624
f 1711/33/1711 1712/32/1712 1573/348/1573
f 1573/348/1573 1572/350/1572 1711/33/1711
f 1707/33/1707 1708/32/1708 1705/348/1705
f 1705/348/1705 1706/350/1706 1707/33/1707
f 1703/33/1703 1704/32/1704 1709/348/1709
f 1709/348/1709 1710/350/1710 1703/33/1703
f 1852/33/1852 1853/32/1853 1699/348/1699
f 1699/348/1699 1700/350/1700 1852/33/1852
f 1850/33/1850 1851/32/1851 1701/348/1701
f 1701/348/1701 1702/350/1702 1850/33/1850
f 1846/33/1846 1847/32/1847 1844/348/1844
f 1844/348/1844 1845/350/1845 1846/33/1846
f 1842/33/1842 1843/32/1843 1848/348/1848
f 1848/348/1848 1849/350/1849 1842/33/1842
f 1991/33/1991 1992/32/1992 1838/348/1838
f 1838/348/1838 1839/350/1839 1991/33/1991
f 1989/33/1989 1990/32/1990 1840/348/1840
f 1840/348/1840 1841/350/1841 1989/33/1989
f 1985/33/1985 1986/32/1986 1983/348/1983
f 1983/348/1983 1984/350/1984 1985/33/1985
f 1981/33/1981 1982/32/1982 1987/348/1987
f 1987/348/1987 1988/350/1988 1981/33/1981
f 2129/33/2129 2130/32/2130 1977/348/1977
f 1977/348/1977 1978/350/1978 2129/33/2129
f 2127/33/2127 2128/32/2128 1979/348/1979
f 1979/348/1979 1980/350/1980 2127/33/2127
f 359/33/359 360/32/360 341/348/341
f 341/348/341 190/350/190 359/33/359
f 1697/368/1697 621/148/621 776/186/776
f 1697/368/1697 779/185/779 1693/386/1693
f 1693/386/1693 621/148/621 1697/368/1697
f 1693/386/1693 779/185/779 777/140/777
f 1815/8/1815 1837/391/1837 1814/7/1814
f 1837/391/1837 1815/8/1815 1836/392/1836
f 1814/7/1814 1692/388/1692 1813/6/1813
f 1692/388/1692 1814/7/1814 1837/391/1837
f 2123/33/2123 2089/348/2089 2125/32/2125
f 2089/348/2089 2123/33/2123 2088/350/2088
f 2287/33/2287 2284/348/2284 2288/32/2288
f 2284/348/2284 2287/33/2287 2286/350/2286
f 2283/33/2283 2122/348/2122 2285/32/2285
f 2122/348/2122 2283/33/2283 2289/350/2289
f 2279/33/2279 2276/348/2276 2281/32/2281
f 2276/348/2276 2279/33/2279 2278/350/2278
f 2275/33/2275 2280/348/2280 2277/32/2277
f 2280/348/2280 2275/33/2275 2282/350/2282
f 71/33/71 68/348/68 72/32/72
f 68/348/68 71/33/71 70/350/70
f 67/33/67 2274/348/2274 69/32/69
f 2274/348/2274 67/33/67 73/350/73
f 63/33/63 60/348/60 65/32/65
f 60/348/60 63/33/63 62/350/62
f 59/33/59 64/348/64 61/32/61
f 64/348/64 59/33/59 66/350/66
f 219/33/219 216/348/216 220/32/220
f 216/348/216 219/33/219 218/350/218
f 215/33/215 58/348/58 217/32/217
f 58/348/58 215/33/215 221/350/221
f 211/33/211 208/348/208 213/32/213
f 208/348/208 211/33/211 210/350/210
f 207/33/207 212/348/212 209/32/209
f 212/348/212 207/33/207 214/350/214
f 772/33/772 770/348/770 774/32/774
f 770/348/770 772/33/772 769/350/769
f 1834/33/1834 1812/348/1812 1835/32/1835
f 1812/348/1812 1834/33/1834 1811/350/1811
f 1830/33/1830 1827/348/1827 1832/32/1832
f 1827/348/1827 1830/33/1830 1829/350/1829
f 1826/33/1826 1831/348/1831 1828/32/1828
f 1831/348/1831 1826/33/1826 1833/350/1833
f 1975/33/1975 1972/348/1972 1976/32/1976
f 1972/348/1972 1975/33/1975 1974/350/1974
f 1971/33/1971 1824/348/1824 1973/32/1973
f 1824/348/1824 1971/33/1971 1825/350/1825
f 1967/33/1967 1964/348/1964 1969/32/1969
f 1964/348/1964 1967/33/1967 1966/350/1966
f 1963/33/1963 1968/348/1968 1965/32/1965
f 1968/348/1968 1963/33/1963 1970/350/1970
f 2120/33/2120 2117/348/2117 2121/32/2121
f 2117/348/2117 2120/33/2120 2119/350/2119
f 2116/33/2116 1961/348/1961 2118/32/2118
f 1961/348/1961 2116/33/2116 1962/350/1962
f 2112/33/2112 2109/348/2109 2114/32/2114
f 2109/348/2109 2112/33/2112 2111/350/2111
f 2108/33/2108 2113/348/2113 2110/32/2110
f 2113/348/2113 2108/33/2108 2115/350/2115
f 2272/33/2272 2269/348/2269 2273/32/2273
f 2269/348/2269 2272/33/2272 2271/350/2271
f 2268/33/2268 2106/348/2106 2270/32/2270
f 2106/348/2106 2268/33/2268 2107/350/2107
f 484/33/484 479/348/479 485/32/485
f 479/348/479 484/33/484 478/350/478
f 1822/368/1822 912/148/912 908/186/908
f 1822/368/1822 911/185/911 1818/386/1818
f 1818/386/1818 912/148/912 1822/368/1822
f 1818/386/1818 911/185/911 909/140/909
f 1942/8/1942 1960/391/1960 1941/7/1941
f 1960/391/1960 1942/8/1942 1959/392/1959
f 1941/7/1941 1958/388/1958 1940/6/1940
f 1958/388/1958 1941/7/1941 1960/391/1960
f 2264/33/2264 2246/348/2246 2266/32/2266
f 2246/348/2246 2264/33/2264 2245/350/2245
f 54/33/54 51/348/51 56/32/56
f 51/348/51 54/33/54 53/350/53
f 50/33/50 55/348/55 52/32/52
f 55/348/55 50/33/50 57/350/57
f 46/33/46 43/348/43 48/32/48
f 43/348/43 46/33/46 45/350/45
f 206/33/206 47/348/47 44/32/44
f 47/348/47 206/33/206 49/350/49
f 202/33/202 199/348/199 204/32/204
f 199/348/199 202/33/202 201/350/201
f 198/33/198 203/348/203 200/32/200
f 203/348/203 198/33/198 205/350/205
f 194/33/194 191/348/191 196/32/196
f 191/348/191 194/33/194 193/350/193
f 357/33/357 195/348/195 192/32/192
f 195/348/195 357/33/357 197/350/197
f 353/33/353 350/348/350 355/32/355
f 350/348/350 353/33/353 352/350/352
f 349/33/349 354/348/354 351/32/351
f 354/348/354 349/33/349 356/350/356
f 345/33/345 342/348/342 347/32/347
f 342/348/342 345/33/345 344/350/344
f 483/33/483 346/348/346 343/32/343
f 346/348/346 483/33/483 348/350/348
f 904/33/904 903/348/903 906/32/906
f 903/348/903 904/33/904 902/350/902
f 1953/33/1953 1939/348/1939 1955/32/1955
f 1939/348/1939 1953/33/1953 1938/350/1938
f 1949/33/1949 1946/348/1946 1951/32/1951
f 1946/348/1946 1949/33/1949 1948/350/1948
f 1945/33/1945 1950/348/1950 1947/32/1947
f 1950/348/1950 1945/33/1945 1952/350/1952
f 2102/33/2102 2099/348/2099 2104/32/2104
f 2099/348/2099 2102/33/2102 2101/350/2101
f 2098/33/2098 2103/348/2103 2100/32/2100
f 2103/348/2103 2098/33/2098 2105/350/2105
f 2094/33/2094 2091/348/2091 2096/32/2096
f 2091/348/2091 2094/33/2094 2093/350/2093
f 2090/33/2090 2095/348/2095 2092/32/2092
f 2095/348/2095 2090/33/2090 2097/350/2097
f 2260/33/2260 2257/348/2257 2262/32/2262
f 2257/348/2257 2260/33/2260 2259/350/2259
f 2256/33/2256 2261/348/2261 2258/32/2258
f 2261/348/2261 2256/33/2256 2263/350/2263
f 2252/33/2252 2249/348/2249 2254/32/2254
f 2249/348/2249 2252/33/2252 2251/350/2251
f 2602/544/2602 2725/680/2725 2601/543/2601
f 2727/682/2727 2731/687/2731 2728/683/2728
f 2727/682/2727 2728/683/2728 2733/690/2733
f 2730/686/2730 2601/543/2601 2731/687/2731
f 2727/682/2727 2730/686/2730 2731/687/2731
f 2733/690/2733 2728/683/2728 2734/691/2734
f 2733/690/2733 2734/691/2734 1817/348/1817
g fff0aa7b_00043_0018d665_e18
f 328/90/328 327/89/327 326/88/326
f 327/89/327 328/90/328 325/87/325
f 324/86/324 328/90/328 323/85/323
f 328/90/328 324/86/324 322/64/322
f 321/84/321 324/86/324 320/83/320
f 324/86/324 321/84/321 319/82/319
f 328/90/328 322/64/322 325/87/325
f 327/89/327 318/81/318 326/88/326
f 324/86/324 323/85/323 320/83/320
f 321/84/321 317/80/317 319/82/319
f 324/86/324 319/82/319 322/64/322
f 328/90/328 326/88/326 323/85/323
f 183/90/183 182/89/182 181/88/181
f 182/89/182 183/90/183 180/87/180
f 179/86/179 183/90/183 178/85/178
f 183/90/183 179/86/179 177/64/177
f 176/84/176 179/86/179 175/83/175
f 179/86/179 176/84/176 174/82/174
f 183/90/183 177/64/177 180/87/180
f 182/89/182 173/81/173 181/88/181
f 179/86/179 178/85/178 175/83/175
f 176/84/176 172/80/172 174/82/174
f 179/86/179 174/82/174 177/64/177
f 183/90/183 181/88/181 178/85/178
f 17/90/17 16/89/16 2239/88/2239
f 16/89/16 17/90/17 2238/87/2238
f 15/86/15 17/90/17 2237/85/2237
f 17/90/17 15/86/15 2236/64/2236
f 2235/84/2235 15/86/15 2234/83/2234
f 15/86/15 2235/84/2235 2233/82/2233
f 17/90/17 2236/64/2236 2238/87/2238
f 16/89/16 2232/81/2232 2239/88/2239
f 15/86/15 2237/85/2237 2234/83/2234
f 2235/84/2235 2231/80/2231 2233/82/2233
f 15/86/15 2233/82/2233 2236/64/2236
f 17/90/17 2239/88/2239 2237/85/2237
f 2230/90/2230 2229/89/2229 2079/88/2079
f 2229/89/2229 2230/90/2230 2078/87/2078
f 2228/86/2228 2230/90/2230 2227/85/2227
f 2230/90/2230 2228/86/2228 2226/64/2226
f 2225/84/2225 2228/86/2228 2077/83/2077
f 2228/86/2228 2225/84/2225 2224/82/2224
f 2230/90/2230 2226/64/2226 2078/87/2078
f 2229/89/2229 2076/81/2076 2079/88/2079
f 2228/86/2228 2227/85/2227 2077/83/2077
f 2225/84/2225 2075/80/2075 2224/82/2224
f 2228/86/2228 2224/82/2224 2226/64/2226
f 2230/90/2230 2079/88/2079 2227/85/2227
f 450/90/450 301/85/301 304/88/304
f 302/86/302 300/64/300 297/82/297
f 299/84/299 297/82/297 295/80/295
f 302/86/302 298/83/298 301/85/301
f 449/89/449 304/88/304 296/81/296
f 450/90/450 303/87/303 300/64/300
f 302/86/302 297/82/297 299/84/299
f 299/84/299 298/83/298 302/86/302
f 450/90/450 300/64/300 302/86/302
f 302/86/302 301/85/301 450/90/450
f 449/89/449 303/87/303 450/90/450
f 450/90/450 304/88/304 449/89/449
f 462/90/462 457/85/457 461/88/461
f 458/86/458 456/64/456 453/82/453
f 455/84/455 453/82/453 451/80/451
f 458/86/458 454/83/454 457/85/457
f 460/89/460 461/88/461 452/81/452
f 462/90/462 459/87/459 456/64/456
f 458/86/458 453/82/453 455/84/455
f 455/84/455 454/83/454 458/86/458
f 462/90/462 456/64/456 458/86/458
f 458/86/458 457/85/457 462/90/462
f 460/89/460 459/87/459 462/90/462
f 462/90/462 461/88/461 460/89/460
f 171/90/171 170/89/170 169/88/169
f 170/89/170 171/90/171 14/87/14
f 168/86/168 171/90/171 167/85/167
f 171/90/171 168/86/168 166/64/166
f 165/84/165 168/86/168 164/83/164
f 168/86/168 165/84/165 163/82/163
f 171/90/171 166/64/166 14/87/14
f 170/89/170 13/81/13 169/88/169
f 168/86/168 167/85/167 164/83/164
f 165/84/165 162/80/162 163/82/163
f 168/86/168 163/82/163 166/64/166
f 171/90/171 169/88/169 167/85/167
f 12/90/12 11/89/11 10/88/10
f 11/89/11 12/90/12 9/87/9
f 8/86/8 12/90/12 7/85/7
f 12/90/12 8/86/8 6/64/6
f 5/84/5 8/86/8 4/83/4
f 8/86/8 5/84/5 3/82/3
f 12/90/12 6/64/6 9/87/9
f 11/89/11 2/81/2 10/88/10
f 8/86/8 7/85/7 4/83/4
f 5/84/5 1/80/1 3/82/3
f 8/86/8 3/82/3 6/64/6
f 12/90/12 10/88/10 7/85/7
f 760/90/760 602/88/602 759/89/759
f 759/89/759 601/87/601 760/90/760
f 758/86/758 600/85/600 760/90/760
f 760/90/760 599/64/599 758/86/758
f 757/84/757 598/83/598 758/86/758
f 758/86/758 756/82/756 757/84/757
f 760/90/760 601/87/601 599/64/599
f 759/89/759 602/88/602 597/81/597
f 758/86/758 598/83/598 600/85/600
f 757/84/757 756/82/756 596/80/596
f 758/86/758 599/64/599 756/82/756
f 760/90/760 600/85/600 602/88/602
f 595/90/595 594/88/594 593/89/593
f 593/89/593 465/87/465 595/90/595
f 592/86/592 591/85/591 595/90/595
f 595/90/595 590/64/590 592/86/592
f 589/84/589 464/83/464 592/86/592
f 592/86/592 588/82/588 589/84/589
f 595/90/595 465/87/465 590/64/590
f 593/89/593 594/88/594 463/81/463
f 592/86/592 464/83/464 591/85/591
f 589/84/589 588/82/588 587/80/587
f 592/86/592 590/64/590 588/82/588
f 595/90/595 591/85/591 594/88/594
f 316/90/316 315/88/315 314/89/314
f 314/89/314 313/87/313 316/90/316
f 312/86/312 311/85/311 316/90/316
f 316/90/316 310/64/310 312/86/312
f 309/84/309 308/83/308 312/86/312
f 312/86/312 307/82/307 309/84/309
f 316/90/316 313/87/313 310/64/310
f 314/89/314 315/88/315 306/81/306
f 312/86/312 308/83/308 311/85/311
f 309/84/309 307/82/307 305/80/305
f 312/86/312 310/64/310 307/82/307
f 316/90/316 311/85/311 315/88/315
f 161/90/161 160/88/160 159/89/159
f 159/89/159 158/87/158 161/90/161
f 157/86/157 156/85/156 161/90/161
f 161/90/161 155/64/155 157/86/157
f 154/84/154 153/83/153 157/86/157
f 157/86/157 152/82/152 154/84/154
f 161/90/161 158/87/158 155/64/155
f 159/89/159 160/88/160 151/81/151
f 157/86/157 153/83/153 156/85/156
f 154/84/154 152/82/152 150/80/150
f 157/86/157 155/64/155 152/82/152
f 161/90/161 156/85/156 160/88/160
f 895/90/895 755/88/755 894/89/894
f 894/89/894 754/87/754 895/90/895
f 893/86/893 892/85/892 895/90/895
f 895/90/895 891/64/891 893/86/893
f 890/84/890 753/83/753 893/86/893
f 893/86/893 889/82/889 890/84/890
f 895/90/895 754/87/754 891/64/891
f 894/89/894 755/88/755 752/81/752
f 893/86/893 753/83/753 892/85/892
f 890/84/890 889/82/889 751/80/751
f 893/86/893 891/64/891 889/82/889
f 895/90/895 892/85/892 755/88/755
f 750/90/750 749/88/749 748/89/748
f 748/89/748 747/87/747 750/90/750
f 746/86/746 745/85/745 750/90/750
f 750/90/750 744/64/744 746/86/746
f 743/84/743 742/83/742 746/86/746
f 746/86/746 741/82/741 743/84/743
f 750/90/750 747/87/747 744/64/744
f 748/89/748 749/88/749 586/81/586
f 746/86/746 742/83/742 745/85/745
f 743/84/743 741/82/741 740/80/740
f 746/86/746 744/64/744 741/82/741
f 750/90/750 745/85/745 749/88/749
g fff0aa7b_00043_0018d665_e11
f 473/109/473 472/108/472 471/107/471
f 470/92/470 469/91/469 468/109/468
f 468/109/468 469/91/469 467/108/467
f 472/108/472 466/106/466 471/107/471
f 766/109/766 765/108/765 606/107/606
f 605/92/605 604/91/604 764/109/764
f 764/109/764 604/91/604 763/108/763
f 765/108/765 603/106/603 606/107/606
f 901/109/901 900/107/900 899/108/899
f 762/92/762 898/109/898 761/91/761
f 898/109/898 897/108/897 761/91/761
f 899/108/899 900/107/900 896/106/896
f 1053/109/1053 1052/107/1052 1051/108/1051
f 1050/92/1050 1049/109/1049 1048/91/1048
f 1049/109/1049 1047/108/1047 1048/91/1048
f 1051/108/1051 1052/107/1052 1046/106/1046
