# fff07975_00245_006a153b
o fff07975_00245_006a153b
v 7.332550 34.896358 -0.785718
v 8.499662 33.232517 -1.478363
v 8.581554 33.605331 0.133533
v 8.041540 33.844059 -0.971359
v 7.746337 33.662319 -0.186325
v 8.827655 33.778179 -0.980949
v 8.572339 33.244999 -0.949726
v 7.183838 34.935295 -0.089787
v 8.093867 35.543301 -0.307899
v -6.803870 -4.749554 0.921119
v -3.069321 -0.901701 -0.338730
v -5.260502 -4.515878 0.103309
v -2.081296 3.770272 -0.338730
v -5.013248 1.261204 -0.338730
v -5.527023 2.032313 0.707142
v -4.249319 9.887572 1.024897
v -3.668712 9.980927 0.224098
v 0.251751 26.780996 -0.261312
v -13.970039 -5.229120 0.358739
v -10.970233 6.796646 0.358739
v -6.913622 22.931921 -0.211791
v 1.434162 16.656618 -0.730960
v -2.231901 17.087013 0.224098
v -2.423669 17.044844 0.725917
v -8.249589 17.618078 -0.868243
v 9.692440 11.941626 -0.615318
v 8.841027 12.143690 -1.404652
v 8.418482 10.260644 -1.003880
v 9.653713 10.741288 -0.352718
v 8.377318 10.042074 -0.471863
v 8.532181 12.015463 -0.121452
v 8.530576 11.994625 -1.135643
v 8.239702 10.366946 -0.846600
v 8.555345 10.865505 0.010857
v 8.109859 10.223968 -0.509262
v 9.093014 8.885983 -0.029491
v 8.383912 8.942198 -0.952732
v 7.225562 5.255769 -1.690971
v 8.278658 8.709806 0.489666
v 8.019581 8.809085 -0.812405
v 7.542655 5.526171 0.694992
v 7.155002 5.402076 -1.520115
v 7.408145 1.563348 -1.231804
v 6.588758 1.045496 -1.786400
v 7.909626 3.188212 -0.220631
v 8.115556 2.668270 -0.716995
v 7.440056 2.051002 -1.005207
v 6.624669 3.149921 -1.751686
v 6.938937 3.090269 -1.097576
v 7.232119 3.601897 0.000496
v 6.473606 1.734281 -0.777187
v 6.073240 1.288410 -1.713455
v 6.525416 2.156552 -0.571880
v 6.242493 3.103905 -1.622677
v 6.510139 2.915000 -0.956860
v 7.084969 3.225130 0.255493
v 6.920692 2.781494 -0.222233
v 6.709066 2.255002 -0.418171
v 6.783077 2.971440 -0.816513
v 7.082237 3.473414 0.033585
v 8.741058 5.240293 0.214560
v 6.824185 3.303504 -1.066326
v 7.623200 5.371212 0.454632
v 8.400136 4.717456 0.081043
v 7.414779 4.751027 0.486340
v 6.952196 5.166594 -1.477043
v 6.701056 3.321646 -1.538715
v 7.095991 3.369980 -0.764565
v 6.887994 3.375363 -0.588787
v 8.374302 7.663539 0.442894
v 9.470583 7.529087 0.442425
v 8.487297 9.707987 0.632534
v 8.486960 9.145937 0.694965
v 8.211576 9.296776 -0.934586
v 8.090466 9.181591 -0.660172
v 8.031418 9.805945 -0.426651
v 8.527694 3.723353 0.055637
v 7.453419 3.652458 0.638992
v 7.138674 3.759686 -0.203331
v 10.532110 14.247513 -0.767612
v 10.064953 14.449131 -1.902378
v 9.368506 14.271364 -0.513004
v 9.297112 14.531242 -1.835762
v 9.770122 12.231942 -0.461941
v 8.614826 12.256895 -0.052116
v 9.695140 12.044827 -0.759171
v 8.605352 12.254673 -1.398590
v 9.349691 6.442630 0.063923
v 7.944993 6.605310 0.667618
v 7.756733 7.715298 0.052856
v 9.286908 7.689995 0.063148
v 7.304495 6.735187 -1.563221
v 7.396081 6.487695 -1.748409
v 8.200056 7.685309 0.069717
v 8.932343 13.743225 -0.469181
v 10.406970 13.612275 -0.745079
v 9.343844 8.833021 -0.093159
v 9.421865 9.595730 0.231129
v 9.407869 9.040819 0.172916
v 8.991266 10.364361 -0.081593
v 8.072369 9.796005 -0.132278
v 8.108907 9.189054 -0.309334
v 7.723320 6.948226 -0.819286
v 7.935436 6.857605 -0.717735
v 7.782895 9.069330 -1.392677
v 8.140428 9.332372 -1.578011
v 8.275761 9.706268 -0.919247
v 7.969499 9.160091 -0.902348
v 7.911704 9.356897 -0.897064
v 8.255471 12.165877 -1.659405
v 7.798807 10.153445 -1.376270
v 7.689666 9.416623 -1.350842
v 7.883942 9.800459 -0.860477
v 7.797195 8.226992 -1.357048
v 7.990162 8.171238 -1.451168
v 7.721313 8.656725 -1.336292
v 7.941757 9.010059 -1.030426
v 8.104382 8.782501 -0.940964
v 7.823720 8.745352 -1.070740
v 8.228144 9.193713 -0.946217
v 7.934582 10.260395 -1.010098
v 11.095418 18.351982 -1.445843
v 9.460716 16.110912 -1.715046
v 10.656112 16.325890 -0.956223
v 9.391415 15.788193 -1.242352
v 9.936104 18.439606 -0.967106
v 10.042679 18.618416 -1.535572
v 9.277484 16.187759 -1.546181
v 9.565614 16.487968 -0.591930
v 9.129786 15.981951 -1.251404
v 9.498134 14.534136 -1.750610
v 9.444643 15.229053 -0.228401
v 9.429436 14.666368 -0.284641
v 9.094667 14.994717 -1.616943
v 9.038817 15.558340 -1.260906
v 9.870884 15.745800 -0.656952
v 10.470651 14.111295 -2.358349
v 10.598403 15.048453 -0.715576
v 11.034633 14.424008 -0.892361
v 10.710155 16.053505 -0.642818
v 9.926386 16.086632 -0.283760
v 9.781721 15.896545 -0.508598
v 10.075109 16.276291 -0.509830
v 9.803167 15.464792 -0.293060
v 9.848087 16.031708 -0.634048
v 9.945704 15.888561 -0.969151
v 10.489039 15.194669 -0.762981
v 9.066256 15.486280 -0.973701
v 9.097393 14.928659 -1.271828
v 9.034415 14.363556 -1.833611
v 8.684410 4.483895 -0.007126
v 7.894490 4.703332 -0.177586
v 8.179373 4.469730 -0.265804
v 7.959893 1.562289 -4.067085
v 6.588758 1.104971 -4.067085
v 15.563416 27.924047 -0.615318
v 15.066924 28.644648 -1.429783
v 13.296124 27.706453 -1.003880
v 14.535028 27.235388 -0.352718
v 13.119049 27.571882 -0.471863
v 14.751795 28.756502 -0.121452
v 14.736554 28.742094 -1.135643
v 13.234729 27.905216 -0.846600
v 13.803092 28.063702 0.010857
v 13.042486 27.886116 -0.509262
v 13.137673 26.028929 -0.029491
v 11.952027 26.960653 -0.952732
v 11.007302 22.398705 -1.690971
v 12.145505 26.126560 0.489666
v 11.898829 26.493629 -0.812405
v 11.324395 22.669107 0.694992
v 10.936743 22.545013 -1.520115
v 11.189886 18.706284 -1.231804
v 10.370499 18.188433 -1.786400
v 11.691367 20.331148 -0.220631
v 11.897297 19.811207 -0.716995
v 11.221797 19.193939 -1.005207
v 10.406409 20.292858 -1.751686
v 10.720678 20.233206 -1.097576
v 11.013860 20.744835 0.000496
v 10.255346 18.877218 -0.777187
v 9.854980 18.431347 -1.713455
v 10.307158 19.299488 -0.571880
v 10.024234 20.246841 -1.622677
v 10.291880 20.057938 -0.956860
v 10.866709 20.368067 0.255493
v 10.702433 19.924431 -0.222233
v 10.490807 19.397938 -0.418171
v 10.564817 20.114376 -0.816513
v 10.863977 20.616350 0.033585
v 12.522799 22.383228 0.214560
v 10.605927 20.446442 -1.066326
v 11.404941 22.514149 0.454632
v 12.181877 21.860394 0.081043
v 11.196520 21.893963 0.486340
v 10.733936 22.309530 -1.477043
v 10.482798 20.464582 -1.538715
v 10.877731 20.512917 -0.764565
v 10.669735 20.518299 -0.588787
v 12.156042 24.806477 0.442894
v 13.252323 24.672024 0.442425
v 12.425883 27.571056 0.632534
v 12.143372 27.085133 0.694965
v 11.980971 27.353809 -0.934586
v 11.818388 27.315037 -0.660172
v 12.080780 27.884613 -0.426651
v 13.553864 27.302176 0.087536
v 12.309435 20.866289 0.055637
v 11.235160 20.795395 0.638992
v 10.920414 20.902622 -0.203331
v 17.732018 29.072687 -0.767612
v 17.520454 29.535408 -1.902378
v 16.884388 29.870264 -0.513004
v 17.005554 30.110876 -1.835762
v 15.815634 28.087473 -0.461941
v 14.975024 28.880293 -0.052116
v 15.464192 28.094093 -0.759171
v 14.966415 28.885035 -1.423721
v 13.131432 23.585567 0.063923
v 11.726733 23.748247 0.667618
v 11.538474 24.858234 0.052856
v 13.068649 24.832932 0.063148
v 11.086235 23.878124 -1.563221
v 11.177822 23.630630 -1.748409
v 11.981796 24.828247 0.069717
v 16.206692 29.770536 -0.469181
v 17.213474 28.685072 -0.745079
v 13.388505 25.975967 -0.093159
v 13.466525 26.738676 0.231129
v 13.452529 26.183765 0.172916
v 14.393386 27.122007 0.020618
v 13.873712 27.568110 0.379162
v 13.588067 27.491117 0.121861
v 14.068143 27.583391 0.112225
v 13.385884 27.183628 0.504520
v 13.702600 27.532383 -0.031719
v 13.790726 27.399595 -0.081593
v 13.665685 26.606642 0.090569
v 12.111206 27.855465 -0.132278
v 11.838128 27.312210 -0.309334
v 11.505060 24.091164 -0.819286
v 11.717176 24.000542 -0.717735
v 11.532633 27.315990 -1.392677
v 11.937317 27.420361 -1.578011
v 12.242040 27.675743 -0.919247
v 11.702997 27.357124 -0.902348
v 11.835828 27.520382 -0.897064
v 14.647227 29.053568 -1.659405
v 12.706613 28.094465 -1.376270
v 11.673816 27.683569 -1.350842
v 11.816284 28.195080 -0.860477
v 11.676444 25.911535 -1.357048
v 11.869411 25.855782 -1.451168
v 11.600562 26.341269 -1.336292
v 11.603684 27.241322 -1.030426
v 11.983630 26.467045 -0.940964
v 11.702970 26.429895 -1.070740
v 11.943535 27.256359 -0.946217
v 12.879049 28.082872 -1.010098
v 20.996365 31.594303 -1.445843
v 18.281277 31.026743 -1.715046
v 19.312502 30.385075 -0.956223
v 18.013430 30.833588 -1.242352
v 20.194813 32.436359 -0.967106
v 20.393694 32.497684 -1.535572
v 18.196695 31.206516 -1.546181
v 18.611753 31.236191 -0.591930
v 17.949118 31.152718 -1.251404
v 17.156799 29.978394 -1.750610
v 17.678183 30.382921 -0.228401
v 17.194355 30.122499 -0.284641
v 17.261473 30.443655 -1.616943
v 17.597828 30.899336 -1.260906
v 18.340927 30.480797 -0.656952
v 17.918869 29.133480 -2.358349
v 18.318029 29.622671 -0.715576
v 18.223265 28.866919 -0.892361
v 19.170099 30.146683 -0.642818
v 18.610537 30.696566 -0.283760
v 18.375769 30.652397 -0.508598
v 18.848042 30.737637 -0.509830
v 18.102358 30.317646 -0.293060
v 18.515635 30.708221 -0.634048
v 18.492033 30.536572 -0.969151
v 18.430353 29.657482 -0.762981
v 17.569841 30.827454 -0.973701
v 17.123672 30.539747 -1.271828
v 16.698200 30.162573 -1.833611
v 12.466150 21.626831 -0.007126
v 11.676230 21.846270 -0.177586
v 11.961113 21.612667 -0.265804
v 15.627316 28.028713 -5.119732
v 14.598927 27.340054 -5.119732
v 13.344540 26.503136 -5.119732
v 17.795916 29.177353 -5.119732
v 15.879534 28.192141 -5.119732
v 15.528194 28.198828 -5.119732
v 13.620398 24.831873 -5.119732
v 17.277342 28.789787 -5.119732
v 13.413083 26.450708 -5.119732
v 13.659069 26.651995 -5.119732
v 14.457387 27.226742 -5.119732
v 13.729686 26.711374 -5.119732
v 19.577835 29.950615 -5.119732
v 18.477404 29.580324 -5.119732
v 18.115768 29.235514 -5.119732
v 18.494253 29.762146 -5.119732
v 10.370499 18.247908 -4.332417
v 13.672811 26.183521 -1.100118
v 13.534964 25.975687 -1.148020
v 13.707856 26.552326 -1.210196
v 17.156799 29.978394 -5.119732
v 17.955536 29.077019 -5.119732
v 18.347023 29.421877 -2.394504
v 30.077602 37.396679 -1.187126
v 29.615953 38.140053 -2.202499
v 27.989033 37.101788 -1.003788
v 29.204277 36.572346 -0.151718
v 27.805830 36.975750 -0.471771
v 29.306486 38.266720 -0.693260
v 29.290613 38.253063 -1.908360
v 27.937117 37.303207 -0.846508
v 28.512400 37.434460 0.211857
v 27.744272 37.293324 -0.509171
v 27.498962 35.651207 -0.029400
v 27.035334 36.190758 -0.952641
v 23.615744 34.391640 -1.690880
v 26.796961 36.100147 0.489758
v 26.683195 36.353100 -0.812313
v 24.031149 34.360043 0.695084
v 23.668753 34.545128 -1.520023
v 21.143057 31.643202 -1.231712
v 20.196833 31.853195 -1.786308
v 22.644024 32.442623 -0.220539
v 22.423677 31.928661 -0.716904
v 21.509342 31.966728 -1.005116
v 21.705240 33.320950 -1.751595
v 21.886288 33.057178 -1.097485
v 22.454865 33.213543 0.000587
v 20.600519 32.423050 -0.777096
v 20.002335 32.388931 -1.713364
v 20.934860 32.686169 -0.571789
v 21.401739 33.557671 -1.622585
v 21.458458 33.234993 -0.956768
v 22.084951 33.050030 0.255585
v 21.655731 32.850979 -0.222141
v 21.134518 32.626610 -0.418079
v 21.691908 33.082829 -0.816422
v 22.257980 33.228039 0.033676
v 24.679996 33.312717 0.214653
v 21.955143 33.289364 -1.066235
v 23.979061 34.193256 0.454723
v 24.069643 33.181904 0.081135
v 23.394178 33.900177 0.486431
v 23.358858 34.520943 -1.476952
v 21.880533 33.389011 -1.538624
v 22.194748 33.144981 -0.764473
v 22.051037 33.295452 -0.588696
v 26.127573 35.290352 0.442986
v 26.810579 34.422405 0.442516
v 27.648493 36.661289 0.632626
v 27.252048 36.262722 0.695057
v 27.163004 36.563679 -0.934494
v 26.995886 36.567303 -0.660080
v 27.394045 37.051983 -0.426559
v 28.227093 36.685673 0.087627
v 23.459581 32.386768 0.055729
v 22.647497 33.093533 0.639084
v 22.499668 33.391323 -0.203239
v 32.458115 38.544662 -1.549084
v 32.109001 38.913254 -4.154842
v 31.649292 39.381554 -1.294476
v 31.622120 39.512592 -4.088226
v 30.337290 37.547928 -1.234657
v 29.535242 38.379765 -0.824833
v 30.037222 37.645111 -1.738098
v 29.527010 38.384823 -2.571953
v 25.959105 33.736778 0.064014
v 25.077127 34.842087 0.667709
v 25.725904 35.762287 0.052948
v 26.793602 34.665951 0.063240
v 24.714273 35.385586 -1.563129
v 24.604830 35.145527 -1.748318
v 26.019300 35.428616 0.069809
v 30.967718 39.314240 -1.250652
v 31.921692 38.182114 -1.526550
v 27.639605 35.436878 -0.093067
v 28.232431 35.923027 0.231220
v 27.831392 35.539158 0.173008
v 29.057301 36.465832 0.020710
v 28.559488 36.936100 0.379253
v 28.270485 36.872795 0.121952
v 28.754280 36.942081 0.112316
v 28.053862 36.575214 0.504612
v 28.386711 36.908539 -0.031628
v 28.468592 36.771694 -0.081501
v 28.305983 35.985710 0.090660
v 27.416059 37.016064 -0.132187
v 27.014248 36.559650 -0.309242
v 25.161575 35.241669 -0.819195
v 25.248148 35.027889 -0.717644
v 26.698635 36.704521 -1.392586
v 27.137672 36.639217 -1.577919
v 27.497198 36.809093 -0.919155
v 26.894987 36.637505 -0.902256
v 26.992640 36.817726 -0.896973
v 29.216198 38.568474 -2.432121
v 27.473885 37.462475 -1.376179
v 26.877275 37.016663 -1.350750
v 27.285444 37.151974 -0.860386
v 26.115143 36.096863 -1.356956
v 26.212742 35.921246 -1.451077
v 26.364122 36.455120 -1.336201
v 26.769510 36.550556 -1.030334
v 26.724539 36.274426 -0.940872
v 26.499273 36.445805 -1.070648
v 27.102190 36.478920 -0.946125
v 27.645578 37.442612 -1.010006
v 35.284145 41.191441 -2.751041
v 32.851383 40.517933 -3.967510
v 33.974831 39.828163 -1.902672
v 32.574860 40.337917 -3.494816
v 34.829731 41.835148 -3.219570
v 35.031338 41.886890 -3.788036
v 32.775585 40.701664 -3.798645
v 33.191555 40.711552 -2.844395
v 32.525715 40.659695 -3.503868
v 31.766706 39.372879 -4.003075
v 32.218582 39.903725 -1.787197
v 31.811121 39.515175 -1.843437
v 31.805151 39.984055 -3.869408
v 32.162674 40.423283 -3.513371
v 32.885174 39.969894 -2.909416
v 31.755016 39.009193 -5.119732
v 32.909912 38.962437 -2.274372
v 32.606693 38.477699 -2.451157
v 33.697456 39.596790 -2.321632
v 33.164684 40.172661 -1.962574
v 32.928051 40.139656 -2.761063
v 33.403748 40.202370 -2.762295
v 32.638958 39.818295 -1.971874
v 33.070377 40.188778 -2.886513
v 33.038803 40.018429 -3.221615
v 32.935253 39.143295 -2.441795
v 32.131287 40.352825 -3.226166
v 31.760546 39.935295 -3.524292
v 31.317583 39.578781 -4.086075
v 24.106779 32.815868 -0.007034
v 23.701063 33.528252 -0.177494
v 23.738531 33.161701 -0.265713
v 30.233486 37.368664 -5.119732
v 28.945024 37.081383 -5.119732
v 27.426308 35.975109 -5.119732
v 21.474760 31.344450 -5.119732
v 22.571371 32.766525 -5.119732
v 22.351055 32.252514 -5.119732
v 21.841045 31.667976 -5.119732
v 24.675566 33.675903 -5.119732
v 24.269321 33.231018 -5.119732
v 26.533951 35.060398 -5.119732
v 23.387064 32.710690 -5.119732
v 32.285358 38.673073 -5.119732
v 30.493177 37.519913 -5.119732
v 30.308157 37.439934 -5.119732
v 25.682579 34.374840 -5.119732
v 26.516977 35.303947 -5.119732
v 31.748871 38.310627 -5.119732
v 27.566982 35.760731 -5.119732
v 28.159813 36.246880 -5.119732
v 27.888060 35.734974 -5.119732
v 28.798252 36.975006 -5.119732
v 28.233364 36.309559 -5.119732
v 35.085419 41.896622 -5.119732
v 33.837929 40.060268 -5.119732
v 32.896832 39.194614 -5.119732
v 32.190067 38.762203 -5.119732
v 33.684402 39.828915 -5.119732
v 32.922199 39.375416 -5.119732
v 23.900299 33.178177 -5.119732
v 20.643074 31.272953 -5.119732
v 42.201286 45.941116 -3.132595
v 38.379700 43.889153 -3.943436
v 42.135605 46.382713 -3.148525
v 42.061615 46.483200 -4.197685
v 38.795273 43.857517 -2.690289
v 38.432705 44.042641 -3.772579
v 35.732601 41.371620 -3.102093
v 34.960888 41.350773 -4.038864
v 37.277622 42.151398 -3.276062
v 37.039795 41.704029 -2.900345
v 36.096134 41.691101 -2.865555
v 36.469433 42.818546 -4.004150
v 36.650311 42.554806 -4.482857
v 37.218922 42.711124 -3.384785
v 35.364441 41.920612 -3.029652
v 34.766289 41.886444 -3.965919
v 35.698917 42.183750 -2.824345
v 36.165794 43.055248 -3.875141
v 36.222481 42.732620 -3.416420
v 36.848904 42.547539 -3.129787
v 36.419685 42.348492 -2.681793
v 35.898472 42.124123 -2.670635
v 36.455933 42.580238 -3.276073
v 37.021935 42.725552 -3.351696
v 39.270962 43.150345 -2.928787
v 36.719097 42.786873 -4.451607
v 38.743221 43.690899 -2.930649
v 38.661877 42.979027 -3.013309
v 38.158237 43.397755 -2.898941
v 38.122917 44.018520 -3.729507
v 36.644592 42.886589 -3.791180
v 36.862438 42.790955 -3.594311
v 36.815022 42.792915 -3.048347
v 41.088421 45.081085 -2.942387
v 41.515671 44.731361 -2.753403
v 38.123795 42.138279 -3.107433
v 37.411453 42.591045 -2.746288
v 37.263725 42.888901 -3.588612
v 40.701382 44.009987 -2.798916
v 40.049255 44.607834 -2.369858
v 40.675564 45.543354 -3.332424
v 41.422203 45.027920 -3.080269
v 39.673393 45.142448 -3.927922
v 39.569744 44.899746 -4.000874
v 40.976902 45.216728 -3.315563
v 40.123909 45.009277 -3.657619
v 40.215652 44.797619 -3.556068
v 40.949944 46.295738 -4.161770
v 38.718414 42.638031 -3.167290
v 38.465019 43.025764 -3.562866
v 38.291683 42.980232 -3.318817
v 41.912804 47.076118 -5.119732
v 35.786201 41.489681 -5.119732
v 37.200802 42.433079 -5.119732
v 37.168861 41.686832 -4.874611
v 36.262390 41.627392 -4.874611
v 39.605755 42.782284 -4.875144
v 38.546101 43.309494 -5.119732
v 41.344109 45.116573 -5.119732
v 38.302158 42.016933 -4.808842
v 41.047768 43.614666 -4.875144
v 41.300941 45.352715 -5.119732
v 38.904850 42.506496 -4.808842
v 34.452042 41.982143 -5.119732
v 30.093655 37.638268 -4.475385
v 1.659071 11.767201 -0.409225
v 0.796059 11.911592 -1.223690
v 2.089577 12.888359 -0.411957
v 1.184823 14.028290 -0.378761
v 0.561239 12.149687 0.084641
v 0.186723 13.782495 -0.640507
v 1.029056 13.200392 -0.048382
v 0.867681 13.964613 -0.303169
v 2.293292 14.815748 -0.088730
v 1.618032 15.039272 -0.859631
v 1.213888 19.006153 -1.861607
v 1.611286 15.294411 0.430428
v 1.334060 15.303524 -0.719303
v 2.169523 18.513979 0.330555
v 4.146784 21.911228 -1.025711
v 3.603862 20.525446 -0.585068
v 3.995539 20.924629 -0.510902
v 3.986827 21.449511 -0.799114
v 1.010858 21.153675 -1.731050
v 2.559268 20.993156 -0.891483
v 2.630566 20.407761 -0.363941
v 2.656874 22.423424 -0.571095
v 1.805786 23.082661 -1.645449
v 2.540720 22.014168 -0.365788
v 2.232045 21.321091 -0.750767
v 2.641361 20.812056 -0.108944
v 2.662187 21.284727 -0.016140
v 2.671764 21.852049 -0.212078
v 2.461939 21.413330 -0.610420
v 2.542460 20.584448 -0.330853
v 3.384750 18.312019 -0.149876
v 2.370639 20.841185 -0.860233
v 2.303796 18.625483 0.090195
v 3.273844 18.926128 -0.283394
v 2.352690 19.277943 0.121902
v 2.595246 20.674400 -0.558472
v 2.401369 20.750158 -0.382694
v 2.105749 16.221380 -0.186874
v 2.934224 15.919490 -0.210701
v 1.415887 14.293549 0.573296
v 1.633879 14.811584 0.635727
v 1.025239 14.932748 -0.567070
v 0.728350 14.380433 -0.333549
v 1.613360 13.748974 0.028297
v 3.777264 19.792688 -0.308800
v 2.814888 20.275219 0.274555
v 2.483252 20.298632 -0.567768
v 1.537319 9.316216 -0.561520
v 1.028540 9.311849 -1.696285
v 0.455804 9.746196 -0.306911
v -1.373830 9.725419 -1.347702
v 1.617936 11.469470 -0.255848
v 0.543580 11.895146 0.153976
v 1.621515 11.671055 -0.553078
v -0.646043 11.993580 -1.217628
v 3.169201 16.967886 -0.565845
v 2.121060 17.363283 0.037849
v 1.516519 16.413515 -0.576912
v 2.936344 15.842487 -0.517078
v 0.915327 17.681519 -0.845726
v 1.936724 16.268957 -0.560051
v 0.258927 10.402141 -0.263088
v 1.668707 9.950128 -0.538986
v 2.544986 14.767057 -0.152397
v 2.320614 14.034045 0.171890
v 2.523286 14.550793 0.113678
v 2.132162 13.064621 -0.038620
v 1.507850 13.346414 0.319923
v 1.456643 13.637741 0.062622
v 1.576483 13.163851 0.052986
v 1.649586 13.951165 0.445282
v 1.467780 13.516596 -0.090958
v 1.625479 13.492958 -0.140831
v 2.290692 13.942057 0.031330
v 1.534091 17.133036 -0.878525
v 0.439169 14.999433 -0.696255
v 0.462364 5.315118 -0.662947
v -0.829055 8.108132 -1.508953
v 0.844386 7.352769 -0.471603
v -0.112223 8.339455 -1.036259
v -0.859760 5.685271 -0.229094
v -2.175524 5.705105 -1.017366
v -0.372368 8.015429 -1.535118
v -0.379241 7.627508 -0.238579
v -1.738641 8.520804 -0.950802
v -0.085191 9.695508 -1.544518
v 0.154040 8.834038 -0.022308
v 0.358565 9.358466 -0.078548
v -0.635877 9.427767 -1.410851
v 0.346076 8.192270 -0.450859
v 0.912837 9.465810 -2.152256
v 1.287384 8.552413 -0.509483
v 1.311101 8.958550 -0.686268
v 0.999961 7.582760 -0.436726
v 0.264937 7.856625 -0.077667
v 0.205323 8.088056 -0.302505
v 0.328363 7.624030 -0.303738
v 0.392851 8.477508 -0.086967
v 0.214009 7.937737 -0.427956
v 0.359580 8.031617 -0.763058
v 1.129744 8.460083 -0.556889
v -0.482215 8.984500 -0.767609
v 3.626425 19.030941 -0.371563
v 2.813215 19.135624 -0.542023
v 3.166503 19.240240 -0.630241
v -0.637117 -2.552346 -0.424570
v -1.190592 1.620426 -1.604977
v -2.388126 -2.271933 -0.352280
v -3.777789 -2.728638 -0.408645
v -1.488409 1.210294 0.389294
v -3.098217 1.767037 -0.864056
v 0.411673 4.952085 -0.448908
v -0.142124 5.747256 -1.580307
v -0.139719 3.239790 -0.562653
v 0.266009 3.807623 -0.642704
v 0.251750 4.490317 -0.535607
v -0.926317 3.794118 -1.545593
v -0.613694 3.727139 -0.891483
v -0.931829 3.190281 -0.402908
v -1.203798 5.158682 0.048895
v -1.227917 4.743571 -0.027477
v -2.593554 3.905145 -0.842924
v -1.488788 4.057629 -0.301716
v -1.431038 3.522990 -0.058110
v -1.266264 4.007259 0.257715
v -1.281370 4.579236 0.133132
v -1.615019 3.898396 -0.252502
v -0.295726 1.046020 -0.168896
v -1.785823 3.581809 -0.464531
v -1.403282 1.328891 0.209240
v -0.420461 1.658281 -0.344719
v -1.352568 1.980567 0.242813
v -1.553668 3.587805 -0.409973
v -1.717067 -1.076069 0.261124
v -0.295726 -1.346601 -0.168896
v 0.156746 2.477785 -0.363071
v -0.759781 3.042346 0.058350
v -1.385074 3.019397 -0.340130
v -0.295726 -0.298353 -0.168896
v -1.661602 0.060034 0.446194
v -2.367496 -0.879575 0.010933
v -0.236446 -1.423347 -0.357646
v -3.455384 0.331228 -0.805256
v -3.305268 0.529728 -1.010086
v -1.955850 -1.020814 -0.002350
v -2.388439 -0.136158 -0.123734
v -2.145155 -0.135364 -0.057381
v -3.788847 -1.756544 -1.500710
v -0.059823 1.732083 -0.408413
v -0.165298 5.692617 -3.860992
v -1.046706 -2.609266 -1.498032
v 1.832318 27.292667 -0.409225
v 1.021835 26.963045 -1.223690
v 1.826185 28.472967 -0.146626
v 0.242906 28.969362 -0.265770
v 0.696971 27.042601 0.084641
v -0.134915 26.943279 -1.073589
v 0.544523 28.182610 0.216949
v -2.413729 28.460609 -0.261864
v 0.300548 29.316311 0.838627
v -0.105396 30.068716 0.901058
v -2.517952 29.186806 -0.454079
v 0.578299 28.841991 0.293629
v 2.553450 26.027843 -0.561520
v 2.201097 25.660892 -1.696285
v 1.490078 25.555099 -0.306911
v 1.618191 25.325325 -1.587093
v 1.953503 27.017529 -0.255848
v 0.815396 26.816757 0.153976
v 1.850666 27.191124 -0.553078
v 0.883365 25.872772 0.234112
v 2.192111 26.564978 -0.041786
v 1.047590 31.288555 0.112934
v 1.422288 29.569622 0.437222
v 1.682261 30.593424 0.379009
v 1.770092 28.645409 0.226711
v 0.875477 28.558079 0.585255
v 1.029652 28.438564 0.318317
v 0.704471 28.618341 0.124500
v 1.489672 29.406914 0.296661
v -0.096156 29.166031 0.073814
v -0.273152 29.957445 -0.103241
v 4.663272 22.462303 -0.817211
v 2.156590 23.809750 -1.810851
v 3.473134 24.159803 -0.750130
v 2.098913 24.165504 -1.036259
v 3.627510 22.114471 -0.537037
v 3.019341 21.807943 -1.892834
v 2.148795 23.752945 -1.903442
v 2.530766 23.587921 -0.385838
v 0.913075 24.021538 -1.482688
v 1.931372 24.701641 -0.022308
v 1.699455 25.214535 -0.078548
v 0.483997 25.064177 -1.519184
v 2.299276 24.389282 -0.450859
v 2.444126 26.129618 -2.152256
v 2.925066 25.315296 -0.509483
v 3.085314 26.059866 -0.686268
v 3.417429 24.431835 -0.436726
v 2.707689 24.097698 -0.077667
v 2.500622 24.216854 -0.302505
v 2.918468 23.980448 -0.303738
v 2.353219 24.623138 -0.086967
v 2.614212 24.117920 -0.427956
v 2.648659 24.287663 -0.763058
v 2.880843 25.137970 -0.556889
v 1.682256 24.317823 -0.767609
v 1.495272 24.957415 -1.065735
v 2.031760 27.291044 -0.665791
v 2.025627 28.471344 -0.403191
v 1.571409 30.787436 -0.143631
v 1.621730 29.567999 0.180656
v 1.881703 30.591801 0.122444
v 1.969534 28.643785 -0.029854
v 1.644470 29.474037 0.040096
v 1.243511 28.121574 -1.327026
v 2.000798 29.027096 -1.327026
v 2.566783 30.955843 -1.327026
v 2.206275 30.125401 -1.327026
v 2.677486 30.606071 -1.327026
v 2.069183 29.195007 -1.327026
v 2.162878 30.038923 -1.327026
v 2.299666 22.847031 -0.748411
v 5.818944 33.240662 -1.510052
v 7.113606 33.444714 -1.129288
v 7.049924 33.337452 -1.410602
v 7.096950 34.252895 -0.865045
v 5.924072 33.371964 -0.908554
v 6.844334 33.619381 -0.894533
v 6.933242 34.144569 -0.695016
v -6.652556 25.105488 -0.082762
v -1.217290 28.904573 0.849457
v -0.545590 10.165248 -0.690238
v 0.439236 16.636295 -0.657274
v 0.391138 13.221894 -0.491035
v -0.669656 22.041000 0.002971
v -2.780911 16.779629 0.638618
v -3.713791 17.171783 0.372898
v -0.550527 3.313429 -0.465583
v -2.567362 -0.901398 0.002445
v -1.579337 3.770272 0.002445
v 0.621281 26.781528 0.154417
v 1.936120 16.656919 -0.389784
v 2.716616 22.954729 -0.407236
v -0.032835 29.726023 0.841175
v -0.049542 10.244995 -0.367998
v 0.893096 13.222197 -0.149860
v -2.025401 1.456794 0.002445
v -2.496849 1.576895 -0.338730
v -0.970784 8.333711 -0.565647
v -0.274686 8.306725 -0.232630
v 0.787996 25.726376 -0.069500
v 0.564612 25.536476 -0.464344
v -3.777770 -2.728661 -0.408648
v 1.533805 25.239689 -0.151937
v 1.254780 25.082581 -0.532337
v -4.832130 -6.505237 -0.228462
v -2.620043 -6.467218 -1.320436
v -2.569069 -6.052623 -2.505821
v -5.427026 -6.813396 0.620364
v -6.658867 -6.515027 -1.024747
v -6.646815 -6.613599 0.575606
v -4.416550 -5.868991 -4.788019
v -4.740000 -6.917423 -6.164326
v -5.540909 -6.553310 -3.553625
v -7.031569 -6.176454 -6.164326
v -4.318150 -6.073633 -3.121454
v -2.627144 -6.525539 -2.975967
v -2.514932 -5.892582 -6.327926
v -3.485657 -4.478251 -0.721419
v -2.688053 -2.465318 -0.162735
v -2.244673 -2.469296 -0.561287
v -3.288471 -4.478865 -0.095743
v -2.722577 -4.250601 -0.559647
v -2.250356 -4.416982 -1.323349
v -6.803798 -4.749507 0.921120
v -5.260533 -4.515898 0.103309
v -6.658298 -5.658033 0.998708
v -5.222906 -5.494477 0.424861
v -3.681957 -3.838818 -0.020271
v -3.120909 -2.549275 -0.226691
v -2.408088 -3.400845 -0.538116
v -1.950243 -3.495780 -1.456680
v -1.702794 -2.364834 -1.117271
v 0.710708 26.073740 0.011775
v 1.620740 18.586901 -0.436169
v 2.025638 18.498190 -0.011341
v 1.416037 15.129124 0.044239
v 0.941844 15.258200 -0.298130
v 0.609294 14.478347 -0.301346
v 1.033695 14.381344 0.098709
v -0.240984 11.961370 -0.691193
v 0.146611 11.897957 -0.145794
v 0.620518 15.734224 -0.796542
v 20.372025 29.675400 -3.988991
v 19.171093 28.629801 -5.488926
v 16.748253 27.936981 -3.571163
v 20.750418 29.640726 -4.259209
v 18.792284 28.230753 -4.047836
v 26.812088 34.792583 -5.220966
v 26.804131 34.005585 -4.971264
v 28.142776 34.202820 -5.703259
v 27.480352 34.705120 -6.065483
v 20.065308 30.595295 -3.260551
v 23.669510 33.258801 -3.475063
v 24.808006 32.747128 -4.579796
v 22.144119 31.131580 -4.026318
v 20.919916 29.986668 -4.306610
v 25.787472 32.592854 -5.425793
v 16.953032 27.459156 -5.310146
v 18.161135 28.535175 -4.100945
v 18.402027 28.413244 -4.103828
v 26.549004 34.384556 -5.043037
v 16.937719 26.823120 -5.296703
v 25.359350 32.383598 -5.476059
v 23.126530 31.078342 -5.452606
v 23.913366 32.286659 -4.121723
v 22.392513 31.087080 -4.004795
v 24.436079 32.289742 -5.304695
v 24.179052 32.522583 -3.625740
v 15.443509 27.838608 -4.087078
v 16.456936 28.589527 -3.920757
v 15.311073 27.828945 -3.862854
v 20.575481 29.970619 -3.275867
v 15.830088 27.294432 -3.703033
v 16.738464 27.574169 -3.858604
v 16.833521 27.673668 -3.669540
v 14.692882 27.157051 -5.007580
v 15.023107 27.570400 -4.007301
v 15.308365 26.066296 -5.273338
v 16.012739 26.876904 -3.834900
v 15.705423 26.479382 -3.731941
v 16.640079 27.105276 -3.749893
v 21.772411 31.679085 -3.911098
v 17.809471 28.992863 -3.326668
v 19.028694 29.870438 -3.443596
v 23.148335 32.953461 -4.308517
v 26.065714 34.126888 -4.317333
v 24.108047 32.213242 -4.013435
v 17.659437 28.829203 -3.852848
v 21.969627 30.401999 -5.440434
v 17.926859 28.332239 -3.891109
v 19.559452 28.711346 -5.293934
v 27.732035 34.107327 -5.115993
v 18.194075 28.627670 -3.446815
v 19.793667 30.261623 -3.971863
v 16.262264 28.239319 -3.499031
v 19.308647 29.013727 -3.441730
v 18.262714 28.113834 -3.646004
v 26.424763 33.919834 -4.334824
v 25.459833 32.430588 -4.593136
v 56.052761 54.264423 -3.770940
v 55.591114 55.007801 -4.786313
v 53.964191 53.969532 -3.587601
v 55.179436 53.440090 -2.735532
v 53.780987 53.843494 -3.055585
v 55.281643 55.134464 -3.277074
v 55.265774 55.120808 -4.492173
v 53.912273 54.170956 -3.430321
v 54.487560 54.302204 -2.371957
v 53.420574 52.484180 -2.613213
v 53.001621 53.052746 -3.536454
v 49.590900 51.259388 -4.274693
v 52.880512 53.038280 -2.094056
v 52.746819 53.278294 -3.396127
v 50.006306 51.227787 -1.888730
v 49.643909 51.412876 -4.103837
v 47.118214 48.510948 -3.815526
v 46.171993 48.720943 -4.370122
v 48.619183 49.310368 -2.804353
v 48.398838 48.796406 -3.300717
v 47.484501 48.834476 -3.588929
v 47.680401 50.188694 -4.335408
v 47.861446 49.924923 -3.681298
v 48.430023 50.081287 -2.583226
v 46.575680 49.290798 -3.360909
v 45.977493 49.256680 -4.297177
v 46.910019 49.553913 -3.155602
v 47.376896 50.425419 -4.206399
v 47.433617 50.102741 -3.540581
v 48.060108 49.917774 -2.328229
v 47.630890 49.718723 -2.805955
v 47.109676 49.494358 -3.001893
v 47.667065 49.950573 -3.400235
v 48.233139 50.095783 -2.550137
v 50.655155 50.180462 -2.369160
v 47.930302 50.157108 -3.650048
v 49.954220 51.061001 -2.129090
v 50.044804 50.049648 -2.502679
v 49.369335 50.767925 -2.097382
v 49.334019 51.388691 -4.060765
v 47.855694 50.256756 -4.122437
v 48.169907 50.012730 -3.348286
v 48.026196 50.163197 -3.172509
v 52.102734 52.158100 -2.140828
v 52.785740 51.290150 -2.298413
v 53.623653 53.529034 -1.951188
v 53.227207 53.130466 -1.888757
v 53.138165 53.431423 -3.518307
v 52.971043 53.435047 -3.243893
v 53.369205 53.919727 -3.010373
v 49.434742 49.254513 -2.528085
v 48.622654 49.961277 -1.944730
v 48.474827 50.259068 -2.787053
v 51.934261 50.604527 -2.519799
v 50.911213 51.618221 -1.916104
v 51.701061 52.630032 -2.530865
v 52.768761 51.533695 -2.520573
v 50.689434 52.253330 -4.146943
v 50.579990 52.013271 -4.332131
v 51.994457 52.296360 -2.514004
v 53.614765 52.304623 -2.676881
v 54.207592 52.790775 -2.352593
v 53.806553 52.406902 -2.410805
v 55.032459 53.333576 -2.563103
v 54.534649 53.803844 -2.204560
v 54.729439 53.809826 -2.471497
v 53.904732 53.362247 -1.907601
v 54.361870 53.776287 -2.615441
v 54.443752 53.639439 -2.665314
v 54.281139 52.853458 -2.493153
v 51.136734 52.109417 -3.403008
v 51.082233 51.804020 -3.301457
v 52.673794 53.572269 -3.976399
v 52.948685 53.400364 -4.161733
v 53.472355 53.676838 -3.502969
v 52.870144 53.505253 -3.486069
v 52.967800 53.685474 -3.480786
v 53.449043 54.330219 -3.959992
v 52.852436 53.884411 -3.934563
v 53.260601 54.019718 -3.444199
v 52.090302 52.964611 -3.940770
v 52.187901 52.788990 -4.034890
v 52.339283 53.322865 -3.920014
v 52.748489 53.420780 -3.614148
v 52.699696 53.142170 -3.524686
v 52.474430 53.313549 -3.654462
v 53.077351 53.346668 -3.529938
v 53.620739 54.310360 -3.593819
v 50.081936 49.683613 -2.590848
v 49.676220 50.396000 -2.761307
v 49.713688 50.029446 -2.849526
v 57.194641 52.718109 -5.137994
v 55.906181 52.430832 -5.137994
v 54.904243 50.528778 -5.137994
v 48.031593 47.316502 -5.137994
v 49.532524 48.115974 -5.137994
v 49.312210 47.601959 -5.137994
v 48.397877 47.640030 -5.137994
v 52.153500 48.229576 -5.137994
v 51.230476 48.580467 -5.137994
v 54.669758 50.041298 -5.137994
v 50.348221 48.060135 -5.137994
v 53.818386 49.355743 -5.137994
v 54.652786 50.284851 -5.137994
v 55.044918 50.314400 -5.137994
v 55.618969 51.428127 -5.137994
v 55.365993 50.288643 -5.137994
v 55.759407 52.324455 -5.137994
v 55.692520 51.490803 -5.137994
v 50.995312 48.489166 -5.137994
v 47.199905 47.245003 -5.137994
v 50.727596 48.566078 -5.137994
v 49.020836 48.785118 -3.830604
v 49.863174 48.694336 -3.752169
v 50.497982 49.139538 -3.751082
v 50.011738 48.479214 -3.856741
v 52.781002 50.240952 -3.672574
v 51.223961 49.451035 -3.583596
v 53.756195 50.749249 -3.560796
v 50.931129 49.412968 -3.697330
v 52.970329 49.974049 -3.773798
v 51.380573 49.235939 -3.709687
v 44.553581 46.784470 -3.306015
v 44.091934 47.527843 -4.321388
v 42.465012 46.489578 -4.219402
v 43.680256 45.960136 -3.367332
v 42.281811 46.363541 -3.687386
v 43.782467 47.654510 -2.812149
v 43.766594 47.640854 -4.027248
v 42.413097 46.690998 -4.062122
v 42.988380 46.822250 -3.003757
v 42.220253 46.681114 -3.724785
v 41.974941 45.038998 -3.245014
v 41.511314 45.578548 -4.168255
v 42.124474 46.049080 -2.582989
v 41.728027 45.650513 -2.520557
v 41.638985 45.951469 -4.150108
v 41.471867 45.955093 -3.875694
v 41.870026 46.439774 -3.642174
v 42.703072 46.073463 -3.127987
v 46.934093 47.932453 -3.667973
v 46.584980 48.301044 -6.273731
v 46.125271 48.769344 -3.413364
v 46.098099 48.900383 -6.207115
v 44.813271 46.935719 -3.353546
v 44.011223 47.767555 -2.943722
v 44.513203 47.032902 -3.856987
v 44.002991 47.772614 -4.690842
v 45.443699 48.702030 -3.369541
v 46.397671 47.569904 -3.645439
v 42.115585 44.824669 -3.308681
v 42.708412 45.310818 -2.984394
v 42.307373 44.926949 -3.042606
v 43.533279 45.853622 -3.194904
v 43.035469 46.323891 -2.836361
v 42.746464 46.260586 -3.093662
v 43.230259 46.329872 -3.103298
v 42.529842 45.963005 -2.711002
v 42.862690 46.296329 -3.247242
v 42.944572 46.159485 -3.297115
v 42.781963 45.373501 -3.124954
v 41.892040 46.403854 -3.347801
v 41.490227 45.947441 -3.524857
v 41.613651 46.027008 -4.793533
v 41.973179 46.196884 -4.134769
v 41.370968 46.025295 -4.117870
v 41.468620 46.205517 -4.112587
v 43.692177 47.956264 -4.551010
v 41.949863 46.850266 -4.591793
v 41.353256 46.404453 -4.566364
v 41.761425 46.539764 -4.076000
v 41.578171 45.866711 -4.161739
v 42.121559 46.830402 -4.225620
v 45.793564 48.966572 -6.204964
v 44.571075 46.915771 -4.884560
v 43.781853 45.833847 -4.884560
v 46.784485 47.921902 -4.884560
v 44.849239 47.029388 -4.884560
v 44.654995 46.975945 -4.884560
v 46.202755 47.637642 -4.884560
v 42.030933 45.195293 -4.884560
v 43.008972 45.185104 -4.884560
v 42.345314 45.125164 -4.884560
v 44.470108 47.202145 -4.884560
v 40.192078 43.432079 -4.875144
v 39.893127 43.839088 -2.858947
v 62.587631 58.434570 -2.613206
v 62.168678 59.003136 -3.536446
v 58.757957 57.209778 -4.274686
v 62.047569 58.988670 -2.094048
v 61.913872 59.228683 -3.396119
v 59.173363 57.178177 -1.888722
v 58.810966 57.363266 -4.103829
v 56.285271 54.461342 -3.815518
v 55.339050 54.671333 -4.370114
v 57.786240 55.260757 -2.804345
v 57.565895 54.746796 -3.300709
v 56.651558 54.784866 -3.588921
v 56.847458 56.139084 -4.335401
v 57.028503 55.875313 -3.681290
v 57.597076 56.031677 -2.583218
v 55.742737 55.241188 -3.360902
v 55.144547 55.207069 -4.297170
v 56.077072 55.504303 -3.155595
v 56.543953 56.375809 -4.206391
v 56.600670 56.053131 -3.540574
v 57.227165 55.868164 -2.328221
v 56.797943 55.669113 -2.805947
v 56.276733 55.444748 -3.001885
v 56.834122 55.900963 -3.400227
v 57.400192 56.046173 -2.550130
v 59.822212 56.130852 -2.369153
v 57.097359 56.107498 -3.650040
v 59.121277 57.011391 -2.129082
v 59.211861 56.000038 -2.502671
v 58.536392 56.718315 -2.097375
v 58.501076 57.339081 -4.060758
v 57.022751 56.207146 -4.122430
v 57.336960 55.963120 -3.348279
v 57.193253 56.113586 -3.172501
v 61.269791 58.108490 -2.140820
v 61.952797 57.240540 -2.298405
v 58.601799 55.204903 -2.528077
v 57.789711 55.911667 -1.944722
v 57.641884 56.209457 -2.787045
v 61.101318 56.554916 -2.519791
v 60.078270 57.568611 -1.916096
v 60.868118 58.580421 -2.530858
v 61.935814 57.484085 -2.520566
v 59.856491 58.203720 -4.146935
v 59.747047 57.963661 -4.332124
v 61.161514 58.246750 -2.513997
v 60.303787 58.059807 -3.403001
v 60.249290 57.754410 -3.301450
v 61.840851 59.522659 -3.976392
v 62.115738 59.350754 -4.161725
v 61.257355 58.915001 -3.940762
v 61.354958 58.739380 -4.034883
v 61.506340 59.273254 -3.920007
v 61.915543 59.371170 -3.614140
v 61.866753 59.092560 -3.524678
v 61.641487 59.263939 -3.654454
v 59.248993 55.634003 -2.590840
v 58.843277 56.346390 -2.761300
v 58.880745 55.979836 -2.849519
v 57.198647 53.266891 -5.137986
v 58.699577 54.066368 -5.137986
v 58.479263 53.552353 -5.137986
v 57.564934 53.590424 -5.137986
v 61.320557 54.179970 -5.137986
v 60.397530 54.530861 -5.137986
v 62.811756 55.897232 -5.137986
v 59.515274 54.010529 -5.137986
v 61.960384 55.211678 -5.137986
v 60.162369 54.439560 -5.137986
v 56.366959 53.195396 -5.137986
v 59.894653 54.516472 -5.137986
v 58.187889 54.735512 -3.830597
v 59.030228 54.644730 -3.752161
v 59.665039 55.089928 -3.751075
v 59.178795 54.429604 -3.856734
v 60.923000 56.096886 -3.672566
v 60.391014 55.401428 -3.583589
v 61.898190 56.605179 -3.560788
v 60.098183 55.363358 -3.697322
v 61.112324 55.829979 -3.773791
v 60.547630 55.186333 -3.709679
v 11.872137 28.231350 -1.361130
v -0.097069 29.697868 0.569222
v -1.182801 28.947157 0.474442
v -6.668521 24.804159 -0.097642
v -0.992706 29.507414 0.669762
v -0.910009 29.393295 0.490097
v -2.558323 27.985813 0.603836
v -2.606575 27.906542 0.317913
v -1.902849 28.621559 0.738981
v -1.866391 28.551544 0.401920
vt 1.402133 1.368492
vt 1.454961 1.346606
vt 1.345638 1.425539
vt 1.329834 1.425132
vt 1.301120 1.402633
vt 1.399219 1.393736
vt 1.401252 1.366889
vt 1.438818 1.353158
vt 1.338204 1.420282
vt 1.408946 1.470960
vt 1.332498 1.427375
vt 1.305928 1.406514
vt 1.408498 1.451514
vt 1.399956 1.343464
vt 1.462878 1.509601
vt 1.518760 1.537760
vt 1.328192 1.424013
vt 1.285233 1.390292
vt 1.398142 1.395294
vt 1.254087 1.365858
vt 1.447801 1.392532
vt 1.463758 1.368948
vt 1.403819 1.346921
vt 1.398775 1.386758
vt 1.406542 1.469246
vt 1.402320 1.466217
vt 1.400717 1.465069
vt 1.327913 1.423786
vt 1.293035 1.396410
vt 1.244875 1.358610
vt -0.843874 1.269128
vt -0.886384 1.051681
vt -0.767084 1.131483
vt -1.053983 1.028612
vt -1.052333 1.324090
vt -1.102908 1.297274
vt -1.359508 0.816280
vt -1.367582 0.802336
vt -1.358625 0.722122
vt -1.216109 1.068686
vt -1.163234 0.912996
vt -1.081965 0.991571
vt -0.913970 1.054432
vt -0.785629 1.166580
vt -0.933445 1.153489
vt -0.977766 1.267196
vt -0.940632 1.358165
vt -0.940112 1.219899
vt -0.910025 1.204615
vt -1.196644 1.276742
vt -1.341316 0.851754
vt -1.253388 1.116649
vt -1.347216 1.054758
vt -1.091223 1.386567
vt -0.988394 1.409947
vt -1.035411 1.428808
vt -1.993222 0.794512
vt -2.002210 0.757154
vt -1.965565 0.705788
vt -1.708324 0.790365
vt -1.756867 0.571221
vt -1.610903 0.634420
vt -1.279801 1.147782
vt -1.288247 1.211710
vt -1.436820 0.851273
vt -1.454442 0.767217
vt -1.400472 0.849813
vt -1.208391 1.036444
vt -1.596906 0.626567
vt -1.420896 0.654510
vt -1.434652 0.707816
vt -0.956156 1.312989
vt -0.928366 1.079081
vt -0.905290 1.306649
vt -0.964924 1.382832
vt -1.106216 1.317094
vt -2.047871 0.678929
vt -2.069534 0.645737
vt -2.040838 0.628407
vt -2.028064 0.649508
vt -2.002772 0.705321
vt -1.495819 0.882817
vt -1.580516 0.813879
vt -1.583118 0.659719
vt -1.430812 0.819416
vt -1.448851 0.772197
vt -1.387306 0.775845
vt -1.325937 0.807384
vt -1.314742 0.780140
vt -1.302853 0.821205
vt -1.401432 0.893924
vt -1.367991 0.905834
vt -1.349180 0.805208
vt -1.343627 0.752676
vt -0.860931 1.296207
vt -1.767941 0.780992
vt -1.345587 0.840519
vt -0.889740 1.171577
vt -0.815984 1.261268
vt -1.086767 1.368261
vt -1.086864 1.281834
vt -1.082407 1.263530
vt -1.931056 0.728874
vt -1.932754 0.536150
vt -1.994905 0.601799
vt -1.963133 0.518371
vt -1.934167 0.504055
vt -1.929151 0.556088
vt -1.959543 0.564176
vt -1.999312 0.529482
vt -2.024783 0.449532
vt -2.017079 0.457532
vt -1.994281 0.501276
vt -2.211551 0.368097
vt -2.050031 0.591188
vt -2.192008 0.450980
vt -1.412402 1.099410
vt -1.446338 1.076967
vt -1.419852 1.030901
vt -1.385913 1.071412
vt -1.383773 1.060736
vt -1.410261 1.088732
vt -1.563314 0.578270
vt -1.783666 0.577475
vt -1.293559 0.819397
vt -1.171585 0.919203
vt -1.367635 0.856211
vt -1.599984 0.814915
vt -0.869596 1.309157
vt -0.928090 1.168224
vt -1.132945 1.363815
vt -1.145836 1.392375
vt -0.839146 1.303237
vt -1.453131 1.052414
vt -1.324103 1.153235
vt -1.250767 1.326162
vt -1.324791 1.226444
vt -1.472369 0.954852
vt -1.373021 0.846892
vt -0.973535 1.310260
vt -1.531893 0.944845
vt -1.624008 0.858666
vt -1.411805 0.801691
vt -1.078277 0.980343
vt -0.953667 1.208416
vt -0.921619 1.329757
vt -1.383224 0.818827
vt -2.069337 0.717198
vt -2.004199 0.735574
vt -2.025257 0.642800
vt -2.083354 0.654779
vt -2.234557 0.498600
vt -1.645813 0.868350
vt -1.767655 0.887985
vt -1.630882 0.832929
vt -1.813784 0.856503
vt -1.827942 0.619730
vt -2.039695 0.595757
vt -1.612546 0.643055
vt -1.378129 0.824052
vt -1.493886 0.924919
vt -1.132945 1.363815
vt -1.383127 0.722752
vt -0.838685 1.301802
vt -0.785168 1.165145
vt -2.040838 0.628407
vt -2.039695 0.595757
vt -2.025257 0.642800
vt -2.028064 0.649508
vt -2.002772 0.705321
vt -2.004199 0.735574
vt -1.486227 0.920211
vt -1.493886 0.924919
vt -1.472369 0.954852
vt -0.928090 1.168224
vt -0.869596 1.309157
vt -0.860931 1.296207
vt -0.910025 1.204615
vt -1.475591 0.944226
vt -1.455991 1.021601
vt -1.453131 1.052414
vt -1.448851 0.772197
vt -1.583118 0.659719
vt -1.612546 0.643055
vt -1.454442 0.767217
vt -1.599984 0.814915
vt -1.610903 0.634420
vt -1.345587 0.840519
vt -1.341316 0.851754
vt -1.373021 0.846892
vt -1.630882 0.832929
vt -1.302853 0.821205
vt -1.293559 0.819397
vt -1.359508 0.816280
vt -1.362207 0.726552
vt -1.383127 0.722752
vt -1.378129 0.824052
vt -1.086767 1.368261
vt -0.973535 1.310260
vt -0.988394 1.409947
vt -1.411805 0.801691
vt -1.400472 0.849813
vt -1.383224 0.818827
vt -1.367635 0.856211
vt -0.815984 1.261268
vt -0.767084 1.131483
vt -0.785629 1.166580
vt -0.953667 1.208416
vt -0.940112 1.219899
vt -1.495819 0.882817
vt -1.430812 0.819416
vt -1.436820 0.851273
vt -1.347216 1.054758
vt -1.383773 1.060736
vt -0.964924 1.382832
vt -1.324103 1.153235
vt -1.288247 1.211710
vt -1.324791 1.226444
vt -1.078277 0.980343
vt -1.053983 1.028612
vt -1.102908 1.297274
vt -1.279801 1.147782
vt -1.531893 0.944845
vt -0.886384 1.051681
vt -0.889740 1.171577
vt -0.913970 1.054432
vt -0.839146 1.303237
vt -0.956156 1.312989
vt -0.785168 1.165145
vt -2.211551 0.368097
vt -2.192008 0.450980
vt -2.234557 0.498600
vt -1.367991 0.905834
vt -2.069534 0.645737
vt -2.083354 0.654779
vt -1.385913 1.071412
vt -1.932754 0.536150
vt -1.931056 0.728874
vt -1.929151 0.556088
vt -1.934167 0.504055
vt -2.050031 0.591188
vt -1.994281 0.501276
vt -1.999312 0.529482
vt -1.517787 0.938753
vt -2.024783 0.449532
vt -2.017079 0.457532
vt -1.349180 0.805208
vt -1.346737 0.754954
vt -1.624008 0.858666
vt -1.580516 0.813879
vt -1.410261 1.088732
vt -0.933445 1.153489
vt -2.069337 0.717198
vt -0.977766 1.267196
vt -1.373904 0.805015
vt -2.002210 0.757154
vt -1.401432 0.893924
vt -1.419852 1.030901
vt -1.434652 0.707816
vt -1.385699 0.762010
vt -1.596906 0.626567
vt -1.959543 0.564176
vt -2.047871 0.678929
vt -1.645813 0.868350
vt -1.783666 0.577475
vt -1.767941 0.780992
vt -1.813784 0.856503
vt -1.827942 0.619730
vt -1.446338 1.076967
vt -0.940632 1.358165
vt -1.208391 1.036444
vt -1.253388 1.116649
vt -1.052333 1.324090
vt -1.517960 1.005241
vt -1.325937 0.807384
vt -0.928366 1.079081
vt -1.106216 1.317094
vt -1.081965 0.991571
vt -1.216109 1.068686
vt -1.171585 0.919203
vt -1.163234 0.912996
vt -1.499805 0.975823
vt -1.767655 0.887985
vt -1.965565 0.705788
vt -1.963133 0.518371
vt -1.145836 1.392375
vt -1.250767 1.326162
vt -0.921619 1.329757
vt -1.132945 1.363815
vt -0.843874 1.269128
vt -1.132945 1.363815
vt -1.708324 0.790365
vt -1.196644 1.276742
vt -0.905290 1.306649
vt -1.091223 1.386567
vt -1.412402 1.099410
vt -1.993222 0.794512
vt -1.035411 1.428808
vt -1.086864 1.281834
vt -1.082407 1.263530
vt -1.756867 0.571221
vt -1.314742 0.780140
vt -1.420896 0.654510
vt -1.563314 0.578270
vt -2.040838 0.628407
vt -2.039695 0.595757
vt -2.025257 0.642800
vt -2.028064 0.649508
vt -2.002772 0.705321
vt -2.004199 0.735574
vt -1.486227 0.920211
vt -1.493886 0.924919
vt -1.472369 0.954852
vt -0.928090 1.168224
vt -0.869596 1.309157
vt -0.860931 1.296207
vt -0.910025 1.204615
vt -1.475591 0.944226
vt -1.455991 1.021601
vt -1.453131 1.052414
vt -1.448851 0.772197
vt -1.583118 0.659719
vt -1.612546 0.643055
vt -1.454442 0.767217
vt -1.599984 0.814915
vt -1.610903 0.634420
vt -1.345587 0.840519
vt -1.341316 0.851754
vt -1.373021 0.846892
vt -1.630882 0.832929
vt -1.302853 0.821205
vt -1.293559 0.819397
vt -1.359508 0.816280
vt -1.358625 0.722122
vt -1.383127 0.722752
vt -1.378129 0.824052
vt -0.928090 1.168224
vt -0.869596 1.309157
vt -0.860931 1.296207
vt -0.910025 1.204615
vt -1.293559 0.819397
vt -1.086767 1.368261
vt -0.973535 1.310260
vt -0.988394 1.409947
vt -1.411805 0.801691
vt -1.400472 0.849813
vt -1.383224 0.818827
vt -1.367635 0.856211
vt -0.815984 1.261268
vt -0.767084 1.131483
vt -0.785629 1.166580
vt -0.953667 1.208416
vt -0.940112 1.219899
vt -1.495819 0.882817
vt -1.430812 0.819416
vt -1.436820 0.851273
vt -1.347216 1.054758
vt -1.383773 1.060736
vt -0.964924 1.382832
vt -1.324103 1.153235
vt -1.288247 1.211710
vt -1.324791 1.226444
vt -1.078277 0.980343
vt -1.053983 1.028612
vt -1.102908 1.297274
vt -1.279801 1.147782
vt -1.531893 0.944845
vt -0.886384 1.051681
vt -0.889740 1.171577
vt -0.913970 1.054432
vt -0.839146 1.303237
vt -0.785629 1.166580
vt -1.324791 1.226444
vt -1.324103 1.153235
vt -0.953667 1.208416
vt -0.839146 1.303237
vt -0.956156 1.312989
vt -2.211551 0.368097
vt -2.192008 0.450980
vt -2.234557 0.498600
vt -1.367991 0.905834
vt -2.069534 0.645737
vt -2.083354 0.654779
vt -1.385913 1.071412
vt -1.932754 0.536150
vt -1.931056 0.728874
vt -1.929151 0.556088
vt -1.934167 0.504055
vt -2.050031 0.591188
vt -1.994281 0.501276
vt -1.999312 0.529482
vt -1.517787 0.938753
vt -2.024783 0.449532
vt -2.017079 0.457532
vt -1.349180 0.805208
vt -1.343627 0.752676
vt -1.624008 0.858666
vt -1.580516 0.813879
vt -1.410261 1.088732
vt -1.086767 1.368261
vt -0.973535 1.310260
vt -0.988394 1.409947
vt -0.815984 1.261268
vt -0.767084 1.131483
vt -0.940112 1.219899
vt -0.964924 1.382832
vt -1.288247 1.211710
vt -1.078277 0.980343
vt -1.053983 1.028612
vt -1.102908 1.297274
vt -1.279801 1.147782
vt -0.886384 1.051681
vt -0.889740 1.171577
vt -0.913970 1.054432
vt -0.956156 1.312989
vt -1.132945 1.363815
vt -0.933445 1.153489
vt -2.069337 0.717198
vt -0.977766 1.267196
vt -1.367582 0.802336
vt -2.002210 0.757154
vt -1.401432 0.893924
vt -1.419852 1.030901
vt -1.434652 0.707816
vt -0.921619 1.329757
vt -1.383773 1.060736
vt -1.387306 0.775845
vt -1.596906 0.626567
vt -1.959543 0.564176
vt -2.047871 0.678929
vt -1.645813 0.868350
vt -1.783666 0.577475
vt -1.767941 0.780992
vt -1.813784 0.856503
vt -1.446338 1.076967
vt -0.940632 1.358165
vt -1.208391 1.036444
vt -1.253388 1.116649
vt -1.052333 1.324090
vt -1.517960 1.005241
vt -1.325937 0.807384
vt -0.928366 1.079081
vt -1.106216 1.317094
vt -1.081965 0.991571
vt -1.216109 1.068686
vt -1.171585 0.919203
vt -1.163234 0.912996
vt -1.499805 0.975823
vt -1.767655 0.887985
vt -1.965565 0.705788
vt -1.963133 0.518371
vt -1.145836 1.392375
vt -1.250767 1.326162
vt -0.921619 1.329757
vt -1.132945 1.363815
vt -0.933445 1.153489
vt -0.977766 1.267196
vt -0.940632 1.358165
vt -1.208391 1.036444
vt -1.253388 1.116649
vt -1.052333 1.324090
vt -0.928366 1.079081
vt -1.106216 1.317094
vt -1.081965 0.991571
vt -1.347216 1.054758
vt -1.216109 1.068686
vt -1.171585 0.919203
vt -1.163234 0.912996
vt -1.145836 1.392375
vt -1.250767 1.326162
vt -0.843874 1.269128
vt -1.035411 1.428808
vt -1.091223 1.386567
vt -0.905290 1.306649
vt -1.196644 1.276742
vt -1.132945 1.363815
vt -1.708324 0.790365
vt -1.196644 1.276742
vt -0.905290 1.306649
vt -1.091223 1.386567
vt -1.412402 1.099410
vt -1.993222 0.794512
vt -1.035411 1.428808
vt -0.843874 1.269128
vt -1.132945 1.363815
vt -1.086864 1.281834
vt -1.082407 1.263530
vt -1.341316 0.851754
vt -1.756867 0.571221
vt -1.314742 0.780140
vt -1.420896 0.654510
vt -1.563314 0.578270
vt -1.086864 1.281834
vt -1.082407 1.263530
vt 0.129788 1.626526
vt 1.201776 0.625236
vt 1.202570 0.626123
vt 0.371160 1.413369
vt 0.148033 1.619426
vt 1.755605 1.245538
vt 0.948915 2.021125
vt 1.619800 1.371775
vt 1.048344 1.914895
vt 1.918980 1.427174
vt 1.942178 1.452857
vt 1.519295 1.852167
vt 1.696379 1.645658
vt 1.620713 2.115889
vt 2.118641 1.650716
vt 1.691285 2.053638
vt 2.116602 1.648100
vt 1.637305 1.113017
vt 0.471618 2.211913
vt 1.634055 1.109388
vt 0.553882 2.140103
vt 0.648422 1.686853
vt 0.745321 1.555728
vt 1.441693 0.895099
vt 1.461649 0.916170
vt 1.494359 1.642131
vt 1.568011 1.575447
vt 1.585838 1.537671
vt 1.667626 1.147048
vt 0.617441 2.143623
vt 0.604144 2.156248
vt 1.667593 1.147010
vt 2.009238 1.684361
vt 1.591217 2.007268
vt 1.673028 2.004576
vt 1.184266 0.608763
vt 0.091022 1.623218
vt 1.243487 0.673504
vt 0.247321 1.618285
vt 1.238536 0.667975
vt 0.164589 1.687010
vt 1.277448 0.711415
vt 0.335992 1.603979
vt 1.844300 1.632719
vt 1.745807 1.715832
vt 1.845758 1.620862
vt 1.669057 1.806991
vt 0.453463 2.093311
vt 1.542167 1.026914
vt 1.558168 1.044780
vt 0.465275 2.048882
vt 1.474790 0.931069
vt 1.495266 0.953933
vt 0.574913 1.826927
vt 0.614481 1.746737
vt 1.508400 0.969098
vt 0.484259 1.939896
vt 1.720199 1.204033
vt 0.682646 2.191123
vt 1.715231 1.198485
vt 0.641749 2.219864
vt 1.753129 1.242651
vt 0.930775 2.021380
vt 1.604996 1.075037
vt 0.520625 2.103300
vt 1.393680 0.841203
vt 0.457957 1.728300
vt 1.369345 0.814029
vt 0.458652 1.677223
vt 0.445671 1.683184
vt 1.365989 0.810070
vt 1.400510 0.848853
vt 0.530090 1.673603
vt 1.460721 0.910690
vt 0.688924 1.639676
vt 1.214078 0.640663
vt 0.125564 1.673619
vt 0.093670 1.698663
vt 1.211492 0.637542
vt 0.312287 1.643695
vt 1.285670 0.720579
vt 1.326777 0.766479
vt 0.412379 1.633278
vt 1.277584 0.711500
vt 0.366219 1.575653
vt 0.434803 1.648593
vt 1.344536 0.786331
vt 1.802700 1.296932
vt 1.078133 2.029727
vt 1.055673 2.014371
vt 1.820472 1.316767
vt 2.035626 1.551728
vt 1.975124 1.652637
vt 1.870108 1.371676
vt 1.283330 1.925475
vt 1.845785 1.344517
vt 1.284042 1.874415
vt 1.592246 1.971940
vt 1.245875 1.904047
vt 1.842169 1.341789
vt 1.903003 1.523317
vt 1.924753 1.547414
vt 1.512321 1.931439
vt 1.483159 1.913890
vt 1.990994 1.506723
vt 1.602753 1.870287
vt 2.182945 1.685145
vt 1.733986 2.078738
vt 1.878001 1.380305
vt 1.205890 2.019801
vt 1.618466 1.508609
vt 1.602339 1.519349
vt 1.939926 1.439220
vt 1.433145 1.907459
vt 1.692358 1.173259
vt 0.602706 2.206453
vt 0.570794 2.231475
vt 1.688975 1.170579
vt 1.761378 1.252029
vt 1.547577 1.012565
vt 0.444641 2.014879
vt 1.526271 0.988775
vt 1.212483 0.637464
vt 0.367459 1.429909
vt 0.097181 1.677463
vt 0.396711 1.415070
vt 0.479026 2.026191
vt 0.793108 1.346632
vt 1.352775 0.795537
vt 0.771411 1.338006
vt 0.469022 1.632971
vt 0.639889 1.453404
vt 1.346679 0.788655
vt 1.674710 1.154485
vt 1.341781 0.783274
vt 1.951885 1.623215
vt 1.586903 1.925356
vt 1.930700 1.599551
vt 1.620528 1.937074
vt 1.819789 1.315435
vt 0.567953 2.203182
vt 1.268481 1.853000
vt 1.801050 1.313637
vt -2.040838 0.628407
vt -2.039695 0.595757
vt -2.025257 0.642800
vt -2.028064 0.649508
vt -2.002772 0.705321
vt -2.004199 0.735574
vt -1.486227 0.920211
vt -1.493886 0.924919
vt -1.472369 0.954852
vt -0.928090 1.168224
vt -0.869596 1.309157
vt -0.860931 1.296207
vt -0.910025 1.204615
vt -1.475591 0.944226
vt -1.455991 1.021601
vt -1.453131 1.052414
vt -1.466666 0.783149
vt -1.586279 0.626329
vt -1.612546 0.643055
vt -1.426214 0.791391
vt -1.599984 0.814915
vt -1.603689 0.591540
vt -1.341316 0.851754
vt -1.341316 0.851754
vt -1.373021 0.846892
vt -1.630882 0.832929
vt -1.382981 0.699386
vt -0.928090 1.168224
vt -0.869596 1.309157
vt -0.871925 1.250855
vt -0.906889 1.218361
vt -1.086767 1.368261
vt -0.973535 1.310260
vt -0.988394 1.409947
vt -1.411808 0.835743
vt -1.402966 0.847155
vt -1.378157 0.833716
vt -1.373665 0.813465
vt -0.815984 1.261268
vt -0.767688 1.078764
vt -0.749144 1.090615
vt -0.953667 1.208416
vt -0.940112 1.219899
vt -1.495819 0.882817
vt -1.430812 0.819416
vt -1.436820 0.851273
vt -1.347216 1.054758
vt -1.383773 1.060736
vt -0.964924 1.382832
vt -1.324103 1.153235
vt -1.288247 1.211710
vt -1.324791 1.226444
vt -1.008785 1.055060
vt -1.102908 1.297274
vt -1.279801 1.147782
vt -1.531893 0.944845
vt -0.814466 0.956908
vt -0.889740 1.171577
vt -0.870847 0.930402
vt -0.839146 1.303237
vt -0.785629 1.166580
vt -0.785168 1.165145
vt -0.953667 1.208416
vt -0.839146 1.303237
vt -0.956156 1.312989
vt -2.152190 0.296899
vt -2.180584 0.458520
vt -2.234557 0.498600
vt -1.364136 0.829242
vt -2.069534 0.645737
vt -2.083354 0.654779
vt -1.385913 1.071412
vt -1.930045 0.492208
vt -1.931056 0.728874
vt -1.929771 0.500833
vt -1.933890 0.477393
vt -2.052396 0.585453
vt -2.001456 0.395060
vt -1.999312 0.529482
vt -1.517787 0.938753
vt -2.024749 0.395590
vt -2.017079 0.457532
vt -1.305742 0.818639
vt -1.624008 0.858666
vt -1.580516 0.813879
vt -1.410261 1.088732
vt -1.086767 1.368261
vt -0.973535 1.310260
vt -0.988394 1.409947
vt -0.791954 1.220345
vt -0.702970 1.012977
vt -0.896848 1.242009
vt -0.964924 1.382832
vt -1.324103 1.153235
vt -1.271170 1.241755
vt -1.324791 1.226444
vt -1.078277 0.980343
vt -0.919297 1.183608
vt -1.077111 1.353040
vt -1.267372 1.193049
vt -0.736762 0.990671
vt -0.823009 1.167844
vt -0.913970 1.054432
vt -0.937665 1.336651
vt -0.933445 1.153489
vt -0.977766 1.267196
vt -1.391898 0.819811
vt -1.419852 1.030901
vt -1.922833 0.525251
vt -2.069337 0.717198
vt -2.047871 0.678929
vt -1.645813 0.868350
vt -1.729271 0.427260
vt -1.767941 0.780992
vt -1.813784 0.856503
vt -1.827942 0.619730
vt -1.446338 1.076967
vt -0.940632 1.358165
vt -1.198742 1.027674
vt -1.253388 1.116649
vt -1.052333 1.324090
vt -1.341327 0.829109
vt -0.903668 0.987403
vt -1.106216 1.317094
vt -1.093796 0.920220
vt -1.206797 1.012153
vt -1.182188 0.928969
vt -1.181015 0.929042
vt -1.499805 0.975823
vt -1.517960 1.005241
vt -1.965565 0.705788
vt -2.002210 0.757154
vt -1.901180 0.448839
vt -0.941125 1.070597
vt -0.967951 1.231084
vt -1.383773 1.060736
vt -0.946878 1.331921
vt -1.208258 0.999156
vt -1.242473 1.138140
vt -1.048475 1.309708
vt -0.950843 1.036132
vt -0.915611 1.696579
vt -1.126704 0.815804
vt -1.324816 1.051461
vt -1.213433 1.024729
vt -1.161940 0.817833
vt -1.152709 0.796777
vt -0.843874 1.269128
vt -1.035411 1.428808
vt -1.091223 1.386567
vt -0.921619 1.329757
vt -0.904205 1.296974
vt -1.250767 1.326162
vt -1.203031 1.237472
vt -1.145836 1.392375
vt -1.132945 1.363815
vt -1.132945 1.363815
vt -1.708324 0.790365
vt -1.767655 0.887985
vt -1.196644 1.276742
vt -1.250767 1.326162
vt -1.145836 1.392375
vt -0.921619 1.329757
vt -0.905290 1.306649
vt -1.132945 1.363815
vt -1.091223 1.386567
vt -1.412402 1.099410
vt -1.993222 0.794512
vt -1.035411 1.428808
vt -0.840176 1.209308
vt -1.132945 1.363815
vt -1.086864 1.281834
vt -1.082407 1.263530
vt -1.367779 0.968517
vt -1.723852 0.542585
vt -1.994905 0.601799
vt -1.285259 0.786233
vt -1.347995 1.057132
vt -1.342194 0.853517
vt -2.040838 0.628407
vt -2.019973 0.653800
vt -2.039695 0.595757
vt -2.028064 0.649508
vt -2.002772 0.705321
vt -2.004199 0.735574
vt -1.488962 0.932131
vt -1.466967 0.942308
vt -1.487348 0.920545
vt -1.476089 0.953167
vt -1.435161 1.032968
vt -1.455130 1.045175
vt -1.612546 0.643055
vt -1.535110 0.574532
vt -1.599984 0.814915
vt -1.606443 0.607645
vt -1.630882 0.832929
vt -1.215253 0.767190
vt -1.376472 0.736388
vt -1.495819 0.882817
vt -1.436820 0.851273
vt -1.337173 0.579537
vt -1.531893 0.944845
vt -2.185029 0.329534
vt -2.234557 0.498600
vt -2.192008 0.450980
vt -1.372438 0.907781
vt -2.069534 0.645737
vt -2.083354 0.654779
vt -1.385913 1.071412
vt -1.932754 0.536150
vt -1.929535 0.553917
vt -1.931056 0.728874
vt -1.934190 0.496370
vt -2.050031 0.591188
vt -1.999312 0.529482
vt -1.977113 0.478555
vt -1.517787 0.938753
vt -2.015579 0.461417
vt -2.017079 0.457532
vt -1.624008 0.858666
vt -1.580516 0.813879
vt -1.407959 1.078279
vt -1.401432 0.893924
vt -1.419852 1.030901
vt -1.959543 0.564176
vt -2.069337 0.717198
vt -2.047871 0.678929
vt -1.645813 0.868350
vt -1.783666 0.577475
vt -1.813784 0.856503
vt -1.767941 0.780992
vt -1.827942 0.619730
vt -1.446338 1.076967
vt -1.517960 1.005241
vt -1.499805 0.975823
vt -1.965565 0.705788
vt -2.002210 0.757154
vt -1.882117 0.447091
vt -1.767655 0.887985
vt -1.708324 0.790365
vt -1.412402 1.099410
vt -1.993222 0.794512
vt -1.682144 0.548557
vt -1.994905 0.601799
vt -1.624994 0.858558
vt -1.532878 0.944737
vt -1.518828 1.001495
vt -1.410541 1.088620
vt -1.412682 1.099298
vt -1.447314 1.073798
vt -1.454107 1.049245
vt -1.625312 0.858334
vt -1.533198 0.944513
vt -1.519814 0.997604
vt -1.410465 1.088107
vt -1.412607 1.098785
vt -1.448173 1.070712
vt -1.454965 1.046159
vt 1.401496 1.365654
vt -1.626134 0.627826
vt 1.084723 -1.739062
vt 1.071337 -1.735694
vt 1.226789 -1.798577
vt 1.064277 -1.722896
vt 1.052478 -1.717701
vt 1.064592 -1.712443
vt 1.060194 -1.709579
vt 1.045521 -1.718995
vt 1.045495 -1.722482
vt 1.069059 -1.701160
vt 1.058635 -1.695121
vt 1.065682 -1.709685
vt 1.077092 -1.704865
vt 1.191689 -1.774104
vt 1.129454 -1.740556
vt 1.136600 -1.744730
vt 1.195017 -1.773914
vt 1.285349 1.390383
vt 1.464631 1.509953
vt 1.316459 1.414804
vt 1.486673 1.524083
vt 1.446626 1.352163
vt 1.423036 1.355889
vt 1.447097 1.392346
vt 1.466573 1.367735
vt 1.447829 1.364256
vt 1.448973 1.389598
vt 1.402271 1.358799
vt 1.400167 1.377385
vt 1.441290 1.380314
vt 1.436129 1.348669
vt 1.470961 1.504720
vt 1.397582 1.400487
vt 1.450673 1.344581
vt 1.459143 1.338927
vt 1.329849 1.423823
vt 1.397980 1.402586
vt 1.398433 1.463432
vt 1.326272 1.422497
vt 1.320188 1.417722
vt -0.952925 1.362504
vt -0.944011 1.347402
vt 1.461566 1.339141
vt 1.451252 1.342523
vt 1.453303 1.344160
vt 1.396903 1.406223
vt 1.400603 1.373568
vt 1.394557 1.426946
vt 1.449627 1.388757
vt 1.450503 1.386433
vt 1.451753 1.383790
vt 1.445946 1.371758
vt 1.452421 1.342207
vt 1.457100 1.340734
vt 1.448665 1.350314
vt 1.419075 1.355921
vt 1.445513 1.351997
vt 1.456032 1.340056
vt 1.398145 1.395272
vt 1.398769 1.389769
vt 1.400127 1.377751
vt 1.456982 1.356305
vt 1.439008 1.358483
vt 1.398002 1.396536
vt 1.399745 1.381117
vt 1.399714 1.381400
vt 2.190265 1.688617
vt 2.263860 1.681950
vt 2.243876 1.438055
vt 2.152655 1.365901
vt 2.065121 1.325262
vt 2.023376 1.703231
vt 2.021787 1.527556
vt 2.005880 1.099353
vt 2.107651 1.238901
vt 2.071119 1.703833
vt 2.259945 1.396906
vt 2.211992 1.092480
vt 2.095585 0.945145
vt 2.088322 1.705480
vt 1.397989 1.402481
vt 1.399037 1.368929
vt 1.442293 1.361428
vt 1.452581 1.354976
vt 1.386340 1.530079
vt 1.312756 1.360487
vt 1.790884 1.393585
vt 0.922149 1.549033
vt 1.028595 1.718562
vt 1.800547 1.175804
vt 1.822893 1.564740
vt 0.965325 1.955370
vt 1.888736 1.433533
vt 1.838889 1.990313
vt 1.663831 0.942219
vt 0.980137 1.673035
vt 1.413286 1.218946
vt 1.468981 1.251101
vt 1.428873 1.458680
vt 1.284391 1.434304
vt 1.299088 1.239794
vt 1.595037 1.462609
vt 1.561221 1.643145
vt 1.676077 1.255069
vt 1.710687 1.469002
vt 1.397751 1.398744
vt 1.403254 1.351364
vt 1.448485 1.390969
vt 1.450150 1.387536
vt 1.450222 1.376179
vt 1.452198 1.360463
vt 1.445753 1.385255
vt 1.443595 1.355835
vt 1.443629 1.384061
vt 1.447982 1.375335
vt 1.443826 1.346279
vt 1.444463 1.366536
vt 1.447844 1.360018
vt -1.279335 0.869361
vt -1.323119 0.799786
vt 1.529491 1.012601
vt 1.666317 -0.055036
vt 1.658824 0.057454
vt 1.643980 0.008290
vt 1.633641 -0.111442
vt 0.985207 -0.092934
vt 1.432035 0.175265
vt 1.189841 0.252255
vt 1.521650 0.128060
vt 1.135542 0.207712
vt 1.165989 0.165181
vt 1.571831 0.252237
vt 1.160415 -0.083183
vt 1.098940 0.179394
vt 1.129356 0.093331
vt 1.151320 -0.173796
vt 1.165133 0.172523
vt 1.519636 0.121002
vt 1.128986 0.089289
vt 1.133340 0.006873
vt 1.077142 0.134313
vt 1.152510 0.075177
vt 1.144642 0.046474
vt 0.995692 0.134580
vt 1.339211 0.263487
vt 0.912321 -0.062274
vt 0.972792 0.090972
vt 1.255905 0.044148
vt 1.484922 -0.247102
vt 1.369346 -0.206622
vt 1.291393 -0.211429
vt 1.388876 0.043121
vt 1.251738 -0.027237
vt 1.525447 -0.046521
vt 1.298635 0.167420
vt 1.389668 0.060859
vt 1.278578 -0.013089
vt 1.513045 -0.224948
vt 1.507947 -0.120145
vt 1.292041 0.142065
vt 1.065395 0.109504
vt 1.030827 0.084225
vt 1.036929 -0.023284
vt 1.280247 0.248880
vt 1.042030 0.221058
vt 1.072768 0.185755
vt 1.129602 0.268401
vt 1.076406 0.226847
vt 1.041606 0.162721
vt 1.005756 0.091338
vt 1.214475 0.140605
vt 1.672478 -0.246136
vt 1.693638 -0.069135
vt 1.648584 -0.183513
vt 1.494471 0.040540
vt 1.492510 0.035731
vt 1.476990 -0.160176
vt 1.649124 -0.281106
vt -1.486227 0.920211
vt -1.493886 0.924919
vt -1.414239 1.017048
vt -0.928090 1.168224
vt -0.869596 1.309157
vt -0.860931 1.296207
vt -0.910025 1.204615
vt -1.414239 1.017048
vt -1.445290 1.019701
vt -1.453131 1.052414
vt -1.448851 0.772197
vt -1.583118 0.659719
vt -1.612546 0.643055
vt -1.454442 0.767217
vt -1.345587 0.840519
vt -1.341316 0.851754
vt -1.373021 0.846892
vt -1.302853 0.821205
vt -1.293559 0.819397
vt -1.359508 0.816280
vt -1.358625 0.722122
vt -1.383127 0.722752
vt -1.378129 0.824052
vt -1.086767 1.368261
vt -0.973535 1.310260
vt -0.988394 1.409947
vt -1.411805 0.801691
vt -1.400472 0.849813
vt -1.383224 0.818827
vt -1.367635 0.856211
vt -0.953667 1.208416
vt -0.940112 1.219899
vt -1.495819 0.882817
vt -1.430812 0.819416
vt -1.436820 0.851273
vt -1.347216 1.054758
vt -1.383773 1.060736
vt -0.964924 1.382832
vt -1.324103 1.153235
vt -1.288247 1.211710
vt -1.324791 1.226444
vt -1.078277 0.980343
vt -1.053983 1.028612
vt -1.102908 1.297274
vt -1.279801 1.147782
vt -1.531893 0.944845
vt -0.886384 1.051681
vt -0.889740 1.171577
vt -0.913970 1.054432
vt 0.690516 1.563014
vt -0.839146 1.303237
vt -0.761283 1.261268
vt -0.956156 1.312989
vt 1.079219 1.584233
vt 0.471618 2.211913
vt 1.075969 1.580604
vt 0.553882 2.140103
vt 0.648785 1.685376
vt 0.913101 1.447614
vt 0.870962 1.512227
vt -1.367635 0.856211
vt -1.385913 1.071412
vt -1.517787 0.938753
vt -1.349180 0.805208
vt -1.343627 0.752676
vt -1.624008 0.858666
vt -1.580516 0.813879
vt 1.131975 1.655286
vt 0.617441 2.143623
vt 0.604144 2.156248
vt 1.131642 1.654230
vt -1.410261 1.088732
vt 0.453463 2.093311
vt 0.971153 1.551263
vt 1.055735 1.489921
vt 1.003809 1.550440
vt 0.465275 2.048882
vt 0.910929 1.511824
vt 0.931404 1.534688
vt 0.574913 1.826927
vt 0.614481 1.746737
vt 0.922390 1.466314
vt 0.484259 1.939896
vt 1.104921 1.787114
vt 0.682646 2.191123
vt 1.099953 1.781567
vt 0.641749 2.219864
vt 1.247767 1.759572
vt 0.930775 2.021380
vt 1.111680 1.539772
vt 0.520625 2.103300
vt -1.052333 1.324090
vt -0.933445 1.153489
vt -0.977766 1.267196
vt -1.367582 0.802336
vt -1.403544 0.845729
vt -1.419852 1.030901
vt -1.434652 0.707816
vt -1.387306 0.775845
vt -1.446338 1.076967
vt -0.940632 1.358165
vt -1.208391 1.036444
vt -1.253388 1.116649
vt 1.115904 1.713538
vt 0.602706 2.206453
vt -1.325937 0.807384
vt 0.570794 2.231475
vt 1.023624 1.782907
vt -0.928366 1.079081
vt -1.106216 1.317094
vt -1.081965 0.991571
vt -1.213240 1.067033
vt -1.171585 0.919203
vt -1.163234 0.912996
vt -1.499805 0.975823
vt -1.517960 1.005241
vt -1.035411 1.428808
vt -1.091223 1.386567
vt -1.412402 1.099410
vt -0.905290 1.306649
vt -1.132945 1.363815
vt -0.921619 1.329757
vt -1.250767 1.326162
vt -1.184001 1.283551
vt -1.145836 1.392375
vt -0.843874 1.269128
vt -1.132945 1.363815
vt 0.970108 1.563009
vt 0.444641 2.014879
vt 0.948802 1.539217
vt 0.479026 2.026191
vt 1.182437 1.735962
vt -1.420896 0.654510
vt -1.086864 1.281834
vt -1.082407 1.263530
vt -0.767084 1.131483
vt 0.567953 2.203182
vt -1.314742 0.780140
vt 0.585594 1.544150
vt 0.676934 1.731632
vt 0.681100 1.791786
vt 0.702716 1.815208
vt 0.722011 1.752804
vt 0.765005 1.869470
vt 0.701793 1.842220
vt 0.757892 1.912868
vt 0.701792 1.833297
vt 0.817049 1.822066
vt 0.745052 1.801179
vt 0.561435 1.621565
vt -1.486227 0.920211
vt -1.493886 0.924919
vt -1.472369 0.954852
vt -1.475591 0.944226
vt -1.455991 1.021601
vt -1.453131 1.052414
vt -1.448851 0.772197
vt -1.583118 0.659719
vt -1.612546 0.643055
vt -1.454442 0.767217
vt -1.599984 0.814915
vt -1.610903 0.634420
vt -1.630882 0.832929
vt -1.359508 0.816280
vt -1.358625 0.722122
vt -1.383127 0.722752
vt -1.378129 0.824052
vt 1.502535 1.490332
vt 0.948915 2.021125
vt 1.367860 1.615523
vt 1.048344 1.914895
vt -1.645813 0.868350
vt -1.411805 0.801691
vt -1.400472 0.849813
vt -1.383224 0.818827
vt -1.367635 0.856211
vt -1.495819 0.882817
vt -1.430812 0.819416
vt -1.436820 0.851273
vt -1.531893 0.944845
vt -1.367991 0.905834
vt -1.373021 0.846892
vt -1.383773 1.060736
vt -1.385913 1.071412
vt -1.517787 0.938753
vt -1.624008 0.858666
vt -1.580516 0.813879
vt 1.269765 1.474048
vt 1.238694 1.754487
vt 1.194370 1.722009
vt 1.097157 1.469418
vt -1.410261 1.088732
vt 1.375102 1.536901
vt 1.240986 1.920412
vt 1.375133 1.526671
vt 1.200088 1.949153
vt 1.448172 1.534110
vt 1.489115 1.750669
vt 1.446014 1.634557
vt 1.078133 2.029727
vt 1.055673 2.014371
vt 1.449482 1.667475
vt -1.367582 0.802336
vt -1.401432 0.893924
vt -1.419852 1.030901
vt -1.434652 0.707816
vt -1.387306 0.775845
vt -1.596906 0.626567
vt -1.783666 0.577475
vt -1.767941 0.780992
vt -1.813784 0.856503
vt 1.618466 1.508609
vt 1.602339 1.519349
vt -1.446338 1.076967
vt 1.374408 1.483457
vt 1.161046 1.935742
vt 1.129134 1.960764
vt 1.362707 1.486559
vt 1.449312 1.548129
vt -1.499805 0.975823
vt -1.517960 1.005241
vt -1.412402 1.099410
vt -1.708324 0.790365
vt -1.767655 0.887985
vt 1.327339 1.474957
vt -1.420896 0.654510
vt -1.756867 0.571221
vt 1.126293 1.932471
vt -1.563314 0.578270
vt 1.142449 1.601737
vt 1.992474 1.668772
vt 1.635212 2.005820
vt -1.202265 1.356768
vt -1.435284 1.040877
vt -0.928090 1.168224
vt -0.869596 1.309157
vt -0.860931 1.296207
vt -0.910025 1.204615
vt -1.345587 0.840519
vt -1.341316 0.851754
vt -1.373021 0.846892
vt -1.302853 0.821205
vt -1.293559 0.819397
vt -1.086767 1.368261
vt -0.973535 1.310260
vt -0.988394 1.409947
vt -0.953667 1.208416
vt -0.940112 1.219899
vt -0.964924 1.382832
vt -1.078277 0.980343
vt -1.053983 1.028612
vt -1.102908 1.297274
vt 0.585594 1.544150
vt 0.648785 1.685376
vt 0.561435 1.621565
vt -0.886384 1.051681
vt -0.889740 1.171577
vt -0.913970 1.054432
vt 0.690516 1.563014
vt -0.956156 1.312989
vt -1.383127 0.722752
vt -1.343627 0.752676
vt -1.349180 0.805208
vt 0.913101 1.447614
vt 0.870962 1.512227
vt 0.453463 2.093311
vt 0.701792 1.833297
vt 0.701793 1.842220
vt 1.003809 1.550440
vt 0.465275 2.048882
vt 0.910929 1.511824
vt 0.931404 1.534688
vt 0.574913 1.826927
vt 0.614481 1.746737
vt 0.676934 1.731632
vt 0.484259 1.939896
vt 1.055735 1.489921
vt 0.817049 1.822066
vt 0.745052 1.801179
vt 0.520625 2.103300
vt 0.765005 1.869470
vt 0.471618 2.211913
vt 0.757892 1.912868
vt -1.052333 1.324090
vt -0.933445 1.153489
vt -0.977766 1.267196
vt 1.075969 1.580604
vt 1.111680 1.539772
vt -1.383773 1.060736
vt -1.279801 1.147782
vt -1.324103 1.153235
vt -0.940632 1.358165
vt -1.208391 1.036444
vt -1.253388 1.116649
vt -1.325937 0.807384
vt 0.971153 1.551263
vt -0.928366 1.079081
vt -1.106216 1.317094
vt -1.081965 0.991571
vt -1.347216 1.054758
vt -1.213240 1.067033
vt -1.171585 0.919203
vt -1.163234 0.912996
vt 0.922390 1.466314
vt -1.035411 1.428808
vt -1.091223 1.386567
vt -0.905290 1.306649
vt -1.132945 1.363815
vt -0.921619 1.329757
vt -1.250767 1.326162
vt -1.184001 1.283551
vt -1.145836 1.392375
vt -0.843874 1.269128
vt -0.839146 1.303237
vt -0.761283 1.261268
vt -1.132945 1.363815
vt -1.324791 1.226444
vt -1.288247 1.211710
vt 0.722011 1.752804
vt 0.702716 1.815208
vt 0.681100 1.791786
vt 0.970108 1.563009
vt 0.444641 2.014879
vt 0.479026 2.026191
vt 0.948802 1.539217
vt -1.086864 1.281834
vt -1.082407 1.263530
vt -0.767084 1.131483
vt -1.314742 0.780140
vt -1.379072 0.701967
vt 1.482038 1.521562
vt 1.394528 1.427204
vt 1.467956 1.511563
vt 1.317496 1.415617
vt 1.285512 1.390511
vt 1.473197 1.515262
vt 1.469961 1.513624
vt 1.308676 1.408694
vt 1.309175 1.409086
vt 1.313041 1.412121
vt 1.313454 1.412445
vn -0.824559 -0.519118 0.224986
vn -0.130009 -0.987921 0.084320
vn -0.268924 -0.781493 0.562981
vn -0.364263 -0.656814 0.660233
vn -0.597902 -0.700120 0.390314
vn -0.025362 -0.805682 0.591806
vn -0.111339 -0.555826 0.823809
vn -0.490733 -0.279431 0.825287
vn 0.015432 0.061652 0.997978
vn 0.233736 0.071261 0.969685
vn -0.261221 0.102348 0.959838
vn 0.252421 0.177664 0.951167
vn -0.308900 0.096498 0.946186
vn 0.533062 -0.023414 0.845752
vn 0.450394 -0.062117 0.890666
vn 0.369489 -0.037922 0.928461
vn 0.585941 -0.129740 0.799900
vn -0.329190 -0.208686 0.920915
vn -0.067188 0.030271 0.997281
vn -0.098303 0.039263 0.994382
vn -0.088157 0.016283 0.995973
vn -0.173477 0.071415 0.982245
vn 0.574455 -0.207135 0.791894
vn 0.443985 -0.411808 0.795796
vn -0.240860 0.045340 0.969500
vn 0.108230 0.727544 0.677470
vn -0.616779 -0.196578 0.762195
vn -0.989876 0.125466 -0.066362
vn 0.212033 0.196494 0.957305
vn -0.756205 0.433985 0.489705
vn -0.471481 0.616898 0.630193
vn -0.741987 0.606707 -0.285239
vn -0.832844 -0.150723 -0.532591
vn -0.358967 -0.052727 0.931860
vn -0.895624 -0.396955 0.200710
vn -0.211957 -0.752266 0.623836
vn -0.840182 0.281755 0.463367
vn -0.850298 0.511068 0.125713
vn -0.142099 0.334913 0.931473
vn -0.696904 0.715321 -0.051392
vn -0.547754 -0.262742 0.794312
vn -0.951557 -0.218343 0.216486
vn 0.342961 -0.775401 0.530217
vn 0.217467 -0.975818 -0.022090
vn 0.307193 -0.616961 0.724563
vn 0.276957 -0.633960 0.722073
vn 0.245500 -0.488239 0.837468
vn -0.548592 0.726175 -0.414387
vn -0.855696 0.216870 0.469841
vn -0.699621 -0.001992 0.714511
vn -0.369823 -0.516003 0.772640
vn -0.793598 -0.507288 -0.335948
vn -0.293133 0.041407 0.955175
vn -0.727814 0.622214 -0.288334
vn -0.390351 0.543943 0.742800
vn -0.276607 0.014107 0.960879
vn -0.550201 -0.368072 0.749534
vn -0.615983 -0.679483 0.398583
vn -0.959520 0.147280 -0.240063
vn -0.502310 0.606738 0.616079
vn 0.272901 -0.220657 0.936395
vn -0.872842 -0.227440 0.431761
vn -0.473580 -0.564460 0.676097
vn 0.524037 0.300940 0.796756
vn -0.435693 -0.049796 0.898717
vn -0.730037 0.665604 0.154977
vn -0.960093 0.115563 0.254688
vn -0.982792 -0.003826 0.184677
vn -0.756692 0.630312 -0.173564
vn -0.231940 0.654739 0.719389
vn 0.033202 0.267356 0.963026
vn -0.282656 0.402650 0.870619
vn -0.288047 -0.465122 0.837073
vn -0.791030 -0.067428 0.608050
vn -0.900671 -0.405161 -0.156958
vn -0.924675 0.378229 -0.043812
vn 0.470690 -0.297444 0.830649
vn -0.460676 -0.134680 0.877291
vn -0.948006 -0.064785 0.311590
vn 0.191280 0.636460 0.747215
vn 0.116366 0.985039 0.127110
vn -0.195703 0.634285 0.747920
vn -0.222793 0.957381 0.183806
vn 0.295067 -0.421543 0.857460
vn -0.556470 -0.389424 0.733955
vn -0.338208 -0.286080 0.896534
vn -0.623389 -0.273731 0.732433
vn 0.270462 -0.124333 0.954668
vn -0.429315 0.239434 0.870839
vn -0.712527 -0.223135 0.665219
vn 0.067738 0.709248 0.701697
vn -0.751805 -0.372408 0.544152
vn -0.880355 -0.034462 0.473061
vn -0.451544 0.235051 0.860732
vn -0.579874 0.375585 0.722967
vn 0.226155 0.049402 0.972838
vn 0.110883 -0.876454 0.468544
vn 0.354381 0.216968 0.909582
vn 0.346435 -0.510711 0.786865
vn -0.220579 0.822759 0.523844
vn -0.866792 0.406447 0.288918
vn -0.799875 -0.570112 0.187543
vn -0.792996 -0.336128 0.508110
vn -0.908221 -0.045112 0.416053
vn -0.693264 0.617559 0.371492
vn -0.913786 -0.369507 0.168698
vn -0.810934 0.259228 0.524583
vn -0.279353 -0.754145 0.594330
vn -0.509587 -0.152260 0.846840
vn -0.721385 0.135787 0.679092
vn -0.924546 0.246166 0.290889
vn -0.870052 -0.483194 0.097640
vn -0.495001 0.144451 0.856801
vn -0.851910 0.491993 -0.179422
vn -0.752466 0.425017 -0.503145
vn -0.877708 -0.235793 0.417170
vn -0.432240 0.557235 0.708984
vn -0.681439 0.675825 0.280897
vn -0.705123 -0.173980 0.687410
vn -0.734049 -0.678144 -0.035949
vn -0.573842 0.311824 0.757279
vn 0.376632 0.388543 0.840942
vn -0.884057 -0.215809 -0.414571
vn 0.231613 0.441833 0.866683
vn -0.714281 0.331932 0.616137
vn -0.461950 0.598307 0.654699
vn -0.435714 0.866696 0.242881
vn -0.883336 -0.035516 -0.467393
vn -0.383965 -0.094608 0.918488
vn -0.922092 -0.379083 0.077735
vn -0.390414 -0.913631 0.113384
vn -0.313368 0.279060 0.907704
vn -0.385126 -0.577577 0.719779
vn -0.902170 -0.424949 -0.074213
vn -0.862496 0.454320 0.222922
vn -0.937489 0.330416 0.109267
vn -0.226334 -0.931205 0.285711
vn 0.406070 0.174302 0.897065
vn 0.011953 -0.840823 0.541178
vn 0.462683 0.340756 0.818419
vn -0.323360 0.461007 0.826384
vn -0.989089 0.140587 -0.044024
vn -0.208844 0.951267 0.226883
vn -0.543495 -0.621762 0.563937
vn -0.839709 0.471043 -0.270200
vn -0.575582 0.790038 0.211057
vn 0.431968 0.199419 0.879566
vn -0.854677 0.384418 0.348926
vn -0.902895 -0.426007 0.057434
vn -0.743475 0.647803 0.166120
vn 0.649154 0.430268 0.627271
vn 0.328663 0.657026 -0.678452
vn 0.328816 0.656925 -0.678476
vn 0.315793 -0.946813 0.061807
vn 0.365920 -0.929580 0.044534
vn 0.794713 -0.344824 0.499528
vn -0.605010 0.312288 0.732419
vn -0.410039 0.852751 0.323550
vn 0.702427 -0.551372 0.450094
vn -0.166117 0.807302 0.566276
vn 0.161697 0.745558 0.646528
vn -0.063049 0.966802 -0.247625
vn -0.679551 0.520498 -0.517004
vn -0.312815 0.280998 0.907297
vn -0.918023 0.346648 0.192533
vn 0.263200 -0.464883 0.845346
vn -0.723500 -0.027548 0.689774
vn -0.850296 0.511070 0.125711
vn -0.162724 0.410942 0.897021
vn -0.862612 0.475419 0.172852
vn -0.547754 -0.262742 0.794312
vn -0.951558 -0.218337 0.216485
vn 0.341193 -0.729727 0.592525
vn 0.216918 -0.975970 -0.020729
vn 0.307192 -0.616961 0.724563
vn 0.276957 -0.633960 0.722073
vn 0.245500 -0.488239 0.837468
vn -0.548592 0.726176 -0.414385
vn -0.855697 0.216870 0.469841
vn -0.699622 -0.001994 0.714510
vn -0.369824 -0.516003 0.772639
vn -0.793598 -0.507288 -0.335948
vn -0.293132 0.041406 0.955175
vn -0.727815 0.622213 -0.288334
vn -0.390352 0.543943 0.742800
vn -0.276608 0.014108 0.960879
vn -0.550201 -0.368072 0.749534
vn -0.615983 -0.679483 0.398582
vn -0.959520 0.147279 -0.240064
vn -0.502311 0.606737 0.616079
vn 0.272901 -0.220658 0.936395
vn -0.872842 -0.227440 0.431760
vn -0.473580 -0.564461 0.676096
vn 0.524038 0.300938 0.796756
vn -0.435693 -0.049797 0.898717
vn -0.730036 0.665605 0.154976
vn -0.960093 0.115565 0.254688
vn -0.982792 -0.003827 0.184676
vn -0.756693 0.630311 -0.173564
vn -0.231940 0.654740 0.719389
vn 0.033202 0.267356 0.963026
vn -0.027272 0.610669 0.791417
vn -0.559856 -0.232255 0.795373
vn -0.697470 0.358377 0.620566
vn -0.982356 0.101751 -0.156921
vn -0.446493 0.891441 -0.077305
vn -0.627462 0.756310 0.185168
vn 0.470690 -0.297443 0.830649
vn -0.460676 -0.134680 0.877291
vn -0.948005 -0.064786 0.311590
vn 0.793607 -0.207033 0.572123
vn 0.746456 0.653170 0.127174
vn 0.279841 0.601948 0.747896
vn 0.476380 0.859822 0.183762
vn 0.123723 -0.804531 0.580881
vn -0.668268 0.096587 0.737624
vn -0.659692 -0.706412 0.256492
vn -0.650190 0.438567 0.620413
vn 0.270462 -0.124333 0.954668
vn -0.429315 0.239434 0.870839
vn -0.711181 -0.238264 0.661402
vn 0.479429 0.558712 0.676749
vn -0.753223 -0.369809 0.543964
vn -0.880356 -0.034461 0.473061
vn -0.451887 0.237979 0.859747
vn -0.211477 0.682424 0.699697
vn 0.459649 -0.671317 0.581426
vn 0.332606 -0.892616 0.304320
vn 0.717810 0.206336 0.664961
vn 0.537540 -0.510216 0.671364
vn 0.813106 -0.294678 0.502020
vn 0.158694 0.657095 0.736914
vn -0.726463 0.673716 -0.135493
vn 0.429276 0.903164 0.004161
vn -0.705966 -0.077128 0.704034
vn -0.362339 0.657139 -0.660968
vn 0.013061 0.903547 -0.428290
vn 0.036722 -0.897163 0.440170
vn -0.401968 0.872748 0.277007
vn -0.974832 -0.114224 0.191459
vn -0.789601 -0.338405 0.511871
vn -0.908221 -0.045112 0.416053
vn -0.652702 0.696638 0.297784
vn -0.977974 0.193214 0.078958
vn -0.241333 0.720153 0.650490
vn -0.718118 -0.382450 0.581411
vn -0.323629 0.100040 0.940880
vn -0.208323 0.639879 0.739700
vn -0.056162 0.992237 0.110956
vn -0.992628 -0.120361 -0.014235
vn -0.471870 0.600737 0.645332
vn -0.849455 0.490014 -0.195736
vn -0.752466 0.425018 -0.503145
vn -0.841108 -0.324542 0.432678
vn -0.477591 0.533030 0.698417
vn -0.971169 0.202796 0.125315
vn -0.652137 -0.315740 0.689221
vn -0.972840 -0.228356 -0.037898
vn 0.061389 0.560096 0.826150
vn 0.711473 -0.431846 0.554360
vn -0.800790 0.432145 -0.414712
vn 0.793948 -0.280720 0.539299
vn -0.307540 0.725075 0.616187
vn 0.058227 0.753612 0.654736
vn 0.257505 0.935244 0.242918
vn -0.679448 0.565554 -0.467439
vn -0.348374 0.187108 0.918491
vn -0.938434 0.336607 0.077696
vn -0.866815 -0.498413 -0.014722
vn 0.051328 0.376462 0.925009
vn -0.694596 -0.075015 0.715478
vn -0.764094 0.474380 -0.437177
vn -0.221022 0.960667 0.168130
vn -0.474342 0.873533 0.109271
vn -0.174185 -0.982257 -0.069504
vn 0.606396 -0.399467 0.687539
vn 0.278715 -0.882297 0.379302
vn 0.713437 -0.414984 0.564621
vn 0.068933 0.558933 0.826343
vn -0.639844 0.767238 -0.044106
vn 0.482494 0.846012 0.226856
vn -0.820072 -0.097185 0.563948
vn -0.307496 0.912377 -0.270211
vn 0.102305 0.972087 0.211141
vn 0.406729 -0.803777 0.434181
vn -0.247192 0.897779 0.364540
vn -0.878122 0.473409 -0.069170
vn -0.147847 0.977581 0.149924
vn 0.649155 0.430266 0.627271
vn 0.328664 0.657025 -0.678453
vn 0.328817 0.656923 -0.678477
vn 0.556379 -0.830850 -0.011413
vn 0.590515 -0.806964 -0.010068
vn 0.473524 -0.878553 -0.062602
vn 0.598617 -0.800967 -0.010474
vn 0.193618 -0.980885 -0.019386
vn -0.018039 -0.999578 -0.022784
vn 0.989290 0.131749 0.062835
vn 0.500709 -0.865518 -0.013030
vn 0.018406 -0.992480 -0.121012
vn 0.668983 -0.742816 -0.026187
vn 0.601863 -0.798548 -0.009093
vn 0.599857 -0.800013 0.012279
vn 0.489137 -0.870988 0.046096
vn 0.906218 -0.422510 0.015936
vn 0.689128 -0.724599 0.007685
vn 0.738357 -0.672290 0.053433
vn 0.543590 -0.839122 -0.019602
vn 0.943697 -0.325028 0.061583
vn 0.314726 -0.947586 -0.055021
vn 0.933741 0.355237 0.043984
vn -0.748433 -0.663210 0.000000
vn -0.025407 -0.999515 0.018024
vn 0.859969 -0.509411 -0.030884
vn 0.952665 -0.141014 0.269343
vn -0.757986 0.510716 0.405741
vn -0.672608 0.684608 -0.280911
vn 0.783302 -0.433148 0.445893
vn -0.295019 0.797655 0.526032
vn 0.141294 0.894467 0.424223
vn -0.211364 0.879025 -0.427365
vn -0.779289 0.375263 -0.501883
vn -0.179555 0.299856 0.936935
vn -0.920264 0.359768 0.153888
vn -0.532941 -0.701718 0.472828
vn -0.397301 0.792193 0.463230
vn -0.243270 0.961771 0.125763
vn 0.135151 0.337817 0.931458
vn 0.009766 0.998624 -0.051524
vn -0.573754 0.199674 0.794315
vn -0.829044 0.515588 0.216458
vn 0.071959 -0.888722 0.452764
vn -0.585498 -0.808198 0.063308
vn -0.027580 -0.866136 0.499047
vn 0.407176 -0.839243 0.360388
vn -0.004176 -0.809680 0.586856
vn 0.122582 0.901738 -0.414537
vn -0.454365 0.756913 0.469718
vn -0.497764 0.491501 0.714604
vn -0.626016 -0.105500 0.772641
vn -0.920511 0.199431 -0.335986
vn -0.178771 0.235971 0.955175
vn -0.077841 0.954360 -0.288338
vn 0.106335 0.660990 0.742823
vn -0.186255 0.204985 0.960880
vn -0.649696 0.126458 0.749603
vn -0.915880 -0.047976 0.398576
vn -0.576986 0.780624 -0.240235
vn 0.071392 0.784460 0.616056
vn 0.202703 -0.793269 0.574139
vn -0.779545 0.453765 0.431749
vn -0.733674 -0.066638 0.676226
vn 0.279467 -0.632907 0.722030
vn -0.344226 0.271748 0.898700
vn -0.049050 0.986691 0.155029
vn -0.599741 0.758564 0.254738
vn -0.699908 0.689998 0.184477
vn -0.092470 0.980466 -0.173596
vn 0.296892 0.627952 0.719397
vn 0.685375 -0.256182 0.681639
vn 0.112759 0.498058 0.859781
vn -0.532198 -0.127006 0.837039
vn -0.608865 0.509514 0.608012
vn -0.924542 0.347251 -0.156970
vn -0.389484 0.919990 -0.043829
vn -0.512457 0.851741 0.109203
vn 0.241570 -0.860015 0.449464
vn -0.421754 0.229150 0.877276
vn -0.718303 0.622024 0.311651
vn 0.853772 -0.168471 0.492637
vn 0.775291 0.631436 -0.014553
vn 0.323659 0.646457 0.690897
vn 0.517318 0.855543 0.020699
vn -0.001259 -0.833888 0.551932
vn -0.678034 0.097452 0.728542
vn -0.442050 -0.802491 0.400750
vn -0.415025 0.812281 0.409822
vn 0.425888 -0.790235 0.440622
vn -0.135859 0.472408 0.870846
vn -0.662770 0.343792 0.665240
vn 0.952572 0.072208 0.295623
vn -0.795857 0.265603 0.544120
vn -0.648886 0.595971 0.473039
vn -0.154664 0.484952 0.860756
vn -0.159184 0.712294 0.683592
vn 0.438065 -0.696253 0.568622
vn -0.249650 -0.959072 0.133628
vn 0.734984 -0.348949 0.581406
vn 0.259489 -0.814527 0.518856
vn 0.722751 -0.442328 0.531014
vn 0.189873 0.648798 0.736892
vn -0.693357 0.707837 -0.134993
vn 0.493742 0.867963 -0.053468
vn -0.708756 -0.043518 0.704111
vn -0.330750 0.673587 -0.660973
vn 0.090947 0.903707 -0.418381
vn 0.663698 -0.659687 0.352587
vn -0.301077 0.905369 0.299434
vn -0.969275 0.159169 0.187538
vn -0.799432 0.320520 0.508110
vn -0.676124 0.608083 0.416043
vn -0.056754 0.926702 0.371487
vn -0.908721 0.381797 0.168694
vn -0.340207 0.797920 0.497576
vn -0.729762 -0.337959 0.594333
vn -0.468834 0.251088 0.846847
vn 0.462026 0.112093 0.879754
vn -0.419830 0.866543 0.269899
vn -0.957799 0.270355 0.097614
vn -0.249493 0.451319 0.856775
vn -0.257608 0.949439 -0.179453
vn -0.234205 0.831795 -0.503255
vn -0.788849 0.451191 0.417306
vn 0.085871 0.699973 0.708988
vn -0.007133 0.959780 0.280663
vn -0.622947 0.373366 0.687412
vn -0.998679 0.036543 -0.036137
vn 0.027561 0.632290 0.774241
vn 0.779036 -0.000161 0.626979
vn -0.779261 0.469927 -0.414634
vn 0.128246 -0.420788 0.898048
vn -0.362520 0.752302 0.550110
vn -0.026222 0.932488 0.360247
vn -0.111206 0.986867 0.117164
vn -0.651684 0.597406 -0.467349
vn -0.562296 0.526330 0.637809
vn -0.921394 0.380770 0.077761
vn -0.920396 -0.379355 0.094667
vn 0.051676 0.534661 0.843485
vn -0.683292 -0.114210 0.721157
vn -0.939526 0.334345 -0.074193
vn -0.291790 0.930171 0.222804
vn -0.276178 0.958174 0.075026
vn -0.630053 -0.775146 0.046698
vn 0.770615 -0.302099 0.561150
vn 0.134004 -0.940917 0.310994
vn 0.459774 -0.708140 0.535860
vn 0.140422 0.619575 0.772275
vn -0.651614 0.742233 -0.156491
vn 0.667525 0.677057 -0.309845
vn -0.745048 0.001442 0.667010
vn -0.263418 0.920495 -0.288616
vn -0.730129 0.466404 0.499379
vn 0.863421 -0.327733 0.383530
vn -0.323284 0.908948 0.263250
vn -0.941616 0.335537 0.027829
vn -0.067022 0.996986 0.039081
vn 0.263536 -0.834509 0.483884
vn 0.696309 0.234441 -0.678374
vn 0.696334 0.234316 -0.678391
vn 0.217594 -0.975915 0.015577
vn 0.445599 -0.893116 -0.061525
vn -0.164862 -0.984472 -0.060290
vn 0.399995 -0.910587 0.104094
vn 0.513933 -0.855426 -0.064177
vn 0.849121 -0.525777 -0.050519
vn 0.668892 -0.742633 0.032849
vn 0.655209 -0.753666 -0.051857
vn 0.453014 -0.891251 -0.021226
vn 0.922874 -0.374706 -0.088877
vn 0.331098 -0.941339 -0.065231
vn 0.558905 -0.827284 -0.056793
vn 0.467443 -0.883666 0.025128
vn 0.198703 -0.979722 0.025743
vn 0.580433 -0.808705 -0.095360
vn 0.903685 -0.423588 -0.062658
vn 0.524663 -0.850957 -0.024494
vn -0.520445 -0.852587 -0.047250
vn 0.775960 -0.628907 -0.048594
vn 0.486254 -0.871777 -0.059683
vn 0.672958 -0.731711 -0.108292
vn 0.694943 -0.714926 -0.077037
vn 0.804944 -0.546823 -0.230327
vn 0.798654 -0.588919 -0.123801
vn 0.845028 -0.532622 -0.047346
vn -0.003209 -0.998327 -0.057737
vn 0.687151 -0.722561 -0.075686
vn 0.821581 -0.567789 -0.051186
vn 0.401724 -0.915330 -0.028090
vn 0.445432 -0.894459 0.039171
vn 0.526530 -0.353354 0.773244
vn -0.204055 0.947762 0.245170
vn -0.434515 0.610807 0.661900
vn -0.384668 0.864687 0.323028
vn -0.607004 0.077669 0.790895
vn -0.856133 0.367871 0.362914
vn -0.033237 -0.873023 0.486545
vn 0.300477 -0.902368 -0.308942
vn 0.424097 -0.605238 0.673668
vn 0.547643 -0.563078 0.618895
vn 0.012254 -0.677209 0.735689
vn -0.140086 -0.952395 0.270777
vn -0.031587 0.529785 0.847544
vn -0.358488 0.615128 0.702214
vn -0.699685 0.000907 0.714451
vn -0.849515 0.092087 0.519465
vn -0.219319 0.390982 0.893886
vn 0.290953 0.783421 0.549180
vn 0.520162 0.600527 0.607288
vn 0.426618 0.288634 0.857139
vn 0.044214 0.492938 0.868940
vn -0.797146 0.077741 0.598761
vn -0.541375 0.831693 0.123290
vn 0.393418 -0.471532 0.789228
vn 0.256806 -0.738256 0.623721
vn -0.113435 -0.308182 0.944540
vn -0.637720 -0.081972 0.765894
vn 0.070404 -0.652334 0.754655
vn -0.358251 0.218017 0.907813
vn -0.142651 0.900877 0.409964
vn 0.465740 -0.865739 0.183257
vn -0.321381 0.945609 0.050377
vn 0.040666 0.563822 0.824895
vn 0.085867 0.748663 0.657367
vn 0.681813 0.016791 0.731334
vn 0.290091 -0.785515 0.546637
vn -0.453627 0.166378 0.875523
vn -0.552494 0.725700 0.410013
vn 0.389291 -0.657092 0.645510
vn -0.132956 0.401982 0.905943
vn -0.447980 0.340782 0.826548
vn 0.756841 0.393597 0.521798
vn -0.578399 0.189874 0.793349
vn -0.463165 0.434657 0.772367
vn -0.535868 0.225546 0.813618
vn -0.460424 0.115584 0.880142
vn -0.503575 0.677335 0.536312
vn -0.240041 0.757181 0.607501
vn 0.100889 -0.834687 0.541405
vn 0.093935 -0.988594 -0.117725
vn 0.356832 -0.826368 -0.435646
vn 0.895458 -0.317916 -0.311584
vn -0.075628 -0.995314 -0.060249
vn 0.500252 -0.852593 -0.151106
vn 0.751778 -0.659216 -0.016231
vn 0.214919 -0.976594 -0.008631
vn 0.164588 -0.963631 0.210536
vn -0.644812 -0.764198 0.014767
vn 0.997438 0.016207 -0.069677
vn 0.200893 -0.979376 0.021571
vn 0.663858 -0.739476 0.111659
vn 0.971848 -0.160587 -0.172407
vn -0.343948 -0.936031 0.074475
vn -0.140013 -0.968843 -0.204301
vn -0.624472 -0.780641 0.025186
vn 0.156207 -0.544278 0.824234
vn -0.307550 0.044625 0.950485
vn 0.005132 -0.461877 0.886929
vn -0.451829 -0.377448 0.808322
vn -0.337922 -0.365639 0.867247
vn -0.438279 -0.031448 0.898289
vn -0.078927 0.179480 0.980590
vn -0.288124 0.717762 0.633879
vn 0.183076 0.815656 0.548806
vn -0.464382 0.131410 0.875832
vn -0.710842 0.167761 0.683052
vn -0.323105 -0.072557 0.943578
vn -0.379264 -0.226321 0.897183
vn -0.289012 0.348761 0.891537
vn 0.410293 0.498736 0.763494
vn 0.414562 0.003174 0.910016
vn 0.396858 0.099141 0.912510
vn 0.361114 0.214661 0.907479
vn -0.619469 -0.021610 0.784724
vn -0.589378 -0.094326 0.802332
vn -0.626576 0.267046 0.732181
vn 0.063981 0.703917 0.707395
vn -0.470178 0.586456 0.659547
vn -0.190514 0.073310 0.978943
vn -0.350870 -0.437428 0.827977
vn -0.308782 -0.313142 0.898107
vn -0.357824 0.105252 0.927839
vn -0.199288 0.322908 0.925211
vn -0.982387 0.023813 0.185336
vn -0.428865 -0.499378 0.752793
vn 0.315633 -0.035104 0.948232
vn -0.543600 0.386612 0.745003
vn -0.075101 0.658581 0.748753
vn 0.366014 -0.480872 0.796741
vn -0.293455 0.223588 0.929458
vn -0.998455 -0.037085 0.041390
vn -0.978418 -0.200184 0.051226
vn -0.454454 -0.501849 0.735947
vn -0.168829 -0.528957 0.831686
vn -0.350724 -0.312529 0.882790
vn -0.037958 0.539834 0.840915
vn -0.181713 0.853161 0.488974
vn -0.581407 0.027979 0.813132
vn -0.978145 0.122350 0.168113
vn 0.540170 0.062771 0.839212
vn -0.388016 0.294896 0.873201
vn -0.815113 0.283331 0.505287
vn 0.003911 -0.656373 0.754427
vn -0.158613 -0.984495 0.074905
vn -0.156187 -0.465132 0.871354
vn -0.884823 0.053639 0.462829
vn 0.435592 0.273832 0.857482
vn -0.126177 0.552900 0.823639
vn 0.275677 0.026666 0.960880
vn -0.632688 0.120105 0.765036
vn 0.338400 -0.115928 0.933834
vn -0.365641 -0.198289 0.909389
vn -0.534057 0.193860 0.822923
vn -0.197989 -0.479546 0.854890
vn 0.342570 0.333954 0.878135
vn -0.486236 0.025145 0.873466
vn -0.316239 -0.113089 0.941915
vn 0.189214 -0.133358 0.972838
vn 0.442635 0.764573 0.468510
vn 0.213580 -0.527390 0.822340
vn 0.517612 0.336167 0.786810
vn 0.148808 -0.706204 0.692194
vn -0.528126 -0.422139 0.736805
vn -0.918116 0.372513 -0.135265
vn -0.636197 -0.771516 0.003995
vn -0.229098 0.672114 0.704114
vn -0.748704 0.049829 -0.661029
vn -0.804507 -0.418172 -0.421783
vn 0.303839 -0.445672 0.842056
vn 0.228615 0.337617 0.913099
vn -0.186830 0.308781 0.932603
vn 0.190342 -0.380735 0.904882
vn -0.121848 -0.882627 0.454007
vn 0.093888 -0.133730 0.986560
vn -0.315347 -0.217053 0.923820
vn -0.195905 -0.497339 0.845148
vn -0.889166 0.408189 0.206796
vn -0.446813 -0.199670 -0.872061
vn 0.040666 0.430740 0.901560
vn -0.692321 0.057644 0.719284
vn 0.211167 0.975759 0.057462
vn -0.287860 -0.177079 0.941159
vn 0.125244 0.593021 0.795387
vn -0.162966 -0.199017 -0.966351
vn -0.992278 0.059796 0.108671
vn 0.344993 0.912010 0.221848
vn 0.382823 -0.054695 0.922201
vn 0.495290 0.664399 0.559698
vn 0.336134 -0.195632 0.921272
vn -0.476880 -0.299297 0.826442
vn -0.966048 0.254603 -0.043916
vn -0.551608 -0.815491 0.175223
vn -0.259285 0.784038 0.563965
vn -0.956743 -0.107966 -0.270161
vn -0.840753 -0.315673 0.439869
vn 0.320660 -0.351433 0.879586
vn -0.483614 -0.179426 0.856693
vn 0.431157 -0.648635 0.627198
vn 0.047617 -0.733002 -0.678557
vn 0.047801 -0.732967 -0.678582
vn -0.004880 -0.642482 0.766286
vn -0.482257 -0.102038 0.870067
vn 0.087586 -0.580470 0.809558
vn -0.278589 -0.025220 0.960079
vn -0.041877 0.491981 0.869598
vn -0.528331 0.128386 0.839275
vn 0.444400 0.419681 0.791440
vn 0.559664 0.819955 -0.120212
vn 0.446469 0.621769 0.643481
vn 0.450271 -0.229680 0.862846
vn 0.364198 -0.139543 0.920808
vn -0.430033 0.041190 -0.901873
vn -0.973817 0.091739 0.208002
vn -0.092161 0.106420 0.990041
vn -0.169613 0.378614 0.909881
vn -0.174871 -0.190581 0.965970
vn -0.730404 0.081840 0.678095
vn -0.114747 -0.601421 0.790649
vn -0.446335 -0.638678 0.626797
vn -0.186136 -0.149690 0.971054
vn -0.357038 0.856041 0.373789
vn -0.946953 0.258282 -0.191236
vn 0.412756 0.169035 0.895019
vn -0.080086 0.556196 0.827183
vn -0.319897 0.423334 0.847617
vn 0.332286 0.034661 0.942542
vn -0.007287 0.188807 0.981987
vn -0.810714 -0.344329 -0.473477
vn -0.277372 -0.617039 0.736429
vn 0.085074 -0.692202 0.716672
vn 0.432977 0.030431 0.900891
vn -0.368726 0.323980 0.871251
vn -0.182357 0.301273 0.935938
vn 0.362843 -0.041901 0.930908
vn -0.179892 -0.058305 0.981957
vn -0.160336 0.037334 0.986356
vn 0.074100 -0.548250 0.833025
vn -0.386363 0.372201 0.843914
vn -0.460162 0.359924 0.811607
vn -0.270497 -0.295336 0.916301
vn -0.366857 0.322705 0.872512
vn -0.557425 0.020681 0.829969
vn -0.816053 0.271822 0.510068
vn 0.261036 -0.197186 0.944975
vn 0.834601 0.550429 -0.021667
vn -0.056840 -0.973806 0.220161
vn 0.572115 -0.384426 0.724500
vn -0.236308 0.023340 0.971398
vn 0.539520 -0.550075 0.637445
vn -0.371142 -0.401529 0.837274
vn -0.154289 -0.646571 0.747088
vn -0.608454 -0.426290 0.669374
vn -0.110472 -0.024030 0.993589
vn -0.190742 -0.047240 0.980503
vn -0.245961 -0.393203 0.885943
vn -0.364530 -0.067828 0.928718
vn -0.223697 0.219262 0.949676
vn -0.682363 -0.690151 0.240982
vn 0.463414 -0.732011 0.499406
vn 0.511804 -0.851189 0.116332
vn 0.276718 -0.812579 0.512974
vn -0.366990 0.028324 0.929793
vn 0.124542 0.709614 0.693497
vn -0.344080 0.547142 0.763050
vn 0.220988 0.167086 0.960857
vn -0.291813 -0.435403 0.851628
vn 0.339587 -0.088888 0.936365
vn 0.317339 0.614942 0.721902
vn 0.549141 -0.249241 0.797699
vn 0.562590 0.294163 0.772632
vn 0.600727 -0.347017 0.720212
vn -0.167514 -0.654429 0.737334
vn -0.091216 -0.990793 0.100044
vn -0.560705 -0.393508 0.728534
vn 0.691351 -0.032714 0.721778
vn -0.435526 -0.605654 0.665958
vn -0.703244 0.008684 0.710896
vn 0.360723 -0.392747 0.845949
vn -0.066763 0.703831 -0.707224
vn 0.334694 -0.274359 0.901503
vn -0.232416 -0.460483 0.856702
vn -0.010344 -0.663999 0.747662
vn -0.436454 -0.785446 0.438843
vn 0.007013 0.852092 -0.523345
vn -0.311025 0.028075 0.949987
vn -0.474283 -0.396719 0.785920
vn -0.155537 -0.387064 0.908840
vn -0.574550 0.379137 0.725360
vn -0.458434 -0.482904 0.746084
vn -0.367461 -0.810963 0.455315
vn -0.562672 0.776711 0.283055
vn 0.441834 -0.003271 0.897091
vn -0.310384 0.780499 0.542664
vn 0.558602 -0.134826 0.818405
vn -0.119470 -0.550232 0.826421
vn -0.703173 -0.672493 0.230869
vn 0.176246 -0.957785 0.227124
vn -0.623308 0.352853 0.697841
vn -0.467011 -0.856809 -0.218585
vn -0.203449 -0.966995 0.153389
vn 0.475129 -0.012988 0.879820
vn -0.515205 -0.645584 0.563724
vn -0.805837 0.307988 0.505737
vn 0.972199 -0.199855 0.122015
vn 0.963533 -0.095756 0.249869
vn 0.570181 0.821260 0.020632
vn 0.787467 -0.376136 0.488280
vn 0.808170 0.373683 0.455217
vn 0.856355 -0.238465 0.458029
vn 0.894341 0.027545 0.446536
vn 0.385523 -0.322413 -0.864536
vn 0.874869 -0.310578 -0.371680
vn 0.728270 0.230499 0.645362
vn 0.782646 -0.617934 0.074986
vn 0.873203 -0.050451 0.484738
vn 0.983764 -0.173503 -0.045888
vn 0.944648 -0.264399 0.194249
vn -0.289136 -0.053747 0.955778
vn 0.087919 -0.971185 0.221519
vn 0.094578 -0.738897 0.667148
vn 0.004243 -0.934694 0.355427
vn 0.565558 -0.245741 0.787246
vn 0.112199 -0.897308 0.426906
vn 0.246623 -0.494607 0.833391
vn 0.552917 -0.286217 0.782536
vn -0.136690 -0.041631 0.989739
vn 0.683057 -0.730089 -0.020084
vn -0.171647 0.051425 0.983815
vn 0.060340 -0.802682 0.593347
vn -0.338600 0.009377 0.940884
vn 0.088828 0.027147 0.995677
vn 0.152469 -0.102981 0.982928
vn -0.257596 0.023240 0.965973
vn 0.340815 -0.300264 0.890891
vn -0.532800 0.131513 0.835959
vn -0.550113 0.144438 0.822504
vn -0.732394 -0.246887 0.634544
vn -0.574921 0.141636 0.805857
vn -0.612608 -0.118930 0.781388
vn -0.496033 -0.825837 0.268224
vn -0.576276 0.116123 0.808963
vn -0.561319 0.054556 0.825800
vn -0.561815 0.119178 0.818633
vn -0.297852 0.062888 0.952538
vn -0.275449 0.121170 0.953649
vn -0.423120 0.137492 0.895581
vn -0.631501 -0.500919 0.591851
vn -0.037420 -0.259119 0.965120
vn 0.124116 0.008104 0.992235
vn -0.544344 -0.544396 0.638218
vn -0.264211 -0.337670 0.903422
vn 0.604369 -0.670218 0.430750
vn 0.205951 -0.898468 0.387737
vn -0.245589 -0.969155 0.020602
vn 0.319907 -0.623144 0.713688
vn -0.160768 -0.985348 -0.056955
vn 0.047285 -0.644837 0.762856
vn 0.095035 -0.992017 0.082883
vn 0.036428 -0.799063 0.600142
vn 0.136800 -0.983247 -0.120461
vn -0.044063 -0.989987 0.134109
vn 0.216321 -0.969352 -0.116456
vn -0.628730 -0.681883 0.373810
vn 0.100832 -0.985060 0.139607
vn 0.215355 -0.442079 0.870740
vn 0.344764 -0.049881 0.937363
vn 0.743492 -0.189096 0.641453
vn -0.146275 -0.691406 0.707504
vn 0.581584 -0.608880 0.539468
vn 0.644133 -0.334046 0.688117
vn 0.479027 -0.120813 0.869446
vn 0.426728 -0.026229 0.903999
vn 0.354399 0.135804 0.925180
vn 0.262966 0.274720 0.924867
vn -0.112608 0.317079 0.941690
vn -0.280643 0.055714 0.958194
vn 0.712903 -0.197484 0.672882
vn 0.840063 -0.224960 0.493647
vn 0.704440 -0.340952 0.622508
vn -0.774881 -0.284983 0.564219
vn -0.295493 0.006075 0.955325
vn -0.720397 0.030187 0.692905
vn -0.517042 0.341342 0.784954
vn -0.177875 0.208021 0.961815
vn -0.288495 0.007569 0.957451
vn -0.634386 0.182056 0.751272
vn -0.273446 0.028408 0.961468
vn -0.769994 0.171812 0.614484
vn -0.024718 0.101036 0.994576
vn 0.363670 -0.432695 0.824936
vn 0.318220 -0.947587 0.028537
vn -0.399731 -0.363078 0.841659
vn 0.664397 -0.553799 0.501880
vn 0.218387 -0.975313 -0.032751
vn 0.363152 0.477629 0.799994
vn 0.366060 0.153808 0.917793
vn 0.743946 0.377457 0.551425
vn 0.483648 0.792778 0.370928
vn -0.258574 -0.268784 0.927844
vn -0.235432 -0.261845 0.935954
vn 0.426705 -0.813910 0.394301
vn 0.261869 -0.604803 0.752089
vn 0.699660 -0.562928 0.439987
vn 0.521195 -0.852549 0.038941
vn 0.826300 -0.521648 0.212397
vn -0.065342 -0.995402 0.070045
vn -0.161419 -0.960723 -0.225735
vn 0.385889 0.373364 0.843617
vn 0.829646 -0.515508 0.214335
vn 0.179702 -0.934994 0.305767
vn 0.533534 -0.758398 0.374397
vn -0.164612 -0.732783 0.660251
vn 0.140675 -0.735961 0.662247
vn 0.386887 -0.689399 0.612412
vn 0.096347 -0.586675 0.804071
vn -0.659203 -0.434013 0.614071
vn -0.643642 -0.207598 0.736633
vn -0.681878 -0.482249 0.549980
vn 0.080958 -0.606933 0.790618
vn -0.496283 -0.284968 0.820058
vn 0.750289 -0.624181 0.217863
vn 0.319973 -0.551833 0.770128
vn -0.795648 -0.470416 0.381644
vn -0.492158 -0.084954 0.866350
vn -0.240926 -0.920155 0.308658
vn -0.171757 0.172235 0.969966
vn -0.112790 -0.609254 0.784913
vn 0.519765 -0.241687 0.819410
vn 0.265652 0.060165 0.962190
vn -0.249898 -0.404901 0.879549
vn 0.319800 0.082621 0.943876
vn -0.299467 -0.163674 0.939963
vn 0.055782 0.783540 0.618832
vn 0.043272 -0.922380 0.383853
vn -0.393393 -0.270574 0.878653
vn 0.568798 -0.767069 0.296773
vn 0.017001 -0.979367 0.201376
vn 0.422177 -0.906443 -0.011311
vn 0.674883 0.028736 0.737365
vn -0.139236 -0.374283 0.916802
vn -0.114653 -0.220200 0.968693
vn -0.537364 -0.834170 -0.124099
vn 0.404343 -0.333283 0.851721
vn -0.196955 -0.916107 0.349222
vn 0.703395 -0.079550 0.706334
vn 0.110605 -0.707801 0.697699
vn 0.826675 0.065016 0.558910
vn 0.230810 0.969694 0.080132
vn -0.677413 0.688913 -0.257897
vn 0.720869 -0.159180 0.674544
vn -0.174424 0.892983 0.414919
vn 0.141291 0.894467 0.424223
vn -0.218443 0.879593 -0.422609
vn -0.829496 0.528805 -0.179729
vn -0.231283 0.314085 0.920792
vn -0.367940 -0.631827 0.682213
vn -0.960180 0.195091 0.199982
vn -0.243269 0.961771 0.125764
vn -0.324121 -0.072794 0.943211
vn -0.235925 0.925751 -0.295508
vn -0.570132 0.209548 0.794380
vn -0.825228 0.519007 0.222779
vn -0.171007 -0.674435 0.718257
vn -0.525047 -0.436888 0.730380
vn -0.137029 -0.743828 0.654173
vn -0.012245 -0.758283 0.651811
vn -0.105202 -0.642507 0.759024
vn 0.281369 0.928180 0.243543
vn -0.454365 0.756915 0.469716
vn -0.497764 0.491500 0.714604
vn -0.651969 -0.139751 0.745255
vn -0.769639 -0.017431 0.638241
vn -0.178771 0.235968 0.955175
vn 0.036680 0.938049 0.344556
vn 0.106336 0.660990 0.742822
vn -0.186258 0.204985 0.960880
vn -0.649696 0.126456 0.749603
vn -0.915880 -0.047973 0.398575
vn -0.576988 0.780622 -0.240236
vn 0.071394 0.784460 0.616057
vn 0.117644 -0.610069 0.783566
vn -0.779545 0.453765 0.431748
vn -0.733673 -0.066644 0.676226
vn 0.329557 -0.488328 0.808039
vn -0.344227 0.271751 0.898698
vn -0.049046 0.986692 0.155029
vn -0.599741 0.758565 0.254736
vn -0.699913 0.689992 0.184481
vn -0.092473 0.980466 -0.173593
vn -0.052732 0.480718 0.875288
vn 0.289504 -0.527128 0.798951
vn -0.216391 0.506520 0.834633
vn -0.537598 -0.089011 0.838490
vn -0.608864 0.509523 0.608006
vn -0.951324 0.302843 -0.057183
vn -0.406906 0.910341 0.075548
vn 0.145582 -0.737257 0.659741
vn -0.421755 0.229150 0.877276
vn -0.718304 0.622024 0.311650
vn 0.286934 -0.634926 0.717313
vn -0.179155 0.461423 0.868903
vn -0.664829 0.340624 0.664813
vn 0.402751 -0.188903 0.895604
vn -0.800630 0.350262 0.486115
vn -0.674648 0.586736 0.447874
vn -0.317079 0.342479 0.884403
vn -0.453397 -0.786375 0.419578
vn 0.362069 -0.432962 0.825500
vn 0.029406 -0.668333 0.743281
vn 0.671755 -0.237985 0.701504
vn 0.290096 0.702463 0.649915
vn 0.570357 0.756835 0.319207
vn -0.080407 -0.360626 0.929238
vn -0.347630 0.650584 -0.675200
vn 0.120989 0.935867 -0.330931
vn 0.383657 -0.632264 0.673089
vn -0.707047 0.519842 0.479426
vn -0.595615 0.727473 0.340626
vn 0.158001 0.933797 0.321029
vn -0.972587 0.181108 0.145858
vn -0.340209 0.797918 0.497579
vn -0.694045 -0.270585 0.667147
vn -0.468830 0.251091 0.846848
vn -0.417007 0.879674 0.228644
vn -0.903845 0.378141 0.200183
vn -0.249495 0.451319 0.856775
vn -0.259460 0.949494 -0.176468
vn -0.234199 0.831791 -0.503264
vn -0.788852 0.451193 0.417297
vn -0.095534 0.676623 0.730106
vn 0.135702 0.988971 0.059344
vn -0.623099 0.373095 0.687421
vn -0.992106 0.040446 0.118700
vn 0.039672 0.648926 0.759817
vn 0.071445 -0.758928 0.647243
vn 0.696305 0.234439 -0.678378
vn 0.696331 0.234313 -0.678396
vn 0.133600 -0.599204 0.789371
vn 0.455963 -0.648714 0.609317
vn -0.430212 -0.818381 0.381012
vn 0.282106 -0.606922 0.743009
vn 0.418302 -0.731683 0.538203
vn 0.421671 -0.689427 0.588968
vn 0.147160 -0.740369 0.655894
vn 0.136180 -0.795517 0.590430
vn -0.178105 -0.867571 0.464326
vn 0.510692 -0.634215 0.580487
vn 0.227955 -0.888875 0.397415
vn 0.480159 -0.653300 0.585360
vn 0.531838 -0.492708 0.688758
vn -0.311395 -0.822109 0.476624
vn 0.836857 -0.185790 0.514930
vn 0.424282 -0.607431 0.671575
vn 0.827571 -0.392108 0.401719
vn 0.898285 -0.214279 0.383625
vn 0.206007 -0.863083 0.461139
vn -0.093218 -0.722100 0.685479
vn -0.116484 -0.876025 0.467986
vn 0.385435 -0.746585 0.542264
vn 0.103883 -0.641628 0.759949
vn -0.507433 -0.810337 0.293029
vn 0.151949 -0.759157 0.632924
vn 0.253857 -0.531537 0.808099
vn 0.072346 -0.680799 0.728888
vn 0.387851 -0.671181 0.631734
vn -0.088061 -0.850008 0.519356
vn 0.311741 -0.521546 0.794233
vn -0.002351 -0.699734 0.714400
vn 0.828236 -0.126612 0.545889
vn -0.823595 0.486385 0.291753
vn -0.162438 -0.691546 -0.703831
vn 0.652170 -0.544832 0.527097
vn -0.295019 0.797655 0.526032
vn 0.058523 0.697779 0.713918
vn -0.076221 0.977988 -0.194243
vn -0.658289 0.514662 -0.549344
vn -0.474060 0.128548 0.871058
vn -0.928826 0.346490 0.131251
vn -0.827931 -0.551864 0.099878
vn -0.931919 -0.342496 -0.119262
vn 0.112760 0.498058 0.859781
vn -0.532199 -0.127005 0.837039
vn -0.608865 0.509514 0.608012
vn -0.924541 0.347252 -0.156973
vn -0.389484 0.919990 -0.043830
vn -0.512456 0.851741 0.109205
vn 0.856128 -0.161381 0.490918
vn 0.775291 0.631436 -0.014553
vn 0.323658 0.646457 0.690897
vn 0.517319 0.855542 0.020699
vn 0.003516 -0.844679 0.535262
vn -0.678034 0.097452 0.728542
vn -0.235131 -0.932039 0.275711
vn -0.547129 0.685978 0.479670
vn -0.159184 0.712294 0.683592
vn 0.448522 -0.712194 0.540007
vn -0.231504 -0.969273 0.083163
vn 0.717124 -0.354518 0.600042
vn 0.270198 -0.820838 0.503208
vn 0.701164 -0.384733 0.600291
vn 0.189874 0.648798 0.736891
vn -0.693358 0.707837 -0.134991
vn 0.493741 0.867963 -0.053470
vn -0.708754 -0.043518 0.704112
vn -0.330751 0.673586 -0.660974
vn 0.090949 0.903706 -0.418382
vn 0.717213 -0.502809 0.482482
vn -0.301075 0.905369 0.299434
vn -0.969275 0.159170 0.187536
vn -0.874333 -0.372338 -0.311299
vn -0.415928 0.737476 0.532102
vn -0.729762 -0.337958 0.594333
vn -0.468834 0.251088 0.846847
vn 0.202547 -0.352764 0.913527
vn -0.480518 0.821576 0.306782
vn -0.957799 0.270356 0.097615
vn -0.249493 0.451319 0.856776
vn -0.998679 0.036543 -0.036135
vn -0.256838 0.641040 0.723258
vn -0.067021 0.996986 0.039081
vn 0.807246 -0.588856 -0.040034
vn 0.702523 -0.708911 0.062497
vn 0.438566 -0.897513 -0.046148
vn 0.340148 -0.939070 -0.049463
vn -0.338383 -0.940953 0.010259
vn 0.424308 -0.902291 -0.076383
vn -0.557668 -0.792447 -0.247051
vn 0.389279 -0.914922 0.106669
vn 0.029902 -0.996732 -0.075044
vn -0.713191 -0.699936 0.038053
vn 0.475983 -0.845606 0.241643
vn 0.282507 -0.763025 0.581363
vn 0.024546 -0.303669 0.952461
vn 0.273689 0.870129 0.409841
vn -0.243269 0.961771 0.125764
vn -0.324121 -0.072796 0.943211
vn -0.235925 0.925752 -0.295506
vn -0.570132 0.209548 0.794380
vn -0.825228 0.519007 0.222779
vn -0.171008 -0.674436 0.718256
vn -0.525046 -0.436891 0.730379
vn -0.137029 -0.743829 0.654173
vn -0.012244 -0.758283 0.651810
vn -0.105204 -0.642508 0.759023
vn 0.281369 0.928180 0.243543
vn -0.454368 0.756914 0.469715
vn -0.497762 0.491502 0.714604
vn -0.651967 -0.139758 0.745256
vn -0.769639 -0.017433 0.638242
vn -0.178773 0.235968 0.955175
vn 0.036681 0.938049 0.344556
vn 0.106332 0.660991 0.742822
vn -0.186254 0.204985 0.960880
vn -0.649695 0.126459 0.749603
vn -0.915881 -0.047973 0.398574
vn -0.576988 0.780622 -0.240237
vn 0.071389 0.784462 0.616055
vn 0.150041 -0.622200 0.768345
vn -0.779546 0.453766 0.431746
vn -0.733673 -0.066644 0.676226
vn 0.329557 -0.488329 0.808039
vn -0.344227 0.271751 0.898698
vn -0.049046 0.986692 0.155029
vn -0.599741 0.758565 0.254736
vn -0.699908 0.689998 0.184476
vn -0.092469 0.980467 -0.173593
vn -0.052732 0.480718 0.875288
vn 0.317394 -0.534755 0.783133
vn 0.145582 -0.737258 0.659740
vn -0.421754 0.229149 0.877277
vn -0.718300 0.622029 0.311648
vn 0.371644 -0.709192 0.599106
vn -0.179155 0.461423 0.868903
vn -0.664828 0.340624 0.664815
vn 0.062148 0.054513 0.996577
vn -0.800631 0.350262 0.486114
vn -0.674648 0.586736 0.447874
vn -0.317078 0.342479 0.884403
vn -0.707049 0.519838 0.479427
vn -0.595617 0.727471 0.340628
vn 0.158008 0.933795 0.321030
vn 0.611124 0.767184 0.194821
vn -0.259464 0.949494 -0.176464
vn -0.234195 0.831792 -0.503265
vn -0.788852 0.451193 0.417297
vn -0.095539 0.676622 0.730106
vn 0.135696 0.988971 0.059347
vn -0.623100 0.373094 0.687420
vn 0.071445 -0.758928 0.647243
vn 0.696305 0.234439 -0.678378
vn 0.696331 0.234313 -0.678396
vn 0.282105 -0.606922 0.743009
vn 0.418302 -0.731683 0.538203
vn 0.421672 -0.689428 0.588967
vn 0.147160 -0.740370 0.655894
vn 0.286198 -0.716822 0.635812
vn -0.178104 -0.867572 0.464325
vn 0.510692 -0.634215 0.580486
vn 0.227953 -0.888876 0.397412
vn 0.590332 -0.537635 0.602044
vn 0.206007 -0.863084 0.461137
vn -0.093220 -0.722100 0.685479
vn -0.116485 -0.876026 0.467985
vn 0.385440 -0.746584 0.542262
vn 0.103881 -0.641627 0.759949
vn -0.507433 -0.810337 0.293029
vn 0.151948 -0.759157 0.632924
vn 0.395908 -0.544186 0.739675
vn 0.194694 -0.593270 0.781105
vn 0.413734 -0.734599 0.537763
vn -0.088060 -0.850008 0.519357
vn 0.410596 -0.410453 0.814211
vn 0.130008 -0.661755 0.738362
vn -0.450486 0.892667 0.014414
vn -0.316069 -0.780151 0.539875
vn 0.505291 -0.518287 0.689970
vn 0.010985 -0.095697 0.995350
vn 0.499448 -0.684326 0.531271
vn 0.313473 -0.520559 0.794200
vn 0.650805 -0.750932 0.112046
vn 0.431849 -0.613047 0.661574
vn 0.538446 -0.825058 0.171330
vn 0.382528 -0.627787 0.677906
g fff07975_00245_006a153b_e4
f 256/188/256 252/193/252 170/189/170
f 145/79/145 146/158/146 136/150/136
f 142/80/142 136/150/136 144/81/144
f 147/149/147 144/81/144 136/150/136
f 145/79/145 136/150/136 142/80/142
f 1042/1236/1042 1020/1234/1020 1043/1238/1043
f 49/130/49 47/129/47 58/95/58
f 58/95/58 59/49/59 49/130/49
f 1068/1242/1068 1062/1239/1062 1060/1241/1060
f 1062/1239/1062 1066/1240/1066 1060/1241/1060
f 33/86/33 32/84/32 27/159/27
f 27/159/27 28/66/28 33/86/33
f 1042/1236/1042 1044/1237/1044 1020/1234/1020
f 85/128/85 87/62/87 27/159/27
f 118/97/118 40/51/40 37/139/37
f 85/128/85 27/159/27 86/155/86
f 115/90/115 114/125/114 118/97/118
f 108/37/108 112/39/112 106/163/106
f 120/160/120 108/37/108 106/163/106
f 118/97/118 114/125/114 40/51/40
f 283/166/283 284/167/284 274/168/274
f 280/169/280 274/168/274 282/170/282
f 285/171/285 282/170/282 274/168/274
f 283/166/283 274/168/274 280/169/280
f 236/172/236 237/173/237 207/174/207
f 179/175/179 177/176/177 188/177/188
f 188/177/188 189/178/189 179/175/179
f 233/179/233 207/174/207 235/180/235
f 238/181/238 235/180/235 207/174/207
f 163/182/163 162/183/162 157/184/157
f 157/184/157 158/185/158 163/182/163
f 236/172/236 207/174/207 233/179/233
f 216/186/216 218/187/218 157/184/157
f 256/188/256 170/189/170 167/190/167
f 216/186/216 157/184/157 217/191/217
f 253/192/253 252/193/252 256/188/256
f 246/194/246 250/195/250 244/196/244
f 258/197/258 246/194/246 244/196/244
f 442/305/442 443/306/443 433/307/433
f 439/308/439 433/307/433 441/309/441
f 444/310/444 441/309/441 433/307/433
f 442/305/442 433/307/433 439/308/439
f 395/311/395 396/312/396 366/313/366
f 338/314/338 336/315/336 347/316/347
f 347/316/347 348/317/348 338/314/338
f 392/318/392 366/313/366 394/319/394
f 397/320/397 394/319/394 366/313/366
f 322/321/322 321/322/321 316/323/316
f 316/323/316 317/324/317 322/321/322
f 395/311/395 366/313/366 392/318/392
f 375/325/375 377/326/377 316/323/316
f 415/327/415 329/328/329 326/329/326
f 375/325/375 316/323/316 376/330/376
f 412/331/412 411/332/411 415/327/415
f 405/333/405 409/334/409 403/335/403
f 417/336/417 405/333/405 403/335/403
f 415/327/415 411/332/411 329/328/329
f 493/337/493 491/338/491 502/339/502
f 502/339/502 503/340/503 493/337/493
f 714/831/714 698/829/698 702/832/702
f 644/638/644 635/640/635 645/639/645
f 641/641/641 643/642/643 635/640/635
f 646/643/646 635/640/635 643/642/643
f 644/638/644 641/641/641 635/640/635
f 617/644/617 589/646/589 618/645/618
f 783/937/783 782/936/782 24/28/24
f 1026/1232/1026 1025/1233/1025 1020/1234/1020
f 614/651/614 616/652/616 589/646/589
f 619/653/619 589/646/589 616/652/616
f 671/667/671 663/665/663 672/668/672
f 751/822/751 740/818/740 748/821/748
f 617/644/617 614/651/614 589/646/589
f 598/658/598 547/656/547 600/659/600
f 746/820/746 748/821/748 740/818/740
f 598/658/598 599/663/599 547/656/547
f 714/831/714 715/833/715 698/829/698
f 1057/1231/1057 1054/1230/1054 1036/1228/1036
f 749/817/749 746/820/746 740/818/740
f 749/817/749 740/818/740 750/819/750
f 663/665/663 671/667/671 661/666/661
f 8/914/8 1/911/1 5/901/5
f 4/902/4 5/901/5 1/911/1
f 1105/1312/1105 1106/1313/1106 1096/1310/1096
f 1020/1234/1020 1021/1235/1021 1026/1232/1026
f 1096/1310/1096 1094/1311/1094 1105/1312/1105
f 1055/1226/1055 1036/1228/1036 1052/1229/1052
f 964/1076/964 965/1077/965 942/1078/942
f 919/1079/919 917/1080/917 928/1081/928
f 928/1081/928 929/1082/929 919/1079/919
f 1134/1317/1134 1133/1318/1133 1137/1314/1137
f 966/1085/966 963/1084/963 942/1078/942
f 904/1086/904 903/1087/903 898/1088/898
f 898/1088/898 899/1089/899 904/1086/904
f 1137/1314/1137 1087/1315/1087 1084/1316/1084
f 1137/1314/1137 1133/1318/1133 1087/1315/1087
f 981/1090/981 910/1091/910 907/1092/907
f 978/1093/978 977/1094/977 981/1090/981
f 972/1095/972 975/1096/975 970/1097/970
f 983/1098/983 972/1095/972 970/1097/970
f 981/1090/981 977/1094/977 910/1091/910
f 1055/1226/1055 1056/1227/1056 1036/1228/1036
f 1052/1229/1052 1036/1228/1036 1054/1230/1054
g fff07975_00245_006a153b_e3
f 664/700/664 678/729/678 663/665/663
f 587/706/587 554/685/554 555/662/555
f 166/214/166 228/251/228 203/236/203
f 166/495/166 294/496/294 300/497/300
f 310/498/310 228/499/228 166/495/166
f 167/190/167 240/233/240 205/204/205
f 64/100/64 50/140/50 78/55/78
f 28/66/28 27/159/27 107/143/107
f 782/935/782 23/26/23 24/27/24
f 773/907/773 770/903/770 774/909/774
f 76/67/76 74/147/74 75/127/75
f 51/99/51 52/33/52 44/44/44
f 68/145/68 69/48/69 50/140/50
f 34/82/34 35/85/35 30/65/30
f 40/51/40 39/53/39 36/121/36
f 78/55/78 50/140/50 45/75/45
f 1116/1323/1116 1107/1335/1107 1097/1320/1097
f 91/135/91 70/64/70 71/137/71
f 1116/1323/1116 1115/1322/1115 1106/1313/1106
f 753/848/753 712/847/712 739/850/739
f 733/840/733 728/841/728 732/842/732
f 38/144/38 66/34/66 63/36/63
f 878/1059/878 859/1023/859 855/1060/855
f 35/85/35 33/86/33 28/66/28
f 157/184/157 156/249/156 217/191/217
f 70/64/70 91/135/91 94/63/94
f 735/851/735 731/852/731 736/853/736
f 773/910/773 774/909/774 775/912/775
f 731/852/731 735/851/735 730/845/730
f 730/845/730 750/819/750 731/852/731
f 162/183/162 161/250/161 156/249/156
f 157/184/157 162/183/162 156/249/156
f 805/994/805 802/995/802 822/996/822
f 244/196/244 243/248/243 255/247/255
f 736/853/736 729/855/729 734/856/734
f 167/190/167 244/196/244 255/247/255
f 895/1021/895 846/1022/846 858/1019/858
f 770/903/770 771/904/771 2/905/2
f 245/201/245 204/203/204 206/202/206
f 1115/1322/1115 1096/1310/1096 1106/1313/1106
f 28/66/28 30/65/30 35/85/35
f 747/844/747 750/819/750 730/845/730
f 747/844/747 749/817/749 750/819/750
f 773/907/773 769/908/769 770/903/770
f 724/825/724 703/836/703 699/839/699
f 770/903/770 2/905/2 7/906/7
f 158/185/158 245/201/245 206/202/206
f 29/141/29 30/65/30 100/161/100
f 30/65/30 29/141/29 34/82/34
f 1091/1334/1091 1090/1329/1090 1099/1328/1099
f 770/903/770 769/908/769 771/904/771
f 703/836/703 724/825/724 700/837/700
f 36/121/36 37/139/37 40/51/40
f 234/244/234 159/223/159 237/173/237
f 54/32/54 55/98/55 49/130/49
f 244/196/244 167/190/167 258/197/258
f 49/130/49 48/43/48 54/32/54
f 802/977/802 805/973/805 810/968/810
f 258/197/258 167/190/167 205/204/205
f 268/242/268 266/246/266 261/245/261
f 261/245/261 263/243/263 268/242/268
f 723/854/723 724/825/724 699/839/699
f 624/708/624 645/639/645 625/716/625
f 625/716/625 630/715/630 624/708/624
f 615/717/615 617/644/617 618/645/618
f 698/829/698 715/833/715 701/858/701
f 702/830/702 698/829/698 701/858/701
f 240/233/240 167/190/167 166/214/166
f 464/500/464 374/501/374 545/502/545
f 265/230/265 264/231/264 260/232/260
f 173/227/173 174/207/174 308/229/308
f 545/502/545 374/501/374 376/503/376
f 375/325/375 376/330/376 374/431/374
f 198/208/198 179/175/179 189/178/189
f 44/44/44 43/133/43 51/99/51
f 69/48/69 68/145/68 59/49/59
f 69/48/69 60/72/60 50/140/50
f 68/145/68 49/130/49 59/49/59
f 703/836/703 700/837/700 704/838/704
f 262/235/262 263/243/263 284/167/284
f 701/858/701 715/833/715 697/857/697
f 263/243/263 262/235/262 267/241/267
f 234/244/234 237/173/237 236/172/236
f 267/241/267 268/242/268 263/243/263
f 629/714/629 624/708/624 630/715/630
f 596/712/596 631/710/631 634/713/634
f 630/715/630 623/718/623 628/719/628
f 712/847/712 753/848/753 738/849/738
f 678/741/678 664/939/664 669/774/669
f 678/729/678 672/668/672 663/665/663
f 858/1019/858 883/1020/883 895/1021/895
f 658/698/658 665/727/665 657/697/657
f 663/665/663 667/738/667 662/740/662
f 287/239/287 272/240/272 269/237/269
f 667/738/667 663/665/663 668/739/668
f 679/732/679 690/737/690 687/731/687
f 652/734/652 675/736/675 656/735/656
f 687/731/687 680/733/680 679/732/679
f 682/726/682 659/730/659 664/725/664
f 669/774/669 664/939/664 784/938/784
f 665/727/665 658/698/658 627/728/627
f 676/724/676 682/726/682 664/725/664
f 554/685/554 586/709/586 609/723/609
f 615/717/615 618/645/618 548/693/548
f 550/722/550 599/663/599 546/721/546
f 600/655/600 547/656/547 550/722/550
f 547/656/547 599/663/599 550/722/550
f 582/680/582 574/650/574 581/679/581
f 568/678/568 567/676/567 560/701/560
f 551/672/551 588/673/588 621/674/621
f 554/685/554 587/706/587 586/709/586
f 621/664/621 587/675/587 555/662/555
f 1132/1336/1132 1131/1337/1131 1136/1338/1136
f 657/697/657 695/699/695 658/698/658
f 627/703/627 622/705/622 626/704/626
f 631/710/631 596/712/596 633/711/633
f 269/237/269 271/238/271 287/239/287
f 204/203/204 258/197/258 205/204/205
f 281/234/281 284/167/284 283/166/283
f 166/214/166 203/236/203 240/233/240
f 281/234/281 262/235/262 284/167/284
f 513/405/513 504/415/504 494/401/494
f 513/405/513 512/375/512 503/340/503
f 43/133/43 44/44/44 155/165/155
f 127/114/127 126/116/126 122/152/122
f 155/165/155 154/164/154 43/133/43
f 102/92/102 37/139/37 36/121/36
f 143/78/143 124/151/124 146/158/146
f 36/121/36 73/120/73 102/92/102
f 143/78/143 146/158/146 145/79/145
f 74/147/74 120/160/120 75/127/75
f 131/104/131 133/103/133 149/108/149
f 149/108/149 134/107/134 131/104/131
f 129/115/129 130/113/130 125/110/125
f 1081/1306/1081 505/528/505 537/587/537
f 125/110/125 124/151/124 129/115/129
f 124/151/124 125/110/125 146/158/146
f 123/111/123 125/110/125 130/113/130
f 130/113/130 128/112/128 123/111/123
f 120/160/120 37/139/37 75/127/75
f 106/163/106 37/139/37 120/160/120
f 505/528/505 1081/1306/1081 1082/1307/1082
f 28/66/28 107/143/107 76/67/76
f 107/143/107 74/147/74 76/67/76
f 37/139/37 106/163/106 117/93/117
f 106/163/106 105/94/105 117/93/117
f 27/159/27 32/84/32 26/142/26
f 32/84/32 31/83/31 26/142/26
f 27/159/27 26/142/26 86/155/86
f 37/139/37 102/92/102 75/127/75
f 488/372/488 487/371/487 495/403/495
f 493/337/493 492/414/492 498/412/498
f 36/121/36 97/122/97 73/120/73
f 194/198/194 180/199/180 209/200/209
f 158/185/158 157/184/157 245/201/245
f 206/202/206 204/203/204 205/204/205
f 181/205/181 182/206/182 174/207/174
f 198/208/198 199/209/199 180/199/180
f 164/210/164 165/211/165 160/212/160
f 170/189/170 169/213/169 166/214/166
f 209/200/209 180/199/180 175/215/175
f 222/216/222 200/217/200 201/218/201
f 168/219/168 196/220/196 193/221/193
f 165/211/165 163/182/163 158/185/158
f 200/217/200 222/216/222 225/222/225
f 158/185/158 160/212/160 165/211/165
f 159/223/159 160/212/160 237/173/237
f 160/212/160 159/223/159 164/210/164
f 166/214/166 167/190/167 170/189/170
f 184/224/184 185/225/185 179/175/179
f 179/175/179 178/226/178 184/224/184
f 174/207/174 173/227/173 181/205/181
f 199/209/199 198/208/198 189/178/189
f 199/209/199 190/228/190 180/199/180
f 300/497/300 310/498/310 166/495/166
f 353/342/353 339/343/339 368/344/368
f 317/324/317 316/323/316 404/345/404
f 365/346/365 363/347/363 364/348/364
f 340/349/340 341/350/341 333/351/333
f 357/352/357 358/353/358 339/343/339
f 323/354/323 324/355/324 319/356/319
f 329/328/329 328/357/328 325/358/325
f 368/344/368 339/343/339 334/359/334
f 381/360/381 359/361/359 360/362/360
f 327/363/327 355/364/355 352/365/352
f 324/355/324 322/321/322 317/324/317
f 359/361/359 381/360/381 384/366/384
f 317/324/317 319/356/319 324/355/324
f 318/367/318 319/356/319 396/312/396
f 319/356/319 318/367/318 323/354/323
f 325/358/325 326/329/326 329/328/329
f 343/368/343 344/369/344 338/314/338
f 338/314/338 337/370/337 343/368/343
f 544/504/544 533/505/533 487/506/487
f 487/506/487 488/507/488 544/504/544
f 515/508/515 542/509/542 522/510/522
f 542/509/542 515/508/515 539/511/539
f 512/375/512 493/337/493 503/340/503
f 333/351/333 332/376/332 340/349/340
f 358/353/358 357/352/357 348/317/348
f 358/353/358 349/377/349 339/343/339
f 357/352/357 338/314/338 348/317/348
f 466/512/466 360/513/360 460/514/460
f 360/513/360 466/512/466 381/515/381
f 332/516/332 333/517/333 480/518/480
f 424/378/424 423/379/423 419/380/419
f 480/518/480 454/519/454 332/516/332
f 399/381/399 326/329/326 325/358/325
f 440/382/440 421/383/421 443/306/443
f 325/358/325 362/384/362 399/381/399
f 440/382/440 443/306/443 442/305/442
f 363/347/363 417/336/417 364/348/364
f 428/385/428 430/386/430 446/387/446
f 446/520/446 431/521/431 428/522/428
f 426/389/426 427/390/427 422/391/422
f 393/392/393 396/312/396 395/311/395
f 422/391/422 421/383/421 426/389/426
f 421/383/421 422/391/422 443/306/443
f 420/393/420 422/391/422 427/390/427
f 427/390/427 425/394/425 420/393/420
f 417/336/417 326/329/326 364/348/364
f 403/335/403 326/329/326 417/336/417
f 393/392/393 318/367/318 396/312/396
f 317/324/317 404/345/404 365/346/365
f 404/345/404 363/347/363 365/346/365
f 326/329/326 403/335/403 414/395/414
f 403/335/403 402/396/402 414/395/414
f 316/323/316 321/322/321 315/397/315
f 321/322/321 320/398/320 315/397/315
f 316/323/316 315/397/315 376/330/376
f 326/329/326 399/381/399 364/348/364
f 468/523/468 387/524/387 325/525/325
f 325/525/325 453/526/453 468/523/468
f 325/358/325 387/399/387 362/384/362
f 508/400/508 494/401/494 517/402/517
f 495/403/495 496/404/496 488/372/488
f 512/375/512 513/405/513 494/401/494
f 517/402/517 494/401/494 489/406/489
f 522/374/522 514/407/514 515/373/515
f 482/408/482 510/409/510 507/410/507
f 514/407/514 522/374/522 525/411/525
f 498/412/498 499/413/499 493/337/493
f 579/669/579 591/671/591 566/670/566
f 581/679/581 574/650/574 565/647/565
f 588/673/588 587/675/587 621/674/621
f 642/707/642 644/638/644 645/639/645
f 581/679/581 566/670/566 582/680/582
f 552/681/552 549/683/549 553/682/553
f 558/661/558 554/685/554 557/684/557
f 591/671/591 561/686/561 566/670/566
f 604/687/604 584/689/584 583/688/583
f 642/707/642 645/639/645 624/708/624
f 582/680/582 566/670/566 575/702/575
f 583/688/583 606/692/606 604/687/604
f 551/657/551 553/682/553 549/683/549
f 548/693/548 618/645/618 549/683/549
f 549/683/549 552/681/552 548/693/548
f 554/685/554 558/661/558 555/662/555
f 564/694/564 565/647/565 570/695/570
f 857/1040/857 844/1037/844 894/1036/894
f 857/1040/857 894/1036/894 856/1039/856
f 890/1034/890 880/1025/880 887/1032/887
f 887/1032/887 880/1025/880 885/1028/885
f 894/1036/894 887/1032/887 856/1039/856
f 894/1036/894 890/1034/890 887/1032/887
f 888/1033/888 844/1037/844 857/1040/857
f 888/1033/888 857/1040/857 841/1030/841
f 842/1031/842 867/1027/867 872/1038/872
f 873/1041/873 875/1043/875 877/1044/877
f 852/1053/852 861/1047/861 863/1049/863
f 851/1051/851 860/1046/860 896/1056/896
f 860/1046/860 854/1055/854 896/1056/896
f 843/1050/843 886/1048/886 853/1054/853
f 840/1045/840 869/1052/869 849/1042/849
f 840/1045/840 849/1042/849 891/1057/891
f 855/1060/855 871/1058/871 878/1059/878
f 853/1054/853 840/1045/840 843/1050/843
f 870/1066/870 868/1065/868 866/1063/866
f 866/1063/866 876/1067/876 870/1066/870
f 892/1064/892 867/1027/867 842/1031/842
f 874/1062/874 873/1041/873 877/1044/877
f 891/1057/891 881/1061/881 893/1068/893
f 843/1050/843 840/1045/840 893/1068/893
f 840/1045/840 891/1057/891 893/1068/893
f 889/1071/889 848/1069/848 845/1070/845
f 864/1074/864 884/1073/884 862/1072/862
f 889/1071/889 847/1075/847 848/1069/848
f 5/901/5 4/902/4 6/899/6
f 6/899/6 3/898/3 5/901/5
f 934/1099/934 920/1100/920 948/1101/948
f 899/1089/899 898/1088/898 971/1102/971
f 946/1103/946 944/1104/944 945/1105/945
f 938/1106/938 939/1107/939 920/1100/920
f 905/1108/905 904/1109/904 901/1110/901
f 898/1088/898 903/1087/903 897/1141/897
f 948/1101/948 920/1100/920 915/1113/915
f 1001/1143/1001 957/1144/957 906/1145/906
f 908/1117/908 936/1118/936 933/1119/933
f 1152/1339/1152 1142/1340/1142 1090/1329/1090
f 1090/1329/1090 1091/1334/1091 1152/1339/1152
f 899/1089/899 901/1110/901 904/1109/904
f 900/1121/900 901/1110/901 965/1077/965
f 901/1110/901 900/1121/900 905/1108/905
f 922/1214/922 913/1133/913 921/1225/921
f 924/1122/924 925/1123/925 919/1079/919
f 919/1079/919 918/1124/918 924/1122/924
f 914/1125/914 913/1133/913 922/1214/922
f 939/1107/939 938/1106/938 929/1082/929
f 939/1107/939 930/1128/930 920/1100/920
f 938/1106/938 919/1079/919 929/1082/929
f 970/1097/970 969/1140/969 980/1139/980
f 903/1087/903 902/1142/902 897/1141/897
f 913/1133/913 914/1125/914 1007/1134/1007
f 1007/1134/1007 991/1135/991 913/1133/913
f 945/1136/945 907/1092/907 906/1112/906
f 906/1112/906 943/1137/943 945/1136/945
f 944/1104/944 983/1098/983 945/1105/945
f 962/1138/962 965/1077/965 964/1076/964
f 983/1098/983 907/1092/907 945/1105/945
f 970/1097/970 907/1092/907 983/1098/983
f 906/1145/906 990/1146/990 1001/1143/1001
f 899/1089/899 971/1102/971 946/1103/946
f 971/1102/971 944/1104/944 946/1103/946
f 906/1112/906 957/1147/957 943/1137/943
f 1075/1243/1075 1041/1244/1041 1080/1245/1080
f 1080/1245/1080 1041/1244/1041 1043/1246/1043
f 1042/1236/1042 1043/1238/1043 1041/1247/1041
f 1021/1235/1021 1020/1234/1020 1061/1248/1061
f 1035/1249/1035 1033/1250/1033 1034/1251/1034
f 1027/1252/1027 1028/1253/1028 1023/1254/1023
f 1028/1253/1028 1026/1232/1026 1021/1235/1021
f 1021/1235/1021 1023/1254/1023 1028/1253/1028
f 1022/1255/1022 1023/1254/1023 1056/1227/1056
f 1023/1254/1023 1022/1255/1022 1027/1252/1027
f 1059/1256/1059 1030/1257/1030 1029/1258/1029
f 1029/1258/1029 1032/1259/1032 1059/1256/1059
f 1033/1250/1033 1068/1242/1068 1034/1251/1034
f 1053/1260/1053 1056/1227/1056 1055/1226/1055
f 1068/1242/1068 1030/1257/1030 1034/1251/1034
f 1060/1241/1060 1030/1257/1030 1068/1242/1068
f 1053/1260/1053 1022/1255/1022 1056/1227/1056
f 1021/1235/1021 1061/1248/1061 1035/1249/1035
f 1061/1248/1061 1033/1250/1033 1035/1249/1035
f 1020/1234/1020 1025/1233/1025 1019/1261/1019
f 1025/1233/1025 1024/1262/1024 1019/1261/1019
f 1020/1234/1020 1019/1261/1019 1043/1238/1043
f 1030/1257/1030 1059/1256/1059 1034/1251/1034
f 1077/1263/1077 1047/1264/1047 1029/1265/1029
f 1029/1265/1029 1030/1305/1030 1077/1263/1077
f 1029/1258/1029 1047/1267/1047 1032/1259/1032
f 1030/1305/1030 1060/1266/1060 1077/1263/1077
f 1111/1319/1111 1097/1320/1097 1120/1321/1120
f 1115/1322/1115 1116/1323/1116 1097/1320/1097
f 1120/1321/1120 1097/1320/1097 1092/1324/1092
f 1085/1325/1085 1113/1326/1113 1110/1327/1110
f 1099/1328/1099 1090/1329/1090 1098/1330/1098
f 1101/1331/1101 1102/1332/1102 1096/1310/1096
f 1096/1310/1096 1095/1333/1095 1101/1331/1101
g fff07975_00245_006a153b_e1
f 760/888/760 719/870/719 725/828/725
f 755/883/755 759/884/759 699/839/699
f 721/871/721 699/839/699 759/884/759
f 846/1022/846 845/1070/845 858/1019/858
f 539/511/539 515/508/515 541/527/541
f 49/130/49 68/145/68 62/45/62
f 714/831/714 713/865/713 715/833/715
f 1022/1255/1022 1053/1260/1053 1050/1296/1050
f 509/461/509 494/401/494 508/400/508
f 747/844/747 744/863/744 745/864/745
f 62/45/62 68/145/68 79/46/79
f 108/37/108 120/160/120 109/38/109
f 45/75/45 50/140/50 60/72/60
f 757/887/757 767/895/767 764/894/764
f 708/824/708 705/861/705 726/860/726
f 523/467/523 527/466/527 526/459/526
f 525/411/525 526/459/526 527/466/527
f 527/466/527 523/467/523 524/468/524
f 100/138/100 30/65/30 101/91/101
f 726/860/726 704/834/704 700/837/700
f 1041/1244/1041 1075/1243/1075 1074/1294/1074
f 723/854/723 721/871/721 722/872/722
f 1069/1281/1069 1067/1282/1067 1061/1248/1061
f 27/159/27 121/71/121 107/143/107
f 512/375/512 494/401/494 518/457/518
f 521/460/521 481/426/481 483/465/483
f 522/374/522 521/460/521 525/411/525
f 486/464/486 482/408/482 485/463/485
f 294/496/294 166/495/166 298/530/298
f 222/531/222 298/530/298 166/495/166
f 293/532/293 159/533/159 302/534/302
f 231/535/231 302/534/302 159/533/159
f 293/532/293 292/536/292 156/537/156
f 120/160/120 74/147/74 109/38/109
f 74/147/74 107/143/107 113/87/113
f 121/71/121 27/159/27 87/69/87
f 699/839/699 721/871/721 723/854/723
f 751/822/751 737/873/737 740/818/740
f 485/463/485 482/408/482 507/410/507
f 705/861/705 725/828/725 719/870/719
f 136/150/136 146/158/146 125/110/125
f 506/538/506 492/539/492 493/540/493
f 136/150/136 125/110/125 148/109/148
f 124/151/124 143/78/143 140/148/140
f 143/78/143 141/77/141 140/148/140
f 85/128/85 86/155/86 84/153/84
f 83/124/83 82/96/82 80/156/80
f 80/156/80 81/157/81 83/124/83
f 709/867/709 712/866/712 710/869/710
f 845/1070/845 850/1029/850 858/1019/858
f 767/895/767 757/887/757 760/888/760
f 100/1309/100 98/118/98 29/134/29
f 36/121/36 94/63/94 91/135/91
f 60/72/60 56/47/56 45/75/45
f 103/68/103 94/63/94 90/52/90
f 506/456/506 511/462/511 492/414/492
f 518/457/518 494/401/494 509/461/509
f 101/91/101 30/65/30 76/67/76
f 100/138/100 101/91/101 72/119/72
f 37/139/37 117/93/117 118/97/118
f 79/46/79 50/140/50 65/35/65
f 526/459/526 525/411/525 521/460/521
f 504/415/504 500/458/500 489/406/489
f 118/97/118 117/93/117 119/88/119
f 121/71/121 113/87/113 107/143/107
f 481/426/481 521/460/521 522/374/522
f 489/406/489 494/401/494 504/415/504
f 62/45/62 67/73/67 48/43/48
f 62/45/62 48/43/48 49/130/49
f 41/76/41 38/144/38 63/36/63
f 42/42/42 38/144/38 41/76/41
f 36/121/36 90/52/90 94/63/94
f 90/52/90 36/121/36 39/53/39
f 68/145/68 50/140/50 79/46/79
f 506/456/506 512/375/512 518/457/518
f 113/87/113 109/38/109 74/147/74
f 104/40/104 92/126/92 93/41/93
f 94/63/94 103/68/103 104/40/104
f 92/126/92 104/40/104 103/68/103
f 1041/1244/1041 1074/1294/1074 1076/1274/1076
f 1078/1290/1078 1057/1291/1057 1048/1292/1048
f 493/540/493 512/541/512 506/538/506
f 350/542/350 459/543/459 458/544/458
f 65/35/65 50/140/50 64/100/64
f 479/1018/479 350/542/350 353/545/353
f 457/546/457 456/547/456 335/548/335
f 335/548/335 336/549/336 457/546/457
f 147/149/147 136/150/136 132/59/132
f 132/59/132 138/58/138 147/149/147
f 148/109/148 125/110/125 135/106/135
f 136/150/136 148/109/148 132/59/132
f 456/547/456 455/550/455 334/551/334
f 334/551/334 335/548/335 456/547/456
f 453/526/453 325/525/325 466/512/466
f 381/515/381 466/512/466 325/525/325
f 452/552/452 318/553/318 471/554/471
f 390/555/390 471/554/471 318/553/318
f 452/552/452 451/556/451 315/557/315
f 315/557/315 318/553/318 452/552/452
f 465/558/465 350/542/350 458/544/458
f 378/559/378 465/558/465 360/513/360
f 460/514/460 360/513/360 465/558/465
f 350/542/350 465/558/465 378/559/378
f 433/307/433 445/429/445 429/450/429
f 445/429/445 422/391/422 432/451/432
f 429/450/429 435/421/435 444/310/444
f 444/310/444 433/307/433 429/450/429
f 179/175/179 198/208/198 192/252/192
f 304/560/304 278/561/278 307/562/307
f 285/563/285 307/562/307 278/561/278
f 192/252/192 198/208/198 210/254/210
f 246/194/246 258/197/258 247/255/247
f 175/215/175 180/199/180 190/228/190
f 276/564/276 305/565/305 307/562/307
f 307/562/307 285/563/285 276/564/276
f 207/174/207 160/212/160 239/257/239
f 238/181/238 207/174/207 202/258/202
f 207/174/207 237/173/237 160/212/160
f 157/184/157 259/259/259 245/201/245
f 258/197/258 204/203/204 247/255/247
f 204/203/204 245/201/245 251/260/251
f 259/259/259 157/184/157 218/261/218
f 1067/1282/1067 1063/1278/1063 1033/1250/1033
f 274/168/274 284/167/284 263/243/263
f 278/561/278 304/560/304 262/567/262
f 274/168/274 263/243/263 286/262/286
f 262/235/262 281/234/281 278/253/278
f 281/234/281 279/263/279 278/253/278
f 216/186/216 217/191/217 215/264/215
f 214/265/214 213/266/213 211/267/211
f 211/267/211 212/268/212 214/265/214
f 202/258/202 229/269/229 238/181/238
f 166/214/166 225/222/225 222/216/222
f 190/228/190 186/270/186 175/215/175
f 241/271/241 225/222/225 221/272/221
f 304/566/304 480/568/480 260/569/260
f 260/569/260 262/567/262 304/566/304
f 239/257/239 160/212/160 206/202/206
f 207/174/207 239/257/239 202/258/202
f 167/190/167 255/247/255 256/188/256
f 210/254/210 180/199/180 195/273/195
f 302/534/302 231/535/231 303/570/303
f 238/571/238 303/570/303 231/535/231
f 256/188/256 255/247/255 257/275/257
f 259/259/259 251/260/251 245/201/245
f 229/572/229 301/573/301 303/570/303
f 303/570/303 238/571/238 229/572/229
f 192/252/192 197/276/197 178/226/178
f 192/252/192 178/226/178 179/175/179
f 171/277/171 168/219/168 193/221/193
f 172/278/172 168/219/168 171/277/171
f 166/214/166 221/272/221 225/222/225
f 221/272/221 166/214/166 169/213/169
f 198/208/198 180/199/180 210/254/210
f 215/574/215 296/575/296 299/576/299
f 251/260/251 247/255/247 204/203/204
f 242/279/242 223/280/223 224/281/224
f 225/222/225 241/271/241 242/279/242
f 223/280/223 242/279/242 241/271/241
f 234/244/234 232/282/232 231/274/231
f 159/223/159 234/244/234 231/274/231
f 299/576/299 227/577/227 215/574/215
f 215/574/215 297/578/297 296/575/296
f 195/273/195 180/199/180 194/198/194
f 297/578/297 215/574/215 217/579/217
f 211/580/211 299/576/299 295/581/295
f 299/576/299 211/580/211 227/577/227
f 285/171/285 274/168/274 270/284/270
f 270/284/270 276/256/276 285/171/285
f 286/262/286 263/243/263 273/285/273
f 274/168/274 286/262/286 270/284/270
f 467/582/467 370/583/370 386/584/386
f 370/583/370 467/582/467 462/585/462
f 519/529/519 541/527/541 515/508/515
f 354/439/354 339/343/339 353/342/353
f 156/537/156 159/533/159 293/532/293
f 505/528/505 538/586/538 537/587/537
f 338/314/338 357/352/357 351/417/351
f 477/588/477 437/589/437 478/590/478
f 444/591/444 478/590/478 437/589/437
f 351/417/351 357/352/357 369/419/369
f 405/333/405 417/336/417 406/420/406
f 334/359/334 339/343/339 349/377/349
f 538/586/538 505/528/505 508/592/508
f 435/593/435 475/594/475 478/590/478
f 478/590/478 444/591/444 435/593/435
f 366/313/366 319/356/319 398/422/398
f 397/320/397 366/313/366 361/423/361
f 366/313/366 396/312/396 319/356/319
f 316/323/316 418/424/418 404/345/404
f 536/595/536 535/596/535 490/597/490
f 490/597/490 491/598/491 536/595/536
f 535/596/535 534/599/534 489/600/489
f 489/600/489 490/597/490 535/596/535
f 532/601/532 481/602/481 542/509/542
f 522/510/522 542/509/542 481/602/481
f 417/336/417 363/347/363 406/420/406
f 363/347/363 404/345/404 410/427/410
f 418/424/418 316/323/316 377/428/377
f 474/603/474 421/604/421 477/588/477
f 433/307/433 443/306/443 422/391/422
f 437/589/437 477/588/477 421/604/421
f 433/307/433 422/391/422 445/429/445
f 421/383/421 440/382/440 437/418/437
f 440/382/440 438/430/438 437/418/437
f 1053/1260/1053 1051/1295/1051 1050/1296/1050
f 373/432/373 372/433/372 370/434/370
f 370/583/370 371/605/371 373/606/373
f 361/423/361 388/435/388 397/320/397
f 325/358/325 384/366/384 381/360/381
f 349/377/349 345/436/345 334/359/334
f 400/437/400 384/366/384 380/438/380
f 474/603/474 473/607/473 419/608/419
f 419/608/419 421/604/421 474/603/474
f 398/422/398 319/356/319 365/346/365
f 366/313/366 398/422/398 361/423/361
f 326/329/326 414/395/414 415/327/415
f 369/419/369 339/343/339 354/439/354
f 471/554/471 390/555/390 472/609/472
f 397/610/397 472/609/472 390/555/390
f 415/327/415 414/395/414 416/441/416
f 418/424/418 410/427/410 404/345/404
f 388/611/388 469/612/469 472/609/472
f 472/609/472 397/610/397 388/611/388
f 351/417/351 356/442/356 337/370/337
f 351/417/351 337/370/337 338/314/338
f 330/443/330 327/363/327 352/365/352
f 331/444/331 327/363/327 330/443/330
f 325/358/325 380/438/380 384/366/384
f 380/438/380 325/358/325 328/357/328
f 357/352/357 339/343/339 369/419/369
f 374/501/374 463/613/463 467/582/467
f 410/427/410 406/420/406 363/347/363
f 401/445/401 382/446/382 383/447/383
f 384/366/384 400/437/400 401/445/401
f 382/446/382 401/445/401 400/437/400
f 393/392/393 391/448/391 390/440/390
f 318/367/318 393/392/393 390/440/390
f 467/582/467 386/584/386 374/501/374
f 374/501/374 464/500/464 463/613/463
f 565/647/565 577/742/577 581/679/581
f 577/742/577 592/743/592 581/679/581
f 827/982/827 819/986/819 820/985/820
f 561/686/561 575/702/575 566/670/566
f 589/646/589 588/744/588 549/683/549
f 619/653/619 585/745/585 589/646/589
f 589/646/589 549/683/549 618/645/618
f 807/998/807 805/994/805 822/996/822
f 677/777/677 676/724/676 664/725/664
f 688/783/688 691/775/691 692/782/692
f 828/983/828 827/982/827 820/985/820
f 803/1001/803 815/999/815 802/995/802
f 1126/1377/1126 1130/1376/1130 1129/1368/1129
f 635/640/635 625/716/625 645/639/645
f 635/640/635 647/746/647 625/716/625
f 624/708/624 639/747/639 642/707/642
f 642/707/642 639/747/639 640/748/640
f 598/658/598 597/749/597 599/663/599
f 596/750/596 593/752/593 595/751/595
f 593/752/593 596/750/596 594/753/594
f 585/745/585 619/653/619 610/754/610
f 554/685/554 604/687/604 606/692/606
f 575/702/575 561/686/561 571/755/571
f 620/756/620 603/757/603 606/692/606
f 712/866/712 709/867/709 711/868/711
f 589/646/589 585/745/585 588/744/588
f 555/662/555 558/660/558 621/720/621
f 592/743/592 580/758/580 566/670/566
f 815/999/815 654/1000/654 802/995/802
f 654/1000/654 822/996/822 802/995/802
f 740/818/740 731/852/731 750/819/750
f 577/742/577 565/647/565 564/696/564
f 740/818/740 752/862/752 731/852/731
f 556/762/556 559/761/559 578/691/578
f 558/661/558 606/692/606 603/757/603
f 606/692/606 557/684/557 554/685/554
f 581/679/581 592/743/592 566/670/566
f 827/982/827 828/983/828 817/984/817
f 708/824/708 700/837/700 724/825/724
f 822/996/822 821/997/821 807/998/807
f 828/983/828 829/987/829 817/984/817
f 615/717/615 612/767/612 613/766/613
f 548/693/548 612/767/612 615/717/615
f 580/758/580 579/669/579 566/670/566
f 646/643/646 632/768/632 635/640/635
f 632/768/632 646/643/646 637/769/637
f 647/746/647 630/770/630 625/716/625
f 635/640/635 632/768/632 647/746/647
f 663/665/663 674/771/674 664/700/664
f 674/771/674 683/772/683 664/700/664
f 759/884/759 755/883/755 766/891/766
f 651/773/651 687/731/687 690/737/690
f 762/890/762 766/891/766 755/883/755
f 691/775/691 686/776/686 690/737/690
f 683/772/683 677/777/677 664/725/664
f 674/771/674 662/740/662 667/778/667
f 674/771/674 663/665/663 662/740/662
f 655/779/655 675/736/675 652/734/652
f 656/780/656 655/779/655 652/734/652
f 653/781/653 690/737/690 686/776/686
f 690/737/690 653/781/653 651/773/651
f 719/870/719 760/888/760 757/887/757
f 692/782/692 689/784/689 688/783/688
f 690/737/690 692/782/692 691/775/691
f 740/818/740 737/873/737 752/862/752
f 752/862/752 736/875/736 731/852/731
f 730/845/730 744/863/744 747/844/747
f 737/873/737 751/822/751 742/874/742
f 708/824/708 726/860/726 700/837/700
f 459/543/459 350/542/350 479/1018/479
f 890/1034/890 881/1061/881 880/1025/880
f 881/1061/881 890/1034/890 893/1068/893
f 882/1026/882 884/1073/884 865/1035/865
f 882/1026/882 865/1035/865 850/1029/850
f 931/1148/931 1016/1222/1016 1014/1220/1014
f 1008/1151/1008 931/1148/931 934/1152/934
f 994/1153/994 993/1154/993 916/1155/916
f 916/1155/916 917/1156/917 994/1153/994
f 993/1154/993 1009/1215/1009 915/1158/915
f 915/1158/915 916/1155/916 993/1154/993
f 990/1146/990 906/1145/906 1000/1129/1000
f 953/1132/953 1000/1129/1000 906/1145/906
f 989/1159/989 900/1160/900 1004/1161/1004
f 960/1162/960 1004/1161/1004 900/1160/900
f 989/1159/989 988/1163/988 897/1164/897
f 897/1164/897 900/1160/900 989/1159/989
f 995/1150/995 1017/1223/1017 1018/1224/1018
f 950/1166/950 1013/1219/1013 941/1130/941
f 1015/1221/1015 941/1130/941 1013/1219/1013
f 931/1148/931 1013/1219/1013 950/1166/950
f 935/1167/935 920/1100/920 934/1099/934
f 919/1079/919 938/1106/938 932/1168/932
f 932/1168/932 938/1106/938 949/1169/949
f 972/1095/972 983/1098/983 973/1170/973
f 915/1113/915 920/1100/920 930/1128/930
f 942/1078/942 901/1110/901 946/1171/946
f 997/1131/997 1015/1221/1015 999/1165/999
f 942/1078/942 965/1077/965 901/1110/901
f 898/1088/898 984/1173/984 971/1102/971
f 983/1098/983 944/1104/944 973/1170/973
f 944/1104/944 971/1102/971 976/1174/976
f 1163/1354/1163 1161/1342/1161 1146/1352/1146
f 999/1165/999 1017/1223/1017 995/1150/995
f 906/1112/906 956/1120/956 953/1114/953
f 930/1128/930 926/1176/926 915/1113/915
f 967/1177/967 956/1120/956 952/1178/952
f 1108/1341/1108 1159/1343/1159 1158/1356/1158
f 1162/1353/1162 1150/1363/1150 1160/1358/1160
f 907/1092/907 980/1139/980 981/1090/981
f 949/1169/949 920/1100/920 935/1167/935
f 1004/1161/1004 960/1162/960 1005/1179/1005
f 966/1180/966 1005/1179/1005 960/1162/960
f 981/1090/981 980/1139/980 982/1181/982
f 984/1173/984 976/1174/976 971/1102/971
f 996/1149/996 1016/1222/1016 1008/1151/1008
f 1016/1222/1016 996/1149/996 995/1150/995
f 932/1168/932 937/1184/937 918/1124/918
f 932/1168/932 918/1124/918 919/1079/919
f 911/1185/911 908/1117/908 933/1119/933
f 912/1186/912 908/1117/908 911/1185/911
f 906/1112/906 952/1178/952 956/1120/956
f 952/1178/952 906/1112/906 909/1111/909
f 938/1106/938 920/1100/920 949/1169/949
f 976/1174/976 973/1170/973 944/1104/944
f 968/1187/968 954/1188/954 955/1189/955
f 956/1120/956 967/1177/967 968/1187/968
f 954/1188/954 968/1187/968 967/1177/967
f 962/1138/962 961/1190/961 960/1191/960
f 900/1121/900 962/1138/962 960/1191/960
f 1016/1222/1016 931/1148/931 1008/1151/1008
f 993/1154/993 992/1157/992 1009/1215/1009
f 1017/1223/1017 999/1165/999 1015/1221/1015
f 931/1148/931 1014/1220/1014 1013/1219/1013
f 1018/1224/1018 1016/1222/1016 995/1150/995
f 1076/1274/1076 1046/1276/1046 1041/1244/1041
f 1050/1271/1050 1072/1270/1072 1022/1269/1022
f 1072/1268/1072 1071/1272/1071 1019/1273/1019
f 1019/1273/1019 1022/1269/1022 1072/1268/1072
f 1076/1274/1076 1037/1275/1037 1046/1276/1046
f 1037/1275/1037 1076/1274/1076 1073/1277/1073
f 1062/1239/1062 1068/1242/1068 1063/1278/1063
f 1036/1228/1036 1023/1254/1023 1058/1279/1058
f 1057/1231/1057 1036/1228/1036 1031/1280/1031
f 1036/1228/1036 1056/1227/1056 1023/1254/1023
f 1020/1234/1020 1069/1281/1069 1061/1248/1061
f 1068/1242/1068 1033/1250/1033 1063/1278/1063
f 1033/1250/1033 1061/1248/1061 1067/1282/1067
f 1069/1281/1069 1020/1234/1020 1044/1283/1044
f 1040/1284/1040 1039/1285/1039 1037/1286/1037
f 1037/1275/1037 1038/1287/1038 1040/1288/1040
f 1031/1280/1031 1048/1289/1048 1057/1231/1057
f 1058/1279/1058 1023/1254/1023 1035/1249/1035
f 1036/1228/1036 1058/1279/1058 1031/1280/1031
f 1072/1270/1072 1050/1271/1050 1078/1290/1078
f 1057/1291/1057 1078/1290/1078 1050/1271/1050
f 72/119/72 98/118/98 100/1309/100
f 1108/1341/1108 1161/1342/1161 1159/1343/1159
f 1153/1344/1153 1108/1341/1108 1111/1345/1111
f 1145/1346/1145 1144/1347/1144 1093/1348/1093
f 1093/1348/1093 1094/1349/1094 1145/1346/1145
f 1144/1347/1144 1154/1350/1154 1092/1351/1092
f 1092/1351/1092 1093/1348/1093 1144/1347/1144
f 1161/1342/1161 1108/1341/1108 1153/1344/1153
f 1144/1347/1144 1143/1379/1143 1154/1350/1154
f 1146/1352/1146 1162/1353/1162 1163/1354/1163
f 1122/1355/1122 1158/1356/1158 1118/1357/1118
f 1160/1358/1160 1118/1357/1118 1158/1356/1158
f 1108/1341/1108 1158/1356/1158 1122/1355/1122
f 1112/1359/1112 1097/1320/1097 1111/1319/1111
f 1096/1310/1096 1115/1322/1115 1109/1360/1109
f 1109/1360/1109 1115/1322/1115 1121/1361/1121
f 1092/1324/1092 1097/1320/1097 1107/1335/1107
f 1148/1362/1148 1160/1358/1160 1150/1363/1150
f 1150/1363/1150 1162/1353/1162 1146/1352/1146
f 1083/1364/1083 1128/1365/1128 1125/1366/1125
f 1107/1335/1107 1103/1367/1103 1092/1324/1092
f 1129/1368/1129 1128/1365/1128 1124/1369/1124
f 1084/1316/1084 1136/1338/1136 1137/1314/1137
f 1121/1361/1121 1097/1320/1097 1112/1359/1112
f 1137/1314/1137 1136/1338/1136 1138/1370/1138
f 1147/1371/1147 1161/1342/1161 1153/1344/1153
f 1161/1342/1161 1147/1371/1147 1146/1352/1146
f 1109/1360/1109 1114/1372/1114 1095/1333/1095
f 1109/1360/1109 1095/1333/1095 1096/1310/1096
f 1088/1373/1088 1085/1325/1085 1110/1327/1110
f 1089/1374/1089 1085/1325/1085 1088/1373/1088
f 1083/1364/1083 1124/1369/1124 1128/1365/1128
f 1124/1369/1124 1083/1364/1083 1086/1375/1086
f 1115/1322/1115 1097/1320/1097 1121/1361/1121
f 1130/1376/1130 1126/1377/1126 1127/1378/1127
f 1128/1365/1128 1129/1368/1129 1130/1376/1130
g fff07975_00245_006a153b_e0
f 572/801/572 563/648/563 573/649/573
f 578/691/578 576/802/576 579/669/579
f 55/98/55 53/31/53 47/129/47
f 208/298/208 209/200/209 175/215/175
f 277/297/277 276/256/276 270/284/270
f 562/800/562 571/755/571 561/686/561
f 571/755/571 562/800/562 572/801/572
f 563/648/563 572/801/572 562/800/562
f 43/133/43 47/129/47 53/31/53
f 559/761/559 602/797/602 601/798/601
f 711/868/711 717/876/717 716/877/716
f 770/903/770 772/913/772 775/912/775
f 601/798/601 576/799/576 559/761/559
f 552/681/552 546/721/546 548/693/548
f 716/877/716 717/876/717 714/831/714
f 546/721/546 552/681/552 550/722/550
f 1158/1356/1158 1162/1353/1162 1160/1358/1160
f 757/887/757 765/893/765 758/886/758
f 584/689/584 601/798/601 583/688/583
f 602/797/602 583/688/583 601/798/601
f 639/747/639 646/643/646 643/642/643
f 612/767/612 616/652/616 613/766/613
f 289/295/289 209/200/209 208/298/208
f 270/284/270 271/238/271 277/297/277
f 230/296/230 229/269/229 202/258/202
f 202/258/202 203/236/203 230/296/230
f 177/176/177 176/288/176 187/294/187
f 53/31/53 51/99/51 43/133/43
f 124/151/124 122/152/122 126/116/126
f 1159/1343/1159 1161/1342/1161 1163/1354/1163
f 760/888/760 759/884/759 767/895/767
f 705/861/705 720/878/720 706/846/706
f 765/893/765 757/887/757 764/894/764
f 612/767/612 619/653/619 616/652/616
f 194/198/194 209/200/209 289/295/289
f 595/751/595 593/752/593 608/796/608
f 730/845/730 732/842/732 728/841/728
f 226/292/226 216/186/216 227/283/227
f 578/691/578 579/669/579 580/758/580
f 639/747/639 643/642/643 640/748/640
f 595/751/595 608/796/608 607/795/607
f 669/774/669 660/788/660 670/789/670
f 720/878/720 705/861/705 719/870/719
f 4/902/4 7/906/7 6/899/6
f 4/902/4 1/911/1 770/903/770
f 1163/1354/1163 1162/1353/1162 1159/1343/1159
f 772/913/772 770/903/770 1/911/1
f 9/900/9 8/914/8 5/901/5
f 9/900/9 5/901/5 3/898/3
f 660/788/660 669/774/669 784/938/784
f 775/912/775 774/909/774 770/903/770
f 675/736/675 673/794/673 676/724/676
f 171/277/171 219/287/219 220/293/220
f 219/287/219 171/277/171 191/286/191
f 161/250/161 164/210/164 159/223/159
f 159/223/159 156/249/156 161/250/161
f 201/218/201 200/217/200 219/287/219
f 220/293/220 219/287/219 200/217/200
f 278/253/278 282/170/282 285/171/285
f 231/274/231 232/282/232 235/180/235
f 231/274/231 235/180/235 238/181/238
f 213/266/213 227/283/227 211/267/211
f 563/648/563 570/695/570 565/647/565
f 737/873/737 743/879/743 738/849/738
f 743/879/743 737/873/737 742/874/742
f 41/76/41 63/36/63 61/131/61
f 675/736/675 676/724/676 677/777/677
f 216/186/216 215/264/215 227/283/227
f 264/231/264 267/241/267 262/235/262
f 278/253/278 279/263/279 282/170/282
f 187/294/187 188/177/188 177/176/177
f 670/789/670 661/666/661 671/667/671
f 559/761/559 576/793/576 578/691/578
f 685/791/685 679/732/679 684/790/684
f 661/666/661 668/739/668 663/665/663
f 47/129/47 49/130/49 55/98/55
f 680/733/680 684/790/684 679/732/679
f 684/790/684 673/792/673 655/779/655
f 579/669/579 648/803/648 591/671/591
f 655/779/655 685/791/685 684/790/684
f 676/724/676 694/787/694 682/726/682
f 193/221/193 194/198/194 191/289/191
f 176/288/176 175/215/175 186/270/186
f 624/708/624 626/704/626 622/705/622
f 569/785/569 560/701/560 567/676/567
f 661/666/661 670/789/670 660/788/660
f 694/787/694 681/786/681 682/726/682
f 560/701/560 569/785/569 563/648/563
f 681/786/681 659/730/659 682/726/682
f 570/695/570 563/648/563 569/785/569
f 485/463/485 507/410/507 505/485/505
f 497/484/497 495/403/495 487/371/487
f 487/371/487 491/338/491 497/484/497
f 499/413/499 497/484/497 491/338/491
f 367/483/367 368/344/368 334/359/334
f 436/482/436 435/421/435 429/450/429
f 448/480/448 368/344/368 367/483/367
f 429/450/429 430/386/430 436/482/436
f 389/481/389 388/435/388 361/423/361
f 361/423/361 362/384/362 389/481/389
f 353/342/353 368/344/368 448/480/448
f 385/477/385 375/325/375 386/449/386
f 375/325/375 374/431/374 386/449/386
f 423/379/423 426/389/426 421/383/421
f 437/418/437 438/430/438 441/309/441
f 346/479/346 347/316/347 336/315/336
f 352/365/352 353/342/353 350/455/350
f 335/454/335 334/359/334 345/436/345
f 345/436/345 346/479/346 335/454/335
f 336/315/336 335/454/335 346/479/346
f 330/443/330 378/453/378 379/478/379
f 378/453/378 330/443/330 350/452/350
f 607/795/607 608/796/608 598/658/598
f 762/890/762 754/882/754 761/889/761
f 754/882/754 762/890/762 755/883/755
f 759/884/759 760/888/760 721/871/721
f 725/828/725 721/871/721 760/888/760
f 655/779/655 673/808/673 675/736/675
f 666/807/666 657/697/657 665/727/665
f 598/658/598 608/796/608 597/749/597
f 657/697/657 666/807/666 661/666/661
f 668/739/668 661/666/661 666/807/666
f 590/806/590 561/686/561 591/671/591
f 758/886/758 719/870/719 757/887/757
f 719/870/719 758/886/758 720/878/720
f 755/883/755 697/857/697 754/882/754
f 697/857/697 755/883/755 699/839/699
f 626/704/626 624/708/624 629/714/629
f 701/858/701 699/839/699 703/836/703
f 699/839/699 701/858/701 697/857/697
f 638/805/638 632/768/632 637/769/637
f 744/863/744 748/821/748 745/864/745
f 732/842/732 730/845/730 735/851/735
f 744/863/744 751/822/751 748/821/748
f 721/871/721 705/827/705 722/872/722
f 766/891/766 767/895/767 759/884/759
f 4/902/4 770/903/770 7/906/7
f 648/803/648 590/806/590 591/671/591
f 632/768/632 638/805/638 633/711/633
f 721/871/721 725/828/725 705/827/705
f 711/868/711 709/867/709 717/876/717
f 714/831/714 717/876/717 713/865/713
f 611/804/611 585/745/585 610/754/610
f 186/270/186 187/294/187 176/288/176
f 320/398/320 323/354/323 318/367/318
f 585/745/585 611/804/611 586/709/586
f 507/410/507 509/461/509 508/400/508
f 533/505/533 536/595/536 487/506/487
f 82/96/82 95/60/95 96/154/96
f 63/36/63 65/35/65 64/100/64
f 82/96/82 96/154/96 80/156/80
f 1022/1255/1022 1019/1261/1019 1024/1262/1024
f 519/470/519 485/463/485 1082/1308/1082
f 140/148/140 144/81/144 147/149/147
f 89/50/89 88/136/88 70/64/70
f 71/137/71 70/64/70 88/136/88
f 29/141/29 26/142/26 31/83/31
f 31/83/31 34/82/34 29/141/29
f 88/136/88 41/76/41 61/132/61
f 41/76/41 88/136/88 89/50/89
f 47/129/47 46/146/46 57/74/57
f 56/47/56 57/74/57 46/146/46
f 46/146/46 45/75/45 56/47/56
f 63/36/63 64/100/64 61/162/61
f 57/74/57 58/95/58 47/129/47
f 140/148/140 141/77/141 144/81/144
f 126/116/126 129/115/129 124/151/124
f 85/128/85 84/153/84 96/154/96
f 95/60/95 85/128/85 96/154/96
f 64/100/64 78/55/78 151/54/151
f 72/119/72 73/120/73 99/117/99
f 99/117/99 98/118/98 72/119/72
f 132/59/132 133/103/133 139/57/139
f 151/54/151 78/55/78 77/56/77
f 139/57/139 138/58/138 132/59/132
f 77/56/77 78/55/78 45/75/45
f 185/225/185 183/290/183 177/176/177
f 173/227/173 177/176/177 183/290/183
f 183/290/183 181/205/181 173/227/173
f 262/235/262 260/232/260 264/231/264
f 171/277/171 193/221/193 191/291/191
f 177/176/177 179/175/179 185/225/185
f 491/598/491 487/506/487 536/595/536
f 491/338/491 493/337/493 499/413/499
f 213/266/213 226/292/226 227/283/227
f 193/221/193 195/273/195 194/198/194
f 344/369/344 342/471/342 336/315/336
f 516/472/516 517/402/517 489/406/489
f 332/376/332 336/315/336 342/471/342
f 529/473/529 517/402/517 516/472/516
f 491/338/491 490/425/490 501/474/501
f 342/471/342 340/349/340 332/376/332
f 421/383/421 419/380/419 423/379/423
f 508/400/508 517/402/517 529/473/529
f 485/463/485 519/470/519 520/475/520
f 1082/1308/1082 485/463/485 505/469/505
f 515/373/515 514/407/514 519/470/519
f 520/475/520 519/470/519 514/407/514
f 330/443/330 352/365/352 350/476/350
f 501/474/501 502/339/502 491/338/491
f 336/315/336 338/314/338 344/369/344
f 507/410/507 508/400/508 505/416/505
f 490/425/490 489/406/489 500/458/500
f 500/458/500 501/474/501 490/425/490
f 336/549/336 332/516/332 457/546/457
f 454/519/454 457/546/457 332/516/332
f 372/433/372 385/477/385 386/449/386
f 352/365/352 354/439/354 353/342/353
f 372/433/372 386/449/386 370/434/370
f 390/440/390 394/319/394 397/320/397
f 390/440/390 391/448/391 394/319/394
f 437/418/437 441/309/441 444/310/444
f 379/478/379 378/453/378 359/361/359
f 360/362/360 359/361/359 378/453/378
f 318/367/318 315/397/315 320/398/320
f 804/966/804 808/972/808 813/974/813
f 819/986/819 816/988/816 818/989/818
f 817/984/817 816/988/816 827/982/827
f 827/982/827 816/988/816 819/986/819
f 868/1065/868 870/1066/870 872/1038/872
f 842/1031/842 887/1032/887 885/1028/885
f 850/1029/850 895/1021/895 883/1020/883
f 872/1038/872 867/1027/867 868/1065/868
f 892/1064/892 842/1031/842 885/1028/885
f 850/1029/850 865/1035/865 895/1021/895
f 889/1071/889 846/1022/846 851/1051/851
f 889/1071/889 851/1051/851 896/1056/896
f 876/1067/876 878/1059/878 871/1058/871
f 878/1059/878 876/1067/876 877/1044/877
f 846/1022/846 889/1071/889 845/1070/845
f 862/1072/862 882/1026/882 863/1049/863
f 863/1049/863 879/1024/879 852/1053/852
f 876/1067/876 866/1063/866 874/1062/874
f 874/1062/874 877/1044/877 876/1067/876
f 863/1049/863 882/1026/882 879/1024/879
f 869/1052/869 879/1024/879 849/1042/849
f 852/1053/852 879/1024/879 869/1052/869
f 882/1026/882 862/1072/862 884/1073/884
f 947/1192/947 948/1101/948 915/1113/915
f 985/1193/985 948/1101/948 947/1192/947
f 959/1194/959 958/1175/958 942/1172/942
f 942/1172/942 943/1137/943 959/1194/959
f 934/1099/934 948/1101/948 985/1193/985
f 927/1195/927 928/1081/928 917/1080/917
f 933/1119/933 934/1099/934 931/1196/931
f 916/1197/916 915/1113/915 926/1176/926
f 926/1176/926 927/1195/927 916/1197/916
f 917/1080/917 916/1197/916 927/1195/927
f 911/1185/911 950/1198/950 951/1199/951
f 950/1198/950 911/1185/911 931/1200/931
f 902/1142/902 905/1108/905 900/1121/900
f 925/1123/925 923/1201/923 917/1080/917
f 913/1126/913 917/1080/917 923/1201/923
f 923/1201/923 921/1127/921 913/1126/913
f 911/1185/911 933/1119/933 931/1202/931
f 917/1080/917 919/1079/919 925/1123/925
f 917/1156/917 913/1133/913 994/1153/994
f 991/1135/991 994/1153/994 913/1133/913
f 933/1119/933 935/1167/935 934/1099/934
f 960/1191/960 963/1084/963 966/1085/966
f 960/1191/960 961/1190/961 963/1084/963
f 951/1199/951 950/1198/950 941/1116/941
f 941/1116/941 940/1115/940 951/1199/951
f 900/1121/900 897/1141/897 902/1142/902
f 1012/1218/1012 1011/1217/1011 1010/1216/1010
f 1012/1218/1012 1010/1216/1010 1009/1215/1009
f 1017/1223/1017 1013/1219/1013 1014/1220/1014
f 1013/1219/1013 1017/1223/1017 1015/1221/1015
f 1018/1224/1018 1017/1223/1017 1014/1220/1014
f 1014/1220/1014 1016/1222/1016 1018/1224/1018
f 1049/1297/1049 1048/1289/1048 1031/1280/1031
f 1031/1280/1031 1032/1259/1032 1049/1297/1049
f 1045/1298/1045 1042/1236/1042 1046/1299/1046
f 1042/1236/1042 1041/1247/1041 1046/1299/1046
f 1024/1262/1024 1027/1252/1027 1022/1255/1022
f 1039/1285/1039 1045/1298/1045 1046/1299/1046
f 1039/1285/1039 1046/1299/1046 1037/1286/1037
f 1050/1296/1050 1054/1230/1054 1057/1231/1057
f 1050/1296/1050 1051/1295/1051 1054/1230/1054
f 1119/1380/1119 1120/1321/1120 1092/1324/1092
f 1139/1381/1139 1120/1321/1120 1119/1380/1119
f 1111/1319/1111 1120/1321/1120 1139/1381/1139
f 1104/1382/1104 1105/1312/1105 1094/1311/1094
f 1110/1327/1110 1111/1319/1111 1108/1383/1108
f 1093/1384/1093 1092/1324/1092 1103/1367/1103
f 1103/1367/1103 1104/1382/1104 1093/1384/1093
f 1094/1311/1094 1093/1384/1093 1104/1382/1104
f 1088/1373/1088 1122/1385/1122 1123/1386/1123
f 1122/1385/1122 1088/1373/1088 1108/1387/1108
f 1102/1332/1102 1100/1388/1100 1094/1311/1094
f 1090/1389/1090 1094/1311/1094 1100/1388/1100
f 1100/1388/1100 1098/1390/1098 1090/1389/1090
f 1088/1373/1088 1110/1327/1110 1108/1391/1108
f 1094/1311/1094 1096/1310/1096 1102/1332/1102
f 1094/1349/1094 1090/1329/1090 1145/1346/1145
f 1142/1340/1142 1145/1346/1145 1090/1329/1090
f 1110/1327/1110 1112/1359/1112 1111/1319/1111
f 1123/1386/1123 1122/1385/1122 1118/1392/1118
f 1118/1392/1118 1117/1393/1117 1123/1386/1123
f 1157/1394/1157 1156/1395/1156 1155/1396/1155
f 1157/1394/1157 1155/1396/1155 1154/1350/1154
f 1162/1353/1162 1158/1356/1158 1159/1343/1159
g fff07975_00245_006a153b_e2
f 656/735/656 675/736/675 677/777/677
f 1023/1254/1023 1021/1235/1021 1035/1249/1035
f 153/101/153 152/102/152 64/100/64
f 521/460/521 523/467/523 526/459/526
f 692/782/692 656/780/656 689/784/689
f 486/464/486 485/463/485 520/475/520
f 815/993/815 820/985/820 819/986/819
f 64/100/64 151/54/151 153/101/153
f 502/339/502 501/474/501 503/340/503
f 132/59/132 148/109/148 133/103/133
f 508/400/508 529/473/529 531/493/531
f 556/690/556 578/691/578 580/758/580
f 58/95/58 57/74/57 59/49/59
f 42/42/42 41/76/41 89/50/89
f 531/493/531 530/494/530 508/400/508
f 819/986/819 818/989/818 815/993/815
f 745/864/745 748/821/748 746/820/746
f 479/614/479 367/615/367 461/616/461
f 301/617/301 309/618/309 300/497/300
f 186/270/186 189/178/189 187/294/187
f 196/220/196 197/276/197 192/252/192
f 186/270/186 190/228/190 199/209/199
f 232/282/232 233/179/233 235/180/235
f 218/261/218 249/303/249 259/259/259
f 196/220/196 210/254/210 195/273/195
f 735/851/735 733/840/733 732/842/732
f 758/886/758 756/885/756 718/859/718
f 225/222/225 242/279/242 220/293/220
f 170/189/170 241/271/241 221/272/221
f 160/212/160 158/185/158 206/202/206
f 225/222/225 220/293/220 200/217/200
f 148/109/148 149/108/149 133/103/133
f 148/109/148 135/106/135 149/108/149
f 257/275/257 254/302/254 253/192/253
f 756/885/756 758/886/758 765/893/765
f 745/864/745 749/817/749 747/844/747
f 720/878/720 718/859/718 706/846/706
f 640/748/640 643/642/643 641/641/641
f 629/714/629 630/715/630 626/704/626
f 704/834/704 727/843/727 707/835/707
f 726/860/726 727/843/727 704/834/704
f 141/77/141 145/79/145 142/80/142
f 704/838/704 702/830/702 703/836/703
f 114/125/114 92/126/92 103/68/103
f 226/292/226 288/301/288 218/187/218
f 229/572/229 230/619/230 309/618/309
f 311/620/311 301/573/301 229/572/229
f 714/831/714 702/832/702 716/877/716
f 726/860/726 706/846/706 727/843/727
f 711/868/711 739/880/739 712/866/712
f 703/836/703 702/830/702 701/858/701
f 736/853/736 733/840/733 735/851/735
f 367/615/367 479/614/479 448/621/448
f 72/119/72 101/91/101 73/120/73
f 569/785/569 568/677/568 564/694/564
f 40/51/40 114/125/114 103/68/103
f 705/861/705 706/846/706 726/860/726
f 170/189/170 221/272/221 169/213/169
f 731/852/731 736/875/736 729/855/729
f 52/33/52 51/99/51 53/31/53
f 220/293/220 242/279/242 172/278/172
f 186/270/186 199/209/199 189/178/189
f 196/220/196 192/252/192 210/254/210
f 625/716/625 630/770/630 623/718/623
f 718/859/718 720/878/720 758/886/758
f 95/60/95 150/61/150 110/897/110
f 628/719/628 627/703/627 630/715/630
f 630/715/630 627/703/627 626/704/626
f 119/88/119 117/93/117 105/94/105
f 855/1060/855 872/1038/872 871/1058/871
f 883/1020/883 858/1019/858 850/1029/850
f 856/1039/856 887/1032/887 872/1038/872
f 877/1044/877 875/1043/875 859/1023/859
f 82/96/82 83/124/83 150/61/150
f 1082/1307/1082 1081/1306/1081 519/529/519
f 815/993/815 818/989/818 654/991/654
f 743/879/743 741/881/741 712/847/712
f 745/864/745 746/820/746 749/817/749
f 752/862/752 753/848/753 736/875/736
f 752/862/752 738/849/738 753/848/753
f 101/91/101 102/92/102 73/120/73
f 182/206/182 184/224/184 178/226/178
f 178/226/178 174/207/174 182/206/182
f 85/128/85 95/60/95 87/62/87
f 666/807/666 627/728/627 667/738/667
f 242/279/242 224/281/224 172/278/172
f 613/766/613 617/644/617 615/717/615
f 119/88/119 105/94/105 116/89/116
f 101/91/101 76/67/76 102/92/102
f 76/67/76 75/127/75 102/92/102
f 716/877/716 702/832/702 739/880/739
f 246/194/246 247/255/247 250/195/250
f 112/39/112 113/87/113 111/70/111
f 737/873/737 738/849/738 752/862/752
f 196/220/196 195/273/195 193/221/193
f 183/290/183 184/224/184 182/206/182
f 611/804/611 609/723/609 586/709/586
f 263/243/263 261/245/261 273/285/273
f 266/246/266 268/242/268 265/230/265
f 268/242/268 267/241/267 265/230/265
f 613/766/613 616/652/616 614/651/614
f 111/70/111 87/69/87 110/123/110
f 765/893/765 763/892/763 756/885/756
f 696/816/696 651/815/651 653/781/653
f 164/210/164 161/250/161 162/183/162
f 653/990/653 654/991/654 696/992/696
f 165/211/165 164/210/164 162/183/162
f 279/263/279 281/234/281 283/166/283
f 226/292/226 213/266/213 288/301/288
f 99/117/99 73/120/73 97/122/97
f 448/621/448 353/545/353 479/614/479
f 305/565/305 314/622/314 306/623/306
f 627/728/627 666/807/666 665/727/665
f 119/88/119 116/89/116 115/90/115
f 1045/1298/1045 1070/1302/1070 1044/1237/1044
f 541/527/541 519/529/519 1081/1306/1081
f 275/624/275 314/622/314 277/625/277
f 277/625/277 269/626/269 275/624/275
f 654/811/654 691/775/691 693/814/693
f 129/115/129 126/116/126 127/114/127
f 141/77/141 142/80/142 144/81/144
f 256/188/256 257/275/257 253/192/253
f 113/87/113 112/39/112 109/38/109
f 269/237/269 277/297/277 271/238/271
f 121/71/121 111/70/111 113/87/113
f 33/86/33 35/85/35 32/84/32
f 693/814/693 691/775/691 688/783/688
f 135/106/135 134/107/134 149/108/149
f 306/623/306 275/624/275 313/627/313
f 276/564/276 277/625/277 314/622/314
f 230/296/230 203/236/203 228/251/228
f 249/303/249 218/261/218 248/304/248
f 1164/1405/1164 251/260/251 249/303/249
f 206/202/206 205/204/205 240/233/240
f 239/257/239 206/202/206 240/233/240
f 257/275/257 243/248/243 254/302/254
f 216/186/216 226/292/226 218/187/218
f 239/257/239 240/233/240 203/236/203
f 53/31/53 55/98/55 54/32/54
f 131/104/131 139/57/139 133/103/133
f 118/97/118 119/88/119 115/90/115
f 139/57/139 131/104/131 137/105/137
f 461/616/461 334/551/334 455/550/455
f 95/60/95 82/96/82 150/61/150
f 656/780/656 685/791/685 655/779/655
f 671/667/671 672/668/672 670/789/670
f 141/77/141 143/78/143 145/79/145
f 183/290/183 185/225/185 184/224/184
f 35/85/35 34/82/34 32/84/32
f 716/877/716 739/880/739 711/868/711
f 712/847/712 738/849/738 743/879/743
f 571/755/571 572/801/572 574/650/574
f 552/681/552 600/655/600 550/722/550
f 553/682/553 600/655/600 552/681/552
f 556/690/556 577/742/577 564/760/564
f 34/82/34 31/83/31 32/84/32
f 571/755/571 582/680/582 575/702/575
f 273/285/273 272/240/272 287/239/287
f 163/182/163 165/211/165 162/183/162
f 805/973/805 807/969/807 806/970/806
f 556/690/556 580/758/580 592/743/592
f 606/692/606 602/797/602 556/762/556
f 558/661/558 603/757/603 620/756/620
f 549/683/549 588/673/588 551/657/551
f 606/692/606 583/688/583 602/797/602
f 607/795/607 600/659/600 596/812/596
f 558/661/558 557/684/557 606/692/606
f 666/807/666 667/738/667 668/739/668
f 640/748/640 644/638/644 642/707/642
f 803/965/803 802/964/802 804/966/804
f 259/259/259 249/303/249 251/260/251
f 607/795/607 596/812/596 595/751/595
f 638/805/638 636/813/636 631/710/631
f 251/260/251 250/195/250 247/255/247
f 816/988/816 654/991/654 818/989/818
f 820/1002/820 815/999/815 803/1001/803
f 631/710/631 633/711/633 638/805/638
f 620/763/620 556/762/556 605/765/605
f 279/263/279 280/169/280 282/170/282
f 569/785/569 564/694/564 570/695/570
f 662/740/662 627/728/627 658/698/658
f 598/658/598 600/659/600 607/795/607
f 630/770/630 596/712/596 634/713/634
f 130/113/130 129/115/129 127/114/127
f 128/112/128 130/113/130 127/114/127
f 125/110/125 123/111/123 135/106/135
f 551/654/551 600/655/600 553/682/553
f 606/692/606 556/762/556 620/763/620
f 571/755/571 574/650/574 582/680/582
f 556/690/556 592/743/592 577/742/577
f 267/241/267 264/231/264 265/230/265
f 232/282/232 234/244/234 236/172/236
f 53/31/53 54/32/54 52/33/52
f 66/34/66 65/35/65 63/36/63
f 108/37/108 109/38/109 112/39/112
f 104/40/104 93/41/93 42/42/42
f 48/43/48 44/44/44 52/33/52
f 52/33/52 54/32/54 48/43/48
f 66/34/66 62/45/62 79/46/79
f 56/47/56 69/48/69 59/49/59
f 89/50/89 104/40/104 42/42/42
f 40/51/40 90/52/90 39/53/39
f 334/551/334 461/616/461 367/615/367
f 470/628/470 387/524/387 468/523/468
f 95/60/95 110/897/110 87/62/87
f 94/63/94 89/50/89 70/64/70
f 30/65/30 28/66/28 76/67/76
f 40/51/40 103/68/103 90/52/90
f 94/63/94 104/40/104 89/50/89
f 66/34/66 79/46/79 65/35/65
f 87/69/87 111/70/111 121/71/121
f 56/47/56 60/72/60 69/48/69
f 66/34/66 67/73/67 62/45/62
f 56/47/56 59/49/59 57/74/57
f 345/436/345 348/317/348 346/479/346
f 355/364/355 356/442/356 351/417/351
f 345/436/345 349/377/349 358/353/358
f 377/428/377 408/491/408 418/424/418
f 355/364/355 369/419/369 354/439/354
f 384/366/384 401/445/401 379/478/379
f 329/328/329 400/437/400 380/438/380
f 232/282/232 236/172/236 233/179/233
f 291/299/291 290/300/290 194/198/194
f 194/198/194 289/295/289 291/299/291
f 270/284/270 286/262/286 271/238/271
f 188/177/188 187/294/187 189/178/189
f 172/278/172 171/277/171 220/293/220
f 286/262/286 287/239/287 271/238/271
f 286/262/286 273/285/273 287/239/287
f 279/263/279 283/166/283 280/169/280
f 252/193/252 223/280/223 241/271/241
f 314/622/314 305/565/305 276/564/276
f 202/258/202 239/257/239 203/236/203
f 170/189/170 252/193/252 241/271/241
f 182/206/182 181/205/181 183/290/183
f 257/275/257 255/247/255 243/248/243
f 213/266/213 214/265/214 288/301/288
f 228/499/228 309/618/309 230/619/230
f 229/572/229 309/618/309 311/620/311
f 228/499/228 310/498/310 309/618/309
f 310/498/310 300/497/300 309/618/309
f 14/7/14 17/13/17 15/6/15
f 311/620/311 309/618/309 301/617/301
f 313/627/313 275/624/275 269/626/269
f 269/626/269 312/629/312 313/627/313
f 275/624/275 306/623/306 314/622/314
f 391/448/391 395/311/395 392/318/392
f 450/486/450 449/487/449 353/342/353
f 543/630/543 516/631/516 540/632/540
f 516/631/516 543/630/543 529/633/529
f 353/342/353 448/480/448 450/486/450
f 538/586/538 543/630/543 508/592/508
f 429/450/429 445/429/445 430/386/430
f 529/633/529 508/592/508 543/630/543
f 347/316/347 346/479/346 348/317/348
f 331/444/331 330/443/330 379/478/379
f 540/632/540 489/600/489 534/599/534
f 489/600/489 540/632/540 516/631/516
f 500/458/500 503/340/503 501/474/501
f 510/409/510 511/462/511 506/456/506
f 500/458/500 504/415/504 513/405/513
f 510/409/510 518/457/518 509/461/509
f 525/411/525 527/466/527 520/475/520
f 484/488/484 528/341/528 521/460/521
f 525/411/525 520/475/520 514/407/514
f 445/429/445 446/387/446 430/386/430
f 445/429/445 432/451/432 446/387/446
f 438/430/438 442/305/442 439/308/439
f 411/332/411 382/446/382 400/437/400
f 476/634/476 475/594/475 435/593/435
f 361/423/361 398/422/398 362/384/362
f 329/328/329 411/332/411 400/437/400
f 484/488/484 521/460/521 483/465/483
f 341/350/341 340/349/340 342/471/342
f 520/475/520 527/466/527 486/464/486
f 500/458/500 513/405/513 503/340/503
f 510/409/510 506/456/506 518/457/518
f 416/441/416 414/395/414 402/396/402
f 372/433/372 373/432/373 447/489/447
f 387/524/387 470/628/470 389/635/389
f 398/422/398 399/381/399 362/384/362
f 496/404/496 495/403/495 497/484/497
f 521/460/521 528/341/528 523/467/523
f 375/325/375 385/477/385 377/326/377
f 527/466/527 524/468/524 486/464/486
f 416/441/416 402/396/402 413/490/413
f 398/422/398 365/346/365 399/381/399
f 365/346/365 364/348/364 399/381/399
f 409/334/409 410/427/410 408/491/408
f 510/409/510 509/461/509 507/410/507
f 497/484/497 498/412/498 496/404/496
f 408/491/408 377/428/377 407/492/407
f 389/481/389 362/384/362 387/399/387
f 435/593/435 436/636/436 476/634/476
f 416/441/416 413/490/413 412/331/412
f 391/448/391 392/318/392 394/319/394
f 391/448/391 393/392/393 395/311/395
f 426/389/426 423/379/423 424/378/424
f 438/430/438 439/308/439 441/309/441
f 410/427/410 409/334/409 406/420/406
f 418/424/418 408/491/408 410/427/410
f 322/321/322 324/355/324 321/322/321
f 432/451/432 431/388/431 446/387/446
f 342/471/342 344/369/344 343/368/343
f 428/385/428 436/482/436 430/386/430
f 415/327/415 416/441/416 412/331/412
f 436/636/436 428/522/428 434/637/434
f 434/637/434 476/634/476 436/636/436
f 385/477/385 372/433/372 447/489/447
f 438/430/438 440/382/440 442/305/442
f 497/484/497 499/413/499 498/412/498
f 324/355/324 323/354/323 321/322/321
f 323/354/323 320/398/320 321/322/321
f 427/390/427 426/389/426 424/378/424
f 425/394/425 427/390/427 424/378/424
f 422/391/422 420/393/420 432/451/432
f 342/471/342 343/368/343 341/350/341
f 355/364/355 354/439/354 352/365/352
f 405/333/405 406/420/406 409/334/409
f 401/445/401 383/447/383 331/444/331
f 337/370/337 333/351/333 341/350/341
f 341/350/341 343/368/343 337/370/337
f 355/364/355 351/417/351 369/419/369
f 345/436/345 358/353/358 348/317/348
f 379/478/379 401/445/401 331/444/331
f 329/328/329 380/438/380 328/357/328
f 470/628/470 469/612/469 388/611/388
f 388/611/388 389/635/389 470/628/470
f 385/477/385 447/489/447 377/326/377
f 384/366/384 379/478/379 359/361/359
f 319/356/319 317/324/317 365/346/365
f 613/766/613 614/651/614 617/644/617
f 650/809/650 579/669/579 649/810/649
f 579/669/579 650/809/650 648/803/648
f 632/768/632 633/711/633 647/746/647
f 573/649/573 574/650/574 572/801/572
f 556/762/556 602/797/602 559/761/559
f 669/774/669 670/789/670 672/668/672
f 656/735/656 674/771/674 667/778/667
f 736/875/736 753/848/753 739/850/739
f 656/735/656 677/777/677 683/772/683
f 690/737/690 685/791/685 692/782/692
f 654/811/654 686/776/686 691/775/691
f 690/737/690 679/732/679 685/791/685
f 647/746/647 633/711/633 596/712/596
f 647/746/647 596/712/596 630/770/630
f 640/748/640 641/641/641 644/638/644
f 839/1016/839 620/756/620 605/764/605
f 585/745/585 586/709/586 588/744/588
f 558/661/558 620/756/620 839/1016/839
f 654/811/654 653/781/653 686/776/686
f 568/677/568 569/785/569 567/676/567
f 685/791/685 656/780/656 692/782/692
f 669/774/669 672/668/672 678/729/678
f 656/735/656 683/772/683 674/771/674
f 558/759/558 839/1017/839 621/720/621
f 812/967/812 810/968/810 808/972/808
f 588/744/588 586/709/586 587/706/587
f 627/728/627 662/740/662 667/738/667
f 813/974/813 808/972/808 814/975/814
f 809/976/809 808/972/808 811/971/811
f 810/968/810 811/971/811 808/972/808
f 804/966/804 802/964/802 812/967/812
f 812/967/812 802/964/802 810/968/810
f 805/973/805 806/970/806 810/968/810
f 814/975/814 808/972/808 809/976/809
f 812/967/812 808/972/808 804/966/804
f 810/968/810 806/970/806 811/971/811
f 24/27/24 23/26/23 18/15/18
f 15/3/15 17/10/17 16/9/16
f 23/25/23 16/9/16 17/10/17
f 16/9/16 23/26/23 782/935/782
f 23/25/23 781/929/781 18/16/18
f 15/6/15 12/1/12 14/7/14
f 857/1040/857 856/1039/856 855/1060/855
f 896/1056/896 854/1055/854 847/1075/847
f 853/1054/853 852/1053/852 869/1052/869
f 856/1039/856 872/1038/872 855/1060/855
f 846/1022/846 895/1021/895 851/1051/851
f 844/1037/844 843/1050/843 894/1036/894
f 865/1035/865 851/1051/851 895/1021/895
f 843/1050/843 893/1068/893 894/1036/894
f 893/1068/893 890/1034/890 894/1036/894
f 896/1056/896 847/1075/847 889/1071/889
f 888/1033/888 843/1050/843 844/1037/844
f 863/1049/863 864/1074/864 862/1072/862
f 872/1038/872 887/1032/887 842/1031/842
f 841/1030/841 857/1040/857 855/1060/855
f 886/1048/886 843/1050/843 888/1033/888
f 886/1048/886 861/1047/861 852/1053/852
f 860/1046/860 864/1074/864 861/1047/861
f 861/1047/861 864/1074/864 863/1049/863
f 886/1048/886 852/1053/852 853/1054/853
f 853/1054/853 869/1052/869 840/1045/840
f 859/1023/859 878/1059/878 877/1044/877
f 876/1067/876 871/1058/871 872/1038/872
f 864/1074/864 851/1051/851 884/1073/884
f 860/1046/860 851/1051/851 864/1074/864
f 884/1073/884 851/1051/851 865/1035/865
f 872/1038/872 870/1066/870 876/1067/876
f 1006/1203/1006 1011/1217/1011 1012/1218/1012
f 947/1204/947 1011/1217/1011 985/1206/985
f 1008/1151/1008 1006/1203/1006 934/1152/934
f 985/1206/985 934/1152/934 1011/1217/1011
f 998/1205/998 1012/1218/1012 1009/1215/1009
f 915/1158/915 1010/1216/1010 947/1204/947
f 1003/1207/1003 957/1144/957 1001/1143/1001
f 926/1176/926 929/1082/929 927/1195/927
f 936/1118/936 937/1184/937 932/1168/932
f 926/1176/926 930/1128/930 939/1107/939
f 898/1088/898 974/1208/974 984/1173/984
f 936/1118/936 949/1169/949 935/1167/935
f 956/1120/956 968/1187/968 951/1199/951
f 910/1091/910 967/1177/967 952/1178/952
f 961/1190/961 964/1076/964 942/1083/942
f 987/1209/987 986/1210/986 934/1099/934
f 934/1099/934 985/1193/985 987/1209/987
f 928/1081/928 927/1195/927 929/1082/929
f 912/1186/912 911/1185/911 951/1199/951
f 977/1094/977 954/1188/954 967/1177/967
f 942/1172/942 946/1171/946 943/1137/943
f 910/1091/910 977/1094/977 967/1177/967
f 922/1211/922 921/1127/921 923/1201/923
f 982/1181/982 980/1139/980 969/1140/969
f 957/1144/957 1003/1207/1003 959/1212/959
f 946/1171/946 945/1136/945 943/1137/943
f 982/1181/982 969/1140/969 979/1213/979
f 1092/1351/1092 1154/1350/1154 1155/1396/1155
f 1151/1397/1151 1157/1394/1157 1149/1400/1149
f 975/1096/975 976/1174/976 974/1208/974
f 1156/1395/1156 1111/1345/1111 1151/1397/1151
f 959/1194/959 943/1137/943 957/1147/957
f 982/1181/982 979/1213/979 978/1093/978
f 961/1190/961 942/1083/942 963/1084/963
f 961/1190/961 962/1138/962 964/1076/964
f 976/1174/976 975/1096/975 973/1170/973
f 984/1173/984 974/1208/974 976/1174/976
f 1119/1398/1119 1155/1396/1155 1156/1395/1156
f 923/1201/923 925/1123/925 924/1122/924
f 981/1090/981 982/1181/982 978/1093/978
f 904/1109/904 905/1108/905 903/1087/903
f 905/1108/905 902/1142/902 903/1087/903
f 923/1201/923 924/1122/924 922/1211/922
f 936/1118/936 935/1167/935 933/1119/933
f 972/1095/972 973/1170/973 975/1096/975
f 968/1187/968 955/1189/955 912/1186/912
f 956/1120/956 951/1199/951 940/1115/940
f 901/1110/901 899/1089/899 946/1103/946
f 936/1118/936 932/1168/932 949/1169/949
f 926/1176/926 939/1107/939 929/1082/929
f 951/1199/951 968/1187/968 912/1186/912
f 910/1091/910 952/1178/952 909/1111/909
f 1003/1207/1003 1002/1183/1002 958/1182/958
f 958/1182/958 959/1212/959 1003/1207/1003
f 998/1205/998 1009/1215/1009 992/1157/992
f 1006/1203/1006 1012/1218/1012 998/1205/998
f 915/1158/915 1009/1215/1009 1010/1216/1010
f 947/1204/947 1010/1216/1010 1011/1217/1011
f 1011/1217/1011 934/1152/934 1006/1203/1006
f 1079/1300/1079 1047/1264/1047 1077/1263/1077
f 1044/1283/1044 1065/1301/1065 1069/1281/1069
f 1051/1295/1051 1055/1226/1055 1052/1229/1052
f 1031/1280/1031 1058/1279/1058 1032/1259/1032
f 1039/1285/1039 1040/1284/1040 1070/1302/1070
f 1047/1264/1047 1079/1300/1079 1049/1303/1049
f 1058/1279/1058 1059/1256/1059 1032/1259/1032
f 1042/1236/1042 1045/1298/1045 1044/1237/1044
f 1058/1279/1058 1035/1249/1035 1059/1256/1059
f 1035/1249/1035 1034/1251/1034 1059/1256/1059
f 1066/1240/1066 1067/1282/1067 1065/1301/1065
f 1065/1301/1065 1044/1283/1044 1064/1304/1064
f 1049/1297/1049 1032/1259/1032 1047/1267/1047
f 1051/1295/1051 1052/1229/1052 1054/1230/1054
f 1051/1295/1051 1053/1260/1053 1055/1226/1055
f 1067/1282/1067 1066/1240/1066 1063/1278/1063
f 1069/1281/1069 1065/1301/1065 1067/1282/1067
f 1026/1232/1026 1028/1253/1028 1025/1233/1025
f 1045/1298/1045 1039/1285/1039 1070/1302/1070
f 1028/1253/1028 1027/1252/1027 1025/1233/1025
f 1027/1252/1027 1024/1262/1024 1025/1233/1025
f 1062/1239/1062 1063/1278/1063 1066/1240/1066
f 1079/1300/1079 1078/1293/1078 1048/1292/1048
f 1048/1292/1048 1049/1303/1049 1079/1300/1079
f 1151/1397/1151 1156/1395/1156 1157/1394/1157
f 1119/1398/1119 1156/1395/1156 1139/1399/1139
f 1153/1344/1153 1151/1397/1151 1111/1345/1111
f 1139/1399/1139 1111/1345/1111 1156/1395/1156
f 1149/1400/1149 1157/1394/1157 1154/1350/1154
f 1092/1351/1092 1155/1396/1155 1119/1398/1119
f 1103/1367/1103 1106/1313/1106 1104/1382/1104
f 1113/1326/1113 1114/1372/1114 1109/1360/1109
f 1103/1367/1103 1107/1335/1107 1116/1323/1116
f 1113/1326/1113 1121/1361/1121 1112/1359/1112
f 1128/1365/1128 1130/1376/1130 1123/1386/1123
f 1087/1315/1087 1129/1368/1129 1124/1369/1124
f 1141/1401/1141 1140/1402/1140 1111/1319/1111
f 1111/1319/1111 1139/1381/1139 1141/1401/1141
f 1105/1312/1105 1104/1382/1104 1106/1313/1106
f 1089/1374/1089 1088/1373/1088 1123/1386/1123
f 1133/1318/1133 1126/1377/1126 1129/1368/1129
f 1087/1315/1087 1133/1318/1133 1129/1368/1129
f 1099/1403/1099 1098/1390/1098 1100/1388/1100
f 1138/1370/1138 1136/1338/1136 1131/1337/1131
f 1138/1370/1138 1131/1337/1131 1135/1404/1135
f 1138/1370/1138 1135/1404/1135 1134/1317/1134
f 1100/1388/1100 1102/1332/1102 1101/1331/1101
f 1137/1314/1137 1138/1370/1138 1134/1317/1134
f 1100/1388/1100 1101/1331/1101 1099/1403/1099
f 1113/1326/1113 1112/1359/1112 1110/1327/1110
f 1130/1376/1130 1127/1378/1127 1089/1374/1089
f 1128/1365/1128 1123/1386/1123 1117/1393/1117
f 1113/1326/1113 1109/1360/1109 1121/1361/1121
f 1103/1367/1103 1116/1323/1116 1106/1313/1106
f 1123/1386/1123 1130/1376/1130 1089/1374/1089
f 1087/1315/1087 1124/1369/1124 1086/1375/1086
f 1149/1400/1149 1154/1350/1154 1143/1379/1143
f 250/195/250 251/260/251 1164/1405/1164
f 722/872/722 705/827/705 708/826/708
f 722/872/722 708/826/708 724/823/724
f 722/872/722 724/823/724 723/854/723
g fff07975_00245_006a153b_e8
f 21/18/21 25/29/25 783/937/783
f 11/2/11 12/1/12 799/960/799
f 19/5/19 10/933/10 15/4/15
f 834/1008/834 22/922/22 23/14/23
f 1165/1406/1165 1169/1412/1169 18/16/18
f 801/962/801 781/930/781 768/896/768
f 21/18/21 24/28/24 18/17/18
f 12/1/12 11/2/11 14/7/14
f 794/952/794 14/7/14 11/2/11
f 23/24/23 22/23/22 831/1004/831
f 798/957/798 781/930/781 801/962/801
f 17/13/17 14/7/14 778/14/778
f 14/7/14 795/953/795 778/14/778
f 14/7/14 13/8/13 795/953/795
f 18/17/18 1167/1410/1167 21/18/21
f 837/24/837 23/13/23 17/23/17
f 15/12/15 16/30/16 20/20/20
f 778/932/778 837/1013/837 17/920/17
f 781/930/781 23/24/23 768/926/768
f 18/19/18 781/930/781 798/957/798
f 18/17/18 1166/1409/1166 1173/1416/1173
f 13/8/13 14/7/14 794/952/794
f 779/923/779 22/22/22 23/14/23
f 16/11/16 25/29/25 20/12/20
f 20/20/20 19/5/19 15/12/15
f 21/18/21 783/937/783 24/28/24
f 783/937/783 16/11/16 782/936/782
f 25/29/25 16/11/16 783/937/783
f 23/24/23 831/1004/831 768/925/768
f 780/928/780 835/1010/835 23/14/23
f 835/1010/835 834/1008/834 23/14/23
f 837/1013/837 780/928/780 23/920/23
f 1169/1412/1169 1166/1408/1166 18/16/18
f 18/17/18 1171/1414/1171 1167/1410/1167
f 18/17/18 1173/1416/1173 1171/1414/1171
g fff07975_00245_006a153b_e6
f 801/963/801 800/961/800 798/958/798
f 800/961/800 797/956/797 798/958/798
f 794/952/794 11/2/11 793/951/793
f 785/940/785 793/951/793 11/2/11
f 795/954/795 13/8/13 786/941/786
f 786/941/786 796/955/796 795/954/795
f 18/19/18 798/958/798 797/956/797
f 787/943/787 18/19/18 830/1003/830
f 787/943/787 1165/1407/1165 18/19/18
f 1165/1407/1165 787/943/787 790/945/790
f 22/21/22 788/946/788 831/1005/831
f 832/1006/832 831/1005/831 788/946/788
f 780/927/780 792/949/792 836/1012/836
f 788/948/788 22/921/22 833/1007/833
f 778/931/778 791/950/791 837/1014/837
f 838/1015/838 780/927/780 837/1014/837
f 793/951/793 786/941/786 794/952/794
f 13/8/13 794/952/794 786/941/786
f 778/919/778 795/954/795 791/942/791
f 796/955/796 791/942/791 795/954/795
f 768/896/768 800/961/800 801/963/801
f 789/944/789 800/961/800 768/896/768
f 826/981/826 785/940/785 799/960/799
f 11/2/11 799/960/799 785/940/785
f 825/980/825 799/960/799 12/1/12
f 12/1/12 824/979/824 825/980/825
f 10/934/10 824/979/824 12/1/12
f 824/979/824 10/934/10 823/978/823
f 825/959/825 826/981/826 799/960/799
f 830/1003/830 18/19/18 797/956/797
f 831/1005/831 789/947/789 768/924/768
f 789/947/789 831/1005/831 832/1006/832
f 833/1007/833 22/921/22 834/1009/834
f 836/1012/836 835/1011/835 780/927/780
f 833/1007/833 834/1009/834 835/1011/835
f 835/1011/835 836/1012/836 833/1007/833
f 837/1014/837 791/950/791 838/1015/838
f 792/949/792 780/927/780 838/1015/838
f 1167/1410/1167 1170/1413/1170 776/915/776
f 1173/1416/1173 1166/1409/1166 1172/1415/1172
f 1168/1411/1168 777/916/777 1166/1408/1166
f 1165/1406/1165 790/918/790 1169/1412/1169
f 1169/1412/1169 1168/1411/1168 1166/1408/1166
f 1169/1412/1169 790/918/790 1168/1411/1168
f 1166/1409/1166 777/917/777 1172/1415/1172
f 1167/1410/1167 1171/1414/1171 1170/1413/1170
f 1171/1414/1171 1172/1415/1172 1170/1413/1170
f 1171/1414/1171 1173/1416/1173 1172/1415/1172
g fff07975_00245_006a153b_e9
f 12/1/12 15/6/15 10/934/10
