# fff0af14_00426_00dbbbee
o fff0af14_00426_00dbbbee
v 2.133454 79.753540 -4.031716
v 2.133225 79.719551 -4.069511
v 1.763497 79.761803 -1.951557
v 0.002922 68.338509 -3.856704
v 0.002792 68.304573 -1.744159
v -0.069388 68.509895 -1.677479
v 0.008932 68.484612 -1.259637
v -0.019375 61.789452 -1.677296
v 0.002911 84.246544 -3.894557
v 1.069986 74.472473 -4.155653
v 1.057924 74.449280 -4.114670
v 1.356840 77.770576 -1.965893
v 1.364066 77.777077 -1.998843
v 1.665220 78.048363 -3.372769
v 0.698785 74.514862 -2.027496
v 0.704195 74.551590 -2.015660
v 0.701105 74.490044 -2.069221
v 2.128930 79.683784 -4.086509
v 1.826748 78.193817 -4.109500
v 1.079370 74.508728 -4.166361
v 0.939699 74.462791 -3.436784
v 0.002738 61.897942 -3.899710
v 0.002769 61.873436 -3.857728
v 0.002789 68.268410 -1.727454
v 0.002787 68.338463 -1.782011
v 0.002922 61.897926 -1.739007
v 0.002896 61.935173 -1.727557
v 0.002891 61.873436 -1.780989
v 0.002845 68.347313 -3.156477
v 0.002926 68.268425 -3.911261
v 0.002773 61.935173 -3.911159
v 0.002829 61.873444 -3.169476
v 0.008924 45.238575 -0.639100
v -0.026187 84.268204 -3.904790
v 1.356840 77.770576 -1.965893
v 0.029487 80.333473 -3.915322
v 0.034375 84.285309 -1.762152
v -0.015085 84.292709 -3.929507
v 0.029502 41.602654 -0.910410
v 0.034370 45.223892 -0.195442
v 0.003838 41.614929 -0.927849
v 0.003822 80.345749 -3.932760
v 0.008721 84.297653 -1.779593
v 0.002734 80.360634 -3.899710
v 0.020899 84.287735 -3.933380
v 0.031850 80.338402 -3.908760
v 0.032012 84.262222 -3.909421
v 0.020725 80.320053 -3.938659
v 0.008723 45.204029 -0.167224
v 0.003841 41.582779 -0.882192
v -0.021822 41.602657 -0.910410
v 0.008920 44.993839 -0.639100
v -0.021845 80.333473 -3.915322
v -0.016944 84.285339 -1.762152
v 0.008722 84.265427 -1.733934
v 0.003817 80.313606 -3.887104
v 0.002914 68.304581 -3.894557
v -0.069387 55.682861 -1.677479
v 0.008961 41.541115 1.933371
v 0.008955 42.886723 1.289826
v 0.008933 55.657639 -1.221147
v -0.019373 45.332367 -0.110586
v 0.008948 61.850735 -1.274863
v -0.069391 84.304276 -1.677479
v -0.019378 80.252144 -1.677296
v 0.008929 84.426575 -1.257292
v 1.340627 77.759857 -1.912300
v 1.809186 78.196770 -4.127887
v 1.826748 78.193817 -4.109500
v 0.002786 84.210373 -1.727454
v 0.002784 84.280426 -1.782011
v 0.002888 80.336128 -1.780989
v 0.002842 84.289276 -3.156477
v 0.002826 80.336136 -3.169476
v 0.002789 55.495003 -1.727454
v 0.002788 55.565060 -1.782011
v 0.002892 45.416355 -0.214278
v 0.002846 55.573902 -3.156478
v 0.002831 45.416355 -1.602765
v 1.324488 77.764008 -1.936749
v 1.326851 77.759880 -1.914705
v 1.815215 78.202675 -4.157855
v 1.802051 78.197968 -4.135363
v 0.009046 45.238575 -0.720984
v 0.008919 84.300018 -3.478305
v 0.009041 84.300018 -3.560189
v 1.372183 77.767998 -1.949827
v 1.846347 78.204536 -4.162503
v 1.820569 78.204582 -4.167002
v 1.344065 77.769051 -1.959974
v 1.323047 77.766533 -1.950240
v -0.004539 45.238571 -0.639100
v -0.004417 45.238575 -0.720984
v 0.134560 68.611534 -4.247344
v -0.133171 68.611534 -4.247344
v -0.020470 68.502426 -0.879891
v -0.020785 68.502602 -4.122876
v -0.004411 84.299988 -3.560189
v -0.004533 84.299988 -3.478305
v 1.362993 77.759819 -1.908395
v 1.370051 77.762329 -1.920437
v 1.381535 77.766426 -1.940032
v 1.856715 78.204521 -4.160694
v 0.008816 84.055283 -3.560086
v -0.004540 84.055283 -3.478305
v 0.008922 84.055298 -3.478305
v -0.004644 84.055252 -3.560086
v 0.008813 44.993839 -0.720881
v -0.004535 44.993839 -0.639100
v -0.004642 44.993839 -0.720881
v 0.134559 68.316322 -4.247344
v -0.133173 68.316330 -4.247344
v 0.009742 68.406960 -0.879891
v 0.009427 68.407143 -4.122876
v -0.039476 68.443611 -4.122876
v -0.039123 68.443428 -0.879891
v 0.039952 68.502419 -0.879891
v 0.039636 68.502602 -4.122876
v 0.058285 68.443611 -4.122876
v 0.058631 68.443428 -0.879891
v 0.002789 84.246536 -1.744159
v 0.002911 84.246544 -3.894557
v 0.002914 55.531170 -3.894557
v 0.002793 55.531158 -1.744159
v 0.002923 55.565094 -3.856704
v 0.002919 84.280472 -3.856704
v 0.008945 80.163528 -1.242532
v 1.534950 77.919106 -2.715981
v 1.836444 78.194984 -4.113990
v 1.423719 78.100433 -1.960793
v 1.921615 78.661575 -4.102282
v 1.432164 78.109947 -1.997108
v 1.750224 78.468460 -3.365269
v 0.002734 80.360634 -3.899710
v 0.002765 80.336128 -3.857728
v 0.002919 80.360619 -1.739007
v 0.002892 80.397865 -1.727557
v 0.002923 84.210388 -3.911261
v 0.002770 80.397865 -3.911159
v 0.002786 45.148975 -0.160743
v 0.002943 41.629803 1.234282
v 0.002911 41.605316 1.192300
v 0.002739 45.440853 -2.332999
v 0.002770 45.416355 -2.291017
v 0.002788 45.218998 -0.215301
v 0.002848 45.227810 -0.609250
v 0.002908 41.667042 1.245732
v 0.002924 45.440845 -0.172296
v 0.002897 45.478085 -0.160846
v 0.002850 41.605316 -0.196187
v 0.002927 55.495010 -3.911262
v 0.002775 45.478081 -2.344448
v 0.008922 68.358055 -2.221537
v 0.009044 68.358055 -2.303421
v 1.556133 77.923035 -2.733108
v 1.524695 77.926178 -2.754780
v 1.548789 77.924576 -2.742392
v 1.535170 77.927437 -2.759635
v -0.020473 84.444389 -0.879891
v 0.080762 68.552208 -4.120022
v -0.079367 68.552208 -4.120022
v -0.004530 68.358025 -2.221537
v -0.004408 68.358025 -2.303421
v 1.505366 77.923866 -2.745811
v 1.860539 78.197868 -4.125155
v 1.511750 77.921463 -2.732170
v 1.523615 77.917000 -2.706826
v 1.955068 78.668930 -4.124848
v 1.859451 78.199760 -4.135302
v 0.009424 84.349106 -4.122876
v -0.039479 84.385574 -4.122876
v -0.039126 84.385391 -0.879891
v 0.039949 84.444382 -0.879891
v 0.058629 84.385391 -0.879891
v -0.079366 68.375648 -4.120022
v 0.080762 68.375648 -4.120022
v 0.008819 68.113319 -2.303318
v -0.004537 68.113319 -2.221537
v 0.008925 68.113335 -2.221537
v -0.004642 68.113289 -2.303318
v 0.009428 61.730415 -4.122876
v -0.039475 61.766884 -4.122876
v 0.039953 61.825699 -0.879891
v 0.058633 61.766701 -0.879891
v -0.004901 41.444744 1.527455
v 0.008950 45.243748 0.324178
v 1.404526 78.086159 -1.907649
v 1.928328 78.662689 -4.105357
v 1.921615 78.661575 -4.102282
v 1.901992 78.665756 -4.122993
v 0.002790 45.185131 -0.177448
v 0.002912 45.185135 -0.903512
v 0.002926 45.218994 -0.865660
v 0.002925 45.148972 -0.920217
v 0.002786 41.667038 -0.937870
v 0.002758 41.629810 -0.926421
v 0.002788 41.605316 -0.884439
v 1.897133 78.666794 -4.128129
v 1.392985 78.086067 -1.909662
v 1.912341 78.673912 -4.153461
v 0.008919 84.300018 -2.221537
v 0.009041 84.300018 -2.303421
v 1.916108 78.675674 -4.159733
v 1.436368 78.097740 -1.947440
v 1.440483 78.096863 -1.943096
v 1.945212 78.675888 -4.154660
v 0.080759 84.494171 -4.120022
v 0.134557 84.553497 -4.247344
v -0.133174 84.553497 -4.247344
v -0.079370 84.494171 -4.120022
v -0.020788 84.444565 -4.122876
v -0.026328 80.020149 -1.706307
v 0.002786 80.012459 -1.727454
v -0.015137 61.734917 -3.156477
v -0.026324 61.606880 -1.706307
v 0.002791 61.599190 -1.727454
v 0.080763 61.875481 -4.136928
v 0.134561 61.934807 -4.264251
v -0.133170 61.934807 -4.264251
v -0.079366 61.875481 -4.136928
v -0.020469 61.825706 -0.879891
v -0.020784 61.825882 -4.122876
v 1.952323 78.675941 -4.153420
v 1.448197 78.095215 -1.934949
v 1.955730 78.667236 -4.117913
v 1.435236 78.089157 -1.913391
v 1.429195 78.086342 -1.903347
v -0.079369 84.317612 -4.120022
v 0.080759 84.317612 -4.120022
v 0.134556 84.258286 -4.247344
v -0.133176 84.258293 -4.247344
v 0.009739 84.348923 -0.879891
v 0.039633 84.444565 -4.122876
v 0.058282 84.385574 -4.122876
v 0.008816 84.055283 -2.303318
v 0.008922 84.055298 -2.221537
v 0.031962 61.699776 -3.156477
v 0.031891 61.690819 -1.771736
v 0.020780 61.725746 -1.755111
v 0.020842 61.734894 -3.156478
v -0.079365 61.698929 -4.136928
v 0.080763 61.698929 -4.136928
v 0.134560 61.639595 -4.264251
v -0.133171 61.639610 -4.264251
v 0.009744 61.730240 -0.879891
v -0.039121 61.766701 -0.879891
v 0.039638 61.825882 -4.122876
v 0.058286 61.766891 -4.122876
v 1.578444 78.261528 -2.573175
v 0.002843 80.091362 -3.156477
v 0.002847 61.678093 -3.156478
v 0.002841 87.889076 -3.156477
v 1.390668 78.092018 -1.933923
v -0.015165 74.612877 -3.169476
v -0.026248 80.113014 -3.156478
v -0.015099 55.719814 -1.756127
v -0.015161 55.719822 -3.169476
v -0.015097 55.816776 -1.672197
v -0.026244 61.699745 -3.156478
v -0.026250 87.910728 -3.156478
v 1.389599 78.094788 -1.945166
v 1.572478 78.271355 -2.613672
v 1.581083 78.272751 -2.617486
v 1.595952 78.268845 -2.598843
v 1.601902 78.267281 -2.591397
v 1.412991 78.098663 -1.955879
v 1.423719 78.100433 -1.960793
v -0.004533 84.299988 -2.221537
v -0.004411 84.299988 -2.303421
v -0.026327 80.104073 -1.771736
v -0.015200 80.139000 -1.755111
v -0.015141 80.148186 -3.156477
v -0.026271 74.648018 -3.169477
v 0.002889 74.669716 -1.780989
v 0.002827 74.669724 -3.169476
v -0.026323 61.690804 -1.771736
v -0.015196 61.725731 -1.755111
v -0.026266 55.754948 -3.169477
v -0.026205 55.754948 -1.771493
v 0.002893 55.776661 -1.780989
v 0.002831 55.776661 -3.169476
v -0.015202 87.928711 -1.755111
v -0.015143 87.945900 -3.156477
v -0.026329 87.893784 -1.771736
v -0.026329 87.809860 -1.706307
v 0.002785 87.802170 -1.727454
v 1.569120 78.259239 -2.565938
v 1.556258 78.265419 -2.593250
v 1.551108 78.267899 -2.604187
v -0.004540 84.055283 -2.221537
v -0.004644 84.055252 -2.303318
v 0.002785 80.082512 -1.782011
v 0.031958 80.113045 -3.156477
v 0.031887 80.104088 -1.771736
v 0.020776 80.139015 -1.755111
v 0.020838 80.148163 -3.156477
v 0.020882 74.612877 -1.756127
v 0.032007 74.648003 -1.771493
v 0.002789 61.669243 -1.782011
v 0.020881 55.816769 -1.672197
v 0.032006 55.830128 -1.706412
v 0.020886 55.719814 -1.756127
v 0.032011 55.754948 -1.771493
v 0.002784 87.872223 -1.782011
v 0.031886 87.893799 -1.771736
v 0.031957 87.910759 -3.156477
v 0.020837 87.945877 -3.156477
v 0.020774 87.928726 -1.755111
v -0.055517 78.574974 -1.677428
v 0.008935 78.624298 -1.226355
v 0.002816 78.572540 -1.727482
v 0.002816 78.568520 -1.766604
v 0.002838 78.425323 -3.160472
v 0.002875 78.348190 -3.911229
v -0.015103 74.612877 -1.756127
v -0.015206 80.032463 -1.672091
v -0.015101 74.709831 -1.672197
v -0.015068 74.653648 -1.700058
v -0.015193 61.676521 -1.705338
v -0.015202 61.619194 -1.672091
v -0.015064 55.760586 -1.700058
v -0.015167 84.465050 -3.169476
v -0.015105 84.465050 -1.756127
v -0.015208 87.822174 -1.672091
v -0.015103 84.562004 -1.672197
v 0.023963 78.575096 -1.712113
v 0.002816 78.572540 -1.727482
v 0.002893 74.731453 -1.727557
v -0.026207 74.723190 -1.706412
v -0.026209 74.648003 -1.771493
v 0.002920 74.694206 -1.739007
v 0.002898 55.838387 -1.727557
v -0.026203 55.830128 -1.706412
v -0.026177 55.778927 -1.729956
v 0.002924 55.801151 -1.739007
v 0.002887 84.521889 -1.780989
v -0.026211 84.500175 -1.771493
v 0.002825 84.521896 -3.169476
v -0.026273 84.500191 -3.169477
v -0.026209 84.575363 -1.706412
v 0.002891 84.583626 -1.727557
v 0.023849 78.578232 -1.681491
v 0.031917 78.576057 -1.706336
v 0.020877 74.709831 -1.672197
v 0.032002 74.723190 -1.706412
v 0.032018 74.673744 -1.728442
v 0.031885 80.020103 -1.706307
v 0.020773 80.032433 -1.672091
v 0.020820 74.612877 -3.169476
v 0.020911 74.653900 -1.699836
v 0.031945 74.648010 -3.169476
v 0.002794 61.635345 -1.744159
v 0.032022 55.780674 -1.728442
v 0.031889 61.606834 -1.706307
v 0.020778 61.619164 -1.672091
v 0.031904 61.657005 -1.733927
v 0.020783 61.681526 -1.709208
v 0.020825 55.719814 -3.169476
v 0.020915 55.760838 -1.699836
v 0.031950 55.754948 -3.169476
v 0.020875 84.562004 -1.672197
v 0.032000 84.575363 -1.706412
v 0.031883 87.809814 -1.706307
v 0.020772 87.822144 -1.672091
v 0.032005 84.500175 -1.771493
v 0.020880 84.465050 -1.756127
v -0.005345 78.577850 -1.672120
v 0.012036 78.347931 -3.917884
v -0.017021 78.345779 -3.925681
v 0.002875 78.348190 -3.911229
v 0.002924 80.012474 -3.911261
v 0.002920 80.082558 -3.856704
v 0.002846 55.573902 -3.156478
v 0.002928 61.599197 -3.911262
v 0.002924 61.669281 -3.856704
v 0.002922 87.850670 -3.911261
v -0.015198 80.089790 -1.705338
v -0.023271 78.574463 -1.697021
v -0.015178 78.577393 -1.672120
v -0.018653 78.342621 -3.955701
v -0.026234 78.344666 -3.932376
v -0.026190 80.104080 -3.866981
v -0.015161 45.359516 -1.602765
v -0.026245 55.595562 -3.156478
v -0.026325 55.830128 -3.932304
v -0.026186 61.690811 -3.866981
v -0.015199 87.879501 -1.705338
v -0.015070 84.505821 -1.700058
v -0.026192 87.942276 -3.866981
v -0.015070 80.139000 -3.883605
v 0.009432 78.342804 -3.966592
v -0.015118 78.341667 -3.966592
v -0.015218 74.612877 -3.882588
v -0.026310 80.064308 -1.729294
v -0.005105 78.572762 -1.721726
v -0.026295 78.573364 -1.706336
v -0.026181 74.671989 -1.729956
v -0.026332 74.648018 -3.867224
v 0.002766 74.669716 -3.857728
v -0.026325 55.502697 -1.706307
v 0.002789 55.495003 -1.727454
v 0.002892 45.416355 -0.214278
v -0.015197 55.621540 -1.755111
v -0.015138 55.630726 -3.156477
v 0.002831 45.416355 -1.602765
v -0.026267 45.394646 -1.602766
v -0.026324 55.586613 -1.771736
v -0.015066 61.725723 -3.883605
v -0.015214 55.719814 -3.882588
v -0.015219 55.816769 -3.966520
v -0.026306 61.651039 -1.729294
v -0.026328 55.754955 -3.867225
v 0.002771 55.776661 -3.857728
v -0.015071 87.977196 -3.883605
v -0.026183 84.524162 -1.729956
v 0.002918 84.546379 -1.739007
v -0.026312 87.854019 -1.729294
v 0.031978 78.347366 -3.932377
v 0.020802 78.579056 -1.672120
v 0.002790 80.048622 -1.744159
v 0.031900 80.070274 -1.733927
v 0.020779 80.094795 -1.709208
v 0.028474 78.346092 -3.943163
v 0.020855 78.343338 -3.966592
v 0.020898 80.139023 -3.883606
v 0.032025 80.104088 -3.866982
v 0.032024 80.020088 -3.932410
v 0.020841 55.630703 -3.156478
v 0.031961 55.595589 -3.156477
v 0.020779 55.621555 -1.755111
v 0.031890 55.586628 -1.771736
v 0.002788 55.565060 -1.782011
v 0.020902 61.725754 -3.883606
v 0.032030 61.690819 -3.866982
v 0.020763 55.719822 -3.882588
v 0.031888 55.754948 -3.867223
v 0.032028 61.606819 -3.932410
v 0.020766 55.816776 -3.966520
v 0.002789 87.838333 -1.744159
v 0.032023 87.858284 -3.932410
v 0.031899 87.859985 -1.733927
v 0.020777 87.884506 -1.709208
v 0.020909 84.506073 -1.699836
v 0.032016 84.525917 -1.728442
v 0.031944 84.500183 -3.169476
v 0.020818 84.465050 -3.169476
v 0.008933 79.046188 -1.224985
v -0.059625 79.028458 -1.677443
v 0.014720 78.507698 -2.363986
v 0.002916 61.635361 -3.894557
v 0.002919 87.920753 -3.856704
v 0.002806 79.028603 -1.727473
v 0.002893 78.953026 -3.911241
v 0.002806 79.027092 -1.771271
v 0.002840 78.979057 -3.159144
v -0.026187 80.070290 -3.904790
v -0.026190 80.020149 -3.932409
v -0.026329 74.723183 -3.932304
v -0.015203 55.515011 -1.672091
v -0.015097 45.456470 -0.105487
v -0.015099 45.359509 -0.189416
v -0.026182 61.657021 -3.904790
v -0.026186 61.606880 -3.932410
v -0.026191 87.858345 -3.932409
v -0.026331 84.575356 -3.932304
v 0.032950 78.505821 -2.390415
v 0.017270 79.029404 -1.716962
v -0.000265 78.502533 -2.407497
v 0.026457 79.029915 -1.710286
v 0.025435 78.504761 -2.397367
v 0.007278 78.502197 -2.414192
v -0.015069 80.032478 -3.966625
v -0.015223 74.709831 -3.966519
v -0.015250 74.653893 -3.938880
v -0.026360 74.673744 -3.910274
v 0.002771 74.731453 -3.911159
v 0.002735 74.694221 -3.899710
v -0.026205 45.394642 -0.204782
v -0.026203 45.469822 -0.139702
v 0.002897 45.478085 -0.160846
v -0.015065 61.619209 -3.966626
v -0.015080 61.681526 -3.929508
v -0.015246 55.760838 -3.938880
v -0.026355 55.780682 -3.910274
v 0.002775 55.838383 -3.911159
v 0.002740 55.801159 -3.899710
v -0.015220 84.465050 -3.882588
v -0.015225 84.562004 -3.966519
v -0.015071 87.870674 -3.966625
v 0.002769 84.583626 -3.911159
v -0.026334 84.500191 -3.867224
v 0.002764 84.521889 -3.857728
v -0.018375 78.503349 -2.391407
v -0.010904 78.504829 -2.380313
v 0.007312 78.508453 -2.353255
v 0.020759 74.612877 -3.882588
v 0.031884 74.648018 -3.867222
v 0.031852 74.671989 -3.908760
v 0.020899 80.032402 -3.966626
v 0.031879 74.723198 -3.932304
v 0.020761 74.709831 -3.966520
v 0.020726 74.653641 -3.938659
v 0.032011 45.394642 -0.204782
v 0.031949 45.394642 -1.602765
v 0.020824 45.359509 -1.602765
v 0.020886 45.359509 -0.189416
v 0.020776 55.514980 -1.672091
v 0.032006 45.469822 -0.139702
v 0.031888 55.502651 -1.706307
v 0.020880 45.456463 -0.105487
v 0.032021 45.420372 -0.161732
v 0.020915 45.400532 -0.133126
v 0.009428 55.633732 -4.122876
v 0.020904 61.676552 -3.933380
v 0.031856 55.778927 -3.908760
v 0.020903 61.619133 -3.966626
v 0.032017 61.651039 -3.909422
v 0.031883 55.830135 -3.932305
v 0.020730 55.760578 -3.938659
v 0.031877 84.575371 -3.932304
v 0.032024 87.942284 -3.866982
v 0.020898 87.870598 -3.966626
v 0.020759 84.562004 -3.966520
v 0.020757 84.465050 -3.882588
v 0.020896 87.977219 -3.883606
v 0.031882 84.500191 -3.867222
v -0.008412 79.030182 -1.672111
v 0.008723 78.953049 -3.915476
v 0.002893 78.953026 -3.911241
v 0.002911 80.048630 -3.894557
v 0.002923 55.565094 -3.856704
v 0.002927 55.495010 -3.911262
v 0.002910 87.886826 -3.894557
v -0.015186 79.029984 -1.672111
v 0.008920 80.102104 -3.478305
v 0.009042 80.102104 -3.560189
v -0.024232 79.028755 -1.699939
v -0.015194 55.572334 -1.705338
v -0.026187 55.586620 -3.866981
v -0.015064 45.400280 -0.133348
v -0.026188 87.908485 -3.904790
v 0.029488 74.667061 -3.915322
v -0.015101 78.950562 -3.966604
v -0.026305 79.028465 -1.706327
v 0.008721 80.099739 -1.779593
v 0.034376 80.087395 -1.762152
v 0.003823 74.679337 -3.932760
v 0.013563 78.951431 -3.966605
v -0.015084 80.094795 -3.929507
v -0.002607 79.028580 -1.723540
v 0.002806 79.028603 -1.727473
v -0.026177 45.418621 -0.163245
v 0.002924 45.440845 -0.172296
v -0.015067 55.621536 -3.883605
v 0.002770 45.416355 -2.291017
v -0.026307 55.546848 -1.729294
v 0.080763 55.778797 -4.023433
v 0.134561 55.838120 -4.150756
v -0.133170 55.838120 -4.150756
v -0.079366 55.778797 -4.023433
v -0.020469 55.729015 -0.879891
v -0.020784 55.729198 -4.122876
v -0.015086 87.932991 -3.929507
v -0.015252 84.506065 -3.938880
v 0.029486 84.519234 -3.915322
v 0.003821 84.531509 -3.932760
v 0.008720 87.889450 -1.779593
v -0.026361 84.525917 -3.910274
v 0.002733 84.546394 -3.899710
v -0.021844 74.667061 -3.915322
v 0.008723 80.067513 -1.733934
v 0.020871 78.951653 -3.966605
v 0.031907 79.030212 -1.706327
v 0.003818 74.647194 -3.887104
v -0.016943 80.087425 -1.762152
v 0.029761 78.952866 -3.939265
v 0.031995 78.953163 -3.932389
v 0.022892 79.030899 -1.678565
v 0.020793 79.031059 -1.672111
v 0.020900 80.089821 -3.933380
v 0.032013 80.064308 -3.909421
v 0.008817 79.857368 -3.560086
v 0.008923 79.857384 -3.478305
v 0.020782 55.577335 -1.709208
v 0.032027 55.502628 -3.932410
v 0.020901 55.621563 -3.883606
v 0.032028 55.586628 -3.866982
v 0.031903 55.552814 -1.733927
v 0.002793 55.531158 -1.744159
v -0.079366 55.602245 -4.023433
v 0.134560 55.542912 -4.150756
v -0.133172 55.542919 -4.150756
v 0.009743 55.633556 -0.879891
v -0.039476 55.670200 -4.122876
v -0.039122 55.670017 -0.879891
v 0.039952 55.729015 -0.879891
v 0.039637 55.729198 -4.122876
v 0.058286 55.670208 -4.122876
v 0.058632 55.670017 -0.879891
v -0.021846 84.519234 -3.915322
v -0.016944 87.877136 -1.762152
v 0.003816 84.499367 -3.887104
v 0.020724 84.505814 -3.938659
v 0.031850 84.524162 -3.908760
v 0.032011 87.902504 -3.909421
v 0.020898 87.928017 -3.933380
v 0.002790 80.048622 -1.744159
v -0.069390 80.106361 -1.677479
v 0.008930 80.228661 -1.221147
v -0.019377 74.585732 -1.677296
v -0.069391 87.896072 -1.677479
v -0.019379 84.437904 -1.677296
v 0.008929 87.842827 -1.272240
v 0.012774 79.013947 -2.159496
v -0.020339 78.951736 -3.928116
v 0.002786 80.012459 -1.727454
v 0.002785 87.802170 -1.727454
v 0.002784 87.872223 -1.782011
v 0.002841 87.889076 -3.156477
v 0.002785 80.082512 -1.782011
v 0.002920 74.694206 -1.739007
v 0.002893 74.731453 -1.727557
v 0.002889 74.669716 -1.780989
v 0.002843 80.091362 -3.156477
v 0.002924 80.012474 -3.911261
v 0.002827 74.669724 -3.169476
v -0.026218 78.951416 -3.932388
v -0.017364 78.950745 -3.959633
v -0.026187 55.502693 -3.932410
v -0.026325 45.469822 -2.365593
v 0.008924 61.688835 -3.478305
v 0.009046 61.688835 -3.560189
v 0.008918 88.167244 -3.478305
v 0.009040 88.167244 -3.560189
v -0.004532 80.102074 -3.478305
v -0.004410 80.102074 -3.560189
v 0.002601 79.011993 -2.207214
v 0.007738 79.011993 -2.211682
v 0.028308 79.013245 -2.193277
v 0.033408 79.013557 -2.188721
v 0.002775 45.478081 -2.344448
v -0.015214 45.359512 -2.315878
v -0.015220 45.456467 -2.399809
v -0.015066 55.515022 -3.966626
v -0.015246 45.400532 -2.372169
v -0.026328 45.394650 -2.300514
v -0.026356 45.420376 -2.343564
v 0.002739 45.440853 -2.332999
v -0.004528 61.688805 -3.478305
v -0.004406 61.688805 -3.560189
v 0.029492 55.773998 -3.915322
v 0.034380 61.674126 -1.762152
v 0.008726 61.686470 -1.779593
v 0.003827 55.786274 -3.932760
v 0.034375 87.877106 -1.762152
v -0.004412 88.167213 -3.560189
v -0.004534 88.167213 -3.478305
v 0.007769 79.014053 -2.152412
v -0.012841 79.012405 -2.182055
v -0.017915 79.012001 -2.189352
v -0.004539 79.857368 -3.478305
v -0.004644 79.857338 -3.560086
v 0.020902 55.514942 -3.966626
v 0.031888 45.394646 -2.300512
v 0.020763 45.359516 -2.315878
v 0.020730 45.400272 -2.371949
v 0.020765 45.456470 -2.399810
v 0.031883 45.469830 -2.365594
v 0.080763 55.602245 -4.023433
v 0.008727 61.654243 -1.733934
v 0.003822 55.754131 -3.887104
v -0.021840 55.773998 -3.915322
v -0.016939 61.674156 -1.762152
v 0.008821 61.444099 -3.560086
v -0.004535 61.444099 -3.478305
v 0.008927 61.444115 -3.478305
v -0.004540 87.922508 -3.478305
v 0.008815 87.922508 -3.560086
v -0.004645 87.922478 -3.560086
v 0.008921 87.922523 -3.478305
v 0.008721 87.857224 -1.733934
v 0.002920 80.082558 -3.856704
v 0.002911 80.048630 -3.894557
v 0.002924 61.669281 -3.856704
v 0.002789 87.838333 -1.744159
v 0.002919 87.920753 -3.856704
v 0.002910 87.886826 -3.894557
v 0.008946 74.597397 -1.239426
v -0.069386 61.693092 -1.677479
v 0.008934 61.769596 -1.253478
v -0.019373 55.692669 -1.677296
v 0.008944 84.349289 -1.278677
v 0.002914 55.531170 -3.894557
v 0.002733 84.546394 -3.899710
v 0.002764 84.521889 -3.857728
v 0.002918 84.546379 -1.739007
v 0.002891 84.583626 -1.727557
v 0.002887 84.521889 -1.780989
v 0.002922 87.850670 -3.911261
v 0.002769 84.583626 -3.911159
v 0.002825 84.521896 -3.169476
v 0.002735 74.694221 -3.899710
v 0.002766 74.669716 -3.857728
v 0.002771 74.731453 -3.911159
v 0.002740 55.801159 -3.899710
v 0.002771 55.776661 -3.857728
v 0.002791 61.599190 -1.727454
v 0.002789 61.669243 -1.782011
v 0.002924 55.801151 -1.739007
v 0.002898 55.838387 -1.727557
v 0.002893 55.776661 -1.780989
v 0.002847 61.678093 -3.156478
v 0.002928 61.599197 -3.911262
v 0.002775 55.838383 -3.911159
v 0.002831 55.776661 -3.169476
v -0.026184 55.552830 -3.904790
v 0.008918 88.136658 -2.221537
v 0.009040 88.136658 -2.303421
v -0.020472 80.246475 -0.879891
v -0.020788 80.246651 -4.122876
v -0.015081 55.577343 -3.929508
v -0.020470 45.368710 0.686819
v -0.020785 45.368893 -2.556165
v 0.009740 80.151009 -0.879891
v 0.009425 80.151192 -4.122876
v -0.039479 80.187660 -4.122876
v -0.039125 80.187477 -0.879891
v 0.039949 80.246468 -0.879891
v 0.039634 80.246651 -4.122876
v 0.058283 80.187660 -4.122876
v 0.058629 80.187477 -0.879891
v 0.032016 55.546856 -3.909421
v 0.020903 55.572361 -3.933380
v 0.058286 45.309902 -2.556165
v 0.058632 45.309711 0.686819
v 0.039952 45.368710 0.686819
v 0.039637 45.368893 -2.556165
v -0.039476 45.309895 -2.556165
v -0.039122 45.309711 0.686819
v 0.009743 45.273251 0.686819
v 0.009428 45.273430 -2.556165
v 0.031855 45.418621 -2.342050
v -0.004640 61.444069 -3.560086
v 0.008815 87.926064 -2.303318
v 0.008921 87.926079 -2.221537
v -0.062113 68.779648 -4.248455
v 0.065293 68.466858 -4.248456
v 0.194009 68.466858 -4.248456
v -0.189837 68.466858 -4.248455
v -0.062113 68.466858 -4.248455
v 0.002916 61.635361 -3.894557
v 0.008950 55.657639 -1.242532
v 0.008920 80.102104 -2.221537
v 0.009042 80.102104 -2.303421
v 0.008923 55.584652 -2.221537
v 0.009045 55.584652 -2.303421
v 1.753441 79.726692 -1.935651
v 0.080760 80.296257 -4.120022
v 0.134558 80.355583 -4.247344
v -0.133173 80.355583 -4.247344
v -0.079369 80.296257 -4.120022
v -0.004532 80.102074 -2.221537
v -0.004410 80.102074 -2.303421
v 0.029492 45.413692 -2.348612
v 0.034379 55.569935 -1.762152
v 0.003827 45.425968 -2.366050
v 0.008724 55.582279 -1.779593
v -0.133171 45.477818 -2.584045
v 0.134561 45.477818 -2.584045
v 0.080763 45.418491 -2.456723
v -0.079366 45.418491 -2.456723
v -0.004529 55.584614 -2.221537
v -0.004407 55.584614 -2.303421
v -0.026326 68.276100 -1.706307
v 0.002789 68.268410 -1.727454
v -0.004412 88.136627 -2.303421
v -0.004534 88.136627 -2.221537
v -0.022793 87.856308 -0.879891
v -0.022976 87.897522 -1.720887
v -0.079369 80.119698 -4.120022
v 0.080760 80.119698 -4.120022
v 0.134557 80.060371 -4.247344
v -0.133175 80.060379 -4.247344
v 0.008817 79.857368 -2.303318
v -0.004539 79.857368 -2.221537
v 0.008923 79.857384 -2.221537
v -0.004644 79.857338 -2.303318
v -0.021840 45.413692 -2.348612
v -0.016940 55.569973 -1.762152
v 0.008726 55.550053 -1.733934
v 0.003822 45.393826 -2.320394
v 0.134560 45.182610 -2.584045
v -0.133172 45.182613 -2.584045
v -0.079366 45.241940 -2.456723
v 0.080762 45.241940 -2.456723
v 0.008820 55.339916 -2.303318
v -0.004536 55.339916 -2.221537
v 0.008926 55.339924 -2.221537
v -0.004641 55.339886 -2.303318
v 0.031960 68.368996 -3.156477
v 0.031889 68.360039 -1.771736
v 0.020778 68.394966 -1.755111
v 0.020840 68.404114 -3.156477
v -0.004540 87.926064 -2.221537
v -0.004645 87.926033 -2.303318
v 0.022904 87.863289 -1.720887
v 0.023105 87.822075 -0.879891
v 0.012266 87.856300 -0.879891
v 0.012083 87.897522 -1.720887
v -0.033822 87.863289 -1.720887
v -0.033616 87.822075 -0.879891
v -0.005263 87.800911 -0.879891
v -0.005446 87.842133 -1.720887
v -0.189737 45.117016 -2.472322
v -0.035052 45.117016 -2.486576
v -0.182849 42.609013 -1.740714
v 0.086274 45.117016 -2.497747
v 0.192461 45.117016 -2.507569
v 0.194009 68.779648 -4.248456
v -0.189838 68.779648 -4.248455
v 0.065293 68.779648 -4.248456
v 2.014786 79.775940 -3.341926
v 0.002845 68.347313 -3.156477
v 0.911028 74.410652 -3.440746
v 1.991021 79.802925 -3.346612
v 0.008923 55.584652 -3.478305
v 0.009045 55.584652 -3.560189
v -0.015101 61.816597 -1.756127
v -0.015163 61.816597 -3.169476
v -0.026246 68.368965 -3.156478
v 1.751176 79.821365 -1.982896
v 1.765992 79.853722 -1.964076
v 2.008729 79.835182 -3.344165
v 1.723244 79.740410 -1.919724
v 0.907297 74.447289 -3.442128
v 0.701105 74.490044 -2.069221
v 0.939699 74.462791 -3.436784
v 0.134559 74.731087 -4.265200
v -0.133172 74.731087 -4.265200
v -0.079368 74.671761 -4.137877
v -0.020471 74.621986 -0.879891
v -0.020786 74.622162 -4.237320
v -0.004407 55.584614 -3.560189
v -0.004529 55.584614 -3.478305
v -0.015204 45.275471 -0.188401
v -0.015144 45.284649 -0.577627
v -0.026328 45.156582 -0.139596
v 0.002786 45.148975 -0.160743
v -0.026325 68.360023 -1.771736
v -0.015198 68.394951 -1.755111
v -0.015139 68.404137 -3.156477
v -0.026268 61.851738 -3.169477
v -0.026207 61.851723 -1.771493
v 0.002891 61.873436 -1.780989
v 0.002829 61.873444 -3.169476
v 1.776742 79.794266 -1.988326
v 2.047189 79.791405 -3.336581
v 1.807343 79.809837 -1.972864
v 1.800706 79.846596 -1.957875
v 2.043442 79.828026 -3.337965
v 0.723245 74.463181 -2.055180
v -0.079368 74.495209 -4.137877
v 0.134558 74.435875 -4.265200
v -0.133174 74.435890 -4.265200
v 0.009741 74.526520 -0.879891
v 0.009426 74.526695 -4.237320
v -0.039478 74.563164 -4.237320
v -0.039124 74.562981 -0.879891
v 0.039950 74.621979 -0.879891
v 0.039635 74.622162 -4.237320
v 0.058284 74.563171 -4.237320
v 0.058630 74.562981 -0.879891
v 0.008820 55.339916 -3.560086
v -0.004536 55.339916 -3.478305
v 0.008926 55.339924 -3.478305
v -0.004641 55.339886 -3.560086
v 0.031961 45.249523 -0.577627
v 0.031882 45.240570 -0.205025
v 0.020773 45.275471 -0.188401
v 0.020840 45.284660 -0.577627
v 0.002787 68.338463 -1.782011
v 0.020879 61.913551 -1.672197
v 0.032004 61.926910 -1.706412
v 0.020884 61.816597 -1.756127
v 0.032009 61.851723 -1.771493
v 0.193156 55.511600 -4.052677
v -0.160897 44.568108 -2.253451
v -0.031729 43.063721 -1.852355
v -0.149079 43.143097 -1.841361
v -0.029372 44.609798 -2.305950
v -0.189751 48.405750 -3.252110
v 0.169199 44.672619 -2.379184
v 0.080829 44.644737 -2.349949
v 0.083232 48.361141 -3.270478
v -0.029714 48.379562 -3.262308
v 0.034670 43.021465 -1.863042
v 0.192684 48.343246 -3.277551
v -0.039505 42.616684 -1.779861
v 0.136945 42.951935 -1.872022
v 0.185705 42.628731 -1.841347
v 0.066288 42.622334 -1.808758
v 0.002842 84.289276 -3.156477
v 0.002848 45.227810 -0.577627
v 0.668184 74.438393 -2.048694
v 1.730538 79.750954 -1.883922
v 0.673021 74.535057 -1.964562
v 0.666666 74.479446 -1.992849
v -0.015081 41.548470 1.217162
v -0.015142 41.548477 -0.164564
v -0.015078 41.645428 1.301091
v -0.026247 45.249527 -0.577627
v -0.015195 68.345741 -1.705338
v -0.015204 68.288414 -1.672091
v -0.015099 61.913551 -1.672197
v -0.015066 61.857368 -1.700058
v -0.015166 80.279289 -3.169476
v -0.026249 84.310928 -3.156478
v 0.704195 74.551590 -2.015660
v 0.670839 74.549675 -1.999973
v 0.667078 74.474724 -2.065211
v -0.026329 84.218063 -1.706307
v 0.002786 84.210373 -1.727454
v 0.080761 74.671761 -4.137877
v -0.026326 45.240566 -0.205025
v -0.026192 41.658783 1.266876
v -0.026248 41.583603 -0.164565
v -0.026186 41.583603 1.201796
v 0.002911 41.605316 1.192300
v 0.002850 41.605316 -0.164564
v 0.002896 61.935173 -1.727557
v -0.026204 61.926910 -1.706412
v -0.026179 61.875710 -1.729956
v 0.002922 61.897926 -1.739007
v -0.015201 84.336914 -1.755111
v -0.015142 84.346100 -3.156477
v -0.026272 80.314430 -3.169477
v -0.026328 84.301987 -1.771736
v 0.707727 74.527924 -1.958362
v 0.726999 74.538132 -1.989942
v 0.720972 74.489250 -2.012386
v 1.779412 79.728828 -1.909693
v 1.765244 79.743790 -1.877722
v 0.945757 74.403511 -3.434544
v 0.701402 74.472565 -1.986425
v 0.702890 74.431267 -2.042494
v 0.963464 74.435738 -3.432095
v 0.031957 84.310959 -3.156477
v 0.020837 84.346077 -3.156477
v 0.080761 74.495209 -4.137877
v 0.002788 45.218998 -0.215301
v 0.020899 41.645432 1.301091
v 0.032025 41.658783 1.266876
v 0.020897 41.548466 1.217162
v 0.032021 41.583607 1.201796
v 0.032020 61.877464 -1.728442
v 0.031887 68.276054 -1.706307
v 0.020776 68.288383 -1.672091
v 0.031902 68.326225 -1.733927
v 0.020781 68.350746 -1.709208
v 0.020823 61.816597 -3.169476
v 0.020913 61.857620 -1.699836
v 0.031948 61.851730 -3.169476
v 0.020775 84.336929 -1.755111
v 0.031886 84.302002 -1.771736
v 0.002784 84.280426 -1.782011
v -0.062579 74.393127 -4.237987
v 0.192689 74.719635 -4.237988
v 0.194005 88.041885 -4.238093
v -0.191238 74.719627 -4.237987
v -0.189842 88.041885 -4.238093
v 0.064853 74.719635 -4.237988
v -0.062118 88.041885 -4.238093
v 0.065288 88.041885 -4.238093
v -0.062580 74.719627 -4.237987
v 0.122535 55.494579 -4.046735
v 0.193280 57.393162 -4.239089
v -0.189781 55.425041 -4.030000
v -0.189790 57.352367 -4.220262
v -0.018657 55.463245 -4.039341
v 0.114194 57.384907 -4.234108
v -0.015681 57.371033 -4.228000
v 2.128930 79.683784 -4.086509
v 2.133454 79.753540 -4.031716
v 0.002926 68.268425 -3.911261
v 0.002922 68.338509 -3.856704
v 1.747658 79.806473 -1.915798
v 2.111420 79.780197 -4.046528
v -0.015204 45.226299 -0.138627
v -0.015200 45.168911 -0.105381
v -0.015053 41.589241 1.273230
v -0.026327 61.926903 -3.932304
v -0.026188 68.360031 -3.866981
v -0.015207 84.230377 -1.672091
v -0.015102 80.376244 -1.672197
v -0.015104 80.279289 -1.756127
v 2.131951 79.811882 -4.060457
v 1.735985 79.783241 -1.941693
v 0.664735 74.499039 -2.023932
v 0.698785 74.514862 -2.027496
v 1.027170 74.433594 -4.129366
v 1.057924 74.449280 -4.114670
v -0.026208 80.389603 -1.706412
v -0.026210 80.314415 -1.771493
v 0.002892 80.397865 -1.727557
v 0.002888 80.336128 -1.780989
v -0.026309 45.200817 -0.162583
v 0.002908 41.667042 1.245732
v -0.026158 41.607578 1.243333
v 0.002943 41.629803 1.234282
v -0.015068 68.394951 -3.883605
v -0.015216 61.816597 -3.882588
v -0.015221 61.913551 -3.966519
v -0.026308 68.320259 -1.729294
v -0.026330 61.851738 -3.867224
v 0.002769 61.873436 -3.857728
v 0.002826 80.336136 -3.169476
v 1.763497 79.761803 -1.951557
v 1.794137 79.777451 -1.936134
v 1.784028 79.804169 -1.913333
v 2.166657 79.804779 -4.054259
v 2.167596 79.768661 -4.036496
v 2.162156 79.685059 -4.102209
v 0.020876 80.376244 -1.672197
v 0.032001 80.389603 -1.706412
v 0.031884 84.218018 -1.706307
v 0.020773 84.230347 -1.672091
v 0.020819 80.279289 -3.169476
v 0.020881 80.279289 -1.756127
v 0.032006 80.314415 -1.771493
v 0.031944 80.314423 -3.169476
v 0.002790 45.185131 -0.177448
v 0.020934 41.589493 1.273452
v 0.032040 41.609329 1.244846
v 0.031887 45.156590 -0.139596
v 0.020778 45.168903 -0.105381
v 0.031903 45.206753 -0.167216
v 0.020774 45.231270 -0.142497
v 0.020835 41.548470 -0.164564
v 0.031960 41.583611 -0.164564
v 0.002792 68.304573 -1.744159
v 0.020900 68.394974 -3.883606
v 0.032028 68.360039 -3.866982
v 0.020761 61.816597 -3.882588
v 0.031886 61.851738 -3.867222
v 0.032026 68.276039 -3.932410
v 0.194005 88.041885 -3.733737
v -0.189842 88.041885 -3.733737
v -0.062118 88.041885 -3.733737
v 0.065288 88.041885 -3.733737
v -0.191238 74.393127 -4.237987
v 0.192689 74.393127 -4.237988
v 0.064853 74.393127 -4.237988
v -0.190798 41.664093 -1.221847
v 0.193104 41.643967 -1.220010
v 0.064996 41.650681 -1.220623
v -0.042747 41.656334 -1.221138
v 0.002923 84.210388 -3.911261
v 0.002925 45.148972 -0.888594
v 0.002926 45.218994 -0.834036
v 0.002914 68.304581 -3.894557
v 2.105996 79.696663 -4.112239
v 1.053293 74.505981 -4.192327
v -0.026315 41.658787 -0.927392
v -0.026188 45.240566 -0.844313
v -0.026184 68.326241 -3.904790
v -0.026188 68.276100 -3.932409
v -0.015198 84.287704 -1.705338
v -0.026191 84.301994 -3.866981
v -0.015069 80.320061 -1.700058
v 2.125039 79.705872 -4.143838
v 1.033548 74.396660 -4.143115
v 1.067232 74.490013 -4.224315
v 1.051340 74.435753 -4.197943
v 1.039644 74.457970 -4.171383
v 1.079370 74.508728 -4.166361
v 1.069986 74.472473 -4.155653
v -0.026182 80.338402 -1.729956
v 0.002919 80.360619 -1.739007
v -0.015071 84.336914 -3.883605
v -0.015066 45.275463 -0.860938
v -0.015204 41.548477 -0.877676
v -0.015201 41.645424 -0.961608
v -0.026309 41.583603 -0.862313
v 0.002788 41.605316 -0.852816
v -0.015067 68.288429 -3.966625
v -0.015082 68.350746 -3.929507
v -0.015248 61.857613 -3.938880
v -0.026357 61.877464 -3.910274
v 0.002773 61.935173 -3.911159
v 0.002738 61.897942 -3.899710
v -0.026311 84.262222 -1.729294
v 1.068254 74.389519 -4.136916
v 1.083337 74.422050 -4.119332
v 1.095209 74.444733 -4.159886
v 2.159737 79.698662 -4.137641
v 1.109453 74.494453 -4.182296
v 1.101946 74.482887 -4.218115
v 1.085962 74.428368 -4.191529
v 0.032017 80.340157 -1.728442
v 0.020778 84.292709 -1.709208
v 0.020910 80.320312 -1.699836
v 0.020897 84.336937 -3.883606
v 0.032025 84.302002 -3.866982
v 0.032023 84.218002 -3.932410
v 0.020895 45.275471 -0.860938
v 0.032020 45.240566 -0.844314
v 0.020774 41.548470 -0.877676
v 0.031899 41.583603 -0.862311
v 0.032025 45.156586 -0.909742
v 0.031902 41.658787 -0.927393
v 0.020776 41.645428 -0.961608
v 0.020902 68.345772 -3.933380
v 0.031854 61.875710 -3.908760
v 0.020901 68.288353 -3.966626
v 0.032015 68.320259 -3.909421
v 0.031881 61.926918 -3.932304
v 0.020764 61.913551 -3.966520
v 0.020728 61.857361 -3.938659
v 0.031899 84.268188 -1.733927
v 0.002789 84.246536 -1.744159
v 2.133225 79.719551 -4.069511
v 0.002919 84.280472 -3.856704
v 0.002912 45.185135 -0.871889
v 1.753441 79.726692 -1.935651
v 1.776742 79.794266 -1.988326
v 2.014786 79.775940 -3.341926
v 2.111214 79.746346 -4.084277
v -0.026190 45.206753 -0.882122
v -0.026191 45.156586 -0.909742
v 0.008922 68.358055 -3.478305
v 0.009044 68.358055 -3.560189
v -0.026190 84.218063 -3.932409
v -0.026330 80.389595 -3.932304
v 1.093073 74.440247 -4.166831
v 1.785477 79.810020 -1.984660
v 1.804780 79.793175 -1.963249
v 1.073747 74.457024 -4.188244
v 2.131036 79.767677 -4.106339
v -0.015070 84.230392 -3.966625
v -0.015219 80.279289 -3.882588
v -0.015225 80.376244 -3.966519
v -0.015251 80.320305 -3.938880
v 0.002770 80.397865 -3.911159
v 0.008720 45.236179 -0.212882
v -0.015070 45.168907 -0.943958
v -0.015080 45.231266 -0.906840
v -0.015235 41.589493 -0.933968
v -0.026344 41.609329 -0.905362
v 0.002786 41.667038 -0.906247
v 0.002758 41.629810 -0.894798
v -0.004530 68.358025 -3.478305
v -0.004408 68.358025 -3.560189
v 0.029490 61.870781 -3.915322
v 0.034378 68.343346 -1.762152
v 0.008724 68.355690 -1.779593
v 0.003825 61.883057 -3.932760
v -0.026333 80.314430 -3.867224
v 0.002765 80.336128 -3.857728
v -0.026361 80.340157 -3.910274
v 1.043543 74.450424 -4.175678
v 1.771233 79.779335 -1.940177
v 1.059503 74.426422 -4.143763
v 1.755265 79.803383 -1.972091
v 2.165437 79.755585 -4.104027
v 2.166962 79.728851 -4.078901
v 0.020758 80.279289 -3.882588
v 0.031883 80.314430 -3.867222
v 0.020898 84.230316 -3.966626
v 0.031878 80.389610 -3.932304
v 0.020760 80.376244 -3.966520
v -0.016947 45.223896 -0.195442
v 0.020895 45.226303 -0.910712
v 0.031874 41.607582 -0.903848
v 0.020900 45.168911 -0.943959
v 0.032006 45.200817 -0.886754
v 0.020748 41.589241 -0.933747
v 0.008725 68.323463 -1.733934
v 0.003820 61.850914 -3.887104
v -0.021842 61.870781 -3.915322
v -0.016941 68.343376 -1.762152
v 0.008819 68.113319 -3.560086
v -0.004537 68.113319 -3.478305
v 0.008925 68.113335 -3.478305
v -0.004642 68.113289 -3.560086
v -0.020469 41.545380 2.120122
v -0.020784 41.545563 -1.122863
v 0.058286 41.486572 -1.122863
v 0.058633 41.486382 2.120122
v 0.039953 41.545380 2.120122
v 0.039638 41.545563 -1.122863
v -0.039475 41.486565 -1.122863
v -0.039121 41.486382 2.120122
v 0.009743 41.449921 2.120122
v 0.009428 41.450100 -1.122863
v -0.133170 41.631065 -1.233866
v 0.134561 41.631065 -1.233866
v 0.080763 41.571739 -1.106544
v -0.079366 41.571739 -1.106544
v 0.134560 41.359280 -1.150743
v -0.133171 41.359283 -1.150743
v -0.079365 41.418610 -1.023420
v 0.080763 41.418610 -1.023420
v -0.190722 41.391312 -1.050914
v 0.193180 41.371185 -1.049076
v 0.065073 41.344322 -1.025285
v -0.042671 41.349976 -1.025800
vt 46.438221 0.014261
vt 45.959023 3.050788
vt -85.967026 -1.194530
vt -86.048241 -0.055055
vt -85.848251 -0.055055
vt -85.848267 0.126641
vt 26.267227 -7.347498
vt 26.467230 -7.347498
vt 26.467228 -7.334682
vt -1.049216 -2.310194
vt -1.249220 -2.310194
vt -1.249354 -3.343798
vt -1.250508 -3.355940
vt -1.050505 -3.355940
vt -1.050398 -2.320776
vt 0.756853 -1.888568
vt 0.556852 -1.904514
vt 0.756852 -1.904593
vt 0.450462 -3.215498
vt 0.650460 -3.215497
vt 0.650459 -3.201558
vt 0.585060 1.000007
vt 0.385059 1.000007
vt 0.385059 0.823332
vt 0.408772 0.823326
vt 0.608772 0.823326
vt 0.608772 1.000002
vt 0.398695 0.823348
vt 0.598695 0.823348
vt 0.598695 1.000023
vt 0.614941 0.999987
vt 0.464520 -4.436730
vt 0.664520 -4.436730
vt 0.664518 -4.422791
vt 0.803945 -2.714746
vt 0.603947 -2.730691
vt 0.803944 -2.730771
vt 0.400374 -1.243996
vt 0.600374 -1.243996
vt 0.600342 -0.631633
vt 0.599832 -0.631626
vt 0.399832 -0.631626
vt 0.399864 -1.243990
vt 0.431569 -4.022257
vt 0.631568 -4.022257
vt 0.631565 -4.007614
vt -1.006331 -5.182731
vt -941817101661203595264.000000 219356827050334748672.000000
vt -143136356439162880.000000 90971101001154560.000000
vt 59.976032 -48.379913
vt 62.971710 -51.092628
vt 63.126694 -51.427658
vt 186399588352.000000 -213408694272.000000
vt -36966064128.000000 42322509824.000000
vt 137.087418 -0.946901
vt 136.590805 -0.000844
vt 136.790787 -0.000844
vt 136.790802 0.180850
vt 126.681564 -4.780419
vt 126.481529 -4.796441
vt 126.681564 -4.794988
vt 53.679783 -6.119525
vt 53.879780 -6.119524
vt 53.879776 -6.104133
vt -134.751556 0.999946
vt -134.951584 0.999946
vt -134.951523 0.823265
vt 104.386856 -1.727897
vt 104.186852 -1.727898
vt 104.186806 -1.743922
vt -68.319450 -5.750182
vt 135.947998 1.000258
vt 135.747971 1.000258
vt 135.747971 0.823574
vt 135.707932 -1.804549
vt 135.907883 -1.804548
vt 135.907883 -1.627877
vt 61.462410 -3.646304
vt 61.662422 -3.630909
vt 61.462410 -3.632363
vt -135.705444 -2.661466
vt -135.905411 -2.661466
vt -135.905411 -2.843160
vt -134.906967 -0.005087
vt -134.706955 -0.005087
vt -134.706955 0.171584
vt 49.705177 1.000094
vt 49.705177 0.823410
vt -38.406105 -3.169176
vt -38.606102 -3.169176
vt -38.606102 -3.186399
vt 53.656662 -1.464689
vt 53.856647 -1.464689
vt 53.856647 -1.448560
vt 40.873592 -2.541743
vt 40.673592 -2.556715
vt 40.873589 -2.557481
vt -39.343037 -0.304216
vt -39.543030 -0.304216
vt -39.543037 -0.318089
vt -55.768391 -2.260085
vt -55.568409 -2.245448
vt 100.180199 -5.431700
vt 0.604546 -3.052089
vt 0.804546 -3.052088
vt 0.804500 -2.439546
vt 0.804629 -2.421840
vt 0.604629 -2.421841
vt 0.604675 -3.034204
vt -135.789520 -0.007742
vt -135.589523 -0.007742
vt -135.589523 0.173957
vt -56.638432 -5.051967
vt -56.438442 -5.037948
vt -56.638432 -5.035875
vt -536436342784.000000 614165708800.000000
vt 183528554496.000000 -210121654272.000000
vt 192871481344.000000 -220818358272.000000
vt -8.903895 -3.077224
vt -8.758541 -3.077571
vt -8.517681 -2.292086
vt -14.271713 -1.889469
vt -14.071708 -1.889469
vt -14.071713 -1.873379
vt 13.411495 -2.922232
vt 13.211487 -2.922233
vt 13.211486 -2.936518
vt 30.536877 -0.574963
vt 30.336870 -0.574963
vt 30.336870 -0.589534
vt -29.641243 -1.003595
vt -29.841242 -1.020742
vt -29.641239 -1.017468
vt -29.623823 -1.003420
vt -29.823826 -1.020567
vt -29.623823 -1.017293
vt 0.655050 -4.422448
vt 39.597710 -6.540583
vt 39.397724 -6.554872
vt 39.597717 -6.555556
vt -3.400363 -0.277279
vt -3.600361 -0.277279
vt -4.365599 -0.780186
vt -4.399770 -0.781294
vt -4.199766 -0.781294
vt -3.430469 -0.278325
vt -21.704847 -7.109503
vt -21.504845 -7.093412
vt -21.704847 -7.096688
vt -36.389099 -6.049382
vt -36.189102 -6.049383
vt -36.189102 -6.033292
vt 2.767756 -4.091836
vt 2.967755 -4.077192
vt 0.818972 -2.714422
vt 0.618971 -2.730367
vt 0.818973 -2.730446
vt 0.554622 -2.708143
vt 0.354617 -2.708143
vt 0.354621 -2.724089
vt 0.604389 -2.421935
vt 0.404389 -2.421934
vt 0.404432 -3.034298
vt 0.404940 -3.034242
vt 0.604940 -3.034242
vt 0.604891 -2.421879
vt -1.248691 -5.182662
vt -1.048691 -5.184148
vt 0.198221 -3.034311
vt 0.398221 -3.034311
vt 104.165932 -1.728378
vt 104.165932 -1.744401
vt 135.687912 -0.010713
vt 135.887878 -0.010713
vt 135.887894 0.165954
vt 0.398239 -2.421946
vt 71.454292 -4.624171
vt 71.254280 -4.639143
vt 71.454292 -4.639908
vt 94.166466 -2.712007
vt 94.366478 -2.712007
vt 94.366470 -2.695877
vt 100.121254 -5.445857
vt 100.321266 -5.429729
vt 0.398315 -2.439547
vt 0.198315 -2.439547
vt 0.198297 -3.052089
vt -116.192032 -3.297426
vt -116.392006 -3.311298
vt -116.191994 -3.313370
vt 61.477699 -3.646998
vt 61.677704 -3.631606
vt 61.477699 -3.633060
vt 5137694.500000 269264.031250
vt 5137695.000000 269264.031250
vt -44.212044 -1.251893
vt -44.012047 -1.251893
vt -44.012104 -0.639342
vt -43.995518 -0.631468
vt -44.195511 -0.631468
vt 100.121239 -5.428964
vt -108.970169 -2.280605
vt -109.170151 -2.280604
vt -109.170151 -2.294478
vt -56.615971 -5.051311
vt -56.415966 -5.037293
vt -56.615971 -5.035221
vt 62.019108 -7.264976
vt 61.819107 -7.264974
vt 61.819092 -7.279948
vt -57.816200 -4.643963
vt -57.616196 -4.643964
vt -57.616196 -4.629946
vt 722269.625000 37864.648438
vt 898282.562500 47077.363281
vt 307208.312500 16100.811523
vt -89.165825 -2.349075
vt -88.965828 -2.351147
vt 39.461170 0.793394
vt 39.261169 0.793394
vt 37.029022 0.137183
vt 36.989754 0.137232
vt 37.189762 0.137232
vt 39.423138 0.793409
vt 47.261093 -2.610088
vt 47.461102 -2.594695
vt 47.261101 -2.596149
vt -529.554993 -46.741600
vt -529.355042 -46.741608
vt -76.660004 0.703732
vt -76.460007 0.703732
vt -76.460197 1.419005
vt 18641071758802681856.000000 -16650267418249134080.000000
vt 4333386156419842048.000000 -22908269789131571200.000000
vt 4333791876210491392.000000 -22910413836805734400.000000
vt 41.516788 2.666250
vt 45.125355 0.014455
vt 41.819897 0.013755
vt 44.945900 2.769892
vt 0.399855 -1.076585
vt 0.454513 -1.076637
vt 5.188143 -4.936457
vt 5.188147 -4.919562
vt -64.780121 -5.145480
vt -64.580147 -5.145480
vt -64.580124 -5.127900
vt 86.855461 -0.005807
vt 87.055466 -0.005807
vt 87.055466 0.175889
vt 86.899353 -0.196216
vt 86.699341 -0.196216
vt 86.699356 -0.377905
vt 33.413826 -5.740504
vt 33.613834 -5.727687
vt 33.413826 -5.725111
vt -85.767044 -1.012833
vt -85.967018 -1.012833
vt 0.455023 -1.076644
vt 0.600365 -1.076786
vt 13.579520 -1.752591
vt -30.224562 -0.248167
vt -30.424557 -0.248167
vt -30.424555 -0.429864
vt -30.456032 -0.019784
vt -30.256027 -0.019784
vt -30.256027 0.161918
vt 10.792245 -2.398420
vt 10.992257 -2.398420
vt 10.992257 -2.385603
vt -0.686088 -4.091264
vt -0.886082 -4.107003
vt -0.686086 -4.108488
vt 0.424515 -3.182738
vt 0.624517 -3.182738
vt 0.624512 -3.168095
vt -1.006332 -5.165507
vt -1.206332 -5.181246
vt 60.034775 -48.704609
vt 70.832298 -58.271049
vt 70.962868 -58.328968
vt 70.661873 -58.330589
vt 183528554496.000000 -210121654272.000000
vt 192871481344.000000 -220818358272.000000
vt -536436342784.000000 614165708800.000000
vt 192871481344.000000 -220818358272.000000
vt -51.067913 -1.967196
vt -51.014050 -1.967680
vt -116.215096 -3.297391
vt -116.415070 -3.311263
vt -116.215096 -3.313335
vt -57.836536 -4.644735
vt -57.636528 -4.644734
vt -57.636532 -4.630716
vt 137.287430 -0.765199
vt 137.087418 -0.765199
vt -67.893768 -5.771259
vt -67.693771 -5.771266
vt -98.489716 -4.110576
vt -98.289719 -4.095937
vt -98.489716 -4.095932
vt -108.980873 -2.279805
vt -109.180870 -2.279805
vt -109.180870 -2.293678
vt 71.548515 -4.630034
vt 71.348495 -4.645007
vt 71.548508 -4.645772
vt 94.174812 -2.712521
vt 94.374802 -2.712521
vt 94.374802 -2.696393
vt -68.119438 -5.732958
vt -68.319450 -5.732958
vt -50.995644 -1.966605
vt -50.849335 -1.965993
vt 35.497166 -4.046178
vt 35.297161 -4.046178
vt 35.297161 -4.061151
vt -48.895447 0.522304
vt -48.695454 0.522304
vt -48.695450 0.698981
vt -76.849670 -1.435566
vt -77.049683 -1.435566
vt -77.049667 -1.617265
vt 22.714363 -0.819804
vt 22.914366 -0.804410
vt 22.714365 -0.805865
vt 49.691311 -0.131499
vt 49.891300 -0.131499
vt 49.891300 0.045178
vt 49.905182 1.000094
vt 135.907883 -1.804548
vt 135.907883 -1.627877
vt 61.462410 -3.646304
vt 61.662422 -3.630909
vt 61.462410 -3.632363
vt -135.705444 -2.661466
vt -135.905411 -2.661466
vt -135.905411 -2.843160
vt -134.906967 -0.005087
vt -134.706955 -0.005087
vt -134.706955 0.171584
vt 62.100014 -7.274942
vt 61.899994 -7.274942
vt 61.899998 -7.289914
vt 100.180199 -5.448595
vt 100.380211 -5.432466
vt -8.951342 -3.064148
vt -8.896696 -3.063776
vt -4.135934 -0.644390
vt -3.989644 -0.643916
vt 1.441116 -1.340854
vt 1.241120 -1.339368
vt 0.427915 -1.256980
vt 0.627918 -1.256980
vt 0.627918 -1.243040
vt 14.351419 -2.213564
vt 14.151424 -2.227850
vt 14.351416 -2.228536
vt -19.786619 -0.072272
vt -19.986620 -0.072272
vt -23.398336 -0.455561
vt -23.403034 -0.456441
vt -23.203033 -0.456441
vt -19.782774 -0.072141
vt -8.517683 -2.304903
vt -8.317676 -2.288812
vt 0.604940 -3.034242
vt 0.604891 -2.421879
vt 0.604389 -2.421935
vt 0.404389 -2.421934
vt 0.404432 -3.034298
vt 0.554622 -2.708143
vt 0.354617 -2.708143
vt 0.354621 -2.724089
vt 0.818972 -2.714422
vt 0.618971 -2.730367
vt 0.818973 -2.730446
vt 2.767756 -4.091836
vt 2.967755 -4.077192
vt 2.767754 -4.075707
vt 0.455059 -4.436387
vt 0.655049 -4.436387
vt -1.048695 -5.166926
vt 0.359046 -4.022260
vt 0.559045 -4.022260
vt 0.559047 -4.007616
vt 0.680552 -5.200379
vt 0.480558 -5.200379
vt 0.480559 -5.216117
vt 0.324702 -4.434787
vt 0.524698 -4.420847
vt 0.324703 -4.420768
vt -8.751337 -2.618596
vt -8.951338 -2.618596
vt -8.951343 -3.231140
vt -8.958546 -3.244618
vt -8.758545 -3.244618
vt -8.758530 -2.631964
vt 4086095.250000 727534.250000
vt 4086096.000000 727534.437500
vt 0.198221 -3.034311
vt 0.398221 -3.034311
vt -44.195477 -1.076615
vt -44.140697 -1.076099
vt -98.430496 -4.109671
vt -98.230507 -4.095032
vt -98.430496 -4.095026
vt 136.721649 -0.007447
vt 136.921646 -0.007447
vt 136.921646 0.174258
vt -134.896622 -1.748347
vt -134.696579 -1.748346
vt -134.696579 -1.571663
vt -135.934387 -0.000823
vt -135.734360 -0.000823
vt -135.734375 0.180869
vt -136.147705 -0.758441
vt -136.347672 -0.758441
vt -136.347672 -0.940131
vt 104.365929 -1.728378
vt 136.800827 -2.725338
vt 136.600861 -2.725338
vt 136.600845 -2.907042
vt -44.157280 -1.084116
vt -44.012062 -1.084899
vt 104.165932 -1.728378
vt 104.165932 -1.744401
vt 135.687912 -0.010713
vt 135.887878 -0.010713
vt 135.887894 0.165954
vt 0.398239 -2.421946
vt 71.454292 -4.624171
vt 71.254280 -4.639143
vt 71.454292 -4.639908
vt 94.166466 -2.712007
vt 94.366478 -2.712007
vt 94.366470 -2.695877
vt 100.121254 -5.445857
vt 100.321266 -5.429729
vt -160180544.000000 -207962512.000000
vt -41.051601 -1.608124
vt -40.851593 -1.608124
vt -38.686047 -0.945881
vt -38.699043 -0.946667
vt -38.899040 -0.946667
vt -41.064789 -1.608944
vt -1391.822144 -51.616020
vt -1391.622314 -51.601383
vt 109.558380 -2.144789
vt 109.358376 -2.144789
vt 109.358376 -2.326489
vt 0.398714 -1.684652
vt 0.198714 -1.684652
vt 0.198643 -2.399916
vt -88.965843 -2.335202
vt 3183650.250000 166906.812500
vt 3183650.750000 166906.843750
vt -50.390804 -1.574365
vt -50.590813 -1.574365
vt -51.247196 -2.114811
vt -51.229359 -2.113747
vt -51.029346 -2.113746
vt -50.370869 -1.573266
vt -64.838509 -5.141396
vt -64.638504 -5.141396
vt -64.638504 -5.123816
vt -79.881042 -0.240162
vt -79.681061 -0.240162
vt -79.681664 0.793462
vt -79.650475 0.793463
vt -79.850464 0.793463
vt -79.849884 -0.237651
vt 51.373764 0.793405
vt 0.798308 -2.858311
vt 0.861627 -2.858137
vt 86.699356 -0.377905
vt 33.413826 -5.740504
vt 33.613834 -5.727687
vt 33.413826 -5.725111
vt -85.767044 -1.012833
vt -85.967018 -1.012833
vt -85.967026 -1.194530
vt -86.048241 -0.055055
vt -85.848251 -0.055055
vt -85.848267 0.126641
vt 26.267227 -7.347498
vt 26.467230 -7.347498
vt 26.467228 -7.334682
vt -85.756447 -0.194647
vt -85.956429 -0.194647
vt -85.956451 -0.376345
vt -85.989548 -0.005744
vt -85.789513 -0.005744
vt -85.789513 0.175958
vt 86.784767 -0.054995
vt 86.984787 -0.054995
vt 86.984787 0.126704
vt -33.289589 -7.932571
vt -33.489586 -7.949800
vt -33.289581 -7.946857
vt -64.922356 -5.213418
vt -64.722343 -5.195839
vt -64.922356 -5.198780
vt 4.988153 -4.936457
vt 0.861233 -2.869237
vt 0.997914 -2.870125
vt -22.627337 -1.742146
vt -22.827337 -1.745089
vt 1.846029 -1.657970
vt 2.046030 -1.657970
vt 2.046031 -1.641076
vt -22.816040 -1.733282
vt -22.616049 -1.733283
vt -22.616055 -1.715703
vt 31.259039 -0.002088
vt 31.459034 -0.002088
vt 31.459045 0.179609
vt 31.389332 0.045760
vt 31.189316 0.045760
vt 31.189316 -0.135939
vt 13.579520 -1.767985
vt 13.779522 -1.755168
vt 59.976032 -48.379913
vt -941817101661203595264.000000 219356827050334748672.000000
vt -143136356439162880.000000 90971101001154560.000000
vt -71.404755 54.052528
vt 9.867387 -4.694633
vt 25.104610 -17.919899
vt 25.235163 -17.977833
vt 24.934162 -17.979439
vt 14937.476562 -12940.116211
vt 14937.511719 -12939.936523
vt 0.604661 -2.839678
vt 0.668317 -2.839299
vt 126.681564 -4.780419
vt 126.481529 -4.796441
vt 126.681564 -4.794988
vt 53.679783 -6.119525
vt 53.879780 -6.119524
vt 53.879776 -6.104133
vt -134.751556 0.999946
vt -134.951584 0.999946
vt -134.951523 0.823265
vt 104.386856 -1.727897
vt 104.186852 -1.727898
vt 104.186806 -1.743922
vt -96.650078 -3.366203
vt -96.450058 -3.366203
vt -96.450073 -3.351565
vt -67.693771 -5.754037
vt 0.668188 -2.857127
vt 0.804531 -2.858335
vt 0.801710 -0.374876
vt 0.601710 -0.374876
vt 0.602679 -1.633929
vt 0.602606 -1.644104
vt 0.802606 -1.644103
vt 0.801664 -0.381310
vt 57.076988 -3.021127
vt 57.276997 -3.004998
vt 57.076988 -3.004232
vt -108.980873 -2.279805
vt -109.180870 -2.279805
vt -109.180870 -2.293678
vt 71.548515 -4.630034
vt 71.348495 -4.645007
vt 71.548508 -4.645772
vt 94.174812 -2.712521
vt 94.374802 -2.712521
vt 94.374802 -2.696393
vt -68.119438 -5.732958
vt -68.319450 -5.732958
vt -68.319450 -5.750182
vt 135.947998 1.000258
vt 135.747971 1.000258
vt 135.747971 0.823574
vt 135.707932 -1.804549
vt -52.733925 -2.264738
vt -52.533916 -2.264738
vt -45.350449 -1.377372
vt -45.565514 -1.378344
vt -52.750763 -2.265853
vt 0.404418 -2.839970
vt 0.467906 -2.839909
vt -4.156949 -0.643063
vt -4.102869 -0.643298
vt -75.770065 -3.466891
vt 86.810852 -0.225368
vt 87.010841 -0.225368
vt 87.010841 -0.048693
vt -2762860544.000000 -3754834944.000000
vt 1655858176.000000 2250179584.000000
vt -2548795703296.000000 2712520359936.000000
vt -12328220672.000000 -16702263296.000000
vt 0.598145 0.793107
vt 0.398145 0.793107
vt 0.398595 -0.238040
vt 0.398286 -0.238041
vt 0.598287 -0.238041
vt 0.597845 0.793109
vt 0.468412 -2.839853
vt 0.604924 -2.839716
vt 0.001024 -1.721255
vt -0.198973 -1.736994
vt 0.001023 -1.738479
vt 0.401487 -0.870819
vt 0.601487 -0.870820
vt 0.601656 -0.424288
vt 0.601567 -0.424289
vt 0.401567 -0.424289
vt 0.401408 -0.870820
vt 0.594045 -0.561283
vt 0.394046 -0.561283
vt 0.394042 -0.577229
vt 0.677326 -0.563576
vt 0.477330 -0.579522
vt 0.677329 -0.579601
vt 1.241117 -1.355497
vt -8.958546 -3.244618
vt -8.758545 -3.244618
vt -8.758530 -2.631964
vt 0.324702 -4.434787
vt 0.524698 -4.420847
vt 0.324703 -4.420768
vt 0.680552 -5.200379
vt 0.480558 -5.200379
vt 0.480559 -5.216117
vt 0.359046 -4.022260
vt 0.559045 -4.022260
vt 0.559047 -4.007616
vt -1.048695 -5.166926
vt -1.248691 -5.182662
vt -1.048691 -5.184148
vt 0.404940 -3.034242
vt 55328325632.000000 11718328320.000000
vt 4283801.500000 762734.500000
vt 11352120.000000 2021206.750000
vt -64.892670 -5.213511
vt -64.692673 -5.195931
vt -64.892662 -5.198872
vt -41.138840 -6.958512
vt -41.338833 -6.958511
vt -41.338833 -6.975739
vt 76.245659 -2.741855
vt 76.045670 -2.741856
vt 76.045685 -2.756426
vt 33.430912 -5.740623
vt 33.630905 -5.727808
vt 33.430904 -5.725229
vt 86.746384 0.493964
vt 86.946350 0.493964
vt 86.946365 0.670636
vt 0.398286 -0.238041
vt 0.598287 -0.238041
vt 0.597845 0.793109
vt 0.598145 0.793107
vt 0.398145 0.793107
vt 0.398595 -0.238040
vt -44.195465 -1.243823
vt 135.886688 1.000030
vt 135.686676 1.000030
vt 135.686646 0.823359
vt 53.648540 -6.118406
vt 53.848553 -6.118407
vt 53.848553 -6.103013
vt 126.709900 -4.781917
vt 126.509850 -4.797942
vt 126.709900 -4.796488
vt -134.682617 0.999791
vt -134.882614 0.999791
vt -134.882629 0.823112
vt -68.088371 -5.729888
vt -68.288345 -5.729888
vt -68.288353 -5.747111
vt -98.430496 -4.109671
vt -98.230507 -4.095032
vt -98.430496 -4.095026
vt 136.721649 -0.007447
vt 136.921646 -0.007447
vt 136.921646 0.174258
vt -134.896622 -1.748347
vt -134.696579 -1.748346
vt -134.696579 -1.571663
vt -135.934387 -0.000823
vt -135.734360 -0.000823
vt -135.734375 0.180869
vt -136.147705 -0.758441
vt -136.347672 -0.758441
vt -136.347672 -0.940131
vt 104.365929 -1.728378
vt 0.261274 -2.841271
vt 0.398227 -2.839983
vt 22.560877 -2.476004
vt 22.360878 -2.476003
vt 22.360872 -2.490975
vt -22.546764 -1.338586
vt -22.346767 -1.338586
vt -22.346767 -1.324568
vt -52.808582 -1.773539
vt -36.923946 -3.074823
vt 2.462882 0.321893
vt 3.080590 0.291584
vt -51.730907 -4.078260
vt -51.530903 -4.078260
vt -51.530891 -4.060679
vt -150326656.000000 -195169488.000000
vt -150304496.000000 -195140464.000000
vt -160180800.000000 -207962864.000000
vt 43.814682 -0.093378
vt 44.014679 -0.093378
vt 51.421284 0.793403
vt 51.221291 0.793403
vt 43.864567 -0.093515
vt -44.195480 -1.067690
vt -44.137714 -1.066956
vt -0.005874 -2.870107
vt 0.057067 -2.870378
vt -33.489586 -7.949800
vt -33.289581 -7.946857
vt -64.922356 -5.213418
vt -64.722343 -5.195839
vt -64.922356 -5.198780
vt 4.988153 -4.936457
vt 5.188143 -4.936457
vt 5.188147 -4.919562
vt -64.780121 -5.145480
vt -64.580147 -5.145480
vt -64.580124 -5.127900
vt 86.855461 -0.005807
vt 87.055466 -0.005807
vt 87.055466 0.175889
vt 86.899353 -0.196216
vt 86.699341 -0.196216
vt 86.799110 -1.213184
vt 39.530621 -6.533940
vt 39.330616 -6.548224
vt 39.530613 -6.548910
vt -0.005745 -3.052131
vt 0.194255 -3.052131
vt 0.194311 -2.439589
vt 0.194166 -2.450528
vt -0.005834 -2.450528
vt -0.005892 -3.063181
vt 0.797908 -3.063200
vt 0.997908 -3.063200
vt 0.997928 -2.450546
vt 0.998319 -2.439522
vt 0.798319 -2.439522
vt 0.798303 -3.052064
vt 0.057213 -2.859363
vt 0.194272 -2.858694
vt 0.999454 -0.430741
vt 0.799454 -0.430741
vt 0.799504 -0.876432
vt -30.217451 0.046280
vt -30.417465 0.046280
vt -30.417456 -0.135414
vt -30.434563 -0.002056
vt -30.234568 -0.002056
vt -30.234573 0.179643
vt 31.231722 -0.019741
vt 31.431717 -0.019741
vt 31.431717 0.161958
vt -11.326985 -2.717341
vt -11.526988 -2.734570
vt -11.326990 -2.731628
vt -22.827333 -1.759726
vt -1.250508 -3.355940
vt -1.050505 -3.355940
vt -1.050398 -2.320776
vt -1.049216 -2.310194
vt -1.249220 -2.310194
vt -1.249354 -3.343798
vt 60.034775 -48.704609
vt 70.832298 -58.271049
vt 70.962868 -58.328968
vt 70.661873 -58.330589
vt 104641183744.000000 -20997273600.000000
vt 40.704205 -31.324490
vt 40.762905 -31.649170
vt 54.061527 -43.465538
vt 54.192070 -43.523479
vt 53.891090 -43.525085
vt 4985807.500000 -4326074.000000
vt 4985808.000000 -4326075.000000
vt -1161.119385 1010.523682
vt -1161.289795 1010.464172
vt 69077270528.000000 -59838709760.000000
vt -56836960.000000 49131840.000000
vt 2956476672.000000 -708827072.000000
vt 68624120.000000 -50070212.000000
vt -5.975139 10.165721
vt -5.916416 9.841034
vt -116.215096 -3.297391
vt -116.415070 -3.311263
vt -116.215096 -3.313335
vt -57.836536 -4.644735
vt -57.636528 -4.644734
vt -57.636532 -4.630716
vt 137.287430 -0.765199
vt 137.087418 -0.765199
vt 137.087418 -0.946901
vt 136.590805 -0.000844
vt 136.790787 -0.000844
vt 136.790802 0.180850
vt 53.879776 -6.104133
vt -134.751556 0.999946
vt -134.951584 0.999946
vt -134.951523 0.823265
vt 104.386856 -1.727897
vt 104.186852 -1.727898
vt 104.186806 -1.743922
vt -96.650078 -3.366203
vt -96.450058 -3.366203
vt -96.450073 -3.351565
vt -67.693771 -5.754037
vt -67.893768 -5.771259
vt -67.693771 -5.771266
vt -98.489716 -4.110576
vt -98.289719 -4.095937
vt -98.489716 -4.095932
vt -45.365517 -1.378344
vt -4.140061 -0.631965
vt -4.081820 -0.632331
vt -76.119965 -3.853666
vt -75.919975 -3.850390
vt -75.874588 -3.835104
vt -76.074593 -3.852253
vt -75.874588 -3.848977
vt -21.720551 -7.110577
vt -21.520559 -7.094485
vt -21.720551 -7.097759
vt -86.020042 0.495160
vt -85.820053 0.495160
vt -85.820061 0.671830
vt -85.819084 1.000053
vt -86.019058 1.000053
vt -86.019058 0.823381
vt -75.570061 -3.449742
vt -75.770065 -3.449743
vt -4.114796 -0.633421
vt -3.974942 -0.634304
vt -228953.000000 -54161.671875
vt 0.999521 -0.430739
vt 0.799521 -0.430739
vt -5.492104 -0.983218
vt -5.496560 -0.988140
vt -5.296560 -0.988140
vt 0.999649 -0.434756
vt 0.362297 -1.256561
vt 0.562297 -1.242622
vt 0.362298 -1.242543
vt 0.596430 -1.734255
vt 0.396430 -1.734255
vt 0.396430 -1.749993
vt 0.401703 -1.330481
vt 0.601699 -1.330481
vt 0.601698 -1.315838
vt 33.430912 -5.740623
vt 33.630905 -5.727808
vt 33.430904 -5.725229
vt 76.245659 -2.741855
vt 76.045670 -2.741856
vt 76.045685 -2.756426
vt -41.138840 -6.958512
vt -41.338833 -6.958511
vt -41.338833 -6.975739
vt -64.892670 -5.213511
vt -64.692673 -5.195931
vt -64.892662 -5.198872
vt 55328325632.000000 11718328320.000000
vt -8.751337 -2.618596
vt -8.951338 -2.618596
vt -8.951343 -3.231140
vt 86.942963 0.999962
vt 86.742966 0.999962
vt 86.742973 0.823288
vt -85.935196 -0.209438
vt -85.735191 -0.209438
vt -85.735191 -0.032761
vt 26.280209 -7.345851
vt 26.480202 -7.345850
vt 26.480202 -7.333032
vt 76.458511 -4.634657
vt 76.258545 -4.649228
vt 76.458534 -4.651804
vt -85.742363 1.000341
vt -85.942352 1.000341
vt -85.942375 0.823672
vt -75.699638 -3.467832
vt -51.055370 -1.956868
vt -50.998066 -1.957592
vt 0.198303 -2.858653
vt 0.261350 -2.858993
vt 0.198315 -2.439547
vt -44.195511 -0.631468
vt -43.995518 -0.631468
vt -44.212044 -1.251893
vt -44.012047 -1.251893
vt 0.198297 -3.052089
vt -116.192032 -3.297426
vt -116.392006 -3.311298
vt -116.191994 -3.313370
vt 61.477699 -3.646998
vt 61.677704 -3.631606
vt 61.477699 -3.633060
vt 898282.562500 47077.363281
vt 5137694.500000 269264.031250
vt 5137695.000000 269264.031250
vt -44.012104 -0.639342
vt -50.979622 -1.956518
vt -50.839951 -1.958287
vt -44.195465 -1.243823
vt 135.886688 1.000030
vt 135.686676 1.000030
vt 135.686646 0.823359
vt 53.648540 -6.118406
vt 53.848553 -6.118407
vt 53.848553 -6.103013
vt 126.709900 -4.781917
vt 126.509850 -4.797942
vt 126.709900 -4.796488
vt -134.682617 0.999791
vt -134.882614 0.999791
vt -134.882629 0.823112
vt -68.088371 -5.729888
vt -68.288345 -5.729888
vt -68.288353 -5.747111
vt 0.399300 -0.424294
vt 25.970232 -1.527353
vt 25.770222 -1.542325
vt 25.970228 -1.543090
vt 34.024963 -0.859919
vt 34.224968 -0.859919
vt 34.224972 -0.843790
vt 36.162476 -1.843595
vt 36.362469 -1.827466
vt 36.162479 -1.826700
vt -42.473572 -0.393372
vt -42.673569 -0.393372
vt -42.673573 -0.407245
vt -22.077059 -1.498281
vt -21.877062 -1.484262
vt -22.077059 -1.482190
vt 46.426311 3.065976
vt 46.933182 0.014318
vt 0.798319 -2.439522
vt 0.998319 -2.439522
vt 0.797908 -3.063200
vt 0.997908 -3.063200
vt 0.997928 -2.450546
vt 0.798303 -3.052064
vt -85.756447 -0.194647
vt -85.956429 -0.194647
vt -85.956451 -0.376345
vt -85.989548 -0.005744
vt -85.789513 -0.005744
vt -85.789513 0.175958
vt 86.784767 -0.054995
vt 86.984787 -0.054995
vt 86.984787 0.126704
vt -33.289589 -7.932571
vt 3.028852 -4.077325
vt 2.828851 -4.075840
vt -41.177299 -6.960578
vt -41.377300 -6.960579
vt -41.377308 -6.977808
vt -36.375397 -6.049152
vt -36.175388 -6.049150
vt -36.175400 -6.033058
vt 1.149842 -5.284627
vt 1.349833 -5.267732
vt 1.149838 -5.267046
vt 36.972542 -8.502334
vt 36.772556 -8.502331
vt 36.772556 -8.516620
vt 86.999100 -1.031481
vt 86.799118 -1.031481
vt -44.154297 -1.074969
vt -44.012062 -1.073160
vt -85.967026 -1.194530
vt -86.048241 -0.055055
vt -85.848251 -0.055055
vt -85.848267 0.126641
vt 26.267227 -7.347498
vt 26.467230 -7.347498
vt 26.467228 -7.334682
vt -1.049216 -2.310194
vt -1.249220 -2.310194
vt -1.249354 -3.343798
vt -1.250508 -3.355940
vt -1.050505 -3.355940
vt -1.050398 -2.320776
vt 13.226375 -2.936135
vt 31.452450 -0.255071
vt 31.252451 -0.255071
vt 31.252451 -0.436767
vt 14.356470 -2.213649
vt 14.156471 -2.227935
vt 14.356472 -2.228621
vt -0.001802 -0.876438
vt 0.198198 -0.876438
vt 0.197988 -0.430748
vt 0.197865 -0.434747
vt -0.002135 -0.434747
vt -0.001912 -0.879916
vt 0.799361 -0.879923
vt 0.999361 -0.879923
vt 0.999294 -0.434754
vt 26.467230 -7.347498
vt 26.467228 -7.334682
vt -1.049216 -2.310194
vt -1.249220 -2.310194
vt -1.249354 -3.343798
vt -1.250508 -3.355940
vt -1.050505 -3.355940
vt -1.050398 -2.320776
vt 59.976032 -48.379913
vt 62.022896 -50.233437
vt 46561783808.000000 -53308473344.000000
vt -941817101661203595264.000000 219356827050334748672.000000
vt -143136356439162880.000000 90971101001154560.000000
vt 62.190186 -50.602875
vt 185445351424.000000 -212316192768.000000
vt -941817101661203595264.000000 219356827050334748672.000000
vt -143136356439162880.000000 90971101001154560.000000
vt 59.976032 -48.379913
vt 60.034775 -48.704609
vt 70.832298 -58.271049
vt 70.962868 -58.328968
vt 70.661873 -58.330589
vt 21055022301184.000000 -4453825511424.000000
vt -116.415070 -3.311263
vt -116.215096 -3.313335
vt -57.836536 -4.644735
vt -57.636528 -4.644734
vt -57.636532 -4.630716
vt 137.287430 -0.765199
vt 137.087418 -0.765199
vt 137.087418 -0.946901
vt 136.590805 -0.000844
vt 136.790787 -0.000844
vt 136.790802 0.180850
vt 126.681564 -4.780419
vt 126.481529 -4.796441
vt 126.681564 -4.794988
vt 53.679783 -6.119525
vt 53.879780 -6.119524
vt -8.951342 -3.052409
vt -8.892813 -3.051883
vt -8.921097 -3.129911
vt -8.857954 -3.130132
vt -21.704847 -7.109503
vt -21.504845 -7.093412
vt -21.704847 -7.096688
vt -36.389099 -6.049382
vt -36.189102 -6.049383
vt -36.189102 -6.033292
vt 36.945137 -8.499359
vt 36.745132 -8.499359
vt 36.745140 -8.513645
vt 76.325272 -2.743284
vt 76.125267 -2.743284
vt 76.125267 -2.757854
vt -75.919975 -3.836516
vt -8.913896 -3.116454
vt -8.951342 -3.116668
vt -8.900012 -3.065329
vt -8.758541 -3.064051
vt 34.503304 0.823309
vt 34.503353 0.694162
vt 34.703346 0.694162
vt 34.703354 0.870838
vt 13.592774 -1.768237
vt 13.792774 -1.755421
vt 13.592775 -1.752844
vt 30.515863 -0.574691
vt 30.315866 -0.574691
vt 30.315868 -0.589260
vt -14.153941 -2.367126
vt -14.353946 -2.367126
vt -14.353939 -2.384354
vt -22.821075 -1.760037
vt -22.621071 -1.742455
vt -22.821070 -1.745398
vt -85.942375 0.823672
vt 76.458511 -4.634657
vt 76.258545 -4.649228
vt 76.458534 -4.651804
vt 26.280209 -7.345851
vt 26.480202 -7.345850
vt 26.480202 -7.333032
vt -85.935196 -0.209438
vt -85.735191 -0.209438
vt -85.735191 -0.032761
vt 86.942963 0.999962
vt 86.742966 0.999962
vt 86.742973 0.823288
vt 86.746384 0.493964
vt 86.946350 0.493964
vt 86.946365 0.670636
vt -4.399770 -0.781294
vt -4.199766 -0.781294
vt -3.430469 -0.278325
vt -75.499641 -3.450685
vt -75.699638 -3.450684
vt 0.479737 0.098867
vt 0.279737 0.098867
vt 0.279736 -0.082832
vt 0.496215 -0.083312
vt 0.696215 -0.083312
vt 0.696216 0.098387
vt 0.303547 -0.009045
vt 0.503547 -0.009045
vt 0.503545 0.172654
vt 0.652151 0.172618
vt 0.452151 0.172618
vt 0.452153 -0.009081
vt 86.817101 0.999634
vt 86.817093 0.822958
vt 0.198315 -2.439547
vt 0.398315 -2.439547
vt -44.195511 -0.631468
vt -43.995518 -0.631468
vt -44.212044 -1.251893
vt -44.012047 -1.251893
vt -50.590813 -1.574365
vt -50.390804 -1.574365
vt -51.229359 -2.113747
vt -51.029346 -2.113746
vt 0.398315 -2.439547
vt -64.838509 -5.141396
vt -64.638504 -5.141396
vt -64.638504 -5.123816
vt -50.370869 -1.573266
vt -51.247196 -2.114811
vt 3183650.250000 166906.812500
vt 722269.625000 37864.648438
vt 3183650.750000 166906.843750
vt 136.800827 -2.725338
vt 136.600861 -2.725338
vt 136.600845 -2.907042
vt 0.198297 -3.052089
vt -116.192032 -3.297426
vt -116.392006 -3.311298
vt -116.191994 -3.313370
vt 61.477699 -3.646998
vt 61.677704 -3.631606
vt 61.477699 -3.633060
vt 5137694.500000 269264.031250
vt 5137695.000000 269264.031250
vt -44.012104 -0.639342
vt 49.485390 -0.002694
vt 49.485378 0.178996
vt -52.762806 -0.184870
vt -52.562798 -0.184870
vt -52.562801 -0.008191
vt -48.486019 -0.000296
vt -48.286007 -0.000296
vt -48.286011 0.181407
vt -48.484615 -0.156668
vt -48.684631 -0.156668
vt -48.684624 -0.338367
vt 53.552567 0.496401
vt 53.752563 0.496401
vt 53.752563 0.673070
vt 0.199380 -0.870824
vt 0.399380 -0.870825
vt 0.438029 -1.128684
vt 0.600368 -1.128788
vt -0.005834 -2.450528
vt 0.194166 -2.450528
vt -0.005745 -3.052131
vt 0.194255 -3.052131
vt 1.149838 -5.267046
vt 36.972542 -8.502334
vt 36.772556 -8.502331
vt 36.772556 -8.516620
vt 86.999100 -1.031481
vt 86.799118 -1.031481
vt 86.799110 -1.213184
vt 39.530621 -6.533940
vt 39.330616 -6.548224
vt 39.530613 -6.548910
vt 0.194311 -2.439589
vt -0.005892 -3.063181
vt 0.391881 0.823365
vt 0.591881 0.823365
vt 0.591881 1.000041
vt 0.625363 0.999965
vt 0.425363 0.999965
vt 0.425363 0.823290
vt 0.553910 -5.204795
vt 0.353915 -5.204795
vt 0.353914 -5.220533
vt 0.563159 -2.708794
vt 0.363157 -2.708795
vt 0.363155 -2.724740
vt 0.313604 -4.435090
vt 0.513611 -4.421150
vt 0.313604 -4.421071
vt 2.828852 -4.091969
vt 0.437519 -1.128678
vt 0.399858 -1.128655
vt 5.188143 -4.936457
vt 5.188147 -4.919562
vt -64.780121 -5.145480
vt -64.580147 -5.145480
vt -64.580124 -5.127900
vt 86.855461 -0.005807
vt 87.055466 -0.005807
vt 87.055466 0.175889
vt 86.899353 -0.196216
vt 86.699341 -0.196216
vt 86.699356 -0.377905
vt 33.413826 -5.740504
vt 33.613834 -5.727687
vt 33.413826 -5.725111
vt -85.767044 -1.012833
vt -85.967018 -1.012833
vt 0.560569 -1.242560
vt 0.360567 -1.242480
vt 1.251400 -1.355515
vt 1.451401 -1.340871
vt 1.251400 -1.339386
vt -14.153978 -2.367034
vt -14.353981 -2.367035
vt -14.353979 -2.384263
vt -14.258948 -1.889589
vt -14.058949 -1.889589
vt -14.058949 -1.873498
vt 0.421395 -1.784771
vt 0.621399 -1.767876
vt 0.421398 -1.767191
vt 13.426373 -2.921849
vt 13.226375 -2.921849
vt 86.855461 -0.005807
vt 87.055466 -0.005807
vt 87.055466 0.175889
vt 86.899353 -0.196216
vt 86.699341 -0.196216
vt 86.699356 -0.377905
vt 33.413826 -5.740504
vt 33.613834 -5.727687
vt 33.413826 -5.725111
vt -85.767044 -1.012833
vt -85.967018 -1.012833
vt -85.967026 -1.194530
vt -86.048241 -0.055055
vt -85.848251 -0.055055
vt -85.848267 0.126641
vt 26.267227 -7.347498
vt -51.069088 -2.012843
vt -50.905327 -2.011950
vt -51.087311 -2.013914
vt -51.124306 -2.013630
vt 80.217178 -4.324380
vt 80.417175 -4.308249
vt 80.217178 -4.307484
vt 0.603644 -2.399915
vt 0.803644 -2.399915
vt 0.803457 -1.684651
vt 0.803555 -1.671079
vt 0.603555 -1.671079
vt 0.603747 -2.385602
vt -108.548531 -0.006196
vt -108.348518 -0.006196
vt -108.348534 0.175505
vt -43.365372 -3.686971
vt -43.165367 -3.672952
vt -43.365372 -3.670881
vt -116.215096 -3.297391
vt 183528554496.000000 -210121654272.000000
vt -56.438442 -5.037948
vt -56.638432 -5.035875
vt 192871481344.000000 -220818358272.000000
vt -536436342784.000000 614165708800.000000
vt 192871481344.000000 -220818358272.000000
vt -4.219467 -0.687735
vt -4.055740 -0.687129
vt -75.874588 -3.848977
vt -21.720551 -7.110577
vt -21.520559 -7.094485
vt -21.720551 -7.097759
vt -86.020042 0.495160
vt -85.820053 0.495160
vt -85.820061 0.671830
vt -85.819084 1.000053
vt -86.019058 1.000053
vt -86.019058 0.823381
vt -75.570061 -3.449742
vt -75.770065 -3.449743
vt -75.770065 -3.466891
vt 86.810852 -0.225368
vt 87.010841 -0.225368
vt 87.010841 -0.048693
vt 0.354621 -2.724089
vt 0.818972 -2.714422
vt 0.618971 -2.730367
vt 0.818973 -2.730446
vt 2.767756 -4.091836
vt 2.967755 -4.077192
vt 2.767754 -4.075707
vt 0.455059 -4.436387
vt 0.655049 -4.436387
vt 0.655050 -4.422448
vt 39.597710 -6.540583
vt 39.397724 -6.554872
vt 39.597717 -6.555556
vt -4.186051 -0.686638
vt -4.223034 -0.686493
vt 0.598287 -0.238041
vt 0.597845 0.793109
vt -29.689604 -0.851972
vt -29.689604 -0.869119
vt -33.503349 1.000121
vt -33.703346 1.000121
vt -33.703346 0.823444
vt 30.581123 -1.316464
vt 30.381124 -1.331034
vt 30.581125 -1.333611
vt 10.777710 -2.397438
vt 10.977709 -2.397438
vt 10.977709 -2.384622
vt -33.704308 0.418291
vt -33.504307 0.418291
vt -33.504307 0.594968
vt 34.703304 0.999985
vt 34.503304 0.999985
vt 0.452151 0.172618
vt 0.452153 -0.009081
vt 0.303547 -0.009045
vt 0.503547 -0.009045
vt 0.503545 0.172654
vt 0.496215 -0.083312
vt 0.696215 -0.083312
vt 0.696216 0.098387
vt 0.479737 0.098867
vt 0.279737 0.098867
vt 0.279736 -0.082832
vt -75.499641 -3.450685
vt -75.699638 -3.450684
vt -75.699638 -3.467832
vt -85.742363 1.000341
vt -85.942352 1.000341
vt -3.400363 -0.277279
vt -3.600361 -0.277279
vt -4.365599 -0.780186
vt 87.017082 0.999634
vt 76.461746 -4.634911
vt 76.261734 -4.649481
vt 76.461739 -4.652060
vt 64.138474 -4.381679
vt 64.338486 -4.381679
vt 64.338486 -4.364784
vt 64.620697 -6.194925
vt 64.820686 -6.178030
vt 64.620689 -6.177345
vt -50.590813 -1.574365
vt -50.390804 -1.574365
vt -51.229359 -2.113747
vt -51.029346 -2.113746
vt -44.174328 -1.136342
vt -44.012058 -1.137419
vt -64.838509 -5.141396
vt -64.638504 -5.141396
vt -64.638504 -5.123816
vt -50.370869 -1.573266
vt -51.247196 -2.114811
vt 3183650.250000 166906.812500
vt 3183650.750000 166906.843750
vt 136.800827 -2.725338
vt 136.600861 -2.725338
vt 136.600845 -2.907042
vt -44.157745 -1.128309
vt -44.195473 -1.128617
vt 21.400211 -1.916639
vt 21.600206 -1.916639
vt 21.600206 -1.901246
vt 50.168350 -1.374096
vt 49.968349 -1.390121
vt 50.168350 -1.388666
vt -52.552094 0.999921
vt -52.752090 0.999921
vt -52.752090 0.823242
vt -23.980339 -1.924492
vt -24.180336 -1.924491
vt -24.180336 -1.941715
vt -35.024185 -1.362199
vt -34.824181 -1.347561
vt -35.024185 -1.347556
vt 49.285378 -0.002694
vt -79.650475 0.793463
vt -79.850464 0.793463
vt -79.849884 -0.237651
vt -79.881042 -0.240162
vt -79.681061 -0.240162
vt -79.681664 0.793462
vt 0.034325 -2.929441
vt 0.194266 -2.928750
vt 0.363157 -2.708795
vt 0.363155 -2.724740
vt 0.313604 -4.435090
vt 0.513611 -4.421150
vt 0.313604 -4.421071
vt 2.828852 -4.091969
vt 3.028852 -4.077325
vt 2.828851 -4.075840
vt -41.177299 -6.960578
vt -41.377300 -6.960579
vt -41.377308 -6.977808
vt -36.375397 -6.049152
vt -36.175388 -6.049150
vt -36.175400 -6.033058
vt 1.149842 -5.284627
vt 1.349833 -5.267732
vt 0.399864 -1.243990
vt 0.400374 -1.243996
vt 0.600374 -1.243996
vt 0.600342 -0.631633
vt 0.803945 -2.714746
vt 0.603947 -2.730691
vt 0.803944 -2.730771
vt 0.464520 -4.436730
vt 0.664520 -4.436730
vt 0.664518 -4.422791
vt 0.574636 1.000011
vt 0.374636 1.000011
vt 0.374637 0.823335
vt 0.409629 0.823327
vt 0.609629 0.823327
vt 0.609629 1.000003
vt 0.034179 -2.940469
vt -0.005880 -2.940274
vt -85.756447 -0.194647
vt -85.956429 -0.194647
vt -85.956451 -0.376345
vt -85.989548 -0.005744
vt -85.789513 -0.005744
vt -85.789513 0.175958
vt 86.784767 -0.054995
vt 86.984787 -0.054995
vt 86.984787 0.126704
vt -33.289589 -7.932571
vt -33.489586 -7.949800
vt -33.289581 -7.946857
vt -64.922356 -5.213418
vt -64.722343 -5.195839
vt -64.922356 -5.198780
vt 4.988153 -4.936457
vt 0.589312 1.000001
vt 0.389312 1.000001
vt 0.389312 0.823325
vt 0.390821 0.823325
vt 0.590820 0.823325
vt 0.590820 1.000001
vt 0.409937 0.823316
vt 0.609937 0.823316
vt 0.609937 0.999992
vt 0.610688 0.999990
vt 0.410688 0.999990
vt 0.410688 0.823314
vt 0.600619 -1.734370
vt 0.400620 -1.734370
vt 0.400621 -1.750109
vt 0.360566 -1.256499
vt -85.789513 0.175958
vt 86.784767 -0.054995
vt 86.984787 -0.054995
vt 86.984787 0.126704
vt -33.289589 -7.932571
vt -33.489586 -7.949800
vt -33.289581 -7.946857
vt -64.922356 -5.213418
vt -64.722343 -5.195839
vt -64.922356 -5.198780
vt 4.988153 -4.936457
vt 5.188143 -4.936457
vt 5.188147 -4.919562
vt -64.780121 -5.145480
vt -64.580147 -5.145480
vt -64.580124 -5.127900
vt 0.645285 -2.927287
vt 0.645415 -2.909439
vt 0.604666 -2.909731
vt 104.185951 0.823505
vt 104.157631 -1.190904
vt 104.357651 -1.190904
vt 104.357635 -1.014231
vt 47.249535 -2.609604
vt 47.449539 -2.594210
vt 47.249535 -2.595665
vt -108.438385 -2.093623
vt -108.638382 -2.093623
vt -108.638382 -2.275320
vt -103.373230 0.188310
vt -103.173264 0.188309
vt -103.173248 0.364976
vt 49.779709 -5.779466
vt 49.579712 -5.779466
vt 49.579712 -5.794439
vt 100.180199 -5.448595
vt 100.380211 -5.432466
vt 100.180199 -5.431700
vt 62.100014 -7.274942
vt 61.899994 -7.274942
vt 61.899998 -7.289914
vt -56.638432 -5.051967
vt -135.789520 -0.007742
vt -135.589523 -0.007742
vt -135.589523 0.173957
vt 0.804629 -2.421840
vt 0.604629 -2.421841
vt 0.604675 -3.034204
vt 0.604546 -3.052089
vt 0.804546 -3.052088
vt 0.804500 -2.439546
vt 0.445548 -2.909876
vt 0.604930 -2.909769
vt -8.758543 -3.130480
vt -21.504845 -7.093412
vt -21.704847 -7.096688
vt -36.389099 -6.049382
vt -36.189102 -6.049383
vt -36.189102 -6.033292
vt 36.945137 -8.499359
vt 36.745132 -8.499359
vt 36.745140 -8.513645
vt 76.325272 -2.743284
vt 76.125267 -2.743284
vt 76.125267 -2.757854
vt -75.919975 -3.836516
vt -76.119965 -3.853666
vt -75.919975 -3.850390
vt -75.874588 -3.835104
vt -76.074593 -3.852253
vt 0.480558 -5.200379
vt 0.480559 -5.216117
vt 0.359046 -4.022260
vt 0.559045 -4.022260
vt 0.559047 -4.007616
vt -1.048695 -5.166926
vt -1.248691 -5.182662
vt -1.048691 -5.184148
vt 0.404940 -3.034242
vt 0.604940 -3.034242
vt 0.604891 -2.421879
vt 0.604389 -2.421935
vt 0.404389 -2.421934
vt 0.404432 -3.034298
vt 0.554622 -2.708143
vt 0.354617 -2.708143
vt 0.445042 -2.909932
vt 0.404423 -2.909957
vt -75.770065 -3.466891
vt 86.810852 -0.225368
vt 87.010841 -0.225368
vt 87.010841 -0.048693
vt 11352120.000000 2021206.750000
vt 4283801.500000 762734.500000
vt 4086095.250000 727534.250000
vt 4086096.000000 727534.437500
vt -2762860544.000000 -3754834944.000000
vt 1655858176.000000 2250179584.000000
vt -2548795703296.000000 2712520359936.000000
vt -12328220672.000000 -16702263296.000000
vt 0.598145 0.793107
vt 0.398145 0.793107
vt 0.398595 -0.238040
vt 0.398286 -0.238041
vt 34.724098 0.999856
vt 34.524101 0.999856
vt 34.524101 0.823184
vt 0.604150 0.178434
vt 0.404151 0.178434
vt 0.404151 -0.003265
vt 0.413106 -0.003267
vt 0.613106 -0.003267
vt 0.613105 0.178432
vt 0.386809 -0.029941
vt 0.586809 -0.029941
vt 0.586809 0.151758
vt 0.588872 0.151754
vt 0.388872 0.151754
vt 0.388872 -0.029945
vt -29.489603 -0.851972
vt 5342.381348 971.485779
vt 5092.050781 927.102600
vt 5093.050781 927.438965
vt 64.620697 -6.194925
vt 64.820686 -6.178030
vt 64.620689 -6.177345
vt 64.138474 -4.381679
vt 64.338486 -4.381679
vt 64.338486 -4.364784
vt 76.461746 -4.634911
vt 76.261734 -4.649481
vt 76.461739 -4.652060
vt 87.017082 0.999634
vt 86.817101 0.999634
vt 86.817093 0.822958
vt 0.652151 0.172618
vt 0.238420 -2.911242
vt 0.398225 -2.909969
vt 0.238496 -2.928984
vt 0.198301 -2.928708
vt -45.501659 -0.805847
vt -45.301659 -0.807919
vt 24.463863 -0.947260
vt 24.663866 -0.931867
vt 24.463863 -0.933321
vt -141.032730 -12.149686
vt -140.832733 -12.149691
vt 0.601443 -0.876438
vt 0.801443 -0.876439
vt 0.801626 -0.430748
vt 0.801570 -0.424278
vt 0.601570 -0.424278
vt 0.601393 -0.870810
vt 53.752438 1.000012
vt 53.552429 1.000012
vt 53.552429 0.823337
vt -57.616196 -4.643964
vt -57.616196 -4.629946
vt 722269.625000 37864.648438
vt 898282.562500 47077.363281
vt 307208.312500 16100.811523
vt 392304.031250 20555.177734
vt -25675276.000000 -33887124.000000
vt -2983187.000000 -4076293.000000
vt -8191067.000000 -10854368.000000
vt -7111753.000000 -9436416.000000
vt 51.421284 0.793403
vt 51.221291 0.793403
vt 43.864567 -0.093515
vt 43.814682 -0.093378
vt 44.014679 -0.093378
vt 51.373764 0.793405
vt 18641071758802681856.000000 -16650267418249134080.000000
vt 4333791876210491392.000000 -22910413836805734400.000000
vt 4333386156419842048.000000 -22908269789131571200.000000
vt 41.498756 2.905819
vt 48.109657 0.014455
vt 42.084152 0.013755
vt 47.773731 2.869020
vt -44.173038 -1.132392
vt -44.012058 -1.130539
vt -0.005834 -2.450528
vt 0.194166 -2.450528
vt -0.005745 -3.052131
vt 0.194255 -3.052131
vt 0.798319 -2.439522
vt 0.998319 -2.439522
vt 0.797908 -3.063200
vt 0.997908 -3.063200
vt 0.838316 -2.939433
vt 0.997912 -2.940293
vt 0.574636 1.000011
vt 0.374636 1.000011
vt 0.374637 0.823335
vt 0.409629 0.823327
vt 0.609629 0.823327
vt 0.609629 1.000003
vt 0.391881 0.823365
vt 0.591881 0.823365
vt 0.591881 1.000041
vt 0.625363 0.999965
vt 0.425363 0.999965
vt 0.425363 0.823290
vt 0.553910 -5.204795
vt 0.353915 -5.204795
vt 0.353914 -5.220533
vt 0.563159 -2.708794
vt -1.006332 -5.165507
vt -1.206332 -5.181246
vt -1.006331 -5.182731
vt 0.431569 -4.022257
vt 0.631568 -4.022257
vt 0.631565 -4.007614
vt 0.599832 -0.631626
vt 0.399832 -0.631626
vt -44.156456 -1.124360
vt -44.195477 -1.124809
vt 86.799110 -1.213184
vt 39.530621 -6.533940
vt 39.330616 -6.548224
vt 39.530613 -6.548910
vt 0.194311 -2.439589
vt -0.005892 -3.063181
vt 0.997928 -2.450546
vt 0.838710 -2.928319
vt 0.798306 -2.928476
vt 0.798303 -3.052064
vt -0.313232 -2.863475
vt 0.015173 -1.721192
vt -0.184824 -1.736930
vt 0.015172 -1.738415
vt 0.402914 -1.330447
vt 0.602912 -1.330447
vt 0.602912 -1.315804
vt 0.601296 -0.424288
vt 0.401296 -0.424288
vt 0.401141 -0.870819
vt 0.401134 -0.870821
vt 0.601134 -0.870821
vt 0.601288 -0.424290
vt 0.429010 -1.256936
vt 0.629011 -1.256936
vt 0.629011 -1.242997
vt 0.194255 -3.052131
vt 0.194311 -2.439589
vt 0.194166 -2.450528
vt -0.005834 -2.450528
vt -0.005892 -3.063181
vt 0.797908 -3.063200
vt 0.997908 -3.063200
vt 0.997928 -2.450546
vt 0.998319 -2.439522
vt 0.798319 -2.439522
vt 0.798303 -3.052064
vt -85.756447 -0.194647
vt -85.956429 -0.194647
vt -85.956451 -0.376345
vt -85.989548 -0.005744
vt -85.789513 -0.005744
vt 0.804537 -2.928500
vt -78.498611 -3.238789
vt -78.698608 -3.238783
vt -83.442055 -1.555301
vt -83.642029 -1.555301
vt -83.642052 -1.569174
vt 57.340122 -3.662637
vt 57.140106 -3.677610
vt 57.340111 -3.678376
vt 75.408089 -2.134630
vt 75.608078 -2.134630
vt 75.608078 -2.118502
vt -54.356564 -4.545334
vt -54.556568 -4.545334
vt -54.556568 -4.562559
vt 104.385971 1.000197
vt 104.185951 1.000197
vt -134.906967 -0.005087
vt -134.706955 -0.005087
vt -134.706955 0.171584
vt -135.705444 -2.661466
vt -135.905411 -2.661466
vt -135.905411 -2.843160
vt 61.462410 -3.646304
vt 61.662422 -3.630909
vt 61.462410 -3.632363
vt 135.707932 -1.804549
vt 135.907883 -1.804548
vt 135.907883 -1.627877
vt 135.947998 1.000258
vt 135.747971 1.000258
vt 135.747971 0.823574
vt -68.319450 -5.750182
vt -8.918818 -3.122933
vt -8.758542 -3.121673
vt -4.205694 -0.680588
vt -3.600361 -0.277279
vt -3.400363 -0.277279
vt -4.399770 -0.781294
vt -4.199766 -0.781294
vt 2.767756 -4.091836
vt 2.967755 -4.077192
vt 2.767754 -4.075707
vt 0.455059 -4.436387
vt 0.655049 -4.436387
vt 0.655050 -4.422448
vt 39.597710 -6.540583
vt 39.397724 -6.554872
vt 39.597717 -6.555556
vt -4.365599 -0.780186
vt -3.430469 -0.278325
vt -21.704847 -7.109503
vt -41.338833 -6.958511
vt -41.338833 -6.975739
vt -64.892670 -5.213511
vt -64.692673 -5.195931
vt -64.892662 -5.198872
vt 55328325632.000000 11718328320.000000
vt -8.751337 -2.618596
vt -8.951338 -2.618596
vt -8.951343 -3.231140
vt -8.958546 -3.244618
vt -8.758545 -3.244618
vt -8.758530 -2.631964
vt 0.324702 -4.434787
vt 0.524698 -4.420847
vt 0.324703 -4.420768
vt 0.680552 -5.200379
vt -4.172337 -0.679492
vt -4.212034 -0.679264
vt -8.911618 -3.109477
vt -8.951342 -3.109788
vt -76.119965 -3.853666
vt -75.919975 -3.850390
vt -75.874588 -3.835104
vt -76.074593 -3.852253
vt -75.874588 -3.848977
vt -21.720551 -7.110577
vt -21.520559 -7.094485
vt -21.720551 -7.097759
vt -86.020042 0.495160
vt -85.820053 0.495160
vt -85.820061 0.671830
vt -85.819084 1.000053
vt -86.019058 1.000053
vt -86.019058 0.823381
vt -75.570061 -3.449742
vt -75.770065 -3.449743
vt -255605.484375 -340654.531250
vt -273619.875000 -364662.062500
vt -273617.812500 -364660.062500
vt 23.255329 -2.112512
vt 23.455324 -2.095617
vt 23.255329 -2.094932
vt 23.076952 -1.459462
vt 23.276957 -1.459462
vt 23.276953 -1.442567
vt -26.956856 6.093152
vt -33.308395 2.589604
vt -34.514069 2.510295
vt -33.514103 2.846513
vt 30.575571 -1.316252
vt 30.375570 -1.330822
vt 30.575573 -1.333400
vt -16.647419 -5.265059
vt -16.447430 -5.248969
vt -16.647415 -5.252243
vt -65.934464 0.571787
vt -65.734467 0.571787
vt -65.734482 0.748461
vt -65.731934 1.000041
vt -65.931931 1.000041
vt -65.931931 0.823365
vt -57.877537 -2.452031
vt -58.077538 -2.452031
vt -58.077545 -2.469178
vt 66.725708 0.019526
vt 66.925705 0.019526
vt 66.925697 0.196201
vt 14256.133789 2559.057861
vt -22.628170 -1.715269
vt -17.354519 -0.546233
vt -17.154520 -0.546233
vt -19.143465 -0.063027
vt -19.146463 -0.062942
vt -19.346468 -0.062942
vt -17.357285 -0.546160
vt -151.507828 -5.366215
vt -151.307831 -5.351577
vt 49.501884 -0.864766
vt 49.301899 -0.864766
vt 49.301888 -1.046466
vt 0.399303 -0.430733
vt 0.199303 -0.430733
vt 0.199383 -0.876425
vt -45.301659 -0.791974
vt 94.166466 -2.712007
vt 94.366478 -2.712007
vt 94.366470 -2.695877
vt 100.121254 -5.445857
vt 100.321266 -5.429729
vt 100.121239 -5.428964
vt -108.970169 -2.280605
vt -109.170151 -2.280604
vt -109.170151 -2.294478
vt -56.615971 -5.051311
vt -56.415966 -5.037293
vt -56.615971 -5.035221
vt 62.019108 -7.264976
vt 61.819107 -7.264974
vt 61.819092 -7.279948
vt -57.816200 -4.643963
vt 392304.031250 20555.177734
vt -0.674262 0.793361
vt -0.474276 0.793361
vt 0.400000 0.793360
vt 0.600000 0.793360
vt 0.600000 0.793360
vt 0.600002 0.212009
vt 0.400000 0.213566
vt 0.400000 0.213566
vt -0.674261 0.213567
vt -0.474118 0.213567
vt 0.600000 0.213566
vt 0.399832 -0.631626
vt 0.599832 -0.631626
vt 0.400374 -1.243996
vt 0.600374 -1.243996
vt -1.006331 -5.182731
vt 0.431569 -4.022257
vt 0.631568 -4.022257
vt 0.631565 -4.007614
vt 0.399864 -1.243990
vt 0.600342 -0.631633
vt 0.803945 -2.714746
vt 0.603947 -2.730691
vt 0.803944 -2.730771
vt 0.464520 -4.436730
vt 0.664520 -4.436730
vt 0.664518 -4.422791
vt 3.028852 -4.077325
vt 2.828851 -4.075840
vt -41.177299 -6.960578
vt -41.377300 -6.960579
vt -41.377308 -6.977808
vt -36.375397 -6.049152
vt -36.175388 -6.049150
vt -36.175400 -6.033058
vt 1.149842 -5.284627
vt 1.349833 -5.267732
vt 1.149838 -5.267046
vt 36.972542 -8.502334
vt 36.772556 -8.502331
vt 36.772556 -8.516620
vt 86.999100 -1.031481
vt 86.799118 -1.031481
vt 0.605669 0.823325
vt 0.605669 1.000001
vt 0.594360 1.000004
vt 0.394360 1.000004
vt 0.394360 0.823328
vt 0.424150 -1.107016
vt 0.624148 -1.107015
vt 0.624148 -1.093076
vt 0.675121 -0.462206
vt 0.475125 -0.478152
vt 0.675123 -0.478231
vt 0.417687 -2.209691
vt 0.617685 -2.209691
vt 0.617683 -2.195047
vt -0.313232 -2.846251
vt -0.513229 -2.861990
vt -36.375397 -6.049152
vt -36.175388 -6.049150
vt -36.175400 -6.033058
vt 1.149842 -5.284627
vt 1.349833 -5.267732
vt 1.149838 -5.267046
vt 36.972542 -8.502334
vt 36.772556 -8.502331
vt 36.772556 -8.516620
vt 86.999100 -1.031481
vt 86.799118 -1.031481
vt 86.799110 -1.213184
vt 39.530621 -6.533940
vt 39.330616 -6.548224
vt 39.530613 -6.548910
vt -0.005745 -3.052131
vt 41.287613 -4.505468
vt 41.487610 -4.505468
vt 41.487610 -4.490075
vt -103.186371 0.999959
vt -103.386391 0.999959
vt -103.386375 0.823293
vt 80.195938 -1.132141
vt 79.995911 -1.132141
vt 79.995895 -1.148166
vt -77.228355 -2.657557
vt -77.028343 -2.657557
vt -77.028374 -2.642919
vt -54.013191 -4.562161
vt -54.213203 -4.579386
vt -54.013191 -4.579391
vt -78.698601 -3.253427
vt -68.119438 -5.732958
vt -68.319450 -5.732958
vt 94.174812 -2.712521
vt 94.374802 -2.712521
vt 94.374802 -2.696393
vt 71.548515 -4.630034
vt 71.348495 -4.645007
vt 71.548508 -4.645772
vt -108.980873 -2.279805
vt -109.180870 -2.279805
vt -109.180870 -2.293678
vt -98.489716 -4.110576
vt -98.289719 -4.095937
vt -98.489716 -4.095932
vt -67.893768 -5.771259
vt -67.693771 -5.771266
vt -4.047133 -0.681503
vt -4.399770 -0.781294
vt -4.199766 -0.781294
vt 0.404389 -2.421934
vt 0.604389 -2.421935
vt 0.404940 -3.034242
vt 0.604940 -3.034242
vt 0.559047 -4.007616
vt -1.048695 -5.166926
vt -1.248691 -5.182662
vt -1.048691 -5.184148
vt 0.604891 -2.421879
vt 0.404432 -3.034298
vt 0.554622 -2.708143
vt 0.354617 -2.708143
vt 0.354621 -2.724089
vt 0.818972 -2.714422
vt 0.618971 -2.730367
vt 0.818973 -2.730446
vt -41.138840 -6.958512
vt 76.245659 -2.741855
vt 76.045670 -2.741856
vt 76.045685 -2.756426
vt 33.430912 -5.740623
vt 33.630905 -5.727808
vt 33.430904 -5.725229
vt 86.746384 0.493964
vt 86.946350 0.493964
vt 86.946365 0.670636
vt 86.942963 0.999962
vt 86.742966 0.999962
vt 86.742973 0.823288
vt -85.935196 -0.209438
vt -85.735191 -0.209438
vt -85.735191 -0.032761
vt -3.430469 -0.278325
vt -21.704847 -7.109503
vt -21.504845 -7.093412
vt -21.704847 -7.096688
vt -36.389099 -6.049382
vt -36.189102 -6.049383
vt -36.189102 -6.033292
vt 36.945137 -8.499359
vt 36.745132 -8.499359
vt 36.745140 -8.513645
vt 76.325272 -2.743284
vt 76.125267 -2.743284
vt 76.125267 -2.757854
vt -75.919975 -3.836516
vt 0.598404 0.793338
vt 0.398405 0.793338
vt 0.399083 -0.465722
vt 32.256062 0.999870
vt 32.056076 0.999870
vt 32.056076 0.823195
vt 28.416954 -1.159823
vt 28.216949 -1.174393
vt 28.416956 -1.176971
vt 36.487484 -2.414090
vt 36.687477 -2.414090
vt 36.687485 -2.397195
vt 36.760445 -3.445647
vt 36.960438 -3.428751
vt 36.760441 -3.428066
vt 149786192.000000 -169862288.000000
vt -16.635262 -5.251002
vt -27.891825 -4.451512
vt -27.691826 -4.451513
vt -27.691826 -4.435422
vt 29.607494 -6.759167
vt 29.407497 -6.759167
vt 29.407494 -6.773454
vt 58.737083 -1.910518
vt 58.537086 -1.910518
vt 58.537075 -1.925088
vt -58.144905 -2.748509
vt -58.344894 -2.765658
vt -58.144905 -2.762383
vt -58.113361 -2.747330
vt -58.313362 -2.764478
vt -58.113377 -2.761204
vt -51.059715 -2.006944
vt -50.901371 -2.008702
vt -51.077965 -2.008016
vt -51.116966 -2.007584
vt 1095278.000000 57425.187500
vt -18.199854 -0.002357
vt -18.399851 -0.002357
vt -29.195168 -1.053339
vt -29.187099 -1.052784
vt -28.987095 -1.052784
vt -18.194778 -0.002016
vt 279493.187500 372097.531250
vt 291668.375000 388709.218750
vt 273653.968750 364701.687500
vt 273652.375000 364699.437500
vt -36.540131 -2.846217
vt -36.340130 -2.846217
vt -36.340130 -2.828636
vt -22.828175 -1.732850
vt -22.628172 -1.732850
vt -135.734375 0.180869
vt -136.147705 -0.758441
vt -136.347672 -0.758441
vt -136.347672 -0.940131
vt 104.365929 -1.728378
vt 104.165932 -1.728378
vt 104.165932 -1.744401
vt 135.687912 -0.010713
vt 135.887878 -0.010713
vt 135.887894 0.165954
vt 0.198221 -3.034311
vt 0.398221 -3.034311
vt 0.398239 -2.421946
vt 71.454292 -4.624171
vt 71.254280 -4.639143
vt 71.454292 -4.639908
vt 307208.312500 16100.811523
vt 722269.625000 37864.648438
vt 898282.562500 47077.363281
vt -57.816200 -4.643963
vt -57.616196 -4.643964
vt -57.616196 -4.629946
vt 62.019108 -7.264976
vt 61.819107 -7.264974
vt 61.819092 -7.279948
vt -56.615971 -5.051311
vt -56.415966 -5.037293
vt -56.615971 -5.035221
vt -108.970169 -2.280605
vt -109.170151 -2.280604
vt -109.170151 -2.294478
vt 100.121239 -5.428964
vt 0.599997 0.796297
vt 0.600058 0.796297
vt -0.474217 0.796298
vt -0.674318 0.796298
vt 0.399997 0.796297
vt -0.474227 0.614092
vt 0.600000 0.614198
vt -0.674262 0.614411
vt 0.220179 0.547224
vt -0.674261 0.547896
vt 0.400010 0.212009
vt -0.674252 0.212010
vt -0.474128 0.212010
vt 0.400002 0.212009
vt 0.400000 0.614303
vt 0.538209 0.614230
vt 4333386156419842048.000000 -22908269789131571200.000000
vt 4333791876210491392.000000 -22910413836805734400.000000
vt 18641071758802681856.000000 -16650267418249134080.000000
vt -1.006332 -5.165507
vt -1.206332 -5.181246
vt 0.391881 0.823365
vt 0.591881 0.823365
vt 0.591881 1.000041
vt 0.625363 0.999965
vt 0.425363 0.999965
vt 0.425363 0.823290
vt 0.553910 -5.204795
vt 0.353915 -5.204795
vt 0.353914 -5.220533
vt 0.563159 -2.708794
vt 0.363157 -2.708795
vt 0.363155 -2.724740
vt 0.313604 -4.435090
vt 0.513611 -4.421150
vt 0.313604 -4.421071
vt 2.828852 -4.091969
vt 0.368914 -1.106465
vt 0.568917 -1.092524
vt 0.368914 -1.092446
vt 0.588040 -0.460065
vt 0.388039 -0.460065
vt 0.388039 -0.476011
vt 0.573646 -2.868639
vt 0.373650 -2.868639
vt 0.373649 -2.884377
vt 0.605640 1.000001
vt 0.405640 1.000001
vt 0.405640 0.823325
vt 0.398821 0.823340
vt 0.598821 0.823340
vt 0.598821 1.000016
vt 0.405669 0.823325
vt 0.425363 0.823290
vt 0.553910 -5.204795
vt 0.353915 -5.204795
vt 0.353914 -5.220533
vt 0.563159 -2.708794
vt 0.363157 -2.708795
vt 0.363155 -2.724740
vt 0.313604 -4.435090
vt 0.513611 -4.421150
vt 0.313604 -4.421071
vt 2.828852 -4.091969
vt 3.028852 -4.077325
vt 2.828851 -4.075840
vt -41.177299 -6.960578
vt -41.377300 -6.960579
vt -41.377308 -6.977808
vt 64.128906 -52.140518
vt 64.239494 -52.407700
vt 186566426624.000000 -213599715328.000000
vt -17105690624.000000 19584385024.000000
vt -22.083799 -1.482076
vt -88.982590 -2.335192
vt -89.182579 -2.349065
vt -88.982590 -2.351138
vt -44.285362 -3.374938
vt -44.085350 -3.374938
vt -44.085354 -3.360919
vt 109.951332 -0.576075
vt 109.751328 -0.576075
vt 109.751312 -0.757779
vt 109.351280 -0.000675
vt 109.551277 -0.000675
vt 109.551277 0.181016
vt 97.291107 -3.471770
vt 97.091095 -3.487792
vt 97.291107 -3.486339
vt -67.693771 -5.754037
vt -96.650078 -3.366203
vt -96.450058 -3.366203
vt -96.450073 -3.351565
vt 104.386856 -1.727897
vt 104.186852 -1.727898
vt 104.186806 -1.743922
vt -134.751556 0.999946
vt -134.951584 0.999946
vt -134.951523 0.823265
vt 53.679783 -6.119525
vt 53.879780 -6.119524
vt 53.879776 -6.104133
vt 126.681564 -4.780419
vt 126.481529 -4.796441
vt 126.681564 -4.794988
vt -3.600361 -0.277279
vt -3.400363 -0.277279
vt -8.958546 -3.244618
vt -8.951338 -2.618596
vt -8.751337 -2.618596
vt -8.951341 -2.999561
vt -8.875592 -2.999145
vt -8.758545 -3.244618
vt -8.882792 -3.012581
vt -8.758539 -3.013043
vt 55328325632.000000 11718328320.000000
vt 307208.312500 16100.811523
vt -8.951343 -3.231140
vt -8.758530 -2.631964
vt 0.324702 -4.434787
vt 0.524698 -4.420847
vt 0.324703 -4.420768
vt 0.680552 -5.200379
vt 0.480558 -5.200379
vt 0.480559 -5.216117
vt 0.359046 -4.022260
vt 0.559045 -4.022260
vt 26.280209 -7.345851
vt 26.480202 -7.345850
vt 26.480202 -7.333032
vt 76.458511 -4.634657
vt 76.258545 -4.649228
vt 76.458534 -4.651804
vt -85.742363 1.000341
vt -85.942352 1.000341
vt -85.942375 0.823672
vt -75.499641 -3.450685
vt -75.699638 -3.450684
vt -75.699638 -3.467832
vt 0.479737 0.098867
vt 0.279737 0.098867
vt 0.279736 -0.082832
vt 0.696216 0.098387
vt 0.354621 -2.724089
vt 0.818972 -2.714422
vt 0.618971 -2.730367
vt 0.818973 -2.730446
vt 2.767756 -4.091836
vt 2.967755 -4.077192
vt 2.767754 -4.075707
vt 0.455059 -4.436387
vt 0.655049 -4.436387
vt 0.655050 -4.422448
vt 39.597710 -6.540583
vt 39.397724 -6.554872
vt 39.597717 -6.555556
vt -4.365599 -0.780186
vt -27.503185 -0.746891
vt 0.533702 0.134580
vt 0.333702 0.134580
vt 0.333702 -0.047119
vt 0.456094 -0.047391
vt 0.656094 -0.047391
vt 0.656094 0.134308
vt 0.343771 -0.005145
vt 0.543771 -0.005145
vt 0.543770 0.176554
vt 0.629321 0.176533
vt 0.429321 0.176533
vt 0.429321 -0.005166
vt 0.399607 -0.465729
vt 0.599607 -0.465729
vt 0.598941 0.793338
vt 0.368360 -1.883590
vt 0.368362 -1.899535
vt 0.765188 -1.888317
vt 0.565186 -1.904262
vt 0.765188 -1.904342
vt 2.295298 -3.238268
vt 2.495299 -3.223624
vt 2.295295 -3.222138
vt 0.443193 -3.215174
vt 0.643193 -3.215173
vt 0.643194 -3.201234
vt 31.730522 -5.191514
vt 31.530527 -5.205801
vt 31.730522 -5.206487
vt -16.635262 -5.263818
vt -16.435266 -5.247728
vt -44.119358 -1.010739
vt -44.135941 -1.018734
vt -44.012070 -1.020311
vt 7.549456 -0.261618
vt 7.749457 -0.261618
vt 18.793106 0.793374
vt 18.811304 0.793366
vt 18.611305 0.793366
vt 7.571053 -0.261773
vt -41.963497 -0.673953
vt -42.163483 -0.687826
vt -41.963486 -0.689899
vt 0.399408 -0.381310
vt 0.199408 -0.381310
vt 0.199046 -1.644104
vt 77.990730 -1.471950
vt 77.790733 -1.471950
vt 77.790718 -1.653655
vt 1095277.875000 57425.171875
vt -134.882614 0.999791
vt -134.882629 0.823112
vt -68.088371 -5.729888
vt -68.288345 -5.729888
vt -68.288353 -5.747111
vt -98.430496 -4.109671
vt -98.230507 -4.095032
vt -98.430496 -4.095026
vt 136.721649 -0.007447
vt 136.921646 -0.007447
vt 136.921646 0.174258
vt -134.896622 -1.748347
vt -134.696579 -1.748346
vt -134.696579 -1.571663
vt -135.934387 -0.000823
vt -135.734360 -0.000823
vt 100.121254 -5.445857
vt 100.321266 -5.429729
vt 94.166466 -2.712007
vt 94.366478 -2.712007
vt 94.366470 -2.695877
vt 71.454292 -4.624171
vt 71.254280 -4.639143
vt 71.454292 -4.639908
vt 0.198221 -3.034311
vt 0.398221 -3.034311
vt 0.398239 -2.421946
vt 135.687912 -0.010713
vt 135.887878 -0.010713
vt 135.887894 0.165954
vt 104.165932 -1.728378
vt 104.165932 -1.744401
vt -0.474211 0.557144
vt 0.600000 0.584535
vt 0.528001 0.584636
vt -0.474219 0.583888
vt 0.600000 0.602402
vt 0.600000 0.556568
vt -0.474208 0.545484
vt 0.600000 0.546289
vt -0.674262 0.585680
vt 0.514890 0.546629
vt 0.414792 0.585037
vt -0.474224 0.602135
vt 0.534159 0.602489
vt -0.395960 0.585601
vt -0.674262 0.602936
vt 0.368827 0.602675
vt 0.400374 -1.243996
vt 0.600374 -1.243996
vt 0.856130 -2.874971
vt 0.399852 -1.010231
vt 0.476095 -1.010547
vt 0.476605 -1.010554
vt 0.600362 -1.011069
vt 0.855736 -2.886074
vt 0.997914 -2.886809
vt 0.399864 -1.243990
vt 0.600342 -0.631633
vt 0.803945 -2.714746
vt 0.603947 -2.730691
vt 0.803944 -2.730771
vt 0.464520 -4.436730
vt 0.664520 -4.436730
vt 0.664518 -4.422791
vt 0.574636 1.000011
vt 0.374636 1.000011
vt 0.374637 0.823335
vt 0.409629 0.823327
vt 0.609629 0.823327
vt 0.609629 1.000003
vt 49.375683 -0.690088
vt 21.117746 -4.744786
vt 20.917742 -4.744785
vt 20.917742 -4.759071
vt 0.651847 -2.927840
vt 0.851842 -2.910945
vt 0.651845 -2.910259
vt -13.217575 -1.692852
vt -13.017575 -1.692852
vt -13.017580 -1.676761
vt -22.992167 -3.867313
vt -23.192162 -3.867313
vt -23.192167 -3.884542
vt 1.782894 -2.249327
vt 1.982897 -2.234684
vt 1.782894 -2.233198
vt 0.603947 -2.730691
vt 0.803944 -2.730771
vt 0.464520 -4.436730
vt 0.664520 -4.436730
vt 0.664518 -4.422791
vt 0.574636 1.000011
vt 0.374636 1.000011
vt 0.374637 0.823335
vt 0.409629 0.823327
vt 0.609629 0.823327
vt 0.609629 1.000003
vt 0.391881 0.823365
vt 0.591881 0.823365
vt 0.591881 1.000041
vt 0.625363 0.999965
vt 0.425363 0.999965
vt 60.034775 -48.704609
vt 70.832298 -58.271049
vt 70.962868 -58.328968
vt 70.661873 -58.330589
vt -50.997593 -1.909296
vt -50.922035 -1.909611
vt -50.903404 -1.908533
vt -50.777985 -1.907428
vt 22.355511 -2.475636
vt 22.355511 -2.490607
vt 36.173965 -1.843826
vt 36.373955 -1.827697
vt 36.173965 -1.826931
vt 0.601496 -0.876441
vt 0.801496 -0.876441
vt 0.801674 -0.430751
vt 0.801696 -0.424275
vt 0.601696 -0.424275
vt 0.601516 -0.870808
vt -48.511459 -0.002796
vt -48.311451 -0.002796
vt -48.311451 0.178902
vt -22.083799 -1.498167
vt -21.883795 -1.484149
vt 136.590805 -0.000844
vt 136.790787 -0.000844
vt 136.790802 0.180850
vt 137.287430 -0.765199
vt 137.087418 -0.765199
vt 137.087418 -0.946901
vt -57.836536 -4.644735
vt -57.636528 -4.644734
vt -57.636532 -4.630716
vt -116.215096 -3.297391
vt -116.415070 -3.311263
vt -116.215096 -3.313335
vt 0.404389 -2.421934
vt 0.604389 -2.421935
vt 0.404940 -3.034242
vt 0.604940 -3.034242
vt -4.076349 -0.590094
vt -4.000603 -0.590016
vt 86.746384 0.493964
vt 86.946350 0.493964
vt 86.946365 0.670636
vt 33.430912 -5.740623
vt 33.630905 -5.727808
vt 33.430904 -5.725229
vt 76.245659 -2.741855
vt 76.045670 -2.741856
vt 76.045685 -2.756426
vt -41.138840 -6.958512
vt -41.338833 -6.958511
vt -41.338833 -6.975739
vt -64.892670 -5.213511
vt -64.692673 -5.195931
vt -64.892662 -5.198872
vt 392304.031250 20555.177734
vt -4.033237 -0.591101
vt -3.907226 -0.590030
vt 0.496215 -0.083312
vt 0.696215 -0.083312
vt 0.303547 -0.009045
vt 0.503547 -0.009045
vt 0.503545 0.172654
vt 0.480558 -5.200379
vt 0.480559 -5.216117
vt 0.359046 -4.022260
vt 0.559045 -4.022260
vt 0.559047 -4.007616
vt -1.048695 -5.166926
vt -1.248691 -5.182662
vt -1.048691 -5.184148
vt 0.604891 -2.421879
vt 0.404432 -3.034298
vt 0.554622 -2.708143
vt 0.354617 -2.708143
vt 32.027325 0.999987
vt 32.027332 0.823310
vt -31.223816 0.448088
vt -31.023821 0.448088
vt -31.023821 0.624764
vt 10.057444 -2.163882
vt 10.257457 -2.163882
vt 10.257457 -2.151065
vt 28.415268 -1.159801
vt 28.215269 -1.174372
vt 28.415277 -1.176949
vt -31.027670 1.000133
vt -31.227669 1.000133
vt -31.227678 0.823457
vt -27.303181 -0.729744
vt -27.503185 -0.729744
vt 0.664912 -4.119109
vt 0.464917 -4.119109
vt 0.464918 -4.134848
vt 0.371024 -3.182726
vt 0.571023 -3.182726
vt 0.571024 -3.168082
vt -0.719255 -4.092288
vt -0.919249 -4.108027
vt -0.719251 -4.109513
vt 0.403971 -2.385632
vt 0.603971 -2.385632
vt 0.603771 -1.671108
vt 0.603386 -1.671149
vt 0.403385 -1.671150
vt 0.403565 -2.385676
vt 0.568361 -1.883590
vt 0.652151 0.172618
vt 0.452151 0.172618
vt 0.452153 -0.009081
vt 87.017082 0.999634
vt 86.817101 0.999634
vt 86.817093 0.822958
vt 76.461746 -4.634911
vt 76.261734 -4.649481
vt 76.461739 -4.652060
vt 64.338486 -4.381679
vt 64.338486 -4.364784
vt -44.195480 -1.010899
vt 20.076109 -1.718026
vt 20.076109 -1.702632
vt 49.884548 1.000011
vt 49.684547 1.000011
vt 49.684555 0.823336
vt 2335450.250000 122399.468750
vt 2335450.250000 122399.484375
vt 22.719416 -0.820028
vt 22.919424 -0.804635
vt 22.719423 -0.806089
vt -28.641390 -0.469440
vt -28.441389 -0.469440
vt -28.442297 0.793385
vt -28.431696 0.793370
vt -28.631704 0.793370
vt -28.630825 -0.465678
vt -44.212044 -1.251893
vt -44.012047 -1.251893
vt -44.012104 -0.639342
vt -43.995518 -0.631468
vt -44.195511 -0.631468
vt -44.195465 -1.243823
vt 135.886688 1.000030
vt 135.686676 1.000030
vt 135.686646 0.823359
vt 53.648540 -6.118406
vt 53.848553 -6.118407
vt 53.848553 -6.103013
vt 126.709900 -4.781917
vt 126.509850 -4.797942
vt 126.709900 -4.796488
vt -134.682617 0.999791
vt 104.365929 -1.728378
vt -136.147705 -0.758441
vt -136.347672 -0.758441
vt -136.347672 -0.940131
vt -135.934387 -0.000823
vt -135.734360 -0.000823
vt -135.734375 0.180869
vt -134.896622 -1.748347
vt -134.696579 -1.748346
vt -134.696579 -1.571663
vt 136.721649 -0.007447
vt 136.921646 -0.007447
vt 136.921646 0.174258
vt -98.430496 -4.109671
vt -98.230507 -4.095032
vt -98.430496 -4.095026
vt 0.600000 0.497758
vt -0.080341 0.397626
vt -0.674261 0.371004
vt -0.674261 0.397755
vt 0.075644 0.556227
vt 0.518413 0.556843
vt -0.474195 0.496723
vt 0.010360 0.556245
vt -0.674261 0.556296
vt 0.268147 0.556544
vt 0.463504 0.397662
vt 0.246255 0.498840
vt 0.498147 0.498092
vt -0.474168 0.397648
vt 0.600000 0.397632
vt -0.674261 0.499669
vt 4333386156419842048.000000 -22908269789131571200.000000
vt 4333791876210491392.000000 -22910413836805734400.000000
vt 18641071758802681856.000000 -16650267418249134080.000000
vt 48.109657 0.014455
vt 47.736042 3.108546
vt 42.084152 0.013755
vt 41.498756 2.905819
vt 0.399832 -0.631626
vt 0.599832 -0.631626
vt 0.051504 -2.887413
vt 0.798307 -2.875206
vt 0.051650 -2.876394
vt 0.194271 -2.876627
vt -1.006332 -5.165507
vt -1.206332 -5.181246
vt -1.006331 -5.182731
vt 0.431569 -4.022257
vt 0.631568 -4.022257
vt 0.631565 -4.007614
vt 0.799328 -0.381301
vt 0.798991 -1.644089
vt 0.798766 -1.650424
vt 0.998766 -1.650424
vt 0.999186 -0.385307
vt 0.197814 -0.385299
vt -0.002186 -0.385299
vt -0.003399 -1.650413
vt -0.003315 -1.644127
vt 0.196685 -1.644127
vt 0.197867 -0.381325
vt 22.573204 -3.624969
vt 22.373207 -3.639255
vt 22.573204 -3.639941
vt 49.575684 -0.508390
vt 49.375683 -0.508390
vt 20.319794 -5.446054
vt 20.519781 -5.446053
vt 20.519781 -5.433237
vt -1.006332 -5.165507
vt -1.206332 -5.181246
vt -1.006331 -5.182731
vt 0.431569 -4.022257
vt 0.631568 -4.022257
vt 0.631565 -4.007614
vt 0.599832 -0.631626
vt 0.399832 -0.631626
vt 0.399864 -1.243990
vt 0.400374 -1.243996
vt 0.600374 -1.243996
vt 0.600342 -0.631633
vt 0.803945 -2.714746
vt 26.267227 -7.347498
vt 26.467230 -7.347498
vt 26.467228 -7.334682
vt -86.048241 -0.055055
vt -85.848251 -0.055055
vt -85.848267 0.126641
vt -85.767044 -1.012833
vt -85.967018 -1.012833
vt -85.967026 -1.194530
vt 33.413826 -5.740504
vt 33.613834 -5.727687
vt 33.413826 -5.725111
vt 86.699356 -0.377905
vt -941817101661203595264.000000 219356827050334748672.000000
vt -143136356439162880.000000 90971101001154560.000000
vt 59.976032 -48.379913
vt 0.604662 -2.857946
vt 0.662478 -2.857180
vt 0.662349 -2.875013
vt 0.804533 -2.875230
vt -56.438442 -5.037948
vt -56.638432 -5.035875
vt -45.365517 -1.378344
vt -45.565514 -1.378344
vt -52.750763 -2.265853
vt -52.733925 -2.264738
vt -52.533916 -2.264738
vt -45.350449 -1.377372
vt 53.784447 1.000107
vt 53.584454 1.000107
vt 53.584450 0.823429
vt 53.583237 -0.207204
vt 53.783226 -0.207204
vt 53.783226 -0.030529
vt 24.462446 -0.947202
vt 24.662439 -0.931807
vt 24.462444 -0.933262
vt -48.317390 -0.841312
vt -48.517395 -0.841312
vt -48.517395 -1.023006
vt -52.784718 0.498460
vt -52.584713 0.498460
vt -52.584709 0.675141
vt 22.555496 -2.475636
vt 183528554496.000000 -210121654272.000000
vt 192871481344.000000 -220818358272.000000
vt -536436342784.000000 614165708800.000000
vt 192871481344.000000 -220818358272.000000
vt -8.958546 -3.244618
vt -8.951338 -2.618596
vt -8.751337 -2.618596
vt -8.758545 -3.244618
vt 0.404420 -2.858876
vt 0.461791 -2.858639
vt -75.699638 -3.467832
vt -85.742363 1.000341
vt -85.942352 1.000341
vt -85.942375 0.823672
vt 76.458511 -4.634657
vt 76.258545 -4.649228
vt 76.458534 -4.651804
vt 26.280209 -7.345851
vt 26.480202 -7.345850
vt 26.480202 -7.333032
vt -85.935196 -0.209438
vt -85.735191 -0.209438
vt -85.735191 -0.032761
vt 86.942963 0.999962
vt 86.742966 0.999962
vt 86.742973 0.823288
vt 0.462297 -2.858583
vt 0.604926 -2.857985
vt -41.338833 -6.958511
vt -41.338833 -6.975739
vt -64.892670 -5.213511
vt -64.692673 -5.195931
vt -64.892662 -5.198872
vt 55328325632.000000 11718328320.000000
vt -8.951343 -3.231140
vt -8.758530 -2.631964
vt 0.324702 -4.434787
vt 0.524698 -4.420847
vt 0.324703 -4.420768
vt 0.680552 -5.200379
vt -36.569794 -2.887432
vt -36.369804 -2.869852
vt -36.569801 -2.872794
vt -22.969509 -3.866229
vt -23.169508 -3.866228
vt -23.169508 -3.883456
vt 28.342686 -0.472183
vt 28.142706 -0.472184
vt 28.142694 -0.486754
vt 12.656031 -1.580645
vt 12.856021 -1.567828
vt 12.656026 -1.565250
vt 32.027466 0.703650
vt 32.227463 0.703650
vt 32.227463 0.880323
vt 32.227325 0.999987
vt -32.722591 -5.526144
vt -32.922607 -5.526144
vt -32.922607 -5.543374
vt -51.773727 -4.136175
vt -51.573753 -4.118596
vt -51.773739 -4.121538
vt -464464642048.000000 -94541955072.000000
vt -7.660209 -1.835274
vt -7.860210 -1.835274
vt -7.860249 -2.550536
vt -7.866517 -2.561585
vt -7.666516 -2.561584
vt -7.666492 -1.845860
vt 0.341577 -3.214112
vt 0.541576 -3.200172
vt 0.341579 -3.200094
vt 64.138474 -4.381679
vt 64.620697 -6.194925
vt 64.820686 -6.178030
vt 64.620689 -6.177345
vt 0.198302 -2.876586
vt 0.255405 -2.877200
vt 0.255329 -2.859472
vt 0.398226 -2.858889
vt 392304.031250 20555.177734
vt 77.860367 -0.004236
vt 78.060364 -0.004236
vt 78.060371 0.177465
vt -55.735153 -2.259484
vt -55.535160 -2.244845
vt -55.735153 -2.244840
vt -38.386147 -3.167328
vt -38.586136 -3.167327
vt -38.586143 -3.184551
vt -48.684875 0.999924
vt -48.884861 0.999924
vt -48.884872 0.823251
vt 46.554596 -1.213203
vt 46.354588 -1.229227
vt 46.554573 -1.227773
vt 19.876114 -1.718025
vt 3183650.250000 166906.812500
vt 3183650.750000 166906.843750
vt 136.800827 -2.725338
vt 136.600861 -2.725338
vt 136.600845 -2.907042
vt 0.398315 -2.439547
vt 0.198315 -2.439547
vt 0.198297 -3.052089
vt -116.192032 -3.297426
vt -116.392006 -3.311298
vt -116.191994 -3.313370
vt 61.477699 -3.646998
vt 61.677704 -3.631606
vt 61.477699 -3.633060
vt 5137694.500000 269264.031250
vt 5137695.000000 269264.031250
vt -44.195465 -1.243823
vt 53.648540 -6.118406
vt 53.848553 -6.118407
vt 53.848553 -6.103013
vt -68.088371 -5.729888
vt -68.288345 -5.729888
vt -68.288353 -5.747111
vt -134.682617 0.999791
vt -134.882614 0.999791
vt -134.882629 0.823112
vt 126.709900 -4.781917
vt 126.509850 -4.797942
vt 126.709900 -4.796488
vt 135.886688 1.000030
vt 135.686676 1.000030
vt 135.686646 0.823359
vt 0.400000 0.213566
vt -0.674261 0.213567
vt -0.474118 0.213567
vt 0.600000 0.213566
vt 0.400000 0.213566
vt 0.454182 0.370638
vt -0.474161 0.370444
vt -0.010345 0.370805
vt 0.600000 0.370642
vt -44.195480 -1.030778
vt -44.125801 -1.030468
vt -0.005875 -2.886791
vt -44.012066 -1.037888
vt -36.586979 -2.887358
vt -36.386990 -2.869778
vt -36.586983 -2.872720
vt -18.505362 -4.420378
vt -18.705362 -4.437607
vt -18.505362 -4.434664
vt 49.367195 -0.031284
vt 49.567200 -0.031284
vt 49.567200 0.150420
vt -48.571583 -0.003268
vt -48.371586 -0.003268
vt -48.371586 0.178427
vt -48.353611 -0.032394
vt -48.553596 -0.032394
vt -48.553596 -0.214088
vt 0.999328 -0.381301
vt -51.480137 -4.064066
vt 69.511658 -0.004647
vt 69.711639 -0.004647
vt 69.711639 0.177050
vt 69.585953 -0.120727
vt 69.385948 -0.120726
vt 69.385948 -0.302428
vt 25.799711 -4.214889
vt 25.999710 -4.202072
vt 25.799715 -4.199495
vt -68.436012 -0.774220
vt -68.636017 -0.774220
vt -68.636017 -0.955919
vt -68.703529 -0.044050
vt -68.503525 -0.044050
vt -68.503525 0.137642
vt 86.899353 -0.196216
vt 86.699341 -0.196216
vt 86.855461 -0.005807
vt 87.055466 -0.005807
vt 87.055466 0.175889
vt -64.780121 -5.145480
vt -64.580147 -5.145480
vt -64.580124 -5.127900
vt 4.988153 -4.936457
vt 5.188143 -4.936457
vt 5.188147 -4.919562
vt -64.922356 -5.213418
vt -64.722343 -5.195839
vt -64.922356 -5.198780
vt -33.489586 -7.949800
vt -33.289581 -7.946857
vt 62.100014 -7.274942
vt 61.899994 -7.274942
vt 61.899998 -7.289914
vt 100.180199 -5.448595
vt 100.380211 -5.432466
vt 100.180199 -5.431700
vt 0.604546 -3.052089
vt 0.804546 -3.052088
vt 0.804500 -2.439546
vt 0.804629 -2.421840
vt 0.604629 -2.421841
vt 0.604675 -3.034204
vt -135.789520 -0.007742
vt -135.589523 -0.007742
vt -135.589523 0.173957
vt -56.638432 -5.051967
vt -34.182526 -1.079993
vt -23.824795 -1.932329
vt -24.024801 -1.949553
vt -23.824802 -1.949557
vt -35.039539 -1.362414
vt -34.839535 -1.347775
vt -35.039539 -1.347771
vt 25.980026 -1.527564
vt 25.780027 -1.542535
vt 25.980030 -1.543302
vt 34.028210 -0.860004
vt 34.228214 -0.860004
vt 34.228214 -0.843875
vt -23.981276 -1.924696
vt -24.181273 -1.924696
vt -24.181278 -1.941920
vt -8.951341 -3.017137
vt -8.881306 -3.016641
vt -4.096474 -0.603319
vt -4.026329 -0.603419
vt 86.817101 0.999634
vt 86.817093 0.822958
vt -4.059071 -0.604506
vt -3.929652 -0.604692
vt 0.652151 0.172618
vt 0.452151 0.172618
vt 0.452153 -0.009081
vt 0.303547 -0.009045
vt 0.503547 -0.009045
vt 0.503545 0.172654
vt 0.496215 -0.083312
vt 0.696215 -0.083312
vt 0.696216 0.098387
vt 0.479737 0.098867
vt 0.279737 0.098867
vt 0.279736 -0.082832
vt -75.499641 -3.450685
vt -75.699638 -3.450684
vt -8.888505 -3.030080
vt -8.758539 -3.029155
vt -85.935196 -0.209438
vt -85.735191 -0.209438
vt -85.735191 -0.032761
vt 86.942963 0.999962
vt 86.742966 0.999962
vt 86.742973 0.823288
vt 86.746384 0.493964
vt 86.946350 0.493964
vt 86.946365 0.670636
vt 33.430912 -5.740623
vt 33.630905 -5.727808
vt 33.430904 -5.725229
vt 76.245659 -2.741855
vt 76.045670 -2.741856
vt 76.045685 -2.756426
vt -41.138840 -6.958512
vt 0.377898 -2.209725
vt 0.577898 -2.209725
vt 0.577899 -2.195081
vt 0.645205 -2.866179
vt 0.445206 -2.866179
vt 0.445206 -2.881917
vt 0.372356 -1.106383
vt 0.572355 -1.092444
vt 0.372357 -1.092365
vt -10121194.000000 -2137036.500000
vt 0.999730 -0.381311
vt 0.799730 -0.381311
vt 0.799520 -1.644105
vt 0.799644 -1.650433
vt 0.999644 -1.650433
vt 0.999808 -0.385312
vt 20.529081 -5.432152
vt -65.867920 0.031745
vt -65.667923 0.031745
vt -65.667923 0.208420
vt 66.875214 0.999972
vt 66.675217 0.999972
vt 66.675217 0.823300
vt 66.675659 0.570871
vt 66.875656 0.570871
vt 66.875664 0.747550
vt 25.811987 -4.214997
vt 26.011984 -4.202179
vt 25.811983 -4.199601
vt 58.676079 -1.909512
vt 58.476097 -1.909512
vt 58.476086 -1.924082
vt -51.016724 -1.925051
vt -50.947464 -1.925657
vt -50.928894 -1.924580
vt -50.800255 -1.925708
vt -7111753.000000 -9436416.000000
vt 51.421284 0.793403
vt 51.221291 0.793403
vt 43.864567 -0.093515
vt 43.814682 -0.093378
vt 44.014679 -0.093378
vt 51.373764 0.793405
vt -79.650475 0.793463
vt -79.850464 0.793463
vt -79.849884 -0.237651
vt -79.881042 -0.240162
vt -79.681061 -0.240162
vt -79.681664 0.793462
vt 898282.562500 47077.363281
vt 307208.312500 16100.811523
vt 0.399380 -0.374914
vt 49.685310 0.520284
vt 49.885315 0.520284
vt 49.885303 0.696961
vt 38.428265 -0.103823
vt 38.228252 -0.103823
vt 38.228252 -0.119847
vt -77.101318 -0.353114
vt -77.301315 -0.353114
vt -77.301315 -0.534811
vt -77.062546 -0.000468
vt -76.862518 -0.000468
vt -76.862526 0.181231
vt -48.885529 -0.111047
vt -48.685532 -0.111047
vt -48.685532 0.065628
vt -107.225861 -9.283590
vt -2.102708 -0.273875
vt 90.799164 1.585580
vt -4697.686523 -242.084808
vt -4509.299805 -238.296753
vt -4409.758789 -231.593643
vt -4334.326172 -229.102722
vt -64.838509 -5.141396
vt -64.638504 -5.141396
vt -64.638504 -5.123816
vt -51.229359 -2.113747
vt -51.029346 -2.113746
vt -50.370869 -1.573266
vt -50.390804 -1.574365
vt -50.590813 -1.574365
vt -51.247196 -2.114811
vt 722269.625000 37864.648438
vt -43.995518 -0.631468
vt -44.195511 -0.631468
vt -44.212044 -1.251893
vt -44.012047 -1.251893
vt -44.012104 -0.639342
vt 5137694.500000 269264.031250
vt 5137695.000000 269264.031250
vt 61.477699 -3.646998
vt 61.677704 -3.631606
vt 61.477699 -3.633060
vt -116.192032 -3.297426
vt -116.392006 -3.311298
vt -116.191994 -3.313370
vt 0.398315 -2.439547
vt 0.198315 -2.439547
vt 0.198297 -3.052089
vt -44.142380 -1.038470
vt 0.798306 -2.930532
vt -48.558243 -0.679500
vt 12.649821 -1.580622
vt 12.849821 -1.567804
vt 12.649818 -1.565227
vt 49.518944 -0.033272
vt 49.318935 -0.033272
vt 49.318947 -0.214968
vt 49.407631 -0.003303
vt 49.607628 -0.003303
vt 49.607628 0.178399
vt -36.505524 -2.848660
vt -36.305534 -2.848660
vt -36.305534 -2.831079
vt 2.836487 -2.729804
vt 3.036483 -2.729804
vt 3.036485 -2.712909
vt -68.459618 -0.004597
vt -68.459625 0.177100
vt 69.452408 -0.044016
vt 69.652435 -0.044016
vt 69.652435 0.137684
vt -26.442268 -6.305668
vt -26.642269 -6.322898
vt -26.442270 -6.319955
vt -51.797783 -4.136032
vt -51.597794 -4.118452
vt -51.797783 -4.121395
vt 3.987877 -3.914479
vt 4.187873 -3.914479
vt 4.187876 -3.897584
vt -51.680134 -4.081647
vt -51.480137 -4.081646
vt -33.289589 -7.932571
vt 86.784767 -0.054995
vt 86.984787 -0.054995
vt 86.984787 0.126704
vt -85.989548 -0.005744
vt -85.789513 -0.005744
vt -85.789513 0.175958
vt -85.756447 -0.194647
vt -85.956429 -0.194647
vt -85.956451 -0.376345
vt 0.998319 -2.439522
vt 0.798319 -2.439522
vt 0.798303 -3.052064
vt 0.797908 -3.063200
vt 0.997908 -3.063200
vt 0.997928 -2.450546
vt 63.428616 -51.506374
vt 48814751744.000000 -55887896576.000000
vt 63.545647 -51.796627
vt 185827704832.000000 -212753956864.000000
vt 0.644229 -2.930524
vt 0.804537 -2.930556
vt 0.644358 -2.912675
vt 0.604666 -2.913254
vt -135.789520 -0.007742
vt -135.589523 -0.007742
vt -135.589523 0.173957
vt -56.638432 -5.051967
vt -56.438442 -5.037948
vt -56.638432 -5.035875
vt -68.319450 -5.750182
vt 135.947998 1.000258
vt 135.747971 1.000258
vt 135.747971 0.823574
vt 135.707932 -1.804549
vt 135.907883 -1.804548
vt 135.907883 -1.627877
vt 61.462410 -3.646304
vt 61.662422 -3.630909
vt 61.462410 -3.632363
vt -135.705444 -2.661466
vt -135.905411 -2.661466
vt -135.905411 -2.843160
vt -134.906967 -0.005087
vt -134.706955 -0.005087
vt -134.706955 0.171584
vt 49.510693 -0.000304
vt 49.510685 0.181392
vt 50.150398 -1.373432
vt 49.950394 -1.389457
vt 50.150398 -1.388003
vt 21.403561 -1.916314
vt 21.603559 -1.916314
vt 21.603563 -1.900920
vt -52.584435 0.999979
vt -52.784439 0.999979
vt -52.784439 0.823303
vt 41.420723 -0.176971
vt 41.220726 -0.176971
vt 41.220726 -0.192995
vt -34.382526 -1.094632
vt -34.182526 -1.094631
vt 0.444202 -2.913998
vt 0.604930 -2.913293
vt 64.620697 -6.194925
vt 64.820686 -6.178030
vt 64.620689 -6.177345
vt 64.138474 -4.381679
vt 64.338486 -4.381679
vt 64.338486 -4.364784
vt 76.461746 -4.634911
vt 76.261734 -4.649481
vt 76.461739 -4.652060
vt 87.017082 0.999634
vt 0.443696 -2.914054
vt 0.404423 -2.914224
vt 0.696216 0.098387
vt 0.479737 0.098867
vt 0.279737 0.098867
vt 0.279736 -0.082832
vt -75.499641 -3.450685
vt -75.699638 -3.450684
vt -75.699638 -3.467832
vt -85.742363 1.000341
vt -85.942352 1.000341
vt -85.942375 0.823672
vt 76.458511 -4.634657
vt 76.258545 -4.649228
vt 76.458534 -4.651804
vt 26.280209 -7.345851
vt 26.480202 -7.345850
vt 26.480202 -7.333032
vt 1.744856 -2.233130
vt 0.678167 -0.462112
vt 0.478163 -0.478058
vt 0.678165 -0.478137
vt 0.584581 -0.459860
vt 0.384580 -0.459859
vt 0.384583 -0.475805
vt 0.601673 -0.374909
vt 0.401673 -0.374909
vt 0.402577 -1.633982
vt 0.402866 -1.633950
vt 0.602866 -1.633950
vt 0.601856 -0.374890
vt -0.338917 -2.847118
vt -0.538912 -2.862855
vt -0.338915 -2.864341
vt 0.677623 -0.066660
vt 0.677623 0.115039
vt 0.510940 0.115409
vt 0.310940 0.115409
vt 0.310939 -0.066290
vt -57.819855 -2.452904
vt -58.019867 -2.452905
vt -58.019863 -2.470052
vt -65.674629 1.000270
vt -65.874634 1.000270
vt -65.874634 0.823597
vt 58.835472 -3.360191
vt 58.635479 -3.374762
vt 58.835491 -3.377340
vt 20.329071 -5.444969
vt 20.529081 -5.444968
vt 4086095.250000 727534.250000
vt 4086096.000000 727534.437500
vt 0.237290 -2.914700
vt 0.398225 -2.914237
vt 100.121239 -5.428964
vt -108.970169 -2.280605
vt -109.170151 -2.280604
vt -109.170151 -2.294478
vt -56.615971 -5.051311
vt -56.415966 -5.037293
vt -56.615971 -5.035221
vt 62.019108 -7.264976
vt 61.819107 -7.264974
vt 61.819092 -7.279948
vt -57.816200 -4.643963
vt -57.616196 -4.643964
vt -57.616196 -4.629946
vt -25675276.000000 -33887124.000000
vt -2983187.000000 -4076293.000000
vt -8191067.000000 -10854368.000000
vt -20.244240 -1.316291
vt -20.444237 -1.314218
vt -39.338024 -0.304437
vt -39.538017 -0.304437
vt -39.538017 -0.318310
vt 57.039246 -3.019491
vt 57.239243 -3.003363
vt 57.039246 -3.002598
vt 53.651031 -1.464381
vt 53.851044 -1.464381
vt 53.851040 -1.448251
vt 40.818829 -2.538200
vt 40.618828 -2.553173
vt 40.818829 -2.553939
vt 0.199003 -1.633989
vt 0.399003 -1.633989
vt 80.168686 -4.322058
vt 80.368675 -4.305929
vt 80.168671 -4.305164
vt -83.429893 -1.555710
vt -83.629868 -1.555710
vt -83.629890 -1.569583
vt -43.349731 -3.686603
vt -43.149731 -3.672585
vt -43.349731 -3.670512
vt 49.714203 -5.771314
vt 49.514214 -5.771312
vt 49.514194 -5.786284
vt -44.269768 -3.374299
vt -44.069767 -3.374299
vt -44.069767 -3.360280
vt -303.362854 -10.849168
vt 136.800827 -2.725338
vt 136.600861 -2.725338
vt 136.600845 -2.907042
vt 3183650.250000 166906.812500
vt 3183650.750000 166906.843750
vt -50.390804 -1.574365
vt -50.590813 -1.574365
vt -51.247196 -2.114811
vt -51.229359 -2.113747
vt -51.029346 -2.113746
vt -50.370869 -1.573266
vt -64.838509 -5.141396
vt -64.638504 -5.141396
vt -64.638504 -5.123816
vt 41.981842 -0.047790
vt 41.591656 2.831121
vt 34.991226 -0.057635
vt 34.468964 2.836340
vt 48.281319 0.016290
vt 47.778561 2.853503
vt 42.084152 0.013755
vt 41.708858 2.693290
vt 0.033620 -2.931602
vt 0.194266 -2.932017
vt 0.837655 -2.941458
vt 0.997912 -2.942185
vt 0.033473 -2.942630
vt -0.005881 -2.942167
vt 0.838048 -2.930344
vt 10.053696 -2.164483
vt 10.253689 -2.164483
vt 10.253692 -2.151667
vt -48.602673 -0.031316
vt -48.402679 -0.031316
vt -48.402676 0.150378
vt -48.358238 -0.497802
vt -48.558231 -0.497802
vt -0.004613 -2.399949
vt 0.195387 -2.399949
vt 0.195622 -1.684683
vt 0.195511 -1.693068
vt -0.004489 -1.693068
vt -0.004730 -2.408792
vt 0.798311 -2.408808
vt 0.998311 -2.408808
vt 0.998395 -1.693083
vt 0.998694 -1.684632
vt 0.798694 -1.684632
vt 0.798627 -2.399895
vt -68.430473 -0.119490
vt -68.630463 -0.119490
vt -68.630463 -0.301184
vt -68.659615 -0.004597
vt 0.194166 -2.450528
vt -0.005834 -2.450528
vt -0.005892 -3.063181
vt -0.005745 -3.052131
vt 0.194255 -3.052131
vt 0.194311 -2.439589
vt 39.530621 -6.533940
vt 39.330616 -6.548224
vt 39.530613 -6.548910
vt 86.999100 -1.031481
vt 86.799118 -1.031481
vt 86.799110 -1.213184
vt 36.972542 -8.502334
vt 36.772556 -8.502331
vt 36.772556 -8.516620
vt 1.149838 -5.267046
vt 0.604629 -2.421841
vt 0.804629 -2.421840
vt 0.604546 -3.052089
vt 0.804546 -3.052088
vt -135.905411 -2.843160
vt -134.906967 -0.005087
vt -134.706955 -0.005087
vt -134.706955 0.171584
vt 62.100014 -7.274942
vt 61.899994 -7.274942
vt 61.899998 -7.289914
vt 100.180199 -5.448595
vt 100.380211 -5.432466
vt 100.180199 -5.431700
vt 0.804500 -2.439546
vt 0.604675 -3.034204
vt -68.119438 -5.732958
vt -68.319450 -5.732958
vt -76.783295 -0.004403
vt -76.783295 0.177295
vt -20.451710 -1.330467
vt -20.251713 -1.316449
vt -20.451710 -1.314377
vt 75685.757812 -55759.894531
vt -25602.974609 18824.113281
vt -26919.220703 19789.828125
vt -26923.136719 19796.916016
vt -22.552299 -1.338638
vt -22.352299 -1.338638
vt -22.352299 -1.324620
vt 49.669888 -0.159111
vt 49.469883 -0.159111
vt 49.469875 -0.340814
vt 49.310654 -0.000304
vt 94.174812 -2.712521
vt 94.374802 -2.712521
vt 94.374802 -2.696393
vt 71.548515 -4.630034
vt 71.348495 -4.645007
vt 71.548508 -4.645772
vt -108.980873 -2.279805
vt -109.180870 -2.279805
vt -109.180870 -2.293678
vt -98.489716 -4.110576
vt -98.289719 -4.095937
vt -98.489716 -4.095932
vt -67.893768 -5.771259
vt -67.693771 -5.771266
vt -8.895497 -3.051498
vt -8.861875 -3.051644
vt -8.888297 -3.038055
vt -8.951342 -3.038361
vt 64.338486 -4.381679
vt 64.338486 -4.364784
vt 76.461746 -4.634911
vt 76.261734 -4.649481
vt 76.461739 -4.652060
vt 87.017082 0.999634
vt 86.817101 0.999634
vt 86.817093 0.822958
vt 0.652151 0.172618
vt 0.452151 0.172618
vt 0.452153 -0.009081
vt 0.303547 -0.009045
vt 0.503547 -0.009045
vt 0.503545 0.172654
vt 0.496215 -0.083312
vt 0.696215 -0.083312
vt 20.902390 -4.742677
vt 20.902390 -4.756964
vt -13.221636 -1.692961
vt -13.021634 -1.692961
vt -13.021637 -1.676871
vt -7.885955 -2.078083
vt -7.685957 -2.061992
vt -7.885955 -2.065267
vt 22.611387 -3.628283
vt 22.411390 -3.642570
vt 22.611387 -3.643255
vt 0.420443 -1.106872
vt 0.620441 -1.106872
vt 0.620441 -1.092933
vt 1.744857 -2.249259
vt 1.944855 -2.234616
vt 66.930504 0.999727
vt 66.730515 0.999727
vt 66.730515 0.823051
vt 0.597306 0.793160
vt 0.397306 0.793160
vt 0.397441 0.078638
vt 0.397975 0.078635
vt 0.597975 0.078635
vt 0.597843 0.793160
vt 0.640613 0.174431
vt 0.440613 0.174431
vt 0.440614 -0.007267
vt 0.322187 -0.007239
vt 0.522187 -0.007239
vt 0.522185 0.174460
vt 0.477623 -0.066660
vt 1655858176.000000 2250179584.000000
vt -2548795703296.000000 2712520359936.000000
vt -12328220672.000000 -16702263296.000000
vt 0.598145 0.793107
vt 0.398145 0.793107
vt 0.398595 -0.238040
vt 0.398286 -0.238041
vt 0.598287 -0.238041
vt 0.597845 0.793109
vt 86.810852 -0.225368
vt 87.010841 -0.225368
vt 87.010841 -0.048693
vt -75.570061 -3.449742
vt -75.770065 -3.449743
vt -75.770065 -3.466891
vt -85.819084 1.000053
vt -86.019058 1.000053
vt -86.019058 0.823381
vt -86.020042 0.495160
vt -85.820053 0.495160
vt -85.820061 0.671830
vt -21.520559 -7.094485
vt -21.720551 -7.097759
vt 4283801.500000 762734.500000
vt 11352120.000000 2021206.750000
vt -44.148495 -1.057192
vt -44.012066 -1.059111
vt 0.237366 -2.932443
vt 0.198301 -2.931976
vt -44.131912 -1.049185
vt 104.165932 -1.728378
vt 104.165932 -1.744401
vt 135.687912 -0.010713
vt 135.887878 -0.010713
vt 135.887894 0.165954
vt 0.198221 -3.034311
vt 0.398221 -3.034311
vt 0.398239 -2.421946
vt 71.454292 -4.624171
vt 71.254280 -4.639143
vt 71.454292 -4.639908
vt 94.166466 -2.712007
vt 94.366478 -2.712007
vt 94.366470 -2.695877
vt 100.121254 -5.445857
vt 100.321266 -5.429729
vt -20.880625 -1.182332
vt -20.680626 -1.182332
vt -20.680626 -1.168314
vt 35.453667 -4.040605
vt 35.253674 -4.040604
vt 35.253674 -4.055576
vt -20.444237 -1.330309
vt -108.997070 -0.752396
vt 80.180870 -1.132532
vt 79.980865 -1.132532
vt 79.980873 -1.148556
vt 104.147911 0.184031
vt 104.347908 0.184031
vt 104.347908 0.360711
vt 0.198582 -2.385687
vt 0.398582 -2.385687
vt 0.398657 -1.671160
vt 57.265881 -3.657942
vt 57.065887 -3.672913
vt 57.265881 -3.673680
vt 75.397758 -2.134089
vt 75.597786 -2.134089
vt 75.597778 -2.117959
vt -1147903410176.000000 6066856787968.000000
vt -3400425013248.000000 3037270900736.000000
vt -682634880.000000 -174562560.000000
vt -354262998313148088320.000000 1872144816985543278592.000000
vt -354296177176027856896.000000 1872320316633522372608.000000
vt 4333386156419842048.000000 -22908269789131571200.000000
vt 4333791876210491392.000000 -22910413836805734400.000000
vt 18641071758802681856.000000 -16650267418249134080.000000
vt 34.975166 -0.027271
vt 15.950733 -0.286996
vt 16.329168 2.337298
vt 18.445902 2.654923
vt 34.457211 2.913283
vt 22.748543 -0.187228
vt 22.168526 2.688970
vt 0.464112 -1.048810
vt 0.600364 -1.049404
vt -44.138626 -1.069741
vt -44.195480 -1.069930
vt 0.463602 -1.048804
vt 0.399854 -1.048527
vt -32.954468 -5.545119
vt -27.882328 -4.451445
vt -27.682329 -4.451446
vt -27.682337 -4.435355
vt 0.920891 -4.192904
vt 1.120886 -4.176008
vt 0.920889 -4.175324
vt 29.628017 -6.762487
vt 29.427996 -6.762487
vt 29.427992 -6.776772
vt 69.663528 -0.789169
vt 69.463547 -0.789169
vt 69.463547 -0.970865
vt 31.676497 -5.186445
vt 31.476498 -5.200728
vt 31.676493 -5.201415
vt 0.313604 -4.435090
vt 0.513611 -4.421150
vt 0.313604 -4.421071
vt 0.363157 -2.708795
vt 0.363155 -2.724740
vt 1.149842 -5.284627
vt 1.349833 -5.267732
vt -36.375397 -6.049152
vt -36.175388 -6.049150
vt -36.175400 -6.033058
vt -41.177299 -6.960578
vt -41.377300 -6.960579
vt -41.377308 -6.977808
vt 2.828852 -4.091969
vt 3.028852 -4.077325
vt 2.828851 -4.075840
vt -50.957500 -1.942592
vt -50.819164 -1.941228
vt 94.374802 -2.712521
vt 94.374802 -2.696393
vt -68.119438 -5.732958
vt -68.319450 -5.732958
vt -68.319450 -5.750182
vt 135.947998 1.000258
vt 135.747971 1.000258
vt 135.747971 0.823574
vt 135.707932 -1.804549
vt 135.907883 -1.804548
vt 135.907883 -1.627877
vt 61.462410 -3.646304
vt 61.662422 -3.630909
vt 61.462410 -3.632363
vt -135.705444 -2.661466
vt -135.905411 -2.661466
vt -50.975998 -1.943667
vt -51.039101 -1.943473
vt -56.438442 -5.037948
vt -56.638432 -5.035875
vt -536436342784.000000 614165708800.000000
vt 183528554496.000000 -210121654272.000000
vt 192871481344.000000 -220818358272.000000
vt 192871481344.000000 -220818358272.000000
vt -45.365517 -1.378344
vt -45.565514 -1.378344
vt -52.750763 -2.265853
vt -52.733925 -2.264738
vt -52.533916 -2.264738
vt -45.350449 -1.377372
vt 46.541618 -1.212769
vt 46.341606 -1.228793
vt 46.541611 -1.227338
vt 77.784821 -0.000480
vt 77.984795 -0.000480
vt 77.984825 0.181214
vt 78.265457 -0.356924
vt 78.065453 -0.356924
vt 78.065453 -0.538624
vt -20.887749 -1.182563
vt -20.687752 -1.182563
vt -20.687752 -1.168544
vt -41.970650 -0.673937
vt -42.170643 -0.687810
vt -41.970650 -0.689883
vt -76.983276 -0.004403
vt -67.693771 -5.754037
vt -96.650078 -3.366203
vt -96.450058 -3.366203
vt -96.450073 -3.351565
vt 104.386856 -1.727897
vt 104.186852 -1.727898
vt 104.186806 -1.743922
vt -134.751556 0.999946
vt -134.951584 0.999946
vt -134.951523 0.823265
vt 53.679783 -6.119525
vt 53.879780 -6.119524
vt 53.879776 -6.104133
vt 126.681564 -4.780419
vt 126.481529 -4.796441
vt 126.681564 -4.794988
vt -4.094951 -0.623124
vt -3.955875 -0.621837
vt -8.758540 -3.052093
vt -4.062057 -0.622035
vt -4.125125 -0.622149
vt 64.620697 -6.194925
vt 64.820686 -6.178030
vt 64.620689 -6.177345
vt 64.138474 -4.381679
vt -31.254463 0.704084
vt -31.054453 0.704084
vt -31.054470 0.880755
vt -7.891851 -2.078661
vt -7.691861 -2.062571
vt -7.891850 -2.065846
vt -27.441994 -0.869234
vt -27.642004 -0.886382
vt -27.442001 -0.883107
vt -27.456842 -0.869819
vt -27.656853 -0.886967
vt -27.456846 -0.883692
vt 28.369669 -0.472613
vt 28.169670 -0.472613
vt 28.169668 -0.487184
vt 21.102390 -4.742678
vt 1755064.000000 2225096.000000
vt 783909888.000000 -2202086400.000000
vt -532940512.000000 -691545472.000000
vt -1769478.500000 -315027.562500
vt -667788.437500 -118879.179688
vt -636974.375000 -113392.750000
vt -636973.375000 -113392.398438
vt 51.714848 -4.921409
vt 51.914829 -4.904515
vt 51.714840 -4.903828
vt 51.330338 -3.470316
vt 51.530342 -3.470316
vt 51.530342 -3.453421
vt 58.838570 -3.360327
vt 58.638573 -3.374897
vt 58.838581 -3.377476
vt -85.820053 0.495160
vt -85.820061 0.671830
vt -85.819084 1.000053
vt -86.019058 1.000053
vt -86.019058 0.823381
vt -75.570061 -3.449742
vt -75.770065 -3.449743
vt -75.770065 -3.466891
vt 86.810852 -0.225368
vt 87.010841 -0.225368
vt 87.010841 -0.048693
vt 11352120.000000 2021206.750000
vt 4283801.500000 762734.500000
vt 4086095.250000 727534.250000
vt 4086096.000000 727534.437500
vt -2762860544.000000 -3754834944.000000
vt -21.720551 -7.110577
vt -75.874588 -3.835104
vt -76.074593 -3.852253
vt -75.874588 -3.848977
vt -75.919975 -3.836516
vt -76.119965 -3.853666
vt -75.919975 -3.850390
vt 76.325272 -2.743284
vt 76.125267 -2.743284
vt 76.125267 -2.757854
vt 36.945137 -8.499359
vt 36.745132 -8.499359
vt 36.745140 -8.513645
vt -36.389099 -6.049382
vt -36.189102 -6.049383
vt -36.189102 -6.033292
vt -44.195480 -1.049234
vt -98.430496 -4.109671
vt -98.230507 -4.095032
vt -98.430496 -4.095026
vt 136.721649 -0.007447
vt 136.921646 -0.007447
vt 136.921646 0.174258
vt -134.896622 -1.748347
vt -134.696579 -1.748346
vt -134.696579 -1.571663
vt -135.934387 -0.000823
vt -135.734360 -0.000823
vt -135.734375 0.180869
vt -136.147705 -0.758441
vt -136.347672 -0.758441
vt -136.347672 -0.940131
vt 104.365929 -1.728378
vt -79.681664 0.793462
vt -54.531605 -4.542967
vt -54.531612 -4.560192
vt -78.653854 -3.252662
vt -78.453835 -3.238023
vt -78.653854 -3.238018
vt 109.459160 -0.005960
vt 109.659157 -0.005960
vt 109.659180 0.175741
vt -103.346603 -1.147794
vt -103.146606 -1.147794
vt -103.146622 -0.971121
vt -108.665802 -0.000658
vt -108.465775 -0.000658
vt -108.465775 0.181045
vt -108.797073 -0.570701
vt -108.997070 -0.570701
vt -44.155205 -1.077756
vt -44.012062 -1.077281
vt 0.414941 0.999987
vt 0.414941 0.823311
vt 0.563348 -4.122697
vt 0.363351 -4.122697
vt 0.363350 -4.138434
vt 0.572719 -1.884043
vt 0.372718 -1.884043
vt 0.372716 -1.899988
vt 0.333859 -3.214425
vt 0.533858 -3.200485
vt 0.333859 -3.200407
vt 2.342864 -3.238394
vt 2.542861 -3.223750
vt 2.342862 -3.222264
vt -32.754459 -5.527888
vt -32.954464 -5.527888
vt 0.563159 -2.708794
vt 0.553910 -5.204795
vt 0.353915 -5.204795
vt 0.353914 -5.220533
vt 0.625363 0.999965
vt 0.425363 0.999965
vt 0.425363 0.823290
vt 0.391881 0.823365
vt 0.591881 0.823365
vt 0.591881 1.000041
vt 0.409629 0.823327
vt 0.609629 0.823327
vt 0.609629 1.000003
vt 0.574636 1.000011
vt 0.374636 1.000011
vt 0.374637 0.823335
vt 60.034775 -48.704609
vt 70.832298 -58.271049
vt 70.962868 -58.328968
vt 70.661873 -58.330589
vt 0.604629 -2.421841
vt 0.804629 -2.421840
vt 0.604546 -3.052089
vt 0.804546 -3.052088
vt -96.650078 -3.366203
vt -96.450058 -3.366203
vt -96.450073 -3.351565
vt -67.693771 -5.754037
vt -67.893768 -5.771259
vt -67.693771 -5.771266
vt -98.489716 -4.110576
vt -98.289719 -4.095937
vt -98.489716 -4.095932
vt -108.980873 -2.279805
vt -109.180870 -2.279805
vt -109.180870 -2.293678
vt 71.548515 -4.630034
vt 71.348495 -4.645007
vt 71.548508 -4.645772
vt 94.174812 -2.712521
vt 62.100014 -7.274942
vt 61.899994 -7.274942
vt 61.899998 -7.289914
vt 100.180199 -5.448595
vt 100.380211 -5.432466
vt 100.180199 -5.431700
vt 0.804500 -2.439546
vt 0.604675 -3.034204
vt -135.789520 -0.007742
vt -135.589523 -0.007742
vt -135.589523 0.173957
vt -56.638432 -5.051967
vt -55.768391 -2.245442
vt -38.162422 -3.181093
vt -38.362423 -3.198317
vt -38.162422 -3.198322
vt -54.719585 -1.836481
vt -54.519562 -1.836481
vt -54.519585 -1.821843
vt 38.436207 -0.103638
vt 38.236202 -0.103638
vt 38.236187 -0.119663
vt -48.705605 0.999980
vt -48.905605 0.999980
vt -48.905582 0.823305
vt 19.887024 -1.718492
vt 20.087021 -1.718492
vt 20.087021 -1.703099
vt 192871481344.000000 -220818358272.000000
vt -45.365517 -1.378344
vt -45.565514 -1.378344
vt -52.750763 -2.265853
vt -52.733925 -2.264738
vt -52.533916 -2.264738
vt -45.350449 -1.377372
vt 136.590805 -0.000844
vt 136.790787 -0.000844
vt 136.790802 0.180850
vt 137.287430 -0.765199
vt 137.087418 -0.765199
vt 137.087418 -0.946901
vt -57.836536 -4.644735
vt -57.636528 -4.644734
vt -57.636532 -4.630716
vt -116.215096 -3.297391
vt -116.415070 -3.311263
vt -116.215096 -3.313335
vt -8.901409 -3.069607
vt -8.758540 -3.068676
vt -4.121497 -0.636899
vt -3.979094 -0.637018
vt -4.088493 -0.635808
vt -4.145838 -0.635761
vt -8.894209 -3.056160
vt -8.951342 -3.056530
vt 32.052372 0.442298
vt 32.252365 0.442298
vt 32.252373 0.618976
vt -27.330978 -0.729286
vt -27.530968 -0.729286
vt -27.530979 -0.746434
vt -31.055494 1.000020
vt -31.255493 1.000020
vt -31.255493 0.823344
vt -8.506340 -2.305704
vt -8.306344 -2.289613
vt -8.506340 -2.292887
vt -33.723312 0.694666
vt -33.523315 0.694666
vt -33.523315 0.871341
vt -33.524128 1.000021
vt -33.724129 1.000021
vt -33.724129 0.823345
vt -29.505457 -0.851922
vt -29.705460 -0.851922
vt -29.705460 -0.869070
vt 34.525154 0.412122
vt 34.725159 0.412122
vt 34.725159 0.588796
vt 509023520.000000 660954560.000000
vt 36.945137 -8.499359
vt 36.745132 -8.499359
vt 36.745140 -8.513645
vt 76.325272 -2.743284
vt 76.125267 -2.743284
vt 76.125267 -2.757854
vt -75.919975 -3.836516
vt -76.119965 -3.853666
vt -75.919975 -3.850390
vt -75.874588 -3.835104
vt -76.074593 -3.852253
vt -75.874588 -3.848977
vt -21.720551 -7.110577
vt -21.520559 -7.094485
vt -21.720551 -7.097759
vt -86.020042 0.495160
vt 39.597710 -6.540583
vt 39.397724 -6.554872
vt 39.597717 -6.555556
vt 0.455059 -4.436387
vt 0.655049 -4.436387
vt 0.655050 -4.422448
vt 2.767754 -4.075707
vt -21.704847 -7.109503
vt -21.504845 -7.093412
vt -21.704847 -7.096688
vt -4.399770 -0.781294
vt -4.199766 -0.781294
vt -3.430469 -0.278325
vt -3.400363 -0.277279
vt -3.600361 -0.277279
vt -4.365599 -0.780186
vt -50.983810 -1.959154
vt -50.842354 -1.960264
vt -51.002247 -1.960228
vt -51.058910 -1.959785
vt 100.121239 -5.428964
vt -108.970169 -2.280605
vt -109.170151 -2.280604
vt -109.170151 -2.294478
vt -56.615971 -5.051311
vt -56.415966 -5.037293
vt -56.615971 -5.035221
vt 62.019108 -7.264976
vt 61.819107 -7.264974
vt 61.819092 -7.279948
vt -57.816200 -4.643963
vt -57.616196 -4.643964
vt -57.616196 -4.629946
vt -44.195465 -1.243823
vt 135.886688 1.000030
vt 135.686676 1.000030
vt 135.686646 0.823359
vt 53.648540 -6.118406
vt 53.848553 -6.118407
vt 53.848553 -6.103013
vt 126.709900 -4.781917
vt 126.509850 -4.797942
vt 126.709900 -4.796488
vt -134.682617 0.999791
vt -134.882614 0.999791
vt -134.882629 0.823112
vt -68.088371 -5.729888
vt -68.288345 -5.729888
vt -68.288353 -5.747111
vt 392304.031250 20555.177734
vt -25675276.000000 -33887124.000000
vt -2983187.000000 -4076293.000000
vt -8191067.000000 -10854368.000000
vt -7111753.000000 -9436416.000000
vt 51.421284 0.793403
vt 51.221291 0.793403
vt 43.864567 -0.093515
vt 43.814682 -0.093378
vt 44.014679 -0.093378
vt 51.373764 0.793405
vt -79.650475 0.793463
vt -79.850464 0.793463
vt -79.849884 -0.237651
vt -79.881042 -0.240162
vt -79.681061 -0.240162
vt -76.431168 1.415547
vt -76.631165 1.415547
vt -76.630989 0.701037
vt 104.345467 1.000023
vt 104.145454 1.000023
vt 104.145462 0.823352
vt 41.263805 -4.504675
vt 41.463806 -4.504676
vt 41.463806 -4.489281
vt 97.308327 -3.472770
vt 97.108345 -3.488796
vt 97.308311 -3.487341
vt -103.143616 0.999839
vt -103.343597 0.999839
vt -103.343628 0.823161
vt -54.331612 -4.542968
vt -0.471412 0.614284
vt 0.602815 0.614389
vt -0.676456 0.614583
vt 0.397806 0.614476
vt 0.537845 0.614410
vn 0.964927 -0.197989 0.172384
vn 0.965116 -0.197558 0.171818
vn 0.964855 -0.198131 0.172622
vn 1.000000 0.000023 0.000036
vn 1.000000 -0.000270 -0.000371
vn 0.982937 0.007310 -0.183798
vn 0.983706 0.007048 -0.179645
vn 0.997159 0.000483 -0.075319
vn 0.017139 -0.574094 0.818610
vn 0.964884 -0.199164 0.171270
vn 0.964884 -0.198434 0.172110
vn 0.964852 -0.198289 0.172459
vn 0.964862 -0.198291 0.172400
vn 0.964864 -0.198311 0.172364
vn 0.965318 -0.197279 0.171001
vn 0.964938 -0.198178 0.172108
vn 0.964921 -0.198240 0.172128
vn 0.964890 -0.198169 0.172383
vn 0.964858 -0.198333 0.172378
vn 0.964882 -0.198461 0.172090
vn 0.964878 -0.198328 0.172269
vn 0.999998 -0.001443 -0.001580
vn 1.000000 -0.000315 -0.000276
vn 1.000000 -0.000007 -0.000034
vn 1.000000 -0.000004 -0.000001
vn 0.999998 0.001145 -0.001410
vn 1.000000 0.000157 -0.000238
vn 1.000000 0.000111 -0.000216
vn 1.000000 0.000005 0.000068
vn 1.000000 0.000051 0.000015
vn 1.000000 -0.000266 -0.000300
vn 1.000000 -0.000016 -0.000055
vn 0.706646 -0.000010 0.707567
vn -0.970239 -0.159618 0.182095
vn 0.171808 -0.019607 -0.984935
vn 0.997590 0.032237 -0.061436
vn 0.985652 0.079810 -0.148730
vn -0.567918 0.516311 -0.641009
vn 0.997570 -0.014787 0.068089
vn 0.950160 0.059155 -0.306098
vn -0.000664 0.193700 -0.981061
vn -0.000441 0.478443 -0.878119
vn 0.000447 0.478440 -0.878120
vn -0.035812 0.577107 0.815883
vn 0.568261 0.501017 -0.652734
vn 0.982242 0.133797 0.131529
vn 0.967925 -0.155204 0.197567
vn 0.551536 -0.535228 -0.639797
vn 0.001109 -0.193697 0.981061
vn -0.000433 -0.193699 0.981061
vn -0.997501 -0.012391 0.069563
vn 0.577504 -0.577461 0.577086
vn -0.997605 0.034044 -0.060217
vn -0.985623 0.081776 -0.147849
vn 0.000390 -0.478444 0.878118
vn -0.000581 -0.478444 0.878118
vn 0.999999 0.000757 -0.000907
vn 0.985177 -0.021012 -0.170246
vn 0.999423 -0.014654 -0.030650
vn 0.998542 -0.018285 -0.050790
vn 0.985582 -0.020763 -0.167920
vn 0.997481 -0.016068 -0.069088
vn 0.997531 0.000164 -0.070230
vn 0.982355 0.012116 -0.186630
vn 0.997398 0.000489 -0.072084
vn 0.984152 0.011133 -0.176979
vn -0.171914 0.019628 0.984917
vn -0.706203 0.132493 0.695502
vn -0.171825 0.019651 0.984931
vn 1.000000 0.000003 -0.000021
vn 1.000000 0.000006 0.000003
vn 1.000000 0.000111 -0.000216
vn 1.000000 0.000008 0.000065
vn 1.000000 -0.000023 -0.000051
vn 1.000000 -0.000014 -0.000041
vn 1.000000 -0.000006 0.000000
vn 1.000000 0.000111 -0.000216
vn 1.000000 0.000013 0.000073
vn 1.000000 -0.000020 -0.000056
vn -0.970783 0.194655 0.140322
vn -0.706199 0.132429 0.695518
vn -0.864696 0.182585 -0.467936
vn -0.970741 0.194704 0.140541
vn 1.000000 -0.000207 0.000918
vn 0.707086 0.000010 0.707127
vn 1.000000 -0.000178 0.000919
vn 0.706164 -0.132421 -0.695555
vn 0.171834 -0.019652 -0.984930
vn -0.428233 0.100703 -0.898040
vn -0.428066 0.100674 -0.898122
vn -0.864442 0.182504 -0.468436
vn -0.707585 -0.000011 0.706629
vn -1.000000 0.000176 -0.000918
vn 0.593462 0.603858 0.532127
vn -0.593457 0.603843 0.532150
vn -0.590929 0.806724 0.000108
vn -0.590754 0.806852 0.000103
vn -1.000000 0.000217 -0.000923
vn -0.707117 0.000019 0.707096
vn 0.427905 -0.100645 0.898202
vn 0.864393 -0.182499 0.468528
vn 0.970779 -0.194655 -0.140344
vn 0.705955 -0.132438 -0.695764
vn 0.707342 -0.706871 -0.000788
vn -0.576929 -0.577476 0.577645
vn 0.577831 -0.576983 0.577236
vn -0.706984 -0.707229 0.001051
vn 0.706569 -0.707644 -0.000925
vn -0.577187 -0.577248 0.577616
vn -0.707821 -0.706391 0.000927
vn 0.593453 -0.603868 0.532125
vn -0.593477 -0.603835 0.532136
vn -0.000081 -1.000000 -0.000060
vn 0.000183 -1.000000 -0.000052
vn -0.951854 -0.306553 0.000079
vn -0.951796 -0.306733 0.000082
vn 0.590895 0.806749 -0.000013
vn 0.590967 0.806696 -0.000017
vn 0.951815 -0.306672 -0.000115
vn 0.951837 -0.306604 -0.000113
vn 1.000000 -0.000270 -0.000371
vn 0.999999 0.000757 -0.000907
vn 0.999999 0.000757 -0.000907
vn 1.000000 -0.000270 -0.000371
vn 1.000000 0.000023 0.000036
vn 1.000000 0.000023 0.000036
vn 0.997882 -0.000222 -0.065053
vn 0.624964 -0.366779 0.689125
vn 0.428110 -0.100682 0.898101
vn 0.964854 -0.198289 0.172445
vn 0.964852 -0.198338 0.172401
vn 0.964862 -0.198292 0.172397
vn 0.964861 -0.198315 0.172378
vn 0.999998 -0.001443 -0.001580
vn 1.000000 -0.000315 -0.000276
vn 0.999998 0.001145 -0.001410
vn 1.000000 0.000158 -0.000234
vn 1.000000 0.000048 0.000010
vn 1.000000 -0.000275 -0.000301
vn 1.000000 0.000070 0.000115
vn 0.999998 0.001394 -0.001555
vn 1.000000 0.000250 -0.000235
vn 0.999998 -0.001443 -0.001580
vn 1.000000 -0.000315 -0.000276
vn 1.000000 0.000074 0.000124
vn 1.000000 0.000028 0.000182
vn 1.000000 0.000266 -0.000290
vn 0.999998 0.001145 -0.001411
vn 1.000000 0.000162 -0.000252
vn 1.000000 -0.000017 -0.000054
vn 1.000000 0.000064 0.000012
vn 1.000000 -0.000256 -0.000289
vn 0.707086 0.000010 0.707127
vn 1.000000 -0.000178 0.000919
vn 0.985660 -0.156759 0.062452
vn -0.425270 0.392300 -0.815626
vn 0.787908 0.141913 -0.599218
vn 0.233402 0.343451 -0.909706
vn -0.590929 0.806724 0.000108
vn 0.449964 0.433886 0.780561
vn -0.449947 0.433887 0.780570
vn -0.707117 0.000019 0.707096
vn -1.000000 0.000217 -0.000923
vn -0.930277 0.238454 -0.278790
vn 0.864560 -0.182565 0.468195
vn -0.907922 -0.050566 0.416079
vn -0.232990 -0.343541 0.909778
vn 0.970727 -0.194701 -0.140643
vn 0.970712 -0.194697 -0.140756
vn 0.000183 -1.000000 -0.000052
vn -0.951854 -0.306553 0.000079
vn -0.951796 -0.306733 0.000082
vn 0.590895 0.806749 -0.000013
vn 0.951837 -0.306604 -0.000113
vn -0.449940 -0.433907 0.780563
vn 0.449960 -0.433895 0.780558
vn 0.707343 -0.706870 -0.000788
vn -0.576929 -0.577476 0.577645
vn 0.577831 -0.576983 0.577236
vn -0.706984 -0.707229 0.001051
vn 0.000234 -1.000000 -0.000051
vn -0.951848 -0.306571 0.000079
vn 0.590910 0.806738 -0.000013
vn 0.951816 -0.306671 -0.000115
vn 0.999323 -0.015129 -0.033535
vn 0.997338 -0.022131 -0.069483
vn -0.171918 0.019629 0.984916
vn 0.428187 -0.100698 0.898062
vn -0.171737 0.019631 0.984947
vn -0.706236 0.132500 0.695467
vn 1.000000 -0.000219 -0.000257
vn 0.999999 0.000858 -0.001126
vn 1.000000 -0.000181 0.000207
vn 1.000000 0.000022 0.000117
vn 1.000000 -0.000208 -0.000283
vn 0.999998 -0.001188 -0.001415
vn 1.000000 -0.000185 -0.000256
vn -0.970745 0.194705 0.140516
vn -0.706213 0.132432 0.695503
vn -0.864676 0.182582 -0.467973
vn 0.707086 0.000010 0.707127
vn 1.000000 -0.000178 0.000919
vn -0.428188 0.100695 -0.898062
vn 0.706126 -0.132413 -0.695595
vn 0.706172 -0.132423 -0.695547
vn 0.171844 -0.019655 -0.984928
vn 0.449964 0.433886 0.780561
vn 0.593462 0.603858 0.532127
vn -0.593457 0.603843 0.532150
vn -0.449947 0.433887 0.780570
vn -0.590754 0.806852 0.000103
vn -0.974270 -0.056198 -0.218265
vn -0.008312 -0.214465 -0.976696
vn -0.589158 0.808014 -0.002495
vn -0.974272 -0.056204 -0.218255
vn -0.008303 -0.214492 -0.976691
vn 0.449964 0.433886 0.780561
vn 0.593462 0.603858 0.532125
vn -0.593457 0.603843 0.532148
vn -0.449947 0.433887 0.780570
vn -0.590944 0.806713 0.000108
vn -0.590769 0.806840 0.000103
vn 0.705979 -0.132443 -0.695739
vn 0.970781 -0.194657 -0.140334
vn 0.864509 -0.182556 0.468293
vn 0.864386 -0.182499 0.468542
vn 0.427879 -0.100640 0.898215
vn -0.449940 -0.433907 0.780563
vn 0.449960 -0.433895 0.780558
vn 0.593453 -0.603868 0.532125
vn -0.593477 -0.603835 0.532136
vn -0.000081 -1.000000 -0.000060
vn 0.590967 0.806696 -0.000017
vn 0.951815 -0.306672 -0.000115
vn 0.707343 -0.706870 -0.000788
vn 0.577831 -0.576983 0.577236
vn 0.952740 -0.303786 0.000998
vn 0.984649 -0.159695 -0.070455
vn 0.539991 0.779457 0.317578
vn 0.589353 0.807872 -0.002426
vn -0.449940 -0.433908 0.780563
vn 0.449958 -0.433884 0.780566
vn 0.593428 -0.603870 0.532150
vn -0.593479 -0.603828 0.532142
vn -0.000079 -1.000000 -0.000060
vn -0.951775 -0.306798 0.000083
vn 0.590967 0.806695 -0.000017
vn 0.951831 -0.306624 -0.000114
vn 0.625024 -0.366768 0.689076
vn 0.000125 -0.999995 0.003076
vn 0.000126 -0.999995 0.003079
vn 0.000017 -0.999598 -0.028346
vn -0.970773 0.194654 0.140388
vn -0.591038 -0.806644 0.000034
vn -0.952582 -0.304280 0.000864
vn -0.546098 -0.797125 0.257621
vn -0.591072 -0.806619 0.000031
vn -0.557232 -0.191977 0.807860
vn -0.952582 -0.304279 0.000866
vn -0.949764 -0.312828 -0.009261
vn -0.864483 0.182513 -0.468358
vn -0.425302 0.392298 -0.815610
vn 0.233404 0.343451 -0.909706
vn 0.787906 0.141914 -0.599220
vn 0.985662 -0.156752 0.062435
vn -0.428048 0.100670 -0.898131
vn 0.171831 -0.019612 -0.984931
vn -0.707117 0.000019 0.707096
vn -1.000000 0.000217 -0.000923
vn -0.985556 -0.155526 -0.067014
vn -0.541887 0.776952 0.320475
vn -0.589160 0.808012 -0.002491
vn -0.951753 0.306866 0.000059
vn -0.001474 0.969548 -0.244898
vn -0.000074 1.000000 -0.000000
vn -0.985556 -0.155526 -0.067014
vn -0.541887 0.776952 0.320475
vn -0.951798 0.306725 0.000063
vn -0.977794 0.199122 -0.065338
vn -0.001446 0.969557 -0.244861
vn -0.000159 1.000000 0.000003
vn -0.542271 0.775834 0.322526
vn -0.593554 0.804483 0.022372
vn -0.985376 -0.156448 -0.067511
vn -0.974271 -0.056204 -0.218259
vn -0.008314 -0.214458 -0.976698
vn -0.232923 -0.343556 0.909789
vn -0.907923 -0.050564 0.416076
vn -0.930288 0.238444 -0.278762
vn -0.576929 -0.577476 0.577645
vn -0.706984 -0.707229 0.001051
vn 0.003360 -0.936277 -0.351247
vn 0.952740 -0.303786 0.000998
vn 0.984647 -0.159709 -0.070450
vn 0.539991 0.779457 0.317578
vn 0.589354 0.807871 -0.002423
vn 0.549130 -0.794035 0.260700
vn 0.978976 0.195420 -0.058461
vn 0.003345 -0.936262 -0.351286
vn 0.555384 -0.190032 0.809591
vn 0.969758 0.048004 -0.239300
vn 0.549147 -0.794025 0.260695
vn 0.978961 0.195500 -0.058436
vn 0.003354 -0.935023 -0.354571
vn 0.984463 -0.160620 -0.070947
vn 0.949982 -0.312176 -0.009021
vn 0.593796 0.804306 0.022322
vn 0.540385 0.778346 0.319627
vn 0.989537 0.007085 -0.144107
vn 0.990248 0.004111 -0.139252
vn 1.000000 0.000020 0.000002
vn 1.000000 0.000019 0.000010
vn 1.000000 -0.000001 0.000033
vn 1.000000 -0.000017 0.000043
vn -0.546084 -0.797132 0.257630
vn -0.549966 0.216971 0.806512
vn -0.557220 -0.192013 0.807860
vn -0.551660 -0.535152 0.639753
vn -0.568346 0.500979 0.652689
vn -0.549966 0.216971 0.806512
vn -0.551655 -0.535139 0.639768
vn -0.591038 -0.806644 0.000034
vn -0.546084 -0.797132 0.257630
vn -0.549967 0.216963 0.806513
vn -0.557218 -0.192021 0.807859
vn 0.587806 0.000028 -0.809002
vn 0.000028 0.000020 -1.000000
vn 0.013507 0.155758 -0.987703
vn -0.973668 0.056245 -0.220925
vn -0.977803 0.199083 -0.065327
vn 0.035513 0.577137 -0.815875
vn 0.013500 0.155797 -0.987697
vn -0.973667 0.056240 -0.220929
vn -0.982211 0.133890 -0.131666
vn 0.035553 0.577129 -0.815879
vn -0.001474 0.969548 -0.244898
vn -0.977803 0.199083 -0.065327
vn -0.000074 1.000000 -0.000000
vn -0.951753 0.306866 0.000059
vn -0.973667 0.056239 -0.220931
vn 0.013509 0.155766 -0.987702
vn 0.951049 0.000014 0.309039
vn 0.951019 0.000027 -0.309133
vn 0.555404 -0.190011 0.809582
vn 0.969758 0.047999 -0.239300
vn 0.980943 0.133819 -0.140865
vn 0.976578 -0.057778 -0.207260
vn 0.552183 0.220172 0.804125
vn 0.590818 -0.806805 -0.000040
vn 0.552922 -0.537513 0.636677
vn 0.951815 0.306673 -0.000065
vn -0.014961 -0.577201 -0.816465
vn 0.980975 0.133697 -0.140759
vn 0.976578 -0.057780 -0.207259
vn 0.552183 0.220172 0.804126
vn 0.970252 -0.159615 -0.182030
vn 0.567505 0.516316 0.641370
vn 0.590732 -0.806868 -0.000044
vn 0.552908 -0.537514 0.636687
vn 0.951815 0.306671 -0.000063
vn 0.555407 -0.190014 0.809579
vn 0.969758 0.048006 -0.239300
vn 0.976579 -0.057770 -0.207261
vn 0.552178 0.220171 0.804129
vn 0.978976 0.195420 -0.058461
vn 0.549130 -0.794035 0.260700
vn 0.000001 -0.000020 1.000000
vn 0.587819 -0.000001 0.808992
vn -0.587775 0.000032 0.809024
vn 0.000027 0.000019 1.000000
vn 0.008341 -0.214546 0.976678
vn 0.000207 -0.936437 0.350837
vn 0.000084 -0.999995 0.003079
vn 0.008345 -0.214489 0.976691
vn 0.000209 -0.936451 0.350799
vn 0.008347 -0.214538 0.976680
vn -0.568346 0.500979 0.652689
vn -0.951087 -0.000026 0.308923
vn -0.587737 -0.000028 0.809052
vn -0.951093 0.000020 -0.308903
vn -0.951078 0.000031 0.308951
vn -0.984411 -0.160915 0.071005
vn -0.591085 -0.806609 0.000030
vn -0.952618 -0.304168 0.000863
vn -0.969707 0.048174 0.239474
vn -0.984425 -0.160847 0.070966
vn -0.568346 0.500979 0.652689
vn -0.551660 -0.535152 0.639753
vn -0.986181 -0.151742 0.066498
vn -0.540739 0.778078 -0.319681
vn -0.000009 -0.000020 -1.000000
vn -0.587916 0.000001 -0.808922
vn -0.549266 -0.793971 -0.260609
vn -0.968636 -0.155828 -0.193551
vn -0.587759 0.000003 -0.809036
vn -0.950987 -0.000016 -0.309231
vn -0.982198 0.133907 -0.131742
vn -0.978933 0.195591 0.058593
vn 0.001060 0.969528 0.244978
vn -0.967566 -0.075224 -0.241159
vn -0.008496 -0.298328 -0.954426
vn -0.001452 0.969555 -0.244871
vn -0.541885 0.776956 0.320470
vn -0.589135 0.808031 -0.002494
vn -0.000117 1.000000 0.000001
vn -0.951780 0.306781 0.000061
vn -0.985546 -0.155578 -0.067043
vn -0.540810 0.778042 -0.319648
vn -0.549195 -0.794021 -0.260606
vn -0.555543 -0.189979 -0.809493
vn -0.968645 -0.155802 -0.193529
vn -0.978947 0.195531 0.058564
vn 0.001159 0.969535 0.244949
vn -0.536932 0.788641 -0.299581
vn -0.982198 0.133907 -0.131742
vn 0.035513 0.577137 -0.815875
vn -0.968636 -0.155828 -0.193551
vn 0.951075 -0.000020 0.308960
vn 0.587698 -0.000005 0.809081
vn -0.014962 -0.577220 -0.816452
vn 0.970241 -0.159632 -0.182072
vn 0.567505 0.516316 0.641370
vn 0.951025 -0.000032 -0.309114
vn 0.587700 -0.000032 -0.809079
vn 0.541902 0.776059 -0.322607
vn 0.984937 -0.159532 0.066695
vn 0.974255 -0.056160 0.218341
vn 0.589341 0.807880 -0.002424
vn 0.952757 -0.303731 0.001001
vn 0.539991 0.779457 0.317578
vn 0.984640 -0.159740 -0.070485
vn 0.003339 -0.936263 -0.351284
vn 0.541831 0.776114 -0.322594
vn 0.984945 -0.159494 0.066665
vn 0.546018 -0.797191 -0.257586
vn 0.977829 0.198973 0.065265
vn 0.974257 -0.056160 0.218335
vn 0.557124 -0.191998 -0.807929
vn -0.014962 -0.577220 -0.816452
vn 0.974256 -0.056167 0.218338
vn 0.970241 -0.159632 -0.182072
vn 0.567505 0.516316 0.641370
vn 0.552922 -0.537513 0.636677
vn 0.980943 0.133819 -0.140865
vn 0.951815 0.306673 -0.000065
vn 0.590818 -0.806805 -0.000040
vn 0.989003 0.002535 -0.147877
vn 0.988281 0.005810 -0.152538
vn 0.794484 -0.224817 0.564139
vn 0.017156 -0.574082 0.818618
vn 0.000049 -0.948334 0.317273
vn 1.000000 0.000020 0.000002
vn 1.000000 -0.000024 0.000066
vn 1.000000 0.000018 0.000015
vn 1.000000 -0.000006 0.000050
vn -0.970239 -0.159618 0.182095
vn -0.976600 -0.057768 0.207158
vn -0.969714 0.048174 0.239443
vn -0.562004 0.274171 0.780373
vn -0.545049 -0.132759 0.827826
vn -0.546098 -0.797125 0.257621
vn -0.970241 -0.159602 0.182096
vn -0.976604 -0.057776 0.207138
vn -0.976600 -0.057758 0.207161
vn -0.969715 0.048184 0.239439
vn 0.992885 0.043186 -0.110967
vn 0.587887 0.000028 -0.808943
vn -0.628723 0.287572 -0.722502
vn 0.587800 0.000028 -0.809006
vn 0.628812 0.286566 -0.722825
vn 0.000353 0.369174 -0.929360
vn -0.551863 0.220411 -0.804280
vn -0.555568 -0.189937 -0.809486
vn -0.552925 -0.537589 -0.636609
vn -0.980970 0.133619 0.140871
vn -0.013629 0.155817 0.987692
vn -0.035812 0.577106 0.815883
vn -0.977794 0.199122 -0.065337
vn -0.979935 0.045699 -0.194010
vn 0.013226 0.062965 -0.997928
vn -0.551866 0.220410 -0.804278
vn -0.567921 0.516322 -0.640997
vn -0.552967 -0.537531 -0.636622
vn -0.980979 0.133581 0.140840
vn -0.013619 0.155868 0.987684
vn -0.035761 0.577140 0.815862
vn -0.549266 -0.793971 -0.260609
vn -0.555571 -0.189938 -0.809484
vn -0.551861 0.220410 -0.804281
vn -0.013634 0.155823 0.987691
vn -0.978933 0.195591 0.058593
vn 0.001060 0.969528 0.244978
vn -0.992938 0.044573 -0.109947
vn -0.794366 -0.223632 0.564775
vn -0.000014 -0.369179 0.929358
vn 0.545961 -0.797220 -0.257617
vn 0.977789 0.199147 0.065333
vn 0.982242 0.133797 0.131529
vn 0.550282 0.216309 -0.806474
vn 0.973687 0.056206 0.220848
vn 0.557116 -0.192022 -0.807929
vn 0.551536 -0.535227 -0.639797
vn 0.978963 0.195488 -0.058444
vn 0.951815 0.306671 -0.000063
vn 0.590732 -0.806868 -0.000044
vn 0.549147 -0.794025 0.260695
vn 0.564069 0.277382 0.777744
vn 0.976494 0.037400 -0.212275
vn 0.970115 -0.076835 -0.230157
vn 0.543075 -0.130865 0.829424
vn 0.980965 0.133736 -0.140789
vn 0.552914 -0.537511 0.636685
vn 0.000234 -1.000000 -0.000051
vn 0.568261 0.501017 -0.652734
vn 0.982237 0.133795 0.131567
vn 0.550283 0.216310 -0.806472
vn 0.967925 -0.155203 0.197566
vn 0.973684 0.056198 0.220866
vn 0.551486 -0.535242 -0.639827
vn 0.973687 0.056198 0.220852
vn 0.986704 -0.150156 0.062194
vn 0.550282 0.216300 -0.806476
vn 0.557117 -0.192030 -0.807927
vn 0.545961 -0.797220 -0.257617
vn 0.538201 0.786683 -0.302440
vn 0.977789 0.199147 0.065333
vn -0.000006 -0.000020 1.000000
vn 0.587830 -0.000001 0.808985
vn 0.000036 0.000020 1.000000
vn 0.017139 -0.574094 0.818610
vn 0.000205 -0.936442 0.350821
vn 0.008322 -0.122899 0.992384
vn 0.017139 -0.574094 0.818610
vn -0.587744 -0.000028 0.809047
vn 0.707086 0.000010 0.707127
vn 1.000000 -0.000178 0.000919
vn -0.951087 -0.000026 0.308922
vn -0.568332 0.501014 0.652674
vn -0.984418 -0.160881 0.070987
vn -0.551655 -0.535139 0.639768
vn -0.970239 -0.159618 0.182095
vn 0.999868 0.005220 -0.015417
vn -0.587918 0.000001 -0.808920
vn -0.950987 -0.000016 -0.309231
vn 0.000275 0.369174 -0.929360
vn 0.974784 0.081619 -0.207689
vn -0.000353 0.369176 -0.929359
vn -0.000012 -0.000020 -1.000000
vn -0.567918 0.516311 -0.641009
vn -0.587761 0.000003 -0.809034
vn 0.000029 0.000020 -1.000000
vn -0.982211 0.133886 -0.131666
vn 0.035538 0.577130 -0.815878
vn -0.540781 0.778068 -0.319634
vn 0.001116 0.969536 0.244947
vn -0.968632 -0.155833 -0.193569
vn 0.449963 0.433896 0.780556
vn 0.593472 0.603861 0.532112
vn -0.593467 0.603846 0.532135
vn -0.449946 0.433897 0.780565
vn -0.590980 0.806686 0.000110
vn -0.590770 0.806840 0.000103
vn -0.567918 0.516311 -0.641009
vn -0.552925 -0.537589 -0.636609
vn 0.994973 0.053025 -0.084957
vn -0.000484 0.539785 -0.841802
vn 0.000564 0.539782 -0.841805
vn -0.980970 0.133619 0.140871
vn -0.035812 0.577107 0.815883
vn -0.999872 0.006678 -0.014540
vn 0.000329 -0.369176 0.929359
vn 0.587700 -0.000031 -0.809079
vn 0.951018 0.000027 -0.309137
vn -0.000426 -0.369177 0.929359
vn -0.974779 0.083150 -0.207103
vn 0.951025 -0.000032 -0.309115
vn 0.951076 -0.000020 0.308958
vn 0.951049 0.000014 0.309041
vn 0.587698 -0.000005 0.809081
vn 0.568261 0.501017 -0.652734
vn 0.967925 -0.155204 0.197567
vn 0.707342 -0.706871 -0.000788
vn 0.577831 -0.576983 0.577236
vn 0.567530 0.516326 0.641340
vn 0.980435 -0.044884 0.191657
vn 0.541877 0.776088 -0.322578
vn 0.984941 -0.159518 0.066677
vn 0.970244 -0.159630 -0.182056
vn -0.014975 -0.577204 -0.816463
vn -0.449942 -0.433888 0.780572
vn 0.593435 -0.603863 0.532150
vn -0.593459 -0.603831 0.532160
vn -0.000079 -1.000000 -0.000060
vn -0.951848 -0.306570 0.000080
vn -0.951780 -0.306780 0.000083
vn 0.590859 0.806775 -0.000012
vn 0.590967 0.806695 -0.000017
vn 0.951831 -0.306624 -0.000114
vn 0.951816 -0.306671 -0.000115
vn -0.994983 0.055022 -0.083549
vn -0.990448 0.075447 -0.115411
vn -0.000679 -0.539787 0.841801
vn 0.551536 -0.535228 -0.639797
vn 0.982242 0.133797 0.131529
vn 0.967925 -0.155204 0.197567
vn 0.568261 0.501017 -0.652734
vn 1.000000 -0.000270 -0.000371
vn 0.985149 0.008919 -0.171470
vn 0.986193 0.006577 -0.165468
vn 0.997530 0.000849 -0.070230
vn 0.982078 0.014193 -0.187940
vn 0.996893 0.001082 -0.078765
vn 0.983584 0.013232 -0.179963
vn 0.794414 -0.224850 0.564224
vn -0.587765 0.000032 0.809032
vn 1.000000 -0.000004 -0.000030
vn 1.000000 0.000007 -0.000014
vn 1.000000 0.000011 0.000005
vn 1.000000 0.000008 0.000064
vn 1.000000 -0.000001 0.000001
vn 0.999998 0.001145 -0.001410
vn 1.000000 0.000158 -0.000237
vn 1.000000 0.000111 -0.000216
vn 1.000000 0.000001 0.000069
vn 1.000000 0.000046 0.000015
vn 1.000000 -0.000018 -0.000054
vn -0.951073 0.000031 0.308966
vn -0.951094 0.000020 -0.308903
vn -0.982479 -0.046574 0.180461
vn -0.962590 0.066677 0.262632
vn 0.707086 0.000010 0.707127
vn 1.000000 -0.000178 0.000919
vn 0.707086 0.000010 0.707127
vn 1.000000 -0.000178 0.000919
vn -0.707117 0.000019 0.707096
vn -1.000000 0.000217 -0.000923
vn -0.628669 0.287589 -0.722543
vn 0.000407 0.369175 -0.929360
vn 0.628749 0.286584 -0.722872
vn 0.992874 0.043219 -0.111054
vn -0.013956 0.241375 0.970332
vn -0.549227 -0.794001 -0.260599
vn -0.568348 -0.247348 -0.784729
vn -0.540488 0.161432 -0.825719
vn -0.552965 -0.537540 -0.636617
vn -0.978950 0.195515 0.058567
vn -0.980979 0.133584 0.140839
vn -0.035776 0.577137 0.815863
vn -0.707117 0.000019 0.707096
vn -1.000000 0.000217 -0.000923
vn 0.999994 0.000477 -0.003584
vn 0.971695 0.080274 -0.222184
vn 0.000239 0.342819 -0.939402
vn -0.000338 0.342820 -0.939401
vn 0.990489 0.073243 -0.116483
vn -1.000000 0.000217 -0.000923
vn -0.707117 0.000019 0.707096
vn -0.000134 -0.369178 0.929359
vn -0.794358 -0.223636 0.564785
vn -0.992937 0.044575 -0.109952
vn -0.576929 -0.577476 0.577645
vn -0.706984 -0.707229 0.001051
vn 0.538575 0.157191 -0.827785
vn 0.977818 0.199024 0.065281
vn 0.545984 -0.797214 -0.257588
vn 0.551482 -0.535252 -0.639823
vn 0.569772 -0.249427 -0.783037
vn 0.966923 0.074632 0.243904
vn 0.449962 -0.433875 0.780568
vn 0.000311 -0.342820 0.939401
vn -0.000386 -0.342821 0.939401
vn -0.999994 0.001846 -0.002787
vn -0.971696 0.081698 -0.221660
vn 0.707342 -0.706871 -0.000788
vn -0.576929 -0.577476 0.577645
vn 0.577831 -0.576983 0.577236
vn -0.576929 -0.577476 0.577645
vn 0.707342 -0.706871 -0.000788
vn -0.706984 -0.707229 0.001051
vn 0.577831 -0.576983 0.577236
vn 0.000405 -0.539787 0.841801
vn 1.000000 0.000023 0.000036
vn 0.999999 0.000757 -0.000907
vn 1.000000 0.000023 0.000036
vn 1.000000 -0.000270 -0.000371
vn 1.000000 0.000026 0.000032
vn 0.999999 0.000757 -0.000907
vn 0.997914 0.000212 -0.064554
vn 0.983067 0.008188 -0.183065
vn 0.984166 0.007766 -0.177081
vn 0.997540 0.000242 -0.070100
vn 0.997487 0.000135 -0.070844
vn 0.017180 -0.574083 0.818617
vn 0.999998 -0.001443 -0.001580
vn 1.000000 -0.000315 -0.000276
vn 0.999998 0.001145 -0.001410
vn 1.000000 0.000159 -0.000232
vn 1.000000 0.000111 -0.000216
vn 1.000000 0.000047 0.000007
vn 1.000000 -0.000279 -0.000301
vn 1.000000 -0.000026 -0.000050
vn 0.999998 -0.001443 -0.001580
vn 1.000000 -0.000315 -0.000276
vn 1.000000 -0.000269 -0.000300
vn 0.999998 -0.001443 -0.001580
vn 1.000000 -0.000315 -0.000276
vn 1.000000 0.000019 -0.000000
vn 1.000000 0.000019 0.000030
vn 0.999998 0.001145 -0.001411
vn 1.000000 0.000157 -0.000237
vn 1.000000 0.000111 -0.000216
vn 1.000000 0.000005 0.000068
vn 1.000000 0.000051 0.000014
vn 1.000000 -0.000268 -0.000300
vn 1.000000 -0.000017 -0.000055
vn -0.970235 -0.159620 0.182116
vn 0.707086 0.000011 0.707128
vn 1.000000 -0.000240 0.000834
vn -0.590929 0.806724 0.000108
vn -0.590754 0.806852 0.000103
vn -0.567879 0.516350 -0.641011
vn -0.590980 0.806686 0.000110
vn -0.590770 0.806840 0.000103
vn -0.000081 -1.000000 -0.000060
vn 0.000183 -1.000000 -0.000052
vn -0.951854 -0.306553 0.000079
vn -0.951796 -0.306733 0.000082
vn 0.590895 0.806749 -0.000013
vn 0.590967 0.806696 -0.000017
vn 0.951815 -0.306672 -0.000115
vn 0.951837 -0.306604 -0.000113
vn 0.967949 -0.155152 0.197491
vn 0.568297 0.500993 -0.652721
vn 0.951823 -0.306648 -0.000114
vn 0.951816 -0.306671 -0.000115
vn 0.590859 0.806774 -0.000012
vn 0.590967 0.806695 -0.000017
vn -0.951840 -0.306594 0.000080
vn -0.951780 -0.306781 0.000083
vn -0.000080 -1.000000 -0.000061
vn 0.000233 -1.000000 -0.000051
vn 0.982239 0.133792 0.131551
vn -0.706983 -0.707229 0.001051
vn 0.707305 -0.706908 -0.000788
vn 0.577798 -0.577000 0.577252
vn 0.000002 0.000000 1.000000
vn 0.000089 0.000784 1.000000
vn 0.000143 0.000646 1.000000
vn 0.000220 0.000925 1.000000
vn 0.000002 0.000922 1.000000
vn 0.999999 0.000757 -0.000906
vn 0.997884 -0.000114 -0.065017
vn 0.707086 0.000010 0.707127
vn 1.000000 -0.000178 0.000919
vn 0.707214 0.000010 0.707000
vn 1.000000 -0.000178 0.000919
vn 0.117166 -0.227686 -0.966660
vn 0.449964 0.433886 0.780561
vn 0.593462 0.603858 0.532127
vn -0.593457 0.603843 0.532150
vn -0.449947 0.433887 0.780570
vn -0.707117 0.000019 0.707096
vn -1.000000 0.000217 -0.000923
vn 0.989763 -0.008703 0.142457
vn 0.922508 0.021807 -0.385360
vn -0.000218 0.057648 -0.998337
vn -0.000089 0.057647 -0.998337
vn -0.593457 0.603843 0.532149
vn 0.593462 0.603858 0.532126
vn 0.449964 0.433886 0.780561
vn -0.449947 0.433887 0.780570
vn -0.706990 0.000019 0.707224
vn -1.000000 0.000217 -0.000923
vn -0.974270 -0.056197 -0.218266
vn -0.008311 -0.214466 -0.976696
vn -1.000000 0.000286 -0.000839
vn -0.707117 0.000022 0.707097
vn -0.599324 0.799540 0.039328
vn -0.581720 0.812408 0.039945
vn -0.449940 -0.433907 0.780563
vn 0.449960 -0.433895 0.780558
vn 0.593453 -0.603868 0.532125
vn -0.593477 -0.603835 0.532136
vn 0.707343 -0.706870 -0.000788
vn -0.576929 -0.577476 0.577645
vn 0.577831 -0.576983 0.577236
vn -0.706984 -0.707229 0.001051
vn -0.989712 -0.007772 0.142860
vn -0.922570 0.022686 -0.385163
vn 0.000256 -0.057647 0.998337
vn -0.000201 -0.057648 0.998337
vn 0.593448 -0.603862 0.532137
vn -0.593459 -0.603834 0.532157
vn -0.449942 -0.433888 0.780573
vn 0.449963 -0.433881 0.780564
vn 0.707363 -0.706850 -0.000854
vn -0.577078 -0.577298 0.577676
vn 0.577684 -0.577164 0.577203
vn -0.707004 -0.707208 0.000992
vn 0.952740 -0.303786 0.000998
vn 0.984647 -0.159709 -0.070450
vn 0.539991 0.779457 0.317578
vn 0.589354 0.807871 -0.002423
vn -0.576963 -0.577458 0.577630
vn -0.707054 -0.707159 0.001051
vn 0.956857 -0.290201 -0.014447
vn 0.946375 -0.322673 -0.016026
vn 0.599415 0.799485 0.039051
vn 0.581871 0.812313 0.039675
vn -0.956910 -0.290048 -0.013996
vn -0.946325 -0.322839 -0.015604
vn -0.000035 -0.998801 -0.048960
vn 0.000134 -0.998802 -0.048942
vn 0.100586 0.286214 0.952871
vn 0.094629 0.274375 0.956955
vn 0.221359 0.350582 0.909996
vn 0.092947 0.258114 0.961633
vn 0.089155 0.251099 0.963847
vn 0.000000 0.000000 1.000000
vn 0.000000 0.000000 1.000000
vn 0.000002 0.000000 1.000000
vn -0.199222 -0.979880 -0.012100
vn 0.000125 -0.999995 0.003076
vn -0.730611 -0.673204 -0.114039
vn -0.979736 -0.109187 -0.167913
vn 0.707214 0.000010 0.707000
vn 1.000000 -0.000178 0.000919
vn -0.546084 -0.797132 0.257630
vn -0.591038 -0.806644 0.000034
vn -0.952582 -0.304280 0.000864
vn -0.970310 0.041659 -0.238249
vn -0.423531 0.875138 0.233997
vn -0.407439 0.908612 -0.091751
vn -0.913676 0.133783 -0.383795
vn -0.857321 0.489509 -0.159314
vn 0.233436 0.945559 -0.226771
vn 0.198838 0.979915 0.015151
vn 0.593463 0.603859 0.532124
vn -0.593458 0.603844 0.532147
vn -0.449948 0.433888 0.780569
vn -0.590945 0.806712 0.000105
vn -0.590769 0.806841 0.000099
vn -1.000000 0.000217 -0.000923
vn -0.706990 0.000019 0.707224
vn -0.542875 0.773758 0.326474
vn -0.586212 0.810149 -0.003763
vn -0.956531 -0.115704 -0.267695
vn -0.008511 -0.408281 -0.912817
vn -0.985556 -0.155526 -0.067014
vn -0.541887 0.776952 0.320475
vn -0.589160 0.808012 -0.002491
vn -0.951752 0.306866 0.000059
vn -0.977803 0.199083 -0.065327
vn -0.001474 0.969548 -0.244898
vn -0.000074 1.000000 -0.000000
vn -0.122466 -0.925075 -0.359497
vn 0.858644 -0.486778 0.160555
vn 0.930405 -0.353220 0.097893
vn 0.621391 0.662910 0.417641
vn 0.729626 0.674710 0.111407
vn 0.993466 -0.003840 0.114065
vn -0.449941 -0.433909 0.780562
vn 0.593429 -0.603871 0.532149
vn -0.593479 -0.603829 0.532140
vn -0.000080 -1.000000 -0.000058
vn 0.000235 -1.000000 -0.000049
vn -0.951847 -0.306572 0.000077
vn -0.951775 -0.306797 0.000081
vn 0.590909 0.806738 -0.000013
vn 0.590968 0.806695 -0.000016
vn 0.951831 -0.306624 -0.000110
vn 0.951816 -0.306670 -0.000111
vn 0.707363 -0.706850 -0.000854
vn -0.577078 -0.577298 0.577676
vn 0.577684 -0.577164 0.577203
vn -0.707004 -0.707208 0.000992
vn 0.954873 -0.297011 0.001606
vn 0.984096 -0.162395 -0.071987
vn 0.541277 0.776074 0.323619
vn 0.585782 0.810462 -0.003404
vn 0.003360 -0.936277 -0.351247
vn 0.555403 -0.190011 0.809582
vn 0.969758 0.047997 -0.239302
vn 0.549130 -0.794035 0.260700
vn 0.978976 0.195420 -0.058461
vn 0.058923 0.102177 0.993020
vn 0.266209 0.308853 0.913095
vn 0.257169 0.210041 0.943264
vn 0.249558 0.232153 0.940120
vn 0.258852 0.310333 0.914707
vn 0.089376 0.164554 0.982310
vn 0.210527 0.281638 0.936140
vn 0.238627 0.290708 0.926578
vn 0.094652 0.169509 0.980973
vn 0.094223 0.170010 0.980928
vn 0.257567 0.210722 0.943003
vn 0.091804 0.175189 0.980245
vn 0.226746 0.334162 0.914835
vn 0.217626 0.183876 0.958556
vn 0.232541 0.326422 0.916173
vn 0.225031 0.335773 0.914668
vn 0.000125 -0.999995 0.003076
vn -0.000135 -0.999988 0.004941
vn -0.729436 -0.667932 0.147613
vn -0.626199 0.337537 0.702811
vn -0.714621 -0.061748 0.696781
vn -0.748641 -0.402423 0.526871
vn -0.503257 -0.864137 0.000020
vn -0.591073 -0.806618 0.000037
vn -0.528276 -0.043877 0.847938
vn -0.954903 -0.296916 0.001299
vn -0.568346 0.500979 0.652689
vn -0.549967 0.216973 0.806510
vn -0.557220 -0.192010 0.807860
vn -0.551660 -0.535152 0.639753
vn -0.591038 -0.806644 0.000034
vn -0.952582 -0.304280 0.000864
vn 0.213800 0.130533 -0.968117
vn -0.890312 0.243926 -0.384507
vn -0.892722 0.387617 -0.229783
vn -0.974271 -0.056202 -0.218261
vn -0.008312 -0.214461 -0.976697
vn 0.449964 0.433887 0.780560
vn -0.985006 -0.158253 -0.068691
vn -0.987925 0.048311 -0.147205
vn -0.951798 0.306727 0.000063
vn -0.915921 0.372946 -0.148326
vn -0.001427 0.969562 -0.244844
vn -0.000176 1.000000 0.000001
vn 0.013505 0.155757 -0.987703
vn -0.973668 0.056247 -0.220923
vn -0.982198 0.133907 -0.131742
vn 0.035513 0.577137 -0.815875
vn -0.541887 0.776952 0.320475
vn -0.589160 0.808012 -0.002491
vn -0.951753 0.306866 0.000059
vn -0.985556 -0.155526 -0.067014
vn 0.358947 -0.280453 0.890226
vn 0.986356 -0.150039 -0.067751
vn 0.997289 -0.066123 0.032295
vn 0.966424 -0.254331 -0.036604
vn 0.438145 0.122099 0.890573
vn 0.409818 -0.907758 0.089581
vn 0.317398 -0.623837 0.714203
vn 0.327318 -0.881866 0.339376
vn 0.979332 0.111713 0.168607
vn 0.952740 -0.303786 0.000998
vn 0.589354 0.807871 -0.002423
vn 0.449958 -0.433884 0.780565
vn 0.003250 -0.932484 -0.361197
vn 0.526140 -0.042070 0.849357
vn 0.985361 0.039777 -0.165774
vn 0.503047 -0.864259 -0.000025
vn 0.943897 0.307719 -0.119866
vn 0.980943 0.133819 -0.140865
vn 0.976578 -0.057781 -0.207259
vn 0.552183 0.220173 0.804125
vn 0.970241 -0.159632 -0.182072
vn 0.567505 0.516316 0.641370
vn 0.590818 -0.806805 -0.000040
vn 0.552922 -0.537513 0.636677
vn 0.951815 0.306673 -0.000065
vn 0.539991 0.779457 0.317578
vn 0.984647 -0.159709 -0.070450
vn 0.003360 -0.936277 -0.351247
vn 0.000004 0.000000 1.000000
vn 0.000000 0.000004 1.000000
vn 0.000000 -0.707125 0.707088
vn 0.000000 0.000004 1.000000
vn 0.000000 -0.707080 0.707133
vn 0.000004 0.000004 1.000000
vn 0.000000 -0.707104 0.707110
vn 0.000000 -0.707104 0.707109
vn 0.000004 0.000004 1.000000
vn 0.044080 0.103030 0.993701
vn 0.058043 0.046507 0.997230
vn 0.031342 0.104342 0.994048
vn 0.038543 0.053785 0.997808
vn 0.030342 0.103322 0.994185
vn 0.049487 0.049998 0.997523
vn 0.040022 0.050341 0.997930
vn -0.202379 -0.192693 0.960163
vn -0.246465 -0.910761 0.331316
vn 0.008342 -0.214547 0.976678
vn 0.000207 -0.936437 0.350837
vn -0.560971 0.616520 0.552462
vn -0.993994 0.039005 -0.102243
vn -0.568194 0.501078 0.652745
vn -0.580123 0.353458 0.733843
vn -0.578096 -0.359791 0.732363
vn -0.969715 0.048171 0.239440
vn -0.984411 -0.160915 0.071005
vn -0.549968 0.216966 0.806512
vn -0.557219 -0.192018 0.807859
vn -0.546084 -0.797132 0.257630
vn -0.312234 0.863426 -0.396240
vn -0.932315 0.035789 -0.359872
vn -0.898411 0.323430 -0.297068
vn 0.289234 0.542488 -0.788702
vn -0.915791 0.386867 -0.107985
vn 0.151535 0.954672 0.256199
vn -0.973667 0.056242 -0.220930
vn -0.977803 0.199083 -0.065327
vn 0.013507 0.155763 -0.987702
vn -0.001474 0.969548 -0.244898
vn -0.968661 -0.155768 -0.193475
vn 0.013126 -0.086081 -0.996202
vn -0.895517 0.337898 -0.289611
vn 0.035566 0.577134 -0.815874
vn -0.540739 0.778078 -0.319681
vn -0.549266 -0.793971 -0.260609
vn -0.555567 -0.189937 -0.809487
vn -0.968636 -0.155828 -0.193551
vn -0.978934 0.195591 0.058593
vn 0.001060 0.969528 0.244978
vn -0.000074 1.000000 -0.000000
vn 0.011051 -0.578661 -0.815493
vn 0.935733 -0.352410 -0.014531
vn 0.539877 0.406038 0.737337
vn 0.732471 0.646751 -0.212604
vn 0.907144 -0.350417 0.233018
vn 0.891455 -0.243753 0.381959
vn 0.555405 -0.190013 0.809580
vn 0.969758 0.048003 -0.239300
vn 0.976578 -0.057774 -0.207261
vn 0.552179 0.220172 0.804128
vn 0.590818 -0.806805 -0.000040
vn 0.549130 -0.794035 0.260700
vn 0.978976 0.195420 -0.058461
vn 0.951815 0.306673 -0.000065
vn -0.015027 -0.577249 -0.816430
vn 0.671801 -0.364859 0.644640
vn 0.980978 0.133631 -0.140799
vn 0.959365 -0.117445 -0.256567
vn 0.581740 0.356988 0.730848
vn 0.970207 -0.159658 -0.182232
vn 0.567614 0.516346 0.641250
vn 0.590764 -0.806844 -0.000040
vn 0.951798 0.306726 -0.000062
vn -0.014962 -0.577220 -0.816452
vn 0.541902 0.776059 -0.322607
vn 0.984937 -0.159532 0.066695
vn 0.545961 -0.797220 -0.257617
vn 0.977789 0.199147 0.065333
vn 0.974255 -0.056158 0.218344
vn 0.000000 -1.000000 0.000000
vn 0.000000 -1.000000 0.000000
vn 0.000000 -1.000000 0.000000
vn 0.000000 -1.000000 0.000000
vn 0.000000 0.000000 1.000000
vn 0.000000 0.000000 1.000000
vn 0.000004 0.000000 1.000000
vn 0.020161 0.507967 0.861141
vn 0.031952 0.527629 0.848874
vn 0.026168 0.524198 0.851194
vn 0.026840 0.515421 0.856516
vn 0.008345 -0.214541 0.976679
vn 0.008513 -0.217496 0.976024
vn 0.000467 -0.931940 0.362613
vn 0.017139 -0.574094 0.818610
vn -0.989375 0.141076 0.035140
vn -0.967222 0.244248 0.069460
vn -0.969953 0.047657 0.238579
vn -0.983810 -0.163800 0.072715
vn -0.970239 -0.159618 0.182095
vn -0.976600 -0.057771 0.207161
vn -0.568346 0.500979 0.652689
vn -0.984411 -0.160915 0.071005
vn -0.551660 -0.535152 0.639753
vn -0.350646 0.309642 -0.883838
vn -0.643035 -0.674156 -0.363345
vn -0.434636 -0.091884 -0.895907
vn -0.530932 -0.429644 -0.730422
vn -0.944187 0.328196 -0.028241
vn -0.152118 0.174772 0.972787
vn -0.059809 0.588644 0.806177
vn -0.982198 0.133907 -0.131742
vn 0.035513 0.577137 -0.815875
vn -0.540739 0.778078 -0.319681
vn -0.541877 0.774313 -0.326815
vn -0.549375 -0.793893 -0.260619
vn -0.555069 -0.188067 -0.810265
vn -0.978954 0.195487 0.058599
vn 0.001148 0.969536 0.244947
vn -0.551864 0.220411 -0.804279
vn -0.567918 0.516311 -0.641009
vn -0.552925 -0.537589 -0.636609
vn -0.980970 0.133619 0.140871
vn -0.013628 0.155815 0.987692
vn -0.035812 0.577107 0.815883
vn -0.968636 -0.155828 -0.193551
vn 0.412493 -0.894624 -0.171752
vn 0.971791 0.002373 0.235831
vn 0.951752 -0.061143 0.300715
vn 0.712479 0.087066 -0.696271
vn 0.912710 -0.133647 0.386133
vn 0.638227 -0.314477 -0.702688
vn 0.535700 -0.646440 -0.543268
vn 0.980943 0.133819 -0.140865
vn 0.567505 0.516316 0.641370
vn 0.552922 -0.537513 0.636677
vn 0.541902 0.776059 -0.322607
vn 0.984937 -0.159532 0.066695
vn 0.974255 -0.056165 0.218340
vn 0.543347 0.772070 -0.329669
vn 0.984314 -0.162562 0.068555
vn 0.545836 -0.797297 -0.257644
vn 0.977830 0.198956 0.065310
vn 0.974042 -0.056614 0.219171
vn 0.973910 0.055729 0.219985
vn 0.556627 -0.190111 -0.808718
vn 0.568261 0.501017 -0.652734
vn 0.982241 0.133797 0.131529
vn 0.550282 0.216311 -0.806474
vn 0.967925 -0.155204 0.197567
vn 0.973688 0.056208 0.220845
vn 0.557117 -0.192019 -0.807929
vn 0.551536 -0.535227 -0.639797
vn 0.970241 -0.159632 -0.182072
vn -0.014962 -0.577220 -0.816452
vn -0.238243 -0.549913 0.800522
vn 0.000207 -0.936437 0.350837
vn 0.017457 -0.574219 0.818516
vn 0.964858 -0.198277 0.172437
vn 0.964864 -0.198279 0.172400
vn 0.964860 -0.198298 0.172404
vn -0.999172 0.039502 0.009771
vn -0.970175 -0.159694 0.182369
vn -0.976358 -0.058204 0.208174
vn 0.707086 0.000010 0.707127
vn 1.000000 -0.000178 0.000919
vn -0.976600 -0.057762 0.207160
vn -0.969715 0.048181 0.239440
vn 0.968418 -0.193492 0.157247
vn 0.233370 0.343459 -0.909711
vn 0.992455 -0.117397 -0.035369
vn 0.232761 0.343587 -0.909819
vn -0.335302 0.606001 -0.721343
vn -0.551863 0.220410 -0.804280
vn -0.549266 -0.793971 -0.260609
vn -0.555570 -0.189938 -0.809485
vn -0.552925 -0.537589 -0.636609
vn -0.013633 0.155820 0.987691
vn 0.000498 0.193696 -0.981061
vn -0.552442 0.222047 -0.803432
vn -0.567869 0.516323 -0.641043
vn -0.552925 -0.537586 -0.636612
vn -0.980990 0.133502 0.140839
vn -0.013686 0.152910 0.988145
vn -0.035675 0.577143 0.815864
vn -0.707117 0.000019 0.707096
vn -1.000000 0.000217 -0.000923
vn 0.999953 -0.003720 0.008907
vn 0.968303 0.078183 -0.237229
vn 0.000199 0.315651 -0.948875
vn -0.000310 0.315653 -0.948875
vn -0.978933 0.195591 0.058593
vn 0.001060 0.969528 0.244978
vn -0.980970 0.133619 0.140871
vn -0.960914 0.204555 -0.186551
vn -0.232607 -0.343617 0.909847
vn -0.233564 -0.343424 0.909675
vn -0.888454 0.270703 -0.370634
vn 0.760115 0.365331 -0.537362
vn 0.869110 -0.340183 0.359059
vn 0.545961 -0.797220 -0.257617
vn 0.977789 0.199147 0.065333
vn 0.550282 0.216303 -0.806476
vn 0.973687 0.056201 0.220850
vn 0.557118 -0.192026 -0.807927
vn -0.950343 0.061512 -0.305065
vn 0.568069 0.501186 -0.652772
vn 0.982234 0.133761 0.131624
vn 0.550429 0.218570 -0.805763
vn 0.967976 -0.155050 0.197438
vn 0.551532 -0.535231 -0.639797
vn 0.000300 -0.315653 0.948875
vn -0.000355 -0.315653 0.948875
vn -0.999951 -0.002448 0.009631
vn -0.968306 0.079499 -0.236778
vn 0.707342 -0.706871 -0.000788
vn -0.576929 -0.577476 0.577645
vn 0.577831 -0.576983 0.577236
vn -0.706984 -0.707229 0.001051
vn -0.590980 0.806686 0.000110
vn -0.590770 0.806840 0.000103
vn 0.951823 -0.306648 -0.000114
vn 0.951816 -0.306671 -0.000115
vn 0.590859 0.806774 -0.000012
vn 0.590967 0.806695 -0.000017
vn -0.951840 -0.306594 0.000080
vn -0.951780 -0.306781 0.000083
vn -0.000080 -1.000000 -0.000061
vn 0.000233 -1.000000 -0.000051
vn -0.468025 0.724484 0.506040
vn 0.466374 0.709861 0.527819
vn 0.456795 0.595421 0.660917
vn -0.405691 0.624017 0.667846
vn 0.700983 -0.458395 0.546348
vn -0.698443 -0.488666 0.522860
vn -0.434324 -0.248656 0.865756
vn 0.453470 -0.239798 0.858406
vn 0.004516 0.530989 0.847367
vn 0.045974 0.530441 0.846474
vn 0.031553 0.535123 0.844185
vn 0.018182 0.535524 0.844324
g fff0af14_00426_00dbbbee_e9
f 901/2373/901 900/2372/900 899/2371/899
f 898/2370/898 1056/2133/1056 1055/2132/1055
f 750/1888/750 749/1887/749 981/2846/981
f 980/2845/980 748/1886/748 747/1885/747
f 821/2131/821 750/1888/750 747/1884/747
f 750/1888/750 821/2131/821 746/1883/746
f 749/1887/749 750/1888/750 820/2130/820
f 746/1883/746 820/2130/820 750/1888/750
f 819/2129/819 747/1885/747 748/1886/748
f 747/1885/747 819/2129/819 821/2128/821
f 818/2127/818 897/2613/897 817/2126/817
f 1054/2125/1054 900/2372/900 901/2373/901
f 979/2612/979 978/2844/978 977/2611/977
f 1056/2124/1056 816/2369/816 1053/2123/1053
f 901/2373/901 899/2371/899 896/2368/896
f 1054/2125/1054 901/2373/901 1055/2132/1055
f 895/2610/895 894/2609/894 979/2608/979
f 817/2126/817 815/2367/815 893/2607/893
f 899/2366/899 892/2606/892 893/2605/893
f 901/2373/901 896/2368/896 898/2370/898
f 815/2365/815 891/2604/891 814/2364/814
f 890/2363/890 815/2365/815 814/2364/814
f 1056/2124/1056 898/2362/898 816/2369/816
f 816/2369/816 898/2362/898 889/2361/889
f 896/2368/896 890/2603/890 888/2360/888
f 901/2373/901 898/2370/898 1055/2132/1055
f 889/2361/889 898/2362/898 888/2359/888
f 889/2361/889 888/2359/888 887/2358/887
f 892/2606/892 818/2127/818 817/2126/817
f 896/2368/896 888/2360/888 898/2370/898
f 887/2358/887 888/2359/888 890/2363/890
f 887/2358/887 890/2363/890 814/2364/814
f 896/2368/896 893/2607/893 890/2603/890
f 893/2607/893 815/2367/815 890/2603/890
f 893/2605/893 892/2606/892 817/2126/817
f 893/2602/893 896/2368/896 899/2371/899
f 897/2613/897 894/2609/894 817/2126/817
f 886/2601/886 976/2600/976 975/2599/975
f 895/2610/895 817/2126/817 894/2609/894
f 815/2367/815 817/2126/817 895/2610/895
f 895/2598/895 979/2612/979 977/2611/977
f 979/2612/979 981/2846/981 978/2844/978
f 895/2598/895 977/2611/977 891/2604/891
f 815/2365/815 895/2598/895 891/2604/891
f 897/2613/897 886/2601/886 975/2599/975
f 897/2613/897 975/2599/975 894/2609/894
f 981/2843/981 980/2845/980 747/1885/747
f 979/2608/979 894/2609/894 975/2599/975
f 976/2600/976 980/2845/980 975/2599/975
f 976/2600/976 748/1886/748 980/2845/980
f 981/2843/981 975/2599/975 980/2845/980
f 979/2608/979 975/2599/975 981/2843/981
f 981/2846/981 749/1887/749 978/2844/978
f 981/2846/981 747/1884/747 750/1888/750
f 974/1882/974 973/1884/973 972/1888/972
f 973/1885/973 974/1881/974 971/1880/971
f 972/1888/972 970/1887/970 974/1882/974
f 969/1879/969 974/1882/974 970/1887/970
f 971/1880/971 968/1886/968 973/1885/973
f 968/1886/968 971/1880/971 967/1878/967
f 971/1880/971 1052/2122/1052 1051/2121/1051
f 1051/2121/1051 967/1878/967 971/1880/971
f 1050/2120/1050 966/2119/966 974/1882/974
f 974/1882/974 969/1879/969 1050/2120/1050
f 974/1881/974 966/2118/966 1052/2122/1052
f 1052/2122/1052 971/1880/971 974/1881/974
f 1049/2842/1049 972/1888/972 973/1884/973
f 972/1888/972 1049/2842/1049 1048/2841/1048
f 970/1887/970 972/1888/972 1048/2841/1048
f 1048/2841/1048 1047/2840/1047 970/1887/970
f 1046/2839/1046 1049/2838/1049 968/1886/968
f 973/1885/973 968/1886/968 1049/2838/1049
f 1053/2123/1053 1206/3979/1206 1056/2124/1056
f 1206/3979/1206 1053/2123/1053 1203/3978/1203
f 1055/2132/1055 1205/3981/1205 1054/2125/1054
f 1204/3980/1204 1054/2125/1054 1205/3981/1205
f 1206/3982/1206 1055/2132/1055 1056/2133/1056
f 1055/2132/1055 1206/3982/1206 1205/3981/1205
g fff0af14_00426_00dbbbee_e4
f 699/1275/699 687/235/687 686/234/686
f 699/1275/699 686/234/686 619/1272/619
f 617/2680/617 618/2429/618 685/233/685
f 138/2710/138 126/1640/126 73/2709/73
f 24/1026/24 25/1027/25 5/3526/5
f 30/118/30 57/3525/57 4/3524/4
f 30/118/30 4/3524/4 29/117/29
f 713/3661/713 751/3523/751 684/3522/684
f 713/3661/713 684/3522/684 712/3662/712
f 151/1813/151 125/3521/125 78/2049/78
f 75/791/75 76/792/76 124/3520/124
f 151/1813/151 123/3519/123 125/3521/125
f 616/1017/616 620/773/620 607/2616/607
f 625/3596/625 683/2615/683 682/2614/682
f 625/3596/625 682/2614/682 624/3595/624
f 138/2710/138 122/1639/122 126/1640/126
f 70/50/70 71/3777/71 121/1638/121
f 1124/522/1124 1125/278/1125 3/2136/3
f 18/283/18 2/2135/2 1/2134/1
f 18/283/18 1/2134/1 1126/282/1126
g fff0af14_00426_00dbbbee_e7
f 613/239/613 612/238/612 611/237/611
f 692/236/692 612/238/612 613/239/613
f 66/1644/66 65/1643/65 64/1642/64
f 127/1641/127 65/1643/65 66/1644/66
f 63/3302/63 8/3301/8 7/3300/7
f 7/3300/7 8/3301/8 6/3299/6
f 752/3298/752 691/3297/691 690/3296/690
f 690/3296/690 691/3297/691 689/3295/689
f 186/3533/186 62/3532/62 61/3531/61
f 60/3530/60 59/3529/59 185/3528/185
f 60/3530/60 62/3532/62 186/3533/186
f 60/3530/60 185/3528/185 62/3532/62
f 61/3531/61 62/3532/62 58/3527/58
f 688/2620/688 610/2619/610 310/2/310
f 609/2618/609 448/945/448 608/2617/608
f 310/2/310 610/2619/610 309/1/309
f 447/944/447 310/2/310 309/1/309
f 609/2618/609 447/944/447 448/945/448
f 448/945/448 447/944/447 309/1/309
g fff0af14_00426_00dbbbee_e6
f 387/3571/387 442/3570/442 282/3569/282
f 541/3568/541 464/3567/464 376/3566/376
f 604/3565/604 520/3564/520 490/3563/490
f 533/3349/533 605/3562/605 521/3561/521
f 533/3348/533 376/3347/376 440/3346/440
f 252/3345/252 451/3344/451 521/3343/521
f 605/3342/605 533/3341/533 440/3340/440
f 806/772/806 807/771/807 812/770/812
f 812/769/812 813/768/813 806/767/806
f 681/2822/681 602/3056/602 565/3055/565
f 520/3339/520 440/3338/440 376/3337/376
f 376/3336/376 490/3335/490 520/3334/520
f 565/3059/565 655/3058/655 681/3057/681
f 442/47/442 387/277/387 364/276/364
f 442/46/442 308/45/308 282/44/282
f 324/43/324 325/42/325 361/41/361
f 361/40/361 364/39/364 324/38/324
f 443/37/443 388/36/388 366/35/366
f 443/34/443 361/33/361 325/32/325
f 323/3776/323 322/3775/322 446/3774/446
f 446/3773/446 366/3772/366 323/3771/323
f 322/3770/322 487/3769/487 524/3768/524
f 524/3767/524 446/3766/446 322/3765/322
f 387/3764/387 324/3763/324 364/3762/364
f 490/3120/490 376/3119/376 464/3118/464
f 464/3117/464 465/3116/465 490/3115/490
f 306/3114/306 305/3113/305 304/3112/304
f 304/3111/304 252/3110/252 306/3109/306
f 521/3108/521 306/3107/306 252/3106/252
f 533/2898/533 541/2897/541 376/3105/376
f 541/2896/541 533/2895/533 389/2894/389
f 533/2893/533 521/2892/521 451/2891/451
f 388/3560/388 323/3559/323 366/3761/366
f 533/2890/533 451/2889/451 389/2888/389
f 284/2887/284 260/2886/260 252/2885/252
f 252/2677/252 304/2884/304 284/2883/284
f 568/2676/568 569/2675/569 465/2674/465
f 260/2673/260 389/2672/389 451/2671/451
f 388/3558/388 443/3557/443 325/3556/325
f 451/2670/451 252/2669/252 260/2668/260
f 569/2667/569 490/2666/490 465/2665/465
f 680/2104/680 657/2102/657 677/3284/677
f 241/1628/241 242/1629/242 217/3692/217
f 241/1628/241 217/3692/217 220/3452/220
f 245/1016/245 181/1015/181 248/1014/248
f 248/1013/248 184/1012/184 245/1011/245
f 162/2806/162 179/2820/179 153/1625/153
f 179/1625/179 162/1626/162 178/2806/178
f 175/1628/175 176/1629/176 160/3692/160
f 175/1628/175 160/3692/160 161/3452/161
f 113/1016/113 114/1015/114 119/1014/119
f 119/1013/119 120/1012/120 113/1011/113
f 1151/2806/1151 1183/2820/1183 1130/1625/1130
f 1183/1625/1183 1151/1626/1151 1182/2806/1182
f 1090/1010/1090 1089/1009/1089 991/1251/991
f 985/1250/985 823/1249/823 830/1248/830
f 830/1247/830 992/1246/992 985/1245/985
f 1088/1244/1088 1090/1243/1090 991/1242/991
f 823/1241/823 881/1240/881 849/1239/849
f 849/1238/849 830/1237/830 823/1236/823
f 1060/1481/1060 985/1480/985 992/1479/992
f 1060/1478/1060 1042/1477/1042 985/1476/985
f 1065/1475/1065 1060/1474/1060 992/1473/992
f 1060/1472/1060 1065/1471/1065 984/1470/984
f 1042/1469/1042 800/1468/800 823/1467/823
f 881/1466/881 823/1724/823 800/1723/800
f 800/1722/800 801/1721/801 881/1720/881
f 1066/1719/1066 991/1718/991 1089/1717/1089
f 1089/1716/1089 984/1715/984 1066/1714/1066
f 984/1713/984 1089/1712/1089 1116/1711/1116
f 1116/1710/1116 1045/1709/1045 984/1952/984
f 1115/1951/1115 1060/1950/1060 1045/1949/1045
f 823/1948/823 985/1947/985 1042/1946/1042
f 1060/1945/1060 984/1944/984 1045/1943/1045
f 1060/1942/1060 1115/1941/1115 1042/1940/1042
f 1113/1939/1113 1116/1938/1116 1089/1937/1089
f 1065/2186/1065 1066/2185/1066 984/2184/984
f 912/2183/912 959/2182/959 850/2181/850
f 915/2180/915 961/2179/961 914/2178/914
f 915/2177/915 828/2176/828 884/2175/884
f 912/2174/912 913/2173/913 957/2172/957
f 1043/2171/1043 960/2428/960 829/2427/829
f 829/2426/829 1011/2425/1011 1043/2424/1043
f 960/2423/960 884/2422/884 828/2421/828
f 828/2420/828 829/2419/829 960/2418/960
f 961/2417/961 882/2416/882 914/2415/914
f 961/2414/961 915/2413/915 884/2664/884
f 882/2663/882 957/2662/957 913/2661/913
f 913/2660/913 914/2659/914 882/2658/882
f 959/2657/959 802/2656/802 850/2655/850
f 959/2654/959 912/2653/912 957/2652/957
f 1153/2568/1153 1154/2567/1154 1177/2566/1177
f 1177/2571/1177 1178/2570/1178 1153/2569/1153
f 772/2325/772 798/2555/798 755/3042/755
f 798/3042/798 772/3043/772 797/2325/797
f 649/446/649 676/228/676 631/3038/631
f 676/3038/676 649/3039/649 675/446/675
f 486/2651/486 485/2650/485 385/2649/385
f 375/2882/375 251/2881/251 259/2880/259
f 259/2879/259 386/2878/386 375/2877/375
f 484/2876/484 486/2875/486 385/2874/385
f 251/2873/251 299/2872/299 276/2871/276
f 276/2870/276 259/2869/259 251/2868/251
f 450/2867/450 375/3104/375 386/3103/386
f 450/3102/450 434/3101/434 375/3100/375
f 462/3099/462 450/3098/450 386/3097/386
f 450/3096/450 462/3095/462 374/3094/374
f 434/3093/434 237/3092/237 251/3091/251
f 299/3090/299 251/3089/251 237/3333/237
f 237/3332/237 238/3331/238 299/3330/299
f 463/3329/463 385/3328/385 485/3327/485
f 485/3326/485 374/3325/374 463/3324/463
f 374/3323/374 485/3322/485 518/3321/518
f 518/3320/518 437/3319/437 374/3318/374
f 517/3555/517 450/3554/450 437/3553/437
f 251/3552/251 375/3551/375 434/3550/434
f 450/3549/450 374/3548/374 437/3547/437
f 450/3546/450 517/3545/517 434/3544/434
f 515/3543/515 518/3542/518 485/3541/485
f 462/3540/462 463/3760/463 374/3759/374
f 319/3758/319 357/3757/357 277/3756/277
f 321/3755/321 359/3754/359 258/3753/258
f 321/3752/321 256/3751/256 302/3750/302
f 319/3749/319 320/3748/320 355/3747/355
f 435/3746/435 358/3745/358 257/31/257
f 257/30/257 409/29/409 435/28/435
f 358/27/358 302/26/302 256/25/256
f 256/24/256 257/23/257 358/22/358
f 359/21/359 300/20/300 258/19/258
f 359/18/359 321/17/321 302/16/302
f 300/3442/300 355/3441/355 320/3440/320
f 320/3439/320 258/3438/258 300/3437/300
f 357/275/357 239/274/239 277/273/277
f 357/272/357 319/271/319 355/270/355
f 590/705/590 669/706/669 557/3880/557
f 590/705/590 557/3880/557 560/3663/560
f 651/232/651 652/231/652 670/230/670
f 670/3964/670 671/3963/671 651/3962/651
f 593/2777/593 513/2776/513 598/2775/598
f 598/2774/598 599/2773/599 593/2772/593
f 92/1852/92 52/1611/52 33/699/33
f 52/699/52 92/700/92 109/1852/109
f 1201/2079/1201 1202/2080/1202 1197/1814/1197
f 1201/2079/1201 1197/1814/1197 1198/1815/1198
f 1150/269/1150 1149/268/1149 1063/267/1063
f 1059/266/1059 903/265/903 911/264/911
f 911/263/911 1064/262/1064 1059/261/1059
f 1148/260/1148 1150/521/1150 1063/520/1063
f 903/519/903 950/518/950 924/517/924
f 924/516/924 911/515/911 903/514/903
f 1123/513/1123 1059/512/1059 1064/511/1064
f 1123/510/1123 1106/509/1106 1059/508/1059
f 1128/507/1128 1123/506/1123 1064/766/1064
f 1123/765/1123 1128/764/1128 1058/763/1058
f 1106/762/1106 877/761/877 903/760/903
f 950/759/950 903/758/903 877/757/877
f 877/756/877 878/755/878 950/754/950
f 1129/753/1129 1063/752/1063 1149/751/1149
f 1149/1008/1149 1058/1007/1058 1129/1006/1129
f 1058/1005/1058 1149/1004/1149 1110/1003/1110
f 1110/1002/1110 1109/1001/1109 1058/1000/1058
f 1175/999/1175 1123/998/1123 1109/997/1109
f 903/996/903 1059/995/1059 1106/994/1106
f 1123/993/1123 1058/1235/1058 1109/1234/1109
f 1123/1233/1123 1175/1232/1175 1106/1231/1106
f 1173/1230/1173 1110/1229/1110 1149/1228/1149
f 1128/1227/1128 1129/1226/1129 1058/1225/1058
f 988/1224/988 1037/1223/1037 845/1222/845
f 990/1221/990 1032/1220/1032 910/1465/910
f 988/1464/988 989/1463/989 1035/1462/1035
f 1107/1461/1107 1038/1460/1038 909/1459/909
f 909/1458/909 1081/1457/1081 1107/1456/1107
f 1038/1455/1038 953/1454/953 908/1453/908
f 908/1452/908 909/1451/909 1038/1450/1038
f 1032/1708/1032 951/1707/951 910/1706/910
f 951/1705/951 1035/1704/1035 989/1703/989
f 989/1702/989 910/1701/910 951/1700/951
f 1037/1699/1037 879/1698/879 845/1697/845
f 1037/1696/1037 988/1695/988 1035/1694/1035
f 39/1615/39 40/1614/40 49/1613/49
f 49/1618/49 50/1617/50 39/1616/39
f 844/2325/844 875/2555/875 826/3042/826
f 875/3042/875 844/3043/844 874/2325/874
f 734/2983/734 735/2982/735 740/2981/740
f 740/2986/740 741/2985/741 734/2984/734
f 790/2565/790 791/2564/791 764/2563/764
f 764/2562/764 765/2561/765 790/2560/790
f 794/2079/794 770/1814/770 771/1815/771
f 794/2079/794 795/2080/795 770/1814/770
f 584/1693/584 538/1936/538 507/1935/507
f 584/1934/584 430/1933/430 403/1932/403
f 459/2036/459 460/2035/460 510/2034/510
f 510/2290/510 507/2289/507 459/2288/459
f 512/1931/512 540/1930/540 506/1929/506
f 512/1928/512 510/1927/510 460/1926/460
f 461/1925/461 383/1924/383 505/1923/505
f 505/1922/505 506/1921/506 461/2170/461
f 383/2169/383 642/2168/642 665/2167/665
f 665/2166/665 505/2165/505 383/2164/383
f 538/2163/538 459/2162/459 507/2161/507
f 540/2160/540 461/2159/461 506/2158/506
f 540/2157/540 512/2156/512 460/2155/460
f 538/2412/538 584/2411/584 403/2410/403
f 716/2409/716 629/2408/629 532/2407/532
f 742/2406/742 668/2405/668 641/2404/641
f 693/2403/693 732/2402/732 587/2401/587
f 693/2400/693 532/2399/532 585/2398/585
f 373/2397/373 531/2648/531 587/2647/587
f 732/2646/732 693/2645/693 585/2644/585
f 668/2643/668 585/2642/585 532/2641/532
f 532/2640/532 641/2639/641 668/2638/668
f 641/2637/641 532/2636/532 629/2635/629
f 629/2634/629 630/2633/630 641/2866/641
f 429/2865/429 431/2864/431 432/2863/432
f 432/2862/432 373/2861/373 429/2860/429
f 587/2859/587 429/2858/429 373/2857/373
f 693/2856/693 716/2855/716 532/2854/532
f 716/2853/716 693/2852/693 539/2851/539
f 693/3088/693 587/3087/587 531/3086/531
f 693/3085/693 531/3084/531 539/3083/539
f 407/3082/407 384/3081/384 373/3080/373
f 373/3079/373 432/3078/432 407/3077/407
f 647/3076/647 648/3075/648 630/3074/630
f 384/3073/384 539/3317/539 531/3316/531
f 531/3315/531 373/3314/373 384/3313/384
f 648/3312/648 641/3311/641 630/3310/630
f 862/3947/862 949/3948/949 923/1562/923
f 862/3947/862 923/1562/923 840/1565/840
f 865/992/865 866/991/866 871/990/871
f 871/989/871 872/988/872 865/987/865
f 762/1369/762 786/1149/786 753/215/753
f 786/215/786 762/216/762 785/1369/785
f 780/3947/780 781/3948/781 758/1562/758
f 780/3947/780 758/1562/758 761/1565/761
f 724/992/724 725/991/725 730/990/730
f 730/989/730 731/988/731 724/987/724
f 635/1369/635 583/1149/583 535/215/535
f 583/215/583 635/216/635 661/1369/661
f 477/986/477 476/985/476 458/984/458
f 372/983/372 250/982/250 255/981/255
f 255/980/255 382/1219/382 372/1218/372
f 475/1217/475 477/1216/477 458/1215/458
f 250/1214/250 292/1213/292 270/1212/270
f 270/1211/270 255/1210/255 250/1209/250
f 530/1208/530 372/1207/372 382/1206/382
f 530/1205/530 426/1204/426 372/1449/372
f 456/1448/456 530/1447/530 382/1446/382
f 530/1445/530 456/1444/456 371/1443/371
f 426/1442/426 293/1441/293 250/1440/250
f 292/1439/292 250/1438/250 293/1437/293
f 293/1436/293 294/1435/294 292/1434/292
f 457/1692/457 627/1691/627 615/1690/615
f 476/1689/476 370/505/370 369/504/369
f 371/1688/371 529/1433/529 528/1432/528
f 500/1687/500 418/750/418 368/749/368
f 581/1686/581 530/1685/530 427/1684/427
f 250/1683/250 372/1920/372 426/1919/426
f 530/1918/530 371/1917/371 427/1916/427
f 530/1915/530 581/1914/581 426/1913/426
f 498/1912/498 500/1911/500 476/1910/476
f 456/1909/456 457/1908/457 371/1907/371
f 377/1906/377 422/1905/422 271/2154/271
f 318/2153/318 350/2152/350 317/2151/317
f 318/2150/318 315/2149/315 297/2148/297
f 377/2147/377 316/2146/316 348/2145/348
f 496/2144/496 349/2143/349 254/2142/254
f 254/2141/254 393/2140/393 496/2139/496
f 349/2396/349 297/2395/297 315/2394/315
f 315/2393/315 254/2392/254 349/2391/349
f 350/2390/350 344/2389/344 317/2388/317
f 350/2387/350 318/2386/318 297/2385/297
f 344/2384/344 419/259/419 367/258/367
f 316/2383/316 534/1203/534 527/1202/527
f 422/2632/422 295/2631/295 271/2630/271
f 422/2629/422 377/2628/377 348/2627/348
f 542/1151/542 466/979/466 449/978/449
f 571/912/571 658/1682/658 614/1681/614
f 268/455/268 236/194/236 201/3020/201
f 236/3020/236 268/3021/268 290/455/290
f 228/3246/228 229/3247/229 207/590/207
f 228/3246/228 207/590/207 210/593/210
f 232/15/232 170/14/170 234/13/234
f 234/12/234 174/11/174 232/10/232
f 99/455/99 106/194/106 85/3020/85
f 106/3020/106 99/3021/99 105/455/105
f 44/9/44 1143/8/1143 1133/7/1133
f 1122/6/1122 902/5/902 917/4/917
f 917/3/917 1068/257/1068 1122/256/1122
f 1159/255/1159 44/254/44 1133/253/1133
f 902/252/902 965/251/965 937/250/937
f 937/249/937 917/248/917 902/247/902
f 9/246/9 1122/245/1122 1068/244/1068
f 9/243/9 1103/242/1103 1122/503/1122
f 34/502/34 9/501/9 1068/500/1068
f 9/499/9 34/498/34 1057/497/1057
f 1103/496/1103 947/495/947 902/494/902
f 965/493/965 902/492/902 947/491/947
f 947/490/947 964/489/964 965/488/965
f 1132/748/1132 1133/747/1133 1143/746/1143
f 1143/745/1143 1057/744/1057 1132/743/1132
f 1057/742/1057 1143/741/1143 1169/740/1169
f 1169/739/1169 1104/738/1104 1057/737/1057
f 47/736/47 9/735/9 1104/734/1104
f 902/733/902 1122/977/1122 1103/976/1103
f 9/975/9 1057/974/1057 1104/973/1104
f 9/972/9 47/971/47 1103/970/1103
f 46/969/46 1169/968/1169 1143/967/1143
f 34/966/34 1132/965/1132 1057/964/1057
f 1067/963/1067 1100/962/1100 934/1201/934
f 1069/1200/1069 1101/1199/1101 994/1198/994
f 1069/1197/1069 995/1196/995 1028/1195/1028
f 1067/1194/1067 993/1193/993 1026/1192/1026
f 1166/1191/1166 1027/1190/1027 916/1189/916
f 916/1188/916 1140/1187/1140 1166/1186/1166
f 1027/1431/1027 1028/1430/1028 995/1429/995
f 995/1428/995 916/1427/916 1027/1426/1027
f 1101/1425/1101 1023/1424/1023 994/1423/994
f 1101/1422/1101 1069/1421/1069 1028/1420/1028
f 1023/1419/1023 1026/1418/1026 993/1417/993
f 993/1416/993 994/1680/994 1023/1679/1023
f 1100/1678/1100 963/1677/963 934/1676/934
f 1100/1675/1100 1067/1674/1067 1026/1673/1026
f 36/198/36 37/197/37 55/196/55
f 55/3930/55 56/200/56 36/199/36
f 777/3284/777 745/3060/745 717/2104/717
f 745/2104/745 777/2102/777 804/3284/804
f 657/3284/657 680/3060/680 633/2104/633
f 1076/487/1076 1075/486/1075 1062/485/1062
f 983/484/983 822/483/822 825/482/825
f 825/481/825 987/480/987 983/479/983
f 1074/478/1074 1076/477/1076 1062/476/1062
f 822/475/822 856/732/856 831/731/831
f 831/730/831 825/729/825 822/728/822
f 1121/727/1121 983/726/983 987/725/987
f 1121/724/1121 1021/723/1021 983/722/983
f 1127/721/1127 1121/720/1121 987/719/987
f 1121/718/1121 1127/717/1127 982/961/982
f 1021/960/1021 857/959/857 822/958/822
f 856/957/856 822/956/822 857/955/857
f 857/954/857 858/953/858 856/952/856
f 1061/951/1061 198/3072/198 190/3309/190
f 1075/950/1075 69/2382/69 68/2381/68
f 982/1185/982 189/3308/189 188/3307/188
f 1096/1184/1096 165/2626/165 129/2625/129
f 1165/1183/1165 1121/1182/1121 1022/1181/1022
f 822/1180/822 983/1179/983 1021/1178/1021
f 1121/1177/1121 982/1176/982 1022/1175/1022
f 1121/1174/1121 1165/1415/1165 1021/1414/1021
f 1094/1413/1094 1096/1412/1096 1075/1411/1075
f 1127/1410/1127 1061/1409/1061 982/1408/982
f 986/1407/986 1019/1406/1019 832/1405/832
f 907/1404/907 944/1403/944 906/1402/906
f 907/1401/907 904/1400/904 945/1672/945
f 986/1671/986 905/1670/905 942/1669/942
f 1092/1668/1092 943/1667/943 824/1666/824
f 824/1665/824 1071/1664/1071 1092/1663/1092
f 943/1662/943 945/1661/945 904/1660/904
f 904/1659/904 824/1658/824 943/1657/943
f 944/1904/944 938/1903/938 906/1902/906
f 944/1901/944 907/1900/907 945/1899/945
f 938/1898/938 100/2380/100 67/2379/67
f 905/1897/905 199/3539/199 187/3538/187
f 1019/1896/1019 859/1895/859 832/1894/832
f 1019/1893/1019 986/2138/986 942/2137/942
f 1134/909/1134 155/2850/155 128/3071/128
f 1161/658/1161 287/3537/287 249/3536/249
f 100/2380/100 227/3535/227 67/2379/67
f 187/3534/187 942/1892/942 905/1891/905
f 67/2378/67 81/2377/81 938/1890/938
f 81/2377/81 906/1889/906 938/1890/938
f 69/2382/69 189/3306/189 68/2381/68
f 190/3305/190 982/949/982 1061/948/1061
f 68/2376/68 83/2624/83 1075/947/1075
f 83/2624/83 1062/946/1062 1075/947/1075
f 165/2626/165 225/3304/225 129/2625/129
f 188/3303/188 1022/1173/1022 982/1172/982
f 129/2623/129 69/2849/69 1096/1171/1096
f 69/2849/69 1075/1170/1075 1096/1171/1096
f 128/2848/128 167/2847/167 1134/896/1134
f 167/2847/167 1162/895/1162 1134/896/1134
f 155/2850/155 265/3744/265 128/3071/128
f 249/3743/249 1136/898/1136 1161/897/1161
f 198/3072/198 83/2624/83 190/3309/190
f 190/3309/190 83/2624/83 68/2376/68
f 189/3306/189 982/949/982 190/3305/190
f 189/3306/189 190/3305/190 68/2381/68
f 189/3308/189 69/2849/69 188/3307/188
f 188/3307/188 69/2849/69 129/2623/129
f 225/3304/225 1022/1173/1022 188/3303/188
f 225/3304/225 188/3303/188 129/2625/129
f 227/3535/227 187/3534/187 67/2379/67
f 227/3535/227 942/1892/942 187/3534/187
f 187/3538/187 199/3539/199 67/2378/67
f 199/3539/199 81/2377/81 67/2378/67
f 287/3537/287 167/2847/167 249/3536/249
f 249/3536/249 167/2847/167 128/2848/128
f 265/3744/265 1136/898/1136 249/3743/249
f 265/3744/265 249/3743/249 128/3071/128
f 419/259/419 579/1169/579 367/258/367
f 527/1168/527 348/2375/348 316/2374/316
f 367/241/367 379/240/379 344/2622/344
f 379/240/379 317/2621/317 344/2622/344
f 370/505/370 529/1656/529 369/504/369
f 615/1655/615 371/1654/371 457/1653/457
f 369/474/369 381/473/381 476/1652/476
f 381/473/381 458/1651/458 476/1652/476
f 418/750/418 577/1399/577 368/749/368
f 528/1398/528 427/1650/427 371/1649/371
f 368/716/368 370/715/370 500/1648/500
f 370/715/370 476/1647/476 500/1648/500
f 449/714/449 495/713/495 542/1123/542
f 495/713/495 574/1122/574 542/1123/542
f 466/979/466 640/1646/640 449/978/449
f 614/1645/614 546/1125/546 571/1124/571
f 579/1169/579 527/1168/527 367/258/367
f 579/1169/579 348/2375/348 527/1168/527
f 527/1202/527 534/1203/534 367/241/367
f 534/1203/534 379/240/379 367/241/367
f 529/1433/529 370/715/370 528/1432/528
f 528/1432/528 370/715/370 368/716/368
f 577/1399/577 427/1650/427 528/1398/528
f 577/1399/577 528/1398/528 368/749/368
f 627/1691/627 381/473/381 615/1690/615
f 615/1690/615 381/473/381 369/474/369
f 529/1656/529 371/1654/371 615/1655/615
f 529/1656/529 615/1655/615 369/504/369
f 658/1682/658 495/713/495 614/1681/614
f 614/1681/614 495/713/495 449/714/449
f 640/1646/640 546/1125/546 614/1645/614
f 640/1646/640 614/1645/614 449/978/449
f 1187/2983/1187 1188/2982/1188 1193/2981/1193
f 1193/2986/1193 1194/2985/1194 1187/2984/1187
g fff0af14_00426_00dbbbee_e3
f 79/2078/79 152/2077/152 151/1813/151
f 79/2078/79 151/1813/151 78/2049/78
f 197/531/197 196/530/196 195/3373/195
f 150/3376/150 197/531/197 195/3373/195
f 77/529/77 149/528/149 148/527/148
f 77/529/77 79/2078/79 149/528/149
f 79/2078/79 78/2049/78 149/528/149
f 147/526/147 146/3374/146 145/525/145
f 149/528/149 76/792/76 75/791/75
f 149/528/149 78/2049/78 76/792/76
f 79/2078/79 144/790/144 152/2077/152
f 144/790/144 143/789/143 152/2077/152
f 150/3376/150 195/3373/195 194/3375/194
f 150/3376/150 194/3375/194 146/3374/146
f 194/3375/194 193/788/193 146/3374/146
f 194/3375/194 192/787/192 193/788/193
f 142/786/142 147/526/147 141/785/141
f 142/786/142 150/3376/150 147/526/147
f 150/3376/150 146/3374/146 147/526/147
f 140/784/140 145/525/145 191/783/191
f 147/526/147 145/525/145 140/784/140
f 715/439/715 714/707/714 713/3661/713
f 715/439/715 713/3661/713 712/3662/712
f 711/782/711 710/781/710 709/780/709
f 711/782/711 715/439/715 710/781/710
f 715/439/715 712/3662/712 710/781/710
f 710/781/710 708/779/708 707/778/707
f 710/781/710 712/3662/712 708/779/708
f 715/439/715 706/777/706 714/707/714
f 706/777/706 705/1031/705 714/707/714
f 32/3829/32 31/116/31 30/118/30
f 32/3829/32 30/118/30 29/117/29
f 28/1030/28 27/1029/27 26/1028/26
f 28/1030/28 32/3829/32 27/1029/27
f 32/3829/32 29/117/29 27/1029/27
f 27/1029/27 25/1027/25 24/1026/24
f 27/1029/27 29/117/29 25/1027/25
f 32/3829/32 23/1025/23 31/116/31
f 23/1025/23 22/1024/22 31/116/31
f 626/3597/626 704/3594/704 314/54/314
f 455/1023/455 625/3596/625 624/3595/624
f 623/776/623 622/775/622 621/774/621
f 623/776/623 626/3597/626 622/775/622
f 626/3597/626 313/53/313 622/775/622
f 622/775/622 312/52/312 311/51/311
f 454/1022/454 624/3595/624 620/773/620
f 626/3597/626 703/1021/703 704/3594/704
f 703/1021/703 702/1020/702 704/3594/704
f 74/2712/74 139/2711/139 138/2710/138
f 74/2712/74 138/2710/138 73/2709/73
f 72/3780/72 137/3779/137 136/3778/136
f 72/3780/72 74/2712/74 137/3779/137
f 74/2712/74 73/2709/73 137/3779/137
f 137/3779/137 71/3777/71 70/50/70
f 137/3779/137 73/2709/73 71/3777/71
f 74/2712/74 135/49/135 139/2711/139
f 135/49/135 134/48/134 139/2711/139
f 701/1277/701 700/1276/700 699/1275/699
f 701/1277/701 699/1275/699 619/1272/619
f 698/2432/698 697/2431/697 696/2430/696
f 698/2432/698 701/1277/701 697/2431/697
f 701/1277/701 619/1272/619 697/2431/697
f 697/2431/697 618/2429/618 617/2680/617
f 697/2431/697 619/1272/619 618/2429/618
f 701/1277/701 695/2679/695 700/1276/700
f 695/2679/695 694/2678/694 700/1276/700
f 21/285/21 20/284/20 19/2190/19
f 133/3124/133 18/283/18 1126/282/1126
f 17/281/17 16/280/16 15/279/15
f 17/281/17 21/285/21 16/280/16
f 21/285/21 14/2189/14 16/280/16
f 16/280/16 13/2188/13 12/2187/12
f 132/3123/132 1126/282/1126 1125/278/1125
f 21/285/21 11/524/11 20/284/20
f 11/524/11 10/523/10 20/284/20
f 21/285/21 19/2190/19 14/2189/14
f 19/2190/19 131/3122/131 14/2189/14
f 14/2189/14 13/2188/13 16/280/16
f 14/2189/14 133/3124/133 13/2188/13
f 13/2188/13 132/3123/132 12/2187/12
f 130/3121/130 1125/278/1125 1124/522/1124
f 131/3122/131 133/3124/133 14/2189/14
f 131/3122/131 18/283/18 133/3124/133
f 133/3124/133 132/3123/132 13/2188/13
f 133/3124/133 1126/282/1126 132/3123/132
f 132/3123/132 130/3121/130 12/2187/12
f 132/3123/132 1125/278/1125 130/3121/130
f 626/3597/626 314/54/314 313/53/313
f 314/54/314 453/1019/453 313/53/313
f 313/53/313 312/52/312 622/775/622
f 313/53/313 455/1023/455 312/52/312
f 312/52/312 454/1022/454 311/51/311
f 452/1018/452 620/773/620 616/1017/616
f 453/1019/453 455/1023/455 313/53/313
f 453/1019/453 625/3596/625 455/1023/455
f 455/1023/455 454/1022/454 312/52/312
f 455/1023/455 624/3595/624 454/1022/454
f 454/1022/454 452/1018/452 311/51/311
f 454/1022/454 620/773/620 452/1018/452
g fff0af14_00426_00dbbbee_e1
f 325/3291/325 324/3290/324 285/3289/285
f 465/1516/465 464/1515/464 489/1514/489
f 489/1513/489 488/1512/488 465/1511/465
f 810/581/810 811/580/811 778/821/778
f 778/579/778 779/578/779 810/577/810
f 680/1277/680 678/1276/678 634/1275/634
f 389/1510/389 260/1509/260 283/1508/283
f 415/1274/415 388/1273/388 340/1507/340
f 745/1277/745 744/1276/744 718/1275/718
f 745/1277/745 718/1275/718 717/1272/717
f 680/1277/680 634/1275/634 633/1272/633
f 388/2464/388 415/2463/415 323/2462/323
f 388/2461/388 325/2460/325 340/2459/340
f 106/2712/106 104/2711/104 86/2710/86
f 260/2458/260 284/2457/284 282/2456/282
f 106/2712/106 86/2710/86 85/2709/85
f 1069/3847/1069 1077/3846/1077 995/3845/995
f 282/2455/282 283/2454/283 260/2453/260
f 568/2222/568 564/2221/564 491/2220/491
f 568/2219/568 465/2218/465 488/2217/488
f 337/2216/337 339/2215/339 322/2214/322
f 1069/3844/1069 994/3843/994 1002/3842/1002
f 917/3841/917 937/3840/937 934/3839/934
f 934/3838/934 935/3837/935 917/3836/917
f 564/2213/564 487/2212/487 491/2211/491
f 541/2210/541 389/2209/389 414/2208/414
f 541/1984/541 563/1983/563 464/2207/464
f 563/1982/563 541/1981/541 414/1980/414
f 415/1979/415 337/1978/337 323/1977/323
f 1159/3635/1159 1142/3634/1142 1157/3633/1157
f 1159/3632/1159 1133/3631/1133 1141/3630/1141
f 1003/3629/1003 936/3628/936 916/3627/916
f 387/1976/387 417/1975/417 324/1974/324
f 1142/3626/1142 1140/3625/1140 1157/3624/1157
f 387/1973/387 282/1972/282 284/1971/284
f 563/1757/563 489/1970/489 464/1969/464
f 34/3623/34 1068/3622/1068 1079/3621/1079
f 34/3397/34 38/3396/38 1132/3620/1132
f 38/3395/38 34/3394/34 1079/3393/1079
f 487/1756/487 322/1755/322 339/1754/339
f 339/1753/339 491/1752/491 487/1751/487
f 564/1750/564 568/1749/568 488/1748/488
f 1077/3392/1077 1003/3391/1003 995/3390/995
f 1067/3389/1067 1091/3388/1091 993/3387/993
f 283/1747/283 414/1746/414 389/1745/389
f 322/1744/322 323/1743/323 337/1742/337
f 417/1506/417 285/1505/285 324/1504/324
f 417/1503/417 387/1502/387 284/1501/284
f 285/3288/285 340/3287/340 325/3286/325
f 1067/3386/1067 934/3385/934 937/3384/937
f 221/3835/221 222/3834/222 182/3833/182
f 182/3832/182 246/3831/246 221/3830/221
f 243/1629/243 218/3692/218 217/3692/217
f 217/3692/217 242/1629/242 243/1629/243
f 179/3829/179 154/118/154 153/117/153
f 179/3829/179 177/116/177 154/118/154
f 96/3835/96 97/3834/97 115/3833/115
f 115/3832/115 116/3831/116 96/3830/96
f 111/1629/111 94/3692/94 160/3692/160
f 160/3692/160 176/1629/176 111/1629/111
f 932/115/932 915/114/915 931/113/931
f 992/112/992 830/111/830 851/110/851
f 1085/109/1085 1012/108/1012 991/107/991
f 991/106/991 1066/105/1066 1085/104/1085
f 914/3050/914 913/3049/913 774/3048/774
f 774/3053/774 931/3052/931 914/3051/914
f 1013/103/1013 912/345/912 849/344/849
f 1013/343/1013 774/342/774 913/341/913
f 829/340/829 828/339/828 853/338/853
f 851/337/851 1010/336/1010 992/335/992
f 1087/334/1087 1088/333/1088 1012/332/1012
f 852/331/852 1014/330/1014 1011/576/1011
f 1011/575/1011 829/574/829 852/573/852
f 1086/572/1086 1085/571/1085 1066/570/1066
f 912/569/912 850/568/850 849/567/849
f 912/566/912 1013/565/1013 913/564/913
f 932/563/932 853/562/853 828/561/828
f 1086/820/1086 1065/819/1065 1010/818/1010
f 1065/817/1065 1086/816/1086 1066/815/1066
f 1065/814/1065 992/813/992 1010/812/1010
f 1087/811/1087 1011/810/1011 1014/809/1014
f 853/808/853 852/807/852 829/806/829
f 1088/805/1088 991/1047/991 1012/1046/1012
f 1088/1045/1088 1087/1044/1087 1014/1043/1014
f 850/1042/850 851/1041/851 830/1040/830
f 830/1039/830 849/1038/849 850/1037/850
f 915/1036/915 914/1035/914 931/1034/931
f 915/1033/915 932/1032/932 828/1271/828
f 1183/3829/1183 1131/118/1131 1130/117/1130
f 1183/3829/1183 1181/116/1181 1131/118/1131
f 798/2078/798 756/1813/756 755/2049/755
f 798/2078/798 796/2077/796 756/1813/756
f 334/1270/334 321/1269/321 333/1268/333
f 386/1267/386 259/1266/259 214/1265/214
f 481/1264/481 410/1263/410 385/1262/385
f 385/1261/385 463/1260/463 481/1259/481
f 258/442/258 320/441/320 215/440/215
f 215/445/215 333/444/333 258/443/258
f 411/1258/411 319/1257/319 276/1256/276
f 411/1500/411 215/1499/215 320/1498/320
f 257/1497/257 256/1496/256 279/1495/279
f 214/1494/214 408/1493/408 386/1492/386
f 483/1491/483 484/1490/484 410/1489/410
f 278/1488/278 412/1487/412 409/1486/409
f 409/1485/409 257/1741/257 278/1740/278
f 482/1739/482 481/1738/481 463/1737/463
f 319/1736/319 277/1735/277 276/1734/276
f 319/1733/319 411/1732/411 320/1731/320
f 334/1730/334 279/1729/279 256/1728/256
f 482/1727/482 462/1726/462 408/1968/408
f 462/1967/462 482/1966/482 463/1965/463
f 462/1964/462 386/1963/386 408/1962/408
f 483/1961/483 409/1960/409 412/1959/412
f 279/1958/279 278/1957/278 257/1956/257
f 484/1955/484 385/1954/385 410/1953/410
f 484/2206/484 483/2205/483 412/2204/412
f 277/2203/277 214/2202/214 259/2201/259
f 259/2200/259 276/2199/276 277/2198/277
f 321/2197/321 258/2196/258 333/2195/333
f 321/2194/321 334/2193/334 256/2192/256
f 561/442/561 562/441/562 594/440/594
f 594/445/594 595/444/595 561/443/561
f 676/439/676 632/3661/632 631/3662/631
f 676/439/676 674/707/674 632/3661/632
f 591/706/591 558/3880/558 557/3880/557
f 557/3880/557 669/706/669 591/706/591
f 1008/2191/1008 990/2452/990 925/2451/925
f 1064/2450/1064 911/2449/911 846/2448/846
f 1145/2447/1145 1082/2446/1082 1063/2445/1063
f 1063/2444/1063 1129/2443/1129 1145/2442/1145
f 910/1848/910 989/1847/989 847/1846/847
f 847/1851/847 925/1850/925 910/1849/910
f 1006/2441/1006 988/2440/988 924/2439/924
f 1006/2438/1006 847/2437/847 989/2708/989
f 909/2707/909 908/2706/908 927/2705/927
f 846/2704/846 1080/2703/1080 1064/2702/1064
f 1147/2701/1147 1148/2700/1148 1082/2699/1082
f 926/2698/926 1083/2697/1083 1081/2696/1081
f 1081/2695/1081 909/2694/909 926/2693/926
f 1146/2930/1146 1145/2929/1145 1129/2928/1129
f 988/2927/988 845/2926/845 924/2925/924
f 988/2924/988 1006/2923/1006 989/2922/989
f 1146/2921/1146 1128/2920/1128 1080/2919/1080
f 1128/2918/1128 1146/2917/1146 1129/2916/1129
f 1128/2915/1128 1064/3166/1064 1080/3165/1080
f 1147/3164/1147 1081/3163/1081 1083/3162/1083
f 927/3161/927 926/3160/926 909/3159/909
f 1148/3158/1148 1063/3157/1063 1082/3156/1082
f 1148/3155/1148 1147/3154/1147 1083/3153/1083
f 845/3152/845 846/3151/846 911/3383/911
f 911/3382/911 924/3381/924 845/3380/845
f 990/3379/990 910/3378/910 925/3377/925
f 52/3376/52 84/3375/84 33/3374/33
f 52/3376/52 108/3373/108 84/3375/84
f 1185/2076/1185 1186/2075/1186 1191/2074/1191
f 1191/2073/1191 1192/2072/1192 1185/2071/1185
f 552/3372/552 540/3371/540 479/3370/479
f 539/3369/539 384/3368/384 404/3619/404
f 770/1814/770 795/2080/795 792/2080/792
f 792/2080/792 769/1814/769 770/1814/770
f 875/2078/875 873/2077/873 827/1813/827
f 875/2078/875 827/1813/827 826/2049/826
f 738/2073/738 739/2072/739 722/2071/722
f 722/2076/722 723/2075/723 738/2074/738
f 540/3618/540 552/3617/552 461/3616/461
f 540/3615/540 460/3614/460 479/3613/479
f 384/3612/384 407/3611/407 403/3610/403
f 403/3609/403 404/3608/404 384/3607/384
f 647/3606/647 645/3605/645 646/3604/646
f 647/3828/647 630/3827/630 643/3826/643
f 478/3825/478 406/3824/406 383/3823/383
f 645/3822/645 642/3821/642 646/3820/646
f 716/3819/716 539/3818/539 554/3817/554
f 716/3816/716 721/3815/721 629/3814/629
f 721/3813/721 716/102/716 554/101/554
f 552/100/552 478/99/478 461/98/461
f 538/97/538 556/96/556 459/95/459
f 538/94/538 403/93/403 407/92/407
f 721/91/721 644/90/644 629/89/629
f 642/88/642 383/87/383 406/329/406
f 406/328/406 646/327/646 642/326/642
f 645/325/645 647/324/647 643/323/643
f 404/322/404 554/321/554 539/320/539
f 383/319/383 461/318/461 478/317/478
f 556/316/556 400/315/400 459/314/459
f 556/560/556 538/559/538 407/558/407
f 400/2073/400 479/2072/479 460/2071/460
f 460/2076/460 459/2075/459 400/2074/400
f 630/557/630 629/556/629 644/555/644
f 644/554/644 643/553/643 630/552/630
f 841/3603/841 842/3602/842 867/3601/867
f 867/3600/867 868/3599/868 841/3598/841
f 863/3948/863 838/1562/838 923/1562/923
f 923/1562/923 949/3948/949 863/3948/863
f 786/3597/786 754/3596/754 753/3595/753
f 786/3597/786 784/3594/784 754/3596/754
f 719/3603/719 720/3602/720 726/3601/726
f 726/3600/726 727/3599/727 719/3598/719
f 782/3948/782 759/1562/759 758/1562/758
f 758/1562/758 781/3948/781 782/3948/782
f 397/3593/397 318/3592/318 329/3812/329
f 382/3811/382 255/3810/255 272/3809/272
f 472/3808/472 543/1484/543 628/1483/628
f 458/3807/458 381/551/381 380/550/380
f 317/1367/317 379/313/379 378/312/378
f 212/1368/212 544/1255/544 537/1254/537
f 394/3806/394 377/3805/377 270/3804/270
f 394/3803/394 212/3802/212 316/3801/316
f 254/86/254 315/85/315 330/84/330
f 272/83/272 390/82/390 382/81/382
f 474/80/474 475/79/475 473/78/473
f 273/77/273 398/76/398 393/75/393
f 393/74/393 254/73/254 273/72/273
f 549/71/549 472/311/472 457/310/457
f 377/309/377 271/308/271 270/307/270
f 377/306/377 394/305/394 316/304/316
f 397/303/397 330/302/330 315/301/315
f 549/300/549 456/299/456 390/298/390
f 456/297/456 549/296/549 457/549/457
f 456/548/456 382/547/382 390/546/390
f 474/545/474 393/544/393 398/543/398
f 330/542/330 273/541/273 254/540/254
f 475/539/475 458/538/458 473/537/473
f 475/536/475 474/535/474 398/534/398
f 271/804/271 272/803/272 255/802/255
f 255/801/255 270/800/270 271/799/271
f 318/798/318 317/797/317 329/796/329
f 318/795/318 397/794/397 315/793/315
f 583/3597/583 536/3596/536 535/3595/535
f 583/3597/583 582/3594/582 536/3596/536
f 236/2712/236 202/2710/202 201/2709/201
f 236/2712/236 235/2711/235 202/2710/202
f 159/2692/159 211/2691/211 171/2690/171
f 171/2689/171 172/2688/172 159/2687/159
f 230/3247/230 208/590/208 207/590/207
f 207/590/207 229/3247/229 230/3247/230
f 1077/2686/1077 1069/2685/1069 1002/2914/1002
f 1068/2913/1068 917/2912/917 935/2911/935
f 1139/2910/1139 1141/2909/1141 1133/2908/1133
f 1133/2907/1133 1132/2906/1132 1139/2905/1139
f 994/462/994 993/461/993 921/460/921
f 921/459/921 1002/458/1002 994/457/994
f 1091/2904/1091 1067/2903/1067 937/2902/937
f 1091/2901/1091 921/2900/921 993/2899/993
f 916/3150/916 995/3149/995 1003/3148/1003
f 935/3147/935 1079/3146/1079 1068/3145/1068
f 1142/3144/1142 1159/3143/1159 1141/3142/1141
f 936/3141/936 1157/3140/1157 1140/3139/1140
f 1140/3138/1140 916/3137/916 936/3136/936
f 38/3135/38 1139/3367/1139 1132/3366/1132
f 998/3134/998 907/3133/907 919/3132/919
f 987/3131/987 825/3130/825 833/3129/833
f 1070/3365/1070 203/3128/203 200/3127/200
f 1062/3364/1062 83/2684/83 82/2683/82
f 906/1134/906 81/2436/81 80/2435/80
f 834/1135/834 261/3591/261 253/3590/253
f 997/3363/997 986/3362/986 831/3361/831
f 997/3360/997 834/3359/834 905/3358/905
f 824/3357/824 904/3356/904 920/3355/920
f 833/3354/833 996/3589/996 987/3588/987
f 1073/3587/1073 1074/3586/1074 1072/3585/1072
f 835/3584/835 1000/3583/1000 1071/3582/1071
f 1071/3581/1071 824/3580/824 835/3579/835
f 1138/3578/1138 1070/3577/1070 1061/3576/1061
f 986/3575/986 832/3574/832 831/3800/831
f 986/3799/986 997/3798/997 905/3797/905
f 998/3796/998 920/3795/920 904/3794/904
f 1138/3793/1138 1127/3792/1127 996/3791/996
f 1127/3790/1127 1138/3789/1138 1061/3788/1061
f 1127/3787/1127 987/3786/987 996/3785/996
f 1073/70/1073 1071/69/1071 1000/68/1000
f 920/67/920 835/66/835 824/65/824
f 1074/64/1074 1062/63/1062 1072/62/1072
f 1074/61/1074 1073/60/1073 1000/59/1000
f 832/58/832 833/57/833 825/56/825
f 825/55/825 831/295/831 832/294/832
f 907/293/907 906/292/906 919/291/919
f 907/290/907 998/289/998 904/288/904
f 81/2436/81 199/3573/199 80/2435/80
f 253/3572/253 905/1129/905 834/1128/834
f 80/2434/80 91/2433/91 906/1127/906
f 91/2433/91 919/1126/919 906/1127/906
f 83/2684/83 198/3126/198 82/2683/82
f 200/3125/200 1061/3353/1061 1070/3352/1070
f 82/2682/82 89/2681/89 1062/3351/1062
f 89/2681/89 1072/3350/1072 1062/3351/1062
f 203/3128/203 89/2681/89 200/3127/200
f 200/3127/200 89/2681/89 82/2682/82
f 198/3126/198 1061/3353/1061 200/3125/200
f 198/3126/198 200/3125/200 82/2683/82
f 199/3573/199 253/3572/253 80/2435/80
f 199/3573/199 905/1129/905 253/3572/253
f 253/3590/253 261/3591/261 80/2434/80
f 261/3591/261 91/2433/91 80/2434/80
f 379/313/379 534/1253/534 378/312/378
f 537/1252/537 316/1361/316 212/1360/212
f 378/287/378 396/286/396 317/1359/317
f 396/286/396 329/1358/329 317/1359/317
f 381/551/381 627/1725/627 380/550/380
f 628/1482/628 457/3784/457 472/3783/472
f 380/533/380 392/532/392 458/3782/458
f 392/532/392 473/3781/473 458/3782/458
f 534/1253/534 537/1252/537 378/312/378
f 534/1253/534 316/1361/316 537/1252/537
f 537/1254/537 544/1255/544 378/287/378
f 544/1255/544 396/286/396 378/287/378
f 543/1484/543 392/532/392 628/1483/628
f 628/1483/628 392/532/392 380/533/380
f 627/1725/627 457/3784/457 628/1482/628
f 627/1725/627 628/1482/628 380/550/380
f 1197/1814/1197 1202/2080/1202 1199/2080/1199
f 1199/2080/1199 1196/1814/1196 1197/1814/1197
g fff0af14_00426_00dbbbee_e2
f 286/3912/286 341/3911/341 340/3910/340
f 340/3909/340 285/3908/285 286/3907/286
f 779/657/779 778/656/778 808/655/808
f 808/654/808 809/653/809 779/652/779
f 677/3230/677 657/3474/657 656/3229/656
f 677/3230/677 656/3229/656 679/3473/679
f 439/1357/439 417/1356/417 304/1355/304
f 417/1354/417 284/1353/284 304/1352/304
f 569/1351/569 568/1350/568 492/1349/492
f 491/1119/491 339/1118/339 338/1348/338
f 567/3912/567 566/3911/566 600/3910/600
f 600/3909/600 601/3908/601 567/3907/567
f 283/1117/283 282/1116/282 308/1115/308
f 416/3906/416 415/3905/415 341/3904/341
f 415/3708/415 340/3707/340 341/3706/341
f 439/3705/439 286/3704/286 285/3703/285
f 308/1114/308 307/1113/307 283/1112/283
f 414/1111/414 283/1110/283 307/1109/307
f 568/3702/568 491/3701/491 492/3700/492
f 415/3699/415 416/3698/416 337/3697/337
f 604/3696/604 569/3695/569 526/3694/526
f 569/3472/569 604/3471/604 490/3693/490
f 307/1108/307 525/1107/525 414/1106/414
f 569/889/569 492/1105/492 526/1104/526
f 492/888/492 338/887/338 445/886/445
f 416/885/416 444/884/444 336/883/336
f 416/882/416 341/881/341 362/880/362
f 445/879/445 526/878/526 492/877/492
f 339/3470/339 337/3469/337 336/3468/336
f 336/3467/336 338/3466/338 339/3465/339
f 365/876/365 445/875/445 338/874/338
f 338/651/338 336/650/336 365/649/365
f 444/648/444 416/647/416 362/646/362
f 444/645/444 365/644/365 336/643/336
f 416/3464/416 336/3463/336 337/3462/337
f 441/642/441 363/641/363 286/640/286
f 338/3461/338 492/3460/492 491/3459/491
f 804/3230/804 777/3474/777 776/3229/776
f 441/639/441 439/638/439 305/637/305
f 804/3230/804 776/3229/776 805/3473/805
f 105/399/105 99/636/99 98/398/98
f 341/397/341 286/396/286 363/395/363
f 363/394/363 362/393/362 341/392/341
f 105/399/105 98/398/98 107/635/107
f 439/2102/439 441/634/441 286/1877/286
f 655/394/655 565/393/565 566/392/566
f 566/397/566 567/396/567 655/395/655
f 603/391/603 564/390/564 523/389/523
f 606/388/606 522/387/522 489/386/489
f 563/385/563 414/384/414 525/383/525
f 1120/2784/1120 1091/2783/1091 965/2782/965
f 1091/2548/1091 937/2547/937 965/2781/965
f 44/2546/44 1159/2545/1159 1158/2544/1158
f 1157/2543/1157 936/2542/936 1016/2541/1016
f 43/1347/43 42/1346/42 53/1345/53
f 563/168/563 606/167/606 489/382/489
f 488/166/488 489/165/489 522/164/522
f 522/163/522 523/162/523 488/161/488
f 53/1103/53 54/1102/54 43/1101/43
f 603/160/603 524/159/524 487/158/487
f 564/157/564 603/156/603 487/155/487
f 606/3903/606 563/154/563 525/153/525
f 564/3902/564 488/3901/488 523/3900/523
f 417/3899/417 439/3898/439 285/3897/285
f 935/2540/935 934/2539/934 963/2538/963
f 183/3458/183 247/3457/247 222/3456/222
f 222/3455/222 221/3454/221 183/3453/183
f 241/1628/241 220/3452/220 219/3451/219
f 219/3451/219 244/1631/244 241/1628/241
f 218/3450/218 219/3452/219 220/3452/220
f 220/3452/220 217/3692/217 218/3450/218
f 178/3691/178 163/3690/163 180/3689/180
f 178/3691/178 162/3688/162 163/3690/163
f 117/3458/117 118/3457/118 97/3456/97
f 97/3455/97 96/3454/96 117/3453/117
f 175/1628/175 161/3452/161 95/3451/95
f 95/3451/95 112/1631/112 175/1628/175
f 94/3450/94 95/3452/95 161/3452/161
f 161/3452/161 160/3692/160 94/3450/94
f 855/3687/855 1015/3686/1015 1014/3685/1014
f 933/3684/933 854/3683/854 853/3682/853
f 854/3681/854 855/3680/855 852/3679/852
f 852/3678/852 853/3677/853 854/3896/854
f 1090/3895/1090 1113/3894/1113 1089/3893/1089
f 1113/3892/1113 1090/3891/1090 1044/3890/1044
f 932/3889/932 933/3888/933 853/3887/853
f 1088/3886/1088 1014/3885/1014 1015/3884/1015
f 1040/3883/1040 775/3882/775 774/3881/774
f 932/152/932 931/151/931 930/150/930
f 933/149/933 932/148/932 930/147/930
f 931/146/931 774/145/774 775/144/775
f 775/143/775 930/142/930 931/141/931
f 1013/140/1013 1040/139/1040 774/138/774
f 1087/137/1087 1012/381/1012 1117/380/1117
f 1112/379/1112 1086/378/1086 1041/377/1041
f 1087/376/1087 1118/375/1118 1011/374/1011
f 1118/373/1118 1043/372/1043 1011/371/1011
f 1114/370/1114 1117/369/1117 1012/368/1012
f 1012/367/1012 1085/366/1085 1114/633/1114
f 1086/632/1086 1112/631/1112 1085/630/1085
f 1086/629/1086 1010/628/1010 1041/627/1041
f 1112/626/1112 1114/625/1114 1085/624/1085
f 1118/623/1118 1087/622/1087 1117/621/1117
f 1156/620/1156 1155/619/1155 1154/618/1154
f 1154/873/1154 1153/872/1153 1156/871/1156
f 1040/1626/1040 958/870/958 775/1627/775
f 956/873/956 883/872/883 930/871/930
f 930/620/930 775/619/775 956/618/956
f 958/869/958 1040/868/1040 801/867/801
f 958/866/958 956/865/956 775/864/775
f 955/863/955 885/862/885 854/861/854
f 955/860/955 933/859/933 883/858/883
f 855/1100/855 854/1099/854 885/1098/885
f 885/1097/885 962/1096/962 855/1095/855
f 962/1094/962 1044/1093/1044 1015/1092/1015
f 933/1091/933 930/1090/930 883/1089/883
f 933/1088/933 955/1087/955 854/1086/854
f 1015/1085/1015 855/1344/855 962/1343/962
f 1090/1342/1090 1015/1341/1015 1044/1340/1044
f 803/1339/803 1041/1338/1041 1010/1337/1010
f 1010/1336/1010 851/1335/851 803/1334/803
f 802/1333/802 803/1332/803 851/1331/851
f 851/1330/851 850/1329/850 802/1601/802
f 1179/146/1179 1180/145/1180 1155/144/1155
f 1155/143/1155 1156/142/1156 1179/141/1179
f 1014/1600/1014 852/1599/852 855/1598/855
f 1090/1597/1090 1088/1596/1088 1015/1595/1015
f 1013/1594/1013 849/1593/849 881/1592/881
f 1040/1591/1040 1013/1590/1013 881/1589/881
f 1182/3691/1182 1152/3690/1152 1184/3689/1184
f 1182/3691/1182 1151/3688/1151 1152/3690/1152
f 797/1588/797 773/1587/773 799/1586/799
f 797/1588/797 772/1844/772 773/1587/773
f 281/1843/281 413/1842/413 412/1841/412
f 335/1840/335 280/1839/280 279/1838/279
f 280/1837/280 281/1836/281 278/1835/278
f 278/1834/278 279/1833/279 280/1832/280
f 486/1831/486 515/1830/515 485/1829/485
f 515/2065/515 486/2064/486 436/2063/436
f 334/2062/334 335/2061/335 279/2060/279
f 484/2059/484 412/2058/412 413/2057/413
f 352/2056/352 216/2055/216 215/2054/215
f 334/2053/334 333/2052/333 332/2051/332
f 335/2050/335 334/2306/334 332/2305/332
f 333/224/333 215/223/215 216/222/216
f 216/221/216 332/220/332 333/219/333
f 411/2304/411 352/2303/352 215/2302/215
f 483/2301/483 410/2300/410 438/2299/438
f 514/2298/514 482/2297/482 433/2296/433
f 483/2295/483 519/2294/519 409/2293/409
f 519/2292/519 435/2291/435 409/2537/409
f 516/2536/516 438/2535/438 410/2534/410
f 410/2533/410 481/2532/481 516/2531/516
f 482/2530/482 514/2529/514 481/2528/481
f 482/2527/482 408/2526/408 433/2525/433
f 514/2524/514 516/2523/516 481/2522/481
f 519/2780/519 483/2779/483 438/2778/438
f 654/2777/654 653/2776/653 652/2775/652
f 652/2774/652 651/2773/651 654/2772/654
f 352/3039/352 356/2771/356 216/3040/216
f 354/2774/354 301/2773/301 332/2772/332
f 332/2777/332 216/2776/216 354/2775/354
f 356/2770/356 352/2769/352 238/2768/238
f 356/2767/356 354/2766/354 216/2765/216
f 353/3002/353 303/3001/303 280/3000/280
f 353/2999/353 335/2998/335 301/2997/301
f 281/2996/281 280/2995/280 303/2994/303
f 303/2993/303 360/2992/360 281/2991/281
f 360/2990/360 436/2989/436 413/2988/413
f 335/2987/335 332/3228/332 301/3227/301
f 335/3226/335 353/3225/353 280/3224/280
f 413/3223/413 281/3222/281 360/3221/360
f 486/3220/486 413/3219/413 436/3218/436
f 240/3217/240 433/3216/433 408/3215/408
f 408/3214/408 214/3213/214 240/3449/240
f 239/3448/239 240/3447/240 214/3446/214
f 214/3445/214 277/3444/277 239/3443/239
f 672/224/672 673/223/673 653/222/653
f 653/221/653 654/220/654 672/219/672
f 596/3442/596 597/3441/597 562/3440/562
f 562/3439/562 561/3438/561 596/3437/596
f 412/3436/412 278/3435/278 281/3434/281
f 486/3676/486 484/3675/484 413/3674/413
f 411/3673/411 276/3672/276 299/3671/299
f 352/3670/352 411/3669/411 299/3668/299
f 675/3667/675 650/3666/650 743/3665/743
f 675/3667/675 649/3664/649 650/3666/650
f 590/705/590 560/3663/560 559/3662/559
f 559/3662/559 592/439/592 590/705/590
f 558/3661/558 559/3663/559 560/3663/560
f 560/3663/560 557/3880/557 558/3661/558
f 929/3879/929 1084/3878/1084 1083/3877/1083
f 1009/3876/1009 928/3875/928 927/3874/927
f 928/3873/928 929/3872/929 926/3871/926
f 926/3870/926 927/3869/927 928/3868/928
f 1150/3867/1150 1173/3866/1173 1149/3865/1149
f 1173/136/1173 1150/135/1150 1108/134/1108
f 1008/133/1008 1009/132/1009 927/131/927
f 1148/130/1148 1083/129/1083 1084/128/1084
f 1031/127/1031 848/126/848 847/125/847
f 1008/124/1008 925/123/925 1007/122/1007
f 1009/121/1009 1008/365/1008 1007/364/1007
f 925/363/925 847/362/847 848/361/848
f 848/360/848 1007/359/1007 925/358/925
f 1006/357/1006 1031/356/1031 847/355/847
f 1147/354/1147 1082/353/1082 1111/352/1111
f 1172/351/1172 1146/350/1146 1105/617/1105
f 1147/616/1147 1176/615/1176 1081/614/1081
f 1176/613/1176 1107/612/1107 1081/611/1081
f 1174/610/1174 1111/609/1111 1082/608/1082
f 1082/607/1082 1145/606/1145 1174/605/1174
f 1146/604/1146 1172/603/1172 1145/602/1145
f 1146/857/1146 1080/856/1080 1105/855/1105
f 1172/854/1172 1174/853/1174 1145/852/1145
f 1176/851/1176 1147/850/1147 1111/849/1111
f 41/848/41 1144/847/1144 40/846/40
f 40/845/40 39/844/39 41/843/41
f 1031/700/1031 1036/842/1036 848/701/848
f 1034/845/1034 952/844/952 1007/843/1007
f 1007/848/1007 848/847/848 1034/846/1034
f 1036/1084/1036 1031/1083/1031 878/1082/878
f 1036/1081/1036 1034/1080/1034 848/1079/848
f 1033/1078/1033 954/1077/954 928/1076/928
f 1033/1075/1033 1009/1074/1009 952/1073/952
f 929/1072/929 928/1071/928 954/1070/954
f 954/1069/954 1039/1328/1039 929/1327/929
f 1039/1326/1039 1108/1325/1108 1084/1324/1084
f 1009/1323/1009 1007/1322/1007 952/1321/952
f 1009/1320/1009 1033/1319/1033 928/1318/928
f 1084/1317/1084 929/1316/929 1039/1315/1039
f 1150/1314/1150 1084/1313/1084 1108/1585/1108
f 880/1584/880 1105/1583/1105 1080/1582/1080
f 1080/1581/1080 846/1580/846 880/1579/880
f 879/1578/879 880/1577/880 846/1576/846
f 846/1575/846 845/1574/845 879/1573/879
f 51/363/51 1171/362/1171 1144/361/1144
f 1144/360/1144 41/359/41 51/358/51
f 1083/1572/1083 926/1571/926 929/1570/929
f 1150/1828/1150 1148/1827/1148 1084/1826/1084
f 109/1825/109 93/1824/93 110/1823/110
f 109/1825/109 92/1822/92 93/1824/93
f 1006/1821/1006 924/1820/924 950/1819/950
f 1031/1818/1031 1006/1817/1006 950/1816/950
f 1189/2290/1189 1190/2289/1190 1186/2288/1186
f 1186/2036/1186 1185/2035/1185 1189/2034/1189
f 771/1815/771 770/1814/770 769/1813/769
f 769/1813/769 768/1815/768 771/1815/771
f 768/2049/768 793/2078/793 794/2079/794
f 794/2079/794 771/1815/771 768/2049/768
f 874/1588/874 844/1844/844 843/1587/843
f 874/1588/874 843/1587/843 876/1586/876
f 589/2048/589 556/2047/556 432/2046/432
f 556/2045/556 407/2044/407 432/2043/432
f 648/2042/648 647/2041/647 555/2040/555
f 646/2039/646 406/2038/406 405/2037/405
f 723/2036/723 722/2035/722 736/2034/736
f 736/2290/736 737/2289/737 723/2288/723
f 767/2315/767 766/2314/766 788/2313/788
f 788/2312/788 789/2311/789 767/2310/767
f 404/2287/404 403/2286/403 430/2285/430
f 430/2284/430 428/2283/428 404/2282/404
f 554/2281/554 404/2280/404 428/2279/428
f 428/2278/428 586/2277/586 554/2276/554
f 648/2275/648 555/2521/555 664/2520/664
f 555/2519/555 405/2518/405 504/2517/504
f 553/2516/553 511/2515/511 402/2514/402
f 553/2513/553 480/2512/480 508/2511/508
f 504/2510/504 664/2509/664 555/2508/555
f 503/2507/503 504/2506/504 405/2764/405
f 405/2763/405 402/2762/402 503/2761/503
f 511/2760/511 553/2759/553 508/2758/508
f 511/2757/511 503/2756/503 402/2755/402
f 588/2754/588 509/2753/509 401/2752/401
f 588/2751/588 589/2750/589 431/2749/431
f 480/2986/480 401/2985/401 509/2984/509
f 509/2983/509 508/2982/508 480/2981/480
f 589/3043/589 588/2980/588 401/3044/401
f 765/2983/765 764/2982/764 766/2981/766
f 766/2986/766 767/2985/767 765/2984/765
f 666/2979/666 645/2978/645 667/2977/667
f 733/2976/733 663/2975/663 644/2974/644
f 721/2973/721 554/2972/554 586/2971/586
f 721/3212/721 733/3211/733 644/3210/644
f 643/3209/643 644/3208/644 663/3207/663
f 663/3206/663 667/3205/667 643/3204/643
f 666/3203/666 665/3202/665 642/3201/642
f 645/3200/645 666/3199/666 642/3198/642
f 733/3197/733 721/3433/721 586/3432/586
f 645/3431/645 643/3430/643 667/3429/667
f 556/3428/556 589/3427/589 400/3426/400
f 401/2315/401 480/2314/480 479/2313/479
f 479/2312/479 400/2311/400 401/2310/401
f 553/3425/553 552/3424/552 480/3423/480
f 552/3422/552 479/3421/479 480/3420/480
f 589/3419/589 401/3418/401 400/3660/400
f 647/3659/647 646/3658/646 555/3657/555
f 552/3656/552 553/3655/553 478/3654/478
f 742/3653/742 648/3652/648 664/3651/664
f 648/3650/648 742/3649/742 641/3648/641
f 406/3647/406 478/3646/478 402/3645/402
f 402/3864/402 405/3863/405 406/3862/406
f 553/3861/553 402/3860/402 478/3859/478
f 405/3858/405 555/3857/555 646/3856/646
f 869/1312/869 870/1311/870 842/1569/842
f 842/1568/842 841/1567/841 869/1566/869
f 862/3947/862 840/1565/840 839/1564/839
f 839/1564/839 864/3950/864 862/3947/862
f 838/1563/838 839/1565/839 840/1565/840
f 840/1565/840 923/1562/923 838/1563/838
f 785/1561/785 763/1560/763 787/1559/787
f 785/1561/785 762/1558/762 763/1560/763
f 728/1312/728 729/1311/729 720/1569/720
f 720/1568/720 719/1567/719 728/1566/728
f 780/3947/780 761/1565/761 760/1564/760
f 760/1564/760 783/3950/783 780/3947/780
f 759/1563/759 760/1565/760 761/1565/761
f 761/1565/761 758/1562/758 759/1563/759
f 275/1557/275 399/1556/399 398/1555/398
f 331/1554/331 274/1812/274 330/1811/330
f 274/1810/274 275/1809/275 273/1808/273
f 273/1807/273 330/1806/330 274/1805/274
f 477/1804/477 498/1803/498 476/1802/476
f 498/1801/498 477/1800/477 497/1799/497
f 397/1798/397 331/1797/331 330/2033/330
f 475/2032/475 398/2031/398 399/2030/399
f 420/2029/420 213/2028/213 212/2027/212
f 397/2026/397 329/2025/329 328/2024/328
f 331/2023/331 397/2022/397 328/2021/328
f 329/2020/329 396/349/396 395/348/395
f 213/2274/213 551/1310/551 550/1309/550
f 394/2273/394 420/2272/420 212/2271/212
f 474/2270/474 473/2269/473 501/2268/501
f 580/2267/580 549/2266/549 425/2265/425
f 474/2264/474 502/2263/502 393/2262/393
f 502/2261/502 496/2505/496 393/2504/393
f 499/2503/499 572/1553/572 548/1552/548
f 473/2502/473 392/601/392 391/600/391
f 549/2501/549 580/2500/580 472/2499/472
f 549/2498/549 390/2497/390 425/2496/425
f 580/2495/580 499/2494/499 472/2748/472
f 502/2747/502 474/2746/474 501/2745/501
f 547/2744/547 471/1068/471 470/1067/470
f 546/2743/546 640/1796/640 639/1795/639
f 420/216/420 421/2742/421 213/3946/213
f 347/2743/347 573/1066/573 469/1065/469
f 328/2744/328 327/120/327 326/119/326
f 421/2741/421 420/2740/420 294/2739/294
f 421/2738/421 347/2737/347 213/2970/213
f 346/2969/346 298/2968/298 274/2967/274
f 346/2966/346 331/2965/331 345/2964/345
f 275/2963/275 274/2962/274 298/2961/298
f 298/2960/298 351/2959/351 275/2958/275
f 351/2957/351 497/2956/497 399/2955/399
f 331/3196/331 328/3195/328 345/3194/345
f 331/3193/331 346/3192/346 274/3191/274
f 399/3190/399 275/3189/275 351/3188/351
f 477/3187/477 399/3186/399 497/3185/497
f 296/3184/296 425/3183/425 390/3182/390
f 390/3181/390 272/3417/272 296/3416/296
f 295/3415/295 296/3414/296 272/3413/272
f 272/3412/272 271/3411/271 295/3410/295
f 570/2020/570 493/841/493 468/840/468
f 545/2274/545 638/1794/638 637/1793/637
f 398/3409/398 273/3408/273 275/3407/275
f 477/3406/477 475/3405/475 399/3404/399
f 394/3403/394 270/3402/270 292/3644/292
f 420/3643/420 394/3642/394 292/3641/292
f 661/1561/661 636/1560/636 662/1559/662
f 661/1561/661 635/1558/635 636/1560/636
f 963/2493/963 948/2492/948 935/2491/935
f 1079/2260/1079 935/2490/935 948/2489/948
f 948/2259/948 1102/2258/1102 1079/2257/1079
f 44/2256/44 1158/2255/1158 1167/2254/1167
f 1158/2253/1158 1016/2252/1016 1030/2251/1030
f 1078/2250/1078 1099/2249/1099 1005/2248/1005
f 1078/2247/1078 1004/2246/1004 1024/2245/1024
f 1030/2019/1030 1167/2018/1167 1158/2017/1158
f 1029/2016/1029 1030/2015/1030 1016/2014/1016
f 1016/2013/1016 1005/2012/1005 1029/2011/1029
f 1099/2010/1099 1078/2009/1078 1024/2008/1024
f 1099/2007/1099 1029/2006/1029 1005/2005/1005
f 290/399/290 269/398/269 291/635/291
f 290/399/290 268/636/268 269/398/269
f 173/599/173 233/598/233 211/597/211
f 211/596/211 159/595/159 173/594/173
f 228/3246/228 210/593/210 209/592/209
f 209/592/209 231/3007/231 228/3246/228
f 208/591/208 209/593/209 210/593/210
f 210/593/210 207/590/207 208/591/208
f 1016/589/1016 1158/588/1158 1157/587/1157
f 1078/586/1078 1005/839/1005 1003/838/1003
f 1005/837/1005 1016/836/1016 936/835/936
f 936/834/936 1003/833/1003 1005/832/1005
f 44/831/44 46/830/46 1143/829/1143
f 46/828/46 44/827/44 1167/826/1167
f 1077/825/1077 1078/824/1078 1003/1064/1003
f 1159/1063/1159 1157/1062/1157 1158/1061/1158
f 1120/1060/1120 922/1059/922 921/1058/921
f 1077/1057/1077 1002/1056/1002 1004/1055/1004
f 1078/1054/1078 1077/1053/1077 1004/1052/1004
f 1002/1103/1002 921/1102/921 922/1101/922
f 922/1347/922 1004/1346/1004 1002/1345/1002
f 1091/1308/1091 1120/1307/1120 921/1306/921
f 1142/1305/1142 1141/1304/1141 1170/1303/1170
f 45/1302/45 38/1301/38 1102/1300/1102
f 1142/1299/1142 48/1298/48 1140/1297/1140
f 48/1296/48 1166/1551/1166 1140/1550/1140
f 1168/1549/1168 1170/1548/1170 1141/1547/1141
f 1141/1546/1141 1139/1545/1139 1168/1544/1168
f 38/1543/38 45/1542/45 1139/1541/1139
f 38/1540/38 1079/1539/1079 1102/1538/1102
f 45/1537/45 1168/1536/1168 1139/1792/1139
f 48/1791/48 1142/1790/1142 1170/1789/1170
f 42/1788/42 43/1787/43 37/1786/37
f 37/1785/37 36/1784/36 42/1783/42
f 1120/3021/1120 1119/1782/1119 922/2789/922
f 1025/1785/1025 1024/1784/1024 1004/1783/1004
f 1004/1788/1004 922/1787/922 1025/1786/1025
f 1119/1781/1119 1120/1780/1120 964/1779/964
f 1119/1778/1119 1025/1777/1025 922/2004/922
f 837/1295/837 1001/1294/1001 1000/1293/1000
f 999/1292/999 836/1291/836 920/1290/920
f 836/1289/836 837/1288/837 835/1287/835
f 835/1286/835 920/1285/920 836/1284/836
f 1076/1283/1076 1094/1282/1094 1075/1281/1075
f 1094/1280/1094 1076/1535/1076 1093/1534/1093
f 998/1533/998 999/1532/999 920/1531/920
f 1074/1530/1074 1000/1529/1000 1001/1528/1001
f 1017/1527/1017 757/1526/757 834/1525/834
f 998/1524/998 919/1523/919 918/1522/918
f 999/1521/999 998/1520/998 918/1776/918
f 919/1775/919 91/2488/91 90/2487/90
f 757/1774/757 267/3640/267 266/3639/266
f 997/1773/997 1017/1772/1017 834/1771/834
f 1073/1770/1073 1072/1769/1072 1097/1768/1097
f 1164/1767/1164 1138/1766/1138 1020/1765/1020
f 1073/2003/1073 1098/2002/1098 1071/2001/1071
f 1098/2000/1098 1092/1999/1092 1071/1998/1071
f 1095/1997/1095 223/3180/223 206/3179/206
f 1072/1996/1072 89/2736/89 88/2735/88
f 1138/1995/1138 1164/1994/1164 1070/1993/1070
f 1138/1992/1138 996/2244/996 1020/2243/1020
f 1164/2242/1164 1095/2241/1095 1070/2240/1070
f 1098/2239/1098 1073/2238/1073 1097/2237/1097
f 1137/2236/1137 158/2954/158 157/2953/157
f 1136/2235/1136 265/3855/265 264/3854/264
f 1017/2234/1017 1018/2233/1018 757/2486/757
f 941/2235/941 224/3401/224 205/3400/205
f 918/2236/918 35/2232/35 87/2231/87
f 1018/2485/1018 1017/2484/1017 858/2483/858
f 1018/2482/1018 941/2481/941 757/2480/757
f 940/2479/940 861/2478/861 836/2477/836
f 940/2476/940 999/2475/999 939/2474/939
f 837/2473/837 836/2472/836 861/2471/861
f 861/2734/861 946/2733/946 837/2732/837
f 946/2731/946 1093/2730/1093 1001/2729/1001
f 999/2728/999 918/2727/918 939/2726/939
f 999/2725/999 940/2724/940 836/2723/836
f 1001/2722/1001 837/2721/837 946/2720/946
f 1076/2719/1076 1001/2952/1001 1093/2951/1093
f 860/2950/860 1020/2949/1020 996/2948/996
f 996/2947/996 833/2946/833 860/2945/860
f 859/2944/859 860/2943/860 833/2942/833
f 833/2941/833 832/2940/832 859/2939/859
f 1160/1775/1160 164/2938/164 156/2937/156
f 1135/1774/1135 263/3853/263 262/3852/262
f 1000/2936/1000 835/2935/835 837/3178/837
f 1076/3177/1076 1074/3176/1074 1001/3175/1001
f 997/3174/997 831/3173/831 856/3172/856
f 1017/3171/1017 997/3170/997 856/3169/856
f 267/3638/267 757/2230/757 204/3399/204
f 87/2231/87 204/3399/204 205/3398/205
f 87/2229/87 102/2228/102 918/2227/918
f 102/2228/102 939/2226/939 918/2227/918
f 91/2488/91 261/3637/261 90/2487/90
f 266/3636/266 834/1764/834 757/1763/757
f 90/2470/90 35/2469/35 919/1762/919
f 35/2469/35 918/1761/918 919/1762/919
f 89/2736/89 203/3168/203 88/2735/88
f 206/3167/206 1070/1991/1070 1095/1990/1095
f 88/2718/88 103/2717/103 1072/1989/1072
f 103/2717/103 1097/1988/1097 1072/1989/1072
f 164/2938/164 289/3851/289 156/2937/156
f 262/3850/262 1163/1764/1163 1135/1763/1135
f 156/2934/156 158/2933/158 1160/1762/1160
f 158/2933/158 1137/1761/1137 1160/1762/1160
f 158/2954/158 263/3849/263 157/2953/157
f 264/3848/264 1135/2230/1135 1136/2225/1136
f 157/2932/157 155/2931/155 1137/2227/1137
f 155/2931/155 1134/2226/1134 1137/2227/1137
f 223/3180/223 103/2717/103 206/3179/206
f 206/3179/206 103/2717/103 88/2718/88
f 203/3168/203 1070/1991/1070 206/3167/206
f 203/3168/203 206/3167/206 88/2735/88
f 204/3399/204 757/2230/757 205/3398/205
f 205/3398/205 757/2230/757 941/2225/941
f 205/3400/205 224/3401/224 87/2229/87
f 224/3401/224 102/2228/102 87/2229/87
f 261/3637/261 266/3636/266 90/2487/90
f 261/3637/261 834/1764/834 266/3636/266
f 266/3639/266 267/3640/267 90/2470/90
f 267/3640/267 35/2469/35 90/2470/90
f 35/2232/35 267/3638/267 204/3399/204
f 35/2232/35 204/3399/204 87/2231/87
f 265/3855/265 155/2931/155 264/3854/264
f 264/3854/264 155/2931/155 157/2932/157
f 263/3849/263 1135/2230/1135 264/3848/264
f 263/3849/263 264/3848/264 157/2953/157
f 263/3853/263 158/2933/158 262/3852/262
f 262/3852/262 158/2933/158 156/2934/156
f 289/3851/289 1163/1764/1163 262/3850/262
f 289/3851/289 262/3850/262 156/2937/156
f 551/1519/551 213/2716/213 467/1051/467
f 326/119/326 467/1051/467 469/1050/469
f 326/347/326 343/346/343 328/2715/328
f 343/346/343 345/2714/345 328/2715/328
f 396/349/396 544/1279/544 395/348/395
f 550/1278/550 212/1987/212 213/1986/213
f 395/585/395 327/584/327 329/2224/329
f 327/584/327 328/2223/328 329/2224/329
f 392/601/392 543/1518/543 391/600/391
f 548/1517/548 472/2468/472 499/2467/499
f 391/583/391 424/582/424 473/2466/473
f 424/582/424 501/2465/501 473/2466/473
f 493/841/493 660/1985/660 468/840/468
f 637/1760/637 575/1987/575 545/1986/545
f 468/823/468 471/822/471 570/2224/570
f 471/822/471 547/2223/547 570/2224/570
f 471/1068/471 638/1759/638 470/1067/470
f 639/1758/639 545/2716/545 546/2713/546
f 470/1049/470 466/1048/466 547/2715/547
f 466/1048/466 542/2714/542 547/2715/547
f 467/1051/467 213/2716/213 469/1050/469
f 469/1050/469 213/2716/213 347/2713/347
f 469/1065/469 573/1066/573 326/347/326
f 573/1066/573 343/346/343 326/347/326
f 544/1279/544 550/1278/550 395/348/395
f 544/1279/544 212/1987/212 550/1278/550
f 550/1309/550 551/1310/551 395/585/395
f 551/1310/551 327/584/327 395/585/395
f 327/120/327 551/1519/551 467/1051/467
f 327/120/327 467/1051/467 326/119/326
f 572/1553/572 424/582/424 548/1552/548
f 548/1552/548 424/582/424 391/583/391
f 543/1518/543 472/2468/472 548/1517/548
f 543/1518/543 548/1517/548 391/600/391
f 640/1796/640 466/1048/466 639/1795/639
f 639/1795/639 466/1048/466 470/1049/470
f 638/1759/638 545/2716/545 639/1758/639
f 638/1759/638 639/1758/639 470/1067/470
f 638/1794/638 471/822/471 637/1793/637
f 637/1793/637 471/822/471 468/823/468
f 660/1985/660 575/1987/575 637/1760/637
f 660/1985/660 637/1760/637 468/840/468
f 1198/1815/1198 1197/1814/1197 1196/1813/1196
f 1196/1813/1196 1195/1815/1195 1198/1815/1198
f 1195/2049/1195 1200/2078/1200 1201/2079/1201
f 1201/2079/1201 1198/1815/1198 1195/2049/1195
g fff0af14_00426_00dbbbee_e0
f 366/2837/366 446/2836/446 445/2835/445
f 444/2834/444 443/2833/443 365/2832/365
f 526/2831/526 445/2830/445 446/2829/446
f 442/2828/442 364/2827/364 363/2826/363
f 442/2597/442 441/2596/441 308/2595/308
f 525/2594/525 307/2593/307 306/2592/306
f 446/2591/446 524/2590/524 526/2589/526
f 305/2588/305 306/2587/306 307/2586/307
f 307/2585/307 308/2584/308 305/2583/305
f 443/2357/443 366/2356/366 365/2582/365
f 445/2355/445 365/2354/365 366/2353/366
f 523/2352/523 522/2351/522 440/2350/440
f 606/2349/606 605/2348/605 522/2347/522
f 606/2346/606 525/2345/525 521/2344/521
f 605/2117/605 606/2343/606 521/2342/521
f 604/2116/604 526/2115/526 524/2114/524
f 604/2113/604 603/2112/603 520/2111/520
f 813/712/813 812/711/812 811/710/811
f 811/472/811 810/709/810 813/708/813
f 809/471/809 808/470/808 807/469/807
f 605/2110/605 440/2109/440 522/2108/522
f 807/468/807 806/467/806 809/466/809
f 439/3294/439 304/3293/304 305/3292/305
f 602/3291/602 681/3290/681 601/3289/601
f 603/2107/603 523/2106/523 520/2105/520
f 680/2104/680 679/2103/679 678/1877/678
f 601/3288/601 600/3287/600 602/3286/602
f 441/3285/441 305/2103/305 308/3284/308
f 306/3283/306 521/3282/521 525/3281/525
f 444/2825/444 362/2824/362 361/2823/361
f 440/3070/440 520/3069/520 523/3068/523
f 603/3067/603 604/3066/604 524/3065/524
f 443/3064/443 444/3063/444 361/3062/361
f 679/1877/679 680/2102/680 677/2104/677
f 441/3061/441 442/3060/442 363/2104/363
f 745/2104/745 805/2103/805 744/1877/744
f 362/3059/362 363/3058/363 364/3057/364
f 364/2822/364 361/3056/361 362/3055/362
f 805/1877/805 745/2102/745 804/2104/804
f 1120/465/1120 965/464/965 964/463/964
f 56/462/56 55/461/55 54/460/54
f 54/459/54 53/458/53 56/457/56
f 1119/456/1119 964/3054/964 963/455/963
f 184/1397/184 248/1396/248 247/1395/247
f 247/1394/247 183/1393/183 184/1392/184
f 246/1637/246 182/1636/182 181/1635/181
f 181/1634/181 245/1633/245 246/1632/246
f 244/1631/244 243/1630/243 242/1629/242
f 242/1629/242 241/1628/241 244/1631/244
f 180/1627/180 179/1626/179 178/1625/178
f 179/1625/179 180/1624/180 177/1627/177
f 120/1397/120 119/1396/119 118/1395/118
f 118/1394/118 117/1393/117 120/1392/120
f 116/1637/116 115/1636/115 114/1635/114
f 114/1634/114 113/1633/113 116/1632/116
f 112/1631/112 111/1630/111 176/1629/176
f 176/1629/176 175/1628/175 112/1631/112
f 1184/1627/1184 1183/1626/1183 1182/1625/1182
f 1183/1625/1183 1184/1624/1184 1181/1627/1181
f 1118/1623/1118 1117/1622/1117 1116/1876/1116
f 1115/1875/1115 1045/1874/1045 1114/1873/1114
f 1113/1872/1113 1118/1871/1118 1116/1870/1116
f 1113/1869/1113 1044/1868/1044 1043/1867/1043
f 1115/1866/1115 1112/1865/1112 1042/1864/1042
f 1112/1863/1112 1041/1862/1041 1042/1861/1042
f 1112/2101/1112 1115/2100/1115 1114/2099/1114
f 1117/2098/1117 1114/2097/1114 1045/2096/1045
f 962/2095/962 885/2094/885 884/2093/884
f 961/2092/961 884/2091/884 885/2090/885
f 803/2089/803 802/2088/802 801/2087/801
f 801/2086/801 800/2341/800 803/2340/803
f 960/2339/960 1043/2338/1043 1044/2337/1044
f 1041/2336/1041 803/2335/803 800/2334/800
f 959/2333/959 958/2332/958 802/2331/802
f 959/2330/959 957/2329/957 956/2328/956
f 1044/2327/1044 962/2326/962 960/2581/960
f 955/2580/955 961/2579/961 885/2578/885
f 955/2577/955 883/2576/883 882/2575/882
f 884/2574/884 960/2573/960 962/2572/962
f 957/2571/957 882/2570/882 883/2569/883
f 883/2568/883 956/2567/956 957/2566/957
f 958/2821/958 959/2820/959 956/1625/956
f 961/2819/961 955/2818/955 882/2817/882
f 1118/2816/1118 1113/2815/1113 1043/2814/1043
f 1045/2813/1045 1116/2812/1116 1117/2811/1117
f 800/2810/800 1042/2809/1042 1041/2808/1041
f 958/2807/958 801/1624/801 802/2806/802
f 1180/3053/1180 1179/3052/1179 1178/3051/1178
f 1178/3050/1178 1177/3049/1177 1180/3048/1180
f 1040/3047/1040 881/3046/881 801/3045/801
f 799/3044/799 798/3043/798 797/3042/797
f 798/3042/798 799/3041/799 796/3044/796
f 743/3040/743 676/3039/676 675/3038/675
f 676/3038/676 743/3280/743 674/3040/674
f 519/3279/519 438/3278/438 518/3277/518
f 517/3276/517 437/3275/437 516/3274/516
f 515/3273/515 519/3272/519 518/3271/518
f 515/3270/515 436/3269/436 435/3268/435
f 517/3267/517 514/3266/514 434/3265/434
f 514/3518/514 433/3517/433 434/3516/434
f 514/3515/514 517/3514/517 516/3513/516
f 438/3512/438 516/3511/516 437/3510/437
f 360/3509/360 303/3508/303 302/3507/302
f 359/3506/359 302/3505/302 303/3504/303
f 240/3503/240 239/3742/239 238/3741/238
f 238/3740/238 237/3739/237 240/3738/240
f 358/3737/358 435/3736/435 436/3735/436
f 433/3734/433 240/3733/240 237/3732/237
f 357/3731/357 356/3730/356 239/3729/239
f 357/3728/357 355/3727/355 354/3977/354
f 436/3976/436 360/3975/360 358/3974/358
f 353/3973/353 359/3972/359 303/3971/303
f 353/3970/353 301/3969/301 300/3968/300
f 302/3967/302 358/3966/358 360/3965/360
f 355/3964/355 300/3963/300 301/3962/301
f 301/232/301 354/231/354 355/230/355
f 356/229/356 357/228/357 354/3038/354
f 359/227/359 353/226/353 300/225/300
f 599/232/599 598/231/598 597/230/597
f 597/3964/597 596/3963/596 599/3962/599
f 595/224/595 594/223/594 513/222/513
f 513/221/513 593/220/593 595/219/595
f 519/218/519 515/217/515 435/454/435
f 437/453/437 518/452/518 438/451/438
f 237/450/237 434/449/434 433/448/433
f 356/447/356 238/3280/238 239/446/239
f 673/445/673 672/444/672 671/443/671
f 671/442/671 670/441/670 673/440/673
f 592/439/592 591/707/591 669/706/669
f 669/706/669 590/705/590 592/439/592
f 352/704/352 299/703/299 238/702/238
f 110/701/110 52/700/52 109/699/109
f 52/699/52 110/698/110 108/701/108
f 1188/2562/1188 1187/2561/1187 1190/2560/1190
f 1190/2565/1190 1189/2564/1189 1188/2563/1188
f 1176/697/1176 1111/696/1111 1110/695/1110
f 1175/694/1175 1109/693/1109 1174/692/1174
f 1173/943/1173 1176/942/1176 1110/941/1110
f 1173/940/1173 1108/939/1108 1107/938/1107
f 1175/937/1175 1172/936/1172 1106/935/1106
f 1172/934/1172 1105/933/1105 1106/932/1106
f 1172/931/1172 1175/930/1175 1174/929/1174
f 1111/928/1111 1174/1167/1174 1109/1166/1109
f 1039/1165/1039 954/1164/954 953/1163/953
f 880/1162/880 879/1161/879 878/1160/878
f 878/1159/878 877/1158/877 880/1157/880
f 1038/1156/1038 1107/1155/1107 1108/1154/1108
f 1105/1153/1105 880/1152/880 877/1391/877
f 1037/1390/1037 1036/1389/1036 879/1388/879
f 1037/1387/1037 1035/1386/1035 1034/1385/1034
f 1108/1384/1108 1039/1383/1039 1038/1382/1038
f 1033/1381/1033 1032/1380/1032 954/1379/954
f 1033/1378/1033 952/1377/952 951/1376/951
f 953/1621/953 1038/1620/1038 1039/1619/1039
f 1035/1618/1035 951/1617/951 952/1616/952
f 952/1615/952 1034/1614/1034 1035/1613/1035
f 1036/1612/1036 1037/1611/1037 1034/699/1034
f 1032/1610/1032 1033/1609/1033 951/1608/951
f 1176/1607/1176 1173/1606/1173 1107/1860/1107
f 1109/1859/1109 1110/1858/1110 1111/1857/1111
f 877/1856/877 1106/1855/1106 1105/1854/1105
f 1036/1853/1036 878/698/878 879/1852/879
f 1171/1851/1171 51/1850/51 50/1849/50
f 50/1848/50 49/1847/49 1171/1846/1171
f 1031/1845/1031 950/2085/950 878/2084/878
f 876/3044/876 875/3043/875 874/3042/874
f 589/2083/589 432/2082/432 431/2081/431
f 795/2080/795 794/2079/794 793/2078/793
f 793/2078/793 792/2077/792 795/2080/795
f 791/2076/791 790/2075/790 789/2074/789
f 789/2073/789 788/2072/788 791/2071/791
f 588/2070/588 431/3041/431 430/2325/430
f 429/2324/429 587/2323/587 586/2322/586
f 585/2321/585 668/2320/668 667/2319/667
f 666/2318/666 742/2317/742 665/2316/665
f 741/2315/741 740/2314/740 739/2313/739
f 739/2312/739 738/2311/738 741/2310/741
f 737/2565/737 736/2564/736 735/2563/735
f 735/2562/735 734/2561/734 737/2560/737
f 512/2559/512 511/2558/511 510/2557/510
f 588/2556/588 584/2555/584 509/3042/509
f 508/2562/508 509/2561/509 507/2560/507
f 507/2565/507 510/2564/510 508/2563/508
f 506/2554/506 505/2553/505 504/2552/504
f 511/2551/511 508/2550/508 510/2805/510
f 511/2804/511 512/2803/512 503/2802/503
f 664/2801/664 504/2800/504 505/2799/505
f 584/2798/584 507/2797/507 509/2796/509
f 584/2795/584 588/2794/588 430/2793/430
f 586/2792/586 428/2791/428 429/2790/429
f 505/3037/505 665/3036/665 664/3035/664
f 431/3034/431 429/3033/429 428/3032/428
f 428/3031/428 430/3030/430 431/3029/431
f 512/3028/512 506/3027/506 503/3026/503
f 504/3025/504 503/3024/503 506/3023/506
f 667/3022/667 663/3264/663 585/3263/585
f 733/3262/733 732/3261/732 663/3260/663
f 733/3259/733 586/3258/586 587/3257/587
f 732/3256/732 733/3255/733 587/3254/587
f 742/3253/742 664/3252/664 665/3251/665
f 742/3250/742 666/3249/666 668/3502/668
f 732/3501/732 585/3500/585 663/3499/663
f 666/3498/666 667/3497/667 668/3496/668
f 875/3042/875 876/3041/876 873/3044/873
f 872/3726/872 871/3961/871 870/3960/870
f 870/3959/870 869/3958/869 872/3957/872
f 868/3956/868 867/3955/867 866/3954/866
f 866/3953/866 865/3952/865 868/3951/868
f 864/3950/864 863/3949/863 949/3948/949
f 949/3948/949 862/3947/862 864/3950/864
f 787/3946/787 786/216/786 785/215/785
f 786/215/786 787/214/787 784/3946/784
f 731/3726/731 730/3961/730 729/3960/729
f 729/3959/729 728/3958/728 731/3957/731
f 727/3956/727 726/3955/726 725/3954/725
f 725/3953/725 724/3952/724 727/3951/727
f 783/3950/783 782/3949/782 781/3948/781
f 781/3948/781 780/3947/780 783/3950/783
f 662/3946/662 583/216/583 661/215/661
f 583/215/583 662/214/662 582/3946/582
f 502/213/502 501/212/501 500/211/500
f 581/210/581 427/209/427 499/208/499
f 498/207/498 502/206/502 500/205/500
f 498/204/498 497/203/497 496/202/496
f 581/201/581 580/438/580 426/437/426
f 580/436/580 425/435/425 426/434/426
f 580/433/580 581/432/581 499/431/499
f 501/430/501 424/691/424 423/690/423
f 351/429/351 298/428/298 297/427/297
f 350/426/350 297/425/297 298/689/298
f 296/688/296 295/687/295 294/686/294
f 294/685/294 293/684/293 296/683/296
f 349/682/349 496/681/496 497/680/497
f 425/679/425 296/678/296 293/677/293
f 422/676/422 421/675/421 295/674/295
f 422/927/422 348/926/348 347/925/347
f 497/924/497 351/923/351 349/922/349
f 346/921/346 350/920/350 298/919/298
f 346/918/346 345/917/345 344/916/344
f 297/915/297 349/914/349 351/913/351
f 348/912/348 579/1375/579 578/1374/578
f 345/1151/345 343/424/343 342/423/342
f 421/1150/421 422/1149/422 347/215/347
f 350/1148/350 346/1147/346 344/1146/344
f 502/1145/502 498/1144/498 496/1143/496
f 427/1142/427 577/1605/577 576/1604/576
f 293/1373/293 426/1372/426 425/1371/425
f 421/1370/421 294/214/294 295/1369/295
f 575/1368/575 660/2069/660 659/2068/659
f 574/1367/574 495/911/495 494/910/494
f 420/1366/420 292/1365/292 294/1364/294
f 291/2789/291 236/3021/236 290/3020/290
f 236/3020/236 291/3054/291 235/2789/235
f 174/3019/174 234/3018/234 233/3017/233
f 233/3016/233 173/3015/173 174/3014/174
f 172/3013/172 171/3012/171 170/3011/170
f 170/3010/170 232/3009/232 172/3008/172
f 231/3007/231 230/3248/230 229/3247/229
f 229/3247/229 228/3246/228 231/3007/231
f 107/2789/107 106/3021/106 105/3020/105
f 106/3020/106 107/3054/107 104/2789/104
f 48/3245/48 1170/3244/1170 1169/3243/1169
f 47/3242/47 1104/3241/1104 1168/3240/1168
f 46/3239/46 48/3238/48 1169/3237/1169
f 46/3236/46 1167/3235/1167 1166/3234/1166
f 47/3233/47 45/3495/45 1103/3494/1103
f 45/3493/45 1102/3492/1102 1103/3491/1103
f 45/3490/45 47/3489/47 1168/3488/1168
f 1170/3487/1170 1168/3486/1168 1104/3485/1104
f 1030/3484/1030 1029/3483/1029 1028/3482/1028
f 1101/3481/1101 1028/3480/1028 1029/3725/1029
f 948/3724/948 963/3723/963 964/3722/964
f 964/3721/964 947/3720/947 948/3719/948
f 1027/3718/1027 1166/3717/1166 1167/3716/1167
f 1102/3715/1102 948/3714/948 947/3713/947
f 1100/3712/1100 1119/3711/1119 963/3710/963
f 1100/3945/1100 1026/3944/1026 1025/3943/1025
f 1167/3942/1167 1030/3941/1030 1027/3940/1027
f 1099/3939/1099 1101/3938/1101 1029/3937/1029
f 1099/3936/1099 1024/3935/1024 1023/3934/1023
f 1028/3933/1028 1027/3932/1027 1030/3931/1030
f 1026/3930/1026 1023/200/1023 1024/199/1024
f 1024/198/1024 1025/197/1025 1026/196/1026
f 1119/195/1119 1100/194/1100 1025/3020/1025
f 1101/193/1101 1099/192/1099 1023/191/1023
f 48/190/48 46/189/46 1166/188/1166
f 1104/187/1104 1169/186/1169 1170/185/1170
f 947/422/947 1103/421/1103 1102/420/1102
f 1098/3929/1098 1097/3928/1097 1096/3927/1096
f 1165/3926/1165 1022/3925/1022 1095/3924/1095
f 1094/3923/1094 1098/3922/1098 1096/3921/1096
f 1094/3920/1094 1093/3919/1093 1092/3918/1092
f 1165/3917/1165 1164/184/1164 1021/183/1021
f 1164/182/1164 1020/181/1020 1021/180/1021
f 1164/179/1164 1165/178/1165 1095/177/1095
f 1097/176/1097 103/2788/103 169/2787/169
f 946/175/946 861/174/861 945/173/945
f 944/172/944 945/171/945 861/419/861
f 860/418/860 859/417/859 858/416/858
f 858/415/858 857/414/857 860/413/860
f 943/412/943 1092/411/1092 1093/410/1093
f 1020/409/1020 860/408/860 857/407/857
f 1019/406/1019 1018/405/1018 859/404/859
f 1019/673/1019 942/672/942 941/671/941
f 1093/670/1093 946/669/946 943/668/943
f 940/667/940 944/666/944 861/665/861
f 940/664/940 939/663/939 938/662/938
f 945/661/945 943/660/943 946/659/946
f 942/658/942 227/3709/227 226/3479/226
f 939/909/939 102/2309/102 101/2308/101
f 1018/908/1018 1019/907/1019 941/906/941
f 944/905/944 940/904/940 938/903/938
f 1098/902/1098 1094/901/1094 1092/900/1092
f 1022/899/1022 225/3478/225 168/3477/168
f 857/1141/857 1021/1140/1021 1020/1139/1020
f 1018/1138/1018 858/1137/858 859/1136/859
f 1163/1135/1163 289/3916/289 288/3915/288
f 1162/1134/1162 167/3006/167 166/3005/166
f 1017/1133/1017 856/1132/856 858/1131/858
f 102/2309/102 224/3476/224 101/2308/101
f 226/3475/226 941/898/941 942/897/942
f 101/2307/101 100/2549/100 939/896/939
f 100/2549/100 938/895/938 939/896/939
f 103/2788/103 223/3232/223 169/2787/169
f 168/3231/168 1095/170/1095 1022/169/1022
f 169/2786/169 165/2785/165 1097/1130/1097
f 165/2785/165 1096/894/1096 1097/1130/1097
f 167/3006/167 287/3914/287 166/3005/166
f 288/3913/288 1161/1129/1161 1163/1128/1163
f 166/3004/166 164/3003/164 1162/1127/1162
f 164/3003/164 1160/1126/1160 1162/1127/1162
f 223/3232/223 1095/170/1095 168/3231/168
f 223/3232/223 168/3231/168 169/2787/169
f 225/3478/225 165/2785/165 168/3477/168
f 168/3477/168 165/2785/165 169/2786/169
f 224/3476/224 226/3475/226 101/2308/101
f 224/3476/224 941/898/941 226/3475/226
f 226/3479/226 227/3709/227 101/2307/101
f 227/3709/227 100/2549/100 101/2307/101
f 289/3916/289 164/3003/164 288/3915/288
f 288/3915/288 164/3003/164 166/3004/166
f 287/3914/287 1161/1129/1161 288/3913/288
f 287/3914/287 288/3913/288 166/3005/166
f 343/424/343 573/1363/573 342/423/342
f 578/1362/578 347/1125/347 348/1124/348
f 342/403/342 419/402/419 345/1123/345
f 419/402/419 344/1122/344 345/1123/345
f 424/691/424 572/1603/572 423/690/423
f 576/1602/576 499/401/499 427/400/427
f 423/893/423 418/892/418 501/1121/501
f 418/892/418 500/1120/500 501/1121/501
f 495/911/495 658/2067/658 494/910/494
f 659/2066/659 571/1361/571 575/1360/575
f 494/891/494 493/890/493 574/1359/574
f 493/890/493 570/1358/570 574/1359/574
f 573/1363/573 578/1362/578 342/423/342
f 573/1363/573 347/1125/347 578/1362/578
f 578/1374/578 579/1375/579 342/403/342
f 579/1375/579 419/402/419 342/403/342
f 577/1605/577 418/892/418 576/1604/576
f 576/1604/576 418/892/418 423/893/423
f 572/1603/572 499/401/499 576/1602/576
f 572/1603/572 576/1602/576 423/690/423
f 660/2069/660 493/890/493 659/2068/659
f 659/2068/659 493/890/493 494/891/494
f 658/2067/658 571/1361/571 659/2066/659
f 658/2067/658 659/2066/659 494/910/494
f 1202/2080/1202 1201/2079/1201 1200/2078/1200
f 1200/2078/1200 1199/2077/1199 1202/2080/1202
f 1194/2315/1194 1193/2314/1193 1192/2313/1192
f 1192/2312/1192 1191/2311/1191 1194/2310/1194
