# fff017fc_00199_00417969
o fff017fc_00199_00417969
v -0.654073 -6.191401 0.572552
v -0.723266 -6.164584 0.516749
v -0.150648 6.415853 0.970347
v -0.241038 6.421709 0.904122
v -0.715434 -6.166924 0.639234
v -0.770496 -6.147637 0.576988
v -0.242810 6.414110 1.027844
v -0.299466 6.417599 0.965794
v -0.262471 1.650499 0.539890
v -0.261754 1.739961 0.539890
v -0.262471 1.650499 -0.499634
v -0.261754 1.739961 -0.499634
v -0.338340 1.658929 0.539890
v -0.324221 1.746114 0.539890
v -0.325047 1.645414 -0.499634
v -0.337760 1.732798 -0.499634
v -0.240018 1.626567 -0.458538
v -0.238857 1.762142 -0.458538
v -0.334514 1.621770 -0.458538
v -0.346717 1.755302 -0.458538
v -0.340950 1.638666 -0.417666
v -0.332036 1.766246 -0.425422
v -0.241221 1.627791 -0.427667
v -0.247899 1.753256 -0.413174
v -0.310458 -1.554978 0.539890
v -0.309654 -1.465516 0.539890
v -0.310458 -1.554978 -0.499634
v -0.309654 -1.465516 -0.499634
v -0.386267 -1.546509 0.539890
v -0.372067 -1.459348 0.539890
v -0.372965 -1.560049 -0.499634
v -0.385598 -1.472640 -0.499634
v -0.276578 -1.579031 -0.458538
v -0.275417 -1.443457 -0.458538
v -0.371010 -1.583831 -0.458538
v -0.383284 -1.450309 -0.458538
v -0.377446 -1.566944 -0.417669
v -0.368598 -1.439354 -0.425419
v -0.277781 -1.577808 -0.427667
v -0.284459 -1.452343 -0.413174
v -0.208162 4.823127 -0.458538
v -0.207055 4.947892 -0.458538
v -0.302653 4.818335 -0.458538
v -0.314982 4.941043 -0.458538
v -0.309089 4.835227 -0.417667
v -0.300301 4.951991 -0.425421
v -0.209364 4.824350 -0.427669
v -0.216100 4.939005 -0.413172
v -0.225972 4.839206 0.539890
v -0.225255 4.928668 0.539890
v -0.225972 4.839206 -0.499634
v -0.225255 4.928668 -0.499634
v -0.301780 4.847636 0.539890
v -0.287661 4.934822 0.539890
v -0.288487 4.834121 -0.499634
v -0.301200 4.921505 -0.499634
v -0.343906 -4.497525 0.539890
v -0.343102 -4.408060 0.539890
v -0.343906 -4.497525 -0.499634
v -0.343102 -4.408060 -0.499634
v -0.419775 -4.489054 0.539890
v -0.405577 -4.401896 0.539890
v -0.406475 -4.502593 -0.499634
v -0.419106 -4.415187 -0.499634
v -0.310025 -4.521579 -0.458538
v -0.308864 -4.386004 -0.458538
v -0.404518 -4.526376 -0.458538
v -0.416792 -4.392856 -0.458538
v -0.410955 -4.509490 -0.417669
v -0.402107 -4.381901 -0.425419
v -0.311228 -4.520355 -0.427667
v -0.317906 -4.394890 -0.413174
v -0.427022 -5.159791 0.535312
v -0.454005 -5.156219 0.575443
v -0.391955 -5.164155 0.637883
v -0.329896 -5.168406 0.575073
v -0.386650 -5.163734 0.513219
v -1.081416 -6.818973 0.576719
v -1.123282 -6.786538 0.515815
v -1.123059 -6.786686 0.637860
v -1.180976 -6.743102 0.576990
v -7.422805 -10.303354 0.576715
v -7.451764 -10.237041 0.515756
v -7.451591 -10.237293 0.638006
v -7.473191 -10.188654 0.576997
v -8.624763 -10.796885 0.576713
v -8.646220 -10.738001 0.514193
v -8.646055 -10.738265 0.639524
v -8.670500 -10.680520 0.576997
v -12.370890 -11.657193 0.576711
v -12.374518 -11.594424 0.514207
v -12.374381 -11.594735 0.639510
v -12.382756 -11.532514 0.576999
v -13.749855 -11.633080 0.576710
v -13.741856 -11.570988 0.514222
v -13.741756 -11.571308 0.639496
v -13.739715 -11.508700 0.576996
v -14.321198 -11.445518 0.576701
v -14.284332 -11.394741 0.514217
v -14.284465 -11.395096 0.639499
v -14.252746 -11.341771 0.577004
v -14.871459 -11.067868 0.576708
v -14.828444 -11.022009 0.514210
v -14.828608 -11.022338 0.639507
v -14.789445 -10.973239 0.577006
v -15.181690 -10.708615 0.576715
v -15.129174 -10.674809 0.514231
v -15.129352 -10.675080 0.639486
v -15.080322 -10.635716 0.576998
v -15.371469 -10.231693 0.576725
v -15.309274 -10.223219 0.514276
v -15.309514 -10.223394 0.639441
v -15.249221 -10.205884 0.576993
v -15.239603 -8.984673 0.576709
v -15.192902 -8.935436 0.514889
v -15.193038 -8.935715 0.638831
v -15.130411 -8.869812 0.577006
v -17.023111 -8.684850 0.576735
v -17.016773 -8.621928 0.514188
v -17.016623 -8.622165 0.639527
v -17.009499 -8.558131 0.576989
v -17.884047 -8.538013 0.576726
v -17.875463 -8.469401 0.514185
v -17.875368 -8.469654 0.639532
v -17.864733 -8.401525 0.576978
v -20.600115 -7.995480 0.576716
v -20.580191 -7.943180 0.515369
v -20.580153 -7.943480 0.638312
v -20.556953 -7.874811 0.576989
v -27.402929 -4.810659 0.576725
v -27.350479 -4.758730 0.515602
v -27.350563 -4.758996 0.638151
v -27.311670 -4.719271 0.576986
v -28.818834 -3.215299 0.576726
v -28.770287 -3.173099 0.514195
v -28.770380 -3.173359 0.639522
v -28.724018 -3.128373 0.576985
v -30.820656 0.146477 0.576724
v -30.762278 0.173035 0.514229
v -30.762447 0.172807 0.639488
v -30.706491 0.205547 0.576985
v -31.013145 1.125745 0.576723
v -30.948713 1.122048 0.514265
v -30.948948 1.121922 0.639451
v -30.884087 1.127180 0.576984
v -30.777685 1.997058 0.576724
v -30.717806 1.972678 0.514212
v -30.718098 1.972644 0.639505
v -30.656239 1.953205 0.576985
v -30.558346 2.360600 0.576729
v -30.506266 2.324762 0.514243
v -30.506531 2.324769 0.639474
v -30.449736 2.294359 0.576982
v -30.191971 2.643528 0.576732
v -30.158253 2.588793 0.514216
v -30.158489 2.588919 0.639500
v -30.120035 2.536589 0.576981
v -26.010689 4.263927 0.576698
v -25.937183 4.249173 0.515012
v -25.937510 4.249127 0.638710
v -25.876699 4.203449 0.577014
v -26.780558 6.020669 0.576686
v -26.765165 6.092649 0.515084
v -26.765202 6.092273 0.638636
v -26.719250 6.151264 0.577036
v -31.613720 4.218512 0.576704
v -31.652321 4.265663 0.514247
v -31.651993 4.265443 0.639470
v -31.683819 4.316294 0.577013
v -32.482296 3.461032 0.576704
v -32.530533 3.498326 0.514217
v -32.530167 3.498181 0.639501
v -32.574314 3.539306 0.577012
v -33.177597 2.423608 0.576701
v -33.235573 2.442631 0.514242
v -33.235180 2.442616 0.639476
v -33.289749 2.468132 0.577012
v -33.478786 1.215778 0.576688
v -33.539639 1.211105 0.514283
v -33.539215 1.211236 0.639435
v -33.599453 1.216120 0.577019
v -33.151356 -0.295342 0.576678
v -33.207249 -0.319643 0.514224
v -33.206810 -0.319361 0.639494
v -33.264473 -0.337737 0.577031
v -31.112215 -3.987446 0.576676
v -31.159586 -4.025723 0.514196
v -31.159222 -4.025324 0.639521
v -31.208317 -4.060362 0.577036
v -29.107122 -6.488523 0.576670
v -29.149199 -6.532415 0.514219
v -29.148863 -6.531974 0.639500
v -29.194649 -6.571548 0.577040
v -21.269205 -10.256675 0.576666
v -21.284197 -10.326855 0.516297
v -21.284098 -10.326294 0.637507
v -21.295198 -10.374643 0.577045
v -17.968781 -10.867817 0.576649
v -18.014637 -10.908808 0.514633
v -18.014261 -10.908360 0.639085
v -18.043890 -10.961455 0.577061
v -17.417534 -12.078752 0.576662
v -17.467567 -12.113185 0.514200
v -17.467049 -12.112853 0.639516
v -17.519218 -12.143740 0.577051
v -16.835802 -12.909684 0.576660
v -16.878942 -12.952032 0.514252
v -16.878468 -12.951649 0.639466
v -16.926954 -12.988096 0.577052
v -15.900679 -13.521464 0.576659
v -15.925763 -13.576882 0.514199
v -15.925463 -13.576325 0.639518
v -15.954077 -13.629778 0.577052
v -14.629748 -14.054957 0.576659
v -14.645952 -14.113124 0.514236
v -14.645712 -14.112549 0.639482
v -14.668593 -14.168674 0.577053
v -12.659148 -14.183133 0.576658
v -12.654014 -14.243645 0.514217
v -12.654030 -14.243015 0.639500
v -12.654574 -14.303785 0.577053
v -8.063828 -13.259141 0.576657
v -8.045246 -13.317150 0.514197
v -8.045440 -13.316536 0.639520
v -8.030524 -13.375283 0.577054
v -6.371026 -12.593343 0.576658
v -6.350326 -12.639711 0.515884
v -6.350597 -12.639143 0.637746
v -6.322762 -12.704062 0.577055
v 0.761491 -8.600442 0.576653
v 0.816271 -8.646194 0.516179
v 0.815768 -8.645787 0.637632
v 0.853223 -8.678729 0.577058
v 1.869790 -7.109534 0.576646
v 1.927499 -7.127405 0.514234
v 1.926831 -7.127214 0.639478
v 1.982190 -7.151710 0.577063
v 2.328519 -5.586748 0.576625
v 2.365683 -5.651755 0.514815
v 2.365072 -5.651159 0.638901
v 2.423673 -5.699321 0.577092
v 18.255384 -5.441958 0.576609
v 18.311848 -5.477197 0.515200
v 18.311359 -5.476708 0.638518
v 18.343988 -5.535360 0.577108
v 18.259613 -2.521013 0.576596
v 18.296175 -2.458837 0.515365
v 18.295683 -2.459438 0.638355
v 18.357847 -2.423137 0.577112
v 2.541335 -2.514106 0.576603
v 2.601795 -2.477655 0.515061
v 2.601301 -2.478221 0.638651
v 2.638842 -2.418888 0.577116
v 2.527068 6.392790 0.969696
v 2.597512 6.398364 0.907351
v 2.596466 6.391641 1.032333
v 2.666106 6.396857 0.970312
v 2.472964 15.488959 0.969626
v 2.542427 15.498155 0.907185
v 2.541611 15.498025 1.032490
v 2.611265 15.501878 0.970042
v 2.046659 16.909481 0.969625
v 2.108669 16.942457 0.907178
v 2.107929 16.942032 1.032496
v 2.171499 16.970587 0.970045
v 1.188677 18.352293 0.969623
v 1.241586 18.398359 0.907188
v 1.240946 18.397789 1.032487
v 1.297253 18.439116 0.970047
v 0.146086 19.274612 0.969623
v 0.184682 19.333071 0.907183
v 0.184223 19.332350 1.032492
v 0.226966 19.387642 0.970047
v -1.091828 19.870623 0.969619
v -1.073636 19.937956 0.907214
v -1.073884 19.937134 1.032461
v -1.048167 20.002136 0.970050
v -10.138909 20.095749 0.576651
v -10.133011 20.165602 0.514233
v -10.135695 20.165012 0.639521
v -10.131553 20.234638 0.576864
v -10.915934 20.193878 0.576642
v -10.893623 20.260525 0.514206
v -10.893882 20.259693 0.639511
v -10.876745 20.327278 0.577069
v -11.614255 20.502493 0.576636
v -11.571478 20.557854 0.514244
v -11.572015 20.557135 0.639473
v -11.536097 20.617222 0.577076
v -12.203381 21.210302 0.576641
v -12.143745 21.246078 0.514227
v -12.144481 21.245605 0.639489
v -12.088238 21.287443 0.577075
v -12.531344 22.247276 0.576645
v -12.463103 22.261684 0.514208
v -12.463925 22.261490 0.639509
v -12.396787 22.281023 0.577069
v -12.620634 28.405190 0.576645
v -12.560663 28.417843 0.515300
v -12.561482 28.417690 0.638340
v -12.485262 28.430363 0.577067
v -0.142431 15.136647 0.965913
v -0.228757 15.130269 0.903553
v -0.228428 15.130288 1.028561
v -0.291059 15.128995 0.966200
v -0.342349 15.812492 0.965911
v -0.400955 15.790811 0.903550
v -0.400632 15.790915 1.028563
v -0.460938 15.773698 0.966201
v -0.580748 16.256193 0.965907
v -0.631464 16.219194 0.903541
v -0.631149 16.219393 1.028573
v -0.683907 16.185600 0.966205
v -1.250872 17.077433 0.965906
v -1.294469 17.033506 0.903581
v -1.294183 17.033737 1.028533
v -1.343026 16.994568 0.966207
v -2.086993 17.569857 0.965904
v -2.104782 17.510305 0.903627
v -2.104614 17.510647 1.028486
v -2.131738 17.453640 0.966208
v -5.655955 17.773920 0.965825
v -5.657706 17.711351 0.903571
v -5.660349 17.711853 1.028569
v -5.663282 17.649147 0.966247
v -10.021587 17.764444 0.572887
v -10.025448 17.701693 0.510560
v -10.028079 17.702194 0.635554
v -10.030023 17.639715 0.573310
v -11.741531 17.923952 0.572928
v -11.762686 17.864464 0.510585
v -11.762526 17.864819 0.635573
v -11.777840 17.804564 0.573231
v -13.724794 18.710007 0.572929
v -13.770679 18.666605 0.510676
v -13.770403 18.666851 0.635480
v -13.807260 18.616693 0.573232
v -14.713925 20.065861 0.572936
v -14.777437 20.047842 0.510598
v -14.777102 20.047922 0.635557
v -14.837668 20.023104 0.573224
v -15.227212 22.010069 0.572935
v -15.292539 22.000362 0.510571
v -15.292191 22.000397 0.635586
v -15.356455 21.985716 0.573221
v -15.202147 28.402449 0.572934
v -15.258440 28.394123 0.511866
v -15.258094 28.394138 0.634246
v -15.331923 28.385870 0.573222
v 2.596768 4.623704 0.514374
v 2.663999 4.622692 0.577373
v 2.595307 4.641546 0.639314
v 2.529149 4.642641 0.576382
v -0.256334 4.956634 0.510932
v -0.307194 4.969734 0.549600
v -0.318902 4.967420 0.573060
v -0.256921 4.953146 0.635428
v -0.194186 4.946281 0.573705
v -5.725922 20.053928 1.032484
v -5.705731 20.121931 0.969855
v -5.718389 20.054195 0.907191
v -5.738696 19.986080 0.969827
v -7.789124 -10.428693 0.539890
v -7.706485 -10.394494 0.539890
v -7.789124 -10.428693 -0.499634
v -7.706485 -10.394494 -0.499634
v -7.810984 -10.355577 0.539890
v -7.725130 -10.334621 0.539890
v -7.818255 -10.373131 -0.499634
v -7.742658 -10.327339 -0.499634
v -7.798041 -10.469275 -0.458538
v -7.672851 -10.417378 -0.458538
v -7.839311 -10.384227 -0.458538
v -7.721201 -10.320753 -0.458538
v -7.826285 -10.371715 -0.417672
v -7.705362 -10.330012 -0.425412
v -7.797384 -10.467689 -0.427663
v -7.684552 -10.412525 -0.413181
v -10.976709 -11.311501 0.539890
v -10.889550 -11.291413 0.539890
v -10.976709 -11.311501 -0.499634
v -10.889550 -11.291413 -0.499634
v -10.986197 -11.235776 0.539890
v -10.898052 -11.229283 0.539890
v -10.996268 -11.251890 -0.499634
v -10.914138 -11.219208 -0.499634
v -10.992211 -11.350060 -0.458538
v -10.860191 -11.319541 -0.458538
v -11.018909 -11.259368 -0.458538
v -10.891883 -11.216253 -0.458538
v -11.003993 -11.249170 -0.417670
v -10.877788 -11.228009 -0.425410
v -10.991302 -11.348604 -0.427665
v -10.870926 -11.312821 -0.413184
v -13.727885 -11.608708 0.539890
v -13.638408 -11.610309 0.539890
v -13.727885 -11.608708 -0.499634
v -13.638408 -11.610309 -0.499634
v -13.718736 -11.532948 0.539890
v -13.631686 -11.547947 0.539890
v -13.732402 -11.546131 -0.499634
v -13.644849 -11.534303 -0.499634
v -13.752298 -11.642371 -0.458538
v -13.616750 -11.644715 -0.458538
v -13.756199 -11.547912 -0.458538
v -13.622526 -11.536823 -0.458538
v -13.739266 -11.541637 -0.417673
v -13.611694 -11.551637 -0.425411
v -13.751062 -11.641178 -0.427662
v -13.625541 -11.635598 -0.413183
v -15.227355 -8.985905 0.539890
v -15.236755 -9.074939 0.539890
v -15.227355 -8.985905 -0.499634
v -15.236755 -9.074939 -0.499634
v -15.152690 -9.001666 0.539890
v -15.175187 -9.087050 0.539890
v -15.164609 -8.986919 -0.499634
v -15.160453 -9.075121 -0.499634
v -15.258802 -8.958660 -0.458538
v -15.272966 -9.093476 -0.458538
v -15.164314 -8.963010 -0.458538
v -15.164973 -9.097161 -0.458538
v -15.159540 -8.980433 -0.417671
v -15.180676 -9.106653 -0.425412
v -15.257722 -8.959995 -0.427662
v -15.263117 -9.085516 -0.413184
v -17.992540 -8.480871 0.542976
v -17.904612 -8.498001 0.542976
v -17.992540 -8.480871 -0.496548
v -17.904612 -8.498001 -0.496548
v -17.970308 -8.407869 0.542976
v -17.887178 -8.437725 0.542976
v -17.986031 -8.418447 -0.496548
v -17.897779 -8.422004 -0.496548
v -18.022367 -8.509839 -0.455452
v -17.889317 -8.535691 -0.455452
v -18.009861 -8.416094 -0.455452
v -17.876226 -8.428429 -0.455452
v -17.992081 -8.412846 -0.414582
v -17.868139 -8.444901 -0.422325
v -18.020945 -8.508879 -0.424580
v -17.896387 -8.525186 -0.410098
v -20.339811 -7.943765 0.539890
v -20.427660 -7.926657 0.539890
v -20.339811 -7.943765 -0.499634
v -20.427660 -7.926657 -0.499634
v -20.361954 -8.016787 0.539890
v -20.445097 -7.986935 0.539890
v -20.346214 -8.006173 -0.499634
v -20.434496 -8.002656 -0.499634
v -20.309900 -7.914833 -0.458538
v -20.442959 -7.888968 -0.458538
v -20.322491 -8.008586 -0.458538
v -20.456051 -7.996229 -0.458538
v -20.340261 -8.011819 -0.417672
v -20.464136 -7.979758 -0.425412
v -20.311325 -7.915793 -0.427661
v -20.435888 -7.899474 -0.413184
v -27.999166 -7.288058 0.576669
v -28.034075 -7.324151 0.515965
v -28.033764 -7.323694 0.637672
v -28.080545 -7.376258 0.577043
v -21.170988 -10.297384 0.539890
v -21.258837 -10.280275 0.539890
v -21.170988 -10.297384 -0.499634
v -21.258837 -10.280275 -0.499634
v -21.193130 -10.370405 0.539890
v -21.276274 -10.340553 0.539890
v -21.177391 -10.359792 -0.499634
v -21.265673 -10.356275 -0.499634
v -21.141077 -10.268452 -0.458538
v -21.274136 -10.242587 -0.458538
v -21.153667 -10.362205 -0.458538
v -21.287228 -10.349848 -0.458538
v -21.171438 -10.365438 -0.417672
v -21.295313 -10.333377 -0.425412
v -21.142502 -10.269412 -0.427661
v -21.267065 -10.253093 -0.413184
v -18.038237 -10.868059 0.539890
v -18.126085 -10.850950 0.539890
v -18.038237 -10.868059 -0.499634
v -18.126085 -10.850950 -0.499634
v -18.060379 -10.941080 0.539890
v -18.143522 -10.911228 0.539890
v -18.044640 -10.930467 -0.499634
v -18.132921 -10.926950 -0.499634
v -18.008326 -10.839127 -0.458538
v -18.141384 -10.813262 -0.458538
v -18.020916 -10.932879 -0.458538
v -18.154476 -10.920523 -0.458538
v -18.038687 -10.936112 -0.417672
v -18.162561 -10.904052 -0.425412
v -18.009750 -10.840087 -0.427661
v -18.134314 -10.823768 -0.413184
v -27.361536 -4.704379 0.539890
v -27.420832 -4.637325 0.539890
v -27.361536 -4.704379 -0.499634
v -27.420832 -4.637325 -0.499634
v -27.423567 -4.748830 0.539890
v -27.471369 -4.674524 0.539890
v -27.404627 -4.749992 -0.499634
v -27.472530 -4.693459 -0.499634
v -27.320154 -4.699630 -0.458538
v -27.410091 -4.598108 -0.458538
v -27.387266 -4.766350 -0.458538
v -27.485657 -4.675240 -0.458538
v -27.403328 -4.758092 -0.417672
v -27.482056 -4.657269 -0.425417
v -27.321871 -4.699524 -0.427656
v -27.410866 -4.610750 -0.413183
v -30.678843 0.103816 0.539890
v -30.724220 0.180946 0.539890
v -30.678843 0.103816 -0.499634
v -30.724220 0.180946 -0.499634
v -30.748171 0.072005 0.539890
v -30.780970 0.154086 0.539890
v -30.729803 0.067262 -0.499634
v -30.785727 0.135698 -0.499634
v -30.637341 0.100578 -0.458538
v -30.706226 0.217397 -0.458538
v -30.715939 0.047892 -0.458538
v -30.795128 0.156105 -0.458538
v -30.730131 0.059064 -0.417672
v -30.788164 0.173057 -0.425417
v -30.639004 0.101009 -0.427657
v -30.709400 0.205134 -0.413182
v -29.426401 -1.999970 0.539890
v -29.471779 -1.922840 0.539890
v -29.426401 -1.999970 -0.499634
v -29.471779 -1.922840 -0.499634
v -29.495729 -2.031782 0.539890
v -29.528528 -1.949700 0.539890
v -29.477362 -2.036524 -0.499634
v -29.533285 -1.968089 -0.499634
v -29.384899 -2.003209 -0.458538
v -29.453785 -1.886389 -0.458538
v -29.463497 -2.055895 -0.458538
v -29.542686 -1.947682 -0.458538
v -29.477690 -2.044723 -0.417672
v -29.535723 -1.930730 -0.425417
v -29.386562 -2.002778 -0.427657
v -29.456959 -1.898652 -0.413182
v -30.079372 2.581053 0.539890
v -29.995268 2.611661 0.539890
v -30.079372 2.581053 -0.499634
v -29.995268 2.611661 -0.499634
v -30.098099 2.655043 0.539890
v -30.011438 2.672385 0.539890
v -30.106102 2.637822 -0.499634
v -30.028637 2.680387 -0.499634
v -30.090137 2.540841 -0.458538
v -29.962744 2.587276 -0.458538
v -30.127640 2.627713 -0.458538
v -30.006800 2.685863 -0.458538
v -30.114067 2.639638 -0.417670
v -29.991400 2.675924 -0.425417
v -30.089411 2.542398 -0.427659
v -29.974222 2.592633 -0.413182
v -26.064480 4.155925 0.539890
v -25.980375 4.186533 0.539890
v -26.064480 4.155925 -0.499634
v -25.980375 4.186533 -0.499634
v -26.083206 4.229916 0.539890
v -25.996546 4.247258 0.539890
v -26.091209 4.212695 -0.499634
v -26.013744 4.255260 -0.499634
v -26.075245 4.115714 -0.458538
v -25.947851 4.162149 -0.458538
v -26.112747 4.202586 -0.458538
v -25.991907 4.260736 -0.458538
v -26.099174 4.214511 -0.417670
v -25.976507 4.250797 -0.425417
v -26.074518 4.117271 -0.427659
v -25.959330 4.167506 -0.413182
v -27.959921 3.410704 0.539890
v -27.876404 3.442772 0.539890
v -27.959921 3.410704 -0.499634
v -27.876404 3.442772 -0.499634
v -27.979984 3.484364 0.539890
v -27.893578 3.503199 0.539890
v -27.987690 3.466981 -0.499634
v -27.910919 3.510916 -0.499634
v -27.970034 3.370319 -0.458538
v -27.843449 3.418969 -0.458538
v -28.009043 3.456524 -0.458538
v -27.889215 3.516773 -0.458538
v -27.995680 3.468684 -0.417670
v -27.873646 3.507104 -0.425417
v -27.969334 3.371889 -0.427659
v -27.855017 3.424125 -0.413182
v -26.877951 6.006054 0.539890
v -26.794434 6.038123 0.539890
v -26.877951 6.006054 -0.499634
v -26.794434 6.038123 -0.499634
v -26.898014 6.079715 0.539890
v -26.811607 6.098549 0.539890
v -26.905720 6.062332 -0.499634
v -26.828949 6.106266 -0.499634
v -26.888063 5.965669 -0.458538
v -26.761478 6.014319 -0.458538
v -26.927073 6.051875 -0.458538
v -26.807245 6.112124 -0.458538
v -26.913710 6.064034 -0.417670
v -26.791676 6.102455 -0.425417
v -26.887363 5.967239 -0.427659
v -26.773046 6.019475 -0.413182
v -31.598166 4.244557 0.539890
v -31.514648 4.276625 0.539890
v -31.598166 4.244557 -0.499634
v -31.514648 4.276625 -0.499634
v -31.618229 4.318217 0.539890
v -31.531822 4.337052 0.539890
v -31.625935 4.300834 -0.499634
v -31.549164 4.344769 -0.499634
v -31.608278 4.204172 -0.458538
v -31.481693 4.252821 -0.458538
v -31.647287 4.290377 -0.458538
v -31.527460 4.350626 -0.458538
v -31.633924 4.302537 -0.417670
v -31.511890 4.340957 -0.425417
v -31.607578 4.205742 -0.427659
v -31.493261 4.257978 -0.413182
v -29.140097 5.161595 0.539890
v -29.056580 5.193663 0.539890
v -29.056580 5.193663 -0.499634
v -29.165426 5.227190 0.539890
v -29.081799 5.259356 0.539890
v -29.165977 5.204203 -0.499634
v -29.104757 5.259950 -0.499634
v -33.236225 2.295250 0.539890
v -33.214573 2.382043 0.539890
v -33.236225 2.295250 -0.499634
v -33.214573 2.382043 -0.499634
v -33.308086 2.321069 0.539890
v -33.273914 2.402653 0.539890
v -33.298260 2.304773 -0.499634
v -33.290184 2.392882 -0.499634
v -33.208923 2.263793 -0.458538
v -33.176189 2.395402 -0.458538
v -33.301884 2.281297 -0.458538
v -33.282616 2.413976 -0.458538
v -33.304180 2.299201 -0.417675
v -33.265762 2.421198 -0.425415
v -33.209808 2.265267 -0.427657
v -33.187046 2.388879 -0.413181
v -33.181900 -0.263366 0.539890
v -33.198902 -0.175554 0.539890
v -33.181900 -0.263366 -0.499634
v -33.198902 -0.175554 -0.499634
v -33.257908 -0.270321 0.539890
v -33.261387 -0.181945 0.539890
v -33.242107 -0.280946 -0.499634
v -33.271999 -0.197666 -0.499634
v -33.143833 -0.280328 -0.458538
v -33.169811 -0.147215 -0.458538
v -33.235504 -0.303752 -0.458538
v -33.274075 -0.175355 -0.458538
v -33.245152 -0.288490 -0.417674
v -33.261856 -0.161694 -0.425417
v -33.145260 -0.279366 -0.427656
v -33.176891 -0.157717 -0.413182
v -31.765137 -2.848605 0.539890
v -31.811138 -2.771894 0.539890
v -31.765137 -2.848605 -0.499634
v -31.811138 -2.771894 -0.499634
v -31.834215 -2.881119 0.539890
v -31.867661 -2.799270 0.539890
v -31.815731 -2.885710 -0.499634
v -31.872259 -2.817659 -0.499634
v -31.723577 -2.851511 -0.458538
v -31.793531 -2.735312 -0.458538
v -31.801666 -2.904880 -0.458538
v -31.881840 -2.797422 -0.458538
v -31.815956 -2.893840 -0.417673
v -31.875034 -2.780408 -0.425418
v -31.725246 -2.851094 -0.427657
v -31.796593 -2.747606 -0.413181
v -30.110754 -5.273867 0.539890
v -30.166378 -5.203815 0.539890
v -30.110754 -5.273867 -0.499634
v -30.166378 -5.203815 -0.499634
v -30.175014 -5.315116 0.539890
v -30.218849 -5.238332 0.539890
v -30.156094 -5.317257 -0.499634
v -30.221008 -5.257165 -0.499634
v -30.069191 -5.271317 -0.458538
v -30.153719 -5.165248 -0.458538
v -30.139637 -5.334426 -0.458538
v -30.233149 -5.238353 -0.458538
v -30.155249 -5.325346 -0.417672
v -30.228624 -5.220598 -0.425419
v -30.070900 -5.271122 -0.427657
v -30.155148 -5.177837 -0.413180
v -28.048883 -7.280287 0.539890
v -28.120745 -7.227017 0.539890
v -28.048883 -7.280287 -0.499634
v -28.120745 -7.227017 -0.499634
v -28.100286 -7.336756 0.539890
v -28.162483 -7.273940 0.539890
v -28.081457 -7.333931 -0.499634
v -28.159695 -7.292685 -0.499634
v -28.009392 -7.267059 -0.458538
v -28.118450 -7.186486 -0.458538
v -28.061075 -7.346251 -0.458538
v -28.176285 -7.277656 -0.458538
v -28.078510 -7.341524 -0.417671
v -28.176506 -7.259328 -0.425417
v -28.011093 -7.267313 -0.427659
v -28.116577 -7.199015 -0.413181
v -0.186067 7.079476 -0.065594
v -0.184960 7.204241 -0.065594
v -0.280558 7.074684 -0.065594
v -0.292887 7.197392 -0.065594
v -0.286994 7.091577 -0.024723
v -0.278207 7.208340 -0.032477
v -0.187269 7.080700 -0.034724
v -0.194006 7.195354 -0.020228
v -0.203878 7.095555 0.932835
v -0.203160 7.185018 0.932835
v -0.203878 7.095555 -0.106689
v -0.203160 7.185018 -0.106689
v -0.279686 7.103986 0.932835
v -0.265566 7.191172 0.932835
v -0.266393 7.090471 -0.106689
v -0.279105 7.177855 -0.106689
v -0.186067 9.291059 -0.065594
v -0.184960 9.415824 -0.065594
v -0.280558 9.286266 -0.065594
v -0.292887 9.408975 -0.065594
v -0.286994 9.303159 -0.024723
v -0.278207 9.419923 -0.032477
v -0.187269 9.292282 -0.034724
v -0.194006 9.406937 -0.020228
v -0.203878 9.307137 0.932835
v -0.203160 9.396600 0.932835
v -0.203878 9.307137 -0.106689
v -0.203160 9.396600 -0.106689
v -0.279686 9.315568 0.932835
v -0.265566 9.402754 0.932835
v -0.266393 9.302052 -0.106689
v -0.279105 9.389437 -0.106689
v -0.180513 11.687373 -0.065594
v -0.179406 11.812139 -0.065594
v -0.275004 11.682581 -0.065594
v -0.287333 11.805289 -0.065594
v -0.281440 11.699473 -0.024723
v -0.272652 11.816237 -0.032477
v -0.181715 11.688597 -0.034724
v -0.188451 11.803251 -0.020228
v -0.198323 11.703452 0.932835
v -0.197606 11.792914 0.932835
v -0.198323 11.703452 -0.106689
v -0.197606 11.792914 -0.106689
v -0.274132 11.711883 0.932835
v -0.260012 11.799068 0.932835
v -0.260838 11.698367 -0.106689
v -0.273551 11.785751 -0.106689
v -0.177095 14.974373 -0.065594
v -0.175988 15.099138 -0.065594
v -0.271586 14.969581 -0.065594
v -0.283915 15.092289 -0.065594
v -0.278022 14.986473 -0.024723
v -0.269234 15.103237 -0.032477
v -0.178297 14.975596 -0.034724
v -0.185033 15.090251 -0.020228
v -0.194905 14.990452 0.932835
v -0.194188 15.079914 0.932835
v -0.194905 14.990452 -0.106689
v -0.194188 15.079914 -0.106689
v -0.270714 14.998882 0.932835
v -0.256594 15.086068 0.932835
v -0.257420 14.985367 -0.106689
v -0.270133 15.072751 -0.106689
v -1.966496 17.489111 -0.065594
v -2.074037 17.552458 -0.065594
v -2.009717 17.404863 -0.065594
v -2.122106 17.455545 -0.065594
v -2.027544 17.407747 -0.024728
v -2.124244 17.473740 -0.032475
v -1.968159 17.488682 -0.034717
v -2.070864 17.540184 -0.020231
v -1.989329 17.481720 0.932835
v -2.066478 17.527071 0.932835
v -1.989329 17.481720 -0.106689
v -2.066478 17.527071 -0.106689
v -2.034559 17.420292 0.932835
v -2.103048 17.476122 0.932835
v -2.016235 17.425035 -0.106689
v -2.098282 17.457710 -0.106689
v -4.899024 17.720951 -0.065594
v -5.023678 17.728540 -0.065594
v -4.899356 17.626236 -0.065594
v -5.022421 17.620413 -0.065594
v -4.916547 17.620726 -0.024731
v -5.032578 17.635630 -0.032482
v -4.900312 17.719812 -0.034712
v -5.015268 17.719048 -0.020227
v -4.916073 17.703974 0.932835
v -5.005357 17.709389 0.932835
v -4.916073 17.703974 -0.106689
v -5.005357 17.709389 -0.106689
v -4.928478 17.628704 0.932835
v -5.014786 17.647383 0.932835
v -4.914285 17.641268 -0.106689
v -5.002198 17.633162 -0.106689
v -7.215298 17.759844 -0.424854
v -7.339756 17.758715 -0.435767
v -7.209085 17.665329 -0.424308
v -7.330943 17.650942 -0.434991
v -7.229354 17.658644 -0.385077
v -7.344995 17.665400 -0.402988
v -7.219207 17.758615 -0.394195
v -7.334703 17.749834 -0.389771
v -7.226174 17.741724 0.786814
v -7.315390 17.740913 0.782759
v -7.227395 17.741724 -0.469037
v -7.316610 17.740913 -0.473093
v -7.233281 17.665771 0.786844
v -7.320560 17.678423 0.782779
v -7.221218 17.679302 -0.469024
v -7.308220 17.665081 -0.473086
v -10.302515 -13.809105 0.539890
v -10.215356 -13.789018 0.539890
v -10.302515 -13.809105 -0.499634
v -10.215356 -13.789018 -0.499634
v -10.312002 -13.733380 0.539890
v -10.223858 -13.726888 0.539890
v -10.322074 -13.749495 -0.499634
v -10.239944 -13.716812 -0.499634
v -10.318017 -13.847664 -0.458538
v -10.185997 -13.817145 -0.458538
v -10.344714 -13.756972 -0.458538
v -10.217689 -13.713858 -0.458538
v -10.329799 -13.746775 -0.417670
v -10.203593 -13.725614 -0.425410
v -10.317107 -13.846209 -0.427665
v -10.196732 -13.810426 -0.413184
v -12.627100 -14.277660 0.539890
v -12.539941 -14.257573 0.539890
v -12.627100 -14.277660 -0.499634
v -12.539941 -14.257573 -0.499634
v -12.636587 -14.201936 0.539890
v -12.548443 -14.195443 0.539890
v -12.646659 -14.218050 -0.499634
v -12.564528 -14.185368 -0.499634
v -12.642602 -14.316219 -0.458538
v -12.510582 -14.285701 -0.458538
v -12.669299 -14.225528 -0.458538
v -12.542274 -14.182413 -0.458538
v -12.654384 -14.215330 -0.417670
v -12.528178 -14.194169 -0.425410
v -12.641692 -14.314764 -0.427665
v -12.521317 -14.278981 -0.413184
v -15.917267 -13.620071 0.539890
v -15.834297 -13.653631 0.539890
v -15.917267 -13.620071 -0.499634
v -15.834297 -13.653631 -0.499634
v -15.881577 -13.552621 0.539890
v -15.805665 -13.597831 0.539890
v -15.899059 -13.560032 -0.499634
v -15.813065 -13.580369 -0.499634
v -15.952052 -13.642794 -0.458538
v -15.826429 -13.693508 -0.458538
v -15.921886 -13.553180 -0.458538
v -15.793176 -13.590724 -0.458538
v -15.903817 -13.553385 -0.417669
v -15.788375 -13.608427 -0.425413
v -15.950472 -13.642123 -0.427664
v -15.831371 -13.681846 -0.413182
v -6.655434 -12.809031 0.539890
v -6.573027 -12.774185 0.539890
v -6.655434 -12.809031 -0.499634
v -6.573027 -12.774185 -0.499634
v -6.677836 -12.736102 0.539890
v -6.592219 -12.714462 0.539890
v -6.684970 -12.753703 -0.499634
v -6.609786 -12.707342 -0.499634
v -6.663956 -12.849751 -0.458538
v -6.539276 -12.796832 -0.458538
v -6.705966 -12.764997 -0.458538
v -6.588384 -12.700566 -0.458538
v -6.693042 -12.752374 -0.417670
v -6.572465 -12.709704 -0.425410
v -6.663312 -12.848158 -0.427663
v -6.551010 -12.792075 -0.413185
v -4.899306 20.084848 -0.453698
v -5.026108 20.089241 -0.453698
v -4.897268 19.988722 -0.453698
v -5.022040 19.979761 -0.453698
v -4.914303 19.982775 -0.412341
v -5.032592 19.994699 -0.420091
v -4.900567 20.083675 -0.422316
v -5.017450 20.079971 -0.407833
v -4.916333 20.067019 0.942194
v -5.006849 20.070131 0.942194
v -4.916333 20.067019 -0.495772
v -5.006849 20.070131 -0.495772
v -4.926780 19.990789 0.942194
v -5.014668 20.007238 0.942194
v -4.912919 20.003721 -0.495772
v -5.001713 19.993355 -0.495772
v -1.120986 19.992075 -0.489186
v -1.247788 19.996471 -0.489186
v -1.118948 19.895952 -0.489186
v -1.243720 19.886992 -0.489186
v -1.135983 19.890005 -0.447829
v -1.254271 19.901930 -0.455579
v -1.122246 19.990904 -0.457805
v -1.239130 19.987202 -0.443321
v -1.138013 19.974247 0.942194
v -1.228529 19.977360 0.942194
v -1.138013 19.974247 -0.531260
v -1.228529 19.977360 -0.531260
v -1.148460 19.898020 0.942194
v -1.236347 19.914469 0.942194
v -1.134598 19.910952 -0.531260
v -1.223392 19.900585 -0.531260
v -8.848341 20.186914 -0.465054
v -8.983004 20.191582 -0.465054
v -8.846519 20.085081 -0.465054
v -8.979128 20.076399 -0.465054
v -8.863554 20.079134 -0.423698
v -8.989679 20.091337 -0.431447
v -8.849602 20.185743 -0.433673
v -8.974345 20.182312 -0.419189
v -8.866952 20.167423 0.648470
v -8.961953 20.170689 0.648470
v -8.866952 20.167423 -0.800852
v -8.961953 20.170689 -0.800852
v -8.877492 20.088541 0.648470
v -8.969863 20.105143 0.648470
v -8.863631 20.101473 -0.800852
v -8.956908 20.091259 -0.800852
v -11.545729 20.612446 -0.462154
v -11.628763 20.718615 -0.462154
v -11.622616 20.545624 -0.462154
v -11.714464 20.641609 -0.462154
v -11.638111 20.554852 -0.420801
v -11.709806 20.659288 -0.428549
v -11.547439 20.612659 -0.430769
v -11.630295 20.706022 -0.416290
v -11.572637 20.614231 0.542686
v -11.631167 20.689041 0.542686
v -11.572637 20.614231 -0.903740
v -11.631167 20.689041 -0.903740
v -11.639805 20.571526 0.542686
v -11.686508 20.652992 0.542686
v -11.620967 20.569237 -0.903740
v -11.688824 20.634121 -0.903740
v -12.411316 22.480684 -0.447632
v -12.409048 22.615448 -0.447632
v -12.513168 22.477140 -0.447632
v -12.524084 22.609549 -0.447632
v -12.519402 22.494072 -0.406276
v -12.509341 22.620348 -0.414029
v -12.412512 22.481924 -0.416246
v -12.418160 22.606627 -0.401768
v -12.431099 22.499006 0.539490
v -12.429531 22.593979 0.539490
v -12.431099 22.499006 -0.489708
v -12.429531 22.593979 -0.489708
v -12.510128 22.508060 0.539490
v -12.495234 22.600788 0.539490
v -12.496936 22.494450 -0.489708
v -12.508918 22.587557 -0.489708
v -15.234738 22.017284 -0.486874
v -15.233631 22.152063 -0.486874
v -15.336546 22.012854 -0.486874
v -15.348605 22.145164 -0.486874
v -15.342926 22.029732 -0.445517
v -15.333958 22.156090 -0.453271
v -15.235945 22.018515 -0.455489
v -15.242668 22.143164 -0.441010
v -15.254636 22.035442 0.539490
v -15.253939 22.130426 0.539490
v -15.254636 22.035442 -0.528950
v -15.253939 22.130426 -0.528950
v -15.333738 22.043789 0.539490
v -15.319692 22.136652 0.539490
v -15.320432 22.030304 -0.528950
v -15.333262 22.123293 -0.528950
v -13.742393 18.726728 -0.084167
v -13.823550 18.834333 -0.084167
v -13.820459 18.661242 -0.084167
v -13.910610 18.758863 -0.084167
v -13.835793 18.670744 -0.042813
v -13.905639 18.776459 -0.050562
v -13.744098 18.726969 -0.052783
v -13.825303 18.821774 -0.038305
v -13.769236 18.729027 0.541706
v -13.826535 18.804804 0.541706
v -13.769236 18.729027 -0.526733
v -13.826535 18.804804 -0.526733
v -13.837082 18.687496 0.541706
v -13.882455 18.769705 0.541706
v -13.818316 18.684896 -0.526733
v -13.885083 18.750856 -0.526733
v -10.680865 17.820538 -0.483677
v -10.814989 17.833418 -0.483677
v -10.685315 17.718739 -0.483677
v -10.818250 17.718220 -0.483677
v -10.702681 17.713852 -0.442322
v -10.827866 17.733791 -0.450067
v -10.682196 17.819445 -0.452293
v -10.806922 17.823639 -0.437818
v -10.700704 17.802307 0.542686
v -10.795228 17.811239 0.542686
v -10.700704 17.802307 -0.525753
v -10.795228 17.811239 -0.525753
v -10.715892 17.724222 0.542686
v -10.807104 17.746292 0.542686
v -10.701291 17.736313 -0.525753
v -10.794985 17.731630 -0.525753
v 2.599693 15.224927 -0.457943
v 2.600941 15.365610 -0.457943
v 2.493639 15.220236 -0.457943
v 2.481451 15.358862 -0.457943
v 2.487203 15.237128 -0.417072
v 2.496132 15.369810 -0.424826
v 2.598490 15.226151 -0.427073
v 2.591896 15.356723 -0.412577
v 2.578437 15.244112 0.932835
v 2.579225 15.342668 0.932835
v 2.578437 15.244112 -0.499039
v 2.579225 15.342668 -0.499039
v 2.497248 15.252590 0.932835
v 2.511438 15.348868 0.932835
v 2.510541 15.239076 -0.499039
v 2.497899 15.335551 -0.499039
v 1.395796 18.246010 -0.470612
v 1.326426 18.368412 -0.470612
v 1.306293 18.188866 -0.470612
v 1.226387 18.302847 -0.470612
v 1.292267 18.200275 -0.429740
v 1.233626 18.319672 -0.437494
v 1.394142 18.246468 -0.439739
v 1.323044 18.356197 -0.425250
v 1.367719 18.251942 0.932835
v 1.319165 18.337708 0.932835
v 1.367719 18.251942 -0.511707
v 1.319165 18.337708 -0.511707
v 1.293305 18.218687 0.932835
v 1.257321 18.309132 0.932835
v 1.311569 18.213655 -0.511707
v 1.252269 18.290808 -0.511707
v 2.621985 11.680609 -0.457943
v 2.623216 11.819283 -0.457943
v 2.517390 11.675904 -0.457943
v 2.505184 11.812523 -0.457943
v 2.510954 11.692797 -0.417072
v 2.519865 11.823471 -0.424826
v 2.620783 11.681832 -0.427073
v 2.614171 11.810396 -0.412577
v 2.601164 11.699402 0.932835
v 2.601943 11.796810 0.932835
v 2.601164 11.699402 -0.499039
v 2.601943 11.796810 -0.499039
v 2.520654 11.707873 0.932835
v 2.534835 11.803005 0.932835
v 2.533947 11.694358 -0.499039
v 2.521297 11.789688 -0.499039
v 2.637061 8.572571 -0.465294
v 2.638291 8.711246 -0.465294
v 2.532465 8.567866 -0.465294
v 2.520260 8.704485 -0.465294
v 2.526029 8.584759 -0.424423
v 2.534940 8.715433 -0.432177
v 2.635859 8.573794 -0.434424
v 2.629246 8.702358 -0.419928
v 2.616240 8.591364 0.932835
v 2.617019 8.688772 0.932835
v 2.616240 8.591364 -0.506390
v 2.617019 8.688772 -0.506390
v 2.535730 8.599835 0.932835
v 2.549911 8.694967 0.932835
v 2.549023 8.586320 -0.506390
v 2.536372 8.681650 -0.506390
v 2.643714 4.476431 -0.454556
v 2.644944 4.615105 -0.454556
v 2.539118 4.471726 -0.454556
v 2.526913 4.608345 -0.454556
v 2.532682 4.488619 -0.413685
v 2.541593 4.619293 -0.421438
v 2.642512 4.477655 -0.423686
v 2.635899 4.606218 -0.409190
v 2.635771 4.506147 0.547894
v 2.636550 4.603556 0.547894
v 2.635771 4.506147 -0.491631
v 2.636550 4.603556 -0.491631
v 2.555261 4.514619 0.547894
v 2.569442 4.609751 0.547894
v 2.568554 4.501104 -0.491631
v 2.555903 4.596434 -0.491631
v 2.655128 1.363737 -0.468941
v 2.656358 1.502411 -0.468941
v 2.550532 1.359033 -0.468941
v 2.538326 1.495651 -0.468941
v 2.544096 1.375925 -0.428070
v 2.553007 1.506599 -0.435824
v 2.653925 1.364961 -0.438071
v 2.647313 1.493525 -0.423575
v 2.634306 1.382530 0.540939
v 2.635085 1.479938 0.540939
v 2.634306 1.382530 -0.498585
v 2.635085 1.479938 -0.498585
v 2.553796 1.391002 0.540939
v 2.567977 1.486133 0.540939
v 2.567089 1.377486 -0.498585
v 2.554439 1.472817 -0.498585
v 2.655128 -2.439865 -0.452488
v 2.656358 -2.301191 -0.452488
v 2.550532 -2.444570 -0.452488
v 2.538326 -2.307951 -0.452488
v 2.544096 -2.427677 -0.411617
v 2.553007 -2.297003 -0.419371
v 2.653925 -2.438641 -0.421618
v 2.647313 -2.310078 -0.407122
v 2.634306 -2.421072 0.543716
v 2.635085 -2.323664 0.543716
v 2.634306 -2.421072 -0.493584
v 2.635085 -2.323664 -0.493584
v 2.553796 -2.412601 0.543716
v 2.567977 -2.317469 0.543716
v 2.567089 -2.426116 -0.493584
v 2.554439 -2.330786 -0.493584
v 4.955481 -2.409280 -0.452316
v 4.816804 -2.408052 -0.452316
v 4.960186 -2.513842 -0.452316
v 4.823566 -2.526049 -0.452316
v 4.943294 -2.520278 -0.411445
v 4.812618 -2.511369 -0.419199
v 4.954257 -2.410482 -0.421447
v 4.825691 -2.417097 -0.406951
v 4.936677 -2.430088 0.546112
v 4.839240 -2.429317 0.546112
v 4.936677 -2.430088 -0.493412
v 4.839240 -2.429317 -0.493412
v 4.928177 -2.510591 0.546112
v 4.833113 -2.496436 0.546112
v 4.941688 -2.497309 -0.493412
v 4.846423 -2.509951 -0.493412
v 4.955481 -5.568753 -0.454826
v 4.816804 -5.567525 -0.454826
v 4.960186 -5.673315 -0.454826
v 4.823566 -5.685523 -0.454826
v 4.943294 -5.679751 -0.413955
v 4.812618 -5.670842 -0.421709
v 4.954257 -5.569956 -0.423957
v 4.825691 -5.576570 -0.409461
v 4.936677 -5.589561 0.543602
v 4.839240 -5.588790 0.543602
v 4.936677 -5.589561 -0.495922
v 4.839240 -5.588790 -0.495922
v 4.928177 -5.670064 0.543602
v 4.833113 -5.655910 0.543602
v 4.941688 -5.656783 -0.495922
v 4.846423 -5.669425 -0.495922
v 2.541846 -5.587995 -0.454826
v 2.403169 -5.586767 -0.454826
v 2.546551 -5.692556 -0.454826
v 2.409931 -5.704764 -0.454826
v 2.529659 -5.698993 -0.413955
v 2.398983 -5.690084 -0.421709
v 2.540622 -5.589197 -0.423957
v 2.412056 -5.595811 -0.409461
v 2.523042 -5.608803 0.543602
v 2.425605 -5.608031 0.543602
v 2.523042 -5.608803 -0.495922
v 2.425605 -5.608031 -0.495922
v 2.514541 -5.689306 0.543602
v 2.419478 -5.675151 0.543602
v 2.528053 -5.676024 -0.495922
v 2.432788 -5.688666 -0.495922
v 0.872153 -8.464076 -0.456444
v 0.786691 -8.573371 -0.456444
v 0.957946 -8.524043 -0.456444
v 0.884463 -8.639818 -0.456444
v 0.952763 -8.541356 -0.415575
v 0.866163 -8.639570 -0.423330
v 0.872361 -8.465779 -0.425573
v 0.799282 -8.571824 -0.411074
v 0.877226 -8.491667 0.541985
v 0.817271 -8.568461 0.541985
v 0.877226 -8.491667 -0.497540
v 0.817271 -8.568461 -0.497540
v 0.935840 -8.547455 0.541985
v 0.866742 -8.614223 0.541985
v 0.933546 -8.528677 -0.497540
v 0.885589 -8.611897 -0.497540
v -1.073954 -6.589652 -0.456444
v -1.159415 -6.698947 -0.456444
v -0.988160 -6.649620 -0.456444
v -1.061643 -6.765394 -0.456444
v -0.993343 -6.666932 -0.415575
v -1.079943 -6.765147 -0.423330
v -1.073745 -6.591355 -0.425573
v -1.146824 -6.697401 -0.411074
v -1.068880 -6.617243 0.541985
v -1.128835 -6.694037 0.541985
v -1.068880 -6.617243 -0.497540
v -1.128835 -6.694037 -0.497540
v -1.010266 -6.673031 0.541985
v -1.079364 -6.739799 0.541985
v -1.012560 -6.654253 -0.497540
v -1.060517 -6.737473 -0.497540
v -13.465016 -5.194132 -0.269818
v -13.526187 -5.191865 -0.347778
v -13.403589 -5.191373 -0.347589
v -13.464766 -5.188304 -0.407655
v -13.477686 -4.026086 -0.332489
v -13.539063 -4.037608 -0.387431
v -13.416163 -4.037066 -0.387200
v -13.477489 -4.049389 -0.458762
v -13.514587 -4.274382 -0.428585
v -13.514587 -4.184900 -0.430180
v -14.729309 -4.274382 -0.428585
v -14.729309 -4.184900 -0.430180
v -13.514587 -4.265253 -0.352822
v -13.514587 -4.178193 -0.367790
v -14.729309 -4.278913 -0.366009
v -14.729309 -4.191362 -0.354148
v -14.688232 -4.298817 -0.462271
v -14.688232 -4.163284 -0.464636
v -14.688232 -4.302694 -0.367759
v -14.688232 -4.169024 -0.356730
v -14.647363 -4.285756 -0.361489
v -14.655103 -4.158201 -0.371546
v -14.657351 -4.297580 -0.461078
v -14.642874 -4.172073 -0.455517
v -14.297847 -7.438849 -0.485094
v -14.350833 -7.468808 -0.406775
v -14.239928 -7.416613 -0.407666
v -14.293076 -7.446779 -0.347325
v -13.589229 -8.944623 -0.461492
v -13.648626 -8.961569 -0.405997
v -13.537368 -8.909287 -0.406996
v -13.596780 -8.926023 -0.334870
v -13.726389 -8.737015 -0.361689
v -13.688444 -8.818110 -0.361349
v -14.826606 -9.251902 -0.354980
v -14.788725 -9.332989 -0.354647
v -13.723366 -8.744555 -0.437569
v -13.686307 -8.823546 -0.423828
v -14.829228 -9.247165 -0.417496
v -14.792256 -9.326320 -0.430576
v -14.799387 -9.212715 -0.321181
v -14.741920 -9.335496 -0.320726
v -14.802062 -9.208226 -0.415628
v -14.745503 -9.329149 -0.428535
v -14.757927 -9.206180 -0.422361
v -14.710795 -9.325089 -0.414066
v -14.770890 -9.200727 -0.322562
v -14.704642 -9.308209 -0.329974
v -19.430969 -6.613848 -0.485092
v -19.391542 -6.567516 -0.406785
v -19.477495 -6.654857 -0.407679
v -19.438009 -6.608175 -0.347325
v -20.319956 -5.746639 -0.461489
v -20.270115 -5.710321 -0.405971
v -20.356358 -5.797854 -0.407008
v -20.306349 -5.761736 -0.334871
v -20.120018 -5.894952 -0.361682
v -20.183386 -5.831710 -0.361349
v -19.262230 -5.034822 -0.354981
v -19.325602 -4.971575 -0.354653
v -20.125355 -5.888891 -0.437565
v -20.187248 -5.827340 -0.423840
v -19.258141 -5.038379 -0.417482
v -19.319948 -4.976641 -0.430579
v -19.274412 -5.080921 -0.321178
v -19.370377 -4.985217 -0.320723
v -19.270330 -5.084219 -0.415622
v -19.364878 -4.989961 -0.428534
v -19.311077 -5.101266 -0.422366
v -19.396107 -5.005645 -0.414062
v -19.297045 -5.101945 -0.322555
v -19.396097 -5.023615 -0.329970
v -12.898975 -6.520657 -0.485094
v -12.951399 -6.489751 -0.406776
v -12.850781 -6.559699 -0.407662
v -12.903459 -6.528758 -0.347325
v -13.848732 -7.887222 -0.461491
v -13.893096 -7.844262 -0.405995
v -13.792151 -7.914473 -0.406996
v -13.836390 -7.871386 -0.334870
v -0.654073 -6.191401 -0.176170
v -0.723266 -6.164584 -0.231973
v -0.174818 6.415853 0.221624
v -0.241038 6.421709 0.155400
v -0.715434 -6.166924 -0.109488
v -0.770496 -6.147637 -0.171735
v -0.242810 6.414110 0.279122
v -0.299466 6.417599 0.217072
v -0.427022 -5.159791 -0.213411
v -0.454005 -5.156219 -0.173279
v -0.391955 -5.164155 -0.110839
v -0.329896 -5.168406 -0.173649
v -0.386650 -5.163734 -0.235503
v -1.081416 -6.818973 -0.172003
v -1.123282 -6.786538 -0.232907
v -1.123059 -6.786686 -0.110862
v -1.180976 -6.743102 -0.171732
v -7.422805 -10.303354 -0.172007
v -7.451764 -10.237041 -0.232966
v -7.451591 -10.237293 -0.110716
v -7.473191 -10.188654 -0.171725
v -8.624763 -10.796885 -0.172009
v -8.646220 -10.738001 -0.234529
v -8.646055 -10.738265 -0.109198
v -8.670500 -10.680520 -0.171726
v -12.370890 -11.657193 -0.172011
v -12.374518 -11.594424 -0.234515
v -12.374381 -11.594735 -0.109212
v -12.382756 -11.532514 -0.171723
v -13.749855 -11.633080 -0.172012
v -13.741856 -11.570988 -0.234500
v -13.741756 -11.571308 -0.109226
v -13.739715 -11.508700 -0.171726
v -14.321198 -11.445518 -0.172021
v -14.284332 -11.394741 -0.234505
v -14.284465 -11.395096 -0.109223
v -14.252746 -11.341771 -0.171718
v -14.871459 -11.067868 -0.172014
v -14.828444 -11.022009 -0.234512
v -14.828608 -11.022338 -0.109215
v -14.789445 -10.973239 -0.171716
v -15.181690 -10.708615 -0.172007
v -15.129174 -10.674809 -0.234492
v -15.129352 -10.675080 -0.109236
v -15.080322 -10.635716 -0.171724
v -15.371469 -10.231693 -0.171997
v -15.309274 -10.223219 -0.234446
v -15.309514 -10.223394 -0.109281
v -15.249221 -10.205884 -0.171729
v -15.239603 -8.984673 -0.172013
v -15.192902 -8.935436 -0.233833
v -15.193038 -8.935715 -0.109891
v -15.130411 -8.909607 -0.171716
v -17.023111 -8.684850 -0.171987
v -17.016773 -8.621928 -0.234534
v -17.016623 -8.622165 -0.109195
v -17.009499 -8.558131 -0.171733
v -17.884047 -8.538013 -0.171996
v -17.875463 -8.469401 -0.234537
v -17.875368 -8.469654 -0.109190
v -17.864733 -8.401525 -0.171744
v -20.600115 -7.995480 -0.172006
v -20.580191 -7.943180 -0.233353
v -20.580153 -7.943480 -0.110410
v -20.556953 -7.874811 -0.171734
v -27.402929 -4.810659 -0.171997
v -27.350479 -4.758730 -0.233120
v -27.350563 -4.758996 -0.110571
v -27.311670 -4.719271 -0.171736
v -28.818834 -3.215299 -0.171997
v -28.770287 -3.173099 -0.234527
v -28.770380 -3.173359 -0.109200
v -28.724018 -3.128373 -0.171737
v -30.820656 0.146477 -0.171998
v -30.762278 0.173035 -0.234494
v -30.762447 0.172807 -0.109234
v -30.706491 0.205547 -0.171737
v -31.013145 1.125745 -0.171999
v -30.948713 1.122048 -0.234457
v -30.948948 1.121922 -0.109271
v -30.884087 1.127180 -0.171738
v -30.777685 1.997058 -0.171998
v -30.717806 1.972678 -0.234510
v -30.718098 1.972644 -0.109217
v -30.656239 1.953205 -0.171737
v -30.558346 2.360600 -0.171993
v -30.506266 2.324762 -0.234479
v -30.506531 2.324769 -0.109249
v -30.449736 2.294359 -0.171740
v -30.191889 2.643569 -0.171990
v -30.158270 2.588775 -0.234505
v -30.158506 2.588901 -0.109223
v -30.120073 2.536566 -0.171741
v -26.070181 4.219865 -0.172024
v -25.996628 4.204697 -0.233712
v -25.996954 4.204651 -0.110010
v -25.936392 4.158797 -0.171709
v -26.833733 6.026490 -0.172036
v -26.818350 6.098535 -0.233626
v -26.818386 6.098159 -0.110099
v -26.772240 6.156940 -0.171686
v -31.613680 4.218539 -0.172018
v -31.652292 4.265660 -0.234476
v -31.651964 4.265440 -0.109251
v -31.683901 4.316252 -0.171708
v -32.482296 3.461032 -0.172018
v -32.530533 3.498326 -0.234505
v -32.530167 3.498181 -0.109221
v -32.574314 3.539306 -0.171711
v -33.177597 2.423608 -0.172021
v -33.235573 2.442631 -0.234480
v -33.235180 2.442616 -0.109246
v -33.289749 2.468132 -0.171711
v -33.478786 1.215778 -0.172034
v -33.539639 1.211105 -0.234439
v -33.539215 1.211236 -0.109288
v -33.599453 1.216120 -0.171703
v -33.151356 -0.295342 -0.172044
v -33.207249 -0.319643 -0.234498
v -33.206810 -0.319361 -0.109229
v -33.264473 -0.337737 -0.171691
v -31.112215 -3.987446 -0.172046
v -31.159586 -4.025723 -0.234526
v -31.159222 -4.025324 -0.109201
v -31.208317 -4.060362 -0.171686
v -29.107122 -6.488523 -0.172052
v -29.149199 -6.532415 -0.234504
v -29.148863 -6.531974 -0.109223
v -29.194649 -6.571548 -0.171682
v -21.269205 -10.256675 -0.172056
v -21.284197 -10.326855 -0.232426
v -21.284098 -10.326294 -0.111215
v -21.295198 -10.374643 -0.171677
v -17.968781 -10.867817 -0.172073
v -18.014637 -10.908808 -0.234089
v -18.014261 -10.908360 -0.109637
v -18.043890 -10.961455 -0.171661
v -17.417534 -12.078752 -0.172060
v -17.467567 -12.113185 -0.234522
v -17.467049 -12.112853 -0.109206
v -17.519218 -12.143740 -0.171672
v -16.835802 -12.909684 -0.172063
v -16.878942 -12.952032 -0.234470
v -16.878468 -12.951649 -0.109256
v -16.926954 -12.988096 -0.171671
v -15.900679 -13.521464 -0.172063
v -15.925763 -13.576882 -0.234524
v -15.925463 -13.576325 -0.109204
v -15.954077 -13.629778 -0.171670
v -14.629748 -14.054957 -0.172063
v -14.645952 -14.113124 -0.234486
v -14.645712 -14.112549 -0.109240
v -14.668593 -14.168674 -0.171669
v -12.659148 -14.183133 -0.172064
v -12.654014 -14.243645 -0.234506
v -12.654030 -14.243015 -0.109222
v -12.654574 -14.303785 -0.171670
v -8.063828 -13.259141 -0.172065
v -8.045246 -13.317150 -0.234525
v -8.045440 -13.316536 -0.109202
v -8.030524 -13.375283 -0.171668
v -6.371026 -12.593343 -0.172064
v -6.350326 -12.639711 -0.232838
v -6.350597 -12.639143 -0.110976
v -6.322762 -12.704062 -0.171667
v 0.761491 -8.600442 -0.172069
v 0.816271 -8.646194 -0.232543
v 0.815768 -8.645787 -0.111091
v 0.853223 -8.678729 -0.171664
v 1.869790 -7.109534 -0.172076
v 1.927499 -7.127405 -0.234488
v 1.926831 -7.127214 -0.109244
v 1.982190 -7.151710 -0.171659
v 2.328519 -5.586748 -0.172097
v 2.365683 -5.651755 -0.233907
v 2.365072 -5.651159 -0.109821
v 2.423673 -5.699321 -0.171630
v 18.255384 -5.441958 -0.172113
v 18.311848 -5.477197 -0.233522
v 18.311359 -5.476708 -0.110204
v 18.343988 -5.535360 -0.171614
v 18.259613 -2.521013 -0.172126
v 18.296175 -2.458837 -0.233357
v 18.295683 -2.459438 -0.110367
v 18.357847 -2.423137 -0.171610
v 2.541335 -2.514106 -0.172119
v 2.601795 -2.477655 -0.233661
v 2.601301 -2.478221 -0.110071
v 2.638842 -2.418888 -0.171606
v 2.527068 6.392790 0.220974
v 2.597512 6.398364 0.158629
v 2.596466 6.391641 0.283611
v 2.666106 6.396857 0.221589
v 2.472964 15.488959 0.220904
v 2.542427 15.498155 0.158463
v 2.541611 15.498025 0.283768
v 2.611265 15.501878 0.221320
v 2.046659 16.909481 0.220903
v 2.108669 16.942457 0.158456
v 2.107929 16.942032 0.283774
v 2.171499 16.970587 0.221323
v 1.188677 18.352293 0.220901
v 1.241586 18.398359 0.158466
v 1.240946 18.397789 0.283765
v 1.297253 18.439116 0.221325
v 0.146086 19.274612 0.220901
v 0.184682 19.333071 0.158461
v 0.184223 19.332350 0.283770
v 0.226966 19.387642 0.221325
v -1.091828 19.870623 0.220897
v -1.073636 19.937956 0.158492
v -1.073884 19.937134 0.283739
v -1.048167 20.002136 0.221328
v -10.138909 20.095749 -0.172072
v -10.133011 20.165602 -0.234489
v -10.135695 20.165012 -0.109201
v -10.131553 20.234638 -0.171858
v -10.915934 20.193878 -0.172081
v -10.893623 20.260525 -0.234516
v -10.893882 20.259693 -0.109211
v -10.876745 20.327278 -0.171653
v -11.614255 20.502493 -0.172086
v -11.571478 20.557854 -0.234478
v -11.572015 20.557135 -0.109249
v -11.536097 20.617222 -0.171646
v -12.203381 21.210302 -0.172081
v -12.143745 21.246078 -0.234495
v -12.144481 21.245605 -0.109233
v -12.088238 21.287443 -0.171647
v -12.531344 22.247276 -0.172077
v -12.463103 22.261684 -0.234514
v -12.463925 22.261490 -0.109213
v -12.396787 22.281023 -0.171653
v -12.620634 28.405190 -0.172077
v -12.560663 28.417843 -0.233422
v -12.561482 28.417690 -0.110382
v -12.485262 28.430363 -0.171655
v -0.166601 15.136647 0.217191
v -0.228757 15.130269 0.154831
v -0.228428 15.130288 0.279839
v -0.291059 15.128995 0.217478
v -0.342349 15.812492 0.217188
v -0.400955 15.790811 0.154828
v -0.400632 15.790915 0.279841
v -0.460938 15.773698 0.217479
v -0.580748 16.256193 0.217185
v -0.631464 16.219194 0.154819
v -0.631149 16.219393 0.279851
v -0.683907 16.185600 0.217483
v -1.250872 17.077433 0.217184
v -1.294469 17.033506 0.154858
v -1.294183 17.033737 0.279811
v -1.343026 16.994568 0.217485
v -2.086993 17.569857 0.217182
v -2.104782 17.510305 0.154905
v -2.104614 17.510647 0.279764
v -2.131738 17.453640 0.217486
v -5.655955 17.773920 0.217103
v -5.657706 17.711351 0.154849
v -5.660349 17.711853 0.279847
v -5.663282 17.649147 0.217525
v -10.021587 17.764444 -0.175835
v -10.025448 17.701693 -0.238163
v -10.028079 17.702194 -0.113168
v -10.030023 17.639715 -0.175412
v -11.741531 17.923952 -0.175794
v -11.762686 17.864464 -0.238137
v -11.762526 17.864819 -0.113149
v -11.777840 17.804564 -0.175491
v -13.724794 18.710007 -0.175793
v -13.770679 18.666605 -0.238046
v -13.770403 18.666851 -0.113242
v -13.807260 18.616693 -0.175490
v -14.713925 20.065861 -0.175786
v -14.777437 20.047842 -0.238124
v -14.777102 20.047922 -0.113165
v -14.837668 20.023104 -0.175498
v -15.227212 22.010069 -0.175788
v -15.292539 22.000362 -0.238151
v -15.292191 22.000397 -0.113136
v -15.356455 21.985716 -0.175501
v -15.202147 28.402449 -0.175788
v -15.258440 28.394123 -0.236856
v -15.258094 28.394138 -0.114476
v -15.331923 28.385870 -0.175500
v 2.596768 4.623704 -0.234348
v 2.663999 4.622692 -0.171349
v 2.595307 4.641546 -0.109408
v 2.529149 4.642641 -0.172341
v -0.256334 4.956634 -0.237790
v -0.307194 4.969734 -0.199122
v -0.318902 4.967420 -0.175662
v -0.256921 4.953146 -0.113294
v -0.194186 4.946281 -0.175018
v -5.725922 20.053928 0.283762
v -5.705731 20.121931 0.221133
v -5.718389 20.054195 0.158469
v -5.738696 19.986080 0.221105
v -27.999166 -7.288058 -0.172053
v -28.034075 -7.324151 -0.232757
v -28.033764 -7.323694 -0.111050
v -28.080545 -7.376258 -0.171679
vt -0.087758 -0.307990
vt 1.098006 -0.393576
vt -0.084648 1.454067
vt 1.097788 1.519727
vt -0.705793 0.014571
vt 1.408218 -0.113965
vt -0.515670 1.084509
vt 1.922215 1.084006
vt -0.153821 1.000000
vt -0.153821 1.000000
vt 1.114409 1.000000
vt -0.285108 1.000000
vt 1.570671 1.000000
vt -0.570216 1.000000
vt 1.285339 1.000000
vt 0.000000 1.000000
vt 0.900901 1.000000
vt 0.000000 1.000000
vt 0.962088 1.000000
vt 0.000000 1.000000
vt 0.982695 1.000000
vt 0.409679 0.399033
vt 0.412564 1.457086
vt 1.484908 0.376066
vt -0.530196 0.457762
vt 0.599298 1.459434
vt 0.597576 -0.455027
vt 1.470500 0.388972
vt -0.420237 0.465277
vt 0.408984 -0.567907
vt 1.494863 -0.121516
vt -0.384847 -0.010203
vt 1.103207 -0.466384
vt 1.103193 1.301754
vt -0.092249 -0.594379
vt -0.092271 1.450898
vt 1.430174 -0.117766
vt -0.738139 0.010623
vt 1.103292 -0.405956
vt 1.103292 1.634337
vt -0.092347 -0.238355
vt -0.092385 1.511855
vt 1.409016 -0.116513
vt -0.626097 0.003989
vt 1.103292 -0.386184
vt 1.103292 1.528824
vt -0.092344 -0.391121
vt -0.092385 1.528109
vt 1.366565 -0.113999
vt -0.672847 0.006757
vt 1.103292 -0.346460
vt 1.103292 1.572441
vt -0.092345 -0.361257
vt -0.092386 1.563695
vt 1.332496 -0.111982
vt -0.697062 0.008191
vt 1.103292 -0.314623
vt 1.103292 1.595286
vt -0.092345 -0.325645
vt -0.092386 1.591436
vt 1.214793 -0.105013
vt -0.831809 0.016169
vt 1.103292 -0.204433
vt 1.103292 1.720858
vt -0.092347 -0.256056
vt -0.092389 1.700128
vt 1.151557 -0.101268
vt -0.878150 0.018913
vt 1.103292 -0.145237
vt 1.103292 1.765296
vt -0.092349 -0.158288
vt -0.092390 1.764345
vt 1.027176 -0.093904
vt -0.996820 0.025940
vt 1.103292 -0.028555
vt 1.103292 1.876381
vt -0.092351 -0.046791
vt -0.092392 1.872305
vt 0.961501 -0.090015
vt -1.070585 0.030308
vt 1.103292 0.033297
vt 1.103292 1.944997
vt -0.092352 0.001517
vt -0.092394 1.922392
vt 0.189275 -0.044290
vt -1.618191 0.062732
vt 1.103292 0.680113
vt 1.103292 2.458032
vt -0.092363 0.493542
vt -0.092404 2.427823
vt -0.544825 -0.000823
vt -2.463730 0.112797
vt 1.103292 1.446281
vt 1.103292 3.250644
vt -0.092383 1.406808
vt -0.092419 3.118613
vt 1.288363 -0.109369
vt -0.744071 0.010974
vt 1.103292 -0.272662
vt 1.103292 1.638754
vt -0.092348 -0.209976
vt -0.092387 1.638840
vt 1.129937 -0.099988
vt -0.673861 0.006817
vt 1.103292 -0.124963
vt 1.103292 1.571873
vt -0.092347 -0.228439
vt -0.092391 1.785349
vt 0.894483 -0.086047
vt -1.242522 0.040488
vt 1.103292 0.095865
vt 1.103292 2.106210
vt -0.092358 0.276091
vt -0.092395 2.011025
vt 0.819829 -0.081626
vt -1.186035 0.037143
vt 1.103292 0.165827
vt 1.103292 2.052878
vt -0.092356 0.182457
vt -0.092397 2.076205
vt 0.699638 -0.074510
vt -1.311687 0.044583
vt 1.103292 0.278369
vt 1.103292 2.170290
vt -0.092358 0.284721
vt -0.092399 2.178380
vt 0.600782 -0.068656
vt -1.407709 0.050269
vt 1.103292 0.371019
vt 1.103292 2.260347
vt -0.092360 0.359020
vt -0.092401 2.258464
vt 0.439078 -0.059082
vt -1.578985 0.060411
vt 1.103292 0.522514
vt 1.103292 2.420559
vt -0.092364 0.533008
vt -0.092404 2.425746
vt 0.408270 -0.057257
vt -1.590388 0.061086
vt 1.103292 0.551584
vt 1.103292 2.431800
vt -0.092364 0.548365
vt -0.092405 2.446810
vt 0.288498 -0.050166
vt -1.773705 0.071940
vt 1.103292 0.663876
vt 1.103292 2.602870
vt -0.092367 0.669660
vt -0.092407 2.561711
vt -0.072099 -0.028814
vt -1.714065 0.068409
vt 1.103292 1.000785
vt 1.103292 2.548485
vt -0.092367 0.666929
vt -0.092408 2.585320
vt 0.093750 -0.038634
vt -1.638182 0.063916
vt 1.103292 0.845188
vt 1.103292 2.479327
vt -0.092364 0.548434
vt -0.092405 2.458497
vt 0.561108 -0.066307
vt -1.501421 0.055818
vt 1.103292 0.408126
vt 1.103292 2.350084
vt -0.092359 0.318146
vt -0.092402 2.296766
vt 0.645479 -0.071303
vt -1.414368 0.050663
vt 1.103292 0.329107
vt 1.103292 2.268018
vt -0.092358 0.273613
vt -0.092400 2.229813
vt 0.580589 -0.067461
vt -1.473110 0.054142
vt 1.103292 0.389774
vt 1.103292 2.323063
vt -0.092359 0.319476
vt -0.092401 2.284055
vt 0.612081 -0.069325
vt -1.426446 0.051378
vt 1.103292 0.359906
vt 1.103292 2.279213
vt -0.092358 0.275911
vt -0.092400 2.242855
vt 0.665085 -0.072464
vt -1.401016 0.049873
vt 1.103292 0.310032
vt 1.103292 2.255619
vt -0.092358 0.253299
vt -0.092400 2.209260
vt 0.631830 -0.070495
vt -1.437471 0.052031
vt 1.103292 0.341129
vt 1.103292 2.290238
vt -0.092359 0.286579
vt -0.092401 2.247711
vt 0.614038 -0.069441
vt -1.469966 0.053955
vt 1.103292 0.357659
vt 1.103292 2.320942
vt -0.092359 0.305943
vt -0.092401 2.257824
vt 0.557701 -0.066105
vt -1.653641 0.064831
vt 1.103292 0.410153
vt 1.103292 2.493795
vt -0.092365 0.569214
vt -0.092402 2.321575
vt 0.451699 -0.059829
vt -1.466152 0.053730
vt 1.103292 0.509009
vt 1.103292 2.317919
vt -0.092358 0.280957
vt -0.092402 2.299457
vt 0.385797 -0.055927
vt -1.725168 0.069066
vt 1.103292 0.570581
vt 1.103292 2.559430
vt -0.092363 0.512527
vt -0.092405 2.470198
vt 0.166127 -0.042920
vt -1.882468 0.078380
vt 1.103292 0.775898
vt 1.103292 2.706620
vt -0.092368 0.717051
vt -0.092410 2.670108
vt 0.041821 -0.035559
vt -2.053802 0.088525
vt 1.103292 0.892238
vt 1.103292 2.866669
vt -0.092370 0.838161
vt -0.092412 2.795299
vt 0.043511 -0.035660
vt -2.008508 0.085843
vt 1.103292 0.890621
vt 1.103292 2.824646
vt -0.092370 0.833188
vt -0.092412 2.786371
vt 0.046466 -0.035835
vt -2.041307 0.087785
vt 1.103292 0.887832
vt 1.103292 2.855082
vt -0.092370 0.832433
vt -0.092412 2.785480
vt 0.066154 -0.037000
vt -2.006203 0.085707
vt 1.103292 0.869393
vt 1.103292 2.822328
vt -0.092370 0.820906
vt -0.092412 2.774427
vt -0.003413 -0.032881
vt -1.880723 0.078277
vt 1.103292 0.934494
vt 1.103292 2.703387
vt -0.092369 0.764379
vt -0.092413 2.843991
vt -0.129970 -0.025387
vt -2.340380 0.105494
vt 1.103292 1.052768
vt 1.103292 3.136348
vt -0.092378 1.199707
vt -0.092416 2.961723
vt -0.057358 -0.029687
vt -2.098636 0.091180
vt 1.103292 0.984903
vt 1.103292 2.908921
vt -0.092371 0.879102
vt -0.092414 2.876108
vt -0.263759 -0.017466
vt -2.067933 0.089362
vt 1.103292 1.176929
vt 1.103292 2.881742
vt -0.092374 1.015453
vt -0.092414 2.868764
vt -0.511763 -0.002781
vt -2.164616 0.095086
vt 1.103292 1.408086
vt 1.103292 2.972110
vt -0.092374 1.001267
vt -0.092417 3.009663
vt -0.301577 -0.015226
vt -2.095460 0.090992
vt 1.103292 1.211510
vt 1.103292 2.908824
vt -0.092370 0.818736
vt -0.092412 2.798895
vt 0.123591 -0.040401
vt -1.798806 0.073426
vt 1.103292 0.813971
vt 1.103292 2.631531
vt -0.092371 0.890608
vt -0.092408 2.618123
vt -0.050983 -0.030064
vt -2.000782 0.085386
vt 1.103292 0.969800
vt 1.103292 2.826989
vt -0.092375 1.060562
vt -0.092415 2.902836
vt -0.066767 -0.029130
vt -1.989565 0.084721
vt 1.103292 0.992250
vt 1.103292 2.806653
vt -0.092375 1.050977
vt -0.092414 2.878222
vt 0.056876 -0.036451
vt -1.881777 0.078339
vt 1.103292 0.876031
vt 1.103292 2.705442
vt -0.092372 0.929088
vt -0.092412 2.767776
vt -0.057466 -0.029681
vt -1.978715 0.084079
vt 1.103292 0.983388
vt 1.103292 2.796653
vt -0.092375 1.038042
vt -0.092414 2.868894
vt 0.006318 -0.033457
vt -1.923682 0.080820
vt 1.103292 0.923428
vt 1.103292 2.745005
vt -0.092373 0.980865
vt -0.092413 2.811258
vt 0.058585 -0.036552
vt -1.875993 0.077997
vt 1.103292 0.872109
vt 1.103292 2.732319
vt -0.092372 0.933475
vt -0.092412 2.765207
vt 0.171254 -0.043223
vt -1.779248 0.072268
vt 1.103292 0.772002
vt 1.103292 2.409646
vt -0.092370 0.836915
vt -0.092410 2.679182
vt 0.165513 -0.042883
vt -1.759395 0.071093
vt 1.103292 0.773712
vt 1.103292 2.590447
vt -0.092370 0.825967
vt -0.092409 2.660452
vt 0.087671 -0.038274
vt -1.817692 0.074545
vt 1.103292 0.846696
vt 1.103292 2.645388
vt -0.092371 0.882596
vt -0.092411 2.715893
vt 0.044621 -0.035725
vt -1.888149 0.078717
vt 1.103292 0.887261
vt 1.103292 2.712064
vt -0.092372 0.934114
vt -0.092412 2.766983
vt -0.038937 -0.030778
vt -1.988832 0.084678
vt 1.103292 0.965952
vt 1.103292 2.806519
vt -0.092374 1.022307
vt -0.092414 2.854024
vt -0.087450 -0.027905
vt -1.896754 0.079226
vt 1.103292 1.011738
vt 1.103292 2.718510
vt -0.092373 0.952924
vt -0.092415 2.913532
vt 1.821320 1.085412
vt -0.461291 1.085411
vt -0.088048 -0.820035
vt -0.088096 1.461751
vt 1.099001 -0.460802
vt 1.099001 1.462977
vt 1.400318 1.085412
vt -0.526475 1.085412
vt -0.088058 -0.400944
vt -0.088099 1.526592
vt 1.099003 -0.410838
vt 1.099003 1.513185
vt 1.317272 1.085412
vt -0.609538 1.085412
vt -0.088059 -0.318335
vt -0.088101 1.609266
vt 1.099003 -0.329120
vt 1.099003 1.597963
vt 1.313334 1.085412
vt -0.590291 1.085412
vt -0.088059 -0.314455
vt -0.088100 1.590461
vt 1.099003 -0.334069
vt 1.099003 1.591194
vt 1.268005 1.085412
vt -0.658914 1.085412
vt -0.088060 -0.269382
vt -0.088102 1.658681
vt 1.099003 -0.307321
vt 1.099003 1.620685
vt 1.115727 1.085412
vt -0.833769 1.085412
vt -0.088064 -0.120165
vt -0.088105 1.833866
vt 1.099003 -0.123955
vt 1.099003 1.801082
vt 1.082577 1.085412
vt -0.842871 1.085412
vt -0.088064 -0.083801
vt -0.088106 1.840800
vt 1.099003 -0.084236
vt 1.099003 1.838765
vt 1.072830 1.085412
vt -0.839082 1.085412
vt -0.088064 -0.079901
vt -0.088106 1.844872
vt 1.099003 -0.117494
vt 1.099003 1.829536
vt 1.093120 1.085412
vt -0.834119 1.085412
vt -0.088064 -0.095129
vt -0.088105 1.833523
vt 1.099003 -0.083296
vt 1.099003 1.786628
vt 1.177590 1.085412
vt -0.692707 1.085412
vt -0.088062 -0.171110
vt -0.088103 1.718817
vt 1.099003 -0.186491
vt 1.099003 1.733464
vt 1.200539 1.085412
vt -0.664386 1.085412
vt -0.088062 -0.208564
vt -0.088102 1.681969
vt 1.099003 -0.177636
vt 1.099003 1.702241
vt 1.228319 1.085412
vt -0.504032 1.085412
vt -0.088061 -0.229690
vt -0.088098 1.503529
vt 1.099003 -0.318343
vt 1.099003 1.689718
vt -0.092373 0.979054
vt -0.092413 2.843290
vt 0.066827 -0.037040
vt -1.973181 0.083751
vt 1.103292 2.765199
vt 1.103292 0.915919
vt -0.009348 -0.032530
vt -1.959339 0.082932
vt 1.011440 -0.467166
vt 1.011863 0.960796
vt 1.011836 1.518775
vt 1.483362 0.982463
vt -0.457618 1.003464
vt -0.000584 1.465988
vt 0.000091 -0.452077
vt 1.480320 0.998024
vt -0.472833 1.019920
vt 1.103292 1.565018
vt 1.103292 2.674599
vt -1.833701 0.075493
vt 0.121978 -0.040306
vt -0.092411 2.730529
vt -0.092371 0.871570
vt -1.828694 0.075196
vt 0.104735 -0.039285
vt -0.087082 -0.000021
vt 0.000000 1.000000
vt 0.950416 1.000000
vt 1.284970 1.000000
vt -0.570221 1.000000
vt -0.285121 1.000000
vt 1.569941 1.000000
vt -0.153834 1.000000
vt -0.153834 1.000000
vt 1.084439 1.000000
vt 0.962029 1.000000
vt 0.000000 1.000000
vt 0.000000 1.000000
vt 0.900931 1.000000
vt -0.087082 -0.000021
vt 0.000000 1.000000
vt 0.950408 1.000000
vt 1.284916 1.000000
vt -0.570136 1.000000
vt -0.285057 1.000000
vt 1.569854 1.000000
vt -0.153833 1.000000
vt -0.153833 1.000000
vt 1.084439 1.000000
vt 0.962018 1.000000
vt 0.000000 1.000000
vt 0.000000 1.000000
vt 0.900941 1.000000
vt -0.087082 -0.000021
vt 0.000000 1.000000
vt 0.950411 1.000000
vt 1.284965 1.000000
vt -0.570312 1.000000
vt -0.285154 1.000000
vt 1.569913 1.000000
vt -0.153856 1.000000
vt -0.153856 1.000000
vt 1.084439 1.000000
vt 0.962024 1.000000
vt 0.000000 1.000000
vt 0.000000 1.000000
vt 0.900936 1.000000
vt -0.087082 -0.000021
vt 0.000000 1.000000
vt 0.673720 1.000000
vt -5.460252 1.000000
vt -7.315608 1.000000
vt -7.030482 1.000000
vt -5.297994 1.000000
vt -0.130128 1.000000
vt -0.474649 1.000000
vt 0.807744 1.000000
vt 0.992955 1.000000
vt 0.000000 1.000000
vt 0.000000 1.000000
vt 0.624245 1.000000
vt -0.087082 -0.000021
vt 0.000000 1.000000
vt 0.950411 1.000000
vt 1.284935 1.000000
vt -0.569701 1.000000
vt -0.284840 1.000000
vt 1.569859 1.000000
vt -0.153902 1.000000
vt -0.153902 1.000000
vt 1.084439 1.000000
vt 0.962033 1.000000
vt 0.000000 1.000000
vt 0.000000 1.000000
vt 0.900940 1.000000
vt -0.087082 -0.000021
vt 0.000000 1.000000
vt 0.982674 1.000000
vt 1.284935 1.000000
vt -0.570175 1.000000
vt -0.285103 1.000000
vt 1.569859 1.000000
vt -0.153850 1.000000
vt -0.153850 1.000000
vt 1.114387 1.000000
vt 0.962035 1.000000
vt 0.000000 1.000000
vt 0.000000 1.000000
vt 0.900940 1.000000
vt 0.671002 -0.072814
vt -1.211221 0.038635
vt 1.103292 0.304325
vt 1.103292 2.077146
vt -0.092355 0.122694
vt -0.092400 2.213364
vt -0.087082 -0.000021
vt 0.000000 1.000000
vt 0.982674 1.000000
vt 1.284935 1.000000
vt -0.570175 1.000000
vt -0.285103 1.000000
vt 1.569859 1.000000
vt -0.153848 1.000000
vt -0.153848 1.000000
vt 1.114387 1.000000
vt 0.962035 1.000000
vt 0.000000 1.000000
vt 0.000000 1.000000
vt 0.900940 1.000000
vt -0.087082 -0.000021
vt 0.000000 1.000000
vt 0.982674 1.000000
vt 1.284935 1.000000
vt -0.570175 1.000000
vt -0.285103 1.000000
vt 1.569859 1.000000
vt -0.153848 1.000000
vt -0.153848 1.000000
vt 1.114387 1.000000
vt 0.962035 1.000000
vt 0.000000 1.000000
vt 0.000000 1.000000
vt 0.900940 1.000000
vt -0.087082 -0.000021
vt 0.000000 1.000000
vt 0.982662 1.000000
vt 1.284931 1.000000
vt -0.569932 1.000000
vt -0.284966 1.000000
vt 1.569855 1.000000
vt -0.153845 1.000000
vt -0.153845 1.000000
vt 1.114424 1.000000
vt 0.962014 1.000000
vt 0.000000 1.000000
vt 0.000000 1.000000
vt 0.900935 1.000000
vt -0.087082 -0.000021
vt 0.000000 1.000000
vt 0.982663 1.000000
vt 1.284963 1.000000
vt -0.569637 1.000000
vt -0.284831 1.000000
vt 1.569939 1.000000
vt -0.153872 1.000000
vt -0.153872 1.000000
vt 1.114425 1.000000
vt 0.962018 1.000000
vt 0.000000 1.000000
vt 0.000000 1.000000
vt 0.900932 1.000000
vt -0.087082 -0.000021
vt 0.000000 1.000000
vt 0.982663 1.000000
vt 1.284964 1.000000
vt -0.569635 1.000000
vt -0.284833 1.000000
vt 1.569939 1.000000
vt -0.153872 1.000000
vt -0.153872 1.000000
vt 1.114425 1.000000
vt 0.962018 1.000000
vt 0.000000 1.000000
vt 0.000000 1.000000
vt 0.900932 1.000000
vt -0.087082 -0.000021
vt 0.000000 1.000000
vt 0.982663 1.000000
vt 1.284814 1.000000
vt -0.569867 1.000000
vt -0.284949 1.000000
vt 1.569596 1.000000
vt -0.153736 1.000000
vt -0.153736 1.000000
vt 1.114425 1.000000
vt 0.962015 1.000000
vt 0.000000 1.000000
vt 0.000000 1.000000
vt 0.900934 1.000000
vt -0.087082 -0.000021
vt 0.000000 1.000000
vt 0.982663 1.000000
vt 1.284814 1.000000
vt -0.569867 1.000000
vt -0.284951 1.000000
vt 1.569598 1.000000
vt -0.153737 1.000000
vt -0.153737 1.000000
vt 1.114425 1.000000
vt 0.962015 1.000000
vt 0.000000 1.000000
vt 0.000000 1.000000
vt 0.900934 1.000000
vt -0.087082 -0.000021
vt 0.000000 1.000000
vt 0.982664 1.000000
vt 1.284631 1.000000
vt -0.569695 1.000000
vt -0.284845 1.000000
vt 1.569254 1.000000
vt -0.153678 1.000000
vt -0.153678 1.000000
vt 1.114425 1.000000
vt 0.962017 1.000000
vt 0.000000 1.000000
vt 0.000000 1.000000
vt 0.900932 1.000000
vt -0.087082 -0.000021
vt 0.000000 1.000000
vt 0.982664 1.000000
vt 1.284631 1.000000
vt -0.569693 1.000000
vt -0.284843 1.000000
vt 1.569254 1.000000
vt -0.153677 1.000000
vt -0.153677 1.000000
vt 1.114425 1.000000
vt 0.962016 1.000000
vt 0.000000 1.000000
vt 0.000000 1.000000
vt 0.900932 1.000000
vt -0.087082 -0.000021
vt 0.000000 1.000000
vt 0.982664 1.000000
vt 1.284631 1.000000
vt -0.569693 1.000000
vt -0.284843 1.000000
vt 1.569254 1.000000
vt -0.153677 1.000000
vt -0.153677 1.000000
vt 1.114425 1.000000
vt 0.962016 1.000000
vt 0.000000 1.000000
vt 0.000000 1.000000
vt 0.900932 1.000000
vt -0.087082 -0.000021
vt 1.000000 1.000000
vt -0.000000 1.000000
vt -0.450485 1.000000
vt 1.450043 1.000000
vt -0.153677 1.000000
vt 1.084439 1.000000
vt -0.087082 -0.000021
vt 0.000000 1.000000
vt 0.982671 1.000000
vt 1.284506 1.000000
vt -0.569717 1.000000
vt -0.284860 1.000000
vt 1.569027 1.000000
vt -0.153633 1.000000
vt -0.153633 1.000000
vt 1.114403 1.000000
vt 0.962035 1.000000
vt 0.000000 1.000000
vt 0.000000 1.000000
vt 0.900930 1.000000
vt -0.087082 -0.000021
vt 0.000000 1.000000
vt 0.982665 1.000000
vt 1.284476 1.000000
vt -0.569904 1.000000
vt -0.284950 1.000000
vt 1.568955 1.000000
vt -0.153675 1.000000
vt -0.153675 1.000000
vt 1.114419 1.000000
vt 0.962023 1.000000
vt 0.000000 1.000000
vt 0.000000 1.000000
vt 0.900931 1.000000
vt -0.087082 -0.000021
vt 0.000000 1.000000
vt 0.950438 1.000000
vt 1.284490 1.000000
vt -0.570161 1.000000
vt -0.285074 1.000000
vt 1.568972 1.000000
vt -0.153642 1.000000
vt -0.153642 1.000000
vt 1.084439 1.000000
vt 0.962005 1.000000
vt 0.000000 1.000000
vt 0.000000 1.000000
vt 0.900927 1.000000
vt -0.087082 -0.000021
vt 0.000000 1.000000
vt 0.950441 1.000000
vt 1.284512 1.000000
vt -0.570148 1.000000
vt -0.285071 1.000000
vt 1.569033 1.000000
vt -0.153629 1.000000
vt -0.153629 1.000000
vt 1.084439 1.000000
vt 0.962001 1.000000
vt 0.000000 1.000000
vt 0.000000 1.000000
vt 0.900926 1.000000
vt -0.087082 -0.000021
vt 0.000000 1.000000
vt 0.950434 1.000000
vt 1.284528 1.000000
vt -0.570293 1.000000
vt -0.285162 1.000000
vt 1.569096 1.000000
vt -0.153633 1.000000
vt -0.153633 1.000000
vt 1.084439 1.000000
vt 0.962002 1.000000
vt 0.000000 1.000000
vt 0.000000 1.000000
vt 0.900928 1.000000
vt -0.087082 -0.000021
vt -0.285108 1.000000
vt 1.570671 1.000000
vt 1.285339 1.000000
vt -0.570216 1.000000
vt 0.982712 1.000000
vt 0.000000 1.000000
vt 0.962125 1.000000
vt 0.000000 1.000000
vt 1.114386 1.000000
vt -0.153967 1.000000
vt -0.153967 1.000000
vt 0.900893 1.000000
vt 0.000000 1.000000
vt -0.087082 -0.000021
vt -0.285108 1.000000
vt 1.570671 1.000000
vt 1.285329 1.000000
vt -0.570226 1.000000
vt 0.982712 1.000000
vt 0.000000 1.000000
vt 0.962125 1.000000
vt 0.000000 1.000000
vt 1.114386 1.000000
vt -0.153967 1.000000
vt -0.153967 1.000000
vt 0.900893 1.000000
vt 0.000000 1.000000
vt -0.087082 -0.000021
vt -0.285108 1.000000
vt 1.570671 1.000000
vt 1.285329 1.000000
vt -0.570226 1.000000
vt 0.982712 1.000000
vt 0.000000 1.000000
vt 0.962125 1.000000
vt 0.000000 1.000000
vt 1.114386 1.000000
vt -0.153967 1.000000
vt -0.153967 1.000000
vt 0.900893 1.000000
vt 0.000000 1.000000
vt -0.087082 -0.000021
vt -0.285108 1.000000
vt 1.570671 1.000000
vt 1.285329 1.000000
vt -0.570226 1.000000
vt 0.982712 1.000000
vt 0.000000 1.000000
vt 0.962125 1.000000
vt 0.000000 1.000000
vt 1.114386 1.000000
vt -0.153967 1.000000
vt -0.153967 1.000000
vt 0.900893 1.000000
vt 0.000000 1.000000
vt -0.087082 -0.000021
vt -0.284775 1.000000
vt 1.570748 1.000000
vt 1.285378 1.000000
vt -0.569547 1.000000
vt 0.982722 1.000000
vt 0.000000 1.000000
vt 0.962143 1.000000
vt 0.000000 1.000000
vt 1.114358 1.000000
vt -0.153984 1.000000
vt -0.153984 1.000000
vt 0.900904 1.000000
vt 0.000000 1.000000
vt -0.087082 -0.000021
vt -0.285195 1.000000
vt 1.570901 1.000000
vt 1.285450 1.000000
vt -0.570393 1.000000
vt 0.950470 1.000000
vt 0.000000 1.000000
vt 0.962144 1.000000
vt 0.000000 1.000000
vt 1.084439 1.000000
vt -0.153950 1.000000
vt -0.153950 1.000000
vt 0.900890 1.000000
vt 0.000000 1.000000
vt -0.087082 -0.000021
vt -0.286138 1.000000
vt 1.573135 1.000000
vt 1.286561 1.000000
vt -0.572282 1.000000
vt 0.982722 1.000000
vt 0.000000 1.000000
vt 0.962154 1.000000
vt 0.000000 1.000000
vt 1.114397 1.000000
vt -0.153941 1.000000
vt -0.153941 1.000000
vt 0.900861 1.000000
vt 0.000000 1.000000
vt -0.087082 -0.000021
vt 0.000000 1.000000
vt 0.950408 1.000000
vt 1.284916 1.000000
vt -0.570136 1.000000
vt -0.285057 1.000000
vt 1.569854 1.000000
vt -0.153833 1.000000
vt -0.153833 1.000000
vt 1.084439 1.000000
vt 0.962018 1.000000
vt 0.000000 1.000000
vt 0.000000 1.000000
vt 0.900941 1.000000
vt -0.087082 -0.000021
vt 0.000000 1.000000
vt 0.950408 1.000000
vt 1.284916 1.000000
vt -0.570136 1.000000
vt -0.285057 1.000000
vt 1.569854 1.000000
vt -0.153833 1.000000
vt -0.153833 1.000000
vt 1.084439 1.000000
vt 0.962018 1.000000
vt 0.000000 1.000000
vt 0.000000 1.000000
vt 0.900941 1.000000
vt -0.087082 -0.000021
vt 0.000000 1.000000
vt 0.950419 1.000000
vt 1.284877 1.000000
vt -0.570072 1.000000
vt -0.285039 1.000000
vt 1.569771 1.000000
vt -0.153860 1.000000
vt -0.153860 1.000000
vt 1.084439 1.000000
vt 0.962024 1.000000
vt 0.000000 1.000000
vt 0.000000 1.000000
vt 0.900933 1.000000
vt -0.087082 -0.000021
vt 0.000000 1.000000
vt 0.950407 1.000000
vt 1.285066 1.000000
vt -0.570615 1.000000
vt -0.285311 1.000000
vt 1.570129 1.000000
vt -0.153878 1.000000
vt -0.153878 1.000000
vt 1.084439 1.000000
vt 0.962036 1.000000
vt 0.000000 1.000000
vt 0.000000 1.000000
vt 0.900945 1.000000
vt -0.087082 -0.000021
vt -0.278575 1.000000
vt 1.557554 1.000000
vt 1.278779 1.000000
vt -0.557146 1.000000
vt 0.951628 1.000000
vt 0.000000 1.000000
vt 0.963031 1.000000
vt 0.000000 1.000000
vt 1.084439 1.000000
vt -0.152396 1.000000
vt -0.152396 1.000000
vt 0.903188 1.000000
vt 0.000000 1.000000
vt -0.087082 -0.000021
vt -0.278572 1.000000
vt 1.557557 1.000000
vt 1.278779 1.000000
vt -0.557143 1.000000
vt 0.983125 1.000000
vt 0.000000 1.000000
vt 0.963031 1.000000
vt 0.000000 1.000000
vt 1.113696 1.000000
vt -0.152400 1.000000
vt -0.152400 1.000000
vt 0.903188 1.000000
vt 0.000000 1.000000
vt -0.087082 -0.000021
vt -0.254825 1.000000
vt 1.510035 1.000000
vt 1.255024 1.000000
vt -0.509646 1.000000
vt 0.984564 1.000000
vt 0.000000 1.000000
vt 0.966182 1.000000
vt 0.000000 1.000000
vt 1.111203 1.000000
vt -0.146855 1.000000
vt -0.146855 1.000000
vt 0.903187 1.000000
vt 0.000000 1.000000
vt -0.087082 -0.000021
vt -0.254771 1.000000
vt 1.510007 1.000000
vt 1.254994 1.000000
vt -0.509563 1.000000
vt 0.984557 1.000000
vt 0.000000 1.000000
vt 0.966172 1.000000
vt 0.000000 1.000000
vt 1.111215 1.000000
vt -0.146794 1.000000
vt -0.146794 1.000000
vt 0.903185 1.000000
vt 0.000000 1.000000
vt -0.087082 -0.000021
vt -0.254655 1.000000
vt 1.510273 1.000000
vt 1.255129 1.000000
vt -0.509316 1.000000
vt 0.984556 1.000000
vt 0.000000 1.000000
vt 0.966169 1.000000
vt 0.000000 1.000000
vt 1.111219 1.000000
vt -0.146877 1.000000
vt -0.146877 1.000000
vt 0.903187 1.000000
vt 0.000000 1.000000
vt -0.087082 -0.000021
vt -0.254620 1.000000
vt 1.510377 1.000000
vt 1.255198 1.000000
vt -0.509232 1.000000
vt 0.984555 1.000000
vt 0.000000 1.000000
vt 0.966167 1.000000
vt 0.000000 1.000000
vt 1.111224 1.000000
vt -0.146902 1.000000
vt -0.146902 1.000000
vt 0.903185 1.000000
vt 0.000000 1.000000
vt -0.087082 -0.000021
vt -0.254672 1.000000
vt 1.510337 1.000000
vt 1.255163 1.000000
vt -0.509321 1.000000
vt 0.984559 1.000000
vt 0.000000 1.000000
vt 0.966174 1.000000
vt 0.000000 1.000000
vt 1.111208 1.000000
vt -0.146911 1.000000
vt -0.146911 1.000000
vt 0.903190 1.000000
vt 0.000000 1.000000
vt -0.087082 -0.000021
vt -0.254979 1.000000
vt 1.510742 1.000000
vt 1.255365 1.000000
vt -0.509964 1.000000
vt 0.984559 1.000000
vt 0.000000 1.000000
vt 0.966171 1.000000
vt 0.000000 1.000000
vt 1.111187 1.000000
vt -0.146897 1.000000
vt -0.146897 1.000000
vt 0.903204 1.000000
vt 0.000000 1.000000
vt -0.087082 -0.000021
vt 0.000000 1.000000
vt 0.950451 1.000000
vt 1.239108 1.000000
vt -0.477839 1.000000
vt -0.238924 1.000000
vt 1.478229 1.000000
vt 1.084439 1.000000
vt -0.143177 1.000000
vt -0.143177 1.000000
vt 0.968260 1.000000
vt 0.000000 1.000000
vt 0.000000 1.000000
vt 0.900894 1.000000
vt -0.087082 -0.000021
vt 0.000000 1.000000
vt 0.950449 1.000000
vt 1.239164 1.000000
vt -0.477604 1.000000
vt -0.238803 1.000000
vt 1.478311 1.000000
vt 1.084439 1.000000
vt -0.143295 1.000000
vt -0.143295 1.000000
vt 0.968231 1.000000
vt 0.000000 1.000000
vt 0.000000 1.000000
vt 0.900910 1.000000
vt -0.087082 -0.000021
vt -0.243906 1.000000
vt 1.488199 1.000000
vt 1.244092 1.000000
vt -0.487819 1.000000
vt 0.985210 1.000000
vt 0.000000 1.000000
vt 0.967598 1.000000
vt 0.000000 1.000000
vt 1.110058 1.000000
vt -0.144341 1.000000
vt -0.144341 1.000000
vt 0.900893 1.000000
vt 0.000000 1.000000
vt -0.087082 -0.000021
vt -0.243906 1.000000
vt 1.488199 1.000000
vt 1.244092 1.000000
vt -0.487819 1.000000
vt 0.985210 1.000000
vt 0.000000 1.000000
vt 0.967598 1.000000
vt 0.000000 1.000000
vt 1.110058 1.000000
vt -0.144341 1.000000
vt -0.144341 1.000000
vt 0.900893 1.000000
vt 0.000000 1.000000
vt -0.087082 -0.000021
vt -0.243906 1.000000
vt 1.488199 1.000000
vt 1.244101 1.000000
vt -0.487811 1.000000
vt 0.985210 1.000000
vt 0.000000 1.000000
vt 0.967598 1.000000
vt 0.000000 1.000000
vt 1.110058 1.000000
vt -0.144341 1.000000
vt -0.144341 1.000000
vt 0.900893 1.000000
vt 0.000000 1.000000
vt -0.087082 -0.000021
vt -0.243908 1.000000
vt 1.488197 1.000000
vt 1.244097 1.000000
vt -0.487815 1.000000
vt 0.985210 1.000000
vt 0.000000 1.000000
vt 0.967598 1.000000
vt 0.000000 1.000000
vt 1.110058 1.000000
vt -0.144341 1.000000
vt -0.144341 1.000000
vt 0.900893 1.000000
vt 0.000000 1.000000
vt -0.087082 -0.000021
vt -0.243906 1.000000
vt 1.488195 1.000000
vt 1.244097 1.000000
vt -0.487815 1.000000
vt 0.950451 1.000000
vt 0.000000 1.000000
vt 0.967598 1.000000
vt 0.000000 1.000000
vt 1.084439 1.000000
vt -0.144341 1.000000
vt -0.144341 1.000000
vt 0.900893 1.000000
vt 0.000000 1.000000
vt -0.087082 -0.000021
vt -0.244078 1.000000
vt 1.488412 1.000000
vt 1.244204 1.000000
vt -0.488146 1.000000
vt 0.950450 1.000000
vt 0.000000 1.000000
vt 0.967582 1.000000
vt 0.000000 1.000000
vt 1.084439 1.000000
vt -0.144362 1.000000
vt -0.144362 1.000000
vt 0.900894 1.000000
vt 0.000000 1.000000
vt -0.087082 -0.000021
vt 0.000000 1.000000
vt 0.985203 1.000000
vt 1.244204 1.000000
vt -0.488146 1.000000
vt -0.244078 1.000000
vt 1.488412 1.000000
vt 1.110070 1.000000
vt -0.144361 1.000000
vt -0.144361 1.000000
vt 0.967583 1.000000
vt 0.000000 1.000000
vt 0.000000 1.000000
vt 0.900894 1.000000
vt -0.087082 -0.000021
vt 0.000000 1.000000
vt 0.950450 1.000000
vt 1.244204 1.000000
vt -0.488150 1.000000
vt -0.244073 1.000000
vt 1.488408 1.000000
vt 1.084439 1.000000
vt -0.144361 1.000000
vt -0.144361 1.000000
vt 0.967583 1.000000
vt 0.000000 1.000000
vt 0.000000 1.000000
vt 0.900894 1.000000
vt -0.087082 -0.000021
vt 0.000000 1.000000
vt 0.985212 1.000000
vt 1.244475 1.000000
vt -0.488128 1.000000
vt -0.244061 1.000000
vt 1.488962 1.000000
vt 1.110073 1.000000
vt -0.144441 1.000000
vt -0.144441 1.000000
vt 0.967602 1.000000
vt 0.000000 1.000000
vt 0.000000 1.000000
vt 0.900879 1.000000
vt -0.087082 -0.000021
vt 0.000000 1.000000
vt 0.950462 1.000000
vt 1.244482 1.000000
vt -0.488122 1.000000
vt -0.244062 1.000000
vt 1.488962 1.000000
vt 1.084439 1.000000
vt -0.144440 1.000000
vt -0.144440 1.000000
vt 0.967602 1.000000
vt 0.000000 1.000000
vt 0.000000 1.000000
vt 0.900879 1.000000
vt -0.087082 -0.000021
vt -0.673992 0.006825
vt -0.169810 -0.023029
vt 1.901269 -0.145660
vt 1.131572 -0.100085
vt -0.092391 1.784435
vt -0.092383 1.428854
vt -0.092347 -0.253403
vt -0.092348 -0.227002
vt 0.000000 1.000000
vt 0.982674 1.000000
vt 1.284951 1.000000
vt -0.570242 1.000000
vt -0.285122 1.000000
vt 1.569903 1.000000
vt -0.153839 1.000000
vt -0.153839 1.000000
vt 1.114388 1.000000
vt 0.962036 1.000000
vt 0.000000 1.000000
vt 1.103292 1.573614
vt 1.103292 -0.521788
vt 1.103292 1.426817
vt 1.103292 -0.127064
vt 0.000000 1.000000
vt 0.900956 1.000000
vt -0.087082 -0.000021
vt -0.674334 0.006845
vt -0.784694 0.013380
vt 1.287283 -0.109305
vt 1.130550 -0.100025
vt -0.092391 1.786220
vt -0.092387 1.632207
vt -0.092351 -0.048840
vt -0.092348 -0.227934
vt 0.000000 1.000000
vt 0.982671 1.000000
vt 1.284966 1.000000
vt -0.570098 1.000000
vt -0.284988 1.000000
vt 1.569936 1.000000
vt -0.153829 1.000000
vt -0.153850 1.000000
vt 1.114390 1.000000
vt 0.962036 1.000000
vt 0.000000 1.000000
vt 1.103292 1.571682
vt 1.103292 -0.272211
vt 1.103292 1.677564
vt 1.103292 -0.124876
vt 0.000000 1.000000
vt 0.901049 1.000000
vt -0.087082 -0.000021
vt -0.675061 0.006888
vt -0.784673 0.013378
vt 1.286837 -0.109278
vt 1.131712 -0.100093
vt -0.092391 1.787072
vt -0.092387 1.632694
vt -0.092351 -0.048773
vt -0.092348 -0.227214
vt 0.000000 1.000000
vt 0.982665 1.000000
vt 1.284621 1.000000
vt -0.570313 1.000000
vt -0.284914 1.000000
vt 1.569367 1.000000
vt -0.153855 1.000000
vt -0.153852 1.000000
vt 1.114385 1.000000
vt 0.962031 1.000000
vt 0.000000 1.000000
vt 1.103292 1.571386
vt 1.103292 -0.272994
vt 1.103292 1.677685
vt 1.103292 -0.124735
vt 0.000000 1.000000
vt 0.901078 1.000000
vt -0.674320 0.006844
vt -0.784692 0.013379
vt 1.287367 -0.109310
vt 1.130466 -0.100020
vt -0.092391 1.786330
vt -0.092387 1.632372
vt -0.092351 -0.048787
vt -0.092348 -0.227897
vt 1.103292 1.571598
vt 1.103292 -0.272470
vt 1.103292 1.677634
vt 1.103292 -0.124540
vt -9.587162 0.992604
vt -11.583153 1.079090
vt -9.525081 1.078760
vt -12.590358 1.193745
vt -10.761908 0.614502
vt -12.875921 0.743038
vt 1.091335 -9.459541
vt 1.005411 -10.018484
vt 1.005384 -9.460500
vt -0.146546 -12.445543
vt 0.350922 -11.785198
vt 0.350226 -12.752138
vt 0.339579 -15.391399
vt -0.540184 -16.131081
vt -13.521629 2.660643
vt -13.028464 3.535278
vt 1.011155 -12.040277
vt 1.091526 -11.361465
vt -13.261179 0.753070
vt -16.765385 0.967773
vt -0.561930 -17.064615
vt -0.207215 -14.317379
vt -9.142425 1.085412
vt -10.984392 1.085412
vt -9.119467 1.085412
vt -11.012725 1.085412
vt 1.099003 -11.444965
vt 1.099003 -9.628198
vt 1.099003 -11.548153
vt 1.099003 -6.662527
vt -0.092087 -12.405119
vt -0.092083 -12.588367
vt -0.092128 -10.497693
vt -0.092129 -10.453238
vt -12.646759 0.715748
vt -12.589803 0.712375
vt -14.472021 0.823824
vt -14.730765 0.839145
vt -12.774455 0.723308
vt -12.886497 0.729942
vt -10.718184 0.601554
vt -10.739332 0.602807
vt -0.092138 -9.994420
vt -0.092138 -10.010682
vt -0.092101 -11.760892
vt -0.092097 -11.913647
vt -13.083941 0.741634
vt -12.335369 0.697308
vt -0.092134 -10.196297
vt -0.092093 -12.118299
vt -13.540418 0.768662
vt -8.525657 0.471733
vt -0.092136 -10.106454
vt -0.092088 -12.364656
vt -13.401946 0.760463
vt -9.140624 0.508144
vt -0.092124 -10.661922
vt -0.092101 -11.754467
vt -11.162018 0.627834
vt -17.127008 0.981028
vt -0.092148 -9.539872
vt -0.092135 -10.159439
vt -14.150339 0.804776
vt -9.103741 0.505961
vt -0.092164 -8.798199
vt -0.092049 -14.181592
vt -15.523704 0.886095
vt -14.154889 0.805046
vt -0.092129 -10.447853
vt -0.092096 -11.970586
vt -15.738477 0.898812
vt 7.050131 -0.450530
vt -0.092105 -11.533862
vt -0.092049 -14.160869
vt -27.018873 1.566739
vt -16.011934 0.915004
vt -0.092142 -9.834211
vt -0.092127 -10.529851
vt -17.883982 1.025850
vt 7.468733 -0.475316
vt -0.092153 -9.313951
vt -0.091934 -19.520575
vt -12.370805 0.699408
vt 18.505350 -1.128811
vt -0.092125 -10.633936
vt -0.092228 -5.825197
vt -11.962586 0.675237
vt -10.029159 0.560756
vt -11.913138 0.672309
vt -10.052803 0.562156
vt -0.092203 -6.953770
vt -0.092164 -8.812732
vt -0.092202 -7.005117
vt -0.092163 -8.849219
vt -12.672959 0.717299
vt -12.729461 0.720644
vt -10.592452 0.594109
vt -10.666999 0.598524
vt -0.092164 -8.812309
vt -0.092162 -8.877500
vt -0.092125 -10.612435
vt -0.092123 -10.706050
vt -13.289637 0.753814
vt -14.938422 0.851439
vt -0.092156 -9.154724
vt -0.092115 -11.106602
vt -15.946560 0.911133
vt -7.605955 0.417274
vt -0.092139 -9.967608
vt -0.092078 -12.830271
vt -14.904034 0.849403
vt -8.135376 0.448623
vt -0.092123 -10.726872
vt -0.092134 -10.222464
vt -11.894561 0.671209
vt -8.988105 0.499115
vt -0.092130 -10.382446
vt -0.092162 -8.905983
vt -12.564411 0.710872
vt -26.206106 1.518613
vt -0.092141 -9.880024
vt -0.092125 -10.629918
vt -17.246521 0.988106
vt -1.655392 0.064935
vt -0.092156 -9.187890
vt -0.092048 -14.218960
vt 8.976120 -0.564570
vt -72.075920 4.234624
vt -0.092005 -16.242258
vt -0.092611 12.064505
vt 3.655896 -0.249553
vt 33.876301 -2.038943
vt -0.092023 -15.379272
vt -0.091813 -25.184072
vt -10.769783 0.604609
vt -39.609016 2.312216
vt -0.092111 -11.257980
vt -0.092446 4.372120
vt -7.407914 0.405548
vt -5.360853 0.284343
vt -0.092180 -8.030703
vt -0.091978 -17.498280
vt -18.404520 1.056672
vt -14.922195 0.850478
vt -0.092220 -6.190801
vt -0.092111 -11.273946
vt -13.892739 0.789524
vt -17.299398 0.991237
vt -0.092139 -9.952748
vt -0.092084 -12.537115
vt -16.819323 0.962810
vt -5.394914 0.286355
vt -0.092139 -9.941728
vt -0.092031 -15.039320
vt -0.092158 -9.068165
vt -0.092198 -7.203930
vt -0.092156 -9.156610
vt -0.092206 -6.853207
vt 1.099003 -10.960565
vt 1.099003 -9.093209
vt 1.099003 -11.101274
vt 1.099003 -9.080678
vt -10.405154 0.583019
vt -12.355146 0.698481
vt -10.272214 0.575148
vt -11.693862 0.659325
vt -14.417678 0.820606
vt -14.605172 0.831708
vt -12.393828 0.700771
vt 6.602017 -0.423997
vt -0.092136 -10.113591
vt -0.092136 -10.091476
vt -0.092099 -11.843835
vt -0.092060 -13.645662
vt -7.968915 0.438767
vt -63.403038 3.721094
vt -0.092135 -10.132969
vt -0.092313 -1.834198
vt -22.941174 1.325295
vt 27.939034 -1.687395
vt -0.092215 -6.416764
vt -0.091696 -30.636738
vt -20.504972 1.181042
vt -36.132362 2.106369
vt -0.092056 -13.847007
vt -0.092348 -0.221463
vt -10.329387 0.578534
vt 3.519228 -0.241466
vt -0.092075 -12.964704
vt -0.091984 -17.226151
vt -16.077234 0.918872
vt -28.962351 1.681810
vt -0.092132 -10.298602
vt -0.092216 -6.377520
vt -15.527523 0.886318
vt 2.510301 -0.181715
vt -0.092136 -10.102625
vt -0.091987 -17.084452
vt -12.172379 0.687660
vt -18.213663 1.045372
vt -0.092134 -10.211100
vt -0.092222 -6.097622
vt -11.150517 1.085412
vt -9.417846 1.085412
vt -10.139754 1.085412
vt -12.089731 1.085412
vt 1.099003 -11.096756
vt 1.099003 -25.611076
vt -15.118003 0.862073
vt -15.359741 0.876386
vt -13.149327 0.745505
vt -3.476124 0.172746
vt -0.092146 -9.621427
vt -0.092148 -9.535811
vt -0.092110 -11.297823
vt -0.092092 -12.153306
vt -10.887000 0.611551
vt -34.172764 1.990326
vt -0.092160 -9.010399
vt -0.092150 -9.438445
vt -27.864586 1.616813
vt 59.353031 -3.547449
vt -0.092130 -10.384308
vt -0.091688 -31.026402
vt 9.295984 -0.583510
vt -109.437836 6.446870
vt -0.091917 -20.319618
vt -0.093093 34.604717
vt -30.011721 1.743951
vt -0.092299 -2.498489
vt -10.512940 0.589401
vt -0.092164 -8.804161
vt -12.292769 0.694787
vt -7.803148 0.428952
vt -0.092198 -7.229774
vt -0.092161 -8.957269
vt -11.472869 0.646240
vt -11.422789 0.643274
vt -0.092188 -7.656433
vt -0.092202 -7.013294
vt -11.752577 0.662802
vt -8.392822 0.463867
vt -0.092216 -6.369782
vt -0.092161 -8.937815
vt -11.541696 0.650315
vt -11.859285 0.669119
vt -0.092216 -6.364432
vt -0.092175 -8.272650
vt -12.376490 0.699744
vt -0.092204 -6.929424
vt -11.568363 0.651894
vt -0.092162 -8.905107
vt -12.701672 0.718999
vt -4.808278 0.251621
vt -0.092200 -7.136563
vt -0.092161 -8.943916
vt -10.277836 0.575480
vt -12.952869 0.733872
vt -0.092203 -6.983170
vt -0.092191 -7.566859
vt -11.907155 0.671954
vt -12.038248 0.679718
vt -0.092206 -6.822827
vt -0.092144 -9.736637
vt -14.829697 0.845002
vt -6.926803 0.377061
vt -0.092188 -7.686613
vt -0.092138 -10.007736
vt -12.176775 0.687919
vt -5.398598 0.286575
vt -0.092166 -8.711278
vt -0.092189 -7.631876
vt -11.925582 1.085410
vt -10.013782 1.085415
vt 1.098533 -9.908087
vt 1.097476 -11.374892
vt -12.363588 1.085412
vt -13.443128 1.085410
vt 1.098092 -10.036116
vt 1.101791 -13.559197
vt -13.921522 1.085411
vt -5.251905 1.085417
vt 1.099279 -10.777146
vt 1.098276 -13.358809
vt -11.957926 1.085413
vt -9.860023 1.085410
vt 1.099733 -11.333561
vt 1.099001 -10.312957
vt -11.316575 1.085413
vt -21.177168 1.085412
vt 1.099003 -11.221698
vt 1.099003 -12.182803
vt -17.506842 1.085412
vt 2.494715 1.085412
vt 1.099002 -10.904514
vt 1.099003 -17.188221
vt -13.252998 1.085412
vt -5.918250 1.085412
vt 1.099003 -12.458574
vt 1.099003 -7.825420
vt -6.887133 1.085412
vt -13.318326 1.085412
vt -0.436752 -15.670203
vt 0.604765 -11.742545
vt 10.600373 0.998310
vt 13.584296 -0.331719
vt 12.149766 -3.114590
vt 13.560402 -0.749642
vt 0.028087 -11.425607
vt 0.661965 -8.987542
vt 1.103523 -10.621940
vt 1.102668 -11.951484
vt -0.087822 -11.399770
vt -0.087820 -11.475754
vt -0.087861 -9.585828
vt -0.087924 -6.656281
vt 1.103292 -12.239854
vt 1.103292 -10.520377
vt 1.103292 -12.293199
vt 1.103292 -10.276450
vt 1.103292 -9.958550
vt 1.103292 -11.893335
vt 1.103292 -9.853044
vt 1.103292 -11.873561
vt 1.103292 -10.157248
vt 1.103292 -12.074586
vt 1.103292 -10.082005
vt 1.103292 -12.359545
vt 1.103292 -10.649887
vt 1.103292 -11.630986
vt 1.103292 -9.529165
vt 1.103292 -10.301261
vt 1.103292 -8.833789
vt 1.103292 -13.818611
vt 1.103292 -10.320410
vt 1.103292 -11.995972
vt 1.103292 -11.415175
vt 1.103292 -13.867528
vt 1.103292 -9.527173
vt 1.103292 -10.347167
vt 1.103292 -9.126029
vt 1.103292 -20.231621
vt 1.103292 -12.454969
vt 1.103292 -6.447603
vt 10.336382 -0.645113
vt 8.320821 -0.525770
vt 1.103292 -7.397590
vt 1.103292 -9.200086
vt 1.103292 -7.339872
vt 1.103292 -9.579595
vt 1.103292 -8.798477
vt 1.103292 -10.755498
vt 1.103292 -8.745151
vt 1.103292 -10.685523
vt 1.103292 -9.131687
vt 1.103292 -11.091054
vt 1.103292 -9.941631
vt 1.103292 -12.813931
vt 1.103292 -10.720896
vt 1.103292 -9.943247
vt 1.103292 -10.248690
vt 1.103292 -8.919205
vt 1.103292 -9.756506
vt 1.103292 -10.475032
vt 1.103292 -9.129921
vt 1.103292 -12.886140
vt 1.103292 -15.717272
vt 1.103292 5.047385
vt 1.103292 -15.879358
vt 1.103292 -23.485289
vt 1.103292 -10.703439
vt 1.103292 3.347832
vt 1.103292 -8.328398
vt 1.103292 -16.824356
vt 1.103292 -5.886713
vt 1.103292 -11.077828
vt 1.103292 -9.896433
vt 1.103292 -12.553283
vt 1.103292 -9.828239
vt 1.103292 -14.470984
vt -0.087832 -10.924997
vt -0.087832 -10.946124
vt -0.087869 -9.212900
vt -0.087873 -9.034459
vt 1.103292 -6.867505
vt 1.103292 -6.805714
vt 1.103292 -8.716790
vt 1.103292 -9.117399
vt 8.000332 -0.506793
vt 9.782886 -0.612340
vt 1.103292 -9.993361
vt 1.103292 -11.901117
vt 1.103292 -9.817474
vt 1.103292 -12.988752
vt 1.103292 -9.864034
vt 1.103292 -2.671168
vt 1.103292 -6.677684
vt 1.103292 -28.794163
vt 1.103292 -12.600930
vt 1.103292 -0.997512
vt 1.103292 -13.149078
vt 1.103292 -16.494556
vt 1.103292 -9.634260
vt 1.103292 -6.811195
vt 1.103292 -10.164160
vt 1.103292 -16.421923
vt 1.103292 -10.936029
vt 1.103292 -6.843251
vt -0.087830 -11.017358
vt -0.087527 -25.179359
vt 1.103292 -9.485667
vt 1.103292 -11.341817
vt 1.103292 -9.258238
vt 1.103292 -11.884433
vt 1.103292 -8.862372
vt 1.103292 -9.343979
vt 1.103292 -10.287922
vt 1.103292 -25.275934
vt 1.103292 -18.604618
vt 1.103292 18.760639
vt 1.103292 -2.920550
vt 1.103292 -8.775585
vt 1.103292 -7.191888
vt 1.103292 -8.843268
vt 1.103292 -7.562727
vt 1.103292 -6.947637
vt 1.103292 -6.197875
vt 1.103292 -8.898895
vt 1.103292 -6.389659
vt 1.103292 -8.278237
vt 1.103292 -7.996328
vt 1.103292 -8.701095
vt 1.103292 -7.666849
vt 1.103292 12.607195
vt 1.103292 2.302976
vt 1.103292 -26.678734
vt 1.103292 -6.799133
vt 1.103292 -5.570686
vt 1.103292 -11.532377
vt 1.103292 -9.932270
vt 1.103292 -8.801560
vt 1.103292 -7.647084
vt -0.539356 -16.196695
vt -0.214092 -13.693785
vt -0.350863 -13.938575
vt -0.249558 -14.499635
vt -0.279766 -13.201750
vt -0.004521 -12.447181
vt -0.170668 -12.080751
vt -0.087844 -10.304832
vt -0.087826 -11.192196
vt -0.087807 -12.105966
vt -0.087834 -10.821931
vt -0.087703 -16.972988
vt -0.087802 -12.343310
vt -0.087897 -7.919158
vn 0.901044 -0.428808 -0.065138
vn -0.051684 0.021763 -0.998426
vn 0.994302 -0.028510 0.102719
vn -0.088976 0.133610 -0.987032
vn 0.044975 -0.022750 0.998729
vn -0.893771 0.447436 0.031219
vn -0.128773 -0.125187 0.983741
vn -0.998768 -0.002701 0.049549
vn 0.666653 -0.745322 0.008233
vn 0.743643 0.668577 0.000000
vn 0.732463 -0.680807 0.000000
vn 0.678765 0.734310 -0.008245
vn -0.796260 -0.604763 0.015227
vn -0.607214 0.794508 0.006953
vn -0.620320 -0.784318 -0.006934
vn -0.786253 0.617717 -0.015229
vn 0.720267 -0.691475 0.055478
vn 0.712274 0.679255 0.176856
vn -0.572438 -0.799061 0.183892
vn -0.829906 0.549658 0.095559
vn -0.627455 -0.442169 0.640927
vn -0.462253 0.724385 0.511457
vn 0.595284 -0.587989 0.547636
vn 0.509505 0.469647 0.720997
vn 0.666070 -0.745844 0.008242
vn 0.744074 0.668097 0.000000
vn 0.732083 -0.681215 0.000000
vn 0.679278 0.733835 -0.008236
vn -0.796731 -0.604142 0.015227
vn -0.606719 0.794886 0.006940
vn -0.620741 -0.783985 -0.006948
vn -0.785820 0.618268 -0.015226
vn 0.720283 -0.691458 0.055477
vn 0.712273 0.679268 0.176810
vn -0.572281 -0.799195 0.183798
vn -0.830137 0.549291 0.095671
vn -0.627234 -0.442426 0.640966
vn -0.462380 0.724325 0.511427
vn 0.595299 -0.587980 0.547630
vn 0.509500 0.469646 0.721001
vn 0.720141 -0.691608 0.055461
vn 0.711823 0.680050 0.175615
vn -0.569573 -0.800799 0.185223
vn -0.830584 0.549976 0.087499
vn -0.626333 -0.441515 0.642473
vn -0.460658 0.726726 0.509572
vn 0.595903 -0.589729 0.545086
vn 0.509464 0.467897 0.722162
vn 0.666616 -0.745356 0.008232
vn 0.743678 0.668538 0.000000
vn 0.732486 -0.680782 0.000000
vn 0.678740 0.734333 -0.008245
vn -0.796290 -0.604724 0.015226
vn -0.607172 0.794540 0.006954
vn -0.620294 -0.784339 -0.006934
vn -0.786273 0.617692 -0.015228
vn 0.666093 -0.745823 0.008241
vn 0.744021 0.668156 0.000000
vn 0.732042 -0.681260 0.000000
vn 0.679288 0.733826 -0.008236
vn -0.796710 -0.604170 0.015227
vn -0.606786 0.794835 0.006939
vn -0.620792 -0.783945 -0.006947
vn -0.785809 0.618281 -0.015226
vn 0.720261 -0.691481 0.055483
vn 0.712260 0.679272 0.176851
vn -0.572287 -0.799184 0.183829
vn -0.830131 0.549301 0.095661
vn -0.627242 -0.442426 0.640957
vn -0.462373 0.724320 0.511440
vn 0.595284 -0.587986 0.547640
vn 0.509510 0.469670 0.720978
vn -0.652936 0.106427 -0.749899
vn -0.982139 0.159937 0.099112
vn 0.069554 -0.015511 0.997458
vn 0.987796 -0.154766 0.017475
vn 0.216097 -0.037196 -0.975663
vn 0.826563 -0.562845 -0.000022
vn 0.078761 -0.068497 -0.994537
vn 0.087421 -0.065612 0.994008
vn -0.837311 0.546714 0.003564
vn 0.387669 -0.921796 -0.002112
vn -0.023046 0.066256 -0.997536
vn -0.021248 0.061880 0.997857
vn -0.379993 0.924986 0.002551
vn 0.304242 -0.952592 -0.002288
vn 0.006930 -0.034291 -0.999388
vn 0.008354 -0.038738 0.999215
vn -0.302226 0.953233 0.002400
vn 0.101713 -0.994811 -0.002340
vn 0.006268 -0.051633 -0.998647
vn 0.006795 -0.056460 0.998382
vn -0.102229 0.994758 0.002553
vn -0.162981 -0.986627 -0.002268
vn -0.015525 -0.061163 -0.998007
vn -0.016203 -0.065766 0.997703
vn 0.174713 0.984616 0.002459
vn -0.451812 -0.892110 -0.002615
vn -0.020320 -0.059603 -0.998015
vn -0.022748 -0.064487 0.997659
vn 0.437034 0.899440 0.002861
vn -0.667380 -0.744714 -0.002464
vn -0.036598 -0.040532 -0.998508
vn -0.040041 -0.044398 0.998211
vn 0.669594 0.742722 0.002761
vn -0.853828 -0.520552 -0.002168
vn -0.064898 -0.034009 -0.997312
vn -0.068749 -0.036432 0.996969
vn 0.861426 0.507876 0.002481
vn -0.989818 -0.142329 -0.001910
vn -0.100421 -0.009009 -0.994904
vn -0.104553 -0.009684 0.994472
vn 0.991768 0.128027 0.002363
vn -0.853540 -0.521016 -0.003394
vn 0.213197 0.085438 -0.973266
vn 0.210787 0.083083 0.973995
vn 0.768538 0.639802 0.001415
vn -0.169969 -0.985448 -0.001793
vn 0.001135 -0.005420 -0.999985
vn 0.000527 -0.009010 0.999959
vn 0.175024 0.984562 0.001866
vn -0.179539 -0.983749 -0.001880
vn 0.000972 -0.002375 -0.999997
vn 0.000300 -0.005988 0.999982
vn 0.183741 0.982973 0.001790
vn -0.195879 -0.980624 -0.002655
vn -0.027651 -0.126780 -0.991545
vn -0.028530 -0.131138 0.990954
vn 0.190498 0.981686 0.001811
vn -0.744567 -0.667546 -0.001429
vn 0.036898 0.029750 -0.998876
vn 0.033848 0.027044 0.999061
vn 0.747823 0.663893 0.002452
vn -0.805203 -0.592997 -0.001882
vn -0.035793 -0.019592 -0.999167
vn -0.038889 -0.021877 0.999004
vn 0.810032 0.586383 0.001983
vn -0.932421 -0.361369 -0.001883
vn -0.072426 -0.019933 -0.997175
vn -0.076068 -0.021385 0.996873
vn 0.939712 0.341960 0.002101
vn -0.999296 0.037462 -0.001798
vn -0.099949 0.005865 -0.994975
vn -0.103751 0.005907 0.994586
vn 0.998632 -0.052246 0.002109
vn -0.920361 0.391066 -0.001946
vn -0.053501 0.025269 -0.998248
vn -0.057232 0.026852 0.998000
vn 0.916404 -0.400248 0.002126
vn -0.750492 0.660877 -0.001726
vn -0.055032 0.066893 -0.996241
vn -0.057749 0.069189 0.995931
vn 0.721685 -0.692219 0.001934
vn -0.495230 0.868760 -0.001772
vn -0.027679 0.054260 -0.998143
vn -0.029521 0.057529 0.997907
vn 0.481518 -0.876434 0.001955
vn -0.861746 0.507328 -0.003564
vn 0.325482 -0.034533 -0.944917
vn 0.321654 -0.033948 0.946248
vn 0.899167 -0.437603 0.001598
vn -0.500828 -0.865537 -0.004141
vn 0.035349 0.311904 -0.949456
vn 0.034254 0.307493 0.950934
vn 0.441758 0.897132 0.002003
vn 0.500539 -0.865709 -0.002931
vn -0.039205 0.077505 -0.996221
vn -0.036394 0.072924 0.996673
vn -0.513217 0.858255 0.002533
vn 0.748331 -0.663319 -0.002931
vn -0.048910 0.043428 -0.997859
vn -0.044767 0.039832 0.998203
vn -0.750202 0.661203 0.002610
vn 0.911102 -0.412170 -0.002996
vn -0.076208 0.035627 -0.996455
vn -0.071202 0.033498 0.996899
vn -0.914212 0.405229 0.002554
vn 0.999655 -0.026027 -0.003464
vn -0.108805 0.000620 -0.994063
vn -0.102800 0.000648 0.994702
vn -0.999782 0.020714 0.002760
vn 0.937465 0.348059 -0.003792
vn -0.066942 -0.025853 -0.997422
vn -0.060421 -0.023367 0.997899
vn -0.937238 -0.348676 0.003283
vn 0.832751 0.553634 -0.003771
vn -0.038142 -0.022940 -0.999009
vn -0.032170 -0.018917 0.999303
vn -0.830187 -0.557474 0.003471
vn 0.686321 0.727287 -0.004031
vn -0.045704 -0.051322 -0.997636
vn -0.040590 -0.045888 0.998122
vn -0.692939 -0.720988 0.003530
vn 0.174813 0.984594 -0.003859
vn -0.021614 -0.112209 -0.993449
vn -0.020213 -0.104498 0.994320
vn -0.177614 -0.984092 0.004002
vn 0.637991 0.770036 -0.003458
vn 0.111833 0.179829 -0.977320
vn 0.116219 0.185824 0.975686
vn -0.653214 -0.757155 0.005297
vn 0.869858 0.493283 -0.004290
vn -0.041208 -0.020934 -0.998931
vn -0.034108 -0.016873 0.999276
vn -0.868157 -0.496274 0.003921
vn 0.694546 0.719434 -0.004503
vn -0.058602 -0.072819 -0.995622
vn -0.053033 -0.067015 0.996342
vn -0.704989 -0.709209 0.003777
vn 0.471326 0.881948 -0.004387
vn -0.023016 -0.040326 -0.998921
vn -0.019100 -0.032953 0.999274
vn -0.469565 -0.882889 0.004004
vn 0.226206 0.974069 -0.004489
vn -0.011012 -0.081943 -0.996576
vn -0.009165 -0.073984 0.997217
vn -0.239673 -0.970846 0.003861
vn -0.065515 0.997842 -0.004466
vn 0.006299 -0.064655 -0.997888
vn 0.005727 -0.056379 0.998393
vn 0.062261 -0.998052 0.003934
vn -0.283946 0.958830 -0.004438
vn 0.012463 -0.044793 -0.998919
vn 0.010059 -0.036679 0.999277
vn 0.281191 -0.959643 0.004076
vn -0.366015 0.930598 -0.004459
vn -0.020232 0.059797 -0.998006
vn -0.023337 0.067695 0.997433
vn 0.371936 -0.928250 0.003994
vn -0.807575 0.589749 -0.004375
vn 0.100773 -0.077876 -0.991857
vn 0.093794 -0.072709 0.992933
vn 0.804093 -0.594488 0.004372
vn -0.887769 0.460263 -0.004936
vn 0.068481 -0.042573 -0.996744
vn 0.060476 -0.038657 0.997421
vn 0.895688 -0.444663 0.004180
vn -0.579958 0.814638 -0.003679
vn -0.161772 0.182769 -0.969755
vn -0.167421 0.188879 0.967623
vn 0.502315 -0.864657 0.006942
vn -0.607412 0.794351 -0.007584
vn 0.298945 -0.163965 -0.940078
vn 0.293391 -0.158944 0.942687
vn 0.663741 -0.747953 0.003613
vn -0.817959 -0.575222 -0.007934
vn 0.161164 0.287941 -0.943989
vn 0.156213 0.281695 0.946702
vn 0.746417 0.665468 0.003636
vn -0.745115 -0.666927 -0.003642
vn -0.160832 -0.278230 -0.946954
vn -0.165814 -0.284261 0.944299
vn 0.804689 0.593645 0.007850
vn -0.998740 -0.012226 0.048668
vn 0.009201 0.111764 -0.993692
vn -0.000301 -0.108064 0.994144
vn 0.998349 -0.007047 0.056998
vn -0.988736 -0.149588 -0.004975
vn 0.066297 0.013641 -0.997707
vn 0.057251 0.012242 0.998285
vn 0.989820 0.142260 0.004322
vn -0.917256 -0.398265 -0.005016
vn 0.054039 0.021717 -0.998303
vn 0.045475 0.017919 0.998805
vn 0.915216 0.402938 0.004450
vn -0.771522 -0.636182 -0.005142
vn 0.054383 0.047067 -0.997410
vn 0.047166 0.041031 0.998044
vn 0.772807 0.634625 0.004425
vn -0.553349 -0.832934 -0.005090
vn 0.033869 0.055063 -0.997908
vn 0.028691 0.047199 0.998473
vn 0.557090 0.830440 0.004452
vn -0.231635 -0.972788 -0.005358
vn 0.013946 0.096330 -0.995252
vn 0.011759 0.087142 0.996126
vn 0.246491 0.969135 0.004382
vn -0.072784 -0.997033 -0.025043
vn 0.042522 -0.018292 -0.998928
vn -0.047346 -0.021179 0.998654
vn 0.076497 0.996905 -0.018107
vn -0.269568 -0.962971 -0.004532
vn -0.013423 -0.053340 -0.998486
vn -0.015931 -0.062554 0.997914
vn 0.267540 0.963533 0.005163
vn -0.603321 -0.797486 -0.004511
vn -0.058175 -0.071900 -0.995714
vn -0.063988 -0.079708 0.994762
vn 0.614564 0.788847 0.005610
vn -0.876256 -0.481824 -0.004472
vn -0.071772 -0.032189 -0.996902
vn -0.080169 -0.036833 0.996101
vn 0.886043 0.463572 0.005393
vn -0.986590 -0.163160 -0.004425
vn -0.056431 -0.004718 -0.998395
vn -0.065675 -0.006246 0.997822
vn 0.988756 0.149451 0.005072
vn -0.999882 -0.014498 -0.005172
vn 0.018400 0.000984 -0.999830
vn 0.008908 0.000847 0.999960
vn 0.999862 0.016053 0.004174
vn 0.992134 0.125162 -0.002003
vn -0.029555 -0.000228 -0.999563
vn -0.025289 0.000654 0.999680
vn -0.990908 -0.134515 0.002598
vn 0.925285 0.379265 -0.002428
vn 0.040781 0.027378 -0.998793
vn 0.045422 0.029217 0.998541
vn -0.928134 -0.372237 0.002656
vn 0.830974 0.556306 -0.002578
vn 0.033551 0.021365 -0.999209
vn 0.037997 0.024343 0.998981
vn -0.831127 -0.556076 0.002788
vn 0.655028 0.755600 -0.002493
vn 0.043866 0.065020 -0.996919
vn 0.047334 0.068992 0.996494
vn -0.636697 -0.771108 0.002909
vn 0.289761 0.957096 -0.002487
vn 0.025206 0.102277 -0.994437
vn 0.026822 0.107379 0.993856
vn -0.271061 -0.962557 0.003054
vn 0.026617 0.999523 0.015657
vn 0.045167 0.008929 -0.998940
vn -0.043991 0.018759 0.998856
vn -0.028292 -0.999295 0.024689
vn 0.046497 0.998614 -0.024669
vn 0.043188 -0.027956 -0.998676
vn -0.045619 -0.017835 0.998800
vn -0.044919 -0.998864 -0.015893
vn 0.226701 0.973960 -0.002916
vn -0.013552 -0.068635 -0.997550
vn -0.012250 -0.063332 0.997917
vn -0.235496 -0.971872 0.002591
vn 0.593553 0.804789 -0.003045
vn -0.075084 -0.104673 -0.991668
vn -0.071825 -0.100629 0.992328
vn -0.610385 -0.792102 0.002415
vn 0.895860 0.444329 -0.002656
vn -0.071820 -0.043404 -0.996473
vn -0.067442 -0.041374 0.996865
vn -0.904722 -0.425997 0.002280
vn 0.992182 0.124772 -0.002640
vn -0.061642 -0.004298 -0.998089
vn -0.056759 -0.003690 0.998381
vn -0.991235 -0.132092 0.002338
vn 0.999989 -0.003921 -0.002485
vn 0.122966 0.000199 -0.992411
vn 0.127949 0.000180 0.991781
vn -0.999981 0.005565 0.002536
vn 0.011476 0.097228 -0.995196
vn 0.999313 0.015736 -0.033563
vn -0.025567 -0.122468 0.992143
vn -0.997352 0.020563 -0.069761
vn 0.081162 0.118802 -0.989595
vn -0.749995 0.106218 -0.652860
vn -0.994254 -0.002250 0.107022
vn -0.021502 -0.140095 0.989905
vn 0.998906 -0.004645 -0.046528
vn -0.044295 0.004814 0.999007
vn 0.024950 0.999528 0.017919
vn 0.044038 -0.004172 -0.999021
vn -0.026122 -0.999351 0.024800
vn -0.426162 -0.904609 0.008251
vn 0.905489 -0.424370 0.000000
vn -0.340789 -0.940140 0.000000
vn 0.940756 -0.338986 -0.008238
vn -0.867375 0.497421 0.015253
vn 0.495316 0.868685 0.006950
vn -0.964234 0.264961 -0.006963
vn 0.262657 0.964769 -0.015248
vn -0.355193 -0.933143 0.055521
vn 0.903422 -0.390708 0.176569
vn -0.959224 0.214785 0.183729
vn 0.181487 0.978703 0.095937
vn -0.652286 0.404516 0.641007
vn 0.486701 0.708236 0.511394
vn -0.308746 -0.777656 0.547655
vn 0.631229 -0.285822 0.721010
vn -0.569676 -0.821828 0.008252
vn 0.822989 -0.568058 0.000000
vn -0.491334 -0.870971 0.000000
vn 0.871873 -0.489663 -0.008239
vn -0.773337 0.633812 0.015253
vn 0.631955 0.774973 0.006950
vn -0.907247 0.420539 -0.006964
vn 0.418362 0.908152 -0.015249
vn -0.504212 -0.861796 0.055482
vn 0.826422 -0.534672 0.176502
vn -0.910675 0.370007 0.183757
vn 0.340735 0.935244 0.096013
vn -0.576593 0.506652 0.640971
vn 0.597181 0.617948 0.511385
vn -0.432748 -0.716111 0.547644
vn 0.575298 -0.386221 0.721017
vn -0.751747 -0.659400 0.008247
vn 0.661467 -0.749974 0.000000
vn -0.687698 -0.725997 0.000000
vn 0.727735 -0.685809 -0.008231
vn -0.596914 0.802161 0.015229
vn 0.800314 0.599541 0.006935
vn -0.778327 0.627820 -0.006954
vn 0.625407 0.780150 -0.015225
vn -0.697997 -0.713944 0.055527
vn 0.672529 -0.718708 0.176530
vn -0.793849 0.579706 0.183694
vn 0.556853 0.825042 0.096024
vn -0.436758 0.631150 0.641009
vn 0.728877 0.455204 0.511397
vn -0.593355 -0.589901 0.547674
vn 0.464794 -0.513928 0.721003
vn -0.591112 0.806547 0.008235
vn -0.804667 -0.593727 0.000000
vn -0.662924 0.748687 0.000000
vn -0.746528 -0.665303 -0.008234
vn 0.851212 0.524602 0.015209
vn 0.527793 -0.849345 0.006933
vn 0.693593 0.720333 -0.006936
vn 0.722818 -0.690871 -0.015208
vn -0.650346 0.757606 0.055520
vn -0.774713 -0.607168 0.176542
vn 0.646778 0.740204 0.183781
vn 0.773116 -0.626960 0.095986
vn 0.666964 0.379876 0.640979
vn 0.389683 -0.765902 0.511411
vn -0.535903 0.642541 0.547676
vn -0.552572 -0.418123 0.720998
vn -0.855065 -0.518455 0.008231
vn 0.521344 -0.853347 0.000000
vn -0.803739 -0.594981 0.000000
vn 0.597726 -0.801658 -0.008234
vn -0.448324 0.893742 0.015203
vn 0.892100 0.451784 0.006936
vn -0.656922 0.753926 -0.006928
vn 0.751274 0.659815 -0.015202
vn -0.811206 -0.582121 0.055496
vn 0.537319 -0.824697 0.176528
vn -0.681337 0.708515 0.183809
vn 0.691926 0.715553 0.096032
vn -0.320478 0.697488 0.640939
vn 0.796958 0.321418 0.511418
vn -0.686658 -0.478089 0.547660
vn 0.368363 -0.586918 0.720996
vn 0.854734 0.519001 0.008243
vn -0.521350 0.853343 0.000000
vn 0.803225 0.595676 0.000000
vn -0.597732 0.801654 -0.008234
vn 0.448893 -0.893456 0.015227
vn -0.892091 -0.451803 0.006938
vn 0.657733 -0.753219 -0.006951
vn -0.751141 -0.659966 -0.015226
vn 0.811483 0.581731 0.055539
vn -0.537284 0.824718 0.176541
vn 0.680893 -0.708952 0.183772
vn -0.692014 -0.715472 0.096004
vn 0.320224 -0.697556 0.640993
vn -0.796973 -0.321378 0.511420
vn 0.686864 0.477766 0.547683
vn -0.368335 0.586934 0.720997
vn 0.585170 0.810900 -0.004022
vn 0.084127 0.109822 -0.990385
vn 0.088620 0.116039 0.989283
vn -0.578029 -0.816008 0.003696
vn 0.854735 0.518998 0.008243
vn -0.521348 0.853344 0.000000
vn 0.803227 0.595673 0.000000
vn -0.597730 0.801655 -0.008234
vn 0.448893 -0.893456 0.015227
vn -0.892091 -0.451803 0.006938
vn 0.657733 -0.753219 -0.006951
vn -0.751141 -0.659966 -0.015226
vn 0.811482 0.581732 0.055539
vn -0.537287 0.824717 0.176534
vn 0.680894 -0.708951 0.183772
vn -0.692013 -0.715473 0.096005
vn 0.320226 -0.697555 0.640994
vn -0.796972 -0.321378 0.511420
vn 0.686864 0.477767 0.547683
vn -0.368336 0.586938 0.720994
vn 0.854735 0.518998 0.008243
vn -0.521348 0.853344 0.000000
vn 0.803227 0.595673 0.000000
vn -0.597730 0.801655 -0.008234
vn 0.448893 -0.893456 0.015227
vn -0.892091 -0.451803 0.006938
vn 0.657733 -0.753219 -0.006951
vn -0.751141 -0.659966 -0.015226
vn 0.811482 0.581732 0.055539
vn -0.537287 0.824717 0.176534
vn 0.680894 -0.708951 0.183772
vn -0.692013 -0.715473 0.096005
vn 0.320226 -0.697555 0.640994
vn -0.796972 -0.321378 0.511420
vn 0.686864 0.477767 0.547683
vn -0.368336 0.586938 0.720994
vn 0.994054 -0.108573 0.008240
vn 0.105898 0.994377 0.000000
vn 0.999865 -0.016449 0.000000
vn 0.013790 0.999871 -0.008238
vn -0.187781 -0.982093 0.015227
vn -0.982773 0.184685 0.006943
vn 0.063187 -0.997977 -0.006946
vn -0.997683 -0.066303 -0.015226
vn 0.997931 -0.032321 0.055582
vn 0.075033 0.981417 0.176607
vn 0.108317 -0.976980 0.183788
vn -0.984563 -0.146473 0.095818
vn -0.170768 -0.748303 0.641000
vn -0.828057 0.229650 0.511451
vn 0.835756 -0.038949 0.547718
vn 0.064549 0.689910 0.721012
vn 0.955090 -0.296202 0.008232
vn 0.294054 0.955789 -0.000000
vn 0.978367 -0.206876 0.000000
vn 0.204593 0.978812 -0.008251
vn -0.371308 -0.928385 0.015234
vn -0.929476 0.368818 0.006958
vn -0.127906 -0.991762 -0.006944
vn -0.992026 0.125107 -0.015243
vn 0.973416 -0.222213 0.055529
vn 0.261028 0.949038 0.176610
vn -0.080091 -0.979697 0.183789
vn -0.994423 0.044157 0.095776
vn -0.310452 -0.701960 0.640993
vn -0.769008 0.383477 0.511440
vn 0.812972 -0.197763 0.547692
vn 0.195086 0.664895 0.721011
vn 0.955090 -0.296202 0.008232
vn 0.294054 0.955789 0.000000
vn 0.978367 -0.206877 0.000000
vn 0.204593 0.978812 -0.008251
vn -0.371308 -0.928385 0.015234
vn -0.929475 0.368818 0.006958
vn -0.127906 -0.991762 -0.006944
vn -0.992026 0.125108 -0.015243
vn 0.973415 -0.222213 0.055529
vn 0.261028 0.949038 0.176609
vn -0.080092 -0.979698 0.183787
vn -0.994423 0.044157 0.095776
vn -0.310452 -0.701961 0.640992
vn -0.769008 0.383477 0.511441
vn 0.812972 -0.197764 0.547692
vn 0.195086 0.664896 0.721010
vn -0.464648 -0.885457 0.008239
vn 0.886646 -0.462449 0.000000
vn -0.380981 -0.924583 0.000000
vn 0.925423 -0.378846 -0.008242
vn -0.845586 0.533621 0.015233
vn 0.531150 0.847249 0.006943
vn -0.952100 0.305709 -0.006955
vn 0.303055 0.952851 -0.015240
vn -0.395760 -0.916672 0.055552
vn 0.885553 -0.429655 0.176614
vn -0.948736 0.257118 0.183820
vn 0.224673 0.969713 0.095810
vn -0.633664 0.433149 0.640978
vn 0.517262 0.686196 0.511444
vn -0.342512 -0.763358 0.547696
vn 0.618189 -0.313008 0.721019
vn -0.464648 -0.885457 0.008239
vn 0.886645 -0.462450 0.000000
vn -0.380981 -0.924583 0.000000
vn 0.925423 -0.378846 -0.008242
vn -0.845588 0.533619 0.015233
vn 0.531149 0.847250 0.006943
vn -0.952099 0.305710 -0.006955
vn 0.303055 0.952851 -0.015240
vn -0.395758 -0.916673 0.055559
vn 0.885554 -0.429654 0.176613
vn -0.948737 0.257115 0.183819
vn 0.224673 0.969713 0.095808
vn -0.633664 0.433152 0.640975
vn 0.517263 0.686195 0.511444
vn -0.342512 -0.763356 0.547698
vn 0.618188 -0.313011 0.721018
vn -0.448797 -0.893596 0.008250
vn 0.894432 -0.447204 0.000000
vn -0.364318 -0.931275 0.000000
vn 0.931805 -0.362865 -0.008244
vn -0.854834 0.518678 0.015260
vn 0.516773 0.856094 0.006952
vn -0.957403 0.288672 -0.006972
vn 0.286729 0.957890 -0.015262
vn -0.379757 -0.923416 0.055558
vn 0.892899 -0.414182 0.176590
vn -0.953069 0.240567 0.183814
vn 0.207769 0.973475 0.095806
vn -0.641110 0.422060 0.640970
vn 0.505222 0.695108 0.511445
vn -0.329172 -0.769201 0.547700
vn 0.623565 -0.302198 0.721001
vn -0.448798 -0.893595 0.008250
vn 0.894431 -0.447205 0.000000
vn -0.364319 -0.931274 0.000000
vn 0.931805 -0.362866 -0.008244
vn -0.854833 0.518679 0.015260
vn 0.516775 0.856093 0.006952
vn -0.957402 0.288673 -0.006972
vn 0.286730 0.957890 -0.015262
vn -0.379756 -0.923416 0.055565
vn 0.892898 -0.414183 0.176593
vn -0.953069 0.240565 0.183813
vn 0.207769 0.973475 0.095805
vn -0.641110 0.422062 0.640969
vn 0.505222 0.695108 0.511445
vn -0.329172 -0.769199 0.547703
vn 0.623565 -0.302196 0.721002
vn -0.448798 -0.893595 0.008250
vn 0.894431 -0.447205 0.000000
vn -0.364319 -0.931274 0.000000
vn 0.931805 -0.362866 -0.008244
vn -0.854833 0.518679 0.015260
vn 0.516775 0.856093 0.006952
vn -0.957402 0.288673 -0.006972
vn 0.286730 0.957890 -0.015262
vn -0.379756 -0.923416 0.055565
vn 0.892898 -0.414183 0.176593
vn -0.953069 0.240565 0.183813
vn 0.207769 0.973475 0.095805
vn -0.641110 0.422062 0.640969
vn 0.505222 0.695108 0.511445
vn -0.329172 -0.769199 0.547703
vn 0.623565 -0.302196 0.721002
vn -0.417454 -0.908678 0.006053
vn 0.913570 -0.406682 0.000000
vn 0.859114 -0.511784 0.000000
vn -0.919933 0.391893 0.011972
vn 0.392254 0.919837 0.006077
vn -0.932832 -0.360213 0.008460
vn -0.358981 0.933307 0.008461
vn 0.474476 -0.880230 0.008257
vn 0.879481 0.475934 0.000000
vn 0.553865 -0.832607 0.000000
vn 0.831864 0.554918 -0.008241
vn -0.915272 -0.402547 0.015269
vn -0.404531 0.914498 0.006951
vn -0.785657 -0.618623 -0.006981
vn -0.619927 0.784511 -0.015269
vn 0.538589 -0.840734 0.055575
vn 0.851280 0.494104 0.176586
vn -0.743636 -0.642853 0.183703
vn -0.678755 0.728079 0.095878
vn -0.713247 -0.283466 0.641035
vn -0.280020 0.812422 0.511429
vn 0.441280 -0.710838 0.547705
vn 0.605141 0.337614 0.720986
vn 0.801798 -0.597539 0.008260
vn 0.596242 0.802805 0.000000
vn 0.853711 -0.520747 0.000000
vn 0.519750 0.854279 -0.008239
vn -0.659580 -0.751479 0.015268
vn -0.752960 0.658029 0.006945
vn -0.450711 -0.892643 -0.006988
vn -0.893272 0.449256 -0.015271
vn 0.843476 -0.534280 0.055612
vn 0.562598 0.807649 0.176594
vn -0.402401 -0.896834 0.183746
vn -0.922799 0.373183 0.095795
vn -0.526763 -0.558221 0.641022
vn -0.597123 0.617961 0.511437
vn 0.700365 -0.457700 0.547723
vn 0.405694 0.561761 0.720997
vn 0.957738 -0.287524 0.008264
vn 0.285752 0.958304 0.000000
vn 0.980281 -0.197611 0.000000
vn 0.196342 0.980501 -0.008232
vn -0.363199 -0.931587 0.015266
vn -0.932531 0.361024 0.006937
vn -0.118666 -0.992910 -0.006990
vn -0.993020 0.116954 -0.015263
vn 0.975385 -0.213387 0.055590
vn 0.252261 0.951402 0.176634
vn -0.071192 -0.980391 0.183752
vn -0.994790 0.034917 0.095781
vn -0.303974 -0.704766 0.641018
vn -0.772556 0.376277 0.511442
vn 0.814717 -0.190396 0.547709
vn 0.188935 0.666657 0.721021
vn 0.987063 -0.160120 0.008263
vn 0.158251 0.987399 0.000000
vn 0.997680 -0.068076 0.000000
vn 0.066707 0.997739 -0.008232
vn -0.238607 -0.970996 0.015263
vn -0.971657 0.236292 0.006936
vn 0.011771 -0.999906 -0.006988
vn -0.999791 -0.013569 -0.015261
vn 0.994899 -0.084180 0.055590
vn 0.125841 0.976198 0.176637
vn 0.057442 -0.981292 0.183759
vn -0.990839 -0.095250 0.095733
vn -0.209387 -0.738422 0.641007
vn -0.815085 0.272160 0.511434
vn 0.832606 -0.082365 0.547707
vn 0.100260 0.685616 0.721026
vn 0.994879 0.100733 0.008263
vn -0.102769 0.994705 0.000000
vn 0.981320 0.192381 0.000000
vn -0.193846 0.980997 -0.008230
vn 0.020719 -0.999669 0.015259
vn -0.999705 -0.023275 0.006932
vn 0.270030 -0.962827 -0.006987
vn -0.962216 -0.271861 -0.015256
vn 0.982777 0.176235 0.055599
vn -0.130880 0.975540 0.176613
vn 0.309643 -0.932923 0.183781
vn -0.932437 -0.348396 0.095816
vn -0.011065 -0.767464 0.640997
vn -0.857740 0.052118 0.511436
vn 0.825551 0.135969 0.547703
vn -0.080472 0.688222 0.721023
vn 0.720141 -0.691608 0.055461
vn 0.711823 0.680050 0.175615
vn -0.569573 -0.800799 0.185223
vn -0.830584 0.549976 0.087498
vn -0.626333 -0.441515 0.642473
vn -0.460658 0.726726 0.509572
vn 0.595903 -0.589729 0.545086
vn 0.509464 0.467897 0.722162
vn 0.666616 -0.745356 0.008232
vn 0.743678 0.668538 0.000000
vn 0.732486 -0.680782 0.000000
vn 0.678740 0.734333 -0.008245
vn -0.796290 -0.604724 0.015226
vn -0.607172 0.794540 0.006954
vn -0.620294 -0.784339 -0.006934
vn -0.786273 0.617692 -0.015228
vn 0.720141 -0.691608 0.055461
vn 0.711821 0.680051 0.175618
vn -0.569573 -0.800799 0.185223
vn -0.830588 0.549972 0.087494
vn -0.626333 -0.441515 0.642473
vn -0.460658 0.726728 0.509568
vn 0.595903 -0.589729 0.545086
vn 0.509465 0.467892 0.722165
vn 0.666616 -0.745355 0.008233
vn 0.743678 0.668538 0.000000
vn 0.732488 -0.680780 0.000000
vn 0.678737 0.734335 -0.008246
vn -0.796290 -0.604724 0.015226
vn -0.607172 0.794540 0.006954
vn -0.620291 -0.784341 -0.006934
vn -0.786275 0.617689 -0.015228
vn 0.720141 -0.691608 0.055461
vn 0.711821 0.680051 0.175618
vn -0.569573 -0.800799 0.185223
vn -0.830588 0.549972 0.087494
vn -0.626333 -0.441515 0.642473
vn -0.460658 0.726728 0.509568
vn 0.595903 -0.589729 0.545086
vn 0.509465 0.467892 0.722165
vn 0.666616 -0.745355 0.008233
vn 0.743678 0.668538 0.000000
vn 0.732488 -0.680780 0.000000
vn 0.678737 0.734335 -0.008246
vn -0.796290 -0.604724 0.015226
vn -0.607172 0.794540 0.006954
vn -0.620291 -0.784341 -0.006934
vn -0.786275 0.617689 -0.015228
vn 0.720141 -0.691608 0.055461
vn 0.711821 0.680051 0.175618
vn -0.569573 -0.800799 0.185223
vn -0.830588 0.549972 0.087494
vn -0.626333 -0.441515 0.642473
vn -0.460658 0.726728 0.509568
vn 0.595903 -0.589729 0.545086
vn 0.509465 0.467892 0.722165
vn 0.666616 -0.745355 0.008233
vn 0.743678 0.668538 0.000000
vn 0.732488 -0.680780 0.000000
vn 0.678737 0.734335 -0.008246
vn -0.796290 -0.604724 0.015226
vn -0.607172 0.794540 0.006954
vn -0.620291 -0.784341 -0.006934
vn -0.786275 0.617689 -0.015228
vn 0.959149 0.277398 0.055533
vn -0.232989 0.956496 0.175591
vn 0.408072 -0.893975 0.185164
vn -0.891630 -0.444212 0.087591
vn 0.068951 -0.763157 0.642524
vn -0.859693 -0.035376 0.509584
vn 0.808729 0.220841 0.545148
vn -0.150446 0.675182 0.722147
vn 0.978821 0.204552 0.008221
vn -0.206902 0.978362 0.000000
vn 0.955897 0.293701 0.000000
vn -0.296497 0.954998 -0.008257
vn 0.125522 -0.991974 0.015224
vn -0.991707 -0.128334 0.006971
vn 0.368828 -0.929472 -0.006917
vn -0.928109 -0.371998 -0.015229
vn 0.728826 0.682440 0.055582
vn -0.642287 0.746049 0.175722
vn 0.769097 -0.611726 0.185153
vn -0.592739 -0.800638 0.087401
vn 0.407630 -0.648811 0.642559
vn -0.749618 -0.422315 0.509630
vn 0.620432 0.563775 0.545181
vn -0.440912 0.533009 0.722148
vn 0.779354 0.626530 0.008231
vn -0.628529 0.777787 0.000000
vn 0.718350 0.695682 0.000000
vn -0.697644 0.716397 -0.008246
vn 0.562038 -0.826971 0.015225
vn -0.825360 -0.564564 0.006955
vn 0.750655 -0.660658 -0.006933
vn -0.658149 -0.752734 -0.015229
vn 0.672141 0.731439 0.114997
vn -0.705623 0.699284 0.114447
vn 0.790460 -0.556746 0.255356
vn -0.540788 -0.840202 0.040122
vn 0.393962 -0.618823 0.679597
vn -0.759931 -0.473936 0.444848
vn 0.529784 0.605557 0.593826
vn -0.538415 0.500834 0.677698
vn 0.745347 0.666648 0.006244
vn -0.670931 0.741520 0.000652
vn 0.657985 0.753031 -0.000640
vn -0.756785 0.653634 -0.006253
vn 0.630432 -0.776150 0.012143
vn -0.775654 -0.631122 0.006680
vn 0.786439 -0.617632 -0.006659
vn -0.616885 -0.786960 -0.012162
vn -0.569676 -0.821828 0.008252
vn 0.822989 -0.568058 0.000000
vn -0.491334 -0.870971 0.000000
vn 0.871873 -0.489663 -0.008239
vn -0.773337 0.633812 0.015253
vn 0.631956 0.774973 0.006950
vn -0.907247 0.420539 -0.006964
vn 0.418362 0.908152 -0.015249
vn -0.504212 -0.861796 0.055482
vn 0.826422 -0.534672 0.176502
vn -0.910675 0.370007 0.183757
vn 0.340735 0.935244 0.096013
vn -0.576593 0.506652 0.640971
vn 0.597181 0.617948 0.511385
vn -0.432748 -0.716111 0.547644
vn 0.575298 -0.386221 0.721017
vn -0.569676 -0.821828 0.008252
vn 0.822989 -0.568058 0.000000
vn -0.491334 -0.870971 0.000000
vn 0.871873 -0.489663 -0.008239
vn -0.773337 0.633812 0.015253
vn 0.631956 0.774973 0.006950
vn -0.907247 0.420539 -0.006964
vn 0.418362 0.908152 -0.015249
vn -0.504212 -0.861796 0.055482
vn 0.826422 -0.534672 0.176502
vn -0.910675 0.370007 0.183757
vn 0.340735 0.935244 0.096013
vn -0.576593 0.506652 0.640971
vn 0.597181 0.617948 0.511385
vn -0.432748 -0.716111 0.547644
vn 0.575298 -0.386221 0.721017
vn -0.938112 -0.346234 0.008246
vn 0.348689 -0.937238 0.000000
vn -0.902182 -0.431355 0.000000
vn 0.433592 -0.901072 -0.008234
vn -0.269822 0.962790 0.015232
vn 0.962040 0.272820 0.006940
vn -0.501653 0.865041 -0.006954
vn 0.863474 0.504163 -0.015228
vn -0.907358 -0.416680 0.055490
vn 0.370439 -0.911922 0.176561
vn -0.533636 0.825501 0.183794
vn 0.815603 0.570613 0.095873
vn -0.181567 0.745779 0.640974
vn 0.843579 0.163835 0.511402
vn -0.765259 -0.338337 0.547637
vn 0.249839 -0.646309 0.721017
vn -0.419288 -0.907816 0.008246
vn 0.909001 -0.416793 0.000000
vn -0.333678 -0.942687 0.000000
vn 0.943500 -0.331270 -0.008232
vn -0.871246 0.490610 0.015228
vn 0.487819 0.872917 0.006933
vn -0.966242 0.257542 -0.006955
vn 0.254622 0.966921 -0.015226
vn -0.347336 -0.936095 0.055529
vn 0.906559 -0.383410 0.176490
vn -0.960971 0.206779 0.183786
vn 0.173656 0.980118 0.095980
vn -0.655596 0.399173 0.640980
vn 0.481180 0.712002 0.511389
vn -0.302193 -0.780224 0.547659
vn 0.633517 -0.280733 0.721003
vn 0.711244 0.700809 0.054759
vn -0.662034 0.728966 0.174127
vn 0.783913 -0.593496 0.182327
vn -0.573329 -0.814852 0.085498
vn 0.425616 -0.637724 0.641996
vn -0.736318 -0.443267 0.511224
vn 0.605553 0.579347 0.545584
vn -0.456221 0.522233 0.720511
vn 0.763038 0.646325 0.006025
vn -0.649079 0.760721 0.000000
vn 0.700173 0.713974 0.000000
vn -0.716608 0.697450 -0.006034
vn 0.584759 -0.811130 0.011207
vn -0.808871 -0.587963 0.005133
vn 0.766219 -0.642559 -0.005118
vn -0.639356 -0.768830 -0.011208
vn 0.711266 0.700790 0.054709
vn -0.662029 0.728972 0.174120
vn 0.783912 -0.593498 0.182322
vn -0.573333 -0.814849 0.085504
vn 0.425616 -0.637724 0.641996
vn -0.736316 -0.443266 0.511228
vn 0.605562 0.579355 0.545565
vn -0.456218 0.522237 0.720509
vn 0.763083 0.646273 0.005884
vn -0.649076 0.760724 0.000000
vn 0.700174 0.713972 0.000000
vn -0.716654 0.697404 -0.005893
vn 0.584761 -0.811132 0.010949
vn -0.808838 -0.588010 0.005015
vn 0.766180 -0.642607 -0.005001
vn -0.639361 -0.768829 -0.010950
vn 0.712400 0.699636 0.054730
vn -0.661547 0.728302 0.178696
vn 0.782315 -0.594998 0.184285
vn -0.574071 -0.813787 0.090518
vn 0.426329 -0.639097 0.640155
vn -0.734468 -0.443495 0.513682
vn 0.604513 0.578107 0.548048
vn -0.459082 0.523364 0.717867
vn 0.761951 0.647607 0.005985
vn -0.650447 0.759552 0.000000
vn 0.701446 0.712723 0.000000
vn -0.715444 0.698644 -0.005994
vn 0.589043 -0.808025 0.011153
vn -0.805696 -0.592308 0.005147
vn 0.762761 -0.646661 -0.005133
vn -0.643405 -0.765445 -0.011155
vn 0.993856 -0.096163 0.054802
vn 0.132435 0.974946 0.178723
vn 0.046695 -0.981773 0.184233
vn -0.992406 -0.083336 0.090471
vn -0.215684 -0.737334 0.640171
vn -0.811883 0.277419 0.513697
vn 0.831392 -0.091593 0.548085
vn 0.105660 0.688105 0.717877
vn 0.985967 -0.166833 0.006000
vn 0.164018 0.986457 0.000000
vn 0.996912 -0.078528 0.000000
vn 0.075484 0.997129 -0.006013
vn -0.239738 -0.970773 0.011195
vn -0.971570 0.236695 0.005169
vn -0.004160 -0.999978 -0.005152
vn -0.999937 0.000794 -0.011199
vn 0.711916 -0.700125 0.054783
vn 0.716453 0.674357 0.178713
vn -0.581694 -0.792250 0.184315
vn -0.823498 0.560069 0.090408
vn -0.631808 -0.437062 0.640153
vn -0.456244 0.726591 0.513719
vn 0.588482 -0.594384 0.548084
vn 0.515147 0.468283 0.717868
vn 0.662246 -0.749241 0.008310
vn 0.748160 0.663518 0.000000
vn 0.725455 -0.688269 0.000000
vn 0.686752 0.726843 -0.008352
vn -0.796878 -0.603943 0.015428
vn -0.605638 0.795708 0.007136
vn -0.631359 -0.775459 -0.007087
vn -0.776977 0.629340 -0.015443
vn 0.717946 -0.693938 0.054798
vn 0.710590 0.680528 0.178726
vn -0.574791 -0.797269 0.184330
vn -0.828311 0.552927 0.090401
vn -0.628001 -0.442515 0.640153
vn -0.462542 0.722594 0.513724
vn 0.593612 -0.589258 0.548088
vn 0.511060 0.472736 0.717871
vn 0.668901 -0.743308 0.008015
vn 0.742147 0.670237 0.000000
vn 0.731622 -0.681711 0.000000
vn 0.680035 0.733135 -0.008062
vn -0.791385 -0.611136 0.014898
vn -0.612877 0.790148 0.006897
vn -0.624473 -0.781016 -0.006838
vn -0.782642 0.622293 -0.014911
vn 0.992026 -0.113508 0.054767
vn 0.149644 0.972461 0.178677
vn 0.029418 -0.982432 0.184286
vn -0.993728 -0.065700 0.090486
vn -0.228701 -0.733408 0.640163
vn -0.806818 0.291822 0.513696
vn 0.829660 -0.106173 0.548079
vn 0.117814 0.686146 0.717860
vn 0.983190 -0.182410 0.008017
vn 0.180431 0.983588 0.000000
vn 0.995443 -0.095364 0.000000
vn 0.092895 0.995643 -0.008056
vn -0.255882 -0.966593 0.014891
vn -0.967287 0.253592 0.006889
vn -0.020084 -0.999775 -0.006838
vn -0.999742 0.017154 -0.014903
vn 0.753936 0.654662 0.054758
vn -0.615502 0.767638 0.178574
vn 0.744244 -0.641977 0.184302
vn -0.623062 -0.776899 0.090674
vn 0.386263 -0.664073 0.640163
vn -0.760496 -0.397215 0.513679
vn 0.638793 0.539956 0.548079
vn -0.426013 0.550626 0.717861
vn 0.798574 0.601844 0.008022
vn -0.603482 0.797377 0.000000
vn 0.742608 0.669726 0.000000
vn -0.671459 0.740998 -0.008053
vn 0.539945 -0.841568 0.014894
vn -0.840338 -0.542019 0.006883
vn 0.723797 -0.689979 -0.006844
vn -0.687881 -0.725670 -0.014904
vn 0.717950 -0.693881 0.055467
vn 0.710468 0.679066 0.184675
vn -0.572532 -0.797773 0.189117
vn -0.828561 0.551344 0.097502
vn -0.629070 -0.442916 0.638824
vn -0.460895 0.723174 0.514388
vn 0.593348 -0.587731 0.550009
vn 0.511543 0.473570 0.716976
vn 0.668396 -0.743781 0.006059
vn 0.741301 0.671173 0.000000
vn 0.730068 -0.683374 0.000000
vn 0.680492 0.732731 -0.006070
vn -0.789902 -0.613129 0.011303
vn -0.616315 0.787482 0.005245
vn -0.629314 -0.777134 -0.005230
vn -0.779746 0.625994 -0.011306
vn 0.968858 -0.241318 0.055497
vn 0.275308 0.943474 0.184561
vn -0.096637 -0.977179 0.189165
vn -0.993230 0.063049 0.097562
vn -0.323182 -0.698193 0.638811
vn -0.760769 0.395763 0.514395
vn 0.807843 -0.211782 0.550035
vn 0.205902 0.665989 0.716982
vn 0.950769 -0.309843 0.005997
vn 0.306398 0.951904 0.000000
vn 0.973983 -0.226620 0.000000
vn 0.222882 0.974827 -0.006030
vn -0.376528 -0.926337 0.011205
vn -0.927839 0.372943 0.005211
vn -0.155367 -0.987843 -0.005181
vn -0.988429 0.151266 -0.011220
vn 0.718201 -0.693622 0.055461
vn 0.710636 0.679174 0.183628
vn -0.572208 -0.798113 0.188662
vn -0.828781 0.551215 0.096352
vn -0.628744 -0.442779 0.639239
vn -0.460899 0.723560 0.513841
vn 0.593654 -0.587957 0.549438
vn 0.511313 0.472929 0.717564
vn 0.668100 -0.744046 0.006059
vn 0.741581 0.670863 0.000000
vn 0.730361 -0.683062 0.000000
vn 0.680196 0.733005 -0.006068
vn -0.790650 -0.612164 0.011297
vn -0.615341 0.788243 0.005233
vn -0.628347 -0.777916 -0.005218
vn -0.780512 0.625039 -0.011299
vn 0.718201 -0.693622 0.055461
vn 0.710636 0.679174 0.183628
vn -0.572208 -0.798113 0.188662
vn -0.828781 0.551215 0.096352
vn -0.628744 -0.442779 0.639239
vn -0.460899 0.723560 0.513841
vn 0.593654 -0.587957 0.549438
vn 0.511313 0.472929 0.717564
vn 0.668090 -0.744056 0.006029
vn 0.741581 0.670863 0.000000
vn 0.730361 -0.683061 0.000000
vn 0.680186 0.733014 -0.006038
vn -0.790650 -0.612165 0.011242
vn -0.615352 0.788235 0.005208
vn -0.628357 -0.777908 -0.005193
vn -0.780512 0.625040 -0.011244
vn 0.718197 -0.693625 0.055471
vn 0.710639 0.679172 0.183622
vn -0.572206 -0.798114 0.188665
vn -0.828780 0.551216 0.096351
vn -0.628744 -0.442780 0.639239
vn -0.460898 0.723562 0.513840
vn 0.593655 -0.587952 0.549442
vn 0.511313 0.472932 0.717562
vn 0.668846 -0.743355 0.008240
vn 0.741581 0.670864 0.000000
vn 0.730358 -0.683064 0.000000
vn 0.680934 0.732298 -0.008253
vn -0.790647 -0.612082 0.015275
vn -0.614571 0.788830 0.007075
vn -0.627590 -0.778512 -0.007054
vn -0.780510 0.624956 -0.015278
vn 0.718200 -0.693622 0.055463
vn 0.710638 0.679173 0.183625
vn -0.572207 -0.798114 0.188659
vn -0.828779 0.551218 0.096354
vn -0.628743 -0.442782 0.639239
vn -0.460899 0.723559 0.513842
vn 0.593654 -0.587955 0.549439
vn 0.511312 0.472932 0.717562
vn 0.668847 -0.743354 0.008240
vn 0.741581 0.670864 0.000000
vn 0.730360 -0.683063 0.000000
vn 0.680934 0.732298 -0.008253
vn -0.790646 -0.612083 0.015275
vn -0.614571 0.788830 0.007075
vn -0.627589 -0.778513 -0.007054
vn -0.780511 0.624956 -0.015278
vn 0.718202 -0.693621 0.055461
vn 0.710637 0.679173 0.183626
vn -0.572207 -0.798115 0.188659
vn -0.828779 0.551217 0.096354
vn -0.628743 -0.442782 0.639239
vn -0.460899 0.723559 0.513843
vn 0.593654 -0.587956 0.549438
vn 0.511312 0.472931 0.717562
vn 0.668852 -0.743350 0.008257
vn 0.741580 0.670865 0.000000
vn 0.730360 -0.683063 0.000000
vn 0.680939 0.732293 -0.008270
vn -0.790647 -0.612081 0.015305
vn -0.614566 0.788834 0.007089
vn -0.627583 -0.778518 -0.007068
vn -0.780511 0.624954 -0.015308
vn 0.693608 0.718214 0.055466
vn -0.679181 0.710634 0.183610
vn 0.798119 -0.572207 0.188641
vn -0.551199 -0.828790 0.096363
vn 0.442787 -0.628735 0.639243
vn -0.723553 -0.460913 0.513838
vn 0.587951 0.593661 0.549437
vn -0.472928 0.511300 0.717573
vn 0.743452 0.668738 0.008237
vn -0.671270 0.741213 0.000000
vn 0.683214 0.730218 0.000000
vn -0.732591 0.680620 -0.008246
vn 0.612002 -0.790709 0.015253
vn -0.788461 -0.615044 0.007060
vn 0.778356 -0.627784 -0.007045
vn -0.624657 -0.780750 -0.015255
vn 0.693606 0.718216 0.055472
vn -0.679183 0.710634 0.183605
vn 0.798120 -0.572206 0.188639
vn -0.551200 -0.828791 0.096357
vn 0.442787 -0.628737 0.639241
vn -0.723553 -0.460915 0.513837
vn 0.587951 0.593659 0.549439
vn -0.472928 0.511305 0.717570
vn 0.743453 0.668737 0.008237
vn -0.671269 0.741213 0.000000
vn 0.683215 0.730217 0.000000
vn -0.732590 0.680621 -0.008246
vn 0.612001 -0.790710 0.015253
vn -0.788462 -0.615043 0.007060
vn 0.778357 -0.627783 -0.007046
vn -0.624656 -0.780751 -0.015256
vn 0.693612 0.718211 0.055466
vn -0.679184 0.710634 0.183601
vn 0.798120 -0.572206 0.188640
vn -0.551200 -0.828791 0.096357
vn 0.442788 -0.628737 0.639241
vn -0.723553 -0.460915 0.513837
vn 0.587948 0.593664 0.549437
vn -0.472931 0.511303 0.717569
vn 0.743454 0.668736 0.008237
vn -0.671272 0.741211 0.000000
vn 0.683214 0.730219 0.000000
vn -0.732591 0.680620 -0.008246
vn 0.612000 -0.790711 0.015254
vn -0.788460 -0.615045 0.007060
vn 0.778358 -0.627782 -0.007046
vn -0.624655 -0.780752 -0.015255
vn -0.147169 0.987554 0.055481
vn -0.977213 -0.106303 0.183722
vn 0.939936 0.284506 0.188619
vn 0.321990 -0.941837 0.096258
vn 0.768336 -0.031646 0.639264
vn -0.074543 -0.854629 0.513861
vn -0.112743 0.827888 0.549445
vn -0.693548 -0.063998 0.717562
vn -0.077231 0.996979 0.008224
vn -0.996743 -0.080646 0.000000
vn -0.162551 0.986700 0.000000
vn -0.986038 -0.166313 -0.008256
vn 0.999877 0.003575 0.015245
vn 0.007375 -0.999948 0.007072
vn 0.972066 0.234603 -0.007027
vn 0.238728 -0.970967 -0.015253
vn -0.147167 0.987554 0.055481
vn -0.977214 -0.106299 0.183720
vn 0.939939 0.284500 0.188613
vn 0.321994 -0.941837 0.096250
vn 0.768335 -0.031639 0.639266
vn -0.074540 -0.854632 0.513856
vn -0.112743 0.827889 0.549445
vn -0.693547 -0.064002 0.717562
vn -0.077232 0.996979 0.008224
vn -0.996743 -0.080643 0.000000
vn -0.162549 0.986700 0.000000
vn -0.986039 -0.166310 -0.008256
vn 0.999877 0.003578 0.015245
vn 0.007374 -0.999948 0.007072
vn 0.972066 0.234603 -0.007026
vn 0.238726 -0.970967 -0.015253
vn 0.001521 0.035257 0.999377
vn -0.999354 -0.016856 -0.031752
vn 0.999605 0.005459 -0.027570
vn 0.005517 -0.044765 -0.998982
vn -0.004041 0.053533 0.998558
vn -0.992184 0.003440 0.124739
vn 0.991722 0.025208 0.125902
vn -0.002060 -0.034999 -0.999385
vn 0.007099 -0.751993 -0.659133
vn 0.000000 0.661597 -0.749860
vn 0.000000 -0.687589 -0.726100
vn -0.007091 0.728215 -0.685313
vn 0.013150 -0.597227 0.801965
vn 0.005993 0.799821 0.600209
vn -0.006006 -0.778207 0.627979
vn -0.013148 0.625211 0.780345
vn 0.055528 -0.698146 -0.713799
vn 0.176525 0.672368 -0.718860
vn 0.183728 -0.793658 0.579957
vn 0.095966 0.557225 0.824798
vn 0.640991 -0.436514 0.631337
vn 0.511420 0.729021 0.454948
vn 0.547680 -0.593472 -0.589778
vn 0.720993 0.464684 -0.514041
vn -0.006341 -0.003920 -0.999972
vn -0.905418 -0.422462 0.041758
vn 0.903063 0.428615 0.027676
vn 0.002698 0.009689 0.999949
vn -0.001522 -0.016389 -0.999865
vn -0.894825 -0.429132 -0.123021
vn 0.899107 0.414872 -0.139598
vn 0.007198 0.004278 0.999965
vn -0.305045 0.677332 0.669455
vn 0.288505 -0.606888 0.740575
vn -0.283396 0.615152 0.735714
vn 0.309675 -0.669708 0.674976
vn -0.249884 0.554667 -0.793664
vn 0.337795 -0.715686 -0.611300
vn -0.342028 0.708662 -0.617102
vn 0.244520 -0.563823 -0.788869
vn -0.237737 0.648425 0.723206
vn 0.452608 -0.541557 0.708422
vn -0.176253 0.802726 -0.569707
vn 0.313967 -0.455207 -0.833194
vn 0.388663 0.673536 -0.628721
vn 0.766928 -0.439008 -0.468074
vn 0.251023 0.763522 0.594997
vn 0.855635 -0.120673 0.503315
vn 0.005720 0.007881 -0.999953
vn 0.700672 0.712291 0.041234
vn -0.694744 -0.718707 0.028107
vn 0.004567 -0.010028 0.999939
vn -0.008279 0.018725 -0.999790
vn 0.686203 0.717235 -0.121244
vn -0.698411 -0.701892 -0.139889
vn -0.006950 -0.008849 0.999937
vn 0.518051 -0.531873 0.669877
vn -0.478696 0.471622 0.740556
vn 0.476704 -0.481138 0.735704
vn -0.520220 0.523587 0.674706
vn 0.424864 -0.436078 -0.793301
vn -0.562173 0.556953 -0.611363
vn 0.563832 -0.549003 -0.617000
vn -0.422327 0.445917 -0.789176
vn 0.445679 -0.527152 0.723520
vn -0.610249 0.354196 0.708619
vn 0.440891 -0.693515 -0.569783
vn -0.450728 0.320370 -0.833191
vn -0.134332 -0.765906 -0.628763
vn -0.870904 0.150134 -0.467960
vn 0.025836 -0.803288 0.595030
vn -0.845250 -0.179267 0.503404
vn -0.006597 0.003581 -0.999972
vn -0.818566 0.572894 0.041741
vn 0.822727 -0.567761 0.027706
vn 0.009693 0.002540 0.999950
vn -0.015202 -0.006704 -0.999862
vn -0.819047 0.560392 -0.122970
vn 0.808836 -0.571209 -0.139656
vn 0.007130 -0.003948 0.999967
vn 0.901044 -0.428808 -0.065138
vn -0.051684 0.021763 -0.998426
vn 0.994492 -0.024176 0.101986
vn -0.009354 0.137138 -0.990508
vn 0.044975 -0.022750 0.998729
vn -0.893771 0.447436 0.031218
vn -0.060283 -0.125888 0.990211
vn -0.998768 -0.002701 0.049549
vn -0.652936 0.106427 -0.749899
vn -0.982139 0.159937 0.099113
vn 0.069554 -0.015511 0.997458
vn 0.987796 -0.154766 0.017476
vn 0.216098 -0.037196 -0.975663
vn 0.826562 -0.562845 -0.000023
vn 0.078761 -0.068497 -0.994538
vn 0.087421 -0.065612 0.994008
vn -0.837312 0.546714 0.003564
vn 0.387669 -0.921796 -0.002112
vn -0.023046 0.066256 -0.997536
vn -0.021248 0.061880 0.997857
vn -0.379993 0.924986 0.002552
vn 0.304242 -0.952592 -0.002288
vn 0.006930 -0.034291 -0.999388
vn 0.008354 -0.038738 0.999215
vn -0.302226 0.953233 0.002400
vn 0.101713 -0.994811 -0.002340
vn 0.006268 -0.051633 -0.998646
vn 0.006795 -0.056460 0.998382
vn -0.102229 0.994758 0.002553
vn -0.162981 -0.986627 -0.002268
vn -0.015525 -0.061163 -0.998007
vn -0.016203 -0.065766 0.997703
vn 0.174713 0.984616 0.002459
vn -0.451812 -0.892109 -0.002615
vn -0.020320 -0.059603 -0.998015
vn -0.022748 -0.064487 0.997659
vn 0.437034 0.899440 0.002861
vn -0.667379 -0.744714 -0.002465
vn -0.036598 -0.040531 -0.998508
vn -0.040041 -0.044398 0.998211
vn 0.669594 0.742722 0.002761
vn -0.853828 -0.520551 -0.002168
vn -0.064898 -0.034009 -0.997312
vn -0.068749 -0.036432 0.996969
vn 0.861426 0.507876 0.002481
vn -0.989818 -0.142329 -0.001910
vn -0.100646 -0.009549 -0.994877
vn -0.104776 -0.010221 0.994443
vn 0.991976 0.126407 0.002364
vn -0.853540 -0.521016 -0.003394
vn 0.200361 0.252197 -0.946706
vn 0.197769 0.249337 0.948008
vn 0.829356 0.558718 0.001700
vn -0.169969 -0.985448 -0.001794
vn 0.001135 -0.005420 -0.999985
vn 0.000527 -0.009010 0.999959
vn 0.175331 0.984508 0.001867
vn -0.179539 -0.983749 -0.001880
vn 0.000972 -0.002376 -0.999997
vn 0.000300 -0.005988 0.999982
vn 0.183741 0.982973 0.001790
vn -0.195879 -0.980624 -0.002655
vn -0.027651 -0.126780 -0.991545
vn -0.028530 -0.131138 0.990954
vn 0.190498 0.981686 0.001812
vn -0.744567 -0.667546 -0.001429
vn 0.036898 0.029750 -0.998876
vn 0.033848 0.027044 0.999061
vn 0.747823 0.663893 0.002451
vn -0.805203 -0.592997 -0.001882
vn -0.035793 -0.019592 -0.999167
vn -0.038889 -0.021877 0.999004
vn 0.810031 0.586383 0.001983
vn -0.932421 -0.361369 -0.001883
vn -0.072426 -0.019933 -0.997175
vn -0.076068 -0.021385 0.996873
vn 0.939712 0.341960 0.002101
vn -0.999296 0.037462 -0.001798
vn -0.099949 0.005865 -0.994975
vn -0.103751 0.005907 0.994586
vn 0.998632 -0.052246 0.002109
vn -0.920361 0.391066 -0.001945
vn -0.053501 0.025269 -0.998248
vn -0.057232 0.026852 0.998000
vn 0.916404 -0.400248 0.002126
vn -0.750488 0.660882 -0.001726
vn -0.055029 0.066896 -0.996241
vn -0.057746 0.069193 0.995931
vn 0.721689 -0.692215 0.001934
vn -0.493349 0.869830 -0.001767
vn -0.027880 0.055177 -0.998087
vn -0.029712 0.058442 0.997849
vn 0.479346 -0.877624 0.001954
vn -0.856645 0.515894 -0.003522
vn 0.322710 -0.039337 -0.945680
vn 0.318897 -0.038731 0.946998
vn 0.896067 -0.443915 0.001589
vn -0.509136 -0.860676 -0.004164
vn 0.036308 0.315162 -0.948343
vn 0.035211 0.310763 0.949835
vn 0.445695 0.895182 0.001998
vn 0.502877 -0.864353 -0.002933
vn -0.038912 0.076324 -0.996324
vn -0.036087 0.071739 0.996770
vn -0.515187 0.857074 0.002542
vn 0.748330 -0.663321 -0.002932
vn -0.048909 0.043432 -0.997859
vn -0.044766 0.039837 0.998203
vn -0.750198 0.661209 0.002610
vn 0.911102 -0.412170 -0.002996
vn -0.076208 0.035627 -0.996455
vn -0.071202 0.033498 0.996899
vn -0.914212 0.405229 0.002554
vn 0.999655 -0.026027 -0.003464
vn -0.108805 0.000620 -0.994063
vn -0.102800 0.000648 0.994702
vn -0.999782 0.020714 0.002760
vn 0.937465 0.348059 -0.003792
vn -0.066942 -0.025853 -0.997422
vn -0.060421 -0.023367 0.997899
vn -0.937238 -0.348676 0.003283
vn 0.832751 0.553634 -0.003771
vn -0.038142 -0.022940 -0.999009
vn -0.032171 -0.018917 0.999303
vn -0.830187 -0.557474 0.003470
vn 0.686321 0.727287 -0.004030
vn -0.045704 -0.051322 -0.997636
vn -0.040590 -0.045888 0.998122
vn -0.692939 -0.720988 0.003530
vn 0.174813 0.984594 -0.003859
vn -0.021614 -0.112209 -0.993449
vn -0.020213 -0.104498 0.994320
vn -0.177614 -0.984092 0.004002
vn 0.637991 0.770036 -0.003458
vn 0.111833 0.179829 -0.977320
vn 0.116219 0.185824 0.975686
vn -0.653214 -0.757155 0.005297
vn 0.869858 0.493283 -0.004290
vn -0.041208 -0.020934 -0.998931
vn -0.034108 -0.016873 0.999276
vn -0.868157 -0.496274 0.003921
vn 0.694546 0.719434 -0.004503
vn -0.058602 -0.072819 -0.995622
vn -0.053033 -0.067015 0.996342
vn -0.704989 -0.709208 0.003777
vn 0.471326 0.881948 -0.004387
vn -0.023016 -0.040326 -0.998921
vn -0.019099 -0.032952 0.999274
vn -0.469565 -0.882889 0.004004
vn 0.226206 0.974069 -0.004490
vn -0.011012 -0.081943 -0.996576
vn -0.009165 -0.073984 0.997217
vn -0.239673 -0.970846 0.003861
vn -0.065515 0.997842 -0.004466
vn 0.006299 -0.064655 -0.997888
vn 0.005727 -0.056379 0.998393
vn 0.062261 -0.998052 0.003933
vn -0.283946 0.958830 -0.004438
vn 0.012463 -0.044793 -0.998919
vn 0.010059 -0.036679 0.999277
vn 0.281191 -0.959643 0.004076
vn -0.366015 0.930598 -0.004459
vn -0.020232 0.059797 -0.998005
vn -0.023337 0.067695 0.997433
vn 0.371936 -0.928250 0.003994
vn -0.807575 0.589749 -0.004375
vn 0.100773 -0.077876 -0.991857
vn 0.093794 -0.072709 0.992933
vn 0.804093 -0.594488 0.004372
vn -0.887769 0.460263 -0.004936
vn 0.068481 -0.042573 -0.996744
vn 0.060476 -0.038657 0.997421
vn 0.895688 -0.444663 0.004180
vn -0.579958 0.814638 -0.003679
vn -0.161772 0.182769 -0.969755
vn -0.167421 0.188879 0.967623
vn 0.502315 -0.864657 0.006942
vn -0.607412 0.794351 -0.007584
vn 0.298945 -0.163965 -0.940078
vn 0.293391 -0.158944 0.942687
vn 0.663741 -0.747953 0.003613
vn -0.817959 -0.575222 -0.007934
vn 0.161164 0.287941 -0.943989
vn 0.156213 0.281695 0.946702
vn 0.746417 0.665468 0.003636
vn -0.745115 -0.666927 -0.003643
vn -0.160832 -0.278230 -0.946954
vn -0.165814 -0.284261 0.944299
vn 0.804689 0.593645 0.007850
vn -0.998740 -0.012226 0.048668
vn 0.009201 0.111764 -0.993692
vn -0.000301 -0.108064 0.994144
vn 0.998349 -0.007047 0.056998
vn -0.988736 -0.149588 -0.004976
vn 0.066297 0.013641 -0.997707
vn 0.057251 0.012242 0.998285
vn 0.989820 0.142260 0.004322
vn -0.917256 -0.398265 -0.005016
vn 0.054039 0.021717 -0.998303
vn 0.045475 0.017919 0.998805
vn 0.915216 0.402938 0.004449
vn -0.771522 -0.636182 -0.005142
vn 0.054383 0.047067 -0.997410
vn 0.047166 0.041031 0.998044
vn 0.772807 0.634625 0.004425
vn -0.553349 -0.832934 -0.005090
vn 0.033869 0.055063 -0.997908
vn 0.028691 0.047199 0.998473
vn 0.557090 0.830440 0.004451
vn -0.231635 -0.972788 -0.005358
vn 0.013946 0.096330 -0.995252
vn 0.011759 0.087142 0.996127
vn 0.246491 0.969135 0.004382
vn -0.072784 -0.997033 -0.025043
vn 0.042522 -0.018292 -0.998928
vn -0.047346 -0.021179 0.998654
vn 0.076497 0.996905 -0.018107
vn -0.269568 -0.962971 -0.004532
vn -0.013423 -0.053340 -0.998486
vn -0.015931 -0.062554 0.997914
vn 0.267540 0.963533 0.005163
vn -0.603321 -0.797486 -0.004511
vn -0.058175 -0.071900 -0.995714
vn -0.063988 -0.079708 0.994762
vn 0.614564 0.788847 0.005609
vn -0.876257 -0.481824 -0.004472
vn -0.071772 -0.032189 -0.996901
vn -0.080169 -0.036833 0.996100
vn 0.886043 0.463572 0.005393
vn -0.986590 -0.163160 -0.004425
vn -0.056431 -0.004718 -0.998395
vn -0.065675 -0.006246 0.997822
vn 0.988756 0.149451 0.005072
vn -0.999882 -0.014498 -0.005172
vn 0.018400 0.000984 -0.999830
vn 0.008908 0.000847 0.999960
vn 0.999862 0.016053 0.004174
vn 0.992107 0.125368 -0.002446
vn 0.054151 0.009872 -0.998484
vn 0.058898 0.010792 0.998206
vn -0.990908 -0.134515 0.002598
vn 0.931237 0.364407 -0.002412
vn 0.047017 0.020889 -0.998676
vn 0.051689 0.022696 0.998405
vn -0.928134 -0.372237 0.002656
vn 0.830974 0.556306 -0.002578
vn 0.033551 0.021365 -0.999209
vn 0.037997 0.024343 0.998981
vn -0.831127 -0.556076 0.002788
vn 0.655028 0.755600 -0.002493
vn 0.043866 0.065020 -0.996919
vn 0.047334 0.068992 0.996494
vn -0.636697 -0.771108 0.002909
vn 0.289761 0.957096 -0.002487
vn 0.025206 0.102277 -0.994437
vn 0.026822 0.107379 0.993856
vn -0.271061 -0.962557 0.003054
vn 0.026617 0.999523 0.015656
vn 0.045167 0.008929 -0.998940
vn -0.043991 0.018759 0.998856
vn -0.028292 -0.999295 0.024689
vn 0.046497 0.998614 -0.024669
vn 0.043188 -0.027956 -0.998676
vn -0.045619 -0.017835 0.998800
vn -0.044919 -0.998864 -0.015893
vn 0.226701 0.973960 -0.002916
vn -0.013552 -0.068636 -0.997550
vn -0.012250 -0.063332 0.997917
vn -0.235496 -0.971872 0.002591
vn 0.593553 0.804789 -0.003045
vn -0.075084 -0.104673 -0.991668
vn -0.071825 -0.100629 0.992328
vn -0.610385 -0.792101 0.002416
vn 0.895860 0.444329 -0.002656
vn -0.071820 -0.043404 -0.996473
vn -0.067442 -0.041374 0.996865
vn -0.904722 -0.425997 0.002280
vn 0.992182 0.124772 -0.002640
vn -0.061642 -0.004298 -0.998089
vn -0.056759 -0.003690 0.998381
vn -0.991235 -0.132092 0.002338
vn 0.999989 -0.003921 -0.002485
vn 0.122966 0.000199 -0.992411
vn 0.127948 0.000180 0.991781
vn -0.999981 0.005565 0.002536
vn 0.011476 0.097228 -0.995196
vn 0.999313 0.015736 -0.033563
vn -0.025567 -0.122468 0.992143
vn -0.997352 0.020563 -0.069761
vn 0.081162 0.118802 -0.989595
vn -0.749995 0.106218 -0.652860
vn -0.994254 -0.002250 0.107022
vn -0.019020 -0.135951 0.990533
vn 0.999002 -0.001656 -0.044645
vn -0.044295 0.004814 0.999007
vn 0.024950 0.999528 0.017919
vn 0.044038 -0.004172 -0.999021
vn -0.026122 -0.999351 0.024800
vn 0.585170 0.810900 -0.004022
vn 0.084127 0.109822 -0.990385
vn 0.088620 0.116039 0.989283
vn -0.578029 -0.816008 0.003696
g fff017fc_00199_00417969_e0
f 51/1/51 52/1/52 49/1/49
f 767/813/767 766/813/766 769/813/769
f 768/813/768 769/813/769 766/813/766
f 50/1/50 49/1/49 52/1/52
f 545/624/545 546/624/546 543/624/543
f 544/624/544 543/624/543 546/624/546
f 58/1/58 57/1/57 60/1/60
f 59/1/59 60/1/60 57/1/57
f 10/1/10 9/1/9 12/1/12
f 11/1/11 12/1/12 9/1/9
f 561/638/561 562/638/562 559/638/559
f 560/638/560 559/638/559 562/638/562
f 26/1/26 25/1/25 28/1/28
f 27/1/27 28/1/28 25/1/25
f 609/680/609 610/680/610 607/680/607
f 608/680/608 607/680/607 610/680/610
f 800/841/800 801/841/801 798/841/798
f 799/841/799 798/841/798 801/841/801
f 663/729/663 662/729/662 665/729/665
f 664/729/664 665/729/665 662/729/662
f 679/743/679 678/743/678 681/743/681
f 680/743/680 681/743/681 678/743/678
f 577/652/577 578/652/578 575/652/575
f 576/652/576 575/652/575 578/652/578
f 364/464/364 363/464/363 366/464/366
f 365/464/365 366/464/366 363/464/363
f 632/701/632 633/701/633 630/701/630
f 631/701/631 630/701/630 633/701/633
f 513/596/513 514/596/514 511/596/511
f 512/596/512 511/596/511 514/596/514
f 624/694/624 623/694/623 625/694/625
f 1264/1257/1264 1265/1257/1265 1262/1257/1262
f 380/478/380 379/478/379 382/478/382
f 381/478/381 382/478/382 379/478/379
f 695/757/695 694/757/694 697/757/697
f 696/757/696 697/757/697 694/757/694
f 648/715/648 649/715/649 646/715/646
f 647/715/647 646/715/646 649/715/649
f 396/492/396 395/492/395 398/492/398
f 397/492/397 398/492/398 395/492/395
f 593/666/593 594/666/594 591/666/591
f 592/666/592 591/666/591 594/666/594
f 412/506/412 411/506/411 414/506/414
f 413/506/413 414/506/414 411/506/411
f 1055/1065/1055 1054/1065/1054 1057/1065/1057
f 1056/1065/1056 1057/1065/1057 1054/1065/1054
f 1040/1051/1040 1041/1051/1041 1038/1051/1038
f 1039/1051/1039 1038/1051/1038 1041/1051/1041
f 783/827/783 782/827/782 785/827/785
f 784/827/784 785/827/785 782/827/782
f 529/610/529 530/610/530 527/610/527
f 528/610/528 527/610/527 530/610/530
f 1087/1093/1087 1086/1093/1086 1089/1093/1089
f 1088/1093/1088 1089/1093/1089 1086/1093/1086
f 428/520/428 427/520/427 430/520/430
f 429/520/429 430/520/430 427/520/427
f 1071/1079/1071 1070/1079/1070 1073/1079/1073
f 1072/1079/1072 1073/1079/1073 1070/1079/1070
f 444/534/444 443/534/443 446/534/446
f 445/534/445 446/534/446 443/534/443
f 464/554/464 463/554/463 466/554/466
f 465/554/465 466/554/466 463/554/463
f 480/568/480 479/568/479 482/568/482
f 481/568/481 482/568/482 479/568/479
f 816/855/816 817/855/817 814/855/814
f 815/855/815 814/855/814 817/855/817
f 496/582/496 495/582/495 498/582/498
f 497/582/497 498/582/498 495/582/495
f 720/771/720 721/771/721 718/771/718
f 719/771/719 718/771/718 721/771/721
f 736/785/736 737/785/737 734/785/734
f 735/785/735 734/785/734 737/785/737
f 752/799/752 753/799/753 750/799/750
f 751/799/751 750/799/750 753/799/753
f 823/869/823 822/869/822 825/869/825
f 824/869/824 825/869/825 822/869/822
f 839/883/839 838/883/838 841/883/841
f 840/883/840 841/883/841 838/883/838
f 1119/1121/1119 1118/1121/1118 1121/1121/1121
f 1120/1121/1120 1121/1121/1121 1118/1121/1118
f 855/897/855 854/897/854 857/897/857
f 856/897/856 857/897/857 854/897/854
f 1135/1135/1135 1134/1135/1134 1137/1135/1137
f 1136/1135/1136 1137/1135/1137 1134/1135/1134
f 1103/1107/1103 1102/1107/1102 1105/1107/1105
f 1104/1107/1104 1105/1107/1105 1102/1107/1102
f 871/911/871 870/911/870 873/911/873
f 872/911/872 873/911/873 870/911/870
f 896/925/896 897/925/897 894/925/894
f 895/925/895 894/925/894 897/925/897
f 912/939/912 913/939/913 910/939/910
f 911/939/911 910/939/910 913/939/913
f 928/953/928 929/953/929 926/953/926
f 927/953/927 926/953/926 929/953/929
f 944/967/944 945/967/945 942/967/942
f 943/967/943 942/967/942 945/967/945
f 960/981/960 961/981/961 958/981/958
f 959/981/959 958/981/958 961/981/961
f 1168/1163/1168 1169/1163/1169 1166/1163/1166
f 1167/1163/1167 1166/1163/1166 1169/1163/1169
f 1184/1177/1184 1185/1177/1185 1182/1177/1182
f 1183/1177/1183 1182/1177/1182 1185/1177/1185
f 1200/1191/1200 1201/1191/1201 1198/1191/1198
f 1199/1191/1199 1198/1191/1198 1201/1191/1201
f 1152/1149/1152 1153/1149/1153 1150/1149/1150
f 1151/1149/1151 1150/1149/1150 1153/1149/1153
f 976/995/976 977/995/977 974/995/974
f 975/995/975 974/995/974 977/995/977
f 992/1009/992 993/1009/993 990/1009/990
f 991/1009/991 990/1009/990 993/1009/993
f 1008/1023/1008 1009/1023/1009 1006/1023/1006
f 1007/1023/1007 1006/1023/1006 1009/1023/1009
f 1023/1037/1023 1022/1037/1022 1025/1037/1025
f 1024/1037/1024 1025/1037/1025 1022/1037/1022
f 1215/1205/1215 1214/1205/1214 1217/1205/1217
f 1216/1205/1216 1217/1205/1217 1214/1205/1214
f 1239/1231/1239 1238/1231/1238 1241/1231/1241
f 1240/1231/1240 1241/1231/1241 1238/1231/1238
f 1263/1257/1263 1262/1257/1262 1265/1257/1265
g fff017fc_00199_00417969_e6
f 66/1/66 72/1/72 71/1/71
f 553/635/553 557/636/557 555/625/555
f 569/649/569 573/650/573 571/639/571
f 572/640/572 568/647/568 570/648/570
f 71/1/71 65/1/65 66/1/66
f 556/626/556 552/633/552 554/634/554
f 568/647/568 572/640/572 574/651/574
f 1272/1276/1272 1276/1281/1276 1274/1266/1274
f 955/986/955 951/990/951 953/988/953
f 952/989/952 956/994/956 954/987/954
f 39/16/39 35/18/35 33/18/33
f 552/633/552 556/626/556 558/637/558
f 19/18/19 23/16/23 21/20/21
f 23/16/23 19/18/19 17/18/17
f 22/21/22 18/11/18 20/19/20
f 18/11/18 22/21/22 24/17/24
f 879/920/879 883/913/883 885/924/885
f 883/913/883 879/920/879 881/921/881
f 880/922/880 884/923/884 882/912/882
f 863/897/863 869/897/869 868/897/868
f 868/897/868 862/897/862 863/897/863
f 868/909/868 864/908/864 862/908/862
f 18/1/18 24/1/24 23/1/23
f 23/1/23 17/1/17 18/1/18
f 1275/1267/1275 1271/1274/1271 1273/1275/1273
f 1271/1274/1271 1275/1267/1275 1277/1282/1277
f 956/994/956 952/989/952 950/989/950
f 879/911/879 885/911/885 884/911/884
f 884/911/884 878/911/878 879/911/879
f 884/923/884 880/922/880 878/922/878
f 71/16/71 67/18/67 65/18/65
f 67/18/67 71/16/71 69/20/69
f 780/840/780 776/835/776 774/835/774
f 776/835/776 780/840/780 778/833/778
f 39/1/39 33/1/33 34/1/34
f 34/1/34 40/1/40 39/1/39
f 1100/1120/1100 1096/1115/1096 1094/1115/1094
f 1096/1115/1096 1100/1120/1100 1098/1113/1098
f 1099/1112/1099 1095/1116/1095 1097/1114/1097
f 1095/1116/1095 1099/1112/1099 1101/1119/1101
f 1100/1107/1100 1094/1107/1094 1095/1107/1095
f 1095/1107/1095 1101/1107/1101 1100/1107/1100
f 34/11/34 38/21/38 40/17/40
f 38/21/38 34/11/34 36/19/36
f 35/18/35 39/16/39 37/20/37
f 1148/1161/1148 1144/1160/1144 1142/1160/1142
f 779/832/779 775/836/775 777/834/777
f 775/836/775 779/832/779 781/839/781
f 780/827/780 774/827/774 775/827/775
f 775/827/775 781/827/781 780/827/780
f 1144/1160/1144 1148/1161/1148 1146/1150/1146
f 1147/1151/1147 1143/1156/1143 1145/1159/1145
f 1224/1224/1224 1228/1229/1228 1226/1214/1226
f 568/638/568 574/638/574 573/638/573
f 573/638/573 567/638/567 568/638/568
f 42/1/42 48/1/48 47/1/47
f 47/1/47 41/1/41 42/1/42
f 573/650/573 569/649/569 567/649/567
f 1227/1215/1227 1223/1222/1223 1225/1223/1225
f 1223/1222/1223 1227/1215/1227 1229/1230/1229
f 748/812/748 744/807/744 742/807/742
f 908/952/908 904/947/904 902/947/902
f 904/947/904 908/952/908 906/945/906
f 42/11/42 46/21/46 48/17/48
f 46/21/46 42/11/42 44/19/44
f 907/944/907 903/948/903 905/946/905
f 552/624/552 558/624/558 557/624/557
f 43/18/43 47/16/47 45/20/45
f 47/16/47 43/18/43 41/18/41
f 66/11/66 70/21/70 72/17/72
f 70/21/70 66/11/66 68/19/68
f 744/807/744 748/812/748 746/805/746
f 747/804/747 743/808/743 745/806/745
f 743/808/743 747/804/747 749/811/749
f 748/799/748 742/799/742 743/799/743
f 743/799/743 749/799/749 748/799/748
f 1111/1121/1111 1117/1121/1117 1116/1121/1116
f 557/624/557 551/624/551 552/624/552
f 1116/1121/1116 1110/1121/1110 1111/1121/1111
f 1111/1130/1111 1115/1126/1115 1117/1133/1117
f 557/636/557 553/635/553 551/635/551
f 1115/1126/1115 1111/1130/1111 1113/1128/1113
f 1112/1129/1112 1116/1134/1116 1114/1127/1114
f 1116/1134/1116 1112/1129/1112 1110/1129/1110
f 617/691/617 621/692/621 619/681/619
f 620/682/620 616/689/616 618/690/618
f 616/689/616 620/682/620 622/693/622
f 903/948/903 907/944/907 909/951/909
f 908/939/908 902/939/902 903/939/903
f 903/939/903 909/939/909 908/939/908
f 1223/1205/1223 1229/1205/1229 1228/1205/1228
f 1228/1205/1228 1222/1205/1222 1223/1205/1223
f 1228/1229/1228 1224/1224/1224 1222/1224/1222
f 616/680/616 622/680/622 621/680/621
f 621/680/621 615/680/615 616/680/616
f 621/692/621 617/691/617 615/691/615
f 1127/1135/1127 1133/1135/1133 1132/1135/1132
f 1132/1135/1132 1126/1135/1126 1127/1135/1127
f 1127/1144/1127 1131/1140/1131 1133/1147/1133
f 791/841/791 797/841/797 796/841/796
f 796/841/796 790/841/790 791/841/791
f 791/850/791 795/846/795 797/853/797
f 795/846/795 791/850/791 793/848/793
f 792/849/792 796/854/796 794/847/794
f 796/854/796 792/849/792 790/849/790
f 1131/1140/1131 1127/1144/1127 1129/1142/1129
f 1128/1143/1128 1132/1148/1132 1130/1141/1130
f 1132/1148/1132 1128/1143/1128 1126/1143/1126
f 676/741/676 672/740/672 670/740/670
f 676/729/676 670/729/670 671/729/671
f 671/729/671 677/729/677 676/729/676
f 988/1022/988 984/1017/984 982/1017/982
f 984/1017/984 988/1022/988 986/1015/986
f 987/1014/987 983/1018/983 985/1016/985
f 983/1018/983 987/1014/987 989/1021/989
f 988/1009/988 982/1009/982 983/1009/983
f 983/1009/983 989/1009/989 988/1009/988
f 671/738/671 675/731/675 677/742/677
f 675/731/675 671/738/671 673/739/673
f 672/740/672 676/741/676 674/730/674
f 692/755/692 688/754/688 686/754/686
f 692/743/692 686/743/686 687/743/687
f 687/743/687 693/743/693 692/743/692
f 972/1008/972 968/1003/968 966/1003/966
f 968/1003/968 972/1008/972 970/1001/970
f 971/1000/971 967/1004/967 969/1002/969
f 967/1004/967 971/1000/971 973/1007/973
f 972/995/972 966/995/966 967/995/967
f 967/995/967 973/995/973 972/995/972
f 687/752/687 691/745/691 693/756/693
f 691/745/691 687/752/687 689/753/689
f 688/754/688 692/755/692 690/744/690
f 585/663/585 589/664/589 587/653/587
f 588/654/588 584/661/584 586/662/586
f 584/661/584 588/654/588 590/665/590
f 924/966/924 920/961/920 918/961/918
f 920/961/920 924/966/924 922/959/922
f 923/958/923 919/962/919 921/960/921
f 1247/1231/1247 1253/1231/1253 1252/1231/1252
f 1252/1231/1252 1246/1231/1246 1247/1231/1247
f 1252/1255/1252 1248/1250/1248 1246/1250/1246
f 584/652/584 590/652/590 589/652/589
f 589/652/589 583/652/583 584/652/584
f 589/664/589 585/663/585 583/663/583
f 377/476/377 373/475/373 371/475/371
f 377/464/377 371/464/371 372/464/372
f 372/464/372 378/464/378 377/464/377
f 1196/1203/1196 1192/1202/1192 1190/1202/1190
f 887/925/887 893/925/893 892/925/892
f 892/925/892 886/925/886 887/925/887
f 488/568/488 494/568/494 493/568/493
f 493/568/493 487/568/487 488/568/488
f 493/580/493 489/579/489 487/579/487
f 372/473/372 376/466/376 378/477/378
f 376/466/376 372/473/372 374/474/374
f 373/475/373 377/476/377 375/465/375
f 640/712/640 644/713/644 642/702/642
f 643/703/643 639/710/639 641/711/641
f 639/710/639 643/703/643 645/714/645
f 489/579/489 493/580/493 491/569/491
f 492/570/492 488/577/488 490/578/490
f 488/577/488 492/570/492 494/581/494
f 1191/1198/1191 1195/1193/1195 1197/1204/1197
f 1195/1193/1195 1191/1198/1191 1193/1201/1193
f 1192/1202/1192 1196/1203/1196 1194/1192/1194
f 639/701/639 645/701/645 644/701/644
f 644/701/644 638/701/638 639/701/639
f 644/713/644 640/712/640 638/712/638
f 521/607/521 525/608/525 523/597/523
f 524/598/524 520/605/520 522/606/522
f 520/605/520 524/598/524 526/609/526
f 1004/1036/1004 1000/1031/1000 998/1031/998
f 1000/1031/1000 1004/1036/1004 1002/1029/1002
f 1003/1028/1003 999/1032/999 1001/1030/1001
f 999/1032/999 1003/1028/1003 1005/1035/1005
f 1004/1023/1004 998/1023/998 999/1023/999
f 999/1023/999 1005/1023/1005 1004/1023/1004
f 520/596/520 526/596/526 525/596/525
f 525/596/525 519/596/519 520/596/520
f 525/608/525 521/607/521 519/607/519
f 764/826/764 760/821/760 758/821/758
f 760/821/760 764/826/764 762/819/762
f 763/818/763 759/822/759 761/820/761
f 1248/1250/1248 1252/1255/1252 1250/1240/1250
f 1251/1241/1251 1247/1248/1247 1249/1249/1249
f 1247/1248/1247 1251/1241/1251 1253/1256/1253
f 919/962/919 923/958/923 925/965/925
f 924/953/924 918/953/918 919/953/919
f 919/953/919 925/953/925 924/953/924
f 759/822/759 763/818/763 765/825/765
f 764/813/764 758/813/758 759/813/759
f 759/813/759 765/813/765 764/813/764
f 393/490/393 389/489/389 387/489/387
f 393/478/393 387/478/387 388/478/388
f 388/478/388 394/478/394 393/478/393
f 940/980/940 936/975/936 934/975/934
f 936/975/936 940/980/940 938/973/938
f 939/972/939 935/976/935 937/974/937
f 935/976/935 939/972/939 941/979/941
f 940/967/940 934/967/934 935/967/935
f 935/967/935 941/967/941 940/967/940
f 388/487/388 392/480/392 394/491/394
f 392/480/392 388/487/388 390/488/390
f 389/489/389 393/490/393 391/479/391
f 708/769/708 704/768/704 702/768/702
f 708/757/708 702/757/702 703/757/703
f 703/757/703 709/757/709 708/757/708
f 951/981/951 957/981/957 956/981/956
f 956/981/956 950/981/950 951/981/951
f 951/990/951 955/986/955 957/993/957
f 863/906/863 867/899/867 869/910/869
f 867/899/867 863/906/863 865/907/865
f 864/908/864 868/909/868 866/898/866
f 703/766/703 707/759/707 709/770/709
f 707/759/707 703/766/703 705/767/705
f 704/768/704 708/769/708 706/758/706
f 656/726/656 660/727/660 658/716/658
f 659/717/659 655/724/655 657/725/657
f 655/724/655 659/717/659 661/728/661
f 892/938/892 888/933/888 886/933/886
f 1175/1177/1175 1181/1177/1181 1180/1177/1180
f 1180/1177/1180 1174/1177/1174 1175/1177/1175
f 831/878/831 835/871/835 837/882/837
f 835/871/835 831/878/831 833/879/833
f 832/880/832 836/881/836 834/870/834
f 655/715/655 661/715/661 660/715/660
f 660/715/660 654/715/654 655/715/655
f 660/727/660 656/726/656 654/726/654
f 409/504/409 405/503/405 403/503/403
f 409/492/409 403/492/403 404/492/404
f 404/492/404 410/492/410 409/492/409
f 509/594/509 505/593/505 503/593/503
f 509/582/509 503/582/503 504/582/504
f 504/582/504 510/582/510 509/582/509
f 453/545/453 457/546/457 455/535/455
f 456/536/456 452/543/452 454/544/454
f 452/543/452 456/536/456 458/547/458
f 404/501/404 408/494/408 410/505/410
f 408/494/408 404/501/404 406/502/406
f 405/503/405 409/504/409 407/493/407
f 601/677/601 605/678/605 603/667/603
f 604/668/604 600/675/600 602/676/602
f 600/675/600 604/668/604 606/679/606
f 1143/1156/1143 1147/1151/1147 1149/1162/1149
f 1148/1149/1148 1142/1149/1142 1143/1149/1143
f 1143/1149/1143 1149/1149/1149 1148/1149/1148
f 1271/1257/1271 1277/1257/1277 1276/1257/1276
f 1276/1257/1276 1270/1257/1270 1271/1257/1271
f 1276/1281/1276 1272/1276/1272 1270/1276/1270
f 600/666/600 606/666/606 605/666/605
f 605/666/605 599/666/599 600/666/600
f 605/678/605 601/677/601 599/677/599
f 425/518/425 421/517/421 419/517/419
f 425/506/425 419/506/419 420/506/420
f 420/506/420 426/506/426 425/506/425
f 1159/1170/1159 1163/1165/1163 1165/1176/1165
f 1164/1163/1164 1158/1163/1158 1159/1163/1159
f 1159/1163/1159 1165/1163/1165 1164/1163/1164
f 847/892/847 851/885/851 853/896/853
f 851/885/851 847/892/847 849/893/849
f 848/894/848 852/895/852 850/884/850
f 420/515/420 424/508/424 426/519/426
f 424/508/424 420/515/420 422/516/422
f 421/517/421 425/518/425 423/507/423
f 1052/1078/1052 1048/1073/1048 1046/1073/1046
f 1048/1073/1048 1052/1078/1052 1050/1071/1050
f 1051/1070/1051 1047/1074/1047 1049/1072/1049
f 1047/1074/1047 1051/1070/1051 1053/1077/1053
f 1052/1065/1052 1046/1065/1046 1047/1065/1047
f 1047/1065/1047 1053/1065/1053 1052/1065/1052
f 1031/1051/1031 1037/1051/1037 1036/1051/1036
f 1036/1051/1036 1030/1051/1030 1031/1051/1031
f 1031/1058/1031 1035/1053/1035 1037/1064/1037
f 1035/1053/1035 1031/1058/1031 1033/1061/1033
f 1032/1062/1032 1036/1063/1036 1034/1052/1034
f 1036/1063/1036 1032/1062/1032 1030/1062/1030
f 732/798/732 728/793/728 726/793/726
f 728/793/728 732/798/732 730/791/730
f 731/790/731 727/794/727 729/792/729
f 727/794/727 731/790/731 733/797/733
f 732/785/732 726/785/726 727/785/727
f 727/785/727 733/785/733 732/785/732
f 1015/1037/1015 1021/1037/1021 1020/1037/1020
f 1020/1037/1020 1014/1037/1014 1015/1037/1015
f 1015/1044/1015 1019/1039/1019 1021/1050/1021
f 1019/1039/1019 1015/1044/1015 1017/1047/1017
f 1016/1048/1016 1020/1049/1020 1018/1038/1018
f 1020/1049/1020 1016/1048/1016 1014/1048/1014
f 812/868/812 808/863/808 806/863/806
f 808/863/808 812/868/812 810/861/810
f 811/860/811 807/864/807 809/862/809
f 807/864/807 811/860/811 813/867/813
f 812/855/812 806/855/806 807/855/807
f 807/855/807 813/855/813 812/855/812
f 716/784/716 712/779/712 710/779/710
f 712/779/712 716/784/716 714/777/714
f 715/776/715 711/780/711 713/778/713
f 711/780/711 715/776/715 717/783/717
f 716/771/716 710/771/710 711/771/711
f 711/771/711 717/771/717 716/771/716
f 537/621/537 541/622/541 539/611/539
f 540/612/540 536/619/536 538/620/538
f 536/619/536 540/612/540 542/623/542
f 473/565/473 477/566/477 475/555/475
f 476/556/476 472/563/472 474/564/474
f 472/563/472 476/556/476 478/567/478
f 887/934/887 891/930/891 893/937/893
f 891/930/891 887/934/887 889/932/889
f 888/933/888 892/938/892 890/931/890
f 536/610/536 542/610/542 541/610/541
f 541/610/541 535/610/535 536/610/536
f 541/622/541 537/621/537 535/621/535
f 1084/1106/1084 1080/1101/1080 1078/1101/1078
f 1080/1101/1080 1084/1106/1084 1082/1099/1082
f 1083/1098/1083 1079/1102/1079 1081/1100/1081
f 1079/1102/1079 1083/1098/1083 1085/1105/1085
f 1084/1093/1084 1078/1093/1078 1079/1093/1079
f 1079/1093/1079 1085/1093/1085 1084/1093/1084
f 1163/1165/1163 1159/1170/1159 1161/1173/1161
f 1160/1174/1160 1164/1175/1164 1162/1164/1162
f 1164/1175/1164 1160/1174/1160 1158/1174/1158
f 847/883/847 853/883/853 852/883/852
f 852/883/852 846/883/846 847/883/847
f 852/895/852 848/894/848 846/894/846
f 441/532/441 437/531/437 435/531/435
f 441/520/441 435/520/435 436/520/436
f 436/520/436 442/520/442 441/520/441
f 1180/1189/1180 1176/1188/1176 1174/1188/1174
f 1176/1188/1176 1180/1189/1180 1178/1178/1178
f 1196/1191/1196 1190/1191/1190 1191/1191/1191
f 1191/1191/1191 1197/1191/1197 1196/1191/1196
f 1179/1179/1179 1175/1184/1175 1177/1187/1177
f 1175/1184/1175 1179/1179/1179 1181/1190/1181
f 436/529/436 440/522/440 442/533/442
f 440/522/440 436/529/436 438/530/438
f 437/531/437 441/532/441 439/521/439
f 1068/1092/1068 1064/1087/1064 1062/1087/1062
f 1064/1087/1064 1068/1092/1068 1066/1085/1066
f 1067/1084/1067 1063/1088/1063 1065/1086/1065
f 1063/1088/1063 1067/1084/1067 1069/1091/1069
f 1068/1079/1068 1062/1079/1062 1063/1079/1063
f 1063/1079/1063 1069/1079/1069 1068/1079/1068
f 836/881/836 832/880/832 830/880/830
f 836/869/836 830/869/830 831/869/831
f 831/869/831 837/869/837 836/869/836
f 472/554/472 478/554/478 477/554/477
f 477/554/477 471/554/471 472/554/472
f 477/566/477 473/565/473 471/565/471
f 457/546/457 453/545/453 451/545/451
f 457/534/457 451/534/451 452/534/452
f 452/534/452 458/534/458 457/534/457
f 505/593/505 509/594/509 507/583/507
f 508/584/508 504/591/504 506/592/506
f 504/591/504 508/584/508 510/595/510
g fff017fc_00199_00417969_e7
f 358/454/358 4/7/4 3/8/3
f 77/29/77 1/6/1 2/5/2
f 8/4/8 355/448/355 356/449/356
f 2/1/2 73/22/73 77/30/77
f 73/22/73 2/1/2 74/23/74
f 74/23/74 2/1/2 6/3/6
f 77/29/77 354/455/354 76/28/76
f 76/28/76 1/6/1 77/29/77
f 77/30/77 73/22/73 354/447/354
f 355/448/355 8/4/8 4/2/4
f 79/32/79 2/5/2 1/6/1
f 1/6/1 78/31/78 79/32/79
f 81/36/81 6/3/6 2/1/2
f 2/1/2 79/35/79 81/36/81
f 338/421/338 343/428/343 342/427/342
f 343/428/343 338/421/338 339/422/339
f 335/419/335 341/426/341 339/425/339
f 341/426/341 335/419/335 337/420/337
f 191/203/191 460/552/460 462/553/462
f 462/553/462 193/204/193 191/203/191
f 190/199/190 459/548/459 460/549/460
f 460/549/460 191/200/191 190/199/190
f 87/44/87 83/38/83 82/37/82
f 82/37/82 86/43/86 87/44/87
f 89/48/89 85/42/85 83/41/83
f 83/41/83 87/47/87 89/48/89
f 91/50/91 87/44/87 86/43/86
f 86/43/86 90/49/90 91/50/91
f 93/54/93 89/48/89 87/47/87
f 87/47/87 91/53/91 93/54/93
f 95/56/95 91/50/91 90/49/90
f 90/49/90 94/55/94 95/56/95
f 97/60/97 93/54/93 91/53/91
f 91/53/91 95/59/95 97/60/97
f 99/62/99 95/56/95 94/55/94
f 94/55/94 98/61/98 99/62/99
f 101/66/101 97/60/97 95/59/95
f 95/59/95 99/65/99 101/66/101
f 103/68/103 99/62/99 98/61/98
f 98/61/98 102/67/102 103/68/103
f 105/72/105 101/66/101 99/65/99
f 99/65/99 103/71/103 105/72/105
f 107/74/107 103/68/103 102/67/102
f 102/67/102 106/73/106 107/74/107
f 109/78/109 105/72/105 103/71/103
f 103/71/103 107/77/107 109/78/109
f 111/80/111 107/74/107 106/73/106
f 106/73/106 110/79/110 111/80/111
f 113/84/113 109/78/109 107/77/107
f 107/77/107 111/83/111 113/84/113
f 115/86/115 111/80/111 110/79/110
f 110/79/110 114/85/114 115/86/115
f 117/90/117 113/84/113 111/83/111
f 111/83/111 115/89/115 117/90/117
f 119/92/119 115/86/115 114/85/114
f 114/85/114 118/91/118 119/92/119
f 121/96/121 117/90/117 115/89/115
f 115/89/115 119/95/119 121/96/121
f 123/98/123 119/92/119 118/91/118
f 118/91/118 122/97/122 123/98/123
f 125/102/125 121/96/121 119/95/119
f 119/95/119 123/101/123 125/102/125
f 127/104/127 123/98/123 122/97/122
f 122/97/122 126/103/126 127/104/127
f 129/108/129 125/102/125 123/101/123
f 123/101/123 127/107/127 129/108/129
f 361/462/361 362/463/362 279/332/279
f 362/463/362 361/462/361 274/325/274
f 360/460/360 361/461/361 281/336/281
f 361/461/361 360/460/360 275/329/275
f 354/455/354 358/454/358 76/28/76
f 354/455/354 4/7/4 358/454/358
f 356/449/356 73/22/73 74/23/74
f 355/448/355 73/22/73 356/449/356
f 135/116/135 131/110/131 130/109/130
f 130/109/130 134/115/134 135/116/135
f 137/120/137 133/114/133 131/113/131
f 131/113/131 135/119/135 137/120/137
f 139/122/139 135/116/135 134/115/134
f 134/115/134 138/121/138 139/122/139
f 141/126/141 137/120/137 135/119/135
f 135/119/135 139/125/139 141/126/141
f 143/128/143 139/122/139 138/121/138
f 138/121/138 142/127/142 143/128/143
f 145/132/145 141/126/141 139/125/139
f 139/125/139 143/131/143 145/132/145
f 147/134/147 143/128/143 142/127/142
f 142/127/142 146/133/146 147/134/147
f 149/138/149 145/132/145 143/131/143
f 143/131/143 147/137/147 149/138/149
f 151/140/151 147/134/147 146/133/146
f 146/133/146 150/139/150 151/140/151
f 153/144/153 149/138/149 147/137/147
f 147/137/147 151/143/151 153/144/153
f 155/146/155 151/140/151 150/139/150
f 150/139/150 154/145/154 155/146/155
f 157/150/157 153/144/153 151/143/151
f 151/143/151 155/149/155 157/150/157
f 159/152/159 155/146/155 154/145/154
f 154/145/154 158/151/158 159/152/159
f 161/156/161 157/150/157 155/149/155
f 155/149/155 159/155/159 161/156/161
f 163/158/163 159/152/159 158/151/158
f 158/151/158 162/157/162 163/158/163
f 165/162/165 161/156/161 159/155/159
f 159/155/159 163/161/163 165/162/165
f 167/164/167 163/158/163 162/157/162
f 162/157/162 166/163/166 167/164/167
f 169/168/169 165/162/165 163/161/163
f 163/161/163 167/167/167 169/168/169
f 171/170/171 167/164/167 166/163/166
f 166/163/166 170/169/170 171/170/171
f 173/174/173 169/168/169 167/167/167
f 167/167/167 171/173/171 173/174/173
f 175/176/175 171/170/171 170/169/170
f 170/169/170 174/175/174 175/176/175
f 177/180/177 173/174/173 171/173/171
f 171/173/171 175/179/175 177/180/177
f 179/182/179 175/176/175 174/175/174
f 174/175/174 178/181/178 179/182/179
f 181/186/181 177/180/177 175/179/175
f 175/179/175 179/185/179 181/186/181
f 183/188/183 179/182/179 178/181/178
f 178/181/178 182/187/182 183/188/183
f 185/192/185 181/186/181 179/185/179
f 179/185/179 183/191/183 185/192/185
f 187/194/187 183/188/183 182/187/182
f 182/187/182 186/193/186 187/194/187
f 189/198/189 185/192/185 183/191/183
f 183/191/183 187/197/187 189/198/189
f 191/200/191 187/194/187 186/193/186
f 186/193/186 190/199/190 191/200/191
f 193/204/193 189/198/189 187/197/187
f 187/197/187 191/203/191 193/204/193
f 350/439/350 351/440/351 251/293/251
f 351/440/351 350/439/350 257/300/257
f 343/431/343 349/438/349 347/437/347
f 349/438/349 343/431/343 345/432/345
f 354/447/354 355/448/355 4/2/4
f 354/447/354 73/22/73 355/448/355
f 353/445/353 350/446/350 250/289/250
f 350/446/350 353/445/353 255/296/255
f 199/212/199 195/206/195 194/205/194
f 194/205/194 198/211/198 199/212/199
f 201/216/201 197/210/197 195/209/195
f 195/209/195 199/215/199 201/216/201
f 203/218/203 199/212/199 198/211/198
f 198/211/198 202/217/202 203/218/203
f 205/222/205 201/216/201 199/215/199
f 199/215/199 203/221/203 205/222/205
f 207/224/207 203/218/203 202/217/202
f 202/217/202 206/223/206 207/224/207
f 209/228/209 205/222/205 203/221/203
f 203/221/203 207/227/207 209/228/209
f 211/230/211 207/224/207 206/223/206
f 206/223/206 210/229/210 211/230/211
f 213/234/213 209/228/209 207/227/207
f 207/227/207 211/233/211 213/234/213
f 215/236/215 211/230/211 210/229/210
f 210/229/210 214/235/214 215/236/215
f 217/240/217 213/234/213 211/233/211
f 211/233/211 215/239/215 217/240/217
f 219/242/219 215/236/215 214/235/214
f 214/235/214 218/241/218 219/242/219
f 221/246/221 217/240/217 215/239/215
f 215/239/215 219/245/219 221/246/221
f 223/248/223 219/242/219 218/241/218
f 218/241/218 222/247/222 223/248/223
f 225/252/225 221/246/221 219/245/219
f 219/245/219 223/251/223 225/252/225
f 227/254/227 223/248/223 222/247/222
f 222/247/222 226/253/226 227/254/227
f 229/258/229 225/252/225 223/251/223
f 223/251/223 227/257/227 229/258/229
f 342/427/342 347/434/347 346/433/346
f 347/434/347 342/427/342 343/428/343
f 339/425/339 345/432/345 343/431/343
f 345/432/345 339/425/339 341/426/341
f 334/415/334 339/422/339 338/421/338
f 339/422/339 334/415/334 335/416/335
f 331/413/331 337/420/337 335/419/335
f 337/420/337 331/413/331 333/414/333
f 235/266/235 231/260/231 230/259/230
f 230/259/230 234/265/234 235/266/235
f 237/270/237 233/264/233 231/263/231
f 231/263/231 235/269/235 237/270/237
f 239/272/239 235/266/235 234/265/234
f 234/265/234 238/271/238 239/272/239
f 241/276/241 237/270/237 235/269/235
f 235/269/235 239/275/239 241/276/241
f 243/278/243 239/272/239 238/271/238
f 238/271/238 242/277/242 243/278/243
f 245/282/245 241/276/241 239/275/239
f 239/275/239 243/281/243 245/282/245
f 247/284/247 243/278/243 242/277/242
f 242/277/242 246/283/246 247/284/247
f 249/288/249 245/282/245 243/281/243
f 243/281/243 247/287/247 249/288/249
f 251/290/251 247/284/247 246/283/246
f 246/283/246 250/289/250 251/290/251
f 253/294/253 249/288/249 247/287/247
f 247/287/247 251/293/251 253/294/253
f 350/446/350 251/290/251 250/289/250
f 353/445/353 254/295/254 255/296/255
f 351/440/351 253/294/253 251/293/251
f 350/439/350 255/299/255 257/300/257
f 259/302/259 255/296/255 254/295/254
f 254/295/254 258/301/258 259/302/259
f 261/306/261 257/300/257 255/299/255
f 255/299/255 259/305/259 261/306/261
f 263/308/263 259/302/259 258/301/258
f 258/301/258 262/307/262 263/308/263
f 265/312/265 261/306/261 259/305/259
f 259/305/259 263/311/263 265/312/265
f 267/314/267 263/308/263 262/307/262
f 262/307/262 266/313/266 267/314/267
f 269/318/269 265/312/265 263/311/263
f 263/311/263 267/317/267 269/318/269
f 271/320/271 267/314/267 266/313/266
f 266/313/266 270/319/270 271/320/271
f 273/324/273 269/318/269 267/317/267
f 267/317/267 271/323/271 273/324/273
f 275/326/275 271/320/271 270/319/270
f 270/319/270 274/325/274 275/326/275
f 277/330/277 273/324/273 271/323/271
f 271/323/271 275/329/275 277/330/277
f 361/462/361 275/326/275 274/325/274
f 362/463/362 278/331/278 279/332/279
f 360/460/360 277/330/277 275/329/275
f 361/461/361 279/335/279 281/336/281
f 283/338/283 279/332/279 278/331/278
f 278/331/278 282/337/282 283/338/283
f 285/342/285 281/336/281 279/335/279
f 279/335/279 283/341/283 285/342/285
f 287/344/287 283/338/283 282/337/282
f 282/337/282 286/343/286 287/344/287
f 289/348/289 285/342/285 283/341/283
f 283/341/283 287/347/287 289/348/289
f 291/350/291 287/344/287 286/343/286
f 286/343/286 290/349/290 291/350/291
f 293/354/293 289/348/289 287/347/287
f 287/347/287 291/353/291 293/354/293
f 295/356/295 291/350/291 290/349/290
f 290/349/290 294/355/294 295/356/295
f 297/360/297 293/354/293 291/353/291
f 291/353/291 295/359/295 297/360/297
f 299/362/299 295/356/295 294/355/294
f 294/355/294 298/361/298 299/362/299
f 301/366/301 297/360/297 295/359/295
f 295/359/295 299/365/299 301/366/301
f 303/368/303 3/8/3 4/7/4
f 3/8/3 303/368/303 302/367/302
f 305/372/305 4/2/4 8/4/8
f 4/2/4 305/372/305 303/371/303
f 307/374/307 302/367/302 303/368/303
f 302/367/302 307/374/307 306/373/306
f 309/378/309 303/371/303 305/372/305
f 303/371/303 309/378/309 307/377/307
f 311/380/311 306/373/306 307/374/307
f 306/373/306 311/380/311 310/379/310
f 313/384/313 307/377/307 309/378/309
f 307/377/307 313/384/313 311/383/311
f 315/386/315 310/379/310 311/380/311
f 310/379/310 315/386/315 314/385/314
f 317/390/317 311/383/311 313/384/313
f 311/383/311 317/390/317 315/389/315
f 319/392/319 314/385/314 315/386/315
f 314/385/314 319/392/319 318/391/318
f 321/396/321 315/389/315 317/390/317
f 315/389/315 321/396/321 319/395/319
f 323/398/323 318/391/318 319/392/319
f 318/391/318 323/398/323 322/397/322
f 325/402/325 319/395/319 321/396/321
f 319/395/319 325/402/325 323/401/323
f 327/404/327 322/397/322 323/398/323
f 322/397/322 327/404/327 326/403/326
f 329/408/329 323/401/323 325/402/325
f 323/401/323 329/408/329 327/407/327
f 331/410/331 326/403/326 327/404/327
f 326/403/326 331/410/331 330/409/330
f 333/414/333 327/407/327 329/408/329
f 327/407/327 333/414/333 331/413/331
f 335/416/335 330/409/330 331/410/331
f 330/409/330 335/416/335 334/415/334
f 1211/1206/1211 1207/1207/1207 1206/1208/1206
f 1206/1208/1206 1210/1209/1210 1211/1206/1211
f 1213/1210/1213 1209/1211/1209 1207/1212/1207
f 1207/1212/1207 1211/1213/1211 1213/1210/1213
f 1235/1232/1235 1231/1233/1231 1230/1234/1230
f 1230/1234/1230 1234/1235/1234 1235/1232/1235
f 1237/1236/1237 1233/1237/1233 1231/1238/1231
f 1231/1238/1231 1235/1239/1235 1237/1236/1237
f 1259/1258/1259 1255/1259/1255 1254/1260/1254
f 1254/1260/1254 1258/1261/1258 1259/1258/1259
f 1261/1262/1261 1257/1263/1257 1255/1264/1255
f 1255/1264/1255 1259/1265/1259 1261/1262/1261
f 1283/1283/1283 1279/1284/1279 1278/1285/1278
f 1278/1285/1278 1282/1286/1282 1283/1283/1283
f 1285/1287/1285 1281/1288/1281 1279/1289/1279
f 1279/1289/1279 1283/1290/1283 1285/1287/1285
f 1579/1295/1579 1289/1296/1289 1288/1297/1288
f 1298/1298/1298 1286/1299/1286 1287/1300/1287
f 1293/1301/1293 1576/1302/1576 1577/1303/1577
f 1287/1304/1287 1294/1305/1294 1298/1306/1298
f 1294/1305/1294 1287/1304/1287 1295/1307/1295
f 1295/1307/1295 1287/1304/1287 1291/1308/1291
f 1298/1298/1298 1575/1309/1575 1297/1310/1297
f 1297/1310/1297 1286/1299/1286 1298/1298/1298
f 1298/1306/1298 1294/1305/1294 1575/1311/1575
f 1576/1302/1576 1293/1301/1293 1289/1312/1289
f 1300/1313/1300 1287/1300/1287 1286/1299/1286
f 1286/1299/1286 1299/1314/1299 1300/1313/1300
f 1302/1315/1302 1291/1308/1291 1287/1304/1287
f 1287/1304/1287 1300/1316/1300 1302/1315/1302
f 1559/1317/1559 1564/1318/1564 1563/1319/1563
f 1564/1318/1564 1559/1317/1559 1560/1320/1560
f 1556/1321/1556 1562/1322/1562 1560/1323/1560
f 1562/1322/1562 1556/1321/1556 1558/1324/1558
f 1412/1325/1412 1585/1326/1585 1587/1327/1587
f 1587/1327/1587 1414/1328/1414 1412/1325/1412
f 1411/1329/1411 1584/1330/1584 1585/1331/1585
f 1585/1331/1585 1412/1332/1412 1411/1329/1411
f 1308/1333/1308 1304/1334/1304 1303/1335/1303
f 1303/1335/1303 1307/1336/1307 1308/1333/1308
f 1310/1337/1310 1306/1338/1306 1304/1339/1304
f 1304/1339/1304 1308/1340/1308 1310/1337/1310
f 1312/1341/1312 1308/1333/1308 1307/1336/1307
f 1307/1336/1307 1311/1342/1311 1312/1341/1312
f 1314/1343/1314 1310/1337/1310 1308/1340/1308
f 1308/1340/1308 1312/1344/1312 1314/1343/1314
f 1316/1345/1316 1312/1341/1312 1311/1342/1311
f 1311/1342/1311 1315/1346/1315 1316/1345/1316
f 1318/1347/1318 1314/1343/1314 1312/1344/1312
f 1312/1344/1312 1316/1348/1316 1318/1347/1318
f 1320/1349/1320 1316/1345/1316 1315/1346/1315
f 1315/1346/1315 1319/1350/1319 1320/1349/1320
f 1322/1351/1322 1318/1347/1318 1316/1348/1316
f 1316/1348/1316 1320/1352/1320 1322/1351/1322
f 1324/1353/1324 1320/1349/1320 1319/1350/1319
f 1319/1350/1319 1323/1354/1323 1324/1353/1324
f 1326/1355/1326 1322/1351/1322 1320/1352/1320
f 1320/1352/1320 1324/1356/1324 1326/1355/1326
f 1328/1357/1328 1324/1353/1324 1323/1354/1323
f 1323/1354/1323 1327/1358/1327 1328/1357/1328
f 1330/1359/1330 1326/1355/1326 1324/1356/1324
f 1324/1356/1324 1328/1360/1328 1330/1359/1330
f 1332/1361/1332 1328/1357/1328 1327/1358/1327
f 1327/1358/1327 1331/1362/1331 1332/1361/1332
f 1334/1363/1334 1330/1359/1330 1328/1360/1328
f 1328/1360/1328 1332/1364/1332 1334/1363/1334
f 1336/1365/1336 1332/1361/1332 1331/1362/1331
f 1331/1362/1331 1335/1366/1335 1336/1365/1336
f 1338/1367/1338 1334/1363/1334 1332/1364/1332
f 1332/1364/1332 1336/1368/1336 1338/1367/1338
f 1340/1369/1340 1336/1365/1336 1335/1366/1335
f 1335/1366/1335 1339/1370/1339 1340/1369/1340
f 1342/1371/1342 1338/1367/1338 1336/1368/1336
f 1336/1368/1336 1340/1372/1340 1342/1371/1342
f 1344/1373/1344 1340/1369/1340 1339/1370/1339
f 1339/1370/1339 1343/1374/1343 1344/1373/1344
f 1346/1375/1346 1342/1371/1342 1340/1372/1340
f 1340/1372/1340 1344/1376/1344 1346/1375/1346
f 1348/1377/1348 1344/1373/1344 1343/1374/1343
f 1343/1374/1343 1347/1378/1347 1348/1377/1348
f 1350/1379/1350 1346/1375/1346 1344/1376/1344
f 1344/1376/1344 1348/1380/1348 1350/1379/1350
f 1582/1381/1582 1583/1382/1583 1500/1383/1500
f 1583/1382/1583 1582/1381/1582 1495/1384/1495
f 1581/1385/1581 1582/1386/1582 1502/1387/1502
f 1582/1386/1582 1581/1385/1581 1496/1388/1496
f 1575/1309/1575 1579/1295/1579 1297/1310/1297
f 1575/1309/1575 1289/1296/1289 1579/1295/1579
f 1577/1303/1577 1294/1305/1294 1295/1307/1295
f 1576/1302/1576 1294/1305/1294 1577/1303/1577
f 1356/1389/1356 1352/1390/1352 1351/1391/1351
f 1351/1391/1351 1355/1392/1355 1356/1389/1356
f 1358/1393/1358 1354/1394/1354 1352/1395/1352
f 1352/1395/1352 1356/1396/1356 1358/1393/1358
f 1360/1397/1360 1356/1389/1356 1355/1392/1355
f 1355/1392/1355 1359/1398/1359 1360/1397/1360
f 1362/1399/1362 1358/1393/1358 1356/1396/1356
f 1356/1396/1356 1360/1400/1360 1362/1399/1362
f 1364/1401/1364 1360/1397/1360 1359/1398/1359
f 1359/1398/1359 1363/1402/1363 1364/1401/1364
f 1366/1403/1366 1362/1399/1362 1360/1400/1360
f 1360/1400/1360 1364/1404/1364 1366/1403/1366
f 1368/1405/1368 1364/1401/1364 1363/1402/1363
f 1363/1402/1363 1367/1406/1367 1368/1405/1368
f 1370/1407/1370 1366/1403/1366 1364/1404/1364
f 1364/1404/1364 1368/1408/1368 1370/1407/1370
f 1372/1409/1372 1368/1405/1368 1367/1406/1367
f 1367/1406/1367 1371/1410/1371 1372/1409/1372
f 1374/1411/1374 1370/1407/1370 1368/1408/1368
f 1368/1408/1368 1372/1412/1372 1374/1411/1374
f 1376/1413/1376 1372/1409/1372 1371/1410/1371
f 1371/1410/1371 1375/1414/1375 1376/1413/1376
f 1378/1415/1378 1374/1411/1374 1372/1412/1372
f 1372/1412/1372 1376/1416/1376 1378/1415/1378
f 1380/1417/1380 1376/1413/1376 1375/1414/1375
f 1375/1414/1375 1379/1418/1379 1380/1417/1380
f 1382/1419/1382 1378/1415/1378 1376/1416/1376
f 1376/1416/1376 1380/1420/1380 1382/1419/1382
f 1384/1421/1384 1380/1417/1380 1379/1418/1379
f 1379/1418/1379 1383/1422/1383 1384/1421/1384
f 1386/1423/1386 1382/1419/1382 1380/1420/1380
f 1380/1420/1380 1384/1424/1384 1386/1423/1386
f 1388/1425/1388 1384/1421/1384 1383/1422/1383
f 1383/1422/1383 1387/1426/1387 1388/1425/1388
f 1390/1427/1390 1386/1423/1386 1384/1424/1384
f 1384/1424/1384 1388/1428/1388 1390/1427/1390
f 1392/1429/1392 1388/1425/1388 1387/1426/1387
f 1387/1426/1387 1391/1430/1391 1392/1429/1392
f 1394/1431/1394 1390/1427/1390 1388/1428/1388
f 1388/1428/1388 1392/1432/1392 1394/1431/1394
f 1396/1433/1396 1392/1429/1392 1391/1430/1391
f 1391/1430/1391 1395/1434/1395 1396/1433/1396
f 1398/1435/1398 1394/1431/1394 1392/1432/1392
f 1392/1432/1392 1396/1436/1396 1398/1435/1398
f 1400/1437/1400 1396/1433/1396 1395/1434/1395
f 1395/1434/1395 1399/1438/1399 1400/1437/1400
f 1402/1439/1402 1398/1435/1398 1396/1436/1396
f 1396/1436/1396 1400/1440/1400 1402/1439/1402
f 1404/1441/1404 1400/1437/1400 1399/1438/1399
f 1399/1438/1399 1403/1442/1403 1404/1441/1404
f 1406/1443/1406 1402/1439/1402 1400/1440/1400
f 1400/1440/1400 1404/1444/1404 1406/1443/1406
f 1408/1445/1408 1404/1441/1404 1403/1442/1403
f 1403/1442/1403 1407/1446/1407 1408/1445/1408
f 1410/1447/1410 1406/1443/1406 1404/1444/1404
f 1404/1444/1404 1408/1448/1408 1410/1447/1410
f 1412/1332/1412 1408/1445/1408 1407/1446/1407
f 1407/1446/1407 1411/1329/1411 1412/1332/1412
f 1414/1328/1414 1410/1447/1410 1408/1448/1408
f 1408/1448/1408 1412/1325/1412 1414/1328/1414
f 1571/1449/1571 1572/1450/1572 1472/1451/1472
f 1572/1450/1572 1571/1449/1571 1478/1452/1478
f 1564/1453/1564 1570/1454/1570 1568/1455/1568
f 1570/1454/1570 1564/1453/1564 1566/1456/1566
f 1575/1311/1575 1576/1302/1576 1289/1312/1289
f 1575/1311/1575 1294/1305/1294 1576/1302/1576
f 1574/1457/1574 1571/1458/1571 1471/1459/1471
f 1571/1458/1571 1574/1457/1574 1476/1460/1476
f 1420/1461/1420 1416/1462/1416 1415/1463/1415
f 1415/1463/1415 1419/1464/1419 1420/1461/1420
f 1422/1465/1422 1418/1466/1418 1416/1467/1416
f 1416/1467/1416 1420/1468/1420 1422/1465/1422
f 1424/1469/1424 1420/1461/1420 1419/1464/1419
f 1419/1464/1419 1423/1470/1423 1424/1469/1424
f 1426/1471/1426 1422/1465/1422 1420/1468/1420
f 1420/1468/1420 1424/1472/1424 1426/1471/1426
f 1428/1473/1428 1424/1469/1424 1423/1470/1423
f 1423/1470/1423 1427/1474/1427 1428/1473/1428
f 1430/1475/1430 1426/1471/1426 1424/1472/1424
f 1424/1472/1424 1428/1476/1428 1430/1475/1430
f 1432/1477/1432 1428/1473/1428 1427/1474/1427
f 1427/1474/1427 1431/1478/1431 1432/1477/1432
f 1434/1479/1434 1430/1475/1430 1428/1476/1428
f 1428/1476/1428 1432/1480/1432 1434/1479/1434
f 1436/1481/1436 1432/1477/1432 1431/1478/1431
f 1431/1478/1431 1435/1482/1435 1436/1481/1436
f 1438/1483/1438 1434/1479/1434 1432/1480/1432
f 1432/1480/1432 1436/1484/1436 1438/1483/1438
f 1440/1485/1440 1436/1481/1436 1435/1482/1435
f 1435/1482/1435 1439/1486/1439 1440/1485/1440
f 1442/1487/1442 1438/1483/1438 1436/1484/1436
f 1436/1484/1436 1440/1488/1440 1442/1487/1442
f 1444/1489/1444 1440/1485/1440 1439/1486/1439
f 1439/1486/1439 1443/1490/1443 1444/1489/1444
f 1446/1491/1446 1442/1487/1442 1440/1488/1440
f 1440/1488/1440 1444/1492/1444 1446/1491/1446
f 1448/1493/1448 1444/1489/1444 1443/1490/1443
f 1443/1490/1443 1447/1494/1447 1448/1493/1448
f 1450/1495/1450 1446/1491/1446 1444/1492/1444
f 1444/1492/1444 1448/1496/1448 1450/1495/1450
f 1563/1319/1563 1568/1497/1568 1567/1498/1567
f 1568/1497/1568 1563/1319/1563 1564/1318/1564
f 1560/1323/1560 1566/1456/1566 1564/1453/1564
f 1566/1456/1566 1560/1323/1560 1562/1322/1562
f 1555/1499/1555 1560/1320/1560 1559/1317/1559
f 1560/1320/1560 1555/1499/1555 1556/1500/1556
f 1552/1501/1552 1558/1324/1558 1556/1321/1556
f 1558/1324/1558 1552/1501/1552 1554/1502/1554
f 1456/1503/1456 1452/1504/1452 1451/1505/1451
f 1451/1505/1451 1455/1506/1455 1456/1503/1456
f 1458/1507/1458 1454/1508/1454 1452/1509/1452
f 1452/1509/1452 1456/1510/1456 1458/1507/1458
f 1460/1511/1460 1456/1503/1456 1455/1506/1455
f 1455/1506/1455 1459/1512/1459 1460/1511/1460
f 1462/1513/1462 1458/1507/1458 1456/1510/1456
f 1456/1510/1456 1460/1514/1460 1462/1513/1462
f 1464/1515/1464 1460/1511/1460 1459/1512/1459
f 1459/1512/1459 1463/1516/1463 1464/1515/1464
f 1466/1517/1466 1462/1513/1462 1460/1514/1460
f 1460/1514/1460 1464/1518/1464 1466/1517/1466
f 1468/1519/1468 1464/1515/1464 1463/1516/1463
f 1463/1516/1463 1467/1520/1467 1468/1519/1468
f 1470/1521/1470 1466/1517/1466 1464/1518/1464
f 1464/1518/1464 1468/1522/1468 1470/1521/1470
f 1472/1523/1472 1468/1519/1468 1467/1520/1467
f 1467/1520/1467 1471/1459/1471 1472/1523/1472
f 1474/1524/1474 1470/1521/1470 1468/1522/1468
f 1468/1522/1468 1472/1451/1472 1474/1524/1474
f 1571/1458/1571 1472/1523/1472 1471/1459/1471
f 1574/1457/1574 1475/1525/1475 1476/1460/1476
f 1572/1450/1572 1474/1524/1474 1472/1451/1472
f 1571/1449/1571 1476/1526/1476 1478/1452/1478
f 1480/1527/1480 1476/1460/1476 1475/1525/1475
f 1475/1525/1475 1479/1528/1479 1480/1527/1480
f 1482/1529/1482 1478/1452/1478 1476/1526/1476
f 1476/1526/1476 1480/1530/1480 1482/1529/1482
f 1484/1531/1484 1480/1527/1480 1479/1528/1479
f 1479/1528/1479 1483/1532/1483 1484/1531/1484
f 1486/1533/1486 1482/1529/1482 1480/1530/1480
f 1480/1530/1480 1484/1534/1484 1486/1533/1486
f 1488/1535/1488 1484/1531/1484 1483/1532/1483
f 1483/1532/1483 1487/1536/1487 1488/1535/1488
f 1490/1537/1490 1486/1533/1486 1484/1534/1484
f 1484/1534/1484 1488/1538/1488 1490/1537/1490
f 1492/1539/1492 1488/1535/1488 1487/1536/1487
f 1487/1536/1487 1491/1540/1491 1492/1539/1492
f 1494/1541/1494 1490/1537/1490 1488/1538/1488
f 1488/1538/1488 1492/1542/1492 1494/1541/1494
f 1496/1543/1496 1492/1539/1492 1491/1540/1491
f 1491/1540/1491 1495/1384/1495 1496/1543/1496
f 1498/1544/1498 1494/1541/1494 1492/1542/1492
f 1492/1542/1492 1496/1388/1496 1498/1544/1498
f 1582/1381/1582 1496/1543/1496 1495/1384/1495
f 1583/1382/1583 1499/1545/1499 1500/1383/1500
f 1581/1385/1581 1498/1544/1498 1496/1388/1496
f 1582/1386/1582 1500/1546/1500 1502/1387/1502
f 1504/1547/1504 1500/1383/1500 1499/1545/1499
f 1499/1545/1499 1503/1548/1503 1504/1547/1504
f 1506/1549/1506 1502/1387/1502 1500/1546/1500
f 1500/1546/1500 1504/1550/1504 1506/1549/1506
f 1508/1551/1508 1504/1547/1504 1503/1548/1503
f 1503/1548/1503 1507/1552/1507 1508/1551/1508
f 1510/1553/1510 1506/1549/1506 1504/1550/1504
f 1504/1550/1504 1508/1554/1508 1510/1553/1510
f 1512/1555/1512 1508/1551/1508 1507/1552/1507
f 1507/1552/1507 1511/1556/1511 1512/1555/1512
f 1514/1557/1514 1510/1553/1510 1508/1554/1508
f 1508/1554/1508 1512/1558/1512 1514/1557/1514
f 1516/1559/1516 1512/1555/1512 1511/1556/1511
f 1511/1556/1511 1515/1560/1515 1516/1559/1516
f 1518/1561/1518 1514/1557/1514 1512/1558/1512
f 1512/1558/1512 1516/1562/1516 1518/1561/1518
f 1520/1563/1520 1516/1559/1516 1515/1560/1515
f 1515/1560/1515 1519/1564/1519 1520/1563/1520
f 1522/1565/1522 1518/1561/1518 1516/1562/1516
f 1516/1562/1516 1520/1566/1520 1522/1565/1522
f 1524/1567/1524 1288/1297/1288 1289/1296/1289
f 1288/1297/1288 1524/1567/1524 1523/1568/1523
f 1526/1569/1526 1289/1312/1289 1293/1301/1293
f 1289/1312/1289 1526/1569/1526 1524/1570/1524
f 1528/1571/1528 1523/1568/1523 1524/1567/1524
f 1523/1568/1523 1528/1571/1528 1527/1572/1527
f 1530/1573/1530 1524/1570/1524 1526/1569/1526
f 1524/1570/1524 1530/1573/1530 1528/1574/1528
f 1532/1575/1532 1527/1572/1527 1528/1571/1528
f 1527/1572/1527 1532/1575/1532 1531/1576/1531
f 1534/1577/1534 1528/1574/1528 1530/1573/1530
f 1528/1574/1528 1534/1577/1534 1532/1578/1532
f 1536/1579/1536 1531/1576/1531 1532/1575/1532
f 1531/1576/1531 1536/1579/1536 1535/1580/1535
f 1538/1581/1538 1532/1578/1532 1534/1577/1534
f 1532/1578/1532 1538/1581/1538 1536/1582/1536
f 1540/1583/1540 1535/1580/1535 1536/1579/1536
f 1535/1580/1535 1540/1583/1540 1539/1584/1539
f 1542/1585/1542 1536/1582/1536 1538/1581/1538
f 1536/1582/1536 1542/1585/1542 1540/1586/1540
f 1544/1587/1544 1539/1584/1539 1540/1583/1540
f 1539/1584/1539 1544/1587/1544 1543/1588/1543
f 1546/1589/1546 1540/1586/1540 1542/1585/1542
f 1540/1586/1540 1546/1589/1546 1544/1590/1544
f 1548/1591/1548 1543/1588/1543 1544/1587/1544
f 1543/1588/1543 1548/1591/1548 1547/1592/1547
f 1550/1593/1550 1544/1590/1544 1546/1589/1546
f 1544/1590/1544 1550/1593/1550 1548/1594/1548
f 1552/1595/1552 1547/1592/1547 1548/1591/1548
f 1547/1592/1547 1552/1595/1552 1551/1596/1551
f 1554/1502/1554 1548/1594/1548 1550/1593/1550
f 1548/1594/1548 1554/1502/1554 1552/1501/1552
f 1556/1500/1556 1551/1596/1551 1552/1595/1552
f 1551/1596/1551 1556/1500/1556 1555/1499/1555
g fff017fc_00199_00417969_e4
f 861/900/861 860/901/860 858/902/858
f 1106/1108/1106 1107/1109/1107 1109/1110/1109
f 722/772/722 723/773/723 725/774/725
f 853/885/853 850/884/850 852/884/852
f 1109/1110/1109 1108/1111/1108 1106/1108/1106
f 762/819/762 765/818/765 763/818/763
f 1122/1122/1122 1123/1123/1123 1125/1124/1125
f 53/12/53 54/13/54 56/15/56
f 21/20/21 24/21/24 22/21/22
f 24/21/24 21/20/21 23/20/23
f 563/643/563 564/644/564 566/641/566
f 566/641/566 565/642/565 563/643/563
f 56/15/56 55/14/55 53/12/53
f 882/912/882 885/913/885 883/913/883
f 16/15/16 15/14/15 13/12/13
f 13/12/13 14/13/14 16/15/16
f 866/898/866 869/899/869 867/899/867
f 1173/1166/1173 1172/1167/1172 1170/1168/1170
f 1165/1165/1165 1162/1164/1162 1164/1164/1164
f 1162/1164/1162 1165/1165/1165 1163/1165/1163
f 1130/1141/1130 1133/1140/1133 1131/1140/1131
f 1138/1136/1138 1139/1137/1139 1141/1138/1141
f 475/555/475 478/556/478 476/556/476
f 1197/1193/1197 1194/1192/1194 1196/1192/1196
f 1141/1138/1141 1140/1139/1140 1138/1136/1138
f 1133/1140/1133 1130/1141/1130 1132/1141/1132
f 574/640/574 571/639/571 573/639/573
f 571/639/571 574/640/574 572/640/572
f 1266/1270/1266 1267/1271/1267 1269/1268/1269
f 1269/1268/1269 1268/1269/1268 1266/1270/1266
f 1277/1267/1277 1274/1266/1274 1276/1266/1276
f 1274/1266/1274 1277/1267/1277 1275/1267/1275
f 1194/1192/1194 1197/1193/1197 1195/1193/1195
f 48/21/48 45/20/45 47/20/47
f 45/20/45 48/21/48 46/21/46
f 547/629/547 548/630/548 550/627/550
f 550/627/550 549/628/549 547/629/547
f 558/626/558 555/625/555 557/625/557
f 555/625/555 558/626/558 556/626/556
f 1221/1216/1221 1220/1217/1220 1218/1218/1218
f 1229/1215/1229 1226/1214/1226 1228/1214/1228
f 37/20/37 40/21/40 38/21/38
f 40/21/40 37/20/37 39/20/39
f 32/15/32 31/14/31 29/12/29
f 29/12/29 30/13/30 32/15/32
f 1226/1214/1226 1229/1215/1229 1227/1215/1227
f 765/818/765 762/819/762 764/819/764
f 773/816/773 772/817/772 770/814/770
f 914/940/914 915/941/915 917/942/917
f 770/814/770 771/815/771 773/816/773
f 69/20/69 72/21/72 70/21/70
f 72/21/72 69/20/69 71/20/71
f 64/15/64 63/14/63 61/12/61
f 61/12/61 62/13/62 64/15/64
f 754/800/754 755/801/755 757/802/757
f 954/987/954 957/986/957 955/986/955
f 611/685/611 612/686/612 614/683/614
f 614/683/614 613/684/613 611/685/611
f 622/682/622 619/681/619 621/681/621
f 619/681/619 622/682/622 620/682/620
f 1170/1168/1170 1171/1169/1171 1173/1166/1173
f 714/777/714 717/776/717 715/776/715
f 717/776/717 714/777/714 716/777/716
f 834/870/834 837/871/837 835/871/835
f 507/583/507 510/584/510 508/584/508
f 981/998/981 980/999/980 978/996/978
f 973/1000/973 970/1001/970 972/1001/972
f 970/1001/970 973/1000/973 971/1000/971
f 1114/1127/1114 1117/1126/1117 1115/1126/1115
f 1117/1126/1117 1114/1127/1114 1116/1127/1116
f 802/842/802 803/843/803 805/844/805
f 805/844/805 804/845/804 802/842/802
f 994/1010/994 995/1011/995 997/1012/997
f 1205/1194/1205 1204/1195/1204 1202/1196/1202
f 467/559/467 468/560/468 470/557/470
f 470/557/470 469/558/469 467/559/467
f 674/730/674 677/731/677 675/731/675
f 677/731/677 674/730/674 676/730/676
f 669/732/669 668/733/668 666/734/666
f 666/734/666 667/735/667 669/732/669
f 978/996/978 979/997/979 981/998/981
f 858/902/858 859/903/859 861/900/861
f 447/539/447 448/540/448 450/537/450
f 450/537/450 449/538/449 447/539/447
f 690/744/690 693/745/693 691/745/691
f 693/745/693 690/744/690 692/744/692
f 685/746/685 684/747/684 682/748/682
f 682/748/682 683/749/683 685/746/685
f 579/657/579 580/658/580 582/655/582
f 582/655/582 581/656/581 579/657/579
f 590/654/590 587/653/587 589/653/589
f 587/653/587 590/654/590 588/654/588
f 930/954/930 931/955/931 933/956/933
f 818/856/818 819/857/819 821/858/821
f 821/858/821 820/859/820 818/856/818
f 478/556/478 475/555/475 477/555/477
f 893/930/893 890/931/890 892/931/892
f 938/973/938 941/972/941 939/972/939
f 941/972/941 938/973/938 940/973/940
f 949/970/949 948/971/948 946/968/946
f 375/465/375 378/466/378 376/466/376
f 378/466/378 375/465/375 377/465/377
f 370/467/370 369/468/369 367/469/367
f 367/469/367 368/470/368 370/467/370
f 634/706/634 635/707/635 637/704/637
f 637/704/637 636/705/636 634/706/634
f 645/703/645 642/702/642 644/702/644
f 642/702/642 645/703/645 643/703/643
f 1018/1038/1018 1021/1039/1021 1019/1039/1019
f 1002/1029/1002 1005/1028/1005 1003/1028/1003
f 1005/1028/1005 1002/1029/1002 1004/1029/1004
f 1013/1026/1013 1012/1027/1012 1010/1024/1010
f 515/601/515 516/602/516 518/599/518
f 518/599/518 517/600/517 515/601/515
f 526/598/526 523/597/523 525/597/525
f 523/597/523 526/598/526 524/598/524
f 1010/1024/1010 1011/1025/1011 1013/1026/1013
f 797/846/797 794/847/794 796/847/796
f 483/573/483 484/574/484 486/571/486
f 486/571/486 485/572/485 483/573/483
f 1242/1244/1242 1243/1245/1243 1245/1242/1245
f 1245/1242/1245 1244/1243/1244 1242/1244/1242
f 1253/1241/1253 1250/1240/1250 1252/1240/1252
f 1250/1240/1250 1253/1241/1253 1251/1241/1251
f 957/986/957 954/987/954 956/987/956
f 965/984/965 964/985/964 962/982/962
f 1218/1218/1218 1219/1219/1219 1221/1216/1221
f 626/697/626 627/698/627 629/695/629
f 946/968/946 947/969/947 949/970/949
f 491/569/491 494/570/494 492/570/492
f 510/584/510 507/583/507 509/583/509
f 502/585/502 501/586/501 499/587/499
f 391/479/391 394/480/394 392/480/392
f 394/480/394 391/479/391 393/479/393
f 386/481/386 385/482/385 383/483/383
f 383/483/383 384/484/384 386/481/386
f 458/536/458 455/535/455 457/535/457
f 1146/1150/1146 1149/1151/1149 1147/1151/1147
f 1149/1151/1149 1146/1150/1146 1148/1150/1148
f 1157/1152/1157 1156/1153/1156 1154/1154/1154
f 706/758/706 709/759/709 707/759/707
f 709/759/709 706/758/706 708/758/708
f 701/760/701 700/761/700 698/762/698
f 698/762/698 699/763/699 701/760/701
f 650/720/650 651/721/651 653/718/653
f 653/718/653 652/719/652 650/720/650
f 661/717/661 658/716/658 660/716/660
f 658/716/658 661/717/661 659/717/659
f 730/791/730 733/790/733 731/790/731
f 1026/1042/1026 1027/1043/1027 1029/1040/1029
f 1029/1040/1029 1028/1041/1028 1026/1042/1026
f 1021/1039/1021 1018/1038/1018 1020/1038/1020
f 1202/1196/1202 1203/1197/1203 1205/1194/1205
f 922/959/922 925/958/925 923/958/923
f 925/958/925 922/959/922 924/959/924
f 933/956/933 932/957/932 930/954/930
f 407/493/407 410/494/410 408/494/408
f 410/494/410 407/493/407 409/493/409
f 402/495/402 401/496/401 399/497/399
f 399/497/399 400/498/400 402/495/402
f 595/671/595 596/672/596 598/669/598
f 598/669/598 597/670/597 595/671/595
f 606/668/606 603/667/603 605/667/605
f 603/667/603 606/668/606 604/668/604
f 1154/1154/1154 1155/1155/1155 1157/1152/1157
f 962/982/962 963/983/963 965/984/965
f 1085/1098/1085 1082/1099/1082 1084/1099/1084
f 1082/1099/1082 1085/1098/1085 1083/1098/1083
f 794/847/794 797/846/797 795/846/795
f 906/945/906 909/944/909 907/944/907
f 909/944/909 906/945/906 908/945/908
f 917/942/917 916/943/916 914/940/914
f 423/507/423 426/508/426 424/508/424
f 426/508/426 423/507/423 425/507/425
f 418/509/418 417/510/417 415/511/415
f 415/511/415 416/512/416 418/509/418
f 1061/1068/1061 1060/1069/1060 1058/1066/1058
f 1058/1066/1058 1059/1067/1059 1061/1068/1061
f 1125/1124/1125 1124/1125/1124 1122/1122/1122
f 746/805/746 749/804/749 747/804/747
f 749/804/749 746/805/746 748/805/748
f 757/802/757 756/803/756 754/800/754
f 738/786/738 739/787/739 741/788/741
f 837/871/837 834/870/834 836/870/836
f 829/872/829 828/873/828 826/874/826
f 826/874/826 827/875/827 829/872/829
f 1042/1056/1042 1043/1057/1043 1045/1054/1045
f 1045/1054/1045 1044/1055/1044 1042/1056/1042
f 1037/1053/1037 1034/1052/1034 1036/1052/1036
f 1034/1052/1034 1037/1053/1037 1035/1053/1035
f 733/790/733 730/791/730 732/791/732
f 741/788/741 740/789/740 738/786/738
f 813/860/813 810/861/810 812/861/812
f 810/861/810 813/860/813 811/860/811
f 778/833/778 781/832/781 779/832/779
f 781/832/781 778/833/778 780/833/780
f 789/830/789 788/831/788 786/828/786
f 786/828/786 787/829/787 789/830/789
f 845/886/845 844/887/844 842/888/842
f 842/888/842 843/889/843 845/886/845
f 531/615/531 532/616/532 534/613/534
f 534/613/534 533/614/533 531/615/531
f 542/612/542 539/611/539 541/611/541
f 539/611/539 542/612/542 540/612/540
f 494/570/494 491/569/491 493/569/493
f 986/1015/986 989/1014/989 987/1014/987
f 989/1014/989 986/1015/986 988/1015/988
f 997/1012/997 996/1013/996 994/1010/994
f 1093/1096/1093 1092/1097/1092 1090/1094/1090
f 1090/1094/1090 1091/1095/1091 1093/1096/1093
f 901/928/901 900/929/900 898/926/898
f 1101/1112/1101 1098/1113/1098 1100/1113/1100
f 1098/1113/1098 1101/1112/1101 1099/1112/1099
f 869/899/869 866/898/866 868/898/868
f 1066/1085/1066 1069/1084/1069 1067/1084/1067
f 1069/1084/1069 1066/1085/1066 1068/1085/1068
f 1189/1180/1189 1188/1181/1188 1186/1182/1186
f 1186/1182/1186 1187/1183/1187 1189/1180/1189
f 725/774/725 724/775/724 722/772/722
f 890/931/890 893/930/893 891/930/891
f 439/521/439 442/522/442 440/522/440
f 442/522/442 439/521/439 441/521/441
f 434/523/434 433/524/433 431/525/431
f 431/525/431 432/526/432 434/523/434
f 1077/1082/1077 1076/1083/1076 1074/1080/1074
f 1074/1080/1074 1075/1081/1075 1077/1082/1077
f 850/884/850 853/885/853 851/885/851
f 885/913/885 882/912/882 884/912/884
f 877/914/877 876/915/876 874/916/874
f 874/916/874 875/917/875 877/914/877
f 1050/1071/1050 1053/1070/1053 1051/1070/1051
f 1053/1070/1053 1050/1071/1050 1052/1071/1052
f 898/926/898 899/927/899 901/928/901
f 499/587/499 500/588/500 502/585/502
f 1178/1178/1178 1181/1179/1181 1179/1179/1179
f 1181/1179/1181 1178/1178/1178 1180/1178/1180
f 455/535/455 458/536/458 456/536/456
g fff017fc_00199_00417969_e3
f 62/13/62 60/11/60 64/15/64
f 68/19/68 67/18/67 69/20/69
f 60/11/60 62/13/62 58/13/58
f 953/988/953 954/987/954 955/986/955
f 20/19/20 19/18/19 21/20/21
f 20/19/20 21/20/21 22/21/22
f 980/999/980 974/1005/974 978/996/978
f 974/1005/974 980/999/980 976/1006/976
f 9/9/9 15/14/15 11/10/11
f 15/14/15 9/9/9 13/12/13
f 953/988/953 952/989/952 954/987/954
f 57/9/57 63/14/63 59/10/59
f 777/834/777 778/833/778 779/832/779
f 777/834/777 776/835/776 778/833/778
f 14/13/14 12/11/12 16/15/16
f 12/11/12 14/13/14 10/13/10
f 889/932/889 890/931/890 891/930/891
f 889/932/889 888/933/888 890/931/890
f 1198/1199/1198 1204/1195/1204 1200/1200/1200
f 44/19/44 43/18/43 45/20/45
f 44/19/44 45/20/45 46/21/46
f 771/815/771 769/822/769 773/816/773
f 1185/1184/1185 1187/1183/1187 1183/1183/1183
f 761/820/761 762/819/762 763/818/763
f 31/14/31 25/9/25 29/12/29
f 25/9/25 31/14/31 27/10/27
f 28/11/28 30/13/30 26/13/26
f 30/13/30 28/11/28 32/15/32
f 36/19/36 37/20/37 38/21/38
f 36/19/36 35/18/35 37/20/37
f 761/820/761 760/821/760 762/819/762
f 947/969/947 945/976/945 949/970/949
f 52/11/52 54/13/54 50/13/50
f 875/917/875 873/920/873 877/914/877
f 554/634/554 553/635/553 555/625/555
f 554/634/554 555/625/555 556/626/556
f 873/920/873 875/917/875 871/917/871
f 870/918/870 876/915/876 872/919/872
f 1201/1198/1201 1203/1197/1203 1199/1197/1199
f 899/927/899 897/934/897 901/928/901
f 900/929/900 894/935/894 898/926/898
f 894/935/894 900/929/900 896/936/896
f 548/630/548 546/633/546 550/627/550
f 546/633/546 548/630/548 544/630/544
f 543/631/543 549/628/549 545/632/545
f 549/628/549 543/631/543 547/629/547
f 49/9/49 55/14/55 51/10/51
f 1187/1183/1187 1185/1184/1185 1189/1180/1189
f 772/817/772 766/823/766 770/814/770
f 63/14/63 57/9/57 61/12/61
f 55/14/55 49/9/49 53/12/53
f 1129/1142/1129 1130/1141/1130 1131/1140/1131
f 739/787/739 737/794/737 741/788/741
f 570/648/570 569/649/569 571/639/571
f 766/823/766 772/817/772 768/824/768
f 570/648/570 571/639/571 572/640/572
f 564/644/564 562/647/562 566/641/566
f 562/647/562 564/644/564 560/644/560
f 559/645/559 565/642/565 561/646/561
f 565/642/565 559/645/559 563/643/563
f 54/13/54 52/11/52 56/15/56
f 1204/1195/1204 1198/1199/1198 1202/1196/1202
f 1203/1197/1203 1201/1198/1201 1205/1194/1205
f 937/974/937 936/975/936 938/973/938
f 769/822/769 771/815/771 767/815/767
f 876/915/876 870/918/870 874/916/874
f 948/971/948 942/977/942 946/968/946
f 833/879/833 832/880/832 834/870/834
f 68/19/68 69/20/69 70/21/70
f 929/962/929 931/955/931 927/955/927
f 1225/1223/1225 1224/1224/1224 1226/1214/1226
f 1225/1223/1225 1226/1214/1226 1227/1215/1227
f 1219/1219/1219 1217/1222/1217 1221/1216/1221
f 1217/1222/1217 1219/1219/1219 1215/1219/1215
f 618/690/618 617/691/617 619/681/619
f 618/690/618 619/681/619 620/682/620
f 612/686/612 610/689/610 614/683/614
f 610/689/610 612/686/612 608/686/608
f 607/687/607 613/684/613 609/688/609
f 613/684/613 607/687/607 611/685/611
f 793/848/793 792/849/792 794/847/794
f 793/848/793 794/847/794 795/846/795
f 801/850/801 803/843/803 799/843/799
f 849/893/849 848/894/848 850/884/850
f 1113/1128/1113 1112/1129/1112 1114/1127/1114
f 1123/1123/1123 1121/1130/1121 1125/1124/1125
f 849/893/849 850/884/850 851/885/851
f 843/889/843 841/892/841 845/886/845
f 798/851/798 804/845/804 800/852/800
f 804/845/804 798/851/798 802/842/802
f 668/733/668 662/736/662 666/734/666
f 662/736/662 668/733/668 664/737/664
f 665/738/665 667/735/667 663/735/663
f 667/735/667 665/738/665 669/732/669
f 673/739/673 674/730/674 675/731/675
f 673/739/673 672/740/672 674/730/674
f 827/875/827 825/878/825 829/872/829
f 1009/1032/1009 1011/1025/1011 1007/1025/1007
f 1001/1030/1001 1002/1029/1002 1003/1028/1003
f 1001/1030/1001 1000/1031/1000 1002/1029/1002
f 684/747/684 678/750/678 682/748/682
f 678/750/678 684/747/684 680/751/680
f 681/752/681 683/749/683 679/749/679
f 683/749/683 681/752/681 685/746/685
f 689/753/689 690/744/690 691/745/691
f 689/753/689 688/754/688 690/744/690
f 756/803/756 750/809/750 754/800/754
f 750/809/750 756/803/756 752/810/752
f 905/946/905 904/947/904 906/945/906
f 993/1018/993 995/1011/995 991/1011/991
f 1137/1144/1137 1139/1137/1139 1135/1137/1135
f 963/983/963 961/990/961 965/984/965
f 1249/1249/1249 1248/1250/1248 1250/1240/1250
f 1249/1249/1249 1250/1240/1250 1251/1241/1251
f 586/662/586 585/663/585 587/653/587
f 586/662/586 587/653/587 588/654/588
f 580/658/580 578/661/578 582/655/582
f 578/661/578 580/658/580 576/658/576
f 575/659/575 581/656/581 577/660/577
f 581/656/581 575/659/575 579/657/579
f 369/468/369 363/471/363 367/469/367
f 363/471/363 369/468/369 365/472/365
f 366/473/366 368/470/368 364/470/364
f 368/470/368 366/473/366 370/467/370
f 374/474/374 375/465/375 376/466/376
f 374/474/374 373/475/373 375/465/375
f 1193/1201/1193 1194/1192/1194 1195/1193/1195
f 1193/1201/1193 1192/1202/1192 1194/1192/1194
f 833/879/833 834/870/834 835/871/835
f 1171/1169/1171 1169/1170/1169 1173/1166/1173
f 865/907/865 864/908/864 866/898/866
f 865/907/865 866/898/866 867/899/867
f 1022/1045/1022 1028/1041/1028 1024/1046/1024
f 1028/1041/1028 1022/1045/1022 1026/1042/1026
f 641/711/641 640/712/640 642/702/642
f 641/711/641 642/702/642 643/703/643
f 635/707/635 633/710/633 637/704/637
f 633/710/633 635/707/635 631/707/631
f 630/708/630 636/705/636 632/709/632
f 636/705/636 630/708/630 634/706/634
f 1027/1043/1027 1025/1044/1025 1029/1040/1029
f 859/903/859 857/906/857 861/900/861
f 825/878/825 827/875/827 823/875/823
f 1011/1025/1011 1009/1032/1009 1013/1026/1013
f 522/606/522 521/607/521 523/597/523
f 522/606/522 523/597/523 524/598/524
f 516/602/516 514/605/514 518/599/518
f 514/605/514 516/602/516 512/602/512
f 511/603/511 517/600/517 513/604/513
f 517/600/517 511/603/511 515/601/515
f 628/696/628 623/699/623 626/697/626
f 1243/1245/1243 1241/1248/1241 1245/1242/1245
f 625/700/625 627/698/627 624/698/624
f 1241/1248/1241 1243/1245/1243 1239/1245/1239
f 1238/1246/1238 1244/1243/1244 1240/1247/1240
f 1244/1243/1244 1238/1246/1238 1242/1244/1242
f 1262/1272/1262 1268/1269/1268 1264/1273/1264
f 1268/1269/1268 1262/1272/1262 1266/1270/1266
f 964/985/964 958/991/958 962/982/962
f 958/991/958 964/985/964 960/992/960
f 385/482/385 379/485/379 383/483/383
f 379/485/379 385/482/385 381/486/381
f 382/487/382 384/484/384 380/484/380
f 384/484/384 382/487/382 386/481/386
f 390/488/390 391/479/391 392/480/392
f 390/488/390 389/489/389 391/479/391
f 1172/1167/1172 1166/1171/1166 1170/1168/1170
f 1166/1171/1166 1172/1167/1172 1168/1172/1168
f 931/955/931 929/962/929 933/956/933
f 932/957/932 926/963/926 930/954/930
f 700/761/700 694/764/694 698/762/698
f 694/764/694 700/761/700 696/765/696
f 697/766/697 699/763/699 695/763/695
f 699/763/699 697/766/697 701/760/701
f 705/767/705 706/758/706 707/759/707
f 705/767/705 704/768/704 706/758/706
f 985/1016/985 986/1015/986 987/1014/987
f 985/1016/985 984/1017/984 986/1015/986
f 740/789/740 734/795/734 738/786/738
f 979/997/979 977/1004/977 981/998/981
f 1214/1220/1214 1220/1217/1220 1216/1221/1216
f 1220/1217/1220 1214/1220/1214 1218/1218/1218
f 1025/1044/1025 1027/1043/1027 1023/1043/1023
f 857/906/857 859/903/859 855/903/855
f 657/725/657 656/726/656 658/716/658
f 657/725/657 658/716/658 659/717/659
f 651/721/651 649/724/649 653/718/653
f 649/724/649 651/721/651 647/721/647
f 646/722/646 652/719/652 648/723/648
f 652/719/652 646/722/646 650/720/650
f 401/496/401 395/499/395 399/497/399
f 395/499/395 401/496/401 397/500/397
f 398/501/398 400/498/400 396/498/396
f 400/498/400 398/501/398 402/495/402
f 406/502/406 407/493/407 408/494/408
f 406/502/406 405/503/405 407/493/407
f 926/963/926 932/957/932 928/964/928
f 1169/1170/1169 1171/1169/1171 1167/1169/1167
f 1161/1173/1161 1162/1164/1162 1163/1165/1163
f 1161/1173/1161 1160/1174/1160 1162/1164/1162
f 1273/1275/1273 1272/1276/1272 1274/1266/1274
f 1273/1275/1273 1274/1266/1274 1275/1267/1275
f 1267/1271/1267 1265/1274/1265 1269/1268/1269
f 1265/1274/1265 1267/1271/1267 1263/1271/1263
f 602/676/602 601/677/601 603/667/603
f 602/676/602 603/667/603 604/668/604
f 596/672/596 594/675/594 598/669/598
f 594/675/594 596/672/596 592/672/592
f 591/673/591 597/670/597 593/674/593
f 597/670/597 591/673/591 595/671/595
f 417/510/417 411/513/411 415/511/415
f 411/513/411 417/510/417 413/514/413
f 414/515/414 416/512/416 412/512/412
f 416/512/416 414/515/414 418/509/418
f 422/516/422 423/507/423 424/508/424
f 422/516/422 421/517/421 423/507/423
f 753/808/753 755/801/755 751/801/751
f 745/806/745 746/805/746 747/804/747
f 745/806/745 744/807/744 746/805/746
f 961/990/961 963/983/963 959/983/959
f 1060/1069/1060 1054/1075/1054 1058/1066/1058
f 1054/1075/1054 1060/1069/1060 1056/1076/1056
f 1134/1145/1134 1140/1139/1140 1136/1146/1136
f 1140/1139/1140 1134/1145/1134 1138/1136/1138
f 1139/1137/1139 1137/1144/1137 1141/1138/1141
f 1057/1074/1057 1059/1067/1059 1055/1067/1055
f 1049/1072/1049 1050/1071/1050 1051/1070/1051
f 1049/1072/1049 1048/1073/1048 1050/1071/1050
f 1033/1061/1033 1034/1052/1034 1035/1053/1035
f 1033/1061/1033 1032/1062/1032 1034/1052/1034
f 1041/1058/1041 1043/1057/1043 1039/1057/1039
f 854/904/854 860/901/860 856/905/856
f 860/901/860 854/904/854 858/902/858
f 1107/1109/1107 1105/1116/1105 1109/1110/1109
f 1038/1059/1038 1044/1055/1044 1040/1060/1040
f 1044/1055/1044 1038/1059/1038 1042/1056/1042
f 1043/1057/1043 1041/1058/1041 1045/1054/1045
f 937/974/937 938/973/938 939/972/939
f 1017/1047/1017 1018/1038/1018 1019/1039/1019
f 1017/1047/1017 1016/1048/1016 1018/1038/1018
f 819/857/819 817/864/817 821/858/821
f 838/890/838 844/887/844 840/891/840
f 905/946/905 906/945/906 907/944/907
f 787/829/787 785/836/785 789/830/789
f 788/831/788 782/837/782 786/828/786
f 782/837/782 788/831/788 784/838/784
f 913/948/913 915/941/915 911/941/911
f 1118/1131/1118 1124/1125/1124 1120/1132/1120
f 1124/1125/1124 1118/1131/1118 1122/1122/1122
f 785/836/785 787/829/787 783/829/783
f 1012/1027/1012 1006/1033/1006 1010/1024/1010
f 1006/1033/1006 1012/1027/1012 1008/1034/1008
f 822/876/822 828/873/828 824/877/824
f 828/873/828 822/876/822 826/874/826
f 538/620/538 537/621/537 539/611/539
f 538/620/538 539/611/539 540/612/540
f 532/616/532 530/619/530 534/613/534
f 530/619/530 532/616/532 528/616/528
f 527/617/527 533/614/533 529/618/529
f 533/614/533 527/617/527 531/615/531
f 1092/1097/1092 1086/1103/1086 1090/1094/1090
f 1086/1103/1086 1092/1097/1092 1088/1104/1088
f 910/949/910 916/943/916 912/950/912
f 942/977/942 948/971/948 944/978/944
f 881/921/881 880/922/880 882/912/882
f 1089/1102/1089 1091/1095/1091 1087/1095/1087
f 1081/1100/1081 1082/1099/1082 1083/1098/1083
f 1081/1100/1081 1080/1101/1080 1082/1099/1082
f 1105/1116/1105 1107/1109/1107 1103/1109/1103
f 1075/1081/1075 1073/1088/1073 1077/1082/1077
f 433/524/433 427/527/427 431/525/431
f 427/527/427 433/524/433 429/528/429
f 430/529/430 432/526/432 428/526/428
f 432/526/432 430/529/430 434/523/434
f 438/530/438 439/521/439 440/522/440
f 438/530/438 437/531/437 439/521/439
f 1145/1159/1145 1146/1150/1146 1147/1151/1147
f 1145/1159/1145 1144/1160/1144 1146/1150/1146
f 1177/1187/1177 1178/1178/1178 1179/1179/1179
f 1177/1187/1177 1176/1188/1176 1178/1178/1178
f 1076/1083/1076 1070/1089/1070 1074/1080/1074
f 1070/1089/1070 1076/1083/1076 1072/1090/1072
f 897/934/897 899/927/899 895/927/895
f 945/976/945 947/969/947 943/969/943
f 755/801/755 753/808/753 757/802/757
f 1073/1088/1073 1075/1081/1075 1071/1081/1071
f 1065/1086/1065 1066/1085/1066 1067/1084/1067
f 1065/1086/1065 1064/1087/1064 1066/1085/1066
f 916/943/916 910/949/910 914/940/914
f 1059/1067/1059 1057/1074/1057 1061/1068/1061
f 449/538/449 443/541/443 447/539/447
f 443/541/443 449/538/449 445/542/445
f 446/543/446 448/540/448 444/540/444
f 448/540/448 446/543/446 450/537/450
f 454/544/454 455/535/455 456/536/456
f 454/544/454 453/545/453 455/535/455
f 921/960/921 922/959/922 923/958/923
f 921/960/921 920/961/920 922/959/922
f 1113/1128/1113 1114/1127/1114 1115/1126/1115
f 1153/1156/1153 1155/1155/1155 1151/1155/1151
f 469/558/469 463/561/463 467/559/467
f 463/561/463 469/558/469 465/562/465
f 466/563/466 468/560/468 464/560/464
f 468/560/468 466/563/466 470/557/470
f 474/564/474 475/555/475 476/556/476
f 474/564/474 473/565/473 475/555/475
f 734/795/734 740/789/740 736/796/736
f 977/1004/977 979/997/979 975/997/975
f 969/1002/969 970/1001/970 971/1000/971
f 969/1002/969 968/1003/968 970/1001/970
f 485/572/485 479/575/479 483/573/483
f 479/575/479 485/572/485 481/576/481
f 482/577/482 484/574/484 480/574/480
f 484/574/484 482/577/482 486/571/486
f 490/578/490 491/569/491 492/570/492
f 490/578/490 489/579/489 491/569/491
f 915/941/915 913/948/913 917/942/917
f 1155/1155/1155 1153/1156/1153 1157/1152/1157
f 1156/1153/1156 1150/1157/1150 1154/1154/1154
f 1150/1157/1150 1156/1153/1156 1152/1158/1152
f 803/843/803 801/850/801 805/844/805
f 841/892/841 843/889/843 839/889/839
f 809/862/809 808/863/808 810/861/810
f 809/862/809 810/861/810 811/860/811
f 817/864/817 819/857/819 815/857/815
f 844/887/844 838/890/838 842/888/842
f 1182/1185/1182 1188/1181/1188 1184/1186/1184
f 1188/1181/1188 1182/1185/1182 1186/1182/1186
f 814/865/814 820/859/820 816/866/816
f 820/859/820 814/865/814 818/856/818
f 501/586/501 495/589/495 499/587/499
f 495/589/495 501/586/501 497/590/497
f 498/591/498 500/588/500 496/588/496
f 500/588/500 498/591/498 502/585/502
f 506/592/506 507/583/507 508/584/508
f 506/592/506 505/593/505 507/583/507
f 1121/1130/1121 1123/1123/1123 1119/1123/1119
f 995/1011/995 993/1018/993 997/1012/997
f 996/1013/996 990/1019/990 994/1010/994
f 990/1019/990 996/1013/996 992/1020/992
f 713/778/713 712/779/712 714/777/714
f 713/778/713 714/777/714 715/776/715
f 721/780/721 723/773/723 719/773/719
f 1091/1095/1091 1089/1102/1089 1093/1096/1093
f 881/921/881 882/912/882 883/913/883
f 1097/1114/1097 1096/1115/1096 1098/1113/1098
f 718/781/718 724/775/724 720/782/720
f 724/775/724 718/781/718 722/772/722
f 723/773/723 721/780/721 725/774/725
f 1097/1114/1097 1098/1113/1098 1099/1112/1099
f 729/792/729 728/793/728 730/791/730
f 729/792/729 730/791/730 731/790/731
f 737/794/737 739/787/739 735/787/735
f 1102/1117/1102 1108/1111/1108 1104/1118/1104
f 1108/1111/1108 1102/1117/1102 1106/1108/1106
f 1129/1142/1129 1128/1143/1128 1130/1141/1130
g fff017fc_00199_00417969_e8
f 357/452/357 3/1/3 7/3/7
f 76/27/76 5/4/5 1/2/1
f 8/8/8 357/451/357 7/7/7
f 5/5/5 74/24/74 6/6/6
f 5/5/5 75/25/75 74/24/74
f 356/450/356 74/24/74 75/25/75
f 76/27/76 358/453/358 75/26/75
f 75/26/75 5/4/5 76/27/76
f 80/34/80 1/2/1 5/4/5
f 1/2/1 80/34/80 78/33/78
f 6/6/6 81/31/81 5/5/5
f 80/32/80 5/5/5 81/31/81
f 341/421/341 336/416/336 340/422/340
f 336/416/336 341/421/341 337/415/337
f 334/417/334 338/423/338 340/424/340
f 340/424/340 336/418/336 334/417/334
f 461/549/461 192/200/192 462/548/462
f 193/199/193 462/548/462 192/200/192
f 190/201/190 461/551/461 459/550/459
f 461/551/461 190/201/190 192/202/192
f 88/46/88 82/39/82 84/40/84
f 82/39/82 88/46/88 86/45/86
f 85/37/85 89/43/89 84/38/84
f 88/44/88 84/38/84 89/43/89
f 92/52/92 86/45/86 88/46/88
f 86/45/86 92/52/92 90/51/90
f 89/43/89 93/49/93 88/44/88
f 92/50/92 88/44/88 93/49/93
f 96/58/96 90/51/90 92/52/92
f 90/51/90 96/58/96 94/57/94
f 93/49/93 97/55/97 92/50/92
f 96/56/96 92/50/92 97/55/97
f 100/64/100 94/57/94 96/58/96
f 94/57/94 100/64/100 98/63/98
f 97/55/97 101/61/101 96/56/96
f 100/62/100 96/56/96 101/61/101
f 104/70/104 98/63/98 100/64/100
f 98/63/98 104/70/104 102/69/102
f 101/61/101 105/67/105 100/62/100
f 104/68/104 100/62/100 105/67/105
f 108/76/108 102/69/102 104/70/104
f 102/69/102 108/76/108 106/75/106
f 105/67/105 109/73/109 104/68/104
f 108/74/108 104/68/104 109/73/109
f 112/82/112 106/75/106 108/76/108
f 106/75/106 112/82/112 110/81/110
f 109/73/109 113/79/113 108/74/108
f 112/80/112 108/74/108 113/79/113
f 116/88/116 110/81/110 112/82/112
f 110/81/110 116/88/116 114/87/114
f 113/79/113 117/85/117 112/80/112
f 116/86/116 112/80/112 117/85/117
f 120/94/120 114/87/114 116/88/116
f 114/87/114 120/94/120 118/93/118
f 117/85/117 121/91/121 116/86/116
f 120/92/120 116/86/116 121/91/121
f 124/100/124 118/93/118 120/94/120
f 118/93/118 124/100/124 122/99/122
f 121/91/121 125/97/125 120/92/120
f 124/98/124 120/92/120 125/97/125
f 128/106/128 122/99/122 124/100/124
f 122/99/122 128/106/128 126/105/126
f 125/97/125 129/103/129 124/98/124
f 128/104/128 124/98/124 129/103/129
f 360/459/360 359/458/359 276/326/276
f 359/458/359 360/459/360 281/331/281
f 359/457/359 274/327/274 276/328/276
f 362/456/362 274/327/274 359/457/359
f 358/453/358 357/452/357 75/26/75
f 358/453/358 3/1/3 357/452/357
f 8/8/8 356/450/356 357/451/357
f 357/451/357 356/450/356 75/25/75
f 136/118/136 130/111/130 132/112/132
f 130/111/130 136/118/136 134/117/134
f 133/109/133 137/115/137 132/110/132
f 136/116/136 132/110/132 137/115/137
f 140/124/140 134/117/134 136/118/136
f 134/117/134 140/124/140 138/123/138
f 137/115/137 141/121/141 136/116/136
f 140/122/140 136/116/136 141/121/141
f 144/130/144 138/123/138 140/124/140
f 138/123/138 144/130/144 142/129/142
f 141/121/141 145/127/145 140/122/140
f 144/128/144 140/122/140 145/127/145
f 148/136/148 142/129/142 144/130/144
f 142/129/142 148/136/148 146/135/146
f 145/127/145 149/133/149 144/128/144
f 148/134/148 144/128/144 149/133/149
f 152/142/152 146/135/146 148/136/148
f 146/135/146 152/142/152 150/141/150
f 149/133/149 153/139/153 148/134/148
f 152/140/152 148/134/148 153/139/153
f 156/148/156 150/141/150 152/142/152
f 150/141/150 156/148/156 154/147/154
f 153/139/153 157/145/157 152/140/152
f 156/146/156 152/140/152 157/145/157
f 160/154/160 154/147/154 156/148/156
f 154/147/154 160/154/160 158/153/158
f 157/145/157 161/151/161 156/146/156
f 160/152/160 156/146/156 161/151/161
f 164/160/164 158/153/158 160/154/160
f 158/153/158 164/160/164 162/159/162
f 161/151/161 165/157/165 160/152/160
f 164/158/164 160/152/160 165/157/165
f 168/166/168 162/159/162 164/160/164
f 162/159/162 168/166/168 166/165/166
f 165/157/165 169/163/169 164/158/164
f 168/164/168 164/158/164 169/163/169
f 172/172/172 166/165/166 168/166/168
f 166/165/166 172/172/172 170/171/170
f 169/163/169 173/169/173 168/164/168
f 172/170/172 168/164/168 173/169/173
f 176/178/176 170/171/170 172/172/172
f 170/171/170 176/178/176 174/177/174
f 173/169/173 177/175/177 172/170/172
f 176/176/176 172/170/172 177/175/177
f 180/184/180 174/177/174 176/178/176
f 174/177/174 180/184/180 178/183/178
f 177/175/177 181/181/181 176/176/176
f 180/182/180 176/176/176 181/181/181
f 184/190/184 178/183/178 180/184/180
f 178/183/178 184/190/184 182/189/182
f 181/181/181 185/187/185 180/182/180
f 184/188/184 180/182/180 185/187/185
f 188/196/188 182/189/182 184/190/184
f 182/189/182 188/196/188 186/195/186
f 185/187/185 189/193/189 184/188/184
f 188/194/188 184/188/184 189/193/189
f 192/202/192 186/195/186 188/196/188
f 186/195/186 192/202/192 190/201/190
f 189/193/189 193/199/193 188/194/188
f 192/200/192 188/194/188 193/199/193
f 349/433/349 344/428/344 348/434/348
f 344/428/344 349/433/349 345/427/345
f 342/429/342 346/435/346 348/436/348
f 348/436/348 344/430/344 342/429/342
f 352/443/352 256/298/256 353/444/353
f 353/444/353 250/291/250 352/443/352
f 352/442/352 351/441/351 257/295/257
f 351/441/351 352/442/352 252/290/252
f 200/214/200 194/207/194 196/208/196
f 194/207/194 200/214/200 198/213/198
f 197/205/197 201/211/201 196/206/196
f 200/212/200 196/206/196 201/211/201
f 204/220/204 198/213/198 200/214/200
f 198/213/198 204/220/204 202/219/202
f 201/211/201 205/217/205 200/212/200
f 204/218/204 200/212/200 205/217/205
f 208/226/208 202/219/202 204/220/204
f 202/219/202 208/226/208 206/225/206
f 205/217/205 209/223/209 204/218/204
f 208/224/208 204/218/204 209/223/209
f 212/232/212 206/225/206 208/226/208
f 206/225/206 212/232/212 210/231/210
f 209/223/209 213/229/213 208/224/208
f 212/230/212 208/224/208 213/229/213
f 216/238/216 210/231/210 212/232/212
f 210/231/210 216/238/216 214/237/214
f 213/229/213 217/235/217 212/230/212
f 216/236/216 212/230/212 217/235/217
f 220/244/220 214/237/214 216/238/216
f 214/237/214 220/244/220 218/243/218
f 217/235/217 221/241/221 216/236/216
f 220/242/220 216/236/216 221/241/221
f 224/250/224 218/243/218 220/244/220
f 218/243/218 224/250/224 222/249/222
f 221/241/221 225/247/225 220/242/220
f 224/248/224 220/242/220 225/247/225
f 228/256/228 222/249/222 224/250/224
f 222/249/222 228/256/228 226/255/226
f 225/247/225 229/253/229 224/248/224
f 228/254/228 224/248/224 229/253/229
f 345/427/345 340/422/340 344/428/344
f 340/422/340 345/427/345 341/421/341
f 338/423/338 342/429/342 344/430/344
f 344/430/344 340/424/340 338/423/338
f 337/415/337 332/410/332 336/416/336
f 332/410/332 337/415/337 333/409/333
f 330/411/330 334/417/334 336/418/336
f 336/418/336 332/412/332 330/411/330
f 236/268/236 230/261/230 232/262/232
f 230/261/230 236/268/236 234/267/234
f 233/259/233 237/265/237 232/260/232
f 236/266/236 232/260/232 237/265/237
f 240/274/240 234/267/234 236/268/236
f 234/267/234 240/274/240 238/273/238
f 237/265/237 241/271/241 236/266/236
f 240/272/240 236/266/236 241/271/241
f 244/280/244 238/273/238 240/274/240
f 238/273/238 244/280/244 242/279/242
f 241/271/241 245/277/245 240/272/240
f 244/278/244 240/272/240 245/277/245
f 248/286/248 242/279/242 244/280/244
f 242/279/242 248/286/248 246/285/246
f 245/277/245 249/283/249 244/278/244
f 248/284/248 244/278/244 249/283/249
f 252/292/252 246/285/246 248/286/248
f 246/285/246 252/292/252 250/291/250
f 249/283/249 253/289/253 248/284/248
f 252/290/252 248/284/248 253/289/253
f 352/443/352 250/291/250 252/292/252
f 353/444/353 256/298/256 254/297/254
f 253/289/253 351/441/351 252/290/252
f 256/296/256 352/442/352 257/295/257
f 260/304/260 254/297/254 256/298/256
f 254/297/254 260/304/260 258/303/258
f 257/295/257 261/301/261 256/296/256
f 260/302/260 256/296/256 261/301/261
f 264/310/264 258/303/258 260/304/260
f 258/303/258 264/310/264 262/309/262
f 261/301/261 265/307/265 260/302/260
f 264/308/264 260/302/260 265/307/265
f 268/316/268 262/309/262 264/310/264
f 262/309/262 268/316/268 266/315/266
f 265/307/265 269/313/269 264/308/264
f 268/314/268 264/308/264 269/313/269
f 272/322/272 266/315/266 268/316/268
f 266/315/266 272/322/272 270/321/270
f 269/313/269 273/319/273 268/314/268
f 272/320/272 268/314/268 273/319/273
f 276/328/276 270/321/270 272/322/272
f 270/321/270 276/328/276 274/327/274
f 273/319/273 277/325/277 272/320/272
f 276/326/276 272/320/272 277/325/277
f 280/334/280 362/456/362 359/457/359
f 362/456/362 280/334/280 278/333/278
f 277/325/277 360/459/360 276/326/276
f 280/332/280 359/458/359 281/331/281
f 284/340/284 278/333/278 280/334/280
f 278/333/278 284/340/284 282/339/282
f 281/331/281 285/337/285 280/332/280
f 284/338/284 280/332/280 285/337/285
f 288/346/288 282/339/282 284/340/284
f 282/339/282 288/346/288 286/345/286
f 285/337/285 289/343/289 284/338/284
f 288/344/288 284/338/284 289/343/289
f 292/352/292 286/345/286 288/346/288
f 286/345/286 292/352/292 290/351/290
f 289/343/289 293/349/293 288/344/288
f 292/350/292 288/344/288 293/349/293
f 296/358/296 290/351/290 292/352/292
f 290/351/290 296/358/296 294/357/294
f 293/349/293 297/355/297 292/350/292
f 296/356/296 292/350/292 297/355/297
f 300/364/300 294/357/294 296/358/296
f 294/357/294 300/364/300 298/363/298
f 297/355/297 301/361/301 296/356/296
f 300/362/300 296/356/296 301/361/301
f 304/370/304 7/3/7 3/1/3
f 3/1/3 302/369/302 304/370/304
f 7/7/7 305/367/305 8/8/8
f 305/367/305 7/7/7 304/368/304
f 308/376/308 304/370/304 302/369/302
f 302/369/302 306/375/306 308/376/308
f 304/368/304 309/373/309 305/367/305
f 309/373/309 304/368/304 308/374/308
f 312/382/312 308/376/308 306/375/306
f 306/375/306 310/381/310 312/382/312
f 308/374/308 313/379/313 309/373/309
f 313/379/313 308/374/308 312/380/312
f 316/388/316 312/382/312 310/381/310
f 310/381/310 314/387/314 316/388/316
f 312/380/312 317/385/317 313/379/313
f 317/385/317 312/380/312 316/386/316
f 320/394/320 316/388/316 314/387/314
f 314/387/314 318/393/318 320/394/320
f 316/386/316 321/391/321 317/385/317
f 321/391/321 316/386/316 320/392/320
f 324/400/324 320/394/320 318/393/318
f 318/393/318 322/399/322 324/400/324
f 320/392/320 325/397/325 321/391/321
f 325/397/325 320/392/320 324/398/324
f 328/406/328 324/400/324 322/399/322
f 322/399/322 326/405/326 328/406/328
f 324/398/324 329/403/329 325/397/325
f 329/403/329 324/398/324 328/404/328
f 332/412/332 328/406/328 326/405/326
f 326/405/326 330/411/330 332/412/332
f 328/404/328 333/409/333 329/403/329
f 333/409/333 328/404/328 332/410/332
f 1212/1225/1212 1206/1226/1206 1208/1227/1208
f 1206/1226/1206 1212/1225/1212 1210/1228/1210
f 1209/1208/1209 1213/1209/1213 1208/1207/1208
f 1212/1206/1212 1208/1207/1208 1213/1209/1213
f 1236/1251/1236 1230/1252/1230 1232/1253/1232
f 1230/1252/1230 1236/1251/1236 1234/1254/1234
f 1233/1234/1233 1237/1235/1237 1232/1233/1232
f 1236/1232/1236 1232/1233/1232 1237/1235/1237
f 1260/1277/1260 1254/1278/1254 1256/1279/1256
f 1254/1278/1254 1260/1277/1260 1258/1280/1258
f 1257/1260/1257 1261/1261/1261 1256/1259/1256
f 1260/1258/1260 1256/1259/1256 1261/1261/1261
f 1284/1291/1284 1278/1292/1278 1280/1293/1280
f 1278/1292/1278 1284/1291/1284 1282/1294/1282
f 1281/1285/1281 1285/1286/1285 1280/1284/1280
f 1284/1283/1284 1280/1284/1280 1285/1286/1285
f 1578/1597/1578 1288/1304/1288 1292/1308/1292
f 1297/1598/1297 1290/1301/1290 1286/1312/1286
f 1293/1297/1293 1578/1599/1578 1292/1296/1292
f 1290/1300/1290 1295/1600/1295 1291/1299/1291
f 1290/1300/1290 1296/1601/1296 1295/1600/1295
f 1577/1602/1577 1295/1600/1295 1296/1601/1296
f 1297/1598/1297 1579/1603/1579 1296/1604/1296
f 1296/1604/1296 1290/1301/1290 1297/1598/1297
f 1301/1605/1301 1286/1312/1286 1290/1301/1290
f 1286/1312/1286 1301/1605/1301 1299/1606/1299
f 1291/1299/1291 1302/1314/1302 1290/1300/1290
f 1301/1313/1301 1290/1300/1290 1302/1314/1302
f 1562/1317/1562 1557/1500/1557 1561/1320/1561
f 1557/1500/1557 1562/1317/1562 1558/1499/1558
f 1555/1607/1555 1559/1608/1559 1561/1609/1561
f 1561/1609/1561 1557/1610/1557 1555/1607/1555
f 1586/1331/1586 1413/1332/1413 1587/1330/1587
f 1414/1329/1414 1587/1330/1587 1413/1332/1413
f 1411/1611/1411 1586/1612/1586 1584/1613/1584
f 1586/1612/1586 1411/1611/1411 1413/1614/1413
f 1309/1615/1309 1303/1616/1303 1305/1617/1305
f 1303/1616/1303 1309/1615/1309 1307/1618/1307
f 1306/1335/1306 1310/1336/1310 1305/1334/1305
f 1309/1333/1309 1305/1334/1305 1310/1336/1310
f 1313/1619/1313 1307/1618/1307 1309/1615/1309
f 1307/1618/1307 1313/1619/1313 1311/1620/1311
f 1310/1336/1310 1314/1342/1314 1309/1333/1309
f 1313/1341/1313 1309/1333/1309 1314/1342/1314
f 1317/1621/1317 1311/1620/1311 1313/1619/1313
f 1311/1620/1311 1317/1621/1317 1315/1622/1315
f 1314/1342/1314 1318/1346/1318 1313/1341/1313
f 1317/1345/1317 1313/1341/1313 1318/1346/1318
f 1321/1623/1321 1315/1622/1315 1317/1621/1317
f 1315/1622/1315 1321/1623/1321 1319/1624/1319
f 1318/1346/1318 1322/1350/1322 1317/1345/1317
f 1321/1349/1321 1317/1345/1317 1322/1350/1322
f 1325/1625/1325 1319/1624/1319 1321/1623/1321
f 1319/1624/1319 1325/1625/1325 1323/1626/1323
f 1322/1350/1322 1326/1354/1326 1321/1349/1321
f 1325/1353/1325 1321/1349/1321 1326/1354/1326
f 1329/1627/1329 1323/1626/1323 1325/1625/1325
f 1323/1626/1323 1329/1627/1329 1327/1628/1327
f 1326/1354/1326 1330/1358/1330 1325/1353/1325
f 1329/1357/1329 1325/1353/1325 1330/1358/1330
f 1333/1629/1333 1327/1628/1327 1329/1627/1329
f 1327/1628/1327 1333/1629/1333 1331/1630/1331
f 1330/1358/1330 1334/1362/1334 1329/1357/1329
f 1333/1361/1333 1329/1357/1329 1334/1362/1334
f 1337/1631/1337 1331/1630/1331 1333/1629/1333
f 1331/1630/1331 1337/1631/1337 1335/1632/1335
f 1334/1362/1334 1338/1366/1338 1333/1361/1333
f 1337/1365/1337 1333/1361/1333 1338/1366/1338
f 1341/1633/1341 1335/1632/1335 1337/1631/1337
f 1335/1632/1335 1341/1633/1341 1339/1634/1339
f 1338/1366/1338 1342/1370/1342 1337/1365/1337
f 1341/1369/1341 1337/1365/1337 1342/1370/1342
f 1345/1635/1345 1339/1634/1339 1341/1633/1341
f 1339/1634/1339 1345/1635/1345 1343/1636/1343
f 1342/1370/1342 1346/1374/1346 1341/1369/1341
f 1345/1373/1345 1341/1369/1341 1346/1374/1346
f 1349/1637/1349 1343/1636/1343 1345/1635/1345
f 1343/1636/1343 1349/1637/1349 1347/1638/1347
f 1346/1374/1346 1350/1378/1350 1345/1373/1345
f 1349/1377/1349 1345/1373/1345 1350/1378/1350
f 1581/1639/1581 1580/1640/1580 1497/1543/1497
f 1580/1640/1580 1581/1639/1581 1502/1545/1502
f 1580/1641/1580 1495/1642/1495 1497/1643/1497
f 1583/1644/1583 1495/1642/1495 1580/1641/1580
f 1579/1603/1579 1578/1597/1578 1296/1604/1296
f 1579/1603/1579 1288/1304/1288 1578/1597/1578
f 1293/1297/1293 1577/1602/1577 1578/1599/1578
f 1578/1599/1578 1577/1602/1577 1296/1601/1296
f 1357/1645/1357 1351/1646/1351 1353/1647/1353
f 1351/1646/1351 1357/1645/1357 1355/1648/1355
f 1354/1391/1354 1358/1392/1358 1353/1390/1353
f 1357/1389/1357 1353/1390/1353 1358/1392/1358
f 1361/1649/1361 1355/1648/1355 1357/1645/1357
f 1355/1648/1355 1361/1649/1361 1359/1650/1359
f 1358/1392/1358 1362/1398/1362 1357/1389/1357
f 1361/1397/1361 1357/1389/1357 1362/1398/1362
f 1365/1651/1365 1359/1650/1359 1361/1649/1361
f 1359/1650/1359 1365/1651/1365 1363/1652/1363
f 1362/1398/1362 1366/1402/1366 1361/1397/1361
f 1365/1401/1365 1361/1397/1361 1366/1402/1366
f 1369/1653/1369 1363/1652/1363 1365/1651/1365
f 1363/1652/1363 1369/1653/1369 1367/1654/1367
f 1366/1402/1366 1370/1406/1370 1365/1401/1365
f 1369/1405/1369 1365/1401/1365 1370/1406/1370
f 1373/1655/1373 1367/1654/1367 1369/1653/1369
f 1367/1654/1367 1373/1655/1373 1371/1656/1371
f 1370/1406/1370 1374/1410/1374 1369/1405/1369
f 1373/1409/1373 1369/1405/1369 1374/1410/1374
f 1377/1657/1377 1371/1656/1371 1373/1655/1373
f 1371/1656/1371 1377/1657/1377 1375/1658/1375
f 1374/1410/1374 1378/1414/1378 1373/1409/1373
f 1377/1413/1377 1373/1409/1373 1378/1414/1378
f 1381/1659/1381 1375/1658/1375 1377/1657/1377
f 1375/1658/1375 1381/1659/1381 1379/1660/1379
f 1378/1414/1378 1382/1418/1382 1377/1413/1377
f 1381/1417/1381 1377/1413/1377 1382/1418/1382
f 1385/1661/1385 1379/1660/1379 1381/1659/1381
f 1379/1660/1379 1385/1661/1385 1383/1662/1383
f 1382/1418/1382 1386/1422/1386 1381/1417/1381
f 1385/1421/1385 1381/1417/1381 1386/1422/1386
f 1389/1663/1389 1383/1662/1383 1385/1661/1385
f 1383/1662/1383 1389/1663/1389 1387/1664/1387
f 1386/1422/1386 1390/1426/1390 1385/1421/1385
f 1389/1425/1389 1385/1421/1385 1390/1426/1390
f 1393/1665/1393 1387/1664/1387 1389/1663/1389
f 1387/1664/1387 1393/1665/1393 1391/1666/1391
f 1390/1426/1390 1394/1430/1394 1389/1425/1389
f 1393/1429/1393 1389/1425/1389 1394/1430/1394
f 1397/1667/1397 1391/1666/1391 1393/1665/1393
f 1391/1666/1391 1397/1667/1397 1395/1668/1395
f 1394/1430/1394 1398/1434/1398 1393/1429/1393
f 1397/1433/1397 1393/1429/1393 1398/1434/1398
f 1401/1669/1401 1395/1668/1395 1397/1667/1397
f 1395/1668/1395 1401/1669/1401 1399/1670/1399
f 1398/1434/1398 1402/1438/1402 1397/1433/1397
f 1401/1437/1401 1397/1433/1397 1402/1438/1402
f 1405/1671/1405 1399/1670/1399 1401/1669/1401
f 1399/1670/1399 1405/1671/1405 1403/1672/1403
f 1402/1438/1402 1406/1442/1406 1401/1437/1401
f 1405/1441/1405 1401/1437/1401 1406/1442/1406
f 1409/1673/1409 1403/1672/1403 1405/1671/1405
f 1403/1672/1403 1409/1673/1409 1407/1674/1407
f 1406/1442/1406 1410/1446/1410 1405/1441/1405
f 1409/1445/1409 1405/1441/1405 1410/1446/1410
f 1413/1614/1413 1407/1674/1407 1409/1673/1409
f 1407/1674/1407 1413/1614/1413 1411/1611/1411
f 1410/1446/1410 1414/1329/1414 1409/1445/1409
f 1413/1332/1413 1409/1445/1409 1414/1329/1414
f 1570/1498/1570 1565/1318/1565 1569/1497/1569
f 1565/1318/1565 1570/1498/1570 1566/1319/1566
f 1563/1675/1563 1567/1676/1567 1569/1677/1569
f 1569/1677/1569 1565/1678/1565 1563/1675/1563
f 1573/1679/1573 1477/1680/1477 1574/1681/1574
f 1574/1681/1574 1471/1682/1471 1573/1679/1573
f 1573/1683/1573 1572/1684/1572 1478/1525/1478
f 1572/1684/1572 1573/1683/1573 1473/1523/1473
f 1421/1685/1421 1415/1686/1415 1417/1687/1417
f 1415/1686/1415 1421/1685/1421 1419/1688/1419
f 1418/1463/1418 1422/1464/1422 1417/1462/1417
f 1421/1461/1421 1417/1462/1417 1422/1464/1422
f 1425/1689/1425 1419/1688/1419 1421/1685/1421
f 1419/1688/1419 1425/1689/1425 1423/1690/1423
f 1422/1464/1422 1426/1470/1426 1421/1461/1421
f 1425/1469/1425 1421/1461/1421 1426/1470/1426
f 1429/1691/1429 1423/1690/1423 1425/1689/1425
f 1423/1690/1423 1429/1691/1429 1427/1692/1427
f 1426/1470/1426 1430/1474/1430 1425/1469/1425
f 1429/1473/1429 1425/1469/1425 1430/1474/1430
f 1433/1693/1433 1427/1692/1427 1429/1691/1429
f 1427/1692/1427 1433/1693/1433 1431/1694/1431
f 1430/1474/1430 1434/1478/1434 1429/1473/1429
f 1433/1477/1433 1429/1473/1429 1434/1478/1434
f 1437/1695/1437 1431/1694/1431 1433/1693/1433
f 1431/1694/1431 1437/1695/1437 1435/1696/1435
f 1434/1478/1434 1438/1482/1438 1433/1477/1433
f 1437/1481/1437 1433/1477/1433 1438/1482/1438
f 1441/1697/1441 1435/1696/1435 1437/1695/1437
f 1435/1696/1435 1441/1697/1441 1439/1698/1439
f 1438/1482/1438 1442/1486/1442 1437/1481/1437
f 1441/1485/1441 1437/1481/1437 1442/1486/1442
f 1445/1699/1445 1439/1698/1439 1441/1697/1441
f 1439/1698/1439 1445/1699/1445 1443/1700/1443
f 1442/1486/1442 1446/1490/1446 1441/1485/1441
f 1445/1489/1445 1441/1485/1441 1446/1490/1446
f 1449/1701/1449 1443/1700/1443 1445/1699/1445
f 1443/1700/1443 1449/1701/1449 1447/1702/1447
f 1446/1490/1446 1450/1494/1450 1445/1489/1445
f 1449/1493/1449 1445/1489/1445 1450/1494/1450
f 1566/1319/1566 1561/1320/1561 1565/1318/1565
f 1561/1320/1561 1566/1319/1566 1562/1317/1562
f 1559/1608/1559 1563/1675/1563 1565/1678/1565
f 1565/1678/1565 1561/1609/1561 1559/1608/1559
f 1558/1499/1558 1553/1595/1553 1557/1500/1557
f 1553/1595/1553 1558/1499/1558 1554/1596/1554
f 1551/1703/1551 1555/1607/1555 1557/1610/1557
f 1557/1610/1557 1553/1704/1553 1551/1703/1551
f 1457/1705/1457 1451/1706/1451 1453/1707/1453
f 1451/1706/1451 1457/1705/1457 1455/1708/1455
f 1454/1505/1454 1458/1506/1458 1453/1504/1453
f 1457/1503/1457 1453/1504/1453 1458/1506/1458
f 1461/1709/1461 1455/1708/1455 1457/1705/1457
f 1455/1708/1455 1461/1709/1461 1459/1710/1459
f 1458/1506/1458 1462/1512/1462 1457/1503/1457
f 1461/1511/1461 1457/1503/1457 1462/1512/1462
f 1465/1711/1465 1459/1710/1459 1461/1709/1461
f 1459/1710/1459 1465/1711/1465 1463/1712/1463
f 1462/1512/1462 1466/1516/1466 1461/1511/1461
f 1465/1515/1465 1461/1511/1461 1466/1516/1466
f 1469/1713/1469 1463/1712/1463 1465/1711/1465
f 1463/1712/1463 1469/1713/1469 1467/1714/1467
f 1466/1516/1466 1470/1520/1470 1465/1515/1465
f 1469/1519/1469 1465/1515/1465 1470/1520/1470
f 1473/1715/1473 1467/1714/1467 1469/1713/1469
f 1467/1714/1467 1473/1715/1473 1471/1682/1471
f 1470/1520/1470 1474/1459/1474 1469/1519/1469
f 1473/1523/1473 1469/1519/1469 1474/1459/1474
f 1573/1679/1573 1471/1682/1471 1473/1715/1473
f 1574/1681/1574 1477/1680/1477 1475/1716/1475
f 1474/1459/1474 1572/1684/1572 1473/1523/1473
f 1477/1460/1477 1573/1683/1573 1478/1525/1478
f 1481/1717/1481 1475/1716/1475 1477/1680/1477
f 1475/1716/1475 1481/1717/1481 1479/1718/1479
f 1478/1525/1478 1482/1528/1482 1477/1460/1477
f 1481/1527/1481 1477/1460/1477 1482/1528/1482
f 1485/1719/1485 1479/1718/1479 1481/1717/1481
f 1479/1718/1479 1485/1719/1485 1483/1720/1483
f 1482/1528/1482 1486/1532/1486 1481/1527/1481
f 1485/1531/1485 1481/1527/1481 1486/1532/1486
f 1489/1721/1489 1483/1720/1483 1485/1719/1485
f 1483/1720/1483 1489/1721/1489 1487/1722/1487
f 1486/1532/1486 1490/1536/1490 1485/1531/1485
f 1489/1535/1489 1485/1531/1485 1490/1536/1490
f 1493/1723/1493 1487/1722/1487 1489/1721/1489
f 1487/1722/1487 1493/1723/1493 1491/1724/1491
f 1490/1536/1490 1494/1540/1494 1489/1535/1489
f 1493/1539/1493 1489/1535/1489 1494/1540/1494
f 1497/1643/1497 1491/1724/1491 1493/1723/1493
f 1491/1724/1491 1497/1643/1497 1495/1642/1495
f 1494/1540/1494 1498/1384/1498 1493/1539/1493
f 1497/1543/1497 1493/1539/1493 1498/1384/1498
f 1501/1725/1501 1583/1644/1583 1580/1641/1580
f 1583/1644/1583 1501/1725/1501 1499/1726/1499
f 1498/1384/1498 1581/1639/1581 1497/1543/1497
f 1501/1383/1501 1580/1640/1580 1502/1545/1502
f 1505/1727/1505 1499/1726/1499 1501/1725/1501
f 1499/1726/1499 1505/1727/1505 1503/1728/1503
f 1502/1545/1502 1506/1548/1506 1501/1383/1501
f 1505/1547/1505 1501/1383/1501 1506/1548/1506
f 1509/1729/1509 1503/1728/1503 1505/1727/1505
f 1503/1728/1503 1509/1729/1509 1507/1730/1507
f 1506/1548/1506 1510/1552/1510 1505/1547/1505
f 1509/1551/1509 1505/1547/1505 1510/1552/1510
f 1513/1731/1513 1507/1730/1507 1509/1729/1509
f 1507/1730/1507 1513/1731/1513 1511/1732/1511
f 1510/1552/1510 1514/1556/1514 1509/1551/1509
f 1513/1555/1513 1509/1551/1509 1514/1556/1514
f 1517/1733/1517 1511/1732/1511 1513/1731/1513
f 1511/1732/1511 1517/1733/1517 1515/1734/1515
f 1514/1556/1514 1518/1560/1518 1513/1555/1513
f 1517/1559/1517 1513/1555/1513 1518/1560/1518
f 1521/1735/1521 1515/1734/1515 1517/1733/1517
f 1515/1734/1515 1521/1735/1521 1519/1736/1519
f 1518/1560/1518 1522/1564/1522 1517/1559/1517
f 1521/1563/1521 1517/1559/1517 1522/1564/1522
f 1525/1737/1525 1292/1308/1292 1288/1304/1288
f 1288/1304/1288 1523/1738/1523 1525/1737/1525
f 1292/1296/1292 1526/1568/1526 1293/1297/1293
f 1526/1568/1526 1292/1296/1292 1525/1567/1525
f 1529/1739/1529 1525/1737/1525 1523/1738/1523
f 1523/1738/1523 1527/1740/1527 1529/1739/1529
f 1525/1567/1525 1530/1572/1530 1526/1568/1526
f 1530/1572/1530 1525/1567/1525 1529/1571/1529
f 1533/1741/1533 1529/1739/1529 1527/1740/1527
f 1527/1740/1527 1531/1742/1531 1533/1741/1533
f 1529/1571/1529 1534/1576/1534 1530/1572/1530
f 1534/1576/1534 1529/1571/1529 1533/1575/1533
f 1537/1743/1537 1533/1741/1533 1531/1742/1531
f 1531/1742/1531 1535/1744/1535 1537/1743/1537
f 1533/1575/1533 1538/1580/1538 1534/1576/1534
f 1538/1580/1538 1533/1575/1533 1537/1579/1537
f 1541/1745/1541 1537/1743/1537 1535/1744/1535
f 1535/1744/1535 1539/1746/1539 1541/1745/1541
f 1537/1579/1537 1542/1584/1542 1538/1580/1538
f 1542/1584/1542 1537/1579/1537 1541/1583/1541
f 1545/1747/1545 1541/1745/1541 1539/1746/1539
f 1539/1746/1539 1543/1748/1543 1545/1747/1545
f 1541/1583/1541 1546/1588/1546 1542/1584/1542
f 1546/1588/1546 1541/1583/1541 1545/1587/1545
f 1549/1749/1549 1545/1747/1545 1543/1748/1543
f 1543/1748/1543 1547/1750/1547 1549/1749/1549
f 1545/1587/1545 1550/1592/1550 1546/1588/1546
f 1550/1592/1550 1545/1587/1545 1549/1591/1549
f 1553/1704/1553 1549/1749/1549 1547/1750/1547
f 1547/1750/1547 1551/1703/1551 1553/1704/1553
f 1549/1591/1549 1554/1596/1554 1550/1592/1550
f 1554/1596/1554 1549/1591/1549 1553/1595/1553
