# fff08f90_00138_0051b44d
o fff08f90_00138_0051b44d
v 6.185030 9.246529 0.220152
v 8.693523 7.909843 0.601519
v 6.331728 9.498482 0.220097
v 8.826305 8.169365 0.601461
v 5.662038 9.402242 -0.145851
v 6.183858 9.116109 -0.145844
v 5.662130 9.402486 0.310518
v 6.183950 9.116353 0.310528
v 6.565908 9.665914 0.524420
v 5.566274 9.374410 0.524549
v 6.211843 9.020406 0.524561
v 5.920003 10.019185 0.524465
v 6.513082 9.650777 0.307543
v 6.196584 9.072896 0.307671
v 6.513113 9.650777 0.414782
v 6.196584 9.072896 0.414909
v 6.565877 9.665914 0.411906
v 6.211843 9.020406 0.412047
v 6.469808 9.637837 -0.145958
v 6.469900 9.638082 0.310413
v -5.564952 -6.926682 -0.487375
v -5.883830 -7.441818 -0.390350
v -5.564830 -6.939133 -0.083666
v -5.883708 -7.441574 -0.083553
v -6.067454 -6.620285 -0.083679
v -6.386027 -7.122971 -0.083565
v -5.521068 -6.929367 -0.089043
v -5.873912 -7.485275 -0.088917
v -6.077189 -6.576828 -0.089057
v -6.429851 -7.132492 -0.088931
v -5.521068 -6.929367 0.020702
v -5.873912 -7.485275 0.020828
v -6.077220 -6.576584 0.020689
v -6.429851 -7.132492 0.020815
v -5.467540 -6.917404 0.016326
v -5.861918 -7.539230 0.016467
v -6.089183 -6.523117 0.016311
v -6.483439 -7.144699 0.016452
v -5.467540 -6.917404 0.130339
v -5.861888 -7.539230 0.130480
v -6.089183 -6.523117 0.130324
v -6.483409 -7.144699 0.130465
v -6.067546 -6.620529 -0.552659
v -6.386149 -7.123215 -0.515881
v 6.075533 9.195015 -0.089994
v 6.075624 9.195259 0.137974
v 6.103731 9.183052 0.133200
v 6.103731 9.183052 0.214327
v -5.743848 -6.852221 -0.239840
v -5.719962 -6.869679 -0.267561
v -5.719942 -6.869694 -0.186434
v 5.835695 9.297554 0.214327
v -5.949898 -6.707443 -0.186432
v 6.200228 9.272652 -0.138298
v 6.200432 9.273115 0.153995
v 6.184999 9.246284 0.155039
v 8.716503 7.930840 0.294430
v 8.707582 7.937163 0.535363
v 8.693523 7.909843 0.536407
v 5.619192 9.389546 0.307660
v 5.619222 9.389546 0.414898
v 5.566274 9.374410 0.412035
v 6.685406 8.957077 0.222582
v 6.679333 8.960007 0.286739
v 6.701418 8.983175 0.221719
v 7.168926 8.732712 0.003962
v 6.821911 9.213669 0.286833
v 6.899212 8.841599 0.257383
v 6.892651 8.845016 0.321449
v 7.393810 8.612106 0.040525
v 6.915591 8.868185 0.256570
v 7.036907 9.098434 0.321887
v 3.647526 5.262497 -0.338497
v 3.888657 5.105240 -0.338955
v 3.831402 5.070694 -0.685566
v 3.861324 5.118591 -0.431308
v 3.886959 5.102531 -0.420108
v 1.700981 2.146317 -0.132311
v 1.941059 1.987991 -0.132141
v 1.904609 1.985696 -0.465000
v 1.915112 2.003410 -0.224592
v 1.940426 1.986969 -0.213323
v -1.108765 -0.926247 -0.273355
v -0.888695 -1.114166 -0.272051
v -0.892014 -1.065361 -0.703514
v -0.910465 -1.092491 -0.348652
v -0.887581 -1.112480 -0.353271
v -3.518637 -3.379798 -0.274345
v -3.299917 -3.561617 -0.273071
v -3.322729 -3.542654 -0.602569
v -3.322920 -3.542495 -0.349724
v -3.309881 -3.553334 -0.359361
v -2.179734 -1.927027 -0.327909
v -1.976945 -2.130285 -0.326218
v -1.981283 -2.125937 -0.409589
v -1.998686 -2.108493 -0.402845
v -5.803284 -7.212606 -0.266161
v -5.814240 -7.243189 -0.189800
v -2.703541 -8.005424 0.178982
v -5.681732 -6.924331 -0.189856
v -2.593891 -7.735649 0.178925
v -5.814240 -7.243721 -0.274509
v -2.692127 -7.977592 -0.146376
v -2.692036 -7.977348 0.102623
v -2.703541 -8.005424 0.094275
v -5.528645 -7.278519 -0.262470
v -5.535389 -7.277542 -0.178717
v -5.317890 -6.990677 -0.155781
v -5.522572 -7.248489 -0.253941
v -5.289234 -7.307327 -0.254265
v -5.296589 -7.306351 -0.170603
v -5.278736 -7.277763 -0.455053
v -5.077412 -7.018997 -0.147322
v -5.282978 -7.277054 -0.245686
v -4.414242 -7.389816 -0.186890
v -4.426865 -7.386940 -0.103773
v -4.400776 -7.400726 -0.387180
v -4.400776 -7.361008 -0.178061
v -4.347263 -7.108536 -0.102007
v -1.962304 -2.144960 -0.685373
v 0.689922 -8.336479 0.302698
v 0.799572 -8.066704 0.302641
v 0.701336 -8.308647 -0.022659
v 0.701427 -8.308403 0.226339
v 0.689922 -8.336479 0.217991
v -5.530811 -7.247758 -0.457479
v -5.778675 -7.215311 -0.473774
v -5.744784 -6.851537 -0.488338
v 5.926107 9.969625 0.307645
v 5.926137 9.969625 0.414883
v 5.919820 10.018209 0.412008
v 5.931963 9.928487 -0.145856
v 5.932055 9.928731 0.310515
v 6.338277 9.500386 0.159361
v 8.832854 8.171269 0.540726
v 6.828460 9.215573 0.226097
v 7.043456 9.100339 0.261152
v 6.311339 9.474238 -0.131864
v 6.311544 9.474702 0.160428
v 8.827615 8.132426 0.300863
v 8.818694 8.138749 0.541797
v 6.812530 9.184762 0.228153
v 7.280038 8.934299 0.010395
v 7.504922 8.813693 0.046959
v 7.026702 9.069772 0.263003
v -5.681213 -7.030440 -0.257374
v -2.604182 -7.790288 -0.137588
v -2.604090 -7.790044 0.111410
v -5.434626 -7.061185 -0.245153
v -5.190791 -7.090459 -0.446266
v -5.195033 -7.089749 -0.236898
v -4.312830 -7.213422 -0.378393
v -4.312830 -7.173703 -0.169273
v 0.789281 -8.121343 -0.013872
v 0.789373 -8.121099 0.235127
v -5.442866 -7.060454 -0.446266
v -5.690730 -7.028006 -0.464987
v -5.674438 -6.926458 -0.257086
v -2.586408 -7.735869 0.111694
v -5.310407 -6.990897 -0.223012
v -5.069929 -7.019217 -0.214553
v -4.339780 -7.108756 -0.169238
v 0.807055 -8.066923 0.235410
v -0.004076 -0.214657 -0.351086
v 0.002368 -0.207366 -0.432005
v -0.209403 -0.012926 -0.388084
v -0.028369 -0.193367 -0.760334
v -0.021138 -0.188326 -0.432174
v 1.196199 0.285164 -0.076879
v 1.315027 0.152794 -0.078587
v 0.956299 0.021008 -0.089037
v 1.067717 -0.104530 -0.090742
v 5.131256 5.035408 -0.403564
v 6.898832 4.002449 1.154242
v 4.936401 5.179703 0.432576
v 7.093721 3.858166 0.318091
v 5.164001 5.011242 -0.543717
v 7.126404 3.834240 0.177943
v 5.127808 5.029549 -0.403368
v 6.895325 3.996590 1.154427
v 4.932922 5.173836 0.432772
v 7.090208 3.852306 0.318284
v 5.160429 5.005135 -0.543473
v 7.122866 3.828133 0.178179
v 5.226286 4.992931 -0.613642
v 4.345428 5.054211 0.620170
v 4.311218 5.078621 0.593985
v 5.260345 4.968269 -0.587444
v 5.246674 5.034679 -0.601216
v 4.365788 5.095955 0.632548
v 4.331636 5.120373 0.606387
v 5.280855 5.010021 -0.575031
v 4.306610 5.090340 0.659944
v 4.284592 5.038090 0.714235
v 4.228304 5.078381 0.671033
v 4.318205 5.106693 0.734659
v 4.261889 5.147228 0.691457
v 4.242275 5.095711 0.750142
v 4.308626 5.090588 0.658786
v 4.310656 5.052746 0.668684
v 4.273104 5.079845 0.639808
v 4.334230 5.100838 0.682942
v 4.296541 5.127941 0.654069
v 4.290407 5.092052 0.682702
v 4.319828 5.089367 0.642219
v 4.314617 3.956573 -0.375937
v 6.191099 2.526863 1.165662
v 3.795973 4.002716 0.321762
v 6.431885 2.647957 0.337809
v 4.401564 3.949013 -0.492921
v 6.472227 2.667976 0.199107
v 4.312086 3.950470 -0.377402
v 6.188019 2.520763 1.163926
v 3.793442 3.996613 0.320279
v 6.428711 2.641853 0.336054
v 4.399027 3.942417 -0.494282
v 6.469145 2.662365 0.197334
v 4.512117 3.936287 -0.736884
v 3.814272 3.970226 0.297613
v 3.780243 3.995125 0.271399
v 4.546234 3.911877 -0.710697
v 4.532562 3.978043 -0.724418
v 3.834715 4.011971 0.310021
v 3.800663 4.036633 0.283794
v 4.566652 3.953621 -0.698268
v 3.775665 4.006603 0.337421
v 3.753494 3.954357 0.391636
v 3.697266 3.994518 0.348451
v 3.787079 4.022961 0.412066
v 3.730881 4.063000 0.368904
v 3.711273 4.012215 0.427527
v 3.777620 4.007092 0.336148
v 3.779678 3.968761 0.346125
v 3.742037 3.995861 0.317255
v 3.803070 4.016609 0.360359
v 3.765516 4.043591 0.331514
v 3.759430 4.007824 0.360177
v 3.788849 4.005623 0.319621
v 4.815247 5.058113 -0.024413
v 3.768433 4.004890 0.353799
v 4.304380 5.098881 0.679391
v 4.279358 3.963875 -0.349929
v 4.900879 5.051277 -0.142344
v 4.364931 3.957039 -0.467889
v 4.810394 5.061531 -0.028094
v 3.763672 4.007824 0.350148
v 4.299589 5.102058 0.675712
v 4.274538 3.967293 -0.353577
v 4.896088 5.054455 -0.145998
v 4.360107 3.960461 -0.471564
v -0.171446 -1.264641 -0.518411
v -0.523039 -1.783684 -0.415703
v -0.067410 -1.338856 -0.536155
v -0.419003 -1.858143 -0.433343
v 0.019531 -1.213860 0.391376
v -0.332029 -1.733143 0.494133
v 0.123659 -1.287830 0.373681
v -0.227875 -1.807365 0.476416
v -0.094543 -1.403065 -0.427779
v -0.353970 -1.785633 -0.351997
v 0.060793 -1.361561 0.311850
v -0.198639 -1.744621 0.387626
v -0.109404 -1.435295 -0.379354
v -0.320312 -1.746571 -0.317732
v 0.030123 -1.398182 0.285208
v -0.180817 -1.709705 0.346848
v -0.041775 -1.548088 0.488013
v -0.140408 -1.465809 0.504098
v 0.075777 -1.358635 0.387623
v -0.028288 -1.284653 0.405380
v -0.186522 -1.745598 0.464248
v -0.290709 -1.672108 0.482119
v -0.656096 -1.855701 -0.543238
v -0.011564 -1.289299 -0.769825
v -0.471769 -1.986076 -0.573357
v -0.152494 -1.143299 -0.547068
v -0.627228 -1.843983 -0.408279
v 0.031284 -1.273666 -0.578325
v -0.443388 -1.974358 -0.439707
v -1.217098 -2.791977 -0.259475
v -1.816465 -3.353992 -0.211126
v -1.092314 -2.925278 -0.256426
v -1.691587 -3.486809 -0.208105
v -1.203032 -2.768787 0.186553
v -1.802395 -3.330551 0.234902
v -1.078243 -2.901840 0.189602
v -1.677551 -3.463364 0.237922
v -1.165159 -2.993156 -0.250567
v -1.634672 -3.433582 -0.212684
v -1.154570 -2.975578 0.085932
v -1.624052 -3.416008 0.123815
v -1.193205 -3.019524 -0.248305
v -1.602631 -3.403313 -0.215289
v -1.183622 -3.003651 0.056089
v -1.593046 -3.387196 0.089104
v -1.616636 -3.406727 0.233028
v -1.741514 -3.273670 0.229994
v -1.155577 -2.974354 0.195831
v -1.280394 -2.841297 0.192796
v -1.384031 -3.185780 0.326930
v -1.509581 -3.053703 0.323957
v -1.515656 -3.309803 0.301192
v -1.640505 -3.177235 0.298184
v -1.250149 -3.061024 0.279786
v -1.374874 -2.928207 0.276749
v -1.231655 -2.702625 -0.462248
v -1.937590 -3.364494 -0.405305
v -0.989380 -2.960682 -0.456369
v -1.695339 -3.622547 -0.399424
v -1.222898 -2.688221 -0.274404
v -1.928864 -3.350086 -0.217460
v -0.980619 -2.946033 -0.268524
v -1.686615 -3.607895 -0.211580
v -1.200100 -3.025135 -0.073896
v -1.591978 -3.392326 -0.042289
v -1.197231 -3.020248 0.017540
v -1.589109 -3.387684 0.049146
v -1.285429 -3.106922 -0.153448
v -1.508179 -3.315907 -0.135472
v -1.283659 -3.103989 -0.097416
v -1.506407 -3.312981 -0.079440
v -2.726467 -4.589100 -0.142281
v -3.027100 -5.070545 -0.139916
v -2.628294 -4.651604 -0.118084
v -2.928923 -5.133286 -0.115719
v -2.877316 -4.488026 0.668921
v -3.177792 -4.969471 0.671381
v -2.779144 -4.550526 0.693124
v -3.079741 -5.031967 0.695536
v -2.684263 -4.705799 -0.033376
v -2.906034 -5.060780 -0.031626
v -2.806759 -4.623524 0.626134
v -3.028654 -4.978504 0.627856
v -2.711302 -4.733147 0.003818
v -2.891815 -5.022694 0.005216
v -2.821533 -4.659412 0.596308
v -3.001770 -4.948479 0.597790
v -2.955534 -4.778801 0.821836
v -3.048885 -4.708733 0.797641
v -2.820099 -4.615959 0.693456
v -2.918270 -4.553455 0.669252
v -3.044308 -4.975578 0.695245
v -3.142273 -4.912830 0.671077
v -2.674713 -4.501942 -0.345292
v -3.080351 -5.151352 -0.342052
v -2.501766 -4.612782 -0.302606
v -2.907560 -5.262684 -0.299401
v -2.707823 -4.479725 -0.167355
v -3.113523 -5.129631 -0.164147
v -2.534908 -4.590809 -0.124695
v -2.940672 -5.240467 -0.121470
v 5.806883 7.361336 -0.095836
v 5.482330 6.760509 -0.180616
v 5.966644 7.273449 -0.086458
v 5.641937 6.673103 -0.171254
v 5.763550 7.326424 0.316988
v 5.438932 6.725594 0.232206
v 5.923309 7.238777 0.326366
v 5.598600 6.637951 0.241589
v 5.927124 7.200447 -0.096763
v 5.672853 6.729744 -0.163161
v 5.895170 7.175056 0.207288
v 5.640869 6.704361 0.140889
v 5.911985 7.172371 -0.100712
v 5.690155 6.761971 -0.158650
v 5.883394 7.149673 0.171465
v 5.661558 6.739025 0.113548
v 5.750122 6.924080 0.336206
v 5.589996 7.010994 0.326704
v 5.793518 7.472668 -0.377478
v 5.411041 6.765144 -0.477367
v 6.103394 7.302990 -0.359299
v 5.720913 6.595467 -0.459180
v 5.764648 7.449959 -0.102547
v 5.382202 6.741951 -0.202423
v 6.074490 7.279793 -0.084348
v 5.692017 6.572029 -0.184218
v -1.824278 -6.854481 0.589341
v -1.950436 -7.242661 0.589341
v -1.531462 -6.949451 0.589341
v -1.657591 -7.337879 0.589341
v -1.824278 -6.854481 1.726988
v -1.950436 -7.242661 1.726988
v -1.531462 -6.949451 1.726988
v -1.657591 -7.337879 1.726988
v -1.553984 -7.019032 0.898160
v -1.635159 -7.269032 0.898160
v -1.553984 -7.019032 1.489931
v -1.635159 -7.269032 1.489931
v -1.921356 -6.676991 0.096467
v -2.125851 -7.306385 0.096467
v -1.368315 -6.856678 0.096467
v -1.572813 -7.486073 0.096467
v -1.921356 -6.676991 0.571074
v -2.125851 -7.306385 0.571074
v -1.368315 -6.856678 0.571074
v -1.572813 -7.486073 0.571074
v -2.029934 -6.566395 0.077372
v -2.278563 -7.331772 0.077372
v -1.215544 -6.831043 0.077372
v -1.464170 -7.596180 0.077372
v -2.029934 -6.566395 -0.201465
v -2.278563 -7.331772 -0.201465
v -1.215544 -6.831043 -0.201465
v -1.464170 -7.596180 -0.201465
v -1.833525 -6.819324 1.726988
v -1.980040 -7.270252 1.726988
v -1.493317 -6.929924 1.726988
v -1.639862 -7.380848 1.726988
v -1.566219 -7.154282 2.156437
v -1.639862 -7.380848 1.873743
v -1.493317 -6.929924 1.873743
v -1.833525 -6.819324 1.873743
v -1.656399 -6.876938 2.156437
v -1.980040 -7.270252 1.873743
v -1.810543 -7.325180 2.156437
v -1.906431 -7.043690 2.156437
v 5.317690 4.559582 0.012978
v 4.956541 4.052498 0.037541
v 5.421204 4.486828 0.035706
v 5.060059 3.979748 0.060237
v 5.221760 4.674034 0.580397
v 4.860619 4.166710 0.604962
v 5.325312 4.601280 0.603128
v 4.964165 4.094440 0.627646
v 5.336243 4.596931 -0.247698
v 4.910221 3.999035 -0.218757
v 5.519623 4.468025 -0.207452
v 5.093599 3.870617 -0.178543
v 5.306854 4.629650 -0.010150
v 4.880831 4.031258 0.018811
v 5.490234 4.500740 0.030107
v 5.064240 3.902596 0.059040
v 5.340332 4.689953 -0.272683
v 4.822479 3.963142 -0.237528
v 5.610413 4.500984 -0.213464
v 5.092562 3.773937 -0.178275
v 5.365295 4.662849 -0.474654
v 4.847475 3.935555 -0.439465
v 5.635376 4.473396 -0.415396
v 5.117556 3.746349 -0.380221
v 5.116631 4.369343 0.811845
v 5.013113 4.441853 0.789152
v 4.983847 4.149376 0.714235
v 4.880331 4.222130 0.691511
v 5.284719 4.571983 0.693789
v 5.181143 4.644493 0.671072
v 5.023001 4.226036 0.779811
v 4.919487 4.298546 0.757084
v 5.222069 4.505089 0.766294
v 5.118492 4.577599 0.743578
v 5.387451 4.440922 0.057272
v 5.213348 4.199963 0.068621
v 5.343292 4.489758 0.414147
v 5.169220 4.248787 0.425496
v 3.823570 3.092587 -0.402902
v 3.445456 2.583557 -0.366977
v 3.967400 2.991756 -0.371037
v 3.589224 2.482479 -0.335127
v 3.735006 3.223198 0.514684
v 3.356834 2.713921 0.550605
v 3.878807 3.122375 0.546544
v 3.500723 2.612854 0.582477
v 3.672935 2.884338 0.709035
v 3.535055 2.993217 0.676606
v 3.827326 3.053036 0.551435
v 3.683523 3.153862 0.519583
v 3.545034 2.672909 0.578246
v 3.401358 2.773983 0.546382
v 3.913294 3.156551 -0.624607
v 3.402916 2.469051 -0.576109
v 4.094990 3.024227 -0.588233
v 3.584524 2.336971 -0.539751
v 3.893852 3.185116 -0.423344
v 3.383446 2.497616 -0.374865
v 4.075495 3.052792 -0.386977
v 3.565086 2.365295 -0.338487
v 1.338350 0.445324 -0.517893
v 0.787111 -0.163563 -0.548666
v 1.473328 0.322762 -0.518380
v 0.922028 -0.286125 -0.549215
v 1.327669 0.431652 -0.071333
v 0.780458 -0.170891 -0.113871
v 1.462648 0.309334 -0.071822
v 0.904390 -0.286369 -0.114356
v 0.681885 -0.159660 -0.838340
v 1.594574 0.319832 -0.802201
v 0.943850 -0.397205 -0.839333
v 1.325932 0.549084 -0.524026
v 0.675205 -0.167957 -0.561121
v 1.587893 0.311043 -0.524975
v 0.937258 -0.405510 -0.562103
v 1.331970 0.557625 -0.801507
v 1.052673 -0.143547 -0.094721
v 1.066010 -0.128654 -0.138101
v 0.967104 -0.237537 -0.231046
v 0.955233 -0.250233 -0.314793
v 0.916933 -0.292713 -0.335758
v 0.909546 -0.030022 -0.094719
v 0.782593 -0.169426 -0.359820
v 0.953642 -0.252186 -0.306873
v 0.913240 -0.281975 -0.328554
v 0.786043 -0.163807 -0.348489
v 1.040497 -0.137932 -0.104516
v 0.906710 -0.030746 -0.104443
v 1.196199 0.285164 -0.076879
v 1.315027 0.152794 -0.078587
v 0.956299 0.021008 -0.089037
v 1.067717 -0.104530 -0.090742
v 2.649801 1.314583 -0.002126
v 2.455126 1.138313 -0.071880
v 2.796589 1.172005 -0.053716
v 2.601643 0.995007 -0.123779
v 2.665911 1.113411 0.529735
v 2.470964 0.936653 0.459673
v 2.812550 0.970104 0.477924
v 2.617634 0.793831 0.407986
v 2.636951 1.588020 -0.304533
v 2.321278 1.302380 -0.417764
v 2.914141 1.318489 -0.402120
v 2.598192 1.031868 -0.515732
v 2.645676 1.448616 0.033494
v 2.329975 1.162239 -0.079972
v 2.922750 1.178352 -0.064242
v 2.606890 0.892216 -0.177649
v 2.605244 1.688362 -0.282782
v 2.221361 1.340950 -0.420571
v 3.013264 1.290905 -0.426702
v 2.629322 0.943245 -0.564483
v 2.600206 1.770641 -0.481309
v 2.216356 1.423225 -0.619042
v 3.008137 1.373421 -0.625072
v 2.624195 1.025280 -0.763083
v 2.841450 0.969612 0.478131
v 2.615072 0.764294 0.396792
v 2.617878 0.721565 0.501399
v 2.844107 0.925911 0.582510
v 2.767595 0.922249 0.812611
v 2.537495 0.721081 0.732763
v 2.796589 1.172005 -0.053716
v 2.601643 0.995007 -0.123779
v 2.812550 0.970104 0.477924
v 2.617634 0.793831 0.407986
v 2.914141 1.318489 -0.402120
v 2.598192 1.031868 -0.515732
v 2.922750 1.178352 -0.064242
v 2.606890 0.892216 -0.177649
v 3.013264 1.290905 -0.426702
v 2.629322 0.943245 -0.564483
v 3.008137 1.373421 -0.625072
v 2.624195 1.025280 -0.763083
v 2.671040 1.135632 0.538200
v 2.444719 0.930305 0.456855
v 2.841450 0.969612 0.478131
v 2.615072 0.764294 0.396792
v 2.617878 0.721565 0.501399
v 2.844107 0.925911 0.582510
v 2.673693 1.091682 0.642467
v 2.767595 0.922249 0.812611
v 2.447439 0.887337 0.561461
v 2.537495 0.721081 0.732763
v -1.657591 -7.337879 0.589341
v -1.657591 -7.337879 1.726988
v -1.572813 -7.486073 0.096467
v -1.572813 -7.486073 0.571074
v -1.464170 -7.596180 0.077372
v -1.464170 -7.596180 -0.201465
v -1.980040 -7.270252 1.726988
v -1.639862 -7.380848 1.726988
v -1.639862 -7.380848 1.873743
v -1.810543 -7.325180 2.156437
v -1.906431 -7.043690 2.156437
v -1.531462 -6.949451 0.589341
v -1.531462 -6.949451 1.726988
v -1.368315 -6.856678 0.096467
v -1.368315 -6.856678 0.571074
v -1.215544 -6.831043 0.077372
v -1.215544 -6.831043 -0.201465
v -1.833525 -6.819324 1.726988
v -1.493317 -6.929924 1.726988
v -1.493317 -6.929924 1.873743
v -1.833525 -6.819324 1.873743
v -1.656399 -6.876938 2.156437
v -0.195862 -1.159168 -0.739718
v -0.011564 -1.289299 -0.769825
v -0.152494 -1.143299 -0.547068
v 0.031284 -1.273666 -0.578325
v -1.217098 -2.791977 -0.259475
v -1.092314 -2.925278 -0.256426
v -1.203032 -2.768787 0.186553
v -1.078243 -2.901840 0.189602
v -0.989380 -2.960682 -0.456369
v -1.222898 -2.688221 -0.274404
v -0.980619 -2.946033 -0.268524
v -1.816465 -3.353992 -0.211126
v -1.691587 -3.486809 -0.208105
v -1.802395 -3.330551 0.234902
v -1.677551 -3.463364 0.237922
v -1.695339 -3.622547 -0.399424
v -1.928864 -3.350086 -0.217460
v -1.686615 -3.607895 -0.211580
v -1.691587 -3.486809 -0.208105
v -1.677551 -3.463364 0.237922
v -1.616636 -3.406727 0.233028
v -1.741514 -3.273670 0.229994
v -1.686615 -3.607895 -0.211580
v 7.290075 6.713535 -0.057825
v 6.962196 6.111973 -0.124002
v 7.396732 6.654457 -0.051722
v 7.069159 6.053623 -0.117846
v 7.220282 6.676670 0.801426
v 6.892401 6.075352 0.735241
v 7.326973 6.617840 0.807530
v 6.999428 6.016762 0.741398
v 7.068367 6.169842 0.846737
v 6.961737 6.228676 0.840641
v 7.293037 6.555580 0.800671
v 7.186285 6.614418 0.794575
v 7.027014 6.067543 0.746960
v 6.920326 6.126381 0.740872
v 7.226873 6.460365 0.878735
v 7.120186 6.519199 0.872631
v 7.143501 6.312904 0.887203
v 7.036840 6.371738 0.881100
v 7.303505 6.519203 0.569958
v 7.082832 6.136147 0.529949
v 7.285591 6.519691 0.710034
v 7.066776 6.124672 0.666546
v 6.962196 6.111973 -0.124002
v 7.069159 6.053623 -0.117846
v 6.892401 6.075352 0.735241
v 6.999428 6.016762 0.741398
v 7.068367 6.169842 0.846737
v 6.961737 6.228676 0.840641
v 7.027014 6.067543 0.746960
v 6.920326 6.126381 0.740872
v 7.143501 6.312904 0.887203
v 7.036840 6.371738 0.881100
v 6.103394 7.302990 -0.359299
v 5.764648 7.449959 -0.102547
v 6.074490 7.279793 -0.084348
v 5.720913 6.595467 -0.459180
v 6.074490 7.279793 -0.084348
v 5.692017 6.572029 -0.184218
v -2.501766 -4.612782 -0.302606
v -2.707823 -4.479725 -0.167355
v -2.534908 -4.590809 -0.124695
v -2.907560 -5.262684 -0.299401
v -2.534908 -4.590809 -0.124695
v -2.940672 -5.240467 -0.121470
v -3.688290 -6.030991 -0.375419
v -4.011320 -6.638664 -0.389985
v -3.582212 -6.088123 -0.355910
v -3.904936 -6.695061 -0.370490
v -3.810606 -5.967030 0.476331
v -4.133635 -6.574451 0.461744
v -3.704496 -6.023914 0.495813
v -4.027159 -6.631092 0.481270
v -3.964872 -6.466297 0.571808
v -4.070951 -6.409172 0.552338
v -3.737913 -6.086906 0.494301
v -3.844114 -6.030018 0.474824
v -3.999998 -6.579578 0.482459
v -4.106140 -6.522694 0.462993
v -3.808712 -6.172596 0.578878
v -3.914852 -6.115711 0.559397
v -3.892393 -6.318592 0.599600
v -3.998503 -6.261707 0.580121
v -3.713318 -6.150135 0.270562
v -3.930996 -6.536854 0.262674
v -3.739773 -6.133041 0.408240
v -3.955383 -6.531971 0.398433
v -4.011320 -6.638664 -0.389985
v -3.904936 -6.695061 -0.370490
v -4.133635 -6.574451 0.461744
v -4.027159 -6.631092 0.481270
v -3.964872 -6.466297 0.571808
v -4.070951 -6.409172 0.552338
v -3.999998 -6.579578 0.482459
v -4.106140 -6.522694 0.462993
v -3.892393 -6.318592 0.599600
v -3.998503 -6.261707 0.580121
v -1.198507 -4.419933 -0.043442
v -1.559654 -4.927017 -0.018880
v -1.094994 -4.492687 -0.020714
v -1.456139 -4.999767 0.003817
v -1.294436 -4.305481 0.523977
v -1.655579 -4.812805 0.548542
v -1.190886 -4.378231 0.546708
v -1.552034 -4.885071 0.571226
v -1.179955 -4.382584 -0.304118
v -1.605976 -4.980480 -0.275177
v -0.996572 -4.511486 -0.263873
v -1.422600 -5.108898 -0.234963
v -1.209341 -4.349865 -0.066570
v -1.635368 -4.948257 -0.037609
v -1.025963 -4.478775 -0.026314
v -1.451958 -5.076920 0.002620
v -1.175863 -4.289562 -0.329103
v -1.693720 -5.016373 -0.293948
v -0.905787 -4.478531 -0.269884
v -1.423637 -5.205574 -0.234695
v -1.150902 -4.316662 -0.531075
v -1.668724 -5.043961 -0.495886
v -0.880821 -4.506119 -0.471817
v -1.398643 -5.233162 -0.436641
v -1.399569 -4.610168 0.755425
v -1.503084 -4.537659 0.732732
v -1.532349 -4.830139 0.657814
v -1.635866 -4.757385 0.635091
v -1.231478 -4.407532 0.637369
v -1.335054 -4.335022 0.614652
v -1.493195 -4.753479 0.723391
v -1.596710 -4.680969 0.700663
v -1.294127 -4.474426 0.709874
v -1.397707 -4.401913 0.687158
v -1.128748 -4.538589 0.000851
v -1.302851 -4.779556 0.012201
v -1.172905 -4.489758 0.357727
v -1.346979 -4.730728 0.369076
v 1.675533 -1.310272 -0.067644
v 1.119230 -1.906219 -0.177097
v 1.417049 -1.136200 0.300852
v 0.860533 -1.732632 0.191528
v 1.539246 -1.260216 0.354898
v 0.982815 -1.856903 0.245625
v 1.607904 -1.382294 -0.080986
v 1.172089 -1.849819 -0.166653
v 1.505096 -1.344936 0.237779
v 1.069241 -1.812222 0.152229
v 1.581966 -1.410370 -0.086109
v 1.201809 -1.817841 -0.160848
v 1.488857 -1.376678 0.202322
v 1.108732 -1.783657 0.127624
v 1.039429 -1.796597 0.256838
v 0.917049 -1.672089 0.202690
v 1.467499 -1.337368 0.340776
v 1.345181 -1.213345 0.286801
v 1.217709 -1.555630 0.405086
v 1.094753 -1.432583 0.350856
v 1.107662 -1.689178 0.346825
v 0.985380 -1.565399 0.292767
v 1.354185 -1.425014 0.395271
v 1.231964 -1.301231 0.341261
v 1.517546 -1.405972 0.076098
v 1.153717 -1.796104 0.004682
v 1.489618 -1.396210 0.162848
v 1.125790 -1.786343 0.091352
v 1.467190 -1.498016 -0.020589
v 1.260437 -1.719696 -0.061260
v 1.450100 -1.491913 0.032499
v 1.243284 -1.713837 -0.008096
v 1.553308 -1.185760 -0.121760
v 1.675533 -1.310272 -0.067644
v 1.417049 -1.136200 0.300852
v 1.539246 -1.260216 0.354898
v 0.996885 -1.782192 -0.231134
v 1.119230 -1.906219 -0.177097
v 0.860533 -1.732632 0.191528
v 0.982815 -1.856903 0.245625
v 0.982815 -1.856903 0.245625
v 1.039429 -1.796597 0.256838
v 0.917049 -1.672089 0.202690
v 1.882250 2.081325 1.266667
v -1.013760 -1.116405 -0.323078
v -1.222440 -0.947751 0.717573
v 1.882250 2.081325 -0.175444
v 5.976232 9.537714 1.689639
v -1.068357 -1.070452 -0.213216
v -1.027272 -1.107769 -0.217524
v 1.827267 2.127490 -0.098448
v 1.882728 2.081122 -0.114466
v 3.650803 5.213290 0.769415
v 3.803871 5.139512 -0.363256
v 3.752294 5.184210 -0.290482
v 3.806279 5.141622 -0.298542
v -2.065435 -2.075584 -0.377386
v -2.259794 -1.920407 0.713075
v -2.124561 -2.026359 -0.290060
v -2.078491 -2.067264 -0.289698
v -3.292330 -3.416964 -0.285867
v -3.385959 -3.347383 1.164932
v -3.358310 -3.362764 -0.212222
v -3.299689 -3.411538 -0.212048
v -5.939590 -7.012740 -0.214680
v -5.939590 -7.012740 1.395947
v -6.054558 -7.067811 -0.147180
v -5.937185 -7.014523 -0.140145
v -2.623096 -7.808565 0.111400
v -2.630907 -7.806856 1.350834
v -2.658607 -7.864956 0.198726
v -2.622240 -7.809225 0.198657
v 0.660809 -8.135299 0.282202
v 0.656323 -8.134566 1.657464
v 0.652290 -8.201992 0.369528
v 0.661664 -8.135958 0.369459
v -5.940266 -7.012569 -0.214680
v -5.940266 -7.012569 1.395947
v -2.638805 -7.819234 0.111400
v -2.646617 -7.817524 1.350834
v 0.645099 -8.145967 0.282202
v 0.640613 -8.145235 1.657464
v -6.054558 -7.067811 -0.251439
v -2.658607 -7.864956 0.074641
v 0.652290 -8.201992 0.245443
v -6.054558 -7.067811 -0.147180
v -2.658607 -7.864956 0.198726
v 0.652290 -8.201992 0.369528
v -4.433686 -7.248202 -0.056166
v -4.438188 -7.242595 -0.180041
v -4.333072 -7.273169 1.229842
v -4.386867 -7.200976 -0.142599
v -4.383515 -7.204762 -0.055463
v -4.433686 -7.248202 -0.056166
v -4.347392 -7.285578 1.229774
v -4.401186 -7.213386 -0.142666
v 0.794787 0.845951 0.913183
v 0.877984 0.954468 -0.256720
v 1.365280 1.501249 1.201818
v 1.306773 1.428297 0.633897
v 0.866789 0.941907 0.369197
v 1.087642 1.189719 0.419458
v -2.167203 -2.016354 0.147075
v -1.134764 -1.039060 0.076446
v -3.354488 -3.370770 0.607858
v 1.319307 1.443017 0.849987
v 1.027088 1.129355 0.182996
v 0.600436 0.675444 0.327098
v 0.380189 0.468189 0.871586
v 0.876397 0.952667 -0.175691
v -1.027272 -1.107769 -0.217524
v -2.078491 -2.067264 -0.289698
v -3.299689 -3.411538 -0.212048
v -0.324126 -0.025633 0.753174
v -0.231719 -0.068846 0.162612
v -4.580533 -5.178951 0.844854
v -4.477594 -4.933746 1.287375
v -5.056031 -5.781301 1.257665
v -4.953762 -5.693599 0.828595
v -4.527092 -5.047345 0.866131
v -4.799706 -5.482340 0.303389
v -4.764914 -5.433195 0.787888
v 8.714542 8.073383 2.124037
v 8.689182 8.038227 0.594782
v 8.735611 8.074224 0.660509
v 8.690443 8.037111 0.660563
v 6.066317 9.374018 0.193107
v 8.735611 8.074224 0.589609
v 8.735611 8.074224 0.660509
v 6.066312 9.381072 0.261610
v 6.091964 9.439474 0.266274
v 6.099451 9.435422 0.196379
v 6.091964 9.439474 0.266274
v 6.029851 9.392683 0.275310
v 8.689898 8.037408 0.660475
v -0.090323 -0.122064 -0.372241
v -0.102448 -0.119787 -0.332939
v -0.148921 -0.077118 -0.330456
v -5.850734 -6.989539 0.125428
v -5.911714 -7.085686 0.125446
v -5.946853 -6.928573 0.125426
v -6.007814 -7.024683 0.125444
v -5.891841 -6.998829 0.205765
v -5.920885 -7.044626 0.205774
v -5.937624 -6.969791 0.205764
v -5.966659 -7.015570 0.205773
v 6.124974 9.421082 0.510148
v 6.063994 9.324934 0.510166
v 6.028855 9.482046 0.510146
v 5.967894 9.385937 0.510164
v 6.083867 9.411791 0.590485
v 6.054823 9.365993 0.590494
v 6.038084 9.440828 0.590484
v 6.009049 9.395050 0.590493
v 5.982762 9.549970 1.688975
v 8.721073 8.085639 2.123373
v 8.696974 8.049367 0.659899
v 6.072843 9.393328 0.260946
vt -157.711578 0.041511
vt 63.346352 -1.236061
vt 116.257469 -0.910048
vt -25.910919 -29.998917
vt 1873.228760 -1.367815
vt 7114.865234 1.863803
vt 70075.312500 38925.378906
vt 1919.397949 -1.329243
vt 1899.277710 -0.998201
vt 19.585609 0.051969
vt 20.947767 0.047830
vt 0.443144 0.394871
vt 1.000000 0.000000
vt 1.000000 1.000000
vt 1.000000 0.084405
vt 1.000000 1.084405
vt 1.000000 0.000000
vt 1.000000 1.000000
vt 1.000000 0.000000
vt 1.000000 1.000000
vt 7.873322 0.942634
vt -2.294821 1.219617
vt 7.873322 1.215748
vt 1.000000 1.000000
vt 1.000000 1.000000
vt 1.000000 0.000000
vt 1.000000 1.000000
vt 1.000000 1.000000
vt 1.000000 0.000000
vt 1.014920 1.215431
vt 0.970561 1.215748
vt 1.240394 0.934086
vt 0.760259 0.934085
vt 0.760544 1.215748
vt 2.231687 1.215748
vt 1.303089 0.946431
vt 2.231402 0.934085
vt -0.160116 1.264655
vt 0.139218 0.940308
vt 0.139313 1.264675
vt -0.160165 0.940292
vt 0.474485 0.940068
vt 0.474528 1.264435
vt 5.196297 0.942634
vt 5.229226 1.215748
vt 1.000000 0.000000
vt 1.000000 0.062449
vt 1.000000 0.000000
vt 3.154476 0.942634
vt 3.166296 1.215748
vt 1.000000 0.000000
vt 1.000000 0.045312
vt 1.000000 0.045313
vt 1.000000 0.000000
vt 1.070051 0.942634
vt 1.049962 1.215748
vt 1.000000 0.000000
vt 1.000000 0.027707
vt 1.000000 0.027707
vt 1.000000 0.000000
vt -0.361439 0.942634
vt -0.426599 1.215748
vt 1.000000 0.015438
vt 1.000000 0.015424
vt 1.000000 0.022446
vt 1.000000 0.000000
vt 0.417810 1.215748
vt 0.431409 0.942634
vt 1.000000 0.000000
vt 1.000000 0.000000
vt 1.000000 1.000000
vt 1.000000 1.000000
vt 1.000000 1.000000
vt 1.000000 1.000000
vt 1.000000 0.000000
vt 1.000000 1.084405
vt 1.000000 0.000000
vt 1.000000 1.000000
vt 1.000000 0.084405
vt 1.000000 1.000000
vt 1.000000 1.000000
vt 1.000000 1.000000
vt 1.000000 1.000000
vt 1.304704 0.933472
vt 1.309563 1.234850
vt 1.000000 0.000000
vt 1.000000 0.000000
vt 1.000000 1.000000
vt 1.000000 1.000000
vt 1.000000 -0.011750
vt 4.344715 0.933472
vt 4.349574 1.234850
vt 0.608467 0.933472
vt 0.496019 1.234850
vt -2.295543 0.942634
vt 1.802283 0.942345
vt 1.440328 1.329559
vt 1.440030 0.942345
vt 1.000158 1.306375
vt 1.000009 0.944202
vt 1.802283 1.329320
vt 1.387926 0.944202
vt 1.388037 1.306131
vt 1.999861 0.944202
vt 2.000009 1.306159
vt 1.611610 0.944202
vt 1.611758 1.306399
vt 0.781747 0.940291
vt 0.781689 1.264658
vt 2.369056 0.933472
vt 2.373915 1.234850
vt 0.613326 1.234850
vt 0.649428 0.933472
vt 0.654288 1.234850
vt 0.497962 0.933472
vt 1.000000 0.083914
vt 1.000000 -0.000491
vt 1.000000 -0.000355
vt 1.000000 -0.000340
vt 1.000000 0.083595
vt 1.000000 -0.000810
vt 1.000000 -0.000670
vt 1.000000 -0.000668
vt 1.000000 -0.012639
vt 1.000000 -0.000830
vt 1.000000 0.001392
vt 1.000000 0.032981
vt 1.000000 0.000000
vt 1.686177 0.942634
vt 1.688403 1.215748
vt -1.282057 -2.346691
vt -1.235237 -2.210296
vt -1.793617 -2.307209
vt -0.203926 -2.517529
vt 4.959715 5.802301
vt 5.334320 5.786202
vt 5.046002 5.925737
vt 6.513278 5.274581
vt 5.375928 5.605594
vt 6.435177 5.147438
vt -2.101309 -2.379078
vt -1.869359 -2.074436
vt -2.235000 -1.881269
vt -2.466878 -2.185791
vt 1.198597 1.265952
vt 0.799047 0.726438
vt 1.319367 1.167121
vt 5.183743 6.007764
vt 4.803830 6.180837
vt 4.595772 5.864952
vt -2.098092 -2.276265
vt -1.934075 -2.293095
vt -2.020152 -2.120052
vt -0.268421 -2.649697
vt -1.664699 -2.166430
vt 1.727568 -2.811884
vt -1.806145 -2.152555
vt -2.019565 -2.068575
vt -0.747850 -0.383530
vt -2.177884 -2.013794
vt -2.435377 -2.179811
vt -2.108382 -2.352645
vt -2.108382 -2.352645
vt 1.792062 -2.679718
vt 5.250457 5.661930
vt 5.460778 5.729748
vt 4.754241 5.827300
vt 3.609020 3.773420
vt 4.911896 5.771204
vt 4.801267 6.176606
vt 5.181268 6.004012
vt 4.975487 5.691520
vt -2.435377 -2.179811
vt 0.039675 0.328204
vt 0.158953 0.228625
vt 0.669604 0.818502
vt -0.619201 -0.472606
vt 4.624475 5.868659
vt 4.964070 5.713527
vt 4.964070 5.713527
vt 5.150206 5.996567
vt 4.804955 6.152775
vt 4.804971 6.152775
vt 3.467190 3.850463
vt 5.150223 5.996567
vt 4.973045 5.687810
vt 4.593329 5.861242
vt 4.624455 5.868659
vt 2.322259 2.323798
vt 2.463469 2.246232
vt -2.235000 -1.881269
vt -2.227947 -1.907583
vt -1.900843 -2.080297
vt -1.900843 -2.080297
vt -2.227964 -1.907463
vt -1.869359 -2.074436
vt -2.101327 -2.379078
vt -2.466897 -2.185791
vt -5.009391 -0.001737
vt -5.009392 0.998263
vt -6.408527 -0.001737
vt -6.408518 0.998244
vt 0.038348 1.006131
vt 3.107209 2.000030
vt 0.038348 2.000030
vt 3.107209 1.006131
vt 3.107209 1.683709
vt 0.036992 1.681370
vt 3.107209 1.517972
vt 0.038348 1.517972
vt -31.791634 1.006131
vt -31.791634 2.000030
vt -33.891647 1.006131
vt -33.891647 2.000030
vt -4.070332 2.000030
vt 0.038348 1.006131
vt 1.522840 2.000030
vt 0.038348 2.000030
vt 1.522840 1.006131
vt 1.522840 1.517972
vt 0.038348 1.517972
vt 0.036992 1.681370
vt 1.522140 1.682502
vt 0.000000 0.000000
vt 1.000000 0.000000
vt 0.000000 1.000000
vt 1.000000 1.000000
vt 0.000000 0.000000
vt 1.000000 0.000000
vt 0.000000 1.000000
vt 1.000000 1.000000
vt 0.000000 0.000000
vt 1.000000 0.000000
vt 0.000000 1.000000
vt 1.000000 1.000000
vt 1.000000 0.000000
vt 1.000000 1.000000
vt 0.000000 0.000000
vt 0.000000 1.000000
vt 0.988547 0.531211
vt 1.000000 1.000000
vt 0.047723 0.539920
vt 0.038458 1.000000
vt 1.000000 0.000000
vt 1.000000 1.000000
vt 0.000000 0.000000
vt 0.000000 1.000000
vt 0.492239 1.000000
vt 0.507761 1.000000
vt 0.492019 0.000000
vt 0.885221 1.000000
vt 0.114779 1.000000
vt 0.092401 0.000000
vt 0.088858 1.000000
vt 0.911142 1.000000
vt 0.918941 0.000000
vt -5.009391 -0.001737
vt -5.009392 0.998263
vt -6.408527 -0.001737
vt -6.408518 0.998244
vt 0.104589 1.000000
vt 0.895411 1.000000
vt 0.901255 0.000000
vt 0.867721 1.000000
vt 0.132279 1.000000
vt 0.125918 0.000000
vt 0.501729 1.000000
vt 0.498271 1.000000
vt 0.499048 0.000000
vt 0.306976 1.000000
vt 0.693024 1.000000
vt 0.709522 0.000000
vt 0.709903 1.000000
vt 0.290097 1.000000
vt 0.280034 0.000000
vt 0.000000 0.000000
vt 1.000000 0.000000
vt 0.000000 1.000000
vt 1.000000 1.000000
vt 0.000000 0.000000
vt 1.000000 0.000000
vt 0.000000 1.000000
vt 1.000000 1.000000
vt 0.000000 0.000000
vt 1.000000 0.000000
vt 1.000000 0.000000
vt 0.000000 0.000000
vt 0.000000 0.000000
vt 1.000000 0.000000
vt 1.000000 0.000000
vt 0.000000 0.000000
vt 0.503382 1.000000
vt 0.496618 1.000000
vt 0.490664 0.000000
vt 0.139806 1.000000
vt 0.860194 1.000000
vt 0.859134 0.000000
vt 0.889946 1.000000
vt 0.110054 1.000000
vt 0.092340 0.000000
vt 0.298846 1.000000
vt 0.701154 1.000000
vt 0.689644 0.000000
vt 0.696265 1.000000
vt 0.303735 1.000000
vt 0.279567 0.000000
vt 0.000000 0.000000
vt 1.000000 0.000000
vt 0.000000 1.000000
vt 1.000000 1.000000
vt 0.001323 1.000000
vt 1.000000 1.000000
vt 0.000000 1.000000
vt 0.000000 1.000000
vt 0.000000 0.000000
vt 0.000000 0.520745
vt 1.000000 0.000000
vt 1.000000 0.498413
vt -0.000251 0.520844
vt 0.000000 0.552156
vt 1.000000 0.552156
vt 1.000000 0.955607
vt 0.000000 0.955607
vt 0.056474 0.799230
vt 0.481144 0.799230
vt 0.481144 0.950313
vt 0.056474 0.950313
vt 0.800533 1.000000
vt 0.269157 1.000000
vt 0.237535 0.000000
vt 0.646386 1.000000
vt 0.388459 1.000000
vt 0.364777 0.000000
vt 0.000000 0.000000
vt 0.000000 0.000000
vt 0.265846 1.000000
vt 0.843498 1.000000
vt 0.287556 0.901399
vt 0.108166 0.705848
vt 0.083601 0.520054
vt 1.000000 0.477936
vt 0.014843 0.477936
vt 0.854925 0.000000
vt 0.000000 0.422910
vt 0.081045 0.537895
vt 1.000000 0.499013
vt 0.014843 0.499013
vt 0.000000 0.453146
vt 0.846788 1.000000
vt 0.249940 1.000000
vt 0.858081 0.000000
vt 0.000000 0.000000
vt 0.000000 0.000000
vt 1.186894 1.269284
vt 0.186894 0.269284
vt -0.025568 0.000000
vt -0.025568 0.000000
vt 1.148245 1.212865
vt 0.148245 0.212865
vt -0.033587 0.000000
vt -0.033587 0.000000
vt 1.176919 1.275685
vt 0.176919 0.275685
vt 1.100982 1.158520
vt 0.100982 0.158520
vt -0.028230 0.000000
vt -0.028230 0.000000
vt 1.111257 1.136285
vt 0.111257 0.136285
vt 0.364777 0.000000
vt 0.507761 1.000000
vt 0.388459 1.000000
vt 0.237535 0.000000
vt 0.269157 1.000000
vt 0.092401 0.000000
vt 0.114779 1.000000
vt 0.492019 0.000000
vt 0.911142 1.000000
vt 0.918941 0.000000
vt 0.000000 0.000000
vt 1.000000 0.000000
vt 1.000000 1.000000
vt 0.000000 1.000000
vt 1.000000 1.000000
vt 0.038458 1.000000
vt 0.047723 0.539920
vt 0.988547 0.531211
vt 1.000000 0.000000
vt 1.000000 1.000000
vt 1.000000 1.000000
vt 0.646386 1.000000
vt 0.000000 1.000000
vt 0.492239 1.000000
vt 0.800533 1.000000
vt 0.000000 0.000000
vt 0.000000 1.000000
vt 0.000000 1.000000
vt 0.000000 0.000000
vt 1.000000 0.000000
vt 1.000000 1.000000
vt 0.496618 1.000000
vt 0.490664 0.000000
vt 0.701154 1.000000
vt 0.859134 0.000000
vt 1.000000 0.000000
vt 1.000000 1.000000
vt 0.000000 0.000000
vt 0.000000 0.000000
vt -0.025568 0.000000
vt -0.025568 0.000000
vt 0.000000 0.000000
vt 0.689644 0.000000
vt 1.000000 0.000000
vt 1.000000 0.000000
vt 0.860194 1.000000
vt 0.186894 0.269284
vt 1.186894 1.269284
vt 0.696265 1.000000
vt 0.298846 1.000000
vt 0.889946 1.000000
vt 1.000000 1.000000
vt 0.139806 1.000000
vt 0.000000 1.000000
vt 0.503382 1.000000
vt 0.000000 1.000000
vt 0.000000 0.000000
vt 1.000000 1.000000
vt 0.000000 1.000000
vt 0.000000 0.000000
vt 1.000000 0.000000
vt 0.000000 0.000000
vt 0.000000 0.000000
vt 1.000000 0.000000
vt 0.047723 0.539920
vt 0.988547 0.531211
vt 1.000000 1.000000
vt 0.038458 1.000000
vt 1.000000 0.000000
vt 1.000000 0.000000
vt 0.000000 0.000000
vt 1.000000 1.000000
vt 0.000000 1.000000
vt 1.000000 0.000000
vt 1.000000 1.000000
vt 0.000000 1.000000
vt 0.279567 0.000000
vt 0.303735 1.000000
vt 0.092340 0.000000
vt 0.110054 1.000000
vt -5.009392 0.998263
vt -6.408518 0.998244
vt -6.408527 -0.001737
vt -5.009391 -0.001737
vt 0.280034 0.000000
vt 0.499048 0.000000
vt 0.498271 1.000000
vt 0.125918 0.000000
vt 0.290097 1.000000
vt 0.132279 1.000000
vt 0.000000 0.000000
vt 0.000000 1.000000
vt 0.000000 0.000000
vt 1.000000 0.000000
vt 1.000000 1.000000
vt 0.000000 1.000000
vt 1.000000 1.000000
vt 0.867721 1.000000
vt 1.000000 1.000000
vt 0.104589 1.000000
vt 0.709903 1.000000
vt 1.000000 0.000000
vt 1.000000 1.000000
vt 1.000000 0.000000
vt -6.408527 -0.001737
vt -6.408518 0.998244
vt 0.000000 1.000000
vt 0.000000 0.000000
vt -5.009392 0.998263
vt -5.009391 -0.001737
vt 0.501729 1.000000
vt 0.306976 1.000000
vt 0.000000 1.000000
vt 0.000000 0.000000
vt 1.000000 0.000000
vt 0.895411 1.000000
vt 0.901255 0.000000
vt 0.709522 0.000000
vt 0.693024 1.000000
vt 0.000000 0.552156
vt 1.000000 0.552156
vt 1.000000 0.955607
vt 0.000000 0.955607
vt 0.056474 0.799230
vt 0.481144 0.799230
vt 0.481144 0.950313
vt 0.056474 0.950313
vt -8.765142 1.076048
vt -8.765142 1.076048
vt -8.765142 1.076048
vt -8.765142 1.076048
vt -8.765142 1.076048
vt -8.765142 1.076048
vt -8.754423 1.076048
vt -8.765142 1.076048
vt -8.765142 1.076048
vt -8.754423 1.076048
vt -8.765142 1.076048
vt -8.765142 1.076048
vt -8.765142 1.076048
vt -8.765142 1.076048
vt -8.765142 1.076048
vt 23.831270 1.024491
vt 40.593224 1.982980
vt 40.593224 1.025134
vt 23.831270 1.982336
vt 10.281123 1.981804
vt -6.751616 1.033776
vt -6.751121 1.991393
vt 10.281123 1.023958
vt 45.168831 1.983136
vt 45.168831 1.025290
vt 52.788250 1.983449
vt 52.788250 1.025604
vt 65.262924 1.984091
vt 65.262924 1.026245
vt 29.676228 1.982561
vt 29.554117 1.024710
vt 26.777241 1.982449
vt 26.944389 1.521226
vt 29.617908 1.525110
vt 28.359371 1.446558
vt 45.168831 1.570567
vt 40.593224 1.555389
vt 52.788250 1.661503
vt 26.880791 1.696718
vt 28.803566 1.289720
vt 31.196220 1.529465
vt 31.997768 1.982650
vt 29.562943 1.071620
vt 40.593224 1.076988
vt 45.168831 1.063284
vt 52.788250 1.074043
vt 35.172112 1.982771
vt 35.264484 1.540688
vt 58.903725 1.731245
vt 58.177483 1.983730
vt 61.049267 1.986573
vt 60.625618 1.689306
vt 58.515076 1.753392
vt 59.997120 1.356806
vt 59.750195 1.678282
vt 6.285948 1.993853
vt 10.280629 1.017368
vt 10.280629 1.993853
vt 6.285948 1.017368
vt 1.292619 1.993853
vt 1.292619 1.017368
vt -7.725864 1.993853
vt -7.725864 1.017368
vt 6.285948 1.993853
vt 10.260520 1.993853
vt 10.260520 1.017368
vt 6.285948 1.017368
vt 1.292619 1.017368
vt 1.292619 1.993853
vt -7.725864 1.993853
vt -7.725864 1.017368
vt -15.711186 1.981254
vt -15.711186 1.024113
vt -8.765142 1.076048
vt -8.765142 1.076048
vt -5.784643 1.981171
vt -5.780669 1.014617
vt -8.765142 1.076048
vt -8.765142 1.076048
vt -8.765142 1.076048
vt -8.765142 1.076048
vt -8.765142 1.076048
vt -8.765142 1.076048
vt -8.765142 1.076048
vt -15.711186 1.066332
vt -6.751121 1.077194
vt -5.780669 1.075893
vt 10.281123 1.075407
vt 35.261112 1.024930
vt 35.283333 1.074404
vt -8.765142 1.076048
vt -8.765142 1.076048
vt -2.101309 -2.379078
vt -1.869359 -2.074436
vt -2.235000 -1.881269
vt -2.466878 -2.185791
vt -2.235000 -1.881269
vt -1.869359 -2.074436
vt -2.101327 -2.379078
vt -2.466897 -2.185791
vt 70075.312500 38925.378906
vt 20.947767 0.047830
vt 1919.397949 -1.329243
vt 19.585609 0.051969
vt -2.101309 -2.379078
vt -1.869359 -2.074436
vt -2.235000 -1.881269
vt -2.466878 -2.185791
vt -2.235000 -1.881269
vt -1.869359 -2.074436
vt -2.101327 -2.379078
vt -2.466897 -2.185791
vt 70075.312500 38925.378906
vt 20.947767 0.047830
vt 1919.397949 -1.329243
vt 19.585609 0.051969
vt -6.751121 1.991393
vt -6.751121 1.077194
vt -15.711186 1.981254
vt -15.711186 1.066332
vt -8.765142 1.076048
vn -0.434691 -0.593044 0.677748
vn -0.400875 -0.553300 0.730176
vn 0.271244 0.636091 0.722367
vn 0.215940 0.637561 0.739517
vn -0.480798 -0.876831 0.000566
vn 0.280039 -0.959989 0.000457
vn -0.480798 -0.876831 0.000566
vn 0.280226 -0.959934 0.000457
vn 0.783803 0.229520 0.577038
vn -0.339969 -0.620008 0.707114
vn 0.228616 -0.783787 0.577419
vn 0.340346 0.622182 0.705020
vn 0.959354 0.282204 -0.000255
vn 0.280293 -0.959915 0.000010
vn 0.959383 0.282107 -0.000273
vn 0.280182 -0.959947 -0.000018
vn 0.959665 0.281148 -0.000244
vn 0.280037 -0.959989 0.000000
vn 0.959155 0.282880 -0.000344
vn 0.959043 0.283260 -0.000344
vn 0.944448 0.328400 0.013118
vn 0.209647 -0.977777 0.000623
vn 0.977553 0.210684 -0.001762
vn 0.221875 -0.975068 -0.003792
vn 0.535674 0.844425 -0.000544
vn -0.535691 -0.844414 0.000706
vn 0.975856 0.218417 0.000000
vn 0.218179 -0.975909 0.000000
vn 0.535625 0.844454 -0.001548
vn -0.535798 -0.844346 0.000000
vn 0.975888 0.218271 -0.000129
vn 0.218073 -0.975933 0.000000
vn 0.535651 0.844438 -0.001730
vn -0.535798 -0.844346 0.000000
vn 0.975840 0.218484 -0.000016
vn 0.218161 -0.975913 -0.000058
vn 0.535614 0.844463 0.000000
vn -0.535926 -0.844265 0.000143
vn 0.796810 0.178377 0.577300
vn 0.178294 -0.796774 0.577375
vn 0.378766 0.597199 0.707029
vn -0.378888 -0.596850 0.707259
vn 0.528838 0.848668 0.009666
vn -0.535725 -0.844392 0.000628
vn 0.878378 -0.477967 0.000159
vn 0.878420 -0.477890 -0.000341
vn 0.878706 -0.477363 0.000000
vn 0.579393 -0.410312 0.704235
vn 0.807043 -0.590474 -0.004667
vn 0.807083 -0.590433 -0.002282
vn 0.572650 -0.400017 0.715583
vn -0.047357 -0.109045 0.992908
vn 0.012303 0.017425 0.999772
vn -0.495827 -0.868384 -0.007979
vn -0.501074 -0.865402 0.001723
vn -0.500735 -0.865593 0.003480
vn -0.458843 -0.888495 0.006330
vn -0.459470 -0.888153 0.008459
vn -0.460852 -0.887477 0.000000
vn -0.480851 -0.876802 0.000137
vn -0.480853 -0.876801 0.000123
vn -0.480814 -0.876823 0.000000
vn -0.487916 -0.872870 -0.005918
vn -0.427932 -0.580658 0.692611
vn -0.483985 -0.874813 -0.021464
vn -0.474315 -0.880334 -0.006142
vn 0.246804 0.637918 0.729485
vn -0.467734 -0.883869 -0.001003
vn -0.418040 -0.579342 0.699719
vn -0.464996 -0.885123 0.018318
vn -0.471321 -0.881958 0.002514
vn 0.225520 0.647779 0.727684
vn -0.017660 -0.029904 0.999397
vn 0.624989 -0.386196 0.678411
vn 0.861562 -0.507621 -0.005551
vn 0.866617 -0.498910 -0.007964
vn 0.863143 -0.504958 -0.001188
vn -0.010457 -0.007005 0.999921
vn 0.566853 -0.427874 0.703989
vn 0.797153 -0.603701 0.009615
vn 0.803577 -0.595149 0.007930
vn 0.800770 -0.598970 0.001275
vn 0.011449 0.020755 0.999719
vn 0.500805 -0.485698 0.716444
vn 0.709880 -0.704120 -0.016920
vn 0.708263 -0.705939 -0.003735
vn 0.698161 -0.715911 -0.006489
vn 0.012044 0.021395 0.999699
vn 0.584963 -0.458397 0.669097
vn 0.762643 -0.646819 0.000978
vn 0.765317 -0.643589 0.009149
vn 0.761594 -0.631051 -0.147475
vn -0.007807 0.000608 0.999969
vn 0.513302 -0.519141 0.683384
vn 0.704817 -0.705576 -0.073462
vn 0.696860 -0.694416 0.179368
vn -0.126708 -0.991938 -0.002097
vn -0.119323 -0.763976 0.634116
vn -0.220117 -0.683506 0.695966
vn 0.063328 0.653852 0.753967
vn 0.080297 0.660960 0.746113
vn -0.122234 -0.992486 0.005404
vn -0.226478 -0.973988 0.007406
vn -0.212325 -0.977198 0.001036
vn -0.226614 -0.973985 0.000000
vn -0.120378 -0.992727 0.001787
vn -0.124544 -0.703359 0.699839
vn 0.060996 0.671006 0.738939
vn -0.123202 -0.992381 0.000649
vn -0.105827 -0.994380 0.002820
vn -0.107963 -0.722065 0.683349
vn -0.111007 -0.993706 0.015023
vn 0.044768 0.691171 0.721303
vn -0.106325 -0.994331 0.001271
vn -0.219976 -0.975505 0.000630
vn -0.226235 -0.651334 0.724281
vn -0.241190 -0.953433 0.181088
vn -0.245657 -0.955999 0.160368
vn 0.093384 0.728461 0.678693
vn 0.700570 -0.695969 0.157574
vn -0.089296 -0.625744 0.774900
vn 0.054352 0.786864 0.614729
vn -0.097132 -0.995271 0.001012
vn -0.097132 -0.995271 0.001012
vn -0.097096 -0.995275 0.000000
vn -0.124403 -0.992231 0.001419
vn -0.127971 -0.991778 -0.000601
vn 0.807040 -0.590480 -0.004450
vn 0.477328 0.878725 -0.000136
vn 0.477328 0.878725 -0.000136
vn 0.479736 0.877380 -0.007602
vn 0.475419 0.879759 -0.000566
vn 0.475419 0.879759 -0.000566
vn 0.492571 0.866561 0.080285
vn 0.450021 0.889742 0.076424
vn 0.477452 0.875106 0.078923
vn 0.455804 0.886747 0.076953
vn 0.495827 0.868384 0.007979
vn 0.501074 0.865402 -0.001723
vn 0.458843 0.888495 -0.006328
vn 0.459470 0.888153 -0.008457
vn 0.483985 0.874813 0.021464
vn 0.474315 0.880334 0.006142
vn 0.464996 0.885123 -0.018318
vn 0.471321 0.881958 -0.002514
vn 0.123430 0.992335 0.005975
vn 0.226478 0.973988 -0.007406
vn 0.212325 0.977198 -0.001036
vn 0.122511 0.992467 0.000146
vn 0.110980 0.993708 -0.015067
vn 0.106322 0.994331 -0.001273
vn 0.241190 0.953433 -0.181088
vn 0.245657 0.955999 -0.160368
vn 0.097132 0.995271 -0.001012
vn 0.097132 0.995271 -0.001012
vn 0.124411 0.992230 -0.001434
vn 0.126260 0.991994 0.002628
vn 0.175391 0.984424 -0.012119
vn 0.214786 0.976441 0.020714
vn 0.146280 0.989177 0.011451
vn 0.118941 0.992851 0.009992
vn 0.227943 0.973422 0.022188
vn 0.096821 0.995273 0.007529
vn 0.495953 -0.475509 0.726582
vn 0.732793 -0.680446 -0.002947
vn -0.095950 0.072551 0.992739
vn 0.730496 -0.682890 -0.006095
vn 0.731803 -0.681492 -0.005656
vn -0.018329 -0.029354 0.999401
vn -0.018293 -0.029454 0.999399
vn -0.018234 -0.029614 0.999395
vn -0.018196 -0.029718 0.999393
vn 0.521110 0.853108 -0.025538
vn 0.521198 0.853048 -0.025719
vn 0.521196 0.853048 -0.025745
vn 0.521005 0.853188 -0.024989
vn 0.521035 0.853158 -0.025373
vn 0.520814 0.853325 -0.024271
vn 0.521343 0.852938 -0.026438
vn 0.521201 0.853046 -0.025721
vn 0.521201 0.853046 -0.025724
vn 0.521198 0.853048 -0.025710
vn 0.521492 0.852823 -0.027188
vn 0.521206 0.853042 -0.025755
vn -0.776648 -0.269510 -0.569370
vn 0.030736 -0.922529 0.384702
vn -0.907597 -0.240988 -0.343792
vn 0.182756 -0.961183 0.206705
vn -0.171578 0.964969 -0.198485
vn 0.621057 0.271263 0.735326
vn -0.327967 0.944689 -0.000522
vn 0.779025 0.256546 0.572105
vn -0.568005 0.052547 0.821346
vn 0.182126 -0.965310 0.187102
vn -0.787941 -0.261103 -0.557651
vn 0.788538 0.260246 0.557208
vn -0.198440 0.959683 -0.199074
vn -0.562852 0.051940 0.824924
vn 0.610552 -0.039692 -0.790981
vn 0.174553 -0.967111 0.185005
vn -0.787449 -0.264397 -0.556792
vn 0.788210 0.265690 0.555099
vn -0.194464 0.960623 -0.198462
vn -0.562780 0.055064 0.824770
vn 0.610330 -0.044154 -0.790916
vn 0.438120 0.858302 0.267148
vn 0.442858 0.858837 0.257443
vn 0.435625 0.859624 0.266977
vn 0.445007 0.858674 0.254258
vn 0.439258 0.856474 0.271116
vn 0.445124 0.858678 0.254042
vn 0.438502 0.858411 0.266169
vn 0.442983 0.858775 0.257434
vn 0.435696 0.859569 0.267039
vn 0.444599 0.858481 0.255621
vn 0.440173 0.856864 0.268386
vn 0.444149 0.858358 0.256813
vn -0.787773 -0.264385 -0.556340
vn 0.033300 -0.924557 0.379586
vn -0.911124 -0.237720 -0.336663
vn 0.187338 -0.963338 0.192052
vn -0.187227 0.963390 -0.191901
vn 0.629183 0.264665 0.730809
vn -0.325863 0.945370 0.009427
vn 0.787832 0.263881 0.556496
vn -0.567160 0.053984 0.821837
vn 0.181888 -0.965279 0.187491
vn -0.787994 -0.261716 -0.557288
vn 0.787938 0.261257 0.557583
vn -0.199574 0.959303 -0.199771
vn -0.562609 0.056554 0.824787
vn 0.610907 -0.035239 -0.790917
vn 0.176356 -0.967134 0.183169
vn -0.788125 -0.263133 -0.556435
vn 0.787231 0.264950 0.556838
vn -0.195414 0.960793 -0.196700
vn -0.561641 0.053790 0.825630
vn 0.611245 -0.037422 -0.790556
vn 0.689268 -0.494972 0.529067
vn 0.689110 -0.495086 0.529167
vn 0.689236 -0.495007 0.529076
vn 0.689317 -0.495002 0.528975
vn 0.689203 -0.494988 0.529137
vn 0.689428 -0.494969 0.528862
vn 0.688982 -0.494985 0.529428
vn 0.689350 -0.494993 0.528940
vn 0.689404 -0.494960 0.528901
vn 0.689459 -0.494959 0.528830
vn 0.688445 -0.495037 0.530077
vn 0.689455 -0.494953 0.528842
vn 0.251203 0.459402 0.851966
vn -0.166935 -0.159243 0.973023
vn 0.726005 0.060694 0.685006
vn 0.345434 -0.498078 0.795358
vn 0.536394 0.616573 0.576298
vn -0.246976 -0.538822 0.805403
vn 0.903797 0.172297 0.391746
vn 0.266154 -0.771544 0.577825
vn 0.807243 -0.574088 -0.137045
vn 0.808132 -0.572973 -0.136473
vn 0.807295 -0.573861 -0.137686
vn 0.808089 -0.572857 -0.137212
vn 0.806602 -0.575207 -0.136126
vn 0.807011 -0.574239 -0.137778
vn 0.806713 -0.574543 -0.138257
vn 0.807344 -0.573684 -0.138141
vn 0.678159 -0.338119 0.652515
vn 0.220454 0.068938 0.972958
vn 0.782181 -0.314559 0.537815
vn 0.279755 0.160733 0.946521
vn 0.685041 -0.454275 0.569520
vn 0.135168 -0.048555 0.989632
vn -0.546609 -0.816074 0.187728
vn 0.809030 -0.572216 -0.134311
vn 0.202267 -0.978448 0.041555
vn 0.191066 0.197241 0.961556
vn -0.318219 -0.527435 0.787749
vn 0.772053 -0.318710 0.549871
vn 0.257814 -0.794800 0.549386
vn 0.045072 0.144687 0.988450
vn -0.054313 0.054026 0.997061
vn 0.325648 -0.166295 0.930752
vn 0.451183 -0.414264 0.790455
vn 0.031460 0.052315 0.998135
vn 0.031542 0.052351 0.998130
vn 0.505791 -0.479009 0.717444
vn 0.681998 -0.731175 0.016210
vn 0.683982 -0.729311 0.016539
vn 0.685429 -0.727952 0.016523
vn 0.684083 -0.729228 0.016045
vn 0.684199 -0.729137 0.015177
vn 0.685044 -0.728317 0.016413
vn 0.685981 -0.727431 0.016562
vn 0.684971 -0.728357 0.017626
vn 0.686539 -0.726983 0.012654
vn 0.497781 -0.784709 0.369384
vn -0.330203 -0.289423 0.898443
vn 0.666719 -0.417070 0.617688
vn 0.217847 0.226142 0.949422
vn 0.477561 -0.447252 0.756242
vn 0.027730 0.049136 0.998407
vn 0.292474 -0.628397 0.720816
vn -0.224830 -0.189728 0.955748
vn 0.669745 -0.276271 0.689286
vn 0.283587 0.287627 0.914795
vn 0.727318 0.680877 -0.086116
vn -0.727119 -0.681066 0.086290
vn 0.684812 -0.728296 0.024856
vn 0.684797 -0.728305 0.024987
vn 0.032062 0.144095 0.989044
vn -0.054250 0.055061 0.997008
vn 0.543573 -0.461226 0.701284
vn 0.622794 -0.623699 0.472363
vn 0.684394 -0.728902 0.017483
vn 0.684555 -0.728791 0.015735
vn 0.684414 -0.728889 0.017273
vn 0.684574 -0.728778 0.015525
vn 0.684829 -0.728517 0.016507
vn 0.684840 -0.728509 0.016398
vn 0.684830 -0.728516 0.016493
vn 0.684841 -0.728508 0.016384
vn -0.094610 0.510408 0.854712
vn -0.503322 -0.132970 0.853807
vn 0.415018 0.144713 0.898230
vn 0.046112 -0.426802 0.903168
vn 0.259153 0.674692 0.691108
vn -0.498349 -0.511241 0.700201
vn 0.683536 0.255942 0.683573
vn 0.066962 -0.722790 0.687816
vn 0.828209 -0.516087 0.218461
vn 0.828194 -0.516134 0.218402
vn 0.828219 -0.515960 0.218719
vn 0.828074 -0.516381 0.218276
vn 0.827200 -0.517199 0.219650
vn 0.827973 -0.517296 0.216485
vn 0.827954 -0.517883 0.215153
vn 0.826855 -0.517385 0.220508
vn 0.350993 -0.232275 0.907112
vn -0.138721 0.143400 0.979894
vn 0.625295 -0.183274 0.758563
vn -0.010251 0.336877 0.941493
vn 0.444915 -0.468857 0.763036
vn -0.307276 -0.115936 0.944532
vn 0.540368 0.841417 -0.004508
vn -0.541130 -0.840934 0.002922
vn 0.828304 -0.516111 0.218041
vn -0.542316 -0.840165 0.003984
vn -0.184334 0.249381 0.950700
vn -0.566633 -0.515178 0.643054
vn -0.032763 0.157008 0.987054
vn -0.465718 -0.591190 0.658485
vn 0.045122 0.291515 0.955502
vn -0.322508 -0.384245 0.865069
vn 0.378021 0.092336 0.921181
vn 0.032807 -0.549654 0.834748
vn 0.290073 0.607758 0.739248
vn -0.427000 -0.719239 0.548056
vn 0.748106 0.211103 0.629105
vn 0.167615 -0.864396 0.474051
vn 0.875538 -0.480353 0.051907
vn 0.875329 -0.480779 0.051492
vn 0.875297 -0.480876 0.051124
vn 0.875872 -0.479764 0.051726
vn 0.875690 -0.480071 0.051954
vn 0.876092 -0.479338 0.051941
vn 0.875641 -0.480140 0.052151
vn 0.875250 -0.480857 0.052103
vn 0.511783 -0.388643 0.766182
vn -0.106916 -0.088466 0.990325
vn 0.471214 0.873591 0.121638
vn -0.471366 -0.873252 -0.123473
vn 0.875462 -0.480536 0.051490
vn -0.470975 -0.873396 -0.123943
vn -0.136135 0.010116 0.990639
vn -0.455259 -0.671449 0.584718
vn -0.015762 -0.063576 0.997853
vn -0.376072 -0.712884 0.591917
vn 0.061221 0.372718 0.925923
vn -0.171435 -0.351600 0.920319
vn 0.597204 -0.193866 0.778308
vn 0.609078 -0.197856 0.768035
vn 0.308514 0.951220 0.000000
vn -0.309216 -0.950992 0.000000
vn 0.951170 -0.308667 0.000238
vn 0.951055 -0.309023 0.000248
vn 0.951249 -0.308426 -0.000066
vn 0.950972 -0.309276 -0.000068
vn 0.951246 -0.308432 0.000084
vn 0.950975 -0.309269 0.000089
vn 0.083681 0.435722 0.896183
vn -0.188533 -0.402277 0.895895
vn 0.641495 -0.208433 0.738268
vn 0.641859 -0.208548 0.737919
vn 0.183340 0.706648 0.683399
vn -0.272097 -0.679078 0.681774
vn 0.870690 -0.282898 0.402329
vn 0.853678 -0.277362 0.440798
vn 0.165064 0.718676 0.675469
vn -0.288880 -0.678489 0.675426
vn 0.804814 -0.261520 0.532806
vn 0.804340 -0.261364 0.533597
vn 0.309056 0.951044 0.000000
vn -0.308802 -0.951127 0.000000
vn 0.951050 -0.309038 0.000000
vn 0.951050 -0.309038 0.000000
vn 0.000000 0.000000 -1.000000
vn 0.000000 0.000000 -1.000000
vn 0.672464 -0.218544 -0.707128
vn 0.672509 -0.218558 -0.707082
vn 0.682113 -0.224749 0.695852
vn 0.886477 -0.445297 0.125973
vn 0.978705 -0.166144 0.120554
vn -0.492833 0.738968 0.459393
vn 0.171591 0.454045 0.874300
vn -0.488815 -0.863382 0.125026
vn 0.294402 -0.420890 0.858009
vn -0.206671 0.309888 0.928039
vn 0.057760 0.529362 0.846428
vn -0.432916 -0.150972 0.888702
vn 0.431621 0.186696 0.882524
vn 0.007471 -0.390076 0.920752
vn 0.531428 0.821611 0.206249
vn -0.588640 -0.744582 0.314803
vn 0.919365 0.268659 0.287384
vn 0.066251 -0.926586 0.370201
vn 0.016707 0.498281 0.866854
vn -0.425261 -0.121622 0.896862
vn 0.420054 0.175068 0.890453
vn 0.012080 -0.397201 0.917652
vn 0.290399 0.738719 0.608245
vn -0.568015 -0.476591 0.670984
vn 0.766584 0.221222 0.602834
vn 0.067716 -0.754201 0.653143
vn 0.298947 0.725948 0.619379
vn -0.558220 -0.479227 0.677297
vn 0.757539 0.224643 0.612919
vn 0.065294 -0.748302 0.660137
vn 0.579385 0.814184 -0.037648
vn -0.579122 -0.814280 0.039560
vn 0.979514 0.176198 0.097503
vn 0.160157 -0.975158 0.153026
vn 0.438982 -0.273678 0.855801
vn -0.123037 0.132265 0.983549
vn 0.153759 -0.777841 0.609362
vn -0.521909 -0.536920 0.662818
vn 0.799517 0.148759 0.581931
vn 0.353695 0.699707 0.620733
vn 0.251320 -0.556072 0.792226
vn -0.369324 -0.245957 0.896161
vn 0.634556 -0.029105 0.772328
vn 0.132172 0.463273 0.876304
vn 0.801658 -0.570879 0.177316
vn 0.801690 -0.570847 0.177278
vn 0.801699 -0.570838 0.177267
vn 0.801730 -0.570806 0.177228
vn 0.370403 0.702306 0.607921
vn -0.507652 -0.501329 0.700684
vn 0.483218 0.137694 0.864604
vn 0.081414 -0.427737 0.900229
vn 0.333344 0.681332 0.651666
vn -0.494203 -0.473727 0.728935
vn 0.743632 0.217893 0.632087
vn 0.065264 -0.711051 0.700105
vn 0.397195 -0.237493 0.886472
vn -0.088561 0.170592 0.981354
vn 0.657133 -0.219115 0.721224
vn 0.060387 0.368868 0.927518
vn 0.450619 -0.497187 0.741450
vn -0.259092 -0.064548 0.963693
vn 0.595106 0.801673 -0.056292
vn -0.594881 -0.801870 0.055859
vn 0.985049 0.155930 0.073236
vn 0.143919 -0.977905 0.151619
vn 0.382709 0.693263 0.610672
vn -0.518686 -0.510516 0.685812
vn 0.776095 0.216265 0.592373
vn 0.062289 -0.752459 0.655688
vn 0.191331 0.283190 0.939785
vn -0.311482 -0.263147 0.913090
vn 0.464495 0.012390 0.885489
vn -0.003590 -0.511464 0.859297
vn 0.457912 0.502421 0.733409
vn -0.499001 -0.538384 0.679073
vn 0.801625 0.022687 0.597396
vn -0.011473 -0.823633 0.567008
vn -0.671259 -0.740235 -0.038247
vn 0.998446 0.049479 0.025632
vn 0.048893 -0.998387 -0.028862
vn 0.441811 0.546535 0.711409
vn -0.535558 -0.531444 0.656312
vn 0.816970 0.020949 0.576300
vn 0.028489 -0.846844 0.531077
vn 0.671538 0.739977 0.038345
vn 0.102490 -0.850730 0.515513
vn 0.682989 -0.729437 0.038060
vn 0.702570 -0.710275 0.043653
vn 0.707850 -0.706318 0.007969
vn 0.007831 -0.939787 0.341670
vn -0.421718 -0.526841 0.737965
vn -0.679474 -0.699164 0.222450
vn 0.674458 -0.738160 -0.015009
vn -0.268531 -0.824857 0.497495
vn -0.681204 -0.690171 0.244182
vn -0.065575 -0.921030 0.383933
vn -0.370839 -0.462811 0.805161
vn -0.018329 -0.029354 0.999401
vn -0.018293 -0.029454 0.999399
vn -0.018234 -0.029614 0.999395
vn -0.018196 -0.029718 0.999393
vn 0.215496 -0.038008 0.975765
vn -0.336946 -0.536593 0.773650
vn 0.444135 -0.707610 0.549574
vn 0.444643 -0.707279 0.549590
vn 0.720063 0.655686 0.227124
vn -0.719324 -0.656343 -0.227569
vn 0.697313 -0.662875 -0.272674
vn 0.697681 -0.662629 -0.272330
vn 0.269520 0.018574 0.962816
vn -0.380694 -0.565166 0.731888
vn 0.478183 -0.724165 0.496916
vn 0.475013 -0.722880 0.501804
vn 0.491102 0.278272 0.825460
vn -0.580238 -0.677731 0.451669
vn 0.642356 -0.756713 0.121512
vn 0.631600 -0.759226 0.157027
vn 0.479143 0.300112 0.824836
vn -0.595825 -0.666451 0.448148
vn 0.593962 -0.759936 0.264019
vn 0.595971 -0.760397 0.258100
vn 0.719270 0.648060 0.250337
vn -0.719984 -0.647324 -0.250190
vn 0.697961 -0.654636 -0.290347
vn 0.697602 -0.655507 -0.289244
vn 0.697984 -0.654053 -0.291604
vn 0.697003 -0.656620 -0.288160
vn 0.675286 -0.736148 -0.045558
vn 0.679731 -0.731808 -0.049219
vn 0.611631 -0.765591 0.199445
vn 0.602044 -0.771015 0.207555
vn 0.460306 0.157206 0.873730
vn -0.475488 -0.685762 0.551037
vn 0.720532 0.655153 0.227175
vn -0.719680 -0.656064 -0.227248
vn 0.485864 0.190262 0.853075
vn -0.505722 -0.700201 0.503948
vn 0.639280 0.423284 0.641990
vn -0.664850 -0.733072 0.143453
vn 0.689813 0.529416 0.493839
vn -0.696088 -0.717876 0.010751
vn 0.719383 0.647785 0.250723
vn -0.719740 -0.647916 -0.249357
vn 0.719381 0.646441 0.254173
vn -0.719115 -0.649340 -0.247450
vn 0.719002 0.647250 0.253186
vn -0.719572 -0.649401 -0.245958
vn -0.719193 -0.648870 -0.248454
vn 0.718879 0.648098 0.251359
vn 0.719113 0.647547 0.252111
vn 0.718902 0.648841 0.249370
vn -0.718926 -0.648869 -0.249227
vn -0.718906 -0.648158 -0.251128
vn -0.196376 -0.604031 0.772388
vn -0.309216 -0.950992 0.000000
vn -0.204436 -0.629208 0.749869
vn -0.283368 -0.872143 0.398836
vn -0.297371 -0.915879 0.269698
vn -0.308802 -0.951127 0.000000
vn -0.309182 -0.951003 0.000000
vn -0.309182 -0.951003 0.000000
vn -0.309182 -0.951003 0.000233
vn -0.673583 -0.687955 0.270193
vn -0.844991 -0.287842 0.450708
vn 0.195437 0.602576 0.773761
vn 0.308514 0.951220 0.000000
vn 0.204257 0.628661 0.750376
vn 0.277130 0.853010 0.442237
vn 0.297495 0.915479 0.270916
vn 0.309056 0.951044 0.000000
vn 0.309167 0.951008 0.000000
vn 0.309167 0.951008 0.000000
vn 0.309167 0.951008 0.000041
vn 0.309167 0.951008 0.000040
vn 0.309167 0.951008 0.000104
vn 0.545385 0.816363 -0.190017
vn 0.546040 0.816067 -0.189409
vn 0.545932 0.816116 -0.189509
vn 0.546589 0.815818 -0.188898
vn 0.729462 0.681521 -0.058439
vn 0.729300 0.681686 -0.058537
vn 0.728968 0.682023 -0.058740
vn 0.728806 0.682188 -0.058838
vn 0.727061 0.681072 -0.086738
vn 0.727201 0.680965 -0.086398
vn 0.726944 0.681161 -0.087020
vn -0.727970 -0.683080 0.058827
vn -0.727950 -0.683103 0.058815
vn -0.728032 -0.683011 0.058863
vn -0.728012 -0.683034 0.058851
vn -0.727308 -0.680790 0.086882
vn -0.727034 -0.681191 0.086022
vn -0.727223 -0.680915 0.086614
vn -0.057209 -0.031006 0.997881
vn 0.031533 0.052348 0.998131
vn 0.031529 0.052347 0.998131
vn 0.031539 0.052350 0.998131
vn -0.057193 -0.030980 0.997882
vn -0.285390 0.958245 0.017886
vn -0.874566 0.482280 -0.050400
vn 0.958521 0.270600 0.089518
vn 0.874578 -0.482258 0.050416
vn -0.277280 0.753636 0.595943
vn -0.686136 0.302484 0.661604
vn 0.730409 0.197763 0.653752
vn 0.559100 -0.384275 0.734670
vn 0.857287 -0.492585 0.149726
vn -0.857610 0.492303 -0.148804
vn 0.735757 -0.241579 0.632693
vn -0.642222 0.536069 0.547888
vn 0.767629 -0.466608 0.439344
vn -0.845077 0.426327 0.322631
vn 0.618379 -0.072284 0.782548
vn -0.508656 0.565477 0.649234
vn 0.720475 -0.378284 0.581220
vn -0.795076 0.475587 0.376393
vn 0.856053 -0.504776 0.111237
vn 0.867754 -0.491937 0.070718
vn 0.859009 -0.501789 0.101547
vn 0.870245 -0.488799 0.061231
vn -0.474242 -0.877100 -0.076095
vn -0.474125 -0.877162 -0.076107
vn -0.475434 -0.876465 -0.075974
vn -0.475317 -0.876527 -0.075986
vn -0.269525 -0.397601 0.877080
vn -0.265368 -0.389666 0.881896
vn -0.358410 -0.573482 0.736655
vn -0.358310 -0.573474 0.736710
vn -0.160165 -0.189875 0.968656
vn -0.160155 -0.189874 0.968658
vn 0.471748 0.873171 0.122582
vn 0.471606 0.873283 0.122331
vn 0.472139 0.872862 0.123275
vn 0.875555 -0.480402 0.051158
vn 0.875487 -0.480500 0.051402
vn 0.875580 -0.480366 0.051070
vn 0.540730 0.841188 -0.003731
vn 0.540671 0.841225 -0.003857
vn 0.541033 0.840996 -0.003080
vn 0.828165 -0.516149 0.218481
vn 0.828280 -0.516118 0.218118
vn 0.828140 -0.516155 0.218559
vn -0.286283 0.951508 -0.112581
vn -0.869988 0.466377 -0.160039
vn 0.951130 0.286546 0.115076
vn 0.870006 -0.466347 0.160029
vn -0.313732 0.816394 0.484843
vn -0.725867 0.371618 0.578807
vn 0.688741 0.279155 0.669110
vn 0.514298 -0.289880 0.807135
vn 0.848194 -0.464210 0.255098
vn -0.847444 0.464705 -0.256685
vn 0.695977 -0.159687 0.700083
vn -0.674708 0.592147 0.440603
vn 0.739652 -0.405201 0.537333
vn -0.863777 0.454446 0.217643
vn 0.569003 0.025455 0.821942
vn -0.547699 0.634536 0.545334
vn 0.683541 -0.301774 0.664609
vn -0.816760 0.510800 0.268305
vn 0.847606 -0.481647 0.222668
vn 0.861730 -0.473639 0.181899
vn 0.851143 -0.479810 0.212928
vn 0.864795 -0.471634 0.172312
vn -0.468370 -0.883532 -0.000836
vn -0.468257 -0.883592 -0.000833
vn -0.469519 -0.882922 -0.000862
vn -0.469406 -0.882982 -0.000859
vn -0.323391 -0.294030 0.899425
vn -0.319124 -0.285119 0.903807
vn -0.403217 -0.485885 0.775456
vn -0.402633 -0.485791 0.775819
vn -0.219075 -0.075536 0.972780
vn -0.219137 -0.075545 0.972765
vn 0.057754 0.529364 0.846427
vn -0.432908 -0.150969 0.888707
vn 0.431620 0.186696 0.882524
vn 0.007469 -0.390072 0.920754
vn 0.531418 0.821617 0.206254
vn -0.588630 -0.744590 0.314804
vn 0.919360 0.268674 0.287388
vn 0.066249 -0.926590 0.370192
vn 0.016697 0.498288 0.866851
vn -0.425257 -0.121623 0.896864
vn 0.420052 0.175077 0.890452
vn 0.012076 -0.397201 0.917652
vn 0.290396 0.738722 0.608244
vn -0.568009 -0.476594 0.670987
vn 0.766582 0.221215 0.602840
vn 0.067719 -0.754201 0.653142
vn 0.298953 0.725947 0.619377
vn -0.558215 -0.479233 0.677298
vn 0.757538 0.224640 0.612922
vn 0.065296 -0.748300 0.660139
vn 0.579391 0.814180 -0.037637
vn -0.579115 -0.814285 0.039562
vn 0.979514 0.176193 0.097514
vn 0.160160 -0.975157 0.153027
vn 0.438934 -0.273643 0.855836
vn -0.123036 0.132267 0.983549
vn 0.153775 -0.777855 0.609340
vn -0.521903 -0.536925 0.662819
vn 0.799522 0.148753 0.581925
vn 0.353696 0.699704 0.620736
vn 0.251326 -0.556072 0.792224
vn -0.369319 -0.245959 0.896163
vn 0.634569 -0.029110 0.772318
vn 0.132184 0.463275 0.876301
vn 0.801668 -0.570869 0.177305
vn 0.801693 -0.570843 0.177274
vn 0.801701 -0.570835 0.177265
vn 0.801726 -0.570810 0.177234
vn 0.668787 -0.682077 0.295794
vn 0.669156 -0.681848 0.295489
vn -0.304854 0.111268 0.945877
vn -0.305608 0.110945 0.945671
vn 0.257957 -0.401669 0.878704
vn 0.669981 -0.681611 0.294163
vn 0.671206 -0.679569 0.296090
vn 0.670737 -0.679991 0.296182
vn 0.670968 -0.679587 0.296588
vn 0.671932 -0.679381 0.294870
vn 0.672322 -0.678383 0.296276
vn 0.671264 -0.679250 0.296687
vn 0.670970 -0.678612 0.298808
vn 0.672634 -0.678890 0.294400
vn 0.381011 -0.727974 0.569987
vn -0.598014 -0.257739 0.758914
vn 0.440534 -0.335979 0.832495
vn -0.120379 0.294210 0.948129
vn 0.217390 -0.370763 0.902926
vn -0.309120 0.107884 0.944884
vn 0.059706 -0.563804 0.823747
vn -0.522224 -0.148724 0.839740
vn 0.412841 -0.190897 0.890573
vn -0.050209 0.357807 0.932445
vn 0.671937 -0.680243 0.292865
vn 0.671843 -0.680247 0.293073
vn 0.671926 -0.680244 0.292890
vn 0.671832 -0.680247 0.293098
vn 0.671377 -0.680167 0.294323
vn 0.672358 -0.680112 0.292202
vn 0.671505 -0.680160 0.294046
vn 0.672486 -0.680104 0.291926
vn 0.677570 0.723213 0.133650
vn 0.677327 0.723497 0.133346
vn 0.676827 0.724079 0.132720
vn 0.676583 0.724363 0.132415
vn -0.676067 -0.724644 -0.133508
vn -0.675839 -0.724852 -0.133534
vn -0.676761 -0.724011 -0.133430
vn -0.676534 -0.724218 -0.133455
vn -0.305548 0.110970 0.945688
vn -0.305526 0.110980 0.945694
vn -0.305586 0.110955 0.945678
vn 0.812144 -0.583457 0.000000
vn 0.696360 -0.702462 0.147072
vn 0.688432 -0.697736 0.198055
vn 0.810893 -0.585032 0.013799
vn 0.182019 -0.975534 0.123298
vn 0.064091 -0.042894 0.997022
vn 0.067817 -0.039583 0.996912
vn 0.166865 -0.137684 0.976319
vn 0.161953 -0.140610 0.976729
vn 0.851982 -0.504587 0.139709
vn 0.864354 -0.502646 -0.015455
vn 0.077941 -0.091251 0.992773
vn 0.760197 -0.457179 0.461614
vn 0.696071 -0.697597 0.169833
vn 0.725715 -0.653591 0.214840
vn -0.006600 0.001372 0.999977
vn -0.008419 -0.002131 0.999962
vn 0.769340 -0.626782 0.123536
vn 0.810868 -0.581003 0.070199
vn 0.016606 0.024524 0.999561
vn 0.017016 0.024069 0.999565
vn 0.935393 0.353243 0.016123
vn 0.928469 0.371214 0.012031
vn -0.077673 0.041283 0.996124
vn -0.077917 0.040653 0.996131
vn 0.219997 0.975501 0.000107
vn 0.202829 0.979187 0.007297
vn -0.090452 0.060069 0.994088
vn -0.074911 0.050430 0.995914
vn 0.099017 0.995086 -0.000207
vn 0.099076 0.995080 -0.000333
vn -0.050682 0.008233 0.998681
vn -0.050658 0.008520 0.998680
vn -0.150235 -0.988424 -0.021145
vn -0.168930 -0.985628 0.000000
vn -0.219673 -0.975574 -0.000104
vn -0.202510 -0.979253 -0.007308
vn -0.099017 -0.995086 0.000207
vn -0.099076 -0.995080 0.000333
vn -0.107507 -0.994204 0.000000
vn -0.222730 -0.974880 -0.000626
vn -0.101273 -0.994859 0.000000
vn -0.107545 -0.994198 -0.001918
vn -0.209246 -0.977863 0.000000
vn -0.101273 -0.994859 0.000000
vn -0.228056 -0.973014 -0.035131
vn -0.208812 -0.977301 -0.035781
vn 0.220242 0.974945 0.031223
vn 0.205230 0.978017 0.036921
vn -0.090564 0.087741 0.992018
vn -0.068512 0.062587 0.995685
vn -0.224268 -0.974032 -0.031073
vn -0.209772 -0.977062 -0.036686
vn 0.687196 -0.726282 -0.016587
vn 0.744997 -0.667068 -0.000242
vn 0.750710 -0.660622 0.003546
vn 0.747152 -0.664634 -0.005012
vn 0.725750 -0.687820 -0.013817
vn 0.743411 -0.668595 -0.017916
vn 0.708568 -0.671028 0.218296
vn 0.674852 -0.676222 0.295462
vn 0.804007 -0.588391 0.085844
vn 0.755645 -0.654943 0.007148
vn 0.749202 -0.662326 -0.004518
vn 0.683279 -0.729812 -0.022462
vn 0.650270 -0.759464 0.019046
vn 0.733830 -0.679222 0.012293
vn 0.681490 -0.684599 0.258643
vn 0.693639 -0.693696 0.194040
vn 0.782068 -0.614898 0.101339
vn 0.633999 -0.756713 0.159469
vn 0.685186 -0.705859 0.179675
vn 0.815645 -0.573418 0.076912
vn 0.822543 -0.565706 0.058304
vn 0.814165 -0.575585 0.076407
vn 0.806922 -0.590451 0.015609
vn 0.760386 -0.461406 0.457075
vn 0.806774 -0.590727 -0.012553
vn 0.809491 -0.587131 0.001425
vn -0.465071 -0.884353 0.040353
vn -0.453029 -0.891473 -0.006439
vn -0.093362 0.111303 0.989391
vn -0.456584 -0.889570 0.013996
vn 0.373798 -0.922722 0.094131
vn 0.458855 0.888511 -0.000032
vn 0.458852 0.888513 0.000000
vn 0.226560 -0.787116 0.573690
vn 0.459072 0.888396 -0.002293
vn 0.459075 0.888394 -0.002328
vn -0.153324 -0.011564 0.988108
vn 0.263264 -0.267103 0.927010
vn -0.092223 0.113584 0.989239
vn 0.708464 -0.660391 0.248924
vn 0.585163 -0.540259 0.604735
vn 0.034125 -0.023804 0.999134
vn 0.864087 0.193793 0.464540
vn 0.193354 -0.864492 0.463969
vn 0.502046 0.791547 0.348430
vn -0.502569 -0.791708 0.347308
vn 0.641622 0.143232 0.753529
vn 0.143602 -0.641751 0.753349
vn 0.334469 0.527362 0.781038
vn -0.334883 -0.527533 0.780745
vn 0.864088 0.193796 0.464538
vn 0.193356 -0.864495 0.463963
vn 0.502038 0.791552 0.348430
vn -0.502570 -0.791709 0.347304
vn 0.641620 0.143240 0.753529
vn 0.143600 -0.641755 0.753346
vn 0.334458 0.527361 0.781043
vn -0.334886 -0.527534 0.780743
vn 0.478645 0.875536 -0.065845
vn 0.465071 0.884353 -0.040353
vn 0.459205 0.887838 -0.029567
vn 0.473334 0.879115 -0.055782
g fff08f90_00138_0051b44d_e28
f 109/112/109 97/94/97 127/115/127
f 26/99/26 22/106/22 24/107/24
f 133/109/133 20/43/20 19/42/19
f 127/115/127 126/93/126 109/112/109
f 112/113/112 114/114/114 126/93/126
f 109/112/109 126/93/126 114/114/114
f 118/85/118 114/114/114 112/113/112
f 104/111/104 118/85/118 103/110/103
f 103/110/103 118/85/118 117/84/117
f 103/110/103 124/92/124 104/111/104
f 124/92/124 103/110/103 123/91/123
f 117/84/117 118/85/118 112/113/112
f 7/38/7 6/39/6 8/40/8
f 22/106/22 26/99/26 44/100/44
f 19/42/19 132/108/132 133/109/133
f 23/105/23 43/102/43 25/103/25
f 43/102/43 23/105/23 21/104/21
f 6/39/6 7/38/7 5/41/5
f 149/112/149 157/115/157 146/94/146
f 157/115/157 149/112/149 156/93/156
f 150/113/150 156/93/156 151/114/151
f 149/112/149 151/114/151 156/93/156
f 153/85/153 150/113/150 151/114/151
f 148/111/148 147/110/147 153/85/153
f 147/110/147 152/84/152 153/85/153
f 147/110/147 148/111/148 155/92/155
f 155/92/155 154/91/154 147/110/147
f 152/84/152 150/113/150 153/85/153
g fff08f90_00138_0051b44d_e27
f 116/131/116 119/132/119 111/133/111
f 101/134/101 119/132/119 116/131/116
f 1/135/1 67/136/67 3/137/3
f 4/138/4 69/139/69 2/140/2
f 40/141/40 39/142/39 41/143/41
f 42/144/42 40/141/40 41/143/41
f 166/145/166 84/146/84 164/147/164
f 9/148/9 12/149/12 10/150/10
f 98/151/98 107/152/107 100/153/100
f 101/134/101 116/131/116 99/154/99
f 119/132/119 113/155/113 111/133/111
f 99/154/99 121/156/121 101/134/101
f 100/153/100 107/152/107 108/157/108
f 113/155/113 108/157/108 107/152/107
f 51/158/51 88/159/88 53/160/53
f 34/161/34 28/162/28 32/163/32
f 111/133/111 113/155/113 107/152/107
f 122/164/122 101/134/101 121/156/121
f 1/135/1 64/165/64 67/136/67
f 69/139/69 72/166/72 64/165/64
f 4/138/4 72/166/72 69/139/69
f 72/166/72 67/136/67 64/165/64
f 52/167/52 74/168/74 48/169/48
f 131/170/131 9/148/9 17/171/17
f 11/172/11 9/148/9 10/150/10
f 28/162/28 34/161/34 30/173/30
f 93/174/93 94/175/94 83/176/83
f 93/174/93 89/177/89 94/175/94
f 61/178/61 14/179/14 16/180/16
f 9/148/9 131/170/131 12/149/12
f 13/181/13 129/182/129 130/183/130
f 52/167/52 73/184/73 74/168/74
f 94/175/94 84/146/84 83/176/83
f 130/183/130 15/185/15 13/181/13
f 18/186/18 10/150/10 62/187/62
f 10/150/10 18/186/18 11/172/11
f 14/179/14 61/178/61 60/188/60
f 78/189/78 79/190/79 73/184/73
f 39/142/39 37/191/37 41/143/41
f 88/159/88 89/177/89 93/174/93
f 29/192/29 31/193/31 27/194/27
f 31/193/31 29/192/29 33/195/33
f 51/158/51 89/177/89 88/159/88
f 164/147/164 79/190/79 78/189/78
f 79/190/79 74/168/74 73/184/73
f 37/191/37 39/142/39 35/196/35
f 36/197/36 42/144/42 38/198/38
f 42/144/42 36/197/36 40/141/40
f 166/145/166 164/147/164 78/189/78
f 83/176/83 84/146/84 166/145/166
f 864/589/864 863/590/863 865/591/865
f 866/592/866 864/589/864 865/591/865
f 863/590/863 861/593/861 865/591/865
f 861/593/861 863/590/863 859/594/859
f 860/595/860 866/592/866 862/596/862
f 866/592/866 860/595/860 864/589/864
f 872/601/872 871/602/871 873/603/873
f 874/604/874 872/601/872 873/603/873
f 871/602/871 869/605/869 873/603/873
f 869/605/869 871/602/871 867/606/867
f 868/607/868 874/604/874 870/608/870
f 874/604/874 868/607/868 872/601/872
g fff08f90_00138_0051b44d_e29
f 21/96/21 24/97/24 22/98/22
f 24/97/24 21/96/21 23/101/23
f 19/42/19 8/40/8 6/39/6
f 8/40/8 19/42/19 20/43/20
f 71/30/71 65/31/65 66/32/66
f 54/33/54 66/32/66 65/31/65
f 70/36/70 71/30/71 66/32/66
f 58/35/58 71/30/71 70/36/70
f 58/35/58 70/36/70 57/37/57
f 54/33/54 65/31/65 55/34/55
f 120/68/120 85/55/85 86/56/86
f 86/56/86 85/55/85 167/129/167
f 91/62/91 90/61/90 120/68/120
f 91/62/91 120/68/120 96/67/96
f 49/22/49 128/95/128 91/62/91
f 96/67/96 120/68/120 86/56/86
f 46/23/46 76/45/76 75/44/75
f 46/23/46 75/44/75 45/21/45
f 80/49/80 75/44/75 76/45/76
f 81/50/81 80/49/80 76/45/76
f 167/129/167 80/49/80 81/50/81
f 128/95/128 90/61/90 91/62/91
f 145/30/145 143/32/143 142/31/142
f 138/33/138 142/31/142 143/32/143
f 144/36/144 143/32/143 145/30/145
f 141/35/141 144/36/144 145/30/145
f 141/35/141 140/37/140 144/36/144
f 138/33/138 139/34/139 142/31/142
f 168/130/168 167/129/167 81/50/81
f 86/56/86 167/129/167 168/130/168
g fff08f90_00138_0051b44d_e69
f 17/8/17 11/12/11 18/9/18
f 11/12/11 17/8/17 9/11/9
f 16/6/16 13/2/13 15/5/15
f 13/2/13 16/6/16 14/3/14
f 95/69/95 94/65/94 92/63/92
f 95/66/95 87/57/87 94/65/94
f 92/63/92 94/65/94 89/64/89
f 50/17/50 89/64/89 51/19/51
f 50/17/50 92/63/92 89/64/89
f 27/1/27 32/5/32 28/2/28
f 32/5/32 27/1/27 31/4/31
f 48/15/48 77/46/77 47/13/47
f 48/15/48 74/47/74 77/46/77
f 82/54/82 77/48/77 74/47/74
f 94/65/94 87/57/87 84/59/84
f 164/127/164 82/51/82 79/52/79
f 35/7/35 40/11/40 36/8/36
f 164/127/164 165/128/165 82/51/82
f 79/53/79 82/54/82 74/47/74
f 40/11/40 35/7/35 39/10/39
f 2/20/2 68/27/68 59/18/59
f 56/14/56 63/24/63 1/16/1
f 68/27/68 64/25/64 63/24/63
f 68/27/68 69/28/69 64/25/64
f 2/20/2 69/28/69 68/27/68
f 1/16/1 63/24/63 64/25/64
f 136/117/136 3/15/3 67/26/67
f 3/15/3 136/117/136 134/116/134
f 72/29/72 4/19/4 137/119/137
f 135/118/135 137/119/137 4/19/4
f 67/26/67 72/29/72 137/119/137
f 137/119/137 136/117/136 67/26/67
f 160/121/160 100/79/100 108/75/108
f 100/79/100 160/121/160 158/120/158
f 119/87/119 101/77/101 162/123/162
f 159/122/159 162/123/162 101/77/101
f 101/77/101 122/90/122 163/124/163
f 163/124/163 159/122/159 101/77/101
f 108/75/108 113/70/113 161/125/161
f 161/125/161 160/121/160 108/75/108
f 113/70/113 119/86/119 162/126/162
f 162/126/162 161/125/161 113/70/113
f 105/81/105 125/88/125 99/78/99
f 121/89/121 99/78/99 125/88/125
f 102/71/102 107/73/107 98/76/98
f 99/78/99 115/82/115 105/81/105
f 111/74/111 107/73/107 106/72/106
f 102/71/102 106/72/106 107/73/107
f 99/78/99 116/83/116 115/82/115
f 110/80/110 111/74/111 106/72/106
f 116/83/116 111/74/111 110/80/110
f 115/82/115 116/83/116 110/80/110
f 84/58/84 87/60/87 164/127/164
f 164/127/164 87/60/87 165/128/165
f 859/597/859 864/598/864 860/599/860
f 864/598/864 859/597/859 863/600/863
f 867/609/867 872/610/872 868/611/868
f 872/610/872 867/609/867 871/612/871
g fff08f90_00138_0051b44d_e9
f 171/200/171 172/202/172 170/201/170
f 170/201/170 169/199/169 171/200/171
f 508/258/508 509/260/509 507/259/507
f 507/259/507 506/257/506 508/258/508
f 718/452/718 717/453/717 719/450/719
f 454/258/454 455/260/455 453/259/453
f 453/259/453 452/257/452 454/258/454
f 719/450/719 720/451/720 718/452/718
g fff08f90_00138_0051b44d_e58
f 176/203/176 175/204/175 174/205/174
f 176/203/176 173/206/173 175/204/175
f 173/209/173 176/210/176 178/208/178
f 178/208/178 177/207/177 173/209/173
f 182/203/182 181/204/181 180/205/180
f 182/203/182 179/206/179 181/204/181
f 179/209/179 182/210/182 184/208/184
f 184/208/184 183/207/183 179/209/179
f 209/203/209 206/206/206 207/205/207
f 207/205/207 206/206/206 208/204/208
f 206/209/206 209/210/209 211/208/211
f 211/208/211 210/207/210 206/209/206
f 215/203/215 212/206/212 213/205/213
f 213/205/213 212/206/212 214/204/214
f 212/209/212 215/210/215 217/208/217
f 217/208/217 216/207/216 212/209/212
f 250/222/250 249/223/249 245/220/245
f 245/220/245 248/221/248 250/222/250
f 248/216/248 245/219/245 247/217/247
f 248/216/248 247/217/247 246/218/246
f 244/222/244 243/223/243 239/220/239
f 239/220/239 242/221/242 244/222/244
f 242/216/242 239/219/239 241/217/241
f 242/216/242 241/217/241 240/218/240
g fff08f90_00138_0051b44d_e6
f 226/215/226 219/205/219 223/214/223
f 226/215/226 224/212/224 220/204/220
f 224/212/224 222/211/222 218/206/218
f 218/206/218 220/204/220 224/212/224
f 225/213/225 222/211/222 224/212/224
f 225/213/225 224/212/224 223/214/223
f 253/224/253 251/225/251 255/227/255
f 255/227/255 257/226/257 253/224/253
f 264/242/264 266/243/266 262/239/262
f 262/239/262 260/238/260 264/242/264
f 263/240/263 264/242/264 260/238/260
f 260/238/260 259/240/259 263/240/263
f 265/241/265 263/240/263 259/236/259
f 259/236/259 261/237/261 265/241/265
f 261/241/261 262/243/262 266/243/266
f 266/243/266 265/241/265 261/241/261
f 258/227/258 256/226/256 252/224/252
f 252/224/252 254/225/254 258/227/258
f 463/227/463 461/226/461 457/224/457
f 457/224/457 459/225/459 463/227/463
f 353/224/353 355/225/355 359/227/359
f 359/227/359 357/226/357 353/224/353
f 202/214/202 205/215/205 203/212/203
f 205/215/205 202/214/202 200/205/200
f 205/215/205 201/204/201 203/212/203
f 202/214/202 203/212/203 204/215/204
f 204/215/204 200/205/200 202/214/202
f 204/215/204 203/212/203 201/204/201
f 196/214/196 199/215/199 197/212/197
f 199/215/199 196/214/196 194/205/194
f 199/215/199 195/204/195 197/212/197
f 196/214/196 197/212/197 198/215/198
f 198/215/198 194/205/194 196/214/196
f 198/215/198 197/212/197 195/204/195
f 190/214/190 191/212/191 193/215/193
f 192/213/192 190/214/190 186/205/186
f 186/205/186 188/203/188 192/213/192
f 193/215/193 186/205/186 190/214/190
f 193/215/193 191/212/191 187/204/187
f 191/212/191 189/211/189 185/206/185
f 185/206/185 187/204/187 191/212/191
f 192/213/192 189/211/189 191/212/191
f 192/213/192 191/212/191 190/214/190
f 225/213/225 223/214/223 219/205/219
f 223/214/223 224/212/224 226/215/226
f 231/215/231 230/212/230 228/204/228
f 231/215/231 227/205/227 229/214/229
f 229/214/229 230/212/230 231/215/231
f 232/215/232 228/204/228 230/212/230
f 232/215/232 229/214/229 227/205/227
f 229/214/229 232/215/232 230/212/230
f 237/215/237 236/212/236 234/204/234
f 237/215/237 233/205/233 235/214/235
f 235/214/235 236/212/236 237/215/237
f 238/215/238 234/204/234 236/212/236
f 238/215/238 235/214/235 233/205/233
f 235/214/235 238/215/238 236/212/236
f 337/243/337 336/241/336 332/241/332
f 332/241/332 333/243/333 337/243/337
f 330/236/330 332/237/332 336/241/336
f 336/241/336 334/240/334 330/236/330
f 331/238/331 330/240/330 334/240/334
f 334/240/334 335/242/335 331/238/331
f 333/239/333 331/238/331 335/242/335
f 335/242/335 337/243/337 333/239/333
f 326/227/326 328/226/328 324/224/324
f 324/224/324 322/225/322 326/227/326
f 458/224/458 456/225/456 460/227/460
f 460/227/460 462/226/462 458/224/458
f 219/205/219 221/203/221 225/213/225
f 366/258/366 364/257/364 360/244/360
f 360/244/360 362/245/362 366/258/366
f 362/258/362 363/260/363 367/260/367
f 367/260/367 366/258/366 362/258/362
f 363/247/363 361/246/361 365/259/365
f 365/259/365 367/260/367 363/247/363
f 354/224/354 352/225/352 356/227/356
f 356/227/356 358/226/358 354/224/354
g fff08f90_00138_0051b44d_e5
f 335/242/335 334/240/334 336/241/336
f 336/241/336 337/243/337 335/242/335
f 340/251/340 332/237/332 328/237/328
f 332/237/332 338/248/338 333/239/333
f 324/229/324 328/231/328 332/237/332
f 332/237/332 330/236/330 324/229/324
f 325/228/325 324/236/324 330/236/330
f 330/236/330 331/238/331 325/228/325
f 329/230/329 325/228/325 331/238/331
f 331/238/331 333/239/333 329/230/329
f 338/248/338 342/254/342 333/239/333
f 338/248/338 332/237/332 340/251/340
f 342/254/342 329/239/329 333/239/333
f 359/230/359 355/228/355 361/246/361
f 358/264/358 359/261/359 363/247/363
f 359/261/359 358/273/358 368/267/368
f 362/245/362 360/244/360 354/229/354
f 354/229/354 358/231/358 362/245/362
f 362/245/362 358/264/358 363/247/363
f 366/258/366 367/260/367 365/259/365
f 459/242/459 458/240/458 466/241/466
f 466/241/466 468/243/468 459/242/459
f 459/238/459 468/239/468 463/230/463
f 466/237/466 464/248/464 468/239/468
f 458/229/458 462/231/462 466/237/466
f 267/248/267 271/254/271 262/239/262
f 267/248/267 261/237/261 269/251/269
f 271/254/271 258/239/258 262/239/262
f 234/204/234 238/215/238 233/205/233
f 234/204/234 233/205/233 237/215/237
f 228/204/228 232/215/232 227/205/227
f 228/204/228 227/205/227 231/215/231
f 221/213/221 220/212/220 218/211/218
f 221/213/221 219/214/219 220/212/220
f 220/204/220 219/205/219 226/215/226
f 365/259/365 364/257/364 366/258/366
f 361/246/361 363/247/363 359/230/359
f 201/204/201 205/215/205 200/205/200
f 201/204/201 200/205/200 204/215/204
f 195/204/195 199/215/199 194/205/194
f 195/204/195 194/205/194 198/215/198
f 188/213/188 187/212/187 185/211/185
f 188/213/188 186/214/186 187/212/187
f 187/204/187 186/205/186 193/215/193
f 264/242/264 263/240/263 265/241/265
f 265/241/265 266/243/266 264/242/264
f 269/251/269 261/237/261 257/237/257
f 261/237/261 267/248/267 262/239/262
f 253/229/253 257/231/257 261/237/261
f 261/237/261 259/236/259 253/229/253
f 254/228/254 253/236/253 259/236/259
f 259/236/259 260/238/260 254/228/254
f 258/230/258 254/228/254 260/238/260
f 260/238/260 262/239/262 258/230/258
g fff08f90_00138_0051b44d_e0
f 744/454/744 740/455/740 739/456/739
f 695/416/695 684/406/684 683/417/683
f 305/275/305 301/269/301 300/268/300
f 299/266/299 305/275/305 304/274/304
f 684/406/684 695/416/695 696/407/696
f 709/415/709 714/412/714 710/404/710
f 486/276/486 488/277/488 492/279/492
f 351/224/351 324/235/324 325/234/325
f 709/415/709 713/403/713 714/412/714
f 709/415/709 710/404/710 690/406/690
f 503/348/503 502/346/502 485/227/485
f 686/406/686 696/407/696 698/407/698
f 345/276/345 347/277/347 351/279/351
f 492/279/492 490/278/490 486/276/486
f 692/408/692 702/413/702 694/414/694
f 351/279/351 349/278/349 345/276/345
f 702/413/702 692/408/692 700/411/700
f 713/403/713 708/402/708 714/412/714
f 699/410/699 700/411/700 692/408/692
f 692/408/692 691/409/691 699/410/699
f 696/407/696 686/405/686 684/406/684
f 710/404/710 688/405/688 690/406/690
f 707/401/707 708/402/708 713/403/713
f 676/382/676 675/383/675 673/380/673
f 673/380/673 674/381/674 676/382/676
f 679/378/679 678/377/678 680/379/680
f 662/375/662 666/373/666 665/374/665
f 678/377/678 677/371/677 682/370/682
f 677/371/677 678/377/678 679/378/679
f 662/375/662 665/374/665 661/376/661
f 666/373/666 668/370/668 667/372/667
f 666/373/666 667/372/667 665/374/665
f 682/370/682 677/371/677 681/372/681
f 430/355/430 419/235/419 418/354/418
f 419/235/419 430/355/430 431/224/431
f 632/227/632 631/226/631 629/224/629
f 299/266/299 304/274/304 298/265/298
f 629/224/629 630/225/630 632/227/632
f 635/255/635 634/250/634 636/256/636
f 618/253/618 622/330/622 621/329/621
f 634/250/634 633/249/633 638/333/638
f 633/249/633 634/250/634 635/255/635
f 618/253/618 621/329/621 617/252/617
f 299/266/299 298/265/298 284/232/284
f 304/274/304 305/275/305 300/268/300
f 622/330/622 624/333/624 623/332/623
f 622/330/622 623/332/623 621/329/621
f 298/265/298 286/234/286 284/232/284
f 595/224/595 596/225/596 598/227/598
f 543/227/543 515/226/515 511/224/511
f 511/224/511 541/225/541 543/227/543
f 444/296/444 449/303/449 445/297/445
f 444/296/444 448/302/448 449/303/449
f 547/279/547 523/278/523 519/276/519
f 519/276/519 545/277/545 547/279/547
f 525/224/525 512/235/512 513/234/513
f 512/234/512 525/224/525 524/224/524
f 529/284/529 528/285/528 520/281/520
f 520/281/520 521/280/521 529/284/529
f 442/293/442 443/294/443 448/302/448
f 445/297/445 423/233/423 425/235/425
f 551/290/551 527/287/527 531/291/531
f 527/287/527 551/290/551 549/286/549
f 556/312/556 561/318/561 560/317/560
f 556/312/556 560/317/560 553/308/553
f 553/308/553 555/235/555 556/312/556
f 485/227/485 483/226/483 503/348/503
f 377/224/377 354/235/354 355/234/355
f 354/234/354 377/224/377 376/224/376
f 377/279/377 375/278/375 371/276/371
f 371/276/371 373/277/373 377/279/377
f 499/343/499 505/351/505 504/349/504
f 760/464/760 759/465/759 757/462/757
f 499/343/499 504/349/504 494/337/494
f 638/333/638 633/249/633 637/332/637
f 434/357/434 435/287/435 427/276/427
f 490/335/490 478/232/478 489/224/489
f 279/279/279 277/278/277 273/276/273
f 273/276/273 275/277/275 279/279/279
f 324/234/324 351/224/351 350/224/350
f 427/276/427 426/356/426 434/357/434
f 279/224/279 253/235/253 254/234/254
f 253/234/253 279/224/279 278/224/278
f 444/296/444 445/297/445 425/235/425
f 431/224/431 421/233/421 419/235/419
f 498/341/498 500/344/500 479/224/479
f 421/235/421 431/224/431 433/224/433
f 427/276/427 437/286/437 429/277/429
f 437/286/437 427/276/427 435/287/435
f 448/302/448 443/294/443 449/303/449
f 307/276/307 599/277/599 601/279/601
f 313/224/313 282/235/282 283/234/283
f 282/234/282 313/224/313 312/224/312
f 563/227/563 383/226/383 379/224/379
f 379/224/379 562/225/562 563/227/563
f 601/279/601 600/278/600 307/276/307
f 477/279/477 475/278/475 471/276/471
f 471/276/471 473/277/473 477/279/477
f 598/227/598 597/226/597 595/224/595
f 479/334/479 478/232/478 490/335/490
f 565/279/565 395/278/395 391/276/391
f 391/276/391 564/277/564 565/279/565
f 738/457/738 744/454/744 743/458/743
f 738/457/738 743/458/743 737/459/737
f 738/457/738 737/459/737 723/460/723
f 743/458/743 744/454/744 739/456/739
f 567/290/567 399/287/399 403/291/403
f 399/287/399 567/290/567 566/286/566
f 737/459/737 725/461/725 723/460/723
f 757/462/757 758/463/758 760/464/760
f 570/312/570 571/318/571 415/317/415
f 570/312/570 415/317/415 568/308/568
f 568/308/568 569/235/569 570/312/570
f 410/311/410 412/309/412 414/316/414
f 479/224/479 481/225/481 498/341/498
f 558/315/558 559/316/559 557/313/557
f 558/315/558 557/313/557 554/234/554
f 554/234/554 552/232/552 558/315/558
g fff08f90_00138_0051b44d_e2
f 400/285/400 401/284/401 405/288/405
f 405/288/405 404/289/404 400/285/400
f 298/264/298 290/245/290 286/245/286
f 280/232/280 312/224/312 310/224/310
f 312/224/312 280/234/280 282/232/282
f 312/283/312 313/282/313 309/280/309
f 309/280/309 308/281/308 312/283/312
f 396/283/396 397/282/397 393/280/393
f 393/280/393 392/281/392 396/283/396
f 387/238/387 389/239/389 385/230/385
f 385/230/385 381/228/381 387/238/387
f 386/236/386 387/238/387 381/228/381
f 381/228/381 380/236/380 386/236/386
f 388/237/388 386/236/386 380/229/380
f 380/229/380 384/231/384 388/237/388
f 296/261/296 298/264/298 304/273/304
f 282/229/282 286/231/286 290/245/290
f 290/245/290 288/244/288 282/229/282
f 384/237/384 385/239/385 389/239/389
f 389/239/389 388/237/388 384/237/384
f 397/224/397 380/235/380 381/234/381
f 380/234/380 397/224/397 396/224/396
f 401/284/401 400/285/400 392/281/392
f 392/281/392 393/280/393 401/284/401
f 387/242/387 386/240/386 388/241/388
f 388/241/388 389/243/389 387/242/387
f 275/280/275 274/281/274 278/283/278
f 435/287/435 441/290/441 437/286/437
f 726/482/726 722/483/722 728/477/728
f 739/480/739 741/481/741 735/469/735
f 735/469/735 743/470/743 739/480/739
f 754/462/754 753/463/753 755/464/755
f 755/464/755 756/465/756 754/462/754
f 733/478/733 731/479/731 727/473/727
f 727/473/727 729/468/729 733/478/733
f 729/478/729 730/475/730 734/475/734
f 734/475/734 733/478/733 729/478/729
f 730/476/730 728/477/728 732/474/732
f 732/474/732 734/475/734 730/476/730
f 728/477/728 730/476/730 726/482/726
f 732/474/732 731/479/731 733/478/733
f 729/468/729 727/473/727 721/471/721
f 721/471/721 725/472/725 729/468/729
f 735/469/735 737/467/737 743/470/743
f 733/478/733 734/475/734 732/474/732
f 735/469/735 726/476/726 730/476/730
f 737/467/737 735/469/735 730/476/730
f 729/468/729 737/467/737 730/476/730
f 737/467/737 729/468/729 725/468/725
f 690/444/690 688/445/688 684/407/684
f 684/407/684 686/443/686 690/444/690
f 698/441/698 696/442/696 692/408/692
f 692/408/692 694/414/694 698/441/698
f 706/439/706 700/411/700 704/440/704
f 700/411/700 706/439/706 702/413/702
f 694/429/694 693/438/693 697/427/697
f 689/436/689 690/437/690 686/434/686
f 686/434/686 685/435/685 689/436/689
f 586/279/586 587/278/587 585/276/585
f 585/276/585 584/277/584 586/279/586
f 709/422/709 711/420/711 713/419/713
f 701/411/701 699/413/699 691/414/691
f 683/426/683 697/407/697 695/407/695
f 706/432/706 705/433/705 701/430/701
f 701/430/701 702/431/702 706/432/706
f 691/414/691 693/408/693 701/411/701
f 697/427/697 698/428/698 694/429/694
f 697/407/697 683/425/683 685/426/685
f 689/421/689 711/420/711 709/422/709
f 707/424/707 713/419/713 715/418/715
f 642/280/642 372/281/372 643/283/643
f 643/283/643 644/282/644 642/280/642
f 376/224/376 352/234/352 354/232/354
f 352/232/352 376/224/376 374/224/374
f 689/421/689 709/422/709 690/423/690
f 715/418/715 713/419/713 711/420/711
f 662/390/662 664/392/664 668/391/668
f 661/390/661 665/394/665 667/391/667
f 661/390/661 667/391/667 663/392/663
f 652/395/652 656/396/656 664/392/664
f 654/395/654 663/392/663 658/396/658
f 651/388/651 662/390/662 655/389/655
f 652/386/652 662/384/662 651/387/651
f 662/384/662 652/386/652 664/385/664
f 662/390/662 668/391/668 666/394/666
f 667/391/667 659/393/659 663/392/663
f 668/391/668 664/392/664 660/393/660
f 653/388/653 657/389/657 661/390/661
f 654/386/654 653/387/653 661/384/661
f 661/384/661 663/385/663 654/386/654
f 648/280/648 346/281/346 649/283/649
f 649/283/649 650/282/650 648/280/648
f 350/224/350 322/234/322 324/232/324
f 322/232/322 350/224/350 348/224/348
f 618/237/618 620/239/620 624/331/624
f 617/237/617 621/328/621 623/331/623
f 617/237/617 623/331/623 619/239/619
f 608/238/608 612/230/612 620/239/620
f 412/314/412 411/312/411 409/235/409
f 408/309/408 412/314/412 409/235/409
f 378/232/378 576/224/576 394/224/394
f 576/224/576 378/234/378 573/232/573
f 390/277/390 575/276/575 577/287/577
f 577/287/577 398/286/398 390/277/390
f 252/352/252 251/232/251 277/353/277
f 276/224/276 277/353/277 251/232/251
f 375/224/375 355/233/355 353/235/353
f 355/235/355 375/224/375 377/224/377
f 474/279/474 476/278/476 472/276/472
f 472/276/472 470/277/470 474/279/474
f 353/233/353 374/224/374 375/224/375
f 374/224/374 353/232/353 352/233/352
f 640/279/640 641/278/641 639/276/639
f 639/276/639 370/277/370 640/279/640
f 473/280/473 472/281/472 476/283/476
f 476/283/476 477/282/477 473/280/473
f 410/311/410 411/312/411 412/314/412
f 408/224/408 407/224/407 406/224/406
f 407/224/407 408/224/408 409/224/409
f 610/238/610 619/239/619 614/230/614
f 607/229/607 618/237/618 611/231/611
f 608/242/608 618/241/618 607/240/607
f 618/241/618 608/242/608 620/243/620
f 618/237/618 624/331/624 622/328/622
f 623/331/623 615/248/615 619/239/619
f 624/331/624 620/239/620 616/248/616
f 609/229/609 613/231/613 617/237/617
f 610/242/610 609/240/609 617/241/617
f 617/241/617 619/243/619 610/242/610
f 488/280/488 487/281/487 491/283/491
f 425/227/425 423/226/423 419/224/419
f 593/279/593 594/278/594 592/276/592
f 592/276/592 306/277/306 593/279/593
f 293/259/293 295/260/295 291/247/291
f 291/247/291 289/246/289 293/259/293
f 295/260/295 294/258/294 290/258/290
f 290/258/290 291/260/291 295/260/295
f 288/244/288 290/245/290 294/258/294
f 294/258/294 292/257/292 288/244/288
f 590/227/590 591/226/591 589/224/589
f 589/224/589 588/225/588 590/227/590
f 419/224/419 421/225/421 425/227/425
f 491/283/491 492/282/492 488/280/488
f 484/258/484 494/336/494 495/338/495
f 290/245/290 298/264/298 291/247/291
f 298/264/298 296/261/296 291/247/291
f 296/261/296 287/247/287 291/247/291
f 294/258/294 295/260/295 293/259/293
f 293/259/293 292/257/292 294/258/294
f 289/246/289 291/247/291 287/230/287
f 287/230/287 283/228/283 289/246/289
f 300/267/300 302/270/302 296/261/296
f 495/338/495 480/257/480 484/258/484
f 480/257/480 496/339/496 497/340/497
f 433/279/433 431/278/431 427/276/427
f 441/290/441 435/287/435 439/291/439
f 537/314/537 536/312/536 535/235/535
f 534/309/534 537/314/537 535/235/535
f 450/304/450 448/301/448 446/298/446
f 528/285/528 529/284/529 533/288/533
f 533/288/533 532/289/532 528/285/528
f 510/232/510 546/224/546 522/224/522
f 546/224/546 510/234/510 540/232/540
f 524/283/524 525/282/525 521/280/521
f 521/280/521 520/281/520 524/283/524
f 518/277/518 544/276/544 548/287/548
f 548/287/548 526/286/526 518/277/518
f 512/238/512 516/239/516 517/230/517
f 517/230/517 513/228/513 512/238/512
f 427/276/427 429/277/429 433/279/433
f 480/257/480 497/340/497 481/259/481
f 480/257/480 495/338/495 496/339/496
f 251/232/251 278/224/278 276/224/276
f 278/224/278 251/234/251 253/232/253
f 278/283/278 279/282/279 275/280/275
f 421/242/421 420/240/420 424/241/424
f 429/280/429 428/281/428 432/283/432
f 424/241/424 425/243/425 421/242/421
f 497/340/497 502/347/502 498/342/498
f 497/340/497 501/345/501 502/347/502
f 476/224/476 456/234/456 458/232/458
f 646/279/646 647/278/647 645/276/645
f 645/276/645 344/277/344 646/279/646
f 456/232/456 476/224/476 474/224/474
f 477/224/477 458/235/458 459/234/459
f 458/234/458 477/224/477 476/224/476
f 478/232/478 491/224/491 489/224/489
f 491/224/491 478/234/478 480/232/480
f 424/237/424 444/295/444 425/239/425
f 442/292/442 448/301/448 450/304/450
f 496/339/496 501/345/501 497/340/497
f 497/340/497 498/342/498 481/259/481
f 296/261/296 304/273/304 300/267/300
f 424/237/424 446/298/446 444/295/444
f 432/224/432 418/234/418 420/232/420
f 432/283/432 433/282/433 429/280/429
f 426/277/426 428/276/428 436/287/436
f 436/285/436 437/284/437 441/288/441
f 441/288/441 440/289/440 436/285/436
f 418/232/418 432/224/432 430/224/430
f 436/287/436 434/286/434 426/277/426
f 444/295/444 446/298/446 448/301/448
g fff08f90_00138_0051b44d_e3
f 742/487/742 735/485/735 741/488/741
f 762/485/762 763/486/763 761/466/761
f 740/455/740 742/487/742 741/488/741
f 736/486/736 735/485/735 742/487/742
f 663/378/663 664/379/664 658/400/658
f 662/375/662 661/376/661 655/398/655
f 664/379/664 656/399/656 658/400/658
f 661/376/661 657/397/657 655/398/655
f 348/369/348 323/235/323 322/368/322
f 323/235/323 348/369/348 349/224/349
f 391/276/391 390/366/390 398/367/398
f 398/367/398 399/287/399 391/276/391
f 394/365/394 379/235/379 378/364/378
f 379/235/379 394/365/394 395/224/395
f 310/363/310 281/235/281 280/362/280
f 281/235/281 310/363/310 311/224/311
f 519/276/519 518/360/518 526/361/526
f 526/361/526 527/287/527 519/276/519
f 522/359/522 511/235/511 510/358/510
f 511/235/511 522/359/522 523/224/523
f 549/286/549 519/276/519 527/287/527
f 519/276/519 549/286/549 545/277/545
f 349/224/349 325/233/325 323/235/323
f 325/235/325 349/224/349 351/224/351
f 523/224/523 541/233/541 511/235/511
f 740/455/740 741/488/741 739/456/739
f 538/311/538 539/318/539 536/310/536
f 482/272/482 494/337/494 484/271/484
f 502/346/502 503/348/503 500/344/500
f 483/263/483 485/262/485 505/351/505
f 500/344/500 498/341/498 502/346/502
f 297/263/297 296/262/296 303/272/303
f 301/269/301 303/272/303 302/271/302
f 605/263/605 285/233/285 603/235/603
f 301/269/301 302/271/302 300/268/300
f 303/272/303 296/262/296 302/271/302
f 604/262/604 605/263/605 603/235/603
f 311/224/311 602/233/602 281/235/281
f 602/235/602 311/224/311 606/224/606
f 414/316/414 417/319/417 416/318/416
f 417/319/417 414/316/414 413/307/413
f 541/235/541 523/224/523 547/224/547
f 395/224/395 562/233/562 379/235/379
f 562/235/562 395/224/395 565/224/565
f 617/252/617 613/234/613 611/232/611
f 763/486/763 724/484/724 761/466/761
f 391/276/391 566/286/566 564/277/564
f 620/256/620 612/233/612 614/235/614
f 618/253/618 617/252/617 611/232/611
f 619/255/619 620/256/620 614/235/614
f 475/224/475 459/233/459 457/235/457
f 459/235/459 475/224/475 477/224/477
f 277/224/277 254/233/254 252/235/252
f 254/235/254 277/224/277 279/224/279
f 505/351/505 485/262/485 504/349/504
f 481/235/481 490/224/490 492/224/492
f 566/286/566 391/276/391 399/287/399
f 572/319/572 415/308/415 571/318/571
f 416/318/416 410/311/410 414/316/414
f 410/311/410 416/318/416 411/310/411
f 482/272/482 499/343/499 494/337/494
f 490/224/490 481/233/481 479/235/479
f 538/311/538 536/312/536 537/314/537
g fff08f90_00138_0051b44d_e4
f 323/224/323 325/225/325 329/227/329
f 329/227/329 327/226/327 323/224/323
g fff08f90_00138_0051b44d_e7
f 339/250/339 338/249/338 341/253/341
f 341/253/341 338/249/338 340/252/340
f 465/250/465 464/249/464 467/253/467
f 467/253/467 464/249/464 466/252/466
f 268/250/268 267/249/267 270/253/270
f 270/253/270 267/249/267 269/252/269
f 468/255/468 465/250/465 469/256/469
f 466/252/466 462/234/462 460/232/460
f 369/269/369 359/271/359 368/268/368
f 369/269/369 357/272/357 359/271/359
f 358/274/358 356/275/356 368/268/368
f 356/275/356 369/269/369 368/268/368
f 271/255/271 268/250/268 272/256/272
f 269/252/269 257/234/257 255/232/255
f 271/255/271 272/256/272 258/235/258
f 272/256/272 256/233/256 258/235/258
f 270/253/270 269/252/269 255/232/255
f 267/249/267 268/250/268 271/255/271
f 468/255/468 469/256/469 463/235/463
f 469/256/469 461/233/461 463/235/463
f 467/253/467 466/252/466 460/232/460
f 464/249/464 465/250/465 468/255/468
f 338/249/338 339/250/339 342/255/342
f 341/253/341 340/252/340 326/232/326
f 343/256/343 327/233/327 329/235/329
f 342/255/342 343/256/343 329/235/329
f 342/255/342 339/250/339 343/256/343
f 340/252/340 328/234/328 326/232/326
g fff08f90_00138_0051b44d_e8
f 751/495/751 752/496/752 750/493/750
f 750/493/750 749/494/749 751/495/751
f 747/491/747 748/492/748 746/489/746
f 746/489/746 745/490/745 747/491/747
f 671/384/671 672/385/672 670/386/670
f 670/386/670 669/387/669 671/384/671
f 627/241/627 628/243/628 626/242/626
f 626/242/626 625/240/625 627/241/627
f 320/326/320 321/327/321 319/324/319
f 319/324/319 318/325/318 320/326/320
f 316/322/316 317/323/317 315/320/315
f 315/320/315 314/321/314 316/322/316
g fff08f90_00138_0051b44d_e1
f 451/306/451 442/293/442 450/305/450
f 446/299/446 424/234/424 422/232/422
f 447/300/447 451/306/451 450/305/450
f 428/281/428 429/280/429 437/284/437
f 447/300/447 446/299/446 422/232/422
f 480/234/480 492/224/492 491/224/491
f 708/402/708 707/401/707 716/446/716
f 716/446/716 707/401/707 715/447/715
f 712/448/712 711/449/711 687/426/687
f 712/448/712 715/447/715 711/449/711
f 711/449/711 689/425/689 687/426/687
f 712/448/712 716/446/716 715/447/715
f 693/438/693 694/429/694 702/431/702
f 702/431/702 701/430/701 693/438/693
f 685/425/685 698/407/698 697/407/697
f 698/407/698 685/406/685 686/425/686
f 447/300/447 450/305/450 446/299/446
f 492/224/492 480/235/480 481/234/481
f 443/294/443 442/293/442 451/306/451
f 433/224/433 420/235/420 421/234/421
f 420/234/420 433/224/433 432/224/432
f 437/284/437 436/285/436 428/281/428
g fff08f90_00138_0051b44d_e16
f 582/315/582 583/316/583 581/313/581
f 687/444/687 689/445/689 685/407/685
f 685/407/685 683/443/683 687/444/687
f 695/441/695 697/442/697 693/408/693
f 699/413/699 701/411/701 705/440/705
f 693/408/693 691/414/691 695/441/695
f 705/440/705 703/439/703 699/413/699
f 653/380/653 651/381/651 655/382/655
f 655/382/655 657/383/657 653/380/653
f 611/227/611 613/226/613 609/224/609
f 544/276/544 518/277/518 522/279/522
f 422/227/422 424/226/424 420/224/420
f 420/224/420 418/225/418 422/227/422
f 430/279/430 432/278/432 428/276/428
f 540/224/540 510/225/510 514/227/514
f 526/286/526 548/287/548 550/291/550
f 550/291/550 530/290/530 526/286/526
f 522/279/522 546/278/546 544/276/544
f 495/338/495 504/350/504 496/339/496
f 440/291/440 438/290/438 434/286/434
f 609/224/609 607/225/607 611/227/611
f 434/286/434 436/287/436 440/291/440
f 514/227/514 542/226/542 540/224/540
f 575/276/575 390/277/390 394/279/394
f 394/279/394 576/278/576 575/276/575
f 578/291/578 402/290/402 398/286/398
f 398/286/398 577/287/577 578/291/578
f 573/224/573 378/225/378 382/227/382
f 382/227/382 574/226/574 573/224/573
f 428/276/428 426/277/426 430/279/430
f 580/234/580 579/232/579 582/315/582
f 582/315/582 581/313/581 580/234/580
f 484/227/484 478/224/478 482/226/482
f 478/224/478 484/227/484 480/225/480
f 491/279/491 493/276/493 489/278/489
f 493/276/493 491/279/491 487/277/487
f 504/350/504 485/260/485 496/339/496
f 495/338/495 494/336/494 504/350/504
f 496/339/496 485/260/485 501/345/501
f 501/345/501 485/260/485 502/347/502
g fff08f90_00138_0051b44d_e54
f 775/498/775 850/578/850 854/579/854
f 775/498/775 771/497/771 772/497/772
f 858/587/858 772/497/772 771/497/771
f 858/587/858 769/497/769 770/497/770
f 821/530/821 817/526/817 828/537/828
f 819/528/819 767/512/767 764/515/764
f 773/516/773 776/584/776 768/572/768
f 776/584/776 773/516/773 767/512/767
f 764/515/764 767/512/767 773/516/773
f 850/583/850 768/572/768 776/584/776
f 776/499/776 775/498/775 772/497/772
f 775/498/775 776/499/776 850/578/850
f 778/520/778 823/532/823 766/513/766
f 765/514/765 832/541/832 777/521/777
f 780/500/780 770/497/770 769/497/769
f 769/497/769 779/500/779 780/500/780
f 833/542/833 781/523/781 832/541/832
f 777/521/777 832/541/832 781/523/781
f 784/501/784 780/500/780 779/500/779
f 779/500/779 783/501/783 784/501/784
f 786/524/786 785/525/785 839/548/839
f 781/523/781 833/542/833 785/525/785
f 811/552/811 785/553/785 786/554/786
f 812/555/812 790/556/790 789/557/789
f 813/510/813 788/502/788 787/502/787
f 814/511/814 791/503/791 792/503/792
f 794/558/794 789/557/789 790/556/790
f 789/557/789 794/558/794 793/559/793
f 796/504/796 792/503/792 791/503/791
f 791/503/791 795/504/795 796/504/796
f 815/560/815 798/561/798 797/562/797
f 816/563/816 799/564/799 800/565/800
f 802/566/802 800/565/800 799/564/799
f 799/564/799 801/567/801 802/566/802
f 807/503/807 809/508/809 804/506/804
f 803/505/803 810/509/810 806/502/806
f 808/504/808 807/503/807 805/507/805
f 804/506/804 805/507/805 807/503/807
f 809/508/809 810/509/810 804/506/804
f 810/509/810 809/508/809 806/502/806
f 812/555/812 785/553/785 811/552/811
f 811/552/811 790/556/790 812/555/812
f 814/511/814 813/510/813 787/502/787
f 813/510/813 814/511/814 792/503/792
f 816/563/816 815/560/815 797/562/797
f 815/560/815 816/563/816 800/565/800
f 830/539/830 835/544/835 857/586/857
f 767/512/767 819/528/819 826/535/826
f 827/536/827 830/539/830 767/512/767
f 824/533/824 831/540/831 835/544/835
f 767/512/767 820/529/820 822/531/822
f 830/539/830 818/527/818 767/512/767
f 832/541/832 831/540/831 823/532/823
f 782/522/782 825/534/825 778/520/778
f 834/543/834 824/533/824 835/544/835
f 824/533/824 766/513/766 823/532/823
f 778/520/778 825/534/825 823/532/823
f 837/546/837 825/534/825 782/522/782
f 767/512/767 826/535/826 820/529/820
f 822/531/822 827/536/827 767/512/767
f 821/530/821 827/536/827 822/531/822
f 828/537/828 817/526/817 829/538/829
f 831/540/831 765/514/765 856/585/856
f 834/543/834 766/513/766 824/533/824
f 830/539/830 821/530/821 828/537/828
f 821/530/821 830/539/830 827/536/827
f 831/540/831 824/533/824 823/532/823
f 830/539/830 857/586/857 856/585/856
f 765/514/765 831/540/831 832/541/832
f 832/541/832 823/532/823 833/542/833
f 825/534/825 833/542/833 823/532/823
f 840/549/840 836/545/836 825/534/825
f 829/538/829 834/543/834 835/544/835
f 835/544/835 830/539/830 828/537/828
f 829/538/829 835/544/835 828/537/828
f 841/550/841 785/525/785 833/542/833
f 836/545/836 833/542/833 825/534/825
f 786/524/786 839/548/839 838/547/838
f 839/548/839 785/525/785 841/550/841
f 842/551/842 841/550/841 836/545/836
f 837/546/837 840/549/840 825/534/825
f 836/545/836 841/550/841 833/542/833
f 839/548/839 841/550/841 842/551/842
f 844/569/844 846/581/846 847/517/847
f 768/518/768 850/582/850 843/568/843
f 853/577/853 850/574/850 845/570/845
f 849/570/849 848/571/848 851/575/851
f 843/568/843 850/582/850 846/581/846
f 855/580/855 845/570/845 850/574/850
f 851/575/851 848/571/848 852/576/852
f 850/582/850 847/517/847 846/581/846
f 847/573/847 850/583/850 774/519/774
f 776/584/776 774/519/774 850/583/850
f 774/519/774 776/584/776 767/512/767
f 830/539/830 856/585/856 818/527/818
f 857/586/857 835/544/835 831/540/831
f 857/586/857 831/540/831 856/585/856
f 857/588/857 858/587/858 770/497/770
f 772/497/772 858/587/858 857/588/857
f 875/613/875 876/615/876 878/614/878
f 876/615/876 877/616/877 878/614/878
f 788/617/788 784/501/784 783/501/783
f 783/501/783 787/617/787 788/617/788
