# fff0ac53_00445_009933ad
o fff0ac53_00445_009933ad
v -2.051624 -8.291133 -1.011255
v -0.350788 -8.291133 -1.011255
v -0.350788 -9.836570 -0.299187
v -2.051624 -8.291133 -0.299187
v -0.350788 -8.291133 -0.299187
v -3.445621 -8.456395 -1.011286
v -3.445621 -8.456395 -0.299217
v -0.462409 -8.287814 -0.370385
v -0.462409 -8.287814 -0.660004
v -0.462409 -8.287814 -0.954123
v -1.937595 -8.291133 -0.952955
v -1.937595 -8.291133 -0.371746
v -1.937595 -8.291133 -0.659786
v -1.896406 -8.298295 -0.663364
v -0.496172 -8.298295 -0.663364
v -1.896406 -8.284506 -0.411073
v -1.896406 -8.298295 -0.900267
v -0.496172 -8.298295 -0.900267
v -0.496172 -8.284506 -0.411073
v -0.496172 -8.284506 -0.900267
v -1.896406 -8.284506 -0.900267
v -0.496172 -8.328760 -0.663364
v -1.896406 -8.328760 -0.663364
v -1.887073 -8.329871 -0.434533
v -0.501709 -8.329871 -0.434533
v -1.887073 -8.329871 -0.888867
v -0.501709 -8.329871 -0.888867
v -0.496172 -8.298295 -0.472566
v -1.896406 -8.298295 -0.472566
v -1.896406 -8.298295 -0.430242
v -0.496172 -8.298295 -0.647608
v -1.896406 -8.298295 -0.647608
v -0.496172 -8.298295 -0.430242
v -0.496172 -8.298295 -0.417335
v -1.896406 -8.298295 -0.417335
v -0.496172 -8.298295 -0.715123
v -1.896406 -8.298295 -0.715123
v -0.496172 -8.328760 -0.435021
v -1.896406 -8.328760 -0.435021
v -1.896406 -8.298295 -0.637930
v -0.496172 -8.298295 -0.637930
v -0.462409 -8.287814 -0.370385
v -0.462409 -8.287814 -0.660004
v -0.462409 -8.287814 -0.954123
v -1.937595 -8.291133 -0.952955
v -1.937595 -8.291133 -0.371746
v -1.937595 -8.291133 -0.659786
v -1.313439 -8.292726 -0.805758
v -1.079249 -8.292726 -0.805758
v -1.079249 -8.292726 -0.511329
v -1.313439 -8.292726 -0.511329
v -1.079249 -8.292726 -0.746357
v -1.313439 -8.292726 -0.746357
v -1.313439 -8.292726 -0.565266
v -1.079249 -8.292726 -0.565266
v -0.364185 -8.304210 -1.059031
v -0.364185 -8.304210 -1.011255
v -2.051624 -8.304210 -1.059031
v -2.051624 -8.304210 -1.011255
v -3.298931 -8.491965 -1.059031
v -3.298931 -8.491965 -1.011255
v -5.920628 -8.491965 -1.059031
v -5.920628 -8.491965 -1.011255
v -3.445400 -9.836570 -0.299187
v -2.051624 -8.291133 -0.299187
v -5.920628 -8.456390 -0.299187
v -5.920628 -9.836570 -0.299187
v -2.051624 -9.836570 -0.299187
v -0.350788 -9.836577 0.199612
v -0.350788 -8.784747 0.199612
v -0.350788 -8.669658 -0.299187
v -2.051624 -8.666339 -0.299187
v -2.051624 -8.784747 0.199612
v -2.051624 -9.836577 0.199612
v -5.920628 -8.456390 -1.011316
v -5.920628 -8.456390 -0.299248
v -3.557463 -8.453204 -0.370446
v -3.557463 -8.453204 -0.660065
v -3.557463 -8.453204 -0.954184
v -4.712761 -8.456523 -0.953016
v -4.712761 -8.456523 -0.371807
v -4.712761 -8.456523 -0.659847
v -4.671572 -8.463685 -0.678521
v -3.591227 -8.463685 -0.678521
v -4.671572 -8.449896 -0.411134
v -4.671572 -8.463685 -0.900328
v -3.591227 -8.463685 -0.900328
v -3.591227 -8.449896 -0.411134
v -3.591227 -8.449896 -0.900328
v -4.671572 -8.449896 -0.900328
v -3.591227 -8.494150 -0.678521
v -4.671572 -8.494150 -0.678521
v -4.662238 -8.495261 -0.434594
v -3.596764 -8.495261 -0.434594
v -4.662238 -8.495261 -0.888928
v -3.596764 -8.495261 -0.888928
v -3.591227 -8.463685 -0.472627
v -4.671572 -8.463685 -0.472627
v -4.671572 -8.463685 -0.430303
v -3.591227 -8.463685 -0.666945
v -4.671572 -8.463685 -0.666945
v -3.591227 -8.463685 -0.430303
v -3.591227 -8.463685 -0.417396
v -4.671572 -8.463685 -0.417396
v -3.591227 -8.463685 -0.716550
v -4.671572 -8.463685 -0.716550
v -3.591227 -8.494150 -0.435082
v -4.671572 -8.494150 -0.435082
v -4.671572 -8.463685 -0.659835
v -3.591227 -8.463685 -0.659835
v -3.557463 -8.453204 -0.370446
v -3.557463 -8.453204 -0.660065
v -3.557463 -8.453204 -0.954184
v -4.712761 -8.456523 -0.953016
v -4.712761 -8.456523 -0.371807
v -4.712761 -8.456523 -0.659847
v -4.245140 -8.458116 -0.805819
v -4.010950 -8.458116 -0.805819
v -4.010950 -8.458116 -0.511390
v -4.245140 -8.458116 -0.511390
v -4.010950 -8.458116 -0.746418
v -4.245140 -8.458116 -0.746418
v -4.245140 -8.458116 -0.565327
v -4.010950 -8.458116 -0.565327
v -2.201840 -8.456394 -0.371065
v -2.201839 -8.456394 -1.011257
v -3.293087 -8.456394 -0.371065
v -3.293087 -8.456394 -1.011284
v -2.176181 -8.475890 -1.059031
v -2.176181 -8.475890 -1.011255
v -0.450901 -8.761986 0.121906
v -0.451725 -8.683986 -0.237090
v -1.017749 -8.683986 -0.237090
v -1.017749 -8.760998 0.121906
v -0.117176 -8.118899 -1.059031
v -0.117176 -9.807771 -1.059031
v -2.051624 -8.304210 -1.059031
v -2.051624 -8.118899 -1.059031
v -2.184085 -8.504603 -1.059031
v -2.345233 -8.196803 -1.059031
v -3.306133 -8.494697 -1.059031
v -3.449275 -8.493011 -1.059031
v -3.448848 -8.286868 -1.059031
v -5.920628 -8.493011 -1.059031
v -6.126135 -8.286868 -1.059031
v -2.184085 -9.865082 -1.059031
v -3.306133 -9.865081 -1.059031
v -0.364185 -8.304210 -1.059031
v -0.364185 -9.807771 -1.059031
v -1.308507 -8.740397 0.093051
v -1.308649 -8.726923 0.031035
v -1.406429 -8.726923 0.031035
v -1.406429 -8.740227 0.093051
v -1.469502 -8.740401 0.093053
v -1.469645 -8.726927 0.031037
v -1.567425 -8.726927 0.031037
v -1.567425 -8.740231 0.093053
v -1.626698 -8.740401 0.093053
v -1.626841 -8.726927 0.031037
v -1.724621 -8.726927 0.031037
v -1.724621 -8.740231 0.093053
v -1.131413 -8.753036 0.122220
v -1.131587 -8.678163 -0.237440
v -1.770507 -8.678164 -0.237440
v -1.770507 -8.752308 0.122220
v -1.308507 -8.718741 0.001459
v -1.308649 -8.705267 -0.060557
v -1.724628 -8.705267 -0.060557
v -1.724628 -8.718571 0.001459
v -0.611012 -9.282469 0.212168
v -0.744144 -8.816873 0.212168
v -1.055458 -8.905888 0.212168
v -0.922326 -9.371483 0.212168
v -0.477008 -9.331107 0.221272
v -0.492206 -8.847087 0.221272
v -0.815830 -8.857253 0.221272
v -0.800632 -9.341269 0.221272
v -3.896824 -9.035033 -0.276392
v -3.781712 -8.564658 -0.276392
v -4.096210 -8.487697 -0.276392
v -4.211323 -8.958068 -0.276392
v -1.690664 -8.315543 -0.309246
v -1.819269 -8.378806 -0.309246
v -1.690664 -8.315543 -0.212234
v -1.759187 -8.500960 -0.212234
v -1.819269 -8.378806 -0.212234
v -1.819505 -8.378921 -0.309246
v -1.759187 -8.500960 -0.309246
v -1.759187 -8.500960 -0.212234
v -1.630571 -8.437690 -0.212234
v -1.278283 -8.890334 0.192535
v -1.431291 -9.046233 0.192535
v -1.278283 -8.890334 0.289551
v -1.199689 -9.276084 0.289551
v -1.431291 -9.046233 0.289551
v -1.431569 -9.046515 0.192535
v -1.199689 -9.276084 0.192535
v -1.199689 -9.276084 0.289551
v -1.046701 -9.120147 0.289551
v -3.223230 -8.823844 -0.309189
v -3.461992 -8.823844 -0.309189
v -3.223230 -8.823844 -0.248802
v -3.460420 -9.443595 -0.248802
v -3.461778 -8.823844 -0.248802
v -3.460420 -9.443595 -0.309189
v -3.221864 -9.441512 -0.248802
v -3.380441 -8.972793 -0.248909
v -3.380441 -8.911033 -0.248913
v -3.317941 -8.911033 -0.248913
v -3.380441 -8.972793 -0.042019
v -3.380441 -8.911033 -0.042019
v -3.317941 -8.911033 -0.042019
v -3.380441 -9.151580 -0.248909
v -3.380441 -9.089820 -0.248913
v -3.317941 -9.089820 -0.248913
v -3.380441 -9.151580 -0.042019
v -3.380441 -9.089820 -0.042019
v -3.317941 -9.089820 -0.042019
v -3.380441 -9.329291 -0.248909
v -3.380441 -9.267539 -0.248913
v -3.317941 -9.267539 -0.248913
v -3.380441 -9.329291 -0.042019
v -3.380441 -9.267539 -0.042019
v -3.317941 -9.267539 -0.042019
v -3.300676 -8.989844 -0.248394
v -3.397699 -8.989844 -0.248394
v -3.397699 -8.893973 -0.248394
v -3.300676 -8.893973 -0.248394
v -3.300676 -9.168342 -0.248394
v -3.397699 -9.168342 -0.248394
v -3.397699 -9.072471 -0.248394
v -3.300676 -9.072463 -0.248394
v -3.300676 -9.347808 -0.248394
v -3.397699 -9.347808 -0.248394
v -3.397699 -9.251945 -0.248394
v -3.300676 -9.251945 -0.248394
v -2.770092 -9.129132 -0.298569
v -2.770092 -9.046234 -0.298569
v -2.726161 -9.046234 -0.298569
v -2.726161 -9.129132 -0.298569
v -2.770092 -9.129132 -0.183828
v -2.770092 -9.046234 -0.183828
v -2.726161 -9.046234 -0.183828
v -2.726161 -9.129132 -0.183828
v -2.702771 -9.087684 -0.183828
v -2.702771 -9.087684 -0.298569
v -2.793498 -9.087684 -0.183828
v -2.793498 -9.087684 -0.298569
v -2.771981 -9.132690 -0.158304
v -2.771981 -9.042674 -0.158304
v -2.724278 -9.042674 -0.158304
v -2.724278 -9.132690 -0.158304
v -2.698880 -9.087683 -0.158304
v -2.797397 -9.087683 -0.158304
v -2.771981 -9.132690 -0.191923
v -2.771981 -9.042674 -0.191923
v -2.724278 -9.042674 -0.191923
v -2.724278 -9.132690 -0.191923
v -2.698880 -9.087683 -0.191923
v -2.797397 -9.087683 -0.191923
v -2.771981 -9.132690 -0.158304
v -2.771981 -9.042674 -0.158304
v -2.724278 -9.042674 -0.158304
v -2.724278 -9.132690 -0.158304
v -2.698880 -9.087683 -0.158304
v -2.797397 -9.087683 -0.158304
v -2.726161 -9.046234 -0.241199
v -2.770092 -9.046234 -0.241199
v -2.793498 -9.087684 -0.241199
v -2.770092 -9.129132 -0.241199
v -2.726161 -9.129132 -0.241199
v -2.702771 -9.087684 -0.241199
v -2.726161 -9.046234 -0.241199
v -2.770092 -9.046234 -0.241199
v -2.793498 -9.087684 -0.241199
v -2.770092 -9.129132 -0.241199
v -2.726161 -9.129132 -0.241199
v -2.702771 -9.087684 -0.241199
v -3.723198 -8.929868 -0.298894
v -3.723198 -8.846970 -0.298894
v -3.679267 -8.846970 -0.298894
v -3.679267 -8.929868 -0.298894
v -3.723198 -8.929868 -0.184154
v -3.723198 -8.846970 -0.184153
v -3.679267 -8.846970 -0.184154
v -3.679267 -8.929868 -0.184154
v -3.655877 -8.888419 -0.184154
v -3.655877 -8.888419 -0.298894
v -3.746603 -8.888419 -0.184153
v -3.746603 -8.888419 -0.298894
v -3.725087 -8.933426 -0.158629
v -3.725087 -8.843410 -0.158629
v -3.677384 -8.843410 -0.158629
v -3.677384 -8.933426 -0.158629
v -3.651986 -8.888418 -0.158629
v -3.750503 -8.888418 -0.158629
v -3.725087 -8.933426 -0.192248
v -3.725087 -8.843410 -0.192248
v -3.677384 -8.843410 -0.192248
v -3.677384 -8.933426 -0.192248
v -3.651986 -8.888418 -0.192248
v -3.750503 -8.888418 -0.192248
v -3.725087 -8.933426 -0.158629
v -3.725087 -8.843410 -0.158629
v -3.677384 -8.843410 -0.158629
v -3.677384 -8.933426 -0.158629
v -3.651986 -8.888418 -0.158629
v -3.750503 -8.888418 -0.158629
v -3.679267 -8.846970 -0.241524
v -3.723198 -8.846970 -0.241524
v -3.746603 -8.888419 -0.241524
v -3.723198 -8.929868 -0.241524
v -3.679267 -8.929868 -0.241524
v -3.655877 -8.888419 -0.241524
v -3.679267 -8.846970 -0.241524
v -3.723198 -8.846970 -0.241524
v -3.746603 -8.888419 -0.241524
v -3.723198 -8.929868 -0.241524
v -3.679267 -8.929868 -0.241524
v -3.655877 -8.888419 -0.241524
v -3.380441 -8.972793 -0.013763
v -3.380441 -8.911033 -0.013763
v -3.317941 -8.911033 -0.013763
v -3.317941 -9.151580 -0.013763
v -3.380441 -9.151580 -0.013763
v -3.380441 -9.089820 -0.013763
v -3.317941 -9.089820 -0.013763
v -3.317941 -9.329291 -0.013763
v -3.380441 -9.329291 -0.013763
v -3.380441 -9.267539 -0.013763
v -3.317941 -9.267539 -0.013763
v -2.872308 -8.509971 -0.309246
v -2.962957 -8.620994 -0.309246
v -2.872308 -8.509971 -0.212234
v -2.857511 -8.707107 -0.212234
v -2.962957 -8.620994 -0.212234
v -2.963121 -8.621200 -0.309246
v -2.857511 -8.707107 -0.309246
v -2.857511 -8.707107 -0.212234
v -2.766866 -8.596068 -0.212234
v -3.317941 -8.972793 -0.013763
v -2.323951 -9.070072 -0.295478
v -2.273185 -8.619343 -0.295478
v -2.574546 -8.585403 -0.295478
v -2.625312 -9.036125 -0.295478
v -1.762386 -4.874100 -1.019239
v -0.247341 -4.874100 -1.019239
v -0.247341 -3.719726 -0.307171
v -1.762386 -4.874100 -0.307171
v -0.247341 -4.874100 -0.307171
v -1.957394 -4.686287 -1.019270
v -1.957394 -4.686287 -0.307201
v -0.358974 -4.877419 -0.378369
v -0.358974 -4.877419 -0.667988
v -0.358974 -4.877419 -0.962107
v -1.648373 -4.874100 -0.960939
v -1.648373 -4.874100 -0.379730
v -1.648373 -4.874100 -0.667770
v -1.607174 -4.866936 -0.686444
v -0.392727 -4.866936 -0.686444
v -1.607174 -4.880722 -0.419057
v -1.607174 -4.866936 -0.908251
v -0.392727 -4.866936 -0.908251
v -0.392727 -4.880722 -0.419057
v -0.392727 -4.880722 -0.908251
v -1.607174 -4.880722 -0.908251
v -0.392727 -4.836472 -0.686444
v -1.607174 -4.836472 -0.686444
v -1.597835 -4.835358 -0.442517
v -0.398266 -4.835358 -0.442517
v -1.597835 -4.835358 -0.896852
v -0.398266 -4.835358 -0.896852
v -0.392727 -4.866936 -0.480550
v -1.607174 -4.866936 -0.480550
v -1.607174 -4.866936 -0.438226
v -0.392727 -4.866936 -0.674869
v -1.607174 -4.866936 -0.674869
v -0.392727 -4.866936 -0.438226
v -0.392727 -4.866936 -0.425319
v -1.607174 -4.866936 -0.425319
v -0.392727 -4.866936 -0.724473
v -1.607174 -4.866936 -0.724473
v -0.392727 -4.836472 -0.443005
v -1.607174 -4.836472 -0.443005
v -1.607174 -4.866936 -0.667758
v -0.392727 -4.866936 -0.667758
v -0.358974 -4.877419 -0.378369
v -0.358974 -4.877419 -0.667988
v -0.358974 -4.877419 -0.962107
v -1.648373 -4.874100 -0.960939
v -1.648373 -4.874100 -0.379730
v -1.648373 -4.874100 -0.667770
v -1.106457 -4.872505 -0.813743
v -0.872265 -4.872505 -0.813743
v -0.872265 -4.872505 -0.519313
v -1.106457 -4.872505 -0.519313
v -0.872265 -4.872505 -0.754341
v -1.106457 -4.872505 -0.754341
v -1.106457 -4.872505 -0.573250
v -0.872265 -4.872505 -0.573250
v -0.260738 -4.861023 -1.067016
v -0.260738 -4.861023 -1.019239
v -1.762386 -4.861023 -1.067016
v -1.762386 -4.861023 -1.019239
v -1.957394 -4.650719 -1.067016
v -1.957394 -4.650719 -1.019239
v -4.917885 -4.650719 -1.067016
v -4.917885 -4.650719 -1.019239
v -2.276821 -3.719726 -0.307171
v -1.762386 -4.874100 -0.307171
v -4.936378 -4.686417 -0.307171
v -4.936394 -3.719726 -0.307171
v -1.762386 -3.719726 -0.307171
v -0.247341 -4.357941 0.191628
v -0.247341 -4.473030 -0.307171
v -1.762386 -4.476349 -0.307171
v -1.762386 -4.357941 0.191628
v -4.074001 -4.686165 -1.019300
v -4.074001 -4.686165 -0.307232
v -2.159984 -4.689484 -0.378430
v -2.159984 -4.689484 -0.668049
v -2.159984 -4.689484 -0.962168
v -3.993740 -4.686165 -0.961000
v -3.993740 -4.686165 -0.379791
v -3.993740 -4.686165 -0.667831
v -3.952557 -4.679001 -0.686505
v -2.193737 -4.679001 -0.686505
v -3.952557 -4.692787 -0.419118
v -3.952557 -4.679001 -0.908312
v -2.193737 -4.679001 -0.908312
v -2.193737 -4.692787 -0.419118
v -2.193737 -4.692787 -0.908312
v -3.952557 -4.692787 -0.908312
v -2.193737 -4.648537 -0.686505
v -3.952557 -4.648537 -0.686505
v -3.943218 -4.647423 -0.442578
v -2.199276 -4.647423 -0.442578
v -3.943218 -4.647423 -0.896913
v -2.199276 -4.647423 -0.896913
v -2.193737 -4.679001 -0.480611
v -3.952557 -4.679001 -0.480611
v -3.952557 -4.679001 -0.438287
v -2.193737 -4.679001 -0.674930
v -3.952557 -4.679001 -0.674930
v -2.193737 -4.679001 -0.438287
v -2.193737 -4.679001 -0.425380
v -3.952557 -4.679001 -0.425380
v -2.193737 -4.679001 -0.724534
v -3.952557 -4.679001 -0.724534
v -2.193737 -4.648537 -0.443066
v -3.952557 -4.648537 -0.443066
v -3.952557 -4.679001 -0.667819
v -2.193737 -4.679001 -0.667819
v -2.159984 -4.689484 -0.378430
v -2.159984 -4.689484 -0.668049
v -2.159984 -4.689484 -0.962168
v -3.993740 -4.686165 -0.961000
v -3.993740 -4.686165 -0.379791
v -3.993740 -4.686165 -0.667831
v -3.175655 -4.684570 -0.813804
v -2.941463 -4.684570 -0.813804
v -2.941463 -4.684570 -0.519374
v -3.175655 -4.684570 -0.519374
v -2.941463 -4.684570 -0.754402
v -3.175655 -4.684570 -0.754402
v -3.175655 -4.684570 -0.573311
v -2.941463 -4.684570 -0.573311
v -4.936378 -4.686165 -1.019300
v -4.936378 -4.686165 -0.307232
v -4.155025 -4.686165 -0.392142
v -4.718624 -4.686165 -0.392142
v -4.718624 -4.686165 -0.961000
v -4.155025 -4.686165 -0.961000
v -4.548916 -4.695671 -0.513853
v -4.314724 -4.695671 -0.513853
v -4.314724 -4.695671 -0.454452
v -4.548916 -4.695671 -0.454452
v -4.198025 -4.686165 -0.422987
v -4.682522 -4.686165 -0.422987
v -4.682522 -4.686165 -0.929272
v -4.198025 -4.686165 -0.929272
v -1.957394 -4.650719 -1.067016
v -1.957394 -4.650719 -1.019239
v -0.326992 -4.380699 0.113922
v -0.327572 -4.458702 -0.245074
v -0.720699 -4.458702 -0.245074
v -0.720699 -4.381683 0.113922
v -0.013729 -5.046333 -1.067016
v -0.509182 -3.036751 -1.067016
v -1.762386 -4.861023 -1.067016
v -1.762386 -5.046333 -1.067016
v -1.957394 -4.649673 -1.067016
v -1.957394 -4.855820 -1.067016
v -4.919563 -4.649673 -1.067016
v -4.824379 -4.855820 -1.067016
v -0.260738 -4.861023 -1.067016
v -0.670284 -3.224334 -1.067016
v -1.205074 -4.402290 0.085067
v -1.205212 -4.415764 0.023050
v -1.302990 -4.415764 0.023050
v -1.302990 -4.402458 0.085067
v -1.366070 -4.402283 0.085069
v -1.366207 -4.415756 0.023052
v -1.463985 -4.415756 0.023052
v -1.463985 -4.402451 0.085069
v -1.523266 -4.402283 0.085069
v -1.523403 -4.415756 0.023052
v -1.621181 -4.415756 0.023052
v -1.621181 -4.402451 0.085069
v -0.863918 -4.389648 0.114236
v -0.864086 -4.464523 -0.245424
v -1.667065 -4.464523 -0.245424
v -1.667065 -4.390381 0.114236
v -1.205074 -4.423943 -0.006525
v -1.205212 -4.437416 -0.068542
v -1.621181 -4.437416 -0.068542
v -1.621181 -4.424118 -0.006525
v -2.151516 -4.032898 -0.293481
v -2.284633 -4.498497 -0.293481
v -2.595959 -4.409485 -0.293481
v -2.462826 -3.943885 -0.293481
v -2.017513 -3.984260 -0.284376
v -2.032711 -4.468285 -0.284376
v -2.356319 -4.458115 -0.284376
v -2.341122 -3.974098 -0.284376
v -3.623135 -4.107651 -0.284376
v -3.508022 -4.578026 -0.284376
v -3.822506 -4.654991 -0.284376
v -3.937618 -4.184616 -0.284376
v -4.015537 -4.112503 -0.317234
v -4.061740 -3.976829 -0.317234
v -4.015537 -4.112503 -0.220219
v -3.932895 -3.932937 -0.220219
v -4.061740 -3.976829 -0.220219
v -4.061832 -3.976585 -0.317234
v -3.932895 -3.932937 -0.317234
v -3.932895 -3.932937 -0.220219
v -3.886692 -4.068634 -0.220219
v -1.033233 -4.146019 0.184551
v -1.246429 -4.193588 0.184551
v -1.033233 -4.146019 0.281567
v -1.319259 -3.875526 0.281567
v -1.246429 -4.193588 0.281567
v -1.246818 -4.193679 0.184551
v -1.319259 -3.875526 0.184551
v -1.319259 -3.875526 0.281567
v -1.106037 -3.828003 0.281567
v -4.184700 -4.314423 -0.317175
v -4.184700 -4.075661 -0.256787
v -4.804451 -4.312851 -0.256787
v -4.184700 -4.314209 -0.256787
v -4.804451 -4.312851 -0.317175
v -4.802361 -4.074295 -0.256787
v -4.331086 -4.170891 -0.256893
v -4.331086 -4.232643 -0.256893
v -4.268594 -4.232651 -0.256893
v -4.331086 -4.170891 -0.050003
v -4.331086 -4.232643 -0.050003
v -4.268594 -4.232651 -0.050003
v -4.511676 -4.173820 -0.256893
v -4.511676 -4.235573 -0.256893
v -4.449183 -4.235573 -0.256893
v -4.511676 -4.173820 -0.050003
v -4.511676 -4.235573 -0.050003
v -4.449183 -4.235573 -0.050003
v -4.682126 -4.173660 -0.256893
v -4.682126 -4.235413 -0.256893
v -4.619634 -4.235413 -0.256893
v -4.682126 -4.173660 -0.050003
v -4.682126 -4.235413 -0.050003
v -4.619634 -4.235413 -0.050003
v -4.350700 -4.153107 -0.256380
v -4.350700 -4.250130 -0.256380
v -4.254829 -4.250130 -0.256380
v -4.254829 -4.153107 -0.256380
v -4.529198 -4.153107 -0.256380
v -4.529198 -4.250130 -0.256380
v -4.433327 -4.250130 -0.256380
v -4.433327 -4.153107 -0.256380
v -4.708672 -4.153107 -0.256380
v -4.708672 -4.250130 -0.256380
v -4.612801 -4.250130 -0.256380
v -4.612801 -4.153107 -0.256380
v -1.202724 -4.514778 -0.306553
v -1.202724 -4.597679 -0.306553
v -1.158779 -4.597679 -0.306553
v -1.158779 -4.514778 -0.306553
v -1.202724 -4.514778 -0.191813
v -1.202724 -4.597679 -0.191813
v -1.158779 -4.597679 -0.191813
v -1.158779 -4.514778 -0.191813
v -1.135403 -4.556229 -0.191813
v -1.135403 -4.556229 -0.306553
v -1.226116 -4.556229 -0.191813
v -1.226116 -4.556229 -0.306553
v -1.204601 -4.511215 -0.166288
v -1.204601 -4.601234 -0.166288
v -1.156902 -4.601234 -0.166288
v -1.156902 -4.511215 -0.166288
v -1.131512 -4.556229 -0.166288
v -1.230022 -4.556229 -0.166288
v -1.204601 -4.511215 -0.199907
v -1.204601 -4.601234 -0.199907
v -1.156902 -4.601234 -0.199907
v -1.156902 -4.511215 -0.199907
v -1.131512 -4.556229 -0.199907
v -1.230022 -4.556229 -0.199907
v -1.204601 -4.511215 -0.166288
v -1.204601 -4.601234 -0.166288
v -1.156902 -4.601234 -0.166288
v -1.156902 -4.511215 -0.166288
v -1.131512 -4.556229 -0.166288
v -1.230022 -4.556229 -0.166288
v -1.158779 -4.597679 -0.249183
v -1.202724 -4.597679 -0.249183
v -1.226116 -4.556229 -0.249183
v -1.202724 -4.514778 -0.249183
v -1.158779 -4.514778 -0.249183
v -1.135403 -4.556229 -0.249183
v -1.158779 -4.597679 -0.249183
v -1.202724 -4.597679 -0.249183
v -1.226116 -4.556229 -0.249183
v -1.202724 -4.514778 -0.249183
v -1.158779 -4.514778 -0.249183
v -1.135403 -4.556229 -0.249183
v -3.004177 -4.212814 -0.306879
v -3.004177 -4.295715 -0.306878
v -2.960247 -4.295715 -0.306879
v -2.960247 -4.212814 -0.306879
v -3.004177 -4.212814 -0.192138
v -3.004177 -4.295715 -0.192138
v -2.960247 -4.295715 -0.192138
v -2.960247 -4.212814 -0.192138
v -2.936871 -4.254265 -0.192138
v -2.936871 -4.254265 -0.306879
v -3.027584 -4.254265 -0.192138
v -3.027584 -4.254265 -0.306878
v -3.006069 -4.209259 -0.166614
v -3.006069 -4.299278 -0.166614
v -2.958370 -4.299278 -0.166614
v -2.958370 -4.209259 -0.166614
v -2.932980 -4.254265 -0.166614
v -3.031490 -4.254265 -0.166614
v -3.006069 -4.209259 -0.200233
v -3.006069 -4.299278 -0.200233
v -2.958370 -4.299278 -0.200233
v -2.958370 -4.209259 -0.200233
v -2.932980 -4.254265 -0.200233
v -3.031490 -4.254265 -0.200233
v -3.006069 -4.209259 -0.166614
v -3.006069 -4.299278 -0.166614
v -2.958370 -4.299278 -0.166614
v -2.958370 -4.209259 -0.166614
v -2.932980 -4.254265 -0.166614
v -3.031490 -4.254265 -0.166614
v -2.960247 -4.295715 -0.249508
v -3.004177 -4.295715 -0.249508
v -3.027584 -4.254265 -0.249508
v -3.004177 -4.212814 -0.249508
v -2.960247 -4.212814 -0.249508
v -2.936871 -4.254265 -0.249508
v -2.960247 -4.295715 -0.249508
v -3.004177 -4.295715 -0.249508
v -3.027584 -4.254265 -0.249508
v -3.004177 -4.212814 -0.249508
v -2.960247 -4.212814 -0.249508
v -2.936871 -4.254265 -0.249508
v -4.331086 -4.170891 -0.021748
v -4.331086 -4.232643 -0.021748
v -4.268594 -4.232651 -0.021748
v -4.449183 -4.173820 -0.021748
v -4.511676 -4.173820 -0.021748
v -4.511676 -4.235573 -0.021748
v -4.449183 -4.235573 -0.021748
v -4.619634 -4.173660 -0.021748
v -4.682126 -4.173660 -0.021748
v -4.682126 -4.235413 -0.021748
v -4.619634 -4.235413 -0.021748
v -0.385708 -4.655281 -0.317232
v -0.400112 -4.797882 -0.317232
v -0.385708 -4.655281 -0.220218
v -0.535580 -4.784210 -0.220218
v -0.400112 -4.797882 -0.220218
v -0.400143 -4.798141 -0.317232
v -0.535580 -4.784210 -0.317232
v -0.535580 -4.784210 -0.220218
v -0.521145 -4.641602 -0.220218
v -4.268594 -4.170883 -0.021748
v -5.088203 -4.855766 -1.067016
v -5.088203 -4.855766 -1.019239
v -5.106697 -4.868843 -1.019300
v -5.106697 -4.868843 -0.307232
v -5.932869 -4.855766 -1.067016
v -5.932869 -4.855766 -1.019239
v -5.951363 -4.868843 -1.019300
v -5.951363 -4.868843 -0.307232
v -5.951347 -3.719726 -0.307171
v -5.183266 -4.868843 -0.393457
v -5.181160 -4.868843 -0.957180
v -5.878929 -4.868843 -0.957180
v -5.878929 -4.868843 -0.393457
v -5.227013 -4.868843 -0.432261
v -5.227013 -4.868843 -0.908508
v -5.834114 -4.868843 -0.908508
v -5.834114 -4.868843 -0.432261
v -0.247341 -3.719726 -0.307171
v -0.247341 -3.719719 0.191628
v -0.247341 -3.719719 0.191628
v -0.247341 -4.357941 0.191628
v -1.762386 -4.357941 0.191628
v -1.762386 -3.719719 0.191628
v -1.769009 -3.803749 -0.256826
v -1.769009 -3.718300 -0.256811
v -5.951347 -3.803749 -0.256826
v -5.951347 -3.718292 -0.256826
v -1.769009 -3.804031 -0.328055
v -5.951347 -3.803741 -0.329416
v -1.769009 -3.717064 -0.328055
v -5.951347 -3.716774 -0.329416
v -0.246105 -3.777382 1.061538
v -0.246105 -3.721954 1.061559
v -5.904350 -3.777382 1.061538
v -5.904350 -3.721954 1.061538
v -0.350658 -3.777565 0.964729
v -5.801643 -3.777382 0.962879
v -0.350658 -3.721153 0.964729
v -5.801643 -3.721458 0.962879
v -0.246105 -3.777382 0.191628
v -0.246105 -3.721954 0.191628
v -0.350658 -3.777565 0.191628
v -0.350658 -3.721153 0.191628
v -5.904350 -3.777382 -0.307171
v -5.904350 -3.721954 -0.307171
v -5.801643 -3.777382 -0.307171
v -5.801643 -3.721458 -0.307171
v -0.342861 -3.733986 1.013134
v -5.801643 -3.734169 1.013134
v -0.342861 -3.733986 -0.292440
v -5.780632 -3.734169 -0.292440
v -5.128365 -4.388618 0.191626
v -5.128365 -4.503708 -0.307173
v -5.748146 -4.507027 -0.307173
v -5.748146 -4.388618 0.191626
v -5.228493 -4.411377 0.113920
v -5.229317 -4.489380 -0.245076
v -5.654671 -4.489380 -0.245076
v -5.654671 -4.412369 0.113920
v -5.128365 -3.750404 -0.307173
v -5.128365 -3.750396 0.191626
v -5.128365 -3.750396 0.191626
v -5.128365 -4.388618 0.191626
v -5.748146 -4.388618 0.191626
v -5.748146 -3.750396 0.191626
v -5.769157 -3.750396 -0.307173
v -5.285256 -4.204834 0.479820
v -5.285256 -4.204834 0.193745
v -5.586961 -4.204842 0.193745
v -5.586961 -4.204842 0.479820
v -5.333989 -4.204842 0.441990
v -5.334382 -4.204849 0.240067
v -5.541467 -4.204834 0.240067
v -5.541467 -4.204834 0.441990
v -5.285257 -3.954407 0.479820
v -5.586961 -3.954414 0.479820
v -3.242781 -3.210937 -0.565449
v -0.659618 -3.210937 -0.565449
v -3.242781 -3.720642 -0.307171
v -0.250088 -3.720642 -0.307171
v -1.762401 -3.719719 -0.307171
v -3.242781 -3.224334 -1.019239
v -3.242781 -3.224334 -1.067016
v -3.242781 -3.036751 -1.067016
v -3.242781 -3.224334 -1.067016
v -0.013729 -3.742302 -1.067016
v -0.260738 -3.732651 -1.067016
v -1.677639 -3.719719 0.112677
v -1.677639 -3.719719 -0.231323
v -1.324322 -3.719719 -0.231323
v -1.324322 -3.719719 0.112677
v -1.241192 -3.719719 0.112677
v -1.241192 -3.719719 -0.231323
v -0.915813 -3.719719 0.112677
v -0.915813 -3.719719 -0.231323
v -3.242781 -3.209312 -1.019239
v -3.242781 -3.209312 -0.563283
v -0.658947 -3.209434 -1.019239
v -0.658947 -3.209434 -0.563313
v -2.222912 -3.206115 -0.611880
v -2.222912 -3.206115 -0.968105
v -0.767788 -3.209434 -0.968105
v -0.767788 -3.209434 -0.613241
v -0.822643 -3.216598 -0.965972
v -2.177974 -3.216598 -0.965972
v -0.822643 -3.202812 -0.652568
v -2.177974 -3.202812 -0.652568
v -2.177974 -3.206115 -0.968105
v -0.822643 -3.209434 -0.968105
v -0.835079 -3.248176 -0.676028
v -2.170604 -3.248176 -0.676028
v -2.177974 -3.216598 -0.714061
v -0.822643 -3.216598 -0.714061
v -0.822643 -3.216598 -0.671737
v -2.177974 -3.216598 -0.954396
v -0.822643 -3.216598 -0.954396
v -2.177974 -3.216598 -0.671737
v -2.177974 -3.216598 -0.658830
v -0.822643 -3.216598 -0.658830
v -2.177974 -3.247062 -0.676516
v -0.822643 -3.247062 -0.676516
v -0.822643 -3.216598 -0.947286
v -2.177974 -3.216598 -0.947286
v -2.222912 -3.206115 -0.611880
v -2.222912 -3.206115 -0.968105
v -0.767788 -3.209434 -0.613241
v -0.767788 -3.209434 -0.968105
v -1.646633 -3.211029 -0.752824
v -1.346340 -3.211029 -0.752824
v -1.346340 -3.211029 -0.806761
v -1.646633 -3.211029 -0.806761
v -5.951345 -3.224334 -1.019239
v -5.951345 -3.224334 -1.067016
v -6.155653 -3.036751 -1.067016
v -5.951345 -3.224334 -1.067016
v -5.951344 -3.209435 -0.565449
v -5.948891 -3.720642 -0.307171
v -3.242781 -3.224334 -1.019239
v -3.242781 -3.224334 -1.067016
v -3.242781 -3.040687 -1.067016
v -3.242781 -3.224334 -1.067016
v -5.951344 -3.209435 -1.019239
v -5.951344 -3.209435 -0.563313
v -4.262646 -3.206115 -0.609644
v -4.262646 -3.206115 -0.968441
v -5.431190 -3.209434 -0.968441
v -5.431190 -3.209434 -0.611218
v -5.376335 -3.216598 -0.965974
v -4.307583 -3.216598 -0.965974
v -5.376335 -3.202812 -0.656705
v -4.307583 -3.202812 -0.656705
v -4.307583 -3.202812 -0.968441
v -5.376335 -3.202812 -0.968441
v -5.363899 -3.248176 -0.683840
v -4.314953 -3.248176 -0.683840
v -4.307583 -3.216598 -0.727830
v -5.376335 -3.216598 -0.727830
v -5.376335 -3.216598 -0.678876
v -4.307583 -3.216598 -0.952585
v -5.376335 -3.216598 -0.952585
v -4.307583 -3.216598 -0.678876
v -4.307583 -3.216598 -0.663948
v -5.376335 -3.216598 -0.663948
v -4.307583 -3.247062 -0.684403
v -5.376335 -3.247062 -0.684403
v -5.376335 -3.216598 -0.944361
v -4.307583 -3.216598 -0.944361
v -4.262646 -3.206115 -0.609644
v -4.262646 -3.206115 -0.968441
v -5.431190 -3.209434 -0.611218
v -5.431190 -3.209434 -0.968441
v -4.599968 -3.211029 -0.772664
v -4.805031 -3.211029 -0.772664
v -4.805031 -3.211029 -0.835050
v -4.599968 -3.211029 -0.835050
v -0.670284 -3.224334 -1.019239
v -0.670284 -3.224334 -1.067016
v -0.735958 -3.712837 0.109967
v -0.736050 -3.712837 0.067299
v -0.793178 -3.712837 0.067299
v -0.793178 -3.712837 0.109967
v -0.735958 -3.712837 0.032838
v -0.736050 -3.712837 -0.009830
v -0.793178 -3.712837 -0.009830
v -0.793178 -3.712837 0.032838
v -0.722118 -3.718315 0.121865
v -0.722240 -3.718315 -0.231323
v -0.807018 -3.718315 -0.231323
v -0.807018 -3.718315 0.121865
v -0.521999 -4.420609 -0.067522
v -5.428505 -4.453316 -0.076959
v -5.553261 -3.734161 0.791489
v -5.560539 -3.734161 -0.092961
v -1.976284 -3.734039 -0.098172
v -2.131176 -3.734039 0.360980
v -0.502315 -3.733993 0.356721
v -0.560253 -3.733993 0.790672
v -1.976284 -3.734039 -0.292440
v -4.068310 -3.734108 0.666061
v -4.068310 -3.734108 0.034186
v -2.447582 -3.734070 0.666061
v -2.447582 -3.734070 0.034186
v -0.342861 -3.733986 0.357369
v -1.746273 -3.734031 -0.292440
v -1.734096 -3.734031 0.178670
v -0.342861 -3.733986 0.165124
v -4.105663 -3.731331 0.707066
v -4.025967 -3.731331 0.609850
v -2.411724 -3.731292 0.707066
v -2.491421 -3.731292 0.609850
v -4.105663 -3.731331 -0.013900
v -4.025967 -3.731331 0.075803
v -2.411724 -3.731292 -0.013900
v -2.491421 -3.731292 0.075803
v -4.105663 -3.758514 0.707066
v -4.025967 -3.758514 0.609850
v -2.411724 -3.758476 0.707066
v -2.491421 -3.758476 0.609850
v -4.105663 -3.758514 -0.013900
v -4.025967 -3.758514 0.075803
v -2.411724 -3.758476 -0.013900
v -2.491421 -3.758476 0.075803
v -2.305325 -3.732040 0.963053
v -2.305325 -3.676613 0.963074
v -4.194805 -3.732040 0.963053
v -4.194805 -3.676613 0.963053
v -2.305325 -3.675812 0.777523
v -4.194805 -3.676117 0.775673
v -2.305325 -3.732040 0.777523
v -2.412167 -3.673889 0.911674
v -4.087978 -3.673889 0.911665
v -2.412167 -3.673088 0.828511
v -4.087978 -3.673393 0.827682
v -2.412167 -3.617027 0.869951
v -4.087978 -3.617180 0.869951
v -2.412167 -3.673889 0.911674
v -2.412167 -3.673088 0.828511
v -2.412167 -3.617027 0.869951
v -1.934627 -3.720642 -0.307171
v -1.699016 -3.210937 -0.565449
v -2.035625 -3.720642 -0.307171
v -2.065075 -3.210937 -0.565449
v -4.575649 -3.720642 -0.307171
v -4.489525 -3.210937 -0.565449
v -4.149929 -3.720642 -0.307171
v -4.311184 -3.210937 -0.565449
v -2.258419 -3.734039 0.790890
v -4.276577 -3.734108 0.791257
v -4.558697 -3.734108 1.013134
v -1.976284 -3.734039 1.013134
v -4.558697 -3.734115 -0.094931
v -4.558697 -3.734115 -0.292440
v -2.447582 -3.734054 -0.097587
v -2.447582 -3.734054 -0.292440
v -4.068310 -3.734100 -0.095551
v -4.068310 -3.734100 -0.292440
v -0.342861 -3.741440 1.013134
v -5.801643 -3.741623 1.013134
v -0.342861 -3.741440 -0.292440
v -5.780632 -3.741623 -0.292440
v -5.553261 -3.741615 0.791489
v -5.560539 -3.741615 -0.092961
v -1.976284 -3.741493 -0.098172
v -2.131176 -3.741493 0.360980
v -0.502315 -3.741447 0.356721
v -0.560253 -3.741447 0.790672
v -1.976284 -3.741493 -0.292440
v -4.068310 -3.741562 0.666061
v -4.068310 -3.741562 0.034186
v -2.447582 -3.741524 0.666061
v -2.447582 -3.741524 0.034186
v -0.342861 -3.741440 0.357369
v -1.746273 -3.741485 -0.292440
v -1.734096 -3.741485 0.178670
v -0.342861 -3.741440 0.165124
v -2.258404 -3.741493 0.790890
v -4.276577 -3.741562 0.791257
v -4.558697 -3.741562 1.013134
v -1.976284 -3.741493 1.013134
v -4.558697 -3.741569 -0.094931
v -4.558697 -3.741569 -0.292440
v -2.447582 -3.741508 -0.097587
v -2.447582 -3.741508 -0.292440
v -4.068310 -3.741554 -0.095551
v -4.068310 -3.741554 -0.292440
v -2.305325 -3.739189 0.963053
v -2.305325 -3.794616 0.963074
v -4.194805 -3.739189 0.963053
v -4.194805 -3.794616 0.963053
v -2.305325 -3.795418 0.777523
v -4.194805 -3.795112 0.775673
v -2.305325 -3.739189 0.777523
v -2.412167 -3.797340 0.911674
v -4.087978 -3.797340 0.911665
v -2.412167 -3.798141 0.828511
v -4.087978 -3.797836 0.827682
v -2.412167 -3.854202 0.869951
v -4.087978 -3.854049 0.869951
v -2.412167 -3.797340 0.911674
v -2.412167 -3.798141 0.828511
v -2.412167 -3.854202 0.869951
v -4.357891 -3.719726 -0.307171
v -1.957394 -4.686287 -0.307201
v -1.762386 -4.874100 -0.307171
v -4.936378 -4.686417 -0.307171
v -4.936394 -3.719726 -0.307171
v -1.762386 -3.719726 -0.307171
v -5.093941 -4.849777 -1.067016
v -4.998756 -5.055923 -1.067016
v -5.932854 -4.849777 -1.067016
v -6.140327 -5.055923 -1.067016
v -5.932854 -4.427719 -1.067016
v -6.140327 -4.427719 -1.067016
v -1.505077 -3.719719 -0.063317
v -1.677639 -3.719719 0.112677
v -1.677639 -3.719719 -0.231323
v -1.324322 -3.719719 -0.231323
v -1.324322 -3.719719 0.112677
v -2.201839 -8.456394 -0.299189
v -2.201839 -8.456394 -0.299189
v -2.051624 -8.666339 -0.299187
v -2.051624 -9.836577 -0.316402
v -2.051624 -8.784747 0.199612
v -2.051624 -9.836577 0.199612
v -2.201840 -9.865082 -0.371065
v -2.201839 -9.865082 -1.011257
v -2.176181 -9.865082 -1.059031
v -2.176181 -9.865082 -1.011255
v -1.762386 -4.476349 -0.307171
v -1.762386 -3.719719 -0.307171
v -1.762386 -4.357941 0.191628
v -1.762386 -3.719719 0.191628
v -4.015537 -4.112503 -0.306454
v -3.886692 -4.068634 -0.306454
v -6.155653 -3.455024 -1.067016
v -5.951345 -3.642608 -1.067016
v -5.920628 -8.456390 -0.352562
v -5.920628 -9.836571 -1.011320
v -5.920628 -9.836571 -0.299252
v -5.920628 -9.836571 -0.352566
v -5.920628 -8.456390 -1.011316
v -5.920628 -8.456390 -0.299248
v -5.920628 -8.456390 -0.352562
v -5.920628 -9.836571 -1.059031
v -5.920628 -9.836571 -1.011255
v -5.920628 -9.836571 -1.059031
v -6.126135 -9.836571 -1.059031
v -2.823248 -3.775617 -0.294472
v -2.823248 -3.303144 -0.294472
v -2.823248 -3.242918 -0.555489
v -3.713283 -3.241182 -0.555489
v -3.713283 -3.303144 -0.294472
v -3.713283 -3.788297 -0.294472
v -2.875636 -3.291233 -0.335135
v -2.876068 -3.250416 -0.522995
v -3.172264 -3.250416 -0.522995
v -3.172264 -3.290716 -0.335135
v -3.324415 -3.279936 -0.350234
v -3.324490 -3.272885 -0.382687
v -3.375658 -3.272885 -0.382687
v -3.375658 -3.279846 -0.350234
v -3.408663 -3.279938 -0.350233
v -3.408738 -3.272887 -0.382686
v -3.459905 -3.272887 -0.382686
v -3.459905 -3.279849 -0.350233
v -3.490922 -3.279938 -0.350233
v -3.490997 -3.272887 -0.382686
v -3.542165 -3.272887 -0.382686
v -3.542165 -3.279849 -0.350233
v -3.231743 -3.286549 -0.334971
v -3.231834 -3.247369 -0.523178
v -3.566177 -3.247369 -0.523178
v -3.566177 -3.286169 -0.334971
v -3.324415 -3.268603 -0.398164
v -3.324490 -3.261552 -0.430616
v -3.542168 -3.261552 -0.430616
v -3.542168 -3.268514 -0.398164
v -2.889298 -3.589050 -0.283137
v -2.897251 -3.335766 -0.283137
v -3.066601 -3.341085 -0.283137
v -3.058648 -3.594368 -0.283137
v -3.308599 -3.358397 -0.298175
v -3.388668 -3.439977 -0.298175
v -3.308599 -3.358397 -0.247408
v -3.267472 -3.560256 -0.247408
v -3.388668 -3.439977 -0.247408
v -3.388813 -3.440125 -0.298175
v -3.267472 -3.560256 -0.298175
v -3.267472 -3.560256 -0.247408
v -3.187414 -3.478656 -0.247408
v -3.713283 -3.241182 -0.555489
v -3.713283 -3.853559 -0.564498
v -3.713283 -3.303144 -0.294472
v -3.713283 -3.775617 -0.294472
v -4.803520 -4.075668 -0.317183
v -4.803520 -4.314430 -0.317183
v -4.803520 -4.075668 -0.256795
v -4.803520 -4.314217 -0.256795
vt 0.000000 0.000000
vt 1.000000 0.000001
vt 0.000000 1.311354
vt 1.245115 1.000000
vt -1.062439 -0.718273
vt 0.582083 -0.003364
vt -0.099332 1.165825
vt -0.289029 0.999994
vt 0.000000 0.415680
vt -1.297957 4.886413
vt 1.000000 0.500000
vt 0.000000 0.499992
vt -6.461832 15.340947
vt 0.000000 -0.084321
vt 0.745173 1.000000
vt 0.500000 0.500000
vt 0.500000 0.000001
vt -0.003778 0.928830
vt -0.007097 0.545549
vt -1.126055 0.105708
vt -0.259728 0.115128
vt -0.237932 0.886130
vt -6.908690 16.722034
vt 0.000000 0.000000
vt -0.418966 1.000000
vt 36.246132 5.367048
vt -0.130573 0.000000
vt -1.418966 1.000000
vt -0.418966 0.000000
vt -1.418966 0.004671
vt 2.736573 -3.071053
vt 0.000000 0.747405
vt -0.442229 0.000000
vt 1.285370 1.414575
vt 1.000000 4.176428
vt 1.000000 42.751595
vt 1.285370 1.414575
vt -0.434197 0.000000
vt -0.442229 0.000000
vt -1.418966 0.706366
vt -0.418966 0.717090
vt -1.309604 1.000000
vt -0.442867 1.000000
vt -1.418966 0.824238
vt -0.418966 0.810923
vt 0.000000 0.747405
vt 0.000000 0.000000
vt -0.418966 0.029643
vt -1.418966 0.032935
vt 3.070759 -3.568199
vt 1.000000 43.256813
vt 1.000000 0.000000
vt 1.000000 0.500000
vt 1.000000 0.000000
vt 1.000000 0.500000
vt 1.000000 0.000000
vt 1.000000 0.500000
vt 6.406254 1.000000
vt 1.245173 1.000000
vt 0.000000 0.000000
vt 0.745173 1.000000
vt 1.000000 0.500000
vt 1.000000 1.000000
vt 1.000000 0.500000
vt 1.000000 0.885201
vt 1.000000 0.500000
vt 1.000000 0.083725
vt 1.000000 0.500000
vt 1.000000 0.847102
vt 1.000000 0.500000
vt 1.000000 0.133550
vt 0.000000 0.897495
vt 0.000000 0.499997
vt 0.000000 0.904691
vt 0.000000 0.500000
vt 1.000000 0.000000
vt 1.000000 0.500000
vt -0.130813 1.120794
vt -0.125399 0.476035
vt -0.098198 0.492635
vt -0.097099 0.767318
vt 0.558701 0.000000
vt 0.500000 0.000000
vt 1.000000 0.000000
vt 1.000000 0.000000
vt 1.000000 0.000000
vt 1.000000 0.000000
vt 1.000000 0.000000
vt 1.000000 0.000000
vt 1.000000 0.000000
vt 1.000000 0.000000
vt 1.000000 0.000000
vt 1.000000 0.000000
vt 1.000000 0.000000
vt 1.000000 0.000000
vt 3.207407 1.000000
vt 5.921252 1.000000
vt 0.761583 1.000000
vt 1.000000 1.000000
vt 1.000000 1.000000
vt 3.326615 1.000000
vt -1.564947 1.000000
vt 5.880902 1.000000
vt 5.880903 1.000000
vt 11.395177 1.000000
vt 11.656760 1.000000
vt 11.645177 1.000000
vt 1.000000 1.000000
vt 1.000000 1.000000
vt 0.880792 1.000000
vt -1.445738 1.000000
vt 1.000000 1.000000
vt -4.381082 1.000000
vt 12.330722 1.000000
vt 3.207407 1.000000
vt -1.564947 1.000000
vt 8.916063 1.000000
vt -3.156104 1.000000
vt 1.000000 1.000000
vt -2.917687 1.000000
vt -3.034331 1.000000
vt 0.000000 0.000000
vt 1.000000 0.000000
vt 1.000000 0.500000
vt 1.000000 0.500000
vt 1.000000 1.000000
vt 1.000000 0.000000
vt 1.000000 0.500000
vt 1.000000 0.500000
vt 1.000000 1.000000
vt 0.000000 0.000000
vt 0.000000 0.000000
vt 1.000000 0.931792
vt 1.000000 0.565936
vt 1.000000 0.565713
vt 1.000000 0.931952
vt 1.000000 0.905507
vt 1.000000 0.594661
vt 1.000000 0.600230
vt 1.000000 0.907873
vt 0.500000 1.000000
vt 0.000000 0.000000
vt 0.000000 1.000000
vt 0.076301 0.883281
vt 0.000000 0.000000
vt 0.000000 0.000000
vt 1.000000 1.000000
vt 0.929153 0.865061
vt 0.000000 0.000000
vt 0.000000 1.000000
vt 0.076301 0.883281
vt 1.000000 1.000000
vt 0.929153 0.865061
vt 0.000000 0.000000
vt 0.500000 0.500000
vt 0.500000 0.000000
vt 0.500000 0.000000
vt 0.630641 0.000000
vt 0.609200 0.000000
vt 0.000000 0.000000
vt 0.000000 0.000000
vt 0.000000 0.000000
vt 0.000000 0.000000
vt 0.000000 0.000000
vt 0.000000 0.000000
vt 0.000000 0.000000
vt 0.000000 0.000000
vt 1.000002 0.993535
vt 0.002560 1.000003
vt 0.000002 0.006098
vt 0.996043 0.000003
vt 0.494581 0.494464
vt 0.999986 0.997556
vt 0.003387 1.000001
vt -0.000014 0.002261
vt 0.994726 0.000001
vt 0.468284 0.468356
vt 0.073050 0.888254
vt 0.073336 0.887817
vt 0.021993 0.966357
vt 0.021696 0.966811
vt 0.002125 0.996749
vt 0.002897 0.995568
vt 0.003382 0.994826
vt 0.018219 0.972131
vt 0.021770 0.966699
vt 0.050810 0.922275
vt 0.050935 0.922084
vt 0.035328 0.945958
vt 0.034706 0.946910
vt 0.000000 1.000000
vt 0.018894 0.971098
vt 0.000000 1.000000
vt 0.000000 0.000000
vt 0.000000 0.000000
vt 0.000000 1.000000
vt 1.000000 1.000000
vt 0.076301 0.883281
vt 0.929153 0.865061
vt 0.991240 0.983315
vt 0.983180 0.967964
vt 0.992916 0.986508
vt 0.986582 0.974443
vt 0.991344 0.983512
vt 0.981534 0.964829
vt 0.993295 0.987230
vt 0.985462 0.972310
vt 0.021564 0.967013
vt 0.053196 0.918625
vt 0.053189 0.918637
vt 0.021545 0.967043
vt 0.053936 0.917493
vt 0.054151 0.917164
vt 0.027763 0.957531
vt 0.027619 0.957750
vt 0.047814 0.926859
vt 0.048084 0.926445
vt 0.500000 1.000000
vt 0.000000 0.000000
vt 1.000000 0.000000
vt 1.000000 0.000000
vt 1.000000 0.000000
vt 1.000000 0.000000
vt 1.000000 0.000000
vt 1.000000 0.000000
vt 0.999988 0.998360
vt -0.000012 1.000001
vt -0.000012 0.001641
vt 0.999988 0.000001
vt 0.488377 0.488428
vt 0.000000 0.000000
vt 0.000000 0.990551
vt 1.000000 1.000000
vt 0.500000 1.000000
vt 0.000000 0.897495
vt 0.000000 0.499997
vt 1.000000 0.000000
vt 1.000000 0.500000
vt 1.000000 1.000000
vt 0.500000 1.000000
vt 0.500000 1.000000
vt 0.500000 1.000000
vt 0.500000 0.000000
vt 0.500000 0.000000
vt 0.581697 0.376577
vt 1.770024 0.006057
vt 1.406999 -0.814681
vt 1.377619 -0.881104
vt 1.000000 0.000001
vt 1.000000 0.499999
vt 1.000000 0.000000
vt 1.000000 0.000000
vn -0.404874 0.914373 -0.000059
vn 0.020770 0.999631 -0.017489
vn 0.000000 0.000000 1.000000
vn -0.404926 0.914349 0.000087
vn 0.013309 0.701031 0.713007
vn 0.009974 0.999915 -0.008395
vn 0.006410 0.704208 0.709964
vn 0.013469 0.999598 0.024958
vn 0.029720 0.999558 0.000000
vn 0.012879 0.999393 -0.032371
vn -0.001272 0.999996 0.002488
vn -0.001227 0.999997 -0.001929
vn 0.000000 1.000000 0.000000
vn 0.000000 1.000000 0.000000
vn 0.000000 1.000000 0.000000
vn 0.126602 0.980558 -0.149928
vn 0.000000 1.000000 0.000000
vn 0.000000 1.000000 0.000000
vn -0.150823 0.968999 -0.195687
vn -0.194804 0.952555 0.233860
vn 0.166296 0.966608 0.194972
vn 0.000000 0.861798 0.507251
vn 0.000000 0.861799 0.507251
vn 0.711260 0.432776 -0.553907
vn -0.747111 0.374999 -0.548818
vn 0.684530 0.306976 0.661199
vn -0.716316 0.251024 0.651060
vn 0.000000 0.942476 0.334274
vn 0.000000 0.942476 0.334274
vn 0.000000 1.000000 0.000000
vn 0.000000 1.000000 0.000000
vn 0.000000 1.000000 0.000000
vn 0.000000 1.000000 0.000000
vn 0.000000 1.000000 0.000000
vn 0.000000 1.000000 0.000000
vn 0.000000 0.964831 0.262870
vn 0.000000 0.964831 0.262870
vn 0.000000 0.776521 0.630091
vn 0.000000 0.776521 0.630091
vn 0.000000 1.000000 0.000000
vn 0.000000 1.000000 0.000000
vn 0.041851 0.998045 0.046422
vn 0.097519 0.995234 0.000000
vn 0.034845 0.998555 -0.040923
vn -0.068955 0.995072 -0.071254
vn -0.082261 0.993414 0.079763
vn -0.158852 0.987303 0.000000
vn 0.000000 1.000000 0.000000
vn 0.000000 1.000000 0.000000
vn 0.000000 1.000000 0.000000
vn 0.000000 1.000000 0.000000
vn 0.000000 1.000000 0.000000
vn 0.000000 1.000000 0.000000
vn 0.000000 1.000000 0.000000
vn 0.000000 1.000000 0.000000
vn 0.000000 1.000000 0.000000
vn 0.000000 1.000000 0.000000
vn -0.454289 0.890854 0.000000
vn -0.454289 0.890854 0.000000
vn 0.000000 1.000000 0.000000
vn 0.000000 1.000000 0.000000
vn -0.707108 0.707106 0.000000
vn -0.707106 0.707108 0.000000
vn -0.000005 0.000017 1.000000
vn -0.000004 0.000000 1.000000
vn 0.000012 0.000000 1.000000
vn 0.000008 0.000007 1.000000
vn -0.000000 0.000001 1.000000
vn 0.000000 0.000000 1.000000
vn 0.017254 0.612451 0.790320
vn 0.002935 0.975538 0.219812
vn 0.002701 0.972835 0.231485
vn 0.000390 0.620646 0.784091
vn 0.000000 0.000000 1.000000
vn 0.000063 1.000000 0.000068
vn 0.000052 1.000000 -0.000067
vn 0.012923 0.999632 0.023841
vn 0.028520 0.999593 0.000000
vn 0.012355 0.999443 -0.031001
vn -0.001805 0.999211 0.039668
vn -0.001801 0.999492 -0.031808
vn 0.000110 1.000000 0.000000
vn 0.000000 1.000000 0.000000
vn 0.000000 1.000000 0.000000
vn 0.126602 0.980558 -0.149928
vn 0.000000 1.000000 0.000000
vn 0.000000 1.000000 0.000000
vn -0.151081 0.969022 -0.195373
vn -0.194804 0.952555 0.233860
vn 0.166033 0.966591 0.195280
vn 0.000000 0.780444 0.625226
vn 0.000000 0.780444 0.625226
vn 0.711258 0.432780 -0.553907
vn -0.747111 0.374999 -0.548818
vn 0.684527 0.306980 0.661200
vn -0.716316 0.251024 0.651059
vn 0.000000 0.942476 0.334274
vn 0.000000 0.942476 0.334274
vn 0.000000 1.000000 0.000000
vn 0.000000 1.000000 0.000000
vn 0.000000 1.000000 0.000000
vn 0.000000 1.000000 0.000000
vn 0.000000 1.000000 0.000000
vn 0.000000 1.000000 0.000000
vn 0.000000 0.943516 0.331328
vn 0.000000 0.943516 0.331328
vn 0.000000 0.776521 0.630091
vn 0.000000 0.776521 0.630091
vn 0.000000 1.000000 0.000000
vn 0.000000 1.000000 0.000000
vn 0.041498 0.998046 0.046714
vn 0.097518 0.995234 0.000000
vn 0.034814 0.998539 -0.041323
vn -0.069319 0.995067 -0.070968
vn -0.082277 0.993445 0.079357
vn -0.158851 0.987303 0.000000
vn 0.000000 1.000000 0.000000
vn 0.000000 1.000000 0.000000
vn 0.000000 1.000000 0.000000
vn 0.000000 1.000000 0.000000
vn 0.000000 1.000000 0.000000
vn 0.000000 1.000000 0.000000
vn 0.000000 1.000000 0.000000
vn 0.000000 1.000000 0.000000
vn -0.726567 0.687096 0.000003
vn -0.932735 0.360561 -0.000002
vn -0.000003 1.000000 0.000007
vn -0.000006 1.000000 0.000000
vn -0.951160 0.308698 0.000000
vn -0.951160 0.308699 0.000000
vn 0.015911 0.969992 0.242615
vn -0.002472 0.976118 0.217227
vn -0.000134 0.973683 0.227907
vn -0.001570 0.968196 0.250188
vn 0.000000 0.000000 1.000000
vn 0.000000 0.000000 1.000000
vn 0.000000 0.000000 1.000000
vn 0.000000 0.000000 1.000000
vn 0.000000 0.000000 1.000000
vn 0.000000 0.000000 1.000000
vn 0.000000 0.000000 1.000000
vn 0.000000 0.000000 1.000000
vn 0.000000 0.000000 1.000000
vn 0.000000 0.000000 1.000000
vn 0.000000 0.000000 1.000000
vn 0.000000 0.000000 1.000000
vn 0.000000 0.000000 1.000000
vn 0.000000 0.000000 1.000000
vn 0.000000 0.000000 1.000000
vn 0.001704 0.977200 0.212315
vn 0.001080 0.977404 0.211376
vn 0.000000 0.977755 0.209749
vn 0.000624 0.977553 0.210689
vn 0.001704 0.977200 0.212315
vn 0.001080 0.977404 0.211376
vn 0.000000 0.977755 0.209749
vn 0.000624 0.977553 0.210689
vn 0.001704 0.977200 0.212315
vn 0.001080 0.977404 0.211376
vn 0.000000 0.977755 0.209749
vn 0.000624 0.977553 0.210689
vn 0.001115 0.979011 0.203807
vn 0.000744 0.979142 0.203176
vn -0.000001 0.979405 0.201906
vn 0.000369 0.979274 0.202537
vn 0.000401 0.977201 0.212318
vn 0.000362 0.977254 0.212071
vn 0.000000 0.977755 0.209749
vn 0.000039 0.977702 0.209996
vn 0.000000 0.000000 1.000000
vn 0.000000 0.000000 1.000000
vn 0.000000 0.000000 1.000000
vn 0.000000 0.000000 1.000000
vn 0.000000 0.000000 1.000000
vn 0.000000 0.000000 1.000000
vn 0.000000 0.000000 1.000000
vn 0.000000 0.000000 1.000000
vn 0.000000 0.000000 1.000000
vn 0.000000 0.000000 1.000000
vn 0.000000 0.000000 1.000000
vn 0.000000 0.000000 1.000000
vn -0.441402 0.897310 0.000000
vn -0.441402 0.897310 0.000000
vn -0.312114 0.634484 0.707117
vn -0.896816 -0.442402 0.001068
vn -0.772201 0.262999 0.578393
vn -0.896996 -0.442035 0.001641
vn -0.896480 -0.443084 0.000000
vn 0.000000 0.000000 1.000000
vn 0.000000 0.000000 1.000000
vn -0.713694 0.700457 0.000000
vn -0.713694 0.700457 0.000000
vn -0.505546 0.496170 0.705860
vn -0.703714 -0.710483 0.000752
vn -0.815160 -0.005355 0.579211
vn -0.704256 -0.709938 0.003335
vn -0.703556 -0.710640 0.000000
vn 0.000000 0.000000 1.000000
vn 0.000000 0.000000 1.000000
vn 0.000000 1.000000 0.000000
vn -0.708680 0.705526 0.002352
vn 0.000000 0.706609 0.707604
vn -0.708501 -0.001782 0.705708
vn -0.576925 0.576962 0.578163
vn -0.999997 -0.002536 0.000000
vn 0.000000 0.000000 1.000000
vn -1.000000 0.000000 0.000000
vn -0.707093 0.707121 0.000000
vn 0.000000 1.000000 0.000000
vn -1.000000 0.000000 0.000000
vn -0.707107 0.707107 0.000000
vn 0.000000 1.000000 0.000000
vn -1.000000 0.000000 0.000000
vn -0.707093 0.707121 0.000000
vn 0.000000 1.000000 0.000000
vn -1.000000 0.000000 0.000000
vn -0.707107 0.707107 0.000000
vn 0.000000 1.000000 0.000000
vn -1.000000 0.000000 0.000000
vn -0.707093 0.707121 0.000000
vn 0.000000 1.000000 0.000000
vn -1.000000 0.000000 0.000000
vn -0.707107 0.707107 0.000000
vn 0.000000 1.000000 0.000000
vn 0.000000 0.000000 1.000000
vn 0.000000 0.000000 1.000000
vn 0.000000 0.000000 1.000000
vn 0.000000 0.000000 1.000000
vn 0.000000 0.000000 1.000000
vn 0.000000 0.000000 1.000000
vn 0.000000 0.000000 1.000000
vn 0.000000 0.000000 1.000000
vn 0.000000 0.000000 1.000000
vn 0.000000 0.000000 1.000000
vn 0.000000 0.000000 1.000000
vn 0.000000 0.000000 1.000000
vn -0.504125 -0.863631 0.000000
vn -0.504129 0.863629 0.000000
vn 0.504254 0.863555 0.000000
vn 0.504249 -0.863558 0.000000
vn -0.504125 -0.863631 0.000000
vn -0.504130 0.863628 0.000000
vn 0.504253 0.863556 0.000000
vn 0.504249 -0.863558 0.000000
vn 1.000000 -0.000005 0.000000
vn 1.000000 -0.000005 0.000000
vn -1.000000 -0.000004 0.000000
vn -1.000000 -0.000006 0.000000
vn 0.000000 -0.000001 1.000000
vn 0.000001 -0.000001 1.000000
vn 0.000002 0.000001 1.000000
vn 0.000000 -0.000001 1.000000
vn 0.000001 -0.000000 1.000000
vn 0.000000 -0.000001 1.000000
vn -0.504128 -0.863629 0.000000
vn -0.504132 0.863627 0.000000
vn 0.504257 0.863553 0.000000
vn 0.504253 -0.863556 0.000000
vn 1.000000 -0.000005 0.000000
vn -1.000000 -0.000005 0.000000
vn -0.504128 -0.863629 0.000000
vn -0.504132 0.863626 0.000000
vn 0.504257 0.863554 0.000000
vn 0.504253 -0.863556 0.000000
vn 1.000000 -0.000005 0.000000
vn -1.000000 -0.000004 0.000000
vn 0.504254 0.863555 0.000000
vn -0.504129 0.863628 0.000000
vn -1.000000 -0.000005 0.000000
vn -0.504125 -0.863631 0.000000
vn 0.504249 -0.863558 0.000000
vn 1.000000 -0.000005 0.000000
vn 0.504253 0.863556 0.000000
vn -0.504130 0.863628 0.000000
vn -1.000000 -0.000004 0.000000
vn -0.504126 -0.863630 0.000000
vn 0.504249 -0.863558 0.000000
vn 1.000000 -0.000005 0.000000
vn -0.504128 -0.863629 0.000000
vn -0.504133 0.863626 0.000000
vn 0.504258 0.863553 0.000000
vn 0.504253 -0.863556 0.000000
vn -0.504129 -0.863628 0.000000
vn -0.504133 0.863626 0.000000
vn 0.504257 0.863554 0.000000
vn 0.504253 -0.863556 0.000000
vn 1.000000 -0.000005 0.000000
vn 1.000000 -0.000005 0.000000
vn -1.000000 -0.000004 0.000000
vn -1.000000 -0.000006 0.000000
vn 0.000000 -0.000001 1.000000
vn 0.000001 -0.000001 1.000000
vn 0.000002 0.000001 1.000000
vn 0.000000 -0.000001 1.000000
vn 0.000001 -0.000000 1.000000
vn 0.000000 -0.000001 1.000000
vn -0.504128 -0.863629 0.000000
vn -0.504132 0.863627 0.000000
vn 0.504257 0.863553 0.000000
vn 0.504253 -0.863556 0.000000
vn 1.000000 -0.000005 0.000000
vn -1.000000 -0.000005 0.000000
vn -0.504128 -0.863629 0.000000
vn -0.504132 0.863626 0.000000
vn 0.504257 0.863554 0.000000
vn 0.504253 -0.863556 0.000000
vn 1.000000 -0.000005 0.000000
vn -1.000000 -0.000004 0.000000
vn 0.504258 0.863553 0.000000
vn -0.504133 0.863626 0.000000
vn -1.000000 -0.000005 0.000000
vn -0.504128 -0.863629 0.000000
vn 0.504253 -0.863556 0.000000
vn 1.000000 -0.000005 0.000000
vn 0.504257 0.863554 0.000000
vn -0.504133 0.863626 0.000000
vn -1.000000 -0.000004 0.000000
vn -0.504129 -0.863628 0.000000
vn 0.504253 -0.863556 0.000000
vn 1.000000 -0.000005 0.000000
vn -0.707107 0.000000 0.707107
vn -0.577350 0.577350 0.577350
vn 0.000000 0.707107 0.707107
vn 0.000000 0.000000 1.000000
vn -0.707107 0.000000 0.707107
vn -0.577350 0.577350 0.577350
vn 0.000000 0.707107 0.707107
vn 0.000000 0.000000 1.000000
vn -0.707107 0.000000 0.707107
vn -0.577350 0.577350 0.577350
vn 0.000000 0.707107 0.707107
vn -0.774601 0.632451 0.000000
vn -0.774601 0.632451 0.000000
vn -0.547731 0.447215 0.707099
vn -0.631621 -0.775276 0.001070
vn -0.811625 -0.081944 0.578404
vn -0.631938 -0.775017 0.001644
vn -0.631030 -0.775758 0.000000
vn 0.000000 0.000000 1.000000
vn 0.000000 0.000000 1.000000
vn 0.000000 0.000000 1.000000
vn 0.000000 0.000000 1.000000
vn 0.000000 0.000000 1.000000
vn 0.000000 0.000000 1.000000
vn 0.000000 0.000000 1.000000
vn -0.374327 -0.927297 -0.000066
vn 0.020769 -0.999631 -0.017487
vn 0.000000 0.000000 1.000000
vn -0.374364 -0.927282 0.000096
vn 0.013308 -0.701032 0.713006
vn -0.367928 -0.929839 -0.005312
vn -0.368256 -0.929710 0.005239
vn 0.013460 -0.999600 0.024889
vn 0.029716 -0.999558 0.000000
vn 0.012871 -0.999395 -0.032302
vn -0.001455 -0.999995 0.002845
vn -0.001404 -0.999997 -0.002206
vn 0.000000 -1.000000 0.000000
vn 0.000000 -1.000000 0.000000
vn 0.000000 -1.000000 0.000000
vn 0.126655 -0.980548 -0.149949
vn 0.000000 -1.000000 0.000000
vn 0.000000 -1.000000 0.000000
vn -0.150993 -0.968999 -0.195558
vn -0.194844 -0.952542 0.233880
vn 0.166214 -0.966589 0.195137
vn 0.000000 -0.780456 0.625211
vn 0.000000 -0.780456 0.625210
vn 0.711212 -0.432859 -0.553905
vn -0.747094 -0.375040 -0.548812
vn 0.684485 -0.307053 0.661209
vn -0.716301 -0.251060 0.651062
vn 0.000000 -0.942479 0.334266
vn 0.000000 -0.942479 0.334266
vn 0.000000 -1.000000 0.000000
vn 0.000000 -1.000000 0.000000
vn 0.000000 -1.000000 0.000000
vn 0.000000 -1.000000 0.000000
vn 0.000000 -1.000000 0.000000
vn 0.000000 -1.000000 0.000000
vn 0.000000 -0.943519 0.331318
vn 0.000000 -0.943519 0.331318
vn 0.000000 -0.776532 0.630078
vn 0.000000 -0.776532 0.630078
vn 0.000000 -1.000000 0.000000
vn 0.000000 -1.000000 0.000000
vn 0.041609 -0.998051 0.046517
vn 0.097410 -0.995244 0.000000
vn 0.034782 -0.998550 -0.041080
vn -0.069092 -0.995077 -0.071044
vn -0.082203 -0.993441 0.079482
vn -0.158704 -0.987326 0.000000
vn 0.000000 -1.000000 0.000000
vn 0.000000 -1.000000 0.000000
vn 0.000000 -1.000000 0.000000
vn 0.000000 -1.000000 0.000000
vn 0.000000 -1.000000 0.000000
vn 0.000000 -1.000000 0.000000
vn 0.000000 -1.000000 0.000000
vn 0.000000 -1.000000 0.000000
vn 0.000000 -1.000000 0.000000
vn 0.000000 -1.000000 0.000000
vn -0.400040 -0.916498 0.000000
vn -0.400040 -0.916498 0.000000
vn 0.000000 -1.000000 0.000000
vn 0.000000 -1.000000 0.000000
vn 0.424879 -0.905250 0.000000
vn 0.424879 -0.905250 0.000000
vn -0.000009 -0.000023 1.000000
vn 0.000000 0.000000 1.000000
vn -0.000020 -0.000111 1.000000
vn 0.000000 0.000000 1.000000
vn 0.000000 0.000000 1.000000
vn 0.030189 -0.966854 0.253539
vn 0.002414 -0.975394 0.220453
vn 0.002691 -0.972872 0.231328
vn 0.000623 -0.973285 0.229601
vn -0.000345 -1.000000 -0.000059
vn -0.000402 -1.000000 0.000089
vn 0.006343 -0.999631 0.026402
vn 0.015777 -0.999876 0.000000
vn 0.006135 -0.999411 -0.033763
vn -0.000964 -0.999999 0.001328
vn -0.000923 -0.999999 -0.001021
vn 0.000000 -1.000000 0.000000
vn 0.000000 -1.000000 0.000000
vn 0.000000 -1.000000 0.000000
vn 0.126627 -0.980550 -0.149955
vn 0.000000 -1.000000 0.000000
vn 0.000000 -1.000000 0.000000
vn -0.150676 -0.968970 -0.195942
vn -0.194844 -0.952542 0.233880
vn 0.166510 -0.966614 0.194762
vn 0.000000 -0.780456 0.625211
vn 0.000000 -0.780456 0.625211
vn 0.711212 -0.432859 -0.553905
vn -0.747094 -0.375040 -0.548812
vn 0.684485 -0.307053 0.661209
vn -0.716301 -0.251060 0.651062
vn 0.000000 -0.942479 0.334267
vn 0.000000 -0.942479 0.334266
vn 0.000000 -1.000000 0.000000
vn 0.000000 -1.000000 0.000000
vn 0.000000 -1.000000 0.000000
vn 0.000000 -1.000000 0.000000
vn 0.000000 -1.000000 0.000000
vn 0.000000 -1.000000 0.000000
vn 0.000000 -0.943519 0.331318
vn 0.000000 -0.943519 0.331319
vn 0.000000 -0.776532 0.630078
vn 0.000000 -0.776532 0.630078
vn 0.000000 -1.000000 0.000000
vn 0.000000 -1.000000 0.000000
vn 0.042042 -0.998049 0.046158
vn 0.097410 -0.995244 0.000000
vn 0.034814 -0.998569 -0.040588
vn -0.068651 -0.995082 -0.071409
vn -0.082200 -0.993400 0.079999
vn -0.158761 -0.987317 0.000000
vn 0.000000 -1.000000 0.000000
vn 0.000000 -1.000000 0.000000
vn 0.000000 -1.000000 0.000000
vn 0.000000 -1.000000 0.000000
vn 0.000000 -1.000000 0.000000
vn 0.000000 -1.000000 0.000000
vn 0.000000 -1.000000 0.000000
vn 0.000000 -1.000000 0.000000
vn 0.398792 -0.917042 0.000000
vn 0.398791 -0.917042 0.000000
vn 0.000000 -1.000000 0.000000
vn 0.000000 -1.000000 0.000000
vn 0.000000 -1.000000 0.000000
vn 0.000000 -1.000000 0.000000
vn 0.000000 -1.000000 0.000000
vn 0.000000 -1.000000 0.000000
vn 0.000000 -1.000000 0.000000
vn 0.000000 -1.000000 0.000000
vn 0.000000 -1.000000 0.000000
vn 0.000000 -1.000000 0.000000
vn 0.000000 -1.000000 0.000000
vn 0.000000 -1.000000 0.000000
vn -0.733272 -0.679936 0.000000
vn -0.733272 -0.679936 0.000000
vn 0.021691 -0.970137 0.241584
vn -0.003306 -0.976178 0.216946
vn -0.000030 -0.974137 0.225958
vn -0.001385 -0.968213 0.250125
vn 0.000000 0.000000 1.000000
vn 0.000000 0.000000 1.000000
vn 0.000000 0.000000 1.000000
vn 0.000000 0.000000 1.000000
vn 0.000000 0.000000 1.000000
vn 0.000000 0.000000 1.000000
vn 0.000000 0.000000 1.000000
vn 0.000000 0.000000 1.000000
vn 0.000000 0.000000 1.000000
vn 0.000000 0.000000 1.000000
vn 0.001675 -0.977203 0.212300
vn 0.001062 -0.977404 0.211377
vn 0.000000 -0.977749 0.209777
vn 0.000614 -0.977550 0.210702
vn 0.001675 -0.977203 0.212300
vn 0.001062 -0.977404 0.211377
vn 0.000000 -0.977749 0.209777
vn 0.000614 -0.977550 0.210702
vn 0.001675 -0.977203 0.212300
vn 0.001062 -0.977404 0.211377
vn 0.000000 -0.977749 0.209777
vn 0.000614 -0.977550 0.210702
vn 0.000893 -0.979010 0.203812
vn 0.000649 -0.979118 0.203290
vn 0.000000 -0.979406 0.201901
vn 0.000244 -0.979298 0.202423
vn 0.000412 -0.977204 0.212303
vn 0.000372 -0.977259 0.212049
vn 0.000000 -0.977774 0.209662
vn 0.000040 -0.977719 0.209916
vn 0.000000 0.000000 1.000000
vn 0.000000 0.000000 1.000000
vn 0.000000 0.000000 1.000000
vn 0.000000 0.000000 1.000000
vn 0.000000 0.000000 1.000000
vn 0.000000 0.000000 1.000000
vn 0.000000 0.000000 1.000000
vn 0.000000 0.000000 1.000000
vn 0.000000 0.000000 1.000000
vn 0.000000 0.000000 1.000000
vn 0.000000 0.000000 1.000000
vn 0.000000 0.000000 1.000000
vn -0.946614 -0.322369 0.000000
vn -0.946614 -0.322369 0.000000
vn -0.360430 -0.732634 0.577354
vn -0.321361 0.946956 0.001059
vn -0.732003 0.360069 0.578378
vn -0.321744 0.946825 0.001627
vn -0.320646 0.947199 0.000000
vn 0.000000 0.000000 1.000000
vn 0.227908 -0.669374 0.707104
vn 0.217770 -0.976000 0.000000
vn 0.217770 -0.976000 0.000000
vn 0.154258 -0.691351 0.705860
vn -0.974994 -0.222230 0.000758
vn -0.435138 -0.689318 0.579220
vn -0.974816 -0.222984 0.003362
vn -0.975044 -0.222010 0.000000
vn 0.000000 0.000000 1.000000
vn 0.000000 0.000000 1.000000
vn -0.002213 -0.999992 0.003319
vn 0.000000 0.000000 1.000000
vn -0.001782 -0.708508 0.705701
vn -0.001548 -0.706348 0.707863
vn -0.002536 -0.999997 0.000000
vn 0.000000 0.000000 1.000000
vn -1.000000 0.000000 0.000000
vn -0.707150 -0.707064 0.000000
vn -0.000122 -1.000000 0.000000
vn -1.000000 0.000000 0.000000
vn -0.707150 -0.707064 0.000000
vn -0.000122 -1.000000 0.000000
vn -1.000000 0.000000 0.000000
vn -0.707107 -0.707107 0.000000
vn 0.000000 -1.000000 0.000000
vn -1.000000 0.000000 0.000000
vn -0.707107 -0.707107 0.000000
vn 0.000000 -1.000000 0.000000
vn -1.000000 0.000000 0.000000
vn -0.707107 -0.707107 0.000000
vn 0.000000 -1.000000 0.000000
vn -1.000000 0.000000 0.000000
vn -0.707107 -0.707107 0.000000
vn 0.000000 -1.000000 0.000000
vn 0.000000 0.000000 1.000000
vn 0.000000 0.000000 1.000000
vn 0.000000 0.000000 1.000000
vn 0.000000 0.000000 1.000000
vn 0.000000 0.000000 1.000000
vn 0.000000 0.000000 1.000000
vn 0.000000 0.000000 1.000000
vn 0.000000 0.000000 1.000000
vn 0.000000 0.000000 1.000000
vn 0.000000 0.000000 1.000000
vn 0.000000 0.000000 1.000000
vn 0.000000 0.000000 1.000000
vn -0.504247 0.863560 0.000000
vn -0.504247 -0.863560 0.000000
vn 0.504367 -0.863489 0.000000
vn 0.504367 0.863489 0.000000
vn -0.504247 0.863560 0.000000
vn -0.504247 -0.863560 0.000000
vn 0.504367 -0.863489 0.000000
vn 0.504367 0.863489 0.000000
vn 1.000000 0.000000 0.000000
vn 1.000000 -0.000000 0.000000
vn -1.000000 0.000000 0.000000
vn -1.000000 -0.000000 0.000000
vn 0.000000 0.000000 1.000000
vn 0.000000 0.000000 1.000000
vn 0.000000 0.000000 1.000000
vn 0.000000 0.000000 1.000000
vn 0.000000 0.000000 1.000000
vn 0.000000 0.000000 1.000000
vn -0.504110 0.863639 0.000000
vn -0.504079 -0.863658 0.000000
vn 0.504301 -0.863528 0.000000
vn 0.504332 0.863510 0.000000
vn 1.000000 -0.000036 0.000000
vn -1.000000 -0.000036 0.000000
vn -0.504110 0.863639 0.000000
vn -0.504079 -0.863658 0.000000
vn 0.504301 -0.863528 0.000000
vn 0.504332 0.863510 0.000000
vn 1.000000 -0.000036 0.000000
vn -1.000000 -0.000036 0.000000
vn 0.504367 -0.863489 0.000000
vn -0.504247 -0.863560 0.000000
vn -1.000000 -0.000000 0.000000
vn -0.504247 0.863560 0.000000
vn 0.504367 0.863489 0.000000
vn 1.000000 -0.000000 0.000000
vn 0.504367 -0.863489 0.000000
vn -0.504247 -0.863560 0.000000
vn -1.000000 0.000000 0.000000
vn -0.504247 0.863560 0.000000
vn 0.504367 0.863489 0.000000
vn 1.000000 0.000000 0.000000
vn -0.504123 0.863632 0.000000
vn -0.504122 -0.863632 0.000000
vn 0.504371 -0.863487 0.000000
vn 0.504367 0.863489 0.000000
vn -0.504126 0.863630 0.000000
vn -0.504126 -0.863630 0.000000
vn 0.504367 -0.863489 0.000000
vn 0.504367 0.863489 0.000000
vn 1.000000 0.000000 0.000000
vn 1.000000 -0.000000 0.000000
vn -1.000000 0.000000 0.000000
vn -1.000000 0.000004 0.000000
vn 0.000000 0.000000 1.000000
vn 0.000000 0.000000 1.000000
vn 0.000000 0.000000 1.000000
vn 0.000000 0.000000 1.000000
vn 0.000000 0.000000 1.000000
vn 0.000000 0.000000 1.000000
vn -0.504079 0.863658 0.000000
vn -0.504110 -0.863639 0.000000
vn 0.504332 -0.863510 0.000000
vn 0.504301 0.863528 0.000000
vn 1.000000 0.000036 0.000000
vn -1.000000 0.000036 0.000000
vn -0.504079 0.863658 0.000000
vn -0.504110 -0.863639 0.000000
vn 0.504332 -0.863510 0.000000
vn 0.504301 0.863528 0.000000
vn 1.000000 0.000036 0.000000
vn -1.000000 0.000036 0.000000
vn 0.504367 -0.863489 0.000000
vn -0.504126 -0.863630 0.000000
vn -1.000000 0.000000 0.000000
vn -0.504126 0.863630 0.000000
vn 0.504367 0.863489 0.000000
vn 1.000000 -0.000000 0.000000
vn 0.504367 -0.863489 0.000000
vn -0.504126 -0.863630 0.000000
vn -1.000000 0.000000 0.000000
vn -0.504126 0.863630 0.000000
vn 0.504367 0.863489 0.000000
vn 1.000000 0.000000 0.000000
vn -0.707079 0.000000 0.707134
vn -0.577382 -0.577312 0.577357
vn -0.000086 -0.707134 0.707079
vn 0.000000 0.000000 1.000000
vn -0.707107 0.000000 0.707107
vn -0.577350 -0.577350 0.577350
vn 0.000000 -0.707107 0.707107
vn 0.000000 0.000000 1.000000
vn -0.707107 0.000000 0.707107
vn -0.577350 -0.577350 0.577350
vn 0.000000 -0.707107 0.707107
vn 0.994937 -0.100500 0.000000
vn 0.994937 -0.100500 0.000000
vn 0.703529 -0.071064 0.707105
vn -0.101570 -0.994828 0.001061
vn 0.515973 -0.631847 0.578396
vn -0.101166 -0.994868 0.001631
vn -0.102322 -0.994751 0.000000
vn 0.000000 0.000000 1.000000
vn 0.000000 0.000000 1.000000
vn 0.000000 0.000000 1.000000
vn 0.424879 -0.905250 0.000000
vn 0.424879 -0.905250 0.000000
vn 0.398791 -0.917042 0.000000
vn 0.310456 -0.714119 0.627416
vn 0.000000 -1.000000 0.000000
vn 0.000000 -1.000000 0.000000
vn 0.000000 -1.000000 0.000000
vn -0.000032 -0.707140 0.707073
vn -0.000026 -0.000027 1.000000
vn 0.000000 -1.000000 0.000000
vn 0.000000 -1.000000 0.000000
vn 0.000000 -1.000000 0.000000
vn 0.000000 -1.000000 0.000000
vn 0.000000 -1.000000 0.000000
vn 0.000000 -1.000000 0.000000
vn 0.000000 -1.000000 0.000000
vn 0.000000 -1.000000 0.000000
vn 0.000009 1.000000 -0.000018
vn 0.000006 1.000000 -0.000010
vn 0.000000 0.000000 1.000000
vn 0.000000 0.000000 1.000000
vn 0.000000 0.000000 1.000000
vn 0.000000 0.707114 0.707100
vn -0.000003 -0.705766 0.708445
vn -0.000001 0.700882 0.713277
vn -0.000048 -0.707129 0.707085
vn 0.000043 0.699691 0.714446
vn -0.000001 -0.999992 0.003918
vn -0.000069 -1.000000 -0.000105
vn 0.000002 0.999849 0.017385
vn 0.000062 0.999781 0.020911
vn 0.577549 -0.577101 0.577401
vn 0.578118 0.575719 0.578211
vn -0.000011 -0.707104 0.707110
vn -0.001768 0.706235 0.707976
vn 0.000861 -0.999999 0.000954
vn 0.316234 -0.948681 -0.000017
vn 0.003768 0.999984 0.004192
vn 0.314181 0.949360 0.002377
vn 0.707726 -0.706487 0.000000
vn 0.709810 0.704393 0.000000
vn 0.001751 -0.999998 0.000000
vn 0.007662 0.999971 0.000000
vn 0.000000 -1.000000 0.000000
vn -0.004828 0.999988 0.000000
vn 0.707107 -0.707107 0.000000
vn 0.705398 0.708812 0.000000
vn -0.000032 1.000000 -0.000002
vn -0.000040 1.000000 -0.000010
vn -0.000033 1.000000 0.000000
vn -0.000039 1.000000 0.000004
vn 0.027407 -0.968016 0.249388
vn 0.003218 -0.975072 0.221864
vn 0.020609 -0.969437 0.244474
vn -0.026709 -0.967819 0.250225
vn 0.016262 -0.970055 0.242340
vn -0.002429 -0.976130 0.217175
vn 0.009039 -0.971113 0.238449
vn -0.026583 -0.969979 0.241732
vn 0.000012 1.000000 -0.000015
vn 0.000007 1.000000 -0.000009
vn 0.000000 0.000000 1.000000
vn 0.000000 0.000000 1.000000
vn 0.000000 0.000000 1.000000
vn 0.000000 0.716394 0.697695
vn 0.000005 1.000000 -0.000007
vn 0.000057 -0.707078 0.707135
vn 0.000132 -1.000000 -0.000119
vn 0.000096 -1.000000 0.000071
vn 0.000074 -0.707139 0.707075
vn 0.000038 -1.000000 0.000109
vn 0.000086 -1.000000 -0.000136
vn 0.000051 -1.000000 0.000037
vn 0.000055 -1.000000 -0.000052
vn 0.000000 0.000000 1.000000
vn 0.000000 0.000000 1.000000
vn 0.000000 0.452003 0.892016
vn 0.000000 0.452003 0.892016
vn 0.000000 0.452003 0.892016
vn 0.000000 0.452003 0.892016
vn 0.000000 1.000000 -0.000003
vn 0.000000 1.000000 0.000000
vn 0.000000 1.000000 0.000000
vn 0.000000 0.000000 1.000000
vn 0.000000 0.000000 1.000000
vn 0.000000 0.000000 1.000000
vn 0.000000 0.000000 1.000000
vn 0.000000 1.000000 0.000000
vn 0.000000 1.000000 0.000000
vn 0.000000 1.000000 0.000000
vn 0.000000 1.000000 0.000000
vn 0.000000 1.000000 0.000000
vn 0.000002 1.000000 -0.000017
vn 0.000000 1.000000 0.000000
vn 0.000001 1.000000 -0.000050
vn 0.000000 0.999998 -0.002023
vn 0.000002 0.999998 0.002023
vn 0.000591 1.000000 -0.000064
vn 0.000579 1.000000 0.000060
vn -0.001030 0.999062 0.043293
vn -0.001032 0.999155 -0.041093
vn 0.001308 0.999995 0.002784
vn 0.001309 0.999995 -0.002855
vn 0.000000 1.000000 0.000000
vn 0.000000 1.000000 0.000000
vn -0.142395 0.980300 -0.136881
vn 0.161531 0.968930 -0.187300
vn 0.095719 0.995354 -0.010421
vn -0.094279 0.995327 -0.020889
vn -0.656356 0.480663 -0.581516
vn 0.706305 0.412332 -0.575426
vn 0.000000 0.942479 0.334266
vn 0.000000 0.942479 0.334266
vn 0.000000 1.000000 0.000000
vn 0.000000 1.000000 0.000000
vn 0.000000 1.000000 0.000000
vn 0.000000 1.000000 0.000000
vn 0.000000 1.000000 0.000000
vn 0.000000 1.000000 0.000000
vn 0.000000 0.776532 0.630078
vn 0.000000 0.776532 0.630078
vn 0.000000 1.000000 0.000000
vn 0.000000 1.000000 0.000000
vn -0.037939 0.998512 0.039170
vn -0.006620 0.999933 -0.009526
vn 0.072566 0.995251 0.064884
vn 0.013226 0.999738 -0.018683
vn 0.000000 1.000000 0.000000
vn 0.000000 1.000000 0.000000
vn 0.000000 1.000000 0.000000
vn 0.000000 1.000000 0.000000
vn 0.000000 1.000000 0.000000
vn 0.000000 1.000000 0.000000
vn 0.000000 0.000000 1.000000
vn 0.000000 0.000000 1.000000
vn 0.000117 0.451195 0.892425
vn 0.000000 0.450945 0.892552
vn 0.000000 1.000000 0.000000
vn 0.000000 1.000000 0.000000
vn 0.000000 0.000000 1.000000
vn 0.000000 0.000000 1.000000
vn -0.000123 1.000000 0.000023
vn -0.000116 1.000000 -0.000024
vn 0.001028 0.998974 0.045276
vn 0.001031 0.999149 -0.041225
vn -0.001834 0.999822 0.018778
vn -0.001811 0.999805 -0.019656
vn 0.000000 1.000000 0.000000
vn 0.000000 1.000000 0.000000
vn 0.129036 0.981824 -0.139184
vn -0.148645 0.971741 -0.183367
vn -0.026912 0.999638 0.000000
vn -0.018899 0.999821 0.000000
vn 0.661621 0.510110 -0.549586
vn -0.712743 0.441712 -0.544874
vn 0.000000 0.953585 0.301123
vn 0.000000 0.953585 0.301123
vn 0.000000 1.000000 0.000000
vn 0.000000 1.000000 0.000000
vn 0.000000 1.000000 0.000000
vn 0.000000 1.000000 0.000000
vn 0.000000 1.000000 0.000000
vn 0.000000 1.000000 0.000000
vn 0.000000 0.818650 0.574292
vn 0.000000 0.818650 0.574292
vn 0.000000 1.000000 0.000000
vn 0.000000 1.000000 0.000000
vn 0.034152 0.998713 0.037496
vn 0.073317 0.997309 0.000000
vn -0.067250 0.995805 0.062043
vn -0.119853 0.992792 0.000000
vn 0.000000 1.000000 0.000000
vn 0.000000 1.000000 0.000000
vn 0.000000 1.000000 0.000000
vn 0.000000 1.000000 0.000000
vn 0.000000 1.000000 0.000000
vn 0.000000 1.000000 0.000000
vn 0.000000 1.000000 0.000000
vn 0.000000 1.000000 0.000000
vn 0.000000 1.000000 0.000000
vn 0.000000 1.000000 0.000000
vn 0.000000 1.000000 0.000000
vn 0.000000 1.000000 0.000000
vn 0.000000 1.000000 0.000000
vn 0.000000 1.000000 0.000000
vn 0.000000 1.000000 0.000000
vn 0.000000 1.000000 0.000000
vn 0.000000 1.000000 0.000000
vn 0.000000 1.000000 0.000000
vn 0.001221 -0.977476 0.211044
vn 0.001137 -0.977478 0.211034
vn -0.000041 1.000000 -0.000009
vn -0.000041 1.000000 0.000005
vn -0.000039 1.000000 0.000002
vn -0.000085 1.000000 -0.000028
vn -0.000035 1.000000 0.000005
vn -0.000029 1.000000 -0.000006
vn -0.000033 1.000000 0.000000
vn -0.000022 1.000000 -0.000027
vn -0.000024 1.000000 0.000028
vn -0.000056 1.000000 -0.000096
vn -0.000037 1.000000 0.000053
vn -0.000048 1.000000 0.000000
vn -0.000033 1.000000 0.000001
vn -0.000031 1.000000 -0.000014
vn -0.000035 1.000000 0.000003
vn -0.000014 1.000000 -0.000010
vn -0.000012 1.000000 -0.000010
vn -0.000013 1.000000 0.000010
vn -0.000011 1.000000 0.000008
vn -0.000012 1.000000 0.000011
vn -0.000011 1.000000 0.000009
vn -0.000013 1.000000 -0.000010
vn -0.000012 1.000000 -0.000011
vn 0.000014 -1.000000 0.000010
vn 0.000012 -1.000000 0.000010
vn 0.000013 -1.000000 -0.000010
vn 0.000011 -1.000000 -0.000008
vn 0.000012 -1.000000 -0.000011
vn 0.000011 -1.000000 -0.000009
vn 0.000013 -1.000000 0.000010
vn 0.000012 -1.000000 0.000011
vn 0.707188 -0.000263 0.707025
vn 0.577555 0.575889 0.578604
vn 0.000000 0.000000 1.000000
vn -0.000109 0.706134 0.708079
vn 0.705909 0.708296 0.002984
vn -0.000164 0.999996 0.002647
vn 1.000000 0.000000 0.000000
vn -0.000053 0.591615 0.806220
vn -0.509742 0.509774 0.693032
vn 0.000290 0.594426 -0.804150
vn -0.510388 0.516675 -0.687424
vn 0.000191 0.999998 0.001871
vn -0.563555 0.826067 0.004369
vn 1.000000 0.000000 0.000000
vn 1.000000 0.000000 0.000000
vn 1.000000 0.000000 0.000000
vn 0.000000 0.452003 0.892016
vn 0.000000 0.452003 0.892016
vn 0.000000 0.452003 0.892016
vn 0.000000 0.452003 0.892016
vn 0.000196 0.451844 0.892097
vn 0.000210 0.451975 0.892031
vn 0.000000 0.452003 0.892016
vn 0.000000 0.452003 0.892016
vn -0.000052 1.000000 -0.000007
vn -0.000028 1.000000 -0.000024
vn -0.000039 1.000000 -0.000047
vn -0.000033 1.000000 0.000040
vn -0.000036 1.000000 0.000004
vn -0.000037 1.000000 0.000000
vn -0.000029 1.000000 0.000057
vn -0.000030 1.000000 0.000000
vn -0.000030 1.000000 0.000029
vn -0.000030 1.000000 0.000000
vn 0.000032 -1.000000 0.000002
vn 0.000040 -1.000000 0.000010
vn 0.000033 -1.000000 -0.000000
vn 0.000039 -1.000000 -0.000004
vn 0.000041 -1.000000 0.000009
vn 0.000041 -1.000000 -0.000005
vn 0.000037 -1.000000 -0.000000
vn 0.000061 -1.000000 0.000012
vn 0.000035 -1.000000 -0.000005
vn 0.000029 -1.000000 0.000006
vn 0.000033 -1.000000 0.000000
vn 0.000022 -1.000000 0.000036
vn 0.000024 -1.000000 -0.000037
vn 0.000068 -1.000000 0.000125
vn 0.000049 -1.000000 -0.000065
vn 0.000048 -1.000000 0.000000
vn 0.000033 -1.000000 -0.000001
vn 0.000031 -1.000000 0.000014
vn 0.000035 -1.000000 -0.000003
vn 0.000052 -1.000000 0.000007
vn 0.000028 -1.000000 0.000024
vn 0.000039 -1.000000 0.000047
vn 0.000033 -1.000000 -0.000040
vn 0.000036 -1.000000 -0.000004
vn 0.000037 -1.000000 0.000000
vn 0.000029 -1.000000 -0.000057
vn 0.000030 -1.000000 0.000000
vn 0.000030 -1.000000 -0.000029
vn 0.000030 -1.000000 0.000000
vn 0.707188 0.000263 0.707026
vn 0.577555 -0.575889 0.578603
vn 0.000000 0.000000 1.000000
vn -0.000109 -0.706133 0.708079
vn 0.705909 -0.708296 0.002984
vn -0.000164 -0.999996 0.002647
vn 1.000000 0.000000 0.000000
vn -0.000053 -0.591615 0.806220
vn -0.509742 -0.509774 0.693032
vn 0.000290 -0.594426 -0.804150
vn -0.510387 -0.516675 -0.687424
vn 0.000191 -0.999998 0.001871
vn -0.563555 -0.826067 0.004369
vn 1.000000 0.000000 0.000000
vn 1.000000 0.000000 0.000000
vn 1.000000 0.000000 0.000000
vn 0.000006 -0.000007 1.000000
vn -0.000185 -0.000091 1.000000
vn -0.000131 -0.000058 1.000000
vn 0.000007 -0.000004 1.000000
vn 0.000000 0.000000 1.000000
vn 0.000000 0.000000 1.000000
vn 0.000000 0.000000 1.000000
vn 0.000000 0.000000 1.000000
vn 0.000000 0.000000 1.000000
vn 0.000000 0.000000 1.000000
vn 0.000000 0.000000 1.000000
vn 0.000000 0.000000 1.000000
vn 0.000000 1.000000 0.000000
vn 0.000000 1.000000 0.000000
vn 0.000000 1.000000 0.000000
vn 0.000000 1.000000 0.000000
vn 0.000000 1.000000 0.000000
vn -0.000012 0.000005 1.000000
vn -0.404596 0.914496 0.000008
vn -1.000000 0.000000 0.000000
vn -1.000000 0.000000 0.000000
vn -1.000000 0.000000 0.000000
vn -1.000000 0.000000 0.000000
vn -1.000000 0.000000 -0.000002
vn -1.000000 0.000000 -0.000002
vn -1.000000 0.000000 0.000000
vn -1.000000 0.000000 0.000000
vn -1.000000 0.000000 0.000000
vn -1.000000 0.000000 0.000000
vn -1.000000 0.000000 0.000000
vn -1.000000 0.000000 0.000000
vn 0.322309 -0.946635 0.000000
vn 0.322309 -0.946635 0.000000
vn 0.000000 0.000000 1.000000
vn 0.000000 0.000000 1.000000
vn 0.000110 1.000000 0.000000
vn -1.000000 0.000000 0.000000
vn -1.000000 0.000000 0.000000
vn -1.000000 0.000000 0.000000
vn -1.000000 0.000000 0.000000
vn -1.000000 0.000000 0.000000
vn -1.000000 0.000000 0.000000
vn -1.000000 0.000000 0.000000
vn -1.000000 0.000000 0.000000
vn 0.000000 0.000000 1.000000
vn 0.000000 0.000000 1.000000
vn 0.000000 0.000000 1.000000
vn 0.017254 0.612451 0.790320
vn 0.002935 0.975538 0.219813
vn 0.002701 0.972835 0.231485
vn 0.000390 0.620646 0.784091
vn 0.000000 0.000000 1.000000
vn 0.015911 0.969992 0.242616
vn -0.002472 0.976118 0.217228
vn -0.000134 0.973683 0.227908
vn -0.001570 0.968196 0.250188
vn 0.001705 0.977200 0.212312
vn 0.001081 0.977405 0.211373
vn 0.000000 0.977756 0.209744
vn 0.000625 0.977554 0.210685
vn 0.001700 0.977200 0.212312
vn 0.001079 0.977404 0.211375
vn 0.000000 0.977755 0.209751
vn 0.000623 0.977553 0.210690
vn 0.001700 0.977200 0.212312
vn 0.001079 0.977404 0.211375
vn 0.000000 0.977755 0.209751
vn 0.000623 0.977553 0.210690
vn 0.001115 0.979010 0.203807
vn 0.000744 0.979142 0.203176
vn -0.000001 0.979405 0.201906
vn 0.000369 0.979274 0.202538
vn 0.000400 0.977201 0.212315
vn 0.000362 0.977255 0.212069
vn 0.000000 0.977755 0.209750
vn 0.000039 0.977702 0.209998
vn 0.000000 0.000000 1.000000
vn 0.000000 0.000000 1.000000
vn 0.000000 0.000000 1.000000
vn 0.000000 0.000000 1.000000
vn -0.713693 0.700459 0.000000
vn -0.713693 0.700459 0.000000
vn -0.505545 0.496171 0.705860
vn -0.703715 -0.710482 0.000751
vn -0.815162 -0.005354 0.579209
vn -0.704256 -0.709939 0.003330
vn -0.703556 -0.710640 0.000000
vn 0.000000 0.000000 1.000000
vn 0.000000 0.000000 1.000000
vn -1.000000 0.000000 0.000000
vn -1.000000 0.000000 0.000000
vn -1.000000 0.000000 0.000000
vn -1.000000 0.000000 0.000000
vn -1.000000 0.000000 0.000000
vn -1.000000 0.000000 0.000000
vn -1.000000 0.000000 0.000000
vn -1.000000 0.000000 0.000000
g fff0ac53_00445_009933ad_e0
f 992/59/992 995/61/995 409/218/409
f 344/59/344 345/61/345 342/15/342
f 73/59/73 74/61/74 69/15/69
f 342/15/342 343/4/343 344/59/344
f 671/117/671 672/119/672 674/118/674
f 68/1/68 1007/231/1007 64/1/64
f 974/1/974 977/60/977 975/1/975
f 977/122/977 974/1/974 976/60/976
f 710/59/710 708/141/708 711/61/711
f 688/121/688 668/119/668 669/120/669
f 708/141/708 710/59/710 709/4/709
f 911/1/911 912/1/912 914/60/914
f 914/122/914 913/60/913 911/1/911
f 868/80/868 869/81/869 867/79/867
f 69/15/69 70/4/70 73/59/73
f 65/59/65 1007/58/1007 68/61/68
f 991/1/991 990/219/990 993/60/993
f 7/1/7 67/60/67 64/1/64
f 65/59/65 68/61/68 3/15/3
f 869/81/869 866/78/866 867/79/867
f 202/15/202 204/4/204 203/59/203
f 203/59/203 206/61/206 202/15/202
f 193/15/193 195/4/195 198/59/198
f 198/59/198 199/61/199 193/15/193
f 184/15/184 186/4/186 189/59/189
f 189/59/189 190/61/190 184/15/184
f 178/15/178 179/4/179 180/59/180
f 180/59/180 181/61/181 178/15/178
f 174/15/174 175/4/175 176/59/176
f 176/59/176 177/61/177 174/15/174
f 170/15/170 171/4/171 172/59/172
f 172/59/172 173/61/173 170/15/170
f 168/80/168 169/81/169 167/79/167
f 169/81/169 166/78/166 167/79/167
f 160/80/160 161/81/161 159/79/159
f 994/122/994 993/60/993 990/1/990
f 991/1/991 409/1/409 990/219/990
f 410/59/410 348/15/348 413/61/413
f 549/15/549 550/59/550 551/4/551
f 550/59/550 549/15/549 553/61/553
f 541/15/541 546/59/546 543/4/543
f 546/59/546 541/15/541 547/61/547
f 532/15/532 537/59/537 534/4/534
f 67/60/67 7/1/7 66/122/66
f 537/59/537 532/15/532 538/61/538
f 526/15/526 528/59/528 527/4/527
f 528/59/528 526/15/526 529/61/529
f 522/15/522 524/59/524 523/4/523
f 524/59/524 522/15/522 525/61/525
f 518/15/518 520/59/520 519/4/519
f 323/118/323 322/120/322 341/121/341
f 217/100/217 216/99/216 325/119/325
f 330/120/330 331/118/331 224/98/224
f 224/98/224 223/100/223 330/120/330
f 223/100/223 222/99/222 329/119/329
f 329/119/329 330/120/330 223/100/223
f 322/120/322 323/118/323 212/98/212
f 212/98/212 211/100/211 322/120/322
f 321/119/321 322/120/322 211/100/211
f 211/100/211 210/99/210 321/119/321
f 325/119/325 326/120/326 217/100/217
f 218/98/218 217/100/217 326/120/326
f 326/120/326 327/118/327 218/98/218
f 339/59/339 340/61/340 334/15/334
f 331/118/331 330/120/330 329/119/329
f 328/117/328 331/118/331 329/119/329
f 327/118/327 326/120/326 325/119/325
f 1007/231/1007 7/1/7 64/1/64
f 3/15/3 5/4/5 65/59/65
f 153/81/153 150/78/150 151/79/151
f 152/80/152 153/81/153 151/79/151
f 157/81/157 154/78/154 155/79/155
f 156/80/156 157/81/157 155/79/155
f 161/81/161 158/78/158 159/79/159
f 520/59/520 518/15/518 521/61/521
f 516/80/516 515/79/515 517/81/517
f 517/81/517 515/79/515 514/78/514
f 508/80/508 507/79/507 509/81/509
f 681/15/681 686/59/686 683/4/683
f 670/118/670 688/121/688 669/120/669
f 564/100/564 672/119/672 563/99/563
f 677/120/677 571/98/571 678/118/678
f 571/98/571 677/120/677 570/100/570
f 570/100/570 676/119/676 569/99/569
f 676/119/676 570/100/570 677/120/677
f 669/120/669 559/98/559 670/118/670
f 559/98/559 669/120/669 558/100/558
f 668/119/668 558/100/558 669/120/669
f 558/100/558 668/119/668 557/99/557
f 672/119/672 564/100/564 673/120/673
f 565/98/565 673/120/673 564/100/564
f 673/120/673 565/98/565 674/118/674
f 686/59/686 681/15/681 687/61/687
f 678/118/678 676/119/676 677/120/677
f 675/117/675 676/119/676 678/118/678
f 674/118/674 672/119/672 673/120/673
f 992/1/992 409/1/409 991/1/991
f 348/15/348 410/59/410 350/4/350
f 501/81/501 499/79/499 498/78/498
f 500/80/500 499/79/499 501/81/501
f 334/15/334 336/4/336 339/59/339
f 341/121/341 322/120/322 321/119/321
f 324/117/324 327/118/327 325/119/325
f 764/151/764 755/7/755 763/150/763
f 755/7/755 764/151/764 758/18/758
f 750/141/750 752/59/752 751/4/751
f 752/59/752 750/141/750 753/61/753
f 873/81/873 870/78/870 871/79/871
f 872/80/872 873/81/873 871/79/871
f 720/1/720 721/1/721 723/60/723
f 723/122/723 722/60/722 720/1/720
f 712/1/712 713/1/713 715/60/715
f 715/122/715 714/60/714 712/1/712
f 411/1/411 696/1/696 692/1/692
f 697/132/697 696/131/696 411/60/411
f 411/60/411 412/122/412 697/132/697
f 509/81/509 507/79/507 506/78/506
f 504/80/504 503/79/503 505/81/505
f 505/81/505 503/79/503 502/78/502
f 1057/81/1057 1054/78/1054 1055/79/1055
f 1052/80/1052 1053/81/1053 1051/79/1051
f 1053/81/1053 1050/78/1050 1051/79/1051
f 1048/80/1048 1049/81/1049 1047/79/1047
f 1049/81/1049 1046/78/1046 1047/79/1047
f 1056/80/1056 1057/81/1057 1055/79/1055
f 1065/81/1065 1062/78/1062 1063/79/1063
f 1064/80/1064 1065/81/1065 1063/79/1063
f 1068/59/1068 1069/61/1069 1066/15/1066
f 1066/15/1066 1067/4/1067 1068/59/1068
f 1077/59/1077 1078/61/1078 1072/15/1072
f 1072/15/1072 1074/4/1074 1077/59/1077
f 1040/59/1040 1041/61/1041 1036/15/1036
f 1036/15/1036 1037/4/1037 1040/59/1040
g fff0ac53_00445_009933ad_e1
f 72/19/72 73/18/73 133/80/133
f 10/20/10 1/6/1 11/21/11
f 1022/242/1022 532/15/532 1021/241/1021
f 134/81/134 70/7/70 131/78/131
f 40/48/40 41/49/41 31/30/31
f 31/30/31 32/29/32 40/48/40
f 21/27/21 27/39/27 20/33/20
f 27/39/27 21/27/21 26/38/26
f 4/8/4 5/7/5 8/18/8
f 8/18/8 12/22/12 4/8/4
f 13/23/13 11/21/11 1/13/1
f 532/15/532 1022/242/1022 538/61/538
f 9/19/9 5/7/5 2/10/2
f 9/19/9 8/18/8 5/7/5
f 12/22/12 13/23/13 4/8/4
f 13/23/13 1/13/1 4/8/4
f 10/20/10 9/19/9 2/5/2
f 1/6/1 10/20/10 2/5/2
f 79/20/79 75/6/75 80/21/80
f 420/18/420 419/8/419 424/22/424
f 109/48/109 110/49/110 100/30/100
f 100/30/100 101/29/101 109/48/109
f 90/27/90 96/39/96 89/33/89
f 96/39/96 90/27/90 95/38/95
f 76/8/76 7/7/7 77/18/77
f 77/18/77 81/22/81 76/8/76
f 82/23/82 80/21/80 75/6/75
f 82/23/82 75/6/75 1025/245/1025
f 78/19/78 7/7/7 6/10/6
f 78/19/78 77/18/77 7/7/7
f 425/23/425 418/6/418 423/21/423
f 82/23/82 1025/245/1025 81/22/81
f 79/20/79 78/19/78 6/5/6
f 75/6/75 79/20/79 6/5/6
f 977/8/977 978/18/978 975/7/975
f 978/18/978 977/8/977 979/22/979
f 927/200/927 768/148/768 766/153/766
f 766/153/766 928/201/928 927/200/927
f 131/78/131 70/7/70 71/10/71
f 73/18/73 70/7/70 134/81/134
f 132/79/132 131/78/131 71/10/71
f 72/19/72 133/80/133 71/10/71
f 133/80/133 73/18/73 134/81/134
f 71/10/71 133/80/133 132/79/132
f 185/8/185 186/7/186 187/18/187
f 187/18/187 188/22/188 185/8/185
f 194/8/194 195/7/195 196/18/196
f 196/18/196 197/22/197 194/8/194
f 203/8/203 204/7/204 201/18/201
f 201/18/201 205/22/205 203/8/203
f 81/22/81 1025/245/1025 76/13/76
f 416/19/416 486/80/486 417/18/417
f 425/23/425 419/13/419 418/6/418
f 355/20/355 356/21/356 346/6/346
f 418/6/418 473/67/473 472/66/472
f 487/81/487 484/78/484 414/7/414
f 385/48/385 376/30/376 386/49/386
f 376/30/376 385/48/385 377/29/377
f 366/27/366 365/33/365 372/39/372
f 372/39/372 371/38/371 366/27/366
f 349/8/349 353/18/353 350/7/350
f 421/19/421 351/10/351 352/7/352
f 353/18/353 349/8/349 357/22/357
f 358/23/358 346/13/346 356/21/356
f 418/6/418 470/64/470 473/67/473
f 354/19/354 347/10/347 350/7/350
f 354/19/354 350/7/350 353/18/353
f 357/22/357 349/8/349 358/23/358
f 421/19/421 352/7/352 420/18/420
f 469/63/469 470/64/470 419/13/419
f 425/23/425 424/22/424 419/13/419
f 422/20/422 351/5/351 421/19/421
f 418/6/418 351/5/351 422/20/422
f 418/6/418 419/13/419 470/64/470
f 469/63/469 471/65/471 470/64/470
f 418/6/418 472/66/472 468/62/468
f 471/65/471 468/62/468 472/66/472
f 484/78/484 415/10/415 414/7/414
f 417/18/417 487/81/487 414/7/414
f 485/79/485 415/10/415 484/78/484
f 416/19/416 415/10/415 486/80/486
f 486/80/486 487/81/487 417/18/417
f 415/10/415 485/79/485 486/80/486
f 533/8/533 535/18/535 534/7/534
f 535/18/535 533/8/533 536/22/536
f 542/8/542 544/18/544 543/7/543
f 544/18/544 542/8/542 545/22/545
f 550/8/550 548/18/548 551/7/551
f 358/23/358 349/8/349 346/13/346
f 355/20/355 347/5/347 354/19/354
f 346/6/346 347/5/347 355/20/355
f 422/20/422 423/21/423 418/6/418
f 469/63/469 468/62/468 471/65/471
f 452/48/452 443/30/443 453/49/453
f 443/30/443 452/48/452 444/29/444
f 433/27/433 432/33/432 439/39/439
f 439/39/439 438/38/438 433/27/433
f 419/8/419 420/18/420 352/7/352
f 335/8/335 336/7/336 337/18/337
f 337/18/337 338/22/338 335/8/335
f 548/18/548 550/8/550 552/22/552
f 682/8/682 684/18/684 683/7/683
f 684/18/684 682/8/682 685/22/685
f 699/134/699 695/129/695 691/125/691
f 691/125/691 698/133/698 699/134/699
f 698/133/698 692/126/692 696/130/696
f 691/125/691 692/126/692 698/133/698
f 696/130/696 700/135/700 701/136/701
f 701/136/701 698/133/698 696/130/696
f 700/135/700 695/129/695 699/134/699
f 696/130/696 695/129/695 700/135/700
f 761/80/761 762/81/762 758/18/758
f 756/10/756 760/79/760 761/80/761
f 757/19/757 756/10/756 761/80/761
f 928/201/928 930/203/930 929/202/929
f 929/202/929 927/200/927 928/201/928
f 931/204/931 824/153/824 825/148/825
f 933/206/933 934/207/934 931/204/931
f 931/204/931 934/207/934 932/205/932
f 933/206/933 767/147/767 934/207/934
f 896/1/896 895/1/895 898/1/898
f 897/1/897 898/1/898 895/1/895
f 895/1/895 896/1/896 900/194/900
f 900/194/900 899/194/899 895/1/895
f 897/1/897 902/194/902 898/1/898
f 902/194/902 897/1/897 901/194/901
f 899/1/899 900/1/900 901/1/901
f 902/1/902 901/1/901 900/1/900
f 904/1/904 906/1/906 903/1/903
f 905/1/905 903/1/903 906/1/906
f 903/1/903 908/194/908 904/1/904
f 908/194/908 903/1/903 907/194/907
f 905/1/905 906/1/906 910/194/910
f 910/194/910 909/194/909 905/1/905
f 907/1/907 909/1/909 908/1/908
f 910/1/910 908/1/908 909/1/909
f 914/8/914 912/7/912 915/18/915
f 915/18/915 916/22/916 914/8/914
f 876/80/876 877/81/877 875/79/875
f 877/81/877 874/78/874 875/79/875
f 833/19/833 832/18/832 784/10/784
f 832/18/832 835/22/835 831/8/831
f 831/8/831 785/7/785 832/18/832
f 834/23/834 831/13/831 835/22/835
f 830/6/830 833/20/833 784/5/784
f 847/30/847 848/29/848 854/48/854
f 854/48/854 855/49/855 847/30/847
f 833/20/833 830/6/830 834/21/834
f 932/205/932 824/153/824 931/204/931
f 934/207/934 767/147/767 765/152/765
f 834/23/834 830/6/830 831/13/831
f 832/18/832 785/7/785 784/10/784
f 789/19/789 784/10/784 788/18/788
f 788/18/788 787/8/787 791/22/791
f 787/8/787 788/18/788 785/7/785
f 790/23/790 791/22/791 787/13/787
f 786/6/786 784/5/784 789/20/789
f 803/30/803 810/48/810 804/29/804
f 810/48/810 803/30/803 811/49/811
f 789/20/789 790/21/790 786/6/786
f 783/167/783 706/1/706 781/165/781
f 707/1/707 706/1/706 783/167/783
f 707/1/707 782/166/782 780/164/780
f 778/162/778 781/165/781 769/154/769
f 780/164/780 779/163/779 711/1/711
f 780/164/780 778/162/778 779/163/779
f 707/1/707 783/167/783 782/166/782
f 781/165/781 706/1/706 769/154/769
f 778/162/778 769/154/769 777/161/777
f 777/161/777 769/154/769 776/160/776
f 707/1/707 780/164/780 711/1/711
f 776/160/776 769/154/769 711/1/711
f 779/163/779 776/160/776 711/1/711
f 767/147/767 930/203/930 765/152/765
f 930/203/930 767/147/767 929/202/929
f 760/79/760 756/10/756 759/78/759
f 758/18/758 762/81/762 755/7/755
f 759/78/759 756/10/756 755/7/755
f 762/81/762 759/78/759 755/7/755
f 757/19/757 761/80/761 758/18/758
f 749/1/749 754/149/754 753/1/753
f 749/1/749 748/1/748 754/149/754
f 741/10/741 745/79/745 746/80/746
f 746/80/746 747/81/747 743/18/743
f 742/19/742 741/10/741 746/80/746
f 745/79/745 741/10/741 744/78/744
f 743/18/743 747/81/747 740/7/740
f 744/78/744 741/10/741 740/7/740
f 747/81/747 744/78/744 740/7/740
f 742/19/742 746/80/746 743/18/743
f 735/148/735 733/147/733 723/8/723
f 723/8/723 727/22/727 735/148/735
f 734/148/734 722/8/722 732/147/732
f 722/8/722 734/148/734 725/22/725
f 731/144/731 721/7/721 729/143/729
f 721/7/721 731/144/731 726/18/726
f 730/144/730 728/143/728 720/7/720
f 720/7/720 724/18/724 730/144/730
f 726/18/726 727/22/727 723/8/723
f 723/8/723 721/7/721 726/18/726
f 724/18/724 722/8/722 725/22/725
f 722/8/722 724/18/724 720/7/720
f 718/18/718 719/22/719 715/8/715
f 715/8/715 713/7/713 718/18/718
f 716/18/716 714/8/714 717/22/717
f 714/8/714 716/18/716 712/7/712
f 790/23/790 787/13/787 786/6/786
f 781/165/781 778/162/778 780/164/780
f 788/18/788 784/10/784 785/7/785
f 1075/18/1075 1076/22/1076 1073/8/1073
f 1073/8/1073 1074/7/1074 1075/18/1075
f 1038/10/1038 1044/80/1044 1043/79/1043
f 1044/80/1044 1040/18/1040 1045/81/1045
f 1039/19/1039 1044/80/1044 1038/10/1038
f 1043/79/1043 1042/78/1042 1038/10/1038
f 1040/18/1040 1037/7/1037 1045/81/1045
f 1042/78/1042 1037/7/1037 1038/10/1038
f 1045/81/1045 1037/7/1037 1042/78/1042
f 1039/19/1039 1040/18/1040 1044/80/1044
g fff0ac53_00445_009933ad_e2
f 980/195/980 974/1/974 975/1/975
f 25/47/25 24/47/24 16/24/16
f 20/33/20 25/46/25 19/32/19
f 25/46/25 20/33/20 27/39/27
f 16/24/16 19/24/19 25/47/25
f 369/37/369 366/27/366 371/38/371
f 39/25/39 38/28/38 28/40/28
f 36/44/36 37/45/37 23/25/23
f 21/27/21 16/34/16 24/37/24
f 24/37/24 26/38/26 21/27/21
f 1028/247/1028 1029/6/1029 1026/246/1026
f 915/1/915 912/1/912 917/195/917
f 28/40/28 29/41/29 39/25/39
f 23/25/23 22/28/22 36/44/36
f 479/69/479 480/70/480 478/68/478
f 373/40/373 384/25/384 374/41/374
f 94/47/94 93/47/93 85/24/85
f 89/33/89 94/46/94 88/32/88
f 94/46/94 89/33/89 96/39/96
f 85/24/85 88/24/88 94/47/94
f 108/25/108 107/28/107 97/40/97
f 105/44/105 106/45/106 92/25/92
f 90/27/90 85/34/85 93/37/93
f 93/37/93 95/38/95 90/27/90
f 97/40/97 98/41/98 108/25/108
f 92/25/92 91/28/91 105/44/105
f 368/25/368 381/44/381 367/28/367
f 1030/13/1030 1031/245/1031 1028/247/1028
f 165/81/165 162/78/162 163/79/163
f 164/80/164 165/81/165 163/79/163
f 184/15/184 182/16/182 186/4/186
f 182/16/182 183/11/183 186/4/186
f 193/15/193 191/16/191 195/4/195
f 191/16/191 192/11/192 195/4/195
f 202/15/202 200/16/200 204/4/204
f 200/16/200 201/11/201 204/4/204
f 370/47/370 361/24/361 369/47/369
f 1028/247/1028 1027/248/1027 1030/13/1030
f 437/47/437 428/24/428 436/47/436
f 432/33/432 431/32/431 437/46/437
f 437/46/437 439/39/439 432/33/432
f 428/24/428 437/47/437 431/24/431
f 451/25/451 440/40/440 450/28/450
f 448/44/448 435/25/435 449/45/449
f 433/27/433 436/37/436 428/34/428
f 436/37/436 433/27/433 438/38/438
f 440/40/440 451/25/451 441/41/441
f 1029/6/1029 1028/247/1028 1031/245/1031
f 435/25/435 448/44/448 434/28/434
f 978/1/978 980/195/980 975/1/975
f 366/27/366 369/37/369 361/34/361
f 513/81/513 511/79/511 510/78/510
f 361/24/361 370/47/370 364/24/364
f 794/24/794 799/47/799 795/24/795
f 800/40/800 809/25/809 801/41/801
f 797/27/797 798/37/798 794/34/794
f 809/25/809 800/40/800 808/28/808
f 481/71/481 478/68/478 480/70/480
f 735/146/735 725/60/725 734/145/734
f 799/47/799 794/24/794 798/47/798
f 796/33/796 795/32/795 799/46/799
f 838/24/838 839/24/839 843/47/843
f 844/40/844 845/41/845 853/25/853
f 841/27/841 838/34/838 842/37/842
f 512/80/512 511/79/511 513/81/513
f 532/15/532 534/4/534 530/16/530
f 530/16/530 534/4/534 531/11/531
f 541/15/541 543/4/543 539/16/539
f 539/16/539 543/4/543 540/11/540
f 1083/16/1083 1084/11/1084 1086/4/1086
f 1085/15/1085 1083/16/1083 1086/4/1086
f 681/15/681 683/4/683 679/16/679
f 370/46/370 372/39/372 365/33/365
f 365/33/365 364/32/364 370/46/370
f 679/16/679 683/4/683 680/11/680
f 468/62/468 469/63/469 692/126/692
f 334/15/334 332/16/332 336/4/336
f 332/16/332 333/11/333 336/4/336
f 384/25/384 373/40/373 383/28/383
f 381/44/381 368/25/368 382/45/382
f 692/126/692 691/125/691 468/62/468
f 703/138/703 702/137/702 705/140/705
f 705/140/705 704/139/704 703/138/703
f 725/60/725 735/146/735 727/122/727
f 1018/240/1018 1017/239/1017 1019/59/1019
f 1019/59/1019 1020/61/1020 1018/240/1018
f 1014/236/1014 1013/235/1013 125/72/125
f 125/72/125 126/73/126 1014/236/1014
f 1010/234/1010 1011/59/1011 1009/233/1009
f 1011/59/1011 1010/234/1010 1012/61/1012
f 917/195/917 912/1/912 911/1/911
f 729/142/729 720/1/720 728/142/728
f 720/1/720 729/142/729 721/1/721
f 843/47/843 842/47/842 838/24/838
f 840/33/840 843/46/843 839/32/839
f 853/25/853 852/28/852 844/40/844
f 1081/59/1081 1080/234/1080 1082/61/1082
f 1080/234/1080 1081/59/1081 1079/233/1079
f 1070/16/1070 1071/11/1071 1074/4/1074
f 1072/15/1072 1070/16/1070 1074/4/1074
f 1060/80/1060 1061/81/1061 1059/79/1059
f 1061/81/1061 1058/78/1058 1059/79/1059
g fff0ac53_00445_009933ad_e3
f 37/45/37 36/44/36 18/30/18
f 18/30/18 17/29/17 37/45/37
f 98/41/98 97/40/97 110/49/110
f 1/12/1 126/73/126 125/72/125
f 110/49/110 109/48/109 98/41/98
f 6/14/6 7/9/7 127/74/127
f 41/49/41 40/48/40 29/41/29
f 29/41/29 28/40/28 41/49/41
f 106/45/106 105/44/105 87/30/87
f 87/30/87 86/29/86 106/45/106
f 125/72/125 127/74/127 1008/232/1008
f 1/12/1 125/72/125 4/3/4
f 128/75/128 6/14/6 127/74/127
f 125/72/125 1008/232/1008 4/3/4
f 382/45/382 363/30/363 381/44/381
f 363/30/363 382/45/382 362/29/362
f 845/41/845 844/40/844 855/49/855
f 441/41/441 453/49/453 440/40/440
f 346/12/346 349/3/349 351/72/351
f 811/49/811 801/41/801 810/48/810
f 453/49/453 441/41/441 452/48/452
f 855/49/855 854/48/854 845/41/845
f 351/74/351 349/3/349 352/9/352
f 801/41/801 811/49/811 800/40/800
f 127/74/127 7/9/7 1008/232/1008
f 386/49/386 374/41/374 385/48/385
f 430/30/430 449/45/449 429/29/429
f 374/41/374 386/49/386 373/40/373
f 449/45/449 430/30/430 448/44/448
g fff0ac53_00445_009933ad_e4
f 14/25/14 32/43/32 15/28/15
f 32/43/32 31/42/31 15/28/15
f 35/43/35 34/42/34 33/28/33
f 30/25/30 35/43/35 33/28/33
f 45/36/45 47/51/47 21/34/21
f 43/50/43 19/32/19 42/31/42
f 42/24/42 19/24/19 46/24/46
f 43/50/43 44/26/44 20/33/20
f 19/24/19 16/24/16 46/24/46
f 16/34/16 21/27/21 47/36/47
f 21/27/21 20/33/20 44/26/44
f 44/26/44 45/27/45 21/27/21
f 19/32/19 43/50/43 20/33/20
f 47/51/47 46/35/46 16/34/16
f 55/49/55 54/48/54 51/41/51
f 51/41/51 50/40/50 55/49/55
f 49/30/49 48/29/48 53/45/53
f 53/45/53 52/44/52 49/30/49
f 83/25/83 101/43/101 84/28/84
f 101/43/101 100/42/100 84/28/84
f 104/43/104 103/42/103 102/28/102
f 99/25/99 104/43/104 102/28/102
f 114/36/114 116/51/116 90/34/90
f 112/50/112 88/32/88 111/31/111
f 111/24/111 88/24/88 115/24/115
f 112/50/112 113/26/113 89/33/89
f 88/24/88 85/24/85 115/24/115
f 85/34/85 90/27/90 116/36/116
f 90/27/90 89/33/89 113/26/113
f 113/26/113 114/27/114 90/27/90
f 88/32/88 112/50/112 89/33/89
f 116/51/116 115/35/115 85/34/85
f 124/49/124 123/48/123 120/41/120
f 120/41/120 119/40/119 124/49/124
f 118/30/118 117/29/117 122/45/122
f 122/45/122 121/44/121 118/30/118
f 839/32/839 857/50/857 840/33/840
f 859/51/859 858/35/858 838/34/838
f 838/34/838 841/27/841 859/36/859
f 839/24/839 838/24/838 858/24/858
f 863/49/863 862/48/862 861/41/861
f 856/24/856 839/24/839 858/24/858
f 857/50/857 839/32/839 856/31/856
f 861/41/861 860/40/860 863/49/863
f 846/25/846 851/43/851 849/28/849
f 851/43/851 850/42/850 849/28/849
f 359/25/359 360/28/360 377/43/377
f 377/43/377 360/28/360 376/42/376
f 380/43/380 378/28/378 379/42/379
f 375/25/375 378/28/378 380/43/380
f 390/36/390 366/34/366 392/51/392
f 388/50/388 387/31/387 364/32/364
f 387/24/387 391/24/391 364/24/364
f 388/50/388 365/33/365 389/26/389
f 364/24/364 391/24/391 361/24/361
f 361/34/361 392/36/392 366/27/366
f 366/27/366 389/26/389 365/33/365
f 389/26/389 366/27/366 390/27/390
f 364/32/364 365/33/365 388/50/388
f 392/51/392 361/34/361 391/35/391
f 400/49/400 396/41/396 399/48/399
f 396/41/396 400/49/400 395/40/395
f 394/30/394 398/45/398 393/29/393
f 398/45/398 394/30/394 397/44/397
f 426/25/426 427/28/427 444/43/444
f 444/43/444 427/28/427 443/42/443
f 447/43/447 445/28/445 446/42/446
f 442/25/442 445/28/445 447/43/447
f 457/36/457 433/34/433 459/51/459
f 455/50/455 454/31/454 431/32/431
f 454/24/454 458/24/458 431/24/431
f 455/50/455 432/33/432 456/26/456
f 431/24/431 458/24/458 428/24/428
f 428/34/428 459/36/459 433/27/433
f 433/27/433 456/26/456 432/33/432
f 456/26/456 433/27/433 457/27/457
f 431/32/431 432/33/432 455/50/455
f 459/51/459 428/34/428 458/35/458
f 467/49/467 463/41/463 466/48/466
f 463/41/463 467/49/467 462/40/462
f 461/30/461 465/45/465 460/29/460
f 465/45/465 461/30/461 464/44/464
f 475/30/475 477/45/477 474/29/474
f 477/45/477 475/30/475 476/44/476
f 471/65/471 478/68/478 470/64/470
f 473/67/473 470/64/470 478/68/478
f 471/65/471 479/69/479 478/68/478
f 473/67/473 480/70/480 472/66/472
f 479/69/479 472/66/472 480/70/480
f 471/65/471 472/66/472 479/69/479
f 473/67/473 481/71/481 480/70/480
f 473/67/473 478/68/478 481/71/481
f 848/43/848 847/42/847 837/28/837
f 836/25/836 848/43/848 837/28/837
f 795/32/795 796/33/796 813/50/813
f 815/51/815 794/34/794 814/35/814
f 794/34/794 815/36/815 797/27/797
f 795/24/795 814/24/814 794/24/794
f 819/49/819 817/41/817 818/48/818
f 812/24/812 814/24/814 795/24/795
f 813/50/813 812/31/812 795/32/795
f 817/41/817 819/49/819 816/40/816
f 802/25/802 805/28/805 807/43/807
f 807/43/807 805/28/805 806/42/806
f 804/43/804 793/28/793 803/42/803
f 792/25/792 793/28/793 804/43/804
f 701/136/701 700/135/700 704/139/704
f 704/139/704 700/135/700 703/138/703
f 705/140/705 702/137/702 701/136/701
f 701/136/701 704/139/704 705/140/705
f 699/134/699 698/133/698 702/137/702
f 702/137/702 698/133/698 701/136/701
f 699/134/699 702/137/702 703/138/703
f 703/138/703 700/135/700 699/134/699
g fff0ac53_00445_009933ad_e5
f 1033/250/1033 62/56/62 1032/249/1032
f 401/2/401 402/11/402 404/53/404
f 56/2/56 59/53/59 57/11/57
f 59/53/59 56/2/56 58/52/58
f 63/57/63 60/54/60 62/56/62
f 60/54/60 63/57/63 61/55/61
f 864/16/864 865/17/865 771/156/771
f 761/80/761 760/79/760 762/81/762
f 762/81/762 760/79/760 759/78/759
f 782/166/782 781/165/781 780/164/780
f 58/52/58 130/77/130 59/53/59
f 130/77/130 58/52/58 129/76/129
f 134/81/134 131/78/131 132/79/132
f 133/80/133 134/81/134 132/79/132
f 404/53/404 403/52/403 401/2/401
f 408/57/408 407/56/407 405/54/405
f 405/54/405 406/55/406 408/57/408
f 403/52/403 404/53/404 483/77/483
f 690/124/690 689/123/689 407/56/407
f 689/123/689 690/124/690 694/128/694
f 694/128/694 693/127/693 689/123/689
f 783/167/783 781/165/781 782/166/782
f 1016/238/1016 129/76/129 1015/237/1015
f 129/76/129 1016/238/1016 130/77/130
f 483/77/483 482/76/482 403/52/403
f 827/156/827 820/16/820 826/155/826
f 820/16/820 827/156/827 821/17/821
f 572/97/572 573/99/573 575/98/575
f 575/98/575 573/99/573 574/100/574
f 62/56/62 1033/250/1033 63/57/63
f 576/97/576 577/99/577 579/98/579
f 579/98/579 577/99/577 578/100/578
f 225/97/225 228/98/228 226/99/226
f 228/98/228 227/100/227 226/99/226
f 229/97/229 232/98/232 230/99/230
f 232/98/232 231/100/231 230/99/230
f 233/97/233 236/98/236 234/99/234
f 236/98/236 235/100/235 234/99/234
f 580/97/580 581/99/581 583/98/583
f 583/98/583 581/99/581 582/100/582
f 771/156/771 770/155/770 864/16/864
f 407/56/407 408/57/408 690/124/690
f 1044/80/1044 1045/81/1045 1043/79/1043
f 1045/81/1045 1042/78/1042 1043/79/1043
g fff0ac53_00445_009933ad_e6
f 148/2/148 149/17/149 136/83/136
f 136/83/136 135/82/135 148/2/148
f 148/2/148 135/82/135 138/85/138
f 138/85/138 137/84/137 148/2/148
f 137/84/137 138/85/138 140/87/140
f 140/87/140 139/86/139 137/84/137
f 139/86/139 140/87/140 143/89/143
f 143/89/143 141/88/141 139/86/139
f 998/222/998 1001/225/1001 999/223/999
f 143/91/143 142/90/142 141/88/141
f 142/90/142 143/91/143 145/93/145
f 145/93/145 144/92/144 142/90/142
f 822/83/822 823/17/823 829/156/829
f 1001/225/1001 998/222/998 1000/224/1000
f 139/86/139 141/88/141 147/95/147
f 147/95/147 146/94/146 139/86/139
f 144/92/144 145/93/145 1035/252/1035
f 1035/252/1035 1034/251/1034 144/92/144
f 495/93/495 492/90/492 494/92/494
f 492/90/492 495/93/495 493/91/493
f 493/91/493 490/88/490 492/90/492
f 829/156/829 828/157/828 822/83/822
f 1024/244/1024 822/83/822 1023/243/1023
f 822/83/822 1024/244/1024 823/17/823
f 999/223/999 996/220/996 998/222/998
f 774/158/774 489/83/489 497/17/497
f 497/17/497 775/159/775 774/158/774
f 774/158/774 496/2/496 488/82/488
f 489/83/489 773/156/773 497/17/497
f 494/92/494 997/221/997 495/93/495
f 775/159/775 496/2/496 774/158/774
f 773/156/773 489/83/489 772/157/772
f 490/86/490 493/89/493 491/87/491
f 997/221/997 494/92/494 996/220/996
f 996/220/996 999/223/999 997/221/997
f 491/85/491 496/2/496 490/84/490
f 496/2/496 491/85/491 488/82/488
g fff0ac53_00445_009933ad_e7
f 320/116/320 288/102/288 315/111/315
f 288/102/288 320/116/320 282/96/282
f 314/116/314 287/101/287 313/115/313
f 288/102/288 281/4/281 315/111/315
f 316/112/316 315/111/315 281/4/281
f 281/4/281 280/59/280 316/112/316
f 208/4/208 207/59/207 210/99/210
f 210/99/210 211/100/211 208/4/208
f 209/96/209 208/4/208 211/100/211
f 211/100/211 212/98/212 209/96/209
f 287/101/287 286/98/286 313/115/313
f 312/114/312 313/115/313 286/98/286
f 314/116/314 309/111/309 285/100/285
f 284/99/284 285/100/285 309/111/309
f 320/116/320 319/115/319 282/96/282
f 287/101/287 314/116/314 285/100/285
f 214/4/214 213/59/213 216/99/216
f 216/99/216 217/100/217 214/4/214
f 215/96/215 214/4/214 217/100/217
f 217/100/217 218/98/218 215/96/215
f 311/113/311 312/114/312 283/97/283
f 286/98/286 283/97/283 312/114/312
f 290/104/290 317/113/317 280/59/280
f 317/113/317 290/104/290 318/114/318
f 309/111/309 310/112/310 284/99/284
f 289/103/289 284/99/284 310/112/310
f 220/4/220 219/59/219 222/99/222
f 222/99/222 223/100/223 220/4/220
f 221/96/221 220/4/220 223/100/223
f 223/100/223 224/98/224 221/96/221
f 247/103/247 269/113/269 241/97/241
f 275/113/275 274/112/274 238/59/238
f 237/15/237 240/96/240 277/115/277
f 277/115/277 276/114/276 237/15/237
f 248/104/248 237/15/237 276/114/276
f 269/113/269 247/103/247 268/112/268
f 239/4/239 238/59/238 274/112/274
f 274/112/274 273/111/273 239/4/239
f 246/102/246 239/4/239 273/111/273
f 272/116/272 245/101/245 271/115/271
f 245/101/245 272/116/272 243/100/243
f 278/116/278 277/115/277 240/96/240
f 242/99/242 243/100/243 267/111/267
f 272/116/272 267/111/267 243/100/243
f 247/103/247 242/99/242 268/112/268
f 267/111/267 268/112/268 242/99/242
f 275/113/275 248/104/248 276/114/276
f 248/104/248 275/113/275 238/59/238
f 244/98/244 241/97/241 270/114/270
f 269/113/269 270/114/270 241/97/241
f 270/114/270 271/115/271 244/98/244
f 245/101/245 244/98/244 271/115/271
f 246/102/246 278/116/278 240/96/240
f 278/116/278 246/102/246 273/111/273
f 289/103/289 311/113/311 283/97/283
f 317/113/317 316/112/316 280/59/280
f 279/15/279 282/96/282 319/115/319
f 319/115/319 318/114/318 279/15/279
f 290/104/290 279/15/279 318/114/318
f 311/113/311 289/103/289 310/112/310
f 658/113/658 657/112/657 636/103/636
f 637/104/637 665/114/665 626/15/626
f 666/115/666 626/15/626 665/114/665
f 626/15/626 666/115/666 629/96/629
f 664/113/664 627/59/627 663/112/663
f 636/103/636 630/97/630 658/113/658
f 625/116/625 620/111/620 593/102/593
f 593/102/593 587/96/587 625/116/625
f 592/101/592 618/115/618 591/98/591
f 617/114/617 591/98/591 618/115/618
f 616/113/616 588/97/588 617/114/617
f 591/98/591 617/114/617 588/97/588
f 595/104/595 585/59/585 622/113/622
f 622/113/622 623/114/623 595/104/595
f 614/111/614 589/99/589 615/112/615
f 594/103/594 615/112/615 589/99/589
f 619/116/619 590/100/590 614/111/614
f 589/99/589 614/111/614 590/100/590
f 625/116/625 587/96/587 624/115/624
f 592/101/592 590/100/590 619/116/619
f 619/116/619 618/115/618 592/101/592
f 593/102/593 620/111/620 586/4/586
f 621/112/621 586/4/586 620/111/620
f 586/4/586 621/112/621 585/59/585
f 616/113/616 615/112/615 594/103/594
f 595/104/595 623/114/623 584/15/584
f 624/115/624 584/15/584 623/114/623
f 584/15/584 624/115/624 587/96/587
f 622/113/622 585/59/585 621/112/621
f 594/103/594 588/97/588 616/113/616
f 570/100/570 568/96/568 571/98/571
f 568/96/568 570/100/570 567/4/567
f 569/99/569 567/4/567 570/100/570
f 567/4/567 569/99/569 566/59/566
f 636/103/636 657/112/657 631/99/631
f 656/111/656 631/99/631 657/112/657
f 664/113/664 665/114/665 637/104/637
f 637/104/637 627/59/627 664/113/664
f 633/98/633 659/114/659 630/97/630
f 658/113/658 630/97/630 659/114/659
f 564/100/564 562/96/562 565/98/565
f 562/96/562 564/100/564 561/4/561
f 563/99/563 561/4/561 564/100/564
f 561/4/561 563/99/563 560/59/560
f 634/101/634 632/100/632 661/116/661
f 667/116/667 629/96/629 666/115/666
f 631/99/631 656/111/656 632/100/632
f 661/116/661 632/100/632 656/111/656
f 659/114/659 633/98/633 660/115/660
f 634/101/634 660/115/660 633/98/633
f 558/100/558 556/96/556 559/98/559
f 556/96/556 558/100/558 555/4/555
f 557/99/557 555/4/555 558/100/558
f 555/4/555 557/99/557 554/59/554
f 628/4/628 663/112/663 627/59/627
f 663/112/663 628/4/628 662/111/662
f 635/102/635 662/111/662 628/4/628
f 661/116/661 660/115/660 634/101/634
f 635/102/635 629/96/629 667/116/667
f 667/116/667 662/111/662 635/102/635
g fff0ac53_00445_009933ad_e8
f 249/105/249 252/106/252 254/107/254
f 253/110/253 251/109/251 250/108/250
f 254/107/254 253/101/253 250/108/250
f 254/107/254 252/106/252 253/110/253
f 255/97/255 258/98/258 264/106/264
f 264/106/264 261/105/261 255/97/255
f 260/103/260 255/97/255 261/105/261
f 261/105/261 266/107/266 260/103/260
f 257/100/257 256/99/256 262/108/262
f 262/108/262 263/109/263 257/100/257
f 256/99/256 260/103/260 266/107/266
f 266/107/266 262/108/262 256/99/256
f 259/101/259 257/100/257 263/109/263
f 263/109/263 265/110/265 259/101/259
f 258/98/258 259/101/259 265/110/265
f 265/110/265 264/106/264 258/98/258
f 291/105/291 294/106/294 296/107/296
f 295/110/295 293/109/293 292/108/292
f 296/107/296 295/101/295 292/108/292
f 296/107/296 294/106/294 295/110/295
f 297/97/297 300/98/300 306/106/306
f 306/106/306 303/105/303 297/97/297
f 302/103/302 297/97/297 303/105/303
f 303/105/303 308/107/308 302/103/302
f 299/100/299 298/99/298 304/108/304
f 304/108/304 305/109/305 299/100/299
f 298/99/298 302/103/302 308/107/308
f 308/107/308 304/108/304 298/99/298
f 301/101/301 299/100/299 305/109/305
f 305/109/305 307/110/307 301/101/301
f 300/98/300 301/101/301 307/110/307
f 307/110/307 306/106/306 300/98/300
f 654/110/654 647/98/647 653/106/653
f 647/98/647 654/110/654 648/101/648
f 652/109/652 648/101/648 654/110/654
f 648/101/648 652/109/652 646/100/646
f 655/107/655 645/99/645 651/108/651
f 645/99/645 655/107/655 649/103/649
f 651/108/651 646/100/646 652/109/652
f 646/100/646 651/108/651 645/99/645
f 650/105/650 649/103/649 655/107/655
f 649/103/649 650/105/650 644/97/644
f 653/106/653 644/97/644 650/105/650
f 644/97/644 653/106/653 647/98/647
f 643/107/643 642/110/642 641/106/641
f 643/107/643 639/108/639 642/101/642
f 642/110/642 639/108/639 640/109/640
f 638/105/638 643/107/643 641/106/641
f 612/110/612 605/98/605 611/106/611
f 605/98/605 612/110/612 606/101/606
f 610/109/610 606/101/606 612/110/612
f 606/101/606 610/109/610 604/100/604
f 613/107/613 603/99/603 609/108/609
f 603/99/603 613/107/613 607/103/607
f 609/108/609 604/100/604 610/109/610
f 604/100/604 609/108/609 603/99/603
f 608/105/608 607/103/607 613/107/613
f 607/103/607 608/105/608 602/97/602
f 611/106/611 602/97/602 608/105/608
f 602/97/602 611/106/611 605/98/605
f 601/107/601 600/110/600 599/106/599
f 601/107/601 597/108/597 600/101/600
f 600/110/600 597/108/597 598/109/598
f 596/105/596 601/107/601 599/106/599
g fff0ac53_00445_009933ad_e9
f 922/198/922 921/22/921 923/199/923
f 921/22/921 922/198/922 920/18/920
f 982/8/982 984/22/984 986/199/986
f 988/18/988 987/7/987 989/196/989
f 986/197/986 985/196/985 981/7/981
f 981/7/981 982/8/982 986/197/986
f 984/22/984 983/18/983 985/198/985
f 985/198/985 986/199/986 984/22/984
f 919/8/919 923/199/923 921/22/921
f 925/18/925 926/196/926 924/7/924
f 923/197/923 918/7/918 922/196/922
f 918/7/918 923/197/923 919/8/919
g fff0ac53_00445_009933ad_e13
f 964/208/964 956/187/956 958/189/958
f 964/208/964 954/183/954 945/7/945
f 965/209/965 956/187/956 964/208/964
f 967/211/967 964/208/964 945/7/945
f 966/210/966 946/18/946 949/178/949
f 966/210/966 965/209/965 967/211/967
f 969/213/969 968/212/968 948/144/948
f 970/214/970 951/180/951 959/190/959
f 971/215/971 955/186/955 951/180/951
f 968/212/968 969/213/969 972/216/972
f 968/212/968 972/216/972 957/188/957
f 970/214/970 971/215/971 951/180/951
f 972/216/972 969/213/969 973/217/973
f 972/216/972 970/214/970 957/188/957
f 970/214/970 973/217/973 971/215/971
f 964/208/964 952/181/952 954/183/954
f 959/190/959 951/180/951 952/181/952
f 957/188/957 970/214/970 959/190/959
f 958/189/958 959/190/959 952/181/952
f 968/212/968 956/187/956 965/209/965
f 970/214/970 972/216/972 973/217/973
f 952/181/952 951/180/951 962/192/962
f 964/208/964 958/189/958 952/181/952
f 952/181/952 962/192/962 963/182/963
f 953/182/953 952/143/952 963/193/963
f 967/211/967 965/209/965 964/208/964
f 954/183/954 953/182/953 945/7/945
f 952/181/952 953/182/953 954/183/954
f 953/182/953 960/191/960 945/7/945
f 949/178/949 950/179/950 965/209/965
f 962/192/962 951/180/951 961/185/961
f 956/187/956 968/212/968 957/188/957
f 951/180/951 955/186/955 961/185/961
f 968/212/968 950/179/950 948/144/948
f 950/179/950 949/178/949 948/144/948
f 968/212/968 965/209/965 950/179/950
f 949/178/949 946/18/946 948/144/948
f 963/182/963 962/192/962 947/184/947
f 962/192/962 961/185/961 947/184/947
f 953/182/953 963/193/963 960/191/960
f 965/209/965 966/210/966 949/178/949
f 935/208/935 889/189/889 887/187/887
f 935/208/935 736/7/736 885/183/885
f 936/209/936 935/208/935 887/187/887
f 938/211/938 736/7/736 935/208/935
f 937/210/937 880/178/880 737/18/737
f 937/210/937 938/211/938 936/209/936
f 940/213/940 739/144/739 939/212/939
f 941/214/941 890/190/890 882/180/882
f 942/215/942 882/180/882 886/186/886
f 939/212/939 943/216/943 940/213/940
f 939/212/939 888/188/888 943/216/943
f 941/214/941 882/180/882 942/215/942
f 943/216/943 944/217/944 940/213/940
f 943/216/943 888/188/888 941/214/941
f 941/214/941 942/215/942 944/217/944
f 935/208/935 885/183/885 883/181/883
f 935/208/935 883/181/883 889/189/889
f 888/188/888 890/190/890 941/214/941
f 889/189/889 882/180/882 890/190/890
f 939/212/939 936/209/936 887/187/887
f 941/214/941 944/217/944 943/216/943
f 883/181/883 893/192/893 882/180/882
f 883/181/883 882/180/882 889/189/889
f 883/181/883 894/182/894 893/192/893
f 884/182/884 894/193/894 883/143/883
f 938/211/938 935/208/935 936/209/936
f 885/183/885 736/7/736 884/182/884
f 883/181/883 885/183/885 884/182/884
f 884/182/884 736/7/736 891/191/891
f 880/178/880 936/209/936 881/179/881
f 893/192/893 892/185/892 882/180/882
f 887/187/887 888/188/888 939/212/939
f 882/180/882 892/185/892 886/186/886
f 939/212/939 739/144/739 881/179/881
f 881/179/881 739/144/739 880/178/880
f 939/212/939 881/179/881 936/209/936
f 880/178/880 739/144/739 737/18/737
f 894/182/894 738/184/738 893/192/893
f 893/192/893 738/184/738 892/185/892
f 884/182/884 891/191/891 894/193/894
f 936/209/936 880/178/880 937/210/937
g fff0ac53_00445_009933ad_e12
f 1002/230/1002 1004/228/1004 1003/227/1003
f 1005/229/1005 1004/228/1004 1002/230/1002
f 1006/226/1006 1002/230/1002 1003/227/1003
f 1005/229/1005 1002/230/1002 1006/226/1006
f 746/176/746 879/177/879 747/173/747
f 747/173/747 879/177/879 744/174/744
f 746/176/746 745/175/745 879/177/879
f 879/177/879 745/175/745 744/174/744
f 486/171/486 878/172/878 487/168/487
f 487/168/487 878/172/878 484/169/484
f 486/171/486 485/170/485 878/172/878
f 878/172/878 485/170/485 484/169/484
g fff0ac53_00445_009933ad_e11
f 889/1/889 890/1/890 887/1/887
f 888/1/888 887/1/887 890/1/890
