# fff0af14_00156_00432a6c
o fff0af14_00156_00432a6c
v -2.242679 -10.645096 -0.255751
v -2.156010 -13.149552 -1.639772
v -2.336855 -13.014094 -1.639772
v -2.330588 -12.584371 -1.639772
v -1.672429 -12.808871 -1.639772
v -2.141514 -13.107020 -1.282014
v -1.775830 -12.618896 -1.435457
v -1.717343 -12.808206 -1.282016
v -1.775830 -12.618896 -1.282014
v -1.717343 -12.808208 -1.435457
v -1.716265 -11.215072 -0.632460
v -1.899019 -11.212394 -0.765242
v -2.124933 -11.209087 -0.765242
v -2.307743 -11.206426 -0.632461
v -2.145853 -12.454239 -1.639772
v -1.919924 -12.457543 -1.639772
v -1.739119 -12.593013 -1.639772
v -1.781354 -12.995829 -1.282014
v -1.943372 -13.109925 -1.282014
v -2.300114 -12.988233 -1.282014
v -2.358578 -12.798827 -1.282014
v -2.095362 -10.778115 -0.141525
v -1.916010 -10.780741 -0.141525
v -1.770891 -10.782835 -0.246963
v -1.715477 -10.783660 -0.417555
v -1.745389 -13.022743 -1.639772
v -2.294596 -12.611321 -1.282014
v -2.132603 -12.497191 -1.282014
v -1.934445 -12.500094 -1.282014
v -1.775629 -10.651908 -0.595108
v -1.768007 2.884635 -0.595109
v -1.720499 -10.652692 -0.425430
v -1.712869 2.883851 -0.425431
v -1.775629 -10.651909 -0.255752
v -1.768007 2.884635 -0.255753
v -1.919977 -10.649818 -0.150894
v -1.912322 2.886754 -0.150895
v -2.098344 -10.647185 -0.150894
v -2.090728 2.889362 -0.150895
v -2.235023 2.891477 -0.255753
v -1.930099 -13.152881 -1.639772
v -2.145853 -12.454239 -1.395723
v -1.919924 -12.457544 -1.395723
v -1.770874 -10.782845 -0.588150
v -1.774462 -11.026848 -0.588149
v -1.745389 -13.022743 -1.395723
v -1.930099 -13.152881 -1.395723
v -2.156010 -13.149552 -1.395723
v -2.336855 -13.014094 -1.395723
v -2.403506 -12.798189 -1.395723
v -2.330588 -12.584371 -1.395723
v -1.672429 -12.808871 -1.395723
v -1.739119 -12.593013 -1.395723
v -2.240450 -10.775988 -0.246963
v -2.244038 -11.019989 -0.246963
v -2.098919 -11.022091 -0.141524
v -1.919567 -11.024716 -0.141525
v -1.719042 -11.027665 -0.417556
v -1.774462 -11.026848 -0.246963
v -2.241627 -11.128241 -0.284171
v -2.097292 -11.130331 -0.179313
v -1.918900 -11.132963 -0.179313
v -1.774584 -11.135077 -0.284171
v -1.719454 -11.135864 -0.453849
v -1.740191 -12.656684 -0.623580
v -1.796788 -12.755221 -0.486007
v -1.774584 -11.135077 -0.623527
v -1.788607 -12.196134 -0.594040
v -1.706629 -10.556805 -0.632461
v -1.889385 -10.554127 -0.765242
v -2.115335 -10.550846 -0.765242
v -2.298105 -10.548158 -0.632461
v -2.371445 -10.791143 -0.417556
v -2.255617 -12.189278 -0.254684
v -2.111309 -12.191417 -0.149825
v -1.932919 -12.194024 -0.149826
v -1.742297 -12.800296 -0.863663
v -1.945498 -13.054460 -0.767348
v -2.123911 -13.051874 -0.767348
v -2.266789 -12.951564 -0.804152
v -2.262118 -12.633796 -0.923170
v -2.116396 -12.537733 -0.959975
v -2.367899 -10.547132 -0.417556
v -2.298105 -10.548160 -0.202682
v -1.733485 -12.196946 -0.424361
v -1.788607 -12.196134 -0.254684
v -2.266789 -12.951591 -1.373508
v -2.262118 -12.633821 -1.373506
v -2.116396 -12.537758 -1.373506
v -1.937985 -12.540342 -1.373506
v -2.301645 -10.792171 -0.202682
v -2.115335 -10.550846 -0.069870
v -2.118883 -10.794856 -0.069870
v -1.889385 -10.554127 -0.069870
v -1.892962 -10.798162 -0.069870
v -1.706629 -10.556805 -0.202682
v -1.640375 -10.801849 -0.417555
v -1.710200 -10.800841 -0.202682
v -1.636799 -10.557816 -0.417556
v -1.937289 -12.493077 -0.846174
v -2.115666 -12.490470 -0.846174
v -2.263806 -12.748390 -0.486007
v -2.120381 -12.811822 -0.400985
v -1.941981 -12.814431 -0.400985
v -1.793851 -12.556579 -0.761153
v -1.799748 -12.958400 -0.804152
v -1.945498 -13.054484 -1.373508
v -2.123911 -13.051900 -1.373506
v -1.795094 -12.640654 -1.373506
v -1.742297 -12.800320 -1.373506
v -1.799748 -12.958425 -1.373506
v -1.795094 -12.640630 -0.923170
v -1.937970 -12.540317 -0.959974
v -1.710200 -10.800841 -0.632460
v -1.892962 -10.798162 -0.765242
v -2.118883 -10.794856 -0.765242
v -2.301645 -10.792174 -0.632460
v -1.712694 -10.971070 -0.632460
v -1.895457 -10.968415 -0.765242
v -2.121378 -10.965090 -0.765242
v -2.304161 -10.962423 -0.632461
v -2.373957 -10.961398 -0.417556
v -2.304161 -10.962425 -0.202682
v -2.121378 -10.965088 -0.069869
v -1.899014 -11.212397 -0.069870
v -1.781354 -12.995828 -1.435459
v -1.943372 -13.109927 -1.435457
v -2.141514 -13.107020 -1.435457
v -2.300114 -12.988233 -1.435457
v -2.294596 -12.611323 -1.435457
v -2.132603 -12.497193 -1.435457
v -1.934445 -12.500095 -1.435457
v -2.377520 -11.205400 -0.417556
v -2.307743 -11.206424 -0.202681
v -2.124933 -11.209087 -0.069870
v -1.895457 -10.968415 -0.069870
v -1.712694 -10.971068 -0.202682
v -1.646448 -11.216080 -0.417556
v -1.716265 -11.215072 -0.202682
v -1.642855 -10.972081 -0.417556
v -2.251874 2.473654 -0.236959
v -2.255453 2.229061 -0.236959
v -2.095151 2.226728 -0.120504
v -1.896986 2.223823 -0.120504
v -1.896986 2.223823 -0.730397
v -2.255453 2.229061 -0.613911
v -1.736669 2.221485 -0.236958
v -1.671896 2.465132 -0.425436
v -1.675451 2.220575 -0.425434
v -1.733136 2.466023 -0.613912
v -1.736669 2.221485 -0.613911
v -2.095151 2.226726 -0.730397
v -2.316694 2.229952 -0.425435
v -2.091588 2.471294 -0.120504
v -1.893423 2.468415 -0.120504
v -1.733136 2.466023 -0.236959
v -2.283723 2.695808 -0.213645
v -2.287744 2.451216 -0.213645
v -2.107620 2.448883 -0.082790
v -1.884951 2.445978 -0.082790
v -1.884951 2.445978 -0.768100
v -2.287744 2.451216 -0.637210
v -1.704810 2.443640 -0.213645
v -1.632027 2.687287 -0.425428
v -1.636022 2.442730 -0.425427
v -1.700841 2.688178 -0.637211
v -1.704810 2.443640 -0.637209
v -2.107620 2.448881 -0.768099
v -2.356557 2.452106 -0.425428
v -2.103617 2.693449 -0.082790
v -1.880947 2.690570 -0.082790
v -1.700841 2.688178 -0.213645
v -5.590910 -3.562372 -1.604059
v -5.686421 -3.490832 -1.604059
v -5.683111 -3.263878 -1.604059
v -5.335512 -3.382445 -1.604059
v -5.583254 -3.539910 -1.415113
v -5.390122 -3.282112 -1.496152
v -5.359233 -3.382094 -1.415115
v -5.390122 -3.282112 -1.415113
v -5.359233 -3.382095 -1.496152
v -5.358664 -2.540698 -1.072059
v -5.455184 -2.539284 -1.142186
v -5.574497 -2.537538 -1.142186
v -5.671046 -2.536132 -1.072059
v -5.585546 -3.195150 -1.604059
v -5.466224 -3.196896 -1.604059
v -5.370734 -3.268442 -1.604059
v -5.393040 -3.481185 -1.415113
v -5.478608 -3.541444 -1.415113
v -5.667017 -3.477173 -1.415113
v -5.697894 -3.377141 -1.415113
v -5.374045 -3.495399 -1.604059
v -5.664103 -3.278112 -1.415113
v -5.578548 -3.217835 -1.415113
v -5.473893 -3.219368 -1.415113
v -5.471598 -3.564130 -1.604059
v -5.585546 -3.195150 -1.475167
v -5.466224 -3.196896 -1.475167
v -5.374045 -3.495399 -1.475167
v -5.471598 -3.564130 -1.475167
v -5.590910 -3.562372 -1.475167
v -5.686421 -3.490832 -1.475167
v -5.721622 -3.376804 -1.475167
v -5.683111 -3.263878 -1.475167
v -5.335512 -3.382445 -1.475167
v -5.370734 -3.268442 -1.475167
v -5.636127 -2.549145 -0.872540
v -5.559899 -2.550249 -0.817161
v -5.465683 -2.551640 -0.817161
v -5.389464 -2.552756 -0.872540
v -5.360348 -2.553172 -0.962154
v -5.371300 -3.302069 -1.067369
v -5.401191 -3.354111 -0.994711
v -5.389464 -2.552756 -1.051767
v -5.396871 -3.058835 -1.051768
v -5.643517 -3.055214 -0.872540
v -5.567302 -3.056344 -0.817161
v -5.473087 -3.057721 -0.817161
v -5.372412 -3.377916 -1.194166
v -5.479731 -3.512150 -1.143298
v -5.573957 -3.510785 -1.143298
v -5.649417 -3.457807 -1.162736
v -5.646950 -3.289981 -1.225594
v -5.569988 -3.239247 -1.245032
v -5.367758 -3.059264 -0.962154
v -5.396871 -3.058835 -0.872540
v -5.649417 -3.457821 -1.463435
v -5.646950 -3.289994 -1.463434
v -5.569988 -3.239260 -1.463434
v -5.475763 -3.240625 -1.463434
v -5.475395 -3.215662 -1.184929
v -5.569602 -3.214285 -1.184929
v -5.647841 -3.350503 -0.994711
v -5.572093 -3.384004 -0.949808
v -5.477873 -3.385382 -0.949808
v -5.399640 -3.249200 -1.140026
v -5.402755 -3.461417 -1.162736
v -5.479731 -3.512163 -1.463435
v -5.573957 -3.510798 -1.463434
v -5.400297 -3.293603 -1.463434
v -5.566871 -2.516677 -0.797513
v -5.462202 -2.518199 -0.797514
v -5.377546 -2.519445 -0.859018
v -5.345205 -2.519916 -0.958559
v -5.372412 -3.377929 -1.463434
v -5.402755 -3.461430 -1.463434
v -5.400297 -3.293591 -1.225594
v -5.475755 -3.240611 -1.245032
v -5.377546 -2.519445 -1.058101
v -5.463395 -2.599242 -1.119622
v -5.568054 -2.597709 -1.119622
v -5.652720 -2.596474 -1.058101
v -5.651523 -2.515433 -0.859018
v -5.652720 -2.596474 -0.859018
v -5.568054 -2.597708 -0.797514
v -5.463395 -2.599243 -0.797514
v -5.356778 -2.411832 -1.072059
v -5.669154 -2.407266 -0.845076
v -5.572619 -2.408672 -0.774933
v -5.455180 -2.539285 -0.774933
v -5.378732 -2.600474 -1.058101
v -5.685060 -2.596004 -0.958560
v -5.346398 -2.600957 -0.958559
v -5.378732 -2.600474 -0.859018
v -5.393040 -3.481184 -1.496153
v -5.478608 -3.541445 -1.496152
v -5.583254 -3.539910 -1.496152
v -5.667017 -3.477173 -1.496152
v -5.664103 -3.278113 -1.496152
v -5.578548 -3.217836 -1.496152
v -5.473893 -3.219369 -1.496152
v -5.707898 -2.535590 -0.958560
v -5.671046 -2.536131 -0.845076
v -5.574497 -2.537538 -0.774933
v -5.453301 -2.410429 -0.774933
v -5.356778 -2.411831 -0.845076
v -5.321791 -2.541231 -0.958560
v -5.358664 -2.540698 -0.845076
v -5.319893 -2.412366 -0.958560
v -5.162365 -3.562259 -1.604030
v -5.257877 -3.490718 -1.604030
v -5.254567 -3.263764 -1.604030
v -4.906968 -3.382332 -1.604030
v -5.154710 -3.539796 -1.415084
v -4.961578 -3.281998 -1.496123
v -4.930689 -3.381980 -1.415085
v -4.961578 -3.281998 -1.415084
v -4.930689 -3.381981 -1.496123
v -4.930119 -2.540570 -0.914072
v -5.026639 -2.539155 -0.984200
v -5.145953 -2.537409 -0.984200
v -5.242502 -2.536003 -0.914073
v -5.157001 -3.195037 -1.604030
v -5.037680 -3.196782 -1.604030
v -4.942190 -3.268329 -1.604030
v -4.964495 -3.481071 -1.415084
v -5.050063 -3.541330 -1.415084
v -5.238472 -3.477060 -1.415084
v -5.269350 -3.377027 -1.415084
v -4.945501 -3.495286 -1.604030
v -5.235558 -3.277998 -1.415084
v -5.150003 -3.217722 -1.415084
v -5.045349 -3.219255 -1.415084
v -5.043053 -3.564017 -1.604030
v -5.157001 -3.195037 -1.475138
v -5.037680 -3.196783 -1.475138
v -4.945501 -3.495286 -1.475138
v -5.043053 -3.564017 -1.475138
v -5.162365 -3.562259 -1.475138
v -5.257877 -3.490718 -1.475138
v -5.293077 -3.376690 -1.475138
v -5.254567 -3.263764 -1.475138
v -4.906968 -3.382332 -1.475138
v -4.942190 -3.268329 -1.475138
v -5.207583 -2.549017 -0.714554
v -5.131354 -2.550121 -0.659175
v -5.037138 -2.551511 -0.659175
v -4.960920 -2.552628 -0.714554
v -4.931803 -2.553043 -0.804167
v -4.942756 -3.301941 -0.909382
v -4.972647 -3.353982 -0.836725
v -4.960920 -2.552628 -0.893781
v -4.968326 -3.058706 -0.893781
v -5.214972 -3.055085 -0.714554
v -5.138757 -3.056215 -0.659174
v -5.044543 -3.057592 -0.659175
v -4.943868 -3.377788 -1.036179
v -5.051186 -3.512021 -0.985312
v -5.145413 -3.510656 -0.985312
v -5.220872 -3.457678 -1.004749
v -5.218405 -3.289852 -1.067608
v -5.141444 -3.239118 -1.087046
v -4.939214 -3.059135 -0.804167
v -4.968326 -3.058706 -0.714554
v -5.220872 -3.457707 -1.463405
v -5.218405 -3.289881 -1.463404
v -5.141444 -3.239146 -1.463404
v -5.047218 -3.240511 -1.463404
v -5.046850 -3.215534 -1.026943
v -5.141058 -3.214157 -1.026943
v -5.219297 -3.350374 -0.836725
v -5.143548 -3.383875 -0.791821
v -5.049329 -3.385253 -0.791822
v -4.971096 -3.249071 -0.982040
v -4.974210 -3.461288 -1.004749
v -5.051186 -3.512049 -1.463405
v -5.145413 -3.510685 -1.463404
v -4.971752 -3.293490 -1.463404
v -5.138326 -2.516548 -0.639527
v -5.033657 -2.518070 -0.639527
v -4.949002 -2.519316 -0.701032
v -4.916661 -2.519787 -0.800573
v -4.943868 -3.377815 -1.463404
v -4.974210 -3.461317 -1.463404
v -4.971752 -3.293462 -1.067608
v -5.047210 -3.240483 -1.087045
v -4.949002 -2.519316 -0.900115
v -5.034851 -2.599113 -0.961635
v -5.139510 -2.597581 -0.961635
v -5.224176 -2.596346 -0.900115
v -5.222978 -2.515304 -0.701031
v -5.224176 -2.596346 -0.701032
v -5.139510 -2.597580 -0.639527
v -5.034851 -2.599114 -0.639527
v -4.928233 -2.411703 -0.914072
v -5.240610 -2.407137 -0.687090
v -5.144075 -2.408543 -0.616946
v -5.026636 -2.539157 -0.616947
v -4.950187 -2.600345 -0.900115
v -5.256515 -2.595875 -0.800573
v -4.917854 -2.600828 -0.800573
v -4.950187 -2.600345 -0.701032
v -4.964495 -3.481071 -1.496124
v -5.050063 -3.541331 -1.496123
v -5.154710 -3.539796 -1.496123
v -5.238472 -3.477060 -1.496123
v -5.235558 -3.277999 -1.496123
v -5.150003 -3.217723 -1.496123
v -5.045349 -3.219255 -1.496123
v -5.279353 -2.535461 -0.800573
v -5.242502 -2.536002 -0.687090
v -5.145953 -2.537409 -0.616947
v -5.024757 -2.410301 -0.616947
v -4.928233 -2.411702 -0.687090
v -4.893246 -2.541102 -0.800573
v -4.930119 -2.540570 -0.687090
v -4.891348 -2.412237 -0.800573
v -5.776567 -3.894709 -0.385446
v -5.776190 -3.869767 -0.462255
v -6.848946 -3.852087 -1.586614
v -6.751212 -3.821917 -1.586614
v -6.654420 -3.854923 -1.586614
v -6.756047 -4.152855 -1.586614
v -6.891010 -3.940514 -1.424667
v -6.670052 -4.106049 -1.494127
v -6.755746 -4.132524 -1.424668
v -6.670052 -4.106049 -1.424668
v -6.755746 -4.132524 -1.494126
v -6.034579 -4.133001 -0.555972
v -6.033367 -4.050273 -0.616078
v -6.031868 -3.948009 -0.616078
v -6.030663 -3.865257 -0.555972
v -5.776567 -3.894710 -0.539063
v -6.595516 -3.938549 -1.586614
v -6.597011 -4.040820 -1.586614
v -6.658334 -4.122664 -1.586614
v -6.840677 -4.103549 -1.424667
v -6.892326 -4.030207 -1.424667
v -6.837237 -3.868720 -1.424667
v -6.751502 -3.842255 -1.424667
v -5.836781 -3.961395 -0.333739
v -5.837968 -4.042583 -0.333739
v -5.838915 -4.108274 -0.381468
v -5.839291 -4.133358 -0.458690
v -6.852862 -4.119828 -1.586614
v -6.666622 -3.871217 -1.424667
v -6.614960 -3.944547 -1.424668
v -6.616272 -4.034248 -1.424667
v -5.779651 -4.106129 -0.539063
v -1.915064 -4.109583 -0.539058
v -5.780003 -4.131085 -0.462255
v -1.915419 -4.134543 -0.462250
v -5.779651 -4.106129 -0.385446
v -1.915064 -4.109584 -0.385441
v -5.778705 -4.040787 -0.337980
v -1.914103 -4.044255 -0.337975
v -5.777513 -3.960045 -0.337980
v -1.912922 -3.963495 -0.337975
v -1.911589 -3.873225 -0.462250
v -1.911965 -3.898177 -0.385441
v -6.595516 -3.938549 -1.476140
v -6.597011 -4.040820 -1.476140
v -1.911965 -3.898178 -0.539058
v -5.838922 -4.108281 -0.535913
v -5.949375 -4.106658 -0.535913
v -6.852862 -4.119829 -1.476140
v -6.911770 -4.036213 -1.476140
v -6.910264 -3.933952 -1.476140
v -6.848946 -3.852087 -1.476140
v -6.751212 -3.821917 -1.476140
v -6.654420 -3.854923 -1.476140
v -6.756047 -4.152855 -1.476140
v -6.658334 -4.122664 -1.476140
v -5.835814 -3.895714 -0.535914
v -5.946270 -3.894095 -0.535913
v -5.835444 -3.870627 -0.458691
v -5.945898 -3.869018 -0.458691
v -5.835817 -3.895718 -0.381468
v -5.946270 -3.894095 -0.381468
v -5.947220 -3.959785 -0.333739
v -5.948408 -4.040973 -0.333739
v -5.949745 -4.131744 -0.458691
v -5.949375 -4.106658 -0.381468
v -4.718770 -3.884491 -0.375365
v -4.829490 -3.882871 -0.375366
v -4.830546 -3.955435 -0.322650
v -4.831862 -4.045139 -0.322650
v -4.829490 -3.882871 -0.546001
v -6.041442 -3.870240 -0.461771
v -6.041818 -3.895186 -0.384962
v -6.042764 -3.960521 -0.337496
v -6.043956 -4.041274 -0.337496
v -6.044912 -4.106602 -0.384962
v -6.045269 -4.131558 -0.461771
v -4.832919 -4.117710 -0.375365
v -4.722628 -4.147031 -0.460684
v -4.833333 -4.145422 -0.460683
v -4.722224 -4.119309 -0.546002
v -4.832919 -4.117710 -0.546001
v -4.721143 -4.046748 -0.598731
v -4.719837 -3.957048 -0.598731
v -4.718770 -3.884491 -0.546002
v -4.829089 -3.855149 -0.460684
v -6.687157 -4.122170 -0.551952
v -6.731761 -4.096552 -0.489676
v -6.044913 -4.106602 -0.538580
v -6.478677 -4.100254 -0.538580
v -5.736598 -4.137363 -0.555972
v -5.735386 -4.054636 -0.616078
v -5.733901 -3.952354 -0.616078
v -5.732685 -3.869619 -0.555972
v -5.842676 -3.836419 -0.458691
v -4.719837 -3.957048 -0.322650
v -4.721143 -4.046751 -0.322649
v -4.722224 -4.119309 -0.375366
v -4.718366 -3.856769 -0.460684
v -6.041818 -3.895186 -0.538580
v -6.475575 -3.888851 -0.538580
v -6.475220 -3.863892 -0.461772
v -6.475575 -3.888851 -0.384963
v -6.476542 -3.954177 -0.337496
v -6.477723 -4.034929 -0.337497
v -6.752165 -4.121217 -0.660630
v -6.820640 -3.883795 -0.633692
v -6.748345 -3.859893 -0.660630
v -6.676796 -3.885909 -0.687568
v -6.633312 -3.951873 -0.704229
v -5.732219 -3.838025 -0.458690
v -5.732685 -3.869619 -0.361423
v -6.479046 -4.125206 -0.461771
v -6.478676 -4.100254 -0.384963
v -6.820653 -3.883806 -1.466084
v -6.748359 -3.859903 -1.466083
v -6.676807 -3.885919 -1.466083
v -6.633322 -3.951883 -1.466083
v -6.634490 -4.032646 -1.466083
v -5.843142 -3.868016 -0.361423
v -5.733901 -3.952353 -0.301302
v -5.844357 -3.950748 -0.301302
v -5.735386 -4.054636 -0.301303
v -5.845853 -4.053016 -0.301303
v -5.736598 -4.137363 -0.361423
v -5.847525 -4.167355 -0.458690
v -5.847069 -4.135747 -0.361423
v -5.737057 -4.168974 -0.458691
v -6.613094 -4.032949 -0.652714
v -6.611917 -3.952204 -0.652714
v -6.638769 -3.886447 -0.614228
v -6.683338 -3.860853 -0.551952
v -6.728670 -3.885146 -0.489677
v -6.757383 -3.950070 -0.451189
v -6.758564 -4.030826 -0.451189
v -6.641842 -4.097881 -0.614227
v -6.823734 -4.095212 -0.633691
v -6.679898 -4.097328 -1.466083
v -6.013989 -3.954547 -0.320656
v -6.015295 -4.044258 -0.320657
v -6.016362 -4.116818 -0.373372
v -6.016766 -4.144536 -0.458690
v -6.752175 -4.121227 -1.466083
v -6.823744 -4.095222 -1.466083
v -6.679887 -4.097318 -0.687568
v -6.634480 -4.032642 -0.704228
v -6.016362 -4.116818 -0.544008
v -6.084757 -4.043236 -0.596738
v -6.083445 -3.953531 -0.596738
v -6.012922 -3.881990 -0.544009
v -6.082385 -3.880964 -0.544009
v -6.012521 -3.854271 -0.458691
v -6.012922 -3.881990 -0.373372
v -6.082385 -3.880964 -0.373372
v -6.083441 -3.953531 -0.320657
v -6.084757 -4.043235 -0.320657
v -5.847069 -4.135747 -0.555972
v -5.845853 -4.053016 -0.616078
v -5.844357 -3.950748 -0.616078
v -5.843145 -3.868016 -0.555972
v -5.924126 -4.134618 -0.555972
v -5.922924 -4.051886 -0.616078
v -5.921418 -3.949619 -0.616078
v -5.920209 -3.866876 -0.555972
v -5.919746 -3.835283 -0.458690
v -5.920213 -3.866877 -0.361423
v -5.921418 -3.949618 -0.301302
v -6.033367 -4.050277 -0.301302
v -6.085814 -4.115798 -0.544009
v -6.081980 -3.853245 -0.458690
v -6.086225 -4.143515 -0.458690
v -6.085814 -4.115798 -0.373373
v -6.840677 -4.103549 -1.494127
v -6.837237 -3.868720 -1.494126
v -6.751502 -3.842255 -1.494126
v -6.666622 -3.871217 -1.494126
v -6.614960 -3.944547 -1.494127
v -6.616272 -4.034248 -1.494127
v -6.030200 -3.833670 -0.458691
v -6.030663 -3.865257 -0.361422
v -6.031868 -3.948009 -0.301303
v -5.922924 -4.051886 -0.301303
v -5.924126 -4.134618 -0.361423
v -6.035035 -4.164606 -0.458691
v -6.034579 -4.133001 -0.361423
v -5.924582 -4.166232 -0.458691
v -3.075740 -10.645036 0.199582
v -2.989071 -13.149552 -1.639772
v -3.169916 -13.014094 -1.639772
v -3.163648 -12.584371 -1.639772
v -2.505490 -12.808871 -1.639772
v -2.974575 -13.107020 -1.282014
v -2.608891 -12.618896 -1.435457
v -2.550404 -12.808206 -1.282016
v -2.608891 -12.618896 -1.282014
v -2.550404 -12.808208 -1.435457
v -2.549325 -11.215012 -0.177127
v -2.732080 -11.212334 -0.309909
v -2.957994 -11.209027 -0.309909
v -3.140804 -11.206366 -0.177128
v -2.978914 -12.454239 -1.639772
v -2.752985 -12.457543 -1.639772
v -2.572180 -12.593013 -1.639772
v -2.614414 -12.995829 -1.282014
v -2.776432 -13.109925 -1.282014
v -3.133175 -12.988233 -1.282014
v -3.191639 -12.798827 -1.282014
v -2.928422 -10.778055 0.313808
v -2.749071 -10.780681 0.313808
v -2.603952 -10.782775 0.208370
v -2.548538 -10.783600 0.037777
v -2.578449 -13.022743 -1.639772
v -3.127657 -12.611321 -1.282014
v -2.965663 -12.497191 -1.282014
v -2.767505 -12.500094 -1.282014
v -2.608690 -10.651848 -0.139775
v -2.601067 2.884695 -0.139776
v -2.553560 -10.652632 0.029903
v -2.545929 2.883911 0.029902
v -2.608690 -10.651849 0.199581
v -2.601067 2.884695 0.199580
v -2.753038 -10.649758 0.304439
v -2.745383 2.886814 0.304438
v -2.931405 -10.647125 0.304439
v -2.923788 2.889421 0.304438
v -3.068083 2.891536 0.199580
v -2.763159 -13.152881 -1.639772
v -2.978914 -12.454239 -1.395723
v -2.752985 -12.457544 -1.395723
v -2.603935 -10.782784 -0.132817
v -2.607522 -11.026788 -0.132816
v -2.578449 -13.022743 -1.395723
v -2.763159 -13.152881 -1.395723
v -2.989071 -13.149552 -1.395723
v -3.169916 -13.014094 -1.395723
v -3.236566 -12.798189 -1.395723
v -3.163648 -12.584371 -1.395723
v -2.505490 -12.808871 -1.395723
v -2.572180 -12.593013 -1.395723
v -3.073510 -10.775928 0.208370
v -3.077098 -11.019929 0.208370
v -2.931979 -11.022031 0.313808
v -2.752628 -11.024656 0.313808
v -2.552103 -11.027605 0.037777
v -2.607522 -11.026788 0.208370
v -3.084939 -9.505977 0.218379
v -3.088517 -9.750569 0.218379
v -2.928216 -9.752902 0.334834
v -2.730050 -9.755807 0.334834
v -2.730050 -9.755807 -0.275060
v -3.088517 -9.750569 -0.158574
v -3.074687 -11.231006 0.200650
v -2.930352 -11.233096 0.305507
v -2.751960 -11.235728 0.305507
v -2.607645 -11.237843 0.200650
v -2.552515 -11.238629 0.030972
v -2.569734 -9.758145 0.218380
v -2.504960 -9.514498 0.029902
v -2.508515 -9.759055 0.029903
v -2.566201 -9.513607 -0.158574
v -2.569734 -9.758145 -0.158573
v -2.726495 -9.511217 -0.275060
v -2.924653 -9.508336 -0.275059
v -2.928216 -9.752904 -0.275059
v -3.084939 -9.505977 -0.158574
v -3.149758 -9.749679 0.029902
v -2.573252 -12.656624 -0.168247
v -2.629849 -12.755161 -0.030674
v -2.607645 -11.237843 -0.138706
v -2.621668 -12.196074 -0.138707
v -2.539689 -10.556745 -0.177128
v -2.722446 -10.554067 -0.309909
v -2.948395 -10.550786 -0.309909
v -3.131165 -10.548098 -0.177128
v -3.204505 -10.791083 0.037776
v -2.924653 -9.508336 0.334834
v -2.726487 -9.511215 0.334834
v -2.566201 -9.513607 0.218379
v -3.146182 -9.505085 0.029903
v -3.088678 -12.189218 0.200649
v -2.944370 -12.191357 0.305508
v -2.765980 -12.193964 0.305507
v -2.575358 -12.800236 -0.408330
v -2.778559 -13.054399 -0.312015
v -2.956972 -13.051814 -0.312015
v -3.099849 -12.951504 -0.348819
v -3.095178 -12.633736 -0.467837
v -2.949457 -12.537673 -0.504642
v -3.200959 -10.547072 0.037776
v -3.131165 -10.548100 0.252651
v -2.566545 -12.196886 0.030972
v -2.621668 -12.196074 0.200649
v -3.099849 -12.951591 -1.373508
v -3.095178 -12.633821 -1.373506
v -2.949457 -12.537758 -1.373506
v -2.771045 -12.540342 -1.373506
v -3.134706 -10.792110 0.252651
v -2.948395 -10.550786 0.385463
v -2.951944 -10.794796 0.385463
v -2.722446 -10.554067 0.385463
v -2.726022 -10.798101 0.385463
v -2.539689 -10.556745 0.252651
v -2.473436 -10.801789 0.037777
v -2.543260 -10.800781 0.252651
v -2.469859 -10.557755 0.037776
v -2.770349 -12.493017 -0.390841
v -2.948726 -12.490410 -0.390841
v -3.096866 -12.748330 -0.030674
v -2.953441 -12.811762 0.054348
v -2.775042 -12.814371 0.054348
v -2.626911 -12.556519 -0.305820
v -2.632809 -12.958340 -0.348819
v -2.778559 -13.054484 -1.373508
v -2.956972 -13.051900 -1.373506
v -2.628155 -12.640654 -1.373506
v -2.943553 -11.169529 0.342709
v -2.745368 -11.172410 0.342708
v -2.585079 -11.174769 0.226253
v -2.523843 -11.175661 0.037777
v -2.575358 -12.800320 -1.373506
v -2.632809 -12.958425 -1.373506
v -2.628155 -12.640570 -0.467837
v -2.771030 -12.540257 -0.504641
v -2.585079 -11.174769 -0.150699
v -2.747629 -11.325861 -0.267185
v -2.945794 -11.322959 -0.267185
v -3.106105 -11.320621 -0.150700
v -3.103837 -11.167173 0.226254
v -3.106105 -11.320621 0.226253
v -2.945794 -11.322957 0.342708
v -2.747629 -11.325862 0.342708
v -2.543260 -10.800781 -0.177127
v -2.726022 -10.798101 -0.309909
v -2.951944 -10.794796 -0.309909
v -3.134706 -10.792114 -0.177127
v -2.545755 -10.971010 -0.177127
v -2.728517 -10.968355 -0.309909
v -2.954438 -10.965030 -0.309909
v -3.137222 -10.962363 -0.177128
v -3.207017 -10.961338 0.037776
v -3.137222 -10.962365 0.252651
v -2.954438 -10.965028 0.385464
v -2.732074 -11.212337 0.385463
v -2.587324 -11.328194 -0.150700
v -3.167337 -11.319730 0.037777
v -2.526102 -11.329108 0.037777
v -2.587324 -11.328194 0.226253
v -2.614414 -12.995828 -1.435459
v -2.776432 -13.109927 -1.435457
v -2.974575 -13.107020 -1.435457
v -3.133175 -12.988233 -1.435457
v -3.127657 -12.611323 -1.435457
v -2.965663 -12.497193 -1.435457
v -2.767505 -12.500095 -1.435457
v -3.210580 -11.205339 0.037776
v -3.140804 -11.206364 0.252652
v -2.957994 -11.209027 0.385463
v -2.728517 -10.968355 0.385463
v -2.545755 -10.971008 0.252651
v -2.479509 -11.216020 0.037776
v -2.549325 -11.215012 0.252651
v -2.475915 -10.972021 0.037776
v -3.084935 2.473713 0.218374
v -3.088513 2.229120 0.218374
v -2.928212 2.226788 0.334829
v -2.730046 2.223883 0.334829
v -2.730046 2.223883 -0.275064
v -3.088513 2.229120 -0.158578
v -2.569730 2.221545 0.218375
v -2.504956 2.465192 0.029897
v -2.508512 2.220635 0.029899
v -2.566197 2.466083 -0.158579
v -2.569730 2.221545 -0.158578
v -2.928212 2.226786 -0.275064
v -3.149754 2.230011 0.029898
v -2.924649 2.471354 0.334829
v -2.726483 2.468475 0.334829
v -2.566197 2.466083 0.218374
v -3.116783 2.695868 0.241688
v -3.120804 2.451275 0.241688
v -2.940681 2.448942 0.372543
v -2.718011 2.446038 0.372543
v -2.718011 2.446038 -0.312767
v -3.120804 2.451275 -0.181877
v -2.537871 2.443699 0.241688
v -2.465087 2.687347 0.029905
v -2.469083 2.442789 0.029906
v -2.533901 2.688237 -0.181878
v -2.537871 2.443699 -0.181876
v -2.940681 2.448941 -0.312766
v -3.189618 2.452166 0.029905
v -2.936677 2.693508 0.372543
v -2.714008 2.690629 0.372543
v -2.533901 2.688237 0.241688
v -6.096925 -4.507967 -0.385391
v -6.096549 -4.483026 -0.462200
v -7.169304 -4.465345 -1.586560
v -7.071570 -4.435175 -1.586560
v -6.974779 -4.468181 -1.586560
v -7.076405 -4.766114 -1.586560
v -7.211369 -4.553772 -1.424613
v -6.990410 -4.719307 -1.494072
v -7.076104 -4.745782 -1.424614
v -6.990410 -4.719307 -1.424613
v -7.076104 -4.745782 -1.494072
v -6.354938 -4.746260 -0.555917
v -6.351021 -4.478515 -0.555918
v -6.096925 -4.507968 -0.539009
v -6.915874 -4.551807 -1.586560
v -6.917369 -4.654078 -1.586560
v -6.978692 -4.735922 -1.586560
v -7.161036 -4.716807 -1.424613
v -7.212685 -4.643466 -1.424613
v -7.157596 -4.481978 -1.424613
v -7.071860 -4.455513 -1.424613
v -6.157139 -4.574653 -0.333684
v -6.158327 -4.655841 -0.333684
v -6.159273 -4.721532 -0.381413
v -6.159649 -4.746616 -0.458636
v -7.173220 -4.733087 -1.586560
v -6.986980 -4.484475 -1.424613
v -6.935318 -4.557806 -1.424613
v -6.936630 -4.647506 -1.424613
v -6.100009 -4.719388 -0.539009
v -1.915064 -4.722840 -0.539009
v -6.100361 -4.744344 -0.462200
v -1.915419 -4.747800 -0.462201
v -6.100009 -4.719388 -0.385392
v -1.915064 -4.722841 -0.385392
v -6.099063 -4.654046 -0.337925
v -1.914103 -4.657512 -0.337926
v -6.097871 -4.573303 -0.337925
v -1.912922 -4.576752 -0.337926
v -1.911589 -4.486482 -0.462201
v -1.911966 -4.511434 -0.385392
v -6.915874 -4.551807 -1.476085
v -6.917369 -4.654078 -1.476086
v -1.911966 -4.511435 -0.539009
v -6.159280 -4.721539 -0.535859
v -6.269733 -4.719916 -0.535859
v -7.173220 -4.733087 -1.476086
v -7.232128 -4.649471 -1.476086
v -7.230623 -4.547210 -1.476086
v -7.169304 -4.465345 -1.476085
v -7.071570 -4.435175 -1.476085
v -6.974779 -4.468181 -1.476085
v -7.076405 -4.766114 -1.476085
v -6.978692 -4.735922 -1.476086
v -6.156172 -4.508972 -0.535859
v -6.266629 -4.507353 -0.535859
v -6.155802 -4.483885 -0.458636
v -6.266256 -4.482276 -0.458636
v -6.156175 -4.508976 -0.381413
v -6.266629 -4.507353 -0.381413
v -6.267579 -4.573043 -0.333684
v -6.268766 -4.654232 -0.333684
v -6.270103 -4.745003 -0.458636
v -6.269733 -4.719916 -0.381413
v -3.835348 -4.503801 -0.376888
v -3.995313 -4.502182 -0.376888
v -3.996840 -4.574745 -0.324172
v -3.998742 -4.664450 -0.324172
v -3.995313 -4.502182 -0.547524
v -6.361800 -4.483498 -0.461717
v -6.362176 -4.508444 -0.384908
v -6.363122 -4.573780 -0.337442
v -6.364314 -4.654532 -0.337442
v -6.365271 -4.719861 -0.384908
v -6.365627 -4.744816 -0.461717
v -4.000268 -4.737021 -0.376888
v -3.840921 -4.766342 -0.462206
v -4.000867 -4.764732 -0.462206
v -3.840338 -4.738620 -0.547524
v -4.000268 -4.737020 -0.547524
v -3.838776 -4.666059 -0.600254
v -3.836890 -4.576358 -0.600254
v -3.835348 -4.503801 -0.547524
v -3.994735 -4.474460 -0.462206
v -7.007515 -4.735429 -0.551897
v -7.052119 -4.709810 -0.489622
v -6.365271 -4.719860 -0.538525
v -6.799035 -4.713512 -0.538526
v -6.056956 -4.750622 -0.555918
v -6.055744 -4.667894 -0.616024
v -6.054259 -4.565612 -0.616024
v -6.053043 -4.482877 -0.555918
v -6.163034 -4.449677 -0.458636
v -3.836890 -4.576358 -0.324172
v -3.838776 -4.666062 -0.324172
v -3.840338 -4.738620 -0.376888
v -3.834764 -4.476079 -0.462206
v -6.362176 -4.508444 -0.538525
v -6.795934 -4.502109 -0.538525
v -6.795578 -4.477150 -0.461717
v -6.795934 -4.502110 -0.384908
v -6.796900 -4.567435 -0.337442
v -6.798081 -4.648187 -0.337442
v -7.072523 -4.734476 -0.660576
v -7.140998 -4.497054 -0.633637
v -7.068703 -4.473151 -0.660575
v -6.997155 -4.499167 -0.687513
v -6.953671 -4.565131 -0.704174
v -6.052577 -4.451283 -0.458636
v -6.053043 -4.482877 -0.361369
v -6.799404 -4.738465 -0.461717
v -6.799035 -4.713512 -0.384908
v -7.141012 -4.497064 -1.466029
v -7.068717 -4.473161 -1.466029
v -6.997165 -4.499177 -1.466029
v -6.953681 -4.565141 -1.466029
v -6.954848 -4.645904 -1.466029
v -6.163500 -4.481275 -0.361369
v -6.054259 -4.565611 -0.301248
v -6.164716 -4.564006 -0.301248
v -6.055744 -4.667894 -0.301248
v -6.166211 -4.666274 -0.301248
v -6.056956 -4.750622 -0.361368
v -6.167883 -4.780613 -0.458636
v -6.167427 -4.749006 -0.361369
v -6.057415 -4.782233 -0.458636
v -6.933453 -4.646208 -0.652660
v -6.932275 -4.565463 -0.652660
v -6.959127 -4.499705 -0.614173
v -7.003696 -4.474111 -0.551897
v -7.049028 -4.498404 -0.489622
v -7.077742 -4.563328 -0.451135
v -7.078922 -4.644084 -0.451135
v -6.962201 -4.711140 -0.614173
v -7.144092 -4.708470 -0.633637
v -7.000257 -4.710587 -1.466029
v -6.334347 -4.567805 -0.320602
v -6.335653 -4.657516 -0.320602
v -6.336720 -4.730077 -0.373318
v -6.337124 -4.757795 -0.458635
v -7.072534 -4.734486 -1.466028
v -7.144103 -4.708480 -1.466029
v -7.000246 -4.710577 -0.687513
v -6.954838 -4.645900 -0.704174
v -6.336720 -4.730076 -0.543954
v -6.333280 -4.495248 -0.543954
v -6.402743 -4.494222 -0.543954
v -6.332880 -4.467529 -0.458636
v -6.333280 -4.495248 -0.373318
v -6.402743 -4.494222 -0.373318
v -6.403800 -4.566789 -0.320602
v -6.405115 -4.656494 -0.320602
v -6.167427 -4.749006 -0.555917
v -6.163504 -4.481275 -0.555917
v -6.244484 -4.747876 -0.555917
v -6.243282 -4.665144 -0.616024
v -6.241776 -4.562877 -0.616024
v -6.240568 -4.480134 -0.555917
v -6.240105 -4.448541 -0.458636
v -6.240571 -4.480135 -0.361368
v -6.241776 -4.562876 -0.301248
v -6.353725 -4.663536 -0.301248
v -6.406172 -4.729057 -0.543954
v -6.402339 -4.466503 -0.458636
v -6.406583 -4.756773 -0.458636
v -6.406172 -4.729057 -0.373318
v -7.161036 -4.716807 -1.494073
v -7.157596 -4.481978 -1.494072
v -7.071860 -4.455513 -1.494072
v -6.986980 -4.484475 -1.494072
v -6.935318 -4.557806 -1.494072
v -6.936630 -4.647506 -1.494072
v -6.350558 -4.446929 -0.458636
v -6.351021 -4.478515 -0.361368
v -6.352227 -4.561267 -0.301248
v -6.243282 -4.665144 -0.301248
v -6.244484 -4.747876 -0.361368
v -6.355393 -4.777864 -0.458636
v -6.354938 -4.746260 -0.361369
v -6.244940 -4.779490 -0.458636
v -5.420483 -8.465043 -0.451043
v -5.444074 -8.464690 -0.523697
v -5.383361 -9.385270 -1.620367
v -5.460796 -9.327270 -1.620367
v -5.458118 -9.143268 -1.620367
v -5.176301 -9.239393 -1.620368
v -5.377155 -9.367055 -1.467182
v -5.220575 -9.158054 -1.532884
v -5.195534 -9.239112 -1.467183
v -5.220575 -9.158054 -1.467182
v -5.195534 -9.239112 -1.532884
v -5.195078 -8.556951 -0.572996
v -5.273336 -8.555803 -0.629850
v -5.370068 -8.554388 -0.629850
v -5.448339 -8.553249 -0.572996
v -5.379017 -9.087547 -1.620368
v -5.282278 -9.088962 -1.620367
v -5.204857 -9.146970 -1.620368
v -5.222942 -9.319448 -1.467182
v -5.292316 -9.368303 -1.467182
v -5.445064 -9.316193 -1.467182
v -5.470098 -9.235099 -1.467182
v -5.207542 -9.330972 -1.620367
v -5.442704 -9.154807 -1.467182
v -5.373337 -9.105943 -1.467182
v -5.288491 -9.107184 -1.467182
v -5.220503 -8.467958 -0.596349
v -5.217232 -4.634281 -0.557009
v -5.196897 -8.468290 -0.523696
v -5.193627 -4.634619 -0.484357
v -5.220503 -8.467958 -0.451043
v -5.217232 -4.634280 -0.411704
v -5.282306 -8.467063 -0.406145
v -5.279028 -4.633371 -0.366805
v -5.358680 -8.465938 -0.406145
v -5.355416 -4.632252 -0.366805
v -5.440804 -4.630996 -0.484357
v -5.417205 -4.631350 -0.411704
v -5.286636 -9.386692 -1.620367
v -5.379017 -9.087547 -1.515870
v -5.282278 -9.088962 -1.515870
v -5.207542 -9.330972 -1.515870
v -5.286636 -9.386692 -1.515870
v -5.383361 -9.385270 -1.515870
v -5.460796 -9.327270 -1.515870
v -5.489337 -9.234825 -1.515870
v -5.458118 -9.143268 -1.515870
v -5.176301 -9.239393 -1.515870
v -5.204857 -9.146970 -1.515870
v -5.424422 -4.641812 -0.403699
v -5.425952 -4.842263 -0.403700
v -5.357315 -4.844169 -0.353835
v -5.272461 -4.846558 -0.353836
v -5.272461 -4.846560 -0.614981
v -5.425952 -4.842263 -0.565104
v -5.443627 -8.563446 -0.483892
v -5.420028 -8.563799 -0.411238
v -5.358232 -8.564694 -0.366340
v -5.281844 -8.565820 -0.366340
v -5.220056 -8.566730 -0.411238
v -5.196450 -8.567060 -0.483892
v -5.203817 -4.848465 -0.403699
v -5.176083 -4.648801 -0.484402
v -5.177606 -4.849210 -0.484402
v -5.202309 -4.648069 -0.565104
v -5.203817 -4.848467 -0.565104
v -5.357315 -4.844171 -0.614981
v -5.452178 -4.841531 -0.484402
v -5.205327 -9.174226 -0.569193
v -5.229560 -9.216414 -0.510287
v -5.220056 -8.566730 -0.556545
v -5.226060 -8.977024 -0.556545
v -5.355792 -4.643745 -0.353835
v -5.270939 -4.646107 -0.353836
v -5.202309 -4.648069 -0.403700
v -5.450640 -4.641093 -0.484402
v -5.449632 -8.973755 -0.483892
v -5.426026 -8.974087 -0.411239
v -5.364230 -8.975003 -0.366340
v -5.287849 -8.976122 -0.366340
v -5.206229 -9.235719 -0.671992
v -5.293232 -9.344546 -0.630753
v -5.369628 -9.343434 -0.630752
v -5.430803 -9.300488 -0.646511
v -5.428804 -9.164426 -0.697473
v -5.366409 -9.123291 -0.713232
v -5.202455 -8.977371 -0.483892
v -5.226060 -8.977024 -0.411239
v -5.430796 -9.300504 -1.506358
v -5.428797 -9.164441 -1.506357
v -5.366402 -9.123313 -1.506357
v -5.290007 -9.124417 -1.506357
v -5.289718 -9.104167 -0.664504
v -5.366099 -9.103056 -0.664504
v -5.429526 -9.213492 -0.510287
v -5.368120 -9.240655 -0.473882
v -5.291731 -9.241767 -0.473882
v -5.228304 -9.131359 -0.628100
v -5.230830 -9.303411 -0.646511
v -5.293225 -9.344561 -1.506358
v -5.369621 -9.343457 -1.506357
v -5.228824 -9.167363 -1.506357
v -5.363883 -8.537474 -0.350411
v -5.279023 -8.538707 -0.350412
v -5.210392 -8.539718 -0.400275
v -5.184174 -8.540100 -0.480977
v -5.206222 -9.235734 -1.506357
v -5.230816 -9.303433 -1.506357
v -5.228831 -9.167349 -0.697473
v -5.290014 -9.124395 -0.713232
v -5.210392 -8.539718 -0.561679
v -5.279990 -8.604415 -0.611557
v -5.364843 -8.603173 -0.611557
v -5.433487 -8.602171 -0.561680
v -5.458731 -8.536087 -0.480978
v -5.432513 -8.536470 -0.400275
v -5.433480 -8.602170 -0.400275
v -5.364843 -8.603174 -0.350411
v -5.279990 -8.604415 -0.350412
v -5.193549 -8.452476 -0.572996
v -5.271806 -8.451335 -0.629851
v -5.368545 -8.449913 -0.629850
v -5.446809 -8.448774 -0.572996
v -5.476694 -8.448333 -0.480978
v -5.446809 -8.448773 -0.388972
v -5.368545 -8.449914 -0.332104
v -5.273329 -8.555803 -0.332104
v -5.211352 -8.605418 -0.561680
v -5.459705 -8.601789 -0.480978
v -5.185134 -8.605807 -0.480977
v -5.211352 -8.605418 -0.400275
v -5.222942 -9.319448 -1.532884
v -5.292316 -9.368303 -1.532883
v -5.377155 -9.367055 -1.532883
v -5.445064 -9.316193 -1.532883
v -5.442704 -9.154807 -1.532883
v -5.373337 -9.105943 -1.532884
v -5.288491 -9.107184 -1.532884
v -5.478216 -8.552809 -0.480978
v -5.448339 -8.553248 -0.388972
v -5.370068 -8.554389 -0.332104
v -5.271806 -8.451335 -0.332104
v -5.193556 -8.452476 -0.388972
v -5.165187 -8.557384 -0.480978
v -5.195078 -8.556951 -0.388973
v -5.163650 -8.452909 -0.480978
v -5.463359 -4.746260 -0.555917
v -5.459443 -4.478516 -0.555918
v -5.265560 -4.574654 -0.333684
v -5.266748 -4.655842 -0.333685
v -5.267694 -4.721532 -0.381413
v -5.268071 -4.746616 -0.458636
v -5.267701 -4.721539 -0.535859
v -5.378155 -4.719917 -0.535859
v -5.264593 -4.508973 -0.535859
v -5.375050 -4.507353 -0.535859
v -5.264224 -4.483886 -0.458636
v -5.374677 -4.482277 -0.458636
v -5.264596 -4.508976 -0.381413
v -5.375050 -4.507353 -0.381413
v -5.376000 -4.573044 -0.333684
v -5.377188 -4.654232 -0.333685
v -5.378524 -4.745003 -0.458636
v -5.378155 -4.719916 -0.381413
v -5.165378 -4.750622 -0.555918
v -5.164165 -4.667894 -0.616024
v -5.162680 -4.565612 -0.616024
v -5.161465 -4.482877 -0.555918
v -5.271455 -4.449678 -0.458636
v -5.160998 -4.451283 -0.458636
v -5.161465 -4.482878 -0.361369
v -5.271922 -4.481275 -0.361369
v -5.162680 -4.565612 -0.301248
v -5.273137 -4.564006 -0.301248
v -5.164165 -4.667894 -0.301248
v -5.274632 -4.666275 -0.301248
v -5.165378 -4.750622 -0.361369
v -5.276304 -4.780613 -0.458636
v -5.275848 -4.749006 -0.361369
v -5.165837 -4.782233 -0.458636
v -5.442769 -4.567806 -0.320602
v -5.444074 -4.657516 -0.320602
v -5.445141 -4.730077 -0.373318
v -5.445545 -4.757795 -0.458636
v -5.445141 -4.730077 -0.543954
v -5.441701 -4.495248 -0.543954
v -5.511164 -4.494222 -0.543954
v -5.441301 -4.467529 -0.458636
v -5.441701 -4.495248 -0.373318
v -5.511164 -4.494223 -0.373318
v -5.512221 -4.566790 -0.320602
v -5.513536 -4.656494 -0.320602
v -5.275848 -4.749006 -0.555917
v -5.271925 -4.481275 -0.555917
v -5.352905 -4.747877 -0.555917
v -5.351704 -4.665145 -0.616024
v -5.350198 -4.562877 -0.616024
v -5.348989 -4.480135 -0.555917
v -5.348526 -4.448542 -0.458636
v -5.348992 -4.480135 -0.361369
v -5.350198 -4.562877 -0.301248
v -5.462147 -4.663536 -0.301248
v -5.514594 -4.729057 -0.543954
v -5.510760 -4.466503 -0.458636
v -5.515005 -4.756773 -0.458636
v -5.514593 -4.729057 -0.373318
v -5.458980 -4.446929 -0.458636
v -5.459443 -4.478516 -0.361368
v -5.460648 -4.561267 -0.301248
v -5.351704 -4.665145 -0.301248
v -5.352905 -4.747877 -0.361368
v -5.463815 -4.777864 -0.458636
v -5.463359 -4.746260 -0.361369
v -5.353361 -4.779491 -0.458636
v -6.675697 -10.086237 0.159335
v -6.675132 -10.048821 0.044114
v -7.928388 -10.022301 -1.642532
v -7.781778 -9.977042 -1.642532
v -7.636581 -10.026554 -1.642532
v -7.789031 -10.473481 -1.642532
v -7.991489 -10.154949 -1.399597
v -7.660030 -10.403267 -1.503792
v -7.788580 -10.442983 -1.399598
v -7.660030 -10.403267 -1.399597
v -7.788580 -10.442983 -1.503792
v -7.062741 -10.443699 -0.096470
v -7.056866 -10.042056 -0.096470
v -6.675697 -10.086237 -0.071105
v -7.548219 -10.152000 -1.642532
v -7.550462 -10.305417 -1.642532
v -7.642452 -10.428191 -1.642532
v -7.915985 -10.399516 -1.399597
v -7.993464 -10.289497 -1.399597
v -7.910825 -10.047251 -1.399596
v -7.782213 -10.007551 -1.399597
v -6.766024 -10.186272 0.236901
v -6.767806 -10.308063 0.236901
v -6.769225 -10.406604 0.165303
v -6.769790 -10.444233 0.049462
v -7.934263 -10.423937 -1.642532
v -7.654885 -10.050996 -1.399597
v -7.577387 -10.160999 -1.399597
v -7.579355 -10.295559 -1.399597
v -6.680323 -10.403387 -0.071105
v -2.906103 -10.408566 -0.071106
v -6.680852 -10.440824 0.044114
v -2.906637 -10.446008 0.044114
v -6.680323 -10.403387 0.159335
v -2.906103 -10.408566 0.159334
v -6.678904 -10.305368 0.230539
v -2.904663 -10.310567 0.230538
v -6.677116 -10.184246 0.230539
v -2.902891 -10.189421 0.230538
v -2.900891 -10.054008 0.044114
v -2.901456 -10.091437 0.159334
v -7.548219 -10.152000 -1.476810
v -7.550462 -10.305417 -1.476810
v -2.901456 -10.091437 -0.071106
v -6.769235 -10.406615 -0.066380
v -6.934926 -10.404181 -0.066380
v -7.934263 -10.423938 -1.476811
v -8.022631 -10.298507 -1.476810
v -8.020372 -10.145105 -1.476810
v -7.928388 -10.022301 -1.476810
v -7.781778 -9.977042 -1.476810
v -7.636581 -10.026554 -1.476810
v -7.789031 -10.473481 -1.476810
v -7.642452 -10.428191 -1.476810
v -6.764573 -10.087745 -0.066381
v -6.930269 -10.085316 -0.066380
v -6.764019 -10.050112 0.049461
v -6.929709 -10.047698 0.049461
v -6.764578 -10.087750 0.165303
v -6.930269 -10.085316 0.165303
v -6.931694 -10.183857 0.236901
v -6.933475 -10.305647 0.236901
v -6.935481 -10.441813 0.049461
v -6.934926 -10.404181 0.165303
v -5.158458 -10.079989 0.172100
v -5.324548 -10.077559 0.172099
v -5.326133 -10.186412 0.251178
v -5.328107 -10.320977 0.251178
v -5.324548 -10.077559 -0.083871
v -7.073035 -10.049531 0.044840
v -7.073599 -10.086952 0.160060
v -7.075019 -10.184961 0.231264
v -7.076806 -10.306098 0.231264
v -7.078241 -10.404098 0.160060
v -7.078775 -10.441533 0.044840
v -5.329692 -10.429841 0.172100
v -5.164245 -10.473825 0.044113
v -5.330314 -10.471410 0.044115
v -5.163639 -10.432240 -0.083872
v -5.329692 -10.429839 -0.083871
v -5.162017 -10.323391 -0.162971
v -5.160058 -10.188831 -0.162971
v -5.158458 -10.079989 -0.083872
v -5.323947 -10.035975 0.044114
v -7.685690 -10.427450 -0.090439
v -7.752600 -10.389022 0.002980
v -7.078242 -10.404098 -0.070380
v -7.372950 -10.394575 -0.070381
v -6.615740 -10.450243 -0.096470
v -6.613922 -10.326142 -0.186635
v -6.611694 -10.172709 -0.186635
v -6.609870 -10.048598 -0.096470
v -6.774867 -9.998796 0.049461
v -5.160058 -10.188831 0.251178
v -5.162017 -10.323397 0.251179
v -5.163639 -10.432240 0.172099
v -5.157852 -10.038404 0.044114
v -7.073599 -10.086952 -0.070380
v -7.368297 -10.077449 -0.070380
v -7.367764 -10.040009 0.044839
v -7.368297 -10.077451 0.160060
v -7.369747 -10.175444 0.231264
v -7.371519 -10.296580 0.231264
v -7.783208 -10.426021 -0.253468
v -7.955799 -10.288038 -0.188066
v -7.954043 -10.166886 -0.188066
v -7.885926 -10.069865 -0.213057
v -7.777477 -10.034009 -0.253467
v -7.670148 -10.073035 -0.293877
v -7.604918 -10.171988 -0.318870
v -6.609171 -10.001205 0.049461
v -6.609870 -10.048599 0.195371
v -7.373503 -10.432005 0.044840
v -7.372949 -10.394575 0.160060
v -7.885947 -10.069880 -1.461725
v -7.777498 -10.034023 -1.461724
v -7.670164 -10.073050 -1.461724
v -7.604932 -10.172003 -1.461724
v -7.606684 -10.293156 -1.461724
v -6.775567 -10.046195 0.195372
v -6.611694 -10.172709 0.285559
v -6.777390 -10.170300 0.285559
v -6.613922 -10.326142 0.285558
v -6.779633 -10.323711 0.285558
v -6.615740 -10.450243 0.195372
v -6.782141 -10.495233 0.049462
v -6.781457 -10.447818 0.195372
v -6.616429 -10.497662 0.049461
v -7.574589 -10.293612 -0.241593
v -7.572823 -10.172485 -0.241593
v -7.613103 -10.073842 -0.183859
v -7.679960 -10.035449 -0.090440
v -7.747963 -10.071891 0.002979
v -7.791036 -10.169284 0.060714
v -7.792807 -10.290425 0.060714
v -7.617713 -10.391016 -0.183859
v -7.890568 -10.387010 -0.213057
v -7.674801 -10.390186 -1.461724
v -7.031853 -10.175999 0.256526
v -7.033812 -10.310575 0.256525
v -7.035412 -10.419422 0.177447
v -7.036018 -10.461002 0.049462
v -7.783224 -10.426037 -1.461724
v -7.890584 -10.387024 -1.461724
v -7.674785 -10.390170 -0.293877
v -7.606668 -10.293150 -0.318869
v -7.035412 -10.419422 -0.078523
v -7.029652 -10.025576 0.049461
v -7.030252 -10.067156 0.177447
v -7.134453 -10.065618 0.177447
v -7.136038 -10.174476 0.256525
v -7.138012 -10.309041 0.256525
v -6.781457 -10.447818 -0.096470
v -6.775571 -10.046195 -0.096470
v -6.897049 -10.446122 -0.096470
v -6.895247 -10.322018 -0.186635
v -6.892988 -10.168606 -0.186635
v -6.891175 -10.044485 -0.096470
v -6.890480 -9.997092 0.049461
v -6.891180 -10.044486 0.195372
v -6.892988 -10.168606 0.285559
v -7.060922 -10.319604 0.285559
v -7.139597 -10.417892 -0.078524
v -7.133847 -10.024036 0.049462
v -7.140214 -10.459470 0.049462
v -7.139597 -10.417892 0.177446
v -7.915985 -10.399516 -1.503793
v -7.910825 -10.047251 -1.503791
v -7.782213 -10.007551 -1.503792
v -7.654885 -10.050996 -1.503792
v -7.577387 -10.160999 -1.503792
v -7.579355 -10.295559 -1.503792
v -7.056171 -9.994673 0.049461
v -7.056866 -10.042056 0.195373
v -7.058674 -10.166191 0.285558
v -6.895247 -10.322018 0.285558
v -6.897049 -10.446122 0.195372
v -7.063425 -10.491108 0.049461
v -7.062741 -10.443699 0.195371
v -6.897733 -10.493546 0.049461
v -6.965717 -11.520673 0.082058
v -6.916010 -12.956704 -1.681251
v -7.019710 -12.879030 -1.681251
v -7.016114 -12.632631 -1.681251
v -6.638740 -12.761358 -1.681251
v -6.907700 -12.932314 -1.476120
v -6.698027 -12.652434 -1.564101
v -6.664489 -12.760979 -1.476121
v -6.698027 -12.652434 -1.476120
v -6.664489 -12.760979 -1.564101
v -6.663883 -11.847490 -0.133939
v -6.768671 -11.845957 -0.210074
v -6.898210 -11.844056 -0.210074
v -7.003024 -11.842530 -0.133940
v -6.910192 -12.558025 -1.681251
v -6.780647 -12.559919 -1.681251
v -6.676980 -12.637591 -1.681251
v -6.701190 -12.868556 -1.476120
v -6.794093 -12.933983 -1.476120
v -6.998637 -12.864202 -1.476120
v -7.032162 -12.755606 -1.476120
v -6.881254 -11.596949 0.147554
v -6.778411 -11.598449 0.147553
v -6.695205 -11.599648 0.087097
v -6.663432 -11.600124 -0.010717
v -6.680569 -12.883990 -1.681251
v -6.995480 -12.648092 -1.476120
v -6.902591 -12.582653 -1.476120
v -6.788970 -12.584315 -1.476120
v -6.697923 -11.524583 -0.112523
v -6.693549 -10.220132 -0.112527
v -6.666312 -11.525028 -0.015232
v -6.661937 -10.220583 -0.015237
v -6.697923 -11.524583 0.082058
v -6.693549 -10.220131 0.082053
v -6.780686 -11.523386 0.142182
v -6.776298 -10.218914 0.142177
v -6.882961 -11.521872 0.142182
v -6.878593 -10.217420 0.142177
v -6.961329 -10.216208 0.082053
v -6.786484 -12.958611 -1.681251
v -6.910192 -12.558025 -1.541318
v -6.780647 -12.559919 -1.541318
v -6.695199 -11.599661 -0.108532
v -6.697253 -11.739564 -0.108532
v -6.680569 -12.883990 -1.541318
v -6.786484 -12.958611 -1.541318
v -6.916010 -12.956703 -1.541318
v -7.019710 -12.879030 -1.541318
v -7.057924 -12.755239 -1.541318
v -7.016114 -12.632631 -1.541318
v -6.638740 -12.761358 -1.541318
v -6.676980 -12.637592 -1.541318
v -6.964442 -11.595725 0.087098
v -6.966496 -11.735636 0.087097
v -6.883290 -11.736834 0.147554
v -6.780454 -11.738340 0.147553
v -6.665474 -11.740035 -0.010717
v -6.697253 -11.739565 0.087097
v -6.970999 -10.366040 0.092840
v -6.973048 -10.619383 0.092840
v -6.881132 -10.621792 0.159612
v -6.767511 -10.624808 0.159612
v -6.767511 -10.624808 -0.190089
v -6.973048 -10.619385 -0.123298
v -6.965118 -11.856658 0.082671
v -6.882362 -11.857855 0.142795
v -6.780074 -11.859369 0.142794
v -6.697324 -11.860580 0.082671
v -6.665713 -11.861031 -0.014620
v -6.675589 -10.627227 0.092840
v -6.638450 -10.374863 -0.015229
v -6.640485 -10.628171 -0.015229
v -6.673559 -10.373944 -0.123298
v -6.675589 -10.627227 -0.123297
v -6.881132 -10.621792 -0.190089
v -7.008158 -10.618464 -0.015230
v -6.677605 -12.674083 -0.128847
v -6.710054 -12.730579 -0.049966
v -6.697324 -11.860580 -0.111910
v -6.705365 -12.410012 -0.111910
v -6.658362 -11.470051 -0.133940
v -6.763150 -11.468512 -0.210075
v -6.892702 -11.466631 -0.210074
v -6.997503 -11.465091 -0.133940
v -7.039557 -11.604415 -0.010717
v -6.879089 -10.368486 0.159613
v -6.765469 -10.371464 0.159613
v -6.673565 -10.373944 0.092840
v -6.973139 -12.406082 0.082671
v -6.890396 -12.407306 0.142795
v -6.788107 -12.408801 0.142794
v -6.678810 -12.756425 -0.266506
v -6.795323 -12.902161 -0.211282
v -6.897624 -12.900679 -0.211282
v -6.979542 -12.843156 -0.232384
v -6.976869 -12.660960 -0.300627
v -6.893314 -12.605879 -0.321731
v -7.037521 -11.464504 -0.010718
v -6.997503 -11.465091 0.112487
v -6.673759 -12.410477 -0.014619
v -6.705365 -12.410011 0.082671
v -6.979536 -12.843193 -1.528580
v -6.976856 -12.660990 -1.528579
v -6.893301 -12.605908 -1.528580
v -6.791000 -12.607391 -1.528579
v -6.999532 -11.605001 0.112487
v -6.892708 -11.466630 0.188640
v -6.894738 -11.606541 0.188639
v -6.763150 -11.468511 0.188639
v -6.765199 -11.608441 0.188639
v -6.658362 -11.470052 0.112487
v -6.620373 -11.610555 -0.010717
v -6.660404 -11.609981 0.112487
v -6.618318 -11.470631 -0.010718
v -6.790614 -12.580272 -0.256479
v -6.892895 -12.578777 -0.256479
v -6.977835 -12.726664 -0.049966
v -6.895595 -12.763035 -0.001216
v -6.793306 -12.764530 -0.001216
v -6.708366 -12.616682 -0.207730
v -6.711755 -12.847079 -0.232384
v -6.795310 -12.902190 -1.528580
v -6.897612 -12.900708 -1.528580
v -6.709069 -12.664906 -1.528579
v -6.889925 -11.821405 0.164125
v -6.776292 -11.823062 0.164125
v -6.684382 -11.824414 0.097352
v -6.649272 -11.824923 -0.010717
v -6.678797 -12.756456 -1.528579
v -6.711742 -12.847110 -1.528579
v -6.709082 -12.664877 -0.300627
v -6.791007 -12.607361 -0.321730
v -6.684382 -11.824414 -0.118786
v -6.777587 -11.911048 -0.185577
v -6.891213 -11.909387 -0.185577
v -6.983130 -11.908039 -0.118787
v -6.981835 -11.820060 0.097352
v -6.983130 -11.908039 0.097351
v -6.891213 -11.909379 0.164125
v -6.777587 -11.911048 0.164124
v -6.660404 -11.609982 -0.133940
v -6.765199 -11.608441 -0.210074
v -6.894738 -11.606541 -0.210074
v -6.999532 -11.605007 -0.133939
v -6.661841 -11.707586 -0.133940
v -6.766629 -11.706059 -0.210074
v -6.896168 -11.704152 -0.210074
v -7.000975 -11.702625 -0.133940
v -7.040994 -11.702032 -0.010717
v -7.000975 -11.702626 0.112487
v -6.896168 -11.704152 0.188639
v -6.768671 -11.845957 0.188640
v -6.685677 -11.912388 -0.118787
v -7.018240 -11.907531 -0.010717
v -6.650567 -11.912910 -0.010717
v -6.685677 -11.912388 0.097351
v -6.701190 -12.868555 -1.564102
v -6.794093 -12.933983 -1.564100
v -6.907700 -12.932314 -1.564100
v -6.998644 -12.864202 -1.564100
v -6.995480 -12.648093 -1.564101
v -6.902591 -12.582653 -1.564101
v -6.788970 -12.584315 -1.564101
v -7.043036 -11.841943 -0.010718
v -7.003024 -11.842530 0.112488
v -6.898210 -11.844057 0.188639
v -6.766629 -11.706059 0.188639
v -6.661841 -11.707586 0.112487
v -6.623852 -11.848070 -0.010718
v -6.663883 -11.847489 0.112487
v -6.621797 -11.708159 -0.010718
v -6.267051 -11.883533 -0.573097
v -6.298649 -11.883057 -0.670387
v -6.217344 -12.956704 -1.681251
v -6.321043 -12.879030 -1.681251
v -6.359257 -12.755239 -1.681251
v -6.317448 -12.632631 -1.681251
v -5.940073 -12.761358 -1.681251
v -6.209033 -12.932314 -1.476120
v -5.999360 -12.652434 -1.564101
v -5.965823 -12.760979 -1.476121
v -5.999360 -12.652434 -1.476120
v -5.965823 -12.760979 -1.564101
v -5.965217 -12.210350 -0.789094
v -6.070004 -12.208817 -0.865229
v -6.304357 -12.205390 -0.789094
v -6.211526 -12.558025 -1.681251
v -6.081981 -12.559919 -1.681251
v -5.978314 -12.637591 -1.681251
v -6.002524 -12.868556 -1.476120
v -6.095426 -12.933983 -1.476120
v -6.299971 -12.864202 -1.476120
v -6.333495 -12.755606 -1.476120
v -6.182588 -11.959808 -0.507601
v -6.079745 -11.961308 -0.507602
v -5.996538 -11.962508 -0.568058
v -5.964766 -11.962984 -0.665872
v -5.981903 -12.883990 -1.681251
v -6.296813 -12.648092 -1.476120
v -6.203924 -12.582653 -1.476120
v -6.090304 -12.584315 -1.476120
v -5.999257 -11.887443 -0.767677
v -5.994882 -9.635655 -0.767662
v -5.967645 -11.887888 -0.670387
v -5.963271 -9.636106 -0.670372
v -5.999257 -11.887443 -0.573097
v -5.994882 -9.635654 -0.573082
v -6.082019 -11.886246 -0.512973
v -6.077631 -9.634438 -0.512958
v -6.184295 -11.884731 -0.512973
v -6.179926 -9.632943 -0.512958
v -6.294268 -9.631254 -0.670372
v -6.262663 -9.631731 -0.573082
v -6.087818 -12.958611 -1.681251
v -6.211526 -12.558025 -1.541318
v -6.081981 -12.559919 -1.541318
v -5.996532 -11.962521 -0.763687
v -5.998587 -12.102424 -0.763687
v -5.981903 -12.883990 -1.541318
v -6.087818 -12.958611 -1.541318
v -6.217344 -12.956703 -1.541318
v -6.321043 -12.879030 -1.541318
v -6.359257 -12.755239 -1.541318
v -6.317448 -12.632631 -1.541318
v -5.940073 -12.761358 -1.541318
v -5.978314 -12.637592 -1.541318
v -6.297561 -11.958114 -0.665872
v -6.299596 -12.098019 -0.665873
v -6.265775 -11.958585 -0.568057
v -6.267830 -12.098495 -0.568057
v -6.184623 -12.099693 -0.507601
v -6.081787 -12.101200 -0.507602
v -5.966808 -12.102895 -0.665872
v -5.998587 -12.102425 -0.568058
v -6.298050 -12.219040 -0.669775
v -6.266451 -12.219518 -0.572484
v -6.183696 -12.220715 -0.512360
v -6.081407 -12.222229 -0.512360
v -5.998658 -12.223440 -0.572484
v -5.967046 -12.223890 -0.669775
v -5.978939 -12.674102 -0.783994
v -6.011388 -12.730598 -0.705113
v -5.998658 -12.223440 -0.767065
v -6.006698 -12.410031 -0.767057
v -5.959696 -11.832911 -0.789094
v -6.064484 -11.831371 -0.865229
v -6.194035 -11.829491 -0.865229
v -6.298836 -11.827950 -0.789095
v -6.340890 -11.967275 -0.665872
v -6.274472 -12.406101 -0.767057
v -6.306090 -12.405651 -0.669767
v -6.274472 -12.406101 -0.572476
v -6.191730 -12.407325 -0.512352
v -6.089441 -12.408820 -0.512353
v -5.980144 -12.756444 -0.921653
v -6.096656 -12.902180 -0.866428
v -6.198957 -12.900698 -0.866428
v -6.280876 -12.843175 -0.887531
v -6.311154 -12.751607 -0.921653
v -6.278202 -12.660979 -0.955774
v -6.194648 -12.605898 -0.976878
v -6.338855 -11.827364 -0.665873
v -6.298836 -11.827950 -0.542668
v -5.975093 -12.410496 -0.669766
v -6.006698 -12.410030 -0.572476
v -6.280869 -12.843193 -1.528580
v -6.311141 -12.751624 -1.528579
v -6.278189 -12.660990 -1.528579
v -6.194635 -12.605908 -1.528580
v -6.092333 -12.607391 -1.528579
v -6.300865 -11.967861 -0.542667
v -6.194042 -11.829490 -0.466515
v -6.196071 -11.969400 -0.466516
v -6.064484 -11.831370 -0.466516
v -6.066532 -11.971301 -0.466516
v -5.959696 -11.832911 -0.542667
v -5.921706 -11.973414 -0.665872
v -5.961738 -11.972840 -0.542668
v -5.919651 -11.833490 -0.665872
v -6.091947 -12.580291 -0.911626
v -6.194229 -12.578796 -0.911626
v -6.277519 -12.612810 -0.862877
v -6.309937 -12.669264 -0.783994
v -6.279169 -12.726683 -0.705113
v -6.196928 -12.763054 -0.656363
v -6.094640 -12.764549 -0.656363
v -6.009700 -12.616701 -0.862876
v -6.013089 -12.847098 -0.887531
v -6.096643 -12.902190 -1.528580
v -6.198945 -12.900708 -1.528580
v -6.010402 -12.664906 -1.528579
v -6.191258 -12.184265 -0.491030
v -6.077626 -12.185922 -0.491030
v -5.985715 -12.187274 -0.557803
v -5.950606 -12.187782 -0.665872
v -5.980131 -12.756456 -1.528579
v -6.013076 -12.847110 -1.528579
v -6.010415 -12.664896 -0.955774
v -6.092340 -12.607380 -0.976877
v -5.985715 -12.187274 -0.773941
v -6.078920 -12.273908 -0.840731
v -6.284464 -12.270899 -0.773941
v -6.318278 -12.182410 -0.665873
v -6.283169 -12.182920 -0.557803
v -6.284464 -12.270899 -0.557803
v -6.192547 -12.272239 -0.491030
v -6.078920 -12.273908 -0.491031
v -5.961738 -11.972841 -0.789095
v -6.066532 -11.971301 -0.865229
v -6.196071 -11.969400 -0.865229
v -6.300865 -11.967867 -0.789094
v -5.963174 -12.070446 -0.789094
v -6.067962 -12.068919 -0.865229
v -6.197501 -12.067012 -0.865229
v -6.302309 -12.065485 -0.789094
v -6.342327 -12.064892 -0.665872
v -6.302309 -12.065486 -0.542668
v -6.197501 -12.067012 -0.466515
v -6.070004 -12.208817 -0.466515
v -5.987010 -12.275248 -0.773941
v -6.319573 -12.270391 -0.665872
v -5.951900 -12.275770 -0.665872
v -5.987010 -12.275248 -0.557804
v -6.002524 -12.868555 -1.564102
v -6.095426 -12.933983 -1.564100
v -6.209033 -12.932314 -1.564100
v -6.299977 -12.864202 -1.564100
v -6.333495 -12.755606 -1.564101
v -6.296813 -12.648093 -1.564101
v -6.203924 -12.582653 -1.564101
v -6.090304 -12.584315 -1.564101
v -6.344369 -12.204803 -0.665872
v -6.304357 -12.205390 -0.542667
v -6.199543 -12.206917 -0.466516
v -6.067962 -12.068918 -0.466515
v -5.963174 -12.070446 -0.542667
v -5.925185 -12.210930 -0.665873
v -5.965217 -12.210349 -0.542668
v -5.923130 -12.071019 -0.665873
v -5.959695 -9.745042 -0.789027
v -6.340890 -9.879406 -0.665805
v -6.338854 -9.739495 -0.665806
v -6.298836 -9.740082 -0.542601
v -6.300865 -9.879992 -0.542600
v -6.194041 -9.741621 -0.466447
v -6.196071 -9.881532 -0.466448
v -6.064483 -9.743502 -0.466449
v -6.066532 -9.883432 -0.466448
v -5.959695 -9.745043 -0.542600
v -5.921706 -9.885546 -0.665805
v -5.961737 -9.884972 -0.542600
v -5.919651 -9.745622 -0.665805
v -5.961737 -9.884973 -0.789028
v -6.066532 -9.883432 -0.865162
v -6.196071 -9.881532 -0.865162
v -6.300865 -9.879998 -0.789027
v -3.168767 -12.072830 -1.653534
v -3.216281 -12.136263 -1.653535
v -3.292006 -12.159639 -1.653534
v -3.367004 -12.134066 -1.653534
v -3.288259 -11.903225 -1.653534
v -3.183688 -12.067749 -1.528055
v -3.354889 -11.939491 -1.581873
v -3.288493 -11.918976 -1.528056
v -3.354889 -11.939491 -1.528055
v -3.288493 -11.918976 -1.581873
v -3.363970 -11.926615 -1.653534
v -3.222689 -11.941423 -1.528055
v -3.182665 -11.998251 -1.528055
v -3.225349 -12.123371 -1.528055
v -3.291778 -12.143879 -1.528055
v -3.213248 -11.928814 -1.653534
v -3.357544 -12.121445 -1.528055
v -3.397572 -12.064621 -1.528055
v -3.396559 -11.995121 -1.528055
v -3.167601 -11.993599 -1.653534
v -3.412642 -12.069273 -1.567937
v -3.411479 -11.990030 -1.567937
v -3.213248 -11.928814 -1.567937
v -3.167601 -11.993599 -1.567937
v -3.168767 -12.072830 -1.567937
v -3.216281 -12.136263 -1.567937
v -3.292002 -12.159639 -1.567937
v -3.367004 -12.134064 -1.567937
v -3.288259 -11.903225 -1.567937
v -3.363970 -11.926615 -1.567937
v -6.079928 -12.122202 -0.647622
v -6.079634 -12.102873 -0.588110
v -6.078906 -12.052250 -0.551332
v -6.077977 -11.989681 -0.551332
v -6.077235 -11.939064 -0.588110
v -6.076960 -11.919725 -0.647622
v -3.341625 -11.927000 -0.717496
v -3.307066 -11.946848 -0.669244
v -6.077235 -11.939064 -0.707135
v -3.503157 -11.943983 -0.707135
v -6.079639 -12.102873 -0.707135
v -3.505560 -12.107777 -0.707135
v -3.505835 -12.127115 -0.647623
v -3.505560 -12.107777 -0.588110
v -3.504813 -12.057165 -0.551332
v -3.503898 -11.994596 -0.551333
v -3.291255 -11.927738 -0.801702
v -3.202108 -11.999006 -0.767921
v -3.203018 -12.061584 -0.767921
v -3.238202 -12.111694 -0.780830
v -3.294214 -12.130217 -0.801702
v -3.349652 -12.110060 -0.822574
v -3.502872 -11.924646 -0.647622
v -3.503157 -11.943983 -0.588110
v -3.238202 -12.111691 -1.560145
v -3.294214 -12.130205 -1.560145
v -3.349657 -12.110048 -1.560145
v -3.379119 -12.109644 -0.765749
v -3.344584 -12.129475 -0.717496
v -3.309461 -12.110653 -0.669244
v -3.287214 -12.060343 -0.639423
v -3.286299 -11.997774 -0.639424
v -3.376739 -11.945816 -0.765748
v -3.235803 -11.947889 -0.780830
v -3.202113 -11.998999 -1.560145
v -3.203018 -12.061577 -1.560145
v -3.347263 -11.946245 -1.560145
v -3.291260 -11.927727 -1.560145
v -3.235808 -11.947878 -1.560145
v -3.347258 -11.946255 -0.822574
v -3.222689 -11.941423 -1.581874
v -3.182665 -11.998253 -1.581873
v -3.183688 -12.067747 -1.581873
v -3.225349 -12.123377 -1.581873
v -3.291778 -12.143879 -1.581873
v -3.357544 -12.121445 -1.581873
v -6.098069 -11.925134 -0.712329
v -6.100174 -11.984401 -0.755393
v -6.102760 -12.057679 -0.755393
v -6.104875 -12.116956 -0.712330
v -5.913661 -12.140742 -0.642632
v -6.105681 -12.139594 -0.642632
v -6.104875 -12.116956 -0.572945
v -5.912855 -12.118103 -0.572944
v -6.102760 -12.057685 -0.529871
v -5.910750 -12.058832 -0.529871
v -6.100174 -11.984401 -0.529871
v -5.908132 -11.985561 -0.529871
v -6.098058 -11.925134 -0.572944
v -5.905242 -11.903643 -0.642631
v -5.906027 -11.926286 -0.572945
v -6.097273 -11.902482 -0.642632
v -5.906027 -11.926286 -0.712329
v -5.908132 -11.985561 -0.755393
v -5.910750 -12.058832 -0.755393
v -5.912855 -12.118103 -0.712329
v -3.458807 -11.652654 -1.653597
v -3.506320 -11.716086 -1.653597
v -3.582046 -11.739463 -1.653597
v -3.657043 -11.713889 -1.653597
v -3.578298 -11.483048 -1.653597
v -3.473727 -11.647573 -1.528117
v -3.644928 -11.519315 -1.581936
v -3.578532 -11.498799 -1.528118
v -3.644928 -11.519315 -1.528117
v -3.578532 -11.498799 -1.581936
v -3.654009 -11.506438 -1.653597
v -3.512728 -11.521247 -1.528117
v -3.472704 -11.578074 -1.528117
v -3.515388 -11.703195 -1.528118
v -3.581817 -11.723702 -1.528118
v -3.503287 -11.508637 -1.653596
v -3.647583 -11.701268 -1.528118
v -3.687611 -11.644444 -1.528118
v -3.686598 -11.574944 -1.528118
v -3.457640 -11.573422 -1.653597
v -3.702681 -11.649096 -1.567999
v -3.701519 -11.569854 -1.567999
v -3.503287 -11.508637 -1.567999
v -3.457640 -11.573422 -1.567999
v -3.458807 -11.652654 -1.567999
v -3.506320 -11.716086 -1.567999
v -3.582041 -11.739463 -1.567999
v -3.657043 -11.713887 -1.567999
v -3.578298 -11.483048 -1.567999
v -3.654009 -11.506438 -1.567999
v -6.079928 -11.702025 -0.647685
v -6.079633 -11.682696 -0.588172
v -6.078906 -11.632073 -0.551394
v -6.077977 -11.569505 -0.551394
v -6.077235 -11.518888 -0.588172
v -6.076960 -11.499549 -0.647685
v -3.631664 -11.506824 -0.717558
v -3.597106 -11.526671 -0.669306
v -6.077235 -11.518888 -0.707197
v -3.793196 -11.523807 -0.707197
v -6.079638 -11.682696 -0.707197
v -3.795599 -11.687600 -0.707198
v -3.795874 -11.706939 -0.647685
v -3.795599 -11.687600 -0.588172
v -3.794852 -11.636989 -0.551394
v -3.793937 -11.574420 -0.551395
v -3.581294 -11.507562 -0.801764
v -3.492147 -11.578830 -0.767983
v -3.493057 -11.641408 -0.767983
v -3.528241 -11.691518 -0.780892
v -3.584253 -11.710040 -0.801764
v -3.639691 -11.689883 -0.822636
v -3.792911 -11.504470 -0.647685
v -3.793196 -11.523807 -0.588172
v -3.528241 -11.691514 -1.560207
v -3.584253 -11.710029 -1.560207
v -3.639696 -11.689872 -1.560207
v -3.669158 -11.689467 -0.765811
v -3.634623 -11.709298 -0.717558
v -3.599500 -11.690476 -0.669306
v -3.577253 -11.640166 -0.639486
v -3.576338 -11.577598 -0.639486
v -3.666778 -11.525640 -0.765810
v -3.525842 -11.527713 -0.780892
v -3.492152 -11.578822 -1.560208
v -3.493057 -11.641400 -1.560207
v -3.637302 -11.526069 -1.560207
v -3.581299 -11.507550 -1.560207
v -3.525847 -11.527701 -1.560207
v -3.637297 -11.526078 -0.822636
v -3.512728 -11.521247 -1.581936
v -3.472704 -11.578076 -1.581935
v -3.473727 -11.647571 -1.581935
v -3.515388 -11.703200 -1.581935
v -3.581817 -11.723702 -1.581935
v -3.647583 -11.701268 -1.581936
v -4.111782 -11.504956 -0.712392
v -4.116410 -11.696778 -0.712392
v -3.986377 -11.720565 -0.642694
v -4.116959 -11.719417 -0.642694
v -4.116410 -11.696778 -0.573007
v -3.985828 -11.697926 -0.573007
v -4.114972 -11.637507 -0.529933
v -3.984397 -11.638655 -0.529933
v -4.113214 -11.564223 -0.529933
v -3.982616 -11.565384 -0.529933
v -4.111774 -11.504956 -0.573007
v -3.980651 -11.483465 -0.642694
v -3.981185 -11.506108 -0.573007
v -4.111240 -11.482305 -0.642694
v -3.981185 -11.506108 -0.712391
v -3.982616 -11.565384 -0.755455
v -3.984397 -11.638655 -0.755455
v -3.985828 -11.697926 -0.712391
v -1.347577 -11.489202 -1.672069
v -1.180958 -11.437766 -1.672069
v -1.015946 -11.494041 -1.672070
v -1.189201 -12.001960 -1.672069
v -1.419291 -11.639954 -1.395978
v -1.042594 -11.922162 -1.514393
v -1.188689 -11.967299 -1.395979
v -1.042594 -11.922162 -1.395978
v -1.188689 -11.967299 -1.514393
v 0.648159 -11.968129 -0.894699
v 0.650226 -11.827092 -0.997170
v 0.652781 -11.652748 -0.997170
v 0.654836 -11.511669 -0.894699
v -0.915523 -11.636604 -1.672070
v -0.918073 -11.810960 -1.672069
v -1.022617 -11.950495 -1.672070
v -1.333482 -11.917900 -1.395978
v -1.421534 -11.792866 -1.395978
v -1.327617 -11.517558 -1.395978
v -1.181453 -11.472440 -1.395978
v -1.354254 -11.945655 -1.672069
v -1.036748 -11.521814 -1.395978
v -0.948672 -11.646831 -1.395978
v -0.950909 -11.799755 -1.395978
v -0.915523 -11.636603 -1.483730
v -0.918073 -11.810960 -1.483730
v -1.354254 -11.945655 -1.483730
v -1.454682 -11.803111 -1.483730
v -1.452115 -11.628767 -1.483729
v -1.347577 -11.489202 -1.483729
v -1.180958 -11.437766 -1.483730
v -1.015946 -11.494041 -1.483730
v -1.189201 -12.001960 -1.483730
v -1.022617 -11.950494 -1.483730
v 0.636460 -11.520166 -0.734104
v 0.635819 -11.562695 -0.603158
v 0.634205 -11.674080 -0.522236
v 0.632174 -11.811749 -0.522236
v 0.630543 -11.923121 -0.603158
v 0.629937 -11.965669 -0.734103
v -1.071757 -11.949664 -0.887846
v -1.147798 -11.905989 -0.781677
v 0.630543 -11.923122 -0.865048
v -0.716333 -11.912300 -0.865049
v 0.635819 -11.562695 -0.865048
v -0.711045 -11.551895 -0.865049
v -0.710439 -11.509344 -0.734104
v -0.711045 -11.551895 -0.603158
v -0.712694 -11.663263 -0.522236
v -0.714708 -11.800933 -0.522237
v -1.182583 -11.948040 -1.073124
v -1.299320 -11.543276 -1.027198
v -1.176071 -11.502526 -1.073122
v -1.054093 -11.546879 -1.119048
v -0.979960 -11.659336 -1.147452
v -0.716963 -11.954840 -0.734103
v -0.716333 -11.912300 -0.603158
v -1.299344 -11.543276 -1.466586
v -1.176095 -11.502526 -1.466584
v -1.054111 -11.546880 -1.466585
v -0.979977 -11.659337 -1.466585
v -0.981967 -11.797024 -1.466585
v -0.945492 -11.797559 -1.059628
v -0.943485 -11.659902 -1.059628
v -0.989262 -11.547797 -0.994015
v -1.065250 -11.504163 -0.887846
v -1.142528 -11.545577 -0.781677
v -1.191479 -11.656262 -0.716063
v -1.193493 -11.793938 -0.716063
v -0.994503 -11.908256 -0.994015
v -1.304596 -11.903705 -1.027197
v -1.059386 -11.907296 -1.466585
v 0.683263 -11.663894 -0.493527
v 0.681037 -11.816835 -0.493527
v 0.679218 -11.940539 -0.583398
v 0.678529 -11.987794 -0.728850
v -1.182601 -11.948040 -1.466584
v -1.304614 -11.903705 -1.466585
v -1.059363 -11.907296 -1.119048
v -0.981950 -11.797034 -1.147450
v 0.679218 -11.940538 -0.874303
v 0.681037 -11.816836 -0.964199
v 0.562615 -11.815093 -0.964199
v 0.683263 -11.663894 -0.964199
v 0.564853 -11.662163 -0.964199
v 0.685076 -11.540196 -0.874304
v 0.566660 -11.538447 -0.874303
v 0.685765 -11.492942 -0.728851
v 0.685082 -11.540196 -0.583398
v 0.566660 -11.538448 -0.583399
v 0.564859 -11.662163 -0.493527
v 0.562615 -11.815093 -0.493527
v 0.836463 -11.970884 -0.894699
v 0.838512 -11.829842 -0.997170
v 0.841080 -11.655493 -0.997170
v 0.843140 -11.514437 -0.894699
v 0.843929 -11.460569 -0.728851
v 0.843135 -11.514432 -0.563026
v 0.841080 -11.655493 -0.460532
v 0.650226 -11.827098 -0.460532
v 0.560814 -11.938808 -0.874303
v 0.567349 -11.491192 -0.728851
v 0.560107 -11.986052 -0.728851
v 0.560814 -11.938807 -0.583399
v -1.333482 -11.917900 -1.514395
v -1.327617 -11.517557 -1.514394
v -1.181453 -11.472440 -1.514394
v -1.036748 -11.521814 -1.514394
v -0.948672 -11.646832 -1.514394
v -0.950909 -11.799755 -1.514393
v 0.655625 -11.457820 -0.728851
v 0.654836 -11.511670 -0.563026
v 0.652781 -11.652749 -0.460532
v 0.838513 -11.829842 -0.460532
v 0.836463 -11.970885 -0.563027
v 0.647382 -12.022008 -0.728851
v 0.648159 -11.968129 -0.563027
v 0.835686 -12.024782 -0.728851
v 0.515987 -12.794726 -1.580814
v 0.431686 -12.907276 -1.580814
v 0.297322 -12.948754 -1.580814
v 0.164256 -12.903373 -1.580815
v 0.303973 -12.493779 -1.580815
v 0.489519 -12.785707 -1.358170
v 0.185747 -12.558129 -1.453662
v 0.303555 -12.521729 -1.358171
v 0.185747 -12.558129 -1.358169
v 0.303555 -12.521730 -1.453662
v 0.083271 -12.788407 -1.580815
v 0.085326 -12.647805 -1.580815
v 0.169634 -12.535281 -1.580815
v 0.420323 -12.561566 -1.358169
v 0.491328 -12.662395 -1.358170
v 0.415591 -12.884408 -1.358170
v 0.297722 -12.920793 -1.358170
v 0.437070 -12.539184 -1.580815
v 0.181028 -12.880976 -1.358170
v 0.110004 -12.780161 -1.358170
v 0.111807 -12.656839 -1.358170
v 0.518061 -12.654132 -1.580815
v 0.083271 -12.788407 -1.428934
v 0.085326 -12.647804 -1.428934
v 0.437070 -12.539183 -1.428934
v 0.518061 -12.654132 -1.428935
v 0.515987 -12.794725 -1.428934
v 0.431686 -12.907274 -1.428934
v 0.297322 -12.948753 -1.428935
v 0.164256 -12.903372 -1.428934
v 0.303973 -12.493778 -1.428934
v 0.169634 -12.535281 -1.428934
v -1.898374 -12.882304 -0.824423
v -1.897857 -12.848009 -0.718826
v -1.896559 -12.758185 -0.653569
v -1.894922 -12.647167 -0.653569
v -1.893606 -12.557354 -0.718826
v -1.893114 -12.523043 -0.824422
v 0.209262 -12.535950 -0.948403
v 0.270584 -12.571172 -0.862787
v -1.893606 -12.557353 -0.930019
v -0.077357 -12.566080 -0.930019
v -1.897857 -12.848009 -0.930019
v -0.081621 -12.856718 -0.930019
v -0.082113 -12.891032 -0.824423
v -0.081621 -12.856719 -0.718826
v -0.080292 -12.766909 -0.653569
v -0.078668 -12.655890 -0.653570
v 0.298633 -12.537260 -1.097815
v 0.456807 -12.663718 -1.037875
v 0.455201 -12.774754 -1.037875
v 0.392772 -12.863668 -1.060779
v 0.293385 -12.896531 -1.097814
v 0.195019 -12.860764 -1.134848
v 0.135235 -12.770076 -1.157754
v -0.076853 -12.531777 -0.824423
v -0.077357 -12.566082 -0.718826
v 0.392790 -12.863668 -1.415110
v 0.293403 -12.896531 -1.415108
v 0.195031 -12.860763 -1.415108
v 0.135247 -12.770075 -1.415108
v 0.136853 -12.659042 -1.415109
v 0.107438 -12.658611 -1.086931
v 0.105820 -12.769620 -1.086931
v 0.142735 -12.860022 -1.034020
v 0.204014 -12.895211 -0.948403
v 0.266332 -12.861814 -0.862787
v 0.305807 -12.772554 -0.809874
v 0.307431 -12.661530 -0.809874
v 0.146962 -12.569343 -1.034020
v 0.397029 -12.573012 -1.060779
v 0.456825 -12.663719 -1.415110
v 0.455213 -12.774753 -1.415108
v 0.199289 -12.570116 -1.415108
v 0.298645 -12.537261 -1.415108
v 0.397042 -12.573012 -1.415108
v 0.199264 -12.570117 -1.134848
v 0.136841 -12.659035 -1.157753
v 0.420323 -12.561564 -1.453663
v 0.491328 -12.662395 -1.453663
v 0.489519 -12.785707 -1.453662
v 0.415591 -12.884409 -1.453663
v 0.297722 -12.920792 -1.453662
v 0.181028 -12.880977 -1.453662
v 0.110004 -12.780160 -1.453662
v 0.111807 -12.656840 -1.453662
v -4.226834 -9.019749 -0.411712
v -4.189712 -10.092120 -1.620384
v -4.267147 -10.034120 -1.620384
v -4.264469 -9.850118 -1.620384
v -3.982652 -9.946243 -1.620384
v -4.183506 -10.073905 -1.467199
v -4.026926 -9.864904 -1.532900
v -4.001884 -9.945962 -1.467200
v -4.026926 -9.864904 -1.467199
v -4.001884 -9.945962 -1.532900
v -4.001429 -9.294171 -0.573012
v -4.079687 -9.293024 -0.629867
v -4.176418 -9.291609 -0.629867
v -4.254690 -9.290470 -0.573013
v -4.185368 -9.794397 -1.620384
v -4.088628 -9.795812 -1.620384
v -4.011208 -9.853820 -1.620384
v -4.029293 -10.026298 -1.467199
v -4.098667 -10.075153 -1.467199
v -4.251414 -10.023043 -1.467199
v -4.276449 -9.941949 -1.467199
v -4.013893 -10.037822 -1.620384
v -4.249054 -9.861657 -1.467199
v -4.179688 -9.812793 -1.467199
v -4.094842 -9.814034 -1.467199
v -4.026854 -9.022664 -0.557019
v -4.023583 -4.634279 -0.557016
v -4.003248 -9.022996 -0.484366
v -3.999978 -4.634618 -0.484363
v -4.026854 -9.022664 -0.411713
v -4.023583 -4.634278 -0.411710
v -4.088657 -9.021769 -0.366814
v -4.085379 -4.633369 -0.366812
v -4.165030 -9.020643 -0.366814
v -4.161767 -4.632251 -0.366812
v -4.223556 -4.631349 -0.411710
v -4.092987 -10.093542 -1.620384
v -4.185368 -9.794397 -1.515887
v -4.088628 -9.795812 -1.515887
v -4.013893 -10.037822 -1.515887
v -4.092987 -10.093542 -1.515887
v -4.189712 -10.092120 -1.515887
v -4.267147 -10.034120 -1.515887
v -4.295688 -9.941675 -1.515887
v -4.264469 -9.850118 -1.515887
v -3.982652 -9.946243 -1.515887
v -4.011208 -9.853820 -1.515887
v -4.226379 -9.270649 -0.411255
v -4.164583 -9.271544 -0.366357
v -4.088195 -9.272670 -0.366357
v -4.026406 -9.273580 -0.411255
v -4.002800 -9.273911 -0.483908
v -4.011677 -9.881076 -0.569210
v -4.035911 -9.923265 -0.510304
v -4.026406 -9.273580 -0.556561
v -4.032411 -9.683874 -0.556562
v -4.010651 -8.913335 -0.563394
v -4.080705 -8.912309 -0.614294
v -4.167318 -8.911055 -0.614293
v -4.237386 -8.910021 -0.563394
v -4.232377 -9.680937 -0.556561
v -4.232377 -9.680937 -0.411256
v -4.170580 -9.681853 -0.366357
v -4.094200 -9.682972 -0.366357
v -4.012579 -9.942569 -0.672009
v -4.099583 -10.051396 -0.630769
v -4.175979 -10.050284 -0.630769
v -4.237154 -10.007339 -0.646528
v -4.235155 -9.871276 -0.697489
v -4.172760 -9.830141 -0.713249
v -4.264140 -8.909626 -0.481013
v -4.237380 -8.910021 -0.398644
v -4.008805 -9.684221 -0.483908
v -4.032411 -9.683874 -0.411255
v -4.237147 -10.007354 -1.506375
v -4.235148 -9.871291 -1.506374
v -4.172753 -9.830163 -1.506374
v -4.096357 -9.831267 -1.506374
v -4.238742 -9.003561 -0.398644
v -4.167318 -8.911055 -0.347732
v -4.168682 -9.004587 -0.347732
v -4.080705 -8.912309 -0.347732
v -4.082075 -9.005854 -0.347732
v -4.010651 -8.913335 -0.398644
v -3.985253 -9.007276 -0.481012
v -4.012013 -9.006888 -0.398644
v -3.983877 -8.913723 -0.481013
v -4.096069 -9.811017 -0.664521
v -4.172450 -9.809906 -0.664521
v -4.234650 -9.835301 -0.628117
v -4.235877 -9.920342 -0.510304
v -4.174470 -9.947505 -0.473899
v -4.098082 -9.948617 -0.473899
v -4.034655 -9.838209 -0.628117
v -4.037181 -10.010262 -0.646527
v -4.099576 -10.051411 -1.506375
v -4.175972 -10.050307 -1.506374
v -4.035175 -9.874213 -1.506374
v -4.012572 -9.942584 -1.506374
v -4.037167 -10.010283 -1.506374
v -4.035182 -9.874199 -0.697489
v -4.096364 -9.831245 -0.713248
v -4.012020 -9.006888 -0.563393
v -3.999899 -8.960078 -0.573005
v -4.078156 -8.958938 -0.629859
v -4.174896 -8.957516 -0.629859
v -4.253160 -8.956377 -0.573004
v -4.283044 -8.955935 -0.480986
v -4.253160 -8.956376 -0.388981
v -4.174896 -8.957517 -0.332113
v -4.079679 -9.293024 -0.332121
v -4.029293 -10.026298 -1.532901
v -4.098667 -10.075153 -1.532900
v -4.183506 -10.073905 -1.532900
v -4.251414 -10.023043 -1.532900
v -4.249054 -9.861657 -1.532900
v -4.179688 -9.812793 -1.532900
v -4.094842 -9.814034 -1.532900
v -4.284567 -9.290030 -0.480994
v -4.254690 -9.290469 -0.388988
v -4.176418 -9.291610 -0.332121
v -4.078156 -8.958938 -0.332113
v -3.999907 -8.960078 -0.388981
v -3.971538 -9.294604 -0.480994
v -4.001429 -9.294171 -0.388989
v -3.970001 -8.960511 -0.480986
v -6.587837 -12.092566 -1.611916
v -6.587837 -11.942511 -1.611916
v -3.341134 -12.104353 -1.611916
v -3.340102 -11.954298 -1.611916
v -6.587837 -12.134570 -1.611916
v -6.587837 -11.893345 -1.611916
v -3.341134 -12.153519 -1.611916
v -3.340102 -11.912293 -1.611916
v -6.587837 -11.661016 -1.603202
v -6.587837 -11.510961 -1.603202
v -3.607239 -11.672803 -1.611920
v -3.606208 -11.522748 -1.611920
v -6.587837 -11.703020 -1.603202
v -6.587837 -11.461795 -1.603202
v -3.607239 -11.721969 -1.611920
v -3.606208 -11.480743 -1.611920
v -6.863147 -12.051290 -1.577306
v -6.670223 -12.051290 -1.577306
v -6.669932 -9.631257 -1.577305
v -6.862856 -9.631734 -1.577305
v -6.670536 -12.405653 -1.577306
v -6.863468 -12.406104 -1.577306
v -6.548412 -12.843179 -1.577306
v -6.514286 -12.623939 -1.577303
v -6.117038 -12.851925 -1.577307
v -6.130519 -12.654876 -1.577304
v -6.651943 -12.541594 -1.577303
v -6.794033 -12.702044 -1.577303
v -6.942714 -12.459789 -1.577316
v -6.606777 -12.950550 -1.577325
v -6.207561 -12.950551 -1.577326
v -6.885601 -12.782979 -1.577323
v -6.963275 -12.051290 -1.577306
v -6.962985 -9.631734 -1.577305
v -6.587890 -12.006887 -1.577313
v -6.589740 -12.316848 -1.577321
v -6.433490 -12.535133 -1.577318
v -6.162204 -12.589395 -1.577317
v -6.571147 -12.452788 -1.577317
v -6.586062 -9.631257 -1.577305
v -7.511035 -12.051291 -1.577306
v -7.318111 -12.051291 -1.577306
v -7.317820 -7.590549 -1.577307
v -7.510744 -7.591025 -1.577307
v -7.318424 -12.405654 -1.577306
v -7.511356 -12.406105 -1.577306
v -7.196300 -12.843180 -1.577306
v -7.162174 -12.623940 -1.577303
v -6.797084 -12.843181 -1.577307
v -6.743175 -12.701193 -1.577305
v -7.299831 -12.541595 -1.577303
v -7.378711 -12.726687 -1.577306
v -7.590602 -12.459790 -1.577316
v -7.254665 -12.950551 -1.577326
v -6.855449 -12.950552 -1.577326
v -7.437076 -12.834059 -1.577325
v -7.611164 -12.051291 -1.577306
v -7.610872 -7.591025 -1.577307
v -7.235778 -12.006888 -1.577314
v -7.237628 -12.316849 -1.577321
v -7.081378 -12.535134 -1.577318
v -6.791728 -12.606152 -1.577306
v -7.219036 -12.452789 -1.577318
v -7.233950 -7.590549 -1.577307
v -9.317909 -10.118693 -1.577296
v -9.317909 -10.393498 -1.577296
v -7.659892 -10.367226 -1.577292
v -7.660365 -10.143781 -1.577292
v -9.182701 -9.976068 -1.577296
v -7.660365 -10.027813 -1.577292
v -9.182701 -10.510780 -1.577303
v -7.659892 -10.464365 -1.577293
v -6.665840 -12.092566 -1.611916
v -6.665840 -11.942511 -1.611916
v -6.665840 -12.134570 -1.611916
v -6.665840 -11.893345 -1.611916
v -6.665840 -11.661016 -1.603202
v -6.665840 -11.510961 -1.603202
v -6.665840 -11.703020 -1.603202
v -6.665840 -11.461795 -1.603202
v -9.413506 -10.118695 -1.577296
v -9.413506 -10.393500 -1.577296
v -9.278297 -9.976069 -1.577296
v -9.278297 -10.510781 -1.577304
v -9.360756 -10.256879 -1.577296
v -9.456352 -10.256879 -1.577296
v -4.854578 -9.386786 -1.577296
v -4.704952 -9.386786 -1.577296
v -4.704726 -4.759618 -1.549287
v -4.854352 -4.759618 -1.549287
v -4.705195 -9.665864 -1.577296
v -4.854827 -9.665864 -1.577296
v -4.616952 -9.988742 -1.577296
v -4.584012 -9.839525 -1.577293
v -4.416562 -10.001065 -1.577297
v -4.416562 -9.864640 -1.577296
v -4.672970 -9.777077 -1.577293
v -4.796130 -9.889392 -1.577296
v -4.943401 -9.675925 -1.577305
v -4.655745 -10.092835 -1.577315
v -4.416562 -10.104231 -1.577317
v -4.883886 -9.960548 -1.577312
v -4.932235 -9.386786 -1.577296
v -4.932008 -4.759618 -1.549287
v -4.641098 -9.386786 -1.577303
v -4.623423 -9.658680 -1.577308
v -4.547645 -9.737426 -1.577308
v -4.416562 -9.773322 -1.577297
v -4.639678 -4.759618 -1.549287
v -4.150733 -10.001060 -1.577296
v -4.150733 -9.864635 -1.577294
v -4.150733 -10.104225 -1.577315
v -4.150733 -9.773317 -1.577295
v -5.858887 -8.699556 -1.140903
v -5.858887 -8.699555 -1.289961
v -5.858887 -7.783238 -1.290174
v -5.858887 -7.783238 -1.141124
v -5.858887 -8.978632 -1.289718
v -5.858887 -8.978633 -1.140652
v -5.858887 -9.301511 -1.377623
v -5.858887 -9.152294 -1.410442
v -5.858887 -9.313835 -1.577255
v -5.858887 -9.177409 -1.577254
v -5.858887 -9.089846 -1.321822
v -5.858887 -9.202162 -1.199129
v -5.858887 -8.988694 -1.052418
v -5.858887 -9.405605 -1.338981
v -5.858887 -9.417001 -1.577253
v -5.858887 -9.273318 -1.111708
v -5.858887 -8.699556 -1.063539
v -5.858887 -7.783238 -1.063759
v -5.858887 -8.699556 -1.353568
v -5.858887 -8.971449 -1.371177
v -5.858887 -9.050196 -1.446664
v -5.858887 -9.086092 -1.577255
v -5.858887 -7.783238 -1.354975
v -5.246704 -9.313828 -1.577253
v -5.246704 -9.177403 -1.577251
v -5.246704 -9.416993 -1.577272
v -5.246704 -9.086085 -1.577252
v -5.858886 -7.255700 -1.140892
v -5.858886 -7.255699 -1.289950
v -5.858886 -5.257996 -1.290171
v -5.858886 -5.257996 -1.141120
v -5.858886 -7.255700 -1.063528
v -5.858886 -5.257996 -1.063756
v -5.858886 -7.255700 -1.353557
v -5.858886 -5.257996 -1.354971
v -6.126274 -7.255700 -1.140892
v -6.126274 -7.255699 -1.289950
v -6.126274 -7.255700 -1.063528
v -6.126274 -7.255700 -1.353557
v -6.282516 -7.255700 -1.140892
v -6.282516 -7.255699 -1.289950
v -6.282516 -7.255700 -1.063528
v -6.282516 -7.255700 -1.353557
v -8.376074 -4.483684 -1.546236
v -8.376074 -4.691203 -1.546236
v -4.075162 -4.671384 -1.546240
v -4.075397 -4.502649 -1.546240
v -8.240866 -4.375980 -1.546236
v -4.075397 -4.415076 -1.546240
v -8.240866 -4.779768 -1.546244
v -4.075162 -4.744739 -1.546241
v -8.471670 -4.483685 -1.546236
v -8.471670 -4.691204 -1.546236
v -8.336462 -4.375981 -1.546236
v -8.336462 -4.779769 -1.546244
v -8.418921 -4.588034 -1.546236
v -8.514517 -4.588034 -1.546236
v -3.940924 -4.671384 -1.546240
v -3.941158 -4.502649 -1.546240
v -3.941158 -4.415076 -1.546240
v -3.940924 -4.744739 -1.546241
v -7.701803 -3.933638 -1.546231
v -7.701803 -4.141157 -1.546230
v -4.075162 -4.121338 -1.546234
v -4.075397 -3.952603 -1.546234
v -7.566595 -3.825935 -1.546230
v -4.075397 -3.865030 -1.546234
v -7.566595 -4.229722 -1.546238
v -4.075162 -4.194693 -1.546235
v -7.797400 -3.933639 -1.546231
v -7.797400 -4.141158 -1.546231
v -7.662191 -3.825935 -1.546231
v -7.662191 -4.229723 -1.546238
v -7.744650 -4.037988 -1.546231
v -7.840246 -4.037988 -1.546231
v -3.940924 -4.121338 -1.546234
v -3.941158 -3.952603 -1.546234
v -3.941158 -3.865030 -1.546234
v -3.940924 -4.194693 -1.546235
v -4.704726 -4.669968 -1.549291
v -4.854352 -4.669968 -1.549291
v -4.932008 -4.669968 -1.549291
v -4.639678 -4.669968 -1.549291
v -3.925642 -11.879675 -1.577325
v -3.630330 -11.879675 -1.577325
v -3.629901 -0.940823 -1.499362
v -3.925213 -0.941459 -1.499362
v -3.630748 -12.352679 -1.577325
v -3.926070 -12.353281 -1.577325
v -3.505533 -13.010759 -1.577331
v -3.459981 -12.644047 -1.577322
v -2.891296 -13.010760 -1.577331
v -3.025276 -12.597727 -1.577320
v -3.605930 -12.534133 -1.577322
v -3.749015 -12.781195 -1.577325
v -4.031848 -12.424940 -1.577335
v -3.583438 -13.154078 -1.577350
v -2.891296 -13.154080 -1.577351
v -3.826921 -12.924514 -1.577345
v -4.059293 -11.879675 -1.577325
v -4.058865 -0.941459 -1.499362
v -3.510904 -11.820407 -1.577333
v -3.522902 -12.234141 -1.577340
v -3.420251 -12.494183 -1.577335
v -3.025276 -12.470865 -1.577321
v -3.498085 -12.415595 -1.577337
v -3.508423 -0.940823 -1.499362
v -3.091681 -11.879675 -1.577325
v -2.796369 -11.879675 -1.577325
v -2.795940 -0.940823 -1.499362
v -3.091252 -0.941459 -1.499362
v -2.796786 -12.352679 -1.577325
v -3.092108 -12.353281 -1.577325
v -2.671572 -13.010759 -1.577331
v -2.626020 -12.644047 -1.577322
v -2.057335 -13.010760 -1.577331
v -2.191315 -12.597727 -1.577320
v -2.771969 -12.534133 -1.577322
v -2.915054 -12.781195 -1.577325
v -3.197886 -12.424940 -1.577335
v -2.749477 -13.154078 -1.577350
v -2.057335 -13.154080 -1.577351
v -2.992959 -12.924514 -1.577345
v -3.225332 -11.879675 -1.577325
v -3.224903 -0.941459 -1.499362
v -2.676942 -11.820407 -1.577333
v -2.688941 -12.234141 -1.577340
v -2.586289 -12.494183 -1.577335
v -2.191315 -12.470865 -1.577321
v -2.664123 -12.415595 -1.577337
v -2.674461 -0.940823 -1.499362
v -3.629901 -0.481770 -1.499363
v -3.925213 -0.482406 -1.499363
v -4.058865 -0.482406 -1.499363
v -3.508422 -0.481770 -1.499363
v -2.795939 -0.481770 -1.499363
v -3.091251 -0.482406 -1.499363
v -3.224903 -0.482406 -1.499363
v -2.674461 -0.481770 -1.499363
v -3.628195 -4.671384 -1.546240
v -3.628429 -4.502649 -1.546240
v -3.628429 -4.415076 -1.546240
v -3.628195 -4.744739 -1.546241
v -3.628195 -4.121338 -1.546234
v -3.628429 -3.952603 -1.546234
v -3.628429 -3.865030 -1.546234
v -3.628195 -4.194693 -1.546235
v -3.501112 -4.671384 -1.546240
v -3.501347 -4.502649 -1.546240
v -3.501347 -4.415076 -1.546240
v -3.501112 -4.744739 -1.546241
v -3.501112 -4.121338 -1.546234
v -3.501347 -3.952603 -1.546234
v -3.501347 -3.865030 -1.546234
v -3.501112 -4.194693 -1.546235
v -3.214423 -4.671384 -1.546240
v -3.214657 -4.502649 -1.546240
v -3.214657 -4.415076 -1.546240
v -3.214423 -4.744739 -1.546241
v -3.214423 -4.121338 -1.546234
v -3.214657 -3.952603 -1.546234
v -3.214657 -3.865030 -1.546234
v -3.214423 -4.194693 -1.546235
v -3.076811 -4.671384 -1.546240
v -3.077045 -4.502649 -1.546240
v -3.077045 -4.415076 -1.546240
v -3.076811 -4.744739 -1.546241
v -3.076811 -4.121338 -1.546234
v -3.077045 -3.952603 -1.546234
v -3.077045 -3.865030 -1.546234
v -3.076811 -4.194693 -1.546235
v -6.161683 -2.817933 -1.543367
v -6.000319 -2.817933 -1.543367
v -6.000076 -0.803084 -1.543367
v -6.161439 -0.803482 -1.543367
v -6.000581 -3.123609 -1.543367
v -6.161951 -3.123986 -1.543367
v -5.898436 -3.468959 -1.543367
v -5.869893 -3.306184 -1.543367
v -5.106392 -3.468959 -1.543367
v -5.106392 -3.301207 -1.543367
v -5.972136 -3.243168 -1.543367
v -6.105709 -3.353278 -1.543367
v -6.235809 -3.133667 -1.543367
v -5.947253 -3.558765 -1.543367
v -5.106392 -3.558765 -1.543367
v -6.199829 -3.429517 -1.543367
v -6.245431 -2.817933 -1.543367
v -6.245187 -0.803482 -1.543367
v -5.931456 -2.817933 -1.543367
v -5.917453 -3.163033 -1.543367
v -5.859863 -3.191529 -1.543367
v -5.106392 -3.203484 -1.543367
v -5.929927 -0.803084 -1.543367
v -5.720208 -3.143482 -1.543364
v -5.558845 -3.143482 -1.543364
v -5.558601 -0.803084 -1.543367
v -5.719965 -0.803482 -1.543367
v -5.803956 -3.143482 -1.543364
v -5.803712 -0.803482 -1.543367
v -5.489981 -3.143482 -1.543364
v -5.488452 -0.803084 -1.543367
v -5.720208 -3.291837 -1.543359
v -5.558845 -3.291837 -1.543359
v -5.803956 -3.291837 -1.543359
v -5.489981 -3.291837 -1.543359
v -7.516971 -10.367226 -1.577292
v -7.517444 -10.143781 -1.577292
v -7.517444 -10.027813 -1.577292
v -7.516971 -10.464365 -1.577293
v -7.317958 -10.367226 -1.577292
v -7.318431 -10.143781 -1.577292
v -7.318431 -10.027813 -1.577292
v -7.317958 -10.464365 -1.577293
v -7.226123 -10.367226 -1.577292
v -7.226596 -10.143781 -1.577292
v -7.226596 -10.027813 -1.577292
v -7.226123 -10.464365 -1.577293
v -6.959193 -10.367226 -1.577292
v -6.959666 -10.143781 -1.577292
v -6.959666 -10.027813 -1.577292
v -6.959193 -10.464365 -1.577293
v -6.857646 -10.367226 -1.577292
v -6.858119 -10.143781 -1.577292
v -6.858119 -10.027813 -1.577292
v -6.857646 -10.464365 -1.577293
v -6.666797 -10.367226 -1.577292
v -6.667270 -10.143781 -1.577292
v -6.667270 -10.027813 -1.577292
v -6.666797 -10.464365 -1.577293
v -6.583911 -10.367226 -1.577292
v -6.584384 -10.143781 -1.577292
v -6.584384 -10.027813 -1.577292
v -6.583911 -10.464365 -1.577293
v -4.048938 -10.367207 -1.577290
v -4.049411 -10.143762 -1.577291
v -4.049411 -10.027794 -1.577290
v -4.048938 -10.464346 -1.577291
v -3.893718 -10.367207 -1.577290
v -3.894191 -10.143762 -1.577291
v -3.894191 -10.027794 -1.577290
v -3.893718 -10.464346 -1.577291
v -3.690804 -10.444589 0.044114
v -3.710155 -10.407122 0.159334
v -3.719652 -10.309101 0.230538
v -3.715669 -10.187965 0.230538
v -3.699729 -10.089994 0.159334
v -3.677918 -10.052597 0.044114
v -3.658567 -10.090051 -0.071106
v -3.668992 -10.407178 -0.071106
v -3.441040 -10.090350 -0.071106
v -3.466822 -10.052887 0.044114
v -3.498229 -10.090272 0.159334
v -3.523263 -10.188230 0.230538
v -3.532364 -10.309360 0.230538
v -3.522057 -10.407380 0.159334
v -3.496276 -10.444856 0.044114
v -3.464868 -10.407457 -0.071106
v -2.792892 -1.048637 0.304402
v -2.962475 -1.035359 0.277706
v -3.083927 -1.004781 0.156706
v -2.602966 -0.965462 -0.139811
v -2.547851 -1.003072 0.029866
v -2.561770 -1.011292 0.072691
v -2.639752 -1.039477 0.226236
v -3.082101 -0.610965 0.161642
v -2.958173 -0.652184 0.280675
v -2.787709 -0.671555 0.304402
v -2.651274 -0.663431 0.234763
v -2.566149 -0.630506 0.086827
v -2.547633 -0.616737 0.029866
v -2.602741 -0.567283 -0.139811
v -6.284343 -12.119020 -0.282031
v -6.270397 -12.119524 -0.257620
v -6.228862 -12.213151 -0.259841
v -6.165943 -12.121559 -0.301091
v -6.093875 -12.120701 -0.300793
v -6.129917 -12.155396 -0.302036
v -6.270420 -12.109968 -0.302769
v -6.228862 -12.016339 -0.300552
v -6.129779 -11.977986 -0.299200
v -5.975193 -12.114764 -0.280187
v -6.022533 -12.007181 -0.276447
v -6.238620 -12.007182 -0.276428
v -6.129756 -12.251470 -0.261171
v -6.132808 -12.085141 -0.284248
v -6.156253 -12.093841 -0.284572
v -6.109737 -12.093842 -0.284545
v -6.156253 -12.140096 -0.286186
v -6.132808 -12.149180 -0.286485
v -6.166034 -12.117932 -0.286233
v -6.099552 -12.117160 -0.285361
v -6.109737 -12.140098 -0.286159
v -6.129917 -12.085999 -0.299613
v -6.129848 -12.228236 -0.263887
v -6.209873 -12.197921 -0.262817
v -6.243480 -12.118846 -0.260093
v -6.209873 -12.039804 -0.257292
v -5.989162 -12.113411 -0.303944
v -6.032246 -12.212048 -0.307384
v -6.129779 -12.248834 -0.308696
v -6.228862 -12.212047 -0.307386
v -6.032246 -12.016338 -0.300549
v -6.032246 -12.213150 -0.259838
v -5.989162 -12.116081 -0.256415
v -6.032246 -12.017444 -0.253003
v -6.129756 -11.980657 -0.251676
v -6.129756 -11.965902 -0.275037
v -6.228862 -12.017444 -0.253006
v -6.238620 -12.222308 -0.283942
v -6.016216 -12.118845 -0.260074
v -6.051044 -12.197923 -0.262847
v -6.129848 -12.009421 -0.256249
v -6.051044 -12.039805 -0.257326
v -6.022533 -12.222309 -0.283961
v -6.129756 -12.263552 -0.285433
v -6.078968 -12.146187 -0.557850
v -6.078937 -12.152514 -0.376631
v -6.110767 -12.175589 -0.377499
v -6.150074 -12.175589 -0.377489
v -6.193988 -12.115170 -0.375340
v -6.181858 -12.077824 -0.374041
v -6.150081 -12.054712 -0.373269
v -6.110767 -12.054711 -0.373278
v -6.066814 -12.108842 -0.556553
v -6.078945 -12.077824 -0.374023
v -6.181873 -12.146187 -0.557872
v -6.181850 -12.152514 -0.376650
v -6.194004 -12.108840 -0.556561
v -6.181873 -12.071494 -0.555261
v -6.150051 -12.048386 -0.554427
v -6.110736 -12.048386 -0.554442
v -6.078968 -12.071495 -0.555241
v -6.066814 -12.115168 -0.375359
v -6.132778 -12.159786 -0.593508
v -6.167812 -12.077021 -0.590598
v -6.098255 -12.146249 -0.593003
v -6.132801 -12.064003 -0.590159
v -6.083026 -12.111897 -0.591807
v -6.098255 -12.077022 -0.590587
v -6.182506 -12.111897 -0.591807
v -6.167812 -12.146248 -0.593015
v -6.110736 -12.169261 -0.558663
v -6.150051 -12.169262 -0.558651
v -6.132785 -12.165024 -0.303793
v -6.167819 -12.082225 -0.300913
v -6.098285 -12.151450 -0.303317
v -6.132785 -12.069206 -0.300448
v -6.083026 -12.117099 -0.302093
v -6.098285 -12.082224 -0.300897
v -6.182514 -12.117100 -0.302090
v -6.167819 -12.151449 -0.303329
v -6.013424 -12.122467 -0.265150
v -6.129848 -12.231675 -0.268191
v -6.246295 -12.122396 -0.265229
v -6.049099 -12.039682 -0.261832
v -6.211917 -12.199966 -0.267102
v -6.049099 -12.201731 -0.267490
v -6.129848 -12.007397 -0.260324
v -6.211917 -12.037884 -0.261441
v -6.088065 -4.015002 -0.184786
v -6.077512 -4.015383 -0.166316
v -6.046085 -4.086226 -0.167996
v -5.998477 -4.016923 -0.199209
v -5.943947 -4.016274 -0.198983
v -5.971218 -4.042526 -0.199924
v -6.077529 -4.008153 -0.200478
v -6.046085 -3.937309 -0.198800
v -5.971114 -3.908288 -0.197777
v -5.854146 -4.011782 -0.183391
v -5.889966 -3.930379 -0.180562
v -6.053469 -3.930380 -0.180547
v -5.971097 -4.115221 -0.169003
v -5.973405 -3.989367 -0.186464
v -5.991145 -3.995950 -0.186709
v -5.955948 -3.995951 -0.186689
v -5.991145 -4.030949 -0.187930
v -5.973405 -4.037823 -0.188157
v -5.998546 -4.014179 -0.187966
v -5.948242 -4.013595 -0.187306
v -5.955948 -4.030951 -0.187910
v -5.971218 -3.990016 -0.198090
v -5.971166 -4.097641 -0.171058
v -6.031717 -4.074703 -0.170248
v -6.057146 -4.014870 -0.168187
v -6.031717 -3.955063 -0.166067
v -5.864716 -4.010758 -0.201367
v -5.897315 -4.085392 -0.203970
v -5.971114 -4.113226 -0.204962
v -6.046085 -4.085391 -0.203972
v -5.897315 -3.937308 -0.198798
v -5.897315 -4.086226 -0.167994
v -5.864716 -4.012778 -0.165404
v -5.897315 -3.938144 -0.162822
v -5.971097 -3.910309 -0.161819
v -5.971097 -3.899145 -0.179494
v -6.046085 -3.938144 -0.162825
v -6.053469 -4.093155 -0.186232
v -5.885186 -4.014870 -0.168173
v -5.911539 -4.074704 -0.170271
v -5.971166 -3.932074 -0.165278
v -5.911539 -3.955064 -0.166094
v -5.889966 -4.093156 -0.186247
v -5.971097 -4.124362 -0.187360
v -5.932667 -4.035558 -0.393486
v -5.932644 -4.040346 -0.256366
v -5.956728 -4.057805 -0.257022
v -5.986469 -4.057805 -0.257015
v -6.019698 -4.012089 -0.255389
v -6.010519 -3.983831 -0.254406
v -5.986475 -3.966343 -0.253822
v -5.956728 -3.966343 -0.253829
v -5.923471 -4.007301 -0.392504
v -5.932650 -3.983831 -0.254392
v -6.010530 -4.035558 -0.393502
v -6.010513 -4.040345 -0.256380
v -6.019709 -4.007299 -0.392511
v -6.010530 -3.979042 -0.391527
v -5.986452 -3.961556 -0.390895
v -5.956705 -3.961556 -0.390907
v -5.932667 -3.979042 -0.391512
v -5.923471 -4.012087 -0.255403
v -5.973382 -4.045848 -0.420467
v -5.999891 -3.983223 -0.418264
v -5.947260 -4.035605 -0.420084
v -5.973400 -3.973373 -0.417932
v -5.935738 -4.009612 -0.419179
v -5.947260 -3.983224 -0.418256
v -6.011010 -4.009612 -0.419179
v -5.999891 -4.035604 -0.420094
v -5.956705 -4.053017 -0.394101
v -5.986452 -4.053018 -0.394092
v -5.973388 -4.049811 -0.201253
v -5.999897 -3.987161 -0.199073
v -5.947284 -4.039540 -0.200892
v -5.973388 -3.977310 -0.198722
v -5.935738 -4.013548 -0.199966
v -5.947284 -3.987160 -0.199062
v -6.011015 -4.013549 -0.199964
v -5.999897 -4.039540 -0.200902
v -5.883073 -4.017610 -0.172013
v -5.971166 -4.100243 -0.174315
v -6.059276 -4.017556 -0.172073
v -5.910067 -3.954971 -0.169503
v -6.033264 -4.076251 -0.173491
v -5.910067 -4.077585 -0.173784
v -5.971166 -3.930542 -0.168362
v -6.033264 -3.953610 -0.169207
vt 2.475890 1.261198
vt 2.475890 1.032398
vt 2.049544 1.032398
vt 2.049544 1.261198
vt 2.475890 1.032398
vt 2.049544 1.032398
vt 2.475890 1.261198
vt 2.049544 1.261198
vt 2.475890 1.809337
vt 2.049544 1.628353
vt 2.475890 1.936101
vt 2.062171 1.936101
vt 2.475890 1.809337
vt 2.062171 1.936101
vt 2.475890 1.809337
vt 2.049544 1.628353
vt 2.049544 1.449045
vt 2.475890 1.449045
vt 1.276157 1.494104
vt 12.367627 1.754537
vt 12.367627 1.445521
vt 1.276158 1.803142
vt 12.369343 1.875740
vt 1.276157 1.938990
vt 12.367651 1.136508
vt 1.276157 1.185087
vt 0.999801 1.449045
vt 1.473360 1.628353
vt 1.473360 1.449045
vt 0.999801 1.628353
vt 1.473360 1.961354
vt 0.999801 1.961354
vt 1.473360 1.961354
vt 0.999801 1.961354
vt 1.473360 1.628353
vt 0.999801 1.628353
vt 1.473360 1.261198
vt 0.999801 1.261198
vt 1.784262 1.628353
vt 1.784262 1.449045
vt 1.784262 1.261198
vt 1.784262 1.961354
vt 1.784262 1.961354
vt 1.784262 1.628353
vt 1.784262 1.032398
vt 1.784262 1.032398
vt 1.304000 1.464873
vt 1.376958 1.701633
vt 2.068022 1.466870
vt 1.377296 1.228619
vt 1.804397 1.083527
vt 1.568301 1.082910
vt 1.994858 1.228462
vt 1.994765 1.701603
vt 1.567664 1.846695
vt 1.801752 1.842257
vt 1.221410 -21.315048
vt 1.536260 -21.314842
vt 1.535948 -21.770973
vt 1.220829 -21.770994
vt 1.106717 -21.315418
vt 1.108257 -21.767540
vt 0.981756 -21.312103
vt 0.977598 -21.785915
vt 1.023838 -21.330339
vt 1.024321 -21.755861
vt 1.390103 -21.299847
vt 1.395865 -21.799107
vt 1.914782 -21.342978
vt 1.908978 -21.762814
vt 2.150176 -21.305981
vt 2.145634 -21.796385
vt 1.935225 -21.339743
vt 1.945797 -21.747749
vt 1.573996 -21.291115
vt 1.570392 -21.791460
vt 2.475891 1.261198
vt 2.475890 1.032398
vt 1.491573 1.032398
vt 1.491573 1.261198
vt 2.475890 1.449045
vt 1.491573 1.449045
vt 2.475891 1.628353
vt 1.491573 1.628353
vt 2.475890 1.936101
vt 1.491573 1.936101
vt -0.510061 1.449045
vt 0.461433 1.628353
vt 0.461433 1.449045
vt -0.510061 1.628353
vt 0.461433 1.936101
vt -0.510061 1.936101
vt 0.461433 1.261198
vt -0.510061 1.261198
vt 0.982021 1.628353
vt 0.982021 1.449045
vt 0.982021 1.261198
vt 0.982021 1.936101
vt 0.982021 1.032398
vt 1.304000 1.464873
vt 1.994858 1.228462
vt 2.068022 1.466870
vt 1.377296 1.228619
vt 1.994765 1.701603
vt 1.376958 1.701633
vt 1.567664 1.846695
vt 1.804397 1.083527
vt 1.568301 1.082910
vt 1.801752 1.842257
vt 1.536260 -21.314842
vt 1.570392 -21.791460
vt 1.535948 -21.770973
vt 1.573996 -21.291115
vt 1.945797 -21.747749
vt 1.935225 -21.339743
vt 2.145634 -21.796385
vt 2.150176 -21.305981
vt 1.908978 -21.762814
vt 1.914782 -21.342978
vt 1.024321 -21.755861
vt 1.023838 -21.330339
vt 0.977598 -21.785915
vt 0.981756 -21.312103
vt 1.108257 -21.767540
vt 1.106717 -21.315418
vt 1.220829 -21.770994
vt 1.221410 -21.315048
vt 2.475890 1.261198
vt 2.475890 1.032398
vt 2.049544 1.032398
vt 2.049544 1.261198
vt 2.475890 1.032398
vt 2.049544 1.032398
vt 2.475890 1.261198
vt 2.049544 1.261198
vt 2.475890 1.449045
vt 2.049544 1.449045
vt 2.475890 1.809337
vt 2.049544 1.628353
vt 2.475890 1.809337
vt 2.049544 1.628353
vt 2.049544 1.449045
vt 2.475890 1.449045
vt 1.276157 1.494104
vt 6.648691 1.781695
vt 6.648691 1.472678
vt 1.276158 1.803142
vt 6.650462 1.902972
vt 1.276157 1.938990
vt 6.648699 1.163666
vt 1.276157 1.185087
vt 0.999801 1.449045
vt 1.473360 1.628353
vt 1.473360 1.449045
vt 0.999801 1.628353
vt 1.473360 1.961354
vt 0.999801 1.961354
vt 1.473360 1.961354
vt 0.999801 1.961354
vt 1.473360 1.628353
vt 0.999801 1.628353
vt 1.473360 1.449045
vt 0.999801 1.449045
vt 1.473360 1.261198
vt 0.999801 1.261198
vt 1.473360 1.261198
vt 0.999801 1.261198
vt 1.784262 1.628353
vt 1.784262 1.449045
vt 1.784262 1.261198
vt 1.784262 1.961354
vt 1.784262 1.961354
vt 1.784262 1.628353
vt 1.784262 1.449045
vt 1.784262 1.261198
vt 1.784262 1.032398
vt 1.784262 1.032398
vt 1.304000 1.464873
vt 1.376958 1.701633
vt 2.068022 1.466870
vt 1.377296 1.228619
vt 1.804397 1.083527
vt 1.568301 1.082910
vt 1.994858 1.228462
vt 1.994765 1.701603
vt 1.567664 1.846695
vt 1.801752 1.842257
vt 1.221410 -21.315048
vt 1.536260 -21.314842
vt 1.535948 -21.770973
vt 1.220829 -21.770994
vt 1.023838 -21.330339
vt 1.024321 -21.755861
vt 1.390103 -21.299847
vt 1.395865 -21.799107
vt 1.914782 -21.342978
vt 1.908978 -21.762814
vt 2.150176 -21.305981
vt 2.145634 -21.796385
vt 1.935225 -21.339743
vt 1.945797 -21.747749
vt 1.573996 -21.291115
vt 1.570392 -21.791460
vt 2.475890 1.261198
vt 2.475890 1.032398
vt 2.049544 1.032398
vt 2.049544 1.261198
vt 2.475890 1.032398
vt 2.049544 1.032398
vt 2.475890 1.261198
vt 2.049544 1.261198
vt 2.475890 1.809337
vt 2.049544 1.628353
vt 2.475890 1.936101
vt 2.062171 1.936101
vt 2.475890 1.809337
vt 2.062171 1.936101
vt 2.475890 1.809337
vt 2.049544 1.628353
vt 2.049544 1.449045
vt 2.475890 1.449045
vt 1.276157 1.494104
vt 12.367627 1.754537
vt 12.367627 1.445521
vt 1.276158 1.803142
vt 12.369343 1.875740
vt 1.276157 1.938990
vt 12.367651 1.136508
vt 1.276157 1.185087
vt 0.999801 1.449045
vt 1.473360 1.628353
vt 1.473360 1.449045
vt 0.999801 1.628353
vt 1.473360 1.961354
vt 0.999801 1.961354
vt 1.473360 1.961354
vt 0.999801 1.961354
vt 1.473360 1.628353
vt 0.999801 1.628353
vt 1.473360 1.261198
vt 0.999801 1.261198
vt 1.784262 1.628353
vt 1.784262 1.449045
vt 1.784262 1.261198
vt 1.784262 1.961354
vt 1.784262 1.961354
vt 1.784262 1.628353
vt 1.784262 1.032398
vt 1.784262 1.032398
vt 1.304000 1.464873
vt 1.376958 1.701633
vt 2.068022 1.466870
vt 1.377296 1.228619
vt 1.804397 1.083527
vt 1.568301 1.082910
vt 1.994858 1.228462
vt 1.994765 1.701603
vt 1.567664 1.846695
vt 1.801752 1.842257
vt 1.221410 -21.315048
vt 1.536260 -21.314842
vt 1.535948 -21.770973
vt 1.220829 -21.770994
vt 1.106717 -21.315418
vt 1.108257 -21.767540
vt 0.981756 -21.312103
vt 0.977598 -21.785915
vt 1.023838 -21.330339
vt 1.024321 -21.755861
vt 1.390103 -21.299847
vt 1.395865 -21.799107
vt 1.914782 -21.342978
vt 1.908978 -21.762814
vt 2.150176 -21.305981
vt 2.145634 -21.796385
vt 1.935225 -21.339743
vt 1.945797 -21.747749
vt 1.573996 -21.291115
vt 1.570392 -21.791460
vt 2.049544 1.261198
vt 2.049544 1.032398
vt 1.784262 1.032398
vt 1.784262 1.261198
vt 2.049544 1.032398
vt 1.784262 1.032398
vt 2.049544 1.261198
vt 1.784262 1.261198
vt 2.049544 1.449045
vt 1.784262 1.449045
vt 2.049544 1.628353
vt 1.784262 1.628353
vt 1.784262 1.961354
vt 1.784262 1.961354
vt 2.049544 1.628353
vt 1.784262 1.628353
vt 1.784262 1.449045
vt 2.049544 1.449045
vt 1.473360 1.261198
vt 1.473360 1.261198
vt 1.473360 1.449045
vt 1.473360 1.628353
vt 1.473360 1.961354
vt 1.473360 1.961354
vt 1.473360 1.628353
vt 1.473360 1.449045
vt 0.999801 1.261198
vt 0.999801 1.449045
vt 0.999801 1.261198
vt 0.999801 1.449045
vt 0.999801 1.628353
vt 0.999801 1.961354
vt 0.999801 1.961354
vt 0.999801 1.628353
vt 1.276157 1.185087
vt 1.276157 1.494104
vt 6.648691 1.472678
vt 6.648699 1.163666
vt 1.276158 1.803142
vt 6.648691 1.781695
vt 1.276157 1.938990
vt 6.650462 1.902972
vt 2.475890 1.809337
vt 2.475890 1.449045
vt 2.475890 1.261198
vt 2.475890 1.809337
vt 2.475890 1.449045
vt 2.475890 1.261198
vt 2.475890 1.032398
vt 2.475890 1.032398
vt 1.801752 1.842257
vt 1.994765 1.701603
vt 1.567664 1.846695
vt 2.068022 1.466870
vt 1.376958 1.701633
vt 1.304000 1.464873
vt 1.377296 1.228619
vt 1.568301 1.082910
vt 1.804397 1.083527
vt 1.994858 1.228462
vt 1.221410 -21.315048
vt 1.536260 -21.314842
vt 1.535948 -21.770973
vt 1.220829 -21.770994
vt 1.023838 -21.330339
vt 1.024321 -21.755861
vt 1.390103 -21.299847
vt 1.395865 -21.799107
vt 1.914782 -21.342978
vt 1.908978 -21.762814
vt 2.150176 -21.305981
vt 2.145634 -21.796385
vt 1.935225 -21.339743
vt 1.945797 -21.747749
vt 1.573996 -21.291115
vt 1.570392 -21.791460
vt 2.049544 1.261198
vt 2.049544 1.032398
vt 1.784262 1.032398
vt 1.784262 1.261198
vt 2.049544 1.032398
vt 1.784262 1.032398
vt 2.049544 1.261198
vt 1.784262 1.261198
vt 2.049544 1.628353
vt 1.784262 1.628353
vt 2.062171 1.936101
vt 1.784262 1.961354
vt 2.062171 1.936101
vt 1.784262 1.961354
vt 2.049544 1.628353
vt 1.784262 1.628353
vt 1.784262 1.449045
vt 2.049544 1.449045
vt 1.473360 1.261198
vt 1.473360 1.261198
vt 1.473360 1.449045
vt 1.473360 1.628353
vt 1.473360 1.961354
vt 1.473360 1.961354
vt 1.473360 1.628353
vt 1.473360 1.449045
vt 0.999801 1.261198
vt 0.999801 1.449045
vt 0.999801 1.449045
vt 0.999801 1.628353
vt 0.999801 1.961354
vt 0.999801 1.961354
vt 0.999801 1.628353
vt 1.276157 1.185087
vt 1.276157 1.494104
vt 6.648691 1.472678
vt 6.648699 1.163666
vt 1.276158 1.803142
vt 6.648691 1.781695
vt 1.276157 1.938990
vt 6.650462 1.902972
vt 2.475890 1.809337
vt 2.475890 1.449045
vt 2.475890 1.261198
vt 2.475890 1.809337
vt 2.475890 1.936101
vt 2.475890 1.809337
vt 2.475890 1.261198
vt 2.475890 1.032398
vt 2.475890 1.032398
vt 1.801752 1.842257
vt 1.994765 1.701603
vt 1.567664 1.846695
vt 2.068022 1.466870
vt 1.376958 1.701633
vt 1.304000 1.464873
vt 1.377296 1.228619
vt 1.568301 1.082910
vt 1.804397 1.083527
vt 1.994858 1.228462
vt 1.221410 -21.315048
vt 1.536260 -21.314842
vt 1.535948 -21.770973
vt 1.220829 -21.770994
vt 1.106717 -21.315418
vt 1.108257 -21.767540
vt 0.981756 -21.312103
vt 0.977598 -21.785915
vt 1.023838 -21.330339
vt 1.024321 -21.755861
vt 1.390103 -21.299847
vt 1.395865 -21.799107
vt 1.914782 -21.342978
vt 1.908978 -21.762814
vt 2.150176 -21.305981
vt 2.145634 -21.796385
vt 1.935225 -21.339743
vt 1.945797 -21.747749
vt 1.573996 -21.291115
vt 1.570392 -21.791460
vt 2.049545 1.261198
vt 2.049545 1.032398
vt 1.784262 1.032398
vt 1.784262 1.261198
vt 2.049545 1.449045
vt 1.784262 1.449045
vt 2.049545 1.628353
vt 1.784262 1.628353
vt 2.062170 1.936101
vt 1.784262 1.961355
vt 1.473360 1.261198
vt 1.473360 1.449045
vt 1.473360 1.628353
vt 1.473360 1.961355
vt 0.999801 1.261198
vt 0.999801 1.449045
vt 0.999801 1.628353
vt 0.999801 1.961354
vt 1.276157 1.185087
vt 1.276157 1.494104
vt 4.403480 1.479924
vt 4.403483 1.170904
vt 1.276158 1.803142
vt 4.403464 1.788951
vt 1.276157 1.938990
vt 4.404511 1.916264
vt 2.475891 1.809337
vt 2.475890 1.449045
vt 2.475891 1.261198
vt 2.475890 1.032398
vt 1.801752 1.842258
vt 1.994765 1.701603
vt 1.567663 1.846695
vt 2.068022 1.466870
vt 1.376958 1.701633
vt 1.304001 1.464873
vt 1.377296 1.228619
vt 1.568301 1.082910
vt 1.804397 1.083527
vt 1.994858 1.228462
vt 1.221410 -21.315054
vt 1.536259 -21.314846
vt 1.535948 -21.770969
vt 1.220829 -21.770994
vt 1.023838 -21.330347
vt 1.024321 -21.755861
vt 1.390103 -21.299841
vt 1.395865 -21.799105
vt 1.914782 -21.342981
vt 1.908978 -21.762815
vt 2.150177 -21.305975
vt 2.145634 -21.796385
vt 1.935225 -21.339746
vt 1.945797 -21.747746
vt 1.573996 -21.291111
vt 1.570391 -21.791468
vt 2.049545 1.261198
vt 2.049545 1.032398
vt 1.784262 1.032398
vt 1.784262 1.261198
vt 2.049545 1.449045
vt 1.784262 1.449045
vt 2.049545 1.628353
vt 1.784262 1.628353
vt 2.062170 1.936101
vt 1.784262 1.961355
vt 1.473360 1.261198
vt 1.473360 1.449045
vt 1.473360 1.628353
vt 1.473360 1.961355
vt 0.999801 1.261198
vt 0.999801 1.449045
vt 0.999801 1.628353
vt 0.999801 1.961354
vt 1.276157 1.185087
vt 1.276157 1.494104
vt 4.403480 1.479924
vt 4.403483 1.170904
vt 1.276158 1.803142
vt 4.403464 1.788951
vt 1.276157 1.938990
vt 4.404511 1.916264
vt 2.475891 1.809337
vt 2.475890 1.449045
vt 2.475891 1.261198
vt 2.475890 1.936101
vt 2.475890 1.032398
vt 1.801752 1.842258
vt 1.994765 1.701603
vt 1.567663 1.846695
vt 2.068022 1.466870
vt 1.376958 1.701633
vt 1.304001 1.464873
vt 1.377296 1.228619
vt 1.568301 1.082910
vt 1.804397 1.083527
vt 1.994858 1.228462
vt 1.221410 -21.315054
vt 1.536259 -21.314846
vt 1.535948 -21.770969
vt 1.220829 -21.770994
vt 1.106716 -21.315424
vt 1.108257 -21.767544
vt 0.981756 -21.312103
vt 0.977598 -21.785917
vt 1.023838 -21.330347
vt 1.024321 -21.755861
vt 1.390103 -21.299841
vt 1.395865 -21.799105
vt 1.914782 -21.342981
vt 1.908978 -21.762815
vt 2.150177 -21.305975
vt 2.145634 -21.796385
vt 1.935225 -21.339746
vt 1.945797 -21.747746
vt 1.573996 -21.291111
vt 1.570391 -21.791468
vt 2.049545 1.261198
vt 2.049545 1.032398
vt 1.719626 1.032398
vt 1.719626 1.261198
vt 2.049545 1.582191
vt 1.719626 1.582191
vt 2.049545 1.582191
vt 1.719626 1.582191
vt 2.049545 1.961355
vt 1.719626 1.961355
vt 1.448260 1.261198
vt 1.448260 1.582191
vt 1.448260 1.582191
vt 1.448260 1.961355
vt 0.999801 1.261198
vt 0.999801 1.582191
vt 0.999801 1.961355
vt 4.355013 1.170904
vt 4.355013 1.364321
vt 7.715639 1.364321
vt 7.715639 1.170904
vt 4.355013 1.916264
vt 7.715639 1.916264
vt 2.475891 1.582191
vt 2.475891 1.582191
vt 2.475891 1.261198
vt 2.475891 1.961355
vt 2.475891 1.032398
vt 1.801752 1.842258
vt 1.994765 1.701603
vt 1.567663 1.846695
vt 2.068022 1.466870
vt 1.376958 1.701633
vt 1.304001 1.464873
vt 1.377296 1.228619
vt 1.568301 1.082910
vt 1.804397 1.083527
vt 1.994858 1.228462
vt 1.221410 -21.315054
vt 1.536259 -21.314846
vt 1.535948 -21.770969
vt 1.220829 -21.770994
vt 1.106716 -21.315424
vt 1.108257 -21.767544
vt 0.981756 -21.312103
vt 0.977598 -21.785917
vt 1.023838 -21.330347
vt 1.024321 -21.755861
vt 1.390103 -21.299841
vt 1.395865 -21.799105
vt 1.914782 -21.342981
vt 1.908978 -21.762815
vt 2.150177 -21.305975
vt 2.145634 -21.796385
vt 1.935225 -21.339746
vt 1.945797 -21.747746
vt 1.573996 -21.291111
vt 1.570391 -21.791468
vt 2.049545 1.261198
vt 1.784262 1.261198
vt 2.049545 1.449045
vt 1.784262 1.449045
vt 2.049545 1.628353
vt 1.784262 1.628353
vt 2.062170 1.936101
vt 1.784262 1.961355
vt 1.473360 1.261198
vt 1.473360 1.449045
vt 1.473360 1.628353
vt 1.473360 1.961355
vt -1.377549 1.261198
vt -1.377549 1.449045
vt -1.377549 1.628353
vt -1.377549 1.961354
vt 2.475891 1.809337
vt 2.475890 1.449045
vt 2.475891 1.261198
vt 2.475890 1.936101
vt 1.801752 1.842258
vt 1.994765 1.701603
vt 1.567663 1.846695
vt 2.068022 1.466870
vt 1.376958 1.701633
vt 1.304001 1.464873
vt 1.377296 1.228619
vt 1.568301 1.082910
vt 1.804397 1.083527
vt 1.994858 1.228462
vt 1.221410 -21.315054
vt 1.536259 -21.314846
vt 1.535948 -21.770969
vt 1.220829 -21.770994
vt 1.106716 -21.315424
vt 1.108257 -21.767544
vt 0.981756 -21.312103
vt 0.977598 -21.785917
vt 1.023838 -21.330347
vt 1.024321 -21.755861
vt 1.390103 -21.299841
vt 1.395865 -21.799105
vt 1.914782 -21.342981
vt 1.908978 -21.762815
vt 1.573996 -21.291111
vt 1.570391 -21.791468
vt 1.801752 1.842258
vt 1.994765 1.701603
vt 1.567663 1.846695
vt 2.068022 1.466870
vt 1.376958 1.701633
vt 1.304001 1.464873
vt 1.377296 1.228619
vt 1.568301 1.082910
vt 1.804397 1.083527
vt 1.994858 1.228462
vt 1.221410 -21.315054
vt 1.536259 -21.314846
vt 1.535948 -21.770969
vt 1.220829 -21.770994
vt 1.106716 -21.315424
vt 1.108257 -21.767544
vt 0.981756 -21.312103
vt 0.977598 -21.785917
vt 1.023838 -21.330347
vt 1.024321 -21.755861
vt 1.390103 -21.299841
vt 1.395865 -21.799105
vt 1.914782 -21.342981
vt 1.908978 -21.762815
vt 2.150177 -21.305975
vt 2.145634 -21.796385
vt 1.935225 -21.339746
vt 1.945797 -21.747746
vt 1.573996 -21.291111
vt 1.570391 -21.791468
vt 2.049545 1.261198
vt 1.784262 1.261198
vt 2.049545 1.449045
vt 1.784262 1.449045
vt 2.049545 1.628353
vt 1.784262 1.628353
vt 2.062170 1.936101
vt 1.784262 1.961355
vt 1.473360 1.261198
vt 1.473360 1.449045
vt 1.473360 1.628353
vt 1.473360 1.961355
vt -1.377549 1.261198
vt -1.377549 1.449045
vt -1.377549 1.628353
vt -1.377549 1.961354
vt 2.475891 1.261198
vt 2.475890 1.449045
vt 2.475891 1.809337
vt 2.475890 1.936101
vt 1.801752 1.842258
vt 1.994765 1.701603
vt 1.567663 1.846695
vt 2.068022 1.466870
vt 1.376958 1.701633
vt 1.304001 1.464873
vt 1.377296 1.228619
vt 1.568301 1.082910
vt 1.804397 1.083527
vt 1.994858 1.228462
vt 1.801752 1.842258
vt 1.994765 1.701603
vt 1.567663 1.846695
vt 2.068022 1.466870
vt 1.376958 1.701633
vt 1.304001 1.464873
vt 1.377296 1.228619
vt 1.568301 1.082910
vt 1.804397 1.083527
vt 1.994858 1.228462
vt 1.536259 -21.314846
vt 1.570391 -21.791468
vt 1.535948 -21.770969
vt 1.573996 -21.291111
vt 1.908978 -21.762815
vt 1.914782 -21.342981
vt 1.395865 -21.799105
vt 1.390103 -21.299841
vt 1.024321 -21.755861
vt 1.023838 -21.330347
vt 0.977598 -21.785917
vt 0.981756 -21.312103
vt 1.108257 -21.767544
vt 1.106716 -21.315424
vt 1.220829 -21.770994
vt 1.221410 -21.315054
vt 1.221410 -21.315054
vt 1.536259 -21.314846
vt 1.535948 -21.770969
vt 1.220829 -21.770994
vt 1.023838 -21.330347
vt 1.024321 -21.755861
vt 1.390103 -21.299841
vt 1.395865 -21.799105
vt 1.914782 -21.342981
vt 1.908978 -21.762815
vt 2.150177 -21.305975
vt 2.145634 -21.796385
vt 1.935225 -21.339746
vt 1.945797 -21.747746
vt 1.573996 -21.291111
vt 1.570391 -21.791468
vt 2.475890 1.261198
vt 2.475890 1.032398
vt 2.049544 1.032398
vt 2.049544 1.261198
vt 2.475890 1.032398
vt 2.049544 1.032398
vt 2.475890 1.261198
vt 2.049544 1.261198
vt 2.475890 1.449045
vt 2.049544 1.449045
vt 2.475890 1.809337
vt 2.049544 1.628353
vt 2.475890 1.809337
vt 2.049544 1.628353
vt 2.049544 1.449045
vt 2.475890 1.449045
vt 0.999801 1.449045
vt 1.473360 1.628353
vt 1.473360 1.449045
vt 0.999801 1.628353
vt 1.473360 1.961354
vt 0.999801 1.961354
vt 1.473360 1.961354
vt 0.999801 1.961354
vt 1.473360 1.628353
vt 0.999801 1.628353
vt 1.473360 1.449045
vt 0.999801 1.449045
vt 1.473360 1.261198
vt 0.999801 1.261198
vt 1.473360 1.261198
vt 0.999801 1.261198
vt 1.784262 1.628353
vt 1.784262 1.449045
vt 1.784262 1.261198
vt 1.784262 1.961354
vt 1.784262 1.961354
vt 1.784262 1.628353
vt 1.784262 1.449045
vt 1.784262 1.261198
vt 1.784262 1.032398
vt 1.784262 1.032398
vt 1.304000 1.464873
vt 1.994858 1.228462
vt 2.068022 1.466870
vt 1.377296 1.228619
vt 1.994765 1.701603
vt 1.376958 1.701633
vt 1.567664 1.846695
vt 1.804397 1.083527
vt 1.568301 1.082910
vt 1.801752 1.842257
vt 1.536260 -21.314842
vt 1.570392 -21.791460
vt 1.535948 -21.770973
vt 1.573996 -21.291115
vt 1.945797 -21.747749
vt 1.935225 -21.339743
vt 2.145634 -21.796385
vt 2.150176 -21.305981
vt 1.908978 -21.762814
vt 1.914782 -21.342978
vt 1.395865 -21.799107
vt 1.390103 -21.299847
vt 1.024321 -21.755861
vt 1.023838 -21.330339
vt 0.977598 -21.785915
vt 0.981756 -21.312103
vt 1.108257 -21.767540
vt 1.106717 -21.315418
vt 1.220829 -21.770994
vt 1.221410 -21.315048
vt 2.475890 1.261198
vt 2.475890 1.032398
vt 2.049544 1.032398
vt 2.049544 1.261198
vt 2.475890 1.032398
vt 2.049544 1.032398
vt 2.475890 1.261198
vt 2.049544 1.261198
vt 2.475890 1.449045
vt 2.049544 1.449045
vt 2.475890 1.809337
vt 2.049544 1.628353
vt 2.475890 1.936101
vt 2.062171 1.936101
vt 2.475890 1.809337
vt 2.062171 1.936101
vt 2.475890 1.809337
vt 2.049544 1.628353
vt 2.049544 1.449045
vt 2.475890 1.449045
vt 0.999801 1.449045
vt 1.473360 1.628353
vt 1.473360 1.449045
vt 0.999801 1.628353
vt 1.473360 1.961354
vt 0.999801 1.961354
vt 1.473360 1.961354
vt 0.999801 1.961354
vt 1.473360 1.628353
vt 0.999801 1.628353
vt 1.473360 1.449045
vt 0.999801 1.449045
vt 1.473360 1.261198
vt 0.999801 1.261198
vt 1.473360 1.261198
vt 0.999801 1.261198
vt 1.784262 1.628353
vt 1.784262 1.449045
vt 1.784262 1.261198
vt 1.784262 1.961354
vt 1.784262 1.961354
vt 1.784262 1.628353
vt 1.784262 1.449045
vt 1.784262 1.261198
vt 1.784262 1.032398
vt 1.784262 1.032398
vt 1.304000 1.464873
vt 1.994858 1.228462
vt 2.068022 1.466870
vt 1.377296 1.228619
vt 1.994765 1.701603
vt 1.376958 1.701633
vt 1.567664 1.846695
vt 1.804397 1.083527
vt 1.568301 1.082910
vt 1.801752 1.842257
vt 1.536260 -21.314842
vt 1.570392 -21.791460
vt 1.535948 -21.770973
vt 1.573996 -21.291115
vt 1.945797 -21.747749
vt 1.935225 -21.339743
vt 2.145634 -21.796385
vt 2.150176 -21.305981
vt 1.908978 -21.762814
vt 1.914782 -21.342978
vt 1.395865 -21.799107
vt 1.390103 -21.299847
vt 1.024321 -21.755861
vt 1.023838 -21.330339
vt 0.977598 -21.785915
vt 0.981756 -21.312103
vt 1.108257 -21.767540
vt 1.106717 -21.315418
vt 1.220829 -21.770994
vt 1.221410 -21.315048
vt -2.161421 1.961354
vt 1.357311 1.961355
vt -2.129177 1.961354
vt 1.381747 1.961355
vt 1.901173 1.395934
vt 1.889703 1.360085
vt 1.943312 1.527638
vt 1.705981 1.249029
vt 1.422311 1.060766
vt 1.362999 1.042920
vt 0.742621 1.124704
vt 1.040353 0.871330
vt 7.376621 0.834154
vt 1.932500 1.261362
vt 1.964645 1.434964
vt 1.432969 1.067268
vt 1.900361 1.366587
vt 1.944993 1.532891
vt 1.965960 1.443828
vt 0.746257 1.125820
vt 1.425947 1.061881
vt 1.040353 0.871330
vt 7.412835 0.833941
vt 0.729625 1.126418
vt 1.350003 1.044634
vt 1.684905 1.237081
vt 1.896172 1.393514
vt 1.931555 1.254834
vt 1.040314 0.871330
vt 7.407537 0.833972
vt -2.174957 1.961354
vt -2.142626 1.961354
vt 1.011196 0.871501
vt 1.011196 0.871501
vt 1.011165 0.871501
vt 1.040353 0.871330
vt 1.011196 0.871501
vt 1.965827 1.430817
vt 1.933682 1.257216
vt 1.967046 1.439171
vt 1.933377 1.246835
vt 1.040353 0.871330
vt 1.040353 0.871330
vt 1.040314 0.871330
vt 1.040353 0.871330
vt 1.040353 0.871330
vt 1.040314 0.871330
vt 4.414490 0.851533
vt 4.414450 0.851533
vt 4.414491 0.851533
vt 4.408410 0.851569
vt 4.408370 0.851569
vt 4.408410 0.851569
vt 4.404620 0.851591
vt 4.404580 0.851591
vt 4.404621 0.851591
vt 4.415535 0.851527
vt 4.415495 0.851527
vt 4.415536 0.851527
vt 4.415571 0.851527
vt 4.415531 0.851527
vt 4.415572 0.851527
vt 4.415574 0.851527
vt 4.415534 0.851527
vt 4.415575 0.851527
vt 4.415574 0.851527
vt 4.415534 0.851527
vt 4.415575 0.851527
vt 1.901173 1.395934
vt 1.889703 1.360085
vt 1.943312 1.527638
vt 1.705981 1.249029
vt 1.422311 1.060766
vt 1.362999 1.042920
vt 0.742621 1.124704
vt 1.040353 0.871330
vt 4.400858 0.851613
vt 1.932500 1.261362
vt 1.964645 1.434964
vt 1.900361 1.366587
vt 1.432969 1.067268
vt 1.944993 1.532891
vt 1.965960 1.443828
vt 1.425947 1.061881
vt 0.746257 1.125820
vt 4.400858 0.851613
vt 1.040353 0.871330
vt 1.350003 1.044634
vt 0.729625 1.126418
vt 1.684905 1.237081
vt 1.896172 1.393514
vt 1.931555 1.254834
vt 4.400818 0.851613
vt 1.040314 0.871330
vt 1.025099 0.871419
vt 1.025099 0.871419
vt 1.025062 0.871420
vt 7.902370 0.831066
vt 7.952229 0.830775
vt 7.957600 0.830746
vt 8.634459 0.826765
vt 8.684318 0.826475
vt 8.689689 0.826445
vt 8.972286 0.824781
vt 9.022144 0.824490
vt 9.027515 0.824461
vt 9.954215 0.819013
vt 10.004074 0.818723
vt 10.009444 0.818693
vt 10.327765 0.816819
vt 10.377625 0.816529
vt 10.382995 0.816499
vt 11.029817 0.812696
vt 11.079684 0.812405
vt 11.085047 0.812376
vt 11.334716 0.810905
vt 11.384583 0.810615
vt 11.389946 0.810585
vt 20.659782 0.756135
vt 20.709641 0.755845
vt 20.715019 0.755816
vt 21.230764 0.752782
vt 21.280622 0.752491
vt 21.286001 0.752462
vt 3.753716 1.483140
vt 3.737227 1.792284
vt 3.728987 1.921171
vt 3.730818 1.920848
vt 3.742020 1.791682
vt 3.759637 1.483113
vt 3.776140 1.174129
vt 3.771352 1.173502
vt 3.956384 1.173203
vt 3.934550 1.481781
vt 3.908977 1.790903
vt 3.890297 1.919999
vt 3.884228 1.920335
vt 3.893086 1.791536
vt 3.914902 1.481870
vt 3.940489 1.172621
vt 9.143703 1.894131
vt 9.152555 1.859644
vt 9.174928 1.690590
vt 9.212933 1.150411
vt 9.182741 1.459268
vt 9.175843 1.537296
vt 9.151835 1.803028
vt 9.497708 1.692843
vt 9.466679 1.861166
vt 9.452781 1.892369
vt 9.459941 1.811664
vt 9.487796 1.561674
vt 9.499292 1.457881
vt 9.539189 1.149083
vt 1.834143 1.999616
vt 1.166113 1.996873
vt 1.736528 1.999330
vt 1.269622 1.999318
vt 1.506607 1.999245
vt 0.500000 1.000000
vt 1.493736 2.000006
vt 1.260321 1.999881
vt 1.727227 1.999892
vt 1.999015 1.000561
vt 1.510067 1.958738
vt 1.509081 1.000006
vt 0.500000 1.000000
vt 0.500000 1.000000
vt 0.500000 1.000000
vt 0.405068 0.207037
vt 0.301798 0.489613
vt 0.302275 0.486809
vt 0.242080 0.236025
vt 0.352278 0.488796
vt 0.327041 0.086626
vt 0.405070 0.207025
vt 1.129679 1.427898
vt 1.141333 1.427605
vt 1.152135 1.459294
vt 1.143285 1.466918
vt 1.142839 1.428435
vt 1.152400 1.388590
vt 1.839086 1.000961
vt 1.840073 1.959759
vt 1.155575 1.958901
vt 1.000989 1.959321
vt 1.000002 1.000537
vt 1.154588 1.000116
vt 1.141662 1.959742
vt 1.140675 1.000944
vt 1.490810 1.959929
vt 1.489828 1.001144
vt 1.126299 1.434962
vt 1.125687 1.438321
vt 1.148880 1.384484
vt 1.143309 1.466844
vt 1.130176 1.427424
vt 1.145940 1.393018
vt 1.142359 1.435859
vt 1.130870 1.438035
vt 1.158292 1.397396
vt 1.127864 1.426695
vt 1.147769 1.474915
vt 1.151309 1.470789
vt 1.133517 1.426792
vt 1.852999 1.000133
vt 1.853986 1.958918
vt 2.000002 1.959345
vt 1.139202 1.470408
vt 1.131502 1.434694
vt 1.151235 1.470813
vt 1.131343 1.437537
vt 1.152380 1.388655
vt 1.133020 1.427266
vt 1.157313 1.463727
vt 1.461371 0.977146
vt 1.793418 1.433266
vt 1.793299 0.977146
vt 1.995462 1.433266
vt 1.995344 0.977146
vt 1.974945 1.433266
vt 1.974827 0.977146
vt 1.755801 1.433266
vt 1.755683 0.977146
vt 1.124506 1.427307
vt 1.139787 1.391932
vt 1.141529 1.434354
vt 1.131975 1.434196
vt 1.152286 1.401742
vt 1.144164 1.395145
vt 1.391572 1.123385
vt 1.601692 1.123935
vt 1.391572 1.804694
vt 0.983902 1.433266
vt 0.983784 0.977146
vt 1.152141 1.433266
vt 1.152023 0.977146
vt 1.461489 1.433266
vt 1.446703 0.977146
vt 1.446821 1.433266
vt 1.601692 1.805243
vt 1.221583 1.674131
vt 1.771682 1.675569
vt 1.221583 1.253059
vt 1.836612 1.465203
vt 1.771682 1.254498
vt 1.156652 1.463425
vt 1.166619 1.433266
vt 1.166500 0.977146
vt 0.995581 1.433266
vt 0.995462 0.977146
vn -0.587754 0.000331 0.809040
vn -0.322912 -0.946429 0.000000
vn -0.599502 -0.800374 0.000000
vn -0.575888 0.817529 0.000000
vn 0.999894 -0.014553 0.000000
vn -0.247072 -0.724271 0.643728
vn 0.817470 0.575972 -0.000001
vn 0.765194 -0.011148 0.643704
vn 0.625579 0.440765 0.643721
vn 0.999894 -0.014575 0.000001
vn 0.491608 -0.855283 -0.163748
vn -0.014618 -0.999893 -0.000056
vn -0.014634 -0.999893 -0.000104
vn -0.014618 -0.999893 0.000002
vn -0.295073 0.955475 0.000000
vn 0.322932 0.946422 0.000003
vn 0.817516 0.575906 0.000001
vn 0.612446 -0.458861 0.643706
vn 0.225742 -0.731199 0.643730
vn -0.317743 -0.424236 0.847976
vn 0.000002 0.000001 1.000000
vn -0.309008 0.004530 0.951049
vn 0.308974 -0.004504 0.951060
vn 0.808944 -0.011827 0.587767
vn 0.999893 -0.014615 0.000059
vn 0.800366 -0.599511 0.000000
vn -0.305242 0.433254 0.848008
vn -0.225831 0.731194 0.643704
vn 0.247071 0.724275 0.643725
vn 0.951058 -0.000536 -0.309011
vn 0.951046 -0.000536 -0.309049
vn 1.000000 -0.000563 0.000000
vn 1.000000 -0.000563 -0.000000
vn 0.809938 -0.000456 0.586516
vn 0.808064 -0.000456 0.589094
vn 0.311485 -0.000175 0.950251
vn 0.306524 -0.000173 0.951863
vn -0.306496 0.000173 0.951872
vn -0.311565 0.000176 0.950225
vn -0.587861 0.000333 0.808962
vn 0.295063 -0.955478 0.000000
vn -0.225808 0.731190 0.643717
vn 0.247130 0.724267 0.643711
vn 0.950982 -0.013930 -0.308932
vn 0.950959 -0.013984 -0.309002
vn 0.612488 -0.458782 0.643722
vn 0.225805 -0.731206 0.643700
vn -0.247109 -0.724256 0.643732
vn -0.317751 -0.424219 0.847981
vn 0.000000 0.000000 1.000000
vn -0.305231 0.433305 0.847986
vn 0.765190 -0.011137 0.643709
vn 0.625603 0.440712 0.643734
vn -0.587773 0.008644 0.808979
vn -0.587726 0.008600 0.809014
vn -0.308969 0.004506 0.951062
vn 0.308995 -0.004514 0.951053
vn 0.999893 -0.014637 0.000024
vn 0.808945 -0.011829 0.587765
vn -0.587201 0.030222 0.808877
vn -0.310335 0.030498 0.950138
vn 0.310605 0.022305 0.950277
vn 0.811562 0.005511 0.584240
vn 0.999896 -0.013371 -0.005469
vn 0.997356 -0.056905 0.045189
vn 0.775051 -0.413509 0.477814
vn 0.950819 -0.021160 -0.309024
vn 0.927396 0.093280 -0.362264
vn 0.516408 0.840528 -0.163816
vn 0.014605 0.999893 0.000008
vn 0.014518 0.999895 -0.000261
vn 0.014605 0.999893 -0.000044
vn -0.014646 -0.999893 0.000011
vn -0.582456 -0.152180 0.798490
vn -0.297883 -0.161535 0.940836
vn 0.292572 -0.168701 0.941244
vn 0.997676 -0.067498 0.009272
vn 0.278521 -0.920350 0.274558
vn -0.306575 -0.910986 0.275893
vn -0.595734 -0.771237 0.224263
vn -0.564592 0.819808 -0.095658
vn -0.303701 0.935670 -0.179689
vn 0.014613 0.999893 0.000003
vn -0.299097 0.852454 0.428793
vn 0.998682 -0.028259 0.042852
vn 0.784643 -0.125676 0.607076
vn -0.574598 -0.818436 0.000035
vn -0.550389 0.834909 -0.000046
vn -0.280367 0.959893 -0.000056
vn 0.308178 0.951329 -0.000070
vn -0.323945 -0.843343 0.428756
vn -0.227077 0.647048 0.727850
vn -0.245890 -0.640208 0.727785
vn 0.245857 0.640262 0.727749
vn 0.227053 -0.647089 0.727821
vn 0.628440 0.634597 0.449834
vn 0.755772 -0.654835 0.000015
vn 0.609605 -0.652744 0.449786
vn 0.774601 0.632451 0.000011
vn 0.424716 0.752683 -0.503075
vn -0.219292 0.901556 -0.372972
vn -0.592582 -0.516036 0.618509
vn -0.302640 -0.601585 0.739260
vn 0.282845 -0.610322 0.739936
vn 0.842714 0.365657 -0.395129
vn 0.772715 -0.611293 0.170975
vn 0.280312 -0.959909 0.000040
vn -0.308196 -0.951323 0.000040
vn 0.802681 0.596408 -0.000042
vn 0.999893 -0.014602 0.000001
vn 0.784869 -0.619662 0.000027
vn 0.832261 0.538359 -0.132332
vn 0.330814 0.926433 -0.179675
vn 0.491580 -0.855298 -0.163751
vn -0.014649 -0.999893 -0.000004
vn -0.014629 -0.999893 0.000058
vn -0.014649 -0.999893 0.000034
vn 0.516408 0.840520 -0.163857
vn 0.014630 0.999893 -0.000089
vn 0.014718 0.999892 0.000181
vn 0.014630 0.999893 -0.000010
vn 0.014613 0.999893 0.000003
vn -0.299112 0.852443 0.428804
vn -0.227033 0.647129 0.727791
vn 0.227064 -0.647105 0.727803
vn 0.800296 -0.599604 -0.000002
vn 0.294990 -0.955500 0.000009
vn -0.322865 -0.946445 0.000003
vn -0.599476 -0.800393 0.000000
vn -0.575948 0.817486 -0.000010
vn -0.295100 0.955466 -0.000012
vn 0.322860 0.946447 -0.000007
vn -0.014611 -0.999893 0.000006
vn -0.323873 -0.843349 0.428799
vn -0.245825 -0.640178 0.727834
vn 0.245913 0.640069 0.727900
vn 0.628428 0.634605 0.449838
vn 0.755759 -0.654850 -0.000000
vn 0.609618 -0.652737 0.449777
vn 0.774624 0.632422 -0.000005
vn -0.587682 0.008598 0.809046
vn -0.323840 -0.843354 0.428815
vn -0.245831 -0.640146 0.727860
vn 0.227019 -0.647112 0.727811
vn -0.014648 -0.999893 0.000087
vn -0.014614 -0.999893 -0.000040
vn 0.609666 -0.652614 0.449891
vn 0.999895 -0.014512 -0.000025
vn 0.755781 -0.654825 -0.000014
vn 0.950960 -0.013790 -0.309008
vn 0.491703 -0.855215 -0.163817
vn -0.014608 -0.999893 -0.000037
vn -0.014614 -0.999893 0.000004
vn -0.308959 0.004512 0.951064
vn 0.308935 -0.004501 0.951072
vn 0.808870 -0.011706 0.587871
vn -0.587677 0.009661 0.809038
vn -0.322377 -0.843997 0.428652
vn -0.245365 -0.640144 0.728019
vn 0.227493 -0.647129 0.727647
vn -0.013036 -0.999915 0.000077
vn -0.013006 -0.999915 -0.000035
vn 0.609828 -0.652651 0.449619
vn 0.999867 -0.016308 -0.000027
vn 0.755744 -0.654867 -0.000016
vn 0.950937 -0.015491 -0.308996
vn 0.492095 -0.855052 -0.163491
vn -0.013000 -0.999916 -0.000033
vn -0.013006 -0.999915 0.000004
vn -0.308350 0.005059 0.951260
vn 0.309541 -0.005067 0.950873
vn 0.809085 -0.013156 0.587544
vn -0.322912 -0.946429 0.000000
vn -0.599503 -0.800373 0.000000
vn -0.575889 0.817528 0.000000
vn 0.999894 -0.014553 0.000000
vn -0.247072 -0.724272 0.643728
vn 0.817470 0.575972 -0.000001
vn 0.765194 -0.011147 0.643704
vn 0.625579 0.440765 0.643721
vn 0.999894 -0.014575 0.000001
vn 0.491608 -0.855283 -0.163748
vn -0.014618 -0.999893 -0.000056
vn -0.014634 -0.999893 -0.000104
vn -0.014618 -0.999893 0.000004
vn -0.295074 0.955474 0.000000
vn 0.322932 0.946422 0.000002
vn 0.817515 0.575907 0.000001
vn 0.612446 -0.458860 0.643706
vn 0.225743 -0.731199 0.643730
vn -0.317744 -0.424236 0.847976
vn 0.000002 0.000001 1.000000
vn 0.800366 -0.599512 0.000000
vn -0.305243 0.433253 0.848009
vn -0.225831 0.731194 0.643704
vn 0.247071 0.724275 0.643725
vn 0.295063 -0.955478 0.000000
vn -0.225808 0.731190 0.643717
vn 0.247130 0.724267 0.643711
vn 0.612488 -0.458782 0.643722
vn 0.225805 -0.731206 0.643700
vn -0.247109 -0.724256 0.643732
vn -0.317752 -0.424218 0.847981
vn 0.000000 0.000000 1.000000
vn -0.305232 0.433305 0.847986
vn 0.765190 -0.011137 0.643708
vn 0.625602 0.440713 0.643734
vn -0.587654 0.008580 0.809067
vn -0.308950 0.004512 0.951068
vn 0.308959 -0.004520 0.951065
vn 0.808923 -0.011837 0.587796
vn 0.999893 -0.014638 -0.000003
vn 0.997356 -0.056905 0.045189
vn 0.775051 -0.413509 0.477814
vn 0.950949 -0.013923 -0.309036
vn 0.926931 0.096940 -0.362495
vn -0.581538 -0.163074 0.797007
vn -0.298397 -0.174284 0.938395
vn 0.292429 -0.181883 0.938831
vn 0.997676 -0.067498 0.009273
vn 0.278522 -0.920349 0.274558
vn -0.306574 -0.910986 0.275893
vn -0.595733 -0.771238 0.224263
vn -0.564590 0.819810 -0.095658
vn -0.303699 0.935670 -0.179689
vn 0.998773 -0.029047 0.040112
vn 0.785053 -0.134391 0.604674
vn -0.574597 -0.818437 0.000035
vn -0.550386 0.834910 -0.000046
vn -0.280366 0.959893 -0.000056
vn 0.308178 0.951329 -0.000070
vn 0.424719 0.752682 -0.503074
vn -0.219291 0.901556 -0.372972
vn -0.592581 -0.516036 0.618509
vn -0.302639 -0.601584 0.739260
vn 0.282845 -0.610322 0.739936
vn 0.842714 0.365657 -0.395129
vn 0.772715 -0.611293 0.170975
vn 0.280314 -0.959908 0.000040
vn -0.308194 -0.951324 0.000039
vn 0.802680 0.596410 -0.000042
vn -0.308941 0.004531 0.951071
vn 0.308974 -0.004551 0.951060
vn 0.808897 -0.011848 0.587831
vn 0.999892 -0.014701 -0.000019
vn 0.999893 -0.014602 0.000001
vn 0.784867 -0.619664 0.000027
vn 0.832260 0.538360 -0.132332
vn 0.330814 0.926434 -0.179676
vn 0.950963 -0.013948 -0.308991
vn -0.014602 -0.999893 0.000047
vn -0.014644 -0.999893 -0.000081
vn -0.014602 -0.999893 -0.000015
vn -0.587687 0.008683 0.809042
vn -0.323842 -0.843350 0.428820
vn -0.245807 -0.640195 0.727825
vn 0.226984 -0.647185 0.727757
vn 0.950942 -0.013963 -0.309054
vn -0.587718 0.008631 0.809020
vn -0.308979 0.004519 0.951058
vn 0.227064 -0.647104 0.727804
vn 0.491643 -0.855253 -0.163799
vn -0.014614 -0.999893 -0.000006
vn 0.755718 -0.654898 -0.000018
vn 0.609626 -0.652659 0.449880
vn 0.800297 -0.599604 -0.000002
vn 0.294991 -0.955500 0.000008
vn -0.322865 -0.946445 0.000003
vn -0.599477 -0.800392 0.000000
vn -0.575950 0.817485 -0.000010
vn -0.295101 0.955466 -0.000011
vn 0.322860 0.946447 -0.000007
vn -0.014611 -0.999893 0.000006
vn -0.323873 -0.843350 0.428798
vn -0.245824 -0.640178 0.727834
vn 0.308998 -0.004506 0.951052
vn 0.808921 -0.011830 0.587798
vn 0.755759 -0.654850 -0.000000
vn 0.609618 -0.652738 0.449777
vn 0.999892 -0.014701 -0.000002
vn -0.322912 -0.946429 0.000000
vn -0.599503 -0.800373 0.000000
vn -0.575889 0.817528 0.000000
vn 0.999894 -0.014553 0.000000
vn -0.247072 -0.724272 0.643728
vn 0.817470 0.575972 -0.000001
vn 0.765194 -0.011147 0.643704
vn 0.625579 0.440765 0.643721
vn 0.999894 -0.014575 0.000001
vn 0.491607 -0.855283 -0.163748
vn -0.014618 -0.999893 -0.000056
vn -0.014634 -0.999893 -0.000104
vn -0.014618 -0.999893 0.000004
vn -0.295074 0.955474 0.000000
vn 0.322932 0.946422 0.000002
vn 0.817515 0.575907 0.000001
vn 0.612446 -0.458860 0.643706
vn 0.225743 -0.731199 0.643730
vn -0.317744 -0.424236 0.847976
vn 0.000002 0.000001 1.000000
vn 0.800366 -0.599512 0.000000
vn -0.305243 0.433253 0.848009
vn -0.225831 0.731194 0.643704
vn 0.247071 0.724275 0.643725
vn 0.295063 -0.955478 0.000000
vn -0.225808 0.731190 0.643717
vn 0.247130 0.724267 0.643711
vn 0.612488 -0.458782 0.643722
vn 0.225805 -0.731206 0.643700
vn -0.247109 -0.724256 0.643732
vn -0.317752 -0.424218 0.847981
vn 0.000000 0.000000 1.000000
vn -0.305231 0.433305 0.847986
vn 0.765190 -0.011137 0.643708
vn 0.625602 0.440713 0.643734
vn -0.587654 0.008580 0.809067
vn -0.308950 0.004512 0.951068
vn 0.308959 -0.004520 0.951065
vn 0.808923 -0.011837 0.587796
vn 0.999893 -0.014638 -0.000003
vn 0.997356 -0.056905 0.045189
vn 0.775051 -0.413509 0.477814
vn 0.950949 -0.013923 -0.309036
vn 0.926931 0.096940 -0.362495
vn -0.581538 -0.163074 0.797007
vn -0.298397 -0.174284 0.938395
vn 0.292429 -0.181883 0.938831
vn 0.997676 -0.067496 0.009274
vn 0.278523 -0.920347 0.274566
vn -0.306574 -0.910984 0.275901
vn -0.595733 -0.771236 0.224271
vn -0.564591 0.819808 -0.095667
vn -0.303699 0.935669 -0.179697
vn 0.998773 -0.029047 0.040112
vn 0.785053 -0.134391 0.604674
vn -0.574597 -0.818437 0.000050
vn -0.550386 0.834910 -0.000060
vn -0.280366 0.959893 -0.000071
vn 0.308181 0.951328 -0.000079
vn 0.424719 0.752682 -0.503074
vn -0.219291 0.901556 -0.372972
vn -0.592581 -0.516036 0.618509
vn -0.302639 -0.601584 0.739260
vn 0.282845 -0.610322 0.739936
vn 0.842715 0.365657 -0.395129
vn 0.772716 -0.611290 0.170981
vn 0.280313 -0.959909 0.000058
vn -0.308193 -0.951324 0.000057
vn 0.802680 0.596410 -0.000049
vn -0.308941 0.004532 0.951070
vn 0.308974 -0.004551 0.951060
vn 0.808897 -0.011848 0.587830
vn 0.999892 -0.014701 -0.000019
vn 0.999893 -0.014606 0.000001
vn 0.784866 -0.619666 0.000039
vn 0.832259 0.538360 -0.132336
vn 0.330814 0.926432 -0.179682
vn 0.950963 -0.013948 -0.308991
vn -0.014602 -0.999893 0.000047
vn -0.014644 -0.999893 -0.000081
vn -0.014602 -0.999893 -0.000015
vn -0.587687 0.008684 0.809042
vn -0.323842 -0.843350 0.428821
vn -0.245807 -0.640195 0.727825
vn 0.226984 -0.647185 0.727757
vn 0.950942 -0.013963 -0.309054
vn -0.587718 0.008631 0.809020
vn -0.308979 0.004519 0.951058
vn 0.227064 -0.647104 0.727804
vn 0.491642 -0.855253 -0.163799
vn -0.014614 -0.999893 -0.000006
vn 0.755718 -0.654898 -0.000018
vn 0.609627 -0.652659 0.449880
vn 0.800297 -0.599604 -0.000002
vn 0.294991 -0.955500 0.000008
vn -0.322865 -0.946445 0.000003
vn -0.599477 -0.800392 0.000000
vn -0.575950 0.817485 -0.000010
vn -0.295101 0.955466 -0.000011
vn 0.322860 0.946447 -0.000007
vn -0.014611 -0.999893 0.000006
vn -0.323873 -0.843350 0.428798
vn -0.245824 -0.640178 0.727834
vn 0.308998 -0.004506 0.951052
vn 0.808921 -0.011830 0.587798
vn 0.755759 -0.654850 -0.000000
vn 0.609618 -0.652737 0.449777
vn 0.999892 -0.014701 -0.000002
vn 0.000723 0.808123 0.589013
vn 0.000896 1.000000 -0.000004
vn -0.294965 0.955508 0.000000
vn 0.014609 0.999893 0.000000
vn 0.599508 0.800369 0.000000
vn -0.014540 -0.999894 0.000000
vn -0.000005 0.000000 1.000000
vn 0.575969 -0.817472 0.000000
vn -0.011145 -0.765193 0.643704
vn 0.440763 -0.625580 0.643722
vn -0.014566 -0.999894 0.000000
vn -0.855286 -0.491603 -0.163745
vn -0.999893 0.014629 -0.000045
vn -0.999893 0.014654 -0.000122
vn -0.840498 0.516483 -0.163733
vn 0.000851 0.951106 -0.308864
vn 0.955478 0.295062 0.000000
vn 0.946422 -0.322931 0.000000
vn 0.575913 -0.817511 0.000000
vn -0.171132 -0.501630 0.847987
vn -0.000002 -0.000001 1.000000
vn -0.156331 0.506452 0.847978
vn 0.011260 0.765174 0.643725
vn 0.004527 0.309008 0.951048
vn -0.004503 -0.308978 0.951058
vn -0.011824 -0.808945 0.587765
vn -0.014610 -0.999893 0.000058
vn -0.322865 -0.946445 -0.000002
vn 0.458808 0.612464 0.643726
vn 0.731188 0.225831 0.643711
vn 0.724275 -0.247070 0.643725
vn -0.000850 -0.951056 -0.309017
vn -0.000850 -0.951044 -0.309054
vn -0.000894 -1.000000 -0.000001
vn -0.000894 -1.000000 -0.000003
vn -0.000725 -0.809911 0.586552
vn -0.000724 -0.808082 0.589069
vn -0.000280 -0.311426 0.950271
vn -0.000276 -0.306577 0.951846
vn 0.000272 0.306556 0.951853
vn 0.000278 0.311507 0.950244
vn 0.000896 1.000000 -0.000002
vn 0.000725 0.810004 0.586424
vn 0.731190 0.225800 0.643720
vn 0.724270 -0.247130 0.643708
vn 0.000854 0.951070 -0.308974
vn -0.013922 -0.950983 -0.308931
vn -0.013971 -0.950961 -0.308995
vn -0.171118 -0.501614 0.847999
vn 0.000000 -0.000001 1.000000
vn -0.000002 0.000000 1.000000
vn -0.156339 0.506444 0.847981
vn 0.011179 0.765163 0.643740
vn 0.458790 0.612504 0.643701
vn -0.011127 -0.765191 0.643707
vn 0.440716 -0.625598 0.643737
vn 0.013940 0.950960 -0.308999
vn 0.013888 0.950983 -0.308930
vn 0.014592 0.999894 0.000042
vn 0.014603 0.999893 0.000033
vn 0.011850 0.808964 0.587739
vn 0.011867 0.808982 0.587713
vn 0.004505 0.308972 0.951060
vn -0.004513 -0.308999 0.951052
vn -0.014629 -0.999893 0.000024
vn -0.011827 -0.808949 0.587759
vn 0.652735 0.609589 0.449821
vn 0.011824 0.808906 0.587820
vn 0.004501 0.308932 0.951073
vn -0.004479 -0.308947 0.951069
vn 0.013909 0.950943 -0.309052
vn 0.014620 0.999893 -0.000009
vn 0.011826 0.808932 0.587783
vn 0.004512 0.308951 0.951067
vn -0.004520 -0.308956 0.951065
vn -0.011837 -0.808923 0.587795
vn -0.014638 -0.999893 -0.000005
vn -0.011708 -0.808914 0.587811
vn 0.632476 -0.774580 -0.000016
vn -0.014510 -0.999895 -0.000024
vn 0.840548 -0.516401 -0.163733
vn -0.013742 -0.950979 -0.308951
vn 0.999894 -0.014553 0.000471
vn 0.999892 -0.014687 0.000059
vn 0.855318 0.491535 -0.163782
vn 0.014625 0.999893 0.000001
vn -0.056906 -0.997356 0.045188
vn -0.416287 -0.774016 0.477078
vn -0.013923 -0.950948 -0.309036
vn 0.096942 -0.926930 -0.362495
vn 0.840531 -0.516405 -0.163810
vn 0.999893 -0.014601 0.000016
vn 0.999895 -0.014521 -0.000232
vn 0.855218 0.491704 -0.163794
vn -0.632480 0.774577 0.000020
vn 0.647021 0.227049 0.727882
vn 0.640291 -0.245879 0.727717
vn 0.634605 -0.628435 0.449830
vn 0.654849 0.755760 0.000005
vn 0.013889 0.950985 -0.308926
vn 0.124022 0.923671 -0.362560
vn -0.001852 0.999159 0.040953
vn -0.113973 0.788296 0.604649
vn -0.174283 0.298394 0.938396
vn -0.181884 -0.292433 0.938830
vn -0.067499 -0.997676 0.009277
vn -0.345324 0.927877 0.140695
vn -0.038787 0.999176 0.011944
vn 0.555144 0.820510 -0.136303
vn 0.936144 0.295698 -0.190255
vn 0.654825 0.755781 0.000013
vn 0.652656 0.609677 0.449815
vn -0.029046 -0.998773 0.040113
vn -0.134388 -0.785056 0.604672
vn -0.313918 0.949450 -0.000006
vn 0.014706 0.999892 -0.000012
vn 0.619695 0.784843 -0.000019
vn 0.959890 0.280376 -0.000016
vn 0.951331 -0.308171 -0.000011
vn -0.634627 0.628463 0.449758
vn 0.647049 0.227080 0.727848
vn -0.640204 0.245890 0.727789
vn 0.640259 -0.245861 0.727751
vn -0.647066 -0.227054 0.727840
vn 0.634603 -0.628437 0.449829
vn -0.654839 -0.755769 0.000013
vn -0.652748 -0.609600 0.449786
vn 0.632442 -0.774608 0.000010
vn 0.752683 -0.424704 -0.503085
vn 0.780572 0.384232 -0.493024
vn 0.390024 0.834967 -0.388217
vn -0.030410 0.998474 0.046102
vn -0.391833 0.786431 0.477486
vn -0.455702 0.376441 0.806615
vn -0.468344 -0.361694 0.806121
vn 0.365655 -0.842722 -0.395116
vn -0.375270 -0.916385 0.139322
vn 0.596411 -0.802679 0.000000
vn 0.004536 0.308939 0.951071
vn -0.004551 -0.308965 0.951062
vn -0.011887 -0.808907 0.587817
vn -0.014705 -0.999892 -0.000006
vn -0.014598 -0.999893 0.000013
vn -0.341518 -0.939875 0.000016
vn 0.538363 -0.832262 -0.132311
vn 0.926444 -0.330795 -0.179657
vn -0.013970 -0.950959 -0.309003
vn -0.999893 0.014605 0.000038
vn -0.999893 0.014627 -0.000029
vn 0.014047 0.950952 -0.309020
vn -0.840513 0.516437 -0.163797
vn 0.014772 0.999891 -0.000002
vn 0.011945 0.808902 0.587822
vn -0.634550 0.628467 0.449862
vn -0.640182 0.245814 0.727834
vn -0.647183 -0.226981 0.727760
vn -0.855299 -0.491578 -0.163753
vn -0.999893 0.014649 -0.000047
vn -0.999893 0.014620 0.000040
vn -0.840552 0.516412 -0.163682
vn 0.840515 -0.516412 -0.163870
vn 0.999893 -0.014638 -0.000104
vn 0.999892 -0.014723 0.000159
vn 0.855267 0.491640 -0.163736
vn 0.654854 0.755756 0.000036
vn 0.652685 0.609658 0.449800
vn 0.647129 0.227033 0.727791
vn -0.647099 -0.227063 0.727808
vn -0.855274 -0.491608 -0.163789
vn -0.632406 0.774637 -0.000001
vn -0.654885 -0.755728 -0.000007
vn -0.652685 -0.609612 0.449861
vn -0.322890 -0.946437 0.000000
vn -0.294948 0.955513 0.000000
vn 0.014713 0.999892 0.000000
vn 0.599548 0.800339 0.000000
vn 0.955466 0.295101 0.000000
vn 0.946447 -0.322859 0.000000
vn -0.632488 0.774570 0.000029
vn -0.634577 0.628492 0.449790
vn -0.640173 0.245829 0.727837
vn 0.640078 -0.245908 0.727894
vn 0.634597 -0.628430 0.449847
vn -0.654849 -0.755760 0.000001
vn -0.652743 -0.609616 0.449772
vn 0.632428 -0.774619 -0.000003
vn -0.589154 0.000375 0.808021
vn -0.322912 -0.946429 0.000000
vn -0.599502 -0.800374 0.000000
vn -0.575888 0.817529 0.000000
vn 0.999894 -0.014553 0.000000
vn -0.247072 -0.724271 0.643728
vn 0.817470 0.575972 -0.000001
vn 0.765194 -0.011148 0.643704
vn 0.625579 0.440765 0.643721
vn 0.999894 -0.014575 0.000001
vn 0.491608 -0.855283 -0.163748
vn -0.014618 -0.999893 -0.000056
vn -0.014634 -0.999893 -0.000104
vn -0.014618 -0.999893 0.000002
vn -0.295073 0.955475 0.000000
vn 0.322932 0.946422 0.000003
vn 0.817516 0.575906 0.000001
vn 0.612446 -0.458861 0.643706
vn 0.225742 -0.731199 0.643730
vn -0.317743 -0.424236 0.847976
vn 0.000002 0.000001 1.000000
vn -0.309008 0.004530 0.951049
vn 0.308974 -0.004504 0.951060
vn 0.808944 -0.011827 0.587767
vn 0.999893 -0.014615 0.000059
vn 0.800366 -0.599511 0.000000
vn -0.305242 0.433254 0.848008
vn -0.225831 0.731194 0.643704
vn 0.247071 0.724275 0.643725
vn 0.951058 -0.000563 -0.309011
vn 0.951046 -0.000460 -0.309048
vn 1.000000 -0.000591 0.000001
vn 1.000000 -0.000487 0.000002
vn 0.809935 -0.000464 0.586520
vn 0.808059 -0.000512 0.589101
vn 0.311479 -0.000168 0.950253
vn 0.306512 -0.000234 0.951867
vn -0.306500 0.000198 0.951871
vn -0.311579 0.000056 0.950220
vn -0.591304 0.000115 0.806448
vn 0.295063 -0.955478 0.000000
vn -0.225808 0.731190 0.643717
vn 0.247130 0.724267 0.643711
vn 0.950982 -0.013930 -0.308932
vn 0.950959 -0.013984 -0.309002
vn 0.612488 -0.458782 0.643722
vn 0.225805 -0.731206 0.643700
vn -0.247109 -0.724256 0.643732
vn -0.317751 -0.424219 0.847981
vn 0.000000 0.000000 1.000000
vn -0.305231 0.433305 0.847986
vn 0.765190 -0.011137 0.643709
vn 0.625603 0.440712 0.643734
vn -0.587773 0.008644 0.808979
vn -0.587726 0.008600 0.809014
vn -0.308969 0.004506 0.951062
vn 0.308995 -0.004514 0.951053
vn 0.999893 -0.014637 0.000024
vn 0.808945 -0.011829 0.587765
vn -0.299016 0.852500 0.428758
vn -0.323840 -0.843354 0.428815
vn -0.245831 -0.640146 0.727860
vn 0.227019 -0.647112 0.727811
vn -0.014648 -0.999893 0.000087
vn -0.014614 -0.999893 -0.000040
vn -0.587653 0.008580 0.809067
vn -0.308949 0.004512 0.951068
vn 0.308959 -0.004520 0.951065
vn 0.808924 -0.011837 0.587794
vn 0.999893 -0.014637 -0.000003
vn 0.609666 -0.652614 0.449891
vn 0.774579 0.632477 -0.000014
vn 0.755781 -0.654824 -0.000014
vn 0.516401 0.840548 -0.163736
vn 0.491704 -0.855214 -0.163817
vn 0.014538 0.999894 0.000510
vn 0.014687 0.999892 0.000051
vn -0.014608 -0.999893 -0.000037
vn 0.014689 0.999892 0.000014
vn -0.014614 -0.999893 0.000004
vn 0.997356 -0.056905 0.045189
vn 0.775051 -0.413509 0.477814
vn 0.950949 -0.013923 -0.309033
vn 0.926931 0.096941 -0.362494
vn 0.516408 0.840528 -0.163816
vn 0.014605 0.999893 0.000008
vn 0.014518 0.999895 -0.000261
vn 0.014605 0.999893 -0.000044
vn -0.014646 -0.999893 0.000011
vn -0.227058 0.646998 0.727900
vn 0.245881 0.640302 0.727706
vn 0.628437 0.634602 0.449831
vn 0.014689 0.999892 0.000007
vn -0.581539 -0.163074 0.797006
vn -0.298397 -0.174284 0.938394
vn 0.292430 -0.181883 0.938831
vn 0.997677 -0.067494 0.009274
vn 0.278522 -0.920344 0.274575
vn -0.306576 -0.910980 0.275909
vn -0.595735 -0.771232 0.224280
vn -0.564595 0.819804 -0.095679
vn -0.303701 0.935666 -0.179707
vn 0.014613 0.999893 0.000003
vn -0.299097 0.852454 0.428793
vn 0.998773 -0.029047 0.040112
vn 0.785054 -0.134391 0.604673
vn -0.574598 -0.818436 0.000067
vn -0.550389 0.834909 -0.000078
vn -0.280369 0.959892 -0.000092
vn 0.308183 0.951327 -0.000099
vn -0.323945 -0.843343 0.428756
vn -0.227077 0.647048 0.727850
vn -0.245890 -0.640208 0.727785
vn 0.245857 0.640262 0.727749
vn 0.227053 -0.647089 0.727821
vn 0.628440 0.634597 0.449834
vn 0.755772 -0.654835 0.000015
vn 0.609604 -0.652744 0.449786
vn 0.774601 0.632451 0.000011
vn 0.424716 0.752683 -0.503075
vn -0.219292 0.901556 -0.372972
vn -0.592582 -0.516036 0.618509
vn -0.302640 -0.601585 0.739260
vn 0.282845 -0.610322 0.739936
vn 0.842715 0.365657 -0.395129
vn 0.772717 -0.611287 0.170987
vn 0.280310 -0.959909 0.000078
vn -0.308193 -0.951324 0.000077
vn 0.802683 0.596406 -0.000061
vn -0.308940 0.004532 0.951071
vn 0.308975 -0.004552 0.951059
vn 0.808898 -0.011850 0.587829
vn 0.999892 -0.014698 -0.000017
vn 0.999893 -0.014611 0.000001
vn 0.784865 -0.619667 0.000052
vn 0.832259 0.538358 -0.132343
vn 0.330814 0.926430 -0.179692
vn 0.950962 -0.013948 -0.308992
vn -0.014602 -0.999893 0.000046
vn -0.014643 -0.999893 -0.000079
vn -0.014602 -0.999893 -0.000014
vn -0.587686 0.008683 0.809043
vn -0.323842 -0.843350 0.428821
vn -0.245807 -0.640195 0.727825
vn 0.226984 -0.647185 0.727757
vn 0.491580 -0.855298 -0.163751
vn -0.014649 -0.999893 -0.000004
vn -0.014629 -0.999893 0.000058
vn -0.014649 -0.999893 0.000034
vn 0.516408 0.840520 -0.163857
vn 0.014630 0.999893 -0.000089
vn 0.014718 0.999892 0.000181
vn 0.014630 0.999893 -0.000010
vn 0.014613 0.999893 0.000003
vn -0.299112 0.852443 0.428804
vn -0.227033 0.647129 0.727791
vn 0.227064 -0.647105 0.727803
vn 0.491641 -0.855254 -0.163800
vn -0.014614 -0.999893 -0.000006
vn 0.755719 -0.654896 -0.000017
vn 0.609626 -0.652659 0.449880
vn 0.800297 -0.599604 -0.000002
vn 0.294990 -0.955500 0.000009
vn -0.322865 -0.946445 0.000003
vn -0.599476 -0.800393 0.000000
vn -0.575948 0.817486 -0.000010
vn -0.295100 0.955466 -0.000012
vn 0.322860 0.946447 -0.000007
vn -0.014611 -0.999893 0.000006
vn -0.323873 -0.843349 0.428799
vn -0.245825 -0.640178 0.727834
vn 0.245913 0.640069 0.727900
vn 0.628428 0.634605 0.449838
vn 0.755759 -0.654849 -0.000000
vn 0.609618 -0.652737 0.449777
vn 0.774624 0.632422 -0.000005
vn -0.587682 0.008598 0.809046
vn -0.323840 -0.843354 0.428815
vn -0.245831 -0.640146 0.727860
vn 0.227019 -0.647112 0.727811
vn -0.014648 -0.999893 0.000087
vn -0.014614 -0.999893 -0.000040
vn 0.609666 -0.652614 0.449891
vn 0.999895 -0.014512 -0.000025
vn 0.755781 -0.654825 -0.000014
vn 0.950960 -0.013790 -0.309008
vn 0.491703 -0.855215 -0.163817
vn -0.014608 -0.999893 -0.000037
vn -0.014614 -0.999893 0.000004
vn -0.308959 0.004512 0.951064
vn 0.308935 -0.004501 0.951072
vn 0.808870 -0.011706 0.587871
vn -0.587677 0.009661 0.809038
vn -0.322377 -0.843997 0.428652
vn -0.245365 -0.640144 0.728019
vn 0.227493 -0.647129 0.727647
vn -0.013036 -0.999915 0.000077
vn -0.013006 -0.999915 -0.000035
vn 0.609828 -0.652651 0.449619
vn 0.999867 -0.016308 -0.000027
vn 0.755744 -0.654867 -0.000016
vn 0.950937 -0.015491 -0.308996
vn 0.492095 -0.855052 -0.163491
vn -0.013000 -0.999916 -0.000033
vn -0.013006 -0.999915 0.000004
vn -0.308350 0.005059 0.951260
vn 0.309541 -0.005067 0.950873
vn 0.809085 -0.013156 0.587544
vn 0.000668 0.808119 0.589019
vn 0.000827 1.000000 -0.000004
vn -0.294965 0.955508 0.000000
vn 0.014609 0.999893 0.000000
vn 0.599508 0.800369 0.000000
vn -0.014540 -0.999894 0.000000
vn -0.000005 0.000000 1.000000
vn 0.575969 -0.817472 0.000000
vn -0.011145 -0.765193 0.643704
vn 0.440763 -0.625579 0.643722
vn -0.014566 -0.999894 0.000000
vn -0.013917 -0.950957 -0.309009
vn 0.013913 0.950999 -0.308881
vn 0.000786 0.951106 -0.308864
vn 0.955478 0.295062 0.000000
vn 0.946422 -0.322931 0.000000
vn 0.575913 -0.817511 0.000000
vn -0.171132 -0.501630 0.847987
vn -0.000002 -0.000001 1.000000
vn -0.156331 0.506452 0.847978
vn 0.011260 0.765174 0.643725
vn 0.004527 0.309008 0.951048
vn -0.004503 -0.308978 0.951058
vn -0.011824 -0.808945 0.587765
vn -0.014610 -0.999893 0.000058
vn -0.322865 -0.946445 -0.000002
vn 0.458808 0.612464 0.643726
vn 0.731188 0.225831 0.643711
vn 0.724275 -0.247070 0.643725
vn -0.000785 -0.951056 -0.309017
vn -0.000785 -0.951044 -0.309054
vn -0.000825 -1.000000 -0.000001
vn -0.000826 -1.000000 -0.000003
vn -0.000669 -0.809916 0.586546
vn -0.000668 -0.808078 0.589075
vn -0.000257 -0.311438 0.950267
vn -0.000254 -0.306565 0.951850
vn 0.000253 0.306543 0.951857
vn 0.000258 0.311520 0.950240
vn 0.000827 1.000000 -0.000002
vn 0.000670 0.810008 0.586418
vn 0.731190 0.225800 0.643720
vn 0.724270 -0.247130 0.643708
vn 0.000788 0.951070 -0.308974
vn -0.013922 -0.950983 -0.308931
vn -0.013971 -0.950961 -0.308995
vn -0.171118 -0.501614 0.847999
vn 0.000000 -0.000001 1.000000
vn -0.000002 0.000000 1.000000
vn -0.156339 0.506444 0.847981
vn 0.011179 0.765163 0.643740
vn 0.458790 0.612504 0.643701
vn -0.011127 -0.765191 0.643707
vn 0.440716 -0.625598 0.643737
vn 0.013940 0.950960 -0.309000
vn 0.013888 0.950983 -0.308931
vn 0.014592 0.999894 0.000042
vn 0.014603 0.999893 0.000033
vn 0.011850 0.808964 0.587739
vn 0.011867 0.808982 0.587713
vn 0.004505 0.308972 0.951060
vn -0.004513 -0.308999 0.951052
vn -0.014629 -0.999893 0.000024
vn -0.011827 -0.808949 0.587759
vn 0.653421 0.608205 0.450696
vn 0.008175 0.808192 0.588862
vn 0.003096 0.306982 0.951710
vn -0.003117 -0.310901 0.950437
vn 0.009627 0.950991 -0.309067
vn 0.014620 0.999893 -0.000009
vn 0.011826 0.808932 0.587783
vn 0.004512 0.308951 0.951067
vn -0.004520 -0.308956 0.951065
vn -0.011837 -0.808923 0.587795
vn -0.014638 -0.999893 -0.000005
vn -0.008115 -0.809695 0.586795
vn 0.631583 -0.775308 -0.000009
vn -0.010040 -0.999950 -0.000019
vn 0.839285 -0.518770 -0.162724
vn -0.009512 -0.951025 -0.308966
vn 0.999779 -0.021022 0.000685
vn 0.999775 -0.021217 0.000085
vn 0.856494 0.489134 -0.164820
vn 0.010123 0.999949 0.000000
vn -0.056906 -0.997356 0.045188
vn -0.416287 -0.774016 0.477078
vn -0.013923 -0.950948 -0.309037
vn 0.096942 -0.926930 -0.362495
vn 0.840531 -0.516405 -0.163810
vn 0.999893 -0.014601 0.000016
vn 0.999895 -0.014521 -0.000232
vn 0.855218 0.491704 -0.163795
vn 0.014527 0.999894 0.000011
vn 0.647208 0.224683 0.728450
vn 0.640023 -0.248238 0.727151
vn 0.633852 -0.629792 0.448992
vn 0.655704 0.755018 0.000006
vn 0.013889 0.950984 -0.308927
vn 0.124022 0.923671 -0.362560
vn -0.001852 0.999159 0.040953
vn -0.113973 0.788296 0.604649
vn -0.174283 0.298394 0.938396
vn -0.181884 -0.292433 0.938830
vn -0.067499 -0.997676 0.009277
vn -0.345324 0.927877 0.140695
vn -0.038787 0.999176 0.011944
vn 0.555144 0.820510 -0.136303
vn 0.936144 0.295698 -0.190255
vn 0.654825 0.755781 0.000013
vn 0.652656 0.609677 0.449815
vn -0.029046 -0.998773 0.040113
vn -0.134388 -0.785056 0.604672
vn -0.313918 0.949450 -0.000006
vn 0.014706 0.999892 -0.000012
vn 0.619695 0.784843 -0.000019
vn 0.959890 0.280376 -0.000016
vn 0.951331 -0.308171 -0.000011
vn 0.011742 0.808941 0.587773
vn 0.647049 0.227080 0.727848
vn 0.004490 0.308987 0.951056
vn 0.640259 -0.245861 0.727751
vn -0.004526 -0.309010 0.951048
vn 0.634603 -0.628437 0.449829
vn -0.014652 -0.999893 0.000014
vn -0.011843 -0.808922 0.587797
vn 0.632442 -0.774608 0.000010
vn 0.752683 -0.424704 -0.503085
vn 0.780572 0.384232 -0.493024
vn 0.390024 0.834967 -0.388217
vn -0.030410 0.998474 0.046102
vn -0.391833 0.786431 0.477486
vn -0.455702 0.376441 0.806615
vn -0.468344 -0.361694 0.806121
vn 0.365655 -0.842722 -0.395116
vn -0.375270 -0.916385 0.139322
vn 0.596411 -0.802679 0.000000
vn 0.004536 0.308939 0.951071
vn -0.004551 -0.308965 0.951062
vn -0.011887 -0.808907 0.587817
vn -0.014705 -0.999892 -0.000007
vn -0.014598 -0.999893 0.000013
vn -0.341519 -0.939875 0.000016
vn 0.538363 -0.832262 -0.132311
vn 0.926444 -0.330795 -0.179657
vn -0.013970 -0.950959 -0.309003
vn 0.014047 0.950952 -0.309021
vn 0.014047 0.950952 -0.309021
vn 0.014772 0.999891 -0.000002
vn 0.011945 0.808902 0.587822
vn 0.011925 0.808916 0.587803
vn 0.004518 0.308930 0.951074
vn -0.004547 -0.308929 0.951074
vn -0.013912 -0.950950 -0.309033
vn 0.013808 0.950984 -0.308932
vn 0.840515 -0.516412 -0.163870
vn 0.999893 -0.014638 -0.000104
vn 0.999892 -0.014723 0.000159
vn 0.855267 0.491640 -0.163736
vn 0.654854 0.755756 0.000036
vn 0.652685 0.609658 0.449800
vn 0.647129 0.227033 0.727791
vn -0.004513 -0.309032 0.951041
vn -0.013956 -0.950962 -0.308993
vn 0.014770 0.999891 0.000002
vn -0.014703 -0.999892 -0.000007
vn -0.011888 -0.808904 0.587820
vn -0.322890 -0.946437 0.000000
vn -0.294948 0.955513 0.000000
vn 0.014713 0.999892 0.000000
vn 0.599548 0.800339 0.000000
vn 0.955466 0.295101 0.000000
vn 0.946447 -0.322859 0.000000
vn 0.014617 0.999893 0.000035
vn 0.011849 0.808962 0.587742
vn 0.004500 0.308942 0.951070
vn 0.640078 -0.245908 0.727894
vn 0.634597 -0.628430 0.449847
vn -0.014700 -0.999892 -0.000002
vn -0.011865 -0.808933 0.587781
vn 0.632428 -0.774619 -0.000003
vn -0.809107 -0.005339 0.587637
vn -0.951117 -0.002356 0.308822
vn -0.322897 -0.946434 0.000000
vn -0.599501 -0.800374 0.000000
vn -0.575882 0.817533 0.000000
vn 0.999894 -0.014544 0.000000
vn -0.247090 -0.724260 0.643735
vn 0.817476 0.575962 0.000000
vn 0.765194 -0.011156 0.643703
vn 0.625584 0.440756 0.643723
vn 0.999894 -0.014579 0.000000
vn 0.491622 -0.855275 -0.163745
vn -0.014615 -0.999893 -0.000070
vn -0.014629 -0.999893 -0.000114
vn -0.014615 -0.999893 0.000010
vn -0.295073 0.955475 0.000000
vn 0.322931 0.946423 0.000000
vn 0.817514 0.575908 0.000000
vn 0.612444 -0.458859 0.643709
vn 0.225731 -0.731213 0.643718
vn -0.317741 -0.424231 0.847979
vn 0.000003 0.000001 1.000000
vn 0.800353 -0.599529 0.000000
vn -0.305220 0.433283 0.848002
vn -0.225809 0.731193 0.643714
vn 0.247071 0.724273 0.643728
vn 0.951059 0.002359 -0.309001
vn 0.951061 0.002360 -0.308995
vn 0.999998 -0.000832 -0.002013
vn 0.999998 -0.000874 0.002027
vn 0.810832 -0.006697 0.585241
vn 0.807074 -0.006748 0.590412
vn 0.311900 -0.010015 0.950062
vn 0.305831 -0.010031 0.952033
vn -0.307247 -0.009503 0.951582
vn -0.311012 -0.009486 0.950359
vn -0.951089 -0.002359 0.308909
vn -0.809069 -0.005340 0.587689
vn 0.295055 -0.955480 0.000000
vn -0.225808 0.731188 0.643720
vn 0.247130 0.724269 0.643709
vn 0.612482 -0.458799 0.643715
vn 0.225798 -0.731201 0.643708
vn -0.247098 -0.724265 0.643726
vn -0.317746 -0.424214 0.847986
vn 0.000001 0.000002 1.000000
vn -0.305232 0.433316 0.847980
vn 0.765190 -0.011131 0.643708
vn 0.625601 0.440714 0.643734
vn -0.810346 0.006198 0.585919
vn -0.631680 -0.632441 0.448329
vn -0.251044 -0.639070 0.727026
vn 0.221764 -0.647872 0.728754
vn -0.028148 -0.999604 0.000514
vn -0.027942 -0.999610 -0.000077
vn -0.950975 0.013917 0.308955
vn -0.808935 0.011832 0.587779
vn -0.308967 0.004516 0.951062
vn 0.308975 -0.004522 0.951059
vn 0.808936 -0.011839 0.587778
vn 0.999893 -0.014633 -0.000000
vn 0.606261 -0.654653 0.451528
vn 0.999971 -0.007572 -0.000023
vn 0.753521 -0.657424 -0.000005
vn 0.951012 -0.007210 -0.309070
vn 0.486153 -0.858013 -0.165739
vn -0.027947 -0.999609 -0.000105
vn -0.524642 -0.835593 0.162898
vn 0.997356 -0.056911 0.045192
vn 0.775048 -0.413506 0.477821
vn 0.950948 -0.013917 -0.309037
vn 0.926919 0.096950 -0.362521
vn -0.312592 0.002382 0.949884
vn 0.305315 -0.002319 0.952249
vn 0.807520 -0.006093 0.589809
vn -0.951026 0.007295 0.309025
vn -0.949885 -0.051120 0.308390
vn -0.787931 -0.113320 0.605246
vn -0.298383 -0.174284 0.938399
vn 0.292439 -0.181884 0.938828
vn 0.997673 -0.067549 0.009291
vn 0.278522 -0.920352 0.274551
vn -0.306583 -0.910987 0.275879
vn -0.595715 -0.771261 0.224234
vn -0.564613 0.819795 -0.095640
vn -0.303722 0.935668 -0.179659
vn 0.998773 -0.029042 0.040116
vn 0.785052 -0.134388 0.604676
vn -0.574632 -0.818412 0.000016
vn -0.550352 0.834933 -0.000021
vn -0.280358 0.959895 -0.000025
vn 0.308144 0.951340 -0.000024
vn 0.424717 0.752674 -0.503088
vn -0.219334 0.901553 -0.372955
vn -0.630262 -0.490412 0.601886
vn -0.302646 -0.601594 0.739250
vn 0.282851 -0.610316 0.739939
vn 0.842716 0.365679 -0.395106
vn 0.772729 -0.611279 0.170964
vn 0.280311 -0.959909 0.000024
vn -0.308200 -0.951321 0.000018
vn 0.802680 0.596410 -0.000008
vn -0.308942 0.004527 0.951070
vn 0.308983 -0.004547 0.951057
vn 0.808905 -0.011826 0.587820
vn 0.999893 -0.014606 -0.000001
vn 0.999893 -0.014595 0.000009
vn 0.784875 -0.619654 0.000024
vn 0.832277 0.538339 -0.132308
vn 0.330774 0.926448 -0.179674
vn 0.950957 -0.013891 -0.309011
vn -0.014619 -0.999893 -0.000004
vn -0.014632 -0.999893 -0.000044
vn -0.014619 -0.999893 -0.000013
vn -0.950956 0.014100 0.309005
vn -0.808900 0.011928 0.587825
vn -0.628453 -0.634559 0.449868
vn -0.245829 -0.640204 0.727809
vn 0.227004 -0.647122 0.727807
vn 0.516425 0.840515 -0.163826
vn 0.014623 0.999893 -0.000022
vn 0.014697 0.999892 0.000205
vn 0.014623 0.999893 -0.000020
vn -0.491596 0.855292 0.163733
vn -0.609664 0.652683 0.449795
vn -0.227039 0.647128 0.727790
vn 0.227081 -0.647072 0.727827
vn 0.491614 -0.855266 -0.163815
vn -0.516426 -0.840520 0.163798
vn 0.755757 -0.654852 -0.000003
vn 0.609625 -0.652667 0.449870
vn 0.800294 -0.599608 0.000000
vn 0.294974 -0.955505 0.000000
vn -0.322889 -0.946437 0.000000
vn -0.599477 -0.800392 0.000000
vn -0.575895 0.817524 0.000000
vn -0.295073 0.955475 0.000000
vn 0.322862 0.946446 0.000000
vn -0.516376 -0.840567 0.163717
vn -0.628492 -0.634586 0.449776
vn -0.245832 -0.640178 0.727831
vn 0.245914 0.640122 0.727853
vn 0.628416 0.634620 0.449834
vn 0.755753 -0.654856 0.000003
vn 0.609634 -0.652717 0.449785
vn 0.774615 0.632433 0.000016
vn -0.013917 -0.950957 -0.309009
vn 0.013913 0.950999 -0.308881
vn 0.004527 0.309008 0.951048
vn -0.004503 -0.308978 0.951058
vn -0.011824 -0.808945 0.587765
vn -0.014610 -0.999893 0.000058
vn -0.013922 -0.950983 -0.308931
vn -0.013971 -0.950961 -0.308995
vn 0.013940 0.950960 -0.309000
vn 0.013888 0.950983 -0.308931
vn 0.014592 0.999894 0.000042
vn 0.014603 0.999893 0.000033
vn 0.011850 0.808964 0.587739
vn 0.011867 0.808982 0.587713
vn 0.004505 0.308972 0.951060
vn -0.004513 -0.308999 0.951052
vn -0.014629 -0.999893 0.000024
vn -0.011827 -0.808949 0.587759
vn 0.840531 -0.516405 -0.163810
vn 0.999893 -0.014601 0.000016
vn 0.999895 -0.014521 -0.000232
vn 0.855218 0.491704 -0.163795
vn 0.014527 0.999894 0.000011
vn 0.654825 0.755781 0.000013
vn 0.652656 0.609677 0.449815
vn 0.011742 0.808941 0.587773
vn 0.647049 0.227080 0.727848
vn 0.004490 0.308987 0.951056
vn 0.640259 -0.245861 0.727751
vn -0.004526 -0.309010 0.951048
vn 0.634603 -0.628437 0.449829
vn -0.014652 -0.999893 0.000014
vn -0.011843 -0.808922 0.587797
vn 0.632442 -0.774608 0.000010
vn 0.004536 0.308939 0.951071
vn -0.004551 -0.308965 0.951062
vn -0.011887 -0.808907 0.587817
vn -0.014705 -0.999892 -0.000007
vn -0.013970 -0.950959 -0.309003
vn 0.014047 0.950952 -0.309021
vn 0.014047 0.950952 -0.309021
vn 0.014772 0.999891 -0.000002
vn 0.011945 0.808902 0.587822
vn 0.011925 0.808916 0.587803
vn 0.004518 0.308930 0.951074
vn -0.004547 -0.308929 0.951074
vn -0.013912 -0.950950 -0.309033
vn 0.013808 0.950984 -0.308932
vn 0.840515 -0.516412 -0.163870
vn 0.999893 -0.014638 -0.000104
vn 0.999892 -0.014723 0.000159
vn 0.855267 0.491639 -0.163736
vn 0.654854 0.755756 0.000035
vn 0.652685 0.609658 0.449800
vn 0.647129 0.227033 0.727791
vn -0.004513 -0.309032 0.951041
vn -0.013956 -0.950962 -0.308993
vn 0.014770 0.999891 0.000002
vn -0.014703 -0.999892 -0.000007
vn -0.011888 -0.808904 0.587820
vn 0.014617 0.999893 0.000035
vn 0.011849 0.808962 0.587742
vn 0.004500 0.308942 0.951070
vn 0.640078 -0.245908 0.727894
vn 0.634597 -0.628430 0.449847
vn -0.014700 -0.999892 -0.000002
vn -0.011865 -0.808933 0.587781
vn 0.632428 -0.774619 -0.000003
vn 0.001018 0.808147 0.588981
vn 0.001261 0.999999 -0.000001
vn -0.294965 0.955508 0.000000
vn 0.014607 0.999893 0.000000
vn 0.599507 0.800370 0.000000
vn -0.014541 -0.999894 0.000000
vn -0.000005 0.000000 1.000000
vn 0.575969 -0.817472 0.000000
vn -0.011147 -0.765194 0.643704
vn 0.440763 -0.625580 0.643722
vn -0.014568 -0.999894 0.000000
vn -0.013908 -0.950958 -0.309006
vn 0.013913 0.950999 -0.308881
vn 0.001198 0.951106 -0.308863
vn 0.955478 0.295062 0.000000
vn 0.946423 -0.322930 0.000000
vn 0.575914 -0.817510 0.000000
vn -0.171134 -0.501629 0.847987
vn -0.000002 -0.000001 1.000000
vn -0.156329 0.506454 0.847978
vn 0.011258 0.765173 0.643727
vn 0.004527 0.309011 0.951048
vn -0.004505 -0.308981 0.951057
vn -0.011822 -0.808944 0.587767
vn -0.014607 -0.999893 0.000060
vn -0.322866 -0.946445 -0.000003
vn 0.458807 0.612466 0.643725
vn 0.731188 0.225830 0.643712
vn 0.724275 -0.247070 0.643725
vn -0.001197 -0.951056 -0.309017
vn -0.001862 -0.951037 -0.309073
vn -0.001259 -0.999999 -0.000001
vn -0.001942 -0.999998 -0.000009
vn -0.001019 -0.809887 0.586586
vn -0.001556 -0.808149 0.588977
vn -0.000391 -0.311361 0.950292
vn -0.000590 -0.306756 0.951788
vn 0.000385 0.306619 0.951832
vn 0.000607 0.311316 0.950306
vn 0.001995 0.999998 0.000010
vn 0.001594 0.809923 0.586534
vn 0.731190 0.225800 0.643720
vn 0.724270 -0.247129 0.643708
vn 0.001916 0.951070 -0.308969
vn -0.013922 -0.950982 -0.308934
vn -0.013974 -0.950959 -0.309002
vn -0.171118 -0.501614 0.847999
vn 0.000001 -0.000001 1.000000
vn -0.000001 0.000000 1.000000
vn -0.156339 0.506444 0.847982
vn 0.011178 0.765162 0.643740
vn 0.458789 0.612505 0.643701
vn -0.011127 -0.765191 0.643707
vn 0.440717 -0.625597 0.643737
vn 0.013940 0.950960 -0.309001
vn 0.013888 0.950982 -0.308934
vn 0.014593 0.999894 0.000041
vn 0.014604 0.999893 0.000032
vn 0.011850 0.808964 0.587739
vn 0.011866 0.808982 0.587714
vn 0.004504 0.308974 0.951060
vn -0.004513 -0.308998 0.951052
vn -0.014629 -0.999893 0.000023
vn -0.011823 -0.808948 0.587762
vn 0.652735 0.609590 0.449819
vn 0.011824 0.808907 0.587818
vn 0.004501 0.308931 0.951074
vn -0.004480 -0.308945 0.951069
vn 0.013909 0.950944 -0.309049
vn 0.032269 0.999479 -0.000018
vn 0.026057 0.807431 0.589386
vn 0.009861 0.305727 0.952068
vn -0.010077 -0.312005 0.950027
vn -0.026164 -0.809827 0.586085
vn -0.032306 -0.999478 -0.000005
vn -0.011709 -0.808914 0.587810
vn 0.632475 -0.774580 -0.000016
vn -0.014515 -0.999895 -0.000027
vn 0.840547 -0.516403 -0.163732
vn -0.013749 -0.950978 -0.308952
vn 0.999894 -0.014556 0.000464
vn 0.999892 -0.014687 0.000059
vn 0.855319 0.491535 -0.163779
vn 0.014624 0.999893 0.000001
vn -0.056906 -0.997357 0.045184
vn -0.413506 -0.775055 0.477811
vn -0.030726 -0.950573 -0.308977
vn 0.090425 -0.927460 -0.362824
vn 0.840530 -0.516407 -0.163811
vn 0.999893 -0.014601 0.000019
vn 0.999895 -0.014518 -0.000237
vn 0.855218 0.491706 -0.163792
vn 0.014534 0.999894 0.000009
vn 0.647023 0.227049 0.727881
vn 0.640288 -0.245880 0.727718
vn 0.634605 -0.628436 0.449829
vn 0.654848 0.755760 0.000005
vn 0.030655 0.950605 -0.308887
vn 0.130542 0.922913 -0.362202
vn 0.006957 0.999134 0.041031
vn -0.106881 0.789494 0.604381
vn -0.171553 0.300153 0.938338
vn -0.184510 -0.290592 0.938889
vn -0.067500 -0.997676 0.009278
vn -0.806951 -0.276368 0.521968
vn -0.796046 0.302046 0.524481
vn -0.462508 0.852506 0.243558
vn -0.038788 0.999176 0.011944
vn 0.555144 0.820510 -0.136303
vn 0.936144 0.295699 -0.190255
vn 0.654828 0.755778 0.000012
vn 0.652657 0.609676 0.449816
vn -0.037890 -0.998479 0.040037
vn -0.141447 -0.783615 0.604930
vn -0.313915 0.949451 -0.000006
vn 0.014705 0.999892 -0.000012
vn 0.619694 0.784844 -0.000018
vn 0.959891 0.280373 -0.000016
vn 0.951331 -0.308169 -0.000011
vn 0.011742 0.808939 0.587775
vn 0.647049 0.227079 0.727848
vn 0.004492 0.308988 0.951055
vn 0.640261 -0.245860 0.727749
vn -0.004528 -0.309008 0.951049
vn 0.634600 -0.628440 0.449830
vn -0.014650 -0.999893 0.000017
vn -0.011845 -0.808920 0.587800
vn 0.632445 -0.774606 0.000012
vn 0.752683 -0.424704 -0.503085
vn 0.780574 0.384229 -0.493023
vn 0.390022 0.834968 -0.388215
vn -0.030409 0.998474 0.046104
vn -0.391835 0.786429 0.477487
vn -0.601586 0.302638 0.739259
vn -0.610322 -0.282842 0.739938
vn 0.365646 -0.842726 -0.395115
vn -0.489034 -0.838934 0.238820
vn 0.596411 -0.802679 0.000000
vn 0.004533 0.308940 0.951071
vn -0.004550 -0.308966 0.951062
vn -0.011884 -0.808906 0.587818
vn -0.014702 -0.999892 -0.000004
vn -0.014607 -0.999893 0.000014
vn -0.341531 -0.939870 0.000017
vn 0.538359 -0.832264 -0.132312
vn 0.926443 -0.330796 -0.179656
vn -0.013971 -0.950958 -0.309004
vn 0.014050 0.950954 0.309013
vn 0.011943 0.808904 0.587819
vn 0.011922 0.808918 0.587801
vn 0.004514 0.308927 0.951075
vn -0.004546 -0.308930 0.951074
vn -0.013918 -0.950948 -0.309039
vn 0.013813 0.950984 -0.308932
vn 0.840517 -0.516410 -0.163868
vn 0.999893 -0.014637 -0.000105
vn 0.999892 -0.014722 0.000156
vn 0.855266 0.491640 -0.163737
vn 0.654854 0.755755 0.000036
vn 0.652684 0.609658 0.449801
vn 0.647129 0.227034 0.727791
vn -0.004511 -0.309032 0.951041
vn -0.013960 -0.950961 -0.308995
vn 0.014045 0.950953 0.309016
vn -0.014701 -0.999892 -0.000005
vn -0.011885 -0.808904 0.587821
vn -0.322893 -0.946435 0.000000
vn -0.294945 0.955514 0.000000
vn 0.014709 0.999892 0.000000
vn 0.599546 0.800340 0.000000
vn 0.955467 0.295099 0.000000
vn 0.946447 -0.322859 0.000000
vn 0.014618 0.999893 0.000035
vn 0.011850 0.808962 0.587742
vn 0.004501 0.308944 0.951070
vn 0.640077 -0.245909 0.727894
vn 0.634600 -0.628427 0.449846
vn -0.014692 -0.999892 -0.000002
vn -0.011857 -0.808933 0.587781
vn 0.632432 -0.774616 -0.000003
vn -0.587756 0.001972 0.809036
vn -0.322908 -0.946431 0.000005
vn -0.599501 -0.800374 0.000003
vn -0.575846 0.817558 0.000000
vn 0.999895 -0.014525 0.000001
vn -0.247080 -0.724264 0.643733
vn 0.817468 0.575974 0.000000
vn 0.765195 -0.011138 0.643702
vn 0.625574 0.440766 0.643725
vn 0.999894 -0.014556 0.000000
vn 0.491616 -0.855277 -0.163753
vn -0.014630 -0.999893 -0.000031
vn -0.014671 -0.999892 -0.000158
vn -0.014630 -0.999893 -0.000007
vn -0.295052 0.955481 0.000000
vn 0.322925 0.946424 0.000000
vn 0.817509 0.575915 0.000002
vn 0.612450 -0.458854 0.643706
vn 0.225743 -0.731208 0.643720
vn -0.317748 -0.424225 0.847980
vn 0.000001 0.000002 1.000000
vn -0.309016 0.004522 0.951046
vn 0.308990 -0.004511 0.951055
vn 0.808947 -0.011836 0.587763
vn 0.999893 -0.014609 0.000053
vn 0.800372 -0.599503 0.000000
vn -0.305236 0.433270 0.848002
vn -0.225823 0.731189 0.643713
vn 0.247074 0.724278 0.643720
vn 0.951048 -0.003190 -0.309028
vn 0.951047 -0.003191 -0.309030
vn 0.999994 -0.003353 0.000001
vn 0.999994 -0.003354 -0.000000
vn 0.809735 -0.002713 0.586789
vn 0.808246 -0.002711 0.588839
vn 0.310992 -0.001040 0.950412
vn 0.307010 -0.001029 0.951706
vn -0.306984 0.001031 0.951714
vn -0.311057 0.001050 0.950391
vn -0.587846 0.001981 0.808970
vn 0.295062 -0.955478 0.000000
vn -0.225792 0.731191 0.643722
vn 0.247126 0.724268 0.643712
vn 0.950975 -0.013916 -0.308955
vn 0.950953 -0.013966 -0.309020
vn 0.612496 -0.458778 0.643717
vn 0.225803 -0.731204 0.643704
vn -0.247106 -0.724256 0.643732
vn -0.317750 -0.424221 0.847981
vn 0.000000 0.000000 1.000000
vn -0.305216 0.433330 0.847979
vn 0.765189 -0.011116 0.643710
vn 0.625597 0.440715 0.643738
vn -0.587786 0.008630 0.808970
vn -0.587738 0.008584 0.809006
vn -0.308974 0.004497 0.951060
vn 0.308999 -0.004519 0.951052
vn 0.999893 -0.014622 0.000025
vn 0.808945 -0.011831 0.587765
vn -0.587672 0.004752 0.809085
vn -0.334234 -0.838841 0.429689
vn -0.250358 -0.639254 0.727100
vn 0.222431 -0.647717 0.728688
vn -0.026539 -0.999648 0.000328
vn -0.026379 -0.999652 -0.000115
vn -0.587674 0.008580 0.809052
vn -0.308963 0.004511 0.951063
vn 0.308952 -0.004518 0.951067
vn 0.808922 -0.011835 0.587797
vn 0.999893 -0.014639 -0.000004
vn 0.606739 -0.654307 0.451386
vn 0.999968 -0.008018 0.000012
vn 0.753901 -0.656988 0.000001
vn 0.951025 -0.007637 -0.309020
vn 0.486899 -0.857615 -0.165610
vn -0.026377 -0.999652 -0.000171
vn -0.026381 -0.999652 0.000016
vn 0.997355 -0.056920 0.045199
vn 0.775057 -0.413504 0.477808
vn 0.950947 -0.013926 -0.309039
vn 0.926931 0.096954 -0.362489
vn 0.516400 0.840535 -0.163806
vn 0.014610 0.999893 0.000046
vn 0.014515 0.999895 -0.000247
vn 0.014610 0.999893 -0.000027
vn -0.014653 -0.999893 0.000028
vn -0.312211 0.002522 0.950010
vn 0.305681 -0.002467 0.952131
vn 0.807667 -0.006469 0.589604
vn -0.581539 -0.163081 0.797005
vn -0.298395 -0.174285 0.938395
vn 0.292437 -0.181883 0.938829
vn 0.997675 -0.067517 0.009289
vn 0.278535 -0.920348 0.274551
vn -0.306608 -0.910977 0.275886
vn -0.595790 -0.771197 0.224251
vn -0.564597 0.819806 -0.095647
vn -0.303703 0.935670 -0.179682
vn 0.014617 0.999893 -0.000002
vn -0.299101 0.852462 0.428774
vn 0.998773 -0.029044 0.040112
vn 0.785059 -0.134391 0.604666
vn -0.574593 -0.818440 0.000013
vn -0.550394 0.834905 -0.000026
vn -0.280361 0.959895 -0.000026
vn 0.308178 0.951329 -0.000022
vn -0.323949 -0.843339 0.428762
vn -0.227078 0.647054 0.727844
vn -0.245888 -0.640198 0.727795
vn 0.245859 0.640295 0.727720
vn 0.227035 -0.647099 0.727818
vn 0.628425 0.634604 0.449844
vn 0.755766 -0.654842 0.000006
vn 0.609601 -0.652752 0.449780
vn 0.774612 0.632436 -0.000003
vn 0.424704 0.752673 -0.503100
vn -0.219290 0.901547 -0.372995
vn -0.592571 -0.516051 0.618507
vn -0.302635 -0.601587 0.739260
vn 0.282847 -0.610319 0.739938
vn 0.842731 0.365630 -0.395119
vn 0.772718 -0.611291 0.170971
vn 0.280327 -0.959904 0.000025
vn -0.308190 -0.951325 0.000018
vn 0.802673 0.596419 -0.000008
vn -0.308930 0.004533 0.951074
vn 0.308960 -0.004549 0.951064
vn 0.808912 -0.011912 0.587809
vn 0.999892 -0.014715 0.000001
vn 0.999893 -0.014626 0.000011
vn 0.784868 -0.619663 0.000023
vn 0.832262 0.538359 -0.132323
vn 0.330800 0.926438 -0.179677
vn 0.950954 -0.013995 -0.309015
vn -0.014618 -0.999893 0.000057
vn -0.014619 -0.999893 0.000055
vn -0.014618 -0.999893 -0.000021
vn -0.587658 0.008647 0.809063
vn -0.323847 -0.843337 0.428843
vn -0.245827 -0.640175 0.727836
vn 0.226973 -0.647188 0.727757
vn 0.491592 -0.855297 -0.163722
vn -0.014667 -0.999892 -0.000042
vn -0.014671 -0.999892 -0.000054
vn -0.014667 -0.999892 0.000020
vn 0.516409 0.840515 -0.163878
vn 0.014639 0.999893 -0.000043
vn 0.014723 0.999892 0.000215
vn 0.014639 0.999893 -0.000030
vn 0.014620 0.999893 0.000001
vn -0.299098 0.852436 0.428827
vn -0.227029 0.647142 0.727781
vn 0.227055 -0.647121 0.727791
vn 0.491583 -0.855285 -0.163808
vn -0.014626 -0.999893 -0.000003
vn 0.755723 -0.654891 0.000001
vn 0.609595 -0.652702 0.449860
vn 0.800304 -0.599595 -0.000006
vn 0.294991 -0.955500 -0.000002
vn -0.322869 -0.946444 0.000000
vn -0.599478 -0.800391 0.000026
vn -0.575927 0.817501 -0.000009
vn -0.295092 0.955469 -0.000002
vn 0.322862 0.946446 0.000000
vn -0.014619 -0.999893 0.000002
vn -0.323879 -0.843346 0.428800
vn -0.245841 -0.640170 0.727835
vn 0.245923 0.640105 0.727865
vn 0.628429 0.634593 0.449854
vn 0.755766 -0.654842 0.000002
vn 0.609626 -0.652721 0.449790
vn 0.774603 0.632447 -0.000004
vn -0.808179 0.001568 0.588935
vn -0.951089 0.001851 0.308912
vn -0.322908 -0.946431 0.000005
vn -0.817541 -0.575870 0.000002
vn -0.955509 -0.294963 0.000000
vn -0.575846 0.817558 0.000000
vn 0.999895 -0.014525 0.000001
vn -0.247080 -0.724264 0.643733
vn 0.817468 0.575974 0.000000
vn 0.765195 -0.011138 0.643702
vn 0.625574 0.440766 0.643725
vn 0.999894 -0.014556 0.000000
vn 0.491616 -0.855277 -0.163753
vn -0.014624 -0.999893 -0.000012
vn -0.014624 -0.999893 0.000014
vn -0.295052 0.955481 0.000000
vn 0.322925 0.946424 0.000000
vn 0.817509 0.575915 0.000002
vn 0.612450 -0.458854 0.643706
vn 0.225743 -0.731208 0.643720
vn -0.625632 -0.440692 0.643720
vn -0.506404 -0.156330 0.848007
vn -0.309016 0.004522 0.951046
vn 0.308990 -0.004510 0.951055
vn 0.808947 -0.011837 0.587763
vn 0.999893 -0.014609 0.000053
vn 0.800372 -0.599503 0.000000
vn -0.305236 0.433270 0.848002
vn -0.225823 0.731189 0.643713
vn 0.247074 0.724278 0.643720
vn 0.951052 -0.001845 -0.309024
vn 0.951052 -0.001845 -0.309025
vn 0.999998 -0.001943 -0.000002
vn 0.999998 -0.001943 0.000002
vn 0.809839 -0.001577 0.586650
vn 0.808157 -0.001576 0.588965
vn 0.311248 -0.000611 0.950328
vn 0.306763 -0.000604 0.951786
vn -0.306739 0.000588 0.951794
vn -0.311314 0.000600 0.950307
vn -0.951070 0.001848 0.308971
vn -0.809928 0.001573 0.586528
vn 0.295062 -0.955478 0.000000
vn -0.225792 0.731191 0.643722
vn 0.247126 0.724268 0.643712
vn 0.950975 -0.013916 -0.308955
vn 0.950953 -0.013966 -0.309020
vn 0.612496 -0.458778 0.643717
vn 0.225803 -0.731204 0.643704
vn -0.247106 -0.724256 0.643732
vn -0.625645 -0.440701 0.643701
vn -0.506380 -0.156318 0.848023
vn -0.305216 0.433330 0.847979
vn 0.765189 -0.011116 0.643710
vn 0.625597 0.440715 0.643738
vn -0.950936 0.013835 0.309077
vn -0.950968 0.013913 0.308977
vn -0.808959 0.011838 0.587745
vn -0.808977 0.011855 0.587721
vn -0.308973 0.004497 0.951060
vn 0.308999 -0.004519 0.951052
vn 0.999893 -0.014622 0.000026
vn 0.808945 -0.011831 0.587765
vn -0.950237 0.040955 0.308824
vn -0.806437 0.034726 0.590299
vn -0.303763 0.013105 0.952657
vn 0.313850 -0.013475 0.949377
vn 0.810292 -0.034885 0.584988
vn 0.999072 -0.043071 -0.000018
vn 0.997355 -0.056920 0.045199
vn 0.775057 -0.413504 0.477808
vn 0.950207 -0.040978 -0.308913
vn 0.927758 0.086476 -0.363025
vn 0.516400 0.840535 -0.163806
vn 0.014610 0.999893 0.000046
vn 0.014515 0.999895 -0.000247
vn 0.014610 0.999893 -0.000027
vn -0.516405 -0.840538 0.163772
vn -0.575599 0.350876 -0.738628
vn -0.950006 -0.048204 0.308489
vn -0.790194 -0.102553 0.604216
vn -0.301216 -0.169848 0.938307
vn 0.289476 -0.186062 0.938927
vn 0.997675 -0.067516 0.009294
vn 0.278534 -0.920348 0.274550
vn -0.306608 -0.910977 0.275883
vn -0.790253 -0.587458 0.174336
vn -0.954173 -0.287955 0.081459
vn -0.573957 0.794207 -0.199520
vn -0.295691 0.936144 -0.190268
vn -0.491603 0.855288 0.163738
vn -0.609677 0.652665 0.449803
vn 0.998261 -0.043294 0.039997
vn 0.782714 -0.145736 0.605079
vn -0.802700 -0.596383 0.000002
vn -0.949460 -0.313887 -0.000001
vn -0.550394 0.834905 -0.000028
vn -0.280358 0.959895 -0.000024
vn 0.308178 0.951329 -0.000015
vn -0.628456 -0.634623 0.449774
vn -0.227078 0.647054 0.727844
vn -0.245888 -0.640198 0.727795
vn 0.245859 0.640295 0.727720
vn 0.227035 -0.647099 0.727818
vn 0.628425 0.634604 0.449844
vn 0.755766 -0.654842 0.000006
vn 0.609601 -0.652752 0.449780
vn 0.774612 0.632436 -0.000003
vn 0.424704 0.752673 -0.503100
vn -0.384239 0.780562 -0.493034
vn -0.587753 0.563188 -0.580831
vn -0.953035 -0.195568 0.231251
vn -0.786430 -0.391839 0.477483
vn -0.302635 -0.601587 0.739260
vn 0.282847 -0.610319 0.739938
vn 0.842731 0.365630 -0.395119
vn 0.772717 -0.611291 0.170972
vn 0.280329 -0.959904 0.000022
vn -0.308189 -0.951325 0.000009
vn 0.802674 0.596418 0.000003
vn -0.308930 0.004533 0.951074
vn 0.308960 -0.004549 0.951064
vn 0.808912 -0.011912 0.587809
vn 0.999892 -0.014715 0.000001
vn 0.999893 -0.014625 0.000022
vn 0.784869 -0.619661 0.000028
vn 0.832262 0.538361 -0.132316
vn 0.330799 0.926440 -0.179672
vn 0.950954 -0.013995 -0.309015
vn -0.014618 -0.999893 0.000057
vn -0.014618 -0.999893 -0.000031
vn -0.950956 0.014001 0.309010
vn -0.808899 0.011905 0.587827
vn -0.628462 -0.634547 0.449872
vn -0.245827 -0.640175 0.727836
vn 0.226973 -0.647188 0.727757
vn 0.491592 -0.855297 -0.163722
vn -0.014667 -0.999892 -0.000042
vn -0.014671 -0.999892 -0.000054
vn -0.014667 -0.999892 0.000020
vn 0.516409 0.840515 -0.163878
vn 0.014639 0.999893 -0.000043
vn 0.014723 0.999892 0.000215
vn 0.014639 0.999893 -0.000030
vn -0.491581 0.855300 0.163736
vn -0.609657 0.652675 0.449816
vn -0.227029 0.647142 0.727781
vn 0.227055 -0.647121 0.727791
vn 0.491583 -0.855285 -0.163808
vn -0.516412 -0.840533 0.163775
vn 0.755723 -0.654891 0.000001
vn 0.609595 -0.652702 0.449860
vn 0.800304 -0.599595 -0.000006
vn 0.294991 -0.955500 -0.000002
vn -0.322869 -0.946444 0.000000
vn -0.817551 -0.575856 0.000052
vn -0.955513 -0.294951 0.000030
vn -0.575927 0.817501 -0.000009
vn -0.295092 0.955469 -0.000002
vn 0.322862 0.946446 0.000000
vn -0.516385 -0.840560 0.163725
vn -0.628482 -0.634585 0.449792
vn -0.245841 -0.640170 0.727835
vn 0.245923 0.640105 0.727865
vn 0.628429 0.634593 0.449854
vn 0.755766 -0.654842 0.000002
vn 0.609626 -0.652721 0.449790
vn 0.774603 0.632447 -0.000004
vn 0.950943 -0.013924 -0.309053
vn -0.516405 -0.840538 0.163772
vn -0.950976 0.013837 0.308955
vn -0.808970 0.011745 0.587733
vn -0.628456 -0.634623 0.449774
vn -0.309015 0.004477 0.951047
vn -0.245888 -0.640198 0.727795
vn 0.309024 -0.004524 0.951043
vn 0.227035 -0.647099 0.727818
vn 0.808906 -0.011811 0.587820
vn 0.755766 -0.654842 0.000006
vn 0.609601 -0.652752 0.449780
vn 0.999893 -0.014661 -0.000004
vn 0.491592 -0.855297 -0.163722
vn -0.014667 -0.999892 -0.000042
vn -0.014671 -0.999892 -0.000054
vn -0.014667 -0.999892 0.000020
vn 0.946428 -0.322915 0.000000
vn 0.575867 -0.817544 0.000000
vn -0.014610 -0.999893 0.000005
vn -0.322749 -0.946485 0.000019
vn 0.014560 0.999894 0.000000
vn 0.724259 -0.247088 0.643736
vn -0.295214 0.955431 0.000000
vn 0.011123 0.765194 0.643703
vn -0.156450 0.506360 0.848011
vn 0.014536 0.999894 0.000000
vn -0.295170 0.955445 0.000000
vn 0.458837 0.612461 0.643708
vn 0.731211 0.225754 0.643713
vn 0.440689 -0.625627 0.643726
vn -0.011214 -0.765171 0.643729
vn 0.599499 0.800376 0.000000
vn -0.171115 -0.501622 0.847995
vn -0.000006 -0.000001 1.000000
vn 0.000002 -0.000003 1.000000
vn 0.955473 0.295079 0.000000
vn 0.000007 0.000000 1.000000
vn 0.000012 -0.000002 1.000000
vn 0.458772 0.612494 0.643723
vn 0.731203 0.225819 0.643698
vn 0.724251 -0.247109 0.643737
vn 0.440700 -0.625645 0.643702
vn -0.011163 -0.765162 0.643741
vn -0.171066 -0.501655 0.847985
vn 0.011143 0.765188 0.643711
vn -0.156433 0.506367 0.848010
vn -0.001907 -0.999998 -0.000010
vn -0.001545 -0.809901 0.586564
vn -0.000593 -0.311266 0.950323
vn 0.000586 0.306738 0.951794
vn 0.001544 0.808153 0.588970
vn 0.001911 0.999998 0.000001
vn 0.056922 0.997355 0.045189
vn 0.413498 0.775060 0.477809
vn 0.001818 0.951045 -0.309048
vn -0.070762 0.948773 -0.307933
vn -0.001812 -0.951089 -0.308912
vn -0.088009 -0.947238 -0.308212
vn 0.008199 -0.999130 0.040901
vn 0.119067 -0.787415 0.604814
vn 0.176213 -0.297135 0.938435
vn 0.179958 0.293759 0.938787
vn 0.067523 0.997674 0.009286
vn 0.920354 0.278523 0.274543
vn 0.910976 -0.306616 0.275878
vn 0.587485 -0.790235 0.174328
vn 0.038826 -0.999175 0.011936
vn -0.320627 -0.944216 -0.075190
vn 0.022687 0.998935 0.040176
vn 0.129300 0.786052 0.604486
vn 0.596357 -0.802719 -0.000005
vn -0.014728 -0.999892 -0.000010
vn -0.341682 -0.939816 -0.000014
vn -0.237197 -0.945814 -0.221751
vn 0.030404 -0.998474 0.046100
vn 0.391859 -0.786414 0.477493
vn 0.601593 -0.302616 0.739263
vn 0.610317 0.282840 0.739942
vn -0.209457 0.952342 -0.221748
vn 0.611278 0.772731 0.170956
vn 0.959899 0.280346 -0.000002
vn 0.951323 -0.308194 -0.000006
vn -0.313948 0.949440 0.000016
vn 0.014604 0.999893 0.000015
vn 0.619647 0.784880 0.000008
vn -0.292755 0.953228 -0.075172
vn 0.599581 0.800314 0.000000
vn 0.955502 0.294986 -0.000006
vn 0.946446 -0.322861 -0.000011
vn 0.575850 -0.817555 0.000068
vn -0.014670 -0.999892 0.000022
vn -0.322855 -0.946448 0.000000
vn -0.630463 0.634124 -0.447664
vn -0.638486 0.254287 -0.726412
vn -0.648206 -0.218474 -0.729451
vn -0.656535 -0.603692 -0.452236
vn 0.627439 -0.778665 0.000026
vn -0.659700 -0.751529 0.000012
vn -0.656555 -0.603687 0.452214
vn 0.630488 -0.634180 0.447550
vn -0.648338 -0.218452 0.729340
vn 0.638402 -0.254379 0.726453
vn -0.638686 0.254285 0.726237
vn 0.648557 0.218341 0.729179
vn -0.630414 0.634137 0.447715
vn 0.659659 0.751565 0.000021
vn 0.656690 0.603628 0.452096
vn -0.627462 0.778647 0.000030
vn 0.656647 0.603656 -0.452122
vn 0.648490 0.218339 -0.729238
vn 0.638329 -0.254382 -0.726516
vn 0.630447 -0.634193 -0.447589
vn 0.946428 -0.322915 0.000000
vn 0.575867 -0.817544 0.000000
vn -0.014610 -0.999893 0.000005
vn -0.322749 -0.946485 0.000019
vn 0.014560 0.999894 0.000000
vn 0.724260 -0.247089 0.643735
vn -0.295214 0.955431 0.000000
vn 0.011123 0.765195 0.643703
vn -0.156449 0.506359 0.848012
vn 0.014536 0.999894 0.000000
vn -0.295170 0.955445 0.000000
vn 0.458837 0.612461 0.643708
vn 0.731210 0.225754 0.643714
vn 0.440689 -0.625627 0.643726
vn -0.011214 -0.765171 0.643729
vn 0.599499 0.800376 0.000000
vn -0.171115 -0.501622 0.847995
vn -0.000007 -0.000001 1.000000
vn -0.000001 -0.000003 1.000000
vn 0.955473 0.295079 0.000000
vn 0.000006 -0.000000 1.000000
vn 0.000014 -0.000003 1.000000
vn 0.458771 0.612494 0.643723
vn 0.731204 0.225819 0.643697
vn 0.724252 -0.247109 0.643736
vn 0.440701 -0.625645 0.643702
vn -0.011164 -0.765162 0.643741
vn -0.171067 -0.501655 0.847985
vn 0.011143 0.765188 0.643710
vn -0.156432 0.506366 0.848011
vn -0.002149 -0.999998 -0.000010
vn -0.001741 -0.809884 0.586588
vn -0.000668 -0.311222 0.950337
vn 0.000660 0.306780 0.951780
vn 0.001740 0.808169 0.588948
vn 0.002154 0.999998 0.000000
vn 0.056922 0.997355 0.045189
vn 0.413498 0.775060 0.477809
vn 0.002049 0.951044 -0.309049
vn -0.070662 0.948780 -0.307935
vn -0.002042 -0.951088 -0.308913
vn -0.088108 -0.947230 -0.308209
vn 0.008077 -0.999131 0.040901
vn 0.118970 -0.787432 0.604811
vn 0.176177 -0.297159 0.938434
vn 0.179995 0.293734 0.938788
vn 0.067523 0.997675 0.009286
vn 0.920354 0.278523 0.274543
vn 0.910976 -0.306616 0.275878
vn 0.587485 -0.790235 0.174328
vn 0.038826 -0.999175 0.011936
vn -0.320627 -0.944216 -0.075190
vn 0.022808 0.998932 0.040175
vn 0.129397 0.786033 0.604490
vn 0.596357 -0.802719 -0.000005
vn -0.014728 -0.999892 -0.000010
vn -0.341682 -0.939816 -0.000014
vn -0.237197 -0.945814 -0.221751
vn 0.030404 -0.998474 0.046100
vn 0.391859 -0.786414 0.477493
vn 0.601593 -0.302616 0.739263
vn 0.610317 0.282840 0.739942
vn -0.209457 0.952342 -0.221748
vn 0.611278 0.772731 0.170956
vn 0.959899 0.280346 -0.000002
vn 0.951323 -0.308194 -0.000006
vn -0.313948 0.949440 0.000016
vn 0.014604 0.999893 0.000015
vn 0.619647 0.784880 0.000008
vn -0.292755 0.953228 -0.075172
vn 0.599581 0.800314 0.000000
vn 0.955502 0.294986 -0.000006
vn 0.946446 -0.322861 -0.000011
vn 0.575850 -0.817555 0.000068
vn -0.014670 -0.999892 0.000022
vn -0.322855 -0.946448 0.000000
vn 0.008433 0.950992 -0.309100
vn -0.008355 -0.951035 -0.308970
vn 0.630886 -0.775876 0.000022
vn -0.008790 -0.999961 0.000018
vn -0.007121 -0.810051 0.586316
vn 0.633313 -0.630608 0.448606
vn -0.002738 -0.311748 0.950161
vn 0.639603 -0.249466 0.727100
vn 0.002723 0.306326 0.951923
vn 0.647614 0.223374 0.728492
vn 0.007141 0.807914 0.589258
vn 0.656349 0.754457 0.000013
vn 0.654004 0.607373 0.450972
vn 0.008866 0.999961 -0.000010
vn 0.857168 0.487856 -0.165104
vn 0.999707 -0.024212 0.000045
vn 0.999705 -0.024293 -0.000205
vn 0.838535 -0.520098 -0.162351
vn -0.294966 0.955508 0.000005
vn 0.014623 0.999893 0.000001
vn 0.599514 0.800364 0.000000
vn -0.014554 -0.999894 0.000001
vn 0.000005 -0.000002 1.000000
vn 0.575968 -0.817473 -0.000000
vn -0.011146 -0.765193 0.643704
vn 0.440763 -0.625579 0.643723
vn -0.014567 -0.999894 0.000000
vn -0.011831 -0.808917 -0.587803
vn -0.004512 -0.308973 -0.951060
vn 0.004521 0.308907 -0.951081
vn 0.011863 0.808921 -0.587798
vn 0.955476 0.295070 -0.000001
vn 0.946426 -0.322922 0.000000
vn 0.575907 -0.817516 0.000003
vn -0.171135 -0.501629 0.847986
vn -0.000002 0.000001 1.000000
vn -0.156331 0.506452 0.847978
vn 0.011257 0.765173 0.643726
vn -0.322863 -0.946446 0.000000
vn 0.458807 0.612465 0.643725
vn 0.731189 0.225832 0.643710
vn 0.724277 -0.247073 0.643722
vn 0.731188 0.225808 0.643719
vn 0.724270 -0.247123 0.643710
vn -0.171115 -0.501609 0.848002
vn -0.000003 -0.000001 1.000000
vn 0.000006 -0.000004 1.000000
vn -0.156339 0.506441 0.847983
vn 0.011190 0.765165 0.643737
vn 0.458792 0.612499 0.643705
vn -0.011136 -0.765189 0.643710
vn 0.440713 -0.625602 0.643734
vn 0.008027 0.999968 -0.000006
vn 0.006498 0.809450 0.587153
vn 0.002487 0.310153 0.950683
vn -0.002472 -0.307814 0.951443
vn -0.006495 -0.808538 0.588409
vn -0.008037 -0.999968 0.000002
vn -0.056905 -0.997356 0.045191
vn -0.416284 -0.774018 0.477079
vn -0.007646 -0.951020 -0.309034
vn 0.099383 -0.926722 -0.362367
vn 0.007626 0.951057 -0.308921
vn 0.121592 0.923943 -0.362690
vn -0.005148 0.999149 0.040923
vn -0.116618 0.787839 0.604740
vn -0.175289 0.297737 0.938417
vn -0.180889 -0.293122 0.938807
vn -0.067496 -0.997676 0.009272
vn -0.345324 0.927876 0.140703
vn -0.038779 0.999176 0.011951
vn 0.555145 0.820509 -0.136308
vn 0.936140 0.295698 -0.190273
vn -0.025749 -0.998862 0.040142
vn -0.131748 -0.785584 0.604567
vn -0.313913 0.949452 0.000017
vn 0.014700 0.999892 -0.000002
vn 0.619690 0.784846 -0.000034
vn 0.959889 0.280380 -0.000053
vn 0.951328 -0.308181 -0.000063
vn 0.752684 -0.424707 -0.503081
vn 0.780574 0.384232 -0.493021
vn 0.390021 0.834969 -0.388214
vn -0.030414 0.998474 0.046104
vn -0.391837 0.786429 0.477487
vn -0.455704 0.376437 0.806616
vn -0.468342 -0.361695 0.806122
vn 0.365656 -0.842722 -0.395114
vn -0.375268 -0.916386 0.139322
vn 0.596396 -0.802690 -0.000041
vn 0.004531 0.308941 0.951070
vn -0.004548 -0.308963 0.951063
vn -0.011845 -0.808899 0.587829
vn -0.014694 -0.999892 -0.000020
vn -0.014597 -0.999893 0.000001
vn -0.341517 -0.939875 0.000015
vn 0.538360 -0.832261 -0.132330
vn 0.926437 -0.330799 -0.179682
vn -0.011839 -0.808956 -0.587749
vn -0.004534 -0.309015 -0.951046
vn -0.004548 -0.308966 -0.951062
vn 0.004519 0.309015 -0.951046
vn 0.004539 0.309004 -0.951050
vn 0.011928 0.808932 -0.587782
vn 0.011948 0.808944 -0.587765
vn 0.014775 0.999891 0.000001
vn 0.011943 0.808905 0.587818
vn 0.011920 0.808918 0.587801
vn 0.004513 0.308928 0.951075
vn -0.004536 -0.308923 0.951076
vn -0.011862 -0.808910 -0.587813
vn -0.004516 -0.308954 -0.951066
vn 0.004502 0.308951 -0.951067
vn 0.011868 0.808905 -0.587820
vn 0.014625 0.999893 0.000027
vn 0.011848 0.808951 0.587757
vn 0.004516 0.308978 0.951058
vn -0.004516 -0.309031 0.951041
vn -0.011833 -0.808967 -0.587735
vn 0.014773 0.999891 -0.000000
vn -0.014690 -0.999892 -0.000019
vn -0.011852 -0.808909 0.587815
vn -0.322891 -0.946436 0.000000
vn -0.294943 0.955515 0.000008
vn 0.014710 0.999892 0.000002
vn 0.599548 0.800339 0.000000
vn 0.955467 0.295098 -0.000002
vn 0.946446 -0.322861 -0.000000
vn 0.014617 0.999893 0.000039
vn 0.011849 0.808960 0.587744
vn 0.004500 0.308940 0.951071
vn -0.004505 -0.308995 0.951053
vn -0.011830 -0.808922 0.587797
vn -0.014705 -0.999892 -0.000004
vn -0.011866 -0.808931 0.587784
vn -0.014706 -0.999892 -0.000005
vn 0.946428 -0.322916 0.000001
vn 0.575872 -0.817540 0.000009
vn -0.014627 -0.999893 0.000008
vn -0.599511 -0.800367 0.000005
vn 0.014561 0.999894 -0.000005
vn 0.724266 -0.247080 0.643731
vn -0.575962 0.817477 -0.000001
vn 0.011133 0.765197 0.643700
vn -0.463852 0.658363 0.592789
vn 0.014546 0.999894 -0.000008
vn -0.817526 -0.575891 0.000002
vn -0.800292 0.599610 -0.000004
vn -0.575902 0.817519 -0.000001
vn 0.458862 0.612438 0.643712
vn 0.731206 0.225738 0.643724
vn 0.440699 -0.625647 0.643700
vn -0.011251 -0.765176 0.643723
vn 0.599502 0.800373 -0.000005
vn -0.507072 -0.676885 0.533576
vn -0.801628 -0.564745 0.196099
vn -0.424199 0.317746 0.847993
vn 0.955477 0.295067 -0.000001
vn -0.433284 -0.305223 0.848000
vn -0.424161 0.317801 0.847992
vn 0.458775 0.612493 0.643722
vn 0.731209 0.225808 0.643695
vn 0.724250 -0.247108 0.643739
vn 0.440701 -0.625641 0.643705
vn -0.011192 -0.765164 0.643738
vn -0.458787 -0.612497 0.643709
vn 0.011142 0.765191 0.643708
vn -0.440709 0.625607 0.643733
vn -0.004800 -0.999988 -0.000004
vn -0.003888 -0.809692 0.586843
vn -0.001490 -0.310734 0.950496
vn 0.001475 0.307253 0.951627
vn 0.003884 0.808337 0.588707
vn 0.004807 0.999988 0.000004
vn 0.056905 0.997356 0.045198
vn 0.413509 0.775049 0.477817
vn 0.004573 0.951041 -0.309030
vn -0.100576 0.926622 -0.362292
vn -0.004561 -0.951080 -0.308910
vn -0.120406 -0.924073 -0.362756
vn 0.006761 -0.999140 0.040903
vn 0.117915 -0.787610 0.604787
vn 0.175779 -0.297411 0.938429
vn 0.180401 0.293458 0.938796
vn 0.067489 0.997677 0.009268
vn 0.920350 0.278521 0.274557
vn 0.910986 -0.306576 0.275890
vn 0.587469 -0.790242 0.174352
vn 0.038790 -0.999176 0.011952
vn -0.555143 -0.820510 -0.136309
vn -0.812774 -0.557628 -0.168668
vn 0.024138 0.998902 0.040160
vn 0.130457 0.785841 0.604512
vn 0.596409 -0.802680 0.000023
vn -0.014689 -0.999892 -0.000002
vn -0.619690 -0.784846 -0.000030
vn -0.834906 -0.550393 -0.000039
vn -0.818423 0.574616 -0.000056
vn -0.600745 0.604074 -0.523641
vn -0.646414 -0.564435 -0.513383
vn -0.390028 -0.834962 -0.388223
vn 0.030408 -0.998474 0.046100
vn 0.391843 -0.786424 0.477490
vn 0.601584 -0.302640 0.739260
vn 0.610322 0.282843 0.739937
vn -0.365657 0.842723 -0.395112
vn 0.611298 0.772710 0.170979
vn 0.959913 0.280297 0.000042
vn 0.951322 -0.308200 0.000037
vn -0.596391 0.802694 -0.000040
vn 0.014582 0.999894 -0.000002
vn 0.619646 0.784881 0.000021
vn -0.538369 0.832253 -0.132339
vn -0.790988 0.593546 -0.148459
vn 0.599606 0.800295 0.000010
vn 0.955501 0.294988 0.000004
vn 0.946442 -0.322874 -0.000000
vn 0.575865 -0.817545 0.000007
vn -0.014702 -0.999892 -0.000006
vn -0.599550 -0.800337 0.000004
vn -0.817502 -0.575926 -0.000000
vn -0.800361 0.599518 -0.000006
vn -0.587744 0.000437 0.809047
vn -0.322897 -0.946434 0.000000
vn -0.599501 -0.800374 0.000000
vn -0.575882 0.817533 0.000000
vn 0.999894 -0.014544 0.000000
vn -0.247090 -0.724260 0.643735
vn 0.817476 0.575962 0.000000
vn 0.765194 -0.011156 0.643703
vn 0.625584 0.440756 0.643723
vn 0.999894 -0.014579 0.000000
vn 0.494526 -0.853420 -0.164679
vn -0.014615 -0.999893 -0.000070
vn -0.014629 -0.999893 -0.000114
vn -0.014615 -0.999893 0.000010
vn -0.295073 0.955475 0.000000
vn 0.322931 0.946423 0.000000
vn 0.817514 0.575908 0.000000
vn 0.612444 -0.458859 0.643709
vn 0.225731 -0.731213 0.643718
vn -0.317741 -0.424231 0.847979
vn 0.000003 0.000001 1.000000
vn 0.800353 -0.599529 0.000000
vn -0.305220 0.433283 0.848002
vn -0.225809 0.731193 0.643714
vn 0.247071 0.724273 0.643728
vn 0.951057 -0.000709 -0.309014
vn 0.951059 -0.000709 -0.309009
vn 1.000000 -0.000745 -0.000002
vn 1.000000 -0.000745 0.000002
vn 0.809930 -0.000604 0.586526
vn 0.808078 -0.000603 0.589075
vn 0.311464 -0.000233 0.950258
vn 0.306543 -0.000230 0.951857
vn -0.306522 0.000227 0.951863
vn -0.311515 0.000232 0.950241
vn -0.587834 0.000439 0.808981
vn 0.295055 -0.955480 0.000000
vn -0.225808 0.731188 0.643720
vn 0.247130 0.724269 0.643709
vn 0.612482 -0.458799 0.643715
vn 0.225798 -0.731201 0.643708
vn -0.247098 -0.724265 0.643726
vn -0.317746 -0.424214 0.847986
vn 0.000001 0.000002 1.000000
vn -0.305232 0.433316 0.847981
vn 0.765190 -0.011131 0.643708
vn 0.625601 0.440714 0.643734
vn -0.587691 0.008590 0.809040
vn -0.308967 0.004516 0.951062
vn 0.308975 -0.004522 0.951059
vn 0.808936 -0.011839 0.587777
vn 0.999893 -0.014633 -0.000000
vn 0.997356 -0.056911 0.045192
vn 0.775048 -0.413506 0.477821
vn 0.950948 -0.013917 -0.309037
vn 0.926919 0.096950 -0.362521
vn 0.516398 0.840531 -0.163834
vn 0.014598 0.999893 -0.000009
vn 0.014478 0.999895 -0.000379
vn 0.014598 0.999893 -0.000076
vn -0.575570 0.350875 -0.738651
vn -0.581507 -0.163085 0.797027
vn -0.298382 -0.174284 0.938399
vn 0.292439 -0.181884 0.938828
vn 0.997673 -0.067549 0.009291
vn 0.278522 -0.920352 0.274551
vn -0.306583 -0.910987 0.275879
vn -0.595715 -0.771261 0.224234
vn -0.573976 0.794186 -0.199549
vn -0.295699 0.936143 -0.190258
vn 0.014616 0.999893 -0.000000
vn -0.299085 0.852459 0.428791
vn 0.998773 -0.029042 0.040116
vn 0.785052 -0.134388 0.604676
vn -0.574632 -0.818412 0.000016
vn -0.550352 0.834933 -0.000021
vn -0.280358 0.959895 -0.000025
vn 0.308144 0.951340 -0.000024
vn -0.587756 0.008566 0.808993
vn -0.227071 0.647023 0.727874
vn -0.308993 0.004503 0.951054
vn 0.245846 0.640285 0.727733
vn 0.309023 -0.004514 0.951044
vn 0.628406 0.634623 0.449844
vn 0.999892 -0.014689 -0.000031
vn 0.808930 -0.011823 0.587786
vn 0.774620 0.632427 -0.000011
vn 0.424717 0.752674 -0.503088
vn -0.384217 0.780588 -0.493010
vn -0.587731 0.563175 -0.580867
vn -0.592627 -0.516002 0.618494
vn -0.302646 -0.601594 0.739250
vn 0.282851 -0.610316 0.739939
vn 0.842716 0.365679 -0.395106
vn 0.772729 -0.611279 0.170964
vn 0.280311 -0.959909 0.000024
vn -0.308200 -0.951322 0.000018
vn 0.802680 0.596410 -0.000008
vn 0.999893 -0.014595 0.000009
vn 0.784875 -0.619653 0.000024
vn 0.832277 0.538339 -0.132308
vn 0.330774 0.926448 -0.179674
vn 0.950945 -0.013922 -0.309047
vn 0.513559 0.842450 -0.162898
vn 0.014623 0.999893 -0.000022
vn 0.014697 0.999892 0.000205
vn 0.014623 0.999893 -0.000020
vn 0.014614 0.999893 -0.000005
vn -0.298764 0.852798 0.428341
vn -0.228729 0.645977 0.728283
vn 0.228764 -0.645939 0.728306
vn 0.800294 -0.599608 0.000000
vn 0.294974 -0.955505 0.000000
vn -0.322889 -0.946437 0.000000
vn -0.599477 -0.800392 0.000000
vn -0.575895 0.817524 0.000000
vn -0.295073 0.955475 0.000000
vn 0.322862 0.946446 0.000000
vn -0.014613 -0.999893 0.000005
vn -0.324191 -0.843004 0.429238
vn -0.244185 -0.641361 0.727344
vn 0.244268 0.641288 0.727380
vn 0.625875 0.637677 0.449053
vn 0.758975 -0.651119 0.000007
vn 0.612269 -0.649718 0.450548
vn 0.771482 0.636251 0.000036
vn 0.000000 0.000000 1.000000
vn 0.000000 0.000000 1.000000
vn 0.000000 0.000000 1.000000
vn 0.000000 0.000000 1.000000
vn 0.000000 0.000000 1.000000
vn 0.000000 0.000000 1.000000
vn 0.000000 0.000000 1.000000
vn 0.000000 0.000000 1.000000
vn 0.001462 0.000000 0.999999
vn 0.001462 -0.000000 0.999999
vn 0.002924 -0.000010 0.999996
vn 0.002924 -0.000010 0.999996
vn 0.001465 0.000000 0.999999
vn 0.001459 0.000000 0.999999
vn 0.002925 0.000000 0.999996
vn 0.002924 0.000000 0.999996
vn -0.000004 -0.000006 1.000000
vn 0.000053 -0.000008 1.000000
vn 0.000000 -0.000000 1.000000
vn 0.000000 -0.000000 1.000000
vn 0.000070 0.000022 1.000000
vn -0.000066 -0.000004 1.000000
vn -0.000017 -0.000101 1.000000
vn 0.000023 0.000045 1.000000
vn 0.000001 -0.000077 1.000000
vn 0.000009 0.000067 1.000000
vn 0.000031 0.000034 1.000000
vn -0.000085 -0.000059 1.000000
vn -0.000095 -0.000027 1.000000
vn -0.000043 -0.000156 1.000000
vn -0.000001 -0.000184 1.000000
vn -0.000116 -0.000099 1.000000
vn 0.000000 -0.000012 1.000000
vn 0.000000 -0.000000 1.000000
vn 0.000096 -0.000011 1.000000
vn 0.000162 0.000009 1.000000
vn 0.000041 0.000127 1.000000
vn 0.000021 0.000195 1.000000
vn 0.000104 0.000071 1.000000
vn 0.000002 -0.000000 1.000000
vn -0.000004 -0.000005 1.000000
vn 0.000053 -0.000007 1.000000
vn -0.000000 0.000000 1.000000
vn -0.000000 0.000000 1.000000
vn 0.000070 0.000022 1.000000
vn -0.000066 -0.000012 1.000000
vn -0.000023 -0.000100 1.000000
vn 0.000017 0.000043 1.000000
vn 0.000001 -0.000070 1.000000
vn 0.000004 -0.000001 1.000000
vn 0.000026 0.000027 1.000000
vn -0.000092 -0.000064 1.000000
vn -0.000086 -0.000040 1.000000
vn -0.000049 -0.000153 1.000000
vn 0.000001 -0.000180 1.000000
vn -0.000112 -0.000113 1.000000
vn 0.000000 -0.000012 1.000000
vn 0.000000 0.000000 1.000000
vn 0.000095 -0.000010 1.000000
vn 0.000162 0.000009 1.000000
vn 0.000026 0.000141 1.000000
vn 0.000007 0.000033 1.000000
vn 0.000104 0.000071 1.000000
vn 0.000001 0.000000 1.000000
vn -0.000002 0.000001 1.000000
vn -0.000003 -0.000034 1.000000
vn -0.000001 -0.000004 1.000000
vn -0.000001 -0.000001 1.000000
vn -0.000002 0.000001 1.000000
vn -0.000001 -0.000003 1.000000
vn -0.000004 -0.000070 1.000000
vn -0.000001 -0.000010 1.000000
vn 0.000000 0.000000 1.000000
vn 0.000000 0.000000 1.000000
vn 0.000000 0.000000 1.000000
vn 0.000000 0.000000 1.000000
vn 0.000000 0.000000 1.000000
vn 0.000000 0.000000 1.000000
vn 0.000000 0.000000 1.000000
vn 0.000000 0.000000 1.000000
vn -0.000002 0.000001 1.000000
vn -0.000002 -0.000019 1.000000
vn -0.000002 0.000002 1.000000
vn -0.000002 -0.000068 1.000000
vn -0.000002 0.000000 1.000000
vn -0.000002 0.000000 1.000000
vn -0.000005 -0.003033 0.999995
vn 0.000059 -0.003029 0.999995
vn 0.000000 -0.003008 0.999996
vn 0.000000 -0.003008 0.999995
vn 0.000066 0.000022 1.000000
vn -0.000058 -0.000011 1.000000
vn -0.000021 -0.000104 1.000000
vn 0.000016 0.000032 1.000000
vn -0.000003 -0.000100 1.000000
vn 0.000005 -0.000002 1.000000
vn 0.000027 0.000033 1.000000
vn -0.000078 -0.000061 1.000000
vn -0.000088 -0.000027 1.000000
vn -0.000042 -0.000167 1.000000
vn -0.000005 -0.000186 1.000000
vn -0.000105 -0.000096 1.000000
vn 0.000000 -0.003006 0.999996
vn 0.000000 -0.003008 0.999995
vn 0.000116 -0.002972 0.999996
vn 0.000126 0.000049 1.000000
vn 0.000046 0.000133 1.000000
vn -0.000003 0.000039 1.000000
vn 0.000001 -0.003008 0.999995
vn -0.000006 -0.000098 1.000000
vn -0.000006 0.000001 1.000000
vn -0.000006 -0.000187 1.000000
vn -0.000006 0.000010 1.000000
vn 1.000000 0.000000 0.000000
vn 1.000000 0.000000 -0.000000
vn 1.000000 0.000001 0.000000
vn 1.000000 0.000001 0.000000
vn 1.000000 0.000000 0.000000
vn 1.000000 0.000000 0.000000
vn 1.000000 0.000000 0.000000
vn 1.000000 0.000000 0.000000
vn 0.707109 -0.000003 0.707105
vn 0.707105 0.000000 0.707108
vn 1.000000 0.000000 0.000000
vn 1.000000 0.000000 0.000000
vn 1.000000 0.000000 0.000000
vn 1.000000 0.000000 0.000000
vn 0.696119 0.000012 0.717926
vn 1.000000 0.000000 0.000000
vn 1.000000 0.000000 0.000000
vn 1.000000 0.000001 0.000000
vn 1.000000 0.000000 -0.000000
vn 1.000000 0.000000 0.000000
vn 1.000000 0.000000 0.000000
vn 0.760382 0.000001 0.649476
vn 1.000000 0.000001 -0.000000
vn -0.000003 -0.000098 1.000000
vn -0.000004 0.000001 1.000000
vn 0.000000 -0.000166 1.000000
vn -0.000005 0.000010 1.000000
vn 0.707106 -0.707107 -0.000002
vn 0.707109 -0.707104 0.000003
vn 1.000000 0.000000 0.000000
vn 1.000000 0.000000 0.000000
vn 0.707081 -0.707132 0.000000
vn 1.000000 0.000000 0.000000
vn 0.707263 -0.706951 0.000011
vn 1.000000 0.000000 0.000000
vn 0.000000 -1.000000 -0.000003
vn -0.000000 -1.000000 0.000004
vn 0.000000 -1.000000 0.000000
vn -0.000000 -1.000000 0.000015
vn 0.000000 -1.000000 -0.000003
vn 0.000000 -1.000000 0.000004
vn 0.000000 -1.000000 0.000000
vn 0.000000 -1.000000 0.000015
vn -0.000001 0.000001 1.000000
vn -0.000001 -0.000044 1.000000
vn 0.000000 -0.000005 1.000000
vn 0.000000 -0.000001 1.000000
vn 0.000000 -0.000001 1.000000
vn 0.000000 -0.000004 1.000000
vn -0.000000 -0.000087 1.000000
vn 0.000000 -0.000012 1.000000
vn -0.000002 0.000001 1.000000
vn -0.000002 -0.000020 1.000000
vn -0.000002 0.000002 1.000000
vn -0.000002 -0.000090 1.000000
vn -0.000001 0.000001 1.000000
vn -0.000002 0.000001 1.000000
vn 0.000000 -0.000005 1.000000
vn 0.000000 -0.000001 1.000000
vn 0.000000 -0.000004 1.000000
vn 0.000000 -0.000011 1.000000
vn -0.000001 0.000001 1.000000
vn -0.000001 -0.000044 1.000000
vn 0.000001 -0.000005 1.000000
vn 0.000001 -0.000001 1.000000
vn 0.000000 -0.000001 1.000000
vn 0.000001 -0.000004 1.000000
vn -0.000000 -0.000087 1.000000
vn 0.000001 -0.000012 1.000000
vn -0.000002 0.000001 1.000000
vn -0.000002 -0.000020 1.000000
vn -0.000002 0.000002 1.000000
vn -0.000002 -0.000090 1.000000
vn -0.000001 0.000001 1.000000
vn -0.000002 0.000001 1.000000
vn 0.000000 -0.000005 1.000000
vn 0.000000 -0.000001 1.000000
vn 0.000000 -0.000004 1.000000
vn 0.000000 -0.000011 1.000000
vn 0.000000 0.000037 1.000000
vn 0.000000 0.000037 1.000000
vn 0.000000 0.000037 1.000000
vn 0.000000 0.000037 1.000000
vn -0.000003 -0.003568 0.999994
vn 0.000659 -0.003054 0.999995
vn 0.000004 -0.003560 0.999994
vn 0.000004 -0.003565 0.999994
vn 0.000052 0.000016 1.000000
vn -0.000049 -0.000009 1.000000
vn -0.000020 -0.000082 1.000000
vn 0.000002 0.000016 1.000000
vn 0.000000 -0.000087 1.000000
vn -0.000004 -0.000010 1.000000
vn 0.000023 0.000021 1.000000
vn -0.000067 -0.000047 1.000000
vn -0.000064 -0.000030 1.000000
vn -0.000037 -0.000114 1.000000
vn 0.000000 -0.000135 1.000000
vn -0.000086 -0.000084 1.000000
vn 0.000000 -0.003631 0.999993
vn 0.000000 -0.003563 0.999994
vn 0.002387 -0.004685 0.999986
vn 0.000121 0.000006 1.000000
vn 0.000008 0.000084 1.000000
vn -0.000014 0.000027 1.000000
vn 0.000083 0.000048 1.000000
vn 0.000013 -0.003562 0.999994
vn -0.000003 -0.003568 0.999994
vn 0.000659 -0.003054 0.999995
vn 0.000004 -0.003560 0.999994
vn 0.000004 -0.003565 0.999994
vn 0.000052 0.000016 1.000000
vn -0.000049 -0.000009 1.000000
vn -0.000020 -0.000082 1.000000
vn 0.000002 0.000016 1.000000
vn 0.000000 -0.000087 1.000000
vn -0.000004 -0.000010 1.000000
vn 0.000023 0.000021 1.000000
vn -0.000067 -0.000047 1.000000
vn -0.000064 -0.000030 1.000000
vn -0.000037 -0.000114 1.000000
vn 0.000000 -0.000135 1.000000
vn -0.000086 -0.000084 1.000000
vn 0.000000 -0.003631 0.999993
vn 0.000000 -0.003563 0.999994
vn 0.002387 -0.004685 0.999986
vn 0.000121 0.000006 1.000000
vn 0.000008 0.000084 1.000000
vn -0.000014 0.000027 1.000000
vn 0.000083 0.000048 1.000000
vn 0.000013 -0.003562 0.999994
vn -0.000000 0.000002 1.000000
vn -0.000000 0.000002 1.000000
vn 0.000000 0.000002 1.000000
vn 0.000000 0.000002 1.000000
vn -0.000000 0.000002 1.000000
vn -0.000000 0.000002 1.000000
vn 0.000000 0.000002 1.000000
vn 0.000000 0.000002 1.000000
vn 0.000000 -0.000005 1.000000
vn 0.000000 -0.000001 1.000000
vn 0.000000 -0.000004 1.000000
vn 0.000000 -0.000011 1.000000
vn 0.000000 -0.000005 1.000000
vn 0.000000 -0.000001 1.000000
vn 0.000000 -0.000004 1.000000
vn 0.000000 -0.000011 1.000000
vn 0.000000 -0.000005 1.000000
vn 0.000000 -0.000001 1.000000
vn 0.000000 -0.000004 1.000000
vn 0.000000 -0.000011 1.000000
vn 0.000000 -0.000005 1.000000
vn 0.000000 -0.000001 1.000000
vn 0.000000 -0.000004 1.000000
vn 0.000000 -0.000011 1.000000
vn 0.000000 -0.000005 1.000000
vn 0.000000 -0.000001 1.000000
vn 0.000000 -0.000004 1.000000
vn 0.000000 -0.000011 1.000000
vn 0.000000 -0.000005 1.000000
vn 0.000000 -0.000001 1.000000
vn 0.000000 -0.000004 1.000000
vn 0.000000 -0.000011 1.000000
vn 0.000000 -0.000005 1.000000
vn 0.000000 -0.000001 1.000000
vn 0.000000 -0.000004 1.000000
vn 0.000000 -0.000011 1.000000
vn 0.000000 -0.000005 1.000000
vn 0.000000 -0.000001 1.000000
vn 0.000000 -0.000004 1.000000
vn 0.000000 -0.000011 1.000000
vn 0.000000 0.000000 1.000000
vn 0.000000 0.000000 1.000000
vn 0.000000 0.000000 1.000000
vn 0.000000 0.000000 1.000000
vn 0.000000 0.000000 1.000000
vn 0.000000 0.000000 1.000000
vn 0.000000 0.000000 1.000000
vn 0.000000 0.000000 1.000000
vn 0.000000 0.000000 1.000000
vn 0.000000 0.000000 1.000000
vn 0.000000 0.000000 1.000000
vn 0.000000 0.000000 1.000000
vn 0.000000 0.000000 1.000000
vn 0.000000 0.000000 1.000000
vn 0.000000 0.000000 1.000000
vn 0.000000 0.000000 1.000000
vn 0.000000 0.000000 1.000000
vn 0.000000 0.000000 1.000000
vn 0.000000 0.000000 1.000000
vn 0.000000 0.000000 1.000000
vn 0.000000 0.000000 1.000000
vn 0.000000 0.000000 1.000000
vn 0.000000 0.000000 1.000000
vn 0.000000 0.000018 1.000000
vn -0.000000 0.000018 1.000000
vn -0.000000 0.000001 1.000000
vn -0.000000 0.000001 1.000000
vn 0.000000 0.000018 1.000000
vn 0.000000 0.000001 1.000000
vn 0.000000 0.000018 1.000000
vn 0.000000 0.000001 1.000000
vn 0.000000 0.000035 1.000000
vn 0.000000 0.000035 1.000000
vn 0.000000 0.000035 1.000000
vn 0.000000 0.000035 1.000000
vn 0.000000 -0.000004 1.000000
vn 0.000000 -0.000001 1.000000
vn 0.000000 -0.000003 1.000000
vn 0.000000 -0.000009 1.000000
vn 0.000000 -0.000004 1.000000
vn 0.000000 -0.000001 1.000000
vn 0.000000 -0.000003 1.000000
vn 0.000000 -0.000009 1.000000
vn 0.000000 -0.000004 1.000000
vn 0.000000 -0.000001 1.000000
vn 0.000000 -0.000003 1.000000
vn 0.000000 -0.000009 1.000000
vn 0.000000 -0.000004 1.000000
vn 0.000000 -0.000001 1.000000
vn 0.000000 -0.000003 1.000000
vn 0.000000 -0.000009 1.000000
vn 0.000000 -0.000004 1.000000
vn 0.000000 -0.000001 1.000000
vn 0.000000 -0.000003 1.000000
vn 0.000000 -0.000009 1.000000
vn 0.000000 -0.000004 1.000000
vn 0.000000 -0.000001 1.000000
vn 0.000000 -0.000003 1.000000
vn 0.000000 -0.000009 1.000000
vn -0.000000 -0.000004 1.000000
vn -0.000000 -0.000001 1.000000
vn -0.000000 -0.000003 1.000000
vn -0.000000 -0.000009 1.000000
vn -0.000000 -0.000004 1.000000
vn -0.000000 -0.000001 1.000000
vn -0.000000 -0.000003 1.000000
vn -0.000000 -0.000009 1.000000
vn 0.000000 -0.000004 1.000000
vn 0.000000 -0.000001 1.000000
vn 0.000000 -0.000003 1.000000
vn 0.000000 -0.000009 1.000000
vn -0.001315 -0.999999 0.000007
vn -0.001063 -0.808997 0.587812
vn -0.000406 -0.308998 0.951063
vn 0.000406 0.309054 0.951044
vn 0.001065 0.809064 0.587720
vn 0.001319 0.999999 -0.000007
vn 0.001260 0.951078 -0.308949
vn -0.001256 -0.951050 -0.309035
vn 0.001637 0.951097 -0.308889
vn 0.001675 0.999999 0.000065
vn 0.001330 0.809047 0.587742
vn 0.000499 0.309079 0.951036
vn -0.000506 -0.308970 0.951072
vn -0.001327 -0.809004 0.587801
vn -0.001665 -0.999999 -0.000066
vn -0.001643 -0.951018 -0.309131
vn 0.157174 -0.001398 0.987570
vn -0.452949 -0.001127 0.891536
vn -0.706035 -0.001971 0.708174
vn 0.951048 -0.000548 -0.309042
vn 1.000000 -0.000578 -0.000016
vn 0.924714 -0.001681 0.380658
vn 0.708091 -0.000829 0.706121
vn -0.694802 -0.002892 0.719195
vn -0.436699 -0.001986 0.899605
vn 0.167378 -0.003799 0.985885
vn 0.686183 -0.000370 0.727429
vn 0.915127 -0.000253 0.403166
vn 1.000000 -0.000525 -0.000000
vn 0.951053 -0.000490 -0.309029
vn -0.998713 -0.036299 -0.035413
vn -0.556894 -0.034566 0.829864
vn -0.365858 -0.417449 0.831796
vn 0.245900 -0.024921 0.968975
vn -0.248560 -0.031820 0.968094
vn -0.000536 0.229050 0.973414
vn -0.212086 0.097107 -0.972414
vn -0.157930 0.200190 -0.966945
vn 0.000759 0.272173 -0.962248
vn 1.000000 -0.000196 -0.000080
vn 0.692094 0.721526 0.020132
vn -0.697181 0.716504 0.023676
vn 0.001754 -0.569692 0.821856
vn 0.000967 0.442177 0.896927
vn -0.331291 0.295566 0.896040
vn 0.318867 0.311449 0.895167
vn -0.317771 -0.347439 0.882217
vn 0.001008 -0.489641 0.871924
vn -0.459074 -0.031459 0.887841
vn 0.460604 -0.029083 0.887129
vn 0.315345 -0.359945 0.878065
vn -0.002160 -0.283461 0.958981
vn -0.001870 0.812151 0.583444
vn 0.563674 0.592027 0.576000
vn 0.828166 0.012446 0.560345
vn 0.591869 -0.624153 0.510024
vn 0.225763 0.026755 -0.973815
vn 0.133854 -0.122221 -0.983435
vn 0.000514 -0.131302 -0.991342
vn -0.127434 -0.135250 -0.982582
vn 0.156120 0.197515 -0.967788
vn 0.364768 -0.416891 0.832554
vn 0.541532 -0.034107 0.839988
vn 0.376424 0.367685 0.850360
vn 0.001686 0.503623 0.863922
vn 0.002471 0.998985 0.044966
vn -0.385245 0.362669 0.848562
vn -0.689420 -0.724145 -0.017714
vn -0.839204 0.002334 0.543812
vn -0.562005 0.598147 0.571289
vn -0.002079 -0.877968 0.478715
vn -0.594843 -0.625290 0.505148
vn 0.691991 -0.721618 -0.020416
vn 0.002468 -0.998933 -0.046112
vn 0.808992 -0.587460 -0.020575
vn 0.618978 -0.471897 0.627838
vn 0.236140 -0.750841 0.616827
vn -0.236460 -0.750380 0.617265
vn -0.765181 -0.022597 0.643418
vn -0.619213 0.426931 0.659018
vn -0.236638 0.705312 0.668235
vn 0.236354 0.705787 0.667834
vn 1.000000 -0.000048 -0.000055
vn 0.619029 0.426860 0.659237
vn -0.808974 -0.587487 -0.020479
vn -0.619033 -0.472033 0.627681
vn -1.000000 -0.000016 0.000104
vn -0.809157 0.587231 0.020578
vn -0.309090 0.950453 0.033210
vn 0.309480 0.950325 0.033238
vn 0.809149 0.587246 0.020483
vn 0.765401 -0.022474 0.643161
vn 0.002475 -0.999835 -0.018005
vn -0.693992 0.719867 0.012913
vn 0.689521 -0.724150 -0.012977
vn 0.002175 0.999837 0.017946
vn 0.999975 -0.007091 -0.000079
vn 0.690897 0.722836 0.013027
vn -0.999976 -0.006936 -0.000150
vn -0.692427 -0.721371 -0.013028
vn 0.309080 -0.950455 -0.033231
vn -0.308714 -0.950574 -0.033238
vn 0.002343 -0.945436 0.325800
vn -0.653196 0.663961 0.363994
vn 0.647464 -0.685575 0.332832
vn 0.002254 0.931902 0.362704
vn 0.936975 -0.013742 0.349125
vn 0.648863 0.670247 0.360203
vn -0.933461 -0.010156 0.358534
vn -0.650353 -0.682595 0.333324
vn -0.405426 -0.028648 0.913679
vn 0.004360 0.405571 0.914053
vn 0.407653 -0.026716 0.912746
vn -0.277986 -0.323614 0.904432
vn 0.286541 0.271145 0.918899
vn -0.280234 0.268664 0.921569
vn -0.002496 -0.447100 0.894481
vn 0.274219 -0.321896 0.906194
vn -0.998713 -0.036300 -0.035415
vn -0.556890 -0.034565 0.829866
vn -0.365860 -0.417447 0.831796
vn 0.245901 -0.024920 0.968975
vn -0.248560 -0.031819 0.968094
vn -0.000536 0.229049 0.973415
vn -0.212077 0.097108 -0.972416
vn -0.157930 0.200189 -0.966945
vn 0.000761 0.272175 -0.962247
vn 1.000000 -0.000200 -0.000081
vn 0.692093 0.721527 0.020129
vn -0.697181 0.716504 0.023673
vn 0.001753 -0.569693 0.821856
vn 0.000968 0.442180 0.896926
vn -0.331286 0.295564 0.896042
vn 0.318873 0.311451 0.895164
vn -0.317767 -0.347436 0.882220
vn 0.001011 -0.489646 0.871921
vn -0.459074 -0.031463 0.887841
vn 0.460609 -0.029084 0.887126
vn 0.315351 -0.359948 0.878061
vn -0.002160 -0.283461 0.958981
vn -0.001872 0.812150 0.583446
vn 0.563674 0.592025 0.576002
vn 0.828168 0.012443 0.560342
vn 0.591870 -0.624151 0.510026
vn 0.225760 0.026758 -0.973815
vn 0.133855 -0.122215 -0.983436
vn 0.000517 -0.131299 -0.991343
vn -0.127436 -0.135253 -0.982582
vn 0.156123 0.197513 -0.967788
vn 0.364772 -0.416891 0.832552
vn 0.541531 -0.034104 0.839989
vn 0.376428 0.367688 0.850357
vn 0.001686 0.503622 0.863923
vn 0.002470 0.998985 0.044967
vn -0.385246 0.362670 0.848561
vn -0.689420 -0.724145 -0.017711
vn -0.839202 0.002335 0.543814
vn -0.562002 0.598149 0.571289
vn -0.002081 -0.877970 0.478712
vn -0.594841 -0.625293 0.505147
vn 0.691988 -0.721620 -0.020420
vn 0.002467 -0.998933 -0.046114
vn 0.808996 -0.587454 -0.020575
vn 0.618979 -0.471894 0.627839
vn 0.236143 -0.750840 0.616827
vn -0.236459 -0.750381 0.617265
vn -0.765181 -0.022598 0.643419
vn -0.619214 0.426931 0.659017
vn -0.236635 0.705313 0.668235
vn 0.236353 0.705787 0.667834
vn 1.000000 -0.000049 -0.000054
vn 0.619030 0.426859 0.659237
vn -0.808974 -0.587487 -0.020481
vn -0.619034 -0.472034 0.627679
vn -1.000000 -0.000017 0.000103
vn -0.809159 0.587230 0.020577
vn -0.309090 0.950453 0.033209
vn 0.309482 0.950324 0.033237
vn 0.809153 0.587241 0.020483
vn 0.765400 -0.022476 0.643162
vn 0.002471 -0.999835 -0.018004
vn -0.693990 0.719869 0.012913
vn 0.689521 -0.724150 -0.012976
vn 0.002176 0.999837 0.017946
vn 0.999975 -0.007090 -0.000079
vn 0.690898 0.722834 0.013027
vn -0.999976 -0.006937 -0.000150
vn -0.692426 -0.721371 -0.013028
vn 0.309080 -0.950455 -0.033231
vn -0.308718 -0.950573 -0.033239
vn 0.002347 -0.945437 0.325796
vn -0.653195 0.663960 0.363995
vn 0.647465 -0.685577 0.332827
vn 0.002254 0.931903 0.362701
vn 0.936977 -0.013742 0.349120
vn 0.648863 0.670249 0.360198
vn -0.933461 -0.010159 0.358536
vn -0.650351 -0.682596 0.333327
vn -0.405426 -0.028649 0.913679
vn 0.004359 0.405568 0.914054
vn 0.407654 -0.026716 0.912746
vn -0.277986 -0.323614 0.904432
vn 0.286540 0.271145 0.918899
vn -0.280234 0.268664 0.921569
vn -0.002496 -0.447100 0.894480
vn 0.274219 -0.321896 0.906193
g fff0af14_00156_00432a6c_e7
f 1856/689/1856 1873/691/1873 1878/705/1878
f 1878/705/1878 1877/704/1877 1856/689/1856
f 1856/689/1856 1876/703/1876 1879/687/1879
f 1876/703/1876 1856/689/1856 1877/704/1877
f 1873/691/1873 1857/693/1857 1874/705/1874
f 1874/705/1874 1878/705/1878 1873/691/1873
f 1857/693/1857 1858/693/1858 1875/706/1875
f 1875/706/1875 1874/705/1874 1857/693/1857
f 1858/693/1858 1859/691/1859 1864/705/1864
f 1864/705/1864 1875/706/1875 1858/693/1858
f 1859/691/1859 1860/689/1860 1865/704/1865
f 1865/704/1865 1864/705/1864 1859/691/1859
f 1860/689/1860 1861/687/1861 1866/703/1866
f 1866/703/1866 1865/704/1865 1860/689/1860
f 1871/694/1871 1870/694/1870 1858/693/1858
f 1858/693/1858 1857/693/1857 1871/694/1871
f 1870/694/1870 1869/692/1869 1859/691/1859
f 1859/691/1859 1858/693/1858 1870/694/1870
f 1869/692/1869 1868/690/1868 1860/689/1860
f 1860/689/1860 1859/691/1859 1869/692/1869
f 1845/700/1845 1863/697/1863 1862/696/1862
f 1845/700/1845 1844/701/1844 1863/697/1863
f 1844/701/1844 1855/698/1855 1863/697/1863
f 1844/701/1844 1843/702/1843 1855/698/1855
f 1843/702/1843 1854/698/1854 1855/698/1855
f 1843/702/1843 1842/702/1842 1854/698/1854
f 1842/702/1842 1853/697/1853 1854/698/1854
f 1842/702/1842 1841/701/1841 1853/697/1853
f 1841/701/1841 1852/696/1852 1853/697/1853
f 1841/701/1841 1840/700/1840 1852/696/1852
f 1840/700/1840 1851/695/1851 1852/696/1852
f 1840/700/1840 1850/699/1850 1851/695/1851
f 1761/617/1761 1762/617/1762 1779/630/1779
f 1779/630/1779 1778/627/1778 1761/617/1761
f 1762/617/1762 1763/615/1763 1768/627/1768
f 1768/627/1768 1779/630/1779 1762/617/1762
f 1763/615/1763 1764/613/1764 1769/628/1769
f 1769/628/1769 1768/627/1768 1763/615/1763
f 1848/699/1848 1862/696/1862 1849/695/1849
f 1848/699/1848 1845/700/1845 1862/696/1862
f 1655/553/1655 1656/554/1656 1637/555/1637
f 1637/555/1637 1644/556/1644 1655/553/1655
f 1656/554/1656 1618/554/1618 1638/555/1638
f 1638/555/1638 1637/555/1637 1656/554/1656
f 1618/554/1618 1617/553/1617 1639/556/1639
f 1639/556/1639 1638/555/1638 1618/554/1618
f 1764/613/1764 1765/611/1765 1770/629/1770
f 1770/629/1770 1769/628/1769 1764/613/1764
f 1616/557/1616 1615/559/1615 1641/560/1641
f 1641/560/1641 1640/558/1640 1616/557/1616
f 1615/559/1615 1614/561/1614 1642/562/1642
f 1642/562/1642 1641/560/1641 1615/559/1615
f 1614/561/1614 1613/561/1613 1643/562/1643
f 1643/562/1643 1642/562/1642 1614/561/1614
f 1613/561/1613 1645/559/1645 1599/560/1599
f 1599/560/1599 1643/562/1643 1613/561/1613
f 1655/553/1655 1598/558/1598 1612/557/1612
f 1598/558/1598 1655/553/1655 1644/556/1644
f 1645/559/1645 1612/557/1612 1598/558/1598
f 1598/558/1598 1599/560/1599 1645/559/1645
f 1782/627/1782 1781/628/1781 1760/613/1760
f 1637/555/1637 1601/563/1601 1644/556/1644
f 1855/698/1855 1854/698/1854 1870/694/1870
f 1870/694/1870 1871/694/1871 1855/698/1855
f 1638/555/1638 1639/556/1639 1607/563/1607
f 1854/698/1854 1853/697/1853 1869/692/1869
f 1760/613/1760 1777/615/1777 1782/627/1782
f 1861/687/1861 1860/689/1860 1868/690/1868
f 1640/558/1640 1641/560/1641 1609/565/1609
f 1609/565/1609 1608/564/1608 1640/558/1640
f 1641/560/1641 1642/562/1642 1610/566/1610
f 1610/566/1610 1609/565/1609 1641/560/1641
f 1642/562/1642 1643/562/1643 1611/566/1611
f 1611/566/1611 1610/566/1610 1642/562/1642
f 1643/562/1643 1599/560/1599 1622/565/1622
f 1622/565/1622 1611/566/1611 1643/562/1643
f 1644/556/1644 1621/564/1621 1598/558/1598
f 1621/564/1621 1644/556/1644 1601/563/1601
f 1599/560/1599 1598/558/1598 1621/564/1621
f 1621/564/1621 1622/565/1622 1599/560/1599
f 1600/567/1600 1597/568/1597 1621/564/1621
f 1600/567/1600 1621/564/1621 1601/563/1601
f 1869/692/1869 1870/694/1870 1854/698/1854
f 1853/697/1853 1852/696/1852 1868/690/1868
f 1868/690/1868 1869/692/1869 1853/697/1853
f 1852/696/1852 1851/695/1851 1867/688/1867
f 1868/690/1868 1867/688/1867 1861/687/1861
f 1867/688/1867 1868/690/1868 1852/696/1852
f 1846/690/1846 1847/692/1847 1873/691/1873
f 1873/691/1873 1856/689/1856 1846/690/1846
f 1593/568/1593 1592/568/1592 1608/564/1608
f 1593/568/1593 1608/564/1608 1609/565/1609
f 1594/569/1594 1593/568/1593 1609/565/1609
f 1594/569/1594 1609/565/1609 1610/566/1610
f 1595/569/1595 1594/569/1594 1610/566/1610
f 1595/569/1595 1610/566/1610 1611/566/1611
f 1596/568/1596 1595/569/1595 1611/566/1611
f 1596/568/1596 1611/566/1611 1622/565/1622
f 1597/568/1597 1596/568/1596 1622/565/1622
f 1597/568/1597 1622/565/1622 1621/564/1621
f 1846/690/1846 1879/687/1879 1872/688/1872
f 1879/687/1879 1846/690/1846 1856/689/1856
f 1862/696/1862 1863/697/1863 1847/692/1847
f 1847/692/1847 1846/690/1846 1862/696/1862
f 1862/696/1862 1872/688/1872 1849/695/1849
f 1872/688/1872 1862/696/1862 1846/690/1846
f 1863/697/1863 1855/698/1855 1871/694/1871
f 1871/694/1871 1847/692/1847 1863/697/1863
f 1561/571/1561 1559/570/1559 1560/573/1560
f 1561/571/1561 1560/573/1560 1562/572/1562
f 1563/571/1563 1561/571/1561 1562/572/1562
f 1563/571/1563 1562/572/1562 1564/572/1564
f 1565/574/1565 1563/571/1563 1564/572/1564
f 1565/574/1565 1564/572/1564 1566/575/1566
f 1567/574/1567 1565/574/1565 1566/575/1566
f 1567/574/1567 1566/575/1566 1568/575/1568
f 1529/571/1529 1567/574/1567 1568/575/1568
f 1529/571/1529 1568/575/1568 1570/572/1570
f 1530/571/1530 1529/571/1529 1570/572/1570
f 1530/571/1530 1570/572/1570 1569/572/1569
f 1612/557/1612 1645/559/1645 1654/576/1654
f 1654/576/1654 1653/577/1653 1612/557/1612
f 1612/557/1612 1648/578/1648 1655/553/1655
f 1648/578/1648 1612/557/1612 1653/577/1653
f 1645/559/1645 1613/561/1613 1646/576/1646
f 1646/576/1646 1654/576/1654 1645/559/1645
f 1613/561/1613 1614/561/1614 1647/579/1647
f 1647/579/1647 1646/576/1646 1613/561/1613
f 1614/561/1614 1615/559/1615 1623/576/1623
f 1623/576/1623 1647/579/1647 1614/561/1614
f 1615/559/1615 1616/557/1616 1624/577/1624
f 1624/577/1624 1623/576/1623 1615/559/1615
f 1847/692/1847 1871/694/1871 1857/693/1857
f 1857/693/1857 1873/691/1873 1847/692/1847
f 1617/553/1617 1618/554/1618 1626/580/1626
f 1626/580/1626 1625/578/1625 1617/553/1617
f 1618/554/1618 1656/554/1656 1627/580/1627
f 1627/580/1627 1626/580/1626 1618/554/1618
f 1656/554/1656 1655/553/1655 1648/578/1648
f 1648/578/1648 1627/580/1627 1656/554/1656
f 1760/613/1760 1780/629/1780 1783/611/1783
f 1749/624/1749 1767/621/1767 1766/620/1766
f 1780/629/1780 1760/613/1760 1781/628/1781
f 1777/615/1777 1761/617/1761 1778/627/1778
f 1749/624/1749 1748/625/1748 1767/621/1767
f 1778/627/1778 1782/627/1782 1777/615/1777
f 1765/611/1765 1764/613/1764 1772/614/1772
f 1772/614/1772 1771/612/1771 1765/611/1765
f 1764/613/1764 1763/615/1763 1773/616/1773
f 1773/616/1773 1772/614/1772 1764/613/1764
f 1763/615/1763 1762/617/1762 1774/618/1774
f 1774/618/1774 1773/616/1773 1763/615/1763
f 1762/617/1762 1761/617/1761 1775/618/1775
f 1775/618/1775 1774/618/1774 1762/617/1762
f 1761/617/1761 1777/615/1777 1751/616/1751
f 1751/616/1751 1775/618/1775 1761/617/1761
f 1783/611/1783 1750/614/1750 1760/613/1760
f 1750/614/1750 1783/611/1783 1776/612/1776
f 1777/615/1777 1760/613/1760 1750/614/1750
f 1750/614/1750 1751/616/1751 1777/615/1777
f 1748/625/1748 1759/622/1759 1767/621/1767
f 1748/625/1748 1747/626/1747 1759/622/1759
f 1747/626/1747 1758/622/1758 1759/622/1759
f 1747/626/1747 1746/626/1746 1758/622/1758
f 1746/626/1746 1757/621/1757 1758/622/1758
f 1746/626/1746 1745/625/1745 1757/621/1757
f 1771/612/1771 1772/614/1772 1756/620/1756
f 1756/620/1756 1755/619/1755 1771/612/1771
f 1772/614/1772 1773/616/1773 1757/621/1757
f 1757/621/1757 1756/620/1756 1772/614/1772
f 1773/616/1773 1774/618/1774 1758/622/1758
f 1758/622/1758 1757/621/1757 1773/616/1773
f 1774/618/1774 1775/618/1775 1759/622/1759
f 1759/622/1759 1758/622/1758 1774/618/1774
f 1775/618/1775 1751/616/1751 1767/621/1767
f 1767/621/1767 1759/622/1759 1775/618/1775
f 1776/612/1776 1766/620/1766 1750/614/1750
f 1766/620/1766 1776/612/1776 1753/619/1753
f 1751/616/1751 1750/614/1750 1766/620/1766
f 1766/620/1766 1767/621/1767 1751/616/1751
f 1752/623/1752 1749/624/1749 1766/620/1766
f 1752/623/1752 1766/620/1766 1753/619/1753
f 1745/625/1745 1756/620/1756 1757/621/1757
f 1745/625/1745 1744/624/1744 1756/620/1756
f 1744/624/1744 1755/619/1755 1756/620/1756
f 1744/624/1744 1754/623/1754 1755/619/1755
g fff0af14_00156_00432a6c_e6
f 356/80/356 357/79/357 340/99/340
f 340/99/340 345/97/345 356/80/356
f 357/79/357 333/79/333 341/99/341
f 341/99/341 340/99/340 357/79/357
f 2730/1133/2730 2713/1104/2713 2731/1135/2731
f 332/80/332 341/99/341 333/79/333
f 2732/1084/2732 2708/1136/2708 2731/1135/2731
f 2708/1136/2708 2732/1084/2732 2743/1083/2743
f 2731/1135/2731 2709/1134/2709 2730/1133/2730
f 2709/1134/2709 2731/1135/2731 2708/1136/2708
f 331/84/331 330/86/330 343/98/343
f 343/98/343 342/95/342 331/84/331
f 330/86/330 329/86/329 344/98/344
f 344/98/344 343/98/343 330/86/330
f 329/86/329 346/84/346 322/95/322
f 322/95/322 344/98/344 329/86/329
f 356/80/356 321/96/321 328/82/328
f 321/96/321 356/80/356 345/97/345
f 346/84/346 328/82/328 321/96/321
f 321/96/321 322/95/322 346/84/346
f 2741/1086/2741 2743/1083/2743 2732/1084/2732
f 340/99/340 324/93/324 345/97/345
f 2738/1111/2738 2719/1110/2719 2750/1109/2750
f 2750/1109/2750 2749/1108/2749 2738/1111/2738
f 2713/1104/2713 2730/1133/2730 2736/1116/2736
f 2745/1107/2745 2740/1106/2740 2748/1105/2748
f 2730/1133/2730 2719/1110/2719 2729/1121/2729
f 2719/1110/2719 2730/1133/2730 2709/1134/2709
f 2746/1087/2746 2729/1121/2729 2719/1110/2719
f 2719/1110/2719 2738/1111/2738 2746/1087/2746
f 342/95/342 343/98/343 326/91/326
f 326/91/326 325/88/325 342/95/342
f 343/98/343 344/98/344 327/91/327
f 327/91/327 326/91/326 343/98/343
f 344/98/344 322/95/322 335/88/335
f 335/88/335 327/91/327 344/98/344
f 345/97/345 334/89/334 321/96/321
f 334/89/334 345/97/345 324/93/324
f 322/95/322 321/96/321 334/89/334
f 334/89/334 335/88/335 322/95/322
f 349/77/349 339/78/339 357/79/357
f 357/79/357 356/80/356 349/77/349
f 339/78/339 338/78/338 333/79/333
f 333/79/333 357/79/357 339/78/339
f 338/78/338 337/77/337 332/80/332
f 332/80/332 333/79/333 338/78/338
f 2745/1107/2745 2734/1120/2734 2746/1087/2746
f 2734/1120/2734 2745/1107/2745 2733/1119/2733
f 2745/1107/2745 2748/1105/2748 2737/1118/2737
f 2737/1118/2737 2733/1119/2733 2745/1107/2745
f 336/83/336 348/85/348 330/86/330
f 330/86/330 331/84/331 336/83/336
f 348/85/348 347/83/347 329/86/329
f 329/86/329 330/86/330 348/85/348
f 347/83/347 355/83/355 346/84/346
f 346/84/346 329/86/329 347/83/347
f 349/77/349 328/82/328 354/81/354
f 328/82/328 349/77/349 356/80/356
f 355/83/355 354/81/354 328/82/328
f 328/82/328 346/84/346 355/83/355
f 320/87/320 335/88/335 334/89/334
f 320/87/320 319/90/319 335/88/335
f 319/90/319 327/91/327 335/88/335
f 319/90/319 318/92/318 327/91/327
f 318/92/318 326/91/326 327/91/327
f 318/92/318 317/92/317 326/91/326
f 317/92/317 325/88/325 326/91/326
f 317/92/317 316/90/316 325/88/325
f 2746/1087/2746 2735/1117/2735 2729/1121/2729
f 2735/1117/2735 2746/1087/2746 2734/1120/2734
f 2730/1133/2730 2729/1121/2729 2735/1117/2735
f 2735/1117/2735 2736/1116/2736 2730/1133/2730
f 2740/1106/2740 2745/1107/2745 2739/1088/2739
f 2745/1107/2745 2746/1087/2746 2738/1111/2738
f 2738/1111/2738 2739/1088/2739 2745/1107/2745
f 2748/1105/2748 2741/1086/2741 2747/1085/2747
f 2741/1086/2741 2748/1105/2748 2740/1106/2740
f 2732/1084/2732 2747/1085/2747 2741/1086/2741
f 323/94/323 334/89/334 324/93/324
f 323/94/323 320/87/320 334/89/334
f 2662/1109/2662 2621/1134/2621 2656/1099/2656
f 2656/1099/2656 2620/1136/2620 2619/1132/2619
f 2621/1134/2621 2662/1109/2662 2631/1110/2631
f 2620/1136/2620 2656/1099/2656 2621/1134/2621
f 2619/1132/2619 2655/1083/2655 2630/1131/2630
f 2655/1083/2655 2619/1132/2619 2620/1136/2620
f 2654/1115/2654 2630/1131/2630 2655/1083/2655
f 2655/1083/2655 2653/1086/2653 2654/1115/2654
f 2654/1115/2654 2652/1106/2652 2629/1100/2629
f 2652/1106/2652 2654/1115/2654 2653/1086/2653
f 2661/1108/2661 2628/1101/2628 2651/1088/2651
f 2651/1088/2651 2650/1111/2650 2661/1108/2661
f 2629/1100/2629 2651/1088/2651 2628/1101/2628
f 2651/1088/2651 2629/1100/2629 2652/1106/2652
f 2649/1118/2649 2627/1102/2627 2654/1115/2654
f 2654/1115/2654 2629/1100/2629 2649/1118/2649
f 2654/1115/2654 2626/1103/2626 2630/1131/2630
f 2630/1131/2630 2625/1104/2625 2619/1132/2619
f 2626/1103/2626 2654/1115/2654 2627/1102/2627
f 2625/1104/2625 2630/1131/2630 2626/1103/2626
f 2619/1132/2619 2648/1116/2648 2656/1099/2656
f 2648/1116/2648 2619/1132/2619 2625/1104/2625
f 2662/1109/2662 2656/1099/2656 2648/1116/2648
f 2648/1116/2648 2647/1117/2647 2662/1109/2662
f 2662/1109/2662 2646/1120/2646 2661/1108/2661
f 2646/1120/2646 2662/1109/2662 2647/1117/2647
f 2629/1100/2629 2628/1101/2628 2645/1119/2645
f 2645/1119/2645 2649/1118/2649 2629/1100/2629
f 2661/1108/2661 2645/1119/2645 2628/1101/2628
f 2645/1119/2645 2661/1108/2661 2646/1120/2646
f 2627/1102/2627 2649/1118/2649 2660/1105/2660
f 2660/1105/2660 2659/1085/2659 2627/1102/2627
f 2627/1102/2627 2644/1084/2644 2626/1103/2626
f 2644/1084/2644 2627/1102/2627 2659/1085/2659
f 2626/1103/2626 2643/1135/2643 2625/1104/2625
f 2643/1135/2643 2626/1103/2626 2644/1084/2644
f 2625/1104/2625 2642/1133/2642 2648/1116/2648
f 2642/1133/2642 2625/1104/2625 2643/1135/2643
f 2647/1117/2647 2648/1116/2648 2642/1133/2642
f 2642/1133/2642 2641/1121/2641 2647/1117/2647
f 2647/1117/2647 2658/1087/2658 2646/1120/2646
f 2658/1087/2658 2647/1117/2647 2641/1121/2641
f 2649/1118/2649 2645/1119/2645 2657/1107/2657
f 2657/1107/2657 2660/1105/2660 2649/1118/2649
f 2646/1120/2646 2657/1107/2657 2645/1119/2645
f 2657/1107/2657 2646/1120/2646 2658/1087/2658
f 2631/1110/2631 2650/1111/2650 2658/1087/2658
f 2658/1087/2658 2641/1121/2641 2631/1110/2631
f 2631/1110/2631 2642/1133/2642 2621/1134/2621
f 2642/1133/2642 2631/1110/2631 2641/1121/2641
f 2621/1134/2621 2643/1135/2643 2620/1136/2620
f 2643/1135/2643 2621/1134/2621 2642/1133/2642
f 2620/1136/2620 2644/1084/2644 2655/1083/2655
f 2644/1084/2644 2620/1136/2620 2643/1135/2643
f 2653/1086/2653 2655/1083/2655 2644/1084/2644
f 2644/1084/2644 2659/1085/2659 2653/1086/2653
f 2653/1086/2653 2660/1105/2660 2652/1106/2652
f 2660/1105/2660 2653/1086/2653 2659/1085/2659
f 2650/1111/2650 2651/1088/2651 2657/1107/2657
f 2657/1107/2657 2658/1087/2658 2650/1111/2650
f 2652/1106/2652 2657/1107/2657 2651/1088/2651
f 2657/1107/2657 2652/1106/2652 2660/1105/2660
f 2662/1109/2662 2661/1108/2661 2650/1111/2650
f 2650/1111/2650 2631/1110/2631 2662/1109/2662
f 2750/1109/2750 2709/1134/2709 2744/1099/2744
f 2744/1099/2744 2708/1136/2708 2707/1132/2707
f 2709/1134/2709 2750/1109/2750 2719/1110/2719
f 2708/1136/2708 2744/1099/2744 2709/1134/2709
f 2707/1132/2707 2743/1083/2743 2718/1131/2718
f 2743/1083/2743 2707/1132/2707 2708/1136/2708
f 2742/1115/2742 2718/1131/2718 2743/1083/2743
f 2743/1083/2743 2741/1086/2741 2742/1115/2742
f 2742/1115/2742 2740/1106/2740 2717/1100/2717
f 2740/1106/2740 2742/1115/2742 2741/1086/2741
f 2749/1108/2749 2716/1101/2716 2739/1088/2739
f 2739/1088/2739 2738/1111/2738 2749/1108/2749
f 2717/1100/2717 2739/1088/2739 2716/1101/2716
f 2739/1088/2739 2717/1100/2717 2740/1106/2740
f 2737/1118/2737 2715/1102/2715 2742/1115/2742
f 2742/1115/2742 2717/1100/2717 2737/1118/2737
f 2742/1115/2742 2714/1103/2714 2718/1131/2718
f 2718/1131/2718 2713/1104/2713 2707/1132/2707
f 2714/1103/2714 2742/1115/2742 2715/1102/2715
f 2713/1104/2713 2718/1131/2718 2714/1103/2714
f 2707/1132/2707 2736/1116/2736 2744/1099/2744
f 2736/1116/2736 2707/1132/2707 2713/1104/2713
f 2750/1109/2750 2744/1099/2744 2736/1116/2736
f 2736/1116/2736 2735/1117/2735 2750/1109/2750
f 2750/1109/2750 2734/1120/2734 2749/1108/2749
f 2734/1120/2734 2750/1109/2750 2735/1117/2735
f 2717/1100/2717 2716/1101/2716 2733/1119/2733
f 2733/1119/2733 2737/1118/2737 2717/1100/2717
f 2749/1108/2749 2733/1119/2733 2716/1101/2716
f 2733/1119/2733 2749/1108/2749 2734/1120/2734
f 2715/1102/2715 2737/1118/2737 2748/1105/2748
f 2748/1105/2748 2747/1085/2747 2715/1102/2715
f 2715/1102/2715 2732/1084/2732 2714/1103/2714
f 2732/1084/2732 2715/1102/2715 2747/1085/2747
f 2714/1103/2714 2731/1135/2731 2713/1104/2713
f 2731/1135/2731 2714/1103/2714 2732/1084/2732
g fff0af14_00156_00432a6c_e3
f 2205/399/2205 2185/405/2185 2209/357/2209
f 2209/357/2209 2208/356/2208 2205/399/2205
f 2185/405/2185 2184/404/2184 2177/360/2177
f 2177/360/2177 2209/357/2209 2185/405/2185
f 2184/404/2184 2183/403/2183 2176/362/2176
f 2176/362/2176 2177/360/2177 2184/404/2184
f 218/33/218 217/35/217 234/44/234
f 235/43/235 236/42/236 219/31/219
f 219/31/219 218/33/218 235/43/235
f 236/42/236 214/39/214 227/28/227
f 2182/402/2182 2204/401/2204 2174/366/2174
f 2174/366/2174 2175/364/2175 2182/402/2182
f 2204/401/2204 2203/400/2203 2173/368/2173
f 2173/368/2173 2174/366/2174 2204/401/2204
f 2203/400/2203 2207/397/2207 2202/370/2202
f 2202/370/2202 2173/368/2173 2203/400/2203
f 2205/399/2205 2172/373/2172 2206/398/2206
f 2172/373/2172 2205/399/2205 2208/356/2208
f 2207/397/2207 2206/398/2206 2172/373/2172
f 2172/373/2172 2202/370/2202 2207/397/2207
f 1064/399/1064 1043/373/1043 1069/398/1069
f 233/45/233 232/46/232 249/3/249
f 2108/393/2108 2142/396/2142 2143/394/2143
f 2108/393/2108 2141/395/2141 2142/396/2142
f 2141/395/2141 2140/396/2140 2142/396/2142
f 2141/395/2141 2139/395/2139 2140/396/2140
f 2139/395/2139 2138/394/2138 2140/396/2140
f 2139/395/2139 2137/393/2137 2138/394/2138
f 2137/393/2137 2136/391/2136 2138/394/2138
f 2137/393/2137 2135/390/2135 2136/391/2136
f 2135/390/2135 2134/392/2134 2136/391/2136
f 2135/390/2135 2133/389/2133 2134/392/2134
f 1032/371/1032 1059/369/1059 1044/368/1044
f 1044/368/1044 1061/370/1061 1032/371/1032
f 1059/369/1059 1058/367/1058 1045/366/1045
f 1045/366/1045 1044/368/1044 1059/369/1059
f 1058/367/1058 1057/365/1057 1046/364/1046
f 1046/364/1046 1045/366/1045 1058/367/1058
f 249/3/249 225/6/225 233/45/233
f 232/46/232 237/41/237 248/4/248
f 2159/383/2159 2181/380/2181 2180/381/2180
f 2159/383/2159 2158/388/2158 2181/380/2181
f 2158/388/2158 2171/379/2171 2181/380/2181
f 2158/388/2158 2157/387/2157 2171/379/2171
f 2157/387/2157 2170/378/2170 2171/379/2171
f 2157/387/2157 2156/386/2156 2170/378/2170
f 2156/386/2156 2169/377/2169 2170/378/2170
f 2156/386/2156 2155/385/2155 2169/377/2169
f 227/28/227 219/31/219 236/42/236
f 237/41/237 226/29/226 213/40/213
f 226/29/226 237/41/237 216/37/216
f 214/39/214 213/40/213 226/29/226
f 248/4/248 213/40/213 220/17/220
f 213/40/213 248/4/248 237/41/237
f 1039/376/1039 1057/365/1057 1040/377/1040
f 224/8/224 233/45/233 225/6/225
f 1055/358/1055 1034/374/1034 1060/359/1060
f 222/12/222 221/14/221 236/42/236
f 2162/382/2162 2180/381/2180 2163/374/2163
f 2162/382/2162 2159/383/2159 2180/381/2180
f 2180/381/2180 2181/380/2181 2161/371/2161
f 2161/371/2161 2160/372/2160 2180/381/2180
f 2180/381/2180 2201/359/2201 2163/374/2163
f 2201/359/2201 2180/381/2180 2160/372/2160
f 2181/380/2181 2171/379/2171 2200/369/2200
f 2200/369/2200 2161/371/2161 2181/380/2181
f 2171/379/2171 2170/378/2170 2199/367/2199
f 2199/367/2199 2200/369/2200 2171/379/2171
f 2170/378/2170 2169/377/2169 2198/365/2198
f 2198/365/2198 2199/367/2199 2170/378/2170
f 226/29/226 227/28/227 214/39/214
f 215/38/215 212/27/212 226/29/226
f 215/38/215 226/29/226 216/37/216
f 964/390/964 1000/394/1000 999/391/999
f 1031/372/1031 1032/371/1032 1061/370/1061
f 2196/361/2196 2197/363/2197 2168/375/2168
f 1061/370/1061 1043/373/1043 1031/372/1031
f 1031/372/1031 1071/356/1071 1060/359/1060
f 2195/358/2195 2163/374/2163 2201/359/2201
f 1071/356/1071 1031/372/1031 1043/373/1043
f 2160/372/2160 2161/371/2161 2202/370/2202
f 2202/370/2202 2172/373/2172 2160/372/2160
f 2160/372/2160 2208/356/2208 2201/359/2201
f 2208/356/2208 2160/372/2160 2172/373/2172
f 2161/371/2161 2200/369/2200 2173/368/2173
f 2173/368/2173 2202/370/2202 2161/371/2161
f 2200/369/2200 2199/367/2199 2174/366/2174
f 2174/366/2174 2173/368/2173 2200/369/2200
f 2199/367/2199 2198/365/2198 2175/364/2175
f 2175/364/2175 2174/366/2174 2199/367/2199
f 997/395/997 996/396/996 998/396/998
f 1043/373/1043 1061/370/1061 1070/397/1070
f 1070/397/1070 1069/398/1069 1043/373/1043
f 1043/373/1043 1064/399/1064 1071/356/1071
f 2197/363/2197 2196/361/2196 2177/360/2177
f 2177/360/2177 2176/362/2176 2197/363/2197
f 2196/361/2196 2195/358/2195 2209/357/2209
f 2209/357/2209 2177/360/2177 2196/361/2196
f 2195/358/2195 2201/359/2201 2208/356/2208
f 2208/356/2208 2209/357/2209 2195/358/2195
f 893/305/893 894/304/894 868/295/868
f 868/295/868 867/296/867 893/305/893
f 2618/1060/2618 2617/1059/2617 2609/1051/2609
f 2618/1060/2618 605/228/605 2617/1059/2617
f 2610/1052/2610 2617/1059/2617 2616/1058/2616
f 2617/1059/2617 607/224/607 2616/1058/2616
f 2611/1053/2611 2616/1058/2616 2615/1057/2615
f 2616/1058/2616 609/223/609 2615/1057/2615
f 2605/1047/2605 2611/1053/2611 2615/1057/2615
f 2605/1047/2605 2615/1057/2615 2614/1056/2614
f 2613/1055/2613 2614/1056/2614 613/226/613
f 2613/1055/2613 2605/1047/2605 2614/1056/2614
f 2612/1054/2612 2613/1055/2613 614/223/614
f 2612/1054/2612 2606/1048/2606 2613/1055/2613
f 2610/1052/2610 2609/1051/2609 2617/1059/2617
f 2616/1058/2616 607/224/607 609/223/609
f 1050/380/1050 1042/379/1042 1059/369/1059
f 910/285/910 911/287/911 881/299/881
f 893/305/893 916/283/916 870/298/870
f 916/283/916 893/305/893 867/296/867
f 894/304/894 885/303/885 915/293/915
f 915/293/915 868/295/868 894/304/894
f 2605/1047/2605 610/227/610 2611/1053/2611
f 2614/1056/2614 2615/1057/2615 611/226/611
f 2611/1053/2611 608/225/608 2610/1052/2610
f 2611/1053/2611 2610/1052/2610 2616/1058/2616
f 608/225/608 606/222/606 2610/1052/2610
f 2610/1052/2610 606/222/606 2609/1051/2609
f 2608/1050/2608 2618/1060/2618 2609/1051/2609
f 606/222/606 2608/1050/2608 2609/1051/2609
f 885/303/885 884/302/884 914/292/914
f 1058/367/1058 1059/369/1059 1042/379/1042
f 914/292/914 915/293/915 885/303/885
f 1042/379/1042 1041/378/1041 1058/367/1058
f 884/302/884 883/301/883 913/291/913
f 1059/369/1059 1032/371/1032 1050/380/1050
f 606/222/606 604/229/604 2608/1050/2608
f 890/284/890 926/281/926 899/329/899
f 610/227/610 608/225/608 2611/1053/2611
f 2615/1057/2615 609/223/609 611/226/611
f 2607/1049/2607 575/225/575 2606/1048/2606
f 2607/1049/2607 2606/1048/2606 2612/1054/2612
f 2606/1048/2606 612/227/612 2605/1047/2605
f 2606/1048/2606 2605/1047/2605 2613/1055/2613
f 575/225/575 612/227/612 2606/1048/2606
f 2613/1055/2613 613/226/613 614/223/614
f 2604/1046/2604 2603/1045/2603 2589/1031/2589
f 2604/1046/2604 1207/457/1207 2603/1045/2603
f 2603/1045/2603 2602/1044/2602 2590/1032/2590
f 2603/1045/2603 1209/456/1209 2602/1044/2602
f 2602/1044/2602 2601/1043/2601 2591/1033/2591
f 2602/1044/2602 1211/459/1211 2601/1043/2601
f 2601/1043/2601 2600/1042/2600 2592/1034/2592
f 2601/1043/2601 1213/461/1213 2600/1042/2600
f 2600/1042/2600 2599/1041/2599 2593/1035/2593
f 2600/1042/2600 1215/461/1215 2599/1041/2599
f 2599/1041/2599 2598/1040/2598 2594/1036/2594
f 2599/1041/2599 1217/459/1217 2598/1040/2598
f 2598/1040/2598 2597/1039/2597 2595/1037/2595
f 2598/1040/2598 1216/456/1216 2597/1039/2597
f 926/281/926 925/280/925 918/324/918
f 899/329/899 898/328/898 890/284/890
f 671/220/671 700/219/700 709/218/709
f 709/218/709 708/221/708 671/220/671
f 2596/1038/2596 2604/1046/2604 2589/1031/2589
f 1208/455/1208 2596/1038/2596 2589/1031/2589
f 918/324/918 886/297/886 923/323/923
f 886/297/886 918/324/918 925/280/925
f 924/322/924 923/323/923 886/297/886
f 886/297/886 917/294/917 924/322/924
f 784/315/784 823/319/823 822/316/822
f 784/315/784 783/318/783 823/319/823
f 2594/1036/2594 2598/1040/2598 2595/1037/2595
f 1190/454/1190 2594/1036/2594 2595/1037/2595
f 2593/1035/2593 2599/1041/2599 2594/1036/2594
f 1178/455/1178 2593/1035/2593 2594/1036/2594
f 2592/1034/2592 2600/1042/2600 2593/1035/2593
f 1177/458/1177 2592/1034/2592 2593/1035/2593
f 2591/1033/2591 2601/1043/2601 2592/1034/2592
f 1214/460/1214 2591/1033/2591 2592/1034/2592
f 533/131/533 534/130/534 517/177/517
f 517/177/517 524/170/524 533/131/533
f 534/130/534 498/133/498 518/176/518
f 518/176/518 517/177/517 534/130/534
f 498/133/498 497/135/497 519/175/519
f 519/175/519 518/176/518 498/133/498
f 497/135/497 496/137/496 520/174/520
f 520/174/520 519/175/519 497/135/497
f 496/137/496 495/139/495 521/173/521
f 521/173/521 520/174/520 496/137/496
f 672/217/672 673/215/673 702/214/702
f 522/172/522 521/173/521 495/139/495
f 702/214/702 701/216/701 672/217/672
f 673/215/673 674/213/674 681/212/681
f 523/171/523 525/141/525 476/168/476
f 681/212/681 702/214/702 673/215/673
f 533/131/533 475/169/475 494/142/494
f 475/169/475 533/131/533 524/170/524
f 525/141/525 494/142/494 475/169/475
f 475/169/475 476/168/476 525/141/525
f 2590/1032/2590 2602/1044/2602 2591/1033/2591
f 1212/460/1212 2590/1032/2590 2591/1033/2591
f 2589/1031/2589 2603/1045/2603 2590/1032/2590
f 1210/458/1210 2589/1031/2589 2590/1032/2590
f 1064/399/1064 1054/405/1054 1072/357/1072
f 1072/357/1072 1071/356/1071 1064/399/1064
f 1054/405/1054 1053/404/1053 1048/360/1048
f 1048/360/1048 1072/357/1072 1054/405/1054
f 1053/404/1053 1052/403/1052 1047/362/1047
f 1047/362/1047 1048/360/1048 1053/404/1053
f 238/16/238 220/17/220 213/40/213
f 213/40/213 214/39/214 238/16/238
f 997/395/997 995/395/995 996/396/996
f 232/46/232 216/37/216 237/41/237
f 1051/402/1051 1063/401/1063 1045/366/1045
f 1045/366/1045 1046/364/1046 1051/402/1051
f 1063/401/1063 1062/400/1062 1044/368/1044
f 1044/368/1044 1045/366/1045 1063/401/1063
f 1062/400/1062 1070/397/1070 1061/370/1061
f 1061/370/1061 1044/368/1044 1062/400/1062
f 2098/834/2098 2099/833/2099 2084/876/2084
f 2084/876/2084 2091/869/2091 2098/834/2098
f 247/15/247 246/18/246 220/17/220
f 220/17/220 241/1/241 248/4/248
f 2076/836/2076 2075/838/2075 2086/874/2086
f 2086/874/2086 2085/875/2085 2076/836/2076
f 2075/838/2075 2074/840/2074 2087/873/2087
f 2087/873/2087 2086/874/2086 2075/838/2075
f 2074/840/2074 2073/842/2073 2088/872/2088
f 2088/872/2088 2087/873/2087 2074/840/2074
f 2073/842/2073 2072/844/2072 2089/871/2089
f 2089/871/2089 2088/872/2088 2073/842/2073
f 2072/844/2072 2071/846/2071 2090/870/2090
f 2090/870/2090 2089/871/2089 2072/844/2072
f 2071/846/2071 2092/848/2092 2061/867/2061
f 2061/867/2061 2090/870/2090 2071/846/2071
f 2098/834/2098 2060/868/2060 2070/849/2070
f 2060/868/2060 2098/834/2098 2091/869/2091
f 2092/848/2092 2070/849/2070 2060/868/2060
f 2060/868/2060 2061/867/2061 2092/848/2092
f 671/220/671 703/204/703 710/207/710
f 2084/876/2084 2063/865/2063 2091/869/2091
f 909/282/909 870/298/870 916/283/916
f 1019/385/1019 1039/376/1039 1040/377/1040
f 2085/875/2085 2086/874/2086 2065/863/2065
f 867/296/867 868/295/868 917/294/917
f 2086/874/2086 2087/873/2087 2066/861/2066
f 2066/861/2066 2065/863/2065 2086/874/2086
f 2087/873/2087 2088/872/2088 2067/859/2067
f 2067/859/2067 2066/861/2066 2087/873/2087
f 2088/872/2088 2089/871/2089 2068/857/2068
f 2068/857/2068 2067/859/2067 2088/872/2088
f 2089/871/2089 2090/870/2090 2069/855/2069
f 2069/855/2069 2068/857/2068 2089/871/2089
f 2090/870/2090 2061/867/2061 2078/852/2078
f 2078/852/2078 2069/855/2069 2090/870/2090
f 2091/869/2091 2077/853/2077 2060/868/2060
f 2077/853/2077 2091/869/2091 2063/865/2063
f 2061/867/2061 2060/868/2060 2077/853/2077
f 2077/853/2077 2078/852/2078 2061/867/2061
f 2062/866/2062 2059/851/2059 2077/853/2077
f 2062/866/2062 2077/853/2077 2063/865/2063
f 917/294/917 886/297/886 867/296/867
f 867/296/867 925/280/925 916/283/916
f 925/280/925 867/296/867 886/297/886
f 701/216/701 709/218/709 700/219/700
f 915/293/915 917/294/917 868/295/868
f 703/204/703 671/220/671 708/221/708
f 2054/862/2054 2064/864/2064 2065/863/2065
f 2054/862/2054 2065/863/2065 2066/861/2066
f 2055/860/2055 2054/862/2054 2066/861/2066
f 2055/860/2055 2066/861/2066 2067/859/2067
f 2056/858/2056 2055/860/2055 2067/859/2067
f 2056/858/2056 2067/859/2067 2068/857/2068
f 2057/856/2057 2056/858/2056 2068/857/2068
f 2057/856/2057 2068/857/2068 2069/855/2069
f 2058/854/2058 2057/856/2057 2069/855/2069
f 2058/854/2058 2069/855/2069 2078/852/2078
f 2059/851/2059 2058/854/2058 2078/852/2078
f 2059/851/2059 2078/852/2078 2077/853/2077
f 2070/849/2070 2092/848/2092 2097/847/2097
f 2097/847/2097 2096/850/2096 2070/849/2070
f 2070/849/2070 2095/831/2095 2098/834/2098
f 2095/831/2095 2070/849/2070 2096/850/2096
f 2092/848/2092 2071/846/2071 2093/845/2093
f 2093/845/2093 2097/847/2097 2092/848/2092
f 2071/846/2071 2072/844/2072 2094/843/2094
f 2094/843/2094 2093/845/2093 2071/846/2071
f 2072/844/2072 2073/842/2073 2079/841/2079
f 2079/841/2079 2094/843/2094 2072/844/2072
f 2073/842/2073 2074/840/2074 2080/839/2080
f 2080/839/2080 2079/841/2079 2073/842/2073
f 2074/840/2074 2075/838/2075 2081/837/2081
f 2081/837/2081 2080/839/2080 2074/840/2074
f 2075/838/2075 2076/836/2076 2082/835/2082
f 2082/835/2082 2081/837/2081 2075/838/2075
f 241/1/241 220/17/220 246/18/246
f 238/16/238 221/14/221 239/13/239
f 2099/833/2099 2098/834/2098 2095/831/2095
f 2095/831/2095 2083/832/2083 2099/833/2099
f 1982/762/1982 1983/761/1983 1966/800/1966
f 1966/800/1966 1973/793/1973 1982/762/1982
f 1983/761/1983 1958/764/1958 1967/799/1967
f 1967/799/1967 1966/800/1966 1983/761/1983
f 1958/764/1958 1957/766/1957 1968/798/1968
f 1968/798/1968 1967/799/1967 1958/764/1958
f 1957/766/1957 1956/768/1956 1969/797/1969
f 1969/797/1969 1968/798/1968 1957/766/1957
f 1956/768/1956 1955/770/1955 1970/796/1970
f 1970/796/1970 1969/797/1969 1956/768/1956
f 248/4/248 249/3/249 232/46/232
f 1971/795/1971 1970/796/1970 1955/770/1955
f 209/34/209 208/36/208 217/35/217
f 209/34/209 217/35/217 218/33/218
f 1972/794/1972 1974/772/1974 1945/791/1945
f 210/32/210 209/34/209 218/33/218
f 1982/762/1982 1944/792/1944 1954/773/1954
f 1944/792/1944 1982/762/1982 1973/793/1973
f 1974/772/1974 1954/773/1954 1944/792/1944
f 1944/792/1944 1945/791/1945 1974/772/1974
f 995/395/995 994/394/994 996/396/996
f 517/177/517 478/166/478 524/170/524
f 995/395/995 993/393/993 994/394/994
f 993/393/993 992/391/992 994/394/994
f 518/176/518 519/175/519 489/164/489
f 993/393/993 991/390/991 992/391/992
f 519/175/519 520/174/520 490/162/490
f 490/162/490 489/164/489 519/175/519
f 520/174/520 521/173/521 491/160/491
f 491/160/491 490/162/490 520/174/520
f 521/173/521 522/172/522 492/158/492
f 492/158/492 491/160/491 521/173/521
f 522/172/522 523/171/523 493/156/493
f 493/156/493 492/158/492 522/172/522
f 523/171/523 476/168/476 502/153/502
f 502/153/502 493/156/493 523/171/523
f 524/170/524 501/154/501 475/169/475
f 501/154/501 524/170/524 478/166/478
f 476/168/476 475/169/475 501/154/501
f 501/154/501 502/153/502 476/168/476
f 477/167/477 465/152/465 501/154/501
f 477/167/477 501/154/501 478/166/478
f 991/390/991 990/392/990 992/391/992
f 991/390/991 989/389/989 990/392/990
f 1033/382/1033 1049/381/1049 1034/374/1034
f 1033/382/1033 1023/383/1023 1049/381/1049
f 1049/381/1049 1050/380/1050 1032/371/1032
f 1032/371/1032 1031/372/1031 1049/381/1049
f 460/163/460 488/165/488 489/164/489
f 460/163/460 489/164/489 490/162/490
f 461/161/461 460/163/460 490/162/490
f 461/161/461 490/162/490 491/160/491
f 462/159/462 461/161/461 491/160/491
f 462/159/462 491/160/491 492/158/492
f 463/157/463 462/159/462 492/158/492
f 463/157/463 492/158/492 493/156/493
f 464/155/464 463/157/463 493/156/493
f 464/155/464 493/156/493 502/153/502
f 465/152/465 464/155/464 502/153/502
f 465/152/465 502/153/502 501/154/501
f 404/151/404 390/144/390 430/146/430
f 404/151/404 430/146/430 434/150/434
f 1049/381/1049 1060/359/1060 1034/374/1034
f 1060/359/1060 1049/381/1049 1031/372/1031
f 221/14/221 238/16/238 214/39/214
f 214/39/214 236/42/236 221/14/221
f 1023/383/1023 1050/380/1050 1049/381/1049
f 1023/383/1023 1022/388/1022 1050/380/1050
f 422/144/422 420/151/420 421/150/421
f 422/144/422 421/150/421 423/146/423
f 424/147/424 422/144/422 423/146/423
f 424/147/424 423/146/423 425/145/425
f 426/149/426 424/147/424 425/145/425
f 426/149/426 425/145/425 427/148/427
f 428/149/428 426/149/426 427/148/427
f 428/149/428 427/148/427 429/148/429
f 389/147/389 428/149/428 429/148/429
f 389/147/389 429/148/429 431/145/431
f 390/144/390 389/147/389 431/145/431
f 390/144/390 431/145/431 430/146/430
f 494/142/494 525/141/525 532/140/532
f 532/140/532 531/143/531 494/142/494
f 494/142/494 526/128/526 533/131/533
f 526/128/526 494/142/494 531/143/531
f 679/232/679 699/244/699 658/240/658
f 699/244/699 679/232/679 655/243/655
f 680/231/680 670/234/670 698/245/698
f 698/245/698 656/242/656 680/231/680
f 675/211/675 676/209/676 683/208/683
f 683/208/683 682/210/682 675/211/675
f 495/139/495 496/137/496 504/136/504
f 504/136/504 503/138/503 495/139/495
f 496/137/496 497/135/497 505/134/505
f 505/134/505 504/136/504 496/137/496
f 497/135/497 498/133/498 506/132/506
f 506/132/506 505/134/505 497/135/497
f 498/133/498 534/130/534 507/129/507
f 507/129/507 506/132/506 498/133/498
f 534/130/534 533/131/533 526/128/526
f 526/128/526 507/129/507 534/130/534
f 926/281/926 890/284/890 910/285/910
f 1966/800/1966 1947/789/1947 1973/793/1973
f 914/292/914 913/291/913 887/290/887
f 700/219/700 672/217/672 701/216/701
f 1967/799/1967 1968/798/1968 1949/787/1949
f 913/291/913 912/289/912 888/288/888
f 1968/798/1968 1969/797/1969 1950/785/1950
f 1950/785/1950 1949/787/1949 1968/798/1968
f 1969/797/1969 1970/796/1970 1951/783/1951
f 1951/783/1951 1950/785/1950 1969/797/1969
f 1970/796/1970 1971/795/1971 1952/781/1952
f 1952/781/1952 1951/783/1951 1970/796/1970
f 1971/795/1971 1972/794/1972 1953/779/1953
f 1953/779/1953 1952/781/1952 1971/795/1971
f 1972/794/1972 1945/791/1945 1960/776/1960
f 1960/776/1960 1953/779/1953 1972/794/1972
f 1973/793/1973 1959/777/1959 1944/792/1944
f 1959/777/1959 1973/793/1973 1947/789/1947
f 1945/791/1945 1944/792/1944 1959/777/1959
f 1959/777/1959 1960/776/1960 1945/791/1945
f 1946/790/1946 1943/775/1943 1959/777/1959
f 1946/790/1946 1959/777/1959 1947/789/1947
f 888/288/888 887/290/887 913/291/913
f 912/289/912 911/287/911 889/286/889
f 889/286/889 888/288/888 912/289/912
f 911/287/911 910/285/910 890/284/890
f 890/284/890 889/286/889 911/287/911
f 910/285/910 909/282/909 926/281/926
f 1938/786/1938 1948/788/1948 1949/787/1949
f 1938/786/1938 1949/787/1949 1950/785/1950
f 1939/784/1939 1938/786/1938 1950/785/1950
f 1939/784/1939 1950/785/1950 1951/783/1951
f 1940/782/1940 1939/784/1939 1951/783/1951
f 1940/782/1940 1951/783/1951 1952/781/1952
f 1941/780/1941 1940/782/1940 1952/781/1952
f 1941/780/1941 1952/781/1952 1953/779/1953
f 1942/778/1942 1941/780/1941 1953/779/1953
f 1942/778/1942 1953/779/1953 1960/776/1960
f 1943/775/1943 1942/778/1942 1960/776/1960
f 1943/775/1943 1960/776/1960 1959/777/1959
f 1954/773/1954 1974/772/1974 1981/771/1981
f 1981/771/1981 1980/774/1980 1954/773/1954
f 1954/773/1954 1975/759/1975 1982/762/1982
f 1975/759/1975 1954/773/1954 1980/774/1980
f 210/32/210 218/33/218 219/31/219
f 211/30/211 210/32/210 219/31/219
f 211/30/211 219/31/219 227/28/227
f 212/27/212 211/30/211 227/28/227
f 212/27/212 227/28/227 226/29/226
f 220/17/220 238/16/238 247/15/247
f 1955/770/1955 1956/768/1956 1962/767/1962
f 1962/767/1962 1961/769/1961 1955/770/1955
f 1956/768/1956 1957/766/1957 1963/765/1963
f 1963/765/1963 1962/767/1962 1956/768/1956
f 1957/766/1957 1958/764/1958 1964/763/1964
f 1964/763/1964 1963/765/1963 1957/766/1957
f 1958/764/1958 1983/761/1983 1965/760/1965
f 1965/760/1965 1964/763/1964 1958/764/1958
f 1983/761/1983 1982/762/1982 1975/759/1975
f 1975/759/1975 1965/760/1965 1983/761/1983
f 1481/520/1481 1462/522/1462 1489/493/1489
f 1489/493/1489 1488/492/1488 1481/520/1481
f 1462/522/1462 1461/522/1461 1454/493/1454
f 1454/493/1454 1489/493/1489 1462/522/1462
f 1461/522/1461 1460/520/1460 1453/492/1453
f 1453/492/1453 1454/493/1454 1461/522/1461
f 889/286/889 890/284/890 898/328/898
f 675/211/675 695/248/695 676/209/676
f 696/247/696 697/246/697 669/236/669
f 669/236/669 668/238/668 696/247/696
f 1459/518/1459 1480/521/1480 1451/500/1451
f 1451/500/1451 1452/498/1452 1459/518/1459
f 1480/521/1480 1479/518/1479 1450/500/1450
f 1450/500/1450 1451/500/1451 1480/521/1480
f 1479/518/1479 1487/518/1487 1478/498/1478
f 1478/498/1478 1450/500/1450 1479/518/1479
f 1481/520/1481 1449/496/1449 1486/519/1486
f 1449/496/1449 1481/520/1481 1488/492/1488
f 1487/518/1487 1486/519/1486 1449/496/1449
f 1449/496/1449 1478/498/1478 1487/518/1487
f 887/290/887 888/288/888 896/326/896
f 694/249/694 658/240/658 699/244/699
f 1357/514/1357 1395/517/1395 1396/515/1396
f 1357/514/1357 1394/516/1394 1395/517/1395
f 1394/516/1394 1393/517/1393 1395/517/1395
f 1394/516/1394 1392/516/1392 1393/517/1393
f 1392/516/1392 1391/515/1391 1393/517/1393
f 1392/516/1392 1390/514/1390 1391/515/1391
f 1390/514/1390 1389/512/1389 1391/515/1391
f 1390/514/1390 1388/511/1388 1389/512/1389
f 1388/511/1388 1387/513/1387 1389/512/1389
f 1388/511/1388 1386/510/1386 1387/513/1387
f 796/314/796 822/316/822 826/317/826
f 796/314/796 784/315/784 822/316/822
f 857/307/857 894/304/894 893/305/893
f 857/307/857 856/313/856 894/304/894
f 856/313/856 885/303/885 894/304/894
f 856/313/856 855/312/855 885/303/885
f 896/326/896 895/325/895 887/290/887
f 888/288/888 889/286/889 897/327/897
f 1426/507/1426 1458/504/1458 1457/503/1457
f 1426/507/1426 1425/508/1425 1458/504/1458
f 1425/508/1425 1448/505/1448 1458/504/1458
f 1425/508/1425 1424/509/1424 1448/505/1448
f 1424/509/1424 1447/505/1447 1448/505/1448
f 1424/509/1424 1423/509/1423 1447/505/1447
f 1423/509/1423 1446/504/1446 1447/505/1447
f 1423/509/1423 1422/508/1422 1446/504/1446
f 697/246/697 698/245/698 670/234/670
f 670/234/670 669/236/669 697/246/697
f 674/213/674 673/215/673 697/246/697
f 697/246/697 696/247/696 674/213/674
f 816/318/816 815/316/815 817/319/817
f 816/318/816 814/315/814 815/316/815
f 814/315/814 813/317/813 815/316/815
f 814/315/814 812/314/812 813/317/813
f 1020/386/1020 1019/385/1019 1040/377/1040
f 1020/386/1020 1040/377/1040 1041/378/1041
f 1436/506/1436 1457/503/1457 1437/502/1437
f 1436/506/1436 1426/507/1426 1457/503/1457
f 1457/503/1457 1458/504/1458 1435/499/1435
f 1435/499/1435 1434/497/1434 1457/503/1457
f 1457/503/1457 1477/495/1477 1437/502/1437
f 1477/495/1477 1457/503/1457 1434/497/1434
f 1458/504/1458 1448/505/1448 1476/501/1476
f 1476/501/1476 1435/499/1435 1458/504/1458
f 1448/505/1448 1447/505/1447 1475/501/1475
f 1475/501/1475 1476/501/1476 1448/505/1448
f 1447/505/1447 1446/504/1446 1474/499/1474
f 1474/499/1474 1475/501/1475 1447/505/1447
f 673/215/673 672/217/672 698/245/698
f 698/245/698 697/246/697 673/215/673
f 672/217/672 700/219/700 656/242/656
f 656/242/656 698/245/698 672/217/672
f 1021/387/1021 1020/386/1020 1041/378/1041
f 898/328/898 897/327/897 889/286/889
f 1021/387/1021 1041/378/1041 1042/379/1042
f 1022/388/1022 1021/387/1021 1042/379/1042
f 1472/494/1472 1437/502/1437 1477/495/1477
f 1022/388/1022 1042/379/1042 1050/380/1050
f 1434/497/1434 1435/499/1435 1478/498/1478
f 1478/498/1478 1449/496/1449 1434/497/1434
f 1434/497/1434 1488/492/1488 1477/495/1477
f 1488/492/1488 1434/497/1434 1449/496/1449
f 1435/499/1435 1476/501/1476 1450/500/1450
f 1450/500/1450 1478/498/1478 1435/499/1435
f 1476/501/1476 1475/501/1475 1451/500/1451
f 1451/500/1451 1450/500/1450 1476/501/1476
f 1475/501/1475 1474/499/1474 1452/498/1452
f 1452/498/1452 1451/500/1451 1475/501/1475
f 710/207/710 655/243/655 671/220/671
f 655/243/655 710/207/710 699/244/699
f 700/219/700 671/220/671 655/243/655
f 655/243/655 656/242/656 700/219/700
f 1453/492/1453 1473/494/1473 1454/493/1454
f 897/327/897 896/326/896 888/288/888
f 1473/494/1473 1472/494/1472 1489/493/1489
f 1489/493/1489 1454/493/1454 1473/494/1473
f 1472/494/1472 1477/495/1477 1488/492/1488
f 1488/492/1488 1489/493/1489 1472/494/1472
f 1314/464/1314 1295/465/1295 1322/437/1322
f 1322/437/1322 1321/436/1321 1314/464/1314
f 1295/465/1295 1294/465/1294 1286/437/1286
f 1286/437/1286 1322/437/1322 1295/465/1295
f 1294/465/1294 1293/464/1293 1285/436/1285
f 1285/436/1285 1286/437/1286 1294/465/1294
f 1293/464/1293 1292/463/1292 1284/440/1284
f 1284/440/1284 1285/436/1285 1293/464/1293
f 1292/463/1292 1291/462/1291 1283/442/1283
f 1283/442/1283 1284/440/1284 1292/463/1292
f 909/282/909 916/283/916 925/280/925
f 925/280/925 926/281/926 909/282/909
f 710/207/710 711/206/711 694/249/694
f 694/249/694 699/244/699 710/207/710
f 711/206/711 676/209/676 695/248/695
f 695/248/695 694/249/694 711/206/711
f 1314/464/1314 1280/440/1280 1319/463/1319
f 1280/440/1280 1314/464/1314 1321/436/1321
f 1320/462/1320 1319/463/1319 1280/440/1280
f 1280/440/1280 1313/442/1313 1320/462/1320
f 2598/1040/2598 1217/459/1217 1216/456/1216
f 1178/455/1178 1177/458/1177 2593/1035/2593
f 2599/1041/2599 1215/461/1215 1217/459/1217
f 1177/458/1177 1214/460/1214 2592/1034/2592
f 2600/1042/2600 1213/461/1213 1215/461/1215
f 1214/460/1214 1212/460/1212 2591/1033/2591
f 2601/1043/2601 1211/459/1211 1213/461/1213
f 1212/460/1212 1210/458/1210 2590/1032/2590
f 2602/1044/2602 1209/456/1209 1211/459/1211
f 1210/458/1210 1208/455/1208 2589/1031/2589
f 2603/1045/2603 1207/457/1207 1209/456/1209
f 1208/455/1208 1206/454/1206 2596/1038/2596
f 783/318/783 821/321/821 823/319/823
f 783/318/783 820/320/820 821/321/821
f 820/320/820 819/321/819 821/321/821
f 820/320/820 818/320/818 819/321/819
f 818/320/818 817/319/817 819/321/819
f 818/320/818 816/318/816 817/319/817
f 2597/1039/2597 1216/456/1216 1220/457/1220
f 1190/454/1190 1178/455/1178 2594/1036/2594
f 1251/451/1251 1290/448/1290 1289/447/1289
f 1251/451/1251 1250/452/1250 1290/448/1290
f 1250/452/1250 1279/449/1279 1290/448/1290
f 1250/452/1250 1249/453/1249 1279/449/1279
f 1249/453/1249 1278/449/1278 1279/449/1279
f 1249/453/1249 1248/453/1248 1278/449/1278
f 1248/453/1248 1277/448/1277 1278/449/1278
f 1248/453/1248 1247/452/1247 1277/448/1277
f 1247/452/1247 1276/447/1276 1277/448/1277
f 1247/452/1247 1246/451/1246 1276/447/1276
f 1246/451/1246 1275/446/1275 1276/447/1276
f 1246/451/1246 1274/450/1274 1275/446/1275
f 855/312/855 884/302/884 885/303/885
f 855/312/855 854/311/854 884/302/884
f 854/311/854 883/301/883 884/302/884
f 854/311/854 853/310/853 883/301/883
f 853/310/853 882/300/882 883/301/883
f 853/310/853 852/309/852 882/300/882
f 1263/450/1263 1289/447/1289 1264/446/1264
f 1263/450/1263 1251/451/1251 1289/447/1289
f 1289/447/1289 1290/448/1290 1262/443/1262
f 1262/443/1262 1261/441/1261 1289/447/1289
f 1289/447/1289 1312/439/1312 1264/446/1264
f 1312/439/1312 1289/447/1289 1261/441/1261
f 1290/448/1290 1279/449/1279 1311/445/1311
f 1311/445/1311 1262/443/1262 1290/448/1290
f 1279/449/1279 1278/449/1278 1310/445/1310
f 1310/445/1310 1311/445/1311 1279/449/1279
f 1278/449/1278 1277/448/1277 1309/443/1309
f 1309/443/1309 1310/445/1310 1278/449/1278
f 1277/448/1277 1276/447/1276 1308/441/1308
f 1308/441/1308 1309/443/1309 1277/448/1277
f 1276/447/1276 1275/446/1275 1307/439/1307
f 1307/439/1307 1308/441/1308 1276/447/1276
f 852/309/852 881/299/881 882/300/882
f 1306/438/1306 1307/439/1307 1275/446/1275
f 852/309/852 880/308/880 881/299/881
f 1057/365/1057 1058/367/1058 1041/378/1041
f 1305/438/1305 1264/446/1264 1312/439/1312
f 1041/378/1041 1040/377/1040 1057/365/1057
f 1261/441/1261 1262/443/1262 1313/442/1313
f 1313/442/1313 1280/440/1280 1261/441/1261
f 1261/441/1261 1321/436/1321 1312/439/1312
f 1321/436/1321 1261/441/1261 1280/440/1280
f 1262/443/1262 1311/445/1311 1281/444/1281
f 1281/444/1281 1313/442/1313 1262/443/1262
f 1311/445/1311 1310/445/1310 1282/444/1282
f 1282/444/1282 1281/444/1281 1311/445/1311
f 1310/445/1310 1309/443/1309 1283/442/1283
f 1283/442/1283 1282/444/1282 1310/445/1310
f 1309/443/1309 1308/441/1308 1284/440/1284
f 1284/440/1284 1283/442/1283 1309/443/1309
f 1308/441/1308 1307/439/1307 1285/436/1285
f 1285/436/1285 1284/440/1284 1308/441/1308
f 1307/439/1307 1306/438/1306 1286/437/1286
f 1286/437/1286 1285/436/1285 1307/439/1307
f 1306/438/1306 1305/438/1305 1322/437/1322
f 1322/437/1322 1286/437/1286 1306/438/1306
f 1305/438/1305 1312/439/1312 1321/436/1321
f 1321/436/1321 1322/437/1322 1305/438/1305
f 109/1/109 90/2/90 113/3/113
f 113/3/113 112/4/112 109/1/109
f 90/2/90 89/5/89 82/6/82
f 82/6/82 113/3/113 90/2/90
f 89/5/89 88/7/88 81/8/81
f 81/8/81 82/6/82 89/5/89
f 657/241/657 679/232/679 658/240/658
f 657/241/657 644/230/644 679/232/679
f 679/232/679 680/231/680 656/242/656
f 656/242/656 655/243/655 679/232/679
f 87/9/87 108/11/108 79/12/79
f 79/12/79 80/10/80 87/9/87
f 108/11/108 107/13/107 78/14/78
f 78/14/78 79/12/79 108/11/108
f 107/13/107 111/15/111 106/16/106
f 106/16/106 78/14/78 107/13/107
f 109/1/109 77/17/77 110/18/110
f 77/17/77 109/1/109 112/4/112
f 111/15/111 110/18/110 77/17/77
f 77/17/77 106/16/106 111/15/111
f 612/227/612 610/227/610 2605/1047/2605
f 2614/1056/2614 611/226/611 613/226/613
f 1/22/1 39/23/39 40/20/40
f 1/22/1 38/24/38 39/23/39
f 38/24/38 37/23/37 39/23/39
f 38/24/38 36/24/36 37/23/37
f 36/24/36 35/20/35 37/23/37
f 36/24/36 34/22/34 35/20/35
f 34/22/34 33/21/33 35/20/35
f 34/22/34 32/19/32 33/21/33
f 32/19/32 31/25/31 33/21/33
f 32/19/32 30/26/30 31/25/31
f 913/291/913 914/292/914 884/302/884
f 883/301/883 882/300/882 912/289/912
f 912/289/912 913/291/913 883/301/883
f 882/300/882 881/299/881 911/287/911
f 911/287/911 912/289/912 882/300/882
f 963/393/963 997/395/997 998/396/998
f 869/306/869 893/305/893 870/298/870
f 963/393/963 998/396/998 1000/394/1000
f 64/27/64 86/28/86 85/29/85
f 64/27/64 63/30/63 86/28/86
f 63/30/63 76/31/76 86/28/86
f 63/30/63 62/32/62 76/31/76
f 62/32/62 75/33/75 76/31/76
f 62/32/62 61/34/61 75/33/75
f 61/34/61 74/35/74 75/33/75
f 61/34/61 60/36/60 74/35/74
f 641/237/641 640/239/640 668/238/668
f 641/237/641 668/238/668 669/236/669
f 642/235/642 641/237/641 669/236/669
f 642/235/642 669/236/669 670/234/670
f 236/42/236 235/43/235 222/12/222
f 964/390/964 963/393/963 1000/394/1000
f 235/43/235 234/44/234 223/10/223
f 223/10/223 222/12/222 235/43/235
f 1047/362/1047 1056/361/1056 1048/360/1048
f 234/44/234 235/43/235 218/33/218
f 67/38/67 85/29/85 68/37/68
f 67/38/67 64/27/64 85/29/85
f 85/29/85 86/28/86 66/39/66
f 66/39/66 65/40/65 85/29/85
f 85/29/85 105/41/105 68/37/68
f 105/41/105 85/29/85 65/40/65
f 86/28/86 76/31/76 104/42/104
f 104/42/104 66/39/66 86/28/86
f 76/31/76 75/33/75 103/43/103
f 103/43/103 104/42/104 76/31/76
f 75/33/75 74/35/74 102/44/102
f 102/44/102 103/43/103 75/33/75
f 643/233/643 642/235/642 670/234/670
f 643/233/643 670/234/670 680/231/680
f 644/230/644 643/233/643 680/231/680
f 644/230/644 680/231/680 679/232/679
f 1056/361/1056 1055/358/1055 1072/357/1072
f 239/13/239 247/15/247 238/16/238
f 1072/357/1072 1048/360/1048 1056/361/1056
f 1055/358/1055 1060/359/1060 1071/356/1071
f 100/46/100 68/37/68 105/41/105
f 1071/356/1071 1072/357/1072 1055/358/1055
f 65/40/65 66/39/66 106/16/106
f 106/16/106 77/17/77 65/40/65
f 65/40/65 112/4/112 105/41/105
f 112/4/112 65/40/65 77/17/77
f 66/39/66 104/42/104 78/14/78
f 78/14/78 106/16/106 66/39/66
f 104/42/104 103/43/103 79/12/79
f 79/12/79 78/14/78 104/42/104
f 103/43/103 102/44/102 80/10/80
f 80/10/80 79/12/79 103/43/103
f 918/324/918 899/329/899 926/281/926
f 2617/1059/2617 605/228/605 607/224/607
f 869/306/869 857/307/857 893/305/893
f 1019/385/1019 1018/384/1018 1039/376/1039
f 81/8/81 101/45/101 82/6/82
f 221/14/221 222/12/222 240/11/240
f 101/45/101 100/46/100 113/3/113
f 113/3/113 82/6/82 101/45/101
f 100/46/100 105/41/105 112/4/112
f 112/4/112 113/3/113 100/46/100
f 241/1/241 231/2/231 249/3/249
f 249/3/249 248/4/248 241/1/241
f 231/2/231 230/5/230 225/6/225
f 225/6/225 249/3/249 231/2/231
f 230/5/230 229/7/229 224/8/224
f 224/8/224 225/6/225 230/5/230
f 676/209/676 711/206/711 684/205/684
f 684/205/684 683/208/683 676/209/676
f 711/206/711 710/207/710 703/204/703
f 703/204/703 684/205/684 711/206/711
f 228/9/228 240/11/240 222/12/222
f 222/12/222 223/10/223 228/9/228
f 240/11/240 239/13/239 221/14/221
g fff0af14_00156_00432a6c_e2
f 2128/411/2128 2125/415/2125 2115/409/2115
f 2125/415/2125 2128/411/2128 2127/412/2127
f 2116/407/2116 2130/410/2130 2115/409/2115
f 2130/410/2130 2116/407/2116 2131/408/2131
f 2125/415/2125 2127/412/2127 2126/414/2126
f 2127/412/2127 2113/413/2113 2126/414/2126
f 2115/409/2115 2130/410/2130 2128/411/2128
f 122/47/122 123/48/123 140/49/140
f 2132/406/2132 2131/408/2131 2116/407/2116
f 121/50/121 119/51/119 120/52/120
f 118/53/118 119/51/119 121/50/121
f 137/54/137 123/48/123 124/55/124
f 137/54/137 140/49/140 123/48/123
f 118/53/118 121/50/121 122/47/122
f 122/47/122 140/49/140 118/53/118
f 2146/406/2146 2145/408/2145 2154/407/2154
f 2178/411/2178 2179/410/2179 2194/409/2194
f 2167/412/2167 2165/414/2165 2166/413/2166
f 2164/415/2164 2165/414/2165 2167/412/2167
f 2191/407/2191 2179/410/2179 2187/408/2187
f 2191/407/2191 2194/409/2194 2179/410/2179
f 2164/415/2164 2167/412/2167 2178/411/2178
f 2178/411/2178 2194/409/2194 2164/415/2164
f 204/47/204 200/53/200 206/49/206
f 273/47/273 182/53/182 278/49/278
f 182/53/182 273/47/273 185/50/185
f 279/54/279 274/48/274 278/49/278
f 274/48/274 279/54/279 275/55/275
f 182/53/182 185/50/185 183/51/183
f 185/50/185 184/52/184 183/51/183
f 278/49/278 274/48/274 273/47/273
f 2189/406/2189 2191/407/2191 2187/408/2187
f 2151/411/2151 2147/415/2147 2153/409/2153
f 2147/415/2147 2151/411/2151 2150/412/2150
f 2154/407/2154 2152/410/2152 2153/409/2153
f 2152/410/2152 2154/407/2154 2145/408/2145
f 2147/415/2147 2150/412/2150 2148/414/2148
f 2150/412/2150 2149/413/2149 2148/414/2148
f 2153/409/2153 2152/410/2152 2151/411/2151
f 125/56/125 135/55/135 139/54/139
f 136/56/136 137/54/137 124/55/124
f 2755/1153/2755 2762/1148/2762 2768/1151/2768
f 2756/1150/2756 2758/1138/2758 2757/1137/2757
f 2760/1152/2760 2758/1138/2758 2756/1150/2756
f 2752/1149/2752 2762/1148/2762 2754/1139/2754
f 2752/1149/2752 2768/1151/2768 2762/1148/2762
f 2760/1152/2760 2756/1150/2756 2755/1153/2755
f 2755/1153/2755 2768/1151/2768 2760/1152/2760
f 2753/1147/2753 2752/1149/2752 2754/1139/2754
f 2785/1092/2785 2786/1095/2786 2723/1068/2723
f 2723/1068/2723 2725/1062/2725 2785/1092/2785
f 2780/1091/2780 2785/1092/2785 2725/1062/2725
f 2725/1062/2725 2721/1064/2721 2780/1091/2780
f 2786/1095/2786 2779/1097/2779 2724/1067/2724
f 2724/1067/2724 2723/1068/2723 2786/1095/2786
f 2780/1091/2780 2720/1065/2720 2782/1071/2782
f 2720/1065/2720 2780/1091/2780 2721/1064/2721
f 2781/1090/2781 2724/1067/2724 2779/1097/2779
f 2724/1067/2724 2781/1090/2781 2727/1069/2727
f 2783/1114/2783 2727/1069/2727 2781/1090/2781
f 2727/1069/2727 2783/1114/2783 2726/1061/2726
f 2784/1113/2784 2782/1071/2782 2720/1065/2720
f 2720/1065/2720 2722/1063/2722 2784/1113/2784
f 2783/1114/2783 2784/1113/2784 2722/1063/2722
f 2722/1063/2722 2726/1061/2726 2783/1114/2783
f 2667/1153/2667 2674/1148/2674 2680/1151/2680
f 2668/1150/2668 2670/1138/2670 2669/1137/2669
f 2672/1152/2672 2670/1138/2670 2668/1150/2668
f 2664/1149/2664 2674/1148/2674 2666/1139/2666
f 2664/1149/2664 2680/1151/2680 2674/1148/2674
f 2672/1152/2672 2668/1150/2668 2667/1153/2667
f 138/49/138 134/48/134 133/47/133
f 2667/1153/2667 2680/1151/2680 2672/1152/2672
f 14/50/14 13/52/13 12/51/12
f 11/53/11 14/50/14 12/51/12
f 134/48/134 139/54/139 135/55/135
f 139/54/139 134/48/134 138/49/138
f 11/53/11 133/47/133 14/50/14
f 133/47/133 11/53/11 138/49/138
f 2665/1147/2665 2664/1149/2664 2666/1139/2666
f 2215/411/2215 2216/410/2216 2233/409/2233
f 2214/412/2214 2212/414/2212 2213/413/2213
f 2211/415/2211 2212/414/2212 2214/412/2214
f 2230/407/2230 2216/410/2216 2217/408/2217
f 2230/407/2230 2233/409/2233 2216/410/2216
f 2211/415/2211 2214/412/2214 2215/411/2215
f 2215/411/2215 2233/409/2233 2211/415/2211
f 2218/406/2218 2228/408/2228 2232/407/2232
f 2229/406/2229 2230/407/2230 2217/408/2217
f 2231/409/2231 2227/410/2227 2226/411/2226
f 2121/412/2121 2120/413/2120 2119/414/2119
f 2118/415/2118 2121/412/2121 2119/414/2119
f 2227/410/2227 2232/407/2232 2228/408/2228
f 2232/407/2232 2227/410/2227 2231/409/2231
f 2118/415/2118 2226/411/2226 2121/412/2121
f 2226/411/2226 2118/415/2118 2231/409/2231
f 2038/877/2038 2035/878/2035 2029/879/2029
f 2035/878/2035 2038/877/2038 2037/880/2037
f 2030/881/2030 2040/882/2040 2029/879/2029
f 689/259/689 687/258/687 692/257/692
f 2035/878/2035 2037/880/2037 2036/884/2036
f 2037/880/2037 2027/885/2027 2036/884/2036
f 2029/879/2029 2040/882/2040 2038/877/2038
f 304/109/304 303/106/303 288/104/288
f 2050/877/2050 2046/878/2046 2052/879/2052
f 2046/878/2046 2050/877/2050 2049/880/2049
f 2053/881/2053 2051/882/2051 2052/879/2052
f 2051/882/2051 2053/881/2053 2044/883/2044
f 2046/878/2046 2049/880/2049 2047/884/2047
f 2049/880/2049 2048/885/2048 2047/884/2047
f 2052/879/2052 2051/882/2051 2050/877/2050
f 2042/886/2042 2041/883/2041 2030/881/2030
f 18/53/18 21/47/21 20/50/20
f 9/54/9 27/48/27 8/49/8
f 27/48/27 9/54/9 28/55/28
f 18/53/18 20/50/20 19/51/19
f 20/50/20 6/52/6 19/51/19
f 8/49/8 27/48/27 21/47/21
f 369/109/369 383/106/383 387/104/387
f 2045/886/2045 2044/883/2044 2053/881/2053
f 1929/810/1929 1928/807/1928 1937/805/1937
f 263/47/263 262/53/262 264/49/264
f 262/53/262 263/47/263 253/50/253
f 265/54/265 255/48/255 264/49/264
f 255/48/255 265/54/265 256/55/256
f 262/53/262 253/50/253 251/51/251
f 253/50/253 252/52/252 251/51/251
f 1927/810/1927 1926/807/1926 1911/805/1911
f 264/49/264 255/48/255 263/47/263
f 1910/803/1910 1925/806/1925 1923/801/1923
f 1922/804/1922 1908/809/1908 1921/808/1921
f 1920/802/1920 1922/804/1922 1921/808/1921
f 1925/806/1925 1911/805/1911 1926/807/1926
f 1911/805/1911 1925/806/1925 1910/803/1910
f 1920/802/1920 1923/801/1923 1922/804/1922
f 1923/801/1923 1920/802/1920 1910/803/1910
f 300/100/300 297/101/297 287/102/287
f 297/101/297 300/100/300 299/103/299
f 288/104/288 302/105/302 287/102/287
f 302/105/302 288/104/288 303/106/303
f 297/101/297 299/103/299 298/107/298
f 299/103/299 285/108/285 298/107/298
f 287/102/287 302/105/302 300/100/300
f 937/339/937 938/338/938 940/336/940
f 21/47/21 18/53/18 8/49/8
f 959/331/959 942/334/942 943/332/943
f 959/331/959 962/333/962 942/334/942
f 937/339/937 940/336/940 941/335/941
f 941/335/941 962/333/962 937/339/937
f 720/256/720 663/250/663 723/253/723
f 958/330/958 959/331/959 943/332/943
f 663/250/663 720/256/720 691/252/691
f 1934/801/1934 1930/802/1930 1936/803/1936
f 1930/802/1930 1934/801/1934 1933/804/1933
f 1937/805/1937 1935/806/1935 1936/803/1936
f 1935/806/1935 1937/805/1937 1928/807/1928
f 1930/802/1930 1933/804/1933 1931/808/1931
f 1933/804/1933 1932/809/1932 1931/808/1931
f 1936/803/1936 1935/806/1935 1934/801/1934
f 802/336/802 789/337/789 801/338/801
f 381/100/381 290/101/290 386/102/386
f 800/339/800 802/336/802 801/338/801
f 809/334/809 792/331/792 810/332/810
f 792/331/792 809/334/809 791/333/791
f 800/339/800 803/335/803 802/336/802
f 803/335/803 800/339/800 791/333/791
f 941/335/941 942/334/942 962/333/962
f 940/336/940 938/338/938 939/337/939
f 735/257/735 717/251/717 734/252/734
f 717/251/717 735/257/735 718/258/718
f 732/256/732 715/253/715 713/254/713
f 715/253/715 714/255/714 713/254/713
f 734/252/734 717/251/717 733/250/733
f 149/47/149 147/48/147 153/49/153
f 719/259/719 718/258/718 735/257/735
f 1895/717/1895 1893/719/1893 1898/718/1898
f 1888/722/1888 1900/726/1900 1897/720/1897
f 1900/726/1900 1888/722/1888 1903/723/1903
f 1898/718/1898 1891/721/1891 1897/720/1897
f 1891/721/1891 1898/718/1898 1893/719/1893
f 1900/726/1900 1903/723/1903 1901/725/1901
f 1903/723/1903 1902/724/1902 1901/725/1901
f 1897/720/1897 1891/721/1891 1888/722/1888
f 626/252/626 625/251/625 624/250/624
f 1828/707/1828 1827/709/1827 1818/708/1818
f 192/47/192 189/53/189 179/49/179
f 189/53/189 192/47/192 191/50/191
f 180/54/180 194/48/194 179/49/179
f 194/48/194 180/54/180 195/55/195
f 189/53/189 191/50/191 190/51/190
f 191/50/191 177/52/177 190/51/190
f 1831/707/1831 1830/709/1830 1839/708/1839
f 179/49/179 194/48/194 192/47/192
f 1817/710/1817 1826/711/1826 1824/712/1824
f 1823/713/1823 1815/714/1815 1822/715/1822
f 1821/716/1821 1823/713/1823 1822/715/1822
f 1826/711/1826 1818/708/1818 1827/709/1827
f 1818/708/1818 1826/711/1826 1817/710/1817
f 1821/716/1821 1824/712/1824 1823/713/1823
f 1824/712/1824 1821/716/1821 1817/710/1817
f 1836/712/1836 1832/716/1832 1838/710/1838
f 1832/716/1832 1836/712/1836 1835/713/1835
f 1839/708/1839 1837/711/1837 1838/710/1838
f 1837/711/1837 1839/708/1839 1830/709/1830
f 1832/716/1832 1835/713/1835 1833/715/1833
f 1835/713/1835 1834/714/1834 1833/715/1833
f 1838/710/1838 1837/711/1837 1836/712/1836
f 29/56/29 28/55/28 9/54/9
f 1795/662/1795 1796/661/1796 1805/660/1805
f 1793/663/1793 1791/665/1791 1792/664/1792
f 1790/666/1790 1791/665/1791 1793/663/1793
f 1802/658/1802 1796/661/1796 1798/659/1798
f 1802/658/1802 1805/660/1805 1796/661/1796
f 1790/666/1790 1793/663/1793 1795/662/1795
f 1795/662/1795 1805/660/1805 1790/666/1790
f 1801/657/1801 1799/659/1799 1804/658/1804
f 1794/662/1794 1806/666/1806 1803/660/1803
f 1806/666/1806 1794/662/1794 1809/663/1809
f 1804/658/1804 1797/661/1797 1803/660/1803
f 1797/661/1797 1804/658/1804 1799/659/1799
f 1806/666/1806 1809/663/1809 1807/665/1807
f 1809/663/1809 1808/664/1808 1807/665/1807
f 1803/660/1803 1797/661/1797 1794/662/1794
f 1800/657/1800 1802/658/1802 1798/659/1798
f 1732/631/1732 1731/633/1731 1722/632/1722
f 261/56/261 275/55/275 279/54/279
f 200/53/200 204/47/204 203/50/203
f 207/54/207 205/48/205 206/49/206
f 205/48/205 207/54/207 198/55/198
f 200/53/200 203/50/203 201/51/201
f 203/50/203 202/52/202 201/51/201
f 1735/631/1735 1734/633/1734 1743/632/1743
f 206/49/206 205/48/205 204/47/204
f 1721/634/1721 1730/635/1730 1728/636/1728
f 1727/637/1727 1719/638/1719 1726/639/1726
f 1725/640/1725 1727/637/1727 1726/639/1726
f 1730/635/1730 1722/632/1722 1731/633/1731
f 1722/632/1722 1730/635/1730 1721/634/1721
f 1725/640/1725 1728/636/1728 1727/637/1727
f 1728/636/1728 1725/640/1725 1721/634/1721
f 1740/636/1740 1736/640/1736 1742/634/1742
f 1736/640/1736 1740/636/1740 1739/637/1739
f 1743/632/1743 1741/635/1741 1742/634/1742
f 1741/635/1741 1743/632/1743 1734/633/1734
f 1736/640/1736 1739/637/1739 1737/639/1737
f 1739/637/1739 1738/638/1738 1737/639/1737
f 1742/634/1742 1741/635/1741 1740/636/1740
f 257/56/257 256/55/256 265/54/265
f 196/56/196 195/55/195 180/54/180
f 386/102/386 382/105/382 381/100/381
f 293/103/293 292/108/292 291/107/291
f 290/101/290 293/103/293 291/107/291
f 382/105/382 387/104/387 383/106/383
f 387/104/387 382/105/382 386/102/386
f 290/101/290 381/100/381 293/103/293
f 1705/581/1705 1703/583/1703 1708/582/1708
f 1698/586/1698 1710/590/1710 1707/584/1707
f 1710/590/1710 1698/586/1698 1713/587/1713
f 1708/582/1708 1701/585/1701 1707/584/1707
f 1701/585/1701 1708/582/1708 1703/583/1703
f 1710/590/1710 1713/587/1713 1711/589/1711
f 1713/587/1713 1712/588/1712 1711/589/1711
f 1707/584/1707 1701/585/1701 1698/586/1698
f 199/56/199 198/55/198 207/54/207
f 1678/586/1678 1677/590/1677 1679/584/1679
f 1677/590/1677 1678/586/1678 1659/587/1659
f 1680/582/1680 1662/585/1662 1679/584/1679
f 1662/585/1662 1680/582/1680 1663/583/1663
f 1677/590/1677 1659/587/1659 1658/589/1658
f 370/101/370 371/100/371 361/103/361
f 1679/584/1679 1662/585/1662 1678/586/1678
f 623/253/623 622/255/622 621/254/621
f 1664/581/1664 1663/583/1663 1680/582/1680
f 1582/584/1582 1581/585/1581 1580/586/1580
f 1579/587/1579 1578/588/1578 1577/589/1577
f 1576/590/1576 1579/587/1579 1577/589/1577
f 1581/585/1581 1583/582/1583 1572/583/1572
f 1583/582/1583 1581/585/1581 1582/584/1582
f 1576/590/1576 1580/586/1580 1579/587/1579
f 1580/586/1580 1576/590/1576 1582/584/1582
f 1689/586/1689 1541/590/1541 1694/584/1694
f 1541/590/1541 1689/586/1689 1543/587/1543
f 1695/582/1695 1690/585/1690 1694/584/1694
f 1690/585/1690 1695/582/1695 1691/583/1691
f 1541/590/1541 1543/587/1543 1542/589/1542
f 371/100/371 370/101/370 372/102/372
f 1694/584/1694 1690/585/1690 1689/586/1689
f 1692/581/1692 1693/582/1693 1675/583/1675
f 1676/581/1676 1691/583/1691 1695/582/1695
f 1673/586/1673 1696/584/1696 1669/590/1669
f 1669/590/1669 1672/587/1672 1673/586/1673
f 1693/582/1693 1696/584/1696 1674/585/1674
f 1693/582/1693 1674/585/1674 1675/583/1675
f 1669/590/1669 1670/589/1670 1672/587/1672
f 1672/587/1672 1670/589/1670 1671/588/1671
f 1673/586/1673 1674/585/1674 1696/584/1696
f 1550/586/1550 1547/590/1547 1538/584/1538
f 1547/590/1547 1550/586/1550 1549/587/1549
f 1539/582/1539 1556/585/1556 1538/584/1538
f 1556/585/1556 1539/582/1539 1557/583/1557
f 1547/590/1547 1549/587/1549 1548/589/1548
f 1549/587/1549 1536/588/1536 1548/589/1548
f 1538/584/1538 1556/585/1556 1550/586/1550
f 165/47/165 169/49/169 162/53/162
f 1558/581/1558 1557/583/1557 1539/582/1539
f 162/53/162 167/50/167 165/47/165
f 158/54/158 169/49/169 163/48/163
f 158/54/158 163/48/163 160/55/160
f 162/53/162 168/51/168 167/50/167
f 167/50/167 168/51/168 161/52/161
f 165/47/165 163/48/163 169/49/169
f 1573/581/1573 1572/583/1572 1583/582/1583
f 1619/586/1619 1620/585/1620 1636/584/1636
f 1605/587/1605 1603/589/1603 1604/588/1604
f 1602/590/1602 1603/589/1603 1605/587/1605
f 1633/582/1633 1620/585/1620 1629/583/1629
f 1633/582/1633 1636/584/1636 1620/585/1620
f 1602/590/1602 1605/587/1605 1619/586/1619
f 1619/586/1619 1636/584/1636 1602/590/1602
f 1632/581/1632 1630/583/1630 1635/582/1635
f 1606/586/1606 1665/590/1665 1634/584/1634
f 1665/590/1665 1606/586/1606 1668/587/1668
f 1635/582/1635 1628/585/1628 1634/584/1634
f 1628/585/1628 1635/582/1635 1630/583/1630
f 1665/590/1665 1668/587/1668 1666/589/1666
f 1668/587/1668 1667/588/1667 1666/589/1666
f 1634/584/1634 1628/585/1628 1606/586/1606
f 1631/581/1631 1633/582/1633 1629/583/1629
f 1429/528/1429 1427/527/1427 1433/526/1433
f 1431/529/1431 1432/531/1432 1420/530/1420
f 1421/532/1421 1432/531/1432 1431/529/1431
f 1417/524/1417 1427/527/1427 1419/525/1419
f 1417/524/1417 1433/526/1433 1427/527/1427
f 1421/532/1421 1431/529/1431 1429/528/1429
f 1429/528/1429 1433/526/1433 1421/532/1421
f 373/104/373 363/105/363 372/102/372
f 1418/523/1418 1417/524/1417 1419/525/1419
f 363/105/363 373/104/373 364/106/364
f 370/101/370 361/103/361 359/107/359
f 361/103/361 360/108/360 359/107/359
f 372/102/372 363/105/363 371/100/371
f 43/56/43 42/55/42 53/54/53
f 365/109/365 364/106/364 373/104/373
f 314/102/314 313/105/313 312/100/312
f 1511/528/1511 1510/532/1510 1512/526/1512
f 1510/532/1510 1511/528/1511 1493/529/1493
f 1513/524/1513 1495/527/1495 1512/526/1512
f 1495/527/1495 1513/524/1513 1496/525/1496
f 1510/532/1510 1493/529/1493 1491/531/1491
f 1493/529/1493 1492/530/1492 1491/531/1491
f 1512/526/1512 1495/527/1495 1511/528/1511
f 724/256/724 727/253/727 728/250/728
f 1497/523/1497 1496/525/1496 1513/524/1513
f 1408/526/1408 1407/527/1407 1406/528/1406
f 1405/529/1405 1404/530/1404 1403/531/1403
f 1402/532/1402 1405/529/1405 1403/531/1403
f 1407/527/1407 1409/524/1409 1398/525/1398
f 1409/524/1409 1407/527/1407 1408/526/1408
f 1402/532/1402 1406/528/1406 1405/529/1405
f 1406/528/1406 1402/532/1402 1408/526/1408
f 1521/528/1521 1367/532/1367 1526/526/1526
f 1367/532/1367 1521/528/1521 1370/529/1370
f 1527/524/1527 1522/527/1522 1526/526/1526
f 1522/527/1522 1527/524/1527 1523/525/1523
f 1367/532/1367 1370/529/1370 1368/531/1368
f 1370/529/1370 1369/530/1369 1368/531/1368
f 1526/526/1526 1522/527/1522 1521/528/1521
f 1524/523/1524 1525/524/1525 1508/525/1508
f 1509/523/1509 1523/525/1523 1527/524/1527
f 1506/528/1506 1528/526/1528 1502/532/1502
f 1502/532/1502 1505/529/1505 1506/528/1506
f 1525/524/1525 1528/526/1528 1507/527/1507
f 1525/524/1525 1507/527/1507 1508/525/1508
f 1502/532/1502 1503/531/1503 1505/529/1505
f 1505/529/1505 1503/531/1503 1504/530/1504
f 1506/528/1506 1507/527/1507 1528/526/1528
f 1377/528/1377 1374/532/1374 1364/526/1364
f 1374/532/1374 1377/528/1377 1376/529/1376
f 1365/524/1365 1383/527/1383 1364/526/1364
f 1383/527/1383 1365/524/1365 1384/525/1384
f 1374/532/1374 1376/529/1376 1375/531/1375
f 1376/529/1376 1362/530/1362 1375/531/1375
f 1364/526/1364 1383/527/1383 1377/528/1377
f 747/257/747 750/252/750 729/251/729
f 1385/523/1385 1384/525/1384 1365/524/1365
f 747/257/747 729/251/729 730/258/730
f 724/256/724 725/254/725 727/253/727
f 727/253/727 725/254/725 726/255/726
f 728/250/728 729/251/729 750/252/750
f 595/250/595 592/256/592 582/252/582
f 143/56/143 142/54/142 144/55/144
f 1399/523/1399 1398/525/1398 1409/524/1409
f 1455/528/1455 1456/527/1456 1471/526/1471
f 1441/529/1441 1439/531/1439 1440/530/1440
f 1438/532/1438 1439/531/1439 1441/529/1441
f 1468/524/1468 1456/527/1456 1464/525/1464
f 1468/524/1468 1471/526/1471 1456/527/1456
f 1438/532/1438 1441/529/1441 1455/528/1455
f 1455/528/1455 1471/526/1471 1438/532/1438
f 1467/523/1467 1465/525/1465 1470/524/1470
f 1442/528/1442 1498/532/1498 1469/526/1469
f 1498/532/1498 1442/528/1442 1501/529/1501
f 1470/524/1470 1463/527/1463 1469/526/1469
f 1463/527/1463 1470/524/1470 1465/525/1465
f 1498/532/1498 1501/529/1501 1499/531/1499
f 1501/529/1501 1500/530/1500 1499/531/1499
f 1469/526/1469 1463/527/1463 1442/528/1442
f 1466/523/1466 1468/524/1468 1464/525/1464
f 72/50/72 70/51/70 71/52/71
f 69/53/69 70/51/70 72/50/72
f 96/54/96 84/48/84 92/55/92
f 96/54/96 99/49/99 84/48/84
f 69/53/69 72/50/72 83/47/83
f 811/330/811 810/332/810 792/331/792
f 83/47/83 99/49/99 69/53/69
f 1270/466/1270 1271/468/1271 1241/467/1241
f 791/333/791 809/334/809 803/335/803
f 1273/469/1273 1272/470/1272 1253/471/1253
f 1255/472/1255 1257/473/1257 1258/474/1258
f 1259/475/1259 1255/472/1255 1258/474/1258
f 1272/470/1272 1241/467/1241 1271/468/1271
f 1241/467/1241 1272/470/1272 1273/469/1273
f 1259/475/1259 1253/471/1253 1255/472/1255
f 1253/471/1253 1259/475/1259 1273/469/1273
f 311/103/311 310/108/310 309/107/309
f 308/101/308 311/103/311 309/107/309
f 313/105/313 315/104/315 306/106/306
f 315/104/315 313/105/313 314/102/314
f 308/101/308 312/100/312 311/103/311
f 312/100/312 308/101/308 314/102/314
f 647/250/647 645/251/645 654/252/654
f 159/56/159 158/54/158 160/55/160
f 649/253/649 652/254/652 638/255/638
f 1229/469/1229 1228/470/1228 1227/471/1227
f 1226/472/1226 1225/473/1225 1224/474/1224
f 1223/475/1223 1226/472/1226 1224/474/1224
f 1228/470/1228 1230/467/1230 1218/468/1218
f 1230/467/1230 1228/470/1228 1229/469/1229
f 1223/475/1223 1227/471/1227 1226/472/1226
f 1227/471/1227 1223/475/1223 1229/469/1229
f 639/256/639 652/254/652 649/253/649
f 635/257/635 645/251/645 637/258/637
f 635/257/635 654/252/654 645/251/645
f 639/256/639 649/253/649 647/250/647
f 647/250/647 654/252/654 639/256/639
f 664/259/664 665/258/665 634/257/634
f 636/259/636 635/257/635 637/258/637
f 1352/466/1352 1353/467/1353 1337/468/1337
f 667/252/667 666/251/666 646/250/646
f 1335/471/1335 1356/469/1356 1331/475/1331
f 1331/475/1331 1334/472/1334 1335/471/1335
f 1353/467/1353 1356/469/1356 1336/470/1336
f 1353/467/1353 1336/470/1336 1337/468/1337
f 1331/475/1331 1332/474/1332 1334/472/1334
f 1334/472/1334 1332/474/1332 1333/473/1333
f 1335/471/1335 1336/470/1336 1356/469/1356
f 1197/471/1197 1194/475/1194 1185/469/1185
f 1194/475/1194 1197/471/1197 1196/472/1196
f 1186/467/1186 1203/470/1203 1185/469/1185
f 1203/470/1203 1186/467/1186 1204/468/1204
f 1194/475/1194 1196/472/1196 1195/474/1195
f 1196/472/1196 1183/473/1183 1195/474/1195
f 1185/469/1185 1203/470/1203 1197/471/1197
f 620/256/620 623/253/623 621/254/621
f 1205/466/1205 1204/468/1204 1186/467/1186
f 625/251/625 627/257/627 616/258/616
f 627/257/627 625/251/625 626/252/626
f 620/256/620 624/250/624 623/253/623
f 624/250/624 620/256/620 626/252/626
f 743/250/743 585/256/585 748/252/748
f 585/256/585 743/250/743 588/253/588
f 1219/466/1219 1218/468/1218 1230/467/1230
f 1287/471/1287 1288/470/1288 1304/469/1304
f 1268/472/1268 1266/474/1266 1267/473/1267
f 1265/475/1265 1266/474/1266 1268/472/1268
f 1301/467/1301 1288/470/1288 1297/468/1297
f 1301/467/1301 1304/469/1304 1288/470/1288
f 1265/475/1265 1268/472/1268 1287/471/1287
f 1287/471/1287 1304/469/1304 1265/475/1265
f 648/253/648 650/255/650 651/254/651
f 653/256/653 648/253/648 651/254/651
f 666/251/666 634/257/634 665/258/665
f 634/257/634 666/251/666 667/252/667
f 653/256/653 646/250/646 648/253/648
f 646/250/646 653/256/653 667/252/667
f 733/250/733 732/256/732 734/252/734
f 732/256/732 733/250/733 715/253/715
f 1299/466/1299 1301/467/1301 1297/468/1297
f 756/256/756 762/254/762 761/253/761
f 752/257/752 757/251/757 754/258/754
f 752/257/752 763/252/763 757/251/757
f 756/256/756 761/253/761 759/250/759
f 759/250/759 763/252/763 756/256/756
f 603/259/603 602/258/602 583/257/583
f 753/259/753 752/257/752 754/258/754
f 151/50/151 152/51/152 145/52/145
f 582/252/582 601/251/601 595/250/595
f 594/253/594 580/255/580 593/254/593
f 592/256/592 594/253/594 593/254/593
f 601/251/601 583/257/583 602/258/602
f 583/257/583 601/251/601 582/252/582
f 592/256/592 595/250/595 594/253/594
f 775/250/775 773/251/773 779/252/779
f 1172/330/1172 1173/331/1173 1163/332/1163
f 777/253/777 778/254/778 771/255/771
f 1161/335/1161 1176/333/1176 1157/339/1157
f 1157/339/1157 1160/336/1160 1161/335/1161
f 1173/331/1173 1176/333/1176 1162/334/1162
f 1173/331/1173 1162/334/1162 1163/332/1163
f 1157/339/1157 1158/338/1158 1160/336/1160
f 1160/336/1160 1158/338/1158 1159/337/1159
f 1161/335/1161 1162/334/1162 1176/333/1176
f 1132/335/1132 1133/334/1133 1142/333/1142
f 1130/336/1130 1128/338/1128 1129/337/1129
f 1127/339/1127 1128/338/1128 1130/336/1130
f 1139/331/1139 1133/334/1133 1135/332/1135
f 1139/331/1139 1142/333/1142 1133/334/1133
f 1127/339/1127 1130/336/1130 1132/335/1132
f 1132/335/1132 1142/333/1142 1127/339/1127
f 772/256/772 778/254/778 777/253/777
f 768/257/768 773/251/773 770/258/770
f 768/257/768 779/252/779 773/251/773
f 772/256/772 777/253/777 775/250/775
f 775/250/775 779/252/779 772/256/772
f 728/250/728 750/252/750 724/256/724
f 769/259/769 768/257/768 770/258/770
f 731/259/731 745/258/745 749/257/749
f 1137/330/1137 1139/331/1139 1135/332/1135
f 1026/411/1026 1024/410/1024 1030/409/1030
f 1028/412/1028 1029/414/1029 1016/413/1016
f 1017/415/1017 1029/414/1029 1028/412/1028
f 1013/407/1013 1024/410/1024 1015/408/1015
f 1013/407/1013 1030/409/1030 1024/410/1024
f 1017/415/1017 1028/412/1028 1026/411/1026
f 1026/411/1026 1030/409/1030 1017/415/1017
f 761/253/761 762/254/762 755/255/755
f 1014/406/1014 1013/407/1013 1015/408/1015
f 746/259/746 747/257/747 730/258/730
f 748/252/748 744/251/744 743/250/743
f 588/253/588 587/255/587 586/254/586
f 585/256/585 588/253/588 586/254/586
f 744/251/744 749/257/749 745/258/745
f 749/257/749 744/251/744 748/252/748
f 903/330/903 905/331/905 901/332/901
f 1091/411/1091 1090/415/1090 1092/409/1092
f 1090/415/1090 1091/411/1091 1076/412/1076
f 1093/407/1093 1079/410/1079 1092/409/1092
f 1079/410/1079 1093/407/1093 1080/408/1080
f 1090/415/1090 1076/412/1076 1074/414/1074
f 1076/412/1076 1075/413/1075 1074/414/1074
f 1092/409/1092 1079/410/1079 1091/411/1091
f 50/47/50 46/53/46 52/49/52
f 1081/406/1081 1080/408/1080 1093/407/1093
f 1010/409/1010 1009/410/1009 1008/411/1008
f 1007/412/1007 1006/413/1006 1005/414/1005
f 1004/415/1004 1007/412/1007 1005/414/1005
f 1009/410/1009 1011/407/1011 1002/408/1002
f 1011/407/1011 1009/410/1009 1010/409/1010
f 1004/415/1004 1008/411/1008 1007/412/1007
f 1008/411/1008 1004/415/1004 1010/409/1010
f 1101/411/1101 974/415/974 1106/409/1106
f 974/415/974 1101/411/1101 977/412/977
f 1107/407/1107 1102/410/1102 1106/409/1106
f 1102/410/1102 1107/407/1107 1103/408/1103
f 974/415/974 977/412/977 975/414/975
f 977/412/977 976/413/976 975/414/975
f 1106/409/1106 1102/410/1102 1101/411/1101
f 1104/406/1104 1105/407/1105 1088/408/1088
f 1089/406/1089 1103/408/1103 1107/407/1107
f 1086/411/1086 1108/409/1108 1082/415/1082
f 1082/415/1082 1085/412/1085 1086/411/1086
f 1105/407/1105 1108/409/1108 1087/410/1087
f 1105/407/1105 1087/410/1087 1088/408/1088
f 1082/415/1082 1083/414/1083 1085/412/1085
f 1085/412/1085 1083/414/1083 1084/413/1084
f 1086/411/1086 1087/410/1087 1108/409/1108
f 984/411/984 981/415/981 971/409/971
f 981/415/981 984/411/984 983/412/983
f 972/407/972 986/410/986 971/409/971
f 986/410/986 972/407/972 987/408/987
f 981/415/981 983/412/983 982/414/982
f 983/412/983 969/413/969 982/414/982
f 971/409/971 986/410/986 984/411/984
f 46/53/46 50/47/50 49/50/49
f 988/406/988 987/408/987 972/407/972
f 53/54/53 51/48/51 52/49/52
f 51/48/51 53/54/53 42/55/42
f 46/53/46 49/50/49 47/51/47
f 49/50/49 48/52/48 47/51/47
f 52/49/52 51/48/51 50/47/50
f 307/109/307 306/106/306 315/104/315
f 1003/406/1003 1002/408/1002 1011/407/1011
f 2697/1092/2697 2698/1095/2698 2635/1068/2635
f 2635/1068/2635 2637/1062/2637 2697/1092/2697
f 2692/1091/2692 2697/1092/2697 2637/1062/2637
f 2637/1062/2637 2633/1064/2633 2692/1091/2692
f 2698/1095/2698 2691/1097/2691 2636/1067/2636
f 2636/1067/2636 2635/1068/2635 2698/1095/2698
f 2692/1091/2692 2632/1065/2632 2694/1071/2694
f 2632/1065/2632 2692/1091/2692 2633/1064/2633
f 511/187/511 513/185/513 509/186/509
f 514/180/514 508/179/508 483/178/483
f 548/181/548 547/183/547 546/182/546
f 545/184/545 548/181/548 546/182/546
f 508/179/508 515/185/515 510/186/510
f 515/185/515 508/179/508 514/180/514
f 545/184/545 483/178/483 548/181/548
f 483/178/483 545/184/545 514/180/514
f 512/187/512 510/186/510 515/185/515
f 499/178/499 516/180/516 479/184/479
f 479/184/479 482/181/482 499/178/499
f 513/185/513 516/180/516 500/179/500
f 513/185/513 500/179/500 509/186/509
f 479/184/479 480/182/480 482/181/482
f 482/181/482 480/182/480 481/183/481
f 499/178/499 500/179/500 516/180/516
f 2693/1090/2693 2636/1067/2636 2691/1097/2691
f 2636/1067/2636 2693/1090/2693 2639/1069/2639
f 2695/1114/2695 2639/1069/2639 2693/1090/2693
f 2639/1069/2639 2695/1114/2695 2638/1061/2638
f 2696/1113/2696 2694/1071/2694 2632/1065/2632
f 2632/1065/2632 2634/1063/2634 2696/1113/2696
f 2695/1114/2695 2696/1113/2696 2634/1063/2634
f 2634/1063/2634 2638/1061/2638 2695/1114/2695
f 433/187/433 432/186/432 444/185/444
f 94/56/94 96/54/96 92/55/92
f 97/49/97 91/48/91 73/47/73
f 117/50/117 116/52/116 115/51/115
f 114/53/114 117/50/117 115/51/115
f 91/48/91 98/54/98 93/55/93
f 98/54/98 91/48/91 97/49/97
f 419/187/419 418/186/418 398/185/398
f 114/53/114 73/47/73 117/50/117
f 397/180/397 417/179/417 411/178/411
f 410/181/410 395/183/395 409/182/409
f 408/184/408 410/181/410 409/182/409
f 417/179/417 398/185/398 418/186/418
f 398/185/398 417/179/417 397/180/397
f 408/184/408 411/178/411 410/181/410
f 411/178/411 408/184/408 397/180/397
f 553/178/553 554/179/554 574/180/574
f 552/181/552 550/182/550 551/183/551
f 549/184/549 550/182/550 552/181/552
f 571/185/571 554/179/554 555/186/555
f 571/185/571 574/180/574 554/179/554
f 549/184/549 552/181/552 553/178/553
f 553/178/553 574/180/574 549/184/549
f 556/187/556 569/186/569 573/185/573
f 570/187/570 571/185/571 555/186/555
f 572/180/572 568/179/568 567/178/567
f 403/181/403 402/183/402 401/182/401
f 400/184/400 403/181/403 401/182/401
f 568/179/568 573/185/573 569/186/569
f 573/185/573 568/179/568 572/180/572
f 400/184/400 567/178/567 403/181/403
f 567/178/567 400/184/400 572/180/572
f 441/178/441 437/184/437 443/180/443
f 437/184/437 441/178/441 440/181/440
f 444/185/444 442/179/442 443/180/443
f 442/179/442 444/185/444 432/186/432
f 437/184/437 440/181/440 438/182/438
f 440/181/440 439/183/439 438/182/438
f 443/180/443 442/179/442 441/178/441
f 544/187/544 543/186/543 560/185/560
f 73/47/73 114/53/114 97/49/97
f 559/180/559 542/179/542 558/178/558
f 539/181/539 537/183/537 536/182/536
f 557/184/557 539/181/539 536/182/536
f 542/179/542 560/185/560 543/186/543
f 560/185/560 542/179/542 559/180/559
f 557/184/557 558/178/558 539/181/539
f 558/178/558 557/184/557 559/180/559
f 467/178/467 473/184/473 487/180/487
f 473/184/473 467/178/467 469/181/469
f 455/185/455 486/179/486 487/180/487
f 486/179/486 455/185/455 485/186/485
f 473/184/473 469/181/469 472/182/472
f 469/181/469 471/183/471 472/182/472
f 487/180/487 486/179/486 467/178/467
f 759/250/759 757/251/757 763/252/763
f 484/187/484 485/186/485 455/185/455
f 688/259/688 690/257/690 686/258/686
f 691/252/691 685/251/685 663/250/663
f 723/253/723 722/255/722 721/254/721
f 720/256/720 723/253/723 721/254/721
f 685/251/685 692/257/692 687/258/687
f 692/257/692 685/251/685 691/252/691
f 891/335/891 908/333/908 871/339/871
f 871/339/871 874/336/874 891/335/891
f 905/331/905 908/333/908 892/334/892
f 905/331/905 892/334/892 901/332/901
f 871/339/871 872/338/872 874/336/874
f 874/336/874 872/338/872 873/337/873
f 891/335/891 892/334/892 908/333/908
f 825/330/825 824/332/824 836/331/836
f 876/330/876 877/332/877 847/331/847
f 83/47/83 84/48/84 99/49/99
f 879/333/879 878/334/878 859/335/859
f 861/336/861 863/337/863 864/338/864
f 865/339/865 861/336/861 864/338/864
f 878/334/878 847/331/847 877/332/877
f 847/331/847 878/334/878 879/333/879
f 865/339/865 859/335/859 861/336/861
f 859/335/859 865/339/865 879/333/879
f 142/54/142 147/48/147 144/55/144
f 142/54/142 153/49/153 147/48/147
f 146/53/146 151/50/151 149/47/149
f 149/47/149 153/49/153 146/53/146
f 146/53/146 152/51/152 151/50/151
f 617/259/617 616/258/616 627/257/627
f 677/250/677 678/251/678 693/252/693
f 95/56/95 93/55/93 98/54/98
f 662/253/662 660/254/660 661/255/661
f 835/333/835 834/334/834 833/335/833
f 832/336/832 831/337/831 830/338/830
f 829/339/829 832/336/832 830/338/830
f 834/334/834 836/331/836 824/332/824
f 836/331/836 834/334/834 835/333/835
f 829/339/829 833/335/833 832/336/832
f 833/335/833 829/339/829 835/333/835
f 659/256/659 660/254/660 662/253/662
f 690/257/690 678/251/678 686/258/686
f 690/257/690 693/252/693 678/251/678
f 659/256/659 662/253/662 677/250/677
f 677/250/677 693/252/693 659/256/659
g fff0af14_00156_00432a6c_e0
f 2194/417/2194 2193/435/2193 2192/418/2192
f 2194/417/2194 2191/434/2191 2193/435/2193
f 2191/434/2191 2190/433/2190 2193/435/2193
f 2191/434/2191 2189/432/2189 2190/433/2190
f 2189/432/2189 2188/431/2188 2190/433/2190
f 2189/432/2189 2187/430/2187 2188/431/2188
f 2187/430/2187 2186/429/2186 2188/431/2188
f 2187/430/2187 2179/428/2179 2186/429/2186
f 937/340/937 962/341/962 960/342/960
f 937/340/937 960/342/960 794/343/794
f 296/113/296 295/115/295 307/114/307
f 296/113/296 307/114/307 315/111/315
f 92/71/92 91/70/91 93/72/93
f 92/71/92 84/69/84 91/70/91
f 635/278/635 664/277/664 634/279/634
f 635/278/635 636/276/636 664/277/664
f 636/276/636 665/275/665 664/277/664
f 636/276/636 637/274/637 665/275/665
f 2164/416/2164 2192/418/2192 2210/419/2210
f 2164/416/2164 2194/417/2194 2192/418/2192
f 2219/416/2219 2117/417/2117 2115/418/2115
f 2219/416/2219 2115/418/2115 2125/419/2125
f 2220/420/2220 2219/416/2219 2125/419/2125
f 2220/420/2220 2125/419/2125 2126/421/2126
f 2221/422/2221 2220/420/2220 2126/421/2126
f 2221/422/2221 2126/421/2126 2113/423/2113
f 2222/424/2222 2221/422/2221 2113/423/2113
f 2222/424/2222 2113/423/2113 2127/425/2127
f 951/346/951 950/344/950 802/345/802
f 951/346/951 802/345/802 803/347/803
f 952/348/952 951/346/951 803/347/803
f 952/348/952 803/347/803 809/349/809
f 2224/430/2224 2223/428/2223 2130/429/2130
f 2224/430/2224 2130/429/2130 2131/431/2131
f 2225/432/2225 2224/430/2224 2131/431/2131
f 2225/432/2225 2131/431/2131 2132/433/2132
f 2114/434/2114 2225/432/2225 2132/433/2132
f 2114/434/2114 2132/433/2132 2116/435/2116
f 2117/417/2117 2114/434/2114 2116/435/2116
f 2117/417/2117 2116/435/2116 2115/418/2115
f 2768/1146/2768 2751/1130/2751 2759/1145/2759
f 2768/1146/2768 2752/1129/2752 2751/1130/2751
f 2752/1129/2752 2777/1128/2777 2751/1130/2751
f 2752/1129/2752 2753/1127/2753 2777/1128/2777
f 2753/1127/2753 2778/1126/2778 2777/1128/2777
f 2753/1127/2753 2754/1125/2754 2778/1126/2778
f 2754/1125/2754 2761/1124/2761 2778/1126/2778
f 2754/1125/2754 2762/1123/2762 2761/1124/2761
f 2762/1123/2762 2763/1122/2763 2761/1124/2761
f 2762/1123/2762 2755/1144/2755 2763/1122/2763
f 2755/1144/2755 2764/1143/2764 2763/1122/2763
f 2755/1144/2755 2756/1142/2756 2764/1143/2764
f 2756/1142/2756 2765/1141/2765 2764/1143/2764
f 2756/1142/2756 2757/1140/2757 2765/1141/2765
f 2757/1140/2757 2766/1157/2766 2765/1141/2765
f 2757/1140/2757 2758/1156/2758 2766/1157/2766
f 2758/1156/2758 2767/1155/2767 2766/1157/2766
f 2758/1156/2758 2760/1154/2760 2767/1155/2767
f 2760/1154/2760 2759/1145/2759 2767/1155/2767
f 2760/1154/2760 2768/1146/2768 2759/1145/2759
f 2769/1098/2769 2779/1097/2779 2776/1096/2776
f 2779/1097/2779 2786/1095/2786 2776/1096/2776
f 2770/1094/2770 2775/1093/2775 2785/1092/2785
f 2780/1091/2780 2770/1094/2770 2785/1092/2785
f 2779/1097/2779 2769/1098/2769 2781/1090/2781
f 2769/1098/2769 2771/1089/2771 2781/1090/2781
f 2772/1072/2772 2770/1094/2770 2780/1091/2780
f 2782/1071/2782 2772/1072/2772 2780/1091/2780
f 2771/1089/2771 2773/1070/2773 2783/1114/2783
f 2781/1090/2781 2771/1089/2771 2783/1114/2783
f 2782/1071/2782 2784/1113/2784 2774/1112/2774
f 2772/1072/2772 2782/1071/2782 2774/1112/2774
f 2784/1113/2784 2783/1114/2783 2773/1070/2773
f 2774/1112/2774 2784/1113/2784 2773/1070/2773
f 2786/1095/2786 2785/1092/2785 2775/1093/2775
f 2776/1096/2776 2786/1095/2786 2775/1093/2775
f 2680/1146/2680 2663/1130/2663 2671/1145/2671
f 2680/1146/2680 2664/1129/2664 2663/1130/2663
f 2664/1129/2664 2689/1128/2689 2663/1130/2663
f 2664/1129/2664 2665/1127/2665 2689/1128/2689
f 2665/1127/2665 2690/1126/2690 2689/1128/2689
f 2665/1127/2665 2666/1125/2666 2690/1126/2690
f 2666/1125/2666 2673/1124/2673 2690/1126/2690
f 2666/1125/2666 2674/1123/2674 2673/1124/2673
f 2674/1123/2674 2675/1122/2675 2673/1124/2673
f 2674/1123/2674 2667/1144/2667 2675/1122/2675
f 2667/1144/2667 2676/1143/2676 2675/1122/2675
f 2667/1144/2667 2668/1142/2668 2676/1143/2676
f 2668/1142/2668 2677/1141/2677 2676/1143/2676
f 2668/1142/2668 2669/1140/2669 2677/1141/2677
f 2669/1140/2669 2678/1157/2678 2677/1141/2677
f 2669/1140/2669 2670/1156/2670 2678/1157/2678
f 2670/1156/2670 2679/1155/2679 2678/1157/2678
f 2670/1156/2670 2672/1154/2672 2679/1155/2679
f 2672/1154/2672 2671/1145/2671 2679/1155/2679
f 2672/1154/2672 2680/1146/2680 2671/1145/2671
f 2681/1098/2681 2691/1097/2691 2688/1096/2688
f 2691/1097/2691 2698/1095/2698 2688/1096/2688
f 2682/1094/2682 2687/1093/2687 2697/1092/2697
f 2692/1091/2692 2682/1094/2682 2697/1092/2697
f 2211/416/2211 2233/417/2233 2231/418/2231
f 2211/416/2211 2231/418/2231 2118/419/2118
f 260/71/260 274/70/274 275/72/275
f 260/71/260 259/69/259 274/70/274
f 775/270/775 776/269/776 774/271/774
f 775/270/775 777/268/777 776/269/776
f 769/276/769 781/275/781 780/277/780
f 769/276/769 770/274/770 781/275/781
f 953/350/953 952/348/952 809/349/809
f 953/350/953 809/349/809 810/351/810
f 954/352/954 953/350/953 810/351/810
f 954/352/954 810/351/810 811/353/811
f 2217/430/2217 2216/428/2216 2227/429/2227
f 2217/430/2217 2227/429/2227 2228/431/2228
f 2229/432/2229 2217/430/2217 2228/431/2228
f 2229/432/2229 2228/431/2228 2218/433/2218
f 2230/434/2230 2229/432/2229 2218/433/2218
f 2230/434/2230 2218/433/2218 2232/435/2232
f 2233/417/2233 2230/434/2230 2232/435/2232
f 2233/417/2233 2232/435/2232 2231/418/2231
f 2112/417/2112 2154/435/2154 2153/418/2153
f 2112/417/2112 2124/434/2124 2154/435/2154
f 2124/434/2124 2146/433/2146 2154/435/2154
f 2124/434/2124 2123/432/2123 2146/433/2146
f 2123/432/2123 2145/431/2145 2146/433/2146
f 2123/432/2123 2122/430/2122 2145/431/2145
f 2122/430/2122 2152/429/2152 2145/431/2145
f 2122/430/2122 2111/428/2111 2152/429/2152
f 790/354/790 954/352/954 811/353/811
f 790/354/790 811/353/811 792/355/792
f 793/341/793 790/354/790 792/355/792
f 793/341/793 792/355/792 791/342/791
f 2110/424/2110 2149/423/2149 2150/425/2150
f 2110/424/2110 2109/422/2109 2149/423/2149
f 2109/422/2109 2148/421/2148 2149/423/2149
f 2109/422/2109 2144/420/2144 2148/421/2148
f 2144/420/2144 2147/419/2147 2148/421/2148
f 2144/420/2144 2129/416/2129 2147/419/2147
f 2129/416/2129 2153/418/2153 2147/419/2147
f 2129/416/2129 2112/417/2112 2153/418/2153
f 2031/887/2031 2030/888/2030 2029/889/2029
f 2031/887/2031 2028/890/2028 2030/888/2030
f 2028/890/2028 2042/891/2042 2030/888/2030
f 2028/890/2028 2107/892/2107 2042/891/2042
f 959/354/959 958/352/958 944/353/944
f 959/354/959 944/353/944 961/355/961
f 2106/894/2106 2040/895/2040 2041/893/2041
f 2106/894/2106 2105/896/2105 2040/895/2040
f 2105/896/2105 2038/897/2038 2040/895/2040
f 2105/896/2105 2104/898/2104 2038/897/2038
f 2104/898/2104 2037/899/2037 2038/897/2038
f 2104/898/2104 2103/900/2103 2037/899/2037
f 2103/900/2103 2027/901/2027 2037/899/2037
f 2103/900/2103 2102/902/2102 2027/901/2027
f 2102/902/2102 2036/903/2036 2027/901/2027
f 2102/902/2102 2101/904/2101 2036/903/2036
f 2101/904/2101 2035/905/2035 2036/903/2036
f 2101/904/2101 2100/906/2100 2035/905/2035
f 2100/906/2100 2029/889/2029 2035/905/2035
f 2100/906/2100 2031/887/2031 2029/889/2029
f 2026/887/2026 2053/888/2053 2052/889/2052
f 2026/887/2026 2034/890/2034 2053/888/2053
f 2034/890/2034 2045/891/2045 2053/888/2053
f 2034/890/2034 2033/892/2033 2045/891/2045
f 962/341/962 959/354/959 961/355/961
f 962/341/962 961/355/961 960/342/960
f 2032/894/2032 2051/895/2051 2044/893/2044
f 2032/894/2032 2025/896/2025 2051/895/2051
f 2025/896/2025 2050/897/2050 2051/895/2051
f 2025/896/2025 2024/898/2024 2050/897/2050
f 2024/898/2024 2049/899/2049 2050/897/2050
f 2024/898/2024 2023/900/2023 2049/899/2049
f 2023/900/2023 2048/901/2048 2049/899/2049
f 2023/900/2023 2022/902/2022 2048/901/2048
f 2022/902/2022 2047/903/2047 2048/901/2048
f 2022/902/2022 2043/904/2043 2047/903/2047
f 2043/904/2043 2046/905/2046 2047/903/2047
f 2043/904/2043 2039/906/2039 2046/905/2046
f 2039/906/2039 2052/889/2052 2046/905/2046
f 2039/906/2039 2026/887/2026 2052/889/2052
f 1924/830/1924 1907/811/1907 1936/813/1936
f 1924/830/1924 1936/813/1936 1930/829/1930
f 284/110/284 296/113/296 315/111/315
f 284/110/284 315/111/315 314/112/314
f 118/57/118 138/59/138 11/60/11
f 118/57/118 140/58/140 138/59/138
f 941/346/941 940/344/940 795/345/795
f 941/346/941 795/345/795 955/347/955
f 1905/822/1905 1904/824/1904 1933/823/1933
f 1905/822/1905 1933/823/1933 1934/821/1934
f 1906/820/1906 1905/822/1905 1934/821/1934
f 1906/820/1906 1934/821/1934 1935/819/1935
f 1917/818/1917 1906/820/1906 1935/819/1935
f 1917/818/1917 1935/819/1935 1928/817/1928
f 1918/816/1918 1917/818/1917 1928/817/1928
f 1918/816/1918 1928/817/1928 1929/815/1929
f 1919/814/1919 1918/816/1918 1929/815/1929
f 1919/814/1919 1929/815/1929 1937/812/1937
f 1907/811/1907 1919/814/1919 1937/812/1937
f 1907/811/1907 1937/812/1937 1936/813/1936
f 2008/830/2008 1912/811/1912 1910/813/1910
f 2008/830/2008 1910/813/1910 1920/829/1920
f 942/348/942 941/346/941 955/347/955
f 942/348/942 955/347/955 956/349/956
f 943/350/943 942/348/942 956/349/956
f 943/350/943 956/349/956 957/351/957
f 958/352/958 943/350/943 957/351/957
f 958/352/958 957/351/957 944/353/944
f 2010/822/2010 2009/824/2009 1922/823/1922
f 2010/822/2010 1922/823/1922 1923/821/1923
f 2011/820/2011 2010/822/2010 1923/821/1923
f 2011/820/2011 1923/821/1923 1925/819/1925
f 2012/818/2012 2011/820/2011 1925/819/1925
f 2012/818/2012 1925/819/1925 1926/817/1926
f 2013/816/2013 2012/818/2012 1926/817/1926
f 2013/816/2013 1926/817/1926 1927/815/1927
f 1909/814/1909 2013/816/2013 1927/815/1927
f 1909/814/1909 1927/815/1927 1911/812/1911
f 1912/811/1912 1909/814/1909 1911/812/1911
f 1912/811/1912 1911/812/1911 1910/813/1910
f 1996/830/1996 2021/811/2021 2019/813/2019
f 1996/830/1996 2019/813/2019 1913/829/1913
f 1997/828/1997 1996/830/1996 1913/829/1913
f 1997/828/1997 1913/829/1913 1914/827/1914
f 1998/826/1998 1997/828/1997 1914/827/1914
f 1998/826/1998 1914/827/1914 1915/825/1915
f 1999/824/1999 1998/826/1998 1915/825/1915
f 1999/824/1999 1915/825/1915 1916/823/1916
f 2000/822/2000 1999/824/1999 1916/823/1916
f 2000/822/2000 1916/823/1916 2014/821/2014
f 2001/820/2001 2000/822/2000 2014/821/2014
f 2001/820/2001 2014/821/2014 2015/819/2015
f 2002/818/2002 2001/820/2001 2015/819/2015
f 2002/818/2002 2015/819/2015 2016/817/2016
f 2017/816/2017 2002/818/2002 2016/817/2016
f 2017/816/2017 2016/817/2016 2003/815/2003
f 2018/814/2018 2017/816/2017 2003/815/2003
f 2018/814/2018 2003/815/2003 2020/812/2020
f 2021/811/2021 2018/814/2018 2020/812/2020
f 2021/811/2021 2020/812/2020 2019/813/2019
f 1984/830/1984 1979/811/1979 2006/813/2006
f 1984/830/1984 2006/813/2006 2004/829/2004
f 1985/828/1985 1984/830/1984 2004/829/2004
f 1985/828/1985 2004/829/2004 1986/827/1986
f 1987/826/1987 1985/828/1985 1986/827/1986
f 1987/826/1987 1986/827/1986 1988/825/1988
f 1989/824/1989 1987/826/1987 1988/825/1988
f 1989/824/1989 1988/825/1988 1990/823/1990
f 1991/822/1991 1989/824/1989 1990/823/1990
f 1991/822/1991 1990/823/1990 2005/821/2005
f 1992/820/1992 1991/822/1991 2005/821/2005
f 1992/820/1992 2005/821/2005 1993/819/1993
f 1976/818/1976 1992/820/1992 1993/819/1993
f 1976/818/1976 1993/819/1993 1994/817/1994
f 1977/816/1977 1976/818/1976 1994/817/1994
f 1977/816/1977 1994/817/1994 1995/815/1995
f 1978/814/1978 1977/816/1977 1995/815/1995
f 1978/814/1978 1995/815/1995 2007/812/2007
f 1979/811/1979 1978/814/1978 2007/812/2007
f 1979/811/1979 2007/812/2007 2006/813/2006
f 1899/744/1899 1898/758/1898 1897/745/1897
f 1899/744/1899 1896/757/1896 1898/758/1898
f 1896/757/1896 1895/756/1895 1898/758/1898
f 1896/757/1896 1894/755/1894 1895/756/1895
f 1894/755/1894 1893/754/1893 1895/756/1895
f 1894/755/1894 1892/753/1892 1893/754/1893
f 1892/753/1892 1891/752/1891 1893/754/1893
f 1892/753/1892 1890/751/1890 1891/752/1891
f 1890/751/1890 1888/750/1888 1891/752/1891
f 1890/751/1890 1889/749/1889 1888/750/1888
f 1889/749/1889 1903/748/1903 1888/750/1888
f 1889/749/1889 1887/747/1887 1903/748/1903
f 690/278/690 689/277/689 692/279/692
f 690/278/690 688/276/688 689/277/689
f 688/276/688 687/275/687 689/277/689
f 688/276/688 686/274/686 687/275/687
f 707/261/707 706/278/706 735/279/735
f 707/261/707 735/279/735 734/262/734
f 1886/743/1886 1897/745/1897 1900/746/1900
f 1886/743/1886 1899/744/1899 1897/745/1897
f 1825/742/1825 1814/727/1814 1838/729/1838
f 1825/742/1825 1838/729/1838 1832/741/1832
f 1829/740/1829 1825/742/1825 1832/741/1832
f 1829/740/1829 1832/741/1832 1833/739/1833
f 1810/738/1810 1829/740/1829 1833/739/1833
f 1810/738/1810 1833/739/1833 1834/737/1834
f 1811/736/1811 1810/738/1810 1834/737/1834
f 1811/736/1811 1834/737/1834 1835/735/1835
f 1812/734/1812 1811/736/1811 1835/735/1835
f 1812/734/1812 1835/735/1835 1836/733/1836
f 1813/732/1813 1812/734/1812 1836/733/1836
f 1813/732/1813 1836/733/1836 1837/731/1837
f 590/276/590 616/275/616 617/277/617
f 590/276/590 589/274/589 616/275/616
f 589/274/589 625/273/625 616/275/616
f 589/274/589 578/272/578 625/273/625
f 659/260/659 691/262/691 720/263/720
f 659/260/659 693/261/693 691/262/691
f 1814/727/1814 1820/730/1820 1839/728/1839
f 1814/727/1814 1839/728/1839 1838/729/1838
f 1880/742/1880 1819/727/1819 1817/729/1817
f 1880/742/1880 1817/729/1817 1821/741/1821
f 1881/740/1881 1880/742/1880 1821/741/1821
f 1881/740/1881 1821/741/1821 1822/739/1822
f 1882/738/1882 1881/740/1881 1822/739/1822
f 1882/738/1882 1822/739/1822 1815/737/1815
f 1883/736/1883 1882/738/1882 1815/737/1815
f 1883/736/1883 1815/737/1815 1823/735/1823
f 1884/734/1884 1883/736/1883 1823/735/1823
f 1884/734/1884 1823/735/1823 1824/733/1824
f 1885/732/1885 1884/734/1884 1824/733/1824
f 1885/732/1885 1824/733/1824 1826/731/1826
f 301/127/301 284/110/284 314/112/314
f 301/127/301 314/112/314 308/126/308
f 577/268/577 622/267/622 623/269/623
f 577/268/577 576/266/576 622/267/622
f 576/266/576 621/265/621 622/267/622
f 576/266/576 615/264/615 621/265/621
f 1819/727/1819 1816/730/1816 1818/728/1818
f 1819/727/1819 1818/728/1818 1817/729/1817
f 1805/668/1805 1804/686/1804 1803/669/1803
f 1805/668/1805 1802/685/1802 1804/686/1804
f 1802/685/1802 1801/684/1801 1804/686/1804
f 1802/685/1802 1800/683/1800 1801/684/1801
f 1800/683/1800 1799/682/1799 1801/684/1801
f 1800/683/1800 1798/681/1798 1799/682/1799
f 1798/681/1798 1797/680/1797 1799/682/1799
f 1798/681/1798 1796/679/1796 1797/680/1797
f 1796/679/1796 1794/678/1794 1797/680/1797
f 1796/679/1796 1795/677/1795 1794/678/1794
f 1795/677/1795 1809/676/1809 1794/678/1794
f 1795/677/1795 1793/675/1793 1809/676/1809
f 1793/675/1793 1808/674/1808 1809/676/1809
f 1793/675/1793 1792/673/1792 1808/674/1808
f 1792/673/1792 1807/672/1807 1808/674/1808
f 1792/673/1792 1791/671/1791 1807/672/1807
f 1791/671/1791 1806/670/1806 1807/672/1807
f 1791/671/1791 1790/667/1790 1806/670/1806
f 1790/667/1790 1803/669/1803 1806/670/1806
f 1790/667/1790 1805/668/1805 1803/669/1803
f 1729/641/1729 1718/642/1718 1742/643/1742
f 1729/641/1729 1742/643/1742 1736/644/1736
f 1733/645/1733 1729/641/1729 1736/644/1736
f 1733/645/1733 1736/644/1736 1737/646/1737
f 1714/647/1714 1733/645/1733 1737/646/1737
f 1714/647/1714 1737/646/1737 1738/648/1738
f 1715/649/1715 1714/647/1714 1738/648/1738
f 1715/649/1715 1738/648/1738 1739/650/1739
f 1716/651/1716 1715/649/1715 1739/650/1739
f 1716/651/1716 1739/650/1739 1740/652/1740
f 1717/653/1717 1716/651/1716 1740/652/1740
f 1717/653/1717 1740/652/1740 1741/654/1741
f 615/264/615 620/263/620 621/265/621
f 615/264/615 600/260/600 620/263/620
f 600/260/600 626/262/626 620/263/620
f 600/260/600 579/261/579 626/262/626
f 599/261/599 633/279/633 632/262/632
f 599/261/599 598/278/598 633/279/633
f 1718/642/1718 1724/655/1724 1743/656/1743
f 1718/642/1718 1743/656/1743 1742/643/1742
f 1784/641/1784 1723/642/1723 1721/643/1721
f 1784/641/1784 1721/643/1721 1725/644/1725
f 1785/645/1785 1784/641/1784 1725/644/1725
f 1785/645/1785 1725/644/1725 1726/646/1726
f 1786/647/1786 1785/645/1785 1726/646/1726
f 1786/647/1786 1726/646/1726 1719/648/1719
f 1787/649/1787 1786/647/1786 1719/648/1719
f 1787/649/1787 1719/648/1719 1727/650/1727
f 1788/651/1788 1787/649/1787 1727/650/1727
f 1788/651/1788 1727/650/1727 1728/652/1728
f 1789/653/1789 1788/651/1788 1728/652/1728
f 1789/653/1789 1728/652/1728 1730/654/1730
f 598/278/598 631/277/631 633/279/633
f 598/278/598 597/276/597 631/277/631
f 597/276/597 630/275/630 631/277/631
f 597/276/597 596/274/596 630/275/630
f 596/274/596 629/273/629 630/275/630
f 596/274/596 628/272/628 629/273/629
f 1723/642/1723 1720/655/1720 1722/656/1722
f 1723/642/1723 1722/656/1722 1721/643/1721
f 1709/592/1709 1708/610/1708 1707/593/1707
f 1709/592/1709 1706/609/1706 1708/610/1708
f 1706/609/1706 1705/608/1705 1708/610/1708
f 1706/609/1706 1704/607/1704 1705/608/1705
f 1704/607/1704 1703/606/1703 1705/608/1705
f 1704/607/1704 1702/605/1702 1703/606/1703
f 1702/605/1702 1701/604/1701 1703/606/1703
f 1702/605/1702 1700/603/1700 1701/604/1701
f 1700/603/1700 1698/602/1698 1701/604/1701
f 1700/603/1700 1699/601/1699 1698/602/1698
f 618/260/618 632/262/632 619/263/619
f 618/260/618 599/261/599 632/262/632
f 742/276/742 602/275/602 603/277/603
f 742/276/742 741/274/741 602/275/602
f 741/274/741 601/273/601 602/275/602
f 741/274/741 740/272/740 601/273/601
f 693/261/693 692/279/692 691/262/691
f 693/261/693 690/278/690 692/279/692
f 1697/591/1697 1707/593/1707 1710/594/1710
f 1697/591/1697 1709/592/1709 1707/593/1707
f 1652/592/1652 1680/610/1680 1679/593/1679
f 1652/592/1652 1651/609/1651 1680/610/1680
f 1651/609/1651 1664/608/1664 1680/610/1680
f 1651/609/1651 1650/607/1650 1664/608/1664
f 1650/607/1650 1663/606/1663 1664/608/1664
f 1650/607/1650 1649/605/1649 1663/606/1663
f 1649/605/1649 1662/604/1662 1663/606/1663
f 1649/605/1649 1661/603/1661 1662/604/1662
f 1661/603/1661 1678/602/1678 1662/604/1662
f 1661/603/1661 1660/601/1660 1678/602/1678
f 739/268/739 580/267/580 594/269/594
f 739/268/739 738/266/738 580/267/580
f 244/75/244 257/74/257 265/76/265
f 352/113/352 351/115/351 365/114/365
f 244/75/244 243/73/243 257/74/257
f 353/110/353 373/111/373 372/112/372
f 353/110/353 352/113/352 373/111/373
f 352/113/352 365/114/365 373/111/373
f 1657/591/1657 1679/593/1679 1677/594/1677
f 1657/591/1657 1652/592/1652 1679/593/1679
f 1696/592/1696 1695/610/1695 1694/593/1694
f 1696/592/1696 1693/609/1693 1695/610/1695
f 1693/609/1693 1676/608/1676 1695/610/1695
f 1693/609/1693 1692/607/1692 1676/608/1676
f 1692/607/1692 1691/606/1691 1676/608/1676
f 1692/607/1692 1675/605/1675 1691/606/1691
f 1675/605/1675 1690/604/1690 1691/606/1691
f 1675/605/1675 1674/603/1674 1690/604/1690
f 1674/603/1674 1689/602/1689 1690/604/1690
f 1674/603/1674 1673/601/1673 1689/602/1689
f 738/266/738 593/265/593 580/267/580
f 738/266/738 737/264/737 593/265/593
f 163/69/163 165/67/165 164/68/164
f 163/69/163 164/68/164 172/70/172
f 160/71/160 163/69/163 172/70/172
f 160/71/160 172/70/172 171/72/171
f 159/73/159 160/71/160 171/72/171
f 159/73/159 171/72/171 170/74/170
f 1669/591/1669 1694/593/1694 1541/594/1541
f 1669/591/1669 1696/592/1696 1694/593/1694
f 1540/592/1540 1539/610/1539 1538/593/1538
f 1540/592/1540 1537/609/1537 1539/610/1539
f 1537/609/1537 1558/608/1558 1539/610/1539
f 1537/609/1537 1688/607/1688 1558/608/1558
f 1688/607/1688 1557/606/1557 1558/608/1558
f 1688/607/1688 1687/605/1687 1557/606/1557
f 1687/605/1687 1556/604/1556 1557/606/1557
f 1687/605/1687 1686/603/1686 1556/604/1556
f 737/264/737 592/263/592 593/265/593
f 737/264/737 736/260/736 592/263/592
f 1685/601/1685 1549/600/1549 1550/602/1550
f 1685/601/1685 1684/599/1684 1549/600/1549
f 1684/599/1684 1536/598/1536 1549/600/1549
f 1684/599/1684 1683/597/1683 1536/598/1536
f 1683/597/1683 1548/596/1548 1536/598/1536
f 1683/597/1683 1682/595/1682 1548/596/1548
f 1682/595/1682 1547/594/1547 1548/596/1548
f 1682/595/1682 1681/591/1681 1547/594/1547
f 1681/591/1681 1538/593/1538 1547/594/1547
f 1681/591/1681 1540/592/1540 1538/593/1538
f 1535/592/1535 1583/610/1583 1582/593/1582
f 1535/592/1535 1546/609/1546 1583/610/1583
f 1546/609/1546 1573/608/1573 1583/610/1583
f 1546/609/1546 1545/607/1545 1573/608/1573
f 1545/607/1545 1572/606/1572 1573/608/1573
f 1545/607/1545 1544/605/1544 1572/606/1572
f 1544/605/1544 1581/604/1581 1572/606/1572
f 1544/605/1544 1534/603/1534 1581/604/1581
f 736/260/736 582/262/582 592/263/592
f 736/260/736 584/261/584 582/262/582
f 1533/601/1533 1579/600/1579 1580/602/1580
f 1533/601/1533 1532/599/1532 1579/600/1579
f 1532/599/1532 1578/598/1578 1579/600/1579
f 1532/599/1532 1531/597/1531 1578/598/1578
f 1531/597/1531 1577/596/1577 1578/598/1578
f 1531/597/1531 1571/595/1571 1577/596/1577
f 1571/595/1571 1576/594/1576 1577/596/1577
f 1571/595/1571 1555/591/1555 1576/594/1576
f 1555/591/1555 1582/593/1582 1576/594/1576
f 1555/591/1555 1535/592/1535 1582/593/1582
f 1554/592/1554 1591/610/1591 1590/593/1590
f 1554/592/1554 1553/609/1553 1591/610/1591
f 1553/609/1553 1589/608/1589 1591/610/1591
f 1553/609/1553 1552/607/1552 1589/608/1589
f 1552/607/1552 1588/606/1588 1589/608/1589
f 1552/607/1552 1551/605/1551 1588/606/1588
f 1551/605/1551 1587/604/1587 1588/606/1588
f 1551/605/1551 1586/603/1586 1587/604/1587
f 1586/603/1586 1585/602/1585 1587/604/1587
f 1586/603/1586 1584/601/1584 1585/602/1585
f 579/261/579 627/279/627 626/262/626
f 579/261/579 591/278/591 627/279/627
f 158/75/158 159/73/159 170/74/170
f 158/75/158 170/74/170 157/76/157
f 773/272/773 775/270/775 774/271/774
f 773/272/773 774/271/774 782/273/782
f 245/58/245 265/76/265 264/59/264
f 245/58/245 244/75/244 265/76/265
f 1574/591/1574 1590/593/1590 1575/594/1575
f 1574/591/1574 1554/592/1554 1590/593/1590
f 1636/592/1636 1635/610/1635 1634/593/1634
f 1636/592/1636 1633/609/1633 1635/610/1635
f 1633/609/1633 1632/608/1632 1635/610/1635
f 1633/609/1633 1631/607/1631 1632/608/1632
f 1631/607/1631 1630/606/1630 1632/608/1632
f 1631/607/1631 1629/605/1629 1630/606/1630
f 1629/605/1629 1628/604/1628 1630/606/1630
f 1629/605/1629 1620/603/1620 1628/604/1628
f 1620/603/1620 1606/602/1606 1628/604/1628
f 1620/603/1620 1619/601/1619 1606/602/1606
f 591/278/591 617/277/617 627/279/627
f 591/278/591 590/276/590 617/277/617
f 374/127/374 287/112/287 297/126/297
f 374/127/374 289/110/289 287/112/287
f 647/270/647 649/268/649 648/269/648
f 647/270/647 648/269/648 646/271/646
f 165/67/165 167/65/167 166/66/166
f 165/67/165 166/66/166 164/68/164
f 1602/591/1602 1634/593/1634 1665/594/1665
f 1602/591/1602 1636/592/1636 1634/593/1634
f 724/260/724 748/262/748 585/263/585
f 584/261/584 583/279/583 582/262/582
f 807/341/807 806/354/806 846/355/846
f 807/341/807 846/355/846 845/342/845
f 808/340/808 788/341/788 835/342/835
f 808/340/808 835/342/835 829/343/829
f 69/57/69 97/59/97 114/60/114
f 69/57/69 99/58/99 97/59/97
f 1429/543/1429 1431/541/1431 1430/542/1430
f 1429/543/1429 1430/542/1430 1428/544/1428
f 1427/545/1427 1429/543/1429 1428/544/1428
f 1427/545/1427 1428/544/1428 1445/546/1445
f 1419/547/1419 1427/545/1427 1445/546/1445
f 1419/547/1419 1445/546/1445 1444/548/1444
f 1418/549/1418 1419/547/1419 1444/548/1444
f 1418/549/1418 1444/548/1444 1443/550/1443
f 1417/551/1417 1418/549/1418 1443/550/1443
f 1417/551/1417 1443/550/1443 1416/552/1416
f 724/260/724 750/261/750 748/262/748
f 584/261/584 581/278/581 583/279/583
f 1485/534/1485 1513/552/1513 1512/535/1512
f 1485/534/1485 1484/551/1484 1513/552/1513
f 1484/551/1484 1497/550/1497 1513/552/1513
f 1484/551/1484 1483/549/1483 1497/550/1497
f 1483/549/1483 1496/548/1496 1497/550/1497
f 1483/549/1483 1482/547/1482 1496/548/1496
f 1482/547/1482 1495/546/1495 1496/548/1496
f 1482/547/1482 1494/545/1494 1495/546/1495
f 747/278/747 731/277/731 749/279/749
f 747/278/747 746/276/746 731/277/731
f 746/276/746 745/275/745 731/277/731
f 746/276/746 730/274/730 745/275/745
f 351/115/351 364/116/364 365/114/365
f 351/115/351 350/117/350 364/116/364
f 350/117/350 363/118/363 364/116/364
f 350/117/350 362/119/362 363/118/363
f 891/346/891 936/345/936 875/347/875
f 891/346/891 874/344/874 936/345/936
f 1490/533/1490 1512/535/1512 1510/536/1510
f 1490/533/1490 1485/534/1485 1512/535/1512
f 1528/534/1528 1527/552/1527 1526/535/1526
f 1528/534/1528 1525/551/1525 1527/552/1527
f 1525/551/1525 1509/550/1509 1527/552/1527
f 1525/551/1525 1524/549/1524 1509/550/1509
f 1524/549/1524 1523/548/1523 1509/550/1509
f 1524/549/1524 1508/547/1508 1523/548/1523
f 1508/547/1508 1522/546/1522 1523/548/1523
f 1508/547/1508 1507/545/1507 1522/546/1522
f 730/274/730 744/273/744 745/275/745
f 730/274/730 729/272/729 744/273/744
f 686/274/686 685/273/685 687/275/687
f 686/274/686 678/272/678 685/273/685
f 124/71/124 123/69/123 134/70/134
f 124/71/124 134/70/134 135/72/135
f 136/73/136 124/71/124 135/72/135
f 136/73/136 135/72/135 125/74/125
f 786/346/786 785/344/785 832/345/832
f 786/346/786 832/345/832 833/347/833
f 1502/533/1502 1526/535/1526 1367/536/1367
f 1502/533/1502 1528/534/1528 1526/535/1526
f 1366/534/1366 1365/552/1365 1364/535/1364
f 1366/534/1366 1363/551/1363 1365/552/1365
f 1363/551/1363 1385/550/1385 1365/552/1365
f 1363/551/1363 1520/549/1520 1385/550/1385
f 1520/549/1520 1384/548/1384 1385/550/1385
f 1520/549/1520 1519/547/1519 1384/548/1384
f 1519/547/1519 1383/546/1383 1384/548/1384
f 1519/547/1519 1518/545/1518 1383/546/1383
f 142/75/142 154/74/154 141/76/141
f 142/75/142 143/73/143 154/74/154
f 143/73/143 155/72/155 154/74/154
f 143/73/143 144/71/144 155/72/155
f 1517/541/1517 1362/540/1362 1376/542/1376
f 1517/541/1517 1516/539/1516 1362/540/1362
f 1516/539/1516 1375/538/1375 1362/540/1362
f 1516/539/1516 1515/537/1515 1375/538/1375
f 1515/537/1515 1374/536/1374 1375/538/1375
f 1515/537/1515 1514/533/1514 1374/536/1374
f 1514/533/1514 1364/535/1364 1374/536/1374
f 1514/533/1514 1366/534/1366 1364/535/1364
f 1361/534/1361 1409/552/1409 1408/535/1408
f 1361/534/1361 1373/551/1373 1409/552/1409
f 1373/551/1373 1399/550/1399 1409/552/1409
f 1373/551/1373 1372/549/1372 1399/550/1399
f 1372/549/1372 1398/548/1398 1399/550/1399
f 1372/549/1372 1371/547/1371 1398/548/1398
f 1371/547/1371 1407/546/1407 1398/548/1398
f 1371/547/1371 1360/545/1360 1407/546/1407
f 712/260/712 734/262/734 732/263/732
f 712/260/712 707/261/707 734/262/734
f 750/261/750 749/279/749 748/262/748
f 750/261/750 747/278/747 749/279/749
f 1359/541/1359 1404/540/1404 1405/542/1405
f 1359/541/1359 1358/539/1358 1404/540/1404
f 1358/539/1358 1403/538/1403 1404/540/1404
f 1358/539/1358 1397/537/1397 1403/538/1403
f 1397/537/1397 1402/536/1402 1403/538/1403
f 1397/537/1397 1382/533/1382 1402/536/1402
f 1382/533/1382 1408/535/1408 1402/536/1402
f 1382/533/1382 1361/534/1361 1408/535/1408
f 1381/534/1381 1415/552/1415 1414/535/1414
f 1381/534/1381 1380/551/1380 1415/552/1415
f 1380/551/1380 1413/550/1413 1415/552/1415
f 1380/551/1380 1379/549/1379 1413/550/1413
f 1379/549/1379 1412/548/1412 1413/550/1413
f 1379/549/1379 1378/547/1378 1412/548/1412
f 1378/547/1378 1411/546/1411 1412/548/1412
f 1378/547/1378 1410/545/1410 1411/546/1411
f 305/125/305 301/127/301 308/126/308
f 305/125/305 308/126/308 309/124/309
f 144/71/144 156/70/156 155/72/155
f 144/71/144 147/69/147 156/70/156
f 294/117/294 283/119/283 313/118/313
f 294/117/294 313/118/313 306/116/306
f 358/127/358 372/112/372 370/126/370
f 358/127/358 353/110/353 372/112/372
f 388/110/388 387/111/387 386/112/386
f 388/110/388 385/113/385 387/111/387
f 1400/533/1400 1414/535/1414 1401/536/1401
f 1400/533/1400 1381/534/1381 1414/535/1414
f 1471/534/1471 1470/552/1470 1469/535/1469
f 1471/534/1471 1468/551/1468 1470/552/1470
f 1468/551/1468 1467/550/1467 1470/552/1470
f 1468/551/1468 1466/549/1466 1467/550/1467
f 1466/549/1466 1465/548/1465 1467/550/1467
f 1466/549/1466 1464/547/1464 1465/548/1465
f 1464/547/1464 1463/546/1463 1465/548/1465
f 1464/547/1464 1456/545/1456 1463/546/1463
f 147/69/147 148/68/148 156/70/156
f 147/69/147 149/67/149 148/68/148
f 149/67/149 150/66/150 148/68/148
f 149/67/149 151/65/151 150/66/150
f 385/113/385 369/114/369 387/111/387
f 385/113/385 384/115/384 369/114/369
f 384/115/384 383/116/383 369/114/369
f 384/115/384 368/117/368 383/116/383
f 368/117/368 382/118/382 383/116/383
f 368/117/368 367/119/367 382/118/382
f 1438/533/1438 1469/535/1469 1498/536/1498
f 1438/533/1438 1471/534/1471 1469/535/1469
f 1245/476/1245 1260/477/1260 1273/478/1273
f 1245/476/1245 1273/478/1273 1259/479/1259
f 173/63/173 201/62/201 202/64/202
f 173/63/173 197/61/197 201/62/201
f 197/61/197 200/60/200 201/62/201
f 197/61/197 193/57/193 200/60/200
f 193/57/193 206/59/206 200/60/200
f 193/57/193 176/58/176 206/59/206
f 1254/482/1254 1256/480/1256 1255/481/1255
f 1254/482/1254 1255/481/1255 1253/483/1253
f 1252/484/1252 1254/482/1254 1253/483/1253
f 1252/484/1252 1253/483/1253 1272/485/1272
f 1244/486/1244 1252/484/1252 1272/485/1272
f 1244/486/1244 1272/485/1272 1271/487/1271
f 1243/488/1243 1244/486/1244 1271/487/1271
f 1243/488/1243 1271/487/1271 1270/489/1270
f 1242/490/1242 1243/488/1243 1270/489/1270
f 1242/490/1242 1270/489/1270 1241/491/1241
f 1260/477/1260 1242/490/1242 1241/491/1241
f 1260/477/1260 1241/491/1241 1273/478/1273
f 1318/477/1318 1342/491/1342 1341/478/1341
f 1318/477/1318 1317/490/1317 1342/491/1342
f 1317/490/1317 1328/489/1328 1342/491/1342
f 1317/490/1317 1316/488/1316 1328/489/1328
f 1316/488/1316 1327/487/1327 1328/489/1328
f 1316/488/1316 1315/486/1315 1327/487/1327
f 1315/486/1315 1326/485/1326 1327/487/1327
f 1315/486/1315 1325/484/1325 1326/485/1326
f 1325/484/1325 1340/483/1340 1326/485/1326
f 1325/484/1325 1324/482/1324 1340/483/1340
f 581/278/581 603/277/603 583/279/583
f 581/278/581 742/276/742 603/277/603
f 645/272/645 646/271/646 666/273/666
f 645/272/645 647/270/647 646/271/646
f 174/65/174 173/63/173 202/64/202
f 174/65/174 202/64/202 203/66/203
f 366/127/366 386/112/386 290/126/290
f 366/127/366 388/110/388 386/112/386
f 1323/476/1323 1341/478/1341 1339/479/1339
f 1323/476/1323 1318/477/1318 1341/478/1341
f 1356/477/1356 1355/491/1355 1354/478/1354
f 1356/477/1356 1353/490/1353 1355/491/1355
f 1353/490/1353 1338/489/1338 1355/491/1355
f 1353/490/1353 1352/488/1352 1338/489/1338
f 1352/488/1352 1351/487/1351 1338/489/1338
f 1352/488/1352 1337/486/1337 1351/487/1351
f 1337/486/1337 1350/485/1350 1351/487/1351
f 1337/486/1337 1336/484/1336 1350/485/1350
f 1336/484/1336 1349/483/1349 1350/485/1350
f 1336/484/1336 1335/482/1335 1349/483/1349
f 1335/482/1335 1189/481/1189 1349/483/1349
f 1335/482/1335 1334/480/1334 1189/481/1189
f 289/110/289 288/111/288 287/112/287
f 289/110/289 286/113/286 288/111/288
f 286/113/286 304/114/304 288/111/288
f 286/113/286 380/115/380 304/114/304
f 380/115/380 303/116/303 304/114/304
f 380/115/380 379/117/379 303/116/303
f 1331/476/1331 1354/478/1354 1188/479/1188
f 1331/476/1331 1356/477/1356 1354/478/1354
f 1187/477/1187 1186/491/1186 1185/478/1185
f 1187/477/1187 1184/490/1184 1186/491/1186
f 1184/490/1184 1205/489/1205 1186/491/1186
f 1184/490/1184 1348/488/1348 1205/489/1205
f 1348/488/1348 1204/487/1204 1205/489/1205
f 1348/488/1348 1347/486/1347 1204/487/1204
f 1347/486/1347 1203/485/1203 1204/487/1204
f 1347/486/1347 1346/484/1346 1203/485/1203
f 1346/484/1346 1197/483/1197 1203/485/1203
f 1346/484/1346 1345/482/1345 1197/483/1197
f 1345/482/1345 1196/481/1196 1197/483/1197
f 1345/482/1345 1344/480/1344 1196/481/1196
f 706/278/706 719/277/719 735/279/735
f 706/278/706 705/276/705 719/277/719
f 705/276/705 718/275/718 719/277/719
f 705/276/705 704/274/704 718/275/718
f 704/274/704 717/273/717 718/275/718
f 704/274/704 716/272/716 717/273/717
f 1343/476/1343 1185/478/1185 1194/479/1194
f 1343/476/1343 1187/477/1187 1185/478/1185
f 1182/477/1182 1230/491/1230 1229/478/1229
f 1182/477/1182 1193/490/1193 1230/491/1230
f 1193/490/1193 1219/489/1219 1230/491/1230
f 1193/490/1193 1192/488/1192 1219/489/1219
f 1192/488/1192 1218/487/1218 1219/489/1219
f 1192/488/1192 1191/486/1191 1218/487/1218
f 1191/486/1191 1228/485/1228 1218/487/1218
f 1191/486/1191 1181/484/1181 1228/485/1228
f 1181/484/1181 1227/483/1227 1228/485/1228
f 1181/484/1181 1180/482/1180 1227/483/1227
f 1180/482/1180 1226/481/1226 1227/483/1227
f 1180/482/1180 1179/480/1179 1226/481/1226
f 281/123/281 305/125/305 309/124/309
f 281/123/281 309/124/309 310/122/310
f 282/121/282 281/123/281 310/122/310
f 282/121/282 310/122/310 311/120/311
f 770/274/770 773/272/773 782/273/782
f 770/274/770 782/273/782 781/275/781
f 1202/476/1202 1229/478/1229 1223/479/1223
f 1202/476/1202 1182/477/1182 1229/478/1229
f 1201/477/1201 1240/491/1240 1239/478/1239
f 1201/477/1201 1200/490/1200 1240/491/1240
f 1200/490/1200 1238/489/1238 1240/491/1240
f 1200/490/1200 1199/488/1199 1238/489/1238
f 1199/488/1199 1237/487/1237 1238/489/1238
f 1199/488/1199 1198/486/1198 1237/487/1237
f 1198/486/1198 1236/485/1236 1237/487/1237
f 1198/486/1198 1235/484/1235 1236/485/1236
f 1235/484/1235 1234/483/1234 1236/485/1236
f 1235/484/1235 1233/482/1233 1234/483/1234
f 1233/482/1233 1232/481/1232 1234/483/1234
f 1233/482/1233 1231/480/1231 1232/481/1232
f 379/117/379 302/118/302 303/116/303
f 379/117/379 378/119/378 302/118/302
f 787/348/787 786/346/786 833/347/833
f 787/348/787 833/347/833 834/349/834
f 797/350/797 787/348/787 834/349/834
f 797/350/797 834/349/834 824/351/824
f 1221/476/1221 1239/478/1239 1222/479/1222
f 1221/476/1221 1201/477/1201 1239/478/1239
f 1304/477/1304 1303/491/1303 1302/478/1302
f 1304/477/1304 1301/490/1301 1303/491/1303
f 1301/490/1301 1300/489/1300 1303/491/1303
f 1301/490/1301 1299/488/1299 1300/489/1300
f 1299/488/1299 1298/487/1298 1300/489/1300
f 1299/488/1299 1297/486/1297 1298/487/1298
f 1297/486/1297 1296/485/1296 1298/487/1298
f 1297/486/1297 1288/484/1288 1296/485/1296
f 1288/484/1288 1269/483/1269 1296/485/1296
f 1288/484/1288 1287/482/1287 1269/483/1269
f 1287/482/1287 1330/481/1330 1269/483/1269
f 1287/482/1287 1268/480/1268 1330/481/1330
f 377/121/377 285/122/285 299/120/299
f 377/121/377 376/123/376 285/122/285
f 376/123/376 298/124/298 285/122/285
f 376/123/376 375/125/375 298/124/298
f 375/125/375 297/126/297 298/124/298
f 375/125/375 374/127/374 297/126/297
f 1265/476/1265 1302/478/1302 1329/479/1329
f 1265/476/1265 1304/477/1304 1302/478/1302
f 1146/341/1146 1168/355/1168 1167/342/1167
f 1146/341/1146 1145/354/1145 1168/355/1168
f 1145/354/1145 1154/353/1154 1168/355/1168
f 1145/354/1145 1144/352/1144 1154/353/1154
f 1144/352/1144 1153/351/1153 1154/353/1154
f 1144/352/1144 1143/350/1143 1153/351/1153
f 1143/350/1143 1152/349/1152 1153/351/1153
f 1143/350/1143 1151/348/1151 1152/349/1152
f 1151/348/1151 1166/347/1166 1152/349/1152
f 1151/348/1151 1150/346/1150 1166/347/1166
f 1150/346/1150 1149/345/1149 1166/347/1166
f 1150/346/1150 1148/344/1148 1149/345/1149
f 637/274/637 666/273/666 665/275/665
f 637/274/637 645/272/645 666/273/666
f 15/71/15 4/69/4 51/70/51
f 15/71/15 51/70/51 42/72/42
f 16/73/16 15/71/15 42/72/42
f 16/73/16 42/72/42 43/74/43
f 1147/340/1147 1167/342/1167 1165/343/1165
f 1147/340/1147 1146/341/1146 1167/342/1167
f 1176/341/1176 1175/355/1175 1174/342/1174
f 1176/341/1176 1173/354/1173 1175/355/1175
f 1173/354/1173 1164/353/1164 1175/355/1175
f 1173/354/1173 1172/352/1172 1164/353/1164
f 1172/352/1172 1171/351/1171 1164/353/1164
f 1172/352/1172 1163/350/1163 1171/351/1171
f 1163/350/1163 1170/349/1170 1171/351/1171
f 1163/350/1163 1162/348/1162 1170/349/1170
f 1162/348/1162 1169/347/1169 1170/349/1170
f 1162/348/1162 1161/346/1161 1169/347/1169
f 1161/346/1161 1110/345/1110 1169/347/1169
f 1161/346/1161 1160/344/1160 1110/345/1110
f 17/75/17 16/73/16 43/74/43
f 17/75/17 43/74/43 53/76/53
f 5/58/5 17/75/17 53/76/53
f 5/58/5 53/76/53 52/59/52
f 126/57/126 10/58/10 8/59/8
f 126/57/126 8/59/8 18/60/18
f 1157/340/1157 1174/342/1174 1109/343/1109
f 1157/340/1157 1176/341/1176 1174/342/1174
f 1114/341/1114 1126/355/1126 1125/342/1125
f 1114/341/1114 1113/354/1113 1126/355/1126
f 1113/354/1113 1124/353/1124 1126/355/1126
f 1113/354/1113 1112/352/1112 1124/353/1124
f 1112/352/1112 1123/351/1123 1124/353/1124
f 1112/352/1112 1111/350/1111 1123/351/1123
f 1111/350/1111 1122/349/1122 1123/351/1123
f 1111/350/1111 1121/348/1121 1122/349/1122
f 1121/348/1121 1120/347/1120 1122/349/1122
f 1121/348/1121 1119/346/1119 1120/347/1120
f 1119/346/1119 1118/345/1118 1120/347/1120
f 1119/346/1119 1117/344/1117 1118/345/1118
f 140/58/140 137/75/137 139/76/139
f 140/58/140 139/76/139 138/59/138
f 243/73/243 256/72/256 257/74/257
f 243/73/243 242/71/242 256/72/256
f 99/58/99 98/76/98 97/59/97
f 99/58/99 96/75/96 98/76/98
f 1115/340/1115 1125/342/1125 1116/343/1116
f 1115/340/1115 1114/341/1114 1125/342/1125
f 1142/341/1142 1141/355/1141 1140/342/1140
f 1142/341/1142 1139/354/1139 1141/355/1141
f 1139/354/1139 1138/353/1138 1141/355/1141
f 1139/354/1139 1137/352/1137 1138/353/1138
f 1137/352/1137 1136/351/1136 1138/353/1138
f 1137/352/1137 1135/350/1135 1136/351/1136
f 1135/350/1135 1134/349/1134 1136/351/1136
f 1135/350/1135 1133/348/1133 1134/349/1134
f 1133/348/1133 1131/347/1131 1134/349/1134
f 1133/348/1133 1132/346/1132 1131/347/1131
f 1132/346/1132 1156/345/1156 1131/347/1131
f 1132/346/1132 1130/344/1130 1156/345/1156
f 127/61/127 126/57/126 18/60/18
f 127/61/127 18/60/18 19/62/19
f 128/63/128 127/61/127 19/62/19
f 128/63/128 19/62/19 6/64/6
f 129/65/129 128/63/128 6/64/6
f 129/65/129 6/64/6 20/66/20
f 1127/340/1127 1140/342/1140 1155/343/1155
f 1127/340/1127 1142/341/1142 1140/342/1140
f 798/352/798 797/350/797 824/351/824
f 798/352/798 824/351/824 825/353/825
f 242/71/242 255/70/255 256/72/256
f 242/71/242 254/69/254 255/70/255
f 295/115/295 294/117/294 306/116/306
f 295/115/295 306/116/306 307/114/307
f 839/346/839 837/344/837 838/345/838
f 839/346/839 838/345/838 840/347/840
f 1026/426/1026 1028/424/1028 1027/425/1027
f 1026/426/1026 1027/425/1027 1025/427/1025
f 1024/428/1024 1026/426/1026 1025/427/1025
f 1024/428/1024 1025/427/1025 1037/429/1037
f 1015/430/1015 1024/428/1024 1037/429/1037
f 1015/430/1015 1037/429/1037 1036/431/1036
f 1014/432/1014 1015/430/1015 1036/431/1036
f 1014/432/1014 1036/431/1036 1035/433/1035
f 1013/434/1013 1014/432/1014 1035/433/1035
f 1013/434/1013 1035/433/1035 1012/435/1012
f 1030/417/1030 1013/434/1013 1012/435/1012
f 1030/417/1030 1012/435/1012 1038/418/1038
f 1068/417/1068 1093/435/1093 1092/418/1092
f 1068/417/1068 1067/434/1067 1093/435/1093
f 1067/434/1067 1081/433/1081 1093/435/1093
f 1067/434/1067 1066/432/1066 1081/433/1081
f 1066/432/1066 1080/431/1080 1081/433/1081
f 1066/432/1066 1065/430/1065 1080/431/1080
f 1065/430/1065 1079/429/1079 1080/431/1080
f 1065/430/1065 1078/428/1078 1079/429/1079
f 1078/428/1078 1091/427/1091 1079/429/1079
f 1078/428/1078 1077/426/1077 1091/427/1091
f 799/354/799 798/352/798 825/353/825
f 799/354/799 825/353/825 836/355/836
f 96/75/96 95/74/95 98/76/98
f 96/75/96 94/73/94 95/74/95
f 94/73/94 93/72/93 95/74/95
f 94/73/94 92/71/92 93/72/93
f 250/57/250 264/59/264 262/60/262
f 250/57/250 245/58/245 264/59/264
f 1073/416/1073 1092/418/1092 1090/419/1090
f 1073/416/1073 1068/417/1068 1092/418/1092
f 1108/417/1108 1107/435/1107 1106/418/1106
f 1108/417/1108 1105/434/1105 1107/435/1107
f 1105/434/1105 1089/433/1089 1107/435/1107
f 1105/434/1105 1104/432/1104 1089/433/1089
f 1104/432/1104 1103/431/1103 1089/433/1089
f 1104/432/1104 1088/430/1088 1103/431/1103
f 1088/430/1088 1102/429/1102 1103/431/1103
f 1088/430/1088 1087/428/1087 1102/429/1102
f 1087/428/1087 1101/427/1101 1102/429/1102
f 1087/428/1087 1086/426/1086 1101/427/1101
f 788/341/788 799/354/799 836/355/836
f 788/341/788 836/355/836 835/342/835
f 280/58/280 279/76/279 278/59/278
f 280/58/280 277/75/277 279/76/279
f 277/75/277 261/74/261 279/76/279
f 277/75/277 276/73/276 261/74/261
f 276/73/276 275/72/275 261/74/261
f 276/73/276 260/71/260 275/72/275
f 1082/416/1082 1106/418/1106 974/419/974
f 1082/416/1082 1108/417/1108 1106/418/1106
f 973/417/973 972/435/972 971/418/971
f 973/417/973 970/434/970 972/435/972
f 970/434/970 988/433/988 972/435/972
f 970/434/970 1100/432/1100 988/433/988
f 1100/432/1100 987/431/987 988/433/988
f 1100/432/1100 1099/430/1099 987/431/987
f 1099/430/1099 986/429/986 987/431/987
f 1099/430/1099 1098/428/1098 986/429/986
f 949/340/949 793/341/793 791/342/791
f 949/340/949 791/342/791 800/343/800
f 137/75/137 136/73/136 125/74/125
f 137/75/137 125/74/125 139/76/139
f 1097/424/1097 969/423/969 983/425/983
f 1097/424/1097 1096/422/1096 969/423/969
f 1096/422/1096 982/421/982 969/423/969
f 1096/422/1096 1095/420/1095 982/421/982
f 1095/420/1095 981/419/981 982/421/982
f 1095/420/1095 1094/416/1094 981/419/981
f 1094/416/1094 971/418/971 981/419/981
f 1094/416/1094 973/417/973 971/418/971
f 968/417/968 1011/435/1011 1010/418/1010
f 968/417/968 980/434/980 1011/435/1011
f 980/434/980 1003/433/1003 1011/435/1011
f 980/434/980 979/432/979 1003/433/1003
f 979/432/979 1002/431/1002 1003/433/1003
f 979/432/979 978/430/978 1002/431/1002
f 978/430/978 1009/429/1009 1002/431/1002
f 978/430/978 967/428/967 1009/429/1009
f 871/340/871 906/342/906 935/343/935
f 871/340/871 908/341/908 906/342/906
f 768/278/768 769/276/769 780/277/780
f 768/278/768 780/277/780 767/279/767
f 966/424/966 1006/423/1006 1007/425/1007
f 966/424/966 965/422/965 1006/423/1006
f 965/422/965 1005/421/1005 1006/423/1006
f 965/422/965 1001/420/1001 1005/421/1005
f 1001/420/1001 1004/419/1004 1005/421/1005
f 1001/420/1001 985/416/985 1004/419/1004
f 985/416/985 1010/418/1010 1004/419/1004
f 985/416/985 968/417/968 1010/418/1010
f 2691/1097/2691 2681/1098/2681 2693/1090/2693
f 2681/1098/2681 2683/1089/2683 2693/1090/2693
f 2684/1072/2684 2682/1094/2682 2692/1091/2692
f 2694/1071/2694 2684/1072/2684 2692/1091/2692
f 2683/1089/2683 2685/1070/2685 2695/1114/2695
f 2693/1090/2693 2683/1089/2683 2695/1114/2695
f 2694/1071/2694 2696/1113/2696 2686/1112/2686
f 2684/1072/2684 2694/1071/2694 2686/1112/2686
f 2696/1113/2696 2695/1114/2695 2685/1070/2685
f 2686/1112/2686 2696/1113/2696 2685/1070/2685
f 2698/1095/2698 2697/1092/2697 2687/1093/2687
f 2688/1096/2688 2698/1095/2698 2687/1093/2687
f 479/188/479 516/189/516 514/190/514
f 479/188/479 514/190/514 545/191/545
f 22/71/22 54/69/54 55/70/55
f 22/71/22 55/70/55 56/72/56
f 23/73/23 22/71/22 56/72/56
f 23/73/23 56/72/56 57/74/57
f 24/75/24 23/73/23 57/74/57
f 24/75/24 57/74/57 59/76/59
f 499/194/499 482/192/482 548/193/548
f 499/194/499 548/193/548 483/195/483
f 500/196/500 499/194/499 483/195/483
f 500/196/500 483/195/483 508/197/508
f 509/198/509 500/196/500 508/197/508
f 509/198/509 508/197/508 510/199/510
f 511/200/511 509/198/509 510/199/510
f 511/200/511 510/199/510 512/201/512
f 513/202/513 511/200/511 512/201/512
f 513/202/513 512/201/512 515/203/515
f 516/189/516 513/202/513 515/203/515
f 516/189/516 515/203/515 514/190/514
f 841/348/841 839/346/839 840/347/840
f 841/348/841 840/347/840 842/349/842
f 804/350/804 841/348/841 842/349/842
f 804/350/804 842/349/842 843/351/843
f 186/71/186 175/69/175 205/70/205
f 186/71/186 205/70/205 198/72/198
f 187/73/187 186/71/186 198/72/198
f 187/73/187 198/72/198 199/74/199
f 188/75/188 187/73/187 199/74/199
f 188/75/188 199/74/199 207/76/207
f 176/58/176 188/75/188 207/76/207
f 176/58/176 207/76/207 206/59/206
f 266/57/266 181/58/181 179/59/179
f 266/57/266 179/59/179 189/60/189
f 267/61/267 266/57/266 189/60/189
f 267/61/267 189/60/189 190/62/190
f 268/63/268 267/61/267 190/62/190
f 268/63/268 190/62/190 177/64/177
f 269/65/269 268/63/268 177/64/177
f 269/65/269 177/64/177 191/66/191
f 435/188/435 415/189/415 453/190/453
f 435/188/435 453/190/453 436/191/436
f 25/58/25 24/75/24 59/76/59
f 25/58/25 59/76/59 58/59/58
f 26/57/26 5/58/5 52/59/52
f 26/57/26 52/59/52 46/60/46
f 41/61/41 26/57/26 46/60/46
f 41/61/41 46/60/46 47/62/47
f 447/194/447 445/192/445 446/193/446
f 447/194/447 446/193/446 448/195/448
f 449/196/449 447/194/447 448/195/448
f 449/196/449 448/195/448 450/197/450
f 412/198/412 449/196/449 450/197/450
f 412/198/412 450/197/450 451/199/451
f 413/200/413 412/198/412 451/199/451
f 413/200/413 451/199/451 452/201/452
f 414/202/414 413/200/413 452/201/452
f 414/202/414 452/201/452 454/203/454
f 415/189/415 414/202/414 454/203/454
f 415/189/415 454/203/454 453/190/453
f 416/188/416 394/189/394 443/190/443
f 416/188/416 443/190/443 437/191/437
f 892/348/892 891/346/891 875/347/875
f 892/348/892 875/347/875 900/349/900
f 901/350/901 892/348/892 900/349/900
f 901/350/901 900/349/900 902/351/902
f 903/352/903 901/350/901 902/351/902
f 903/352/903 902/351/902 904/353/904
f 392/194/392 391/192/391 440/193/440
f 392/194/392 440/193/440 441/195/441
f 393/196/393 392/194/392 441/195/441
f 393/196/393 441/195/441 442/197/442
f 405/198/405 393/196/393 442/197/442
f 405/198/405 442/197/442 432/199/432
f 406/200/406 405/198/405 432/199/432
f 406/200/406 432/199/432 433/201/433
f 407/202/407 406/200/406 433/201/433
f 407/202/407 433/201/433 444/203/444
f 394/189/394 407/202/407 444/203/444
f 394/189/394 444/203/444 443/190/443
f 561/188/561 399/189/399 397/190/397
f 561/188/561 397/190/397 408/191/408
f 905/354/905 903/352/903 904/353/904
f 905/354/905 904/353/904 907/355/907
f 908/341/908 905/354/905 907/355/907
f 908/341/908 907/355/907 906/342/906
f 827/340/827 807/341/807 845/342/845
f 827/340/827 845/342/845 828/343/828
f 563/194/563 562/192/562 410/193/410
f 563/194/563 410/193/410 411/195/411
f 564/196/564 563/194/563 411/195/411
f 564/196/564 411/195/411 417/197/417
f 565/198/565 564/196/564 417/197/417
f 565/198/565 417/197/417 418/199/418
f 566/200/566 565/198/565 418/199/418
f 566/200/566 418/199/418 419/201/419
f 396/202/396 566/200/566 419/201/419
f 396/202/396 419/201/419 398/203/398
f 399/189/399 396/202/396 398/203/398
f 399/189/399 398/203/398 397/190/397
f 549/188/549 574/189/574 572/190/572
f 549/188/549 572/190/572 400/191/400
f 44/57/44 25/58/25 58/59/58
f 44/57/44 58/59/58 45/60/45
f 258/57/258 278/59/278 182/60/182
f 258/57/258 280/58/280 278/59/278
f 181/58/181 180/76/180 179/59/179
f 181/58/181 178/75/178 180/76/180
f 553/194/553 552/192/552 403/193/403
f 553/194/553 403/193/403 567/195/567
f 554/196/554 553/194/553 567/195/567
f 554/196/554 567/195/567 568/197/568
f 555/198/555 554/196/554 568/197/568
f 555/198/555 568/197/568 569/199/569
f 570/200/570 555/198/555 569/199/569
f 570/200/570 569/199/569 556/201/556
f 571/202/571 570/200/570 556/201/556
f 571/202/571 556/201/556 573/203/573
f 574/189/574 571/202/571 573/203/573
f 574/189/574 573/203/573 572/190/572
f 535/188/535 530/189/530 559/190/559
f 535/188/535 559/190/559 557/191/557
f 178/75/178 196/74/196 180/76/180
f 178/75/178 272/73/272 196/74/196
f 759/270/759 761/268/761 760/269/760
f 759/270/759 760/269/760 758/271/758
f 757/272/757 759/270/759 758/271/758
f 757/272/757 758/271/758 766/273/766
f 540/194/540 538/192/538 539/193/539
f 540/194/540 539/193/539 558/195/558
f 541/196/541 540/194/540 558/195/558
f 541/196/541 558/195/558 542/197/542
f 527/198/527 541/196/541 542/197/542
f 527/198/527 542/197/542 543/199/543
f 528/200/528 527/198/527 543/199/543
f 528/200/528 543/199/543 544/201/544
f 529/202/529 528/200/528 544/201/544
f 529/202/529 544/201/544 560/203/560
f 530/189/530 529/202/529 560/203/560
f 530/189/530 560/203/560 559/190/559
f 474/189/474 455/203/455 487/190/487
f 474/189/474 456/202/456 455/203/455
f 456/202/456 484/201/484 455/203/455
f 456/202/456 457/200/457 484/201/484
f 457/200/457 485/199/485 484/201/484
f 457/200/457 458/198/458 485/199/485
f 458/198/458 486/197/486 485/199/485
f 458/198/458 466/196/466 486/197/486
f 466/196/466 467/195/467 486/197/486
f 466/196/466 468/194/468 467/195/467
f 468/194/468 469/193/469 467/195/467
f 468/194/468 470/192/470 469/193/469
f 2/63/2 41/61/41 47/62/47
f 2/63/2 47/62/47 48/64/48
f 3/65/3 2/63/2 48/64/48
f 3/65/3 48/64/48 49/66/49
f 754/274/754 757/272/757 766/273/766
f 754/274/754 766/273/766 765/275/765
f 459/188/459 487/190/487 473/191/473
f 459/188/459 474/189/474 487/190/487
f 805/352/805 804/350/804 843/351/843
f 805/352/805 843/351/843 844/353/844
f 806/354/806 805/352/805 844/353/844
f 806/354/806 844/353/844 846/355/846
f 271/71/271 270/69/270 194/70/194
f 271/71/271 194/70/194 195/72/195
f 272/73/272 271/71/271 195/72/195
f 272/73/272 195/72/195 196/74/196
f 851/340/851 866/341/866 879/342/879
f 851/340/851 879/342/879 865/343/865
f 753/276/753 754/274/754 765/275/765
f 753/276/753 765/275/765 764/277/764
f 752/278/752 753/276/753 764/277/764
f 752/278/752 764/277/764 751/279/751
f 131/71/131 130/69/130 27/70/27
f 131/71/131 27/70/27 28/72/28
f 860/346/860 862/344/862 861/345/861
f 860/346/860 861/345/861 859/347/859
f 858/348/858 860/346/860 859/347/859
f 858/348/858 859/347/859 878/349/878
f 850/350/850 858/348/858 878/349/878
f 850/350/850 878/349/878 877/351/877
f 849/352/849 850/350/850 877/351/877
f 849/352/849 877/351/877 876/353/876
f 848/354/848 849/352/849 876/353/876
f 848/354/848 876/353/876 847/355/847
f 866/341/866 848/354/848 847/355/847
f 866/341/866 847/355/847 879/342/879
f 922/341/922 948/355/948 947/342/947
f 922/341/922 921/354/921 948/355/948
f 921/354/921 934/353/934 948/355/948
f 921/354/921 920/352/920 934/353/934
f 920/352/920 933/351/933 934/353/934
f 920/352/920 919/350/919 933/351/933
f 919/350/919 932/349/932 933/351/933
f 919/350/919 931/348/931 932/349/932
f 931/348/931 946/347/946 932/349/932
f 931/348/931 930/346/930 946/347/946
f 930/346/930 929/345/929 946/347/946
f 930/346/930 928/344/928 929/345/929
f 132/73/132 131/71/131 28/72/28
f 132/73/132 28/72/28 29/74/29
f 7/75/7 132/73/132 29/74/29
f 7/75/7 29/74/29 9/76/9
f 10/58/10 7/75/7 9/76/9
f 10/58/10 9/76/9 8/59/8
f 927/340/927 947/342/947 945/343/945
f 927/340/927 922/341/922 947/342/947
g fff0af14_00156_00432a6c_e14
f 2235/907/2235 2234/907/2234 2236/908/2236
f 2235/907/2235 2236/908/2236 2237/908/2237
f 2240/910/2240 2236/908/2236 2234/907/2234
f 2234/907/2234 2238/909/2238 2240/910/2240
f 2237/908/2237 2241/910/2241 2235/907/2235
f 2239/909/2239 2235/907/2235 2241/910/2241
f 2243/907/2243 2242/907/2242 2244/908/2244
f 2243/907/2243 2244/908/2244 2245/908/2245
f 2248/910/2248 2244/908/2244 2242/907/2242
f 2242/907/2242 2246/909/2246 2248/910/2248
f 2245/908/2245 2249/910/2249 2243/907/2243
f 2247/909/2247 2243/907/2243 2249/910/2249
f 2257/911/2257 2261/912/2261 2256/913/2256
f 2261/912/2261 2257/911/2257 2260/914/2260
f 2260/914/2260 2255/915/2255 2261/912/2261
f 2255/915/2255 2260/914/2260 2254/916/2254
f 2250/917/2250 2254/916/2254 2251/917/2251
f 2250/917/2250 2255/915/2255 2254/916/2254
f 2251/918/2251 2253/919/2253 2250/918/2250
f 2251/918/2251 2252/919/2252 2253/919/2253
f 2256/913/2256 2259/920/2259 2257/911/2257
f 2259/920/2259 2256/913/2256 2258/921/2258
f 2265/923/2265 2261/912/2261 2255/915/2255
f 2255/915/2255 2262/922/2262 2265/923/2265
f 2265/923/2265 2256/913/2256 2261/912/2261
f 2256/913/2256 2265/923/2265 2263/924/2263
f 2264/925/2264 2258/921/2258 2256/913/2256
f 2256/913/2256 2263/924/2263 2264/925/2264
f 2255/915/2255 2250/917/2250 2262/927/2262
f 2266/926/2266 2262/927/2262 2250/917/2250
f 2267/929/2267 2250/918/2250 2253/919/2253
f 2250/918/2250 2267/929/2267 2266/928/2266
f 2269/931/2269 2251/917/2251 2254/916/2254
f 2251/917/2251 2269/931/2269 2268/930/2268
f 2272/932/2272 2254/916/2254 2260/914/2260
f 2254/916/2254 2272/932/2272 2269/931/2269
f 2272/932/2272 2260/914/2260 2257/911/2257
f 2257/911/2257 2270/933/2270 2272/932/2272
f 2271/934/2271 2257/911/2257 2259/920/2259
f 2257/911/2257 2271/934/2271 2270/933/2270
f 2252/919/2252 2251/918/2251 2273/936/2273
f 2268/935/2268 2273/936/2273 2251/918/2251
f 2281/911/2281 2285/912/2285 2280/913/2280
f 2285/912/2285 2281/911/2281 2284/914/2284
f 2284/914/2284 2279/915/2279 2285/912/2285
f 2279/915/2279 2284/914/2284 2278/916/2278
f 2274/917/2274 2278/916/2278 2275/917/2275
f 2274/917/2274 2279/915/2279 2278/916/2278
f 2275/918/2275 2277/919/2277 2274/918/2274
f 2275/918/2275 2276/919/2276 2277/919/2277
f 2280/913/2280 2283/920/2283 2281/911/2281
f 2283/920/2283 2280/913/2280 2282/921/2282
f 2289/923/2289 2285/912/2285 2279/915/2279
f 2279/915/2279 2286/922/2286 2289/923/2289
f 2289/923/2289 2280/913/2280 2285/912/2285
f 2280/913/2280 2289/923/2289 2287/924/2287
f 2288/925/2288 2282/921/2282 2280/913/2280
f 2280/913/2280 2287/924/2287 2288/925/2288
f 2279/915/2279 2274/917/2274 2286/927/2286
f 2290/926/2290 2286/927/2286 2274/917/2274
f 2291/929/2291 2274/918/2274 2277/919/2277
f 2274/918/2274 2291/929/2291 2290/928/2290
f 2293/931/2293 2275/917/2275 2278/916/2278
f 2275/917/2275 2293/931/2293 2292/930/2292
f 2296/932/2296 2278/916/2278 2284/914/2284
f 2278/916/2278 2296/932/2296 2293/931/2293
f 2296/932/2296 2284/914/2284 2281/911/2281
f 2281/911/2281 2294/933/2294 2296/932/2296
f 2295/934/2295 2281/911/2281 2283/920/2283
f 2281/911/2281 2295/934/2295 2294/933/2294
f 2276/919/2276 2275/918/2275 2297/936/2297
f 2292/935/2292 2297/936/2297 2275/918/2275
f 2318/942/2318 2301/919/2301 2298/918/2298
f 2299/918/2299 2300/919/2300 2301/919/2301
f 2303/929/2303 2298/918/2298 2301/919/2301
f 2298/918/2298 2303/929/2303 2302/928/2302
f 2300/919/2300 2299/918/2299 2305/936/2305
f 2304/935/2304 2305/936/2305 2299/918/2299
f 2234/907/2234 2235/907/2235 2307/937/2307
f 2307/937/2307 2306/937/2306 2234/907/2234
f 2238/909/2238 2234/907/2234 2308/938/2308
f 2306/937/2306 2308/938/2308 2234/907/2234
f 2235/907/2235 2239/909/2239 2309/938/2309
f 2309/938/2309 2307/937/2307 2235/907/2235
f 2242/907/2242 2243/907/2243 2311/937/2311
f 2311/937/2311 2310/937/2310 2242/907/2242
f 2246/909/2246 2242/907/2242 2312/938/2312
f 2310/937/2310 2312/938/2312 2242/907/2242
f 2243/907/2243 2247/909/2247 2313/938/2313
f 2313/938/2313 2311/937/2311 2243/907/2243
f 2298/918/2298 2319/943/2319 2318/942/2318
f 2319/943/2319 2298/918/2298 2314/939/2314
f 2302/928/2302 2316/940/2316 2298/918/2298
f 2314/939/2314 2298/918/2298 2316/940/2316
f 2299/918/2299 2317/941/2317 2304/935/2304
f 2317/941/2317 2299/918/2299 2315/939/2315
f 2299/918/2299 2301/919/2301 2318/942/2318
f 2318/942/2318 2315/939/2315 2299/918/2299
f 2315/939/2315 2318/942/2318 2319/943/2319
f 2327/911/2327 2331/912/2331 2326/913/2326
f 2331/912/2331 2327/911/2327 2330/914/2330
f 2330/914/2330 2325/915/2325 2331/912/2331
f 2325/915/2325 2330/914/2330 2324/916/2324
f 2320/917/2320 2324/916/2324 2321/917/2321
f 2320/917/2320 2325/915/2325 2324/916/2324
f 2321/918/2321 2323/919/2323 2320/918/2320
f 2321/918/2321 2322/919/2322 2323/919/2323
f 2326/913/2326 2329/920/2329 2327/911/2327
f 2329/920/2329 2326/913/2326 2328/921/2328
f 2335/923/2335 2331/912/2331 2325/915/2325
f 2325/915/2325 2332/922/2332 2335/923/2335
f 2335/923/2335 2326/913/2326 2331/912/2331
f 2326/913/2326 2335/923/2335 2333/924/2333
f 2334/925/2334 2328/921/2328 2326/913/2326
f 2326/913/2326 2333/924/2333 2334/925/2334
f 2325/915/2325 2320/917/2320 2332/927/2332
f 2336/926/2336 2332/927/2332 2320/917/2320
f 2337/929/2337 2320/918/2320 2323/919/2323
f 2320/918/2320 2337/929/2337 2336/928/2336
f 2339/931/2339 2321/917/2321 2324/916/2324
f 2321/917/2321 2339/931/2339 2338/930/2338
f 2339/932/2339 2324/916/2324 2330/914/2330
f 2346/947/2346 2329/920/2329 2344/945/2344
f 2339/932/2339 2330/914/2330 2327/911/2327
f 2327/911/2327 2340/933/2340 2339/932/2339
f 2341/934/2341 2327/911/2327 2329/920/2329
f 2327/911/2327 2341/934/2341 2340/933/2340
f 2322/919/2322 2321/918/2321 2342/936/2342
f 2338/935/2338 2342/936/2342 2321/918/2321
f 2328/921/2328 2344/945/2344 2329/920/2329
f 2344/945/2344 2328/921/2328 2343/944/2343
f 2328/921/2328 2334/925/2334 2345/946/2345
f 2345/946/2345 2343/944/2343 2328/921/2328
f 2329/920/2329 2346/947/2346 2341/934/2341
f 2354/911/2354 2358/912/2358 2353/913/2353
f 2358/912/2358 2354/911/2354 2357/914/2357
f 2357/914/2357 2352/915/2352 2358/912/2358
f 2352/915/2352 2357/914/2357 2351/916/2351
f 2347/917/2347 2351/916/2351 2348/917/2348
f 2347/917/2347 2352/915/2352 2351/916/2351
f 2348/918/2348 2350/919/2350 2347/918/2347
f 2348/918/2348 2349/919/2349 2350/919/2350
f 2353/913/2353 2356/920/2356 2354/911/2354
f 2356/920/2356 2353/913/2353 2355/921/2355
f 2362/923/2362 2358/912/2358 2352/915/2352
f 2352/915/2352 2359/922/2359 2362/923/2362
f 2362/923/2362 2353/913/2353 2358/912/2358
f 2353/913/2353 2362/923/2362 2360/924/2360
f 2361/925/2361 2355/921/2355 2353/913/2353
f 2353/913/2353 2360/924/2360 2361/925/2361
f 2352/915/2352 2347/917/2347 2359/927/2359
f 2363/926/2363 2359/927/2359 2347/917/2347
f 2364/929/2364 2347/918/2347 2350/919/2350
f 2347/918/2347 2364/929/2364 2363/928/2363
f 2366/931/2366 2348/917/2348 2351/916/2351
f 2348/917/2348 2366/931/2366 2365/930/2365
f 2366/932/2366 2351/916/2351 2357/914/2357
f 2373/947/2373 2356/920/2356 2371/945/2371
f 2366/932/2366 2357/914/2357 2354/911/2354
f 2354/911/2354 2367/933/2367 2366/932/2366
f 2368/934/2368 2354/911/2354 2356/920/2356
f 2354/911/2354 2368/934/2368 2367/933/2367
f 2349/919/2349 2348/918/2348 2369/936/2369
f 2365/935/2365 2369/936/2369 2348/918/2348
f 2355/921/2355 2371/945/2371 2356/920/2356
f 2371/945/2371 2355/921/2355 2370/944/2370
f 2355/921/2355 2361/925/2361 2372/946/2372
f 2372/946/2372 2370/944/2370 2355/921/2355
f 2356/920/2356 2373/947/2373 2368/934/2368
f 2375/918/2375 2377/919/2377 2374/918/2374
f 2375/918/2375 2376/919/2376 2377/919/2377
f 2379/929/2379 2374/918/2374 2377/919/2377
f 2374/918/2374 2379/929/2379 2378/928/2378
f 2376/919/2376 2375/918/2375 2381/936/2381
f 2380/935/2380 2381/936/2381 2375/918/2375
f 2374/918/2374 2383/948/2383 2375/918/2375
f 2383/948/2383 2374/918/2374 2382/948/2382
f 2378/928/2378 2384/949/2384 2374/918/2374
f 2382/948/2382 2374/918/2374 2384/949/2384
f 2375/918/2375 2385/950/2385 2380/935/2380
f 2385/950/2385 2375/918/2375 2383/948/2383
f 2382/948/2382 2387/951/2387 2383/948/2383
f 2387/951/2387 2382/948/2382 2386/951/2386
f 2384/949/2384 2388/952/2388 2382/948/2382
f 2386/951/2386 2382/948/2382 2388/952/2388
f 2383/948/2383 2389/953/2389 2385/950/2385
f 2389/953/2389 2383/948/2383 2387/951/2387
f 2587/1030/2587 2582/1025/2582 2586/1028/2586
f 2582/1025/2582 2587/1030/2587 2583/1027/2583
f 2585/1028/2585 2581/1025/2581 2588/1029/2588
f 2584/1026/2584 2588/1029/2588 2581/1025/2581
f 2581/1025/2581 2585/1028/2585 2586/1028/2586
f 2586/1028/2586 2582/1025/2582 2581/1025/2581
f 2583/1027/2583 2578/1022/2578 2582/1025/2582
f 2578/1022/2578 2583/1027/2583 2579/1024/2579
f 2581/1025/2581 2577/1022/2577 2584/1026/2584
f 2580/1023/2580 2584/1026/2584 2577/1022/2577
f 2577/1022/2577 2581/1025/2581 2582/1025/2582
f 2582/1025/2582 2578/1022/2578 2577/1022/2577
f 2579/1024/2579 2574/1019/2574 2578/1022/2578
f 2574/1019/2574 2579/1024/2579 2575/1021/2575
f 2577/1022/2577 2573/1019/2573 2580/1023/2580
f 2576/1020/2576 2580/1023/2580 2573/1019/2573
f 2573/1019/2573 2577/1022/2577 2578/1022/2578
f 2402/942/2402 2393/919/2393 2390/918/2390
f 2391/918/2391 2392/919/2392 2393/919/2393
f 2395/929/2395 2390/918/2390 2393/919/2393
f 2390/918/2390 2395/929/2395 2394/928/2394
f 2392/919/2392 2391/918/2391 2397/936/2397
f 2396/935/2396 2397/936/2397 2391/918/2391
f 2390/918/2390 2403/943/2403 2402/942/2402
f 2403/943/2403 2390/918/2390 2398/939/2398
f 2394/928/2394 2400/940/2400 2390/918/2390
f 2398/939/2398 2390/918/2390 2400/940/2400
f 2391/918/2391 2401/941/2401 2396/935/2396
f 2401/941/2401 2391/918/2391 2399/939/2399
f 2391/918/2391 2393/919/2393 2402/942/2402
f 2402/942/2402 2399/939/2399 2391/918/2391
f 2399/939/2399 2402/942/2402 2403/943/2403
f 2405/954/2405 2393/919/2393 2392/919/2392
f 2392/919/2392 2404/954/2404 2405/954/2405
f 2397/936/2397 2407/955/2407 2392/919/2392
f 2404/954/2404 2392/919/2392 2407/955/2407
f 2393/919/2393 2406/956/2406 2395/929/2395
f 2406/956/2406 2393/919/2393 2405/954/2405
f 2420/942/2420 2411/919/2411 2408/918/2408
f 2409/918/2409 2410/919/2410 2411/919/2411
f 2413/929/2413 2408/918/2408 2411/919/2411
f 2408/918/2408 2413/929/2413 2412/928/2412
f 2410/919/2410 2409/918/2409 2415/936/2415
f 2414/935/2414 2415/936/2415 2409/918/2409
f 2408/918/2408 2421/943/2421 2420/942/2420
f 2421/943/2421 2408/918/2408 2416/939/2416
f 2412/928/2412 2418/940/2418 2408/918/2408
f 2416/939/2416 2408/918/2408 2418/940/2418
f 2409/918/2409 2419/941/2419 2414/935/2414
f 2419/941/2419 2409/918/2409 2417/939/2417
f 2409/918/2409 2411/919/2411 2420/942/2420
f 2420/942/2420 2417/939/2417 2409/918/2409
f 2417/939/2417 2420/942/2420 2421/943/2421
f 2423/954/2423 2411/919/2411 2410/919/2410
f 2410/919/2410 2422/954/2422 2423/954/2423
f 2415/936/2415 2425/955/2425 2410/919/2410
f 2422/954/2422 2410/919/2410 2425/955/2425
f 2411/919/2411 2424/956/2424 2413/929/2413
f 2424/956/2424 2411/919/2411 2423/954/2423
f 2427/957/2427 2323/919/2323 2322/919/2322
f 2322/919/2322 2426/957/2426 2427/957/2427
f 2342/936/2342 2429/958/2429 2322/919/2322
f 2426/957/2426 2322/919/2322 2429/958/2429
f 2323/919/2323 2428/959/2428 2337/929/2337
f 2428/959/2428 2323/919/2323 2427/957/2427
f 2578/1022/2578 2574/1019/2574 2573/1019/2573
f 2575/1021/2575 2570/1016/2570 2574/1019/2574
f 2570/1016/2570 2575/1021/2575 2571/1018/2571
f 2573/1019/2573 2569/1016/2569 2576/1020/2576
f 2572/1017/2572 2576/1020/2576 2569/1016/2569
f 2569/1016/2569 2573/1019/2573 2574/1019/2574
f 2437/911/2437 2441/912/2441 2436/913/2436
f 2441/912/2441 2437/911/2437 2440/914/2440
f 2440/914/2440 2435/915/2435 2441/912/2441
f 2435/915/2435 2440/914/2440 2434/916/2434
f 2430/917/2430 2434/916/2434 2431/917/2431
f 2430/917/2430 2435/915/2435 2434/916/2434
f 2431/918/2431 2433/919/2433 2430/918/2430
f 2431/918/2431 2432/919/2432 2433/919/2433
f 2436/913/2436 2439/920/2439 2437/911/2437
f 2439/920/2439 2436/913/2436 2438/921/2438
f 2445/923/2445 2441/912/2441 2435/915/2435
f 2435/915/2435 2442/922/2442 2445/923/2445
f 2445/923/2445 2436/913/2436 2441/912/2441
f 2436/913/2436 2445/923/2445 2443/924/2443
f 2444/925/2444 2438/921/2438 2436/913/2436
f 2436/913/2436 2443/924/2443 2444/925/2444
f 2435/915/2435 2430/917/2430 2442/927/2442
f 2446/926/2446 2442/927/2442 2430/917/2430
f 2447/929/2447 2430/918/2430 2433/919/2433
f 2430/918/2430 2447/929/2447 2446/928/2446
f 2449/931/2449 2431/917/2431 2434/916/2434
f 2431/917/2431 2449/931/2449 2448/930/2448
f 2452/932/2452 2434/916/2434 2440/914/2440
f 2434/916/2434 2452/932/2452 2449/931/2449
f 2452/932/2452 2440/914/2440 2437/911/2437
f 2437/911/2437 2450/933/2450 2452/932/2452
f 2451/934/2451 2437/911/2437 2439/920/2439
f 2437/911/2437 2451/934/2451 2450/933/2450
f 2432/919/2432 2431/918/2431 2453/936/2453
f 2448/935/2448 2453/936/2453 2431/918/2431
f 2461/911/2461 2465/912/2465 2460/913/2460
f 2465/912/2465 2461/911/2461 2464/914/2464
f 2464/914/2464 2459/915/2459 2465/912/2465
f 2459/915/2459 2464/914/2464 2458/916/2458
f 2454/917/2454 2458/916/2458 2455/917/2455
f 2454/917/2454 2459/915/2459 2458/916/2458
f 2455/918/2455 2457/919/2457 2454/918/2454
f 2455/918/2455 2456/919/2456 2457/919/2457
f 2460/913/2460 2463/920/2463 2461/911/2461
f 2463/920/2463 2460/913/2460 2462/921/2462
f 2469/923/2469 2465/912/2465 2459/915/2459
f 2459/915/2459 2466/922/2466 2469/923/2469
f 2469/923/2469 2460/913/2460 2465/912/2465
f 2460/913/2460 2469/923/2469 2467/924/2467
f 2468/925/2468 2462/921/2462 2460/913/2460
f 2460/913/2460 2467/924/2467 2468/925/2468
f 2459/915/2459 2454/917/2454 2466/927/2466
f 2470/926/2470 2466/927/2466 2454/917/2454
f 2471/929/2471 2454/918/2454 2457/919/2457
f 2454/918/2454 2471/929/2471 2470/928/2470
f 2473/931/2473 2455/917/2455 2458/916/2458
f 2455/917/2455 2473/931/2473 2472/930/2472
f 2476/932/2476 2458/916/2458 2464/914/2464
f 2458/916/2458 2476/932/2476 2473/931/2473
f 2476/932/2476 2464/914/2464 2461/911/2461
f 2461/911/2461 2474/933/2474 2476/932/2476
f 2475/934/2475 2461/911/2461 2463/920/2463
f 2461/911/2461 2475/934/2475 2474/933/2474
f 2456/919/2456 2455/918/2455 2477/936/2477
f 2472/935/2472 2477/936/2477 2455/918/2455
f 2479/960/2479 2433/919/2433 2432/919/2432
f 2432/919/2432 2478/960/2478 2479/960/2479
f 2453/936/2453 2481/961/2481 2432/919/2432
f 2478/960/2478 2432/919/2432 2481/961/2481
f 2433/919/2433 2480/962/2480 2447/929/2447
f 2480/962/2480 2433/919/2433 2479/960/2479
f 2483/960/2483 2457/919/2457 2456/919/2456
f 2456/919/2456 2482/960/2482 2483/960/2483
f 2477/936/2477 2485/961/2485 2456/919/2456
f 2482/960/2482 2456/919/2456 2485/961/2485
f 2457/919/2457 2484/962/2484 2471/929/2471
f 2484/962/2484 2457/919/2457 2483/960/2483
f 2487/963/2487 2405/954/2405 2404/954/2404
f 2404/954/2404 2486/963/2486 2487/963/2487
f 2407/955/2407 2489/964/2489 2404/954/2404
f 2486/963/2486 2404/954/2404 2489/964/2489
f 2405/954/2405 2488/965/2488 2406/956/2406
f 2488/965/2488 2405/954/2405 2487/963/2487
f 2491/963/2491 2423/954/2423 2422/954/2422
f 2422/954/2422 2490/963/2490 2491/963/2491
f 2425/955/2425 2493/964/2493 2422/954/2422
f 2490/963/2490 2422/954/2422 2493/964/2493
f 2423/954/2423 2492/965/2492 2424/956/2424
f 2492/965/2492 2423/954/2423 2491/963/2491
f 2495/966/2495 2487/963/2487 2486/963/2486
f 2486/963/2486 2494/966/2494 2495/966/2495
f 2489/964/2489 2497/967/2497 2486/963/2486
f 2494/966/2494 2486/963/2486 2497/967/2497
f 2487/963/2487 2496/968/2496 2488/965/2488
f 2496/968/2496 2487/963/2487 2495/966/2495
f 2499/966/2499 2491/963/2491 2490/963/2490
f 2490/963/2490 2498/966/2498 2499/966/2499
f 2493/964/2493 2501/967/2501 2490/963/2490
f 2498/966/2498 2490/963/2490 2501/967/2501
f 2491/963/2491 2500/968/2500 2492/965/2492
f 2500/968/2500 2491/963/2491 2499/966/2499
f 2503/969/2503 2495/966/2495 2494/966/2494
f 2494/966/2494 2502/969/2502 2503/969/2503
f 2497/967/2497 2505/970/2505 2494/966/2494
f 2502/969/2502 2494/966/2494 2505/970/2505
f 2495/966/2495 2504/971/2504 2496/968/2496
f 2504/971/2504 2495/966/2495 2503/969/2503
f 2507/969/2507 2499/966/2499 2498/966/2498
f 2498/966/2498 2506/969/2506 2507/969/2507
f 2501/967/2501 2509/970/2509 2498/966/2498
f 2506/969/2506 2498/966/2498 2509/970/2509
f 2499/966/2499 2508/971/2508 2500/968/2500
f 2508/971/2508 2499/966/2499 2507/969/2507
f 2511/972/2511 2503/969/2503 2502/969/2502
f 2502/969/2502 2510/972/2510 2511/972/2511
f 2505/970/2505 2513/973/2513 2502/969/2502
f 2510/972/2510 2502/969/2502 2513/973/2513
f 2503/969/2503 2512/974/2512 2504/971/2504
f 2512/974/2512 2503/969/2503 2511/972/2511
f 2515/972/2515 2507/969/2507 2506/969/2506
f 2506/969/2506 2514/972/2514 2515/972/2515
f 2509/970/2509 2517/973/2517 2506/969/2506
f 2514/972/2514 2506/969/2506 2517/973/2517
f 2507/969/2507 2516/974/2516 2508/971/2508
f 2516/974/2516 2507/969/2507 2515/972/2515
f 2525/975/2525 2529/976/2529 2524/977/2524
f 2529/976/2529 2525/975/2525 2528/978/2528
f 2528/978/2528 2523/979/2523 2529/976/2529
f 2523/979/2523 2528/978/2528 2522/980/2522
f 2518/981/2518 2522/980/2522 2519/981/2519
f 2518/981/2518 2523/979/2523 2522/980/2522
f 2519/982/2519 2521/983/2521 2518/982/2518
f 2519/982/2519 2520/983/2520 2521/983/2521
f 2524/977/2524 2527/984/2527 2525/975/2525
f 2527/984/2527 2524/977/2524 2526/985/2526
f 2533/986/2533 2529/976/2529 2523/979/2523
f 2523/979/2523 2530/987/2530 2533/986/2533
f 2533/986/2533 2524/977/2524 2529/976/2529
f 2524/977/2524 2533/986/2533 2531/988/2531
f 2532/989/2532 2526/985/2526 2524/977/2524
f 2524/977/2524 2531/988/2531 2532/989/2532
f 2523/979/2523 2518/981/2518 2530/990/2530
f 2534/991/2534 2530/990/2530 2518/981/2518
f 2535/992/2535 2518/982/2518 2521/983/2521
f 2518/982/2518 2535/992/2535 2534/993/2534
f 2537/994/2537 2519/981/2519 2522/980/2522
f 2519/981/2519 2537/994/2537 2536/995/2536
f 2537/996/2537 2522/980/2522 2528/978/2528
f 2536/1000/2536 2540/999/2540 2519/982/2519
f 2537/996/2537 2528/978/2528 2525/975/2525
f 2525/975/2525 2538/997/2538 2537/996/2537
f 2539/998/2539 2525/975/2525 2527/984/2527
f 2525/975/2525 2539/998/2539 2538/997/2538
f 2520/983/2520 2519/982/2519 2540/999/2540
f 2542/982/2542 2544/983/2544 2541/982/2541
f 2542/982/2542 2543/983/2543 2544/983/2544
f 2546/992/2546 2541/982/2541 2544/983/2544
f 2541/982/2541 2546/992/2546 2545/993/2545
f 2547/1000/2547 2548/999/2548 2542/982/2542
f 2543/983/2543 2542/982/2542 2548/999/2548
f 2541/982/2541 2550/1001/2550 2542/982/2542
f 2550/1001/2550 2541/982/2541 2549/1001/2549
f 2545/993/2545 2551/1002/2551 2541/982/2541
f 2549/1001/2549 2541/982/2541 2551/1002/2551
f 2542/982/2542 2552/1003/2552 2547/1000/2547
f 2552/1003/2552 2542/982/2542 2550/1001/2550
f 2554/1004/2554 2301/919/2301 2300/919/2300
f 2300/919/2300 2553/1004/2553 2554/1004/2554
f 2305/936/2305 2556/1005/2556 2300/919/2300
f 2553/1004/2553 2300/919/2300 2556/1005/2556
f 2301/919/2301 2555/1006/2555 2303/929/2303
f 2555/1006/2555 2301/919/2301 2554/1004/2554
f 2558/1007/2558 2554/1004/2554 2553/1004/2553
f 2553/1004/2553 2557/1007/2557 2558/1007/2558
f 2556/1005/2556 2560/1008/2560 2553/1004/2553
f 2557/1007/2557 2553/1004/2553 2560/1008/2560
f 2554/1004/2554 2559/1009/2559 2555/1006/2555
f 2559/1009/2559 2554/1004/2554 2558/1007/2558
f 2562/1010/2562 2558/1007/2558 2557/1007/2557
f 2557/1007/2557 2561/1010/2561 2562/1010/2562
f 2560/1008/2560 2564/1011/2564 2557/1007/2557
f 2561/1010/2561 2557/1007/2557 2564/1011/2564
f 2558/1007/2558 2563/1012/2563 2559/1009/2559
f 2563/1012/2563 2558/1007/2558 2562/1010/2562
f 2566/1013/2566 2562/1010/2562 2561/1010/2561
f 2561/1010/2561 2565/1013/2565 2566/1013/2566
f 2564/1011/2564 2568/1014/2568 2561/1010/2561
f 2565/1013/2565 2561/1010/2561 2568/1014/2568
f 2562/1010/2562 2567/1015/2567 2563/1012/2563
f 2567/1015/2567 2562/1010/2562 2566/1013/2566
f 2570/1016/2570 2566/1013/2566 2565/1013/2565
f 2565/1013/2565 2569/1016/2569 2570/1016/2570
f 2568/1014/2568 2572/1017/2572 2565/1013/2565
f 2569/1016/2569 2565/1013/2565 2572/1017/2572
f 2566/1013/2566 2571/1018/2571 2567/1015/2567
f 2571/1018/2571 2566/1013/2566 2570/1016/2570
f 2574/1019/2574 2570/1016/2570 2569/1016/2569
g fff0af14_00156_00432a6c_e1
f 2639/1069/2639 2638/1061/2638 2637/1062/2637
f 2636/1067/2636 2639/1069/2639 2635/1068/2635
f 2639/1069/2639 2637/1062/2637 2635/1068/2635
f 2634/1063/2634 2637/1062/2637 2638/1061/2638
f 2637/1062/2637 2634/1063/2634 2633/1064/2633
f 2632/1065/2632 2633/1064/2633 2634/1063/2634
f 2727/1069/2727 2726/1061/2726 2725/1062/2725
f 2724/1067/2724 2727/1069/2727 2723/1068/2723
f 2727/1069/2727 2725/1062/2725 2723/1068/2723
f 2722/1063/2722 2725/1062/2725 2726/1061/2726
f 2725/1062/2725 2722/1063/2722 2721/1064/2721
f 2720/1065/2720 2721/1064/2721 2722/1063/2722
g fff0af14_00156_00432a6c_e5
f 2624/1066/2624 2623/1074/2623 2622/1075/2622
f 2622/1075/2622 2623/1074/2623 2640/1073/2640
f 2624/1080/2624 2704/1081/2704 2623/1077/2623
f 2703/1081/2703 2624/1080/2624 2622/1078/2622
f 2623/1077/2623 2702/1081/2702 2640/1080/2640
f 2622/1078/2622 2640/1080/2640 2706/1081/2706
f 2622/1078/2622 2701/1079/2701 2703/1081/2703
f 2702/1081/2702 2705/1082/2705 2640/1080/2640
f 2700/1076/2700 2624/1080/2624 2703/1081/2703
f 2700/1076/2700 2704/1081/2704 2624/1080/2624
f 2699/1079/2699 2623/1077/2623 2704/1081/2704
f 2702/1081/2702 2623/1077/2623 2699/1079/2699
f 2701/1079/2701 2622/1078/2622 2706/1081/2706
f 2705/1082/2705 2706/1081/2706 2640/1080/2640
f 2712/1066/2712 2711/1074/2711 2710/1075/2710
f 2710/1075/2710 2711/1074/2711 2728/1073/2728
f 2712/1080/2712 2792/1081/2792 2711/1077/2711
f 2791/1081/2791 2712/1080/2712 2710/1078/2710
f 2711/1077/2711 2790/1081/2790 2728/1080/2728
f 2710/1078/2710 2728/1080/2728 2794/1081/2794
f 2710/1078/2710 2789/1079/2789 2791/1081/2791
f 2790/1081/2790 2793/1082/2793 2728/1080/2728
f 2788/1076/2788 2712/1080/2712 2791/1081/2791
f 2788/1076/2788 2792/1081/2792 2712/1080/2712
f 2787/1079/2787 2711/1077/2711 2792/1081/2792
f 2790/1081/2790 2711/1077/2711 2787/1079/2787
f 2789/1079/2789 2710/1078/2710 2794/1081/2794
f 2793/1082/2793 2794/1081/2794 2728/1080/2728
