# fff002f9_00067_001b4465
o fff002f9_00067_001b4465
v -0.265015 11.853394 0.445251
v -0.313843 11.808044 0.453083
v -1.649414 11.916992 0.445251
v -1.514404 11.920288 -0.717697
v -7.479126 -3.151733 -0.717697
v -7.131348 -5.073792 0.445251
v -7.428101 -3.144043 0.445251
v -7.182373 -5.081604 -0.717697
v -7.131348 -5.073792 0.445251
v -7.197266 -5.083679 0.453079
v -7.493896 -3.154053 0.453087
v -7.428101 -3.144043 0.445251
v -0.385498 1.173096 -0.344700
v -0.423950 1.141785 -0.441914
v -0.967285 0.699951 -0.447002
v -0.969360 0.651855 -0.716862
v 0.470825 -1.050781 -0.717381
v -1.542603 11.778503 0.522854
v -1.611328 11.871094 0.453079
v -0.895386 11.268066 -0.304314
v -0.494263 11.640503 -0.286682
v -0.332397 11.790771 0.520325
v -1.522461 11.764221 0.466415
v -0.392456 11.735046 0.522507
v -0.412476 11.716431 0.474209
v -1.017090 11.275757 -0.303619
v -1.615845 11.866943 0.520321
v -8.348999 -3.320374 -0.447002
v -7.493896 -3.154053 0.453087
v -7.197266 -5.083679 0.453079
v -0.456055 1.164612 0.466431
v -0.975708 0.648682 -0.356861
v -0.366943 1.237061 0.463863
v -0.448608 1.171631 -0.373627
v -0.521240 1.116211 -0.310976
v -0.973022 0.723145 -0.356640
v 0.391724 -1.067261 -0.344242
v 1.020996 -0.652100 0.466415
v -0.413208 1.137939 0.522861
v -0.342896 1.202026 0.520329
v -9.446289 -5.360779 -0.716862
v -10.614258 -3.606384 -0.717697
v -9.794312 -3.475464 -0.717381
v -0.314453 1.230896 -0.717697
v -0.978638 0.644287 -0.447002
v 0.414795 -1.050110 -0.716862
v 0.405396 -1.057617 -0.447010
v 0.462036 -1.057739 -0.447010
v -10.147339 -5.547607 0.466431
v -10.356201 -3.565552 -0.286686
v -9.717651 -3.500916 -0.344242
v -10.469971 -3.545044 0.466415
v -9.809937 -3.526245 -0.303101
v -10.573486 -3.604370 0.520321
v -10.171143 -5.502991 0.522861
v -10.264038 -5.523315 0.520329
v 0.912354 -0.691589 -0.286686
v -0.975708 0.648682 -0.356861
v 0.459106 -0.999146 -0.303101
v -0.910400 0.684998 -0.303097
v -0.516968 1.066101 -0.286678
v 1.080933 -0.548950 0.520321
v 1.003906 -0.604736 0.522854
v -10.665283 -3.614563 0.445251
v -9.434570 -5.358887 -0.447002
v -10.599365 -3.604187 0.453079
v -10.474487 -3.584290 -0.441925
v -10.523560 -3.592163 -0.344707
v -9.746094 -3.504211 -0.716862
v -9.734131 -3.502380 -0.447010
v -9.783203 -3.473877 -0.447010
v -0.274414 1.263428 0.445251
v -0.325928 1.221497 0.453087
v -0.958618 0.706970 -0.717381
v -9.439087 -5.361267 -0.356861
v -9.514038 -5.359924 -0.303097
v -10.045288 -5.492798 -0.286678
v -10.479004 -3.594788 0.522854
v 0.960327 -0.705994 -0.310991
v 0.462036 -1.057739 -0.447010
v 0.463501 -1.062195 -0.354019
v 0.405396 -1.057617 -0.447010
v -0.978638 0.644287 -0.447002
v -0.423950 1.141785 -0.441914
v -0.967285 0.699951 -0.447002
v -0.385498 1.173096 -0.344700
v 1.103271 -0.536255 0.453079
v 1.110107 -0.579651 0.463852
v -10.390625 -3.528809 -0.310993
v -9.783203 -3.473877 -0.447010
v -9.782104 -3.469299 -0.354019
v -9.734131 -3.502380 -0.447010
v -9.434570 -5.358887 -0.447002
v -10.288452 -5.531555 0.453087
v -10.599365 -3.604187 0.453079
v -10.583496 -3.563232 0.463852
v -10.480347 -3.546021 -0.373642
v -10.523560 -3.592163 -0.344707
v -10.474487 -3.584290 -0.441925
v -1.352051 -2.579651 0.466431
v -0.832397 -2.063782 -0.356861
v -1.441162 -2.652100 0.463863
v -0.835083 -2.138123 -0.356640
v -0.325928 1.221497 0.453087
v -10.806152 -3.620972 -0.344700
v -10.855225 -3.628479 -0.441914
v -2.222900 -0.364990 -0.716862
v -2.213501 -0.357422 -0.447010
v -2.270264 -0.357300 -0.447010
v -2.923218 -0.888184 -0.717697
v -2.279053 -0.364319 -0.717381
v -10.871216 -3.592529 0.466431
v -11.580688 -3.773499 -0.356861
v -10.757690 -3.575195 0.463863
v -10.861206 -3.590271 -0.373627
v -10.951904 -3.601135 -0.310978
v -11.540771 -3.710815 -0.356640
v -10.563477 -5.597412 0.466415
v -10.847778 -3.637207 0.522861
v -2.720459 -0.723450 -0.286686
v -1.286865 -2.531250 -0.310978
v -2.199951 -0.347839 -0.344242
v -2.829102 -0.762939 0.466415
v -2.267212 -0.415955 -0.303101
v -2.889038 -0.866089 0.520321
v -2.812012 -0.810364 0.522854
v -1.394897 -2.553040 0.522861
v -1.465210 -2.617126 0.520329
v -11.547363 -3.733643 -0.447002
v -11.573608 -3.774109 -0.716862
v -11.287720 -5.632751 -0.716862
v -11.299683 -5.634583 -0.447010
v -2.963257 -0.920776 0.445251
v -2.911499 -0.878784 0.453079
v -2.813232 -0.799133 -0.441925
v -2.851929 -0.830383 -0.344707
v -10.677124 -5.576172 -0.286686
v -11.316284 -5.635925 -0.344242
v -11.223755 -5.611328 -0.303101
v -10.459473 -5.538879 0.520321
v -10.554199 -5.547791 0.522854
v -10.754639 -3.617676 0.520329
v -2.768555 -0.709045 -0.310993
v -2.271606 -0.352844 -0.354019
v -0.832397 -2.063782 -0.356861
v -2.918213 -0.835449 0.463852
v -2.837524 -0.768921 -0.373642
v -0.897705 -2.100098 -0.303097
v -1.291138 -2.481201 -0.286678
v -10.664551 -3.599548 0.445251
v -10.730347 -3.609558 0.453087
v -10.715576 -3.607239 -0.717697
v -11.536377 -3.731995 -0.717381
v -11.585449 -3.775879 -0.447002
v -10.855225 -3.628479 -0.441914
v -11.547363 -3.733643 -0.447002
v -10.806152 -3.620972 -0.344700
v -11.580688 -3.773499 -0.356861
v -11.505981 -3.775452 -0.303097
v -10.973755 -3.646545 -0.286678
v -2.270264 -0.357300 -0.447010
v -2.213501 -0.357422 -0.447010
v -0.829468 -2.059387 -0.447002
v -0.840942 -2.115051 -0.447002
v -1.482178 -2.636536 0.453087
v -2.911499 -0.878784 0.453079
v -2.851929 -0.830383 -0.344707
v -2.813232 -0.799133 -0.441925
v -3.081909 -1.020081 -0.344700
v -3.120361 -1.051392 -0.441914
v -3.663574 -1.493164 -0.447002
v -3.665771 -1.541321 -0.716862
v -2.225586 -3.243896 -0.717381
v -11.299683 -5.634583 -0.447010
v -11.585449 -3.775879 -0.447002
v -10.730347 -3.609558 0.453087
v -10.433716 -5.539185 0.453079
v -3.152466 -1.028564 0.466431
v -3.672119 -1.544495 -0.356861
v -3.063354 -0.956116 0.463863
v -3.145020 -1.021545 -0.373627
v -3.217651 -1.076965 -0.310978
v -3.669556 -1.470093 -0.356640
v -1.675415 -2.845276 0.466415
v -3.109619 -1.055237 0.522861
v -3.039307 -0.991150 0.520329
v -12.695435 -5.818054 -0.716862
v -13.863281 -4.063660 -0.717697
v -13.043335 -3.932739 -0.717381
v -2.281616 -3.243286 -0.716862
v -2.291016 -3.250793 -0.447010
v -2.234375 -3.250916 -0.447010
v -13.396484 -6.004883 0.466431
v -12.966675 -3.958191 -0.344242
v -13.719116 -4.002319 0.466415
v -13.059082 -3.983521 -0.303101
v -13.420288 -5.960266 0.522861
v -13.513184 -5.980591 0.520329
v -1.784058 -2.884766 -0.286686
v -2.304688 -3.260437 -0.344242
v -3.672119 -1.544495 -0.356861
v -2.237305 -3.192322 -0.303101
v -3.606812 -1.508179 -0.303097
v -3.213379 -1.127014 -0.286678
v -1.615479 -2.742126 0.520321
v -1.692505 -2.797852 0.522854
v -13.914307 -4.071838 0.445251
v -12.683594 -5.816162 -0.447002
v -13.848511 -4.061462 0.453079
v -13.723633 -4.041565 -0.441925
v -13.772705 -4.049438 -0.344707
v -12.995239 -3.961487 -0.716862
v -12.983276 -3.959656 -0.447010
v -13.032227 -3.931213 -0.447010
v -2.970825 -0.929688 0.445251
v -3.022339 -0.971680 0.453087
v -3.010864 -0.962280 -0.717697
v -3.655029 -1.486206 -0.717381
v -3.675049 -1.548828 -0.447002
v -13.605347 -4.022827 -0.286686
v -12.688232 -5.818542 -0.356861
v -12.763184 -5.817261 -0.303097
v -13.294312 -5.950073 -0.286678
v -13.822632 -4.061646 0.520321
v -13.728149 -4.052063 0.522854
v -2.234375 -3.250916 -0.447010
v -2.232910 -3.255371 -0.354019
v -2.291016 -3.250793 -0.447010
v -3.120361 -1.051392 -0.441914
v -3.663574 -1.493164 -0.447002
v -3.081909 -1.020081 -0.344700
v -1.586304 -2.772827 0.463852
v -13.639648 -3.986084 -0.310993
v -13.032227 -3.931213 -0.447010
v -13.031128 -3.926575 -0.354019
v -12.983276 -3.959656 -0.447010
v -12.683594 -5.816162 -0.447002
v -13.537476 -5.988831 0.453087
v -13.848511 -4.061462 0.453079
v -13.832520 -4.020508 0.463852
v -13.729492 -4.003296 -0.373642
v -13.772705 -4.049438 -0.344707
v -13.723633 -4.041565 -0.441925
v -3.928467 -4.674988 0.466431
v -4.017578 -4.747437 0.463863
v -3.411499 -4.233398 -0.356640
v -3.675049 -1.548828 -0.447002
v -3.022339 -0.971680 0.453087
v -1.593018 -2.729431 0.453079
v -13.914307 -4.071838 0.445251
v -13.848511 -4.061462 0.453079
v -13.537476 -5.988831 0.453087
v -13.603271 -5.999329 0.445251
v -4.789917 -2.452759 -0.447010
v -5.499634 -2.983521 -0.717697
v -4.855469 -2.459595 -0.717381
v -4.473755 9.023743 0.466415
v -2.506470 6.735962 0.463863
v -2.422363 6.814087 0.466431
v -2.532837 6.769287 0.520329
v -2.466919 6.837891 0.522861
v -3.408936 -4.159058 -0.356861
v -5.296875 -2.818787 -0.286686
v -3.863403 -4.626587 -0.310978
v -4.776367 -2.443115 -0.344242
v -5.405640 -2.858276 0.466415
v -4.843750 -2.511230 -0.303101
v -5.465576 -2.961426 0.520321
v -5.388428 -2.905640 0.522854
v -3.971436 -4.648315 0.522861
v -4.041748 -4.712402 0.520329
v -5.539673 -3.016052 0.445251
v -5.487915 -2.974121 0.453079
v -5.389771 -2.894409 -0.441925
v -5.428345 -2.925659 -0.344707
v -4.799438 -2.460266 -0.716862
v -4.846680 -2.452637 -0.447010
v -4.485962 9.012451 0.522854
v -4.650024 9.049561 0.520321
v -4.848145 -2.448120 -0.354019
v -3.408936 -4.159058 -0.356861
v -5.413940 -2.864258 -0.373642
v -3.474243 -4.195374 -0.303097
v -3.867554 -4.576477 -0.286678
v -2.548462 6.748779 0.453087
v -2.597168 6.703552 0.445251
v -4.668579 9.032288 0.453079
v -4.757935 9.030579 0.445251
v -2.597168 6.703552 0.445251
v -2.559326 6.738647 -0.717697
v -4.757935 9.030579 0.445251
v -4.659302 9.000122 -0.717697
v -5.539673 -3.016052 0.445251
v -5.487915 -2.974121 0.453079
v -4.058594 -4.731873 0.453087
v -4.110229 -4.773804 0.445251
v -2.548462 6.748779 0.453087
v -0.951904 12.294006 0.466415
v -4.668579 9.032288 0.453079
v -5.344971 -2.804382 -0.310993
v -4.846680 -2.452637 -0.447010
v -4.789917 -2.452759 -0.447010
v -3.406006 -4.154663 -0.447002
v -3.417358 -4.210327 -0.447002
v -4.058594 -4.731873 0.453087
v -5.487915 -2.974121 0.453079
v -5.494751 -2.930725 0.463852
v -5.428345 -2.925659 -0.344707
v -5.389771 -2.894409 -0.441925
v -0.914673 12.477173 -0.717697
v -0.937744 12.577881 0.445251
v -7.569702 -3.165466 -0.344700
v -7.618774 -3.172974 -0.441914
v -4.070190 -4.741272 -0.717697
v -5.539673 -3.016052 0.445251
v -4.110229 -4.773804 0.445251
v -5.499634 -2.983521 -0.717697
v 1.184082 10.162842 0.463863
v 0.516724 9.641907 -0.356861
v 0.590698 9.634155 -0.356640
v -0.957397 11.221924 -0.447014
v 1.099854 10.084656 0.466431
v -0.969604 11.210632 -0.344242
v -0.954956 11.334839 -0.303101
v -1.031982 12.219666 -0.286686
v -0.949829 12.335693 0.522854
v -0.964600 12.471619 0.520321
v -0.946045 12.488892 0.453079
v -7.634888 -3.137024 0.466431
v -8.344360 -3.317993 -0.356861
v -7.521240 -3.119690 0.463863
v -7.624756 -3.134766 -0.373627
v -7.715454 -3.145691 -0.310978
v -8.304321 -3.255310 -0.356640
v -7.327026 -5.141907 0.466415
v -7.611450 -3.181702 0.522861
v -7.518188 -3.162170 0.520329
v -0.948608 11.230164 -0.716862
v 0.520752 9.647827 -0.716862
v 0.511963 9.639648 -0.447002
v -8.310913 -3.278198 -0.447002
v -8.337158 -3.318604 -0.716862
v -8.051270 -5.177246 -0.716862
v -8.063232 -5.179077 -0.447010
v 1.042847 10.026917 -0.310978
v 0.561768 9.701599 -0.303097
v 0.516724 9.641907 -0.356861
v 1.079468 10.130859 0.522861
v 1.152710 10.191528 0.520329
v 0.993896 10.038086 -0.286678
v -7.440674 -5.120667 -0.286686
v -8.079834 -5.180420 -0.344242
v -8.344360 -3.317993 -0.356861
v -7.987305 -5.155823 -0.303101
v -7.223022 -5.083374 0.520321
v -7.317749 -5.092285 0.522854
v -4.043335 9.694153 0.445251
v 1.174316 10.205566 0.453087
v 1.223022 10.250854 0.445251
v -3.965820 9.644043 -0.717697
v -4.002808 9.650513 0.453079
v -4.043335 9.694153 0.445251
v -7.428101 -3.144043 0.445251
v -7.493896 -3.154053 0.453087
v -7.479126 -3.151733 -0.717697
v -8.299927 -3.276489 -0.717381
v -8.348999 -3.320374 -0.447002
v -3.908325 9.548767 0.466415
v -4.002808 9.650513 0.520321
v 0.568604 9.643188 -0.447002
v 1.174316 10.205566 0.453087
v 0.511963 9.639648 -0.447002
v -3.908325 9.548767 0.522854
v -4.002808 9.650513 0.453079
v -8.063232 -5.179077 -0.447010
v -7.618774 -3.172974 -0.441914
v -8.310913 -3.278198 -0.447002
v -7.569702 -3.165466 -0.344700
v -8.269531 -3.319946 -0.303097
v -7.737305 -3.191040 -0.286678
v -10.813232 2.452820 -0.717693
v -9.996094 0.678650 0.445255
v -10.765869 2.472961 0.445255
v -10.043579 0.658386 -0.717693
v -9.996094 0.678650 0.445255
v -10.057373 0.652649 0.453083
v -10.826904 2.446899 0.453091
v -10.765869 2.472961 0.445255
v -11.613525 2.072083 -0.446999
v -10.826904 2.446899 0.453091
v -10.057373 0.652649 0.453083
v -12.180664 -0.223633 -0.446999
v -12.165894 -0.177917 -0.716858
v -13.735229 1.228882 -0.717693
v -12.974121 1.560669 -0.717377
v -12.797974 -0.533997 0.466434
v -12.158691 -0.176514 -0.356857
v -13.495605 1.333008 -0.286682
v -12.722168 -0.504883 -0.310974
v -12.181274 -0.247437 -0.356636
v -12.893433 1.555176 -0.344238
v -13.610962 1.324341 0.466419
v -12.976440 1.507568 -0.303097
v -13.696289 1.241089 0.520325
v -12.832031 -0.496704 0.522865
v -12.916870 -0.539612 0.520332
v -12.190918 -0.228027 -0.717377
v -13.782471 1.208191 0.445255
v -12.154907 -0.173035 -0.446999
v -13.721313 1.234741 0.453083
v -13.605469 1.285217 -0.441921
v -13.650879 1.265381 -0.344704
v -12.920166 1.544861 -0.716858
v -12.909058 1.549622 -0.447006
v -12.963745 1.564880 -0.447006
v -12.158691 -0.176514 -0.356857
v -12.231567 -0.194031 -0.303093
v -12.712646 -0.455383 -0.286674
v -13.607178 1.273987 0.522858
v -13.782471 1.208191 0.445255
v -13.721313 1.234741 0.453083
v -13.538086 1.359863 -0.310989
v -12.963745 1.564880 -0.447006
v -12.963745 1.569702 -0.354015
v -12.909058 1.549622 -0.447006
v -12.154907 -0.173035 -0.446999
v -12.180664 -0.223633 -0.446999
v -12.938599 -0.553711 0.453091
v -13.721313 1.234741 0.453083
v -13.716187 1.278320 0.463856
v -13.620728 1.320862 -0.373638
v -13.650879 1.265381 -0.344704
v -13.605469 1.285217 -0.441921
v -13.917358 1.166870 -0.344696
v -13.963135 1.147217 -0.441910
v -12.938599 -0.553711 0.453091
v -12.999634 -0.580322 0.445255
v -13.987427 1.178101 0.466434
v -14.629272 0.825500 -0.356857
v -13.881958 1.223206 0.463867
v -13.978394 1.182800 -0.373623
v -14.063354 1.149536 -0.310974
v -14.606201 0.896179 -0.356636
v -13.188354 -0.686218 0.466419
v -13.953613 1.140747 0.522865
v -14.606812 0.872437 -0.446999
v -14.622314 0.826721 -0.716858
v -13.880737 -0.901489 -0.716858
v -13.891968 -0.906250 -0.447006
v -13.303711 -0.694092 -0.286682
v -13.907593 -0.911682 -0.344238
v -13.824219 -0.864685 -0.303097
v -13.102295 -0.603516 0.520325
v -13.191772 -0.635803 0.522858
v -13.868408 1.182861 0.520332
v -13.785767 1.222961 0.445255
v -13.846802 1.196899 0.453091
v -13.833130 1.202759 -0.717693
v -14.596680 0.876770 -0.717377
v -14.633301 0.822021 -0.446999
v -13.261597 -0.721252 -0.310989
v -13.837402 -0.926697 -0.354015
v -13.963135 1.147217 -0.441910
v -14.606812 0.872437 -0.446999
v -13.917358 1.166870 -0.344696
v -14.629272 0.825500 -0.356857
v -13.082764 -0.641052 0.463856
v -14.556396 0.842285 -0.303093
v -14.073242 1.100159 -0.286674
v -13.015869 -0.571350 0.445255
v -13.077271 -0.597412 0.453083
v -13.846802 1.196899 0.453091
v -13.785767 1.222961 0.445255
v -13.837524 -0.922058 -0.447006
v -13.891968 -0.906250 -0.447006
v -14.633301 0.822021 -0.446999
v -13.846802 1.196899 0.453091
v -13.077271 -0.597412 0.453083
v -16.766846 -0.026062 -0.717693
v -16.005737 0.305664 -0.717377
v -15.829590 -1.788879 0.466434
v -15.190430 -1.431458 -0.356857
v -15.934692 -1.834778 0.463867
v -15.212891 -1.502380 -0.356636
v -15.925171 0.300171 -0.344238
v -16.642578 0.069397 0.466419
v -16.008179 0.252563 -0.303097
v -15.863770 -1.751648 0.522865
v -15.948608 -1.794617 0.520332
v -16.814209 -0.046753 0.445255
v -16.753052 -0.020203 0.453083
v -16.637085 0.030334 -0.441921
v -16.682617 0.010437 -0.344704
v -15.951782 0.289917 -0.716858
v -15.940674 0.294678 -0.447006
v -15.995361 0.309937 -0.447006
v -16.527344 0.078003 -0.286682
v -15.190430 -1.431458 -0.356857
v -15.263306 -1.448914 -0.303093
v -15.744385 -1.710327 -0.286674
v -16.727905 -0.013916 0.520325
v -16.638794 0.018982 0.522858
v -16.569702 0.104919 -0.310989
v -15.995361 0.309937 -0.447006
v -15.995361 0.314697 -0.354015
v -15.940674 0.294678 -0.447006
v -15.186646 -1.428040 -0.446999
v -15.212280 -1.478577 -0.446999
v -15.970215 -1.808716 0.453091
v -16.753052 -0.020203 0.453083
v -16.747925 0.023376 0.463856
v -16.652344 0.065918 -0.373638
v -16.682617 0.010437 -0.344704
v -16.637085 0.030334 -0.441921
v -16.814209 -0.046753 0.445255
v -16.753052 -0.020203 0.453083
v -15.970215 -1.808716 0.453091
v -16.031250 -1.835266 0.445255
v -10.897461 2.416931 -0.344696
v -10.943237 2.397278 -0.441910
v -10.807373 0.332336 -0.717377
v -10.967651 2.428101 0.466434
v -11.609375 2.075562 -0.356857
v -10.862183 2.473267 0.463867
v -10.958618 2.432861 -0.373623
v -11.043701 2.399597 -0.310974
v -11.586304 2.146240 -0.356636
v -10.168579 0.563843 0.466419
v -10.933838 2.390747 0.522865
v -10.848511 2.432922 0.520332
v -11.587036 2.122498 -0.446999
v -11.602417 2.076782 -0.716858
v -10.860962 0.348572 -0.716858
v -10.872070 0.343811 -0.447006
v -10.817749 0.328003 -0.447006
v -10.283936 0.555969 -0.286682
v -10.887817 0.338379 -0.344238
v -11.609375 2.075562 -0.356857
v -10.804443 0.385376 -0.303097
v -10.082520 0.646484 0.520325
v -10.171875 0.614258 0.522858
v -10.765869 2.472961 0.445255
v -10.826904 2.446899 0.453091
v -10.813232 2.452820 -0.717693
v -11.576782 2.126770 -0.717377
v -11.613525 2.072083 -0.446999
v -10.241821 0.528748 -0.310989
v -10.817749 0.328003 -0.447006
v -10.817627 0.323303 -0.354015
v -10.872070 0.343811 -0.447006
v -10.943237 2.397278 -0.441910
v -11.587036 2.122498 -0.446999
v -10.897461 2.416931 -0.344696
v -10.062988 0.608948 0.463856
v -11.536621 2.092346 -0.303093
v -11.053467 2.350159 -0.286674
v 3.126831 13.366699 -0.344700
v 3.126831 13.317017 -0.441914
v 3.126831 12.616821 -0.447002
v 3.162842 12.584839 -0.716862
v 3.088867 13.306519 0.466431
v 3.161255 12.577881 -0.356861
v 3.088867 13.421387 0.463863
v 3.088135 13.316772 -0.373627
v 3.085327 13.225464 -0.310974
v 3.105225 12.626831 -0.356640
v 5.355347 12.556152 -0.344242
v 5.430298 13.306274 0.466415
v 3.136597 13.322998 0.522861
v 3.131226 13.417969 0.520329
v 3.126831 13.458252 -0.717697
v 3.162842 12.572876 -0.447002
v 5.356567 12.584839 -0.716862
v 5.356445 12.572754 -0.447010
v 5.392334 13.197021 -0.286686
v 3.161255 12.577881 -0.356861
v 5.344971 12.651367 -0.303101
v 3.174316 12.651489 -0.303097
v 3.126831 13.197144 -0.286678
v 5.388062 13.417847 0.520321
v 5.382690 13.322876 0.522854
v 3.126831 13.509888 0.445251
v 3.126831 13.443359 0.453087
v 3.126831 12.627930 -0.717381
v 5.356445 12.572754 -0.447010
v 3.162842 12.572876 -0.447002
v 3.126831 13.317017 -0.441914
v 3.126831 12.616821 -0.447002
v 3.126831 13.366699 -0.344700
v 5.392334 13.443237 0.453079
v 3.126831 13.458252 -0.717697
v 5.392456 13.509888 0.445251
v 3.126831 13.509888 0.445251
v 5.392456 13.458252 -0.717697
v 5.392456 13.509888 0.445251
v 5.392334 13.443237 0.453079
v 3.126831 13.443359 0.453087
v 3.126831 13.509888 0.445251
v 5.428467 10.249023 0.466431
v 3.126831 13.443359 0.453087
v 5.354492 10.970703 -0.716862
v 3.160889 10.970703 -0.716862
v 3.160889 10.982788 -0.447010
v 3.125000 10.938843 -0.447010
v 3.125000 10.097290 -0.717697
v 3.125000 10.927612 -0.717381
v 3.125000 10.358521 -0.286686
v 3.162109 10.999390 -0.344242
v 3.087158 10.249268 0.466415
v 3.172363 10.904175 -0.303101
v 3.129395 10.137695 0.520321
v 3.134766 10.232666 0.522854
v 5.380859 10.232544 0.522861
v 5.386230 10.137573 0.520329
v 3.125000 10.045654 0.445251
v 5.354492 10.982666 -0.447002
v 3.125000 10.112305 0.453079
v 3.125244 10.238770 -0.441925
v 3.125000 10.189087 -0.344707
v 3.083496 10.330322 -0.310993
v 3.120605 10.940552 -0.354019
v 5.356201 10.977661 -0.356861
v 3.087158 10.134399 0.463852
v 3.086426 10.239014 -0.373642
v 5.343018 10.904053 -0.303097
v 5.390625 10.358398 -0.286678
v 3.125000 10.045654 0.445251
v 3.125000 10.097290 -0.717697
v 3.125000 10.045654 0.445251
v 3.125000 10.112305 0.453079
v 5.390625 10.112183 0.453087
v 5.390625 10.045654 0.445251
v 3.125000 10.938843 -0.447010
v 3.160889 10.982788 -0.447010
v 5.354492 10.982666 -0.447002
v 5.390625 10.112183 0.453087
v 3.125000 10.112305 0.453079
v 3.125000 10.189087 -0.344707
v 3.125244 10.238770 -0.441925
v 3.127197 9.890991 -0.344700
v 3.127197 9.841309 -0.441914
v 3.127197 9.141113 -0.447002
v 3.163086 9.109131 -0.716862
v 5.390625 10.097290 -0.717697
v 5.390625 10.045654 0.445251
v 3.089111 9.830811 0.466431
v 3.161621 9.102173 -0.356861
v 3.089111 9.945679 0.463863
v 3.088379 9.841064 -0.373627
v 3.085693 9.749756 -0.310978
v 3.105469 9.151123 -0.356640
v 5.430664 9.830566 0.466415
v 3.136963 9.847290 0.522861
v 3.131592 9.942261 0.520329
v 5.392578 9.721313 -0.286686
v 5.355713 9.080444 -0.344242
v 3.161621 9.102173 -0.356861
v 5.345215 9.175659 -0.303101
v 3.174561 9.175781 -0.303097
v 3.127197 9.721436 -0.286678
v 5.388428 9.942139 0.520321
v 5.383057 9.847168 0.522854
v 3.127197 10.034180 0.445251
v 3.127197 9.967651 0.453087
v 3.127197 9.982544 -0.717697
v 3.127197 9.152222 -0.717381
v 3.163086 9.097168 -0.447002
v 3.127197 9.841309 -0.441914
v 3.127197 9.141113 -0.447002
v 3.127197 9.890991 -0.344700
v 3.127197 9.982544 -0.717697
v 5.392822 10.034180 0.445251
v 3.127197 10.034180 0.445251
v 5.392822 9.982544 -0.717697
v 5.392822 10.034180 0.445251
v 5.392578 9.967529 0.453079
v 3.127197 9.967651 0.453087
v 3.127197 10.034180 0.445251
v 5.428589 6.928101 0.466431
v 3.163086 9.097168 -0.447002
v 3.127197 9.967651 0.453087
v 5.392578 9.967529 0.453079
v 5.354614 7.649780 -0.716862
v 3.161011 7.661865 -0.447010
v 3.125000 6.776367 -0.717697
v 3.125000 7.606689 -0.717381
v 3.125122 7.037598 -0.286686
v 3.162109 7.678467 -0.344242
v 3.087158 6.928345 0.466415
v 3.172485 7.583252 -0.303101
v 3.129395 6.816772 0.520321
v 3.134766 6.911743 0.522854
v 5.380859 6.911621 0.522861
v 5.386230 6.816650 0.520329
v 3.125000 6.724731 0.445251
v 5.354614 7.661743 -0.447002
v 3.125122 6.791382 0.453079
v 3.125244 6.917847 -0.441925
v 3.125122 6.868164 -0.344707
v 3.160889 7.649780 -0.716862
v 3.125122 7.617920 -0.447010
v 3.120728 7.619629 -0.354019
v 5.356201 7.656738 -0.356861
v 3.086548 6.918091 -0.373642
v 5.343140 7.583130 -0.303097
v 5.390625 7.037476 -0.286678
v 3.125000 6.724731 0.445251
v 3.125122 6.791382 0.453079
v 5.390625 6.791260 0.453087
v 5.390625 6.724731 0.445251
v 3.083618 7.009399 -0.310993
v 3.125122 7.617920 -0.447010
v 3.161011 7.661865 -0.447010
v 5.354614 7.661743 -0.447002
v 5.390625 6.791260 0.453087
v 3.125122 6.791382 0.453079
v 3.087158 6.813477 0.463852
v 3.125122 6.868164 -0.344707
v 3.125244 6.917847 -0.441925
v 3.126831 3.421741 -0.344700
v 3.126831 3.372058 -0.441914
v 3.126831 2.671863 -0.447002
v 3.162842 2.639880 -0.716862
v 3.088867 3.361560 0.466431
v 3.161255 2.632922 -0.356861
v 3.088867 3.476428 0.463863
v 3.088135 3.371814 -0.373627
v 3.085327 3.280505 -0.310974
v 3.105225 2.681872 -0.356640
v 5.355347 2.611194 -0.344242
v 5.430298 3.361316 0.466415
v 3.136597 3.378039 0.522861
v 3.131226 3.473010 0.520329
v 3.126831 3.513293 -0.717697
v 3.162842 2.627917 -0.447002
v 5.356567 2.639880 -0.716862
v 5.356445 2.627795 -0.447010
v 5.392334 3.252063 -0.286686
v 3.161255 2.632922 -0.356861
v 5.344971 2.706409 -0.303101
v 3.174316 2.706531 -0.303097
v 3.126831 3.252185 -0.286678
v 5.388062 3.472888 0.520321
v 5.382690 3.377917 0.522854
v 3.126831 3.564929 0.445251
v 3.126831 3.498401 0.453087
v 3.126831 2.682971 -0.717381
v 5.356445 2.627795 -0.447010
v 3.162842 2.627917 -0.447002
v 3.126831 3.372058 -0.441914
v 3.126831 2.671863 -0.447002
v 3.126831 3.421741 -0.344700
v 5.392334 3.498279 0.453079
v 3.126831 3.513293 -0.717697
v 5.392456 3.564929 0.445251
v 3.126831 3.564929 0.445251
v 5.392456 3.513293 -0.717697
v 5.392456 3.564929 0.445251
v 5.392334 3.498279 0.453079
v 3.126831 3.498401 0.453087
v 3.126831 3.564929 0.445251
v 5.428467 0.304065 0.466431
v 3.126831 3.498401 0.453087
v 5.354492 1.025744 -0.716862
v 3.160889 1.025744 -0.716862
v 3.160889 1.037829 -0.447010
v 3.125000 0.993884 -0.447010
v 3.125000 0.152331 -0.717697
v 3.125000 0.982654 -0.717381
v 3.125000 0.413562 -0.286686
v 3.162109 1.054431 -0.344242
v 3.087158 0.304309 0.466415
v 3.172363 0.959216 -0.303101
v 3.129395 0.192737 0.520321
v 3.134766 0.287707 0.522854
v 5.380859 0.287585 0.522861
v 5.386230 0.192615 0.520329
v 3.125000 0.100696 0.445251
v 5.354492 1.037707 -0.447002
v 3.125000 0.167346 0.453079
v 3.125244 0.293811 -0.441925
v 3.125000 0.244128 -0.344707
v 3.083496 0.385364 -0.310993
v 3.120605 0.995593 -0.354019
v 5.356201 1.032702 -0.356861
v 3.087158 0.189441 0.463852
v 3.086426 0.294055 -0.373642
v 5.343018 0.959094 -0.303097
v 5.390625 0.413440 -0.286678
v 3.125000 0.100696 0.445251
v 3.125000 0.167346 0.453079
v 5.390625 0.167224 0.453087
v 5.390625 0.100696 0.445251
v 3.125000 0.993884 -0.447010
v 3.160889 1.037829 -0.447010
v 5.354492 1.037707 -0.447002
v 5.390625 0.167224 0.453087
v 3.125000 0.167346 0.453079
v 3.125000 0.244128 -0.344707
v 3.125244 0.293811 -0.441925
v 3.127197 -0.053967 -0.344700
v 3.127197 -0.103650 -0.441914
v 3.127197 -0.803845 -0.447002
v 3.163086 -0.835828 -0.716862
v 3.089111 -0.114148 0.466431
v 3.161621 -0.842786 -0.356861
v 3.089111 0.000720 0.463863
v 3.088379 -0.103894 -0.373627
v 3.085693 -0.195203 -0.310978
v 3.105469 -0.793836 -0.356640
v 5.430664 -0.114392 0.466415
v 3.136963 -0.097669 0.522861
v 3.131592 -0.002698 0.520329
v 5.392578 -0.223645 -0.286686
v 5.355713 -0.864514 -0.344242
v 3.161621 -0.842786 -0.356861
v 5.345215 -0.769300 -0.303101
v 3.174561 -0.769177 -0.303097
v 3.127197 -0.223523 -0.286678
v 5.388428 -0.002820 0.520321
v 5.383057 -0.097791 0.522854
v 3.127197 0.089221 0.445251
v 3.127197 0.022693 0.453087
v 3.127197 0.037585 -0.717697
v 3.127197 -0.792737 -0.717381
v 3.163086 -0.847791 -0.447002
v 3.127197 -0.103650 -0.441914
v 3.127197 -0.803845 -0.447002
v 3.127197 -0.053967 -0.344700
v 5.392822 0.089221 0.445251
v 5.392578 0.022571 0.453079
v 3.127197 0.022693 0.453087
v 3.127197 0.089221 0.445251
v 5.428589 -3.016858 0.566093
v 3.163086 -0.847791 -0.447002
v 3.127197 0.022693 0.453087
v 5.392578 0.022571 0.453079
v 3.161011 -2.283093 -0.347347
v 3.125000 -3.168591 -0.618034
v 3.125000 -2.338269 -0.617718
v 3.125122 -2.907361 -0.187023
v 3.162109 -2.266492 -0.244579
v 3.087158 -3.016614 0.566078
v 3.172485 -2.361707 -0.203438
v 3.129395 -3.128186 0.619984
v 3.134766 -3.033216 0.622517
v 5.380859 -3.033338 0.622524
v 5.386230 -3.128308 0.619991
v 3.125000 -3.220227 0.544914
v 3.125122 -3.153577 0.552742
v 3.125244 -3.027112 -0.342262
v 3.125122 -3.076795 -0.245045
v 3.160889 -2.295178 -0.617199
v 3.125122 -2.327039 -0.347347
v 3.120728 -2.325330 -0.254356
v 5.356201 -2.288220 -0.257198
v 3.086548 -3.026868 -0.273979
v 5.343140 -2.361829 -0.203434
v 5.390625 -2.907483 -0.187016
v 3.125000 -3.220227 0.544914
v 3.125122 -3.153577 0.552742
v 5.390625 -3.153699 0.552750
v 5.390625 -3.220227 0.544914
v 3.083618 -2.935559 -0.211330
v 3.125122 -2.327039 -0.347347
v 3.161011 -2.283093 -0.347347
v 5.354614 -2.283216 -0.347340
v 5.390625 -3.153699 0.552750
v 3.125122 -3.153577 0.552742
v 3.087158 -3.131482 0.563515
v 3.125122 -3.076795 -0.245045
v 3.125244 -3.027112 -0.342262
v -6.067261 6.853516 -0.717693
v -4.656250 5.502686 0.445255
v -6.030518 6.889587 0.445255
v -4.692993 5.466431 -0.717693
v -4.656250 5.502686 0.445255
v -4.703735 5.456055 0.453083
v -6.077759 6.842957 0.453091
v -6.030518 6.889587 0.445255
v -6.672119 6.205750 -0.446999
v -6.077759 6.842957 0.453091
v -4.703735 5.456055 0.453083
v -6.357666 3.862000 -0.446999
v -6.360718 3.909973 -0.716858
v -8.336670 4.643127 -0.717693
v -7.750244 5.230957 -0.717377
v -6.818115 3.346863 0.466434
v -6.354492 3.913940 -0.356857
v -8.151978 4.827881 -0.286682
v -6.758301 3.401733 -0.310974
v -6.349487 3.839661 -0.356636
v -7.673218 5.255432 -0.344238
v -8.256104 4.777466 0.466419
v -7.732910 5.180664 -0.303097
v -8.304932 4.668762 0.520325
v -6.863525 3.369080 0.522865
v -6.926636 3.298035 0.520332
v -6.365601 3.854187 -0.717377
v -8.373047 4.606506 0.445255
v -6.352295 3.918518 -0.446999
v -8.325806 4.653687 0.453083
v -8.236572 4.743103 -0.441921
v -8.271606 4.708008 -0.344704
v -7.694336 5.236023 -0.716858
v -7.685669 5.244507 -0.447006
v -7.742188 5.238647 -0.447006
v -6.354492 3.913940 -0.356857
v -6.415894 3.870911 -0.303093
v -6.767578 3.451294 -0.286674
v -8.234009 4.732056 0.522858
v -8.373047 4.606506 0.445255
v -8.325806 4.653687 0.453083
v -8.201294 4.837280 -0.310989
v -7.742188 5.238647 -0.447006
v -7.743896 5.243164 -0.354015
v -7.685669 5.244507 -0.447006
v -6.352295 3.918518 -0.446999
v -6.357666 3.862000 -0.446999
v -6.941650 3.276978 0.453091
v -8.325806 4.653687 0.453083
v -8.337036 4.696106 0.463856
v -8.263916 4.770691 -0.373638
v -8.271606 4.708008 -0.344704
v -8.236572 4.743103 -0.441921
v -8.483398 4.518616 -0.344696
v -8.518677 4.483521 -0.441910
v -6.941650 3.276978 0.453091
v -6.988770 3.229797 0.445255
v -8.552612 4.503357 0.466434
v -9.020386 3.939941 -0.356857
v -8.471069 4.583984 0.463867
v -8.546021 4.511047 -0.373623
v -8.612793 4.448914 -0.310974
v -9.024902 4.014099 -0.356636
v -7.125488 3.062073 0.466419
v -8.507446 4.481018 0.522865
v -9.016724 3.991821 -0.446999
v -9.014404 3.943604 -0.716858
v -7.690674 2.607849 -0.716858
v -7.699341 2.599304 -0.447006
v -7.229858 3.012451 -0.286682
v -7.711914 2.588501 -0.344238
v -7.651489 2.662842 -0.303097
v -7.075684 3.170593 0.520325
v -7.147095 3.107727 0.522858
v -8.443726 4.551453 0.520332
v -8.381470 4.619080 0.445255
v -8.428711 4.572449 0.453091
v -8.418091 4.582886 -0.717693
v -9.008911 3.999573 -0.717377
v -9.022949 3.935181 -0.446999
v -7.180786 3.002625 -0.310989
v -7.641113 2.600281 -0.354015
v -8.518677 4.483521 -0.441910
v -9.016724 3.991821 -0.446999
v -8.483398 4.518616 -0.344696
v -9.020386 3.939941 -0.356857
v -7.043823 3.142822 0.463856
v -8.958740 3.982239 -0.303093
v -8.603882 4.399353 -0.286674
v -7.007080 3.232178 0.445255
v -7.054688 3.185425 0.453083
v -8.428711 4.572449 0.453091
v -8.381470 4.619080 0.445255
v -7.642822 2.604553 -0.447006
v -7.699341 2.599304 -0.447006
v -9.022949 3.935181 -0.446999
v -8.428711 4.572449 0.453091
v -7.054688 3.185425 0.453083
v -10.696655 2.363647 -0.717693
v -10.110229 2.951416 -0.717377
v -9.178101 1.067505 0.466434
v -8.714600 1.634460 -0.356857
v -9.259155 0.986206 0.463867
v -8.709473 1.560242 -0.356636
v -10.033325 2.975891 -0.344238
v -10.616089 2.498047 0.466419
v -10.093018 2.901123 -0.303097
v -9.223633 1.089600 0.522865
v -9.286743 1.018494 0.520332
v -10.733154 2.327026 0.445255
v -10.686035 2.374146 0.453083
v -10.596680 2.463745 -0.441921
v -10.631714 2.428528 -0.344704
v -10.054321 2.956604 -0.716858
v -10.045776 2.965088 -0.447006
v -10.102173 2.959229 -0.447006
v -10.512085 2.548340 -0.286682
v -8.714600 1.634460 -0.356857
v -8.776001 1.591492 -0.303093
v -9.127686 1.171814 -0.286674
v -10.664917 2.389221 0.520325
v -10.594116 2.452515 0.522858
v -10.561279 2.557800 -0.310989
v -10.102173 2.959229 -0.447006
v -10.104004 2.963623 -0.354015
v -10.045776 2.965088 -0.447006
v -8.712402 1.638977 -0.446999
v -8.717651 1.582581 -0.446999
v -9.301758 0.997437 0.453091
v -10.686035 2.374146 0.453083
v -10.697144 2.416565 0.463856
v -10.623901 2.491211 -0.373638
v -10.631714 2.428528 -0.344704
v -10.596680 2.463745 -0.441921
v -10.733154 2.327026 0.445255
v -10.686035 2.374146 0.453083
v -9.301758 0.997437 0.453091
v -9.348755 0.950378 0.445255
v -6.132446 6.789246 -0.344696
v -6.167847 6.754150 -0.441910
v -5.284058 4.882935 -0.717377
v -6.201782 6.773865 0.466434
v -6.669556 6.210510 -0.356857
v -6.120239 6.854553 0.463867
v -6.195190 6.781616 -0.373623
v -6.262085 6.719482 -0.310974
v -6.673950 6.284729 -0.356636
v -4.774658 5.332642 0.466419
v -6.156616 6.751526 0.522865
v -6.092773 6.822083 0.520332
v -6.665894 6.262390 -0.446999
v -6.663452 6.214233 -0.716858
v -5.339844 4.878418 -0.716858
v -5.348389 4.869934 -0.447006
v -5.292114 4.875122 -0.447006
v -4.879028 5.283020 -0.286682
v -5.361084 4.859070 -0.344238
v -6.669556 6.210510 -0.356857
v -5.300781 4.933350 -0.303097
v -4.724854 5.441101 0.520325
v -4.796265 5.378357 0.522858
v -6.030518 6.889587 0.445255
v -6.077759 6.842957 0.453091
v -6.067261 6.853516 -0.717693
v -6.657959 6.270142 -0.717377
v -6.672119 6.205750 -0.446999
v -4.829956 5.273132 -0.310989
v -5.292114 4.875122 -0.447006
v -5.290283 4.870789 -0.354015
v -5.348389 4.869934 -0.447006
v -6.167847 6.754150 -0.441910
v -6.665894 6.262390 -0.446999
v -6.132446 6.789246 -0.344696
v -4.692993 5.413330 0.463856
v -6.608032 6.252808 -0.303093
v -6.253052 6.669861 -0.286674
vt 0.000000 0.620064
vt 0.000000 0.000000
vt 0.000000 0.620064
vt 0.000000 0.620064
vt 0.000000 0.620064
vt 0.000000 0.000000
vt 0.000000 0.000000
vt 0.000000 0.000000
vt 0.000000 0.620064
vt 0.000000 0.620064
vt -0.014913 0.014614
vt -0.014913 0.014614
vt 0.025062 -0.024561
vt 0.139767 -0.136972
vt 0.000000 0.620064
vt 0.000000 0.620064
vt -2.014210 1.104066
vt 1.820836 1.079810
vt -1.921514 1.092134
vt 1.993201 1.857324
vt 1.936545 1.878359
vt 2.000010 1.881726
vt 1.994848 1.230644
vt 1.931992 1.266015
vt 1.928838 1.175441
vt 1.808778 1.135333
vt -1.894865 1.152759
vt -1.943531 1.292349
vt 1.927750 1.927260
vt 1.912954 1.907460
vt -1.919404 1.925497
vt -1.922938 1.945382
vt -1.902111 1.945382
vt 1.994433 1.260547
vt -2.001821 1.876155
vt -1.921514 1.092134
vt 1.887532 1.009840
vt 1.894876 1.085082
vt 1.823690 0.999993
vt -1.919104 1.017609
vt -1.936421 1.193664
vt -1.977941 1.028033
vt 1.921945 1.274156
vt -1.928929 1.896551
vt -1.933475 1.284236
vt -1.995009 1.900558
vt -2.002462 1.249490
vt -2.012665 1.279439
vt -1.909601 1.896551
vt -1.992229 1.900558
vt -1.897691 1.925497
vt 0.000000 0.620064
vt 0.000000 0.620064
vt 0.000000 0.620064
vt 0.000000 0.620064
vt 0.000000 0.620064
vt 0.000000 0.620064
vt 0.000000 0.620064
vt 0.000000 0.620064
vt 0.000000 0.620064
vt 0.000000 0.620064
vt 0.000000 0.620064
vt 0.000000 0.620064
vt 0.000000 0.620064
vt -2.000747 1.876155
vt 0.000000 0.620064
vt 2.080071 1.941192
vt 1.944961 1.057871
vt 1.942513 0.999947
vt -1.546371 1.024532
vt -1.546371 1.080621
vt 2.077632 1.374745
vt 2.026504 1.079214
vt -1.546371 1.147005
vt 1.929194 1.124151
vt 1.944961 1.057871
vt -1.546371 1.999947
vt 2.008446 1.934250
vt -1.546371 1.964696
vt 2.019706 1.975067
vt 2.075690 1.891440
vt -1.546371 1.402534
vt 1.947167 1.076426
vt 1.563947 1.393323
vt 1.995397 1.019157
vt 2.026924 1.944808
vt 1.945297 1.394759
vt 1.563947 1.848948
vt 1.563947 1.948900
vt 2.017533 1.377602
vt -1.546371 1.922605
vt 1.563947 1.904147
vt 1.944821 1.904147
vt 1.944916 1.848948
vt 1.948712 1.904147
vt 1.944398 1.972077
vt 1.953617 1.028449
vt 1.906989 1.050676
vt 1.944542 1.948900
vt 1.557058 1.848948
vt 1.945766 1.848948
vt 1.953617 1.028449
vt 1.950210 1.076426
vt 1.907672 1.076426
vt 1.542689 1.904147
vt 1.503960 1.948900
vt 1.947421 1.948900
vt 1.491343 1.987133
vt 1.611347 1.393323
vt 1.999995 1.840710
vt 1.999995 1.914417
vt -2.523716 1.826920
vt -2.523716 1.860062
vt 1.999995 1.881153
vt -2.523716 1.900621
vt -2.523716 1.861135
vt 1.999995 1.874956
vt 1.941387 1.823364
vt 1.941387 1.910469
vt -3.545816 1.723910
vt -3.458557 1.776727
vt 1.595750 1.851596
vt 1.941387 1.860415
vt 1.558601 1.842478
vt 1.551971 1.777598
vt 1.941387 1.866327
vt 1.507979 1.791543
vt 1.743852 1.776944
vt -3.465138 1.884247
vt 2.000015 1.868949
vt 1.999168 1.881419
vt -3.472274 1.871869
vt 1.743297 1.722975
vt 0.000000 0.620064
vt 0.000000 0.620064
vt 0.139767 -0.136972
vt 0.025062 -0.024561
vt -0.014913 0.014614
vt -0.014913 0.014614
vt 0.000000 0.620064
vt 0.000000 0.620064
vt 0.000000 0.000000
vt 0.000000 0.000000
vt 0.000000 0.000000
vt 0.000000 0.620064
vt 0.000000 0.620064
vt 0.000000 0.620064
vt 0.000000 0.000000
vt 0.000000 0.620064
vt -1.922938 1.945382
vt -1.919404 1.925497
vt 1.912954 1.907460
vt 1.927750 1.927260
vt -1.943531 1.292349
vt -1.894865 1.152759
vt 1.808778 1.135333
vt 1.928838 1.175441
vt 1.931992 1.266015
vt 1.994848 1.230644
vt 2.000010 1.881726
vt 1.936545 1.878359
vt 1.993201 1.857324
vt -1.921514 1.092134
vt 1.820836 1.079810
vt -2.014210 1.104066
vt -2.012665 1.279439
vt -2.002462 1.249490
vt -1.995009 1.900558
vt -1.933475 1.284236
vt -1.928929 1.896551
vt 1.921945 1.274156
vt -1.977941 1.028033
vt -1.936421 1.193664
vt -1.919104 1.017609
vt 1.823690 0.999993
vt 1.894876 1.085082
vt 1.887532 1.009840
vt -1.921514 1.092134
vt -2.001821 1.876155
vt 1.994433 1.260547
vt 0.000000 0.620064
vt 0.000000 0.620064
vt 0.139767 -0.136972
vt 0.025062 -0.024561
vt -0.014913 0.014614
vt -0.014913 0.014614
vt 0.000000 0.620064
vt 0.000000 0.620064
vt 0.000000 0.000000
vt 0.000000 0.000000
vt 0.000000 0.000000
vt 0.000000 0.620064
vt 0.000000 0.620064
vt 0.000000 0.620064
vt 0.000000 0.000000
vt 0.000000 0.620064
vt -1.922938 1.945382
vt -1.919404 1.925497
vt 1.912954 1.907460
vt 1.927750 1.927260
vt -1.943531 1.292349
vt -1.894865 1.152759
vt 1.808778 1.135333
vt 1.928838 1.175441
vt 1.931992 1.266015
vt 1.994848 1.230644
vt 2.000010 1.881726
vt 1.936545 1.878359
vt 1.993201 1.857324
vt -1.921514 1.092134
vt 1.820836 1.079810
vt -2.014210 1.104066
vt -2.012665 1.279439
vt -2.002462 1.249490
vt -1.995009 1.900558
vt -1.933475 1.284236
vt -1.928929 1.896551
vt 1.921945 1.274156
vt -1.977941 1.028033
vt -1.936421 1.193664
vt -1.919104 1.017609
vt 1.823690 0.999993
vt 1.894876 1.085082
vt 1.887532 1.009840
vt -1.921514 1.092134
vt -2.001821 1.876155
vt 1.994433 1.260547
vt 0.000000 0.620064
vt 0.000000 0.620064
vt 0.139767 -0.136972
vt 0.025062 -0.024561
vt -0.014913 0.014614
vt -0.014913 0.014614
vt 0.000000 0.620064
vt 0.000000 0.620064
vt 0.000000 0.000000
vt 0.000000 0.000000
vt 0.000000 0.000000
vt 0.000000 0.620064
vt 0.000000 0.620064
vt 0.000000 0.620064
vt 0.000000 0.000000
vt 0.000000 0.620064
vt -1.922938 1.945382
vt -1.919404 1.925497
vt 1.912954 1.907460
vt 1.927750 1.927260
vt -1.943531 1.292349
vt -1.894865 1.152759
vt 1.808778 1.135333
vt 1.928838 1.175441
vt 1.931992 1.266015
vt 1.994848 1.230644
vt 2.000010 1.881726
vt 1.936545 1.878359
vt 1.993201 1.857324
vt -1.921514 1.092134
vt 1.820836 1.079810
vt -2.014210 1.104066
vt -2.012665 1.279439
vt -2.002462 1.249490
vt -1.995009 1.900558
vt -1.933475 1.284236
vt -1.928929 1.896551
vt 1.921945 1.274156
vt -1.977941 1.028033
vt -1.936421 1.193664
vt -1.919104 1.017609
vt 1.823690 0.999993
vt 1.894876 1.085082
vt 1.887532 1.009840
vt -1.921514 1.092134
vt -2.001821 1.876155
vt 1.994433 1.260547
vn 0.085532 0.079421 0.993165
vn 0.085536 0.079425 0.993164
vn -0.528390 0.569024 0.630092
vn -0.678446 0.730635 -0.076704
vn 0.987412 0.151833 -0.044328
vn 0.987410 0.151842 -0.044344
vn 0.987411 0.151836 -0.044333
vn 0.987410 0.151839 -0.044338
vn 0.115280 0.017728 0.993175
vn 0.115287 0.017728 0.993174
vn 0.115567 0.017762 0.993141
vn 0.115561 0.017761 0.993142
vn -0.631027 0.775761 0.000021
vn -0.631124 0.775682 0.000057
vn -0.859079 0.511646 -0.014226
vn -0.970855 -0.236305 -0.040013
vn -0.010888 -0.999551 -0.027907
vn 0.369977 -0.396102 0.840369
vn -0.511660 0.551007 0.659238
vn -0.156051 -0.154169 0.975643
vn -0.487327 -0.453448 0.746255
vn 0.019507 0.018118 0.999646
vn 0.627009 -0.671119 0.395548
vn -0.361170 -0.333260 0.870916
vn -0.694007 -0.643050 0.323793
vn 0.307948 -0.331685 0.891714
vn -0.486595 0.523952 0.699071
vn -0.958701 0.281909 0.037686
vn 0.867525 0.460005 0.189199
vn 0.924570 0.142128 0.353510
vn -0.926468 0.156445 0.342319
vn -0.943330 0.071200 0.324129
vn -0.149033 0.953287 0.262740
vn -0.308155 0.912439 -0.269249
vn -0.749242 0.649327 0.130428
vn -0.844615 0.426941 0.323028
vn -0.376447 -0.819223 0.432621
vn -0.398169 -0.800664 0.447659
vn -0.593896 -0.081434 0.800410
vn 0.152332 0.598568 0.786455
vn 0.986272 0.159153 -0.044023
vn -0.157238 0.987561 0.000637
vn 0.178341 0.983866 -0.014199
vn -0.631005 0.775779 0.000076
vn -0.969036 -0.243778 -0.039269
vn -0.428765 -0.902528 -0.040043
vn -0.435489 -0.899341 -0.039188
vn -0.002154 -0.999665 -0.025796
vn 0.968486 0.156034 0.194134
vn 0.534469 0.508810 0.674874
vn 0.735700 0.520211 0.433734
vn 0.500832 0.794819 0.342680
vn 0.146520 0.333773 0.931197
vn -0.547692 0.285906 0.786315
vn 0.676412 0.108979 0.728417
vn -0.591557 -0.095392 0.800600
vn -0.206798 -0.708740 0.674480
vn -0.691468 -0.554503 0.463033
vn 0.041174 -0.362841 0.930941
vn -0.385601 0.014128 0.922557
vn -0.735533 -0.057757 0.675022
vn 0.618027 0.026830 0.785699
vn -0.199066 -0.564528 0.801050
vn -0.155507 0.987835 0.000124
vn 0.986277 0.159143 -0.043945
vn -0.155499 0.987836 0.000124
vn -0.157489 0.987520 0.000701
vn -0.155779 0.987792 0.000218
vn 0.822903 0.566749 -0.040326
vn 0.826749 0.561199 -0.039266
vn 0.190269 0.981638 -0.013564
vn -0.631281 0.775554 0.000039
vn -0.631258 0.775573 0.000040
vn -0.852293 0.522861 -0.014590
vn 0.876275 0.134331 0.462707
vn 0.324889 0.052429 0.944298
vn 0.683526 0.110162 0.721565
vn 0.453671 0.388309 0.802122
vn 0.006135 -0.863234 0.504767
vn -0.002153 -0.998853 -0.047825
vn 0.177281 -0.855050 0.487299
vn -0.394393 -0.910810 -0.121980
vn -0.969042 -0.243677 0.039738
vn -0.359062 0.800660 -0.479601
vn -0.893320 0.429994 -0.130708
vn 0.055214 0.986049 -0.157032
vn 0.825075 0.438101 0.356818
vn 0.793932 -0.258097 0.550507
vn 0.026596 0.993430 0.111308
vn 0.205915 0.976254 -0.067277
vn 0.168955 0.924055 0.342895
vn 0.797405 0.591192 -0.120986
vn 0.987919 0.147973 0.046042
vn -0.923475 -0.148919 0.353579
vn -0.965402 0.177381 0.191140
vn -0.610505 0.747393 0.262083
vn -0.472306 0.839332 -0.269165
vn -0.771895 0.616029 -0.157116
vn -0.357520 0.801264 -0.479745
vn 0.865060 0.226068 0.447844
vn 0.943470 -0.071752 0.323599
vn 0.089488 -0.829221 0.551711
vn 0.807812 -0.182971 0.560323
vn 0.512407 0.837290 0.190750
vn -0.149857 0.988708 0.000012
vn -0.150517 0.988607 -0.000077
vn 0.012214 0.999520 -0.028458
vn 0.003480 0.999647 -0.026344
vn -0.326677 0.945035 -0.013820
vn -0.630574 0.776129 0.000649
vn -0.338735 0.940772 -0.014359
vn -0.424662 0.831027 0.359244
vn -0.777176 0.539419 0.324074
vn 0.356066 0.896768 0.262725
vn 0.197606 0.942530 -0.269425
vn -0.316112 0.939797 0.129826
vn -0.512058 0.795894 0.323033
vn -0.947799 -0.145634 0.283668
vn -0.553447 0.230714 0.800292
vn 0.206666 0.708539 0.674731
vn 0.838156 -0.182511 0.513989
vn 0.376386 0.819035 0.433030
vn 0.036194 0.938918 0.342233
vn -0.040893 0.362678 0.931017
vn -0.617703 -0.026385 0.785969
vn 0.199155 0.564188 0.801267
vn 0.593791 0.081110 0.800521
vn -0.152334 -0.598876 0.786220
vn -0.480535 0.876861 -0.014164
vn -0.956894 0.287652 -0.040123
vn -0.987384 -0.151875 -0.044803
vn -0.987387 -0.151869 -0.044759
vn -0.630047 0.776557 0.000072
vn -0.630045 0.776558 0.000072
vn -0.629923 0.776657 0.000438
vn -0.629764 0.776787 -0.000009
vn -0.029721 -0.004573 0.999548
vn -0.879443 -0.128355 0.458372
vn -0.219737 -0.028391 0.975146
vn 0.592748 0.091114 0.800218
vn -0.674154 -0.103593 0.731290
vn 0.435608 0.438775 0.785953
vn -0.475217 0.872925 0.110320
vn -0.316928 0.884403 0.342620
vn 0.691457 0.554527 0.463019
vn -0.902489 0.341965 0.261867
vn -0.828776 0.490316 -0.269670
vn 0.385682 -0.014318 0.922521
vn 0.735708 0.057661 0.674839
vn -0.150396 0.988626 0.000061
vn -0.150341 0.988634 0.000062
vn -0.150232 0.988651 0.000003
vn -0.469485 0.882819 -0.014648
vn -0.958950 0.280848 -0.039238
vn 0.096235 0.872202 -0.479586
vn -0.551231 0.823966 -0.131239
vn 0.547892 0.821645 -0.157208
vn -0.876999 -0.127662 0.463222
vn -0.325219 0.207171 0.922666
vn -0.453941 0.447620 0.770437
vn -0.310447 0.948245 -0.066746
vn 0.394818 0.910727 -0.121223
vn 0.969285 0.242712 0.039719
vn 0.991002 -0.132553 -0.018550
vn -0.597319 -0.717717 0.357900
vn -0.925009 -0.328706 0.190553
vn -0.976321 0.148501 -0.157306
vn -0.710130 0.514733 -0.480380
vn -0.631027 0.775761 0.000021
vn -0.631140 0.775669 0.000047
vn -0.858490 0.512641 -0.013923
vn -0.970844 -0.236356 -0.039966
vn -0.009944 -0.999561 -0.027905
vn -0.975720 -0.150012 -0.159582
vn -0.958769 0.281502 0.038972
vn 0.867525 0.460005 0.189199
vn 0.924570 0.142128 0.353510
vn -0.926475 0.156435 0.342305
vn -0.943488 0.070548 0.323812
vn -0.149033 0.953287 0.262740
vn -0.308156 0.912437 -0.269257
vn -0.749190 0.649383 0.130447
vn -0.845240 0.426083 0.322525
vn -0.760887 -0.618721 0.195537
vn -0.593896 -0.081434 0.800410
vn 0.152332 0.598568 0.786455
vn 0.986245 0.159208 -0.044428
vn -0.157225 0.987563 0.000610
vn 0.178806 0.983784 -0.014084
vn -0.428261 -0.902768 -0.040032
vn -0.435425 -0.899367 -0.039287
vn -0.002154 -0.999659 -0.026022
vn 0.968467 0.156031 0.194230
vn 0.735875 0.520166 0.433491
vn 0.500768 0.794862 0.342673
vn 0.146325 0.333778 0.931226
vn 0.676412 0.108979 0.728417
vn -0.592260 -0.095505 0.800067
vn -0.537455 -0.437037 0.721208
vn -0.376453 -0.819222 0.432619
vn -0.691576 -0.554591 0.462765
vn -0.116297 -0.233829 0.965298
vn -0.385440 0.014011 0.922626
vn -0.735724 -0.057660 0.674823
vn 0.572929 0.360643 0.735995
vn -0.529663 -0.430732 0.730704
vn -0.155787 0.987791 0.000112
vn 0.986247 0.159203 -0.044391
vn -0.155770 0.987793 0.000111
vn -0.157470 0.987523 0.000622
vn -0.155909 0.987771 0.000199
vn 0.823226 0.566279 -0.040337
vn 0.826825 0.561092 -0.039199
vn 0.190366 0.981622 -0.013384
vn -0.631834 0.775104 0.000030
vn -0.631772 0.775154 0.000031
vn -0.631041 0.775750 0.000086
vn -0.852270 0.522900 -0.014520
vn -0.969281 -0.242848 -0.038988
vn 0.535012 0.508426 0.674733
vn 0.875901 0.134229 0.463443
vn 0.324811 0.052415 0.944325
vn 0.683451 0.110159 0.721637
vn -0.547823 0.286067 0.786165
vn 0.453671 0.388309 0.802122
vn -0.002153 -0.998853 -0.047825
vn 0.102294 -0.925312 0.365149
vn -0.394401 -0.910806 -0.121981
vn -0.359087 0.800647 -0.479605
vn -0.892824 0.430716 -0.131718
vn 0.055214 0.986049 -0.157032
vn 0.910069 0.226896 0.346832
vn 0.026843 0.993385 0.111652
vn 0.206029 0.976188 -0.067890
vn 0.169016 0.924131 0.342660
vn 0.797217 0.591263 -0.121879
vn 0.987872 0.147897 0.047288
vn -0.924008 -0.149006 0.352146
vn -0.965086 0.179056 0.191175
vn -0.609565 0.748224 0.261898
vn -0.472268 0.839362 -0.269136
vn -0.771857 0.616098 -0.157033
vn -0.357448 0.801291 -0.479754
vn 0.771590 0.606201 0.192794
vn -0.411060 -0.842957 0.347064
vn 0.807807 -0.181793 0.560713
vn -0.969339 -0.242526 0.039533
vn 0.512405 0.837288 0.190759
vn 0.825088 0.437015 0.358116
vn -0.115225 -0.018594 0.993165
vn -0.115227 -0.018594 0.993165
vn -0.115303 -0.018603 0.993156
vn -0.115301 -0.018603 0.993156
vn 0.003481 0.999653 -0.026119
vn -0.630693 0.776032 0.000446
vn -0.338741 0.940773 -0.014148
vn 0.973409 -0.137911 0.182906
vn 0.144257 -0.821238 0.552050
vn 0.769448 -0.107505 0.629597
vn -0.112828 -0.607486 0.786277
vn 0.586979 0.120333 0.800610
vn 0.943389 -0.070061 0.324205
vn 0.206650 0.708469 0.674810
vn 0.838562 -0.183688 0.512906
vn 0.376516 0.819051 0.432887
vn 0.036132 0.938989 0.342045
vn -0.041056 0.362676 0.931011
vn -0.617989 -0.026786 0.785731
vn 0.200033 0.564670 0.800709
vn 0.530808 0.431605 0.729356
vn -0.470981 -0.487109 0.735461
vn -0.629494 0.777005 0.000063
vn -0.629560 0.776952 0.000064
vn -0.630346 0.776314 0.000267
vn -0.630292 0.776358 0.000032
vn 0.012238 0.999526 -0.028239
vn -0.326697 0.945030 -0.013682
vn 0.345953 0.012130 0.938173
vn -0.744650 0.128769 0.654916
vn -0.317058 0.884527 0.342179
vn 0.691468 0.554503 0.463033
vn -0.828804 0.490622 -0.269024
vn 0.385484 -0.014096 0.922607
vn 0.735812 0.056564 0.674819
vn -0.085798 -0.079656 0.993123
vn -0.085794 -0.079652 0.993124
vn -0.087458 0.010172 0.996116
vn -0.087304 0.001896 0.996180
vn -0.732071 -0.679785 -0.044324
vn -0.732067 -0.679788 -0.044336
vn -0.995236 0.046607 -0.085629
vn -0.996027 0.025982 -0.085175
vn -0.090549 -0.073636 0.993166
vn -0.090553 -0.073639 0.993165
vn -0.090768 -0.073804 0.993133
vn -0.090764 -0.073801 0.993134
vn -0.548615 -0.755589 0.357920
vn -0.283604 -0.828493 0.482874
vn -0.958528 -0.057222 0.279196
vn -0.475259 0.872888 0.110429
vn -0.310283 0.948233 -0.067667
vn 0.394884 0.910621 -0.121801
vn 0.969042 0.243676 0.039754
vn 0.991257 -0.130666 -0.018305
vn -0.597219 -0.717992 0.357515
vn -0.924599 -0.330325 0.189740
vn -0.902776 0.341296 0.261749
vn -0.976333 0.148741 -0.157004
vn -0.710477 0.515456 -0.479091
vn -0.678439 0.730638 -0.076730
vn -0.636668 0.685612 0.352971
vn -0.149857 0.988708 0.000012
vn -0.150558 0.988601 -0.000098
vn -0.775077 -0.630310 -0.044317
vn -0.775077 -0.630310 -0.044317
vn -0.775077 -0.630310 -0.044317
vn -0.775077 -0.630310 -0.044317
vn 0.808460 -0.203139 0.552383
vn -0.061210 -0.944053 0.324065
vn 0.068075 -0.825118 0.560845
vn -0.728928 -0.676899 -0.102329
vn -0.344675 -0.824876 0.448083
vn -0.448037 -0.548985 0.705605
vn -0.016459 -0.138016 0.990293
vn -0.638497 -0.592805 0.490820
vn -0.005562 -0.224930 0.974359
vn -0.524254 0.576232 0.626989
vn -0.366068 0.394245 0.842951
vn -0.719702 0.603968 0.342421
vn -0.776663 0.540467 0.323558
vn 0.356130 0.896744 0.262720
vn 0.197488 0.942574 -0.269356
vn -0.316188 0.939739 0.130063
vn -0.511596 0.796282 0.322808
vn -0.969276 -0.148975 0.195733
vn -0.553450 0.230757 0.800278
vn 0.435644 0.438741 0.785952
vn -0.732053 -0.679786 -0.044600
vn -0.732046 -0.679803 -0.044457
vn -0.732045 -0.679805 -0.044445
vn -0.480243 0.877024 -0.013982
vn -0.956894 0.287652 -0.040123
vn -0.987384 -0.151875 -0.044803
vn -0.987387 -0.151869 -0.044759
vn 0.064372 -0.855504 0.513779
vn -0.039629 -0.383386 0.922738
vn -0.645287 -0.607626 0.463028
vn -0.163018 -0.576335 0.800789
vn 0.462124 -0.231572 0.856047
vn -0.159493 -0.720548 0.674813
vn -0.685175 -0.105331 0.720723
vn -0.879444 -0.128372 0.458366
vn -0.877146 -0.127724 0.462928
vn -0.219726 -0.028402 0.975148
vn 0.592748 0.091114 0.800218
vn -0.674114 -0.103631 0.731322
vn -0.088672 0.095494 0.991473
vn 0.085734 0.079620 0.993132
vn 0.085730 0.079616 0.993132
vn -0.678432 0.730648 -0.076701
vn -0.088672 0.095494 0.991473
vn -0.678439 0.730642 -0.076695
vn -0.150396 0.988626 0.000061
vn -0.150341 0.988634 0.000062
vn -0.150273 0.988645 0.000025
vn -0.469424 0.882854 -0.014513
vn -0.958867 0.281142 -0.039162
vn 0.683133 -0.730290 0.002367
vn -0.485551 0.522857 0.700614
vn -0.007731 -0.999796 -0.018666
vn 0.891376 0.291329 0.347242
vn -0.375778 -0.925873 0.039364
vn 0.479232 -0.512271 0.712681
vn -0.680435 0.732809 -0.000011
vn -0.975720 -0.150012 -0.159582
vn 0.096177 0.872204 -0.479593
vn -0.550792 0.824135 -0.132018
vn 0.547892 0.821645 -0.157208
vn -0.324890 0.207294 0.922755
vn -0.662728 0.323647 0.675311
vn 0.918133 0.393798 -0.044213
vn 0.918095 0.393871 -0.044350
vn 0.918120 0.393823 -0.044260
vn 0.918108 0.393846 -0.044303
vn 0.107328 0.046045 0.993157
vn 0.107337 0.046048 0.993156
vn 0.107757 0.046211 0.993103
vn 0.107748 0.046208 0.993104
vn -0.998598 0.034218 0.040397
vn 0.723026 0.664113 0.190228
vn 0.913152 0.192753 0.359164
vn 0.890868 -0.453494 -0.026415
vn 0.997760 -0.053882 -0.039645
vn -0.399179 0.916873 0.000656
vn -0.073400 0.997205 -0.013955
vn 0.905703 0.378191 0.191504
vn 0.889773 -0.321712 0.323735
vn 0.389583 0.627055 0.674556
vn 0.758516 -0.402167 0.512753
vn 0.728675 -0.392932 0.560926
vn 0.582454 0.687551 0.433615
vn 0.285861 0.895042 0.342320
vn 0.058479 0.359661 0.931249
vn -0.602194 0.140221 0.785939
vn 0.628698 0.275047 0.727384
vn -0.548124 -0.239913 0.801250
vn 0.893932 -0.447322 -0.028078
vn -0.398239 0.917282 0.000143
vn 0.998947 -0.023420 -0.039462
vn -0.398196 0.917300 0.000142
vn -0.399381 0.916785 0.000640
vn -0.397956 0.917405 0.000224
vn 0.281305 0.959195 -0.028502
vn 0.334811 0.941865 -0.028140
vn -0.061925 0.997993 -0.013206
vn 0.814725 0.349031 0.463035
vn 0.367092 -0.117117 0.922782
vn 0.723355 -0.142723 0.675565
vn 0.342861 0.489781 0.801599
vn -0.106822 -0.046756 0.993178
vn -0.106828 -0.046759 0.993177
vn -0.222468 0.968517 0.111725
vn -0.045555 0.996613 -0.068457
vn -0.067333 0.937044 0.342659
vn 0.623906 0.771958 -0.121749
vn 0.999029 -0.024171 0.036839
vn 0.919934 -0.391586 -0.019549
vn -0.856326 -0.374814 0.355274
vn -0.979199 -0.069551 0.190611
vn -0.778256 0.570921 0.261470
vn -0.667643 0.694111 -0.269189
vn -0.902266 0.401535 -0.157118
vn -0.546736 0.685903 -0.480225
vn -0.392250 0.919859 -0.000070
vn -0.393174 0.919464 -0.000166
vn -0.107067 -0.046854 0.993147
vn -0.107062 -0.046851 0.993148
vn -0.847862 0.404935 0.342283
vn -0.886979 0.329459 0.323611
vn 0.119176 0.957435 0.262897
vn -0.044570 0.961913 -0.269698
vn -0.541100 0.830806 0.130282
vn -0.694551 0.642951 0.322821
vn -0.895105 -0.401492 0.193884
vn -0.593734 0.085331 0.800124
vn -0.683453 0.729863 -0.013900
vn -0.998383 0.040404 -0.039987
vn -0.918031 -0.393928 -0.045156
vn -0.918040 -0.393919 -0.045072
vn -0.394773 -0.624167 0.674218
vn -0.587352 -0.683286 0.433750
vn -0.170904 -0.199256 0.964929
vn 0.650525 0.189593 0.735439
vn -0.626728 -0.268764 0.731422
vn 0.311340 0.533644 0.786315
vn -0.392696 0.919668 0.000017
vn -0.392639 0.919693 0.000018
vn -0.392677 0.919677 0.000015
vn -0.674540 0.738097 -0.014455
vn -0.998678 0.033455 -0.039020
vn -0.259592 -0.835673 0.484007
vn -0.158132 -0.917178 0.365759
vn -0.125057 0.868133 -0.480318
vn -0.738847 0.660904 -0.131573
vn 0.324422 0.932716 -0.157454
vn -0.817183 -0.342849 0.463321
vn 0.937668 -0.032617 0.345998
vn -0.366583 0.119447 0.922686
vn -0.722421 0.148321 0.675358
vn 0.107109 0.045958 0.993184
vn 0.107123 0.045964 0.993183
vn 0.107758 0.046210 0.993103
vn 0.107744 0.046205 0.993104
vn -0.278528 -0.959254 -0.047485
vn -0.630454 -0.766794 -0.120647
vn -0.998650 0.034197 0.039094
vn 0.723234 0.663842 0.190385
vn 0.913571 0.193722 0.357575
vn -0.399218 0.916856 0.000481
vn -0.073808 0.997173 -0.014066
vn 0.890129 -0.008233 0.455634
vn 0.890007 -0.320179 0.324612
vn -0.134779 -0.822852 0.552041
vn 0.889293 -0.280508 0.361210
vn 0.582291 0.687354 0.434145
vn 0.286016 0.894906 0.342546
vn 0.058426 0.359740 0.931221
vn 0.594158 -0.079682 0.800392
vn -0.306815 -0.536254 0.786318
vn -0.398235 0.917284 0.000101
vn -0.398216 0.917291 0.000101
vn -0.399476 0.916744 0.000490
vn -0.398284 0.917262 0.000182
vn 0.280305 0.959489 -0.028466
vn 0.270207 0.962453 -0.025916
vn -0.061888 0.997993 -0.013436
vn 0.390493 0.626634 0.674422
vn 0.814894 0.349119 0.462669
vn 0.372673 0.066590 0.925571
vn 0.634231 0.277525 0.721617
vn -0.601568 0.139977 0.786462
vn 0.342856 0.489516 0.801763
vn -0.222203 0.968543 0.112029
vn -0.045518 0.996660 -0.067801
vn -0.067186 0.936956 0.342927
vn 0.624195 0.771893 -0.120672
vn 0.999039 -0.023652 0.036907
vn 0.920511 -0.390248 -0.019143
vn -0.767132 -0.532224 0.358116
vn -0.979042 -0.069522 0.191427
vn -0.778095 0.570827 0.262155
vn -0.667145 0.694645 -0.269045
vn -0.901570 0.403091 -0.157126
vn -0.546429 0.686432 -0.479819
vn -0.106820 -0.046763 0.993178
vn -0.106826 -0.046765 0.993177
vn -0.107104 -0.046875 0.993142
vn -0.107098 -0.046873 0.993143
vn -0.392099 0.919923 -0.000030
vn -0.393144 0.919477 -0.000149
vn -0.288645 -0.957013 -0.028454
vn -0.847928 0.404740 0.342350
vn -0.886878 0.329408 0.323940
vn 0.118449 0.957526 0.262895
vn -0.044981 0.961880 -0.269746
vn -0.541287 0.830663 0.130411
vn -0.694413 0.643024 0.322972
vn -0.894977 -0.401453 0.194554
vn -0.593751 0.085315 0.800113
vn 0.311536 0.533715 0.786190
vn -0.683489 0.729820 -0.014331
vn -0.998357 0.040637 -0.040393
vn -0.661456 -0.748893 -0.040441
vn -0.666490 -0.744469 -0.039461
vn -0.279325 -0.959842 -0.026104
vn -0.395189 -0.623748 0.674362
vn -0.587793 -0.683078 0.433479
vn -0.817064 -0.342759 0.463599
vn -0.061230 -0.359072 0.931299
vn 0.649948 0.188885 0.736132
vn -0.625787 -0.268414 0.732356
vn -0.392691 0.919670 0.000065
vn -0.392621 0.919700 0.000066
vn -0.392631 0.919696 -0.000034
vn -0.674378 0.738236 -0.014871
vn -0.998659 0.033453 -0.039520
vn -0.233615 -0.830235 0.506097
vn -0.279096 -0.959057 -0.048104
vn -0.067012 -0.870104 0.488291
vn -0.630465 -0.766656 -0.121458
vn -0.124700 0.868112 -0.480450
vn -0.739091 0.660831 -0.130563
vn 0.323833 0.932932 -0.157384
vn 0.937121 -0.034808 0.347266
vn -0.366995 0.119450 0.922522
vn -0.722455 0.146931 0.675626
vn -1.000000 0.000000 0.000000
vn -1.000000 0.000000 0.000000
vn -0.939058 -0.343468 -0.014111
vn -0.428945 -0.902443 -0.040025
vn -0.705778 -0.620168 0.342446
vn -0.650135 -0.687303 0.323942
vn -0.833568 0.485979 0.262659
vn -0.902344 0.336566 -0.269257
vn -0.976523 -0.171509 0.130332
vn -0.863912 -0.386505 0.322908
vn -0.005821 -0.888932 0.458003
vn -0.000059 -0.980763 0.195203
vn -0.311473 -0.511733 0.800696
vn -0.368274 0.496122 0.786280
vn -1.000000 0.000000 0.000000
vn -0.422417 -0.905555 -0.039167
vn 0.000000 -0.998999 -0.044739
vn -0.000004 -0.999000 -0.044704
vn -0.000035 -0.692711 0.721216
vn -0.006070 -0.886398 0.462883
vn -0.004597 -0.221107 0.975239
vn -0.254180 -0.290092 0.922626
vn -0.419890 -0.606890 0.674816
vn 0.000035 0.599546 0.800341
vn -0.000035 -0.683228 0.730205
vn -1.000000 0.000000 0.000000
vn -1.000000 0.000000 0.000000
vn -0.943324 -0.331553 -0.014555
vn -0.000055 -0.987202 -0.159477
vn -0.422496 -0.905515 0.039225
vn -0.847766 0.226454 -0.479596
vn -0.897319 -0.421412 -0.131263
vn -0.730297 0.664819 -0.157104
vn 0.000052 0.935525 0.353260
vn 0.000000 0.999016 -0.044357
vn 0.000000 0.999016 -0.044357
vn 0.000000 0.999016 -0.044357
vn 0.000000 0.999016 -0.044357
vn 0.000000 0.116643 0.993174
vn 0.000000 0.116649 0.993173
vn 0.000010 0.116967 0.993136
vn 0.000009 0.116961 0.993137
vn 0.000101 0.980879 0.194619
vn -0.325923 0.926039 0.190329
vn 0.000051 0.999017 -0.044322
vn -0.429737 0.902050 -0.040397
vn -0.423075 0.905231 -0.039545
vn -0.939329 0.342726 -0.014123
vn -1.000000 0.000312 0.000398
vn -0.943623 0.330696 -0.014667
vn -0.419292 0.607414 0.674717
vn -0.397202 0.809122 0.433072
vn -0.705596 0.620475 0.342264
vn -0.307206 0.197106 0.931007
vn -0.369003 -0.496080 0.785965
vn -0.311927 0.510929 0.801033
vn 0.000069 0.684076 0.729411
vn -0.000035 -0.599851 0.800112
vn -1.000000 0.000000 0.000000
vn 0.000056 0.999019 -0.044287
vn -1.000000 0.000000 0.000000
vn -0.999999 0.001556 0.000087
vn -1.000000 0.000673 -0.000166
vn -0.977062 0.182030 0.110521
vn -0.886028 0.312479 0.342507
vn 0.006070 0.886405 0.462870
vn -0.834610 -0.484495 0.262091
vn -0.903264 -0.333613 -0.269845
vn 0.000017 0.329387 0.944195
vn 0.000063 0.692752 0.721176
vn 0.000000 -0.999016 -0.044357
vn 0.000000 -0.999016 -0.044357
vn 0.000000 -0.116643 0.993174
vn -0.000000 -0.116649 0.993173
vn -0.000010 -0.116967 0.993136
vn -0.000009 -0.116961 0.993137
vn -0.931471 0.357515 -0.067409
vn -0.457530 0.880864 -0.121428
vn 0.009909 0.998756 0.048870
vn -0.000052 -0.935527 0.353254
vn -0.328331 -0.925195 0.190298
vn -0.731156 -0.663809 -0.157380
vn -0.847148 -0.226238 -0.480788
vn -1.000000 0.000000 0.000000
vn -1.000000 0.000000 0.000000
vn -0.939349 -0.342674 -0.014079
vn -0.767922 -0.639914 -0.028367
vn 0.000000 -0.999016 -0.044357
vn 0.000000 -0.999016 -0.044357
vn -0.705732 -0.620011 0.342825
vn -0.649843 -0.687624 0.323846
vn -0.833201 0.486387 0.263066
vn -0.902111 0.336893 -0.269627
vn -0.976348 -0.171903 0.131122
vn -0.863938 -0.386898 0.322367
vn -0.000059 -0.980762 0.195206
vn -0.310986 -0.511804 0.800839
vn -0.367738 0.496225 0.786466
vn -0.000035 -0.692740 0.721187
vn -0.009214 -0.397486 0.917562
vn -0.000335 -0.583927 0.811806
vn -0.004598 -0.221177 0.975223
vn -0.254256 -0.290125 0.922595
vn -0.419869 -0.606893 0.674826
vn 0.000035 0.599267 0.800549
vn -0.000035 -0.683228 0.730205
vn -1.000000 0.000000 0.000000
vn -1.000000 0.000000 0.000000
vn -1.000000 0.000000 0.000000
vn -0.943595 -0.330784 -0.014521
vn -0.773438 -0.633327 -0.026294
vn -0.847006 0.227003 -0.480677
vn -0.897319 -0.421281 -0.131683
vn -0.729194 0.665954 -0.157419
vn 0.000000 0.999016 -0.044357
vn 0.000000 0.999016 -0.044357
vn 0.000000 0.999016 -0.044357
vn 0.000000 0.999016 -0.044357
vn 0.000000 0.116643 0.993174
vn 0.000000 0.116649 0.993173
vn 0.000010 0.116967 0.993136
vn 0.000009 0.116961 0.993137
vn 0.000101 0.980887 0.194578
vn -0.774336 -0.632374 0.022528
vn -0.325077 0.926329 0.190367
vn 0.000052 0.935525 0.353260
vn 0.000051 0.999017 -0.044322
vn -0.422978 0.905285 -0.039357
vn -1.000000 0.000420 0.000548
vn -0.943640 0.330666 -0.014240
vn -0.419274 0.607445 0.674699
vn -0.397945 0.808858 0.432884
vn -0.705628 0.620468 0.342211
vn -0.307169 0.197030 0.931035
vn -0.369050 -0.496133 0.785910
vn -0.311927 0.510929 0.801033
vn 0.000069 0.684226 0.729270
vn -0.000035 -0.599851 0.800112
vn -0.999998 0.001822 0.000081
vn 0.000056 0.999019 -0.044287
vn -0.999998 0.001761 0.000082
vn -0.999999 0.001004 0.000370
vn -0.999999 0.001186 0.000035
vn -0.429842 0.902009 -0.040201
vn -0.939317 0.342775 -0.013759
vn -0.886249 0.312005 0.342368
vn 0.006070 0.886398 0.462883
vn -0.903441 -0.333567 -0.269310
vn 0.000017 0.329295 0.944227
vn 0.000063 0.692737 0.721191
vn 0.000000 -0.116643 0.993174
vn -0.000000 -0.116649 0.993173
vn -0.000010 -0.116967 0.993136
vn -0.000009 -0.116961 0.993137
vn -0.977059 0.182087 0.110452
vn -0.931473 0.357522 -0.067351
vn -0.457491 0.880853 -0.121654
vn 0.009909 0.998756 0.048878
vn -0.000052 -0.935527 0.353254
vn -0.327398 -0.925554 0.190157
vn -0.834392 -0.484963 0.261917
vn -0.731223 -0.663787 -0.157161
vn -0.847830 -0.226077 -0.479660
vn -1.000000 0.000000 0.000000
vn -1.000000 0.000000 0.000000
vn -0.939058 -0.343468 -0.014111
vn -0.428945 -0.902443 -0.040025
vn -0.705778 -0.620168 0.342446
vn -0.650135 -0.687303 0.323942
vn -0.833568 0.485979 0.262659
vn -0.902344 0.336566 -0.269257
vn -0.976523 -0.171509 0.130332
vn -0.863912 -0.386505 0.322908
vn -0.005821 -0.888932 0.458003
vn -0.000059 -0.980763 0.195203
vn -0.311473 -0.511733 0.800696
vn -0.368274 0.496123 0.786280
vn -1.000000 0.000000 0.000000
vn -0.422417 -0.905555 -0.039167
vn 0.000000 -0.998999 -0.044739
vn -0.000004 -0.999000 -0.044704
vn -0.000035 -0.692711 0.721216
vn -0.006070 -0.886398 0.462883
vn -0.004597 -0.221107 0.975239
vn -0.254180 -0.290092 0.922626
vn -0.419890 -0.606890 0.674816
vn 0.000035 0.599546 0.800341
vn -0.000035 -0.683228 0.730205
vn -1.000000 0.000000 0.000000
vn -1.000000 0.000000 0.000000
vn -0.943324 -0.331553 -0.014555
vn -0.000055 -0.987202 -0.159477
vn -0.422496 -0.905515 0.039225
vn -0.847766 0.226454 -0.479596
vn -0.897319 -0.421412 -0.131263
vn -0.730297 0.664819 -0.157104
vn 0.000052 0.935525 0.353260
vn 0.000000 0.999016 -0.044357
vn 0.000000 0.999016 -0.044357
vn 0.000000 0.999016 -0.044357
vn 0.000000 0.999016 -0.044357
vn 0.000000 0.116643 0.993174
vn 0.000000 0.116649 0.993173
vn 0.000010 0.116967 0.993136
vn 0.000009 0.116961 0.993137
vn 0.000101 0.980879 0.194619
vn -0.325923 0.926039 0.190329
vn 0.000051 0.999017 -0.044322
vn -0.429737 0.902050 -0.040397
vn -0.423075 0.905231 -0.039545
vn -0.939329 0.342726 -0.014123
vn -1.000000 0.000312 0.000398
vn -0.943623 0.330696 -0.014667
vn -0.419292 0.607414 0.674717
vn -0.397202 0.809122 0.433072
vn -0.705596 0.620475 0.342264
vn -0.307206 0.197106 0.931007
vn -0.369003 -0.496080 0.785965
vn -0.311927 0.510929 0.801033
vn 0.000069 0.684076 0.729411
vn -0.000035 -0.599851 0.800112
vn -1.000000 0.000000 0.000000
vn 0.000056 0.999019 -0.044287
vn -1.000000 0.000000 0.000000
vn -0.999999 0.001556 0.000087
vn -1.000000 0.000673 -0.000166
vn -0.977062 0.182030 0.110521
vn -0.886028 0.312479 0.342507
vn 0.006070 0.886405 0.462870
vn -0.834610 -0.484495 0.262091
vn -0.903264 -0.333613 -0.269845
vn 0.000017 0.329387 0.944195
vn 0.000063 0.692752 0.721176
vn 0.000000 -0.116643 0.993174
vn -0.000000 -0.116649 0.993173
vn -0.000010 -0.116967 0.993136
vn -0.000009 -0.116961 0.993137
vn -0.931471 0.357515 -0.067409
vn -0.457530 0.880864 -0.121428
vn 0.009909 0.998756 0.048870
vn -0.000052 -0.935527 0.353254
vn -0.328331 -0.925195 0.190298
vn -0.731156 -0.663809 -0.157380
vn -0.847148 -0.226238 -0.480788
vn -1.000000 0.000000 0.000000
vn -1.000000 0.000000 0.000000
vn -0.939349 -0.342674 -0.014079
vn -0.767922 -0.639914 -0.028367
vn -0.705732 -0.620011 0.342825
vn -0.649843 -0.687624 0.323846
vn -0.833201 0.486387 0.263066
vn -0.902111 0.336893 -0.269627
vn -0.976348 -0.171903 0.131122
vn -0.863938 -0.386898 0.322367
vn -0.000059 -0.980762 0.195206
vn -0.310986 -0.511804 0.800839
vn -0.367738 0.496225 0.786466
vn -0.000035 -0.692740 0.721187
vn -0.009214 -0.397486 0.917562
vn -0.000335 -0.583927 0.811806
vn -0.004598 -0.221177 0.975223
vn -0.254256 -0.290125 0.922595
vn -0.419869 -0.606893 0.674826
vn 0.000035 0.599267 0.800549
vn -0.000035 -0.683228 0.730205
vn -1.000000 0.000000 0.000000
vn -1.000000 0.000000 0.000000
vn -1.000000 0.000000 0.000000
vn -0.943595 -0.330784 -0.014521
vn -0.773438 -0.633327 -0.026294
vn -0.847006 0.227003 -0.480677
vn -0.897319 -0.421281 -0.131683
vn -0.729194 0.665954 -0.157419
vn 0.000000 0.116643 0.993174
vn 0.000000 0.116649 0.993173
vn 0.000010 0.116967 0.993136
vn 0.000009 0.116961 0.993137
vn 0.000101 0.980887 0.194578
vn -0.774336 -0.632374 0.022528
vn -0.325077 0.926329 0.190367
vn 0.000052 0.935525 0.353260
vn -0.773439 0.633328 -0.026232
vn -1.000000 0.000420 0.000548
vn -0.943640 0.330666 -0.014240
vn -0.419274 0.607445 0.674699
vn -0.397945 0.808858 0.432884
vn -0.705628 0.620468 0.342211
vn -0.307169 0.197030 0.931035
vn -0.369050 -0.496133 0.785910
vn -0.311927 0.510929 0.801033
vn 0.000069 0.684226 0.729270
vn -0.000035 -0.599851 0.800112
vn -0.999998 0.001822 0.000081
vn -0.999998 0.001761 0.000082
vn -0.999999 0.001004 0.000370
vn -0.999999 0.001186 0.000035
vn -0.767924 0.639915 -0.028310
vn -0.939317 0.342775 -0.013759
vn -0.886249 0.312005 0.342368
vn 0.006070 0.886398 0.462883
vn -0.903441 -0.333567 -0.269310
vn 0.000017 0.329295 0.944227
vn 0.000063 0.692737 0.721191
vn 0.000000 -0.116643 0.993174
vn -0.000000 -0.116649 0.993173
vn -0.000010 -0.116967 0.993136
vn -0.000009 -0.116961 0.993137
vn -0.977059 0.182087 0.110452
vn -0.931473 0.357522 -0.067351
vn -0.457491 0.880853 -0.121654
vn 0.009909 0.998756 0.048878
vn -0.000052 -0.935527 0.353254
vn -0.327398 -0.925554 0.190157
vn -0.834392 -0.484963 0.261917
vn -0.731223 -0.663787 -0.157161
vn -0.847830 -0.226077 -0.479660
vn 0.709686 0.703128 -0.044232
vn 0.709636 0.703172 -0.044342
vn 0.709669 0.703143 -0.044270
vn 0.709653 0.703157 -0.044304
vn 0.082976 0.082220 0.993154
vn 0.082983 0.082227 0.993153
vn 0.083280 0.082501 0.993105
vn 0.083274 0.082495 0.993106
vn -0.941750 -0.333909 0.040148
vn 0.429230 0.882968 0.190078
vn 0.779186 0.513813 0.358979
vn 0.995166 -0.094573 -0.026472
vn 0.947931 0.316005 -0.039593
vn -0.707597 0.706615 0.000722
vn -0.433906 0.900851 -0.013937
vn 0.703845 0.684023 0.191609
vn 0.945756 0.027187 0.323739
vn 0.132383 0.726407 0.674395
vn 0.853256 -0.096110 0.512560
vn 0.822005 -0.098239 0.560943
vn 0.289528 0.853328 0.433595
vn -0.062549 0.937564 0.342142
vn -0.077375 0.355910 0.931312
vn -0.611988 -0.090497 0.785673
vn 0.483827 0.486328 0.727596
vn -0.422160 -0.424487 0.800994
vn 0.995731 -0.087928 -0.028081
vn -0.706664 0.707549 0.000176
vn 0.937840 0.344821 -0.039433
vn -0.706661 0.707553 0.000176
vn -0.707550 0.706663 0.000635
vn -0.706732 0.707482 0.000217
vn -0.089944 0.995542 -0.028410
vn -0.033828 0.999034 -0.028041
vn -0.423619 0.905745 -0.013150
vn 0.630031 0.623656 0.462725
vn 0.384353 0.025703 0.922828
vn 0.725318 0.132355 0.675570
vn 0.140158 0.581795 0.801168
vn -0.082113 -0.082564 0.993197
vn -0.082117 -0.082568 0.993196
vn -0.562079 0.819478 0.111905
vn -0.407949 0.910428 -0.068538
vn -0.406237 0.847056 0.342736
vn 0.297486 0.946918 -0.121853
vn 0.938220 0.344140 0.036196
vn 0.999450 -0.026538 -0.019899
vn -0.659289 -0.662926 0.354777
vn -0.885418 -0.424134 0.190117
vn -0.933532 0.245564 0.261180
vn -0.875665 0.400711 -0.269521
vn -0.986644 0.042364 -0.157284
vn -0.759932 0.437237 -0.480966
vn -0.701971 0.712205 -0.000189
vn -0.703317 0.710876 -0.000389
vn -0.082303 -0.082743 0.993167
vn -0.082299 -0.082739 0.993167
vn -0.937313 0.065631 0.342252
vn -0.945881 -0.019108 0.323952
vn -0.240665 0.934368 0.262748
vn -0.394439 0.878399 -0.269877
vn -0.808209 0.574210 0.130692
vn -0.882112 0.342979 0.322869
vn -0.685436 -0.701767 0.194164
vn -0.583548 -0.138549 0.800173
vn -0.903239 0.428917 -0.013796
vn -0.943616 -0.328596 -0.040167
vn -0.709575 -0.703188 -0.045056
vn -0.709583 -0.703184 -0.044998
vn -0.138382 -0.725621 0.674036
vn -0.295841 -0.851082 0.433747
vn -0.085829 -0.247876 0.964982
vn 0.535957 0.415025 0.735191
vn -0.484155 -0.479595 0.731835
vn 0.093384 0.610637 0.786386
vn -0.702497 0.711687 -0.000028
vn -0.702423 0.711760 -0.000027
vn -0.702613 0.711572 -0.000036
vn -0.898199 0.439350 -0.014481
vn -0.941517 -0.334692 -0.039083
vn 0.065077 -0.872572 0.484132
vn 0.189262 -0.911249 0.365795
vn -0.434372 0.761592 -0.480935
vn -0.929673 0.344154 -0.131397
vn -0.040302 0.986691 -0.157531
vn -0.634369 -0.618547 0.463655
vn 0.884780 0.312945 0.345297
vn -0.384760 -0.023499 0.922718
vn -0.726484 -0.126969 0.675351
vn 0.082761 0.082014 0.993189
vn 0.082772 0.082025 0.993187
vn 0.083284 0.082498 0.993105
vn 0.083272 0.082487 0.993107
vn 0.092371 -0.994596 -0.047394
vn -0.305289 -0.944566 -0.120804
vn -0.941749 -0.333907 0.040172
vn 0.428792 0.883043 0.190715
vn 0.779220 0.515177 0.356943
vn -0.707747 0.706466 0.000312
vn -0.434753 0.900439 -0.014121
vn 0.830944 0.319013 0.455811
vn 0.945429 0.028925 0.324543
vn 0.175880 -0.815080 0.552006
vn 0.930235 0.065336 0.361101
vn 0.289502 0.853113 0.434037
vn -0.062347 0.937426 0.342556
vn -0.077391 0.355911 0.931310
vn 0.581538 0.143864 0.800697
vn -0.088367 -0.611205 0.786524
vn -0.707113 0.707101 0.000074
vn -0.707104 0.707110 0.000074
vn -0.708031 0.706182 0.000358
vn -0.707236 0.706978 0.000161
vn -0.092100 0.995345 -0.028376
vn -0.101826 0.994462 -0.026013
vn -0.423648 0.905725 -0.013600
vn 0.133000 0.726567 0.674100
vn 0.630189 0.623852 0.462245
vn 0.322242 0.198653 0.925579
vn 0.488233 0.490838 0.721600
vn -0.611104 -0.090249 0.786389
vn 0.139080 0.581001 0.801932
vn -0.561992 0.819505 0.112141
vn -0.407772 0.910563 -0.067800
vn -0.406430 0.846832 0.343060
vn 0.297350 0.947103 -0.120742
vn 0.937956 0.344878 0.036022
vn 0.999502 -0.024743 -0.019598
vn -0.518551 -0.776104 0.358843
vn -0.885934 -0.422377 0.191620
vn -0.933100 0.246397 0.261940
vn -0.875477 0.401614 -0.268786
vn -0.986605 0.044446 -0.156958
vn -0.760202 0.438458 -0.479424
vn -0.082265 -0.082728 0.993171
vn -0.082270 -0.082733 0.993170
vn -0.082510 -0.082958 0.993132
vn -0.082505 -0.082953 0.993132
vn -0.702047 0.712130 0.000014
vn -0.703020 0.711170 -0.000175
vn 0.081920 -0.996234 -0.028411
vn -0.937302 0.065471 0.342314
vn -0.946084 -0.017902 0.323426
vn -0.240920 0.934343 0.262606
vn -0.394802 0.878291 -0.269699
vn -0.808270 0.574165 0.130514
vn -0.881833 0.343817 0.322739
vn -0.685397 -0.701740 0.194401
vn -0.583566 -0.138550 0.800159
vn 0.093793 0.610998 0.786056
vn -0.903280 0.428818 -0.014177
vn -0.943613 -0.328550 -0.040619
vn -0.341003 -0.939197 -0.040325
vn -0.347164 -0.936979 -0.039347
vn 0.091770 -0.995440 -0.026029
vn -0.138961 -0.725432 0.674120
vn -0.296334 -0.851162 0.433256
vn -0.634417 -0.618589 0.463534
vn 0.074766 -0.356587 0.931266
vn 0.535681 0.413997 0.735970
vn -0.483799 -0.479288 0.732271
vn -0.702484 0.711699 0.000120
vn -0.702429 0.711753 0.000121
vn -0.702603 0.711582 -0.000024
vn -0.898191 0.439354 -0.014876
vn -0.941483 -0.334726 -0.039596
vn 0.087226 -0.857971 0.506239
vn 0.091695 -0.994622 -0.048156
vn 0.256813 -0.834143 0.488112
vn -0.305364 -0.944417 -0.121779
vn -0.434569 0.761805 -0.480419
vn -0.929699 0.344297 -0.130841
vn -0.041197 0.986681 -0.157363
vn 0.885160 0.310034 0.346944
vn -0.385363 -0.023373 0.922469
vn -0.725904 -0.128150 0.675753
g fff002f9_00067_001b4465_e13
f 40/32/40 39/31/39 63/30/63
f 40/32/40 63/30/63 62/29/62
f 61/28/61 60/27/60 59/26/59
f 856/257/856 844/250/844 858/249/858
f 62/29/62 88/22/88 87/21/87
f 38/20/38 63/30/63 39/31/39
f 614/197/614 611/200/611 636/217/636
f 58/19/58 37/18/37 59/26/59
f 36/17/36 35/48/35 34/47/34
f 33/46/33 86/45/86 34/47/34
f 40/32/40 62/29/62 104/44/104
f 104/44/104 62/29/62 87/21/87
f 61/28/61 59/26/59 57/43/57
f 58/19/58 59/26/59 60/27/60
f 85/42/85 34/47/34 84/41/84
f 37/18/37 83/40/83 82/39/82
f 36/17/36 60/27/60 35/48/35
f 40/32/40 104/44/104 33/46/33
f 81/38/81 82/39/82 80/37/80
f 859/248/859 844/250/844 841/265/841
f 622/210/622 608/211/608 610/203/610
f 32/36/32 85/42/85 83/40/83
f 34/47/34 85/42/85 36/17/36
f 31/35/31 34/47/34 35/48/35
f 84/41/84 34/47/34 86/45/86
f 60/27/60 61/28/61 35/48/35
f 61/28/61 31/35/31 35/48/35
f 61/28/61 57/43/57 38/20/38
f 59/26/59 79/34/79 57/43/57
f 31/35/31 33/46/33 34/47/34
f 626/201/626 610/203/610 607/218/607
f 104/44/104 86/45/86 33/46/33
f 39/31/39 31/35/31 38/20/38
f 609/209/609 612/199/612 613/198/613
f 36/17/36 85/42/85 32/36/32
f 623/207/623 624/206/624 638/205/638
f 31/35/31 61/28/61 38/20/38
f 81/38/81 37/18/37 82/39/82
f 40/32/40 33/46/33 31/35/31
f 81/38/81 79/34/79 59/26/59
f 58/19/58 83/40/83 37/18/37
f 32/36/32 60/27/60 36/17/36
f 37/18/37 81/38/81 59/26/59
f 39/31/39 40/32/40 31/35/31
f 63/30/63 38/20/38 62/29/62
f 62/29/62 38/20/38 88/22/88
f 79/34/79 38/20/38 57/43/57
f 636/217/636 611/200/611 637/208/637
f 128/32/128 127/31/127 126/30/126
f 128/32/128 126/30/126 125/29/125
f 149/28/149 148/27/148 124/26/124
f 168/25/168 167/24/167 147/23/147
f 125/29/125 146/22/146 166/21/166
f 123/20/123 126/30/126 127/31/127
f 146/22/146 147/23/147 167/24/167
f 145/19/145 122/18/122 124/26/124
f 624/206/624 621/223/621 633/224/633
f 633/224/633 639/204/639 624/206/624
f 128/32/128 125/29/125 165/44/165
f 165/44/165 125/29/125 166/21/166
f 149/28/149 124/26/124 120/43/120
f 145/19/145 124/26/124 148/27/148
f 868/264/868 845/247/845 869/255/869
f 122/18/122 163/40/163 162/39/162
f 103/17/103 148/27/148 121/48/121
f 128/32/128 165/44/165 102/46/102
f 144/38/144 162/39/162 161/37/161
f 161/37/161 168/25/168 147/23/147
f 147/23/147 144/38/144 161/37/161
f 101/36/101 164/42/164 163/40/163
f 621/223/621 634/222/634 633/224/633
f 828/266/828 808/261/808 827/267/827
f 622/210/622 610/203/610 625/202/625
f 148/27/148 149/28/149 121/48/121
f 149/28/149 100/35/100 121/48/121
f 149/28/149 120/43/120 123/20/123
f 124/26/124 143/34/143 120/43/120
f 848/244/848 845/247/845 868/264/868
f 146/22/146 123/20/123 147/23/147
f 608/211/608 635/221/635 634/222/634
f 127/31/127 100/35/100 123/20/123
f 166/21/166 146/22/146 167/24/167
f 103/17/103 164/42/164 101/36/101
f 144/38/144 147/23/147 143/34/143
f 100/35/100 149/28/149 123/20/123
f 144/38/144 122/18/122 162/39/162
f 128/32/128 102/46/102 100/35/100
f 144/38/144 143/34/143 124/26/124
f 145/19/145 163/40/163 122/18/122
f 101/36/101 148/27/148 103/17/103
f 122/18/122 144/38/144 124/26/124
f 127/31/127 128/32/128 100/35/100
f 126/30/126 123/20/123 125/29/125
f 125/29/125 123/20/123 146/22/146
f 143/34/143 123/20/123 120/43/120
f 123/20/123 143/34/143 147/23/147
f 186/32/186 185/31/185 206/30/206
f 186/32/186 206/30/206 205/29/205
f 204/28/204 203/27/203 202/26/202
f 870/254/870 857/253/857 871/252/871
f 205/29/205 232/22/232 249/21/249
f 184/20/184 206/30/206 185/31/185
f 856/257/856 842/258/842 844/250/844
f 201/19/201 200/18/200 202/26/202
f 183/17/183 182/48/182 181/47/181
f 180/46/180 231/45/231 181/47/181
f 186/32/186 205/29/205 248/44/248
f 248/44/248 205/29/205 249/21/249
f 204/28/204 202/26/202 199/43/199
f 201/19/201 202/26/202 203/27/203
f 230/42/230 181/47/181 229/41/229
f 200/18/200 247/40/247 228/39/228
f 183/17/183 203/27/203 182/48/182
f 186/32/186 248/44/248 180/46/180
f 227/38/227 228/39/228 226/37/226
f 613/198/613 599/226/599 609/209/609
f 637/208/637 623/207/623 638/205/638
f 179/36/179 230/42/230 247/40/247
f 181/47/181 230/42/230 183/17/183
f 178/35/178 181/47/181 182/48/182
f 229/41/229 181/47/181 231/45/231
f 203/27/203 204/28/204 182/48/182
f 204/28/204 178/35/178 182/48/182
f 204/28/204 199/43/199 184/20/184
f 610/203/610 620/227/620 607/218/607
f 178/35/178 180/46/180 181/47/181
f 872/251/872 871/252/871 857/253/857
f 248/44/248 231/45/231 180/46/180
f 185/31/185 178/35/178 184/20/184
f 816/257/816 817/250/817 818/249/818
f 183/17/183 230/42/230 179/36/179
f 623/207/623 609/209/609 624/206/624
f 178/35/178 204/28/204 184/20/184
f 227/38/227 200/18/200 228/39/228
f 186/32/186 180/46/180 178/35/178
f 859/248/859 858/249/858 844/250/844
f 201/19/201 247/40/247 200/18/200
f 179/36/179 203/27/203 183/17/183
f 200/18/200 227/38/227 202/26/202
f 185/31/185 186/32/186 178/35/178
f 843/256/843 846/246/846 847/245/847
f 845/247/845 870/254/870 869/255/869
f 626/201/626 607/218/607 609/209/609
f 848/244/848 846/246/846 845/247/845
f 271/32/271 270/31/270 269/30/269
f 271/32/271 269/30/269 268/29/268
f 284/28/284 283/27/283 267/26/267
f 309/25/309 308/24/308 282/23/282
f 268/29/268 307/22/307 306/21/306
f 266/20/266 269/30/269 270/31/270
f 307/22/307 282/23/282 308/24/308
f 281/19/281 265/18/265 267/26/267
f 813/244/813 820/247/820 836/264/836
f 608/211/608 621/223/621 610/203/610
f 271/32/271 268/29/268 305/44/305
f 305/44/305 268/29/268 306/21/306
f 284/28/284 267/26/267 263/43/263
f 281/19/281 267/26/267 283/27/283
f 836/264/836 820/247/820 837/255/837
f 265/18/265 303/40/303 302/39/302
f 246/17/246 283/27/283 264/48/264
f 271/32/271 305/44/305 245/46/245
f 280/38/280 302/39/302 301/37/301
f 301/37/301 309/25/309 282/23/282
f 282/23/282 280/38/280 301/37/301
f 262/36/262 304/42/304 303/40/303
f 622/210/622 635/221/635 608/211/608
f 621/223/621 620/227/620 610/203/610
f 819/248/819 817/250/817 814/265/814
f 283/27/283 284/28/284 264/48/264
f 284/28/284 244/35/244 264/48/264
f 284/28/284 263/43/263 266/20/266
f 267/26/267 300/34/300 263/43/263
f 621/223/621 608/211/608 634/222/634
f 307/22/307 266/20/266 282/23/282
f 848/244/848 847/245/847 846/246/846
f 270/31/270 244/35/244 266/20/266
f 306/21/306 307/22/307 308/24/308
f 246/17/246 304/42/304 262/36/262
f 280/38/280 282/23/282 300/34/300
f 244/35/244 284/28/284 266/20/266
f 280/38/280 265/18/265 302/39/302
f 599/226/599 626/201/626 609/209/609
f 280/38/280 300/34/300 267/26/267
f 281/19/281 303/40/303 265/18/265
f 262/36/262 283/27/283 246/17/246
f 265/18/265 280/38/280 267/26/267
f 621/223/621 624/206/624 620/227/620
f 269/30/269 266/20/266 268/29/268
f 268/29/268 266/20/266 307/22/307
f 300/34/300 266/20/266 263/43/263
f 266/20/266 300/34/300 282/23/282
f 337/32/337 336/31/336 356/30/356
f 337/32/337 356/30/356 355/29/355
f 380/28/380 379/27/379 354/26/354
f 785/257/785 771/258/771 773/250/773
f 786/254/786 787/253/787 799/252/799
f 335/20/335 356/30/356 336/31/336
f 772/256/772 775/246/775 776/245/776
f 353/19/353 352/18/352 354/26/354
f 334/17/334 333/48/333 332/47/332
f 331/46/331 378/45/378 332/47/332
f 337/32/337 355/29/355 29/44/29
f 29/44/29 355/29/355 30/21/30
f 380/28/380 354/26/354 351/43/351
f 353/19/353 354/26/354 379/27/379
f 377/42/377 332/47/332 376/41/376
f 352/18/352 28/40/28 375/39/375
f 334/17/334 379/27/379 333/48/333
f 337/32/337 29/44/29 331/46/331
f 774/247/774 786/254/786 798/255/798
f 800/251/800 799/252/799 787/253/787
f 789/248/789 788/249/788 773/250/773
f 330/36/330 377/42/377 28/40/28
f 332/47/332 377/42/377 334/17/334
f 329/35/329 332/47/332 333/48/333
f 376/41/376 332/47/332 378/45/378
f 379/27/379 380/28/380 333/48/333
f 380/28/380 329/35/329 333/48/333
f 380/28/380 351/43/351 335/20/335
f 777/244/777 775/246/775 774/247/774
f 329/35/329 331/46/331 332/47/332
f 777/244/777 776/245/776 775/246/775
f 29/44/29 378/45/378 331/46/331
f 336/31/336 329/35/329 335/20/335
f 777/244/777 774/247/774 797/264/797
f 334/17/334 377/42/377 330/36/330
f 797/264/797 774/247/774 798/255/798
f 329/35/329 380/28/380 335/20/335
f 789/248/789 773/250/773 770/265/770
f 337/32/337 331/46/331 329/35/329
f 785/257/785 773/250/773 788/249/788
f 353/19/353 28/40/28 352/18/352
f 330/36/330 379/27/379 334/17/334
f 732/245/732 733/244/733 724/273/724
f 336/31/336 337/32/337 329/35/329
f 771/258/771 796/268/796 795/269/795
f 725/272/725 741/249/741 729/259/729
f 739/257/739 749/268/749 730/258/730
f 784/270/784 795/269/795 794/271/794
f 56/32/56 55/31/55 78/30/78
f 56/32/56 78/30/78 54/29/54
f 77/28/77 76/27/76 53/26/53
f 99/25/99 98/24/98 97/23/97
f 54/29/54 96/22/96 95/21/95
f 52/20/52 78/30/78 55/31/55
f 96/22/96 97/23/97 98/24/98
f 75/19/75 51/18/51 53/26/53
f 733/244/733 726/262/726 724/273/724
f 794/271/794 800/251/800 787/253/787
f 56/32/56 54/29/54 94/44/94
f 94/44/94 54/29/54 95/21/95
f 77/28/77 53/26/53 50/43/50
f 75/19/75 53/26/53 76/27/76
f 724/273/724 742/248/742 731/256/731
f 51/18/51 93/40/93 92/39/92
f 787/253/787 784/270/784 794/271/794
f 729/259/729 751/266/751 725/272/725
f 91/38/91 92/39/92 90/37/90
f 90/37/90 99/25/99 97/23/97
f 97/23/97 91/38/91 90/37/90
f 789/248/789 770/265/770 772/256/772
f 732/245/732 724/273/724 731/256/731
f 763/264/763 752/263/752 726/262/726
f 773/250/773 783/274/783 770/265/770
f 724/273/724 726/262/726 727/261/727
f 786/254/786 772/256/772 787/253/787
f 77/28/77 50/43/50 52/20/52
f 53/26/53 89/34/89 50/43/50
f 742/248/742 738/265/738 731/256/731
f 96/22/96 52/20/52 97/23/97
f 742/248/742 724/273/724 728/260/728
f 55/31/55 49/35/49 52/20/52
f 95/21/95 96/22/96 98/24/98
f 741/249/741 742/248/742 728/260/728
f 91/38/91 97/23/97 89/34/89
f 49/35/49 77/28/77 52/20/52
f 91/38/91 51/18/51 92/39/92
f 750/267/750 727/261/727 752/263/752
f 91/38/91 89/34/89 53/26/53
f 75/19/75 93/40/93 51/18/51
f 724/273/724 727/261/727 728/260/728
f 51/18/51 91/38/91 53/26/53
f 727/261/727 751/266/751 729/259/729
f 78/30/78 52/20/52 54/29/54
f 54/29/54 52/20/52 96/22/96
f 89/34/89 52/20/52 50/43/50
f 52/20/52 89/34/89 97/23/97
f 142/32/142 119/31/119 141/30/141
f 142/32/142 141/30/141 140/29/140
f 160/28/160 159/27/159 139/26/139
f 725/272/725 751/266/751 749/268/749
f 776/245/776 762/273/762 772/256/772
f 118/20/118 141/30/141 119/31/119
f 798/255/798 786/254/786 799/252/799
f 158/19/158 138/18/138 139/26/139
f 117/17/117 116/48/116 115/47/115
f 114/46/114 157/45/157 115/47/115
f 142/32/142 140/29/140 176/44/176
f 176/44/176 140/29/140 177/21/177
f 160/28/160 139/26/139 137/43/137
f 158/19/158 139/26/139 159/27/159
f 156/42/156 115/47/115 155/41/155
f 138/18/138 175/40/175 174/39/174
f 117/17/117 159/27/159 116/48/116
f 142/32/142 176/44/176 114/46/114
f 784/270/784 787/253/787 783/274/783
f 733/244/733 763/264/763 726/262/726
f 729/259/729 741/249/741 728/260/728
f 113/36/113 156/42/156 175/40/175
f 115/47/115 156/42/156 117/17/117
f 112/35/112 115/47/115 116/48/116
f 155/41/155 115/47/115 157/45/157
f 159/27/159 160/28/160 116/48/116
f 160/28/160 112/35/112 116/48/116
f 626/201/626 625/202/625 610/203/610
f 730/258/730 749/268/749 748/269/748
f 112/35/112 114/46/114 115/47/115
f 751/266/751 727/261/727 750/267/750
f 176/44/176 157/45/157 114/46/114
f 119/31/119 112/35/112 118/20/118
f 739/257/739 740/250/740 741/249/741
f 117/17/117 156/42/156 113/36/113
f 742/248/742 740/250/740 738/265/738
f 614/197/614 612/199/612 611/200/611
f 763/264/763 743/247/743 753/255/753
f 142/32/142 114/46/114 112/35/112
f 733/244/733 743/247/743 763/264/763
f 158/19/158 175/40/175 138/18/138
f 113/36/113 159/27/159 117/17/117
f 726/262/726 752/263/752 727/261/727
f 119/31/119 142/32/142 112/35/112
f 729/259/729 728/260/728 727/261/727
f 739/257/739 730/258/730 740/250/740
f 762/273/762 789/248/789 772/256/772
f 731/256/731 744/246/744 732/245/732
f 198/32/198 197/31/197 225/30/225
f 198/32/198 225/30/225 224/29/224
f 223/28/223 222/27/222 196/26/196
f 243/25/243 242/24/242 241/23/241
f 224/29/224 240/22/240 239/21/239
f 195/20/195 225/30/225 197/31/197
f 240/22/240 241/23/241 242/24/242
f 221/19/221 194/18/194 196/26/196
f 784/270/784 771/258/771 795/269/795
f 784/270/784 783/274/783 773/250/773
f 198/32/198 224/29/224 238/44/238
f 238/44/238 224/29/224 239/21/239
f 223/28/223 196/26/196 220/43/220
f 221/19/221 196/26/196 222/27/222
f 742/248/742 741/249/741 740/250/740
f 194/18/194 237/40/237 236/39/236
f 733/244/733 744/246/744 743/247/743
f 733/244/733 732/245/732 744/246/744
f 235/38/235 236/39/236 234/37/234
f 234/37/234 243/25/243 241/23/241
f 241/23/241 235/38/235 234/37/234
f 689/209/689 711/227/711 704/206/704
f 711/227/711 689/209/689 687/218/687
f 691/200/691 689/209/689 717/207/717
f 692/199/692 689/209/689 691/200/691
f 785/257/785 796/268/796 771/258/771
f 688/211/688 702/223/702 690/203/690
f 223/28/223 220/43/220 195/20/195
f 196/26/196 233/34/233 220/43/220
f 847/245/847 834/273/834 843/256/843
f 240/22/240 195/20/195 241/23/241
f 703/210/703 714/221/714 688/211/688
f 197/31/197 193/35/193 195/20/195
f 239/21/239 240/22/240 242/24/242
f 702/223/702 711/227/711 690/203/690
f 235/38/235 241/23/241 233/34/233
f 193/35/193 223/28/223 195/20/195
f 235/38/235 194/18/194 236/39/236
f 869/255/869 870/254/870 871/252/871
f 235/38/235 233/34/233 196/26/196
f 221/19/221 237/40/237 194/18/194
f 702/223/702 688/211/688 713/222/713
f 194/18/194 235/38/235 196/26/196
f 679/226/679 706/201/706 689/209/689
f 225/30/225 195/20/195 224/29/224
f 224/29/224 195/20/195 240/22/240
f 233/34/233 195/20/195 220/43/220
f 195/20/195 233/34/233 241/23/241
f 328/108/328 27/107/27 327/106/327
f 279/127/279 374/126/374 299/125/299
f 326/105/326 327/106/327 27/107/27
f 279/127/279 278/124/278 373/123/373
f 261/51/261 260/33/260 259/65/259
f 813/244/813 821/246/821 820/247/820
f 691/200/691 717/207/717 716/208/716
f 694/197/694 691/200/691 715/217/715
f 324/104/324 26/103/26 323/102/323
f 25/94/25 24/93/24 326/92/326
f 322/81/322 25/91/25 350/90/350
f 846/246/846 843/256/843 845/247/845
f 688/211/688 714/221/714 713/222/713
f 260/33/260 258/50/258 259/65/259
f 326/105/326 23/101/23 298/100/298
f 257/122/257 373/123/373 278/124/278
f 22/99/22 327/89/327 24/93/24
f 647/225/647 659/202/659 651/212/651
f 719/204/719 718/205/718 704/206/704
f 813/244/813 812/245/812 821/246/821
f 703/210/703 688/211/688 690/203/690
f 261/121/261 259/120/259 257/133/257
f 716/208/716 717/207/717 718/205/718
f 693/198/693 679/226/679 689/209/689
f 349/80/349 24/79/24 348/78/348
f 775/246/775 772/256/772 774/247/774
f 706/201/706 705/202/705 690/203/690
f 843/256/843 864/274/864 857/253/857
f 297/132/297 279/131/279 299/130/299
f 260/129/260 279/131/279 297/132/297
f 855/270/855 857/253/857 864/274/864
f 717/207/717 689/209/689 704/206/704
f 834/273/834 859/248/859 843/256/843
f 690/203/690 711/227/711 687/218/687
f 706/201/706 687/218/687 689/209/689
f 717/207/717 704/206/704 718/205/718
f 855/270/855 842/258/842 866/269/866
f 257/133/257 278/128/278 261/121/261
f 694/197/694 692/199/692 691/200/691
f 260/33/260 297/49/297 258/50/258
f 298/88/298 25/94/25 326/92/326
f 694/197/694 693/198/693 692/199/692
f 689/209/689 692/199/692 693/198/693
f 260/129/260 278/128/278 279/131/279
f 260/129/260 261/121/261 278/128/278
f 25/94/25 298/88/298 21/87/21
f 349/80/349 22/77/22 24/79/24
f 347/76/347 346/75/346 20/74/20
f 320/73/320 345/72/345 346/75/346
f 348/78/348 322/81/322 349/80/349
f 323/71/323 321/70/321 372/69/372
f 319/68/319 320/73/320 346/75/346
f 349/80/349 318/67/318 371/86/371
f 319/68/319 372/69/372 370/85/370
f 347/76/347 323/71/323 372/69/372
f 25/91/25 348/78/348 24/79/24
f 856/257/856 867/268/867 842/258/842
f 347/76/347 20/74/20 323/71/323
f 349/80/349 322/81/322 318/67/318
f 774/247/774 772/256/772 786/254/786
f 855/270/855 864/274/864 844/250/844
f 21/87/21 325/84/325 324/83/324
f 712/224/712 719/204/719 704/206/704
f 320/73/320 319/68/319 370/85/370
f 704/206/704 702/223/702 712/224/712
f 20/98/20 324/104/324 323/97/323
f 350/90/350 20/74/20 346/75/346
f 783/274/783 772/256/772 770/265/770
f 842/258/842 855/270/855 844/250/844
f 350/90/350 25/91/25 21/82/21
f 350/90/350 345/72/345 322/81/322
f 346/75/346 345/72/345 350/90/350
f 350/90/350 21/82/21 20/74/20
f 21/87/21 298/88/298 325/84/325
f 348/78/348 25/91/25 322/81/322
f 702/223/702 713/222/713 712/224/712
f 279/127/279 369/119/369 374/126/374
f 19/117/19 374/116/374 369/115/369
f 18/114/18 369/115/369 373/113/373
f 279/127/279 373/123/373 369/119/369
f 257/122/257 368/118/368 373/123/373
f 18/114/18 373/113/373 368/112/368
f 836/264/836 829/263/829 807/262/807
f 805/273/805 807/262/807 808/261/808
f 864/274/864 843/256/843 841/265/841
f 715/217/715 691/200/691 716/208/716
f 772/256/772 783/274/783 787/253/787
f 27/111/27 19/117/19 369/115/369
f 328/108/328 19/96/19 27/107/27
f 326/105/326 27/107/27 18/95/18
f 27/111/27 369/115/369 18/114/18
f 23/110/23 18/114/18 368/112/368
f 326/105/326 18/95/18 23/101/23
f 812/245/812 805/273/805 811/256/811
f 653/198/653 654/197/654 646/226/646
f 845/247/845 843/256/843 870/254/870
f 611/200/611 623/207/623 637/208/637
f 24/93/24 327/89/327 326/92/326
f 703/210/703 690/203/690 705/202/705
f 706/201/706 690/203/690 687/218/687
f 20/98/20 21/109/21 324/104/324
f 530/150/530 529/151/529 541/152/541
f 530/150/530 541/152/541 540/153/540
f 556/154/556 555/155/555 539/156/539
f 660/201/660 659/202/659 658/203/658
f 540/153/540 554/160/554 391/161/391
f 528/162/528 541/152/541 529/151/529
f 807/262/807 829/263/829 808/261/808
f 538/163/538 537/164/537 539/156/539
f 527/165/527 526/166/526 525/167/525
f 524/168/524 553/169/553 525/167/525
f 530/150/530 540/153/540 390/170/390
f 390/170/390 540/153/540 391/161/391
f 556/154/556 539/156/539 536/171/536
f 538/163/538 539/156/539 555/155/555
f 552/172/552 525/167/525 551/173/551
f 537/164/537 389/174/389 550/175/550
f 527/165/527 555/155/555 526/166/526
f 530/150/530 390/170/390 524/168/524
f 549/176/549 550/175/550 548/177/548
f 654/197/654 662/199/662 661/200/661
f 654/197/654 653/198/653 662/199/662
f 523/178/523 552/172/552 389/174/389
f 525/167/525 552/172/552 527/165/527
f 522/179/522 525/167/525 526/166/526
f 551/173/551 525/167/525 553/169/553
f 555/155/555 556/154/556 526/166/526
f 556/154/556 522/179/522 526/166/526
f 556/154/556 536/171/536 528/162/528
f 539/156/539 547/180/547 536/171/536
f 522/179/522 524/168/524 525/167/525
f 652/209/652 662/199/662 653/198/653
f 390/170/390 553/169/553 524/168/524
f 529/151/529 522/179/522 528/162/528
f 620/227/620 609/209/609 607/218/607
f 527/165/527 552/172/552 523/178/523
f 609/209/609 620/227/620 624/206/624
f 522/179/522 556/154/556 528/162/528
f 549/176/549 537/164/537 550/175/550
f 530/150/530 524/168/524 522/179/522
f 549/176/549 547/180/547 539/156/539
f 538/163/538 389/174/389 537/164/537
f 523/178/523 555/155/555 527/165/527
f 537/164/537 549/176/549 539/156/539
f 529/151/529 530/150/530 522/179/522
f 612/199/612 609/209/609 611/200/611
f 611/200/611 609/209/609 623/207/623
f 547/180/547 528/162/528 536/171/536
f 812/245/812 813/244/813 805/273/805
f 406/150/406 405/151/405 419/152/419
f 406/150/406 419/152/419 404/153/404
f 418/154/418 417/155/417 403/156/403
f 433/157/433 432/158/432 431/159/431
f 404/153/404 430/160/430 429/161/429
f 402/162/402 419/152/419 405/151/405
f 430/160/430 431/159/431 432/158/432
f 416/163/416 401/164/401 403/156/403
f 816/257/816 815/258/815 817/250/817
f 771/258/771 784/270/784 773/250/773
f 406/150/406 404/153/404 428/170/428
f 428/170/428 404/153/404 429/161/429
f 418/154/418 403/156/403 398/171/398
f 416/163/416 403/156/403 417/155/417
f 647/225/647 669/219/669 680/221/680
f 401/164/401 426/174/426 425/175/425
f 400/165/400 417/155/417 399/166/399
f 657/210/657 656/211/656 658/203/658
f 424/176/424 425/175/425 423/177/423
f 423/177/423 433/157/433 431/159/431
f 431/159/431 424/176/424 423/177/423
f 397/178/397 427/172/427 426/174/426
f 649/214/649 669/219/669 651/212/651
f 654/197/654 681/217/681 648/215/648
f 806/272/806 818/249/818 810/259/810
f 417/155/417 418/154/418 399/166/399
f 418/154/418 396/179/396 399/166/399
f 418/154/418 398/171/398 402/162/402
f 403/156/403 422/180/422 398/171/398
f 651/212/651 659/202/659 650/213/650
f 430/160/430 402/162/402 431/159/431
f 651/212/651 650/213/650 649/214/649
f 405/151/405 396/179/396 402/162/402
f 429/161/429 430/160/430 432/158/432
f 400/165/400 427/172/427 397/178/397
f 424/176/424 431/159/431 422/180/422
f 396/179/396 418/154/418 402/162/402
f 424/176/424 401/164/401 425/175/425
f 639/204/639 638/205/638 624/206/624
f 424/176/424 422/180/422 403/156/403
f 416/163/416 426/174/426 401/164/401
f 397/178/397 417/155/417 400/165/400
f 401/164/401 424/176/424 403/156/403
f 669/219/669 649/214/649 668/220/668
f 419/152/419 402/162/402 404/153/404
f 404/153/404 402/162/402 430/160/430
f 422/180/422 402/162/402 398/171/398
f 402/162/402 422/180/422 431/159/431
f 455/150/455 445/151/445 454/152/454
f 455/150/455 454/152/454 453/153/453
f 469/154/469 468/155/468 452/156/452
f 646/226/646 649/214/649 650/213/650
f 453/153/453 467/160/467 478/161/478
f 444/162/444 454/152/454 445/151/445
f 681/217/681 661/200/661 682/208/682
f 466/163/466 451/164/451 452/156/452
f 443/165/443 442/166/442 441/167/441
f 440/168/440 465/169/465 441/167/441
f 455/150/455 453/153/453 477/170/477
f 477/170/477 453/153/453 478/161/478
f 469/154/469 452/156/452 450/171/450
f 466/163/466 452/156/452 468/155/468
f 464/172/464 441/167/441 463/173/463
f 451/164/451 476/174/476 475/175/475
f 443/165/443 468/155/468 442/166/442
f 455/150/455 477/170/477 440/168/440
f 462/176/462 475/175/475 474/177/474
f 660/201/660 655/218/655 652/209/652
f 660/201/660 646/226/646 650/213/650
f 439/178/439 464/172/464 476/174/476
f 441/167/441 464/172/464 443/165/443
f 438/179/438 441/167/441 442/166/442
f 463/173/463 441/167/441 465/169/465
f 468/155/468 469/154/469 442/166/442
f 469/154/469 438/179/438 442/166/442
f 469/154/469 450/171/450 444/162/444
f 452/156/452 461/180/461 450/171/450
f 438/179/438 440/168/440 441/167/441
f 657/210/657 658/203/658 659/202/659
f 477/170/477 465/169/465 440/168/440
f 445/151/445 438/179/438 444/162/444
f 810/259/810 809/260/809 808/261/808
f 443/165/443 464/172/464 439/178/439
f 659/202/659 660/201/660 650/213/650
f 438/179/438 469/154/469 444/162/444
f 462/176/462 451/164/451 475/175/475
f 455/150/455 440/168/440 438/179/438
f 668/220/668 649/214/649 670/216/670
f 466/163/466 476/174/476 451/164/451
f 439/178/439 468/155/468 443/165/443
f 451/164/451 462/176/462 452/156/452
f 445/151/445 455/150/455 438/179/438
f 648/215/648 670/216/670 649/214/649
f 654/197/654 661/200/661 681/217/681
f 461/180/461 444/162/444 450/171/450
f 660/201/660 658/203/658 655/218/655
f 489/150/489 488/151/488 502/152/502
f 489/150/489 502/152/502 501/153/501
f 500/154/500 499/155/499 487/156/487
f 514/157/514 513/158/513 512/159/512
f 501/153/501 511/160/511 510/161/510
f 486/162/486 502/152/502 488/151/488
f 511/160/511 512/159/512 513/158/513
f 498/163/498 485/164/485 487/156/487
f 819/248/819 818/249/818 817/250/817
f 654/197/654 648/215/648 646/226/646
f 489/150/489 501/153/501 509/170/509
f 509/170/509 501/153/501 510/161/510
f 500/154/500 487/156/487 497/171/497
f 498/163/498 487/156/487 499/155/499
f 651/212/651 669/219/669 647/225/647
f 485/164/485 507/174/507 506/175/506
f 811/256/811 821/246/821 812/245/812
f 489/150/489 509/170/509 483/168/483
f 505/176/505 506/175/506 504/177/504
f 504/177/504 514/157/514 512/159/512
f 512/159/512 505/176/505 504/177/504
f 482/178/482 508/172/508 507/174/507
f 805/273/805 819/248/819 811/256/811
f 653/198/653 646/226/646 652/209/652
f 681/217/681 670/216/670 648/215/648
f 646/226/646 648/215/648 649/214/649
f 813/244/813 807/262/807 805/273/805
f 500/154/500 497/171/497 486/162/486
f 487/156/487 503/180/503 497/171/497
f 810/259/810 828/266/828 806/272/806
f 511/160/511 486/162/486 512/159/512
f 646/226/646 660/201/660 652/209/652
f 488/151/488 481/179/481 486/162/486
f 510/161/510 511/160/511 513/158/513
f 484/165/484 508/172/508 482/178/482
f 505/176/505 512/159/512 503/180/503
f 481/179/481 500/154/500 486/162/486
f 505/176/505 485/164/485 506/175/506
f 489/150/489 483/168/483 481/179/481
f 505/176/505 503/180/503 487/156/487
f 498/163/498 507/174/507 485/164/485
f 482/178/482 499/155/499 484/165/484
f 485/164/485 505/176/505 487/156/487
f 488/151/488 489/150/489 481/179/481
f 502/152/502 486/162/486 501/153/501
f 501/153/501 486/162/486 511/160/511
f 503/180/503 486/162/486 497/171/497
f 486/162/486 503/180/503 512/159/512
f 570/197/570 569/198/569 581/199/581
f 570/197/570 581/199/581 580/200/580
f 579/201/579 578/202/578 577/203/577
f 870/254/870 843/256/843 857/253/857
f 819/248/819 814/265/814 811/256/811
f 568/209/568 581/199/581 569/198/569
f 844/250/844 864/274/864 841/265/841
f 576/210/576 567/211/567 577/203/577
f 566/212/566 565/213/565 564/214/564
f 563/215/563 589/216/589 564/214/564
f 570/197/570 580/200/580 600/217/600
f 600/217/600 580/200/580 590/208/590
f 579/201/579 577/203/577 575/218/575
f 576/210/576 577/203/577 578/202/578
f 588/219/588 564/214/564 587/220/587
f 567/211/567 586/221/586 585/222/585
f 566/212/566 578/202/578 565/213/565
f 570/197/570 600/217/600 563/215/563
f 859/248/859 841/265/841 843/256/843
f 819/248/819 805/273/805 809/260/809
f 818/249/818 819/248/819 809/260/809
f 562/225/562 588/219/588 586/221/586
f 564/214/564 588/219/588 566/212/566
f 561/226/561 564/214/564 565/213/565
f 587/220/587 564/214/564 589/216/589
f 578/202/578 579/201/579 565/213/565
f 579/201/579 561/226/561 565/213/565
f 579/201/579 575/218/575 568/209/568
f 827/267/827 808/261/808 829/263/829
f 561/226/561 563/215/563 564/214/564
f 805/273/805 808/261/808 809/260/809
f 600/217/600 589/216/589 563/215/563
f 569/198/569 561/226/561 568/209/568
f 808/261/808 828/266/828 810/259/810
f 566/212/566 588/219/588 562/225/562
f 806/272/806 828/266/828 835/268/835
f 561/226/561 579/201/579 568/209/568
f 857/253/857 855/270/855 865/271/865
f 570/197/570 563/215/563 561/226/561
f 865/271/865 872/251/872 857/253/857
f 576/210/576 586/221/586 567/211/567
f 562/225/562 578/202/578 566/212/566
f 855/270/855 866/269/866 865/271/865
f 569/198/569 570/197/570 561/226/561
f 813/244/813 836/264/836 807/262/807
f 810/259/810 818/249/818 809/260/809
f 842/258/842 867/268/867 866/269/866
f 702/223/702 704/206/704 711/227/711
f 614/197/614 613/198/613 612/199/612
f 1022/150/1022 1021/151/1021 1033/152/1033
f 1022/150/1022 1033/152/1033 1032/153/1032
f 1048/154/1048 1047/155/1047 1031/156/1031
f 1032/153/1032 1046/160/1046 883/161/883
f 1020/162/1020 1033/152/1033 1021/151/1021
f 1030/163/1030 1029/164/1029 1031/156/1031
f 1019/165/1019 1018/166/1018 1017/167/1017
f 1016/168/1016 1045/169/1045 1017/167/1017
f 1022/150/1022 1032/153/1032 882/170/882
f 882/170/882 1032/153/1032 883/161/883
f 1048/154/1048 1031/156/1031 1028/171/1028
f 1030/163/1030 1031/156/1031 1047/155/1047
f 1044/172/1044 1017/167/1017 1043/173/1043
f 1029/164/1029 881/174/881 1042/175/1042
f 1019/165/1019 1047/155/1047 1018/166/1018
f 1022/150/1022 882/170/882 1016/168/1016
f 1041/176/1041 1042/175/1042 1040/177/1040
f 1015/178/1015 1044/172/1044 881/174/881
f 1017/167/1017 1044/172/1044 1019/165/1019
f 1014/179/1014 1017/167/1017 1018/166/1018
f 1043/173/1043 1017/167/1017 1045/169/1045
f 1047/155/1047 1048/154/1048 1018/166/1018
f 1048/154/1048 1014/179/1014 1018/166/1018
f 1048/154/1048 1028/171/1028 1020/162/1020
f 1031/156/1031 1039/180/1039 1028/171/1028
f 1014/179/1014 1016/168/1016 1017/167/1017
f 882/170/882 1045/169/1045 1016/168/1016
f 1021/151/1021 1014/179/1014 1020/162/1020
f 1019/165/1019 1044/172/1044 1015/178/1015
f 1014/179/1014 1048/154/1048 1020/162/1020
f 1041/176/1041 1029/164/1029 1042/175/1042
f 1022/150/1022 1016/168/1016 1014/179/1014
f 1041/176/1041 1039/180/1039 1031/156/1031
f 1030/163/1030 881/174/881 1029/164/1029
f 1015/178/1015 1047/155/1047 1019/165/1019
f 1029/164/1029 1041/176/1041 1031/156/1031
f 1021/151/1021 1022/150/1022 1014/179/1014
f 1039/180/1039 1020/162/1020 1028/171/1028
f 898/150/898 897/151/897 911/152/911
f 898/150/898 911/152/911 896/153/896
f 910/154/910 909/155/909 895/156/895
f 925/157/925 924/158/924 923/159/923
f 896/153/896 922/160/922 921/161/921
f 894/162/894 911/152/911 897/151/897
f 922/160/922 923/159/923 924/158/924
f 908/163/908 893/164/893 895/156/895
f 898/150/898 896/153/896 920/170/920
f 920/170/920 896/153/896 921/161/921
f 910/154/910 895/156/895 890/171/890
f 908/163/908 895/156/895 909/155/909
f 893/164/893 918/174/918 917/175/917
f 892/165/892 909/155/909 891/166/891
f 916/176/916 917/175/917 915/177/915
f 915/177/915 925/157/925 923/159/923
f 923/159/923 916/176/916 915/177/915
f 889/178/889 919/172/919 918/174/918
f 909/155/909 910/154/910 891/166/891
f 910/154/910 888/179/888 891/166/891
f 910/154/910 890/171/890 894/162/894
f 895/156/895 914/180/914 890/171/890
f 922/160/922 894/162/894 923/159/923
f 897/151/897 888/179/888 894/162/894
f 921/161/921 922/160/922 924/158/924
f 892/165/892 919/172/919 889/178/889
f 916/176/916 923/159/923 914/180/914
f 888/179/888 910/154/910 894/162/894
f 916/176/916 893/164/893 917/175/917
f 916/176/916 914/180/914 895/156/895
f 908/163/908 918/174/918 893/164/893
f 889/178/889 909/155/909 892/165/892
f 893/164/893 916/176/916 895/156/895
f 911/152/911 894/162/894 896/153/896
f 896/153/896 894/162/894 922/160/922
f 914/180/914 894/162/894 890/171/890
f 894/162/894 914/180/914 923/159/923
f 947/150/947 937/151/937 946/152/946
f 947/150/947 946/152/946 945/153/945
f 961/154/961 960/155/960 944/156/944
f 945/153/945 959/160/959 970/161/970
f 936/162/936 946/152/946 937/151/937
f 958/163/958 943/164/943 944/156/944
f 935/165/935 934/166/934 933/167/933
f 932/168/932 957/169/957 933/167/933
f 947/150/947 945/153/945 969/170/969
f 969/170/969 945/153/945 970/161/970
f 961/154/961 944/156/944 942/171/942
f 958/163/958 944/156/944 960/155/960
f 956/172/956 933/167/933 955/173/955
f 943/164/943 968/174/968 967/175/967
f 935/165/935 960/155/960 934/166/934
f 947/150/947 969/170/969 932/168/932
f 954/176/954 967/175/967 966/177/966
f 931/178/931 956/172/956 968/174/968
f 933/167/933 956/172/956 935/165/935
f 930/179/930 933/167/933 934/166/934
f 955/173/955 933/167/933 957/169/957
f 960/155/960 961/154/961 934/166/934
f 961/154/961 930/179/930 934/166/934
f 961/154/961 942/171/942 936/162/936
f 944/156/944 953/180/953 942/171/942
f 930/179/930 932/168/932 933/167/933
f 969/170/969 957/169/957 932/168/932
f 937/151/937 930/179/930 936/162/936
f 935/165/935 956/172/956 931/178/931
f 930/179/930 961/154/961 936/162/936
f 954/176/954 943/164/943 967/175/967
f 947/150/947 932/168/932 930/179/930
f 958/163/958 968/174/968 943/164/943
f 931/178/931 960/155/960 935/165/935
f 943/164/943 954/176/954 944/156/944
f 937/151/937 947/150/947 930/179/930
f 953/180/953 936/162/936 942/171/942
f 981/150/981 980/151/980 994/152/994
f 981/150/981 994/152/994 993/153/993
f 992/154/992 991/155/991 979/156/979
f 1006/157/1006 1005/158/1005 1004/159/1004
f 993/153/993 1003/160/1003 1002/161/1002
f 978/162/978 994/152/994 980/151/980
f 1003/160/1003 1004/159/1004 1005/158/1005
f 990/163/990 977/164/977 979/156/979
f 981/150/981 993/153/993 1001/170/1001
f 1001/170/1001 993/153/993 1002/161/1002
f 992/154/992 979/156/979 989/171/989
f 990/163/990 979/156/979 991/155/991
f 977/164/977 999/174/999 998/175/998
f 981/150/981 1001/170/1001 975/168/975
f 997/176/997 998/175/998 996/177/996
f 996/177/996 1006/157/1006 1004/159/1004
f 1004/159/1004 997/176/997 996/177/996
f 974/178/974 1000/172/1000 999/174/999
f 992/154/992 989/171/989 978/162/978
f 979/156/979 995/180/995 989/171/989
f 1003/160/1003 978/162/978 1004/159/1004
f 980/151/980 973/179/973 978/162/978
f 1002/161/1002 1003/160/1003 1005/158/1005
f 976/165/976 1000/172/1000 974/178/974
f 997/176/997 1004/159/1004 995/180/995
f 973/179/973 992/154/992 978/162/978
f 997/176/997 977/164/977 998/175/998
f 981/150/981 975/168/975 973/179/973
f 997/176/997 995/180/995 979/156/979
f 990/163/990 999/174/999 977/164/977
f 974/178/974 991/155/991 976/165/976
f 977/164/977 997/176/997 979/156/979
f 980/151/980 981/150/981 973/179/973
f 994/152/994 978/162/978 993/153/993
f 993/153/993 978/162/978 1003/160/1003
f 995/180/995 978/162/978 989/171/989
f 978/162/978 995/180/995 1004/159/1004
g fff002f9_00067_001b4465_e2
f 619/189/619 605/190/605 617/191/617
f 604/184/604 605/183/605 618/186/618
f 17/16/17 47/16/47 46/16/46
f 459/134/459 447/134/447 460/134/460
f 47/16/47 17/16/17 48/16/48
f 47/10/47 16/16/16 46/9/46
f 446/137/446 435/139/435 458/136/458
f 459/136/459 446/137/446 458/136/458
f 45/16/45 16/16/16 47/10/47
f 460/134/460 447/134/447 449/140/449
f 473/145/473 471/146/471 470/147/470
f 74/16/74 16/16/16 45/16/45
f 74/14/74 15/13/15 44/14/44
f 15/13/15 14/11/14 44/14/44
f 44/14/44 14/11/14 13/12/13
f 13/8/13 73/6/73 44/7/44
f 73/6/73 72/2/72 44/7/44
f 45/16/45 15/16/15 74/16/74
f 754/228/754 756/239/756 757/243/757
f 757/243/757 756/239/756 755/241/755
f 603/187/603 601/181/601 602/188/602
f 111/14/111 110/14/110 109/13/109
f 111/16/111 108/16/108 107/16/107
f 110/14/110 136/12/136 135/11/135
f 108/16/108 111/16/111 109/16/109
f 480/134/480 495/134/495 494/134/494
f 109/13/109 110/14/110 135/11/135
f 136/8/136 110/7/110 134/6/134
f 480/136/480 479/136/479 496/137/496
f 460/134/460 446/134/446 459/134/459
f 134/6/134 110/7/110 133/2/133
f 518/134/518 517/134/517 516/135/516
f 826/228/826 803/228/803 825/228/825
f 493/142/493 479/143/479 491/144/491
f 496/137/496 479/136/479 492/139/492
f 823/238/823 822/242/822 824/237/824
f 495/134/495 480/134/480 496/134/496
f 603/181/603 606/181/606 604/181/604
f 434/142/434 457/144/457 458/143/458
f 479/136/479 493/138/493 492/139/492
f 458/136/458 435/139/435 434/138/434
f 628/196/628 645/192/645 627/194/627
f 173/16/173 191/16/191 190/16/190
f 644/181/644 645/192/645 628/196/628
f 191/16/191 173/16/173 192/16/192
f 191/10/191 172/16/172 190/9/190
f 616/181/616 601/181/601 603/187/603
f 678/181/678 677/181/677 676/182/676
f 219/16/219 172/16/172 191/10/191
f 457/144/457 456/148/456 458/143/458
f 686/181/686 684/181/684 700/181/700
f 218/16/218 172/16/172 219/16/219
f 218/14/218 171/13/171 217/14/217
f 171/13/171 170/11/170 217/14/217
f 217/14/217 170/11/170 169/12/169
f 169/8/169 216/6/216 217/7/217
f 216/6/216 215/2/215 217/7/217
f 219/16/219 171/16/171 218/16/218
f 491/144/491 479/143/479 490/148/490
f 518/145/518 516/146/516 515/147/515
f 296/16/296 295/16/295 294/15/294
f 256/14/256 255/14/255 277/13/277
f 256/16/256 254/16/254 276/16/276
f 255/14/255 275/12/275 274/11/274
f 254/16/254 256/16/256 277/16/277
f 833/239/833 831/240/831 830/241/830
f 277/13/277 255/14/255 274/11/274
f 275/8/275 255/7/255 273/6/273
f 598/181/598 597/181/597 596/182/596
f 296/5/296 294/4/294 293/3/293
f 273/6/273 255/7/255 272/2/272
f 685/183/685 699/185/699 698/186/698
f 710/192/710 708/193/708 707/194/707
f 574/187/574 560/181/560 573/188/573
f 863/239/863 861/240/861 860/241/860
f 850/238/850 839/237/839 849/242/849
f 701/184/701 685/183/685 698/186/698
f 801/236/801 823/238/823 824/237/824
f 317/1/317 316/5/316 315/3/315
f 314/16/314 316/5/316 317/1/317
f 12/16/12 11/16/11 10/15/10
f 735/228/735 722/228/722 747/228/747
f 746/238/746 745/242/745 734/237/734
f 720/236/720 746/238/746 734/237/734
f 734/230/734 721/233/721 720/232/720
f 344/10/344 342/16/342 343/9/343
f 722/231/722 721/233/721 734/230/734
f 747/230/747 722/231/722 734/230/734
f 367/16/367 342/16/342 344/10/344
f 12/5/12 10/4/10 9/3/9
f 747/228/747 723/228/723 735/228/735
f 366/16/366 342/16/342 367/16/367
f 366/14/366 341/13/341 365/14/365
f 341/13/341 313/11/313 365/14/365
f 365/14/365 313/11/313 312/12/312
f 312/8/312 364/6/364 365/7/365
f 364/6/364 363/2/363 365/7/365
f 367/16/367 341/16/341 366/16/366
f 8/1/8 7/5/7 6/3/6
f 5/16/5 7/5/7 8/1/8
f 854/231/854 839/230/839 851/233/851
f 43/14/43 42/14/42 71/13/71
f 43/16/43 70/16/70 69/16/69
f 42/14/42 68/12/68 67/11/67
f 70/16/70 43/16/43 71/16/71
f 70/10/70 41/16/41 69/9/69
f 71/13/71 42/14/42 67/11/67
f 68/8/68 42/7/42 66/6/66
f 65/16/65 41/16/41 70/10/70
f 572/181/572 560/181/560 574/187/574
f 66/6/66 42/7/42 64/2/64
f 769/228/769 766/228/766 765/228/765
f 761/239/761 759/240/759 758/241/758
f 735/228/735 723/228/723 737/234/737
f 768/230/768 782/232/782 781/233/781
f 766/228/766 769/228/769 767/228/767
f 737/234/737 723/228/723 736/235/736
f 766/234/766 764/228/764 765/235/765
f 584/181/584 560/181/560 572/181/572
f 571/183/571 558/186/558 557/185/557
f 852/236/852 839/237/839 850/238/850
f 767/231/767 768/230/768 781/233/781
f 782/236/782 768/237/768 780/238/780
f 779/228/779 764/228/764 766/234/766
f 761/228/761 760/228/760 759/229/759
f 132/10/132 130/16/130 131/9/131
f 793/239/793 791/240/791 790/241/790
f 825/228/825 804/228/804 826/228/826
f 154/16/154 130/16/130 132/10/132
f 598/192/598 596/193/596 595/194/595
f 780/238/780 768/237/768 778/242/778
f 153/16/153 130/16/130 154/16/154
f 153/14/153 129/13/129 152/14/152
f 129/13/129 106/11/106 152/14/152
f 152/14/152 106/11/106 105/12/105
f 105/8/105 151/6/151 152/7/152
f 151/6/151 150/2/150 152/7/152
f 154/16/154 129/16/129 153/16/153
f 584/183/584 559/184/559 571/183/571
f 559/184/559 558/186/558 571/183/571
f 253/16/253 252/16/252 251/15/251
f 189/14/189 188/14/188 214/13/214
f 189/16/189 213/16/213 212/16/212
f 188/14/188 211/12/211 210/11/210
f 213/16/213 189/16/189 214/16/214
f 213/10/213 187/16/187 212/9/212
f 214/13/214 188/14/188 210/11/210
f 211/8/211 188/7/188 209/6/209
f 208/16/208 187/16/187 213/10/213
f 253/5/253 251/4/251 250/3/250
f 209/6/209 188/7/188 207/2/207
f 684/187/684 683/181/683 700/188/700
f 684/181/684 686/181/686 701/181/701
f 833/228/833 832/228/832 831/229/831
f 699/189/699 685/190/685 697/191/697
f 793/228/793 792/228/792 791/229/791
f 769/230/769 768/230/768 767/231/767
f 697/191/697 685/190/685 695/195/695
f 311/64/311 310/63/310 4/62/4
f 292/1/292 291/3/291 362/61/362
f 290/16/290 289/5/289 292/1/292
f 292/1/292 289/5/289 291/3/291
f 686/183/686 685/183/685 701/184/701
f 710/181/710 709/181/709 708/182/708
f 671/181/671 673/192/673 674/196/674
f 674/196/674 673/192/673 672/194/672
f 667/181/667 642/181/642 666/181/666
f 328/60/328 311/64/311 3/59/3
f 288/3/288 287/4/287 361/58/361
f 803/231/803 802/233/802 824/230/824
f 824/230/824 802/233/802 801/232/801
f 311/64/311 4/62/4 3/57/3
f 4/62/4 360/56/360 3/57/3
f 286/5/286 287/4/287 288/3/288
f 664/191/664 663/195/663 665/190/665
f 640/189/640 664/191/664 665/190/665
f 286/16/286 285/16/285 287/15/287
f 359/16/359 2/55/2 358/16/358
f 642/184/642 641/186/641 665/183/665
f 3/59/3 357/54/357 19/53/19
f 328/60/328 3/59/3 19/53/19
f 666/183/666 642/184/642 665/183/665
f 449/140/449 447/134/447 448/141/448
f 825/230/825 803/231/803 824/230/824
f 678/192/678 676/193/676 675/194/675
f 665/183/665 641/186/641 640/185/640
f 666/181/666 643/181/643 667/181/667
f 359/5/359 1/66/1 2/52/2
f 340/16/340 321/10/321 339/16/339
f 321/10/321 338/9/338 339/16/339
f 292/1/292 362/61/362 360/56/360
f 3/57/3 360/56/360 362/61/362
f 19/53/19 357/54/357 361/58/361
f 288/3/288 361/58/361 357/54/357
f 388/134/388 387/134/387 386/135/386
f 594/196/594 593/192/593 592/194/592
f 521/134/521 534/134/534 533/134/533
f 572/181/572 559/181/559 584/181/584
f 534/134/534 521/134/521 535/134/535
f 534/140/534 532/134/532 533/141/533
f 591/181/591 593/192/593 594/196/594
f 583/191/583 582/195/582 571/190/571
f 546/134/546 532/134/532 534/140/534
f 388/145/388 386/146/386 385/147/385
f 557/189/557 583/191/583 571/190/571
f 545/134/545 532/134/532 546/134/546
f 545/136/545 531/137/531 544/136/544
f 531/137/531 520/139/520 544/136/544
f 544/136/544 520/139/520 519/138/519
f 519/142/519 543/144/543 544/143/544
f 543/144/543 542/148/542 544/143/544
f 546/134/546 531/134/531 545/134/545
f 384/149/384 383/145/383 382/147/382
f 381/134/381 383/145/383 384/149/384
f 437/134/437 436/134/436 421/135/421
f 395/136/395 394/136/394 415/137/415
f 395/134/395 414/134/414 413/134/413
f 394/136/394 412/138/412 411/139/411
f 414/134/414 395/134/395 415/134/415
f 606/183/606 605/183/605 604/184/604
f 415/137/415 394/136/394 411/139/411
f 412/142/412 394/143/394 410/144/410
f 409/134/409 393/134/393 414/140/414
f 437/145/437 421/146/421 420/147/420
f 410/144/410 394/143/394 408/148/408
f 407/134/407 393/134/393 409/134/409
f 863/228/863 862/228/862 861/229/861
f 840/230/840 839/230/839 854/231/854
f 840/228/840 838/228/838 853/228/853
f 839/230/839 852/232/852 851/233/851
f 838/228/838 840/228/840 854/228/854
f 409/134/409 392/134/392 407/134/407
f 632/181/632 631/181/631 630/182/630
f 696/181/696 683/181/683 684/187/684
f 473/134/473 472/134/472 471/135/471
f 617/191/617 605/190/605 615/195/615
f 605/183/605 619/185/619 618/186/618
f 632/192/632 630/193/630 629/194/629
f 606/181/606 603/181/603 602/181/602
f 951/134/951 939/134/939 952/134/952
f 938/137/938 927/139/927 950/136/950
f 951/136/951 938/137/938 950/136/950
f 952/134/952 939/134/939 941/140/941
f 965/145/965 963/146/963 962/147/962
f 972/134/972 987/134/987 986/134/986
f 972/136/972 971/136/971 988/137/988
f 952/134/952 938/134/938 951/134/951
f 1010/134/1010 1009/134/1009 1008/135/1008
f 985/142/985 971/143/971 983/144/983
f 988/137/988 971/136/971 984/139/984
f 987/134/987 972/134/972 988/134/988
f 926/142/926 949/144/949 950/143/950
f 971/136/971 985/138/985 984/139/984
f 950/136/950 927/139/927 926/138/926
f 949/144/949 948/148/948 950/143/950
f 983/144/983 971/143/971 982/148/982
f 1010/145/1010 1008/146/1008 1007/147/1007
f 941/140/941 939/134/939 940/141/940
f 880/134/880 879/134/879 878/135/878
f 1013/134/1013 1026/134/1026 1025/134/1025
f 1026/134/1026 1013/134/1013 1027/134/1027
f 1026/140/1026 1024/134/1024 1025/141/1025
f 1038/134/1038 1024/134/1024 1026/140/1026
f 880/145/880 878/146/878 877/147/877
f 1037/134/1037 1024/134/1024 1038/134/1038
f 1037/136/1037 1023/137/1023 1036/136/1036
f 1023/137/1023 1012/139/1012 1036/136/1036
f 1036/136/1036 1012/139/1012 1011/138/1011
f 1011/142/1011 1035/144/1035 1036/143/1036
f 1035/144/1035 1034/148/1034 1036/143/1036
f 1038/134/1038 1023/134/1023 1037/134/1037
f 876/149/876 875/145/875 874/147/874
f 873/134/873 875/145/875 876/149/876
f 929/134/929 928/134/928 913/135/913
f 887/136/887 886/136/886 907/137/907
f 887/134/887 906/134/906 905/134/905
f 886/136/886 904/138/904 903/139/903
f 906/134/906 887/134/887 907/134/907
f 907/137/907 886/136/886 903/139/903
f 904/142/904 886/143/886 902/144/902
f 901/134/901 885/134/885 906/140/906
f 929/145/929 913/146/913 912/147/912
f 902/144/902 886/143/886 900/148/900
f 899/134/899 885/134/885 901/134/901
f 901/134/901 884/134/884 899/134/899
f 965/134/965 964/134/964 963/135/963
