# fff00122_00012_000477e5
o fff00122_00012_000477e5
v 0.000001 -32.936928 1.830785
v 0.000001 -33.390720 0.338313
v 0.000001 -7.200873 -2.665833
v 0.000001 7.368774 -2.321051
v 0.000001 22.003204 -1.588719
v 0.000001 -32.445354 2.079093
v 0.000001 22.003204 3.717988
v 0.000001 -33.459454 1.447353
v 0.000001 -31.618000 2.556736
v 0.000001 -33.620625 0.917527
v 0.000001 -24.621857 -2.036534
v 0.000001 36.780228 1.640978
v 0.000001 38.800255 2.825515
v 0.000001 -30.347626 -1.284952
v 0.000001 27.901680 -0.824125
v 0.000001 -32.388557 -0.426752
v 0.000001 -31.588362 -0.836238
v 0.000001 30.357609 -0.244581
v 0.000001 38.782906 3.749404
v 0.000001 28.553352 3.787074
v 0.000001 35.150040 1.024880
v 0.000001 35.320583 13.394920
v 0.209424 36.534149 3.754584
v 0.000001 -5.404466 3.937193
v 0.000001 -25.886271 5.682063
v 0.000001 -24.621902 5.750450
v 0.000001 27.901680 3.756503
v 0.000001 -30.582930 3.136821
v 0.000001 -13.717340 5.445884
v 0.000001 -17.745483 5.759012
v 0.000001 -27.421112 5.231971
v 0.000001 -28.675508 4.159851
v 0.631857 -27.977533 -1.838897
v 0.686953 -25.345373 -1.937823
v 0.000001 12.959165 -2.129624
v 8.483931 -7.654369 1.029123
v 35.777817 6.517584 2.286719
v 36.672375 8.898221 2.295650
v 3.670502 2.366612 -0.329009
v 36.702503 9.749504 2.177532
v 36.734779 8.939528 2.229096
v 35.821079 6.524738 2.053825
v 16.810780 -3.867788 1.627116
v 16.780016 2.375192 1.883182
v 29.063845 6.703593 2.222404
v 35.873810 6.214535 2.172979
v 16.890909 4.695750 1.384945
v 29.064840 2.489839 1.885599
v 29.064970 2.062407 2.020599
v 6.697102 -8.422824 0.899787
v 29.064863 2.474366 2.217247
v 6.657206 -8.794274 0.318634
v 6.686681 -8.427516 -0.192734
v 5.680918 -1.972504 -0.015198
v 5.680918 -3.234818 -0.015198
v 4.543849 -9.392614 0.694284
v 29.234478 7.636691 2.088349
v 16.890905 4.626255 1.475878
v 16.659143 4.577005 1.475079
v 29.241997 6.745336 2.228759
v 29.062609 8.263686 1.975191
v 3.800205 -10.706411 -0.084976
v 29.062778 8.293884 1.920852
v 36.657612 9.677467 2.216439
v 36.663567 8.969578 2.142632
v 2.221523 -25.934555 4.143647
v 2.658981 27.901680 2.556828
v 2.580946 -10.922853 -1.245106
v 2.863712 -12.172244 -0.310635
v 3.133456 -10.170588 0.953280
v 3.090915 -11.169030 0.864380
v 3.132609 3.174741 0.953224
v 2.390872 7.255018 -1.518238
v 2.922254 3.513125 -0.251866
v 1.634411 7.368774 -2.055311
v 2.547710 -8.009658 -1.631185
v 2.677977 3.067104 -0.933073
v 1.449472 -7.310596 -2.272766
v 3.012462 3.601730 0.205186
v 0.000001 36.815788 3.199029
v 1.245545 -32.936882 1.332178
v 2.995982 21.985600 2.556828
v 2.663784 21.989727 3.206730
v 2.262963 22.003204 -1.002551
v 1.095270 -31.538155 -0.558641
v 1.971304 -31.436848 0.737325
v 2.918708 22.003204 -0.126218
v 3.132406 22.003208 0.953275
v 0.703804 -33.022831 0.206190
v 1.226720 -32.936882 0.678807
v 0.207529 37.877232 13.062448
v 2.460935 30.329800 1.914650
v 1.047135 -31.496078 2.479762
v 1.168271 -24.621857 5.527867
v 1.722002 -31.540573 1.787471
v 1.129475 -25.915842 5.498528
v 0.914314 36.834641 3.388756
v 1.970339 22.003204 3.524812
v 0.452253 38.787628 3.501834
v 2.129296 30.315870 2.740266
v 1.361991 30.355055 0.055356
v 2.457486 30.338013 1.175418
v 1.089593 36.780228 2.090885
v 1.236130 36.780228 2.600528
v 0.423113 38.797302 2.987362
v 0.491250 38.793194 3.206303
v 0.904525 -32.440975 1.914360
v 2.648290 -24.621861 3.206730
v 1.514730 -32.219666 1.464820
v 1.360593 30.306507 3.500637
v 0.940966 -27.301828 5.090082
v 2.390153 -24.621861 -1.106456
v 2.114501 -27.977533 -0.965765
v 1.636955 -32.462906 0.928174
v 0.994859 -32.374203 -0.151403
v 2.944662 -24.621861 -0.345117
v 3.134084 -24.621861 0.953283
v 2.584125 -27.977533 -0.241074
v 2.744322 -28.074909 0.934173
v 1.452873 -27.977533 -1.655694
v 1.240298 -24.621857 -1.803340
v 0.541780 -33.456829 1.312685
v 0.255018 28.832447 3.744029
v 2.810199 27.901682 0.951625
v 1.969631 -30.347626 -0.524864
v 1.168167 27.901682 -0.642354
v 0.945336 35.145164 1.298775
v 1.955085 27.901682 -0.352286
v 2.334882 30.344311 0.542060
v 2.642190 27.901682 0.156288
v 0.512219 -33.414757 0.524020
v 0.797658 -33.448181 0.919043
v 1.578972 35.138004 1.586320
v 1.716211 35.131374 2.275329
v 1.146882 -30.347626 -1.191249
v 2.348439 -30.347626 0.929152
v 2.308457 -30.347626 0.193972
v 3.092353 22.003204 1.543142
v 2.834678 27.901682 1.664750
v 12.827774 38.640499 4.563768
v 12.828126 36.854874 4.343567
v 2.003958 30.457848 2.981571
v 1.943597 -30.347626 2.167779
v 2.163190 -28.237354 2.737342
v 2.272224 30.477362 2.479577
v 12.828095 36.711388 4.264057
v 12.827970 36.870090 4.241428
v 0.222741 35.425362 13.042634
v 2.944042 -5.404468 2.556828
v 1.684963 -5.404466 3.700812
v 1.160278 -17.745438 5.512695
v 1.658938 27.901682 3.576139
v 2.267466 27.901684 3.206730
v 2.635063 -5.404468 3.206730
v 1.167771 -30.450872 3.041451
v 1.141466 -13.717294 5.292275
v 1.838095 -25.895430 4.804646
v 1.961381 -24.621861 4.804646
v 1.081536 -28.406555 4.143554
v 0.840590 -27.898212 4.676181
v 4.264338 -3.207444 -0.268326
v 4.263886 -1.956853 -0.268326
v 3.632012 -1.057677 -0.577498
v 3.632014 -4.069730 -0.622117
v 2.536973 -4.069738 -1.833290
v 2.536973 -1.057685 -1.761431
v 0.774347 -32.936882 1.645892
v 0.751062 -27.971258 4.675723
v 0.972090 -28.474987 4.135357
v 3.084325 -22.603104 1.531393
v 3.084274 -23.904205 1.523489
v 2.861734 -22.603128 2.556831
v 2.862011 -23.904205 2.565455
v 2.326796 -22.601658 4.143647
v 2.536461 -23.904205 3.685562
v 2.966442 6.812529 2.556828
v 2.967827 7.947729 2.556828
v 2.644003 7.947729 3.206730
v 2.642612 6.812529 3.206730
v 1.942885 6.812527 3.634995
v 2.658011 20.154095 3.206730
v 2.657435 19.018894 3.206730
v 3.018171 20.154093 2.556828
v 3.017013 19.018892 2.556828
v 1.965598 19.470808 3.532574
v 2.920884 12.936173 -0.246063
v 2.237315 12.959167 -1.379693
v 1.330014 12.959166 -1.755389
v 1.160276 -15.670801 5.460774
v 0.000001 -12.180346 -2.246201
v 1.386060 -12.129177 -2.013869
v 0.538145 -28.018652 -1.733643
v 0.584975 -25.542831 -1.770994
v 0.000001 -28.501795 4.159853
v 0.000001 -27.867430 4.671735
v 1.576444 -26.846827 4.346232
v 1.293714 -26.907232 4.696092
v 1.011706 -28.289852 4.118548
v 0.783072 -27.757347 4.676183
v 1.842788 -27.147102 3.893247
v 1.808461 -26.742954 4.167371
v 1.041110 -28.456219 4.110645
v 0.786427 -27.810394 4.726464
v 1.367686 -26.944956 4.752809
v 0.000001 -28.644896 4.164771
v 0.000001 -27.972429 4.708160
v 1.781635 -27.085230 3.902215
v 0.000001 -26.674465 5.578118
v 1.053933 -26.696287 5.368419
v 2.991531 -11.893384 0.480433
v 2.677979 -11.880559 -0.765334
v 3.089203 3.512732 0.740440
v 4.740098 -9.732702 0.068498
v 0.000001 -29.528599 3.712951
v 0.000001 -29.270283 -1.645778
v 0.704476 -29.270283 -1.610940
v 1.261718 -29.270283 -1.460674
v 2.039927 -29.270283 -0.767483
v 2.479374 -29.270283 -0.122772
v 2.562829 -29.270283 0.931871
v 2.056499 -29.270283 2.483299
v 1.138931 -29.396360 3.587832
v 1.698816 -26.882420 4.370912
v 1.869538 -27.171659 3.907340
v 0.000001 -28.071428 4.662686
v 1.415456 -26.969501 4.741529
v 2.582060 -22.915380 3.577379
v 2.564539 -23.614258 3.577269
v 2.613134 -23.755592 3.430055
v 2.620952 -22.767036 3.422588
v 2.583263 -23.714773 3.522766
v 2.596635 -22.820269 3.523117
v 3.022161 -23.762344 1.830644
v 3.020893 -22.761190 1.840559
v 3.057608 -22.904236 1.644276
v 3.056980 -23.626410 1.636958
v 2.861962 -23.760090 2.564946
v 2.860252 -22.765371 2.550089
v 3.043577 -23.719742 1.710936
v 3.045284 -22.811783 1.718284
v 2.451670 -22.915384 3.571030
v 2.434151 -23.612049 3.571926
v 2.482740 -23.749775 3.430135
v 2.490564 -22.772457 3.422584
v 2.452867 -23.711157 3.517452
v 2.466244 -22.824007 3.519354
v 2.891770 -23.756823 1.830716
v 2.890505 -22.766611 1.840555
v 2.927224 -22.905647 1.647493
v 2.926594 -23.624338 1.645373
v 2.731568 -23.753929 2.565026
v 2.729863 -22.770790 2.550085
v 2.913187 -23.715456 1.714043
v 2.914898 -22.814573 1.722110
v 0.000001 -15.696302 5.653429
v 1.472888 -11.675610 4.804646
v 0.000001 -11.771967 5.141337
v 2.897673 -17.157034 -0.325101
v 2.390077 -17.157034 -1.167645
v 1.318870 -17.157034 -1.916824
v 0.000001 -17.157034 -2.040159
v 2.887472 -11.462474 2.556828
v 2.326797 -11.460973 4.143647
v 1.983671 -22.624311 4.804646
v 3.133984 -22.553881 0.953283
v 2.045671 -15.755742 4.804646
v 2.814986 -17.137138 2.556828
v 2.326797 -15.760444 4.143647
v 3.147835 -17.137138 0.954549
v 2.683622 -22.603125 3.206728
v 2.624588 -17.137138 3.206730
v 2.697075 -11.454607 3.206730
v 2.555124 -22.602062 3.680784
v 2.326796 -24.621861 4.143647
v 3.133024 -5.397703 0.953278
v 1.330009 22.003202 -1.452671
v 2.697075 -12.954892 3.206730
v 2.887473 -12.954892 2.556828
v 2.326797 -12.947156 4.143647
v 3.137171 -12.947156 0.953608
v 3.067115 -12.949326 1.533783
v 3.070089 -11.480379 1.533783
v 2.526173 -12.951322 3.680786
v 2.547104 -11.457186 3.680786
v 2.834394 -22.603113 2.556827
v 2.788458 -17.137138 2.556828
v 2.643996 -22.603113 3.206729
v 2.598061 -17.137138 3.206730
v 2.668030 -12.954891 3.206730
v 2.858428 -12.954891 2.556828
v 2.630149 27.901684 2.556828
v 2.967151 21.985603 2.556828
v 2.634953 21.989731 3.206730
v 2.915211 -5.404464 2.556828
v 2.238635 27.901686 3.206730
v 2.606231 -5.404464 3.206730
v 2.937610 6.812534 2.556828
v 2.938995 7.841845 2.556828
v 2.615171 7.841844 3.206730
v 2.613780 6.812533 3.206730
v 2.629758 19.961109 3.206730
v 2.628606 18.909851 3.206730
v 2.989339 19.961109 2.556828
v 2.988182 18.909853 2.556828
v 2.858641 -11.462470 2.556828
v 2.668243 -11.454603 3.206730
v 1.830634 -31.616812 0.089081
v 3.017143 -23.844404 1.598743
v 3.015152 -22.594507 1.598743
v 2.286003 -22.602480 3.936188
v 2.286003 -23.838633 3.936188
v 2.820149 -24.621861 2.556828
v 2.673625 -26.046383 2.556828
v 2.508996 -26.046383 3.206730
v 2.675853 -23.904205 3.206730
v 2.190823 -25.934555 4.143647
v 1.807394 -25.895430 4.804646
v 1.930680 -24.621861 4.804646
v 2.296096 -22.601658 4.143647
v 1.952970 -22.624311 4.804646
v 2.014971 -15.755742 4.804646
v 2.296096 -15.760444 4.143647
v 2.296095 -24.621861 4.143647
v 2.614622 -24.621861 3.206730
v 2.828343 -23.904205 2.565455
v 2.786480 -24.621861 2.556828
v 2.639957 -26.046383 2.556828
v 2.475328 -26.046383 3.206730
v 2.642184 -23.904205 3.206730
v 1.572901 -26.883404 4.581271
v 1.844804 -26.928272 4.100808
v 1.435349 -26.852888 4.535377
v 1.734226 -26.888184 4.072702
v 1.500973 -26.787256 4.685117
v 3.045403 6.812529 1.533783
v 3.045605 7.947729 1.533783
v 1.944898 7.947727 3.625921
v 0.000001 7.381262 3.747617
v 2.387837 6.812528 3.421274
v 2.393772 7.947728 3.421274
v 2.434524 19.018894 3.421274
v 2.437491 20.154095 3.421274
v 3.092089 19.018896 1.533783
v 3.092290 20.154097 1.533783
v 3.797928 -10.136209 0.597134
v 0.000001 -27.977535 -1.957057
v 0.000001 -25.345373 -2.036534
v 8.328795 -7.511198 0.140918
v 8.887531 -7.232321 0.204369
v 8.887801 -7.661828 0.562569
v 17.281673 -4.985846 0.441231
v 17.281673 -6.078690 0.470737
v 17.281698 -2.198353 0.827801
v 16.680639 -2.505631 0.827801
v 16.680637 -4.985855 0.433432
v 16.680637 -5.858943 0.470736
v 17.238148 -6.409000 0.376029
v 16.724331 -6.409009 0.371450
v 16.724331 -6.408998 0.428483
v 17.238148 -6.408988 0.435402
v 16.680637 -6.024570 0.701501
v 17.281673 -6.024561 0.701502
v 17.281673 -3.475693 1.163890
v 16.680637 -3.754299 1.111328
v 0.000001 38.104214 13.417379
v 0.000001 36.721298 3.754584
v 0.969612 36.780228 3.207023
v 12.812203 38.623722 4.511362
v 11.999057 -4.301193 0.608866
v 11.624670 4.615985 1.039882
v 11.602911 4.601880 1.152170
v 11.644425 2.369005 1.481863
v 12.036702 -6.017954 1.307087
v 12.110196 -6.414786 0.813849
v 12.160260 -5.962310 0.497287
v 23.172712 0.797885 1.551575
v 23.158266 6.531668 1.716370
v 23.153456 6.495871 1.786438
v 23.145008 4.586869 2.115886
v 23.159569 -0.644527 1.985648
v 23.171528 -1.100371 1.681501
v 23.177139 -0.579144 1.501062
v 3.874459 -5.425346 0.689980
v 4.843419 -9.257692 -0.494734
v 3.725261 -10.243852 -0.681123
v 2.566647 2.282517 -1.396767
v 1.922182 -27.041840 3.903864
v 1.826420 -26.995018 3.873268
v 1.931024 -26.963032 3.862553
v 4.797571 -8.725131 -0.332364
v 6.637935 -7.896261 0.005664
v 3.718480 -9.716708 -0.570027
v 8.328824 -7.186680 0.185851
v 8.887571 -6.905647 0.244167
v 12.114952 -5.429502 0.707998
v 16.680637 -3.417028 1.121039
v 17.281673 -3.197034 1.179509
v 23.175289 -0.077521 1.637911
v 29.064611 3.031561 1.997977
v 35.952587 6.881092 2.071875
v 29.229698 7.634467 1.930324
v 29.063848 6.703592 1.948346
v 23.145010 4.586870 1.625352
v 16.761444 2.375192 1.207538
v 11.644427 2.369005 0.841733
v 4.028179 2.381588 0.129629
v 16.659147 4.592382 1.392661
v 16.905628 2.226340 1.770984
v 23.145662 4.472292 1.989653
v 29.063745 6.557559 2.110169
v 29.202869 6.745044 1.951900
v 16.870592 2.300434 1.354538
v 23.146086 4.472524 1.739936
v 29.063763 6.658025 2.011679
v 16.653742 2.330924 1.333556
v 11.643621 2.207064 0.981044
v 4.028179 2.381200 0.832284
v 4.028179 4.625451 0.598253
v 4.028181 4.638650 0.456774
v 4.028179 2.376402 0.241696
v 4.386181 -5.419044 0.733758
v 16.653790 2.219078 1.754484
v 11.642352 2.214396 1.321916
v 4.028177 2.287086 0.670860
v 8.887601 -5.600913 0.245188
v 29.064457 3.782686 1.987824
v 36.103760 7.325154 2.086920
v 16.680637 -2.542622 1.092078
v 8.328667 -5.876435 0.185933
v 6.320850 -6.729158 -0.116167
v 4.644509 -7.558708 -0.427308
v 3.670509 -8.217322 -0.731938
v 17.281673 -2.240483 1.152115
v 0.000001 -25.480251 -1.740732
v 0.000001 -28.012875 -1.740732
v 1.429472 -8.830361 -2.275831
v 0.000001 -8.781608 -2.600289
v 1.407020 -10.536447 -2.167984
v 0.000001 -10.573484 -2.486798
v 2.921724 7.158777 -0.249621
v 3.097706 7.151885 0.782328
v 0.000001 29.346394 4.541347
v 0.252340 29.489069 4.261458
v 0.000001 35.009197 13.054226
v 0.224789 35.160263 12.798879
v 12.594420 36.480301 4.226071
v 12.577307 36.616989 4.305946
v 12.583511 36.631039 4.196123
v -0.209424 36.534149 3.754584
v -0.631857 -27.977533 -1.838897
v -0.686953 -25.345373 -1.937823
v -8.403332 -7.654366 1.029113
v -35.777817 6.517584 2.286719
v -36.672375 8.898221 2.295650
v -3.670502 2.366612 -0.329009
v -36.702503 9.749504 2.177532
v -36.734779 8.939528 2.229096
v -35.821079 6.524738 2.053825
v -16.810780 -3.867788 1.627116
v -16.780016 2.375192 1.883182
v -29.063845 6.703593 2.222404
v -35.873810 6.214535 2.172979
v -16.890905 4.714744 1.320588
v -29.064840 2.489839 1.885599
v -29.064970 2.062407 2.020599
v -6.697102 -8.422824 0.899787
v -29.064863 2.474366 2.217247
v -6.657206 -8.794274 0.318634
v -6.686681 -8.427516 -0.192734
v -5.717617 -1.850466 -0.080959
v -5.721210 -3.112781 -0.168315
v -4.543849 -9.392614 0.694284
v -29.234478 7.636691 2.088349
v -16.890905 4.626255 1.475878
v -16.659143 4.577005 1.475079
v -29.241997 6.745336 2.228759
v -29.062609 8.263686 1.975191
v -3.800205 -10.706411 -0.084976
v -29.062767 8.259493 1.856493
v -36.657612 9.677467 2.216439
v -36.663567 8.969578 2.142632
v -2.221523 -25.934555 4.143647
v -2.658981 27.901680 2.556828
v -2.580946 -10.922853 -1.245106
v -2.863712 -12.172244 -0.310635
v -3.133456 -10.170588 0.953280
v -3.090915 -11.169030 0.864380
v -3.132609 3.174741 0.953224
v -2.390872 7.255018 -1.518238
v -2.922254 3.513125 -0.251866
v -1.634411 7.368774 -2.055311
v -2.547710 -8.009658 -1.631185
v -2.677977 3.067104 -0.933073
v -1.449472 -7.310596 -2.272766
v -3.012462 3.601730 0.205186
v -1.245545 -32.936882 1.332178
v -2.995982 21.985600 2.556828
v -2.663784 21.989727 3.206730
v -2.262963 22.003204 -1.002551
v -1.095270 -31.538155 -0.558641
v -1.971304 -31.436848 0.737325
v -2.918708 22.003204 -0.126218
v -3.132406 22.003208 0.953275
v -0.703804 -33.022831 0.206190
v -1.226720 -32.936882 0.678807
v -0.207529 37.877232 13.062448
v -2.460935 30.329800 1.914650
v -1.047135 -31.496078 2.479762
v -1.168271 -24.621857 5.527867
v -1.722002 -31.540573 1.787471
v -1.129475 -25.915842 5.498528
v -0.914314 36.834641 3.388756
v -1.970339 22.003204 3.524812
v -0.452253 38.787628 3.501834
v -2.129296 30.315870 2.740266
v -1.361991 30.355055 0.055356
v -2.457486 30.338013 1.175418
v -1.089593 36.780228 2.090885
v -1.236130 36.780228 2.600528
v -0.423113 38.797302 2.987362
v -0.491250 38.793194 3.206303
v -0.904525 -32.440975 1.914360
v -2.648290 -24.621861 3.206730
v -1.514730 -32.219666 1.464820
v -1.360593 30.306507 3.500637
v -0.940966 -27.301828 5.090082
v -2.390153 -24.621861 -1.106456
v -2.114501 -27.977533 -0.965765
v -1.636955 -32.462906 0.928174
v -0.994859 -32.374203 -0.151403
v -2.944662 -24.621861 -0.345117
v -3.134084 -24.621861 0.953283
v -2.584125 -27.977533 -0.241074
v -2.744322 -28.074909 0.934173
v -1.452873 -27.977533 -1.655694
v -1.240298 -24.621857 -1.803340
v -0.541780 -33.456829 1.312685
v -0.255018 28.832447 3.744029
v -2.810199 27.901682 0.951625
v -1.969631 -30.347626 -0.524864
v -1.168167 27.901682 -0.642354
v -0.945336 35.145164 1.298775
v -1.955085 27.901682 -0.352286
v -2.334882 30.344311 0.542060
v -2.642190 27.901682 0.156288
v -0.512219 -33.414757 0.524020
v -0.797658 -33.448181 0.919043
v -1.578972 35.138004 1.586320
v -1.716211 35.131374 2.275329
v -1.146882 -30.347626 -1.191249
v -2.348439 -30.347626 0.929152
v -2.308457 -30.347626 0.193972
v -3.092353 22.003204 1.543142
v -2.834678 27.901682 1.664750
v -12.747175 38.640503 4.563758
v -12.747527 36.854877 4.343557
v -2.003958 30.457848 2.981571
v -1.943597 -30.347626 2.167779
v -2.163190 -28.237354 2.737342
v -2.272224 30.477362 2.479577
v -12.747497 36.711391 4.264048
v -12.747371 36.870094 4.241419
v -0.222741 35.425362 13.042634
v -2.944042 -5.404468 2.556828
v -1.684963 -5.404466 3.700812
v -1.160278 -17.745438 5.512695
v -1.658938 27.901682 3.576139
v -2.267466 27.901684 3.206730
v -2.635063 -5.404468 3.206730
v -1.167771 -30.450872 3.041451
v -1.141466 -13.717294 5.292275
v -1.838095 -25.895430 4.804646
v -1.961381 -24.621861 4.804646
v -1.081536 -28.406555 4.143554
v -0.840590 -27.898212 4.676181
v -4.302832 -3.085403 -0.639249
v -4.302380 -1.834812 -0.551046
v -3.670507 -1.057681 -1.011247
v -3.670509 -4.069735 -1.055866
v -2.536973 -4.069738 -1.833290
v -2.536973 -1.057685 -1.761431
v -0.774347 -32.936882 1.645892
v -0.751062 -27.971258 4.675723
v -0.972090 -28.474987 4.135357
v -3.084331 -22.600676 1.526814
v -3.084274 -23.904205 1.525879
v -2.814986 -22.603104 2.556828
v -2.862011 -23.904205 2.565455
v -2.326796 -22.601658 4.143647
v -2.536461 -23.904205 3.685562
v -2.966442 6.812529 2.556828
v -2.967827 7.947729 2.556828
v -2.644003 7.947729 3.206730
v -2.642612 6.812529 3.206730
v -1.942885 6.812527 3.634995
v -2.658011 20.154095 3.206730
v -2.657435 19.018894 3.206730
v -3.018171 20.154093 2.556828
v -3.017013 19.018892 2.556828
v -1.965598 19.470808 3.532574
v -2.920884 12.936173 -0.246063
v -2.237315 12.959167 -1.379693
v -1.330014 12.959166 -1.755389
v -1.160276 -15.670801 5.460774
v -1.386060 -12.129177 -2.013869
v -5.714922 -1.850459 0.445329
v -5.718515 -3.112774 0.357973
v -4.300137 -3.085396 -0.112961
v -4.299685 -1.834805 -0.024758
v -3.667812 -1.057674 -0.484959
v -3.670509 -4.069728 -0.529578
v -2.677979 -4.069727 -1.307001
v -2.677979 -1.057674 -1.235142
v -0.538145 -28.018652 -1.733643
v -0.584975 -25.542831 -1.770994
v -1.576444 -26.846827 4.346232
v -1.293714 -26.907232 4.696092
v -1.011706 -28.289852 4.118548
v -0.783072 -27.757347 4.676183
v -1.842788 -27.147102 3.893247
v -1.808461 -26.742954 4.167371
v -1.041110 -28.456219 4.110645
v -0.786427 -27.810394 4.726464
v -1.367686 -26.944956 4.752809
v -1.781635 -27.085230 3.902215
v -1.053933 -26.696287 5.368419
v -2.991531 -11.893384 0.480433
v -2.677979 -11.880559 -0.765334
v -3.089203 3.512732 0.740440
v -4.740098 -9.732702 0.068498
v -0.704476 -29.270283 -1.610940
v -1.261718 -29.270283 -1.460674
v -2.039927 -29.270283 -0.767483
v -2.479374 -29.270283 -0.122772
v -2.562829 -29.270283 0.931871
v -2.056499 -29.270283 2.483299
v -1.138931 -29.396360 3.587832
v -1.698816 -26.882420 4.370912
v -1.869538 -27.171659 3.907340
v -1.415456 -26.969501 4.741529
v -2.582059 -22.915382 3.571032
v -2.564540 -23.612047 3.571928
v -2.613129 -23.749773 3.430136
v -2.620953 -22.772455 3.422585
v -2.583256 -23.711157 3.517453
v -2.596633 -22.824005 3.519355
v -3.022159 -23.756821 1.830718
v -3.020894 -22.766609 1.840557
v -3.057613 -22.905645 1.661737
v -3.056983 -23.624336 1.659618
v -2.861957 -23.753925 2.565028
v -2.860252 -22.770790 2.550086
v -3.043578 -23.709959 1.725527
v -3.045287 -22.814573 1.722112
v -2.451670 -22.915384 3.571030
v -2.434151 -23.612049 3.571926
v -2.482740 -23.749775 3.430135
v -2.490564 -22.772457 3.422584
v -2.452867 -23.711157 3.517452
v -2.466244 -22.824007 3.519354
v -2.891770 -23.756823 1.830716
v -2.890505 -22.766611 1.840555
v -2.927224 -22.905647 1.661736
v -2.926594 -23.624338 1.659616
v -2.731568 -23.753929 2.565026
v -2.729863 -22.770790 2.550085
v -2.913189 -23.709961 1.725525
v -2.914898 -22.814573 1.722110
v -1.472888 -11.675610 4.804646
v -2.897673 -17.157034 -0.325101
v -2.390077 -17.157034 -1.167645
v -1.318870 -17.157034 -1.916824
v -2.887472 -11.462474 2.556828
v -2.326797 -11.460973 4.143647
v -1.983671 -22.624311 4.804646
v -3.133984 -22.553881 0.953283
v -2.045671 -15.755742 4.804646
v -2.814986 -17.137138 2.556828
v -2.326797 -15.760444 4.143647
v -3.147835 -17.137138 0.954549
v -2.624588 -22.603104 3.206730
v -2.624588 -17.137138 3.206730
v -2.697075 -11.454607 3.206730
v -2.507159 -22.602087 3.680786
v -2.326796 -24.621861 4.143647
v -3.133024 -5.397703 0.953278
v -1.330009 22.003202 -1.452671
v -2.697075 -12.954892 3.206730
v -2.887473 -12.954892 2.556828
v -2.326797 -12.947156 4.143647
v -3.137171 -12.947156 0.953608
v -3.067115 -12.949326 1.533783
v -3.070089 -11.480379 1.533783
v -2.526173 -12.951322 3.680786
v -2.547104 -11.457186 3.680786
v -2.788458 -22.603104 2.556828
v -2.788458 -17.137138 2.556828
v -2.598061 -22.603104 3.206730
v -2.598061 -17.137138 3.206730
v -2.668030 -12.954891 3.206730
v -2.858428 -12.954891 2.556828
v -2.630149 27.901684 2.556828
v -2.967151 21.985603 2.556828
v -2.634953 21.989731 3.206730
v -2.915211 -5.404464 2.556828
v -2.238635 27.901686 3.206730
v -2.606231 -5.404464 3.206730
v -2.937610 6.812534 2.556828
v -2.938995 7.841845 2.556828
v -2.615171 7.841844 3.206730
v -2.613780 6.812533 3.206730
v -2.629758 19.961109 3.206730
v -2.628606 18.909851 3.206730
v -2.989339 19.961109 2.556828
v -2.988182 18.909853 2.556828
v -2.858641 -11.462470 2.556828
v -2.668243 -11.454603 3.206730
v -1.830634 -31.616812 0.089081
v -2.820149 -24.621861 2.556828
v -2.673625 -26.046383 2.556828
v -2.508996 -26.046383 3.206730
v -2.675853 -23.904205 3.206730
v -2.190823 -25.934555 4.143647
v -1.807394 -25.895430 4.804646
v -1.930680 -24.621861 4.804646
v -2.296096 -22.601658 4.143647
v -1.952970 -22.624311 4.804646
v -2.014971 -15.755742 4.804646
v -2.296096 -15.760444 4.143647
v -2.296095 -24.621861 4.143647
v -2.614622 -24.621861 3.206730
v -2.828343 -23.904205 2.565455
v -2.786480 -24.621861 2.556828
v -2.639957 -26.046383 2.556828
v -2.475328 -26.046383 3.206730
v -2.642184 -23.904205 3.206730
v -1.572901 -26.883404 4.581271
v -1.844804 -26.928272 4.100808
v -1.435349 -26.852888 4.535377
v -1.734226 -26.888184 4.072702
v -1.500973 -26.787256 4.685117
v -3.045403 6.812529 1.533783
v -3.045605 7.947729 1.533783
v -1.944898 7.947727 3.625921
v -2.387837 6.812528 3.421274
v -2.393772 7.947728 3.421274
v -2.434524 19.018894 3.421274
v -2.437491 20.154095 3.421274
v -3.092089 19.018896 1.533783
v -3.092290 20.154097 1.533783
v -3.800206 -10.136210 0.597134
v -7.931180 -7.867015 -0.026839
v -9.294482 -7.253006 0.132911
v -7.793653 -1.258545 0.135344
v -9.267896 -1.258545 0.207554
v -8.251683 -8.135930 0.460731
v -8.941829 -7.841767 0.498426
v -8.605826 -7.976430 0.506240
v -17.357454 -4.067009 0.269583
v -17.234652 -6.339019 0.274885
v -17.209785 -6.339019 0.479498
v -17.363462 -0.953684 -0.337372
v -16.668013 -6.339019 0.476159
v -16.493492 -0.953684 -0.344863
v -16.508923 -4.066710 0.261785
v -16.839403 -6.915616 0.262007
v -17.051023 -6.915726 0.265349
v -16.654175 -6.339019 0.268648
v -17.135370 -6.764657 0.385316
v -16.751064 -6.764657 0.373813
v -17.140089 -6.764657 0.269666
v -16.737713 -6.764657 0.265088
v -16.671516 -4.305447 1.196416
v -16.974630 -4.201111 1.251028
v -17.291386 -4.158273 1.225060
v -17.461290 -3.676316 1.004360
v -17.553127 0.752731 1.109809
v -16.302067 0.752731 1.041557
v -16.374929 -3.954913 0.951799
v -0.969612 36.780228 3.207023
v -12.731605 38.623726 4.511353
v -11.999057 -4.301193 0.608866
v -11.624669 4.739344 0.952918
v -11.602911 4.601880 1.152170
v -11.644425 2.369005 1.481863
v -12.036702 -6.017954 1.307087
v -12.110196 -6.414786 0.813849
v -12.160260 -5.962306 0.540549
v -23.172712 0.797885 1.551575
v -23.158262 6.550662 1.652012
v -23.153456 6.495871 1.786438
v -23.145008 4.586869 2.115886
v -23.159569 -0.644527 1.985648
v -23.171528 -1.100371 1.681501
v -23.177139 -0.579144 1.501062
v -3.835959 -5.425346 0.689980
v -4.843419 -9.257692 -0.494734
v -3.670509 -10.243851 -0.681125
v -2.566647 2.282517 -1.396767
v -1.922182 -27.041840 3.903864
v -1.826420 -26.995018 3.873268
v -1.931024 -26.963032 3.862553
v -4.797571 -8.725131 -0.332364
v -6.637935 -7.896261 0.005664
v -3.670509 -9.716710 -0.570029
v -7.880233 -7.336751 0.147744
v -9.253180 -6.718398 0.296987
v -12.114952 -5.429502 0.707998
v -16.315155 -3.417018 1.121038
v -17.477623 -3.197033 1.179507
v -23.175289 -0.077521 1.637911
v -29.064611 3.031561 1.997977
v -35.952587 6.881092 2.071875
v -29.229698 7.634467 1.930324
v -29.063848 6.703592 1.948346
v -23.145010 4.586870 1.625352
v -16.761444 2.375192 1.207538
v -11.644427 2.369005 0.841733
v -4.028179 2.381588 0.129629
v -16.659143 4.715741 1.305697
v -16.905628 2.226340 1.770984
v -23.145662 4.472292 1.989653
v -29.063745 6.557559 2.110169
v -29.202869 6.745044 1.951900
v -16.870592 2.300434 1.354538
v -23.146086 4.472524 1.739936
v -29.063763 6.658025 2.011679
v -16.653742 2.330924 1.333556
v -11.643621 2.207064 0.981044
v -4.028179 2.381200 0.832284
v -4.028179 4.625451 0.598253
v -4.028179 4.762009 0.369810
v -4.028179 2.376402 0.241696
v -4.386181 -5.419044 0.733758
v -16.653790 2.219078 1.754484
v -11.642352 2.214396 1.321916
v -4.028177 2.287086 0.670860
v -9.261866 -5.431923 0.244199
v -29.064457 3.782686 1.987824
v -36.103760 7.325154 2.086920
v -16.310387 -2.448292 1.092082
v -7.829564 -6.055364 0.140487
v -6.320850 -6.729158 -0.116167
v -4.644509 -7.558708 -0.427308
v -3.670509 -8.217322 -0.731938
v -17.511087 -2.036334 1.148614
v -1.429472 -8.830361 -2.275831
v -1.407020 -10.536447 -2.167984
v -2.921724 7.158777 -0.249621
v -3.097706 7.151885 0.782328
v -0.252340 29.489069 4.261458
v -0.224789 35.160263 12.798879
v -12.513822 36.480305 4.226061
v -12.496708 36.616993 4.305937
v -12.502913 36.631042 4.196113
v 3.099534 -4.069749 -0.969089
v 3.078162 -1.057697 -0.948913
v 3.079378 -1.025500 -1.055721
v 3.687150 -1.002137 -0.675866
v 4.333716 -1.912637 -0.373000
v 3.100178 -4.114012 -1.077868
v 3.695456 -4.119014 -0.726723
v 4.324098 -3.257747 -0.373000
v 5.767198 -3.286401 -0.121099
v 5.767198 -1.929370 -0.121099
v 3.800197 -10.587440 0.312412
v 3.763999 -10.567455 -0.492442
v 1.829225 -13.353267 4.844995
v 2.927179 -23.048201 1.647201
v 2.927160 -23.085897 1.647137
v 3.057902 -22.915232 1.638525
v 3.055240 -22.918840 1.641767
v 3.051892 -23.624336 1.641121
v 3.016774 -22.939514 1.598734
v 3.016794 -22.975636 1.598532
v 2.240114 -23.844460 1.598739
v 2.155114 -23.844488 1.598739
v 1.560320 -23.838772 3.936187
v 1.619882 -23.838760 3.936185
v 2.616809 -22.772455 3.422585
v 2.592911 -22.824005 3.519355
v 2.578089 -22.915382 3.571032
v 2.560794 -23.612049 3.571928
v 2.579231 -23.711157 3.517453
v 2.608403 -23.749773 3.430136
v 2.856795 -23.753925 2.565028
v 3.018920 -23.756821 1.830718
v 3.039981 -23.715454 1.714044
v 3.054372 -22.906860 1.647491
v 3.040892 -22.814573 1.722112
v 3.016408 -22.766609 1.840557
v 2.855187 -22.770790 2.550086
v 16.680637 -4.253214 0.283548
v 17.281673 -4.253205 0.283548
v 16.680637 -3.981408 1.398881
v 17.281673 -3.693592 1.431492
v 8.887130 -8.953622 -0.343026
v 8.887111 -9.823398 -0.313556
v 8.887403 -5.576187 -0.049581
v 8.328510 -5.802962 -0.033195
v 8.328677 -8.953624 -0.350858
v 8.328807 -9.826709 -0.313515
v 8.852801 -10.376784 -0.389621
v 8.363085 -10.376780 -0.394062
v 8.363119 -10.376768 -0.337029
v 8.852837 -10.376773 -0.330248
v 8.328982 -9.992337 -0.082736
v 8.887282 -9.992339 -0.082808
v 8.328484 -8.220983 -0.506897
v 8.887044 -8.220981 -0.494555
v 8.329148 -7.923128 0.535744
v 8.329250 -7.798460 0.710843
v 8.883274 -7.602723 0.755067
v 8.249213 -8.204791 0.445821
v 8.253200 -7.795858 -0.005827
v 8.250172 -8.003445 0.783569
v 8.973360 -7.673816 0.841277
v 8.972708 -7.827201 0.498292
v 8.988094 -7.401868 0.090956
v 8.329177 -8.398246 0.493886
v 8.887765 -8.181239 0.539600
v 8.328686 -7.760043 -0.086201
v 8.887391 -7.516046 0.003792
v 16.588993 -4.343610 1.189494
v 16.577509 -4.004059 0.940670
v 16.576445 -4.104342 1.463567
v 17.370401 -3.985085 1.232037
v 17.378649 -3.717024 1.512320
v 17.363108 -3.632827 1.011335
v 16.680637 -4.432149 1.245032
v 17.281673 -4.185796 1.277348
v 17.281673 -3.709123 0.901436
v 16.680637 -3.957004 0.772508
v 16.977901 -6.409011 0.473810
v 16.978155 -6.409023 0.415622
v 8.604785 -10.376798 -0.353757
v 8.605110 -10.376784 -0.297632
v 3.028644 -22.788164 1.774365
v 3.033080 -22.783186 1.771545
v 2.902695 -22.788164 1.774364
v 3.047633 -22.857800 1.674881
v 3.051437 -22.855013 1.669997
v 2.921053 -22.857801 1.674880
v 2.478399 -22.790798 3.473232
v 2.604855 -22.790794 3.473233
v 2.608789 -22.786217 3.475116
v 2.458957 -22.863194 3.552766
v 2.585500 -22.863192 3.552768
v 2.589347 -22.861322 3.557822
v 2.570022 -23.669806 3.550381
v 2.573910 -23.670965 3.557018
v 2.443519 -23.669806 3.550379
v 2.593823 -23.736198 3.478390
v 2.598207 -23.740215 3.483130
v 2.467810 -23.736198 3.478388
v 3.032871 -23.750504 1.758272
v 3.029454 -23.746088 1.762769
v 2.902481 -23.746088 1.762767
v 3.050273 -23.673773 1.665565
v 3.045931 -23.671227 1.669876
v 2.919885 -23.671227 1.669874
v 2.672534 -21.666056 3.206739
v 2.852823 -21.666056 2.556841
v 2.529841 -21.849012 3.705824
v 3.093099 -21.859184 1.459765
v 2.570823 -22.602192 3.622867
v 2.544600 -21.891056 3.670651
v 2.673417 -21.786715 3.206724
v 2.853556 -21.786715 2.556826
v 3.070534 -22.603106 1.597169
v 3.076408 -21.908127 1.541689
v 2.583605 -21.786715 3.530165
v 2.575280 -21.666056 3.556393
v 3.048074 -21.786715 1.652480
v 3.058745 -21.713057 1.597871
v 8.429918 -10.300000 -0.459024
v 8.428820 -10.300000 -0.347437
v 8.469495 -10.299994 -0.459026
v 8.470566 -10.299994 -0.347439
v 8.450182 -10.324039 -0.459024
v 8.450182 -10.324039 -0.347439
v 8.450182 -10.277742 -0.459020
v 8.450182 -10.277742 -0.347434
v 8.745851 -10.300037 -0.459026
v 8.744752 -10.300037 -0.347439
v 8.785427 -10.300032 -0.459027
v 8.786498 -10.300032 -0.347441
v 8.766114 -10.324076 -0.459026
v 8.766114 -10.324076 -0.347441
v 8.766114 -10.277780 -0.459021
v 8.766114 -10.277780 -0.347436
v 8.429951 -9.932485 -0.420059
v 8.428852 -9.932485 -0.308473
v 8.469527 -9.932479 -0.420061
v 8.470598 -9.932479 -0.308474
v 8.450214 -9.956523 -0.420060
v 8.450214 -9.956523 -0.308475
v 8.450214 -9.910228 -0.420055
v 8.450214 -9.910228 -0.308470
v 8.745883 -9.932523 -0.420061
v 8.744784 -9.932523 -0.308474
v 8.785460 -9.932517 -0.420063
v 8.786530 -9.932517 -0.308476
v 8.766147 -9.956561 -0.420062
v 8.766147 -9.956561 -0.308476
v 8.766147 -9.910264 -0.420057
v 8.766147 -9.910264 -0.308472
v 3.048479 -22.700686 1.704711
v 3.065248 -22.756193 1.621021
v 0.242628 36.533443 3.754560
v 0.240732 37.876526 13.062424
v 0.288222 28.831739 3.744005
v 0.255945 35.424656 13.042610
v 2.078875 -15.756450 4.804622
v 2.383639 -15.760272 4.079083
v 2.944388 -13.701917 2.456520
v 0.285544 29.488361 4.261434
v 0.257993 35.159557 12.798855
v -0.176220 36.533443 3.754560
v -3.057711 -11.169738 0.864356
v -0.174325 37.876526 13.062424
v -0.221814 28.831739 3.744005
v -0.189538 35.424656 13.042610
v -3.051127 -22.601383 1.526790
v -2.781782 -22.603811 2.556804
v -2.293593 -22.602365 4.143622
v -1.439684 -11.676317 4.804622
v -2.293593 -11.461680 4.143623
v -3.100780 -22.554588 0.953259
v -2.012468 -15.756450 4.804622
v -2.781782 -17.137846 2.556804
v -2.293593 -15.761151 4.143623
v -3.114631 -17.137846 0.954525
v -2.591384 -22.603811 3.206706
v -2.591384 -17.137846 3.206706
v -2.473955 -22.602795 3.680762
v -2.663871 -12.955600 3.206706
v -2.854269 -12.955600 2.556804
v -2.293593 -12.947864 4.143623
v -3.103967 -12.947864 0.953584
v -3.033912 -12.950033 1.533759
v -3.036886 -11.481087 1.533759
v -2.492970 -12.952029 3.680762
v -2.513901 -11.457893 3.680762
v -0.219136 29.488361 4.261434
v -0.191586 35.159557 12.798855
v 2.905098 -21.653801 2.466673
v 2.904604 -21.129725 2.294332
v 2.382825 -20.317932 4.080544
v 2.666384 -20.729961 3.296201
v 2.360001 -14.194138 4.143623
v 2.680501 -14.085500 3.294126
v 1.950975 -14.336802 4.828464
v 3.122262 -13.697378 1.363523
v 3.121786 -22.305542 1.444394
v 2.499303 -20.483488 3.778301
v 3.121764 -22.100628 1.443408
v 3.059225 -21.915726 1.743355
v 3.059746 -21.267088 1.752015
v 3.121833 -21.067890 1.433362
v 3.119893 -20.867420 1.435421
v 2.905261 -21.525152 2.470375
v 2.909854 -20.658270 2.465822
v 3.121859 -20.695261 1.429710
v 2.946793 -21.585352 2.268903
v 3.035724 -21.842062 1.857191
v 3.034280 -21.329447 1.864037
v 2.593402 -20.406849 3.508488
v 2.666842 -20.514618 3.296133
v 2.667931 -19.992125 3.296070
v 2.592618 -20.102905 3.512547
v 2.870244 -22.686527 2.556872
v 2.870144 -23.841549 2.567446
v 2.585396 -22.915356 3.601389
v 2.567875 -23.614233 3.601279
v 2.611270 -23.779783 3.465256
v 2.616855 -22.744234 3.468882
v 2.579602 -23.729544 3.558587
v 2.592336 -22.806740 3.559316
v 3.031806 -23.782719 1.796495
v 3.033821 -22.743322 1.809606
v 3.067957 -22.850910 1.628268
v 3.064954 -23.657393 1.630396
v 2.868571 -23.783241 2.565793
v 2.867025 -22.745216 2.551514
v 3.050497 -23.749712 1.698571
v 3.055223 -22.773918 1.706146
v 3.045151 -22.754416 1.746138
v 3.062037 -22.809532 1.655888
v 2.604578 -22.769579 3.519434
v 2.586796 -22.858046 3.593953
v 2.571432 -23.675011 3.593052
v 2.594471 -23.758348 3.526983
v 3.040833 -23.774282 1.736625
v 3.055574 -23.713177 1.663040
v 2.572836 -22.914606 3.644236
v 2.576126 -22.838707 3.634315
v 2.580431 -22.775318 3.606747
v 2.593203 -22.728579 3.562880
v 2.604043 -22.707199 3.531519
v 2.619804 -22.690554 3.469789
v 2.556774 -23.619030 3.643529
v 2.560423 -23.693554 3.633665
v 2.568673 -23.764511 3.598849
v 2.579408 -23.793007 3.575372
v 2.587732 -23.822758 3.530907
v 2.609286 -23.841688 3.464593
v 3.031980 -23.840673 1.791651
v 3.052772 -23.828547 1.717694
v 3.055964 -23.802774 1.672114
v 3.063225 -23.768133 1.639320
v 3.066360 -23.734442 1.608448
v 3.075010 -23.687714 1.581820
v 3.077151 -22.832256 1.581254
v 3.072137 -22.779373 1.614964
v 3.066621 -22.747190 1.653927
v 3.056176 -22.711445 1.706879
v 3.044969 -22.691263 1.765296
v 3.027604 -22.686838 1.814880
v 2.718837 -23.841539 2.514163
v 2.004912 -23.841772 2.514589
v 1.915642 -23.841850 2.514623
v 1.346878 -22.594362 1.598614
v 1.348433 -22.601896 3.935672
v -2.027235 -21.117590 1.618500
v -2.027235 -21.125563 3.955946
v 1.345782 -21.117445 1.618371
v 1.347337 -21.124979 3.955430
v 0.629113 -23.844749 1.599045
v 0.629719 -23.842730 2.515554
v 0.630658 -23.838984 3.936455
v -2.025157 -25.165821 1.581100
v -2.025157 -25.160049 3.918546
v 0.630051 -25.166166 1.581403
v 0.631596 -25.160400 3.918813
v 1.347500 -22.598963 2.531679
v 2.831282 -22.601082 2.530652
v 3.017043 -23.632723 1.599302
v 3.015964 -22.785442 1.598449
v 1.201097 -22.786797 1.598939
v 2.350679 -23.633226 1.600090
v 2.417795 -23.633177 1.600032
v 0.687331 -23.634466 1.600462
v 1.199856 -21.117409 1.618339
vt 0.692038 0.362190
vt 0.692038 0.362190
vt 0.692038 0.362190
vt 0.692038 0.362190
vt 0.250000 0.537178
vt 0.250000 0.528665
vt 0.250000 0.562391
vt 0.250000 0.496493
vt 0.250000 0.497646
vt 0.250000 0.487262
vt 0.250000 0.528665
vt 0.250000 0.537178
vt 0.250000 0.487262
vt 0.250000 0.496493
vt 0.250000 0.562391
vt 0.660455 0.741281
vt 0.660455 0.688893
vt 0.781437 0.688893
vt 0.660459 0.709372
vt 0.719229 0.741281
vt 0.718883 0.691543
vt 0.640233 0.758707
vt 0.731874 0.739589
vt 0.754959 0.777277
vt 0.640241 0.777374
vt 0.754971 0.802041
vt 0.833583 0.789111
vt 0.831115 0.825796
vt 0.640216 0.739589
vt 6.291019 0.888129
vt 6.291019 0.181586
vt 12.818196 0.181586
vt 0.003881 0.888129
vt 0.003881 0.181586
vt 12.827244 0.888129
vt 19.786358 0.885042
vt 19.786345 0.184928
vt 33.838734 0.888253
vt 51.296082 0.888129
vt 49.184654 0.888347
vt 51.291321 0.181586
vt 19.786320 0.181586
vt 19.786316 0.888129
vt 33.838734 0.181711
vt 49.184635 0.180611
vt 58.096981 0.893980
vt 58.096718 0.187016
vt 47.878902 0.181810
vt 47.878906 0.888353
vt 35.144489 0.181707
vt 35.144485 0.888250
vt 11.101570 0.888129
vt 0.802005 0.739589
vt 11.101570 0.181586
vt 0.765086 0.741280
vt 0.802135 0.777374
vt 0.765268 0.688893
vt 0.765195 0.709448
vt 0.781405 0.706779
vt 0.802065 0.758481
vt 0.833647 0.762713
vt 0.003683 0.785125
vt 0.003714 0.475721
vt 1.003527 0.475762
vt 1.003503 0.785384
vt 1.003532 1.000000
vt 0.003711 1.000000
vt 0.003711 0.000000
vt 1.003532 0.000000
vt 0.951584 1.837289
vt 0.944130 1.833624
vt 0.949258 1.833598
vt 0.946255 1.853109
vt 0.953457 1.853074
vt 0.950448 1.856718
vt 0.919503 1.831439
vt 0.924700 1.832055
vt 0.933300 1.831371
vt 0.934910 1.832005
vt 0.914648 1.830929
vt 0.935546 1.840368
vt 0.932396 1.837384
vt 0.948872 1.837303
vt 0.946604 1.831947
vt 0.938070 1.831348
vt 0.930758 1.830850
vt 0.932819 1.830840
vt 0.938836 1.831344
vt 0.954813 1.853067
vt 0.960920 1.850037
vt 0.961748 1.850033
vt 0.953457 1.853074
vt 0.958341 1.850050
vt 0.886868 1.864552
vt 0.903067 1.861865
vt 0.913776 1.861820
vt 0.948362 1.833244
vt 0.892033 1.864532
vt 0.897923 1.864508
vt 0.884023 1.865789
vt 0.928804 1.833699
vt 0.935419 1.859723
vt 0.920374 1.861790
vt 0.968340 1.842145
vt 0.966353 1.842146
vt 0.953151 1.839750
vt 0.968034 1.847918
vt 0.945987 1.851398
vt 0.946255 1.853109
vt 0.879635 1.865805
vt 0.710390 1.253937
vt 0.952519 1.839778
vt 0.959663 1.842133
vt 0.959753 1.847959
vt 0.966354 1.847926
vt 0.947201 1.849006
vt 0.921672 1.853230
vt 0.934937 1.856794
vt 0.928940 1.859754
vt 0.955016 1.841967
vt 0.950973 1.843784
vt 0.950299 1.845281
vt 0.950514 1.856718
vt 0.954813 1.853067
vt 0.923712 1.856850
vt 0.934937 1.856794
vt 0.919445 1.849301
vt 0.920694 1.851500
vt 0.917668 1.859811
vt 0.939365 1.859703
vt 0.941647 1.832070
vt 0.943141 1.833172
vt 0.881707 1.830057
vt 0.865771 1.829886
vt 0.872671 1.829852
vt 0.861705 1.829906
vt 0.874466 1.829586
vt 0.882179 1.829805
vt 0.917422 1.830270
vt 0.907277 1.829941
vt 0.920765 1.830284
vt 0.911519 1.829932
vt 0.890293 1.829517
vt 0.895613 1.829480
vt 0.898134 1.829660
vt 0.881603 1.829555
vt 0.881584 1.829469
vt 0.934866 1.859722
vt 0.938863 1.859702
vt 0.869981 1.829606
vt 0.893759 1.830403
vt 1.018953 1.888210
vt 0.529407 1.893245
vt 0.529407 1.888117
vt 0.529407 1.869274
vt 0.988453 1.861971
vt 1.023093 1.869534
vt 1.018953 1.882378
vt 0.529407 1.882240
vt 1.018953 1.901942
vt 0.529407 1.902046
vt 1.018953 1.909564
vt 0.980257 1.836774
vt 0.978189 1.861362
vt 1.018953 1.924598
vt 0.532587 1.918712
vt 1.018953 1.918291
vt 1.018953 1.929966
vt 0.531357 1.927542
vt 0.532435 1.923605
vt 1.018953 1.932826
vt 0.534600 1.930255
vt 0.531881 1.912453
vt 2.980625 0.947507
vt 3.041291 0.165870
vt 10.759364 0.955051
vt 10.782096 0.164238
vt 0.732909 0.948040
vt 0.770219 0.166403
vt -0.858779 0.166755
vt -0.853659 0.948392
vt 1.902204 0.896765
vt 0.003859 0.896765
vt 0.003859 0.190221
vt 2.855585 0.898047
vt 2.855585 0.191503
vt 1.917323 0.190624
vt 1.255814 1.611604
vt 1.177797 1.610111
vt 0.489338 1.852337
vt 0.489338 1.850208
vt 0.489338 1.849585
vt 0.502834 1.834269
vt 1.460196 1.613989
vt 0.525041 1.865155
vt 0.489338 1.804925
vt 0.489338 1.887546
vt 0.798021 1.802418
vt 0.490734 1.886699
vt 0.535764 2.873850
vt 0.513670 1.887324
vt 0.542512 2.876572
vt 0.692269 1.882138
vt 0.508272 1.872347
vt 0.512473 1.886699
vt 0.661220 2.879241
vt 0.601093 1.802473
vt 1.460196 2.126806
vt 0.650955 2.383674
vt 1.070193 2.138360
vt 0.955974 1.840812
vt 0.955675 1.856758
vt 0.797957 1.884953
vt 0.957279 1.837042
vt 0.979089 2.879883
vt 0.822597 2.876684
vt 0.798085 2.880024
vt 0.716645 1.843532
vt 0.955676 1.878967
vt 0.678893 0.549876
vt 0.655265 0.519970
vt 0.676895 0.509466
vt 0.680883 0.532981
vt 0.644708 0.523593
vt 0.646037 0.550037
vt 0.635410 0.524564
vt 0.654729 0.551004
vt 0.679663 0.543339
vt 1.070193 1.611604
vt 1.070193 2.125895
vt 0.725502 0.735988
vt 0.726471 0.736365
vt 0.726711 0.736436
vt 0.725572 0.735927
vt 0.724121 0.735970
vt 0.725408 0.735900
vt 0.724102 0.735864
vt 0.727436 0.734422
vt 0.727381 0.734968
vt 0.727238 0.734974
vt 0.726892 0.736069
vt 0.726992 0.736098
vt 0.729582 0.737713
vt 0.722342 0.732567
vt 0.730808 0.732334
vt 1.252006 0.715170
vt 0.721517 0.736054
vt 0.733908 0.747925
vt 0.735298 0.747385
vt 0.737389 0.751987
vt 0.738374 0.760704
vt 0.738795 0.756622
vt 0.739197 0.756809
vt 0.727730 0.731287
vt 0.729167 0.735242
vt 0.729220 0.733842
vt 0.729401 0.734140
vt 0.736793 0.753988
vt 0.733447 0.754522
vt 0.736312 0.752953
vt 0.739463 0.753812
vt 0.738491 0.756909
vt 0.739084 0.754202
vt 0.739379 0.752153
vt 0.738850 0.758591
vt 0.728680 0.736002
vt 0.728325 0.743253
vt 0.738428 0.755726
vt 0.710390 1.253937
vt 0.725686 0.734550
vt 0.735108 0.758379
vt 0.734548 0.757058
vt 0.735660 0.758457
vt 0.725882 0.734592
vt 0.730422 0.729523
vt 0.728758 0.735854
vt 0.728720 0.733257
vt 0.721516 0.730702
vt 0.728477 0.738361
vt 0.726865 0.739093
vt 0.728067 0.737531
vt 0.737600 0.752460
vt 0.728573 0.741724
vt 0.726003 0.742667
vt 0.791208 0.744195
vt 0.790749 0.743185
vt 0.324727 0.261848
vt 0.179436 0.251454
vt 0.737994 0.750483
vt 0.735843 0.745882
vt 0.738137 0.748140
vt 0.784943 0.742416
vt 0.755959 0.737777
vt 0.731583 0.742943
vt 0.735084 0.746913
vt 0.297542 0.718365
vt 0.150484 0.246217
vt 0.738324 0.757372
vt 0.778644 0.741593
vt 0.173134 0.250536
vt 0.732789 0.741833
vt 0.133473 0.242683
vt 0.729058 0.736841
vt 0.729361 0.735774
vt 0.755324 0.740307
vt 0.729865 0.741214
vt 0.779433 0.743080
vt 0.779740 0.743104
vt 0.738349 0.748612
vt 0.738677 0.749682
vt 0.738207 0.750955
vt 0.754981 0.761854
vt 0.737608 0.758053
vt 0.755025 0.762134
vt 0.755029 0.761911
vt 0.737383 0.756595
vt 0.736460 0.781928
vt 0.736700 0.782120
vt 0.736841 0.762162
vt 0.755606 0.763444
vt 0.744109 0.237136
vt 1.322126 -0.180095
vt 0.784471 0.247043
vt 0.738512 0.751718
vt 0.728997 0.731762
vt 0.737955 0.753222
vt 0.724718 0.739788
vt 0.730330 0.730833
vt 0.730036 0.728663
vt 0.785585 0.743682
vt 0.297542 0.718365
vt 0.731510 0.740406
vt 0.731762 0.739315
vt 0.733307 0.740332
vt 0.732210 0.733028
vt 0.732222 0.733518
vt 0.790597 0.247656
vt 0.729509 0.732347
vt 0.735721 0.740367
vt 0.738744 0.748049
vt 0.735843 0.741269
vt 0.729985 0.730469
vt 0.731983 0.731986
vt 0.729713 0.732663
vt 0.723974 0.734462
vt 0.725787 0.734587
vt 0.727305 0.734450
vt 0.724007 0.734534
vt 0.725794 0.732799
vt 0.731139 0.741474
vt 0.735834 0.741571
vt 0.739460 0.752703
vt 0.739256 0.751939
vt 0.738969 0.756010
vt 0.739324 0.750514
vt 0.735628 0.745410
vt 0.733626 0.736656
vt 0.739062 0.748689
vt 0.735540 0.738955
vt 0.736369 0.740813
vt 0.738425 0.757888
vt 0.730087 0.730274
vt 0.736856 0.764034
vt 0.736797 0.780718
vt 0.732489 0.734124
vt 0.728974 0.742479
vt 0.726436 0.743209
vt 0.728793 0.742214
vt 0.737021 0.742275
vt 0.726029 0.737300
vt 0.738386 0.745335
vt 0.728258 0.735461
vt 0.723819 0.733084
vt 0.727269 0.735609
vt 0.727123 0.735616
vt 0.727622 0.737007
vt 0.724482 0.739106
vt 0.726428 0.738620
vt 0.727126 0.743737
vt 0.729969 0.742957
vt 0.726274 0.738093
vt 0.724245 0.737624
vt 0.726219 0.743023
vt 0.724361 0.738635
vt 0.735726 0.743586
vt 0.735850 0.743864
vt 1.902204 0.896765
vt 0.003859 0.190221
vt 1.917323 0.190624
vt 2.855585 0.191503
vt 2.855585 0.898047
vt 0.003881 0.888129
vt 0.003881 0.181586
vt 6.291019 0.181586
vt 6.291019 0.888129
vt 11.101570 0.888129
vt 11.101570 0.181586
vt 19.786337 0.886585
vt 19.786331 0.183257
vt 33.838734 0.888253
vt 51.296082 0.888129
vt 48.962673 0.888129
vt 51.291321 0.181586
vt 12.827244 0.888129
vt 12.818196 0.181586
vt 33.838734 0.181711
vt 48.962673 0.181586
vt 58.096981 0.893980
vt 58.096718 0.187016
vt 47.753479 0.181586
vt 47.753479 0.888129
vt 35.022690 0.181651
vt 35.022686 0.888195
vt 2.980625 0.947507
vt 3.041291 0.165870
vt 10.759364 0.955051
vt 10.782096 0.164238
vt 0.732909 0.948040
vt 0.770219 0.166403
vt -0.858779 0.166755
vt -0.853659 0.948392
vt 0.003859 0.896765
vt 0.734124 0.748376
vt 0.730714 0.748510
vt 0.734531 0.747389
vt 0.734753 0.747845
vt 0.736951 0.752281
vt 0.737150 0.752759
vt 0.323375 0.755826
vt 0.317525 0.754924
vt 0.279523 0.748483
vt 0.288573 0.750020
vt 0.311222 0.754052
vt 0.272917 0.747011
vt 0.185234 0.252381
vt 0.796185 0.248316
vt 1.256814 1.417757
vt 1.178796 1.416264
vt 0.513955 1.831009
vt 0.504139 1.830498
vt 0.520702 1.833731
vt 1.461195 1.420151
vt 1.071192 1.418344
vt 0.958503 1.853675
vt 0.963327 1.852446
vt 0.489338 1.834026
vt 1.380506 1.572955
vt 1.214611 1.570815
vt 0.963327 1.836887
vt 0.943344 1.831694
vt 0.948673 1.833367
vt 0.513670 2.882118
vt 0.692269 2.876932
vt 0.661220 2.098360
vt 0.297542 0.718365
vt 0.297542 0.718365
vt 0.282643 0.753489
vt 0.306707 0.755964
vt 0.272917 0.747011
vt 0.136816 0.252438
vt 0.279846 0.748538
vt 0.140828 0.244197
vt 0.749842 0.238556
vt 0.139098 0.243840
vt 0.751600 0.239064
vt 0.750259 0.239411
vt 0.272917 0.747011
vt 0.272917 0.747011
vt 0.130961 0.251234
vt 0.140831 0.244198
vt 0.272917 0.747011
vt 0.150352 0.246190
vt 0.288453 0.750000
vt 0.288573 0.750020
vt 0.289015 0.750099
vt 0.150927 0.246302
vt 0.761731 0.243415
vt 0.151217 0.246357
vt 0.760718 0.243180
vt 0.513670 1.804650
vt 0.293721 1.110089
vt 0.278832 1.145214
vt 0.302885 1.147688
vt 0.382105 0.755002
vt 0.293721 0.385904
vt 0.775217 0.328583
vt 0.736797 0.780718
vt 0.736700 0.782120
vt 0.736856 0.764034
vt 0.736797 0.780718
vt 0.738441 0.760383
vt 0.755204 0.763281
vt 0.719322 0.658216
vt 0.719322 0.658216
vt 0.719322 0.658216
vt 0.719322 0.658216
vt 0.141775 0.482658
vt 0.755971 0.241037
vt 0.681638 0.272151
vt 0.283361 0.749135
vt 0.283456 0.749151
vt 0.144823 0.245033
vt 0.144867 0.245042
vt 0.755412 0.240785
vt 0.291247 1.146491
vt 0.291190 1.146485
vt 0.295012 0.754761
vt 0.746541 0.141116
vt 0.767695 0.741730
vt 0.767670 0.739747
vt 0.300265 0.752101
vt 0.300249 0.752098
vt 0.162160 0.248444
vt 0.162226 0.248456
vt 0.773153 0.245237
vt 0.732101 0.652571
vt 0.748717 0.657301
vt 0.728127 0.371715
vt 0.744549 0.376794
vt 0.711084 0.174007
vt 0.711084 0.174007
vt 0.711084 0.174007
vt 0.711084 0.174007
vt 0.767139 0.851339
vt 0.767139 0.851339
vt 0.767139 0.851339
vt 0.790823 1.883327
vt 0.787888 1.859371
vt 0.697201 2.864486
vt 0.519397 2.873463
vt 0.692269 2.889033
vt 0.529293 2.879241
vt 1.316540 2.126471
vt 1.317539 1.419485
vt 1.167452 1.416893
vt 0.907226 1.837278
vt 0.779581 1.800712
vt 0.662874 1.799849
vt 0.925364 1.842548
vt 0.538840 1.839001
vt 1.405760 1.574113
vt 0.631456 1.878902
vt 0.631456 2.885797
vt 0.727408 0.734703
vt 0.727276 0.734677
vt 0.678228 0.517330
vt 1.299532 2.127291
vt 1.444884 2.127478
vt 0.672838 1.799922
vt 0.749891 0.238658
vt 0.751766 0.239139
vt 0.755492 0.240821
vt 0.141775 0.482658
vt 0.760754 0.243196
vt 0.761596 0.243394
vt 0.141775 0.482658
vt 0.772969 0.245208
vt 0.790597 0.247656
vt 0.784471 0.247043
vt 0.796185 0.248316
vt 0.324727 0.261848
vt 0.033845 1.012549
vt 0.018873 1.012549
vt 0.054806 1.012549
vt 0.177829 1.012549
vt 0.250574 0.985199
vt 0.248057 1.012549
vt 0.170507 1.012549
vt 0.118420 1.012549
vt 0.124177 0.938186
vt 0.344714 0.354595
vt 0.277966 0.318546
vt 0.206136 0.278630
vt 0.081240 1.012549
vt 0.404308 0.911066
vt 0.408998 0.862740
vt 0.317826 1.010663
vt 0.073324 1.012549
vt 0.397712 1.010640
vt 0.334888 0.830416
vt 0.293721 1.110089
vt 0.306707 0.755964
vt 0.799385 0.274778
vt 0.330343 0.878432
vt -0.313468 0.242365
vt 0.282643 0.753489
vt 0.294993 0.754759
vt 0.758256 0.142321
vt 0.331696 0.879029
vt 0.200417 0.354788
vt 0.273929 0.365098
vt 1.426602 -0.526245
vt 0.676018 0.271817
vt -0.250966 1.235693
vt -0.302523 1.162066
vt 0.799385 0.274778
vt 0.799385 0.274778
vt 0.799385 0.274778
vt 0.799385 0.274778
vt 0.799385 0.274778
vt 0.799385 0.274778
vt 0.734192 0.139846
vt 1.127091 0.464108
vt 0.646162 0.702654
vt 0.646162 0.316962
vt 0.809555 0.766910
vt 1.376524 0.870099
vt 1.558378 0.471345
vt 1.127091 0.169229
vt 1.559088 0.145487
vt 0.646162 0.052632
vt 0.507748 0.622976
vt 0.507748 0.315051
vt 0.367275 0.265003
vt 0.507748 0.130881
vt 0.507748 0.837704
vt 0.363110 0.696392
vt 0.354843 0.526526
vt 0.244727 0.590722
vt 0.351349 0.710367
vt 0.484739 0.855677
vt 0.646162 1.000000
vt 0.646162 0.974439
vt 0.241875 0.554055
vt 0.268106 0.444650
vt 0.809555 0.318621
vt 0.809555 0.318621
vt 0.809555 0.766910
vt 1.127091 0.912397
vt 0.809555 0.318621
vt 0.809555 0.023742
vt 0.809555 0.318621
vt 0.115604 0.473571
vt 0.568461 0.471189
vt 0.568333 1.041849
vt 0.328100 0.017617
vt 0.567733 0.029792
vt 0.120129 0.014013
vt 0.109453 1.259924
vt 0.568493 1.259707
vt 0.638273 -0.263995
vt 0.611062 0.050036
vt 0.611062 -0.344545
vt 0.754752 -0.179139
vt 0.632257 0.049867
vt 0.850629 -0.123499
vt 1.615180 0.649274
vt 1.111647 0.161487
vt 1.615180 0.272821
vt 0.611062 0.640752
vt 1.111647 0.649274
vt 1.044031 0.640752
vt 1.044031 -0.008370
vt 1.044031 0.640752
vt 1.044031 0.640752
vt 1.036081 0.005101
vt 1.036081 1.000537
vt 0.826142 1.000138
vt 0.708318 0.000536
vt 0.708318 1.000000
vt 0.085556 0.910972
vt 0.320386 0.983615
vt 0.399114 0.989468
vt 0.324727 0.261848
vt 0.141775 0.482658
vt 0.173034 0.986258
vt 0.074367 0.912361
vt 0.057907 0.893449
vt 0.037196 0.952842
vt 0.708411 1.800186
vt 0.024341 0.955887
vt 0.180996 0.984526
vt 0.141775 0.482658
vt 0.923815 0.893523
vt 0.607906 0.947556
vt 0.607906 0.873692
vt 0.969496 0.893765
vt 0.938131 0.875260
vt 0.223020 0.919362
vt 0.120859 0.870975
vt 0.357147 0.913352
vt 0.451771 0.913797
vt 0.221379 0.933643
vt 0.919880 0.926063
vt 0.255298 0.968870
vt 0.445570 0.958406
vt 0.353217 0.961175
vt 0.130381 0.932580
vt 0.146357 0.978502
vt 0.093921 0.986334
vt 0.132207 0.918433
vt 1.351137 0.852130
vt 0.093921 0.943269
vt 0.093921 0.870681
vt 0.093921 0.909061
vt 1.347298 0.895154
vt 1.607246 0.829880
vt 2.225318 0.806271
vt 2.186949 0.824774
vt 1.607246 0.829448
vt 1.607246 0.863119
vt 0.964700 0.918791
vt 0.948362 1.833244
vt 0.948673 1.833367
vt 0.948362 1.833244
vt 0.948673 1.833367
vt 0.957410 1.841390
vt 0.961990 1.841399
vt 0.963519 1.841385
vt 0.954880 1.840557
vt 0.957092 1.840561
vt 0.958053 1.840523
vt 0.919928 1.850152
vt 0.735861 0.739673
vt 0.736414 0.742604
vt 0.735243 0.760731
vt 0.719322 0.658216
vt 0.735746 0.760421
vt 0.736362 0.780223
vt 0.719322 0.658216
vt 0.736634 0.780619
vt 0.744052 0.376641
vt 0.748214 0.657158
vt 0.767139 0.851339
vt 0.748186 0.657150
vt 0.744019 0.376630
vt 0.711084 0.174007
vt 0.710390 1.253937
vt 1.082153 0.646430
vt 1.077298 0.654916
vt 0.679049 0.654559
vt 0.687614 0.646043
vt 0.082155 0.654528
vt 0.680455 0.655095
vt 0.087693 0.645621
vt 0.687498 0.645996
vt 0.082460 0.653992
vt 1.076987 0.655447
vt 1.081899 0.646919
vt 0.087493 0.646031
vt 0.543733 2.873463
vt 0.639806 2.099986
vt 0.647199 0.840143
vt 0.647504 0.832285
vt 0.549082 2.879305
vt 0.663838 2.867296
vt 0.093921 0.908439
vt 0.132088 0.917936
vt 0.545457 2.873362
vt 0.778520 1.800704
vt 0.093921 0.943911
vt 0.130561 0.933096
vt 0.221944 0.934230
vt 0.226863 0.919190
vt 0.639806 2.099986
vt 0.639806 2.099986
vt 0.639806 2.099986
vt 0.639806 2.099986
vt 0.639806 2.099986
vt 0.639806 2.099986
vt 0.639806 2.099986
vt 0.639806 2.099986
vt 0.639806 2.099986
vt 0.639806 2.099986
vt -0.129464 1.115692
vt -0.221618 1.114572
vt -0.132104 1.130324
vt -0.223294 1.129225
vt -0.259845 1.140084
vt -0.259845 1.105034
vt 1.311571 1.572488
vt 0.959597 1.838878
vt 1.172945 1.416589
vt 0.931459 1.837163
vt 0.799806 0.816028
vt 0.729926 0.742240
vt 0.572956 0.230970
vt 0.730135 0.730804
vt 0.728734 0.730787
vt 0.730131 0.730796
vt 0.728759 0.730781
vt 0.728203 0.730518
vt 0.728124 0.730520
vt 0.727060 0.735901
vt 0.727206 0.735897
vt 0.141775 0.482658
vt 0.205516 1.115731
vt 0.231549 0.796987
vt 0.141775 0.482658
vt 0.141775 0.482658
vt 0.748060 0.264953
vt 0.288913 0.750080
vt 0.141775 0.482658
vt -0.233659 0.247247
vt -0.233659 0.247247
vt 0.279794 0.748529
vt 0.474874 0.918793
vt -0.244662 0.706932
vt -0.240585 0.706932
vt 0.272917 0.747011
vt 0.136204 0.252312
vt 0.138632 0.243744
vt 0.749367 0.238438
vt 0.273739 0.747195
vt 0.279913 0.748549
vt 0.140997 0.244232
vt 0.279998 0.748564
vt 0.140988 0.244230
vt 0.751748 0.239131
vt 0.141775 0.482658
vt -0.244662 0.706932
vt 0.141775 0.482658
vt -0.244662 0.706932
vt -0.233659 0.247247
vt -0.233659 0.247247
vt -0.233659 0.247247
vt 0.141775 0.482658
vt 0.141775 0.482658
vt 0.141775 0.482658
vt 0.288363 0.749984
vt 0.150252 0.246169
vt 0.150347 0.246188
vt 0.760588 0.243121
vt 0.288381 0.749987
vt 0.289187 0.750129
vt 0.151099 0.246334
vt 0.289079 0.750110
vt 0.761891 0.243441
vt 0.151372 0.246387
vt 0.748060 0.264953
vt 0.748060 0.264953
vt 0.748060 0.264953
vt 0.141775 0.482658
vt -0.240585 0.706932
vt 0.141775 0.482658
vt -0.240585 0.706932
vt 0.141775 0.482658
vt 0.141775 0.482658
vt 0.141775 0.482658
vt 0.231549 0.796987
vt 0.205516 1.115731
vt 0.205516 1.115731
vt 0.205516 1.115731
vt 0.231549 0.796987
vt 0.205516 1.115731
vt 0.141775 0.482658
vt 0.141775 0.482658
vt 0.141775 0.482658
vt 0.141775 0.482658
vt 0.141775 0.482658
vt 0.141775 0.482658
vt 0.141775 0.482658
vt -0.240585 0.706932
vt -0.240585 0.706932
vt 0.141775 0.482658
vt 0.141775 0.482658
vt 0.141775 0.482658
vt 0.141775 0.482658
vt -0.239176 0.380326
vt 0.141775 0.482658
vt 0.141775 0.482658
vt 0.141775 0.482658
vt 0.141775 0.482658
vt 0.141775 0.482658
vt 0.984453 0.742085
vt 0.984334 0.223011
vt 0.983617 0.236651
vt 0.873452 0.733668
vt 0.984453 0.723741
vt 0.984453 0.704535
vt 0.984453 0.466345
vt 0.873452 0.466325
vt 0.984453 0.268412
vt 0.983527 0.249492
vt 0.872484 0.230993
vt 0.984453 0.219070
vt 0.077554 0.990133
vt 0.101654 0.995470
vt 0.080333 0.995426
vt 0.075188 0.962702
vt 0.096509 0.962747
vt 0.023510 0.038690
vt 0.021336 0.003921
vt 0.000015 0.003877
vt 0.098875 0.990177
vt 0.098587 0.967907
vt 0.077266 0.967862
vt 0.072386 0.922849
vt 0.093707 0.922893
vt 0.053112 0.474308
vt 0.031791 0.474264
vt 0.071228 0.912165
vt 0.032192 0.459711
vt 0.053513 0.459756
vt 0.092549 0.912210
vt 0.005675 0.093515
vt 0.026996 0.093560
vt 0.002189 0.038645
vt 0.006002 0.091762
vt 0.027323 0.091806
vt 0.002020 0.030676
vt 0.023341 0.030721
vt 0.000000 0.000000
vt 0.021321 0.000045
vt 0.873452 0.220136
vt 0.873452 0.704514
vt 0.873452 0.718081
vt 0.873452 0.744589
vt 0.873452 0.268391
vt 0.872300 0.249175
vt 0.760346 1.213726
vt 0.766180 1.212938
vt 1.156307 1.146026
vt 1.157533 1.140646
vt 0.655930 0.739599
vt 1.081735 0.888424
vt 0.670531 0.741287
vt 1.081736 0.181847
vt 0.652863 0.759795
vt 0.668415 0.707114
vt 0.640231 0.756372
vt 0.652157 0.758314
vt 0.653907 0.739603
vt 0.942956 0.888513
vt 0.669242 0.741285
vt 0.942953 0.181912
vt 0.660459 0.711349
vt 0.667890 0.709651
vt 0.653906 0.752636
vt 0.655929 0.753688
vt 0.669192 0.713113
vt 0.669971 0.711405
vt 0.692038 0.362190
vt 0.692038 0.362190
vt 0.692038 0.362190
vt 0.692038 0.362190
vt 0.692038 0.362190
vt 0.844706 0.392213
vt 0.849436 0.383978
vt 0.239863 1.173199
vt 0.239863 1.173199
vt 0.239863 1.173199
vt 0.259118 0.710293
vt 0.259066 0.710383
vt 0.254853 0.710379
vt 0.248595 0.710284
vt 0.254942 0.710288
vt 0.248540 0.710373
vt 0.788505 0.272786
vt 0.166115 0.814464
vt 0.788505 0.272786
vt 0.788505 0.272786
vt 0.788505 0.272786
vt 0.788505 0.272786
vt 0.788505 0.272786
vt 0.141775 0.482658
vt 0.141775 0.482658
vt 0.141775 0.482658
vt 0.141775 0.482658
vt 0.205516 1.115731
vt 0.205516 1.115731
vt 0.205516 1.115731
vt 0.205516 1.115731
vt 0.883256 0.628742
vt 0.999185 0.681539
vt 0.883256 0.681698
vt 1.119294 0.627902
vt 1.119294 0.681250
vt 0.883256 0.544374
vt 0.883256 0.473379
vt 1.119294 0.472878
vt 1.119294 0.543866
vt 0.482499 0.331705
vt 0.464925 0.351917
vt 0.464925 0.314039
vt 0.621849 0.351539
vt 0.584797 0.343360
vt 0.621834 0.346958
vt 0.602339 0.331115
vt 0.621723 0.314039
vt 0.603622 0.211206
vt 0.610186 0.217317
vt 0.597048 0.218338
vt 0.621726 0.209233
vt 0.621726 0.204468
vt 0.497776 0.213615
vt 0.492173 0.215015
vt 0.464925 0.204468
vt 0.483113 0.221391
vt 0.481701 0.226784
vt 0.481968 0.272100
vt 0.464925 0.272136
vt 0.585464 0.213789
vt 0.603031 0.227529
vt 0.600430 0.222341
vt 0.600071 0.335270
vt 0.484318 0.335904
vt 0.602536 0.271039
vt 0.621723 0.271521
vt 0.499213 0.343351
vt 0.492507 0.341749
vt 0.596044 0.339067
vt 0.591189 0.341812
vt 2.118270 0.118473
vt 2.221714 0.000001
vt 2.000000 0.000001
vt 2.002212 0.998918
vt 2.053031 0.758574
vt 2.221714 0.998138
vt 2.121767 0.868220
vt 2.854295 0.872705
vt 2.999567 1.000001
vt 2.909138 0.835910
vt 2.937094 0.766044
vt 2.938075 0.214702
vt 3.000000 0.000001
vt 2.907557 0.149016
vt 2.858850 0.113067
vt 2.518842 0.115288
vt 2.518645 0.000001
vt 2.522639 0.998138
vt 2.076959 0.828674
vt 2.077840 0.148097
vt 2.525761 0.869498
vt 2.052616 0.224129
vt 0.591936 0.215318
vt 0.487327 0.339039
vt 0.486735 0.218017
vt 0.087946 0.231611
vt 0.092516 0.253158
vt 0.791792 0.410763
vt 1.013416 0.451275
vt 0.781240 0.940507
vt 0.781268 0.714149
vt 0.676283 0.733106
vt 0.149545 0.715365
vt 0.092461 0.454028
vt 0.998342 0.736264
vt 1.013402 0.451437
vt 0.998297 0.737529
vt 1.000229 1.008827
vt 0.798862 0.145958
vt 0.126610 0.613888
vt 0.089453 0.231623
vt 0.090743 0.237931
vt 0.095487 0.238127
vt 0.097051 0.231578
vt 0.098522 0.231648
vt 0.093451 0.253236
vt 0.172757 0.411785
vt 0.172747 0.149172
vt 0.092975 0.248996
vt 0.091258 0.240326
vt 0.095012 0.240500
vt 0.093124 0.249009
vt 0.137240 0.524338
vt 0.122309 0.453938
vt 0.194729 0.453754
vt 0.179368 0.525588
vt 0.616681 0.312329
vt 0.616681 0.232229
vt 0.616681 0.234589
vt 0.616681 0.306540
vt 0.616681 0.309501
vt 0.616681 0.269822
vt 0.616681 0.239310
vt 0.616681 0.236533
vt 1.496098 0.946194
vt 1.497017 0.981670
vt 1.489440 0.946194
vt 1.595479 0.981670
vt 1.597903 0.946194
vt 1.603416 0.981670
vt 1.366169 0.981670
vt 1.329651 0.981670
vt 1.355219 0.946194
vt 1.511873 0.946194
vt 1.431254 0.946194
vt 1.396551 0.946194
vt 1.407501 0.981670
vt 1.404905 0.981670
vt 1.393955 0.946194
vt 1.619070 0.981670
vt 1.699106 0.985640
vt 1.399140 0.946194
vt 1.404911 0.981670
vt 1.520525 0.946194
vt 1.552754 0.946194
vt 1.550697 0.981670
vt 1.608711 0.946194
vt 1.611769 0.946194
vt 1.505498 0.981670
vt 1.516079 0.946194
vt 1.614358 0.981670
vt 1.581541 0.981670
vt 1.571648 0.946194
vt 1.579028 0.946194
vt 1.586718 0.946194
vt 1.589228 0.981670
vt 1.603493 0.946194
vt 1.606431 0.946194
vt 1.581126 0.981670
vt 1.606950 0.981670
vt 1.599895 0.946194
vt 1.610845 0.981670
vt 1.699106 0.946122
vt 1.314314 0.946194
vt 1.314314 0.985005
vt 1.318701 0.946194
vt 1.665024 0.981670
vt 1.653902 0.946194
vt 1.653902 0.981599
vt 1.665024 0.946122
vt 0.729484 0.732666
vt 0.727800 0.732690
vt 0.727695 0.732686
vt 1.252006 0.715170
vt 0.727679 0.732420
vt 1.154404 1.140733
vt 0.763858 1.213252
vt 1.153425 1.146106
vt 1.149066 1.146226
vt 1.153425 1.146106
vt 0.726305 0.730570
vt 0.726748 0.730764
vt 0.726276 0.732638
vt 0.765170 1.213075
vt 0.726100 0.735928
vt 1.152546 1.146130
vt 0.763149 1.213348
vt 0.721516 0.730702
vt 0.726305 0.730570
vt 0.726100 0.735928
vt 0.722350 0.732583
vt 0.727687 0.732436
vt 1.252006 0.715170
vt 1.154079 1.142516
vt 1.157224 1.142005
vt 0.722350 0.732583
vt 0.727687 0.732436
vt 0.730013 0.730532
vt 0.730478 0.731583
vt 0.727523 0.732141
vt 0.728912 0.730868
vt 0.728956 0.730855
vt 0.726823 0.730898
vt 0.727361 0.732445
vt 0.727361 0.732444
vn 0.000000 -0.517647 0.855594
vn 0.000000 -0.782656 -0.622455
vn 0.000000 -0.007343 -0.999973
vn 0.000000 0.023815 -0.999716
vn 0.000000 0.093973 -0.995575
vn 0.000000 -0.496382 0.868104
vn 0.000000 -0.001023 1.000000
vn 0.000000 -0.795331 0.606176
vn 0.000000 -0.493539 0.869724
vn 0.000000 -0.998971 -0.045348
vn 0.000000 -0.000243 -1.000000
vn 0.000000 0.443228 -0.896409
vn 0.000000 0.998783 -0.049315
vn 0.000000 -0.334533 -0.942384
vn 0.000000 0.183517 -0.983017
vn 0.000000 -0.516096 -0.856531
vn 0.000000 -0.436429 -0.899739
vn 0.000000 0.252993 -0.967468
vn 0.000001 0.922824 0.385221
vn 0.000002 -0.226107 0.974103
vn 0.000000 0.310370 -0.950616
vn 0.000002 -0.369557 0.929208
vn 0.741309 0.227129 0.631564
vn 0.000000 0.088438 0.996082
vn 0.000000 -0.101063 0.994880
vn 0.000000 -0.020699 0.999786
vn 0.000000 -0.012656 0.999920
vn 0.000000 -0.484387 0.874854
vn 0.000000 0.123608 0.992331
vn 0.000000 0.017876 0.999840
vn 0.000000 -0.526029 0.850466
vn 0.000000 0.010490 0.999945
vn 0.000000 -0.478596 0.878035
vn -0.074944 -0.102587 -0.991897
vn 0.046052 -0.142438 -0.988732
vn 0.000000 0.049309 -0.998784
vn 0.242593 -0.660504 0.710551
vn -0.075224 -0.014932 0.997055
vn 0.233059 -0.091444 0.968154
vn 0.162614 -0.301144 0.939611
vn 0.242619 -0.417863 0.875515
vn 0.444273 -0.054203 0.894250
vn 0.711768 0.272672 -0.647330
vn 0.558767 0.109397 -0.822078
vn -0.168549 0.561564 0.810085
vn 0.994187 -0.103961 0.028005
vn -0.024006 0.062385 -0.997763
vn 0.213227 -0.318530 -0.923619
vn 0.616523 -0.188803 -0.764365
vn 0.310124 -0.725491 0.614399
vn -0.042213 -0.038764 0.998356
vn -0.026705 0.578837 -0.815006
vn -0.043016 -0.036054 0.998424
vn -0.031297 -0.005532 0.999495
vn -0.195875 0.600405 -0.775337
vn 0.933053 -0.315131 0.173509
vn 0.519036 -0.852889 -0.056408
vn -0.999944 0.008401 0.006378
vn 0.049221 0.012261 -0.998713
vn -0.256029 0.768057 0.586973
vn 0.205681 -0.294991 -0.933100
vn -0.064473 0.204071 -0.976831
vn 0.214120 -0.302087 -0.928922
vn 0.198806 -0.422145 0.884460
vn 0.282872 -0.808650 0.515819
vn -0.079230 -0.005856 0.996839
vn 0.221136 -0.422828 0.878815
vn -0.029032 -0.001579 0.999577
vn 0.296206 -0.811763 0.503292
vn 0.399454 -0.748761 -0.528954
vn -0.017050 0.344371 -0.938679
vn 0.396867 -0.754763 -0.522330
vn 0.126854 -0.642643 -0.755591
vn -0.775271 -0.000000 -0.631628
vn 0.148165 0.626287 -0.765383
vn -0.775271 -0.000000 -0.631628
vn 0.455423 -0.695970 0.555172
vn -0.103027 -0.016131 0.994548
vn -0.059585 0.154838 0.986141
vn -0.272221 0.962234 -0.000721
vn -0.999893 0.008095 0.012218
vn -0.256255 0.768960 0.585691
vn -0.085193 0.121087 0.988979
vn -0.062715 0.117582 0.991081
vn -0.008165 0.983169 0.182517
vn 0.999997 -0.002378 -0.000431
vn -0.030869 0.042611 0.998615
vn 0.723067 0.602840 0.337281
vn -0.055342 0.078710 0.995360
vn 0.712050 -0.642798 -0.282481
vn 0.833637 -0.545844 -0.084282
vn 0.687073 -0.696060 0.208401
vn 0.051048 -0.055334 -0.997162
vn 0.402344 0.799920 0.445249
vn 0.389935 0.090036 0.916430
vn -0.164300 0.546067 0.821472
vn 0.448800 -0.045600 -0.892468
vn 0.889493 -0.199896 0.410906
vn 0.927170 0.097025 0.361859
vn 0.612357 -0.128528 -0.780063
vn 0.933949 -0.187901 -0.304028
vn 0.467035 -0.061327 0.882109
vn 0.995601 -0.006747 0.093455
vn 0.715207 -0.330202 0.615992
vn 0.999621 -0.019439 -0.019504
vn 0.445318 0.378939 0.811232
vn 0.995430 0.000696 0.095490
vn 0.785353 0.028566 -0.618389
vn 0.888848 0.268604 -0.371216
vn 0.378302 0.031472 -0.925147
vn 0.575638 -0.042610 -0.816593
vn 0.866453 0.190703 -0.461401
vn 0.364946 -0.012348 -0.930947
vn 0.757111 0.638055 -0.140249
vn 0.985726 0.000123 -0.168359
vn -0.000006 0.999358 0.035812
vn 0.697707 -0.594023 0.400428
vn 0.958159 0.028788 0.284786
vn 0.695635 0.022194 0.718052
vn 0.634312 0.073166 -0.769607
vn 0.419428 -0.439066 -0.794545
vn 0.943991 -0.325368 0.054927
vn 0.909685 0.043689 -0.412995
vn 0.997597 0.028019 -0.063361
vn 0.394851 -0.628732 -0.669917
vn 0.708990 -0.632611 -0.311668
vn 0.919247 0.364404 0.148982
vn 0.980081 0.145780 0.134866
vn 0.412094 -0.471294 0.779782
vn 0.451115 -0.022484 0.892183
vn 0.818056 -0.369488 0.440753
vn 0.450352 -0.114742 0.885448
vn 0.539206 0.323608 0.777518
vn 0.266144 0.009689 0.963885
vn 0.132162 0.927498 0.349686
vn 0.838286 -0.260094 0.479195
vn 0.334233 0.244867 -0.910125
vn 0.981634 0.163373 -0.098503
vn 0.670313 0.434498 -0.601575
vn 0.952049 0.299225 0.063771
vn 0.117385 0.990963 -0.064909
vn 0.074130 0.995117 0.065161
vn 0.393989 -0.496222 0.773651
vn 0.955894 -0.071498 0.284875
vn 0.795658 -0.389461 0.463949
vn 0.414012 0.054233 0.908654
vn 0.468437 -0.492577 0.733440
vn 0.687465 -0.028652 -0.725652
vn 0.775201 -0.117683 -0.620656
vn 0.891505 -0.451995 0.030304
vn 0.451198 -0.516685 -0.727638
vn 0.925594 -0.049664 -0.375247
vn 0.997720 -0.066247 0.012901
vn 0.927962 -0.112055 -0.355431
vn 0.987724 -0.138658 0.071944
vn 0.477955 -0.117621 -0.870474
vn 0.359205 -0.002192 -0.933256
vn 0.295761 -0.828441 0.475617
vn 0.471264 -0.174238 0.864610
vn 0.987700 0.101751 -0.118726
vn 0.739660 -0.298247 -0.603284
vn 0.250391 0.182675 -0.950755
vn 0.336286 0.314069 -0.887847
vn 0.480354 0.174850 -0.859469
vn 0.776957 0.220521 -0.589668
vn 0.825476 0.139481 -0.546931
vn 0.311808 -0.821477 -0.477442
vn 0.509954 -0.857515 -0.067925
vn 0.749396 0.311782 -0.584122
vn 0.969195 0.205189 0.136226
vn 0.368355 -0.349371 -0.861542
vn 0.954171 -0.268039 0.133091
vn 0.937914 -0.267610 -0.220688
vn 0.996653 0.025852 0.077550
vn 0.992553 0.096912 0.073808
vn 0.566376 0.659364 0.494426
vn 0.689116 -0.158306 0.707149
vn 0.549379 -0.130969 0.825246
vn 0.840779 -0.282881 0.461594
vn 0.876589 -0.236777 0.418960
vn 0.984123 -0.176569 -0.018052
vn 0.825880 -0.551935 -0.115281
vn 0.712757 0.053665 -0.699355
vn 0.945278 -0.121724 0.302709
vn 0.961215 0.001353 0.275797
vn 0.306776 0.077294 0.948638
vn 0.429304 0.006433 0.903137
vn 0.329990 0.034385 0.943358
vn 0.708633 0.080605 0.700958
vn 0.734309 0.033688 0.677979
vn 0.468142 -0.422523 0.776091
vn 0.335238 0.104196 0.936354
vn 0.780590 -0.178989 0.598867
vn 0.785637 -0.037784 0.617533
vn 0.524784 -0.470539 0.709363
vn 0.551832 0.470999 0.688216
vn 0.864452 0.361898 -0.348930
vn 0.489601 -0.551091 0.675714
vn -0.514909 0.619369 -0.592664
vn 0.331940 0.253075 -0.908718
vn -0.537910 -0.584327 -0.607631
vn 0.313112 -0.242738 -0.918172
vn 0.489814 -0.419138 -0.764464
vn -0.523723 -0.581948 -0.622134
vn 0.467661 0.454025 -0.758389
vn -0.508009 0.618496 -0.599491
vn 0.590185 0.003652 -0.807260
vn 0.613642 0.023893 -0.789223
vn 0.328759 -0.553591 0.765150
vn -0.212621 -0.963419 0.163145
vn 0.052190 -0.558645 0.827763
vn 0.006740 0.088986 0.996010
vn 0.988996 0.000126 0.147942
vn 0.986295 -0.033607 0.161535
vn 0.970642 -0.003315 0.240505
vn 0.970699 -0.029828 0.238441
vn 0.893925 -0.003466 0.448202
vn 0.938469 -0.020568 0.344752
vn 0.963678 -0.000088 0.267066
vn 0.963891 -0.001966 0.266291
vn 0.788675 -0.000962 0.614810
vn 0.786274 -0.001531 0.617876
vn 0.253292 0.004672 0.967379
vn 0.782656 0.027827 0.621832
vn 0.791862 -0.005668 0.610674
vn 0.958045 0.003208 0.286601
vn 0.958489 -0.002503 0.285118
vn 0.167404 0.004474 0.985878
vn 0.935805 0.004651 -0.352487
vn 0.658869 0.032458 -0.751557
vn 0.326085 0.050008 -0.944017
vn 0.391050 0.060961 0.918348
vn 0.000000 -0.072481 -0.997370
vn 0.379315 -0.051790 -0.923817
vn -0.359668 -0.013507 -0.932983
vn -0.456328 -0.224230 -0.861096
vn 0.000000 -0.000011 1.000000
vn 0.000000 0.037357 -0.999302
vn -0.258725 -0.957232 -0.129491
vn 0.097959 -0.517506 -0.850054
vn 0.011403 0.076858 0.996977
vn 0.616035 0.491443 0.615617
vn -0.861922 0.140198 -0.487274
vn 0.373047 0.136833 -0.917667
vn -0.413222 0.064743 -0.908326
vn 0.789876 -0.349789 0.503730
vn 0.849594 -0.201798 0.487306
vn 0.413608 -0.557722 0.719635
vn 0.392663 -0.548834 0.737968
vn 0.731777 -0.405199 0.548011
vn 0.000000 -0.628507 0.777804
vn 0.000000 -0.645318 0.763914
vn 0.127014 0.190993 0.973339
vn 0.000000 -0.272206 0.962239
vn 0.468178 -0.316412 0.825041
vn 0.835932 -0.507155 0.209786
vn 0.971383 0.009496 -0.237328
vn 0.877068 -0.184090 -0.443691
vn 0.745782 0.635177 0.200896
vn 0.983795 -0.000235 -0.179295
vn 0.614938 -0.661423 -0.429385
vn 0.514176 -0.695119 0.502427
vn 0.000000 -0.466164 0.884698
vn 0.000000 -0.275740 -0.961232
vn 0.154827 -0.242391 -0.957745
vn 0.450459 -0.218845 -0.865560
vn 0.745525 -0.173307 -0.643550
vn 0.929424 -0.161621 -0.331739
vn 0.978523 -0.168799 0.118324
vn 0.859576 -0.215508 0.463341
vn 0.490942 -0.390539 0.778752
vn 0.809042 -0.327527 0.488035
vn -0.255633 -0.964848 -0.060995
vn 0.026110 0.154076 0.987714
vn 0.791675 -0.339497 0.507930
vn 0.000000 -0.934573 -0.355771
vn 0.025432 -0.538741 -0.842087
vn 0.736046 -0.372994 0.564901
vn 0.957541 -0.014197 0.287948
vn 0.838190 -0.148911 -0.524656
vn 0.838438 0.167269 -0.518693
vn 0.975338 -0.012139 0.220382
vn 0.960312 -0.015287 0.278510
vn 0.764535 0.627143 0.148923
vn 0.789191 -0.603887 0.111792
vn 0.967336 -0.012098 0.253208
vn 0.800937 0.549083 -0.238763
vn 0.954181 0.020791 0.298505
vn 0.971199 0.012843 0.237923
vn 0.806499 -0.518486 -0.284135
vn 0.846631 0.494867 0.195763
vn 0.979729 -0.002745 0.200309
vn 0.747932 -0.614885 0.250030
vn 0.978454 0.012281 0.206100
vn 0.770827 -0.216446 0.599147
vn 0.952327 -0.095424 0.289771
vn 0.664235 0.164540 0.729190
vn 0.971735 -0.000952 0.236071
vn 0.754385 0.629752 0.185244
vn 0.969541 0.001200 0.244925
vn 0.719289 -0.672127 0.175693
vn 0.970074 -0.018970 0.242068
vn 0.819386 0.365473 0.441628
vn 0.979708 0.012893 0.200016
vn 0.979969 -0.020420 0.198098
vn 0.733377 -0.474870 0.486474
vn 0.000015 -0.159568 -0.987187
vn 0.000013 0.169400 -0.985547
vn -0.000013 0.986576 -0.163300
vn 0.000017 -0.979613 -0.200892
vn 0.000008 0.724147 -0.689646
vn 0.000023 -0.726051 -0.687641
vn -0.000016 0.997750 0.067037
vn 0.000013 -0.990984 0.133981
vn -0.002545 -0.268408 0.963302
vn 0.033566 0.246120 0.968658
vn -0.000029 0.999990 -0.004445
vn 0.000001 -0.999994 -0.003594
vn -0.000010 0.787861 0.615853
vn -0.000003 -0.829922 0.557880
vn 0.000000 0.077331 0.997005
vn 0.426830 0.136920 0.893907
vn 0.000000 0.185518 0.982641
vn 0.933310 0.003600 -0.359053
vn 0.732955 -0.011833 -0.680174
vn 0.346777 -0.025728 -0.937594
vn 0.000000 -0.027974 -0.999609
vn 0.973446 -0.004554 0.228870
vn 0.769130 0.031332 0.638324
vn 0.787572 -0.004426 0.616206
vn 0.999369 0.001569 -0.035486
vn 0.781101 0.021140 0.624047
vn 0.970429 -0.001796 0.241381
vn 0.933982 -0.004326 0.357293
vn 0.999996 0.002628 0.000455
vn 0.964584 -0.004914 0.263731
vn 0.957603 0.001449 0.288087
vn 0.955720 0.000527 0.294277
vn 0.935290 0.004061 0.353858
vn 0.909392 -0.047117 0.413263
vn 0.327110 -0.011270 0.944919
vn 0.993225 -0.000322 0.116204
vn 0.275675 0.090000 -0.957029
vn 0.951213 -0.010863 0.308345
vn 0.973723 -0.008753 0.227568
vn 0.847650 0.046478 0.528516
vn 0.996572 0.010811 -0.082016
vn 0.989513 0.001940 0.144430
vn 0.994489 -0.007819 0.104553
vn 0.930153 -0.008390 0.367076
vn 0.929030 0.003919 0.369983
vn 0.959634 0.008065 0.281138
vn 0.959657 -0.004004 0.281144
vn 0.959634 0.008065 0.281138
vn 0.959657 -0.003986 0.281145
vn 0.959541 -0.016053 0.281111
vn 0.959541 -0.016053 0.281111
vn 0.855559 0.048736 0.515407
vn 0.887117 0.029155 0.460623
vn 0.890119 0.029067 0.454801
vn 0.905369 0.003678 0.424609
vn 0.858369 0.049607 0.510629
vn 0.903120 0.004343 0.429366
vn 0.895042 -0.001641 0.445978
vn 0.894226 -0.001206 0.447614
vn 0.895046 -0.001086 0.445972
vn 0.895351 -0.001600 0.445359
vn 0.878456 0.006975 0.477773
vn 0.875864 -0.003772 0.482543
vn 0.874959 0.009590 0.484103
vn 0.874996 -0.003888 0.484115
vn 0.959597 -0.008961 0.281236
vn 0.956220 -0.007608 0.292549
vn 0.799955 -0.412992 -0.435328
vn -0.000048 0.624236 0.781236
vn -0.000675 -0.660670 0.750677
vn -0.000563 -0.776471 -0.630153
vn -0.000143 0.764239 -0.644933
vn 0.971546 -0.079579 0.223082
vn 0.964282 -0.137316 0.226504
vn 0.940815 -0.171283 0.292454
vn 0.959974 -0.025354 0.278940
vn 0.864407 -0.078750 0.496587
vn 0.859856 -0.083237 0.503706
vn 0.873895 -0.038942 0.484552
vn 0.887424 -0.007547 0.460892
vn 0.887633 -0.008980 0.460463
vn 0.918151 -0.000554 0.396230
vn 0.920230 -0.000000 0.391377
vn 0.874647 -0.034591 0.483524
vn 0.963075 -0.073456 0.259019
vn 0.962400 -0.047645 0.267424
vn 0.963749 -0.078986 0.254851
vn 0.964226 -0.095642 0.247226
vn 0.965056 -0.094366 0.244462
vn 0.959701 -0.036858 0.278596
vn -0.156892 -0.952070 -0.262578
vn 0.782124 -0.329514 0.528868
vn 0.803745 -0.326152 0.497613
vn -0.370032 -0.909777 0.188103
vn -0.126465 -0.949555 -0.286971
vn -0.373554 -0.922545 0.096791
vn 0.771588 -0.380838 0.509523
vn 0.997082 0.004319 0.076214
vn 0.997231 -0.002839 0.074318
vn 0.243129 0.005898 0.969976
vn 0.000000 0.008328 0.999965
vn 0.542188 -0.002642 0.840253
vn 0.537947 0.002546 0.842975
vn 0.484600 -0.002378 0.874733
vn 0.496859 0.040820 0.866871
vn 0.997925 -0.002554 0.064342
vn 0.997519 -0.000354 0.070394
vn 0.560576 -0.144470 0.815403
vn 0.387384 -0.490575 0.780557
vn -0.111694 -0.017768 0.993584
vn 0.000000 -0.186260 -0.982500
vn 0.000000 -0.509486 -0.860479
vn 0.887727 -0.004013 -0.460353
vn -1.000000 -0.000192 0.000693
vn -1.000000 0.000025 0.000455
vn -0.779320 -0.046665 -0.624886
vn 1.000000 -0.000010 -0.000690
vn -0.886884 -0.457438 -0.064714
vn 1.000000 -0.000022 -0.000740
vn 0.999715 -0.001125 0.023856
vn 1.000000 0.000000 0.000000
vn 0.321094 -0.112811 -0.940304
vn 0.612613 0.036827 -0.789525
vn 1.000000 0.000000 0.000000
vn 0.427505 0.797079 -0.426502
vn -0.722352 0.530343 -0.443784
vn -0.723634 -0.082554 -0.685229
vn -0.733263 0.017891 -0.679710
vn 0.639944 0.103900 -0.761365
vn 0.000117 -1.000000 0.000193
vn -0.638075 0.073972 -0.766412
vn -0.000088 -1.000000 0.000200
vn -0.075752 -0.902718 0.423512
vn -0.993601 -0.112947 0.000023
vn 0.993650 -0.112518 0.000022
vn 0.064636 -0.896930 0.437423
vn -0.015503 -0.420171 0.907313
vn -0.998852 -0.040118 -0.026184
vn 0.582383 -0.338216 0.739216
vn 0.990264 -0.136249 0.028505
vn -0.918568 -0.065863 -0.389737
vn 1.000000 0.000000 0.000000
vn 0.904321 -0.088008 -0.417681
vn -1.000000 0.000000 0.000000
vn -1.000000 0.000000 0.000000
vn 0.000002 0.701172 0.712992
vn 0.000002 0.504448 0.863442
vn 0.824754 0.554758 -0.109654
vn 0.468586 0.581322 -0.665201
vn 0.116080 -0.011058 -0.993178
vn 0.073151 0.025060 -0.997006
vn -0.004675 0.992263 0.124067
vn -0.075889 0.076124 0.994206
vn -0.004894 0.992330 0.123523
vn 0.059810 0.716034 -0.695498
vn -0.079122 -0.021536 0.996632
vn 0.280656 -0.730568 0.622497
vn -0.065214 -0.027471 0.997493
vn 0.273946 -0.728664 0.627696
vn 0.342051 -0.568986 -0.747834
vn 0.335177 -0.564337 -0.754441
vn -0.045379 0.360561 -0.931631
vn 0.086110 -0.037543 -0.995578
vn 0.054872 -0.013139 -0.998407
vn -0.275173 0.863203 0.423273
vn -0.063133 0.100174 0.992965
vn -0.275827 0.863440 0.422363
vn -0.240211 0.716224 -0.655227
vn -0.018659 -0.027974 0.999435
vn 0.236053 -0.539829 0.808000
vn -0.035517 -0.021872 0.999130
vn 0.239262 -0.323775 -0.915382
vn 0.220278 -0.535225 0.815483
vn 0.232073 -0.319886 -0.918594
vn -0.068263 0.264152 -0.962062
vn 0.341354 -0.012929 0.939846
vn -0.086615 -0.015111 0.996127
vn -0.046928 0.291620 -0.955382
vn 0.527456 -0.678084 -0.511851
vn -0.006806 0.228371 -0.973550
vn 0.459337 -0.019211 -0.888054
vn 0.481120 -0.397875 -0.781165
vn 0.864550 0.080861 -0.495999
vn -0.427768 -0.386850 0.816922
vn 0.854194 -0.284948 0.434922
vn -0.396893 -0.519253 0.756870
vn 0.823243 -0.284568 0.491216
vn 0.009053 0.285923 -0.958210
vn 0.235841 -0.047230 -0.970643
vn -0.025764 0.343408 -0.938833
vn 0.177851 -0.042993 -0.983118
vn 0.466442 -0.018179 -0.884365
vn 0.025697 0.206471 -0.978115
vn -0.017004 0.312302 -0.949831
vn 0.815074 0.079391 -0.573892
vn -1.000000 -0.000097 0.000707
vn 0.105933 0.000075 -0.994373
vn -0.012495 0.299347 -0.954063
vn -0.675220 0.089286 -0.732193
vn 1.000000 -0.000033 -0.000724
vn 0.129218 -0.015536 -0.991494
vn -0.053323 0.361092 -0.931004
vn 0.152404 -0.070954 -0.985768
vn 0.845654 0.015362 -0.533511
vn -0.046428 0.300832 -0.952546
vn -1.000000 0.000001 -0.000002
vn 0.115705 -0.037680 -0.992569
vn -0.099408 0.338784 -0.935598
vn -0.869751 0.027616 -0.492718
vn 1.000000 -0.000011 0.000029
vn 0.086931 -0.035467 -0.995583
vn -0.069799 0.260871 -0.962847
vn 0.122398 -0.097054 -0.987724
vn -0.078821 0.200991 -0.976417
vn 0.060660 -0.016822 -0.998017
vn -0.022104 0.058709 -0.998030
vn 0.380235 -0.099259 -0.919548
vn -0.272167 0.962235 -0.005313
vn 0.032423 -0.021633 -0.999240
vn -0.310042 0.770315 0.557215
vn 0.045142 -0.008722 -0.998943
vn -0.278557 0.679133 0.679106
vn 0.051616 0.019611 -0.998474
vn -0.073250 0.889227 0.451564
vn 0.065511 0.020362 -0.997644
vn -0.069140 0.654236 0.753124
vn 0.096861 0.042957 -0.994370
vn 0.762949 0.606426 -0.223954
vn 0.016181 0.998076 0.059857
vn 0.480473 0.123973 -0.868203
vn 0.069999 0.025896 -0.997211
vn -0.008243 0.983003 0.183403
vn 0.999997 -0.002380 -0.000398
vn -0.080753 0.813532 -0.575886
vn -0.082214 0.116726 0.989755
vn -0.996406 0.004289 0.084592
vn -0.239231 0.717314 -0.654392
vn -0.064765 0.099958 0.992882
vn -0.194797 0.597784 -0.777630
vn 0.999999 0.000661 0.000955
vn -0.055364 0.082395 0.995061
vn 0.026541 -0.014741 -0.999539
vn 0.052626 0.007190 -0.998588
vn -0.092951 0.893916 0.438492
vn -0.996555 0.004383 0.082818
vn 0.059472 -0.011775 -0.998160
vn -0.278151 0.679028 0.679377
vn 0.050906 -0.047801 -0.997559
vn -0.310521 0.771804 0.554883
vn 0.999999 0.000648 0.000835
vn 0.042663 0.946603 0.319565
vn 0.069873 0.025617 -0.997227
vn 0.999997 -0.002359 -0.000733
vn -0.069138 0.653386 0.753862
vn 0.075092 0.031365 -0.996683
vn 0.520327 0.348315 0.779703
vn 0.051433 0.860622 -0.506640
vn -0.084996 -0.016485 0.996245
vn -0.082487 0.038402 0.995852
vn -0.003694 0.995670 0.092887
vn 0.094110 0.080798 -0.992278
vn -0.003723 0.995641 0.093195
vn 0.017722 0.998774 0.046218
vn 0.098276 0.094188 -0.990692
vn -0.083982 -0.014842 0.996357
vn 0.042322 0.852440 -0.521109
vn -0.069246 0.104013 0.992163
vn 0.999997 -0.002358 -0.000740
vn 0.059766 0.718625 -0.692825
vn -0.080482 0.065746 0.994585
vn 0.051246 0.862763 -0.503005
vn -0.084861 0.030923 0.995913
vn 1.000000 -0.000022 -0.000675
vn 0.098147 0.027763 -0.994785
vn 0.049802 -0.013080 -0.998673
vn 0.359447 -0.090331 -0.928783
vn -0.866009 0.495396 0.067904
vn 0.092609 0.010962 -0.995642
vn -1.000000 -0.000120 0.000673
vn 0.129099 0.011826 -0.991561
vn 0.171652 -0.013826 -0.985061
vn 0.242128 -0.012395 -0.970165
vn 0.481759 -0.047124 -0.875035
vn 0.599520 0.793685 0.103149
vn 0.079032 0.001319 -0.996871
vn -0.000000 -0.512437 -0.858725
vn 0.000000 -0.013077 -0.999915
vn 0.389271 -0.048491 -0.919846
vn 0.000000 -0.041534 -0.999137
vn 0.415257 -0.083229 -0.905889
vn 0.000000 -0.106574 -0.994305
vn 0.958827 0.008027 -0.283878
vn 0.998734 0.002451 -0.050244
vn 0.000003 -0.762080 0.647482
vn 0.950720 -0.220891 0.217573
vn 0.000003 -0.778609 0.627509
vn 0.937442 -0.272460 0.216723
vn 0.594787 -0.796089 -0.111674
vn 0.108974 -0.308490 0.944965
vn 0.196436 -0.022986 -0.980247
vn -0.741307 0.227130 0.631566
vn 0.074945 -0.102587 -0.991897
vn -0.046052 -0.142438 -0.988732
vn -0.297767 -0.762734 0.574083
vn 0.076024 -0.014929 0.996994
vn -0.233059 -0.091444 0.968154
vn -0.162614 -0.301144 0.939611
vn -0.242619 -0.417863 0.875515
vn -0.444273 -0.054203 0.894250
vn -0.713704 0.301503 -0.632236
vn 0.168549 0.561566 0.810083
vn -0.558768 0.109397 -0.822077
vn -0.994187 -0.103961 0.028005
vn -0.616523 -0.188803 -0.764365
vn -0.213227 -0.318530 -0.923619
vn 0.024006 0.062385 -0.997763
vn -0.229429 -0.677393 0.698929
vn 0.042213 -0.038764 0.998356
vn 0.026705 0.578837 -0.815006
vn 0.043016 -0.036054 0.998424
vn 0.031297 -0.005532 0.999495
vn 0.195875 0.600405 -0.775337
vn -0.933053 -0.315131 0.173507
vn -0.519036 -0.852889 -0.056408
vn 0.270249 0.836511 0.476670
vn 0.999952 0.008481 0.004833
vn -0.057042 -0.014518 -0.998266
vn 0.064473 0.204071 -0.976831
vn -0.205681 -0.294991 -0.933100
vn -0.214120 -0.302087 -0.928922
vn -0.198806 -0.422145 0.884460
vn -0.303106 -0.806381 0.507815
vn 0.080711 -0.007002 0.996713
vn -0.221136 -0.422828 0.878815
vn 0.029032 -0.001579 0.999577
vn -0.307326 -0.809120 0.500875
vn -0.413989 -0.743492 -0.525198
vn 0.017563 0.344573 -0.938595
vn -0.416985 -0.748023 -0.516320
vn 0.660006 -0.751253 -0.003370
vn -0.142204 0.100292 -0.984743
vn 0.614317 0.789053 -0.003156
vn -0.182499 0.011503 -0.983139
vn -0.437396 -0.727078 0.529190
vn 0.102340 -0.016715 0.994609
vn 0.272222 0.962234 -0.000721
vn 0.059585 0.154838 0.986141
vn 0.270487 0.837450 0.474884
vn 0.085193 0.121087 0.988979
vn 0.999905 0.008151 0.011150
vn -0.999996 -0.002292 -0.001787
vn 0.062715 0.117582 0.991081
vn 0.040470 0.774687 0.631049
vn 0.030869 0.042611 0.998615
vn 0.055342 0.078710 0.995360
vn -0.625422 0.779829 -0.026715
vn -0.707536 -0.470056 -0.527675
vn -0.778377 -0.511514 0.363983
vn -0.561346 0.827244 -0.023637
vn -0.062252 -0.096225 -0.993411
vn 0.164300 0.546067 0.821472
vn -0.389935 0.090036 0.916430
vn -0.448800 -0.045600 -0.892468
vn -0.889493 -0.199896 0.410906
vn -0.927170 0.097025 0.361859
vn -0.577887 -0.206798 -0.789481
vn -0.650025 -0.062712 -0.757320
vn -0.957031 -0.006077 -0.289923
vn -0.837403 -0.543675 0.056346
vn -0.739325 -0.387574 -0.550622
vn -0.835512 -0.037282 0.548206
vn -0.942238 -0.171777 0.287541
vn -0.862419 0.190833 0.468845
vn -0.785353 0.028566 -0.618389
vn -0.888848 0.268604 -0.371215
vn -0.378301 0.031472 -0.925147
vn -0.560714 -0.061428 -0.825728
vn -0.866453 0.190703 -0.461401
vn -0.364946 -0.012348 -0.930947
vn -0.937418 0.306438 -0.165359
vn -0.697707 -0.594023 0.400428
vn -0.958159 0.028788 0.284787
vn -0.695636 0.022194 0.718052
vn -0.634312 0.073166 -0.769607
vn -0.419428 -0.439066 -0.794545
vn -0.943991 -0.325368 0.054927
vn -0.909685 0.043689 -0.412995
vn -0.997597 0.028019 -0.063361
vn -0.394851 -0.628732 -0.669917
vn -0.708990 -0.632611 -0.311668
vn -0.919245 0.364406 0.148985
vn -0.980081 0.145780 0.134866
vn -0.412094 -0.471294 0.779782
vn -0.451115 -0.022484 0.892183
vn -0.818056 -0.369488 0.440753
vn -0.450351 -0.114742 0.885448
vn -0.538895 0.323725 0.777685
vn -0.266144 0.009689 0.963885
vn -0.132162 0.927498 0.349687
vn -0.838663 -0.259000 0.479128
vn -0.334233 0.244867 -0.910126
vn -0.981634 0.163373 -0.098503
vn -0.670313 0.434498 -0.601575
vn -0.952049 0.299225 0.063771
vn -0.117386 0.990963 -0.064910
vn -0.074130 0.995117 0.065161
vn -0.393989 -0.496222 0.773651
vn -0.955894 -0.071498 0.284875
vn -0.795658 -0.389461 0.463949
vn -0.414012 0.054233 0.908654
vn -0.468437 -0.492577 0.733440
vn -0.687465 -0.028652 -0.725652
vn -0.775201 -0.117683 -0.620656
vn -0.891505 -0.451995 0.030304
vn -0.451198 -0.516685 -0.727638
vn -0.925594 -0.049664 -0.375247
vn -0.997719 -0.066269 0.012868
vn -0.927962 -0.112055 -0.355431
vn -0.987724 -0.138658 0.071944
vn -0.477955 -0.117621 -0.870473
vn -0.359205 -0.002192 -0.933256
vn -0.295760 -0.828441 0.475618
vn -0.471262 -0.174239 0.864611
vn -0.987700 0.101751 -0.118726
vn -0.739660 -0.298247 -0.603284
vn -0.250391 0.182675 -0.950755
vn -0.336286 0.314069 -0.887847
vn -0.480354 0.174850 -0.859469
vn -0.776957 0.220521 -0.589668
vn -0.825476 0.139481 -0.546931
vn -0.311808 -0.821477 -0.477443
vn -0.509954 -0.857516 -0.067925
vn -0.749396 0.311782 -0.584122
vn -0.969195 0.205189 0.136226
vn -0.368355 -0.349371 -0.861542
vn -0.954171 -0.268039 0.133091
vn -0.937914 -0.267610 -0.220688
vn -0.996653 0.025852 0.077550
vn -0.992553 0.096912 0.073808
vn -0.565985 0.659596 0.494565
vn -0.689116 -0.158306 0.707148
vn -0.549879 -0.130932 0.824918
vn -0.840779 -0.282881 0.461594
vn -0.876589 -0.236777 0.418960
vn -0.984265 -0.175935 -0.016429
vn -0.825880 -0.551935 -0.115281
vn -0.712757 0.053665 -0.699355
vn -0.945277 -0.121726 0.302712
vn -0.961215 0.001353 0.275797
vn -0.306776 0.077294 0.948638
vn -0.429304 0.006433 0.903137
vn -0.329990 0.034385 0.943358
vn -0.708633 0.080605 0.700958
vn -0.734309 0.033688 0.677979
vn -0.468142 -0.422523 0.776092
vn -0.378325 0.112888 0.918764
vn -0.780590 -0.178989 0.598867
vn -0.785637 -0.037784 0.617533
vn -0.524784 -0.470539 0.709363
vn -0.551832 0.470999 0.688216
vn -0.489601 -0.551091 0.675714
vn -0.864452 0.361898 -0.348930
vn 0.569181 0.822209 -0.002251
vn -0.392270 -0.031257 -0.919319
vn 0.527048 -0.849831 -0.002688
vn -0.459632 0.165364 -0.872578
vn -0.647449 0.124341 -0.751897
vn 0.294613 -0.955616 -0.001496
vn -0.599365 -0.055006 -0.798583
vn 0.342460 0.939532 -0.000013
vn -0.414192 -0.003312 -0.910183
vn -0.876359 0.420548 -0.234808
vn -0.453150 0.035157 -0.890741
vn -0.881407 -0.409094 -0.236144
vn -0.328759 -0.553591 0.765150
vn 0.212622 -0.963419 0.163145
vn -0.052190 -0.558645 0.827763
vn -0.006740 0.088986 0.996010
vn -0.986954 0.008476 0.160781
vn -0.986523 -0.036770 0.159435
vn -0.958439 0.117962 0.259769
vn -0.970688 -0.029900 0.238476
vn -0.909517 0.000490 0.415666
vn -0.938847 -0.016404 0.343944
vn -0.963678 -0.000088 0.267066
vn -0.963890 -0.001966 0.266291
vn -0.788675 -0.000962 0.614810
vn -0.786274 -0.001531 0.617876
vn -0.253292 0.004672 0.967379
vn -0.782656 0.027827 0.621832
vn -0.791862 -0.005668 0.610674
vn -0.958045 0.003208 0.286601
vn -0.958489 -0.002503 0.285118
vn -0.167404 0.004474 0.985878
vn -0.935805 0.004651 -0.352487
vn -0.658869 0.032458 -0.751557
vn -0.326084 0.050008 -0.944017
vn -0.391050 0.060961 0.918348
vn -0.379315 -0.051790 -0.923817
vn 0.477424 -0.539054 -0.693893
vn 0.485074 0.587171 -0.648022
vn -0.194060 0.589918 -0.783797
vn -0.250448 -0.566876 -0.784811
vn 0.045179 -0.747759 -0.662432
vn 0.107734 0.735362 -0.669056
vn -0.637473 0.646263 -0.419491
vn -0.638692 -0.635870 -0.433291
vn 0.359667 -0.013507 -0.932983
vn 0.456328 -0.224230 -0.861096
vn 0.258725 -0.957232 -0.129491
vn -0.097959 -0.517506 -0.850054
vn -0.011403 0.076858 0.996977
vn -0.616035 0.491443 0.615617
vn 0.861922 0.140198 -0.487274
vn -0.373048 0.136833 -0.917667
vn 0.413221 0.064743 -0.908326
vn -0.789876 -0.349789 0.503730
vn -0.849594 -0.201798 0.487306
vn -0.413608 -0.557722 0.719635
vn -0.392663 -0.548834 0.737968
vn -0.731777 -0.405199 0.548011
vn -0.127014 0.190993 0.973339
vn -0.468178 -0.316412 0.825041
vn -0.987214 -0.037705 -0.154878
vn -0.846484 -0.517911 0.123420
vn -0.953410 -0.029127 -0.300267
vn -0.699432 -0.375366 -0.608190
vn -0.964896 0.259874 -0.037964
vn -0.552500 -0.668897 -0.497313
vn -0.460500 -0.711328 0.530992
vn -0.154827 -0.242391 -0.957745
vn -0.450459 -0.218845 -0.865560
vn -0.745525 -0.173307 -0.643550
vn -0.929424 -0.161621 -0.331739
vn -0.978522 -0.168799 0.118324
vn -0.859576 -0.215508 0.463341
vn -0.490942 -0.390539 0.778752
vn -0.809042 -0.327527 0.488035
vn 0.255633 -0.964848 -0.060995
vn -0.026110 0.154076 0.987714
vn -0.791675 -0.339497 0.507930
vn -0.736046 -0.372994 0.564900
vn -0.025432 -0.538741 -0.842087
vn -0.875730 0.034405 0.481573
vn -0.000016 -0.267835 -0.963465
vn -0.000010 0.258406 -0.966036
vn -0.978135 -0.013282 0.207547
vn -0.957967 0.000176 0.286879
vn 0.000010 0.985317 -0.170738
vn -0.000016 -0.978482 -0.206333
vn -0.934265 0.244353 0.259692
vn -0.000007 0.768556 -0.639783
vn -0.953643 0.029627 0.299480
vn -0.000018 -0.738061 -0.674734
vn -0.926642 0.112711 0.358651
vn 0.000018 0.972494 0.232930
vn -0.978237 -0.014213 0.207005
vn -0.000007 -0.976846 0.213945
vn -0.967038 0.092147 0.237374
vn 0.000010 -0.279382 0.960180
vn -0.980756 0.000257 0.195236
vn 0.000016 0.307400 0.951580
vn -0.979408 -0.000972 0.201887
vn 0.000029 0.999991 -0.004310
vn -0.969537 0.001046 0.244944
vn -0.000000 -0.999991 -0.004216
vn -0.938150 0.248708 0.240873
vn 0.000019 0.769867 0.638205
vn -0.979883 0.000169 0.199571
vn 0.000008 -0.754787 0.655970
vn -0.979995 0.002811 0.199001
vn -0.000016 -0.241444 -0.970415
vn -0.000009 0.236285 -0.971684
vn 0.000011 0.969143 -0.246500
vn -0.000017 -0.959731 -0.280922
vn -0.000003 0.700385 -0.713766
vn -0.000019 -0.691920 -0.721974
vn 0.000017 0.983737 0.179617
vn -0.000012 -0.986612 0.163087
vn 0.000007 -0.299756 0.954016
vn 0.000016 0.333077 0.942900
vn 0.000028 0.999990 -0.004445
vn -0.000001 -0.999994 -0.003594
vn 0.000019 0.800511 0.599318
vn 0.000001 -0.792365 0.610048
vn -0.429409 0.126998 0.894136
vn -0.933310 0.003600 -0.359053
vn -0.732955 -0.011833 -0.680174
vn -0.346777 -0.025728 -0.937595
vn -0.973446 -0.004554 0.228870
vn -0.769130 0.031332 0.638324
vn -0.787572 -0.004426 0.616206
vn -0.999386 0.001731 -0.034993
vn -0.780742 0.026209 0.624304
vn -0.970050 -0.004608 0.242861
vn -0.934025 -0.004845 0.357175
vn -0.999997 0.002516 0.000532
vn -0.954902 0.147053 0.257949
vn -0.956796 -0.003602 0.290738
vn -0.955720 0.000527 0.294277
vn -0.942371 0.043577 0.331721
vn -0.909392 -0.047117 0.413263
vn -0.784601 -0.007357 0.619958
vn -0.275674 0.090000 -0.957029
vn -0.951213 -0.010863 0.308345
vn -0.973723 -0.008753 0.227568
vn -0.825495 0.035085 0.563318
vn -0.996572 0.010811 -0.082016
vn -0.989513 0.001940 0.144430
vn -0.994489 -0.007819 0.104553
vn -0.930153 -0.008390 0.367076
vn -0.929030 0.003919 0.369983
vn -0.959665 0.000000 0.281147
vn -0.959634 -0.008039 0.281138
vn -0.959665 0.000000 0.281147
vn -0.959634 -0.008015 0.281138
vn -0.959541 -0.016053 0.281111
vn -0.959541 -0.016053 0.281111
vn -0.855559 0.048736 0.515407
vn -0.887117 0.029155 0.460623
vn -0.890119 0.029067 0.454801
vn -0.905369 0.003678 0.424609
vn -0.858369 0.049607 0.510629
vn -0.903120 0.004343 0.429366
vn -0.895042 -0.001641 0.445978
vn -0.894226 -0.001206 0.447614
vn -0.895046 -0.001086 0.445972
vn -0.895351 -0.001600 0.445359
vn -0.878456 0.006975 0.477773
vn -0.875864 -0.003772 0.482543
vn -0.874959 0.009590 0.484103
vn -0.874996 -0.003888 0.484115
vn -0.959597 -0.008961 0.281236
vn -0.956220 -0.007608 0.292549
vn -0.799955 -0.412992 -0.435328
vn -0.971546 -0.079579 0.223082
vn -0.964282 -0.137316 0.226504
vn -0.940815 -0.171283 0.292454
vn -0.959978 -0.025157 0.278943
vn -0.864407 -0.078750 0.496587
vn -0.859856 -0.083237 0.503706
vn -0.873895 -0.038942 0.484552
vn -0.887424 -0.007547 0.460892
vn -0.887633 -0.008980 0.460463
vn -0.918151 -0.000554 0.396230
vn -0.920230 -0.000000 0.391377
vn -0.874647 -0.034591 0.483524
vn -0.963075 -0.073456 0.259019
vn -0.962400 -0.047645 0.267424
vn -0.963749 -0.078986 0.254851
vn -0.964226 -0.095642 0.247226
vn -0.965056 -0.094366 0.244462
vn -0.959701 -0.036858 0.278596
vn -0.782124 -0.329514 0.528868
vn 0.156892 -0.952070 -0.262578
vn -0.803745 -0.326152 0.497613
vn 0.370032 -0.909777 0.188103
vn 0.126465 -0.949555 -0.286971
vn 0.373554 -0.922545 0.096791
vn -0.771588 -0.380838 0.509523
vn -0.997082 0.004319 0.076214
vn -0.997231 -0.002839 0.074318
vn -0.243130 0.005898 0.969976
vn -0.542188 -0.002642 0.840253
vn -0.537947 0.002546 0.842975
vn -0.484600 -0.002378 0.874733
vn -0.496859 0.040820 0.866871
vn -0.997925 -0.002554 0.064342
vn -0.997519 -0.000354 0.070394
vn -0.390455 -0.075399 0.917529
vn -0.658353 -0.577508 0.482759
vn 0.013642 0.311511 -0.950144
vn -0.359434 -0.716553 -0.597795
vn -0.354556 -0.628928 -0.691910
vn -0.003711 0.293661 -0.955903
vn -0.077015 0.050358 -0.995757
vn -0.132942 0.059117 -0.989359
vn -0.346607 -0.706217 -0.617350
vn -0.290782 -0.773573 0.563054
vn -0.355115 -0.637297 -0.683920
vn -0.302380 -0.756719 0.579606
vn -0.293652 -0.758937 0.581191
vn -0.992168 -0.043413 -0.117126
vn -0.981873 -0.161463 0.099268
vn -0.980891 -0.158267 0.113157
vn -0.993633 -0.019024 -0.111050
vn 0.984363 -0.161826 0.069580
vn 0.991763 -0.015739 -0.127113
vn 0.981866 -0.052480 -0.182165
vn 0.824159 -0.557242 0.101207
vn -0.860461 -0.508305 0.035109
vn 0.986549 -0.157576 0.043489
vn -0.952603 -0.301722 0.038868
vn 0.929512 -0.350683 0.114144
vn -0.933496 -0.355181 0.049308
vn 0.916079 -0.387162 0.104426
vn -0.229417 -0.718818 0.656253
vn -0.273222 -0.397093 -0.876166
vn -0.138406 -0.710470 0.689983
vn -0.315422 -0.484766 -0.815789
vn -0.230424 -0.634195 0.738039
vn -0.313446 -0.479347 -0.819743
vn 0.105601 0.344488 -0.932832
vn -0.993772 -0.034067 -0.106096
vn -0.993646 -0.017958 -0.111109
vn -0.060601 0.041585 -0.997295
vn 0.991023 -0.012801 -0.133076
vn -0.069724 0.057214 -0.995924
vn -0.270211 -0.386688 -0.881736
vn 0.047510 0.295031 -0.954306
vn 0.982659 -0.044665 -0.179963
vn -0.824811 0.554630 -0.109875
vn -0.468440 0.581655 -0.665012
vn -0.136350 -0.026446 -0.990308
vn -0.073410 -0.010703 -0.997244
vn 0.036496 0.823761 0.565762
vn 0.075889 0.076124 0.994206
vn 0.036472 0.824816 0.564224
vn -0.059810 0.716034 -0.695498
vn 0.079071 -0.021399 0.996639
vn -0.278972 -0.730041 0.623871
vn 0.064312 -0.027440 0.997553
vn -0.330411 -0.522561 -0.785976
vn -0.274350 -0.728544 0.627659
vn 0.017058 0.298098 -0.954383
vn -0.318959 -0.511500 -0.797893
vn -0.093498 -0.039957 -0.994817
vn 0.276967 0.892798 0.355247
vn -0.065612 -0.044335 -0.996860
vn 0.063133 0.100174 0.992965
vn 0.278077 0.893811 0.351818
vn 0.018659 -0.027974 0.999435
vn 0.240211 0.716224 -0.655227
vn -0.238761 -0.536839 0.809196
vn 0.035517 -0.021872 0.999130
vn -0.244053 -0.323440 -0.914234
vn -0.227444 -0.534191 0.814193
vn 0.069738 0.264188 -0.961946
vn -0.234655 -0.319706 -0.918000
vn -0.142417 -0.014652 0.989698
vn 0.044083 0.291909 -0.955430
vn -0.497425 -0.705977 -0.504147
vn -0.601867 -0.244970 -0.760096
vn 0.005907 0.227974 -0.973649
vn -0.853361 0.107200 -0.510179
vn -0.854194 -0.284948 0.434922
vn 0.427768 -0.386850 0.816922
vn 0.396893 -0.519253 0.756870
vn -0.823243 -0.284568 0.491216
vn -0.009148 0.286014 -0.958182
vn -0.230029 -0.048098 -0.971994
vn 0.027884 0.343253 -0.938829
vn -0.182195 -0.039973 -0.982450
vn -0.497818 -0.036824 -0.866499
vn -0.024897 0.206159 -0.978202
vn 0.022997 0.320732 -0.946891
vn -0.114123 -0.001113 -0.993466
vn -0.003548 0.294230 -0.955728
vn -0.154880 -0.048626 -0.986736
vn 0.028705 0.297444 -0.954308
vn -0.156291 -0.070504 -0.985192
vn 0.047492 0.294983 -0.954321
vn 0.955538 -0.013508 -0.294558
vn -0.124723 -0.034439 -0.991594
vn 0.104249 0.341690 -0.934013
vn -0.999485 -0.029172 -0.013374
vn -0.090450 -0.036251 -0.995241
vn 0.070576 0.260847 -0.962797
vn -0.125244 -0.097010 -0.987372
vn 0.078821 0.200990 -0.976417
vn -0.060660 -0.016822 -0.998017
vn -0.380235 -0.099259 -0.919548
vn 0.022104 0.058709 -0.998030
vn 0.272167 0.962235 -0.005313
vn -0.032423 -0.021633 -0.999240
vn 0.310042 0.770315 0.557216
vn -0.045142 -0.008722 -0.998942
vn 0.278557 0.679133 0.679106
vn -0.056177 0.024838 -0.998112
vn 0.073249 0.889227 0.451564
vn -0.053655 0.081339 -0.995241
vn 0.069140 0.654235 0.753124
vn -0.097209 0.067288 -0.992987
vn -0.683883 0.406234 -0.606035
vn -0.016181 0.998076 0.059856
vn -0.999996 -0.002287 -0.001873
vn -0.069841 -0.011811 -0.997488
vn 0.040741 0.772977 0.633125
vn 0.082214 0.116726 0.989755
vn 0.996406 0.004289 0.084592
vn 0.080753 0.813532 -0.575886
vn 0.064765 0.099958 0.992882
vn 0.239231 0.717314 -0.654392
vn -0.999999 0.000715 0.000938
vn 0.055364 0.082395 0.995061
vn 0.194797 0.597784 -0.777630
vn -0.026541 -0.014741 -0.999539
vn 0.996655 0.004447 0.081602
vn 0.092950 0.893916 0.438492
vn -0.061060 -0.020486 -0.997924
vn -0.070316 -0.042578 -0.996616
vn 0.278151 0.679028 0.679377
vn -0.999999 0.000709 0.000897
vn -0.062134 -0.086851 -0.994282
vn 0.310521 0.771804 0.554883
vn -0.999997 -0.002355 -0.000786
vn -0.042663 0.946603 0.319565
vn -0.070018 -0.011440 -0.997480
vn -0.075532 -0.004315 -0.997134
vn 0.069138 0.653385 0.753862
vn -0.335533 0.239267 0.911136
vn -0.051433 0.860622 -0.506640
vn 0.082487 0.038402 0.995852
vn 0.034828 0.857814 0.512779
vn -0.093399 0.040397 -0.994809
vn 0.034958 0.857141 0.513894
vn -0.097669 0.053369 -0.993787
vn -0.017722 0.998774 0.046218
vn 0.081437 -0.014655 0.996571
vn 0.069246 0.104013 0.992162
vn -0.999997 -0.002358 -0.000740
vn -0.042322 0.852440 -0.521109
vn 0.080482 0.065746 0.994585
vn -0.059766 0.718625 -0.692825
vn 0.084861 0.030923 0.995913
vn -0.051246 0.862763 -0.503005
vn -0.143874 -0.029269 -0.989163
vn -0.049802 -0.013080 -0.998673
vn -0.359447 -0.090331 -0.928783
vn 0.938746 -0.008137 -0.344514
vn -0.120047 -0.020476 -0.992557
vn -0.161302 -0.009391 -0.986860
vn -0.181795 -0.019730 -0.983139
vn -0.260477 -0.035137 -0.964840
vn -0.492902 -0.076357 -0.866728
vn -0.989487 -0.017417 -0.143567
vn -0.082994 -0.024144 -0.996257
vn -0.389271 -0.048491 -0.919846
vn -0.415257 -0.083229 -0.905889
vn -0.958827 0.008027 -0.283878
vn -0.998734 0.002451 -0.050244
vn -0.950719 -0.220893 0.217575
vn -0.937440 -0.272463 0.216725
vn -0.596474 -0.794883 -0.111264
vn -0.108873 -0.308236 0.945059
vn -0.196910 -0.022820 -0.980156
vn 0.999970 0.007075 0.003045
vn 0.434035 0.608385 -0.664441
vn 0.999891 0.006646 0.013184
vn 0.420987 -0.654766 -0.627736
vn 0.719148 0.050952 -0.692986
vn 0.200487 -0.934368 -0.294551
vn 0.999888 0.006638 0.013382
vn 0.524206 0.089785 -0.846845
vn 0.259648 -0.895960 -0.360333
vn -0.525080 -0.582184 -0.620768
vn -0.539010 -0.584503 -0.606485
vn 0.053442 -0.932483 -0.357240
vn 0.296819 0.120911 -0.947248
vn 0.230498 0.905245 -0.356934
vn 0.712495 -0.004511 -0.701662
vn 0.999969 0.007062 0.003353
vn 0.195601 0.927564 -0.318379
vn 0.498506 -0.001931 -0.866884
vn -0.508632 0.618577 -0.598878
vn 0.087342 0.916682 -0.389955
vn -0.515551 0.619447 -0.592024
vn 0.263417 0.019560 -0.964484
vn 0.084585 0.921198 -0.379789
vn -0.775271 -0.000000 -0.631628
vn 0.141343 0.012187 -0.989886
vn 0.049170 -0.938362 -0.342139
vn -0.775271 0.000000 -0.631628
vn 0.135583 0.065400 -0.988605
vn 0.639014 -0.651376 0.409110
vn 0.790237 -0.433619 0.433013
vn 0.659317 -0.572539 -0.487340
vn 0.696686 -0.462182 -0.548649
vn 0.658926 0.099056 0.745657
vn -0.000303 -0.001780 0.999998
vn 0.043537 -0.007977 0.999020
vn 0.774232 -0.002399 0.632897
vn 0.950073 -0.082449 0.300938
vn 0.586970 -0.162294 0.793175
vn 0.837286 -0.221591 0.499849
vn 0.398536 0.206169 0.893680
vn 0.002000 0.000034 0.999998
vn 0.006174 -0.003876 0.999973
vn 0.000037 0.705950 0.708262
vn -0.000096 0.705848 0.708364
vn -0.000255 0.706199 -0.708014
vn -0.000159 0.706352 -0.707861
vn 0.458601 -0.887656 -0.041869
vn 0.460812 -0.706728 -0.536831
vn 0.484831 -0.195001 -0.852592
vn 0.477726 0.173685 -0.861169
vn 0.455085 0.740594 -0.494387
vn 0.445293 0.895340 0.008992
vn 0.424559 0.899286 0.105045
vn 0.506443 0.846473 0.164313
vn 0.487401 0.634280 0.600107
vn 0.364229 -0.306589 0.879398
vn 0.772876 -0.227067 0.592539
vn 0.423117 -0.703002 0.571629
vn 0.432317 -0.870438 0.235455
vn 0.397540 -0.912444 0.096996
vn -1.000000 0.000000 0.000000
vn -0.538160 0.027236 -0.842403
vn 0.659115 0.019825 -0.751781
vn 0.753148 -0.545534 -0.367642
vn -1.000000 0.000000 0.000000
vn -1.000000 0.000000 0.000000
vn 0.102789 -0.321315 0.941377
vn -0.519194 -0.821237 -0.236660
vn 1.000000 0.000000 0.000000
vn 0.083972 -0.307622 0.947796
vn 1.000000 -0.000045 -0.000680
vn 0.331573 -0.111814 -0.936780
vn 1.000000 -0.000017 -0.000734
vn 0.311825 0.003482 -0.950133
vn 0.790788 0.101449 -0.603624
vn -0.637308 0.130205 -0.759529
vn -0.722142 -0.084209 -0.686600
vn -0.723511 0.002190 -0.690310
vn 0.604318 0.071605 -0.793519
vn 0.000082 -1.000000 0.000193
vn -0.593670 0.080251 -0.800697
vn -0.000102 -1.000000 0.000206
vn -0.071752 -0.894948 0.440364
vn -0.998035 -0.061819 -0.010227
vn 0.998040 -0.061460 -0.011787
vn 0.059914 -0.888621 0.454711
vn -0.016297 -0.419606 0.907560
vn -0.999166 -0.033530 -0.023305
vn 0.398388 -0.382052 0.833860
vn 0.997161 -0.060404 -0.044967
vn -0.476903 -0.007227 -0.878926
vn -1.000000 -0.000167 0.000663
vn 0.672509 -0.006602 -0.740060
vn 0.958598 -0.282773 0.033597
vn -1.000000 -0.000129 0.000687
vn 0.618860 -0.471641 -0.628146
vn -0.261539 -0.328287 0.907648
vn -0.282336 -0.853169 -0.438621
vn 0.615955 -0.267304 0.741045
vn 0.261534 -0.827570 0.496717
vn 0.312101 -0.705633 -0.636141
vn 0.968506 -0.246226 -0.037005
vn 0.326635 -0.720808 -0.611347
vn -0.007590 0.300992 -0.953597
vn 0.967873 -0.154953 -0.198018
vn 0.245778 -0.723451 0.645145
vn 0.879911 -0.426461 -0.209495
vn 0.310200 -0.742193 0.594076
vn -0.356588 -0.846467 -0.395396
vn -0.902853 -0.413966 -0.116143
vn 0.360565 -0.651908 -0.667090
vn 0.381452 -0.828904 0.409161
vn 0.359966 -0.644618 -0.674457
vn -0.874395 -0.234468 -0.424805
vn -0.010528 0.293051 -0.956039
vn -1.000000 -0.000121 0.000671
vn -0.448136 -0.305518 0.840139
vn 1.000000 -0.000019 -0.000711
vn 0.303092 -0.327249 0.895011
vn -1.000000 -0.000167 0.000683
vn -1.000000 -0.000094 0.000602
vn 1.000000 -0.000012 -0.000691
vn 0.322279 -0.553270 -0.768134
vn 0.974691 -0.218013 -0.049478
vn 0.278102 -0.717258 0.638906
vn 0.322090 -0.552474 -0.768785
vn 0.953164 -0.156406 -0.258873
vn -0.047542 0.304139 -0.951441
vn 0.282614 -0.718983 0.634975
vn 0.794008 -0.583828 0.169399
vn 0.311219 -0.499932 -0.808214
vn 0.307484 -0.682460 0.663100
vn -0.952712 -0.301412 -0.038601
vn 0.314680 -0.694402 0.647134
vn -0.305827 -0.948089 0.087161
vn 0.308798 -0.493012 -0.813377
vn -0.100789 0.341745 -0.934373
vn -0.929611 -0.158958 -0.332499
vn -1.000000 0.000000 0.000000
vn 0.084186 -0.317941 0.944366
vn -1.000000 0.000000 0.000000
vn -1.000000 0.000000 0.000000
vn 1.000000 0.000000 0.000000
vn 0.222298 -0.298019 0.928315
vn 1.000000 -0.000007 0.000007
vn -1.000000 0.000000 0.000000
vn -1.000000 0.000001 -0.000001
vn -1.000000 0.000000 0.000000
vn -1.000000 0.000000 0.000000
vn -0.005262 -0.862195 0.506549
vn 0.000015 -1.000000 0.000196
vn -0.000019 -1.000000 0.000235
vn 0.007777 0.127082 -0.991862
vn -0.005472 -0.855818 0.517249
vn 0.444460 -0.792858 0.416932
vn 0.785918 -0.494161 0.371669
vn 0.979480 -0.020393 0.200507
vn 0.000001 -0.927909 0.372807
vn 0.486461 -0.502836 0.714502
vn 0.826598 -0.267333 0.495247
vn 0.974681 -0.026165 0.222065
vn -0.001623 -0.631832 0.775104
vn 0.000027 -0.875188 -0.483784
vn 0.448666 -0.832402 -0.325277
vn 0.778063 -0.616293 -0.121661
vn 0.970912 0.009937 0.239229
vn 0.000019 -0.483926 -0.875109
vn 0.465825 -0.505927 -0.725978
vn 0.798289 -0.388844 -0.459930
vn 0.960326 -0.005476 0.278827
vn 0.484068 0.509466 -0.711423
vn 0.826617 0.375038 -0.419584
vn 0.949112 0.020801 0.314250
vn 0.000012 0.477807 -0.878465
vn 0.410273 0.879475 -0.241246
vn 0.722103 0.686517 -0.085212
vn 0.955801 0.003034 0.293998
vn -0.000000 0.900249 -0.435376
vn 0.878455 0.348692 0.326696
vn 0.982380 0.056334 0.178201
vn 0.535641 0.757482 0.373242
vn -0.000010 0.943863 0.330338
vn 0.752336 0.332572 0.568671
vn 0.977526 0.014564 0.210312
vn 0.427821 0.522788 0.737334
vn 0.010237 0.606652 0.794902
vn 0.963417 0.008184 0.267881
vn 0.971079 0.007138 0.238650
vn 0.924444 0.017351 0.380922
vn 0.988661 0.006145 0.150040
vn 0.965204 0.001721 0.261492
vn 0.945701 0.022353 0.324267
vn 0.963671 0.010063 0.266903
vn 0.971030 0.008447 0.238809
vn 0.978210 0.005621 0.207542
vn 0.975432 0.014148 0.219844
vn 0.962605 0.010845 0.270693
vn 0.958096 0.011880 0.286202
vn 0.976193 0.015738 0.216331
vn 0.974437 0.009999 0.224440
vn -0.808517 0.015508 -0.588269
vn -0.999814 0.019212 -0.001724
vn 0.806531 0.015453 -0.590990
vn 0.999813 0.019242 -0.001647
vn 0.009727 -0.820848 -0.571063
vn 0.011642 -0.999932 0.000000
vn 0.009711 0.818541 -0.574366
vn 0.011610 0.999933 0.000000
vn -0.808517 0.015508 -0.588269
vn -0.999814 0.019212 -0.001724
vn 0.806531 0.015453 -0.590990
vn 0.999813 0.019242 -0.001647
vn 0.009727 -0.820848 -0.571063
vn 0.011642 -0.999932 0.000000
vn 0.009711 0.818541 -0.574366
vn 0.011610 0.999933 0.000000
vn -0.808518 0.015517 -0.588268
vn -0.999814 0.019222 -0.001724
vn 0.806532 0.015461 -0.590989
vn 0.999813 0.019253 -0.001647
vn 0.009727 -0.820848 -0.571063
vn 0.011642 -0.999932 0.000000
vn 0.009711 0.818540 -0.574368
vn 0.011610 0.999933 0.000000
vn -0.808516 0.015499 -0.588270
vn -0.999814 0.019201 -0.001724
vn 0.806530 0.015444 -0.590991
vn 0.999814 0.019231 -0.001647
vn 0.009726 -0.820848 -0.571063
vn 0.011642 -0.999932 0.000000
vn 0.009711 0.818543 -0.574364
vn 0.011610 0.999933 0.000000
vn 0.978546 0.003383 0.206002
vn 0.982439 -0.017484 0.185761
vn 0.999981 0.006097 -0.000838
vn 0.999979 0.006408 -0.000574
vn 0.999980 0.005923 -0.002341
vn 0.999979 0.006191 0.001669
vn 0.903226 0.018872 0.428751
vn 0.931206 -0.000737 0.364493
vn 0.987008 -0.004685 0.160606
vn 0.999981 0.005957 -0.001865
vn 0.999980 0.006273 -0.000205
vn -0.999981 0.006097 -0.000838
vn -0.998404 0.007691 0.055952
vn -0.999979 0.006408 -0.000574
vn -0.999980 0.005923 -0.002341
vn -0.999979 0.006191 0.001669
vn -0.984876 -0.000200 0.173259
vn -0.967469 0.000000 0.252990
vn -0.931759 -0.000000 0.363078
vn -0.644086 0.035308 0.764138
vn -0.791494 -0.005519 0.611152
vn -0.996288 -0.002568 0.086043
vn -0.887105 0.019736 0.461146
vn -0.978951 -0.000870 0.204095
vn -0.938362 -0.006469 0.345594
vn -0.980632 0.000437 0.195858
vn -0.970663 0.000000 0.240444
vn -0.953852 0.001084 0.300274
vn -0.953204 0.000265 0.302329
vn -0.940570 -0.016302 0.339207
vn -0.984803 -0.017069 0.172835
vn -0.825495 0.035085 0.563318
vn -0.992630 0.017442 0.119924
vn -0.990861 0.003258 0.134847
vn -0.999543 -0.002024 0.030155
vn -0.926467 -0.006789 0.376315
vn -0.902906 -0.012649 0.429652
vn -0.999980 0.005957 -0.001865
vn -0.999980 0.006273 -0.000205
vn 0.978744 -0.003726 0.205050
vn 0.977762 0.008170 0.209557
vn 0.933386 0.000702 0.358873
vn 0.944628 -0.002222 0.328135
vn 0.910549 0.020799 0.412878
vn 0.936002 -0.000375 0.351994
vn 0.850268 0.067837 0.521960
vn 0.986375 -0.004055 0.164466
vn 0.978618 -0.000629 0.205686
vn 0.940302 -0.001059 0.340339
vn 0.979080 0.001083 0.203473
vn 0.979579 0.002092 0.201050
vn 0.971061 0.034087 0.236385
vn 0.980626 0.007481 0.195746
vn 0.978717 0.012719 0.204821
vn 0.979113 -0.004781 0.203262
vn 0.980503 0.001197 0.196500
vn 0.979713 0.001839 0.200399
vn 0.978623 -0.000357 0.205663
vn 0.976973 -0.009053 0.213170
vn 0.973106 0.022555 0.229250
vn 0.944466 -0.002238 0.328601
vn 0.944779 -0.001905 0.327704
vn 0.944774 -0.001903 0.327716
vn 0.944464 -0.001880 0.328610
vn 0.967828 -0.070982 0.241391
vn 0.969857 0.030511 0.241756
vn 0.959762 -0.004048 0.280785
vn 0.967218 -0.001789 0.253940
vn 0.955131 -0.044876 0.292764
vn 0.966731 -0.050749 0.250709
vn 0.952733 0.046694 0.300198
vn 0.968896 -0.000675 0.247468
vn 0.976059 0.019330 0.216646
vn 0.971579 0.036143 0.233941
vn 0.981100 0.003436 0.193469
vn 0.977244 -0.020863 0.211091
vn 0.970003 0.033000 0.240844
vn 0.967995 -0.074960 0.239513
vn 0.976236 0.008273 0.216554
vn 0.976554 0.000545 0.215271
vn 0.977773 -0.054882 0.202354
vn 0.979632 -0.049989 0.194481
vn 0.967730 -0.002641 0.251975
vn 0.967951 0.024306 0.249961
vn 0.965833 0.000008 0.259165
vn 0.954522 -0.019604 0.297495
vn 0.976574 0.109707 0.185118
vn 0.980689 0.016300 0.194892
vn 0.960841 -0.009450 0.276940
vn 0.970076 0.019734 0.241998
vn 0.969700 0.004415 0.244261
vn 0.965177 -0.032087 0.259621
vn 0.963290 -0.092811 0.251909
vn 0.966655 -0.057321 0.249586
vn 0.966459 -0.002574 0.256807
vn 0.965672 -0.002126 0.259757
vn 0.952578 0.039854 0.301672
vn 0.953522 0.006205 0.301261
vn 0.957949 -0.069894 0.278295
vn 0.954401 -0.033778 0.296610
vn 0.971585 -0.016828 0.236091
vn 0.975350 0.115522 0.188008
vn 0.978586 0.045697 0.200700
vn 0.980886 0.036625 0.191107
vn 0.979896 -0.000605 0.199510
vn 0.974906 -0.030441 0.220527
vn 0.980225 -0.010058 0.197630
vn 0.978554 -0.052955 0.199069
vn 0.979015 -0.042697 0.199267
vn 0.975937 -0.050294 0.212175
vn 0.970398 -0.002247 0.241501
vn 0.962281 0.081677 0.259507
vn -0.000247 0.999996 -0.002713
vn -0.000589 0.999996 -0.002674
vn -0.000682 0.999996 -0.002612
vn 0.010050 -0.322134 0.946641
vn -0.001589 -0.313071 -0.949728
vn 0.577931 -0.580425 0.573676
vn 0.577065 -0.573888 -0.581075
vn 0.000455 -0.712346 0.701828
vn -0.000047 -0.700935 -0.713225
vn -0.000603 0.308644 0.951178
vn -0.000601 0.999997 -0.002325
vn -0.000881 0.321251 -0.946994
vn 0.703755 -0.007060 0.710407
vn 0.710124 0.007736 -0.704034
vn -0.000116 -0.013350 0.999911
vn 0.000102 0.013350 -0.999911
vn -0.000825 -0.999993 -0.003731
vn -0.001432 -0.999987 -0.004996
vn 0.000711 -0.001114 0.999999
vn 0.000075 0.000234 1.000000
vn 0.003174 -0.002935 0.999991
vn 0.000540 -0.002573 0.999997
vn 0.001037 -0.002824 0.999995
vn 0.001365 -0.004258 0.999990
vn -0.000123 -0.712343 0.701832
g fff00122_00012_000477e5_e1
f 799/1038/1051 800/1041/1053 778/1033/1014
f 802/1029/1055 803/1044/1057 804/1045/1058
f 798/1037/1050 809/1057/1069 809/1056/1068
f 800/1039/1052 799/1040/1051 779/1034/1015
f 801/1042/1054 779/1031/1016 806/1050/1063
f 803/1043/1056 800/1032/1052 798/1036/1049
f 798/1036/1049 800/1032/1052 779/1034/1015
f 779/1034/1015 799/1038/1051 778/1033/1014
f 802/1029/1055 807/1052/1065 797/1030/1047
f 804/1045/1058 804/1046/1059 808/1053/1066
f 802/1029/1055 804/1045/1058 808/1053/1066
f 809/1056/1068 810/1059/1071 803/1043/1056
f 807/1051/1064 801/1042/1054 806/1050/1063
f 805/1047/1060 805/1048/1061 804/1046/1059
f 808/1054/1067 804/1046/1059 805/1048/1061
f 797/1030/1047 807/1052/1065 806/1049/1062
f 808/1053/1066 804/1046/1059 808/1054/1067
f 802/1029/1055 808/1053/1066 807/1052/1065
f 806/1049/1062 807/1055/1065 805/1048/1061
f 807/1055/1065 808/1054/1067 805/1048/1061
f 810/1059/1071 800/1032/1052 803/1043/1056
f 798/1037/1050 809/1056/1068 803/1043/1056
f 809/1058/1070 800/1032/1052 810/1059/1071
g fff00122_00012_000477e5_e2
f 73/182/108 247/184/313 246/187/312
f 137/186/173 73/182/108 246/187/312
f 249/185/315 73/182/108 137/186/173
f 73/182/108 248/183/314 247/184/313
f 138/175/174 122/178/158 224/179/274
f 215/174/264 138/175/174 217/176/266
f 50/180/66 224/179/274 122/178/158
f 217/176/266 138/175/174 219/177/268
f 142/51/178 141/50/177 146/49/182
f 50/180/66 122/178/158 121/181/157
f 222/30/271 218/31/267 226/54/278
f 221/33/270 136/34/172 744/926/969
f 743/924/968 221/33/270 744/926/969
f 226/52/277 222/30/271 226/54/278
f 118/36/154 113/37/149 143/38/179
f 58/39/83 145/40/181 58/41/82
f 215/174/264 122/178/158 138/175/174
f 113/42/149 223/35/272 213/32/262
f 140/44/176 143/38/179 113/37/149
f 147/45/183 58/41/82 145/40/181
f 58/39/83 58/41/82 117/46/153
f 117/46/153 58/41/82 51/47/67
f 148/48/184 146/49/182 141/50/177
f 118/43/154 223/35/272 113/42/149
f 400/182/523 528/187/719 529/184/720
f 431/186/588 528/187/719 400/182/523
f 531/185/722 431/186/588 400/182/523
f 400/182/523 529/184/720 530/183/721
f 432/175/589 494/179/685 422/178/573
f 485/174/675 486/176/677 432/175/589
f 383/180/482 422/178/573 494/179/685
f 486/176/677 488/177/679 432/175/589
f 435/51/593 439/49/597 434/50/592
f 383/180/482 422/181/572 422/178/573
f 491/30/682 498/54/689 487/31/678
f 490/33/681 487/31/678 430/34/587
f 491/30/682 487/31/678 490/33/681
f 497/52/688 498/54/689 491/30/682
f 420/36/569 436/38/594 417/37/564
f 392/39/498 391/41/497 438/40/596
f 485/174/675 432/175/589 422/178/573
f 417/42/564 484/32/673 492/35/683
f 433/44/591 417/37/564 436/38/594
f 440/45/598 438/40/596 391/41/497
f 392/39/498 419/46/568 391/41/497
f 419/46/568 383/47/483 391/41/497
f 441/48/599 434/50/592 439/49/597
f 420/43/569 417/42/564 492/35/683
f 222/30/271 738/916/962 218/31/267
f 738/916/962 738/918/963 218/31/267
f 738/916/962 743/924/968 738/918/963
f 743/924/968 744/926/969 738/918/963
g fff00122_00012_000477e5_e3
f 163/220/204 161/222/200 268/228/334
f 162/224/202 163/227/203 164/225/206
f 258/387/324 262/422/328 261/388/327
f 250/420/316 257/419/323 252/418/318
f 250/420/316 252/418/318 251/421/317
f 254/414/320 252/418/318 253/415/319
f 162/224/202 163/220/204 163/227/203
f 162/224/202 164/225/206 164/226/205
f 253/415/319 252/418/318 257/419/323
f 255/416/321 253/415/319 256/417/322
f 268/228/334 161/222/200 322/546/389
f 254/414/320 253/415/319 255/416/321
f 163/220/204 162/221/202 161/222/200
f 258/387/324 261/388/327 260/389/326
f 259/390/325 258/387/324 260/389/326
f 237/413/299 236/412/298 238/411/302
f 263/391/329 258/387/324 259/390/325
f 231/392/287 230/393/285 230/394/286
f 231/395/288 231/392/287 230/394/286
f 232/396/289 231/395/288 232/397/290
f 231/395/288 230/394/286 232/397/290
f 235/398/296 234/399/294 237/400/300
f 234/401/293 238/402/301 233/403/292
f 234/399/294 240/404/306 240/405/305
f 236/406/297 237/400/300 234/399/294
f 239/407/303 233/403/292 238/402/301
f 234/401/293 233/403/292 235/408/295
f 235/408/295 233/403/292 233/409/291
f 239/410/304 238/411/302 236/412/298
f 235/398/296 240/404/306 234/399/294
f 268/228/334 322/546/389 162/223/201
f 459/220/624 550/228/741 458/222/620
f 458/224/622 164/225/206 459/227/623
f 540/387/731 543/388/734 544/422/735
f 532/420/723 534/418/725 539/419/730
f 532/420/723 533/421/724 534/418/725
f 536/414/727 535/415/726 534/418/725
f 458/224/622 459/227/623 459/220/624
f 458/224/622 164/226/205 164/225/206
f 535/415/726 539/419/730 534/418/725
f 537/416/728 538/417/729 535/415/726
f 550/228/741 602/546/802 458/222/620
f 536/414/727 537/416/728 535/415/726
f 459/220/624 458/222/620 458/221/622
f 540/387/731 542/389/733 543/388/734
f 541/390/732 542/389/733 540/387/731
f 519/413/710 522/411/713 518/412/709
f 545/391/736 541/390/732 540/387/731
f 507/392/698 506/394/697 505/393/696
f 508/395/699 506/394/697 507/392/698
f 509/396/700 510/397/701 508/395/699
f 508/395/699 510/397/701 506/394/697
f 516/398/707 520/400/711 514/399/705
f 513/401/704 512/403/703 521/402/712
f 514/399/705 525/405/716 526/404/717
f 517/406/708 514/399/705 520/400/711
f 523/407/714 521/402/712 512/403/703
f 513/401/704 515/408/706 512/403/703
f 515/408/706 511/409/702 512/403/703
f 524/410/715 518/412/709 522/411/713
f 516/398/707 514/399/705 526/404/717
f 550/228/741 458/223/621 602/546/802
g fff00122_00012_000477e5_e5
f 55/549/76 354/538/432 51/207/68
f 324/548/391 317/533/384 323/547/390
f 317/533/384 318/230/385 323/547/390
f 319/543/386 37/206/39 645/745/858
f 647/755/862 646/756/861 128/757/164
f 44/208/53 317/533/384 324/548/391
f 85/71/121 33/97/34 280/451/347
f 173/85/216 172/88/215 279/450/346
f 301/492/368 300/491/367 104/320/140
f 52/190/70 53/191/71 278/444/345
f 363/724/447 105/526/141 104/526/140
f 346/198/417 337/198/406 57/196/79
f 213/70/261 85/71/121 11/72/11
f 151/73/187 152/74/188 225/75/276
f 82/152/118 175/153/218 78/154/113
f 175/76/218 174/78/217 84/79/120
f 89/80/125 174/78/217 175/76/218
f 51/81/68 212/82/259 212/83/260
f 84/79/120 174/78/217 32/84/33
f 174/78/217 173/85/216 32/84/33
f 99/86/135 14/87/14 173/85/216
f 173/85/216 14/87/14 172/88/215
f 212/155/259 52/156/69 211/157/258
f 34/89/35 55/90/75 4/91/4
f 316/219/383 346/527/417 224/195/275
f 97/94/133 93/95/129 69/96/101
f 85/71/121 84/79/120 33/97/34
f 91/98/127 21/99/21 12/100/12
f 85/71/121 280/451/347 11/72/11
f 80/158/116 82/152/118 78/154/113
f 77/101/112 78/77/113 84/79/120
f 80/158/116 78/154/113 77/159/112
f 69/96/101 90/102/126 18/103/18
f 3/104/3 56/105/78 358/709/437
f 212/155/259 211/157/258 77/159/112
f 4/107/4 56/105/78 3/104/3
f 44/442/53 170/443/213 317/534/384
f 70/110/103 91/98/127 12/100/12
f 91/98/127 69/96/101 21/99/21
f 70/110/103 97/94/133 91/98/127
f 301/520/368 111/520/147 363/727/448
f 362/722/446 363/726/448 111/519/147
f 173/85/216 279/450/346 32/84/33
f 151/108/187 55/93/75 152/92/188
f 55/120/76 357/707/436 56/113/78
f 362/721/445 361/719/444 361/718/443
f 89/80/125 99/86/135 174/78/217
f 68/518/100 109/518/145 363/726/448
f 130/204/166 54/205/73 319/542/386
f 150/117/186 151/109/187 59/118/84
f 91/98/127 97/94/133 69/96/101
f 213/70/261 212/83/260 85/71/121
f 176/160/219 89/161/125 175/153/218
f 101/162/137 89/161/125 176/160/219
f 212/83/260 212/82/259 85/71/121
f 51/163/68 169/164/211 212/155/259
f 92/119/128 90/102/126 69/96/101
f 87/273/123 360/716/442 20/271/20
f 55/120/76 56/113/78 129/121/165
f 129/121/165 56/113/78 130/122/166
f 174/78/217 99/86/135 173/85/216
f 130/122/166 56/113/78 55/114/75
f 55/115/75 56/105/78 4/107/4
f 21/99/21 69/96/101 18/103/18
f 5/123/5 225/75/276 34/124/35
f 130/122/166 55/114/75 54/116/73
f 60/125/87 150/117/186 59/118/84
f 59/126/84 151/73/187 225/75/276
f 151/108/187 54/116/73 55/93/75
f 54/127/74 54/116/73 359/713/440
f 225/75/276 152/74/188 34/124/35
f 94/129/130 92/119/128 69/96/101
f 22/488/22 62/364/91 298/487/365
f 90/102/126 15/130/15 18/103/18
f 359/713/440 54/116/73 151/108/187
f 51/81/68 357/707/436 55/120/76
f 33/97/34 84/79/120 32/84/33
f 78/77/113 175/76/218 84/79/120
f 176/160/219 175/153/218 82/152/118
f 94/129/130 69/96/101 93/95/129
f 152/92/188 55/90/75 34/89/35
f 358/711/438 359/712/439 357/708/436
f 77/101/112 84/79/120 85/71/121
f 211/157/258 80/158/116 77/159/112
f 212/82/259 77/101/112 85/71/121
f 212/155/259 169/164/211 52/156/69
f 51/81/68 212/83/260 155/112/191
f 154/106/190 155/112/191 212/83/260
f 154/106/190 212/83/260 213/70/261
f 318/539/385 169/540/211 51/218/68
f 646/537/861 647/750/862 354/670/432
f 51/670/68 325/549/392 318/207/385
f 362/723/446 105/517/141 363/725/447
f 74/165/109 79/166/114 59/167/86
f 72/168/107 131/169/167 58/170/81
f 58/170/81 74/165/109 72/168/107
f 6/171/6 1/172/1 131/169/167
f 58/135/81 131/134/167 86/137/122
f 58/170/81 79/166/114 74/165/109
f 62/138/90 79/133/114 58/135/81
f 241/151/307 59/139/85 89/80/125
f 79/140/115 59/139/85 241/151/307
f 17/141/17 79/140/115 16/142/16
f 59/139/85 99/86/135 89/80/125
f 101/162/137 241/173/307 89/161/125
f 59/139/85 17/141/17 99/86/135
f 17/141/17 59/139/85 79/140/115
f 99/86/135 17/141/17 14/87/14
f 79/133/114 62/138/90 241/151/307
f 95/143/131 2/144/2 61/145/89
f 95/143/131 62/138/90 96/146/132
f 95/143/131 61/145/89 62/138/90
f 10/147/10 2/144/2 95/143/131
f 10/147/10 95/143/131 96/146/132
f 79/140/115 62/138/90 61/145/89
f 16/142/16 79/140/115 61/145/89
f 2/144/2 16/142/16 61/145/89
f 79/140/115 241/151/307 62/138/90
f 59/118/84 90/102/126 92/119/128
f 59/126/84 225/75/276 90/148/126
f 225/75/276 5/123/5 15/149/15
f 60/125/87 59/118/84 92/119/128
f 225/75/276 15/149/15 90/148/126
f 60/125/87 92/119/128 94/129/130
f 10/147/10 86/137/122 8/150/8
f 10/147/10 96/146/132 86/137/122
f 131/134/167 8/150/8 86/137/122
f 96/146/132 58/135/81 86/137/122
f 1/136/1 8/150/8 131/134/167
f 96/146/132 62/138/90 58/135/81
f 72/168/107 6/171/6 131/169/167
f 59/167/86 241/173/307 101/162/137
f 79/166/114 241/173/307 59/167/86
f 317/534/384 170/443/213 649/443/867
f 170/437/213 48/438/62 649/773/867
f 53/191/71 168/192/210 278/445/345
f 323/547/390 318/230/385 325/210/392
f 168/446/210 52/193/69 48/211/62
f 104/320/140 111/315/147 301/492/368
f 44/194/52 43/194/50 46/229/56
f 170/188/213 46/188/56 649/189/866
f 170/447/213 649/771/866 48/541/62
f 301/520/368 363/727/448 109/521/145
f 316/528/383 224/195/275 52/190/70
f 44/194/52 46/229/56 170/229/213
f 649/772/866 168/446/210 48/211/62
f 57/196/79 169/196/212 346/198/417
f 62/364/91 22/488/22 112/318/148
f 169/197/212 53/199/72 346/213/417
f 104/524/140 65/525/97 363/524/447
f 278/212/345 316/528/383 52/190/70
f 363/726/448 362/722/446 68/518/100
f 169/439/211 48/214/62 52/440/69
f 57/196/79 337/198/406 54/480/74
f 325/202/392 51/215/68 354/200/432
f 37/216/39 54/452/74 337/217/406
f 54/452/74 37/216/39 56/453/77
f 319/542/386 54/205/73 56/203/77
f 109/522/145 300/522/367 301/523/368
f 48/214/62 169/441/211 649/774/867
f 44/442/52 170/443/213 44/442/53
f 645/453/858 37/216/39 645/746/859
f 56/203/77 54/205/73 54/201/74
f 346/527/417 53/199/72 224/195/275
f 56/531/77 37/206/39 319/543/386
f 104/320/140 105/314/141 111/315/147
f 105/314/141 110/312/146 111/315/147
f 65/251/97 104/320/140 300/491/367
f 106/516/142 68/516/100 362/723/446
f 51/81/68 155/112/191 358/710/438
f 154/106/190 358/711/438 155/112/191
f 358/709/437 56/105/78 357/708/436
f 51/81/68 358/710/438 357/707/436
f 154/106/190 359/712/439 358/711/438
f 359/712/439 358/709/437 357/708/436
f 359/713/440 151/108/187 150/128/186
f 87/273/123 361/718/443 360/716/442
f 22/317/22 362/721/445 112/318/148
f 361/719/444 360/716/442 361/718/443
f 22/317/22 361/719/444 362/721/445
f 111/519/147 110/519/146 362/722/446
f 105/517/141 362/723/446 110/517/146
f 106/526/142 363/724/447 65/526/97
f 362/723/446 363/725/447 106/516/142
f 605/549/805 384/207/484 598/538/798
f 604/548/804 603/547/803 597/533/797
f 597/533/797 603/547/803 598/230/798
f 599/543/799 426/532/581 424/206/578
f 388/529/492 425/209/579 425/530/580
f 376/208/469 604/548/804 597/533/797
f 406/71/536 280/451/347 364/97/451
f 463/85/631 279/450/346 172/88/215
f 582/492/781 414/320/555 581/491/780
f 385/190/486 560/444/751 385/191/487
f 643/724/854 414/526/555 414/526/556
f 627/198/830 390/196/495 618/198/819
f 213/70/261 11/72/11 406/71/536
f 444/73/602 496/75/687 445/74/603
f 405/152/533 403/154/528 463/153/633
f 463/76/633 406/79/535 463/78/632
f 408/80/540 463/76/633 463/78/632
f 384/81/484 484/83/672 483/82/671
f 406/79/535 364/84/450 463/78/632
f 463/78/632 364/84/450 463/85/631
f 412/86/550 463/85/631 14/87/14
f 463/85/631 172/88/215 14/87/14
f 483/155/671 482/157/670 384/156/485
f 34/89/35 4/91/4 387/90/491
f 596/219/796 495/195/686 627/527/830
f 411/94/548 397/96/516 409/95/544
f 406/71/536 364/97/451 406/79/535
f 408/98/542 12/100/12 21/99/21
f 406/71/536 11/72/11 280/451/347
f 404/158/531 403/154/528 405/152/533
f 402/101/527 406/79/535 403/77/528
f 404/158/531 402/159/527 403/154/528
f 397/96/516 18/103/18 408/102/541
f 3/104/3 358/709/437 390/105/494
f 483/155/671 402/159/527 482/157/670
f 4/107/4 3/104/3 390/105/494
f 376/442/469 597/534/797 462/443/630
f 398/110/518 12/100/12 408/98/542
f 408/98/542 21/99/21 397/96/516
f 398/110/518 408/98/542 411/94/548
f 582/520/781 643/727/855 417/520/562
f 642/722/853 417/519/562 643/726/855
f 463/85/631 364/84/450 279/450/346
f 444/108/602 445/92/603 387/93/491
f 388/120/492 390/113/494 639/707/847
f 642/721/852 641/718/851 361/719/444
f 408/80/540 463/78/632 412/86/550
f 397/518/515 643/726/855 416/518/560
f 426/204/581 599/542/799 386/205/489
f 443/117/601 392/118/499 444/109/602
f 408/98/542 397/96/516 411/94/548
f 213/70/261 406/71/536 484/83/672
f 464/160/634 463/153/633 408/161/540
f 413/162/552 464/160/634 408/161/540
f 484/83/672 406/71/536 483/82/671
f 384/163/484 483/155/671 461/164/628
f 409/119/543 397/96/516 408/102/541
f 407/273/538 20/271/20 360/716/442
f 388/120/492 425/121/580 390/113/494
f 425/121/580 426/122/581 390/113/494
f 463/78/632 463/85/631 412/86/550
f 426/122/581 387/114/491 390/113/494
f 387/115/491 4/107/4 390/105/494
f 21/99/21 18/103/18 397/96/516
f 5/123/5 34/124/35 496/75/687
f 426/122/581 386/116/489 387/114/491
f 393/125/502 392/118/499 443/117/601
f 392/126/499 496/75/687 444/73/602
f 444/108/602 387/93/491 386/116/489
f 387/127/490 640/713/849 386/116/489
f 496/75/687 34/124/35 445/74/603
f 410/129/545 397/96/516 409/119/543
f 22/488/22 298/487/365 394/364/506
f 408/102/541 18/103/18 15/130/15
f 640/713/849 444/108/602 386/116/489
f 384/81/484 388/120/492 639/707/847
f 364/97/451 364/84/450 406/79/535
f 403/77/528 406/79/535 463/76/633
f 464/160/634 405/152/533 463/153/633
f 410/129/545 409/95/544 397/96/516
f 445/92/603 34/89/35 387/90/491
f 640/711/848 639/708/847 359/712/439
f 402/101/527 406/71/536 406/79/535
f 482/157/670 402/159/527 404/158/531
f 483/82/671 406/71/536 402/101/527
f 483/155/671 384/156/485 461/164/628
f 384/81/484 447/112/605 484/83/672
f 154/106/190 484/83/672 447/112/605
f 154/106/190 213/70/261 484/83/672
f 598/539/798 384/218/484 461/540/628
f 425/537/579 388/207/492 638/670/845
f 638/670/845 388/207/492 605/549/805
f 642/723/853 643/725/854 414/517/556
f 401/165/524 393/167/501 403/166/529
f 400/168/522 391/170/496 427/169/582
f 391/170/496 400/168/522 401/165/524
f 6/171/6 427/169/582 1/172/1
f 391/135/496 407/137/537 427/134/582
f 391/170/496 401/165/524 403/166/529
f 394/138/505 391/135/496 403/133/529
f 527/151/718 408/80/540 393/139/500
f 404/140/530 527/151/718 393/139/500
f 17/141/17 16/142/16 404/140/530
f 393/139/500 408/80/540 412/86/550
f 413/162/552 408/161/540 527/173/718
f 393/139/500 412/86/550 17/141/17
f 17/141/17 404/140/530 393/139/500
f 412/86/550 14/87/14 17/141/17
f 403/133/529 527/151/718 394/138/505
f 410/143/546 394/145/504 2/144/2
f 410/143/546 410/146/547 394/138/505
f 410/143/546 394/138/505 394/145/504
f 10/147/10 410/143/546 2/144/2
f 10/147/10 410/146/547 410/143/546
f 404/140/530 394/145/504 394/138/505
f 16/142/16 394/145/504 404/140/530
f 2/144/2 394/145/504 16/142/16
f 404/140/530 394/138/505 527/151/718
f 392/118/499 409/119/543 408/102/541
f 392/126/499 408/148/541 496/75/687
f 496/75/687 15/149/15 5/123/5
f 393/125/502 409/119/543 392/118/499
f 496/75/687 408/148/541 15/149/15
f 393/125/502 410/129/545 409/119/543
f 10/147/10 8/150/8 407/137/537
f 10/147/10 407/137/537 410/146/547
f 427/134/582 407/137/537 8/150/8
f 410/146/547 407/137/537 391/135/496
f 1/136/1 427/134/582 8/150/8
f 410/146/547 391/135/496 394/138/505
f 400/168/522 427/169/582 6/171/6
f 393/167/501 413/162/552 527/173/718
f 403/166/529 393/167/501 527/173/718
f 597/534/797 598/443/798 462/443/630
f 462/437/630 598/535/798 381/438/478
f 385/191/487 560/445/751 461/192/627
f 603/547/803 605/210/805 598/230/798
f 461/446/627 381/211/478 384/193/485
f 414/320/555 582/492/781 417/315/562
f 375/194/468 378/229/472 374/194/466
f 462/188/630 381/189/478 378/188/472
f 378/447/472 381/541/478 560/448/751
f 582/520/781 416/521/560 643/727/855
f 596/528/796 385/190/486 495/195/686
f 375/194/468 462/229/630 378/229/472
f 560/449/751 381/211/478 461/446/627
f 390/196/495 627/198/830 462/196/629
f 394/364/506 417/318/563 22/488/22
f 462/197/629 627/213/830 385/199/488
f 414/524/555 643/524/854 396/525/512
f 560/212/751 385/190/486 596/528/796
f 643/726/855 397/518/515 642/722/853
f 461/439/628 384/440/485 381/214/478
f 390/196/495 387/480/490 618/198/819
f 384/202/484 605/200/805 388/215/492
f 368/216/455 618/217/819 387/452/490
f 387/452/490 389/453/493 368/216/455
f 599/542/799 389/203/493 386/205/489
f 416/522/560 582/523/781 581/522/780
f 381/214/478 598/536/798 461/441/628
f 375/442/468 376/442/469 462/443/630
f 599/453/799 424/454/578 368/216/455
f 389/203/493 387/201/490 386/205/489
f 627/527/830 495/195/686 385/199/488
f 389/531/493 599/543/799 368/206/455
f 414/320/555 417/315/562 414/314/556
f 414/314/556 417/315/562 416/312/561
f 396/251/512 581/491/780 414/320/555
f 415/516/557 642/723/853 397/516/515
f 384/81/484 640/710/848 447/112/605
f 154/106/190 447/112/605 640/711/848
f 358/709/437 639/708/847 390/105/494
f 384/81/484 639/707/847 640/710/848
f 154/106/190 640/711/848 359/712/439
f 359/712/439 639/708/847 358/709/437
f 640/713/849 443/128/601 444/108/602
f 407/273/538 360/716/442 641/718/851
f 22/317/22 417/318/563 642/721/852
f 361/719/444 641/718/851 360/716/442
f 22/317/22 642/721/852 361/719/444
f 417/519/562 642/722/853 416/519/561
f 414/517/556 416/517/561 642/723/853
f 415/526/557 396/526/512 643/724/854
f 642/723/853 415/516/557 643/725/854
f 55/529/76 129/530/165 646/749/861
f 319/543/386 645/745/858 130/532/166
f 129/743/165 130/744/166 645/744/858
f 644/758/856 646/758/861 644/759/857
f 645/742/858 127/760/163 644/742/857
f 645/742/858 644/742/857 646/761/861
f 645/762/858 645/763/859 127/764/163
f 646/756/861 644/756/856 128/757/164
f 646/749/861 129/530/165 645/741/858
f 646/537/861 354/670/432 55/207/76
f 46/447/56 278/448/345 649/771/866
f 278/449/345 168/446/210 649/772/866
f 317/437/384 649/773/867 318/535/385
f 649/774/867 169/441/211 318/536/385
g fff00122_00012_000477e5_e0
f 161/231/199 160/232/197 183/233/226
f 183/233/226 124/234/160 161/231/199
f 159/235/195 161/231/199 132/236/168
f 132/236/168 182/237/225 159/235/195
f 321/545/388 320/544/387 267/240/333
f 266/241/332 264/242/330 160/232/197
f 650/776/868 120/366/156 217/306/266
f 647/768/863 45/767/55 648/767/864
f 647/769/862 125/768/161 647/768/863
f 71/111/105 70/728/103 13/111/13
f 310/949/377 344/949/413 343/949/412
f 274/426/340 142/249/178 146/250/182
f 618/738/820 625/739/828 379/730/475
f 305/499/372 349/499/422 349/499/423
f 139/255/175 73/256/108 249/257/315
f 66/258/98 7/259/7 149/260/185
f 109/252/145 62/261/92 98/253/134
f 68/262/100 51/263/67 109/252/145
f 62/261/92 51/263/67 103/264/139
f 67/269/99 300/269/367 71/269/104
f 139/255/175 224/266/274 73/256/108
f 271/423/337 272/424/338 144/248/180
f 117/268/153 51/263/67 68/262/100
f 67/269/99 65/269/97 300/269/367
f 67/269/99 71/269/104 72/269/106
f 132/236/168 133/270/169 124/234/160
f 20/271/20 27/272/27 87/273/123
f 133/270/169 123/274/159 124/234/160
f 631/735/837 627/737/831 630/736/836
f 645/770/859 126/766/162 127/770/163
f 320/544/387 108/254/144 248/277/314
f 646/766/860 126/766/162 645/770/859
f 128/769/164 125/768/161 647/769/862
f 315/514/382 314/513/381 706/829/929
f 215/279/264 63/280/94 122/281/158
f 66/258/98 275/428/342 145/282/181
f 115/283/151 30/284/30 63/280/94
f 141/290/177 270/386/336 276/291/343
f 36/484/38 36/484/37 41/484/46
f 41/429/46 36/429/37 42/430/49
f 148/289/184 141/290/177 276/291/343
f 42/430/49 36/429/37 43/430/51
f 626/732/829 584/734/783 628/733/832
f 273/425/339 114/294/150 118/301/154
f 330/555/397 315/515/382 706/828/929
f 630/729/835 584/731/784 379/730/475
f 37/485/41 37/485/40 49/485/64
f 694/805/917 306/500/373 35/431/36
f 106/298/142 117/268/153 68/262/100
f 144/248/180 24/267/24 114/294/150
f 45/765/54 646/766/860 648/765/865
f 705/827/928 313/511/380 39/432/43
f 36/484/38 41/484/46 37/484/41
f 271/423/337 274/426/340 146/250/182
f 37/485/41 49/485/64 36/485/38
f 581/491/780 412/253/549 416/252/560
f 383/372/482 600/544/800 547/239/738
f 35/431/36 43/434/50 693/804/916
f 617/594/817 625/594/828 618/595/818
f 345/600/415 349/600/422 343/600/412
f 273/425/339 118/301/154 143/295/179
f 378/481/473 369/481/456 382/481/480
f 70/728/103 12/728/12 13/111/13
f 606/550/806 376/321/469 561/463/752
f 138/303/174 139/255/175 223/304/273
f 271/423/337 144/248/180 274/426/340
f 169/341/212 360/715/441 53/351/72
f 630/736/836 584/731/784 630/729/835
f 217/306/266 115/283/151 215/279/264
f 625/739/828 584/734/783 626/732/829
f 40/307/45 43/299/51 47/308/60
f 215/279/264 115/283/151 63/280/94
f 578/474/774 578/473/773 371/432/459
f 565/460/756 561/460/752 375/469/468
f 277/309/344 102/310/138 147/311/183
f 330/830/397 706/830/929 296/830/363
f 422/274/574 465/349/637 428/270/584
f 345/601/415 343/601/412 335/601/404
f 75/313/110 106/298/142 65/251/97
f 42/300/49 314/513/381 315/514/382
f 109/252/145 51/263/67 62/261/92
f 274/426/340 144/248/180 273/425/339
f 224/357/275 269/385/335 140/356/176
f 706/829/929 314/513/381 704/826/927
f 116/316/152 117/268/153 75/313/110
f 49/951/63 345/951/414 310/952/377
f 308/503/375 702/822/925 701/821/924
f 75/313/110 23/319/23 87/273/123
f 271/423/337 7/259/7 272/424/338
f 373/482/463 590/505/790 379/482/474
f 27/272/27 116/316/152 87/273/123
f 343/585/412 47/585/58 42/585/47
f 314/512/381 43/433/51 313/511/380
f 149/260/185 275/427/341 275/428/342
f 75/313/110 65/251/97 23/319/23
f 587/502/787 562/470/753 566/462/757
f 419/268/568 392/326/498 396/258/513
f 310/949/377 343/949/412 42/949/47
f 102/310/138 58/324/82 147/311/183
f 57/339/79 360/715/441 169/341/212
f 343/596/412 334/597/403 335/596/404
f 58/326/83 66/258/98 145/282/181
f 75/313/110 117/268/153 106/298/142
f 87/273/123 116/316/152 75/313/110
f 30/284/30 26/327/26 63/280/94
f 216/275/265 134/328/170 81/329/117
f 19/269/19 299/269/366 23/269/23
f 23/269/23 65/269/97 67/269/99
f 346/593/417 349/499/423 350/593/424
f 349/600/422 40/600/44 339/600/408
f 49/455/64 47/456/60 36/455/38
f 374/434/466 565/459/756 375/434/468
f 339/602/408 40/602/44 312/508/379
f 359/714/440 150/360/186 360/715/441
f 588/504/788 607/551/807 562/465/753
f 337/598/406 348/598/420 345/599/416
f 27/272/27 396/258/513 7/259/7
f 346/593/417 305/499/372 349/499/423
f 324/466/391 326/550/393 44/321/53
f 421/366/571 210/379/257 481/380/669
f 420/301/569 481/380/669 418/294/565
f 341/588/410 340/508/409 40/588/45
f 625/739/828 618/738/820 584/734/783
f 446/368/604 30/284/30 209/383/255
f 383/372/482 494/266/685 400/256/523
f 46/331/57 47/331/60 49/296/64
f 626/732/829 628/733/832 628/740/833
f 49/322/63 48/322/61 341/322/410
f 349/947/423 304/945/371 347/948/418
f 530/277/721 529/325/720 415/254/559
f 625/739/828 630/729/835 379/730/475
f 340/508/409 339/602/408 312/508/379
f 118/301/154 229/332/284 223/333/272
f 40/588/45 340/508/409 312/508/379
f 336/599/405 337/598/406 345/599/416
f 42/288/49 42/288/48 41/435/46
f 345/953/416 348/954/420 348/955/419
f 420/301/569 485/350/674 481/380/669
f 395/280/509 422/281/573 422/376/572
f 608/552/808 607/551/807 588/504/788
f 383/372/482 400/256/523 530/277/721
f 495/357/686 551/385/742 385/351/488
f 246/338/312 247/325/313 81/329/117
f 57/339/79 359/714/440 360/715/441
f 45/765/54 126/766/162 646/766/860
f 310/949/377 345/949/414 344/949/413
f 345/594/415 336/595/405 345/595/416
f 379/457/474 591/507/791 619/586/821
f 125/768/161 45/767/55 647/768/863
f 137/344/173 246/338/312 81/329/117
f 32/345/32 133/270/169 160/346/198
f 345/949/415 303/949/370 338/949/407
f 165/347/207 160/346/198 123/274/159
f 160/346/198 158/348/194 32/345/32
f 345/583/414 333/583/402 344/597/413
f 123/274/159 181/238/224 165/347/207
f 133/270/169 132/236/168 161/231/199
f 330/555/397 330/557/398 315/515/382
f 161/231/199 160/346/198 133/270/169
f 124/234/160 123/274/159 160/346/198
f 160/346/198 161/231/199 124/234/160
f 283/814/350 695/814/918 694/814/917
f 179/349/222 108/254/144 123/274/159
f 446/368/604 486/306/677 418/283/566
f 139/255/175 138/303/174 224/266/274
f 118/301/154 214/350/263 229/332/284
f 272/424/338 24/267/24 144/248/180
f 590/505/790 591/506/791 379/482/474
f 298/490/365 299/489/366 364/363/449
f 694/814/917 693/794/916 690/794/913
f 276/291/343 61/340/88 277/309/344
f 270/386/336 269/385/335 360/715/441
f 70/352/102 93/353/129 97/354/133
f 88/355/124 102/310/138 61/340/88
f 98/253/134 97/354/133 71/265/104
f 70/352/102 97/354/133 98/253/134
f 277/309/344 61/340/88 102/310/138
f 276/291/343 270/386/336 360/715/441
f 360/715/441 61/340/88 276/291/343
f 269/385/335 53/351/72 360/715/441
f 113/334/149 224/357/275 140/356/176
f 88/355/124 94/358/130 93/353/129
f 486/306/677 446/368/604 421/366/571
f 54/359/74 359/714/440 57/339/79
f 345/949/415 345/949/416 303/949/370
f 98/253/134 62/261/92 70/352/102
f 103/264/139 102/310/138 88/355/124
f 71/269/104 70/269/103 71/269/105
f 62/261/92 88/355/124 70/352/102
f 71/265/104 97/354/133 70/361/103
f 62/261/92 103/264/139 88/355/124
f 72/269/106 71/269/104 71/269/105
f 385/335/487 461/343/627 500/336/691
f 466/238/639 601/545/801 600/544/800
f 393/340/503 407/355/539 410/358/545
f 344/597/413 334/597/403 343/596/412
f 134/328/170 135/362/171 81/329/117
f 19/269/19 23/269/23 67/269/99
f 23/363/23 298/490/365 62/364/91
f 42/300/49 315/514/382 42/300/48
f 42/433/49 43/433/51 314/512/381
f 705/827/928 704/825/927 313/511/380
f 40/307/45 312/509/379 313/510/380
f 465/349/637 171/373/214 32/345/32
f 349/947/423 349/943/422 304/945/371
f 330/557/398 42/323/48 315/515/382
f 120/366/156 29/367/29 153/368/189
f 44/302/52 44/302/53 692/802/915
f 371/499/460 585/499/785 630/499/835
f 381/592/479 624/592/827 620/592/823
f 344/597/413 333/583/402 334/597/403
f 630/736/836 627/737/831 584/731/784
f 380/458/477 620/582/823 591/507/791
f 379/585/474 619/585/821 622/585/825
f 372/287/462 613/561/813 370/287/458
f 76/370/111 132/236/168 124/234/160
f 396/378/511 422/376/572 460/381/626
f 150/360/186 61/340/88 360/715/441
f 370/287/457 634/664/840 372/287/462
f 313/510/380 312/509/379 39/293/43
f 393/340/503 410/358/545 393/371/502
f 133/270/169 32/345/32 179/349/222
f 341/582/410 311/507/378 340/587/409
f 311/507/378 339/586/408 340/587/409
f 310/505/377 311/506/378 49/483/63
f 88/355/124 93/353/129 70/352/102
f 116/316/152 66/258/98 117/268/153
f 350/946/424 349/947/423 347/948/418
f 53/335/71 52/365/70 228/336/282
f 27/272/27 66/258/98 116/316/152
f 329/830/396 297/830/364 702/831/925
f 587/501/787 586/500/786 371/432/459
f 38/436/42 331/558/399 331/560/400
f 275/427/341 271/423/337 146/250/182
f 460/381/626 402/370/526 31/382/31
f 31/382/31 166/384/208 460/381/626
f 144/248/180 114/294/150 273/425/339
f 58/324/82 102/310/138 103/264/139
f 600/544/800 549/240/740 547/239/738
f 150/369/186 60/371/87 61/340/88
f 51/263/67 58/324/82 103/264/139
f 442/260/600 553/423/744 7/259/7
f 41/287/46 331/561/400 351/664/427
f 345/949/416 348/949/419 303/949/370
f 402/370/526 467/233/640 423/234/575
f 50/486/65 37/486/40 37/486/41
f 331/558/399 38/436/42 42/337/48
f 41/435/46 42/288/48 38/435/42
f 704/832/927 673/832/896 296/832/363
f 108/254/144 181/238/224 123/274/159
f 331/559/399 42/323/48 330/557/398
f 581/297/779 588/503/788 578/472/773
f 297/832/364 672/832/895 702/832/925
f 149/260/185 7/259/7 271/423/337
f 61/340/88 60/371/87 94/358/130
f 41/287/46 38/287/42 331/561/400
f 61/340/88 94/358/130 88/355/124
f 181/238/224 320/544/387 321/545/388
f 53/335/71 227/336/280 168/343/210
f 349/943/422 47/944/59 304/945/371
f 298/490/365 23/363/23 299/489/366
f 310/505/377 47/482/58 311/506/378
f 153/368/189 115/283/151 217/306/266
f 422/376/572 383/372/482 466/374/638
f 25/377/25 460/381/626 166/384/208
f 45/767/55 45/765/54 648/767/864
f 224/357/275 53/351/72 269/385/335
f 50/372/66 248/277/314 73/256/108
f 460/381/626 25/377/25 396/378/511
f 248/277/314 108/254/144 247/325/313
f 118/301/154 114/294/150 210/380/256
f 120/366/156 210/380/256 210/379/257
f 612/559/812 611/557/811 373/323/464
f 415/254/559 422/274/574 466/238/639
f 594/513/794 579/478/776 579/476/775
f 372/435/462 370/435/458 373/288/464
f 612/558/812 373/337/464 370/436/458
f 382/486/481 370/486/457 369/486/456
f 591/506/791 381/483/479 380/483/477
f 27/272/27 7/259/7 66/258/98
f 117/268/153 66/258/98 58/326/83
f 431/344/588 429/362/586 405/329/532
f 123/274/159 133/270/169 179/349/222
f 395/280/509 422/376/572 396/378/511
f 627/737/831 628/733/832 584/731/784
f 335/594/404 336/595/405 345/594/415
f 50/372/66 265/239/331 320/544/387
f 46/481/57 49/481/64 37/481/40
f 42/482/47 47/482/58 310/505/377
f 328/552/395 308/504/375 327/551/394
f 446/368/604 209/383/255 29/367/29
f 47/457/58 339/586/408 311/507/378
f 588/503/788 562/470/753 587/502/787
f 311/506/378 48/483/61 49/483/63
f 467/233/640 402/370/526 460/381/626
f 332/581/401 46/481/57 37/481/40
f 50/372/66 180/374/223 265/239/331
f 66/258/98 149/260/185 275/428/342
f 149/260/185 271/423/337 275/427/341
f 24/267/24 210/380/256 114/294/150
f 181/238/224 321/545/388 165/347/207
f 264/242/330 266/241/332 180/374/223
f 265/239/331 159/375/196 267/240/333
f 108/254/144 320/544/387 181/238/224
f 264/242/330 121/376/157 183/233/226
f 264/242/330 183/233/226 160/232/197
f 180/374/223 159/375/196 265/239/331
f 266/241/332 159/375/196 180/374/223
f 36/285/38 47/330/60 36/286/37
f 47/330/60 43/292/51 36/286/37
f 26/327/26 25/377/25 64/378/96
f 566/461/757 586/500/786 587/501/787
f 26/327/26 64/378/96 63/280/94
f 312/509/379 40/305/44 39/293/43
f 57/269/80 71/269/105 13/269/13
f 57/269/80 67/269/99 72/269/106
f 57/269/80 72/269/106 71/269/105
f 57/269/80 19/269/19 67/269/99
f 40/307/45 313/510/380 43/299/51
f 329/479/396 702/823/925 328/552/395
f 31/382/31 428/236/583 182/237/225
f 320/544/387 248/277/314 50/372/66
f 339/499/408 343/499/412 349/499/422
f 153/368/189 30/284/30 115/283/151
f 379/730/475 584/734/783 618/738/820
f 372/287/462 634/664/840 613/561/813
f 120/366/156 210/379/257 29/367/29
f 210/380/256 120/366/156 650/776/868
f 24/267/24 210/379/257 210/380/256
f 180/374/223 121/376/157 264/242/330
f 167/381/209 183/233/226 121/376/157
f 132/236/168 76/370/111 31/382/31
f 31/382/31 182/237/225 132/236/168
f 183/233/226 167/381/209 76/370/111
f 153/368/189 29/367/29 209/383/255
f 63/280/94 64/378/96 121/376/157
f 648/767/864 45/765/54 648/765/865
f 137/344/173 81/329/117 135/362/171
f 167/381/209 64/378/96 25/377/25
f 25/377/25 166/384/208 167/381/209
f 121/376/157 180/374/223 50/372/66
f 76/370/111 124/234/160 183/233/226
f 31/382/31 167/381/209 166/384/208
f 167/381/209 31/382/31 76/370/111
f 64/378/96 167/381/209 121/376/157
f 47/585/58 343/585/412 339/585/408
f 48/950/61 311/950/378 341/950/410
f 49/592/63 341/592/410 345/592/414
f 179/349/222 32/345/32 171/373/214
f 383/263/483 414/264/554 391/324/497
f 217/306/266 120/366/156 153/368/189
f 63/280/94 121/376/157 122/281/158
f 118/301/154 210/380/256 214/350/263
f 584/731/784 628/733/832 584/734/783
f 50/372/66 73/256/108 224/266/274
f 153/368/189 209/383/255 30/284/30
f 443/369/601 393/340/503 393/371/502
f 379/730/475 584/731/784 584/734/783
f 428/236/583 31/382/31 402/370/526
f 460/381/626 422/376/572 467/233/640
f 370/287/457 382/287/481 634/664/840
f 466/374/638 546/242/737 422/376/572
f 43/434/50 44/434/52 691/800/914
f 691/801/914 44/469/52 692/460/915
f 673/791/896 705/791/928 672/791/895
f 304/941/371 303/941/370 348/942/419
f 347/942/418 304/941/371 348/942/419
f 326/550/393 692/803/915 44/321/53
f 391/324/497 414/264/554 413/310/553
f 437/248/595 554/425/745 418/294/565
f 24/267/24 481/380/669 210/379/257
f 481/380/669 486/306/677 421/366/571
f 614/581/814 369/481/456 378/481/473
f 421/366/571 29/367/29 210/379/257
f 383/372/482 547/239/738 466/374/638
f 446/368/604 418/283/566 30/284/30
f 578/473/773 587/501/787 371/432/459
f 619/499/821 630/499/835 622/499/825
f 581/491/780 398/265/519 412/253/549
f 695/815/918 283/815/350 282/815/349
f 703/824/926 39/432/43 307/501/374
f 696/808/919 307/502/374 695/806/918
f 307/501/374 39/432/43 306/500/373
f 300/491/367 109/252/145 98/253/134
f 300/491/367 98/253/134 71/265/104
f 696/809/919 282/465/349 327/551/394
f 47/940/59 303/941/370 304/941/371
f 320/544/387 265/239/331 267/240/333
f 47/940/59 338/940/407 303/941/370
f 694/805/917 695/807/918 306/500/373
f 37/287/41 41/287/46 351/664/427
f 40/499/44 349/499/422 305/499/372
f 37/287/41 351/664/427 50/287/65
f 457/231/619 467/233/640 456/232/617
f 467/233/640 457/231/619 423/234/575
f 159/235/195 428/236/583 457/231/619
f 428/236/583 159/235/195 182/237/225
f 601/545/801 549/240/740 600/544/800
f 548/241/739 456/232/617 546/242/737
f 399/111/520 13/111/13 398/728/518
f 590/572/790 622/590/825 623/591/826
f 555/426/746 439/250/597 435/249/593
f 345/939/415 47/938/59 349/939/422
f 585/499/785 630/499/836 630/499/835
f 433/255/590 531/257/722 400/256/523
f 396/258/513 442/260/600 7/259/7
f 416/252/560 412/253/549 394/261/507
f 397/262/515 416/252/560 383/263/483
f 394/261/507 414/264/554 383/263/483
f 397/269/514 398/269/519 581/269/780
f 433/255/590 400/256/523 494/266/685
f 553/423/744 437/248/595 272/424/338
f 419/268/568 397/262/515 383/263/483
f 397/269/514 581/269/780 396/269/512
f 397/269/514 399/269/521 398/269/519
f 428/236/583 423/234/575 428/270/584
f 20/271/20 407/273/538 27/272/27
f 428/270/584 423/234/575 422/274/574
f 338/938/407 47/938/59 345/939/415
f 600/544/800 530/277/721 415/254/559
f 556/427/747 439/250/597 553/423/744
f 485/279/675 422/281/573 395/280/509
f 396/258/513 438/282/596 557/428/748
f 418/283/566 395/280/509 30/284/30
f 434/290/592 558/291/749 552/386/743
f 367/484/454 372/484/462 366/484/453
f 372/429/462 374/430/465 366/429/453
f 441/289/599 558/291/749 434/290/592
f 374/430/465 375/430/467 366/429/453
f 673/791/896 704/791/927 705/791/928
f 554/425/745 420/301/569 418/294/565
f 600/544/800 383/372/482 530/277/721
f 703/792/926 705/827/928 39/432/43
f 370/485/457 382/485/480 369/485/456
f 566/461/757 365/431/452 586/500/786
f 415/298/557 397/262/515 419/268/568
f 437/248/595 418/294/565 24/267/24
f 578/474/774 371/432/459 579/475/775
f 579/475/775 371/432/459 593/511/793
f 367/484/454 370/484/457 372/484/462
f 553/423/744 439/250/597 555/426/746
f 370/485/457 367/485/454 382/485/480
f 370/436/458 613/560/813 612/558/812
f 581/479/779 608/552/808 588/504/788
f 365/431/452 565/459/756 374/434/466
f 609/554/809 608/498/808 581/479/779
f 625/600/828 622/600/825 630/600/835
f 554/425/745 436/295/594 420/301/569
f 372/307/461 375/299/467 593/510/793
f 398/728/518 13/111/13 12/728/12
f 57/269/80 397/269/514 19/269/19
f 432/303/589 493/304/684 433/255/590
f 553/423/744 555/426/746 437/248/595
f 462/341/629 385/351/488 641/715/850
f 57/269/80 399/269/520 399/269/521
f 486/306/677 485/279/675 418/283/566
f 57/269/80 399/269/521 397/269/514
f 372/307/461 380/308/476 375/299/467
f 485/279/675 395/280/509 418/283/566
f 57/269/80 13/269/13 399/269/520
f 592/509/792 371/293/459 371/305/460
f 559/309/750 440/311/598 413/310/553
f 610/555/810 579/477/776 595/515/795
f 27/272/27 419/316/567 396/258/513
f 625/601/828 617/601/817 622/601/825
f 401/313/525 396/251/512 415/298/557
f 374/300/465 595/514/795 594/513/794
f 416/252/560 394/261/507 383/263/483
f 555/426/746 554/425/745 437/248/595
f 495/357/686 433/356/591 551/385/742
f 595/514/795 579/478/776 594/513/794
f 419/316/567 401/313/525 419/268/568
f 381/571/479 590/572/790 624/571/827
f 588/503/788 587/502/787 578/472/773
f 401/313/525 407/273/538 364/319/449
f 553/423/744 272/424/338 7/259/7
f 385/335/487 502/336/693 385/365/486
f 27/272/27 407/273/538 419/316/567
f 622/585/825 373/585/463 379/585/474
f 594/512/794 593/511/793 375/433/467
f 442/260/600 557/428/748 556/427/747
f 401/313/525 364/319/449 396/251/512
f 706/832/929 704/832/927 296/832/363
f 419/316/567 419/268/568 396/258/513
f 590/572/790 373/573/463 622/590/825
f 413/310/553 440/311/598 391/324/497
f 390/339/495 462/341/629 641/715/850
f 622/596/825 617/596/817 616/597/816
f 392/326/498 438/282/596 396/258/513
f 401/313/525 415/298/557 419/268/568
f 407/273/538 401/313/525 419/316/567
f 30/284/30 395/280/509 26/327/26
f 485/275/676 405/329/532 429/328/585
f 19/269/19 364/269/449 299/269/366
f 364/269/449 397/269/514 396/269/512
f 627/593/830 631/593/837 630/499/836
f 630/600/835 619/600/821 371/600/460
f 382/455/480 367/455/454 380/456/476
f 26/327/26 395/280/509 396/378/511
f 619/602/821 592/508/792 371/602/460
f 640/714/849 641/715/850 443/360/601
f 407/355/539 397/352/517 409/353/544
f 618/598/819 626/599/829 628/598/833
f 590/505/790 381/483/479 591/506/791
f 627/593/830 630/499/836 585/499/785
f 604/466/804 376/321/469 606/550/806
f 26/327/26 396/378/511 25/377/25
f 591/507/791 619/587/822 619/586/821
f 620/588/823 372/588/461 619/508/822
f 704/825/927 314/512/381 313/511/380
f 620/582/823 619/587/822 591/507/791
f 380/330/476 366/286/453 375/292/467
f 378/331/473 382/296/480 380/331/476
f 701/791/924 672/791/895 703/791/926
f 381/322/479 620/322/823 380/322/477
f 672/791/895 705/791/928 703/791/926
f 428/270/584 465/349/637 32/345/32
f 702/823/925 308/504/375 328/552/395
f 619/508/822 592/508/792 619/602/821
f 420/301/569 492/333/683 504/332/695
f 372/588/461 592/508/792 619/508/822
f 618/599/818 626/599/829 618/598/819
f 374/288/465 372/435/462 373/288/464
f 367/285/454 366/286/453 380/330/476
f 548/241/739 466/374/638 455/375/616
f 466/374/638 547/239/738 455/375/616
f 593/510/793 371/293/459 592/509/792
f 396/258/513 557/428/748 442/260/600
f 443/360/601 641/715/850 393/340/503
f 528/338/719 405/329/532 529/325/720
f 390/339/495 641/715/850 640/714/849
f 590/572/790 623/591/826 624/571/827
f 625/594/828 626/595/829 618/595/818
f 442/260/600 556/427/747 553/423/744
f 431/344/588 405/329/532 528/338/719
f 32/345/32 456/346/618 428/270/584
f 702/832/925 672/832/895 701/832/924
f 460/347/625 422/274/574 456/346/618
f 456/346/618 32/345/32 158/348/194
f 624/583/827 623/597/826 615/583/815
f 422/274/574 460/347/625 466/238/639
f 428/270/584 457/231/619 428/236/583
f 610/555/810 595/515/795 611/557/811
f 457/231/619 428/270/584 456/346/618
f 423/234/575 456/346/618 422/274/574
f 456/346/618 423/234/575 457/231/619
f 365/431/452 567/471/758 565/467/756
f 465/349/637 422/274/574 415/254/559
f 402/370/526 423/234/575 428/236/583
f 433/255/590 494/266/685 432/303/589
f 420/301/569 504/332/695 485/350/674
f 272/424/338 437/248/595 24/267/24
f 24/267/24 418/294/565 481/380/669
f 466/238/639 460/347/625 601/545/801
f 365/431/452 566/468/757 567/471/758
f 558/291/749 559/309/750 393/340/503
f 552/386/743 641/715/850 551/385/742
f 397/352/517 411/354/548 409/353/544
f 407/355/539 393/340/503 413/310/553
f 412/253/549 398/265/519 411/354/548
f 397/352/517 412/253/549 411/354/548
f 559/309/750 413/310/553 393/340/503
f 558/291/749 641/715/850 552/386/743
f 641/715/850 558/291/749 393/340/503
f 551/385/742 641/715/850 385/351/488
f 417/334/564 433/356/591 495/357/686
f 407/355/539 409/353/544 410/358/545
f 546/242/737 456/232/617 467/233/640
f 387/359/490 390/339/495 640/714/849
f 308/503/375 701/821/924 307/502/374
f 412/253/549 397/352/517 394/261/507
f 414/264/554 407/355/539 413/310/553
f 398/269/519 399/269/520 398/269/518
f 394/261/507 397/352/517 407/355/539
f 398/265/519 398/361/518 411/354/548
f 394/261/507 407/355/539 414/264/554
f 399/269/521 399/269/520 398/269/519
f 623/597/826 616/597/816 615/583/815
f 546/242/737 466/374/638 548/241/739
f 546/242/737 467/233/640 422/376/572
f 623/597/826 622/596/825 616/597/816
f 429/328/585 405/329/532 429/362/586
f 19/269/19 397/269/514 364/269/449
f 364/363/449 394/364/506 298/490/365
f 374/300/465 373/300/464 595/514/795
f 374/433/465 594/512/794 375/433/467
f 579/475/775 593/511/793 594/512/794
f 372/307/461 593/510/793 592/509/792
f 415/254/559 466/238/639 600/544/800
f 701/820/924 703/824/926 307/501/374
f 611/557/811 595/515/795 373/323/464
f 421/366/571 446/368/604 29/367/29
f 375/302/468 561/464/752 376/302/469
f 547/239/738 549/240/740 455/375/616
f 693/804/916 43/434/50 691/800/914
f 689/794/912 691/794/914 688/794/911
f 688/795/911 691/795/914 281/795/348
f 691/816/914 692/815/915 281/815/348
f 326/550/393 281/463/348 692/803/915
f 690/814/913 693/794/916 689/794/912
f 689/794/912 693/794/916 691/794/914
f 693/796/916 694/805/917 35/431/36
f 283/814/350 694/814/917 690/814/913
f 696/815/919 695/815/918 282/815/349
f 695/807/918 307/501/374 306/500/373
f 308/503/375 307/502/374 696/808/919
f 308/504/375 696/809/919 327/551/394
f 739/919/964 222/23/271 219/24/268
f 221/29/270 743/923/968 741/921/966
f 740/920/965 134/19/170 216/17/265
f 228/58/281 53/18/71 228/59/282
f 220/21/269 227/57/280 228/58/281
f 227/56/279 214/27/263 210/28/256
f 750/932/975 218/20/267 797/1035/1048
f 227/57/280 53/18/71 228/58/281
f 229/60/283 227/56/279 219/24/268
f 740/920/965 746/928/971 134/19/170
f 222/23/271 226/53/277 229/60/283
f 227/56/279 210/28/256 650/775/868
f 229/60/283 214/27/263 227/56/279
f 739/919/964 219/24/268 138/25/174
f 229/60/283 229/61/284 214/27/263
f 220/21/269 228/58/281 218/20/267
f 219/24/268 227/56/279 217/26/266
f 222/23/271 229/60/283 219/24/268
f 218/20/267 228/58/281 226/55/278
f 23/493/23 361/717/443 87/495/123
f 62/496/91 112/494/148 362/720/445
f 23/493/23 62/496/91 362/720/445
f 23/493/23 362/720/445 361/717/443
f 493/22/684 488/24/679 491/23/682
f 490/29/681 493/22/684 491/23/682
f 489/21/680 485/17/676 429/19/585
f 501/58/692 502/59/693 385/18/487
f 489/21/680 501/58/692 500/57/691
f 499/56/690 481/28/669 485/27/674
f 489/21/680 429/19/585 487/20/678
f 500/57/691 501/58/692 385/18/487
f 503/60/694 488/24/679 499/56/690
f 487/20/678 429/19/585 430/16/587
f 491/23/682 503/60/694 497/53/688
f 499/56/690 486/26/677 481/28/669
f 503/60/694 499/56/690 485/27/674
f 493/22/684 432/25/589 488/24/679
f 503/60/694 485/27/674 504/61/695
f 489/21/680 487/20/678 501/58/692
f 488/24/679 486/26/677 499/56/690
f 491/23/682 488/24/679 503/60/694
f 487/20/678 498/55/689 501/58/692
f 364/493/449 407/495/538 641/717/851
f 394/496/506 642/720/852 417/494/563
f 364/493/449 642/720/852 394/496/506
f 364/493/449 641/717/851 642/720/852
f 227/56/279 650/775/868 217/26/266
f 738/915/962 222/23/271 748/930/973
f 750/932/975 738/917/963 749/931/974
f 223/22/273 742/922/967 739/919/964
f 223/22/273 739/919/964 138/25/174
f 220/21/269 740/920/965 216/17/265
f 220/21/269 218/20/267 740/920/965
f 742/922/967 747/929/972 748/930/973
f 223/22/273 741/921/966 742/922/967
f 741/921/966 747/929/972 742/922/967
f 747/929/972 738/915/962 748/930/973
f 749/931/974 744/925/969 745/927/970
f 744/925/969 136/16/172 745/927/970
f 746/928/971 745/927/970 134/19/170
f 749/931/974 738/917/963 744/925/969
f 741/921/966 743/923/968 747/929/972
f 743/923/968 738/915/962 747/929/972
f 748/930/973 222/23/271 739/919/964
f 742/922/967 748/930/973 739/919/964
f 746/928/971 749/931/974 745/927/970
f 746/928/971 750/932/975 749/931/974
f 740/920/965 218/20/267 750/932/975
f 740/920/965 750/932/975 746/928/971
f 781/493/1019 795/717/1045 796/720/1046
f 781/493/1019 796/720/1046 783/496/1021
f 783/496/1021 796/720/1046 784/494/1023
f 781/493/1019 783/495/1022 795/717/1045
f 788/20/1031 792/55/1038 793/58/1041
f 790/23/1035 788/24/1032 794/60/1043
f 788/24/1032 787/26/1030 792/56/1039
f 789/21/1033 788/20/1031 793/58/1041
f 794/60/1043 786/27/1028 795/61/1044
f 791/22/1036 785/25/1026 788/24/1032
f 794/60/1043 792/56/1039 786/27/1028
f 776/493/1010 779/717/1017 777/495/1012
f 777/496/1011 778/494/1013 780/720/1018
f 776/493/1010 777/496/1011 780/720/1018
f 776/493/1010 780/720/1018 779/717/1017
f 791/22/1036 788/24/1032 790/23/1035
f 790/29/1034 791/22/1036 790/23/1035
f 789/21/1033 787/17/1029 784/19/1024
f 793/58/1041 794/59/1042 782/18/1020
f 789/21/1033 793/58/1041 793/57/1040
f 792/56/1039 786/28/1027 786/27/1028
f 789/21/1033 784/19/1024 788/20/1031
f 793/57/1040 793/58/1041 782/18/1020
f 794/60/1043 788/24/1032 792/56/1039
f 788/20/1031 784/19/1024 785/16/1025
f 790/23/1035 794/60/1043 791/53/1037
f 792/56/1039 787/26/1030 786/28/1027
f 797/1035/1048 218/20/267 738/917/963
f 750/932/975 797/1035/1048 738/917/963
g fff00122_00012_000477e5_e4
f 186/973/229 139/974/175 249/975/315
f 223/976/273 139/974/175 184/977/227
f 146/62/182 145/65/181 275/66/342
f 277/69/344 147/64/183 148/63/184
f 226/62/277 226/63/278 213/64/262
f 223/65/272 226/62/277 213/64/262
f 226/62/277 229/66/284 229/67/283
f 228/68/281 228/69/282 226/63/278
f 228/69/282 213/64/262 226/63/278
f 226/62/277 223/65/272 229/66/284
f 184/1060/227 185/1060/228 660/1060/883
f 184/1060/227 725/1060/948 726/1060/949
f 737/1061/960 196/1062/239 736/1061/959
f 660/1060/883 659/1060/882 184/1060/227
f 200/868/246 658/869/881 725/865/948
f 660/1060/883 728/1060/951 727/1060/950
f 728/1060/951 660/1060/883 185/1060/228
f 186/1063/229 730/1064/953 731/1064/954
f 199/868/245 661/869/884 730/869/953
f 186/1063/229 194/1065/237 663/1065/886
f 663/1065/886 662/1063/885 186/1063/229
f 187/1063/230 669/1065/892 195/1065/238
f 206/872/252 669/871/892 657/870/880
f 657/1063/880 723/1064/946 722/1064/945
f 723/1064/946 657/1063/880 187/1063/230
f 190/1066/233 663/1065/886 194/1065/237
f 205/872/251 663/871/886 664/873/887
f 664/1066/887 733/1067/956 734/1067/957
f 733/1067/956 664/1066/887 190/1066/233
f 668/1066/891 195/1065/238 669/1065/892
f 195/1065/238 668/1066/891 191/1066/234
f 191/1066/234 715/1067/938 716/1067/939
f 208/875/254 667/867/890 715/874/938
f 651/1061/871 652/1061/872 193/1061/236
f 815/1075/1083 828/1109/1112 828/1076/1113
f 666/1061/889 719/1061/942 718/1061/941
f 719/1061/942 666/1061/889 192/1061/235
f 193/1061/236 652/1061/873 736/1061/959
f 741/978/966 187/979/230 221/980/270
f 776/981/1009 776/982/1008 197/983/240
f 745/984/970 776/981/1009 134/985/170
f 193/986/236 736/987/959 135/988/171
f 733/989/956 190/990/233 135/988/171
f 194/991/237 186/973/229 137/992/173
f 194/991/237 137/992/173 190/990/233
f 651/993/871 193/986/236 135/988/171
f 651/993/871 135/988/171 134/985/170
f 776/982/1008 191/994/234 716/995/939
f 190/990/233 137/992/173 135/988/171
f 741/978/966 723/996/946 187/979/230
f 731/997/954 139/974/175 186/973/229
f 221/980/270 187/979/230 195/998/238
f 136/999/172 221/980/270 195/998/238
f 186/973/229 249/975/315 137/992/173
f 185/1000/228 139/974/175 728/1001/951
f 189/1002/232 223/976/273 726/1003/949
f 184/977/227 139/974/175 185/1000/228
f 136/999/172 195/998/238 191/994/234
f 143/62/179 140/63/176 141/64/177
f 142/65/178 143/62/179 141/64/177
f 143/62/179 274/66/340 273/67/339
f 269/68/335 270/69/336 140/63/176
f 270/69/336 141/64/177 140/63/176
f 143/62/179 142/65/178 274/66/340
f 146/62/182 148/63/184 147/64/183
f 145/65/181 146/62/182 147/64/183
f 146/62/182 275/66/342 275/67/341
f 276/68/343 277/69/344 148/63/184
f 468/1004/643 531/1005/722 433/1006/590
f 493/1007/684 467/1008/641 433/1006/590
f 439/62/597 557/66/748 438/65/596
f 559/69/750 441/63/599 440/64/598
f 497/62/688 484/64/673 498/63/689
f 492/65/683 484/64/673 497/62/688
f 497/62/688 503/67/694 504/66/695
f 501/68/692 498/63/689 502/69/693
f 502/69/693 498/63/689 484/64/673
f 497/62/688 504/66/695 492/65/683
f 467/877/641 474/878/656 468/879/642
f 467/877/641 470/880/646 476/881/660
f 480/882/667 478/883/664 472/884/650
f 474/878/656 467/877/641 474/885/655
f 476/881/660 474/885/655 467/877/641
f 468/879/642 475/886/659 469/887/645
f 475/886/659 468/879/642 474/878/656
f 468/888/643 469/887/645 475/886/659
f 475/886/659 475/889/657 468/888/643
f 468/888/643 479/890/665 472/891/651
f 479/890/665 468/888/643 475/889/657
f 469/892/644 473/893/652 479/894/666
f 479/894/666 475/895/658 469/892/644
f 469/892/644 476/881/660 470/880/646
f 476/881/660 469/892/644 475/895/658
f 470/896/647 472/891/651 479/890/665
f 479/890/665 477/897/661 470/896/647
f 470/896/647 480/882/667 473/898/653
f 480/882/667 470/896/647 477/897/661
f 471/899/648 479/894/666 473/893/652
f 479/894/666 471/899/648 477/900/662
f 471/899/648 474/901/654 480/902/668
f 480/902/668 477/900/662 471/899/648
f 471/903/649 472/884/650 478/883/664
f 478/883/664 478/904/663 471/903/649
f 471/903/649 480/902/668 474/901/654
f 480/902/668 471/903/649 478/904/663
f 472/884/650 473/898/653 480/882/667
f 493/1007/684 490/1009/681 469/1010/644
f 471/1011/648 429/1012/585 474/1013/654
f 474/1013/654 429/1012/585 471/1014/649
f 472/1015/650 429/1016/586 473/1017/653
f 473/1017/653 429/1016/586 470/1018/647
f 472/1019/651 431/1020/588 468/1004/643
f 472/1019/651 470/1018/647 431/1020/588
f 471/1014/649 429/1016/586 472/1015/650
f 471/1014/649 429/1012/585 429/1016/586
f 430/1021/587 429/1012/585 471/1011/648
f 470/1018/647 429/1016/586 431/1020/588
f 493/1007/684 469/1010/644 470/1022/646
f 469/1023/645 468/1004/643 433/1006/590
f 490/1009/681 473/1024/652 469/1010/644
f 430/1021/587 473/1024/652 490/1009/681
f 468/1004/643 431/1020/588 531/1005/722
f 468/1025/642 469/1023/645 433/1006/590
f 493/1007/684 470/1022/646 467/1008/641
f 467/1008/641 468/1025/642 433/1006/590
f 430/1021/587 471/1011/648 473/1024/652
f 436/62/594 434/64/592 433/63/591
f 435/65/593 434/64/592 436/62/594
f 436/62/594 554/67/745 555/66/746
f 551/68/742 433/63/591 552/69/743
f 552/69/743 433/63/591 434/64/592
f 436/62/594 555/66/746 435/65/593
f 439/62/597 440/64/598 441/63/599
f 438/65/596 440/64/598 439/62/597
f 439/62/597 556/67/747 557/66/748
f 558/68/749 441/63/599 559/69/750
f 204/905/250 652/866/872 651/905/870
f 651/905/870 652/866/872 666/866/889
f 192/777/235 666/777/889 652/777/872
f 192/993/235 651/993/871 134/985/170
f 652/1061/873 193/1061/236 652/1061/872
f 192/777/235 652/777/872 651/777/871
f 737/875/961 652/866/873 204/905/250
f 204/905/250 652/866/873 652/876/872
f 206/872/252 657/870/880 199/906/244
f 721/907/944 199/906/244 657/870/880
f 726/1060/949 725/1060/948 658/1064/881
f 721/907/944 722/869/945 200/868/246
f 198/908/242 198/908/241 659/865/882
f 724/868/947 659/865/882 198/908/241
f 659/865/882 660/865/883 198/908/242
f 729/868/952 198/908/242 660/865/883
f 729/868/952 727/865/950 199/868/245
f 731/1064/954 730/1064/953 661/1064/884
f 732/907/955 662/870/885 198/906/243
f 205/872/251 198/906/243 662/870/885
f 662/870/885 663/871/886 205/872/251
f 190/1066/233 664/1066/887 663/1065/886
f 205/872/251 664/873/887 201/909/247
f 735/910/958 201/909/247 664/873/887
f 737/875/961 737/866/960 652/866/873
f 735/910/958 734/874/957 207/875/253
f 650/905/869 666/866/889 203/905/249
f 720/875/943 203/905/249 666/866/889
f 815/1075/1083 821/1108/1095 828/1109/1112
f 651/905/870 666/866/889 650/905/869
f 716/1067/939 715/1067/938 667/1062/890
f 720/875/943 718/866/941 208/875/254
f 206/872/252 202/909/248 668/873/891
f 717/910/940 668/873/891 202/909/248
f 187/1063/230 657/1063/880 669/1065/892
f 668/873/891 669/871/892 206/872/252
f 717/910/940 715/874/938 668/873/891
f 191/1066/234 668/1066/891 715/1067/938
f 716/1067/939 667/1062/890 197/1062/240
f 192/993/235 776/981/1009 719/1026/942
f 208/875/254 715/874/938 717/910/940
f 718/1061/941 197/1062/240 667/1062/890
f 718/866/941 667/866/890 208/875/254
f 197/1062/240 718/1061/941 719/1061/942
f 134/985/170 776/981/1009 192/993/235
f 718/866/941 720/875/943 666/866/889
f 722/869/945 721/907/944 657/870/880
f 722/1064/945 189/1064/232 658/1064/881
f 722/869/945 658/869/881 200/868/246
f 189/1064/232 722/1064/945 723/1064/946
f 741/978/966 223/976/273 723/996/946
f 200/868/246 725/865/948 724/868/947
f 724/868/947 725/865/948 659/865/882
f 184/1060/227 659/1060/882 725/1060/948
f 726/1060/949 658/1064/881 189/1064/232
f 723/996/946 223/976/273 189/1002/232
f 727/1060/950 188/1064/231 661/1064/884
f 727/865/950 661/869/884 199/868/245
f 188/1064/231 727/1060/950 728/1060/951
f 728/1001/951 139/974/175 188/1027/231
f 727/865/950 729/868/952 660/865/883
f 732/907/955 730/869/953 662/870/885
f 186/1063/229 662/1063/885 730/1064/953
f 731/1064/954 661/1064/884 188/1064/231
f 188/1027/231 139/974/175 731/997/954
f 199/868/245 730/869/953 732/907/955
f 196/1062/239 734/1067/957 733/1067/956
f 196/1028/239 733/989/956 135/988/171
f 734/1067/957 196/1062/239 665/1062/888
f 734/874/957 665/867/888 207/875/253
f 734/874/957 735/910/958 664/873/887
f 736/1061/959 652/1061/873 737/1061/960
f 736/987/959 196/1028/239 135/988/171
f 665/1062/888 196/1062/239 737/1061/960
f 207/875/253 665/867/888 737/866/960
f 207/875/253 737/866/960 737/875/961
f 223/976/273 184/977/227 726/1003/949
f 136/999/172 191/994/234 776/982/1008
f 197/983/240 776/982/1008 716/995/939
f 136/999/172 776/982/1008 745/984/970
f 745/984/970 776/982/1008 776/981/1009
f 776/981/1009 197/983/240 719/1026/942
f 810/1068/1072 814/1069/1081 831/1070/1119
f 811/1071/1074 823/1072/1102 811/1073/1075
f 815/1074/1082 815/1075/1083 828/1076/1113
f 830/1077/1118 814/1069/1081 830/1078/1117
f 831/1070/1119 814/1069/1081 830/1077/1118
f 829/1079/1115 817/1080/1087 818/1081/1089
f 815/1074/1082 828/1082/1114 818/1081/1089
f 816/1110/1084 812/1083/1076 810/1111/1073
f 816/1112/1084 810/1113/1073 814/1084/1080
f 829/1085/1116 830/1078/1117 818/1086/1088
f 830/1078/1117 814/1069/1081 818/1086/1088
f 817/1080/1087 829/1085/1116 818/1086/1088
f 815/1074/1082 828/1076/1113 828/1082/1114
f 823/1087/1100 822/1088/1099 812/1089/1077
f 812/1083/1076 825/1090/1106 826/1091/1107
f 810/1068/1072 812/1089/1077 816/1092/1085
f 812/1089/1077 823/1093/1101 823/1087/1100
f 812/1083/1076 826/1091/1107 810/1111/1073
f 820/1094/1093 825/1090/1106 812/1083/1076
f 813/1095/1079 822/1096/1098 821/1097/1097
f 811/1071/1074 821/1098/1096 823/1072/1102
f 810/1068/1072 816/1092/1085 814/1069/1081
f 829/1085/1116 817/1080/1087 829/1079/1115
f 828/1082/1114 829/1079/1115 818/1081/1089
f 821/1098/1096 811/1071/1074 819/1099/1091
f 825/1100/1104 825/1101/1105 820/1094/1093
f 819/1102/1090 822/1096/1098 813/1095/1079
f 820/1094/1093 825/1101/1105 825/1090/1106
f 811/1073/1075 823/1072/1102 820/1103/1092
f 822/1088/1099 819/1102/1090 812/1089/1077
f 813/1095/1079 821/1097/1097 819/1099/1091
f 821/1097/1097 821/1098/1096 819/1099/1091
f 810/1068/1072 823/1093/1101 812/1089/1077
f 819/1102/1090 822/1088/1099 822/1096/1098
f 823/1072/1102 824/1104/1103 820/1103/1092
f 820/1103/1092 824/1104/1103 813/1105/1078
f 813/1105/1078 825/1100/1104 820/1094/1093
f 824/1104/1103 825/1100/1104 813/1105/1078
f 814/1084/1080 810/1113/1073 826/1106/1108
f 820/1084/1094 814/1084/1080 827/1106/1109
f 814/1084/1080 826/1106/1108 827/1106/1109
f 817/1084/1086 820/1084/1094 827/1106/1110
f 820/1084/1094 827/1106/1109 827/1106/1110
f 817/1084/1086 827/1106/1110 827/1106/1111
f 821/1084/1095 817/1084/1086 827/1106/1111
f 821/1108/1095 827/1107/1111 828/1109/1112
g fff00122_00012_000477e5_e6
f 834/1134/1125 835/1140/1128 835/1139/1126
f 846/1145/1142 845/1144/1141 654/781/876
f 644/1/856 644/2/857 127/2/163
f 127/2/163 125/3/161 128/1/164
f 127/2/163 128/1/164 644/1/856
f 126/4/162 125/3/161 127/2/163
f 842/1141/1138 654/781/876 242/342/308
f 655/784/878 832/1116/1122 836/1126/1130
f 244/913/310 841/1137/1136 841/1138/1137
f 835/1140/1128 834/1134/1125 847/1147/1144
f 835/911/1126 837/1127/1131 838/911/1133
f 656/785/879 832/1115/1121 655/784/878
f 126/933/162 45/934/54 125/933/161
f 45/935/55 125/936/161 45/937/54
f 845/1144/1141 846/1146/1143 836/1125/1129
f 843/1142/1139 833/1118/1123 844/1143/1140
f 842/1141/1138 846/1145/1142 654/781/876
f 243/245/309 833/1118/1123 843/1142/1139
f 837/1127/1131 833/1120/1124 655/912/878
f 245/276/311 831/1114/1120 656/785/879
f 655/784/878 244/243/310 656/785/879
f 244/913/310 833/1121/1124 841/1137/1136
f 156/131/192 157/132/193 33/97/34
f 33/97/34 32/84/33 156/131/192
f 33/97/34 356/704/434 280/451/347
f 356/704/434 33/97/34 157/703/193
f 157/703/193 357/706/435 356/704/434
f 357/706/435 157/703/193 156/705/192
f 453/2/613 425/1/580 453/1/612
f 425/1/580 453/2/613 426/2/581
f 453/1/612 452/2/610 453/2/613
f 452/2/610 452/1/611 450/3/608
f 452/2/610 453/1/612 452/1/611
f 451/4/609 452/2/610 450/3/608
f 453/1/612 425/1/579 452/1/611
f 425/1/579 453/1/612 425/1/580
f 452/2/610 426/2/581 453/2/613
f 426/2/581 452/2/610 424/2/578
f 451/4/609 424/2/578 452/2/610
f 424/2/578 451/4/609 424/4/577
f 451/8/609 450/9/608 448/10/606
f 449/5/607 448/6/606 450/7/608
f 452/1/611 423/3/576 450/3/608
f 423/3/576 452/1/611 425/1/579
f 450/7/608 377/12/471 449/5/607
f 377/12/471 450/7/608 423/15/576
f 448/10/606 424/14/577 451/8/609
f 424/14/577 448/10/606 377/13/470
f 449/5/607 377/11/470 448/6/606
f 377/11/470 449/5/607 377/12/471
f 453/131/614 364/97/451 454/132/615
f 364/97/451 453/131/614 364/84/450
f 364/97/451 280/451/347 356/704/434
f 356/704/434 454/703/615 364/97/451
f 454/703/615 356/704/434 357/706/435
f 357/706/435 453/705/614 454/703/615
f 835/1123/1128 833/1129/1124 835/1122/1126
f 845/1144/1141 654/779/877 654/781/876
f 838/246/1133 837/1117/1132 835/246/1126
f 245/276/311 656/785/879 244/243/310
f 687/859/910 677/859/900 676/859/899
f 677/859/900 687/859/910 686/859/909
f 833/1120/1124 244/912/310 655/912/878
f 845/1144/1141 836/1125/1129 654/779/877
f 832/1115/1121 656/785/879 831/1114/1120
f 836/1126/1130 837/1128/1131 655/784/878
f 832/1116/1122 655/784/878 832/1115/1121
f 838/247/1133 837/1128/1131 840/1133/1135
f 835/246/1126 837/1117/1132 834/1136/1125
f 835/911/1126 833/1130/1124 837/1127/1131
f 835/1140/1128 847/1147/1144 835/1135/1127
f 835/1135/1127 844/1143/1140 833/1118/1123
f 835/1135/1127 847/1148/1144 844/1143/1140
g fff00122_00012_000477e5_e8
f 83/626/119 178/604/221 177/605/220
f 83/627/119 108/628/144 178/604/221
f 108/629/144 83/603/119 247/607/313
f 247/607/313 83/603/119 81/608/117
f 81/608/117 82/609/118 80/610/116
f 83/630/119 176/611/219 82/631/118
f 83/632/119 177/605/220 176/611/219
f 81/608/117 83/603/119 82/609/118
f 177/605/220 178/604/221 107/612/143
f 100/613/136 59/614/86 101/615/137
f 107/612/143 178/604/221 119/616/155
f 100/613/136 177/605/220 107/612/143
f 119/616/155 63/617/93 107/612/143
f 63/617/93 64/618/95 107/612/143
f 107/612/143 59/614/86 100/613/136
f 6/619/6 63/617/93 9/620/9
f 64/618/95 59/614/86 107/612/143
f 28/621/28 9/620/9 119/616/155
f 9/620/9 63/617/93 119/616/155
f 177/605/220 100/613/136 101/615/137
f 176/611/219 177/605/220 101/615/137
f 119/616/155 171/622/214 28/621/28
f 178/604/221 179/623/222 119/616/155
f 72/624/107 64/618/95 63/617/93
f 74/625/109 59/614/86 64/618/95
f 74/625/109 64/618/95 72/624/107
f 72/624/107 63/617/93 6/619/6
f 119/616/155 179/623/222 171/622/214
f 108/606/144 179/623/222 178/604/221
f 211/633/258 220/634/269 216/635/265
f 168/636/210 227/637/280 220/634/269
f 220/634/269 211/633/258 168/636/210
f 211/633/258 52/638/69 168/636/210
f 80/639/116 211/633/258 216/635/265
f 80/639/116 216/635/265 81/640/117
f 46/641/56 316/642/383 278/643/345
f 43/644/50 348/645/421 46/641/56
f 316/642/383 46/641/56 348/645/421
f 43/644/50 35/646/36 348/645/421
f 40/647/44 306/648/373 39/649/43
f 316/642/383 348/645/421 346/650/417
f 348/645/421 305/652/372 346/650/417
f 35/646/36 306/653/373 305/654/372
f 348/645/421 35/646/36 305/655/372
f 40/647/44 305/651/372 306/648/373
f 113/656/149 213/657/262 228/658/282
f 224/659/275 228/658/282 52/660/70
f 113/656/149 228/658/282 224/659/275
f 417/656/564 495/659/686 502/658/693
f 495/659/686 385/660/486 502/658/693
f 417/656/564 502/658/693 484/657/673
f 371/647/460 586/648/786 585/651/785
f 629/645/834 585/655/785 365/646/452
f 365/646/452 585/654/785 586/653/786
f 629/645/834 627/650/830 585/652/785
f 596/642/796 627/650/830 629/645/834
f 371/647/460 371/649/459 586/648/786
f 374/644/466 629/645/834 365/646/452
f 596/642/796 629/645/834 378/641/472
f 374/644/466 378/641/472 629/645/834
f 378/641/472 560/643/751 596/642/796
f 404/639/531 405/640/532 485/635/676
f 404/639/531 485/635/676 482/633/670
f 482/633/670 461/636/627 384/638/485
f 489/634/680 461/636/627 482/633/670
f 461/636/627 489/634/680 500/637/691
f 482/633/670 485/635/676 489/634/680
f 415/606/559 465/604/636 465/623/637
f 420/616/570 171/622/214 465/623/637
f 400/624/522 6/619/6 395/617/508
f 401/625/524 400/624/522 396/618/510
f 401/625/524 396/618/510 393/614/501
f 400/624/522 395/617/508 396/618/510
f 465/604/636 420/616/570 465/623/637
f 420/616/570 28/621/28 171/622/214
f 464/611/634 413/615/552 464/605/635
f 464/605/635 413/615/552 412/613/551
f 9/620/9 420/616/570 395/617/508
f 28/621/28 420/616/570 9/620/9
f 396/618/510 415/612/558 393/614/501
f 6/619/6 9/620/9 395/617/508
f 415/612/558 412/613/551 393/614/501
f 395/617/508 415/612/558 396/618/510
f 420/616/570 415/612/558 395/617/508
f 412/613/551 415/612/558 464/605/635
f 415/612/558 420/616/570 465/604/636
f 412/613/551 413/615/552 393/614/501
f 464/605/635 415/612/558 465/604/636
f 406/626/534 464/605/635 465/604/636
f 406/627/534 465/604/636 415/628/559
f 415/629/559 529/607/720 406/603/534
f 529/607/720 405/608/532 406/603/534
f 405/608/532 404/610/531 405/609/533
f 406/630/534 405/631/533 464/611/634
f 406/632/534 464/611/634 464/605/635
f 405/608/532 405/609/533 406/603/534
g fff00122_00012_000477e5_e9
f 295/788/362 294/788/361 711/840/934
f 676/497/899 700/819/923 687/790/910
f 709/837/932 296/497/363 708/497/931
f 294/788/361 292/788/359 711/840/934
f 351/665/428 287/497/354 329/553/396
f 295/497/362 293/497/360 290/497/357
f 284/857/351 708/835/931 295/855/362
f 709/837/932 286/497/353 330/497/397
f 294/497/361 289/497/356 291/497/358
f 709/673/932 330/556/397 296/497/363
f 672/786/895 297/786/364 710/838/933
f 775/960/1006 773/787/1003 772/787/1002
f 708/497/931 671/858/894 709/837/932
f 569/497/760 570/497/761 579/497/776
f 570/497/761 569/497/760 577/497/771
f 576/497/770 577/497/772 572/497/763
f 576/497/770 574/497/766 577/497/772
f 580/497/777 571/497/762 579/497/776
f 581/497/779 572/497/763 575/497/768
f 574/497/765 573/497/764 581/497/779
f 568/497/759 569/497/760 579/497/776
f 710/839/933 297/497/364 329/497/396
f 580/497/777 579/497/776 639/673/846
f 708/497/931 296/497/363 673/497/896
f 581/497/779 573/497/764 580/497/778
f 711/841/934 292/787/359 291/787/358
f 287/497/354 710/839/933 329/497/396
f 581/497/779 580/497/778 635/665/841
f 639/673/846 579/497/776 610/556/810
f 576/497/769 577/497/771 575/497/767
f 712/842/935 290/787/357 293/787/360
f 775/960/1006 771/845/1001 775/961/1007
f 687/790/910 700/819/923 698/497/921
f 355/497/433 330/497/397 286/497/353
f 572/497/763 577/497/772 575/497/768
f 571/497/762 568/497/759 579/497/776
f 292/497/359 294/497/361 291/497/358
f 575/497/768 574/497/765 581/497/779
f 570/497/761 577/497/771 576/497/769
f 635/665/841 609/553/809 581/497/779
f 295/497/362 290/497/357 285/497/352
f 772/843/1002 773/960/1004 770/963/1000
f 685/788/908 684/788/907 714/844/937
f 685/793/908 675/793/898 698/812/921
f 676/497/899 282/497/349 700/819/923
f 684/788/907 682/788/905 714/844/937
f 352/665/429 677/497/900 326/553/393
f 675/497/898 683/497/906 680/497/903
f 678/497/901 684/497/907 697/497/920
f 700/819/923 282/497/349 283/497/350
f 682/497/905 679/497/902 681/497/904
f 676/673/899 327/556/394 282/497/349
f 688/786/911 281/786/348 699/817/922
f 674/786/897 698/786/921 675/786/898
f 678/497/901 679/497/902 684/497/907
f 699/818/922 281/497/348 326/497/393
f 698/497/921 700/819/923 283/497/350
f 714/845/937 682/787/905 681/787/904
f 677/497/900 699/818/922 326/497/393
f 713/843/936 680/787/903 683/787/906
f 697/497/920 686/789/909 678/497/901
f 699/793/922 697/810/920 688/793/911
f 350/497/425 327/497/394 676/497/899
f 682/497/905 684/497/907 679/497/902
f 685/497/908 683/497/906 675/497/898
f 698/497/921 674/497/897 687/790/910
f 684/798/907 698/813/921 697/811/920
f 698/813/921 684/798/907 685/798/908
f 775/960/1006 775/961/1007 773/787/1003
f 770/963/1000 775/962/1006 772/843/1002
f 697/810/920 689/793/912 688/793/911
f 697/811/920 690/798/913 689/798/912
f 698/812/921 283/793/350 690/793/913
f 690/798/913 697/811/920 698/813/921
f 697/786/920 699/817/922 686/786/909
f 686/789/909 699/818/922 677/497/900
f 672/497/895 710/789/933 707/833/930
f 707/834/930 673/799/896 672/799/895
f 294/853/361 708/836/931 707/834/930
f 673/799/896 707/834/930 708/836/931
f 708/836/931 294/853/361 295/854/362
f 671/858/894 286/497/353 709/837/932
f 707/786/930 710/838/933 670/786/893
f 670/850/893 710/839/933 287/497/354
f 295/788/362 711/840/934 293/788/360
f 712/842/935 711/841/934 291/787/358
f 711/841/934 712/842/935 293/787/360
f 714/845/937 713/843/936 683/787/906
f 685/788/908 714/844/937 683/788/906
f 713/843/936 714/845/937 681/787/904
f 773/960/1004 773/845/1003 774/961/1005
f 770/843/1000 771/845/1001 775/960/1006
f 772/843/1002 773/845/1003 773/960/1004
f 708/497/931 284/856/351 671/858/894
f 288/851/355 707/833/930 670/789/893
f 288/846/355 289/497/356 294/847/361
f 773/960/1004 774/961/1005 771/787/1001
f 288/851/355 294/852/361 707/833/930
f 284/848/351 295/849/362 285/786/352
f 351/959/428 355/958/433 286/957/353
f 286/957/353 287/956/354 351/959/428
f 288/851/355 670/789/893 671/863/894
f 671/863/894 284/862/351 288/851/355
f 288/846/355 285/860/352 289/497/356
f 285/860/352 288/846/355 284/864/351
f 289/497/356 290/860/357 291/497/358
f 290/860/357 289/497/356 285/860/352
f 670/850/893 286/957/353 671/861/894
f 286/957/353 670/850/893 287/956/354
f 753/960/980 751/787/977 751/787/976
f 753/960/980 753/961/981 751/787/977
f 752/843/978 752/845/979 753/960/980
f 753/960/980 752/845/979 753/961/981
f 751/963/976 754/962/982 752/843/978
f 752/843/978 753/960/980 751/963/976
f 754/960/982 751/845/977 755/961/983
f 751/843/976 751/845/977 754/960/982
f 754/960/982 755/961/983 752/787/979
f 754/960/982 752/787/979 752/787/978
f 758/960/988 756/787/985 756/787/984
f 758/960/988 759/961/989 756/787/985
f 757/843/986 757/845/987 758/960/988
f 758/960/988 757/845/987 759/961/989
f 756/963/984 760/962/990 757/843/986
f 757/843/986 758/960/988 756/963/984
f 760/960/990 756/845/985 761/961/991
f 756/843/984 756/845/985 760/960/990
f 760/960/990 761/961/991 757/787/987
f 760/960/990 757/787/987 757/787/986
f 766/960/996 763/787/993 762/787/992
f 766/960/996 767/961/997 763/787/993
f 764/843/994 765/845/995 766/960/996
f 766/960/996 765/845/995 767/961/997
f 762/963/992 768/962/998 764/843/994
f 764/843/994 766/960/996 762/963/992
f 768/960/998 763/845/993 769/961/999
f 762/843/992 763/845/993 768/960/998
f 768/960/998 769/961/999 765/787/995
f 768/960/998 765/787/995 764/787/994
f 773/960/1004 771/787/1001 770/787/1000
g fff00122_00012_000477e5_e10
f 679/964/902 713/965/936 681/966/904
f 679/964/902 675/967/898 713/965/936
f 680/968/903 713/965/936 675/967/898
f 678/969/901 686/970/909 687/971/910
f 678/969/901 675/967/898 679/964/902
f 675/967/898 678/969/901 674/972/897
f 687/971/910 674/972/897 678/969/901
g fff00122_00012_000477e5_e11
f 330/565/397 309/566/376 330/567/398
f 323/562/390 353/669/431 352/668/430
f 351/663/427 331/579/400 350/662/426
f 329/568/396 328/569/395 302/570/369
f 603/562/803 604/564/804 637/668/843
f 604/564/804 636/667/842 637/668/843
f 355/672/433 309/566/376 330/565/397
f 350/662/426 331/579/400 331/577/399
f 342/589/411 350/662/426 333/584/402
f 325/563/392 353/669/431 323/562/390
f 605/563/805 638/669/844 638/671/845
f 302/570/369 327/574/394 350/661/425
f 589/566/789 611/567/811 612/577/812
f 309/566/376 350/662/426 331/577/399
f 50/575/65 342/589/411 332/580/401
f 302/570/369 328/569/395 327/574/394
f 50/575/65 332/580/401 37/576/40
f 309/566/376 331/577/399 330/567/398
f 604/564/804 606/578/806 636/667/842
f 382/575/481 369/576/456 614/580/814
f 325/563/392 354/671/432 353/669/431
f 635/666/841 583/570/782 609/568/809
f 324/564/391 352/668/430 352/667/429
f 323/562/390 352/668/430 324/564/391
f 324/564/391 352/667/429 326/578/393
f 351/666/428 329/568/396 302/570/369
f 610/565/810 611/567/811 589/566/789
f 603/562/803 637/668/843 638/669/844
f 634/663/840 633/662/839 613/579/813
f 609/568/809 583/570/782 608/569/808
f 583/570/782 607/574/807 608/569/808
f 639/672/846 610/565/810 589/566/789
f 633/662/839 612/577/812 613/579/813
f 621/589/824 615/584/815 633/662/839
f 605/563/805 603/562/803 638/669/844
f 583/570/782 632/661/838 607/574/807
f 382/575/481 614/580/814 621/589/824
f 589/566/789 612/577/812 633/662/839
g fff00122_00012_000477e5_e12
f 351/674/428 302/675/369 336/676/405
f 355/677/433 351/674/428 335/678/404
f 648/753/864 648/754/865 352/681/429
f 350/797/425 352/682/429 336/676/405
f 648/754/865 337/680/406 336/681/405
f 335/678/404 351/674/428 336/676/405
f 589/696/789 633/701/839 615/697/815
f 580/677/777 639/702/846 589/696/789
f 350/797/425 336/676/405 302/675/369
f 353/689/431 648/753/864 352/685/430
f 352/682/429 648/680/865 336/676/405
f 621/700/824 633/701/839 634/699/840
f 648/753/864 352/681/429 352/685/430
f 354/690/432 647/751/862 647/752/863
f 354/690/432 647/752/863 353/689/431
f 334/692/403 355/677/433 335/678/404
f 337/680/406 646/748/860 37/694/39
f 37/694/39 646/748/860 645/747/859
f 648/754/865 646/748/860 337/680/406
f 309/696/376 355/677/433 334/692/403
f 309/696/376 334/692/403 333/697/402
f 353/689/431 647/752/863 648/753/864
f 50/698/65 351/699/427 342/700/411
f 342/700/411 351/699/427 350/701/426
f 382/698/481 621/700/824 634/699/840
f 309/696/376 333/697/402 350/701/426
f 638/689/844 637/685/843 377/683/471
f 589/696/789 615/697/815 616/692/816
f 589/696/789 616/692/816 580/677/777
f 618/680/819 368/694/455 424/691/577
f 368/694/455 424/695/578 424/691/577
f 425/693/579 638/690/845 423/688/576
f 616/692/816 617/678/817 580/677/777
f 377/679/470 618/680/819 424/691/577
f 638/690/845 638/689/844 423/688/576
f 423/688/576 638/689/844 377/683/471
f 637/685/843 636/687/842 563/681/754
f 583/675/782 564/682/755 632/686/838
f 377/683/471 637/685/843 563/681/754
f 564/682/755 583/675/782 618/676/818
f 580/674/778 618/676/818 583/675/782
f 580/677/777 617/678/817 580/674/778
f 377/679/470 563/681/754 618/680/819
f 564/682/755 618/676/818 618/680/819
f 377/683/471 563/681/754 377/679/470
f 617/678/817 618/676/818 580/674/778
f 563/681/754 564/682/755 618/680/819
f 580/674/778 583/675/782 635/684/841
g fff00122_00012_000477e5_e13
f 654/783/877 832/1115/1121 654/782/876
f 654/782/876 831/1114/1120 242/342/308
f 654/782/876 832/1115/1121 831/1114/1120
f 654/783/877 832/1116/1122 832/1115/1121
f 836/1124/1129 836/1126/1130 832/1116/1122
f 841/1138/1137 841/1137/1136 243/914/309
f 243/914/309 841/1137/1136 833/1119/1123
f 836/1124/1129 832/1116/1122 654/783/877
f 837/278/1132 836/1125/1129 834/244/1125
f 653/778/874 845/1144/1141 653/780/875
f 837/1131/1132 839/1132/1134 836/1124/1129
f 847/1148/1144 834/244/1125 844/1143/1140
f 834/244/1125 846/1146/1143 844/1143/1140
f 653/780/875 846/1145/1142 842/1141/1138
f 834/244/1125 836/1125/1129 846/1146/1143
f 843/1142/1139 844/1143/1140 845/1144/1141
f 843/1142/1139 845/1144/1141 653/778/874
f 653/780/875 845/1144/1141 846/1145/1142
f 845/1144/1141 844/1143/1140 846/1146/1143
