# fff08519_00113_00212692
o fff08519_00113_00212692
v 2.569861 -1.006306 2.058681
v 2.391937 -0.866826 2.066453
v 2.169157 -0.893211 2.095455
v 2.032007 -1.070004 2.128696
v 2.060842 -1.293643 2.146705
v 2.238761 -1.433123 2.138933
v 2.461545 -1.406739 2.109932
v 2.598689 -1.229941 2.076689
v 2.630806 -0.946824 2.937628
v 2.482680 -0.830702 2.944099
v 2.297203 -0.852668 2.968244
v 2.183025 -0.999855 2.995919
v 2.207028 -1.186045 3.010912
v 2.355150 -1.302166 3.004441
v 2.540627 -1.280199 2.980296
v 2.654805 -1.133012 2.952622
v 2.848127 -0.789443 4.784208
v 2.713026 -0.690850 4.792316
v 2.589508 -0.722523 4.919635
v 2.505706 -0.830551 4.939947
v 2.523320 -0.967200 4.950952
v 2.632032 -1.052430 4.946203
v 2.768167 -1.036308 4.928482
v 2.851964 -0.928280 4.908169
v 2.872352 -0.718568 5.956937
v 2.758966 -0.662323 5.965020
v 2.654215 -0.656819 5.976939
v 2.935286 -0.793508 6.096875
v 2.669698 -0.941461 3.675333
v 2.690802 -1.104103 3.689585
v 2.589800 -1.233902 3.703091
v 2.425583 -1.254883 3.707950
v 2.294284 -1.154477 3.701292
v 2.273104 -0.991447 3.687008
v 2.374501 -0.861568 3.673487
v 2.538800 -0.840979 3.668661
v 2.583232 -0.691152 5.971956
v 2.619323 -0.880957 5.994021
v 2.708858 -0.924771 5.929885
v 2.839421 -0.908522 5.924596
v 2.870233 -0.773292 5.031816
v 2.740637 -0.681277 5.045228
v 3.036903 -0.586879 4.976908
v 2.879761 -0.464924 5.006876
v 2.999448 -0.593317 5.074773
v 2.911712 -0.525236 5.091505
v 3.000968 -0.550307 4.896720
v 2.902484 -0.473881 4.915502
v 3.138181 -0.481488 5.106190
v 2.990034 -0.388257 5.139128
v 3.086554 -0.513440 5.163178
v 3.003840 -0.461388 5.181566
v 3.129743 -0.414251 5.064332
v 3.036903 -0.355828 5.084974
v 3.280746 -0.398461 5.532572
v 3.149262 -0.325988 5.550794
v 3.225159 -0.438544 5.549982
v 3.151752 -0.398085 5.560155
v 3.282630 -0.331543 5.522982
v 3.200232 -0.286126 5.534400
v 2.883704 -0.849665 4.926280
v 2.681476 -0.671705 4.931626
v 2.107114 -1.259585 2.420257
v 2.221404 -1.383906 2.279212
v 2.485909 -1.382156 2.462272
v 2.601016 -1.173499 2.195872
v 2.581740 -0.994708 2.230043
v 2.302207 -0.873626 2.212342
v 2.075774 -1.040842 2.223068
v 2.265326 1.895302 2.613038
v 2.243598 1.727498 2.645478
v 2.348520 1.591593 2.659774
v 2.518633 1.567205 2.647551
v 2.654280 1.668609 2.615971
v 2.676010 1.836417 2.583531
v 2.571092 1.972316 2.569235
v 2.400973 1.996706 2.581457
v 2.444940 2.204492 4.020548
v 2.431225 2.054852 4.050313
v 2.538162 1.984012 4.153849
v 2.663013 1.966109 4.144878
v 2.762575 2.040537 4.121699
v 2.778516 2.163688 4.097893
v 2.701512 2.263443 4.087398
v 2.576658 2.281338 4.096369
v 2.632223 2.322646 5.334162
v 2.641356 2.208670 5.353860
v 2.686474 2.123981 5.364751
v 2.383583 1.982528 3.163772
v 2.502263 2.071347 3.137207
v 2.650067 2.048384 3.116810
v 2.740585 1.926902 3.114523
v 2.720593 1.777881 3.131734
v 2.601643 1.688831 3.158365
v 2.453598 1.712066 3.178772
v 2.363348 1.833789 3.180994
v 2.743494 2.081615 5.351405
v 2.878057 2.195027 5.325298
v 2.857935 2.278391 5.258938
v 2.785998 2.375008 5.259390
v 2.732324 2.412993 5.347437
v 2.628232 1.555473 1.956909
v 2.642392 1.684960 1.956909
v 2.526062 1.862288 1.956909
v 2.293146 1.887751 1.956909
v 2.171660 1.798745 1.956909
v 2.199605 1.521210 1.956909
v 2.431590 1.414003 1.956909
v 0.937030 2.941435 2.131286
v 0.831482 2.959491 2.131985
v 0.744351 2.897667 2.135742
v 0.726675 2.792187 2.140355
v 0.788815 2.704837 2.143123
v 0.894360 2.686787 2.142423
v 0.981488 2.748600 2.138668
v 0.999166 2.854083 2.134054
v 0.745693 3.047848 3.932989
v 0.732722 2.970440 3.936373
v 0.778326 2.906326 3.938403
v 0.855788 2.893078 3.937891
v 0.919736 2.938449 3.935134
v 0.932707 3.015866 3.931748
v 0.914126 2.952732 2.696133
v 0.968408 2.876470 2.699604
v 0.953270 2.783338 2.693803
v 0.877455 2.727794 2.682105
v 0.785278 2.742495 2.671359
v 0.730856 2.818938 2.667876
v 0.746165 2.912209 2.673707
v 0.822121 2.967580 2.685414
v 0.792117 2.639014 1.473741
v 0.890583 2.607248 1.473741
v 1.007382 2.671199 1.473741
v 1.025394 2.817189 1.473741
v 0.964915 2.902218 1.473741
v 0.794286 2.886731 1.473741
v 0.727465 2.740370 1.473741
v 0.901816 3.083900 3.845273
v 0.789322 3.088151 3.844882
v -5.401636 0.654957 2.828814
v -5.420476 0.780775 2.828814
v -5.522763 0.856419 2.828814
v -5.648580 0.837577 2.828814
v -5.724223 0.735292 2.828814
v -5.705386 0.609479 2.828814
v -5.603097 0.533835 2.828813
v -5.477284 0.552675 2.828814
v -5.411659 0.646299 4.165162
v -5.432435 0.757485 4.166523
v -5.519703 0.800422 4.265644
v -5.612044 0.786602 4.265644
v -5.667566 0.711529 4.265643
v -5.653740 0.619187 4.265643
v -5.578664 0.563672 4.265644
v -5.486328 0.577494 4.265643
v -5.486494 0.679482 5.608754
v -5.516265 0.759817 5.608754
v -5.565609 0.811299 5.608754
v -5.504778 0.614654 5.608754
v -5.449779 0.650608 3.395044
v -5.515908 0.561207 3.396102
v -5.625903 0.544647 3.386213
v -5.715489 0.610736 3.371141
v -5.732094 0.720919 3.359714
v -5.665818 0.810548 3.358650
v -5.555591 0.826959 3.368579
v -5.466147 0.760644 3.383654
v -5.615246 0.827431 5.608754
v -5.687425 0.717812 5.608754
v -5.657772 0.654189 5.608754
v -5.586600 0.601425 5.608754
v -5.418692 0.645987 4.392858
v -5.440372 0.751430 4.399038
v -5.246659 0.659426 4.377273
v -5.269558 0.792489 4.398057
v -5.277682 0.674490 4.461192
v -5.290472 0.748773 4.472796
v -5.239050 0.693393 4.304063
v -5.253408 0.776775 4.317088
v -5.164455 0.669156 4.493091
v -5.196535 0.783980 4.515038
v -5.209930 0.677961 4.536311
v -5.227842 0.742068 4.548564
v -5.133325 0.705684 4.460158
v -5.153428 0.777644 4.473912
v -5.125890 0.667822 4.696354
v -5.157972 0.764604 4.704985
v -5.173002 0.674158 4.702651
v -5.190910 0.728191 4.707470
v -5.093190 0.699663 4.693684
v -5.113295 0.760318 4.699093
v -5.087089 0.631693 5.253933
v -5.116170 0.719422 5.261755
v -5.129793 0.637432 5.259639
v -5.146034 0.686411 5.264007
v -5.057447 0.660560 5.251511
v -5.075671 0.715533 5.256415
v -5.436617 0.601422 4.292245
v -5.453035 0.782684 4.290774
v -5.746393 0.740818 2.161267
v -5.734023 0.625601 2.161267
v -5.615973 0.518761 2.161267
v -5.445052 0.551585 2.161267
v -5.375523 0.648455 2.161267
v -5.453182 0.837582 2.161267
v -5.640795 0.860962 2.161267
v -1.742160 0.783691 1.900642
v -1.865423 0.747162 1.904518
v -1.926425 0.634271 1.909085
v -1.889441 0.511148 1.911666
v -1.776116 0.449922 1.910750
v -1.652860 0.486454 1.906876
v -1.591853 0.599346 1.902310
v -1.628845 0.722465 1.899728
v -1.771312 0.799820 2.705450
v -1.873937 0.769408 2.708676
v -1.924718 0.675419 2.712477
v -1.893923 0.572917 2.714628
v -1.799588 0.521943 2.713866
v -1.696965 0.552361 2.710641
v -1.646181 0.646340 2.706840
v -1.676972 0.748852 2.704689
v -1.937406 0.783440 3.937108
v -1.914806 0.708216 3.938683
v -1.845562 0.670804 3.938125
v -1.770252 0.693124 3.935759
v -1.732970 0.762105 3.932969
v -1.767002 0.875103 3.941356
v -1.935527 0.843847 5.093787
v -1.780377 0.791210 3.270735
v -1.697958 0.746706 3.271124
v -1.670635 0.656562 3.263145
v -1.714491 0.573434 3.251445
v -1.803972 0.546094 3.242885
v -1.886605 0.590696 3.242493
v -1.913833 0.681040 3.250504
v -1.869771 0.764069 3.262201
v -1.979522 0.752724 5.082281
v -1.879723 0.705900 5.088642
v -1.828546 0.735177 5.034587
v -1.793445 0.801174 5.042562
v -1.799726 0.846830 5.129041
v -1.783547 0.472721 2.164968
v -1.684876 0.489616 2.036472
v -1.609158 0.599014 2.006629
v -1.657305 0.737895 2.012603
v -1.747844 0.786839 2.057552
v -1.895026 0.698103 2.027974
v -1.891066 0.537630 2.003308
v -1.815803 0.886056 3.847369
v -1.918610 0.840209 3.849273
v -1.814626 0.884316 4.014843
v -1.911678 0.839024 4.020299
v -1.867465 1.047288 3.998284
v -1.991017 0.994735 4.014575
v -1.875133 1.015615 4.060897
v -1.944099 0.986275 4.069992
v -1.901858 1.045162 3.944367
v -1.979284 1.012233 3.954574
v -1.896326 1.127092 4.080931
v -2.000095 1.069915 4.098308
v -1.894448 1.082003 4.114063
v -1.952381 1.050083 4.123761
v -1.938790 1.148022 4.055900
v -2.003823 1.112185 4.066793
v -1.910931 1.189487 4.270007
v -1.997201 1.136196 4.277554
v -1.906159 1.142573 4.276058
v -1.954322 1.112825 4.280271
v -1.949324 1.213680 4.267149
v -2.003386 1.180283 4.271880
v -1.886804 1.247605 4.678345
v -1.964998 1.199309 4.685185
v -1.882477 1.205090 4.683831
v -1.926133 1.178117 4.687647
v -1.921605 1.269540 4.675753
v -1.970610 1.239272 4.680040
v -1.767002 0.875103 3.941356
v -1.938627 0.817158 3.941226
v -11.844142 -1.819690 3.562554
v -11.921355 -1.851672 3.556115
v -11.952930 -1.928425 3.544344
v -11.920367 -2.004988 3.534138
v -11.842741 -2.036511 3.531476
v -11.765527 -2.004531 3.537916
v -11.733947 -1.927776 3.549685
v -11.766510 -1.851216 3.559890
v -11.892022 -1.984260 4.749415
v -11.959607 -2.015261 4.744255
v -11.974307 -2.086578 4.799669
v -11.950408 -2.142775 4.792180
v -11.893436 -2.165905 4.790225
v -11.836762 -2.142436 4.794950
v -11.813589 -2.086101 4.803589
v -11.837489 -2.029908 4.811080
v -11.917679 -2.136912 5.513208
v -11.964084 -2.168550 5.513208
v -11.988885 -2.207968 5.513208
v -11.875302 -2.150003 5.513208
v -11.835526 -1.902412 3.927752
v -11.767694 -1.930072 3.926112
v -11.739016 -1.996070 3.910745
v -11.766325 -2.061860 3.890616
v -11.833754 -2.088868 3.877517
v -11.901756 -2.061151 3.879156
v -11.930378 -1.994984 3.894572
v -11.902895 -1.929250 3.914702
v -11.990831 -2.240523 5.513208
v -11.909211 -2.269383 5.513208
v -11.872641 -2.235599 5.513208
v -11.850746 -2.183162 5.513208
v -11.858213 -2.160127 5.513208
v -11.894234 -2.009961 4.897288
v -11.958081 -2.041068 4.895408
v -11.930653 -1.901844 4.901550
v -12.012156 -1.939495 4.908033
v -11.936510 -1.931723 4.953002
v -11.982005 -1.952743 4.956622
v -11.952419 -1.895604 4.853179
v -12.003498 -1.919204 4.857241
v -11.952097 -1.862245 4.983836
v -12.020477 -1.902903 4.990978
v -11.950964 -1.896451 5.007732
v -11.989142 -1.919150 5.011720
v -11.979971 -1.845304 4.963671
v -12.022826 -1.870783 4.968146
v -11.960711 -1.856658 5.119774
v -12.017373 -1.893193 5.118921
v -11.957159 -1.888058 5.119548
v -11.988797 -1.908453 5.119072
v -11.986331 -1.840812 5.119657
v -12.021836 -1.863709 5.119122
v -11.952706 -1.878529 5.488094
v -12.004066 -1.911642 5.487319
v -11.949484 -1.906988 5.513208
v -11.978157 -1.925472 5.487457
v -11.975924 -1.864159 5.487988
v -12.008110 -1.884910 5.487503
v -11.861289 -2.004776 4.831827
v -11.974263 -2.043936 4.822522
v -11.933521 -2.071765 5.202068
v -11.863992 -2.110248 5.242421
v -11.913392 -2.095039 5.261260
v -11.726461 -1.966594 5.372094
v -11.785553 -1.937777 5.389229
v -11.747772 -1.985323 5.393882
v -11.780764 -1.969229 5.403449
v -11.729137 -1.937305 5.357871
v -11.766165 -1.919246 5.368608
v -11.707757 -1.969773 5.502514
v -11.742009 -1.957353 5.507587
v -11.747062 -1.927799 5.493916
v -11.727207 -1.909480 5.483582
v -11.701948 -1.920075 5.486591
v -11.687819 -1.942433 5.496099
v -11.844326 -2.105372 5.161278
v -11.857203 -2.074772 5.119655
v -11.907661 -2.055323 5.122795
v -11.827220 -1.999837 3.058344
v -11.753738 -1.961838 3.058344
v -11.704438 -1.867793 3.058344
v -11.753422 -1.765748 3.058344
v -11.827287 -1.741377 3.058344
v -11.934752 -1.817333 3.058344
v -11.918582 -1.936995 3.058344
v -1.500610 -1.630493 2.049353
v -1.329900 -1.513515 2.049352
v -1.291903 -1.310097 2.049352
v -1.408875 -1.139388 2.049353
v -1.612298 -1.101393 2.049352
v -1.783004 -1.218369 2.049352
v -1.821005 -1.421789 2.049353
v -1.704025 -1.592497 2.049353
v -1.509958 -1.586160 2.754204
v -1.367839 -1.488774 2.754203
v -1.336209 -1.319417 2.754203
v -1.433591 -1.177296 2.754202
v -1.602948 -1.145664 2.754204
v -1.745070 -1.243047 2.754203
v -1.776703 -1.412401 2.754203
v -1.679315 -1.554528 2.754204
v -1.526420 -1.579030 4.461138
v -1.403269 -1.487940 4.462499
v -1.402594 -1.356231 4.561620
v -1.474067 -1.251921 4.561618
v -1.598363 -1.228703 4.561619
v -1.702674 -1.300174 4.561619
v -1.725890 -1.424476 4.561619
v -1.654417 -1.528785 4.561619
v -1.530285 -1.468284 5.534145
v -1.450037 -1.384488 5.534145
v -1.416515 -1.293919 5.534145
v -1.620077 -1.484364 5.534145
v -1.543738 -1.530094 3.320434
v -1.691773 -1.502425 3.321493
v -1.777022 -1.378231 3.311602
v -1.749523 -1.229999 3.296531
v -1.625123 -1.144584 3.285104
v -1.476722 -1.172290 3.284041
v -1.391513 -1.296853 3.293967
v -1.419380 -1.445046 3.309043
v -1.426242 -1.223903 5.534145
v -1.602479 -1.200831 5.534145
v -1.662435 -1.274592 5.534145
v -1.684605 -1.392518 5.534145
v -1.659348 -1.453544 5.534145
v -1.530961 -1.570656 4.688835
v -1.415337 -1.481858 4.695014
v -1.412807 -1.772272 4.673247
v -1.264263 -1.665649 4.694033
v -1.412818 -1.725565 4.757167
v -1.329892 -1.666038 4.768772
v -1.366936 -1.761442 4.600039
v -1.273847 -1.694619 4.613066
v -1.352320 -1.866653 4.789066
v -1.231422 -1.759639 4.811015
v -1.368499 -1.806044 4.832286
v -1.301003 -1.746305 4.844539
v -1.289402 -1.882967 4.756134
v -1.213640 -1.815902 4.769890
v -1.331132 -1.914423 4.992330
v -1.232211 -1.818079 5.000962
v -1.351292 -1.853281 4.998627
v -1.296063 -1.799499 5.003447
v -1.272994 -1.935416 4.989660
v -1.211001 -1.875040 4.995069
v -1.352192 -1.983062 5.549910
v -1.262519 -1.895732 5.557734
v -1.370464 -1.927643 5.555616
v -1.320402 -1.878886 5.559985
v -1.299489 -2.002092 5.547488
v -1.243298 -1.947365 5.552392
v -1.595856 -1.575181 4.588222
v -1.384763 -1.447940 4.586751
v -1.474065 -1.521486 5.161296
v -1.629521 -1.485387 5.227691
v -1.523566 -1.500920 5.254482
v -1.845413 -1.866463 5.386530
v -1.714334 -1.904607 5.408180
v -1.810023 -1.826838 5.424055
v -1.736839 -1.848134 5.436141
v -1.828053 -1.919492 5.358955
v -1.745908 -1.943392 5.372521
v -1.882918 -1.906385 5.582412
v -1.808769 -1.918530 5.588589
v -1.786510 -1.971272 5.561868
v -1.818997 -2.012881 5.541688
v -1.874214 -2.003051 5.547582
v -1.911807 -1.967153 5.566171
v -1.667998 -1.479201 5.104069
v -1.629865 -1.522548 5.035427
v -1.520195 -1.541446 5.037768
v -1.609337 -1.115385 2.202937
v -1.742378 -1.198651 2.178614
v -1.802680 -1.405654 2.318746
v -1.661568 -1.594467 2.162278
v -1.502423 -1.621849 2.352938
v -1.317992 -1.415374 2.188183
v -1.400501 -1.172971 2.141927
v -0.017480 -1.438542 2.072074
v -0.203489 -1.528818 2.080677
v -0.270892 -1.723742 2.097519
v -0.180218 -1.909136 2.112733
v 0.015433 -1.976390 2.117409
v 0.201448 -1.886119 2.108807
v 0.268852 -1.691192 2.091965
v 0.178174 -1.505790 2.076750
v -0.010536 -1.415493 2.731264
v -0.165399 -1.490648 2.738426
v -0.221518 -1.652935 2.752448
v -0.146022 -1.807281 2.765114
v 0.016861 -1.863271 2.769008
v 0.171732 -1.788110 2.761844
v 0.227849 -1.625834 2.747825
v 0.152352 -1.471482 2.735156
v 0.013524 -1.281032 4.432818
v -0.121644 -1.352653 4.440947
v -0.141107 -1.474010 4.550792
v -0.085704 -1.587288 4.560087
v 0.033846 -1.628386 4.562945
v 0.147501 -1.573220 4.557689
v 0.188699 -1.454121 4.547397
v 0.133289 -1.340841 4.538101
v 0.006641 -1.300613 5.507640
v -0.085007 -1.371444 5.604852
v -0.131445 -1.455793 5.604852
v 0.017589 -1.427967 3.300435
v 0.159962 -1.476836 3.304894
v 0.226029 -1.612564 3.306108
v 0.177010 -1.755914 3.303366
v 0.041379 -1.822827 3.298263
v -0.101360 -1.773860 3.293794
v -0.167329 -1.637778 3.292585
v -0.117957 -1.494526 3.295338
v -0.132177 -1.527498 5.604852
v 0.038822 -1.575444 5.604852
v 0.108667 -1.515926 5.604852
v 0.147948 -1.402054 5.604852
v 0.132363 -1.330801 5.604852
v 0.017965 -1.270756 4.660440
v -0.109391 -1.340807 4.673228
v -0.087314 -1.053934 4.640127
v -0.219057 -1.120084 4.663323
v -0.092510 -1.085528 4.711126
v -0.166064 -1.122457 4.724076
v -0.125706 -1.062140 4.581439
v -0.208272 -1.103602 4.595977
v -0.309283 -0.830933 4.792859
v -0.344707 -0.884061 4.824925
v -0.290809 -0.865408 4.825306
v -0.366014 -0.851988 4.793588
v 0.082310 -1.284288 4.560278
v -0.145173 -1.378888 4.567986
v 0.110539 -1.303445 5.010560
v 0.015873 -1.940614 2.370604
v 0.159029 -1.888696 2.238969
v 0.248903 -1.695613 2.196981
v 0.137052 -1.488114 2.188797
v -0.016125 -1.434059 2.229506
v -0.229033 -1.613569 2.210118
v -0.183104 -1.867006 2.202091
v -6.325920 0.887920 2.362422
v -6.424127 0.927219 2.345753
v -6.521613 0.884697 2.334973
v -6.561275 0.785272 2.336395
v -6.519868 0.687189 2.349188
v -6.421661 0.647899 2.365854
v -6.324179 0.690409 2.376637
v -6.284520 0.789832 2.375215
v -6.779711 1.089182 4.108169
v -6.808815 1.016224 4.109212
v -6.778433 0.944228 4.118598
v -6.706355 0.915395 4.130831
v -6.634805 0.946597 4.138744
v -6.605698 1.019570 4.137701
v -6.839456 1.183475 5.070836
v -6.909657 1.195667 5.060044
v -6.967440 1.181469 5.052878
v -6.476458 0.933846 2.915791
v -6.440450 0.848235 2.928006
v -6.473419 0.760038 2.919599
v -6.556189 0.720847 2.895454
v -6.640341 0.753753 2.869693
v -6.676447 0.839565 2.857445
v -6.643287 0.927867 2.865908
v -6.560420 0.966865 2.890086
v -6.997481 1.150280 5.035582
v -6.950579 1.052537 5.056579
v -6.883771 1.040790 5.014197
v -6.817606 1.071652 5.032125
v -6.809507 1.116806 5.118719
v -6.770156 1.184738 4.707994
v -6.695762 1.089242 4.598230
v -6.607424 1.089669 4.047456
v -6.715023 1.116844 4.028539
v -6.636858 1.097977 4.212125
v -6.740304 1.122294 4.197741
v -6.574492 1.257622 4.196272
v -6.704682 1.293157 4.187450
v -6.610790 1.241298 4.254569
v -6.683471 1.261140 4.249642
v -6.592832 1.273723 4.137123
v -6.674421 1.295995 4.131594
v -6.562105 1.343268 4.277166
v -6.680109 1.363096 4.272606
v -6.594152 1.308701 4.307366
v -6.660038 1.319765 4.304822
v -6.577546 1.384255 4.246358
v -6.651502 1.396675 4.243500
v -6.568551 1.390685 4.423794
v -6.668984 1.402209 4.412884
v -6.594759 1.351227 4.427786
v -6.650832 1.357656 4.421691
v -6.582730 1.433117 4.415683
v -6.645671 1.440341 4.408844
v -6.585641 1.446968 4.832744
v -6.676681 1.457412 4.822854
v -6.609395 1.411201 4.836362
v -6.660222 1.417033 4.830841
v -6.598494 1.485433 4.825388
v -6.655542 1.491982 4.819189
v -6.593030 1.056919 4.147732
v -6.760659 1.116726 4.114007
v -11.331361 -2.404675 2.912583
v -11.247064 -2.189180 2.905924
v -11.336520 -1.977970 2.931257
v -11.547326 -1.894781 2.973739
v -11.755984 -1.988324 3.008488
v -11.840274 -2.203827 3.015145
v -11.750811 -2.415023 2.989812
v -11.540009 -2.498229 2.947328
v -11.222380 -2.490373 3.932817
v -11.152210 -2.310967 3.927274
v -11.226684 -2.135127 3.948363
v -11.402179 -2.065861 3.983734
v -11.575901 -2.143747 4.012661
v -11.646069 -2.323153 4.018204
v -11.571593 -2.498991 3.997113
v -11.396097 -2.568257 3.961745
v -10.861228 -2.749225 6.728249
v -10.804211 -2.587802 6.728249
v -10.861849 -2.480967 6.728249
v -10.990653 -2.430130 6.728249
v -11.118153 -2.487291 6.728249
v -11.169654 -2.618968 6.728249
v -11.114997 -2.748023 6.728249
v -10.986193 -2.798863 6.728249
v -11.131132 -2.544712 5.003311
v -11.282752 -2.612935 5.030238
v -11.438455 -2.551027 5.045857
v -11.507167 -2.394978 5.041014
v -11.448397 -2.236079 5.018501
v -11.296430 -2.167669 4.991508
v -11.140528 -2.229946 4.975898
v -11.072167 -2.386173 4.980804
v -11.687815 -2.037501 3.401158
v -11.784433 -2.209929 3.184811
v -11.689734 -2.404207 3.365407
v -11.529431 -2.488513 3.118666
v -11.288312 -2.421355 3.275131
v -11.268960 -2.109495 3.107455
v -11.498564 -1.934218 3.110774
v -10.781355 -2.196838 5.356331
v -10.903842 -2.091907 5.424030
v -10.820741 -2.229975 5.433742
v -10.889135 -2.171405 5.471539
v -10.791504 -2.123881 5.308473
v -10.868261 -2.058121 5.350894
v -10.109039 -2.019255 6.262053
v -10.176008 -1.934919 6.342974
v -10.132011 -2.044973 6.325561
v -10.169412 -1.997883 6.370741
v -10.113204 -1.961505 6.232732
v -10.155176 -1.908652 6.283444
v -10.634997 -2.175817 5.625029
v -10.710872 -2.127486 5.656578
v -10.726293 -2.052659 5.611735
v -10.681592 -2.016664 5.560607
v -10.620718 -2.054119 5.552902
v -10.584731 -2.115392 5.576364
v -10.364860 -2.098307 5.896739
v -10.408545 -2.040976 5.905686
v -10.452184 -2.035491 5.938776
v -10.475657 -2.053631 5.966414
v -10.470830 -2.126360 5.996398
v -10.395888 -2.166407 5.953871
v -10.071507 -0.511082 2.858935
v -10.159305 -0.421311 2.825465
v -10.287713 -0.420001 2.807998
v -10.381514 -0.507918 2.816763
v -10.385756 -0.633564 2.846629
v -10.297956 -0.723337 2.880100
v -10.169548 -0.724645 2.897567
v -10.075748 -0.636729 2.888803
v -10.106759 -0.312156 4.184462
v -10.179858 -0.237416 4.156596
v -10.286764 -0.236324 4.142053
v -10.364858 -0.309522 4.149352
v -10.368386 -0.414123 4.174215
v -10.295291 -0.488864 4.202082
v -10.188389 -0.489955 4.216623
v -10.110292 -0.416758 4.209326
v -10.128529 0.119913 6.437441
v -10.195996 0.184323 6.415154
v -10.277994 0.196570 6.570632
v -10.335308 0.142852 6.575988
v -10.337901 0.066075 6.594238
v -10.284255 0.011227 6.614688
v -10.205793 0.010421 6.625363
v -10.148478 0.064145 6.620005
v -10.144284 -0.191409 5.117881
v -10.147388 -0.282565 5.141354
v -10.215509 -0.349181 5.131487
v -10.308896 -0.352247 5.094001
v -10.372855 -0.289806 5.050807
v -10.369758 -0.198427 5.027272
v -10.301412 -0.131788 5.037223
v -10.208014 -0.128943 5.074772
v -10.125787 0.110946 6.657163
v -10.223660 0.223404 6.614339
v -10.380260 -0.564102 3.266856
v -10.315299 -0.667590 3.085184
v -10.182317 -0.688371 3.065092
v -10.079726 -0.581853 3.201632
v -10.078361 -0.472310 3.028448
v -10.222022 -0.392957 3.018206
v -10.362718 -0.475364 2.969598
v -11.442631 -2.429059 5.231552
v -11.252403 -2.547071 5.285895
v -11.353542 -2.481074 5.358125
v -11.259726 -2.566078 5.136141
v -11.292767 -2.493163 5.171742
v -11.407676 -2.420210 5.208092
v -13.274426 1.667892 3.493493
v -13.331341 1.516953 3.492143
v -13.265198 1.370372 3.491619
v -13.114732 1.314008 3.492234
v -12.968075 1.380884 3.493618
v -12.911157 1.531827 3.494968
v -12.977303 1.678401 3.495487
v -13.127771 1.734771 3.494878
v -13.184443 1.779939 5.734532
v -13.230128 1.644111 5.735134
v -13.156083 1.549279 5.865063
v -13.045648 1.507915 5.865511
v -12.938013 1.556994 5.866531
v -12.896233 1.667776 5.867516
v -12.944778 1.775362 5.867905
v -13.055215 1.816730 5.867454
v -13.194218 1.679180 4.411061
v -13.065969 1.737698 4.413662
v -12.934791 1.687896 4.401212
v -12.877409 1.558726 4.380972
v -12.927631 1.425752 4.364790
v -13.056169 1.367086 4.362179
v -13.187512 1.417186 4.374681
v -13.244605 1.546507 4.394926
v -12.970775 1.326068 2.653472
v -12.918696 1.453283 2.614583
v -12.984052 1.642502 2.606977
v -13.192565 1.711605 2.609484
v -13.327205 1.649798 2.622955
v -13.359865 1.390352 2.611460
v -13.168527 1.247433 2.602485
v -13.425157 1.362287 4.718392
v -13.313255 1.274040 4.751987
v -13.381608 1.387755 4.777638
v -13.319128 1.338498 4.796394
v -13.423150 1.303241 4.674623
v -13.353032 1.247933 4.695675
v -13.843886 1.169128 5.555612
v -13.775975 1.096695 5.609059
v -13.815843 1.188641 5.605533
v -13.777916 1.148196 5.635368
v -13.844226 1.121999 5.528587
v -13.801662 1.076610 5.562076
v -13.505930 1.332324 4.960224
v -13.438304 1.291981 4.973141
v -13.431493 1.231343 4.931009
v -13.475521 1.202417 4.894064
v -13.527172 1.233030 4.898141
v -13.553952 1.282793 4.925158
v -13.687716 1.252993 5.220477
v -13.649852 1.205444 5.219160
v -13.608969 1.200335 5.239776
v -13.585730 1.214854 5.259794
v -13.585976 1.274468 5.288059
v -13.654377 1.308316 5.265638
v -12.900915 1.571890 4.527770
v -13.050761 1.665429 4.605095
v -12.956159 1.609204 4.647093
v -13.067830 1.688828 4.442904
v -13.035722 1.632459 4.523936
v -12.934991 1.571984 4.534103
v 2.107114 -1.259585 2.420257
v 2.221404 -1.383906 2.279212
v 2.485909 -1.382156 2.462272
v 2.601016 -1.173499 2.195872
v 2.581740 -0.994708 2.230043
v 2.302207 -0.873626 2.212342
v 2.075774 -1.040842 2.223068
v 0.015873 -1.940614 2.370604
v 0.159029 -1.888696 2.238969
v 0.248903 -1.695613 2.196981
v 0.137052 -1.488114 2.188797
v -0.016125 -1.434059 2.229506
v -0.229033 -1.613569 2.210118
v -0.183104 -1.867006 2.202091
v -1.609337 -1.115385 2.202937
v -1.742378 -1.198651 2.178614
v -1.802680 -1.405654 2.318746
v -1.661568 -1.594467 2.162278
v -1.502423 -1.621849 2.352938
v -1.317992 -1.415374 2.188183
v -1.400501 -1.172971 2.141927
v -1.783547 0.472721 2.164968
v -1.684876 0.489616 2.036472
v -1.609158 0.599014 2.006629
v -1.657305 0.737895 2.012603
v -1.747844 0.786839 2.057552
v -1.895026 0.698103 2.027974
v -1.891066 0.537630 2.003308
v -11.687815 -2.037501 3.401158
v -11.784433 -2.209929 3.184811
v -11.689734 -2.404207 3.365407
v -11.529431 -2.488513 3.118666
v -11.288312 -2.421355 3.275131
v -11.268960 -2.109495 3.107455
v -11.498564 -1.934218 3.110774
v -10.380260 -0.564102 3.266856
v -10.315299 -0.667590 3.085184
v -10.182317 -0.688371 3.065092
v -10.079726 -0.581853 3.201632
v -10.078361 -0.472310 3.028448
v -10.222022 -0.392957 3.018206
v -10.362718 -0.475364 2.969598
vt 0.967664 -1.040014
vt -2.529179 -0.384281
vt -2.623146 -0.377488
vt -517.388916 99.623917
vt 2861.820312 262.081329
vt -19.360296 -9.258618
vt 0.976137 1.408839
vt 3.606269 -1.556683
vt 1.115956 -1.041610
vt 0.722529 -0.608837
vt 0.637561 -0.603877
vt 12.534464 219.266312
vt 1.143977 1.315355
vt 4.536316 -0.110692
vt 785.549194 -74.199509
vt 158.446487 -7.071234
vt 34.207603 92.720528
vt 4.487537 -0.091783
vt 1288.117554 -121.878143
vt 4.537416 -0.080601
vt 5708.875977 3094.819824
vt 1616.553833 -4.912643
vt 1053.574463 -6809.332520
vt 8.402705 1.356870
vt -1549.343262 770.974548
vt -4.230505 -0.889713
vt -4.305178 -0.886173
vt -9.003571 -1.809077
vt -4.175031 -0.862632
vt 81.760925 274.771698
vt -63.897419 -12.147511
vt -54.086647 527.438049
vt -7776.115234 10498.617188
vt 2634.073730 -2103.407715
vt 1.153314 1.424383
vt 3.988728 169.096848
vt 3.770995 -2.631461
vt 262.046387 294.442627
vt -161.645538 530.412354
vt 5357.117188 -12294.612305
vt -1.590773 4.627284
vt 131.483307 -336.554291
vt -1.616545 4.615647
vt 8.920612 -72.667770
vt -582.712891 1309.067383
vt 5576.179688 -12797.297852
vt -1.504427 4.495705
vt -21.027256 -6.337540
vt -18.069035 7934.813965
vt -66.590683 384.935303
vt 34.916363 -93.700310
vt 1745.823486 -3514.538818
vt -858.493835 4587.298340
vt 322.392181 -537.518799
vt -1.179271 1.450874
vt -1573.498169 3911.997314
vt 9424.959961 -14188.812500
vt -1.086776 1.483500
vt -1.099118 1.471578
vt -825.108887 223.760468
vt -597.658081 115.262550
vt 155.903442 -44.570152
vt 134.015045 -39.564457
vt 0.740330 -0.587233
vt 49.157497 -28.914497
vt 7.651169 -5.844573
vt 0.530658 -0.405088
vt -4.726542 0.944324
vt 0.917320 -1.003782
vt 220.345581 -11.644592
vt -2.503985 -0.366994
vt -64.006859 15.270872
vt 3.739405 -3.218906
vt 3.839376 -3.220982
vt 0.851578 -4.354284
vt 6.021779 -5.382339
vt 5.902298 -4.805164
vt 6.076811 -4.828580
vt 0.424670 0.825055
vt 0.624818 1.147159
vt 0.454363 1.145416
vt -0.600033 2.016572
vt -0.199542 1.149592
vt 0.044593 1.146985
vt -0.004754 2.067279
vt -0.153757 2.016572
vt -0.404521 0.825055
vt -0.403073 1.150882
vt -0.230628 0.825055
vt 0.616815 0.825055
vt -0.830465 2.016572
vt -0.888483 2.605274
vt -1.002863 2.016572
vt -0.004755 2.928396
vt -0.221343 2.943093
vt -0.153757 2.016572
vt -0.004754 2.067279
vt -0.328710 2.985246
vt -0.305016 2.016572
vt -0.454162 2.979279
vt -0.447746 2.016572
vt -0.807785 2.069082
vt -0.790041 2.098986
vt -0.773266 2.492042
vt -0.748096 2.917662
vt -0.871643 2.978980
vt -0.630570 2.069739
vt -0.661392 2.911660
vt -0.686292 2.101273
vt -0.830465 2.016572
vt -0.798934 2.016572
vt -0.810545 2.129817
vt -0.846876 2.500879
vt -0.545098 2.983514
vt -0.633330 2.131825
vt -0.684352 2.016572
vt -0.600033 2.016572
vt -0.927200 2.978980
vt -0.854495 2.671945
vt -0.758275 2.591536
vt -1.002863 2.928396
vt 0.209990 0.054107
vt 0.132082 0.054107
vt 0.131296 0.102979
vt 0.209204 0.103088
vt 0.372959 0.575398
vt 0.291771 0.574118
vt 0.291366 0.521777
vt 0.036729 0.056571
vt 0.035943 0.107947
vt 0.199241 0.573097
vt 0.199241 0.524270
vt 0.385356 0.111286
vt 0.477534 0.111515
vt 0.477508 0.058006
vt 0.385331 0.058006
vt 0.302951 0.108748
vt 0.303332 0.056056
vt 0.563537 0.110577
vt 0.564325 0.058006
vt 0.129991 0.237454
vt 0.034638 0.239917
vt 0.207899 0.237454
vt 0.464324 0.519547
vt 0.553575 0.520582
vt 0.553575 0.578849
vt 0.465136 0.577234
vt 0.372147 0.519006
vt 0.121333 0.573250
vt 0.121333 0.524270
vt 0.025981 0.575092
vt 0.025981 0.526734
vt 0.301647 0.235208
vt 0.476229 0.232939
vt 0.562233 0.233022
vt 0.384051 0.232534
vt 0.056141 0.014621
vt 0.390548 0.534899
vt 0.056141 0.534899
vt 0.390548 0.014621
vt 0.710730 0.534899
vt 0.710730 0.014621
vt 1.013794 0.014621
vt 1.013794 0.534899
vt -0.901924 2.243132
vt -0.726391 1.151594
vt -0.901924 1.154244
vt -0.723767 2.228487
vt -0.530500 2.320078
vt -0.530500 1.155561
vt -0.329280 2.320078
vt -0.329280 1.157830
vt -1.017892 2.335469
vt -0.165693 1.152830
vt -0.510802 -0.077968
vt -0.321651 0.478181
vt -0.477845 0.478181
vt -0.989999 -0.077968
vt -0.678415 0.478181
vt -0.981995 0.478181
vt -0.678194 -0.077968
vt -0.323098 -0.077968
vt -0.990822 2.228918
vt -0.656554 1.093659
vt -0.990822 1.095930
vt -0.656554 2.228918
vt -0.341133 1.093424
vt -0.341133 2.228918
vt -0.004595 1.095704
vt -0.004595 2.228918
vt 0.723546 0.927918
vt 0.075736 0.434492
vt 0.217291 0.825056
vt 0.263905 0.434492
vt 0.424670 0.825055
vt 0.453154 0.434492
vt 0.616815 0.825055
vt 0.642408 0.434492
vt -0.678194 -0.232646
vt 0.928619 0.434492
vt 0.454363 1.145416
vt 0.624818 1.147159
vt -0.382476 0.434492
vt -0.230628 0.825055
vt -0.404521 0.825055
vt -0.170812 0.434492
vt -0.759616 0.434492
vt -0.510802 -0.232646
vt -0.600842 0.434492
vt -0.199542 1.149592
vt -0.403073 1.150882
vt 1.139206 0.844766
vt 1.139206 0.820126
vt 1.276133 0.821113
vt 1.278543 0.839052
vt 1.139206 0.874609
vt 1.262012 0.909355
vt 1.139206 0.900568
vt 1.264817 0.916563
vt 1.372861 0.795846
vt 1.721242 0.803680
vt 1.724951 0.832870
vt 1.526865 0.842304
vt 1.382444 0.858102
vt 1.707191 0.967896
vt 1.535020 0.904096
vt 1.363955 0.949028
vt 1.385303 0.923744
vt 1.520553 0.943853
vt 1.761028 0.954237
vt 1.519888 0.798017
vt 1.518266 0.927242
vt 1.138768 0.797064
vt 1.138768 0.778408
vt 1.270074 0.771257
vt 1.260097 0.786093
vt 1.138768 0.753667
vt 1.264150 0.765724
vt 1.138768 0.819855
vt 1.386742 0.791361
vt 1.376727 0.775773
vt 1.718061 0.772506
vt 1.713800 0.779102
vt 1.521069 0.766418
vt 1.716560 0.798402
vt 1.522096 0.790706
vt 1.364116 0.789542
vt 0.444138 0.558119
vt 0.557660 0.487335
vt 0.637668 0.506832
vt 0.791889 0.470467
vt -0.731699 0.457125
vt -0.599641 0.488907
vt -0.563991 0.462153
vt -0.455465 0.480530
vt -0.386774 0.510638
vt -0.176501 0.471639
vt 0.063368 0.496792
vt 0.254355 0.514508
vt 0.292283 0.453957
vt 0.151239 0.469493
vt 0.056141 0.014621
vt 0.390548 0.534899
vt 0.056141 0.534899
vt 0.390548 0.014621
vt 0.710730 0.534899
vt 0.710730 0.014621
vt 1.013794 0.014621
vt 1.013794 0.534899
vt 0.609792 0.399703
vt 1.036737 0.363771
vt 0.991420 0.927918
vt 0.443773 0.927918
vt 0.242696 0.468791
vt 0.231163 0.927918
vt 0.081439 0.382611
vt 0.001668 0.927918
vt 0.597377 0.197191
vt 0.894389 0.322198
vt 0.894937 0.790768
vt 0.409850 0.344853
vt 0.582527 0.790768
vt 1.047715 0.790768
vt 0.210996 0.209624
vt 0.390015 0.790768
vt 0.390015 0.790768
vt 0.894389 0.322198
vt 1.043048 0.162855
vt -0.321651 0.478181
vt -0.477845 0.478181
vt -0.989999 -0.232646
vt -0.678415 0.478181
vt -0.981995 0.478181
vt -0.323098 -0.232646
vt -0.901924 2.231336
vt -1.017892 2.335469
vt -0.901924 1.003343
vt -0.004754 2.067279
vt -0.153757 2.016572
vt -0.656554 2.228918
vt -0.341133 2.228918
vt 0.723546 0.927918
vt 0.075736 0.434492
vt 0.217291 0.825056
vt 0.263905 0.434492
vt 0.424670 0.825055
vt 0.453154 0.434492
vt 0.616815 0.825055
vt 0.642408 0.434492
vt -0.678194 -0.077968
vt 0.928619 0.434492
vt 0.044593 1.146985
vt -0.600033 2.016572
vt -0.341133 1.093424
vt 0.454363 1.145416
vt 0.624818 1.147159
vt -0.329280 1.157830
vt -0.830465 2.016572
vt -0.329280 2.320078
vt -0.382476 0.434492
vt -0.230628 0.825055
vt -0.404521 0.825055
vt -0.170812 0.434492
vt -0.759616 0.434492
vt -0.510802 -0.077968
vt -0.600842 0.434492
vt -0.199542 1.149592
vt -0.684352 2.016572
vt -0.798934 2.016572
vt -0.403073 1.150882
vt -0.530500 1.155561
vt -0.810545 2.129817
vt -0.633330 2.131825
vt 0.444138 0.558119
vt 0.557660 0.487335
vt 0.637668 0.506832
vt 0.791889 0.470467
vt -0.731699 0.457125
vt -0.599641 0.488907
vt -0.563991 0.462153
vt -0.455465 0.480530
vt -0.386774 0.510638
vt -0.176501 0.471639
vt 0.063368 0.496792
vt 0.254355 0.514508
vt 0.292283 0.453957
vt 0.151239 0.469493
vt 0.056141 0.014621
vt 0.390548 0.534899
vt 0.056141 0.534899
vt 0.390548 0.014621
vt 0.710730 0.534899
vt 0.710730 0.014621
vt 1.013794 0.014621
vt 1.013794 0.534899
vt 0.612651 -0.026530
vt 1.036737 0.060730
vt 0.991420 0.927918
vt 0.443773 0.927918
vt 0.251035 -0.041085
vt 0.231163 0.927918
vt 0.081439 0.089691
vt 0.001668 0.927918
vt 0.603380 -0.115613
vt 0.894389 -0.124625
vt 0.894937 0.790768
vt 0.399968 0.023184
vt 0.582527 0.790768
vt 1.047715 0.790768
vt 0.213751 -0.203971
vt 0.390015 0.790768
vt 0.390015 0.790768
vt 0.894389 -0.124625
vt 1.040578 -0.029509
vt -0.321651 0.478181
vt -0.477845 0.478181
vt -0.989999 -0.077968
vt -0.678415 0.478181
vt -0.981995 0.478181
vt -0.323098 -0.077968
vt -0.990822 2.228918
vt -0.656554 1.093659
vt -0.990822 1.095930
vt -0.004595 1.095704
vt -0.004595 2.228918
vt -0.530500 2.320078
vt -0.901924 2.243132
vt -0.723767 2.228487
vt -0.726391 1.151594
vt -1.017892 2.335469
vt -0.901924 1.154244
vt -0.165693 1.152830
vt 0.424670 0.825055
vt 0.624818 1.147159
vt 0.454363 1.145416
vt 0.254355 0.514508
vt 0.217291 0.825056
vt 0.616815 0.825055
vt -0.404521 0.825055
vt -0.230628 0.825055
vt -0.199542 1.149592
vt -0.403073 1.150882
vt 0.056141 0.014621
vt 0.390548 0.534899
vt 0.056141 0.534899
vt 0.390548 0.014621
vt 0.710730 0.534899
vt 0.710730 0.014621
vt 1.013794 0.014621
vt 1.013794 0.534899
vt 0.803226 0.206096
vt 1.036737 0.242529
vt 0.991420 0.927918
vt 0.252862 0.234572
vt 0.443773 0.927918
vt 0.231163 0.927918
vt 0.081439 0.265418
vt 0.549814 0.290014
vt 0.723546 0.927918
vt 0.506834 0.138786
vt 0.001668 0.927918
vt 0.603380 0.195127
vt 0.894389 0.231691
vt 0.894937 0.790768
vt 0.409850 0.291124
vt 0.582527 0.790768
vt 0.221162 0.218458
vt 0.390015 0.790768
vt 0.390015 0.790768
vt 1.047715 0.790768
vt 0.894389 0.231691
vt 1.043048 0.180318
vt -0.510802 -0.077968
vt -0.321651 0.478181
vt -0.477845 0.478181
vt -0.989999 -0.077968
vt -0.678415 0.478181
vt -0.981995 0.478181
vt -0.678194 -0.077968
vt -0.323098 -0.077968
vt 0.421103 0.046380
vt 0.573654 1.000000
vt 0.353547 0.981852
vt 0.190430 0.033398
vt -0.091816 0.054824
vt 0.054565 0.919128
vt -0.077866 0.911295
vt 1.079841 0.013462
vt 0.189940 0.948353
vt 1.121006 0.929444
vt 0.707774 0.114338
vt 0.890648 0.335917
vt 0.970037 0.962942
vt 0.589202 0.285061
vt 0.795469 0.992167
vt 1.246992 0.054824
vt 1.260942 0.911295
vt 0.537025 0.137679
vt 0.708536 0.868145
vt 0.548178 0.861159
vt 0.669139 0.130889
vt 0.001573 0.060778
vt 0.140572 0.067569
vt 0.102606 0.827983
vt -0.010276 0.834980
vt 0.220876 0.832905
vt 0.269302 0.092905
vt 0.364588 0.846938
vt 0.400768 0.121946
vt 0.939904 0.076512
vt 0.964769 0.850101
vt 0.848033 0.863467
vt 0.799255 0.105552
vt 1.083109 0.835145
vt 1.089133 0.060778
vt 0.926157 1.262429
vt 0.886096 0.129499
vt 0.460231 1.234279
vt 0.374910 0.106970
vt 0.565555 0.094532
vt 0.379949 1.132770
vt 0.209720 0.125850
vt 0.290609 1.139288
vt 0.218692 1.250782
vt 0.098104 0.142266
vt 0.990626 0.143513
vt 0.805851 0.110228
vt 0.680277 1.255592
vt 0.700080 0.096769
vt 0.554235 1.243933
vt 1.118823 1.260435
vt 1.218692 1.250782
vt 1.097924 0.141714
vt 0.913021 0.186010
vt 1.065063 1.185918
vt 0.787737 0.203097
vt 1.068727 1.185745
vt 0.927221 1.041080
vt 0.725871 1.045529
vt 0.687819 0.218005
vt 0.543830 1.099484
vt 0.588324 0.222000
vt 0.354758 1.080922
vt 0.480721 0.212743
vt 0.122815 1.068287
vt 0.044994 1.185354
vt 0.099241 0.290323
vt 0.280871 0.205742
vt 0.221003 1.075086
vt 0.233034 0.301310
vt 0.084815 0.290027
vt 0.297635 1.085113
vt 0.367777 0.195655
vt 1.005255 0.201245
vt 1.070672 0.290116
vt 0.416451 0.171081
vt 0.426965 0.261642
vt 0.110247 0.159079
vt 0.118680 -0.002475
vt 0.376444 0.379464
vt 0.134339 0.299501
vt 0.002106 0.197336
vt 0.051110 0.332478
vt 0.323031 0.411999
vt 0.331308 0.319919
vt 0.033934 0.025235
vt 0.356499 0.207603
vt 0.588558 0.434138
vt 0.510571 0.498480
vt 0.622920 0.394654
vt 0.741414 0.983609
vt 0.802392 0.961297
vt 0.558019 0.430397
vt 0.675274 0.977086
vt 0.620949 0.996964
vt 0.452750 0.530321
vt 0.662244 0.997524
vt 0.484995 0.491172
vt 0.759547 0.961918
vt 0.996555 -0.035051
vt 1.204930 0.672881
vt 1.067213 0.693102
vt 0.850408 -0.022396
vt 0.671216 0.010788
vt 0.775384 0.709946
vt 0.620234 0.696700
vt 0.573746 0.021527
vt 0.928036 0.708456
vt 0.504871 0.676479
vt 1.275214 -0.002476
vt 1.424789 0.018653
vt 1.413949 0.661126
vt 1.171308 -0.017979
vt 1.320820 0.659636
vt 1.504871 0.676479
vt 1.573747 0.021527
vt 0.539857 0.075149
vt 0.691690 0.616988
vt 0.593846 0.616832
vt 0.071850 0.098903
vt 0.168100 0.673724
vt 0.002122 0.673835
vt 0.183033 0.112112
vt 0.685329 0.061940
vt 0.348590 0.656990
vt 0.293298 0.110626
vt 0.484749 0.633413
vt 0.409294 0.095315
vt -0.044747 0.078736
vt -0.116578 0.657295
vt 0.785477 0.633760
vt -0.172305 0.063425
vt 0.883422 0.657295
vt 0.827695 0.063425
vt 0.125906 0.962864
vt -0.017559 0.044974
vt 0.100559 0.033005
vt 0.587758 0.938086
vt 0.490839 0.937307
vt 0.431745 0.000152
vt -0.077427 0.892955
vt -0.119555 0.045054
vt -0.194096 0.883914
vt -0.307786 0.946125
vt -0.233637 0.033223
vt 0.592718 0.016389
vt 0.324445 0.000000
vt 0.406694 0.944241
vt 0.221113 0.016140
vt 0.313984 0.954827
vt 0.692213 0.946125
vt 0.766362 0.033223
vt 0.229383 0.056406
vt 0.036531 1.270450
vt -0.006290 0.049732
vt -0.015758 1.270450
vt 0.935186 0.057539
vt 0.798178 0.075250
vt 0.809663 1.270450
vt 0.688757 0.092494
vt 0.377021 -0.000000
vt 0.129624 1.270450
vt 0.490926 0.022143
vt 0.765712 1.270450
vt 0.211367 1.270450
vt 0.586091 0.099167
vt 1.049855 1.270450
vt 1.150561 1.270450
vt 1.160028 0.049732
vt 0.977935 1.270450
vt 0.538302 0.000000
vt 0.603785 1.000000
vt 0.492033 0.995865
vt 0.369448 0.000000
vt 0.134984 0.000000
vt 0.296135 0.983361
vt 0.182039 0.982316
vt 0.030200 0.000000
vt 0.399006 0.988974
vt 0.072137 0.986452
vt 0.765455 0.000000
vt 0.900246 0.000000
vt 0.956613 0.993344
vt 0.654358 0.000000
vt 0.785035 0.998954
vt 1.072137 0.986452
vt 1.030200 0.000000
vt 0.661191 0.014898
vt 0.773808 0.693205
vt 0.629519 0.679681
vt 0.156226 0.000000
vt 0.296305 0.697369
vt 0.186678 0.710859
vt 0.288215 0.000881
vt 0.786097 0.014016
vt 0.402081 0.682635
vt 0.416718 0.005609
vt 0.509627 0.675298
vt 0.538876 0.011414
vt 0.030133 0.003484
vt 0.067755 0.715228
vt 0.929958 0.707927
vt 0.909037 0.009291
vt 1.030133 0.003484
vt 1.067755 0.715228
vt -0.027698 1.669129
vt -0.064994 0.023138
vt 0.083499 0.007693
vt 0.426939 1.675594
vt 0.374419 0.018773
vt -0.087428 1.552884
vt -0.343913 0.037281
vt -0.229499 1.553399
vt 0.560249 0.041861
vt 0.481114 0.034206
vt 0.252968 0.004595
vt 0.090216 1.676269
vt 0.160840 0.000000
vt 0.033895 1.673594
vt 0.632218 1.671956
vt 0.700486 1.667489
vt 0.770501 1.553399
vt 0.656087 0.037281
vt 0.509382 0.016013
vt 0.647513 0.218982
vt 0.496395 0.694162
vt 0.377885 0.678907
vt 0.162148 0.049033
vt 0.270749 0.662017
vt 0.157157 0.653391
vt 0.042648 0.000000
vt 0.355225 0.025681
vt 0.040382 0.658079
vt 0.748760 0.060432
vt 0.882933 0.009858
vt 0.805336 0.690224
vt 0.650095 0.698852
vt 0.927737 0.673338
vt 1.040382 0.658079
vt 1.042648 0.000000
vt 0.693951 0.444183
vt 0.827212 0.997163
vt 0.714830 0.991883
vt 0.237777 0.405123
vt 0.329804 0.988856
vt 0.219076 0.994131
vt 0.351788 0.412535
vt 0.807966 0.436769
vt 0.455655 0.986007
vt 0.465804 0.427046
vt 0.589421 0.987258
vt 0.579883 0.440153
vt 0.123701 0.409151
vt 0.117757 0.998745
vt 0.018291 1.000001
vt 0.009616 0.422262
vt 0.930649 1.000001
vt 0.921974 0.422262
vt 0.182580 1.274607
vt 0.191069 0.002789
vt 0.301653 0.000000
vt 0.815009 1.281594
vt 0.690345 0.010922
vt 0.098382 1.163329
vt -0.030081 0.007952
vt -0.039502 1.155095
vt -0.167854 1.261751
vt -0.277829 0.012469
vt 0.797904 0.013700
vt 0.553147 0.005752
vt 0.556898 1.286919
vt 0.412189 0.001225
vt 0.285069 1.284023
vt 0.919268 1.271168
vt 1.024728 1.261751
vt 0.914753 0.012469
vt 0.522149 0.011898
vt 0.506029 1.000000
vt 0.440087 0.028015
vt 0.267239 0.908872
vt 0.395145 0.126672
vt 0.404614 1.000000
vt 0.158184 0.442896
vt 0.190489 0.020790
vt 0.995953 0.008714
vt 0.125204 1.000000
vt 0.253621 0.114684
vt 0.570262 1.000000
vt 0.639189 0.020611
vt 0.117523 0.000000
vt 0.761500 0.023290
vt 0.772944 1.000000
vt 0.881796 0.018363
vt 0.901441 1.000000
vt 1.125204 1.000000
vt 1.053806 1.000000
vt 1.158184 0.442896
vt 1.117523 0.000000
vt -0.340030 -0.000000
vt -0.128595 0.674249
vt -0.316372 0.674247
vt 0.885077 0.050937
vt 0.615173 0.232368
vt 0.801813 0.674247
vt 0.615840 0.674248
vt 0.422391 0.674248
vt 0.457814 0.022410
vt 0.022181 0.040399
vt 0.226767 0.194715
vt 0.237544 0.674248
vt -0.128035 0.067184
vt 0.057857 0.674248
vt 1.129974 -0.000000
vt 1.153632 0.674247
vt 0.976238 0.674248
vt 0.039435 0.000002
vt 0.204720 0.656748
vt 0.059926 0.642909
vt 0.212668 0.000001
vt 0.730477 0.000001
vt 0.902912 0.000001
vt 0.914552 0.671899
vt 0.701787 0.685694
vt -0.265437 0.653643
vt -0.306687 0.000001
vt -0.092771 0.641622
vt -0.133924 0.000000
vt 0.557862 0.000001
vt 0.513199 0.686975
vt 0.351914 0.674998
vt 0.385342 0.000001
vt 1.116457 0.653643
vt 1.075206 0.000001
vt 0.803556 1.408839
vt 0.618989 1.408838
vt 0.577079 0.231868
vt 0.005573 1.408839
vt 1.340261 0.243508
vt 0.065807 0.229482
vt 1.309914 1.316621
vt 1.137909 0.254105
vt 0.914605 0.255090
vt 0.735229 0.245888
vt 0.406431 0.221236
vt 0.385823 1.408839
vt 0.228507 0.220247
vt 0.165038 1.408838
vt 1.442828 1.408839
vt 1.503062 0.229482
vt 0.029818 0.139846
vt 0.088059 1.000000
vt 0.950679 0.165686
vt 0.843737 0.616618
vt 0.912716 0.277008
vt 0.663059 0.487193
vt 0.712869 0.167199
vt 0.789176 0.489601
vt 0.802487 1.000000
vt 0.797648 0.712436
vt 0.530628 0.139845
vt 0.582949 1.000000
vt 0.505062 1.000000
vt 0.773133 0.270654
vt 0.639168 0.684888
vt 0.648872 1.000000
vt 0.601141 0.557774
vt 0.136663 1.000000
vt 0.157678 0.139844
vt 0.645324 0.139845
vt 0.295872 0.139845
vt 0.292928 1.000000
vt 0.420807 0.139845
vt 0.377846 1.000000
vt 1.088059 1.000000
vt 1.029818 0.139846
vt 1.004842 1.000000
vt 0.270470 0.805937
vt 0.240809 0.814569
vt 0.211265 0.782328
vt 0.313966 0.952958
vt 0.298371 0.955465
vt 0.226466 0.798508
vt 0.313827 0.937897
vt 0.233502 0.777016
vt 0.376972 0.938327
vt 0.356910 0.946663
vt 0.279591 0.783049
vt 0.358276 0.930237
vt 0.266795 0.767329
vt 0.199556 0.757699
vt 0.241317 0.777406
vt 0.250339 0.756030
vt 0.237172 0.739166
vt 0.214793 0.743150
vt 0.045842 0.211945
vt 0.080886 0.279961
vt 0.977186 0.348913
vt 0.977895 0.318404
vt 0.025704 0.138262
vt 0.948900 0.280979
vt 0.506443 0.269401
vt 0.838411 0.337762
vt 0.903524 0.126407
vt 0.878080 0.268460
vt 0.826263 0.298430
vt 0.829982 0.483409
vt 0.834275 0.489140
vt 0.865982 0.480979
vt 0.928544 0.493526
vt 0.942554 0.491264
vt 0.921018 0.485901
vt 0.794320 0.990831
vt 0.786620 0.996025
vt 0.828821 0.988628
vt 0.855126 1.000000
vt 0.888674 0.997951
vt 0.877889 0.993090
vt 0.705692 0.193030
vt 0.390278 0.000000
vt 0.249847 0.001239
vt 0.261206 0.212838
vt 0.388750 0.207215
vt 0.234611 0.114314
vt 0.421102 0.115652
vt 1.080886 0.279961
vt 1.045842 0.211945
vt 1.025704 0.138262
vt 1.390278 0.000000
vt 0.004369 0.110009
vt 0.104470 1.108937
vt -0.028337 1.110009
vt -0.169098 0.144685
vt -0.370530 0.186267
vt -0.239186 1.101641
vt -0.345318 1.097105
vt -0.483599 0.123076
vt -0.137125 1.106984
vt -0.459825 1.096035
vt 0.233932 0.156632
vt 0.364633 0.114677
vt 0.133584 0.337276
vt 0.263728 1.104403
vt 0.413057 1.099060
vt 0.540175 1.096035
vt 0.516401 0.123076
vt 0.733899 0.011026
vt 0.858305 0.656973
vt 0.724599 0.646688
vt 0.233898 0.000914
vt 0.358857 0.669897
vt 0.243823 0.680152
vt 0.358684 0.004790
vt 0.858682 0.007151
vt 0.475158 0.655842
vt 0.483411 0.009358
vt 0.596722 0.646217
vt 0.608631 0.011943
vt 0.108628 -0.000001
vt 0.123654 0.680619
vt 0.993997 0.671033
vt 0.983399 0.002585
vt 1.108628 -0.000001
vt 1.123654 0.680619
vt 0.549897 0.720505
vt 0.520973 0.020443
vt 0.675932 0.008310
vt 1.163064 0.719107
vt 1.080820 0.009286
vt 0.483663 0.629397
vt 0.231118 0.029295
vt 0.326149 0.627422
vt 0.212994 0.714574
vt 0.035475 0.029698
vt 1.194049 0.021423
vt 0.944325 0.000407
vt 0.769484 0.721561
vt 0.802893 0.000001
vt 0.637530 0.722140
vt 1.357422 0.716212
vt 1.484849 0.714574
vt 1.307331 0.029698
vt 0.615972 0.926656
vt 0.638662 0.073412
vt 0.715589 0.071245
vt 0.529518 0.968630
vt 0.569156 0.075249
vt 0.413100 0.963691
vt 0.490742 0.075683
vt 0.143358 0.077758
vt 0.180982 0.134821
vt 0.304258 0.972625
vt 0.332782 0.077657
vt 0.288975 0.139058
vt 0.379015 0.074459
vt 0.149354 1.000000
vt 0.143358 0.077758
vt 0.776036 0.932849
vt 0.835680 1.000000
vt 0.829686 0.077758
vt 0.396846 0.220930
vt 0.450112 0.277285
vt 0.423945 0.355634
vt 0.514205 0.065012
vt 0.502814 0.082167
vt 0.513413 0.000001
vt 0.367429 0.333849
vt 0.471733 0.176868
vt 0.508706 0.234820
vt 0.663570 0.118565
vt 0.606251 0.024132
vt 0.384879 0.978748
vt 0.366702 0.988637
vt 0.336432 0.551498
vt 0.512549 0.285040
vt 0.613813 0.192433
vt 0.408276 1.000001
vt 0.382295 0.564036
vt 0.526913 0.172561
vt 0.401635 0.168162
vt 0.457281 0.346856
vt 0.474108 0.362899
vt 0.405903 0.326343
vt 0.408257 0.537682
vt 0.449116 0.548851
vt 0.468847 0.986241
vt 0.431813 0.976112
vt 0.356478 0.540586
vt 0.451217 0.996881
vt 0.429666 0.560594
vt 0.349593 0.318193
vt -0.254108 0.039718
vt 0.080988 0.690874
vt -0.159449 0.702806
vt 1.197619 0.037138
vt 0.905167 0.015233
vt 0.992319 0.696375
vt 0.804024 0.681779
vt 0.738740 0.003935
vt 0.638408 0.669847
vt 0.130796 0.012321
vt 0.424882 0.000000
vt 0.466635 0.667569
vt -0.037220 0.025691
vt 0.281057 0.676279
vt 1.471826 0.039718
vt 1.566484 0.702806
vt 1.256825 0.705084
vt -0.407789 0.660610
vt -0.198328 1.298444
vt -0.325768 1.300121
vt -0.257351 0.642926
vt 0.270232 0.649590
vt 0.404237 0.667274
vt 0.328819 1.334871
vt 0.183704 1.333169
vt -0.666172 1.325905
vt -0.683274 0.677826
vt -0.458750 1.311503
vt -0.537824 0.675065
vt 0.135684 0.635134
vt 0.065803 1.321813
vt -0.062152 1.307437
vt -0.048396 0.632373
vt 0.573254 1.325905
vt 0.556152 0.677826
vt 0.684692 0.954992
vt 0.852139 0.856666
vt 0.762435 0.986297
vt 1.238156 0.982581
vt 1.069763 1.007172
vt 1.035249 0.871871
vt 0.522104 0.953211
vt 0.331898 0.960028
vt 0.083128 0.007236
vt 1.233940 0.039308
vt -0.424235 0.031414
vt 1.006003 0.037810
vt 0.728335 0.027811
vt 0.355697 0.015153
vt -0.092877 0.008713
vt 0.113086 0.971456
vt -0.249724 0.018734
vt -0.192854 0.980798
vt 1.439456 0.031414
vt 1.670835 0.980798
vt 0.668865 0.115731
vt 0.601504 0.991911
vt 0.533570 0.114642
vt 0.556268 0.990871
vt 0.507082 0.994831
vt 0.428000 0.118809
vt 0.465122 0.999634
vt 0.367913 0.125793
vt 0.366284 1.007967
vt 0.318190 0.131503
vt 0.702257 0.134864
vt 0.725876 0.203671
vt 0.630717 0.996827
vt 0.809763 0.147622
vt 0.683995 1.002894
vt 0.790433 0.215662
vt 0.318300 1.006769
vt 0.270323 0.132592
vt 0.892465 1.006769
vt 0.844489 0.132592
vt 0.134154 0.281460
vt 0.112181 0.340178
vt 0.157962 0.403264
vt 0.187053 0.378991
vt 0.145751 0.212094
vt 0.219667 0.343964
vt 0.113515 0.323694
vt 0.164370 0.387170
vt 0.147250 0.193591
vt 0.226857 0.325899
vt 0.198528 0.350164
vt 0.224856 0.520715
vt 0.189683 0.526501
vt 0.253415 0.521426
vt 0.182223 0.535438
vt 0.211488 0.536721
vt 0.245039 0.531457
vt 0.242414 0.985493
vt 0.210534 0.990736
vt 0.268304 0.986136
vt 0.203764 0.998836
vt 0.230297 1.000000
vt 0.260710 0.995229
vt 0.136535 0.251934
vt 0.012555 0.072436
vt 0.009541 0.083671
vt -0.000433 0.278269
vt 0.003996 0.263514
vt -0.004952 0.190223
vt -0.013357 0.174977
vt 0.442549 0.997008
vt 0.607127 0.090399
vt 0.472516 0.094863
vt 0.280357 0.987453
vt 0.171265 0.993243
vt 0.152594 0.124335
vt 0.545985 0.992132
vt 0.608589 0.095868
vt 0.549631 0.985720
vt 0.436958 0.984461
vt 0.476279 0.108056
vt 0.287504 0.119843
vt 0.150785 0.118880
vt 0.173577 0.998441
vt 0.283385 0.106662
vt 0.285949 1.000000
vt -0.011180 0.007926
vt 0.226607 0.512586
vt 0.127802 0.519448
vt -0.147362 0.023144
vt -0.280705 0.032897
vt -0.056322 0.562988
vt -0.236413 0.574159
vt 0.624322 0.029853
vt 0.031103 0.540326
vt 0.453284 0.567295
vt 0.383464 0.004894
vt 0.492595 0.016903
vt 0.373726 0.546419
vt 0.254588 -0.000000
vt 0.307183 0.523758
vt 0.719295 0.032897
vt 0.763587 0.574159
vt 0.576409 0.038689
vt 0.673780 0.550124
vt 0.576383 0.532747
vt 0.705674 0.046403
vt 0.067795 0.055735
vt 0.186221 0.048023
vt 0.230285 0.563168
vt 0.066152 0.580494
vt 0.349385 0.541989
vt 0.295287 0.039835
vt 0.464470 0.529375
vt 0.424111 0.035968
vt 0.935763 0.058455
vt 0.882781 0.583853
vt 0.765588 0.571288
vt 0.815828 0.054589
vt 1.066152 0.580494
vt 1.067795 0.055735
vt 0.650346 0.991069
vt 0.608169 0.973603
vt 0.793882 -0.067886
vt 0.357798 0.971024
vt 0.115590 -0.040737
vt 0.170592 -0.072891
vt 0.298584 0.914279
vt 0.016637 -0.016582
vt 0.261215 0.929628
vt 0.560926 1.002662
vt 0.906386 -0.014517
vt 0.836024 -0.035746
vt 0.766168 -0.092121
vt 0.525960 0.960498
vt 0.993889 -0.094197
vt 0.428106 0.959430
vt 1.261215 0.929628
vt 1.016637 -0.016582
vt 1.428106 0.959430
vt 1.170592 -0.072891
vt 0.231853 1.008196
vt 0.059845 0.998428
vt 0.144232 0.558972
vt 0.774130 0.013524
vt 0.849824 1.001368
vt 0.809150 1.006616
vt 0.078207 0.445692
vt 0.061949 0.126509
vt 0.223380 0.134373
vt 0.869028 0.620198
vt 0.891150 0.999686
vt 0.834916 0.507453
vt 0.385856 1.026855
vt 0.320944 1.018874
vt 0.326741 0.015557
vt 0.477252 0.017887
vt 0.255964 0.036386
vt 0.959326 0.034477
vt 0.893544 0.443844
vt 0.861832 0.011196
vt 0.074610 0.644439
vt 0.629845 0.018252
vt 0.653406 1.030162
vt 0.712093 0.016446
vt 0.732507 1.020318
vt 1.059845 0.998428
vt 1.074610 0.644439
vt 1.061949 0.126509
vt 1.078207 0.445692
vt 0.443172 0.220325
vt 0.486908 0.281162
vt 0.454627 0.357386
vt 0.410105 0.332505
vt 0.425275 0.160035
vt 0.374601 0.309512
vt 0.504782 0.282943
vt 0.464643 0.358646
vt 0.445342 0.162037
vt 0.385845 0.310927
vt 0.428039 0.334763
vt 0.430530 0.508401
vt 0.463784 0.502248
vt 0.393537 0.509985
vt 0.456590 0.496088
vt 0.417654 0.497364
vt 0.385473 0.503068
vt 0.499508 0.973353
vt 0.532476 1.000000
vt 0.465973 0.974790
vt 0.523130 0.962193
vt 0.487835 0.963346
vt 0.458658 0.968522
vt 0.475196 0.223516
vt 0.570391 0.016015
vt 0.542446 0.000000
vt 0.585489 0.187478
vt 0.609800 0.199147
vt 0.566411 0.093333
vt 0.625403 0.118528
vt 0.482888 0.978428
vt 0.309873 0.034346
vt 0.437075 0.011710
vt 0.892981 0.997248
vt 0.775708 0.988980
vt 0.831573 0.026471
vt 0.224814 0.911854
vt 0.074257 0.060748
vt 0.193324 0.054645
vt 0.361571 0.902067
vt 0.951284 0.049093
vt 0.061360 1.000000
vt 0.679328 0.980048
vt 0.711193 0.006121
vt 0.584332 0.975676
vt 0.577776 -0.000000
vt 1.061360 1.000000
vt 1.074257 0.060748
vt 0.334310 0.330500
vt 0.368669 0.314220
vt 0.207038 0.611367
vt 0.043557 0.955547
vt 0.061509 0.966974
vt 0.282209 0.686937
vt 0.552249 0.257348
vt 0.515692 0.259956
vt 0.383188 0.412089
vt 0.047062 0.928845
vt 0.020148 0.883887
vt 0.239662 0.624859
vt 0.263682 0.644856
vt 0.414687 0.351664
vt 0.899315 0.166379
vt 0.898825 0.033026
vt 0.472115 0.204039
vt 0.904457 0.084873
vt 0.455901 0.148475
vt 1.000000 0.060652
vt 0.960246 0.179652
vt 0.537581 0.199364
vt 0.970494 0.068698
vt 0.496918 0.145544
vt -0.000000 0.871059
vt 0.235575 0.682280
vt 0.427366 0.406617
vt 0.326800 0.370558
vt 0.190276 0.629178
vt 0.014922 0.908368
vt 0.319606 0.992503
vn 0.822863 0.568118 -0.011734
vn 0.395759 0.873298 0.284121
vn -0.469965 0.834777 0.286845
vn -0.907833 0.231883 0.349384
vn -0.866670 -0.436191 0.242115
vn -0.267901 -0.944720 0.189034
vn 0.506486 -0.861882 0.025113
vn 0.966523 -0.256520 0.005487
vn 0.865030 0.496632 -0.071268
vn 0.268794 0.962255 -0.042589
vn -0.498426 0.866755 0.017515
vn -0.951816 0.290672 0.097757
vn -0.865339 -0.474979 0.159948
vn -0.251066 -0.960265 0.121888
vn 0.495342 -0.867216 0.050713
vn 0.966560 -0.254148 -0.034203
vn 0.868397 0.170459 -0.465650
vn -0.101281 0.910870 -0.400073
vn -0.611237 0.790389 -0.040928
vn -0.957999 0.271850 0.091298
vn -0.855428 -0.485172 0.181249
vn -0.244596 -0.954640 0.169807
vn 0.506500 -0.859628 0.067066
vn 0.892967 -0.442718 -0.081305
vn 0.672951 0.738304 -0.045214
vn 0.252426 0.967085 -0.032062
vn -0.207121 0.978069 -0.021970
vn 0.998328 -0.057071 -0.009143
vn 0.866442 0.482936 -0.126694
vn 0.955572 -0.287207 -0.066293
vn 0.484602 -0.873436 0.047645
vn -0.261380 -0.954403 0.144209
vn -0.853766 -0.489378 0.177747
vn -0.956727 0.259059 0.132521
vn -0.502109 0.864296 0.029658
vn 0.254104 0.963876 -0.079843
vn -0.876892 0.479210 0.037670
vn -0.832160 -0.542083 0.116856
vn -0.170506 -0.978114 0.119249
vn 0.545941 -0.835035 0.068298
vn 0.902865 0.074599 0.423403
vn 0.013266 0.922645 0.385423
vn 0.848767 -0.487729 -0.204245
vn -0.676618 0.723725 0.135683
vn 0.339569 -0.683881 0.645755
vn -0.546719 0.030954 0.836744
vn 0.587349 0.147888 -0.795707
vn -0.193094 0.749407 -0.633327
vn 0.851878 -0.476878 -0.216546
vn -0.772964 0.586582 0.241761
vn 0.172677 -0.932396 0.317523
vn -0.733613 -0.350358 0.582290
vn 0.727624 0.400019 -0.557268
vn -0.079997 0.937396 -0.338954
vn 0.857602 -0.473261 -0.201350
vn -0.843949 0.477076 0.245253
vn 0.127319 -0.981863 0.140478
vn -0.776586 -0.498625 0.385081
vn 0.816763 0.455341 -0.354349
vn -0.051705 0.988891 -0.139363
vn 0.933657 -0.333409 -0.130854
vn -0.535078 0.842977 -0.055509
vn -0.879614 -0.430484 0.202391
vn -0.365871 -0.910267 0.193788
vn 0.416826 -0.902134 0.111403
vn 0.990077 -0.125269 -0.063673
vn 0.822780 0.554749 -0.123638
vn -0.174855 0.982793 -0.059535
vn -0.828726 0.551557 0.094861
vn -0.855736 0.512138 0.073691
vn -0.950000 -0.226593 0.214838
vn -0.482094 -0.843155 0.238064
vn 0.242888 -0.956472 0.161765
vn 0.859605 -0.510439 0.023064
vn 0.957911 0.253221 -0.135223
vn 0.489516 0.850367 -0.193001
vn -0.257274 0.961022 -0.101223
vn -0.818390 0.574343 -0.019164
vn -0.935872 -0.311610 0.164448
vn -0.427287 -0.882331 0.197278
vn 0.269175 -0.949225 0.162838
vn 0.874040 -0.484119 0.041028
vn 0.959221 0.265574 -0.096773
vn 0.491107 0.854213 -0.170686
vn -0.191525 0.974428 -0.117507
vn -0.904962 0.416202 0.088434
vn -0.947785 -0.260787 0.183556
vn -0.739029 -0.648371 0.182895
vn -0.863094 0.504694 0.018796
vn -0.246930 0.957918 -0.146351
vn 0.506178 0.838868 -0.200210
vn 0.964173 0.234208 -0.124571
vn 0.866792 -0.496822 0.042900
vn 0.278638 -0.937074 0.210364
vn -0.467885 -0.837514 0.282229
vn -0.947029 -0.246806 0.205482
vn 0.015625 -0.992170 0.123913
vn 0.886928 -0.460949 -0.029739
vn 0.932949 0.341102 -0.115131
vn 0.590760 0.798132 -0.118272
vn -0.350134 0.935679 -0.043708
vn 0.839385 -0.540539 0.057016
vn 0.977366 0.190525 -0.091957
vn 0.521778 0.831592 -0.190270
vn -0.305911 0.945692 -0.109933
vn -0.927887 0.370265 0.043917
vn -0.772474 -0.604494 0.194606
vn 0.055039 -0.975353 0.213673
vn 0.529357 0.848318 -0.011754
vn -0.221983 0.974225 -0.040119
vn -0.850649 0.524058 -0.041934
vn -0.977381 -0.211480 0.001662
vn -0.533902 -0.842944 0.066290
vn 0.224812 -0.970007 0.092442
vn 0.847703 -0.524483 0.079483
vn 0.972826 0.228592 0.036827
vn -0.944063 0.327207 -0.040992
vn -0.978481 -0.204699 0.025946
vn -0.543017 -0.833165 0.104735
vn 0.220254 -0.966624 0.130866
vn 0.852351 -0.515628 0.087326
vn 0.999050 0.035751 0.024900
vn 0.531609 0.845981 -0.041334
vn 0.976410 0.214912 0.020883
vn 0.841609 -0.533521 0.083957
vn 0.219123 -0.969969 0.105575
vn -0.528380 -0.845197 0.080350
vn -0.972319 -0.232341 0.024763
vn -0.853513 0.520041 -0.032751
vn -0.228791 0.971627 -0.059959
vn -0.592623 -0.800750 0.087162
vn 0.095232 -0.987431 0.126135
vn 0.810774 -0.577496 0.095618
vn 0.972617 0.230985 0.025730
vn 0.447676 0.892509 -0.054895
vn -0.595099 0.799580 -0.080804
vn -0.995367 -0.095572 0.010496
vn 0.656450 0.751374 -0.067164
vn -0.505203 0.856260 -0.107649
vn 0.969475 -0.237446 0.061128
vn 0.856096 0.513032 0.062427
vn 0.233836 0.971770 0.031377
vn -0.502462 0.864552 0.009050
vn -0.968674 0.248180 0.008802
vn -0.854120 -0.520067 0.003045
vn -0.238466 -0.971070 0.012559
vn 0.517146 -0.854976 0.039697
vn 0.841066 -0.459928 -0.284736
vn 0.646687 0.714090 -0.268089
vn 0.100039 0.994623 -0.026790
vn -0.513414 0.858021 0.014364
vn -0.970231 0.240034 0.032192
vn -0.853215 -0.520217 0.037400
vn -0.234438 -0.971678 0.029697
vn 0.346725 -0.937634 -0.024997
vn 0.997615 0.038684 0.057158
vn 0.844664 0.532721 0.052452
vn 0.519491 0.854130 0.024310
vn 0.658870 -0.750733 0.047852
vn 0.969539 -0.244466 0.015168
vn 0.501724 -0.864868 0.016627
vn -0.253742 -0.967001 0.022887
vn -0.859936 -0.509804 0.024693
vn -0.970840 0.237830 0.030109
vn -0.525285 0.850006 0.039575
vn 0.227310 0.972805 0.044505
vn 0.851046 0.524031 0.033366
vn -0.337192 0.941375 -0.010752
vn -0.997013 0.075298 -0.017171
vn -0.780854 -0.624701 0.004044
vn -0.239458 -0.970561 0.025911
vn 0.637679 -0.623576 0.452237
vn 0.605159 0.688096 0.400382
vn 0.324204 -0.940319 -0.103398
vn -0.025505 0.994379 0.102766
vn -0.340054 -0.752084 0.564564
vn -0.558699 0.429357 0.709583
vn 0.712434 -0.327351 -0.620709
vn 0.506067 0.699400 -0.504714
vn 0.339226 -0.936287 -0.091059
vn -0.198222 0.965032 0.171526
vn -0.534574 -0.801960 0.266629
vn -0.869671 0.269022 0.413884
vn 0.897521 -0.230771 -0.375768
vn 0.628181 0.743526 -0.229254
vn 0.322233 -0.943442 -0.077996
vn -0.330119 0.935503 0.125918
vn -0.623236 -0.780034 0.055886
vn -0.964639 0.205596 0.164928
vn 0.966935 -0.222706 -0.124248
vn 0.634913 0.772317 -0.020274
vn 0.290191 -0.953451 -0.081979
vn -0.367783 0.924232 0.102618
vn -0.645935 -0.763393 -0.000235
vn -0.976835 0.192616 0.093229
vn 0.965438 -0.248285 -0.079269
vn 0.619577 0.784649 0.021222
vn 0.448209 -0.892894 -0.043011
vn 0.182856 0.982512 -0.035139
vn -0.953445 0.299167 0.037961
vn -0.892028 -0.450542 0.036022
vn -0.275198 -0.961108 0.023198
vn 0.545680 -0.837578 0.026395
vn 0.991126 -0.131789 0.017360
vn 0.595245 0.803482 0.009988
vn -0.352965 0.934923 0.036523
vn 0.047614 0.997292 0.056055
vn -0.531483 0.823196 0.199683
vn -0.988068 0.075347 0.134328
vn -0.730726 -0.659184 0.177525
vn -0.121507 -0.985190 0.120983
vn 0.647604 -0.745779 0.156279
vn 0.983061 -0.084172 0.162808
vn 0.799299 0.590681 0.110529
vn 0.100266 0.994961 0.000282
vn -0.629587 0.776871 -0.009561
vn -0.995395 0.095297 -0.010345
vn -0.782961 -0.621892 0.014930
vn -0.109077 -0.992261 0.059340
vn 0.634812 -0.769741 0.067175
vn 0.994113 -0.097155 0.047955
vn 0.773226 0.633700 0.023340
vn -0.990279 -0.120896 -0.068790
vn -0.781349 -0.623512 0.026957
vn -0.104888 -0.989118 0.103175
vn 0.634176 -0.763041 0.124857
vn 0.993095 -0.087050 0.078646
vn 0.935824 0.350811 0.034136
vn -0.493100 0.869915 0.010007
vn 0.106995 0.992025 -0.066626
vn 0.789720 0.613466 0.001397
vn 0.989665 -0.118295 0.081046
vn 0.620414 -0.775607 0.116281
vn -0.096693 -0.989813 0.104504
vn -0.763272 -0.643643 0.056035
vn -0.996475 0.083169 -0.010957
vn -0.635462 0.769588 -0.062629
vn -0.949935 -0.312446 0.000409
vn -0.109350 -0.993704 0.024376
vn 0.694166 -0.717843 0.053250
vn 0.987262 -0.147734 0.059071
vn 0.320775 0.946379 0.038355
vn -0.153958 -0.984518 0.083794
vn 0.716231 -0.692346 0.087578
vn 0.991689 -0.115323 0.057047
vn 0.806471 0.591119 0.013563
vn 0.039048 0.998546 -0.037169
vn -0.910139 0.412201 -0.041676
vn -0.944835 -0.327067 0.017722
vn 0.205852 0.891702 -0.403103
vn -0.836832 0.392077 -0.382083
vn 0.421063 0.764123 0.488694
vn -0.754509 0.521387 0.398588
vn 0.846501 0.510836 -0.149943
vn -0.956580 -0.260520 0.130703
vn 0.752191 -0.085700 0.653349
vn -0.285604 -0.518037 0.806268
vn 0.163630 0.659824 -0.733388
vn -0.754286 0.260837 -0.602508
vn 0.832875 0.531646 -0.153854
vn -0.887310 -0.414809 0.201532
vn 0.887484 -0.287043 0.360525
vn -0.069616 -0.822326 0.564742
vn 0.020616 0.866475 -0.498795
vn -0.853352 0.403641 -0.329947
vn 0.834263 0.537231 -0.124046
vn -0.837431 -0.519900 0.168562
vn 0.906283 -0.408184 0.109716
vn 0.015053 -0.963063 0.268856
vn -0.015511 0.976603 -0.214490
vn -0.896229 0.437894 -0.070866
vn 0.851860 0.509169 -0.122806
vn -0.817294 -0.556173 0.150671
vn 0.903032 -0.429366 0.013372
vn 0.048231 -0.986764 0.154826
vn 0.024020 0.990279 -0.137003
vn -0.897189 0.441571 0.008235
vn 0.809997 0.586333 -0.010883
vn -0.995660 -0.066001 -0.065611
vn -0.016089 0.981668 0.189917
vn -0.710606 0.689782 0.138708
vn -0.999863 -0.012835 0.010414
vn -0.714056 -0.692527 -0.102616
vn -0.008806 -0.992142 -0.124810
vn 0.715915 -0.694242 -0.074118
vn 0.999412 0.006523 0.033655
vn 0.695921 0.702513 0.148896
vn 0.235540 0.961519 -0.141430
vn -0.849012 0.469911 -0.241582
vn -0.985778 -0.144795 -0.085296
vn -0.704372 -0.700303 -0.115911
vn 0.003760 -0.994269 -0.106844
vn 0.709834 -0.703664 -0.031514
vn 0.997707 0.001114 0.067675
vn 0.820091 0.566284 0.082294
vn -0.129919 0.972357 0.194017
vn -0.731865 0.664957 0.149016
vn -0.962078 0.269554 0.041786
vn 0.402133 0.903308 0.149413
vn 0.003510 0.987212 0.159375
vn 0.714527 0.685777 0.138425
vn 0.998739 -0.012931 0.048518
vn 0.709869 -0.701722 -0.060595
vn 0.016245 -0.992822 -0.118493
vn -0.691243 -0.717052 -0.089555
vn -0.999772 -0.020427 0.006223
vn -0.714330 0.691438 0.107918
vn -0.805948 -0.582943 -0.103081
vn 0.183530 -0.973320 -0.137710
vn 0.802623 -0.594193 -0.052253
vn 0.996518 -0.071636 0.042656
vn 0.785904 0.605441 0.125684
vn 0.442532 0.702463 0.557415
vn -0.835371 0.351034 0.423002
vn 0.832844 0.553484 -0.005081
vn -0.959195 -0.279798 0.040718
vn 0.799276 -0.224465 0.557471
vn -0.294178 -0.740949 0.603701
vn 0.155292 0.851188 -0.501361
vn -0.790797 0.388113 -0.473295
vn 0.824905 0.565202 0.008850
vn -0.889614 -0.448214 0.087702
vn 0.902874 -0.356771 0.239859
vn -0.054849 -0.958621 0.279353
vn 0.010026 0.970672 -0.240200
vn -0.870316 0.455541 -0.187169
vn 0.835685 0.548847 0.019924
vn -0.827307 -0.561104 0.026914
vn 0.908322 -0.417822 0.019366
vn 0.036446 -0.999020 0.025108
vn -0.021085 0.999627 0.017361
vn -0.904851 0.425311 0.018858
vn 0.899365 0.437141 0.007125
vn -0.806436 -0.591321 -0.000480
vn 0.888330 -0.457329 -0.041472
vn 0.174647 -0.983336 -0.050481
vn 0.003234 0.997997 0.063181
vn -0.913942 0.401796 0.057185
vn 0.754952 0.652122 0.069167
vn -0.996071 -0.058251 -0.066707
vn -0.682682 0.718489 0.133109
vn 0.817527 0.251939 0.517857
vn 0.078093 0.827528 0.555967
vn 0.885474 -0.410067 -0.218588
vn -0.815088 0.516239 0.262922
vn 0.282920 -0.926288 0.248890
vn -0.711717 -0.402552 0.575683
vn 0.730014 0.502787 -0.462910
vn -0.173655 0.961388 -0.213490
vn 0.332384 -0.942101 0.044353
vn -0.682103 -0.654170 0.326799
vn -0.882849 0.373387 0.284886
vn -0.083870 0.994897 -0.056084
vn 0.708715 0.663104 -0.240864
vn 0.960945 -0.175380 -0.214073
vn 0.989987 0.133776 -0.045050
vn 0.720904 0.680651 -0.130429
vn 0.027330 0.999562 0.011339
vn -0.057500 -0.994605 -0.086341
vn 0.719132 -0.693932 -0.036156
vn 0.998317 0.013478 0.056404
vn 0.640058 0.755583 0.139355
vn -0.121404 0.983827 0.131699
vn -0.903952 0.426695 0.028336
vn -0.860518 -0.506039 -0.058591
vn 0.284400 -0.951271 0.119167
vn 0.714809 -0.598480 0.361760
vn 0.929670 0.241782 0.277949
vn 0.479179 0.838109 0.260694
vn -0.160094 0.979800 0.119843
vn -0.836142 0.538426 0.104711
vn -0.973149 -0.216143 0.079145
vn -0.554367 -0.822559 0.126781
vn 0.210011 -0.972575 0.099967
vn 0.835192 -0.542737 0.088832
vn 0.974662 0.219994 0.040457
vn 0.563388 0.826076 0.013868
vn -0.196468 0.980384 0.015734
vn -0.842709 0.538325 0.006899
vn -0.977631 -0.209023 0.023384
vn -0.543991 -0.836774 0.062307
vn -0.079662 -0.937752 -0.338046
vn 0.920261 -0.233743 -0.313821
vn 0.940509 0.337955 -0.035063
vn 0.545535 0.838084 0.002521
vn -0.210105 0.977299 0.027257
vn -0.841825 0.538194 0.040957
vn -0.976871 -0.211070 0.034248
vn -0.688804 -0.724527 -0.024686
vn 0.444108 -0.893643 0.064582
vn 0.846513 -0.521332 0.107839
vn 0.995691 -0.081771 0.043751
vn -0.234283 -0.972112 0.010464
vn 0.202733 -0.978718 0.031775
vn -0.559876 -0.828182 0.025565
vn -0.980883 -0.193223 0.023106
vn -0.834654 0.550389 0.020585
vn -0.211897 0.976905 0.027516
vn 0.533308 0.844819 0.043154
vn 0.973491 0.221846 0.055672
vn 0.842732 -0.536010 0.049950
vn 0.695169 0.718529 -0.021344
vn -0.365897 0.930107 -0.031942
vn -0.899381 0.437099 0.007659
vn -0.994157 -0.097886 0.045495
vn -0.790304 -0.611416 0.039881
vn -0.239221 -0.823607 0.514242
vn 0.865113 -0.225074 0.448242
vn -0.715141 -0.685127 -0.138468
vn 0.876668 0.463976 0.127196
vn -0.760065 -0.059957 0.647076
vn 0.158757 0.589854 0.791750
vn -0.009930 -0.699943 -0.714130
vn 0.799226 -0.109085 -0.591048
vn -0.691799 -0.708421 -0.139837
vn 0.782722 0.588112 0.203642
vn -0.938297 0.103452 0.329996
vn -0.110677 0.841626 0.528599
vn 0.180150 -0.871728 -0.455671
vn 0.927795 -0.231695 -0.292427
vn -0.702861 -0.703198 -0.107238
vn 0.699000 0.695263 0.167358
vn -0.974071 0.213832 0.073904
vn -0.233256 0.946470 0.223129
vn 0.225082 -0.960256 -0.165063
vn 0.970906 -0.237657 -0.029329
vn -0.720978 -0.683941 -0.111425
vn 0.676848 0.723128 0.137705
vn -0.974327 0.225110 -0.003489
vn -0.261029 0.957187 0.125125
vn 0.191118 -0.975658 -0.107542
vn 0.971015 -0.237663 0.025427
vn -0.593662 -0.803001 -0.052490
vn 0.968008 0.248041 -0.037888
vn 0.830710 -0.547545 0.100576
vn -0.702280 -0.462646 0.541074
vn 0.371961 -0.733246 0.569206
vn -0.932351 0.262051 -0.249101
vn 0.895756 -0.372632 0.242419
vn -0.462757 0.765222 0.447539
vn 0.548187 0.372868 0.748639
vn -0.567641 -0.516349 -0.641223
vn 0.372260 -0.829785 -0.415788
vn -0.572896 0.797502 0.189156
vn 0.519340 0.657151 0.546295
vn 0.911351 -0.283396 0.298541
vn 0.241854 -0.929803 -0.277440
vn -0.524938 -0.721648 -0.451292
vn -0.952940 -0.044637 -0.299855
vn -0.961281 -0.267230 -0.067279
vn -0.582916 -0.750789 -0.310685
vn 0.323230 -0.926961 -0.190434
vn -0.130201 0.989657 0.060216
vn -0.745933 0.663360 0.059474
vn -0.986720 -0.155526 0.046862
vn -0.575999 -0.816575 0.037826
vn 0.232250 -0.971939 0.037343
vn 0.999483 -0.024634 0.020652
vn 0.701165 0.710919 0.054422
vn -0.146002 0.987665 0.056573
vn -0.596790 0.720198 0.353774
vn -0.944766 -0.072712 0.319578
vn -0.595531 -0.733871 0.326765
vn 0.017272 -0.983574 0.179676
vn 0.764688 -0.608279 0.212718
vn 0.976632 0.100876 0.189771
vn 0.692811 0.709095 0.131138
vn -0.064600 0.997896 -0.005437
vn -0.743249 0.668450 0.027488
vn -0.995536 -0.046691 0.082021
vn -0.671841 -0.730172 0.124412
vn 0.056763 -0.989489 0.133000
vn 0.758688 -0.647654 0.070262
vn 0.997600 0.068739 0.008274
vn 0.659080 0.751858 -0.017984
vn 0.197166 0.896622 -0.396479
vn -0.875721 0.361094 -0.320507
vn -0.980030 -0.198392 -0.013462
vn -0.663088 -0.745460 0.067845
vn 0.060383 -0.992997 0.101543
vn 0.756903 -0.648288 0.082593
vn 0.997085 0.071780 0.025848
vn 0.789419 0.609164 -0.075737
vn -0.210080 0.976764 0.042419
vn -0.786831 0.615429 0.046305
vn -0.969882 0.241934 0.028245
vn -0.056861 0.997018 -0.052167
vn 0.675368 0.736387 -0.040147
vn 0.998718 0.048667 0.013895
vn 0.745016 -0.663052 0.072899
vn 0.066491 -0.991575 0.111168
vn -0.651188 -0.750870 0.110216
vn -0.995196 -0.071322 0.067071
vn -0.754757 0.656003 -0.001453
vn -0.806122 -0.590963 0.030498
vn 0.206956 -0.976458 0.060814
vn 0.826878 -0.559035 0.061252
vn 0.997899 -0.050083 0.041114
vn 0.812119 0.582584 0.032551
vn 0.361573 0.811272 0.459459
vn -0.805738 0.416715 0.420875
vn 0.740942 0.663818 -0.101736
vn -0.883796 -0.439767 0.159716
vn 0.664105 0.214394 0.716240
vn -0.200424 -0.408844 0.890324
vn 0.138143 0.641991 -0.754165
vn -0.754001 0.107093 -0.648085
vn 0.086313 0.996249 -0.006162
vn -0.597625 -0.148641 0.787877
vn 0.387137 0.379842 0.840146
vn -0.882517 0.470007 -0.016030
vn 0.692267 0.712635 -0.113659
vn -0.996638 -0.077504 -0.026582
vn 0.581430 0.813502 0.012406
vn 0.027287 -0.986242 0.163042
vn 0.788340 -0.604706 0.113358
vn 0.999016 0.034261 0.028148
vn 0.667881 0.743104 -0.041611
vn -0.135020 0.988350 -0.070246
vn -0.955154 0.293071 -0.042321
vn -0.846093 -0.528906 0.066230
vn 0.697093 0.704760 0.131815
vn 0.018413 0.997523 -0.067895
vn -0.685838 0.695545 -0.214113
vn -0.976641 -0.031888 -0.212498
vn -0.674995 -0.735223 -0.061874
vn 0.022052 -0.989697 0.141472
vn 0.689809 -0.669833 0.274749
vn 0.962774 0.019633 0.269595
vn -0.824740 0.514320 -0.235114
vn -0.988785 -0.020569 -0.147925
vn -0.697100 -0.716973 -0.000978
vn 0.004916 -0.988828 0.148980
vn 0.699641 -0.681177 0.215639
vn 0.950958 -0.284213 0.122069
vn 0.607639 0.785280 0.118785
vn -0.057883 0.996900 -0.053293
vn -0.436034 0.885511 -0.160449
vn 0.685559 0.726069 0.053220
vn 0.980239 0.015034 0.197246
vn 0.678563 -0.695034 0.237654
vn -0.021300 -0.989435 0.143403
vn -0.704446 -0.709396 -0.022655
vn -0.986992 -0.024238 -0.158933
vn -0.710126 0.678002 -0.189828
vn -0.020215 0.994589 -0.101899
vn -0.948005 0.244642 -0.203561
vn -0.699624 -0.712804 -0.049369
vn 0.084412 -0.986129 0.142913
vn 0.644783 -0.727689 0.233931
vn 0.956988 0.196920 0.213064
vn 0.385463 0.922546 0.018096
vn 0.973440 0.095918 0.207879
vn 0.859629 0.435647 -0.266925
vn -0.311288 0.841538 -0.441490
vn 0.711145 0.433159 0.553756
vn -0.336814 0.903099 0.266397
vn 0.991357 -0.127285 0.031777
vn -0.918920 0.390574 -0.055113
vn 0.411909 -0.488759 0.769055
vn -0.678955 -0.182061 0.711248
vn 0.659463 0.373068 -0.652632
vn -0.314861 0.630988 -0.709026
vn 0.995111 -0.094702 0.028043
vn -0.968750 0.246513 0.027460
vn 0.446819 -0.757300 0.476288
vn -0.664510 -0.571898 0.480998
vn 0.633125 0.650834 -0.419009
vn -0.347553 0.833847 -0.428842
vn 0.992704 -0.103633 0.061635
vn -0.993816 0.111029 -0.001338
vn 0.424793 -0.877381 0.223055
vn -0.620757 -0.759552 0.194270
vn 0.627128 0.767154 -0.134851
vn -0.411604 0.893997 -0.177064
vn 0.989725 -0.130125 0.059267
vn -0.996876 0.073608 -0.028623
vn 0.428608 -0.891578 0.146233
vn -0.596170 -0.796367 0.101881
vn 0.650793 0.755883 -0.071479
vn -0.420405 0.898928 -0.123240
vn 0.982684 -0.166077 0.082158
vn -0.795402 0.555061 -0.243400
vn 0.768272 -0.639993 -0.012968
vn 0.986935 -0.081018 0.139265
vn 0.688246 0.705748 0.168041
vn -0.004805 0.960528 0.278141
vn -0.656839 0.704608 0.268497
vn -0.949824 -0.026624 0.311649
vn -0.682521 -0.713673 0.157594
vn 0.061939 -0.996688 0.052692
vn 0.707787 -0.695613 -0.123127
vn 0.996113 0.009334 -0.087588
vn 0.693031 0.720901 -0.003063
vn 0.009503 0.994364 0.105593
vn -0.696455 0.692143 0.189444
vn -0.987591 -0.029192 0.154308
vn -0.685951 -0.726798 0.035139
vn 0.010114 -0.996971 -0.077115
vn 0.711494 -0.676331 -0.190663
vn 0.987882 0.045354 -0.148432
vn 0.699250 0.714750 -0.013479
vn 0.021478 0.989183 0.145105
vn -0.698868 0.676317 0.232763
vn -0.980785 -0.046646 0.189434
vn -0.657956 -0.752051 0.038902
vn 0.039399 -0.992488 -0.115825
vn 0.709209 -0.690135 -0.143999
vn 0.001257 -0.997033 -0.076970
vn -0.701717 -0.710376 0.054395
vn -0.986177 -0.010500 0.165360
vn -0.699646 0.688156 0.192188
vn -0.010784 0.992019 0.125628
vn 0.690867 0.722976 0.002903
vn 0.993734 0.025609 -0.108798
vn -0.649826 0.723968 0.231511
vn -0.986692 -0.012461 0.162124
vn -0.754155 -0.654677 0.051460
vn -0.045679 -0.995546 -0.082476
vn 0.748488 -0.640120 -0.173239
vn 0.839535 0.542172 -0.035091
vn 0.355065 0.928329 0.110154
vn 0.676309 -0.585957 -0.446385
vn -0.593421 0.687063 0.419280
vn 0.264657 -0.907331 0.326661
vn -0.469931 -0.132084 0.872765
vn 0.483959 0.262832 -0.834687
vn -0.175832 0.891729 -0.417015
vn 0.721556 -0.612618 -0.322578
vn -0.756456 0.475461 0.449123
vn 0.004762 -0.942471 0.334255
vn -0.684188 -0.315342 0.657606
vn 0.688960 0.368940 -0.623873
vn -0.237314 0.964653 -0.114572
vn 0.143020 -0.989006 0.037580
vn -0.692946 -0.372522 0.617295
vn -0.631363 0.620670 0.464919
vn 0.021514 0.991917 -0.125055
vn 0.639923 0.572115 -0.513014
vn 0.802302 -0.269117 -0.532810
vn 0.810419 -0.096002 -0.577931
vn 0.367556 0.849362 -0.378796
vn -0.238717 0.970121 0.043354
vn -0.703670 0.558636 0.439060
vn -0.668004 -0.478461 0.569952
vn 0.235097 -0.971954 -0.005972
vn 0.894117 0.447773 0.007338
vn 0.414856 0.909886 0.001143
vn -0.387565 0.919567 -0.064727
vn -0.913600 0.405788 0.025924
vn -0.955331 -0.280562 0.092889
vn -0.437327 -0.879927 0.185670
vn 0.337472 -0.914366 0.223712
vn 0.903237 -0.415523 0.107256
vn 0.933279 0.358806 -0.015756
vn 0.407182 0.907213 -0.105676
vn -0.359128 0.923922 -0.131889
vn -0.908131 0.413135 -0.067954
vn -0.937486 -0.343852 0.053724
vn -0.409232 -0.901436 0.141215
vn 0.355232 -0.922077 0.153572
vn 0.911642 -0.400770 0.091062
vn 0.993972 0.103301 -0.036717
vn 0.088271 0.969332 -0.229353
vn -0.445722 0.873522 -0.195684
vn -0.906376 0.416335 -0.071751
vn -0.931942 -0.348151 0.101370
vn -0.391524 -0.893593 0.219545
vn 0.376384 -0.901423 0.213942
vn 0.856081 -0.513594 0.057856
vn 0.940166 0.336766 -0.051730
vn 0.904028 -0.416740 0.095190
vn 0.335547 -0.922667 0.189983
vn -0.420988 -0.890370 0.173232
vn -0.934165 -0.350115 0.068955
vn -0.915634 0.397515 -0.059960
vn -0.360135 0.921037 -0.148301
vn 0.414971 0.897640 -0.148466
vn 0.908117 -0.417753 -0.028381
vn -0.282102 0.933276 -0.222294
vn -0.956182 -0.286584 0.059881
vn -0.264985 -0.950238 0.163803
vn 0.136083 -0.975718 0.171629
vn 0.901638 -0.422213 0.093726
vn 0.738442 0.667596 -0.094967
vn -0.048569 0.987834 -0.147733
vn -0.663026 0.741485 -0.102938
vn -0.556469 0.799935 0.224602
vn 0.434413 -0.783082 0.445048
vn -0.346054 0.154041 0.925483
vn 0.494549 -0.339790 -0.799977
vn -0.048038 0.413723 -0.909135
vn -0.320701 0.765512 -0.557802
vn -0.730878 0.681145 0.043106
vn -0.996153 -0.028999 0.082692
vn -0.675173 -0.733712 0.076214
vn 0.022375 -0.998503 0.049908
vn 0.727151 -0.686215 0.018963
vn 0.998905 0.038271 -0.026904
vn 0.680938 0.731140 -0.041923
vn -0.035521 0.999320 -0.009845
vn -0.577941 0.814908 -0.043691
vn -0.973486 -0.227351 0.025228
vn -0.536934 -0.839797 0.080267
vn 0.038247 -0.994927 0.093046
vn 0.739987 -0.669606 0.063614
vn 0.998667 0.050866 0.008710
vn 0.675140 0.736632 -0.039485
vn 0.166923 0.984450 -0.054720
vn -0.730409 0.682998 0.003996
vn -0.024024 0.999135 -0.033933
vn 0.690454 0.722378 -0.037984
vn 0.999605 0.024880 -0.013081
vn 0.730695 -0.681973 0.031596
vn 0.042580 -0.996314 0.074472
vn -0.672643 -0.734490 0.089862
vn -0.997302 -0.041039 0.060868
vn 0.697094 -0.715480 0.046351
vn 1.000000 -0.000366 -0.000178
vn 0.705629 0.707593 -0.037421
vn -0.059848 0.997967 -0.021895
vn -0.803008 0.595802 0.014080
vn -0.901049 -0.429133 0.062895
vn -0.186228 -0.978422 0.089501
vn -0.757811 0.589539 -0.279581
vn 0.668855 -0.692385 0.270621
vn -0.213299 0.886574 0.410476
vn 0.614752 0.102300 0.782058
vn -0.612955 -0.243583 -0.751634
vn 0.118746 -0.859812 -0.496612
vn -0.774036 0.612131 -0.161754
vn 0.829095 -0.480102 0.286536
vn 0.043460 0.926397 0.374032
vn 0.785674 0.299065 0.541551
vn -0.783788 -0.354253 -0.510080
vn 0.224397 -0.953790 -0.199828
vn -0.145382 0.983383 0.108731
vn 0.786538 0.358165 0.503066
vn 0.710418 -0.628266 0.317156
vn -0.031926 -0.985602 -0.166038
vn -0.713710 -0.561111 -0.419252
vn -0.886609 0.276815 -0.370537
vn -0.900571 0.105716 -0.421658
vn -0.418829 -0.838688 -0.348116
vn 0.253614 -0.966256 -0.045054
vn 0.776286 -0.563808 0.281960
vn 0.752468 0.465537 0.465904
vn -0.243523 0.966486 0.081247
vn 0.543180 -0.838865 -0.035500
vn -0.367913 0.760763 0.534677
vn 0.505364 -0.188289 0.842113
vn -0.513608 0.201222 -0.834096
vn 0.137061 -0.550681 -0.823386
vn -0.123324 -0.425627 -0.896456
vn -0.885915 -0.417627 0.201848
vn -0.435362 -0.864963 0.249599
vn 0.467499 -0.876856 0.112108
vn 0.994656 -0.099464 0.027678
vn 0.780141 0.618206 -0.095923
vn -0.007724 0.982071 0.188353
vn -0.887162 0.344803 0.306683
vn -0.009435 -0.990118 0.139919
vn 0.621105 -0.761010 0.187333
vn 0.974527 0.033322 0.221780
vn 0.560981 0.824350 0.075804
vn -0.212977 0.976712 -0.025978
vn -0.876298 0.412435 0.248996
vn -0.689247 -0.663043 0.292084
vn -0.157015 0.983245 0.092606
vn -0.744592 0.651725 0.144350
vn -0.974481 -0.171587 0.144724
vn -0.404150 -0.905995 0.125836
vn 0.424022 -0.905209 0.028307
vn 0.920226 -0.316680 0.229994
vn 0.609107 0.752207 0.251345
vn -0.189346 -0.978462 0.082218
vn 0.483035 -0.864263 0.140452
vn 0.972395 -0.131354 0.192858
vn 0.690233 0.719622 0.075648
vn -0.087868 0.995863 -0.023167
vn -0.811572 0.567103 0.140516
vn -0.801044 -0.577540 0.157402
vn -0.694351 0.689263 0.206865
vn -0.971778 -0.014674 0.235440
vn -0.730919 -0.668344 0.138104
vn -0.022120 -0.999406 0.026434
vn 0.791601 -0.598828 -0.121545
vn 0.968245 0.234356 0.087060
vn 0.071294 0.963971 0.256276
vn -0.954299 -0.292594 0.060846
vn -0.565768 -0.806555 0.171394
vn 0.347082 -0.914313 0.208724
vn 0.900867 -0.424033 0.092918
vn 0.900830 0.429740 -0.061871
vn 0.108992 0.993159 -0.041917
vn -0.882694 0.469675 0.016048
g fff08519_00113_00212692_e0
f 13/458/13 32/459/32 33/460/33
f 69/441/69 13/442/13 12/443/12
f 522/87/522 546/83/546 539/88/539
f 23/491/23 22/476/22 32/477/32
f 694/399/694 717/401/717 710/402/710
f 694/399/694 695/400/695 717/401/717
f 13/458/13 14/461/14 32/459/32
f 9/462/9 10/463/10 36/464/36
f 698/393/698 699/398/699 713/394/713
f 9/462/9 36/464/36 29/465/29
f 19/478/19 36/479/36 35/480/35
f 74/557/74 92/558/92 93/559/93
f 108/540/108 74/541/74 73/542/73
f 80/575/80 96/576/96 95/577/95
f 84/578/84 83/579/83 92/580/92
f 70/560/70 96/561/96 89/562/89
f 70/560/70 71/563/71 96/561/96
f 74/557/74 75/564/75 92/558/92
f 534/85/534 533/86/533 542/80/542
f 724/396/724 698/393/698 697/397/697
f 113/628/113 126/629/126 127/630/127
f 137/611/137 113/612/113 112/613/112
f 117/646/117 130/647/130 129/648/129
f 121/660/121 120/649/120 126/650/126
f 109/631/109 130/632/130 123/633/123
f 109/631/109 110/634/110 130/632/130
f 113/628/113 114/635/114 126/629/126
f 144/988/144 163/989/163 164/990/164
f 206/971/206 144/972/144 143/973/143
f 669/298/669 668/299/668 674/316/674
f 592/205/592 615/210/615 608/211/608
f 655/322/655 678/327/678 671/330/671
f 655/322/655 656/321/656 678/327/678
f 144/988/144 145/991/145 163/989/163
f 140/992/140 141/993/141 167/994/167
f 659/306/659 660/308/660 674/316/674
f 140/992/140 167/994/167 160/995/160
f 592/205/592 593/204/593 615/210/615
f 219/886/219 233/887/233 234/888/234
f 249/869/249 219/870/219 218/871/218
f 223/904/223 237/905/237 236/906/236
f 227/919/227 226/907/226 233/908/233
f 215/889/215 237/890/237 230/891/230
f 215/889/215 216/892/216 237/890/237
f 219/886/219 220/893/220 233/887/233
f 284/1109/284 303/1110/303 304/1111/304
f 365/1092/365 284/1093/284 283/1094/283
f 622/259/622 596/195/596 595/193/595
f 294/1127/294 293/1128/293 303/1129/303
f 596/195/596 611/202/611 612/201/612
f 526/79/526 527/90/527 542/80/542
f 284/1109/284 285/1112/285 303/1110/303
f 280/1113/280 281/1114/281 307/1115/307
f 522/87/522 523/89/523 546/83/546
f 280/1113/280 307/1115/307 300/1116/300
f 290/1130/290 307/1131/307 306/1132/306
f 378/756/378 397/757/397 398/758/398
f 459/739/459 378/740/378 377/741/377
f 698/393/698 713/394/713 714/395/714
f 388/774/388 387/775/387 397/776/397
f 665/313/665 678/327/678 677/312/677
f 687/345/687 659/306/659 658/304/658
f 378/756/378 379/759/379 397/757/397
f 374/760/374 375/761/375 401/762/401
f 659/306/659 674/316/674 675/315/675
f 374/760/374 401/762/401 394/763/394
f 384/788/384 401/778/401 400/789/400
f 472/681/472 490/682/490 491/683/491
f 521/664/521 515/665/515 471/666/471
f 478/699/478 494/700/494 493/701/493
f 482/714/482 481/702/481 490/703/490
f 468/684/468 494/685/494 487/686/487
f 468/684/468 469/687/469 494/685/494
f 472/681/472 473/688/473 490/682/490
f 510/77/510 511/76/511 509/78/509
f 511/78/511 510/75/510 508/77/508
f 526/79/526 542/80/542 543/81/543
f 596/195/596 597/197/597 611/202/611
f 530/82/530 546/83/546 545/84/545
g fff08519_00113_00212692_e1
f 4/2/4 5/3/5 761/71/761
f 5/3/5 6/4/6 756/61/756
f 5/3/5 756/61/756 755/60/755
f 761/71/761 5/3/5 755/60/755
f 6/4/6 757/63/757 756/62/756
f 6/4/6 7/5/7 757/63/757
f 2/9/2 3/1/3 760/69/760
f 3/1/3 4/2/4 761/72/761
f 7/10/7 8/11/8 757/64/757
f 757/64/757 8/11/8 758/65/758
f 1/8/1 2/9/2 760/69/760
f 8/11/8 1/8/1 758/66/758
f 3/1/3 761/72/761 760/70/760
f 758/67/758 1/8/1 759/68/759
f 1/8/1 760/69/760 759/68/759
f 647/320/647 795/343/795 794/342/794
f 793/341/793 647/320/647 794/342/794
f 649/303/649 796/347/796 795/344/795
f 654/326/654 647/320/647 793/340/793
f 647/320/647 648/323/648 795/343/795
f 792/338/792 654/326/654 793/339/793
f 653/324/653 654/326/654 792/338/792
f 649/303/649 650/305/650 796/347/796
f 648/323/648 649/303/649 795/343/795
f 652/309/652 653/311/653 792/337/792
f 652/309/652 792/337/792 791/336/791
f 796/346/796 651/307/651 790/334/790
f 651/307/651 791/335/791 790/334/790
f 651/307/651 652/309/652 791/335/791
f 650/305/650 651/307/651 796/346/796
f 366/8/366 774/69/774 773/68/773
f 772/67/772 366/8/366 773/68/773
f 368/1/368 775/72/775 774/70/774
f 373/11/373 366/8/366 772/66/772
f 366/8/366 367/9/367 774/69/774
f 771/64/771 373/11/373 772/65/772
f 372/10/372 373/11/373 771/64/771
f 368/1/368 369/2/369 775/72/775
f 367/9/367 368/1/368 774/69/774
f 371/4/371 372/5/372 771/63/771
f 371/4/371 771/63/771 770/62/770
f 775/71/775 370/3/370 769/60/769
f 370/3/370 770/61/770 769/60/769
f 370/3/370 371/4/371 770/61/770
f 369/2/369 370/3/370 775/71/775
f 584/203/584 788/257/788 787/256/787
f 786/255/786 584/203/584 787/256/787
f 586/192/586 789/261/789 788/258/788
f 591/209/591 584/203/584 786/254/786
f 584/203/584 585/206/585 788/257/788
f 785/252/785 590/207/590 786/253/786
f 590/207/590 591/209/591 786/253/786
f 586/192/586 587/194/587 789/261/789
f 585/206/585 586/192/586 788/257/788
f 784/250/784 590/200/590 785/251/785
f 589/198/589 590/200/590 784/250/784
f 789/260/789 588/196/588 783/248/783
f 588/196/588 784/249/784 783/248/783
f 588/196/588 589/198/589 784/249/784
f 587/194/587 588/196/588 789/260/789
f 210/2/210 211/3/211 782/71/782
f 211/3/211 212/4/212 777/61/777
f 211/3/211 777/61/777 776/60/776
f 782/71/782 211/3/211 776/60/776
f 212/4/212 778/63/778 777/62/777
f 212/4/212 213/5/213 778/63/778
f 208/9/208 209/1/209 781/69/781
f 209/1/209 210/2/210 782/72/782
f 213/10/213 214/11/214 778/64/778
f 778/64/778 214/11/214 779/65/779
f 207/8/207 208/9/208 781/69/781
f 214/11/214 207/8/207 779/66/779
f 209/1/209 782/72/782 781/70/781
f 779/67/779 207/8/207 780/68/780
f 207/8/207 781/69/781 780/68/780
f 460/8/460 767/69/767 766/68/766
f 765/67/765 460/8/460 766/68/766
f 462/1/462 768/72/768 767/70/767
f 467/11/467 460/8/460 765/66/765
f 460/8/460 461/9/461 767/69/767
f 764/64/764 467/11/467 765/65/765
f 466/10/466 467/11/467 764/64/764
f 462/1/462 463/2/463 768/72/768
f 461/9/461 462/1/462 767/69/767
f 465/4/465 466/5/466 764/63/764
f 465/4/465 764/63/764 763/62/763
f 768/71/768 464/3/464 762/60/762
f 464/3/464 763/61/763 762/60/762
f 464/3/464 465/4/465 763/61/763
f 463/2/463 464/3/464 768/71/768
g fff08519_00113_00212692_e2
f 24/494/24 28/495/28 23/496/23
f 564/141/564 568/143/568 574/132/574
f 40/498/40 39/499/39 22/500/22
f 22/500/22 23/496/23 40/498/40
f 39/499/39 38/501/38 21/502/21
f 21/502/21 22/500/22 39/499/39
f 38/501/38 37/503/37 20/504/20
f 20/504/20 21/502/21 38/501/38
f 567/154/567 566/155/566 572/145/572
f 25/505/25 28/506/28 41/507/41
f 573/144/573 571/148/571 565/156/565
f 62/508/62 26/509/26 42/510/42
f 571/148/571 575/128/575 569/153/569
f 24/7/24 17/13/17 61/35/61
f 61/514/61 28/497/28 24/494/24
f 62/508/62 27/512/27 26/509/26
f 19/6/19 62/36/62 18/12/18
f 19/513/19 20/504/20 37/503/37
f 37/503/37 27/512/27 19/513/19
f 574/132/574 570/150/570 564/141/564
f 568/143/568 569/153/569 575/128/575
f 569/153/569 565/156/565 571/148/571
f 572/145/572 573/144/573 567/154/567
f 565/156/565 567/154/567 573/144/573
f 23/496/23 28/495/28 40/498/40
f 26/509/26 25/505/25 41/511/41
f 28/497/28 61/514/61 41/515/41
f 41/511/41 42/510/42 26/509/26
f 19/513/19 27/512/27 62/508/62
f 575/128/575 574/132/574 568/143/568
f 572/152/572 570/150/570 576/149/576
f 576/149/576 578/151/578 572/152/572
f 570/150/570 574/132/574 580/131/580
f 580/131/580 576/149/576 570/150/570
f 571/148/571 573/144/573 579/147/579
f 579/147/579 577/126/577 571/148/571
f 575/128/575 571/148/571 577/126/577
f 574/132/574 575/128/575 581/127/581
f 578/146/578 579/147/579 573/144/573
f 573/144/573 572/145/572 578/146/578
f 568/143/568 564/141/564 558/123/558
f 558/123/558 562/122/562 568/143/568
f 564/141/564 566/142/566 560/129/560
f 560/129/560 558/123/558 564/141/564
f 563/138/563 562/122/562 554/125/554
f 554/125/554 555/137/555 563/138/563
f 560/140/560 561/135/561 557/134/557
f 557/134/557 556/139/556 560/140/560
f 559/136/559 563/138/563 555/137/555
f 555/137/555 583/133/583 559/136/559
f 561/135/561 559/136/559 583/133/583
f 583/133/583 557/134/557 561/135/561
f 581/127/581 580/131/580 574/132/574
f 556/130/556 582/124/582 558/123/558
f 558/123/558 560/129/560 556/130/556
f 577/126/577 581/127/581 575/128/575
f 582/124/582 554/125/554 562/122/562
f 562/122/562 558/123/558 582/124/582
f 607/1085/607 610/1087/610 609/1086/609
f 605/1080/605 604/1089/604 612/1088/612
f 603/1091/603 602/1076/602 614/1078/614
f 603/1091/603 614/1078/614 613/1090/613
f 604/1089/604 603/1091/603 613/1090/613
f 604/1089/604 613/1090/613 612/1088/612
f 605/1080/605 612/1088/612 611/1081/611
f 600/1084/600 609/1086/609 608/1083/608
f 601/1082/601 600/1084/600 608/1083/608
f 606/1079/606 611/1081/611 610/1087/610
f 607/1085/607 606/1079/606 610/1087/610
f 600/1084/600 607/1085/607 609/1086/609
f 349/43/349 345/41/345 352/47/352
f 601/1082/601 608/1083/608 615/1077/615
f 345/41/345 347/40/347 351/46/351
f 606/1079/606 605/1080/605 611/1081/611
f 602/1076/602 615/1077/615 614/1078/614
f 297/1147/297 296/1148/296 341/1149/341
f 355/58/355 348/55/348 354/59/354
f 294/1150/294 312/1151/312 311/1152/311
f 348/45/348 349/43/349 354/48/354
f 354/48/354 349/43/349 353/49/353
f 358/1153/358 313/1154/313 341/1149/341
f 349/43/349 352/47/352 353/49/353
f 314/1155/314 341/1149/341 313/1154/313
f 344/52/344 348/55/348 355/58/355
f 345/41/345 351/46/351 352/47/352
f 312/1151/312 342/1156/342 299/1157/299
f 347/40/347 350/57/350 351/46/351
f 356/1158/356 312/1151/312 294/1150/294
f 350/57/350 344/52/344 355/58/355
f 312/1151/312 356/1158/356 342/1156/342
f 308/1159/308 298/1160/298 290/1161/290
f 290/1161/290 291/1162/291 308/1159/308
f 709/1222/709 708/1209/708 712/1216/712
f 340/1163/340 298/1160/298 297/1147/297
f 339/1164/339 357/1165/357 295/1166/295
f 346/53/346 344/52/344 350/57/350
f 295/7/295 288/13/288 339/35/339
f 349/43/349 348/45/348 357/44/357
f 357/44/357 358/42/358 349/43/349
f 741/1224/741 740/1225/740 744/1226/744
f 733/1227/733 734/1228/734 747/1229/747
f 728/1230/728 727/1231/727 737/1232/737
f 732/1233/732 736/1234/736 745/1235/745
f 746/1236/746 740/1225/740 739/1237/739
f 745/1235/745 740/1225/740 746/1236/746
f 745/1235/745 736/1234/736 744/1226/744
f 744/1226/744 740/1225/740 745/1235/745
f 750/1238/750 752/1239/752 725/1240/725
f 725/1240/725 727/1231/727 750/1238/750
f 752/1239/752 753/1241/753 729/1242/729
f 729/1242/729 725/1240/725 752/1239/752
f 749/1243/749 751/1244/751 728/1230/728
f 728/1230/728 726/1245/726 749/1243/749
f 754/1246/754 749/1243/749 726/1245/726
f 726/1245/726 730/1247/730 754/1246/754
f 751/1244/751 750/1238/750 727/1231/727
f 727/1231/727 728/1230/728 751/1244/751
f 734/1228/734 746/1236/746 747/1229/747
f 753/1241/753 754/1246/754 730/1247/730
f 730/1247/730 729/1242/729 753/1241/753
f 736/1234/736 735/1248/735 744/1226/744
f 727/1231/727 725/1240/725 737/1232/737
f 746/1236/746 739/1237/739 747/1229/747
f 733/1227/733 747/1229/747 748/1249/748
f 747/1229/747 738/1250/738 748/1249/748
f 742/1251/742 743/1252/743 748/1249/748
f 742/1251/742 748/1249/748 737/1232/737
f 731/1253/731 733/1227/733 748/1249/748
f 737/1232/737 725/1240/725 742/1251/742
f 743/1252/743 731/1253/731 748/1249/748
f 728/1230/728 737/1232/737 738/1250/738
f 748/1249/748 738/1250/738 737/1232/737
f 726/1245/726 738/1250/738 739/1237/739
f 725/1240/725 729/1242/729 742/1251/742
f 747/1229/747 739/1237/739 738/1250/738
f 730/1247/730 739/1237/739 740/1225/740
f 732/1233/732 745/1235/745 746/1236/746
f 741/1224/741 730/1247/730 740/1225/740
f 729/1242/729 730/1247/730 741/1224/741
f 741/1224/741 743/1252/743 742/1251/742
f 742/1251/742 729/1242/729 741/1224/741
f 741/1224/741 744/1226/744 743/1252/743
f 735/1248/735 731/1253/731 743/1252/743
f 744/1226/744 735/1248/735 743/1252/743
f 726/1245/726 728/1230/728 738/1250/738
f 734/1228/734 732/1233/732 746/1236/746
f 730/1247/730 726/1245/726 739/1237/739
f 343/1167/343 341/1149/341 296/1148/296
f 639/227/639 638/228/638 642/229/642
f 631/245/631 632/221/632 645/231/645
f 626/214/626 625/236/625 635/240/635
f 630/222/630 634/225/634 643/226/643
f 644/223/644 638/228/638 637/224/637
f 643/226/643 638/228/638 644/223/644
f 643/226/643 634/225/634 642/229/642
f 642/229/642 638/228/638 643/226/643
f 689/233/689 691/234/691 623/235/623
f 623/235/623 625/236/625 689/233/689
f 691/234/691 692/237/692 627/238/627
f 627/238/627 623/235/623 691/234/691
f 688/212/688 690/213/690 626/214/626
f 626/214/626 624/215/624 688/212/688
f 693/216/693 688/212/688 624/215/624
f 624/215/624 628/217/628 693/216/693
f 690/239/690 689/233/689 625/236/625
f 625/236/625 626/214/626 690/239/690
f 632/221/632 644/223/644 645/231/645
f 692/218/692 693/216/693 628/217/628
f 628/217/628 627/219/627 692/218/692
f 634/225/634 633/230/633 642/229/642
f 625/236/625 623/235/623 635/240/635
f 644/223/644 637/224/637 645/231/645
f 631/245/631 645/231/645 646/246/646
f 645/231/645 636/220/636 646/246/646
f 640/241/640 641/244/641 646/246/646
f 640/241/640 646/246/646 635/240/635
f 629/243/629 631/245/631 646/246/646
f 635/240/635 623/235/623 640/241/640
f 641/244/641 629/243/629 646/246/646
f 626/214/626 635/240/635 636/220/636
f 646/246/646 636/220/636 635/240/635
f 624/215/624 636/220/636 637/224/637
f 623/235/623 627/238/627 640/241/640
f 645/231/645 637/224/637 636/220/636
f 628/217/628 637/224/637 638/228/638
f 630/222/630 643/226/643 644/223/644
f 639/227/639 628/217/628 638/228/638
f 627/219/627 628/217/628 639/227/639
f 639/247/639 641/244/641 640/241/640
f 640/241/640 627/238/627 639/247/639
f 639/227/639 642/229/642 641/232/641
f 633/242/633 629/243/629 641/244/641
f 642/229/642 633/230/633 641/232/641
f 624/215/624 626/214/626 636/220/636
f 632/221/632 630/222/630 644/223/644
f 628/217/628 624/215/624 637/224/637
f 665/313/665 680/333/680 664/328/664
f 670/318/670 663/329/663 679/332/679
f 559/136/559 561/135/561 567/154/567
f 567/154/567 565/156/565 559/136/559
f 563/138/563 559/136/559 565/156/565
f 565/156/565 569/153/569 563/138/563
f 561/135/561 560/140/560 566/155/566
f 566/155/566 567/154/567 561/135/561
f 562/122/562 563/138/563 569/153/569
f 569/153/569 568/143/568 562/122/562
f 566/142/566 564/141/564 570/150/570
f 570/150/570 572/152/572 566/142/566
f 47/516/47 43/517/43 61/518/61
f 61/518/61 17/519/17 47/516/47
f 223/934/223 238/927/238 279/932/279
f 43/517/43 45/520/45 41/521/41
f 41/521/41 61/518/61 43/517/43
f 356/1158/356 295/1166/295 357/1165/357
f 62/522/62 42/523/42 46/524/46
f 46/524/46 44/525/44 62/522/62
f 18/526/18 62/522/62 44/525/44
f 44/525/44 48/527/48 18/526/18
f 42/523/42 41/521/41 45/520/45
f 45/520/45 46/524/46 42/523/42
f 17/519/17 18/526/18 48/527/48
f 48/527/48 47/516/47 17/519/17
f 45/520/45 43/517/43 49/528/49
f 49/528/49 51/529/51 45/520/45
f 43/517/43 47/516/47 53/530/53
f 53/530/53 49/528/49 43/517/43
f 228/936/228 278/929/278 229/931/229
f 346/53/346 347/40/347 343/56/343
f 227/924/227 242/938/242 241/937/241
f 343/56/343 342/50/342 346/53/346
f 253/933/253 229/931/229 252/930/252
f 345/41/345 349/43/349 358/42/358
f 228/939/228 242/938/242 227/924/227
f 242/935/242 228/936/228 229/931/229
f 263/942/263 261/946/261 255/940/255
f 223/934/223 224/928/224 238/927/238
f 60/531/60 59/532/59 53/530/53
f 53/530/53 54/533/54 60/531/60
f 57/534/57 58/535/58 52/536/52
f 52/536/52 51/529/51 57/534/57
f 56/537/56 60/531/60 54/533/54
f 54/533/54 50/538/50 56/537/56
f 58/535/58 56/537/56 50/538/50
f 50/538/50 52/536/52 58/535/58
f 59/532/59 55/539/55 49/528/49
f 49/528/49 53/530/53 59/532/59
f 55/539/55 57/534/57 51/529/51
f 51/529/51 49/528/49 55/539/55
f 54/533/54 53/530/53 47/516/47
f 47/516/47 48/527/48 54/533/54
f 51/529/51 52/536/52 46/524/46
f 46/524/46 45/520/45 51/529/51
f 50/538/50 54/533/54 48/527/48
f 48/527/48 44/525/44 50/538/50
f 52/536/52 50/538/50 44/525/44
f 44/525/44 46/524/46 52/536/52
f 85/593/85 101/594/101 84/595/84
f 223/943/223 279/944/279 251/945/251
f 100/608/100 99/607/99 83/597/83
f 83/597/83 84/609/84 100/608/100
f 99/607/99 98/610/98 82/598/82
f 82/598/82 83/597/83 99/607/99
f 98/610/98 97/599/97 81/600/81
f 81/600/81 82/598/82 98/610/98
f 85/593/85 78/601/78 86/602/86
f 279/932/279 238/927/238 229/931/229
f 255/940/255 257/941/257 263/942/263
f 384/815/384 392/814/392 434/792/434
f 295/1166/295 356/1158/356 294/1150/294
f 358/42/358 341/38/341 345/41/345
f 506/20/506 502/18/502 512/14/512
f 79/603/79 88/604/88 87/605/87
f 279/932/279 229/931/229 253/933/253
f 80/606/80 81/600/81 97/599/97
f 97/599/97 88/604/88 80/606/80
f 500/15/500 512/14/512 502/18/502
f 513/27/513 501/26/501 505/29/505
f 512/14/512 476/16/476 506/20/506
f 79/603/79 86/602/86 78/601/78
f 347/40/347 345/41/345 341/38/341
f 84/595/84 101/594/101 100/596/100
f 502/18/502 504/19/504 500/15/500
f 101/594/101 85/593/85 86/602/86
f 86/602/86 79/603/79 87/605/87
f 80/606/80 88/604/88 79/603/79
f 341/38/341 343/39/343 347/40/347
f 278/929/278 252/930/252 229/931/229
f 224/928/224 225/926/225 239/925/239
f 239/925/239 238/927/238 224/928/224
f 225/926/225 226/923/226 240/922/240
f 240/922/240 239/925/239 225/926/225
f 226/923/226 227/924/227 241/937/241
f 241/937/241 240/922/240 226/923/226
f 348/55/348 344/52/344 356/51/356
f 278/73/278 228/37/228 227/74/227
f 175/1046/175 177/1047/177 183/1048/183
f 183/1048/183 181/1049/181 175/1046/175
f 179/1050/179 175/1046/175 181/1049/181
f 181/1049/181 185/1051/185 179/1050/179
f 177/1047/177 176/1052/176 182/1053/182
f 182/1053/182 183/1048/183 177/1047/177
f 178/1054/178 179/1050/179 185/1051/185
f 185/1051/185 184/1055/184 178/1054/178
f 182/1053/182 180/1056/180 186/1057/186
f 186/1057/186 188/1058/188 182/1053/182
f 180/1056/180 184/1055/184 190/1059/190
f 190/1059/190 186/1057/186 180/1056/180
f 181/1049/181 183/1048/183 189/1060/189
f 189/1060/189 187/1061/187 181/1049/181
f 185/1051/185 181/1049/181 187/1061/187
f 187/1061/187 191/1062/191 185/1051/185
f 183/1048/183 182/1053/182 188/1058/188
f 188/1058/188 189/1060/189 183/1048/183
f 184/1055/184 185/1051/185 191/1062/191
f 191/1062/191 190/1059/190 184/1055/184
f 188/1058/188 186/1057/186 192/1063/192
f 192/1063/192 194/1064/194 188/1058/188
f 186/1057/186 190/1059/190 196/1065/196
f 196/1065/196 192/1063/192 186/1057/186
f 187/1061/187 189/1060/189 195/1066/195
f 195/1066/195 193/1067/193 187/1061/187
f 191/1062/191 187/1061/187 193/1067/193
f 190/1059/190 191/1062/191 197/1068/197
f 194/1064/194 195/1066/195 189/1060/189
f 189/1060/189 188/1058/188 194/1064/194
f 184/1055/184 180/1056/180 174/1069/174
f 174/1069/174 178/1054/178 184/1055/184
f 180/1056/180 182/1053/182 176/1052/176
f 176/1052/176 174/1069/174 180/1056/180
f 179/1050/179 178/1054/178 148/1070/148
f 148/1070/148 149/1071/149 179/1050/179
f 176/1052/176 177/1047/177 173/1072/173
f 173/1072/173 172/1073/172 176/1052/176
f 175/1046/175 179/1050/179 149/1071/149
f 149/1071/149 199/1074/199 175/1046/175
f 177/1047/177 175/1046/175 199/1074/199
f 199/27/199 173/26/173 177/29/177
f 197/1068/197 196/1065/196 190/1059/190
f 172/1073/172 198/1075/198 174/1069/174
f 174/1069/174 176/1052/176 172/1073/172
f 193/1067/193 197/1068/197 191/1062/191
f 198/1075/198 148/1070/148 178/1054/178
f 178/1054/178 174/1069/174 198/1075/198
f 340/1163/340 297/1147/297 314/1155/314
f 296/1172/296 299/1157/299 342/1156/342
f 296/1172/296 342/1156/342 343/1173/343
f 339/1164/339 313/1174/313 358/1175/358
f 291/1162/291 292/1168/292 309/1169/309
f 309/1169/309 308/1159/308 291/1162/291
f 292/1168/292 293/1170/293 310/1171/310
f 310/1171/310 309/1169/309 292/1168/292
f 530/117/530 538/114/538 583/107/583
f 552/120/552 557/109/557 537/108/537
f 553/113/553 582/102/582 552/104/552
f 537/108/537 536/105/536 552/120/552
f 534/93/534 551/118/551 550/121/550
f 293/1170/293 294/1150/294 311/1152/311
f 557/109/557 552/120/552 556/103/556
f 551/118/551 552/119/552 536/106/536
f 553/92/553 551/118/551 534/93/534
f 551/118/551 553/92/553 552/119/552
f 547/100/547 538/114/538 530/117/530
f 530/117/530 531/101/531 547/100/547
f 530/82/530 583/115/583 555/116/555
f 583/107/583 538/114/538 537/108/537
f 582/102/582 553/113/553 535/91/535
f 535/110/535 554/111/554 582/112/582
f 311/1152/311 310/1171/310 293/1170/293
f 583/107/583 537/108/537 557/109/557
f 258/947/258 254/948/254 278/949/278
f 278/949/278 250/950/250 258/947/258
f 582/102/582 556/103/556 552/104/552
f 531/101/531 532/99/532 548/98/548
f 548/98/548 547/100/547 531/101/531
f 532/99/532 533/96/533 549/95/549
f 549/95/549 548/98/548 532/99/532
f 533/96/533 534/97/534 550/94/550
f 550/94/550 549/95/549 533/96/533
f 273/951/273 277/952/277 271/953/271
f 535/91/535 553/92/553 534/93/534
f 435/793/435 408/794/408 391/816/391
f 451/795/451 433/796/433 452/797/452
f 391/816/391 390/798/390 437/799/437
f 388/800/388 406/801/406 405/802/405
f 452/797/452 407/803/407 408/794/408
f 408/794/408 435/793/435 452/797/452
f 406/801/406 436/804/436 393/805/393
f 450/806/450 406/801/406 388/800/388
f 406/801/406 450/806/450 436/804/436
f 402/807/402 392/791/392 384/790/384
f 384/790/384 385/808/385 402/807/402
f 384/6/384 434/36/434 383/12/383
f 434/792/434 392/814/392 391/816/391
f 433/796/433 451/795/451 389/809/389
f 356/51/356 357/54/357 348/55/348
f 437/799/437 435/793/435 391/816/391
f 434/792/434 391/816/391 408/794/408
f 390/798/390 393/805/393 436/804/436
f 390/798/390 436/804/436 437/799/437
f 433/796/433 407/803/407 452/797/452
f 385/808/385 386/810/386 403/811/403
f 403/811/403 402/807/402 385/808/385
f 386/810/386 387/812/387 404/813/404
f 404/813/404 403/811/403 386/810/386
f 441/817/441 440/818/440 444/819/444
f 387/812/387 388/800/388 405/802/405
f 405/802/405 404/813/404 387/812/387
f 450/806/450 389/809/389 451/795/451
f 389/809/389 450/806/450 388/800/388
f 316/1176/316 318/1177/318 324/1178/324
f 436/820/436 450/821/450 438/822/438
f 438/822/438 440/818/440 436/820/436
f 450/821/450 451/823/451 442/824/442
f 442/824/442 438/822/438 450/821/450
f 435/825/435 437/826/437 441/817/441
f 441/817/441 439/827/439 435/825/435
f 452/828/452 435/825/435 439/827/439
f 439/827/439 443/829/443 452/828/452
f 437/826/437 436/820/436 440/818/440
f 440/818/440 441/817/441 437/826/437
f 324/1178/324 322/1179/322 316/1176/316
f 451/823/451 452/828/452 443/829/443
f 443/829/443 442/824/442 451/823/451
f 320/1180/320 316/1176/316 322/1179/322
f 440/818/440 438/822/438 444/819/444
f 322/1179/322 326/1181/326 320/1180/320
f 318/1177/318 317/1182/317 323/1183/323
f 323/1183/323 324/1178/324 318/1177/318
f 319/1184/319 320/1180/320 326/1181/326
f 326/1181/326 325/1185/325 319/1184/319
f 323/1183/323 321/1186/321 327/1187/327
f 444/819/444 438/822/438 449/830/449
f 327/1187/327 329/1188/329 323/1183/323
f 441/817/441 444/819/444 445/831/445
f 505/29/505 503/30/503 513/27/513
f 477/17/477 513/27/513 503/30/503
f 503/30/503 507/21/507 477/17/477
f 501/26/501 500/28/500 504/31/504
f 504/31/504 505/29/505 501/26/501
f 476/16/476 477/17/477 507/21/507
f 507/21/507 506/20/506 476/16/476
f 504/19/504 502/18/502 508/22/508
f 508/22/508 510/23/510 504/19/504
f 502/18/502 506/20/506 508/24/508
f 321/1186/321 325/1185/325 331/1189/331
f 511/25/511 508/24/508 506/20/506
f 506/20/506 507/21/507 511/25/511
f 510/34/510 509/32/509 505/29/505
f 505/29/505 504/31/504 510/34/510
f 509/33/509 511/25/511 507/21/507
f 507/21/507 503/30/503 509/33/509
f 439/827/439 445/831/445 446/832/446
f 503/30/503 505/29/505 509/32/509
f 438/822/438 442/824/442 449/830/449
f 331/1189/331 327/1187/327 321/1186/321
f 443/829/443 446/832/446 447/833/447
f 322/1179/322 324/1178/324 330/1190/330
f 448/834/448 443/829/443 447/833/447
f 442/824/442 443/829/443 448/834/448
f 330/1190/330 328/1191/328 322/1179/322
f 449/830/449 442/824/442 448/834/448
f 326/1181/326 322/1179/322 328/1191/328
f 328/1191/328 332/1192/332 326/1181/326
f 324/1178/324 323/1183/323 329/1188/329
f 439/827/439 441/817/441 445/831/445
f 329/1188/329 330/1190/330 324/1178/324
f 443/829/443 439/827/439 446/832/446
f 325/1185/325 326/1181/326 332/1192/332
f 332/1192/332 331/1189/331 325/1185/325
f 329/1188/329 327/1187/327 333/1193/333
f 333/1193/333 335/1194/335 329/1188/329
f 327/1187/327 331/1189/331 337/1195/337
f 337/1195/337 333/1193/333 327/1187/327
f 328/1191/328 330/1190/330 336/1196/336
f 336/1196/336 334/1197/334 328/1191/328
f 332/1192/332 328/1191/328 334/1197/334
f 331/1189/331 332/1192/332 338/1198/338
f 335/1194/335 336/1196/336 330/1190/330
f 330/1190/330 329/1188/329 335/1194/335
f 325/1185/325 321/1186/321 315/1199/315
f 315/1199/315 319/1184/319 325/1185/325
f 321/1186/321 323/1183/323 317/1182/317
f 317/1182/317 315/1199/315 321/1186/321
f 320/1180/320 319/1184/319 288/1200/288
f 288/1200/288 289/1201/289 320/1180/320
f 317/1182/317 318/1177/318 314/1202/314
f 314/1202/314 313/1203/313 317/1182/317
f 316/1176/316 320/1180/320 289/1201/289
f 289/1201/289 340/1204/340 316/1176/316
f 318/1177/318 316/1176/316 340/1204/340
f 340/1204/340 314/1202/314 318/1177/318
f 338/1198/338 337/1195/337 331/1189/331
f 313/1203/313 339/1205/339 315/1199/315
f 315/1199/315 317/1182/317 313/1203/313
f 334/1197/334 338/1198/338 332/1192/332
f 339/1205/339 288/1200/288 319/1184/319
f 319/1184/319 315/1199/315 339/1205/339
f 254/948/254 256/954/256 252/955/252
f 252/955/252 278/949/278 254/948/254
f 277/952/277 276/956/276 270/957/270
f 279/944/279 253/958/253 257/941/257
f 257/941/257 255/940/255 279/944/279
f 251/945/251 279/944/279 255/940/255
f 255/940/255 259/959/259 251/945/251
f 253/958/253 252/955/252 256/954/256
f 256/954/256 257/941/257 253/958/253
f 250/950/250 251/945/251 259/959/259
f 259/959/259 258/947/258 250/950/250
f 256/954/256 254/948/254 260/960/260
f 260/960/260 262/961/262 256/954/256
f 254/948/254 258/947/258 264/962/264
f 264/962/264 260/960/260 254/948/254
f 269/963/269 268/964/268 274/965/274
f 274/965/274 275/966/275 269/963/269
f 270/957/270 271/953/271 277/952/277
f 271/953/271 267/967/267 273/951/273
f 275/966/275 273/951/273 267/967/267
f 267/967/267 269/963/269 275/966/275
f 276/956/276 272/968/272 266/969/266
f 266/969/266 270/957/270 276/956/276
f 272/968/272 274/965/274 268/964/268
f 268/964/268 266/969/266 272/968/272
f 271/953/271 270/957/270 264/962/264
f 478/717/478 486/718/486 513/719/513
f 484/720/484 501/721/501 485/722/485
f 514/723/514 512/724/512 484/720/484
f 264/962/264 265/970/265 271/953/271
f 482/725/482 499/735/499 498/736/498
f 268/964/268 269/963/269 263/942/263
f 501/721/501 484/720/484 500/727/500
f 263/942/263 262/961/262 268/964/268
f 514/737/514 499/735/499 482/725/482
f 499/726/499 514/723/514 484/720/484
f 495/728/495 486/718/486 478/717/478
f 478/717/478 479/729/479 495/728/495
f 478/6/478 513/36/513 477/12/477
f 513/719/513 486/718/486 485/722/485
f 512/724/512 514/723/514 483/730/483
f 483/7/483 476/13/476 512/35/512
f 267/967/267 271/953/271 265/970/265
f 513/719/513 485/722/485 501/721/501
f 265/970/265 261/946/261 267/967/267
f 269/963/269 267/967/267 261/946/261
f 512/724/512 500/727/500 484/720/484
f 479/729/479 480/731/480 496/732/496
f 496/732/496 495/728/495 479/729/479
f 496/732/496 481/733/481 497/734/497
f 481/733/481 496/732/496 480/731/480
f 481/733/481 482/725/482 498/736/498
f 498/736/498 497/734/497 481/733/481
f 261/946/261 263/942/263 269/963/269
f 483/738/483 514/737/514 482/725/482
f 410/866/410 412/865/412 418/837/418
f 418/837/418 416/838/416 410/866/410
f 414/867/414 410/866/410 416/838/416
f 416/838/416 420/840/420 414/867/414
f 412/865/412 411/841/411 417/842/417
f 417/842/417 418/837/418 412/865/412
f 413/843/413 414/867/414 420/840/420
f 420/840/420 419/844/419 413/843/413
f 417/842/417 415/845/415 421/846/421
f 421/846/421 423/847/423 417/842/417
f 415/845/415 419/844/419 425/848/425
f 425/848/425 421/846/421 415/845/415
f 416/838/416 418/837/418 424/849/424
f 424/849/424 422/850/422 416/838/416
f 420/840/420 416/838/416 422/850/422
f 422/850/422 426/851/426 420/840/420
f 418/837/418 417/842/417 423/847/423
f 423/847/423 424/849/424 418/837/418
f 419/844/419 420/840/420 426/851/426
f 426/851/426 425/848/425 419/844/419
f 423/847/423 421/846/421 427/852/427
f 427/852/427 429/853/429 423/847/423
f 421/846/421 425/848/425 431/854/431
f 431/854/431 427/852/427 421/846/421
f 422/850/422 424/849/424 430/855/430
f 430/855/430 428/856/428 422/850/422
f 426/851/426 422/850/422 428/856/428
f 425/848/425 426/851/426 432/857/432
f 429/853/429 430/855/430 424/849/424
f 424/849/424 423/847/423 429/853/429
f 419/844/419 415/845/415 409/858/409
f 409/858/409 413/843/413 419/844/419
f 415/845/415 417/842/417 411/841/411
f 411/841/411 409/858/409 415/845/415
f 414/867/414 413/843/413 382/868/382
f 382/859/382 383/860/383 414/839/414
f 411/841/411 412/836/412 408/861/408
f 408/861/408 407/862/407 411/841/411
f 410/835/410 414/839/414 383/860/383
f 383/860/383 434/863/434 410/835/410
f 412/836/412 410/835/410 434/863/434
f 434/863/434 408/861/408 412/836/412
f 432/857/432 431/854/431 425/848/425
f 407/862/407 433/864/433 409/858/409
f 409/858/409 411/841/411 407/862/407
f 428/856/428 432/857/432 426/851/426
f 433/864/433 382/868/382 413/843/413
f 413/843/413 409/858/409 433/864/433
f 270/957/270 266/969/266 260/960/260
f 260/960/260 264/962/264 270/957/270
f 266/969/266 268/964/268 262/961/262
f 262/961/262 260/960/260 266/969/266
f 265/970/265 264/962/264 258/947/258
f 258/947/258 259/959/259 265/970/265
f 262/961/262 263/942/263 257/941/257
f 257/941/257 256/954/256 262/961/262
f 261/946/261 265/970/265 259/959/259
f 259/959/259 255/940/255 261/946/261
f 150/1045/150 158/1044/158 199/1039/199
f 156/1038/156 173/1041/173 157/1040/157
f 159/1027/159 198/1036/198 156/1038/156
f 154/1028/154 159/1027/159 171/1029/171
f 341/1149/341 314/1155/314 297/1147/297
f 173/1041/173 156/1038/156 172/1037/172
f 168/1034/168 158/1042/158 150/1043/150
f 150/1043/150 151/1035/151 168/1034/168
f 199/1039/199 158/1044/158 157/1040/157
f 198/1036/198 159/1027/159 155/1026/155
f 357/1165/357 339/1164/339 358/1175/358
f 199/1039/199 157/1040/157 173/1041/173
f 198/1036/198 172/1037/172 156/1038/156
f 151/1035/151 152/1033/152 169/1032/169
f 169/1032/169 168/1034/168 151/1035/151
f 152/1033/152 153/1031/153 170/1030/170
f 170/1030/170 169/1032/169 152/1033/152
f 153/1031/153 154/1028/154 171/1029/171
f 171/1029/171 170/1030/170 153/1031/153
f 290/1161/290 298/1160/298 340/1163/340
f 347/40/347 346/53/346 350/57/350
f 155/1026/155 159/1027/159 154/1028/154
f 344/52/344 346/53/346 342/50/342
f 342/50/342 356/51/356 344/52/344
f 704/1206/704 717/1207/717 716/1208/716
f 708/1209/708 707/1210/707 713/1211/713
f 702/1212/702 711/1213/711 710/1214/710
f 703/1215/703 702/1212/702 710/1214/710
f 708/1209/708 713/1211/713 712/1216/712
f 704/1206/704 703/1215/703 717/1207/717
f 709/1222/709 712/1216/712 711/1223/711
f 707/1210/707 706/1218/706 714/1219/714
f 705/1220/705 704/1206/704 716/1208/716
f 705/1220/705 716/1208/716 715/1221/715
f 706/1218/706 705/1220/705 715/1221/715
f 706/1218/706 715/1221/715 714/1219/714
f 707/1210/707 714/1219/714 713/1211/713
f 703/1215/703 710/1214/710 717/1207/717
f 702/1212/702 709/1217/709 711/1213/711
g fff08519_00113_00212692_e3
f 10/463/10 35/466/35 36/464/36
f 11/467/11 34/468/34 35/466/35
f 10/463/10 11/467/11 35/466/35
f 11/467/11 12/469/12 34/468/34
f 12/469/12 13/458/13 33/460/33
f 12/469/12 33/460/33 34/468/34
f 68/444/68 69/441/69 12/443/12
f 18/481/18 29/482/29 36/479/36
f 17/483/17 24/484/24 30/485/30
f 67/445/67 10/446/10 9/447/9
f 24/492/24 23/491/23 31/486/31
f 66/448/66 67/456/67 9/457/9
f 68/444/68 11/449/11 10/446/10
f 67/445/67 68/444/68 10/446/10
f 68/444/68 12/443/12 11/449/11
f 19/478/19 18/481/18 36/479/36
f 23/491/23 32/477/32 31/486/31
f 16/450/16 66/448/66 9/457/9
f 18/481/18 17/483/17 29/482/29
f 17/483/17 30/485/30 29/482/29
f 64/451/64 65/452/65 15/453/15
f 63/454/63 64/451/64 14/455/14
f 69/441/69 63/454/63 13/442/13
f 63/454/63 14/455/14 13/442/13
f 64/451/64 15/453/15 14/455/14
f 65/452/65 16/450/16 15/453/15
f 65/452/65 66/448/66 16/450/16
f 16/470/16 29/474/29 30/471/30
f 14/461/14 31/472/31 32/459/32
f 15/473/15 16/470/16 30/471/30
f 15/473/15 30/471/30 31/472/31
f 14/461/14 15/473/15 31/472/31
f 16/470/16 9/475/9 29/474/29
f 22/476/22 33/487/33 32/477/32
f 21/488/21 34/489/34 33/487/33
f 21/488/21 20/490/20 34/489/34
f 20/490/20 35/480/35 34/489/34
f 20/490/20 19/478/19 35/480/35
f 22/476/22 21/488/21 33/487/33
f 24/492/24 31/486/31 30/493/30
f 71/563/71 95/565/95 96/561/96
f 72/566/72 94/567/94 95/565/95
f 71/563/71 72/566/72 95/565/95
f 72/566/72 73/568/73 94/567/94
f 73/568/73 74/557/74 93/559/93
f 73/568/73 93/559/93 94/567/94
f 107/543/107 108/540/108 73/542/73
f 79/581/79 89/582/89 96/576/96
f 78/583/78 85/584/85 90/585/90
f 106/544/106 71/545/71 70/546/70
f 85/591/85 84/578/84 91/586/91
f 105/547/105 106/544/106 70/546/70
f 107/543/107 72/548/72 71/545/71
f 106/544/106 107/543/107 71/545/71
f 107/543/107 73/542/73 72/548/72
f 80/575/80 79/581/79 96/576/96
f 84/578/84 92/580/92 91/586/91
f 77/549/77 105/547/105 70/546/70
f 79/581/79 78/583/78 89/582/89
f 78/583/78 90/585/90 89/582/89
f 103/550/103 104/551/104 76/552/76
f 102/553/102 103/550/103 75/554/75
f 108/540/108 102/553/102 74/541/74
f 102/553/102 75/554/75 74/541/74
f 103/550/103 76/552/76 75/554/75
f 104/551/104 77/555/77 76/552/76
f 104/551/104 105/556/105 77/555/77
f 77/569/77 89/562/89 90/570/90
f 75/564/75 91/571/91 92/558/92
f 76/572/76 77/569/77 90/570/90
f 76/574/76 90/573/90 91/571/91
f 75/564/75 76/574/76 91/571/91
f 77/569/77 70/560/70 89/562/89
f 83/579/83 93/587/93 92/580/92
f 82/588/82 94/589/94 93/587/93
f 82/588/82 81/590/81 94/589/94
f 81/590/81 95/577/95 94/589/94
f 81/590/81 80/575/80 95/577/95
f 83/579/83 82/588/82 93/587/93
f 85/591/85 91/586/91 90/592/90
f 110/634/110 129/636/129 130/632/130
f 111/637/111 128/638/128 129/636/129
f 110/634/110 111/637/111 129/636/129
f 111/637/111 112/639/112 128/638/128
f 112/639/112 113/628/113 127/630/127
f 112/639/112 127/630/127 128/638/128
f 136/614/136 137/611/137 112/613/112
f 139/651/139 123/652/123 130/647/130
f 138/662/138 122/661/122 124/654/124
f 135/615/135 110/616/110 109/617/109
f 122/661/122 121/660/121 125/655/125
f 134/618/134 135/615/135 109/617/109
f 136/614/136 111/619/111 110/616/110
f 135/615/135 136/614/136 110/616/110
f 136/614/136 112/613/112 111/619/111
f 117/646/117 139/651/139 130/647/130
f 121/660/121 126/650/126 125/655/125
f 116/620/116 134/618/134 109/617/109
f 139/651/139 138/653/138 123/652/123
f 138/662/138 124/654/124 123/663/123
f 132/621/132 133/622/133 115/623/115
f 131/624/131 132/621/132 114/625/114
f 137/611/137 131/624/131 113/612/113
f 131/624/131 114/625/114 113/612/113
f 132/621/132 115/623/115 114/625/114
f 133/622/133 116/626/116 115/623/115
f 133/622/133 134/627/134 116/626/116
f 116/640/116 123/633/123 124/641/124
f 114/635/114 125/642/125 126/629/126
f 115/643/115 116/644/116 124/645/124
f 115/643/115 124/645/124 125/642/125
f 114/635/114 115/643/115 125/642/125
f 116/640/116 109/631/109 123/633/123
f 120/649/120 127/656/127 126/650/126
f 119/657/119 128/658/128 127/656/127
f 119/657/119 118/659/118 128/658/128
f 118/659/118 129/648/129 128/658/128
f 118/659/118 117/646/117 129/648/129
f 120/649/120 119/657/119 127/656/127
f 122/661/122 125/655/125 124/654/124
f 141/993/141 166/1004/166 167/994/167
f 142/997/142 165/998/165 166/996/166
f 141/993/141 142/1005/142 166/1004/166
f 142/997/142 143/999/143 165/998/165
f 143/999/143 144/988/144 164/990/164
f 143/999/143 164/990/164 165/998/165
f 205/974/205 206/985/206 143/986/143
f 720/431/720 721/432/721 701/430/701
f 720/423/720 701/430/701 700/424/700
f 204/975/204 141/976/141 140/977/140
f 719/422/719 700/424/700 699/426/699
f 203/978/203 204/975/204 140/977/140
f 205/974/205 142/987/142 141/976/141
f 204/975/204 205/974/205 141/976/141
f 205/974/205 143/986/143 142/987/142
f 718/425/718 699/426/699 698/429/698
f 724/427/724 718/425/718 698/428/698
f 147/979/147 203/978/203 140/977/140
f 718/425/718 719/422/719 699/426/699
f 719/422/719 720/423/720 700/424/700
f 201/980/201 202/981/202 146/982/146
f 200/983/200 201/980/201 145/984/145
f 206/971/206 200/983/200 144/972/144
f 200/983/200 145/984/145 144/972/144
f 201/980/201 146/982/146 145/984/145
f 202/981/202 147/979/147 146/982/146
f 202/981/202 203/978/203 147/979/147
f 147/1000/147 160/995/160 161/1001/161
f 145/991/145 162/1002/162 163/989/163
f 146/1003/146 147/1000/147 161/1001/161
f 146/1003/146 161/1001/161 162/1002/162
f 145/991/145 146/1003/146 162/1002/162
f 147/1000/147 140/992/140 160/995/160
f 149/1011/149 160/1017/160 167/1015/167
f 150/1009/150 167/1015/167 166/1024/166
f 701/421/701 721/417/721 694/416/694
f 154/1012/154 153/1013/153 163/1014/163
f 150/1009/150 199/1010/199 149/1011/149
f 723/411/723 697/413/697 696/419/696
f 722/414/722 723/420/723 695/415/695
f 216/892/216 236/894/236 237/890/237
f 217/895/217 235/896/235 236/894/236
f 216/892/216 217/895/217 236/894/236
f 217/895/217 218/897/218 235/896/235
f 218/897/218 219/886/219 234/888/234
f 218/897/218 234/888/234 235/896/235
f 248/872/248 249/869/249 218/871/218
f 251/909/251 230/910/230 237/905/237
f 250/911/250 278/912/278 231/913/231
f 247/873/247 216/874/216 215/875/215
f 278/920/278 227/919/227 232/914/232
f 246/876/246 247/873/247 215/875/215
f 248/872/248 217/877/217 216/874/216
f 247/873/247 248/872/248 216/874/216
f 248/872/248 218/871/218 217/877/217
f 223/904/223 251/909/251 237/905/237
f 227/919/227 233/908/233 232/914/232
f 222/878/222 246/876/246 215/875/215
f 251/909/251 250/911/250 230/910/230
f 250/911/250 231/913/231 230/910/230
f 244/879/244 245/880/245 221/883/221
f 243/881/243 244/879/244 220/882/220
f 249/869/249 243/881/243 219/870/219
f 243/881/243 220/882/220 219/870/219
f 244/879/244 221/883/221 220/882/220
f 245/880/245 222/884/222 221/883/221
f 245/880/245 246/885/246 222/884/222
f 222/898/222 230/891/230 231/899/231
f 220/893/220 232/900/232 233/887/233
f 221/901/221 222/902/222 231/903/231
f 221/901/221 231/903/231 232/900/232
f 220/893/220 221/901/221 232/900/232
f 222/898/222 215/889/215 230/891/230
f 226/907/226 234/915/234 233/908/233
f 225/916/225 235/917/235 234/915/234
f 225/916/225 224/918/224 235/917/235
f 224/918/224 236/906/236 235/917/235
f 224/918/224 223/904/223 236/906/236
f 226/907/226 225/916/225 234/915/234
f 278/920/278 232/914/232 231/921/231
f 281/1114/281 306/1117/306 307/1115/307
f 282/1118/282 305/1119/305 306/1117/306
f 281/1114/281 282/1118/282 306/1117/306
f 282/1118/282 283/1120/283 305/1119/305
f 283/1120/283 284/1109/284 304/1111/304
f 283/1120/283 304/1111/304 305/1119/305
f 364/1095/364 365/1092/365 283/1094/283
f 289/1133/289 300/1134/300 307/1131/307
f 288/1143/288 295/1136/295 301/1137/301
f 363/1096/363 281/1097/281 280/1098/280
f 295/1136/295 294/1127/294 302/1138/302
f 362/1099/362 363/1107/363 280/1108/280
f 364/1095/364 282/1100/282 281/1097/281
f 363/1096/363 364/1095/364 281/1097/281
f 364/1095/364 283/1094/283 282/1100/282
f 290/1130/290 289/1133/289 307/1131/307
f 294/1127/294 303/1129/303 302/1138/302
f 287/1101/287 362/1099/362 280/1108/280
f 289/1133/289 288/1135/288 300/1134/300
f 288/1143/288 301/1137/301 300/1144/300
f 360/1102/360 361/1103/361 286/1104/286
f 359/1105/359 360/1102/360 285/1106/285
f 365/1092/365 359/1105/359 284/1093/284
f 359/1105/359 285/1106/285 284/1093/284
f 360/1102/360 286/1104/286 285/1106/285
f 361/1103/361 287/1101/287 286/1104/286
f 361/1103/361 362/1099/362 287/1101/287
f 287/1121/287 300/1125/300 301/1122/301
f 285/1112/285 302/1123/302 303/1110/303
f 286/1124/286 287/1121/287 301/1122/301
f 286/1124/286 301/1122/301 302/1123/302
f 285/1112/285 286/1124/286 302/1123/302
f 287/1121/287 280/1126/280 300/1125/300
f 293/1128/293 304/1139/304 303/1129/303
f 292/1140/292 305/1141/305 304/1139/304
f 292/1140/292 291/1145/291 305/1141/305
f 291/1145/291 306/1146/306 305/1141/305
f 291/1142/291 290/1130/290 306/1132/306
f 293/1128/293 292/1140/292 304/1139/304
f 295/1136/295 302/1138/302 301/1137/301
f 375/761/375 400/772/400 401/762/401
f 376/765/376 399/766/399 400/764/400
f 375/761/375 376/773/376 400/772/400
f 376/765/376 377/767/377 399/766/399
f 377/767/377 378/756/378 398/758/398
f 377/767/377 398/758/398 399/766/399
f 458/742/458 459/753/459 377/754/377
f 383/780/383 394/781/394 401/778/401
f 382/13/382 389/7/389 395/782/395
f 457/743/457 375/744/375 374/745/374
f 389/7/389 388/774/388 396/783/396
f 381/746/381 457/743/457 374/745/374
f 458/742/458 376/755/376 375/744/375
f 457/743/457 458/742/458 375/744/375
f 458/742/458 377/754/377 376/755/376
f 384/788/384 383/780/383 401/778/401
f 388/774/388 397/776/397 396/783/396
f 381/746/381 456/747/456 457/743/457
f 383/780/383 382/13/382 394/781/394
f 382/13/382 395/782/395 394/781/394
f 454/748/454 455/749/455 380/750/380
f 453/751/453 454/748/454 379/752/379
f 459/739/459 453/751/453 378/740/378
f 453/751/453 379/752/379 378/740/378
f 454/748/454 380/750/380 379/752/379
f 455/749/455 381/746/381 380/750/380
f 455/749/455 456/747/456 381/746/381
f 381/768/381 394/763/394 395/769/395
f 379/759/379 396/770/396 397/757/397
f 380/771/380 381/768/381 395/769/395
f 380/771/380 395/769/395 396/770/396
f 379/759/379 380/771/380 396/770/396
f 381/768/381 374/760/374 394/763/394
f 387/775/387 398/784/398 397/776/397
f 386/785/386 399/786/399 398/784/398
f 386/785/386 385/787/385 399/786/399
f 385/787/385 400/779/400 399/786/399
f 385/787/385 384/777/384 400/779/400
f 387/775/387 386/785/386 398/784/398
f 389/7/389 396/783/396 395/782/395
f 469/687/469 493/689/493 494/685/494
f 470/690/470 492/691/492 493/689/493
f 469/687/469 470/690/470 493/689/493
f 470/690/470 471/692/471 492/691/492
f 471/692/471 472/681/472 491/683/491
f 471/692/471 491/683/491 492/691/492
f 470/667/470 521/664/521 471/666/471
f 477/704/477 487/705/487 494/700/494
f 476/706/476 483/707/483 488/708/488
f 519/668/519 469/669/469 468/670/468
f 483/715/483 482/714/482 489/709/489
f 518/671/518 519/668/519 468/670/468
f 520/672/520 470/667/470 469/669/469
f 519/668/519 520/672/520 469/669/469
f 520/672/520 521/664/521 470/667/470
f 478/699/478 477/704/477 494/700/494
f 482/714/482 490/703/490 489/709/489
f 475/673/475 518/671/518 468/670/468
f 477/704/477 476/706/476 487/705/487
f 476/706/476 488/708/488 487/705/487
f 516/674/516 517/675/517 474/678/474
f 515/665/515 516/674/516 473/676/473
f 471/666/471 515/665/515 472/677/472
f 515/665/515 473/676/473 472/677/472
f 516/674/516 474/678/474 473/676/473
f 517/675/517 475/679/475 474/678/474
f 517/675/517 518/680/518 475/679/475
f 475/693/475 487/686/487 488/694/488
f 473/688/473 489/697/489 490/682/490
f 474/696/474 475/693/475 488/694/488
f 474/696/474 488/694/488 489/695/489
f 473/688/473 474/698/474 489/697/489
f 475/693/475 468/684/468 487/686/487
f 481/702/481 491/710/491 490/703/490
f 480/711/480 492/712/492 491/710/491
f 480/711/480 479/713/479 492/712/492
f 479/713/479 493/701/493 492/712/492
f 479/713/479 478/699/478 493/701/493
f 481/702/481 480/711/480 491/710/491
f 483/715/483 489/709/489 488/716/488
f 523/157/523 545/158/545 546/159/546
f 524/160/524 544/161/544 545/158/545
f 523/157/523 524/160/524 545/158/545
f 524/160/524 525/162/525 544/161/544
f 525/162/525 526/163/526 543/164/543
f 525/162/525 543/164/543 544/161/544
f 389/7/389 382/13/382 433/35/433
f 555/165/555 539/166/539 546/167/546
f 554/168/554 535/169/535 540/170/540
f 155/1006/155 148/1007/148 198/1008/198
f 535/169/535 534/171/534 541/172/541
f 723/418/723 696/419/696 695/415/695
f 721/417/721 722/414/722 694/416/694
f 722/414/722 695/415/695 694/416/694
f 723/411/723 724/412/724 697/413/697
f 530/173/530 555/165/555 546/167/546
f 534/171/534 542/174/542 541/172/541
f 697/408/697 714/410/714 715/407/715
f 555/165/555 554/168/554 539/166/539
f 554/168/554 540/170/540 539/166/539
f 697/408/697 698/409/698 714/410/714
f 701/433/701 694/440/694 710/434/710
f 699/436/699 700/439/700 712/437/712
f 700/439/700 711/435/711 712/437/712
f 700/439/700 701/433/701 711/435/711
f 699/436/699 712/437/712 713/438/713
f 701/433/701 710/434/710 711/435/711
f 529/175/529 539/176/539 540/177/540
f 527/178/527 541/179/541 542/180/542
f 528/181/528 529/175/529 540/177/540
f 528/181/528 540/177/540 541/179/541
f 527/178/527 528/181/528 541/179/541
f 529/175/529 522/182/522 539/176/539
f 533/183/533 543/184/543 542/185/542
f 532/186/532 544/187/544 543/184/543
f 532/186/532 531/188/531 544/187/544
f 531/188/531 545/189/545 544/187/544
f 531/188/531 530/190/530 545/189/545
f 533/183/533 532/186/532 543/184/543
f 535/169/535 541/172/541 540/170/540
f 593/262/593 614/263/614 615/264/615
f 594/265/594 613/266/613 614/263/614
f 593/262/593 594/265/594 614/263/614
f 594/265/594 595/267/595 613/266/613
f 595/267/595 596/268/596 612/269/612
f 595/267/595 612/269/612 613/266/613
f 621/270/621 622/271/622 595/272/595
f 155/1006/155 162/1019/162 161/1018/161
f 153/1013/153 152/1021/152 164/1020/164
f 620/274/620 593/273/593 592/275/592
f 151/1025/151 150/1009/150 166/1024/166
f 619/276/619 620/274/620 592/275/592
f 621/270/621 594/191/594 593/273/593
f 620/274/620 621/270/621 593/273/593
f 621/270/621 595/272/595 594/191/594
f 602/296/602 601/295/601 615/297/615
f 151/1023/151 166/1016/166 165/1022/165
f 599/277/599 619/276/619 592/275/592
f 152/1021/152 151/1023/151 165/1022/165
f 152/1021/152 165/1022/165 164/1020/164
f 597/282/597 618/279/618 598/280/598
f 616/281/616 617/278/617 597/282/597
f 622/284/622 616/281/616 596/285/596
f 616/281/616 597/282/597 596/286/596
f 617/278/617 618/279/618 597/282/597
f 618/279/618 599/283/599 598/280/598
f 618/287/618 619/288/619 599/283/599
f 599/208/599 608/289/608 609/290/609
f 597/291/597 610/292/610 611/293/611
f 598/199/598 599/208/599 609/290/609
f 598/199/598 609/290/609 610/292/610
f 597/291/597 598/199/598 610/292/610
f 599/208/599 592/294/592 608/289/608
f 153/1013/153 164/1020/164 163/1014/163
f 148/1007/148 161/1018/161 160/1017/160
f 149/1011/149 148/1007/148 160/1017/160
f 154/1012/154 163/1014/163 162/1019/162
f 150/1009/150 149/1011/149 167/1015/167
f 155/1006/155 154/1012/154 162/1019/162
f 148/1007/148 155/1006/155 161/1018/161
f 656/348/656 677/349/677 678/350/678
f 657/351/657 676/352/676 677/349/677
f 656/348/656 657/351/657 677/349/677
f 657/351/657 658/353/658 676/352/676
f 658/353/658 659/354/659 675/355/675
f 658/353/658 675/355/675 676/352/676
f 686/356/686 687/357/687 658/358/658
f 664/387/664 671/389/671 678/391/678
f 663/388/663 670/386/670 672/331/672
f 685/360/685 656/359/656 655/361/655
f 670/386/670 669/319/669 673/317/673
f 684/362/684 685/360/685 655/361/655
f 686/356/686 657/302/657 656/359/656
f 685/360/685 686/356/686 656/359/656
f 686/356/686 658/358/658 657/302/657
f 665/390/665 664/387/664 678/391/678
f 669/319/669 674/392/674 673/317/673
f 662/363/662 684/362/684 655/361/655
f 664/387/664 663/388/663 671/389/671
f 663/388/663 672/331/672 671/389/671
f 682/364/682 683/365/683 661/366/661
f 681/367/681 682/364/682 660/368/660
f 687/370/687 681/367/681 659/371/659
f 681/367/681 660/368/660 659/372/659
f 682/364/682 661/366/661 660/368/660
f 683/365/683 662/369/662 661/366/661
f 683/373/683 684/374/684 662/369/662
f 662/325/662 671/375/671 672/376/672
f 660/377/660 673/378/673 674/379/674
f 661/310/661 662/325/662 672/376/672
f 661/310/661 672/376/672 673/378/673
f 660/377/660 661/310/661 673/378/673
f 662/325/662 655/380/655 671/375/671
f 668/381/668 675/382/675 674/383/674
f 667/300/667 676/314/676 675/382/675
f 667/300/667 666/301/666 676/314/676
f 666/301/666 677/384/677 676/314/676
f 666/301/666 665/385/665 677/384/677
f 668/381/668 667/300/667 675/382/675
f 670/386/670 673/317/673 672/331/672
f 695/403/695 716/404/716 717/405/717
f 696/406/696 715/407/715 716/404/716
f 695/403/695 696/406/696 716/404/716
f 696/406/696 697/408/697 715/407/715
f 290/1130/290 340/1254/340 289/1133/289
