# fff07975_00013_0007eb5a
o fff07975_00013_0007eb5a
v 23.416349 -19.284288 1.437060
v 9.767690 -19.284288 -4.154559
v 9.767690 -19.284288 -2.847980
v 23.416336 -19.284273 0.130481
v 25.477377 -14.647521 4.658345
v 30.254337 -15.199825 8.304236
v 30.254332 -18.942753 8.304236
v 25.477369 -14.647521 4.098670
v 25.483746 -14.924917 4.098668
v 24.902584 -14.924917 4.098668
v 24.902584 -14.924917 5.519349
v 24.902586 -22.631351 4.098668
v 24.902586 -22.631351 5.519349
v 25.483746 -22.631342 4.098668
v 25.483746 -22.631342 4.604822
v 25.772932 -22.631350 5.519349
v 25.772932 -22.631346 4.604822
v 25.772932 -15.167942 5.519349
v 25.177505 -15.167942 5.519349
v 25.772934 -15.167942 4.604822
v 25.177507 -15.167942 4.604822
v 24.876093 -14.884008 5.667299
v 24.876093 -22.672262 5.667299
v 25.796276 -14.884005 5.667299
v 25.796276 -22.672260 5.667299
v 25.796276 -22.317171 5.667299
v 25.796276 -15.220184 5.667299
v 25.203999 -22.317171 5.667299
v 25.203999 -15.220186 5.667299
v 24.876093 -14.884008 5.493695
v 24.876093 -22.672262 5.493695
v 25.796276 -22.672256 5.493695
v 25.796276 -15.220186 5.493695
v 25.203999 -15.220186 5.493695
v 24.928551 -14.924917 4.098668
v 24.902586 -22.631351 5.387879
v 24.902584 -14.924917 5.387879
v 24.899511 -22.626162 4.255194
v 24.899511 -22.626162 4.429570
v 24.899511 -21.822001 4.255194
v 24.899511 -21.664536 4.429570
v 24.932669 -22.631351 5.519349
v 24.932661 -22.631346 5.387879
v 24.932669 -22.631351 4.098668
v 25.772917 -22.631336 5.387879
v 30.649118 -14.647522 4.098670
v 25.485573 -15.068398 4.098670
v 30.649118 -42.810440 4.098670
v 25.485573 -39.700558 4.098670
v 27.498741 -14.921516 8.304236
v 27.498726 -14.921516 8.810390
v 26.960520 -14.921516 8.304236
v 26.960505 -14.921516 8.810390
v 26.960520 -23.935696 8.304236
v 26.960505 -23.935696 8.810390
v 29.287287 -44.590984 -0.241009
v 29.287287 -43.232525 -0.241009
v 30.457872 -43.232525 -0.088643
v 29.287287 -44.590984 8.332890
v 38.638321 -44.586670 8.332890
v 29.287287 -43.232525 8.332890
v 30.457872 -43.232525 8.332890
v 29.287287 -44.535091 8.332890
v 29.287285 -44.535091 -0.241009
v 29.507874 -24.068703 0.104306
v 29.507874 -24.068703 0.341179
v 29.507874 -34.227894 0.104306
v 29.507874 -34.227894 0.341179
v 29.747982 -24.068703 0.104306
v 29.747982 -24.068703 0.341179
v 29.187496 -22.610611 0.116004
v 29.652843 -22.610611 0.116004
v 29.187496 -14.953771 0.116004
v 29.187496 -22.610611 11.176697
v 41.193260 -22.610611 11.176697
v 29.187496 -14.953771 11.176697
v 29.187496 -22.554718 11.176697
v 29.187494 -22.554718 0.116005
v 29.765411 -22.610611 8.352949
v 29.187496 -14.953771 8.352949
v 29.187496 -22.554718 8.352949
v 29.187496 -22.610611 8.352949
v 29.187496 -22.610611 7.441890
v 29.187496 -22.554718 7.441890
v 29.187496 -14.953771 7.441890
v 29.765411 -22.610611 7.441890
v 41.193260 -22.610611 8.711570
v 29.187496 -14.953771 8.331813
v 29.187496 -22.554718 8.331813
v 29.187496 -22.610611 8.711570
v 29.187496 -14.953771 4.581705
v 29.187494 -22.554718 4.581705
v 29.187496 -22.610611 4.581705
v 29.765411 -22.610611 4.581705
v 29.187496 -14.953771 2.991226
v 29.187494 -22.554718 2.991226
v 29.187496 -22.610611 2.991226
v 29.652843 -22.610611 2.991226
v 29.187496 -14.953771 4.100889
v 29.187494 -22.554718 4.100889
v 29.187496 -22.610611 4.100889
v 29.652843 -22.610611 4.100889
v 29.027504 -22.777575 11.132454
v 41.267345 -22.777575 11.132454
v 29.027504 -14.767709 11.132454
v 41.267345 -14.767709 11.132454
v 29.027504 -22.777575 11.343021
v 41.267345 -22.777575 11.343021
v 29.027504 -14.767709 11.343021
v 29.187496 -14.953771 10.903730
v 29.187496 -22.554718 10.903730
v 29.187496 -22.610611 10.903730
v 41.193260 -22.610611 10.903730
v 29.187483 -21.666977 7.197135
v 29.187483 -21.666977 5.944667
v 29.187483 -19.354929 5.944667
v 29.187483 -19.354929 7.197135
v 29.187471 -18.168312 7.197135
v 29.187479 -15.856264 7.197135
v 29.187479 -15.856264 5.944667
v 29.187471 -18.168312 5.944667
v 29.187479 -21.666977 2.725036
v 29.187479 -21.666977 1.472568
v 29.187479 -19.354929 1.472568
v 29.187479 -19.354929 2.725036
v 29.187468 -18.168312 1.472568
v 29.187468 -18.168312 2.725036
v 29.187479 -15.856264 1.472568
v 29.187479 -15.856264 2.725036
v 29.203920 -21.666975 2.725036
v 29.203920 -21.666975 1.472568
v 29.203920 -19.354927 1.472568
v 29.203920 -19.354927 2.725036
v 29.203909 -18.168310 1.472568
v 29.203909 -18.168310 2.725036
v 29.203920 -15.856262 1.472568
v 29.203920 -15.856262 2.725036
v 29.389311 -21.666975 2.725036
v 29.389311 -21.666975 1.472568
v 29.389311 -19.354927 1.472568
v 29.389311 -19.354927 2.725036
v 29.389299 -18.168310 1.472568
v 29.389299 -18.168310 2.725036
v 29.389311 -15.856262 1.472568
v 29.389311 -15.856262 2.725036
v 31.891010 -22.054703 9.790319
v 40.186646 -22.054703 9.790319
v 31.891010 -19.427984 9.790319
v 31.891010 -22.054703 12.739231
v 40.186646 -22.054703 12.739231
v 31.891010 -19.427984 12.739231
v 31.588161 -22.126202 12.727623
v 40.494141 -22.126221 12.727627
v 31.588161 -19.327444 12.727623
v 40.494141 -19.327444 12.727627
v 31.588161 -22.126202 13.048473
v 40.493896 -22.126221 13.048473
v 31.588161 -19.327444 13.048473
v 31.891010 -21.981495 12.739231
v 31.891014 -21.981495 9.790319
v 31.891010 -22.054703 12.352548
v 31.891010 -21.981495 12.352548
v 31.891010 -19.427984 12.352548
v 40.186646 -22.054703 12.352548
v 32.374668 -20.901852 13.070357
v 33.864704 -20.901852 13.070357
v 32.374668 -19.957039 13.070357
v 32.374668 -20.901852 13.867857
v 33.864704 -20.901852 13.867857
v 32.374668 -19.957039 13.867857
v 35.756737 -20.901852 13.070357
v 37.246777 -20.901852 13.070357
v 35.756737 -19.957039 13.070357
v 35.756737 -20.901852 13.867857
v 37.246777 -20.901852 13.867857
v 35.756737 -19.957039 13.867857
v 29.245977 -14.953771 4.581705
v 29.050594 -14.767709 11.132454
v 27.498718 -23.935684 8.304236
v 27.498718 -23.935684 8.810390
v 27.498718 -47.172283 8.304236
v 27.498718 -47.172283 8.810390
v 40.320797 -47.172279 8.304237
v 40.320805 -18.942753 8.304237
v 40.319321 -47.172276 8.810390
v 29.287287 -44.590984 8.846692
v 38.638321 -44.590984 8.846692
v 29.287287 -43.232525 8.846692
v 38.600693 -43.232525 8.846692
v 29.287287 -44.590984 10.179214
v 38.638321 -44.590984 10.179214
v 29.287287 -43.232525 10.179214
v 38.600693 -43.232525 10.179214
v 29.287287 -44.535091 10.179214
v 29.287285 -44.535091 8.846692
v 29.287287 -44.590984 6.843683
v 29.287287 -44.535091 6.843683
v 29.287287 -43.232525 6.843683
v 30.457872 -43.232525 6.843683
v 38.638321 -44.586670 6.843683
v 29.475172 -27.816526 0.259460
v 29.475172 -27.816526 3.428114
v 29.475172 -33.114182 0.259460
v 29.475172 -33.114182 2.725036
v 29.475172 -31.698126 2.725036
v 29.475172 -31.698126 0.259460
v 29.499041 -33.114182 0.259460
v 29.499041 -33.114182 2.725036
v 29.499041 -31.698126 2.725036
v 29.499041 -31.698126 0.259460
v 29.803946 -33.114182 0.259460
v 29.803946 -33.114182 2.725036
v 29.803946 -31.698126 2.725036
v 29.803946 -31.698126 0.259460
v 29.475172 -30.764128 2.725036
v 29.475172 -28.452078 2.725036
v 29.475172 -30.764128 1.472568
v 29.475172 -28.452078 1.472568
v 29.495363 -30.764128 2.725036
v 29.495363 -28.452078 2.725036
v 29.495363 -30.764128 1.472568
v 29.495363 -28.452078 1.472568
v 29.742975 -30.764128 2.725036
v 29.742975 -28.452078 2.725036
v 29.742975 -30.764128 1.472568
v 29.742975 -28.452078 1.472568
v 29.475172 -27.816526 4.376173
v 29.472553 -43.358093 4.403063
v 29.475172 -27.816526 4.731559
v 29.469936 -43.356186 4.731564
v 29.475172 -43.359997 7.431409
v 29.475172 -33.114182 4.731559
v 29.475172 -33.114182 7.197135
v 29.475172 -31.698126 7.197135
v 29.475172 -31.698126 4.731559
v 29.499041 -33.114182 4.731559
v 29.499041 -33.114182 7.197135
v 29.499041 -31.698126 7.197135
v 29.499041 -31.698126 4.731559
v 29.803946 -33.114182 4.731559
v 29.803946 -33.114182 7.197135
v 29.803946 -31.698126 7.197135
v 29.803946 -31.698126 4.731559
v 29.475172 -30.764128 7.197135
v 29.475172 -28.452078 7.197135
v 29.475172 -30.764128 5.944667
v 29.475172 -28.452078 5.944667
v 29.495363 -30.764128 7.197135
v 29.495363 -28.452078 7.197135
v 29.495363 -30.764128 5.944667
v 29.495363 -28.452078 5.944667
v 29.742975 -30.764128 7.197135
v 29.742975 -28.452078 7.197135
v 29.742975 -30.764128 5.944667
v 29.742975 -28.452078 5.944667
v 29.475172 -27.816526 8.471987
v 29.475172 -43.359997 8.471987
v 29.475149 -22.594595 3.428114
v 29.475172 -22.594625 2.725036
v 29.475172 -24.010687 2.725036
v 29.475172 -24.010687 0.259460
v 29.499041 -24.010687 2.725036
v 29.499041 -24.010687 0.259460
v 29.803946 -24.010687 2.725036
v 29.803946 -24.010687 0.259460
v 29.475172 -24.944685 2.725036
v 29.475172 -27.256735 2.725036
v 29.475172 -24.944685 1.472568
v 29.475172 -27.256735 1.472568
v 29.495363 -24.944685 2.725036
v 29.495363 -27.256735 2.725036
v 29.495363 -24.944685 1.472568
v 29.495363 -27.256735 1.472568
v 29.742975 -24.944685 2.725036
v 29.742975 -27.256735 2.725036
v 29.742975 -24.944685 1.472568
v 29.742975 -27.256735 1.472568
v 29.475157 -22.594610 4.376173
v 29.475157 -22.594610 7.431409
v 29.475172 -27.816526 7.431409
v 29.475172 -22.594625 7.197135
v 29.475172 -24.010687 7.197135
v 29.475172 -24.010687 4.731559
v 29.499041 -24.010687 7.197135
v 29.499041 -24.010687 4.731559
v 29.803946 -24.010687 7.197135
v 29.803946 -24.010687 4.731559
v 29.475172 -24.944685 7.197135
v 29.475172 -27.256735 7.197135
v 29.475172 -24.944685 5.944667
v 29.475172 -27.256735 5.944667
v 29.495363 -24.944685 7.197135
v 29.495363 -27.256735 7.197135
v 29.495363 -24.944685 5.944667
v 29.495363 -27.256735 5.944667
v 29.742975 -24.944685 7.197135
v 29.742975 -27.256735 7.197135
v 29.742975 -24.944685 5.944667
v 29.742975 -27.256735 5.944667
v 29.475157 -22.594610 8.471987
v 29.507874 -24.068703 4.626677
v 29.507874 -24.068703 4.863549
v 29.507874 -31.657444 4.626677
v 29.507874 -31.657444 4.863549
v 29.747982 -24.068703 4.626677
v 29.747982 -24.068703 4.863549
v 29.830360 -31.657444 4.626677
v 29.830360 -31.657444 4.863549
v 29.507874 -33.155499 4.626677
v 29.507874 -33.155499 4.863549
v 29.507874 -34.221085 4.626677
v 29.507874 -34.221085 4.863549
v 29.747982 -33.155499 4.626677
v 29.747982 -33.155499 4.863549
v 29.349291 -43.232525 10.179214
v 29.349291 -43.232525 8.846691
v 29.349291 -43.232525 8.332890
v 29.349291 -43.232525 6.843683
v 29.349291 -43.232525 -0.088643
v 29.475172 -43.359985 3.428114
v 29.475172 -43.359985 0.259460
v 25.443827 -22.609636 5.391827
v 25.443827 -30.172707 5.391827
v 25.407768 -22.609636 5.427886
v 25.407768 -30.172707 5.427886
v 25.443827 -22.609636 5.463946
v 25.443827 -30.172707 5.463946
v 25.443827 -22.609636 5.068787
v 25.443827 -30.172707 5.068787
v 25.407768 -22.609636 5.104846
v 25.407768 -30.172707 5.104846
v 25.443827 -22.609636 5.140907
v 25.443827 -30.172707 5.140907
v 25.443827 -22.609636 4.751001
v 25.443827 -30.172707 4.751001
v 25.407768 -22.609636 4.787061
v 25.407768 -30.172707 4.787061
v 25.443827 -22.609636 4.823121
v 25.443827 -30.172707 4.823121
v 25.443829 -26.449526 5.429584
v 25.443829 -26.449526 4.314593
v 25.407768 -26.485584 5.429584
v 25.407768 -26.485584 4.314593
v 25.443829 -26.521645 5.429584
v 25.443829 -26.521645 4.314593
v 25.443829 -22.946594 5.429584
v 25.443829 -22.946592 4.314593
v 25.407768 -22.982653 5.429584
v 25.407768 -22.982653 4.314593
v 25.443829 -23.018713 5.429584
v 25.443829 -23.018713 4.314593
v 23.403885 -15.687456 1.699112
v 24.877920 -40.057373 5.667301
v 25.205826 -39.971069 5.667301
v 23.403893 -16.027906 1.699112
v 24.877920 -40.057373 5.493697
v 25.564953 -16.027906 0.323524
v 23.403893 -16.027906 1.525508
v 24.904413 -40.057373 4.098670
v 24.904413 -40.057373 5.387881
v 24.904413 -40.057373 5.519266
v 24.904406 -30.098454 5.519279
v 24.904421 -30.098452 4.098670
v 25.485580 -30.098461 4.098670
v 25.485580 -30.098461 4.604824
v 25.774769 -30.098452 5.519351
v 25.774769 -30.098455 4.604824
v 24.877928 -30.057541 5.667301
v 25.798111 -30.057543 5.667301
v 25.798111 -30.412632 5.667301
v 25.205833 -30.412632 5.667301
v 24.877928 -30.057541 5.493697
v 25.798111 -30.057547 5.493697
v 25.798111 -30.412636 5.493697
v 24.904421 -30.098452 5.387881
v 25.774761 -30.098455 5.387881
v 24.904421 -30.109730 5.387881
v 24.904406 -30.109730 5.519279
v 24.904421 -30.109730 4.098670
v 29.475168 -33.580441 3.428114
v 29.475172 -34.247349 0.259460
v 29.475172 -34.247349 2.725036
v 29.475172 -35.663410 2.725036
v 29.475172 -35.663410 0.259460
v 29.499041 -34.247349 0.259460
v 29.499041 -34.247349 2.725036
v 29.499041 -35.663410 2.725036
v 29.499041 -35.663410 0.259460
v 29.803946 -34.247349 0.259460
v 29.803946 -34.247349 2.725036
v 29.803946 -35.663410 2.725036
v 29.803946 -35.663410 0.259460
v 29.475172 -36.597401 2.725036
v 29.475172 -38.909458 2.725036
v 29.475172 -36.597401 1.472568
v 29.475172 -38.909458 1.472568
v 29.495363 -36.597401 2.725036
v 29.495363 -38.909458 2.725036
v 29.495363 -36.597401 1.472568
v 29.495363 -38.909458 1.472568
v 29.742975 -36.597401 2.725036
v 29.742975 -38.909458 2.725036
v 29.742975 -36.597401 1.472568
v 29.742975 -38.909458 1.472568
v 29.475172 -33.580441 4.376173
v 29.475168 -33.580441 4.731559
v 29.475161 -33.580441 7.431409
v 29.475172 -34.247349 4.731559
v 29.475172 -34.247349 7.197135
v 29.475172 -35.663410 7.197135
v 29.475172 -35.663410 4.731559
v 29.499041 -34.247349 4.731559
v 29.499041 -34.247349 7.197135
v 29.499041 -35.663410 7.197135
v 29.499041 -35.663410 4.731559
v 29.803946 -34.247349 4.731559
v 29.803946 -34.247349 7.197135
v 29.803946 -35.663410 7.197135
v 29.803946 -35.663410 4.731559
v 29.475172 -36.597401 7.197135
v 29.475172 -38.909458 7.197135
v 29.475172 -36.597401 5.944667
v 29.475172 -38.909458 5.944667
v 29.495363 -36.597401 7.197135
v 29.495363 -38.909458 7.197135
v 29.495363 -36.597401 5.944667
v 29.495363 -38.909458 5.944667
v 29.742975 -36.597401 7.197135
v 29.742975 -38.909458 7.197135
v 29.742975 -36.597401 5.944667
v 29.742975 -38.909458 5.944667
v 29.475161 -33.580441 8.471987
v 29.820324 -34.227894 0.104306
v 29.820324 -34.227894 0.341179
v 29.507874 -43.266453 0.104306
v 29.507874 -43.266453 0.341179
v 29.507874 -35.691513 0.104306
v 29.507874 -35.691513 0.341179
v 29.820324 -35.691513 0.104306
v 29.820324 -35.691513 0.341179
v 23.403893 -19.010183 1.699112
v 25.475588 -19.010187 1.699112
v 25.475588 -19.338091 1.699112
v 23.403893 -19.338091 1.699112
v 25.475588 -19.338091 0.323524
v 23.403893 -19.338091 1.525508
v 25.443829 -29.665768 5.429584
v 25.443829 -29.665768 4.314593
v 25.479889 -29.701826 5.429584
v 25.479889 -29.701826 4.314593
v 25.407768 -29.701826 5.429584
v 25.407768 -29.701826 4.314593
v 25.443829 -29.737886 5.429584
v 25.443829 -29.737886 4.314593
v 29.603951 -34.221085 4.626677
v 29.603951 -34.221085 4.863549
v 29.507874 -35.682926 4.626677
v 29.507874 -35.682926 4.863549
v 29.507874 -43.088696 4.626677
v 29.507874 -43.088696 4.863549
v 29.747982 -35.682926 4.626677
v 29.747982 -35.682926 4.863549
v 29.765411 -22.610611 4.945642
v 29.187496 -22.610611 4.951858
v 29.187496 -22.554718 4.952392
v 29.187498 -14.953771 5.025058
v 29.246042 -14.953771 5.024427
v 23.416349 -19.284288 1.551544
v 9.767690 -19.284288 -2.733495
v 25.475588 -19.284296 1.437060
v 25.475588 -19.284281 0.130481
v 25.475588 -19.284296 1.551544
v 9.668609 -19.010183 -2.604219
v 9.668609 -19.338091 -2.604219
v 9.668609 -19.338091 -2.777823
v 23.416349 -15.972635 1.437060
v 9.767690 -15.972635 -4.154559
v 9.767690 -15.972635 -2.847980
v 23.416342 -15.972628 0.472597
v 23.403885 -15.687456 1.699112
v 23.416349 -15.972635 1.551544
v 9.767690 -15.972635 -2.733495
v 9.668609 -15.687456 -2.604219
v 9.668609 -16.027906 -2.604219
v 9.668609 -16.027906 -2.777823
v 25.519312 -15.972635 1.437060
v 25.519304 -15.972628 0.472597
v 25.519312 -15.972635 1.551544
v 16.108896 -19.284281 -4.231271
v 16.096272 -19.284288 -2.073470
v 25.772926 -15.167938 5.255091
v 25.177498 -15.167938 5.255091
v 25.687769 -14.647521 4.658345
v 25.493820 -14.647521 4.658345
v 25.474323 -26.474739 4.098956
v 25.474323 -26.474739 4.240862
v 25.474325 -22.741257 4.098956
v 25.474325 -22.741257 4.240862
v 24.899511 -35.824425 4.098954
v 24.899511 -35.824425 4.240860
v 24.899511 -32.916172 4.098954
v 24.899511 -32.916172 4.240860
v 24.899511 -36.088463 5.508004
v 24.899511 -36.088463 5.361747
v 24.899511 -30.174328 5.508004
v 24.899511 -30.174332 5.361747
v 25.477369 -30.150993 4.098670
v 25.477367 -30.150993 4.658345
v 25.500517 -30.150993 4.658345
v 25.687769 -30.150993 4.658345
v 25.224398 -15.076754 3.787413
v 25.224398 -15.237032 3.787413
v 25.384678 -15.237032 3.787413
v 25.224398 -15.076754 4.125010
v 25.224398 -15.237032 4.125010
v 25.384678 -15.237032 4.125010
v 25.224398 -15.076754 0.509299
v 25.384678 -15.237032 0.509299
v 25.224398 -15.237032 0.509299
v 25.224398 -22.302652 3.787413
v 25.224398 -22.462931 3.787413
v 25.384678 -22.302652 3.787413
v 25.384678 -22.462931 3.787413
v 25.224398 -22.302652 4.125010
v 25.224398 -22.462931 4.125010
v 25.384678 -22.302652 4.125010
v 25.384678 -22.462931 4.125010
v 25.224398 -22.302652 0.509299
v 25.384678 -22.302652 0.509299
v 25.384678 -22.462931 0.509299
v 25.224398 -22.462931 0.509299
v 25.224398 -30.367186 3.787413
v 25.224398 -30.527464 3.787413
v 25.384678 -30.367186 3.787413
v 25.384678 -30.527464 3.787413
v 25.224398 -30.367186 4.125010
v 25.224398 -30.527464 4.125010
v 25.384678 -30.367186 4.125010
v 25.384678 -30.527464 4.125010
v 25.224398 -30.367186 0.509299
v 25.384678 -30.367186 0.509299
v 25.384678 -30.527464 0.509299
v 25.224398 -30.527464 0.509299
v 25.224396 -39.842762 3.787413
v 25.224396 -40.003040 3.787413
v 25.384678 -39.842762 3.787413
v 25.384678 -40.003040 3.787413
v 25.224396 -39.842762 4.125010
v 25.224396 -40.003040 4.125010
v 25.384678 -39.842762 4.125010
v 25.384678 -40.003040 4.125010
v 25.224396 -39.842762 0.509299
v 25.384678 -39.842762 0.509299
v 25.384678 -40.003040 0.509299
v 25.224396 -40.003040 0.509299
v 9.177232 -19.050055 -4.154559
v 9.177232 -19.050055 -2.847980
v 9.177232 -19.284288 -4.154559
v 9.177232 -19.284288 -2.847980
v 9.177232 -19.050055 -2.733495
v 9.177232 -19.284288 -2.733495
v 9.110567 -19.010183 -2.604219
v 9.110567 -19.338091 -2.604219
v 9.110567 -19.010183 -2.777823
v 9.110567 -19.338091 -2.777823
v 9.177232 -15.725019 -4.154559
v 9.177232 -15.725019 -2.847980
v 9.177232 -15.972635 -4.154559
v 9.177232 -15.972635 -2.847980
v 9.177232 -15.725019 -2.733495
v 9.177232 -15.972635 -2.733495
v 9.110567 -15.687456 -2.604219
v 9.110567 -16.027906 -2.604219
v 9.110567 -15.687456 -2.777823
v 9.110567 -16.027906 -2.777823
v 9.177232 -19.269457 -2.733495
v 9.177232 -19.269457 -2.847980
v 9.177232 -19.269457 -4.154559
v 9.190890 -19.036673 -2.733495
v 9.190890 -19.036673 -2.847980
v 9.190890 -19.036676 -4.154559
v 9.177232 -15.960783 -2.733495
v 9.177232 -15.960039 -2.847980
v 9.177232 -15.947691 -4.154559
v 9.177232 -15.738623 -2.733495
v 9.177232 -15.738623 -2.847980
v 9.177232 -15.738623 -4.154559
v 29.475172 -43.359997 5.633820
v 25.687769 -14.647521 4.579431
v 25.687769 -30.150993 4.579431
v 25.237055 -15.687456 1.699112
v 25.564960 -16.027906 1.699112
v 27.290470 -15.199825 8.304236
v 26.434561 -42.199581 5.667274
v 26.662344 -42.021725 5.667274
v 26.434561 -42.199581 5.493671
v 26.460928 -42.197506 4.098644
v 26.460928 -42.197506 5.387856
v 26.460928 -42.197506 5.519238
v 27.076405 -42.490475 5.667274
v 27.198475 -42.228634 5.667274
v 27.076405 -42.490475 5.493671
v 27.098866 -42.476681 4.098644
v 27.098866 -42.476681 5.387856
v 27.098866 -42.476681 5.519238
v 29.524902 -43.077297 5.667274
v 29.524902 -42.796955 5.667274
v 29.524902 -43.077297 5.493671
v 29.524902 -43.062527 4.098644
v 29.524902 -43.062527 5.387856
v 29.524902 -43.062527 5.519238
v 38.630669 -44.590984 -0.241009
v 38.630615 -43.214764 -0.241009
v 38.630615 -43.214764 8.332890
v 38.630615 -44.535091 8.332890
v 38.630615 -44.535091 -0.241009
v 38.630615 -44.535091 6.843683
v 38.630615 -43.214764 6.843683
v 40.320805 -14.470179 8.304237
v 40.321861 -14.470179 8.810390
v 40.320797 -47.172291 8.304237
v 40.321861 -47.172291 8.810390
v 40.194527 -19.428009 9.790319
v 40.194527 -19.428009 12.739231
v 40.494141 -22.126221 12.727627
v 40.494141 -19.327469 12.727627
v 40.493896 -22.126221 13.048473
v 40.493896 -19.327454 13.048473
v 40.194527 -21.981520 12.739231
v 40.194519 -21.981520 9.790319
v 40.194527 -21.981520 12.352548
v 40.194527 -19.428009 12.352548
v 29.395180 -37.152702 0.772432
v 29.395180 -38.478874 0.772432
v 29.395180 -37.152702 1.230537
v 29.395180 -38.478874 1.230537
v 29.392586 -37.270470 0.824568
v 29.392586 -38.362057 0.824568
v 29.392586 -37.270470 1.178400
v 29.392586 -38.362057 1.178400
v 29.395182 -29.018976 0.772432
v 29.395182 -30.345148 0.772432
v 29.395182 -29.018976 1.230537
v 29.395182 -30.345148 1.230537
v 29.392588 -29.136744 0.824568
v 29.392588 -30.228331 0.824568
v 29.392588 -29.136744 1.178400
v 29.392588 -30.228331 1.178400
v 29.395182 -25.494379 0.772432
v 29.395182 -26.820551 0.772432
v 29.395182 -25.494379 1.230537
v 29.395182 -26.820551 1.230537
v 29.392588 -25.612146 0.824568
v 29.392588 -26.703733 0.824568
v 29.392588 -25.612146 1.178400
v 29.392588 -26.703733 1.178400
v 29.395180 -37.152702 5.324883
v 29.395180 -38.478874 5.324883
v 29.395180 -37.152702 5.782990
v 29.395180 -38.478874 5.782990
v 29.392586 -37.270470 5.377020
v 29.392586 -38.362057 5.377020
v 29.392586 -37.270470 5.730852
v 29.392586 -38.362057 5.730852
v 29.395182 -29.018976 5.324883
v 29.395182 -30.345148 5.324883
v 29.395182 -29.018976 5.782990
v 29.395182 -30.345148 5.782990
v 29.392588 -29.136744 5.377020
v 29.392588 -30.228331 5.377020
v 29.392588 -29.136744 5.730852
v 29.392588 -30.228331 5.730852
v 29.395182 -25.494379 5.324883
v 29.395182 -26.820551 5.324883
v 29.395182 -25.494379 5.782990
v 29.395182 -26.820551 5.782990
v 29.392588 -25.612146 5.377020
v 29.392588 -26.703733 5.377020
v 29.392588 -25.612146 5.730852
v 29.392588 -26.703733 5.730852
v 29.275391 -15.841463 1.457211
v 29.275391 -18.193863 1.457211
v 29.275391 -15.841463 2.720601
v 29.275391 -18.193863 2.720601
v 29.275391 -15.997911 1.538690
v 29.275391 -18.037420 1.538690
v 29.275391 -15.997911 2.639122
v 29.275391 -18.037420 2.639122
v 29.255526 -16.970921 1.469888
v 29.255526 -16.970921 2.723717
v 29.255526 -17.016146 1.469888
v 29.255526 -17.016146 2.723717
v 29.050476 -15.832307 1.420859
v 29.050476 -18.208597 1.420859
v 29.302052 -18.208597 1.420859
v 29.050476 -15.832307 1.484216
v 29.050476 -18.208597 1.484216
v 29.302052 -15.832307 1.484216
v 29.302052 -18.208597 1.484216
v 29.275391 -19.340975 1.457211
v 29.275391 -21.693375 1.457211
v 29.275391 -19.340975 2.720601
v 29.275391 -21.693375 2.720601
v 29.275391 -19.497423 1.538690
v 29.275391 -21.536932 1.538690
v 29.275391 -19.497423 2.639122
v 29.275391 -21.536932 2.639122
v 29.255526 -20.470432 1.469888
v 29.255526 -20.470432 2.723717
v 29.255526 -20.515657 1.469888
v 29.255526 -20.515657 2.723717
v 29.050476 -19.331818 1.420859
v 29.050476 -21.708109 1.420859
v 29.302052 -21.708109 1.420859
v 29.050476 -19.331818 1.484216
v 29.050476 -21.708109 1.484216
v 29.302052 -19.331818 1.484216
v 29.302052 -21.708109 1.484216
v 29.553711 -28.435701 1.473836
v 29.553711 -30.788101 1.473836
v 29.553711 -28.435701 2.737225
v 29.553711 -30.788101 2.737225
v 29.553711 -28.592150 1.555315
v 29.553711 -30.631659 1.555315
v 29.553711 -28.592150 2.655746
v 29.553711 -30.631659 2.655746
v 29.541878 -29.565159 1.474682
v 29.541878 -29.565159 2.744240
v 29.541878 -29.610384 1.474682
v 29.541878 -29.610384 2.744240
v 29.328796 -28.426544 1.437483
v 29.328796 -30.802835 1.437483
v 29.580372 -30.802835 1.437483
v 29.328796 -28.426544 1.500841
v 29.328796 -30.802835 1.500841
v 29.580372 -28.426544 1.500841
v 29.580372 -30.802835 1.500841
v 29.328796 -24.898224 1.437483
v 29.328796 -27.274515 1.437483
v 29.580372 -27.274515 1.437483
v 29.328796 -24.898224 1.500841
v 29.328796 -27.274515 1.500841
v 29.580372 -24.898224 1.500841
v 29.580372 -27.274515 1.500841
v 29.553711 -36.557774 1.480630
v 29.553711 -38.910172 1.480630
v 29.553711 -36.557774 2.744019
v 29.553711 -38.910172 2.744019
v 29.553711 -36.714222 1.562109
v 29.553711 -38.753727 1.562109
v 29.553711 -36.714222 2.662540
v 29.553711 -38.753727 2.662540
v 29.541878 -37.687229 1.465866
v 29.541878 -37.687229 2.760616
v 29.541878 -37.732452 1.465866
v 29.541878 -37.732452 2.760616
v 29.328796 -36.548615 1.444277
v 29.328796 -38.924908 1.444277
v 29.580372 -38.924908 1.444277
v 29.328796 -36.548615 1.507635
v 29.328796 -38.924908 1.507635
v 29.580372 -36.548615 1.507635
v 29.580372 -38.924908 1.507635
v 29.553711 -36.570347 5.982152
v 29.553711 -38.922745 5.982152
v 29.553711 -36.570347 7.245541
v 29.553711 -38.922745 7.245541
v 29.553711 -36.726795 6.063631
v 29.553711 -38.766300 6.063631
v 29.553711 -36.726795 7.164062
v 29.553711 -38.766300 7.164062
v 29.606819 -37.699802 5.982152
v 29.606819 -37.699802 7.245541
v 29.606819 -37.745026 6.063631
v 29.606819 -37.745026 7.164062
v 29.328796 -36.561188 5.945799
v 29.328796 -38.937481 5.945799
v 29.580372 -38.937481 5.945799
v 29.328796 -36.561188 6.009157
v 29.328796 -38.937481 6.009157
v 29.580372 -36.561188 6.009157
v 29.580372 -38.937481 6.009157
v 29.553711 -28.435701 5.982152
v 29.553711 -30.788101 5.982152
v 29.553711 -28.435701 7.245541
v 29.553711 -30.788101 7.245541
v 29.553711 -28.592150 6.063631
v 29.553711 -30.631659 6.063631
v 29.553711 -28.592150 7.164062
v 29.553711 -30.631659 7.164062
v 29.606819 -29.565159 5.982152
v 29.606819 -29.565159 7.245541
v 29.606819 -29.610384 6.063631
v 29.606819 -29.610384 7.164062
v 29.328796 -28.426544 5.945799
v 29.328796 -30.802835 5.945799
v 29.580372 -30.802835 5.945799
v 29.328796 -28.426544 6.009157
v 29.328796 -30.802835 6.009157
v 29.580372 -28.426544 6.009157
v 29.580372 -30.802835 6.009157
v 29.553711 -24.907381 5.982152
v 29.553711 -27.259781 5.982152
v 29.553711 -24.907381 7.245541
v 29.553711 -27.259781 7.245541
v 29.553711 -25.063829 6.063631
v 29.553711 -27.103338 6.063631
v 29.553711 -25.063829 7.164062
v 29.553711 -27.103338 7.164062
v 29.606819 -26.036839 5.982152
v 29.606819 -26.036839 7.245541
v 29.606819 -26.082064 6.063631
v 29.606819 -26.082064 7.164062
v 29.328796 -24.898224 5.945799
v 29.328796 -27.274515 5.945799
v 29.580372 -27.274515 5.945799
v 29.328796 -24.898224 6.009157
v 29.328796 -27.274515 6.009157
v 29.580372 -24.898224 6.009157
v 29.580372 -27.274515 6.009157
v 29.275391 -19.340975 5.982152
v 29.275391 -21.693375 5.982152
v 29.275391 -19.340975 7.245541
v 29.275391 -21.693375 7.245541
v 29.275391 -19.497423 6.063631
v 29.275391 -21.536932 6.063631
v 29.275391 -19.497423 7.164062
v 29.275391 -21.536932 7.164062
v 29.328499 -20.470432 5.982152
v 29.328499 -20.470432 7.245541
v 29.328499 -20.515657 6.063631
v 29.328499 -20.515657 7.164062
v 29.050476 -19.331818 5.945799
v 29.050476 -21.708109 5.945799
v 29.302052 -21.708109 5.945799
v 29.050476 -19.331818 6.009157
v 29.050476 -21.708109 6.009157
v 29.302052 -19.331818 6.009157
v 29.302052 -21.708109 6.009157
v 29.275391 -15.841463 5.982152
v 29.275391 -18.193863 5.982152
v 29.275391 -15.841463 7.245541
v 29.275391 -18.193863 7.245541
v 29.275391 -15.997911 6.063631
v 29.275391 -18.037420 6.063631
v 29.275391 -15.997911 7.164062
v 29.275391 -18.037420 7.164062
v 29.328499 -16.970921 5.982152
v 29.328499 -16.970921 7.245541
v 29.328499 -17.016146 6.063631
v 29.328499 -17.016146 7.164062
v 29.050476 -15.832307 5.945799
v 29.050476 -18.208597 5.945799
v 29.302052 -18.208597 5.945799
v 29.050476 -15.832307 6.009157
v 29.050476 -18.208597 6.009157
v 29.302052 -15.832307 6.009157
v 29.302052 -18.208597 6.009157
v 29.111900 -15.796305 5.986644
v 29.111900 -18.281406 5.986644
v 29.111900 -15.796305 7.396641
v 29.111900 -18.281406 7.398787
v 29.111900 -16.429543 5.986644
v 29.111900 -16.429543 7.398787
v 29.111900 -17.484127 7.398787
v 29.111900 -17.487980 5.986644
v 29.094530 -16.429543 6.006076
v 29.094530 -16.429543 7.418220
v 29.094530 -17.484127 7.418220
v 29.094530 -17.487980 6.006076
v 29.079483 -15.590250 7.047032
v 29.079483 -18.364594 7.081415
v 29.162086 -18.364594 7.081415
v 29.079483 -15.593643 7.118861
v 29.079483 -18.367985 7.153243
v 29.162086 -18.367985 7.153243
v 29.098652 -18.996655 6.004226
v 29.098652 -20.047125 6.004226
v 29.134989 -20.047125 6.004226
v 29.098652 -18.996655 7.500590
v 29.098652 -20.047125 7.500590
v 29.134989 -20.047125 7.500590
v 29.109550 -20.036823 6.076188
v 29.109550 -20.733788 6.002544
v 29.109550 -20.036823 7.366644
v 29.109550 -20.733788 7.366644
v 29.081957 -20.731367 6.004226
v 29.081957 -21.781837 6.004226
v 29.127956 -21.781837 6.004226
v 29.081957 -20.731367 7.500590
v 29.081957 -21.781837 7.457552
v 29.127956 -21.781837 7.457552
v 29.081957 -21.178085 7.500590
v 29.081957 -21.185364 7.457552
v 29.073812 -18.866474 6.287058
v 29.073812 -21.917517 6.176755
v 29.170595 -21.917517 6.176755
v 29.073812 -18.874554 6.396914
v 29.073812 -21.925596 6.286612
v 29.170595 -21.925596 6.286612
v 29.398706 -31.679596 4.660813
v 29.398706 -33.138752 4.660813
v 29.398706 -31.679596 7.287257
v 29.398706 -33.138752 7.287257
v 29.441029 -33.138748 7.287257
v 29.374353 -32.614662 4.660813
v 29.398706 -32.611408 4.699542
v 29.398706 -32.212257 4.674403
v 29.398706 -32.622131 7.287257
v 29.346346 -31.594521 4.761247
v 29.346346 -33.311714 4.761247
v 29.428949 -33.311714 4.761247
v 29.346346 -31.594521 4.887995
v 29.346346 -33.311714 4.887995
v 29.428949 -33.311714 4.887995
v 29.346346 -31.594780 6.156894
v 29.346346 -33.311958 6.163710
v 29.428949 -33.311958 6.163710
v 29.346346 -31.594276 6.283641
v 29.346346 -33.311459 6.290456
v 29.428949 -33.311459 6.290456
v 29.398706 -32.604561 7.237908
v 29.441029 -33.138748 4.660813
v 29.385071 -24.878345 5.986644
v 29.385071 -27.363447 5.986644
v 29.385071 -24.878345 7.396641
v 29.385071 -27.363447 7.398787
v 29.385071 -25.511583 5.986644
v 29.385071 -25.511583 7.398787
v 29.385071 -26.566166 7.398787
v 29.385071 -26.570021 5.986644
v 29.367701 -25.511583 6.006076
v 29.367701 -25.511583 7.418220
v 29.367701 -26.566166 7.418220
v 29.367701 -26.570021 6.006076
v 29.352654 -24.672291 7.047032
v 29.352654 -27.446634 7.081415
v 29.435257 -27.446634 7.081415
v 29.352654 -24.675684 7.118861
v 29.352654 -27.450026 7.153243
v 29.435257 -27.450026 7.153243
v 29.371822 -28.078695 6.004226
v 29.371822 -29.129166 6.004226
v 29.408159 -29.129166 6.004226
v 29.371822 -28.078695 7.500590
v 29.371822 -29.129166 7.500590
v 29.408159 -29.129166 7.500590
v 29.382721 -29.118864 6.076188
v 29.382721 -29.815828 6.002544
v 29.382721 -29.118864 7.366644
v 29.382721 -29.815828 7.366644
v 29.419056 -29.118864 7.366644
v 29.419056 -29.815828 7.366644
v 29.355127 -29.813408 6.004226
v 29.355127 -30.863880 6.004226
v 29.401127 -30.863880 6.004226
v 29.355127 -29.813408 7.500590
v 29.355127 -30.863880 7.457552
v 29.401127 -30.863880 7.457552
v 29.355127 -30.260126 7.500590
v 29.401127 -30.260126 7.500590
v 29.355127 -30.267405 7.457552
v 29.401127 -30.267405 7.457552
v 29.346983 -27.948515 6.287058
v 29.346983 -30.999557 6.176755
v 29.443766 -30.999557 6.176755
v 29.346983 -27.956594 6.396914
v 29.346983 -31.007635 6.286612
v 29.443766 -31.007635 6.286612
v 29.389978 -31.673258 0.178853
v 29.389977 -33.132416 0.178853
v 29.389978 -31.673258 2.774787
v 29.389977 -33.132416 2.776934
v 29.432297 -31.673258 2.774787
v 29.432295 -33.132416 2.776934
v 29.365622 -32.608330 0.178853
v 29.389977 -32.605072 0.217581
v 29.389977 -32.205925 0.192442
v 29.389977 -32.615795 2.776934
v 29.337618 -31.588182 0.279286
v 29.337616 -33.305382 0.279286
v 29.420221 -31.588182 0.279286
v 29.420219 -33.305382 0.279286
v 29.337618 -31.588182 0.406034
v 29.337616 -33.305382 0.406034
v 29.420221 -31.588182 0.406034
v 29.420219 -33.305382 0.406034
v 29.337618 -31.473566 2.347991
v 29.337616 -33.416222 2.279852
v 29.420221 -31.473566 2.347991
v 29.420219 -33.416222 2.279852
v 29.337618 -31.477343 2.461667
v 29.337616 -33.419998 2.393528
v 29.420221 -31.477343 2.461667
v 29.420219 -33.419998 2.393528
v 29.389977 -32.598225 2.817021
v 29.432295 -32.600910 2.815954
v 29.432295 -32.615795 2.773698
v 29.372040 -24.878345 1.502482
v 29.372040 -27.363447 1.502482
v 29.427389 -24.878345 1.502482
v 29.372040 -24.878345 2.912479
v 29.372040 -27.363447 2.914626
v 29.427389 -24.878345 2.912479
v 29.427389 -27.363447 2.914626
v 29.372040 -25.990461 1.502482
v 29.372040 -25.990461 2.914626
v 29.372040 -26.566166 2.914626
v 29.372040 -26.570021 1.502482
v 29.427389 -26.569416 2.913307
v 29.390013 -25.990461 1.537910
v 29.390013 -25.990461 2.842655
v 29.410019 -25.990461 2.839419
v 29.390013 -26.566166 2.842655
v 29.390013 -26.570021 1.580488
v 29.410019 -26.569416 2.841335
v 29.352655 -24.757828 1.860069
v 29.352655 -27.511375 2.204000
v 29.435259 -24.757828 1.860069
v 29.435259 -27.511375 2.204000
v 29.352655 -24.748756 1.980268
v 29.352655 -27.502302 2.324199
v 29.435259 -24.748756 1.980268
v 29.435259 -27.502302 2.324199
v 29.427391 -25.990459 1.502482
v 29.427391 -25.990459 2.914626
v 29.427391 -26.569414 2.914626
v 29.427391 -26.569414 1.502482
v 29.385071 -36.482601 5.986644
v 29.385071 -38.967701 5.986644
v 29.385071 -36.482601 7.396641
v 29.385071 -38.967701 7.398787
v 29.385071 -37.115837 5.986644
v 29.385071 -37.115837 7.398787
v 29.385071 -38.170422 7.398787
v 29.385071 -38.174274 5.986644
v 29.367701 -37.115837 6.006076
v 29.367701 -37.115837 7.418220
v 29.367701 -38.170422 7.418220
v 29.367701 -38.174274 6.006076
v 29.352654 -36.276546 7.047032
v 29.352654 -39.050888 7.081415
v 29.435257 -39.050888 7.081415
v 29.352654 -36.279938 7.118861
v 29.352654 -39.054283 7.153243
v 29.435257 -36.279938 7.118861
v 29.435257 -39.054283 7.153243
v 10.381586 -15.914265 -3.665529
v 23.403761 -15.914265 0.671520
v 23.403759 -18.085888 0.671520
v 29.738811 -42.957401 4.639709
v 23.403761 -19.158087 0.671520
v 10.381586 -19.158087 -3.665529
v 10.381586 -18.085888 -3.665529
v 25.116375 -39.918659 4.639709
v 9.765429 -19.158098 -3.806067
v 9.765429 -15.914276 -3.806067
v 10.318647 -15.914268 -3.665529
v 9.765429 -18.343979 -3.806067
v 9.765429 -15.914284 -3.682896
v 9.765429 -18.085899 -3.806067
v 9.765429 -18.085907 -3.682896
v 9.765429 -19.158110 -3.682896
v 9.765429 -18.343990 -3.682896
v 25.687759 -30.150982 4.639709
v 10.318647 -18.085892 -3.665529
v 9.765429 -15.914288 -3.665528
v 25.916945 -30.150982 4.639709
v 9.765429 -18.085911 -3.665528
v 10.381586 -18.343967 -3.665529
v 9.765429 -19.158110 -3.665528
v 9.765429 -18.343990 -3.665528
v 29.738811 -30.150982 4.639709
v 26.637993 -30.150982 4.639709
v 23.403761 -18.343967 0.671520
v 10.318647 -18.343971 -3.665529
v 10.318647 -19.158091 -3.665529
v 27.124060 -30.150982 4.639709
v 27.290569 -42.296829 4.639709
v 26.637993 -42.038757 4.639709
v 25.475578 -19.004530 0.671520
v 25.475510 -15.965790 0.671520
v 25.475578 -18.343960 0.671520
v 25.475578 -18.085888 0.671520
v 29.738811 -15.127608 4.639709
v 28.284555 -15.019261 4.639709
v 26.860594 -14.913172 4.639709
v 26.228401 -14.866072 4.639709
v 26.082991 -14.855236 4.639709
v 25.707649 -14.827272 4.639709
v 25.657324 -14.823524 4.639709
v 27.976315 -14.641731 0.000862
v 24.573486 -14.641486 -0.426365
v 27.976315 -15.641730 0.000862
v 25.852535 -15.641485 0.000862
v 27.976315 -14.641731 0.532360
v 24.573486 -14.641486 0.532360
v 27.976315 -15.641730 0.532360
v 25.852535 -15.641485 0.532360
v 28.004147 -14.606331 0.627235
v 24.499023 -14.606330 0.627235
v 28.004147 -15.676887 0.627235
v 25.847408 -15.676886 0.627235
v 28.004147 -14.606331 0.750862
v 24.499023 -14.606330 0.750862
v 28.004147 -15.676887 0.750862
v 25.847408 -15.676886 0.750862
v 27.976315 -14.641731 0.647655
v 24.573486 -14.641486 0.647655
v 27.976315 -15.641730 0.647655
v 25.852535 -15.641485 0.647655
v 27.976315 -14.661263 0.647655
v 27.976315 -14.661263 0.532360
v 27.976315 -14.661263 0.000862
v 27.976315 -15.625861 0.647655
v 27.976315 -15.625861 0.532360
v 27.976315 -15.625861 0.000862
v 24.428314 -23.425600 -0.426364
v 24.428314 -23.425600 0.532362
v 24.428314 -23.425600 0.647654
v 24.428314 -24.094728 -0.426364
v 24.428314 -24.094728 0.532362
v 24.344305 -24.094728 0.627235
v 25.540382 -24.094728 0.750863
v 24.344305 -24.094728 0.750863
v 24.428314 -24.094728 0.647654
v 24.816650 -14.641730 0.647655
v 24.816650 -14.641730 0.532360
v 24.816650 -14.641730 0.000862
v 24.428316 -24.108280 -0.241016
v 24.428316 -24.108280 0.825579
v 24.344307 -24.108280 0.920452
v 24.344307 -24.108280 1.044080
v 25.540384 -24.108280 1.044080
v 24.428316 -24.108280 0.940871
v 24.428314 -46.123409 -0.241016
v 24.428314 -46.123409 0.825579
v 24.428314 -46.123409 0.940871
v 24.344305 -46.123409 0.920452
v 25.540382 -46.123409 1.044080
v 24.344305 -46.123409 1.044080
v 29.745827 -22.648050 7.155684
v 29.745827 -22.648050 4.648208
v 29.745827 -23.962925 7.155684
v 29.745827 -23.962925 4.648208
v 29.545815 -22.648050 4.648208
v 29.545815 -22.574766 4.648208
v 29.545815 -22.648050 7.155684
v 29.545815 -22.574766 7.259147
v 29.545815 -24.046249 4.648208
v 29.545815 -23.962925 4.648208
v 29.545815 -23.962925 7.155684
v 29.545815 -24.046249 7.259147
v 29.681461 -22.639109 7.194052
v 29.681461 -23.966953 7.194052
v 29.681461 -22.639109 4.693149
v 29.681461 -23.966953 4.693149
v 29.681461 -22.639109 4.631091
v 29.681461 -23.966953 4.631091
v 29.668810 -23.141571 6.439606
v 29.668810 -23.141571 6.627887
v 29.668810 -23.465593 6.439606
v 29.668810 -23.465593 6.627887
v 29.642038 -23.799992 5.649861
v 29.642038 -23.895428 5.649861
v 29.642038 -23.799992 5.745297
v 29.642038 -23.895428 5.745297
v 29.745827 -22.648050 2.647380
v 29.745827 -22.648050 0.139904
v 29.745827 -23.962925 2.647380
v 29.745827 -23.962925 0.139904
v 29.545815 -22.648050 0.139904
v 29.545815 -22.574766 0.139904
v 29.545815 -22.648050 2.647380
v 29.545815 -22.574766 2.750842
v 29.545815 -24.046249 0.139904
v 29.545815 -23.962925 0.139904
v 29.545815 -23.962925 2.647380
v 29.545815 -24.046249 2.750842
v 29.681461 -22.639109 2.685747
v 29.681461 -23.966953 2.685747
v 29.681461 -22.639109 0.184844
v 29.681461 -23.966953 0.184844
v 29.681461 -22.639109 0.122787
v 29.681461 -23.966953 0.122787
v 29.668810 -23.141571 1.931302
v 29.668810 -23.141571 2.119583
v 29.668810 -23.465593 1.931302
v 29.668810 -23.465593 2.119583
v 29.642038 -23.799992 1.141557
v 29.642038 -23.895428 1.141557
v 29.642038 -23.799992 1.236993
v 29.642038 -23.895428 1.236993
v 29.745827 -34.299419 7.155684
v 29.745827 -34.299419 4.648208
v 29.745827 -35.614292 7.155684
v 29.745827 -35.614292 4.648208
v 29.545815 -34.299419 4.648208
v 29.545815 -34.226131 4.648208
v 29.545815 -34.299419 7.155684
v 29.545815 -34.226131 7.259147
v 29.545815 -35.697617 4.648208
v 29.545815 -35.614292 4.648208
v 29.545815 -35.614292 7.155684
v 29.545815 -35.697617 7.259147
v 29.681461 -34.290478 7.194052
v 29.681461 -35.618320 7.194052
v 29.681461 -34.290478 4.693149
v 29.681461 -35.618320 4.693149
v 29.681461 -34.290478 4.631091
v 29.681461 -35.618320 4.631091
v 29.668810 -34.792938 6.439606
v 29.668810 -34.792938 6.627887
v 29.668810 -35.116959 6.439606
v 29.668810 -35.116959 6.627887
v 29.642038 -35.451359 5.649861
v 29.642038 -35.546795 5.649861
v 29.642038 -35.451359 5.745297
v 29.642038 -35.546795 5.745297
v 29.745827 -34.293072 2.647380
v 29.745827 -34.293072 0.139904
v 29.745827 -35.607944 2.647380
v 29.745827 -35.607944 0.139904
v 29.545815 -34.293072 0.139904
v 29.545815 -34.219784 0.139904
v 29.545815 -34.293072 2.647380
v 29.545815 -34.219784 2.750842
v 29.545815 -35.691269 0.139904
v 29.545815 -35.607944 0.139904
v 29.545815 -35.607944 2.647380
v 29.545815 -35.691269 2.750842
v 29.681461 -34.284130 2.685747
v 29.681461 -35.611973 2.685747
v 29.681461 -34.284130 0.184844
v 29.681461 -35.611973 0.184844
v 29.681461 -34.284130 0.122787
v 29.681461 -35.611973 0.122787
v 29.668810 -34.786591 1.931302
v 29.668810 -34.786591 2.119583
v 29.668810 -35.110611 1.931302
v 29.668810 -35.110611 2.119583
v 29.642038 -35.445011 1.141557
v 29.642038 -35.540447 1.141557
v 29.642038 -35.445011 1.236993
v 29.642038 -35.540447 1.236993
v 29.433744 -24.309746 4.618103
v 29.362906 -24.309746 4.618103
v 29.327486 -24.371094 4.618103
v 29.362906 -24.432442 4.618103
v 29.433744 -24.432442 4.618103
v 29.433744 -24.309746 7.412179
v 29.362906 -24.309746 7.412179
v 29.327486 -24.371094 7.412179
v 29.362906 -24.432442 7.412179
v 29.433744 -24.432442 7.412179
v 29.433744 -24.309746 7.922092
v 29.362906 -24.309746 7.866737
v 29.327486 -24.371094 7.828953
v 29.362906 -24.432442 7.866737
v 29.433744 -24.432442 7.922092
v 27.797215 -24.309746 8.212900
v 27.726377 -24.309746 8.157544
v 27.690958 -24.371094 8.119761
v 27.726377 -24.432442 8.157544
v 27.797215 -24.432442 8.212900
v 27.797215 -24.309746 8.370768
v 27.726377 -24.309746 8.315412
v 27.690958 -24.371094 8.277628
v 27.726377 -24.432442 8.315412
v 27.797215 -24.432442 8.370768
v 29.433744 -24.357674 5.211870
v 29.362906 -24.357674 5.227910
v 29.327486 -24.296326 5.235364
v 29.362906 -24.234978 5.226778
v 29.433744 -24.234978 5.210738
v 29.433744 -42.236626 4.618103
v 29.362906 -42.236626 4.618103
v 29.327486 -42.297974 4.618103
v 29.362906 -42.359322 4.618103
v 29.433744 -42.359322 4.618103
v 29.433744 -42.236626 7.412179
v 29.362906 -42.236626 7.412179
v 29.327486 -42.297974 7.412179
v 29.362906 -42.359322 7.412179
v 29.433744 -42.359322 7.412179
v 29.433744 -42.236626 7.922092
v 29.362906 -42.236626 7.866737
v 29.327486 -42.297974 7.828953
v 29.362906 -42.359322 7.866737
v 29.433744 -42.359322 7.922092
v 27.797215 -42.236626 8.212900
v 27.726377 -42.236626 8.157544
v 27.690958 -42.297974 8.119761
v 27.726377 -42.359322 8.157544
v 27.797215 -42.359322 8.212900
v 27.797215 -42.236626 8.370768
v 27.726377 -42.236626 8.315412
v 27.690958 -42.297974 8.277628
v 27.726377 -42.359322 8.315412
v 27.797215 -42.359322 8.370768
v 29.433744 -42.284554 5.211870
v 29.362906 -42.284554 5.227910
v 29.327486 -42.223206 5.235364
v 29.362906 -42.161858 5.226778
v 29.433744 -42.161858 5.210738
v 29.433744 -42.236626 0.149814
v 29.362906 -42.236626 0.149814
v 29.327486 -42.297974 0.149814
v 29.362906 -42.359322 0.149814
v 29.433744 -42.359322 0.149814
v 29.433744 -42.236626 3.430540
v 29.362906 -42.236626 3.430540
v 29.327486 -42.297974 3.430540
v 29.362906 -42.359322 3.430540
v 29.433744 -42.359322 3.430540
v 29.433744 -42.236626 4.129254
v 29.362906 -42.236626 4.129254
v 29.327486 -42.297974 4.129254
v 29.362906 -42.359322 4.129254
v 29.433744 -42.359322 4.129254
v 29.433744 -42.416901 1.262340
v 29.362906 -42.416901 1.276346
v 29.327486 -42.355553 1.283310
v 29.362906 -42.294205 1.276268
v 29.433744 -42.294205 1.262262
v 29.433744 -24.252495 0.149814
v 29.362906 -24.252495 0.149814
v 29.327486 -24.313843 0.149814
v 29.362906 -24.375191 0.149814
v 29.433744 -24.375191 0.149814
v 29.433744 -24.252495 3.430540
v 29.362906 -24.252495 3.430540
v 29.327486 -24.313843 3.430540
v 29.362906 -24.375191 3.430540
v 29.433744 -24.375191 3.430540
v 29.433744 -24.252495 4.129254
v 29.362906 -24.252495 4.129254
v 29.327486 -24.313843 4.129254
v 29.362906 -24.375191 4.129254
v 29.433744 -24.375191 4.129254
v 29.433744 -24.432770 1.262340
v 29.362906 -24.432770 1.276346
v 29.327486 -24.371422 1.283310
v 29.362906 -24.310074 1.276268
v 29.433744 -24.310074 1.262262
v 29.475172 -42.690548 4.376173
v 29.470379 -42.706390 4.731563
v 37.395508 -43.320915 -0.092366
v 37.395508 -43.320915 8.329166
v 38.345505 -24.157097 0.100583
v 38.345505 -24.157097 0.337456
v 38.345505 -34.316284 0.100583
v 38.345505 -34.316284 0.337456
v 38.105400 -24.157097 0.100583
v 38.105400 -24.157097 0.337456
v 37.395508 -43.320915 6.839960
v 38.378208 -27.904921 0.255737
v 38.378208 -27.904921 3.424391
v 38.378208 -33.202572 0.255737
v 38.378208 -33.202572 2.721313
v 38.378208 -31.786520 2.721313
v 38.378208 -31.786520 0.255737
v 38.354340 -33.202572 0.255737
v 38.354340 -33.202572 2.721313
v 38.354340 -31.786520 2.721313
v 38.354340 -31.786520 0.255737
v 38.049435 -33.202572 0.255737
v 38.049435 -33.202572 2.721313
v 38.049435 -31.786520 2.721313
v 38.049435 -31.786520 0.255737
v 38.378208 -30.852522 2.721313
v 38.378208 -28.540472 2.721313
v 38.378208 -30.852522 1.468845
v 38.378208 -28.540472 1.468845
v 38.358017 -30.852522 2.721313
v 38.358017 -28.540472 2.721313
v 38.358017 -30.852522 1.468845
v 38.358017 -28.540472 1.468845
v 38.110405 -30.852522 2.721313
v 38.110405 -28.540472 2.721313
v 38.110405 -30.852522 1.468845
v 38.110405 -28.540472 1.468845
v 38.378208 -27.904921 4.372449
v 38.380829 -43.446484 4.399340
v 38.378208 -27.904921 4.727836
v 38.383446 -43.444576 4.727840
v 38.378208 -43.448387 7.427686
v 38.378208 -35.379681 7.193412
v 38.378208 -33.067631 7.193412
v 38.378208 -35.379681 5.940944
v 38.378208 -33.067631 5.940944
v 38.378208 -27.904921 8.468264
v 38.378208 -43.448387 8.468264
v 38.378231 -22.682989 3.424391
v 38.378208 -22.683020 2.721313
v 38.378208 -24.099081 2.721313
v 38.378208 -24.099081 0.255737
v 38.354340 -24.099081 2.721313
v 38.354340 -24.099081 0.255737
v 38.049435 -24.099081 2.721313
v 38.049435 -24.099081 0.255737
v 38.378208 -25.033079 2.721313
v 38.378208 -27.345129 2.721313
v 38.378208 -25.033079 1.468845
v 38.378208 -27.345129 1.468845
v 38.358017 -25.033079 2.721313
v 38.358017 -27.345129 2.721313
v 38.358017 -25.033079 1.468845
v 38.358017 -27.345129 1.468845
v 38.110405 -25.033079 2.721313
v 38.110405 -27.345129 2.721313
v 38.110405 -25.033079 1.468845
v 38.110405 -27.345129 1.468845
v 38.378223 -22.683004 4.372449
v 38.378223 -22.746542 7.427686
v 38.378208 -32.432079 7.427686
v 38.378208 -22.674536 7.193412
v 38.383823 -22.660215 4.612805
v 38.378208 -27.774900 7.193412
v 38.378208 -30.086950 7.193412
v 38.378208 -27.774900 5.940944
v 38.378208 -30.086950 5.940944
v 38.378223 -22.746542 8.468264
v 38.504089 -43.320915 8.329166
v 38.504089 -43.320915 6.839960
v 38.504089 -43.320915 -0.092366
v 38.378208 -43.448376 3.424391
v 38.378208 -43.448376 0.255737
v 38.378212 -33.668831 3.424391
v 38.378208 -34.335739 0.255737
v 38.378208 -34.335739 2.721313
v 38.378208 -35.751801 2.721313
v 38.378208 -35.751801 0.255737
v 38.354340 -34.335739 0.255737
v 38.354340 -34.335739 2.721313
v 38.354340 -35.751801 2.721313
v 38.354340 -35.751801 0.255737
v 38.049435 -34.335739 0.255737
v 38.049435 -34.335739 2.721313
v 38.049435 -35.751801 2.721313
v 38.049435 -35.751801 0.255737
v 38.378208 -36.685791 2.721313
v 38.378208 -38.997849 2.721313
v 38.378208 -36.685791 1.468845
v 38.378208 -38.997849 1.468845
v 38.358017 -36.685791 2.721313
v 38.358017 -38.997849 2.721313
v 38.358017 -36.685791 1.468845
v 38.358017 -38.997849 1.468845
v 38.110405 -36.685791 2.721313
v 38.110405 -38.997849 2.721313
v 38.110405 -36.685791 1.468845
v 38.110405 -38.997849 1.468845
v 38.378208 -33.668831 4.372449
v 38.378212 -35.588387 4.727836
v 38.378220 -35.588387 7.427686
v 38.378208 -38.539246 7.193412
v 38.378208 -40.851303 7.193412
v 38.378208 -38.539246 5.940944
v 38.378208 -40.851303 5.940944
v 38.378220 -35.588387 8.468264
v 38.033058 -34.316284 0.100583
v 38.033058 -34.316284 0.337456
v 38.345505 -43.354843 0.100583
v 38.345505 -43.354843 0.337456
v 38.345505 -35.779903 0.100583
v 38.345505 -35.779903 0.337456
v 38.033058 -35.779903 0.100583
v 38.033058 -35.779903 0.337456
v 38.378208 -43.448387 5.630097
v 38.458199 -37.241093 0.768708
v 38.458199 -38.567265 0.768708
v 38.458199 -37.241093 1.226814
v 38.458199 -38.567265 1.226814
v 38.460793 -37.358860 0.820845
v 38.460793 -38.450447 0.820845
v 38.460793 -37.358860 1.174677
v 38.460793 -38.450447 1.174677
v 38.458199 -29.107370 0.768708
v 38.458199 -30.433542 0.768708
v 38.458199 -29.107370 1.226814
v 38.458199 -30.433542 1.226814
v 38.460793 -29.225138 0.820845
v 38.460793 -30.316725 0.820845
v 38.460793 -29.225138 1.174677
v 38.460793 -30.316725 1.174677
v 38.458199 -25.582773 0.768708
v 38.458199 -26.908945 0.768708
v 38.458199 -25.582773 1.226814
v 38.458199 -26.908945 1.226814
v 38.460793 -25.700541 0.820845
v 38.460793 -26.792128 0.820845
v 38.460793 -25.700541 1.174677
v 38.460793 -26.792128 1.174677
v 38.458199 -39.094547 5.321160
v 38.458199 -40.420719 5.321160
v 38.458199 -39.094547 5.779266
v 38.458199 -40.420719 5.779266
v 38.460793 -39.212315 5.373297
v 38.460793 -40.303902 5.373297
v 38.460793 -39.212315 5.727129
v 38.460793 -40.303902 5.727129
v 38.458199 -33.634529 5.321160
v 38.458199 -34.960701 5.321160
v 38.458199 -33.634529 5.779266
v 38.458199 -34.960701 5.779266
v 38.460793 -33.752296 5.373297
v 38.460793 -34.843884 5.373297
v 38.460793 -33.752296 5.727129
v 38.460793 -34.843884 5.727129
v 38.458199 -28.324594 5.321160
v 38.458199 -29.650766 5.321160
v 38.458199 -28.324594 5.779266
v 38.458199 -29.650766 5.779266
v 38.460793 -28.442362 5.373297
v 38.460793 -29.533949 5.373297
v 38.460793 -28.442362 5.727129
v 38.460793 -29.533949 5.727129
v 38.299667 -28.524096 1.470113
v 38.299667 -30.876495 1.470113
v 38.299667 -28.524096 2.733502
v 38.299667 -30.876495 2.733502
v 38.299667 -28.680544 1.551591
v 38.299667 -30.720053 1.551591
v 38.299667 -28.680544 2.652023
v 38.299667 -30.720053 2.652023
v 38.311501 -29.653553 1.470959
v 38.311501 -29.653553 2.740517
v 38.311501 -29.698778 1.470959
v 38.311501 -29.698778 2.740517
v 38.524582 -28.514938 1.433760
v 38.524582 -30.891230 1.433760
v 38.273010 -30.891230 1.433760
v 38.524582 -28.514938 1.497117
v 38.524582 -30.891230 1.497117
v 38.273010 -28.514938 1.497117
v 38.273010 -30.891230 1.497117
v 38.524582 -24.986618 1.433760
v 38.524582 -27.362909 1.433760
v 38.273010 -27.362909 1.433760
v 38.524582 -24.986618 1.497117
v 38.524582 -27.362909 1.497117
v 38.273010 -24.986618 1.497117
v 38.273010 -27.362909 1.497117
v 38.299667 -36.646164 1.476907
v 38.299667 -38.998562 1.476907
v 38.299667 -36.646164 2.740296
v 38.299667 -38.998562 2.740296
v 38.299667 -36.802612 1.558385
v 38.299667 -38.842117 1.558385
v 38.299667 -36.802612 2.658817
v 38.299667 -38.842117 2.658817
v 38.311501 -37.775620 1.462143
v 38.311501 -37.775620 2.756893
v 38.311501 -37.820843 1.462143
v 38.311501 -37.820843 2.756893
v 38.524582 -36.637005 1.440554
v 38.524582 -39.013298 1.440554
v 38.273010 -39.013298 1.440554
v 38.524582 -36.637005 1.503911
v 38.524582 -39.013298 1.503911
v 38.273010 -36.637005 1.503911
v 38.273010 -39.013298 1.503911
v 38.299667 -38.512192 5.978429
v 38.299667 -40.864590 5.978429
v 38.299667 -38.512192 7.241818
v 38.299667 -40.864590 7.241818
v 38.299667 -38.668640 6.059907
v 38.299667 -40.708145 6.059907
v 38.299667 -38.668640 7.160339
v 38.299667 -40.708145 7.160339
v 38.246559 -39.641647 5.978429
v 38.246559 -39.641647 7.241818
v 38.246559 -39.686871 6.059907
v 38.246559 -39.686871 7.160339
v 38.524582 -38.503033 5.980217
v 38.524582 -40.879326 5.980217
v 38.273010 -40.879326 5.980217
v 38.524582 -38.503033 5.916859
v 38.524582 -40.879326 5.916859
v 38.273010 -38.503033 5.916859
v 38.273010 -40.879326 5.916859
v 38.299667 -33.051254 5.978429
v 38.299667 -35.403656 5.978429
v 38.299667 -33.051254 7.241818
v 38.299667 -35.403656 7.241818
v 38.299667 -33.207703 6.059907
v 38.299667 -35.247211 6.059907
v 38.299667 -33.207703 7.160339
v 38.299667 -35.247211 7.160339
v 38.246559 -34.180714 5.978429
v 38.246559 -34.180714 7.241818
v 38.246559 -34.225937 6.059907
v 38.246559 -34.225937 7.160339
v 38.299667 -27.737597 5.978429
v 38.299667 -30.089996 5.978429
v 38.299667 -27.737597 7.241818
v 38.299667 -30.089996 7.241818
v 38.299667 -27.894045 6.059907
v 38.299667 -29.933554 6.059907
v 38.299667 -27.894045 7.160339
v 38.299667 -29.933554 7.160339
v 38.246559 -28.867054 5.978429
v 38.246559 -28.867054 7.241818
v 38.246559 -28.912279 6.059907
v 38.246559 -28.912279 7.160339
v 38.468307 -27.708561 5.982921
v 38.468307 -30.193663 5.982921
v 38.468307 -27.708561 7.392918
v 38.468307 -30.193663 7.395064
v 38.468307 -28.341799 5.982921
v 38.468307 -28.341799 7.395064
v 38.485641 -29.396381 7.414496
v 38.485641 -29.400236 6.002353
v 38.485680 -28.341799 6.002353
v 38.485680 -28.341799 7.414496
v 38.485680 -29.396381 7.414496
v 38.485680 -29.400236 6.002353
v 38.500725 -27.502506 7.043309
v 38.500725 -30.276850 7.077692
v 38.418121 -30.276850 7.077692
v 38.500725 -27.505899 7.115138
v 38.500725 -30.280241 7.149520
v 38.418121 -30.280241 7.149520
v 38.481560 -32.694248 6.000503
v 38.481560 -33.744720 6.000503
v 38.445221 -33.744720 6.000503
v 38.481560 -32.694248 7.496867
v 38.481560 -33.744720 7.496867
v 38.445221 -33.744720 7.496867
v 38.470657 -33.734417 5.972298
v 38.470657 -34.431381 5.998821
v 38.470657 -33.734417 7.362921
v 38.470657 -34.431381 7.362921
v 38.434326 -33.734417 7.362921
v 38.434326 -34.431381 7.362921
v 38.498253 -34.428963 6.000503
v 38.498253 -35.479435 6.000503
v 38.452255 -35.479435 6.000503
v 38.498253 -34.428963 7.496867
v 38.498253 -35.479435 7.453829
v 38.452255 -35.479435 7.453829
v 38.498253 -34.875679 7.496867
v 38.452255 -34.875679 7.496867
v 38.498253 -34.882957 7.453829
v 38.452255 -34.882957 7.453829
v 38.506397 -32.564068 6.283335
v 38.506397 -35.615112 6.173032
v 38.409615 -35.615112 6.173032
v 38.506397 -32.572147 6.393191
v 38.506397 -35.623188 6.282888
v 38.409615 -35.623188 6.282888
v 38.463402 -31.834583 0.175129
v 38.463402 -33.293736 0.175129
v 38.463402 -31.834583 2.771064
v 38.463402 -33.293736 2.773211
v 38.421082 -31.834583 2.771064
v 38.421085 -33.293736 2.773211
v 38.487759 -32.769650 0.175129
v 38.463402 -32.766392 0.213858
v 38.463402 -32.367245 0.188719
v 38.463402 -32.777115 2.773211
v 38.515762 -31.749508 0.275563
v 38.515762 -33.466702 0.275563
v 38.433159 -31.749508 0.275563
v 38.433159 -33.466702 0.275563
v 38.515762 -31.749508 0.402310
v 38.515762 -33.466702 0.402310
v 38.433159 -31.749508 0.402310
v 38.433159 -33.466702 0.402310
v 38.515762 -31.634892 2.344268
v 38.515762 -33.577541 2.276129
v 38.433159 -31.634892 2.344268
v 38.433159 -33.577541 2.276129
v 38.515762 -31.638668 2.457944
v 38.515762 -33.581318 2.389805
v 38.433159 -31.638668 2.457944
v 38.433159 -33.581318 2.389805
v 38.463402 -32.759544 2.813298
v 38.421085 -32.762230 2.812231
v 38.421085 -32.777115 2.769975
v 38.481339 -25.033562 1.498759
v 38.481339 -27.518663 1.498759
v 38.425991 -25.033562 1.498759
v 38.481339 -25.033562 2.908756
v 38.481339 -27.518663 2.910903
v 38.425991 -25.033562 2.908756
v 38.425991 -27.518663 2.910903
v 38.481339 -26.145678 1.498759
v 38.481339 -26.145678 2.910903
v 38.481339 -26.721382 2.910903
v 38.481339 -26.725237 1.498759
v 38.425991 -26.724632 2.909584
v 38.463367 -26.145678 1.534187
v 38.463367 -26.145678 2.838932
v 38.443359 -26.145678 2.835696
v 38.463367 -26.721382 2.838932
v 38.463367 -26.725237 1.576765
v 38.443359 -26.724632 2.837612
v 38.500725 -24.913044 1.856346
v 38.500725 -27.666592 2.200277
v 38.418121 -24.913044 1.856346
v 38.418121 -27.666592 2.200277
v 38.500725 -24.903973 1.976545
v 38.500725 -27.657518 2.320476
v 38.418121 -24.903973 1.976545
v 38.418121 -27.657518 2.320476
v 38.425987 -26.145676 1.498759
v 38.425987 -26.145676 2.910903
v 38.425987 -26.724630 2.910903
v 38.425987 -26.724630 1.498759
v 38.468307 -38.424446 5.982921
v 38.468307 -40.909546 5.982921
v 38.468307 -38.424446 7.392918
v 38.468307 -40.909546 7.395064
v 38.468307 -39.057682 5.982921
v 38.468307 -39.057682 7.395064
v 38.468307 -40.112267 7.395064
v 38.468307 -40.116119 5.982921
v 38.485680 -39.057682 6.002353
v 38.485680 -39.057682 7.414496
v 38.485680 -40.112267 7.414496
v 38.485680 -40.116119 6.002353
v 38.500725 -38.218391 7.043309
v 38.500725 -40.992733 7.077692
v 38.418121 -40.992733 7.077692
v 38.500725 -38.221783 7.115138
v 38.500725 -40.996128 7.149520
v 38.418121 -38.221783 7.115138
v 38.418121 -40.996128 7.149520
v 38.107552 -22.736444 2.643656
v 38.107552 -22.736444 0.136181
v 38.107552 -24.051319 2.643656
v 38.107552 -24.051319 0.136181
v 38.307564 -22.736444 0.136181
v 38.307564 -22.663160 0.136181
v 38.307564 -22.736444 2.643656
v 38.307564 -22.663160 2.747119
v 38.307564 -24.134644 0.136181
v 38.307564 -24.051319 0.136181
v 38.307564 -24.051319 2.643656
v 38.307564 -24.134644 2.747119
v 38.171921 -22.727503 2.682024
v 38.171921 -24.055347 2.682024
v 38.171921 -22.727503 0.181121
v 38.171921 -24.055347 0.181121
v 38.171921 -22.727503 0.119064
v 38.171921 -24.055347 0.119064
v 38.184570 -23.229965 1.927579
v 38.184570 -23.229965 2.115860
v 38.184570 -23.553988 1.927579
v 38.184570 -23.553988 2.115860
v 38.211342 -23.888386 1.137834
v 38.211342 -23.983822 1.137834
v 38.211342 -23.888386 1.233270
v 38.211342 -23.983822 1.233270
v 38.107552 -34.381462 2.643656
v 38.107552 -34.381462 0.136181
v 38.107552 -35.696335 2.643656
v 38.107552 -35.696335 0.136181
v 38.307564 -34.381462 0.136181
v 38.307564 -34.308174 0.136181
v 38.307564 -34.381462 2.643656
v 38.307564 -34.308174 2.747119
v 38.307564 -35.779659 0.136181
v 38.307564 -35.696335 0.136181
v 38.307564 -35.696335 2.643656
v 38.307564 -35.779659 2.747119
v 38.171921 -34.372520 2.682024
v 38.171921 -35.700363 2.682024
v 38.171921 -34.372520 0.181121
v 38.171921 -35.700363 0.181121
v 38.171921 -34.372520 0.119064
v 38.171921 -35.700363 0.119064
v 38.184570 -34.874981 1.927579
v 38.184570 -34.874981 2.115860
v 38.184570 -35.199001 1.927579
v 38.184570 -35.199001 2.115860
v 38.211342 -35.533401 1.137834
v 38.211342 -35.628838 1.137834
v 38.211342 -35.533401 1.233270
v 38.211342 -35.628838 1.233270
v 38.419636 -24.398140 7.408456
v 38.490475 -24.398140 7.408456
v 38.525894 -24.459488 7.408456
v 38.490475 -24.520836 7.408456
v 38.419636 -24.520836 7.408456
v 38.419636 -24.398140 7.918369
v 38.490475 -24.398140 7.863014
v 38.525894 -24.459488 7.825230
v 38.490475 -24.520836 7.863014
v 38.419636 -24.520836 7.918369
v 40.056168 -24.398140 8.209177
v 40.127003 -24.398140 8.153821
v 40.162422 -24.459488 8.116037
v 40.127003 -24.520836 8.153821
v 40.056168 -24.520836 8.209177
v 40.056168 -24.398140 8.367044
v 40.127003 -24.398140 8.311688
v 40.162422 -24.459488 8.273905
v 40.127003 -24.520836 8.311688
v 40.056168 -24.520836 8.367044
v 38.419636 -24.446068 5.208147
v 38.490475 -24.446068 5.224187
v 38.525894 -24.384720 5.231641
v 38.490475 -24.323372 5.223055
v 38.419636 -24.323372 5.207015
v 38.419636 -42.325016 4.614379
v 38.490475 -42.325016 4.614379
v 38.525894 -42.386364 4.614379
v 38.490475 -42.447712 4.614379
v 38.419636 -42.447712 4.614379
v 38.419636 -42.325016 7.408456
v 38.490475 -42.325016 7.408456
v 38.525894 -42.386364 7.408456
v 38.490475 -42.447712 7.408456
v 38.419636 -42.447712 7.408456
v 38.419636 -42.325016 7.918369
v 38.490475 -42.325016 7.863014
v 38.525894 -42.386364 7.825230
v 38.490475 -42.447712 7.863014
v 38.419636 -42.447712 7.918369
v 40.056168 -42.325016 8.209177
v 40.127003 -42.325016 8.153821
v 40.162422 -42.386364 8.116037
v 40.127003 -42.447712 8.153821
v 40.056168 -42.447712 8.209177
v 40.056168 -42.325016 8.367044
v 40.127003 -42.325016 8.311688
v 40.162422 -42.386364 8.273905
v 40.127003 -42.447712 8.311688
v 40.056168 -42.447712 8.367044
v 38.419636 -42.372944 5.208147
v 38.490475 -42.372944 5.224187
v 38.525894 -42.311596 5.231641
v 38.490475 -42.250248 5.223055
v 38.419636 -42.250248 5.207015
v 38.419636 -42.325016 0.146091
v 38.490475 -42.325016 0.146091
v 38.525894 -42.386364 0.146091
v 38.490475 -42.447712 0.146091
v 38.419636 -42.447712 0.146091
v 38.419636 -42.325016 3.426816
v 38.490475 -42.325016 3.426816
v 38.525894 -42.386364 3.426816
v 38.490475 -42.447712 3.426816
v 38.419636 -42.447712 3.426816
v 38.419636 -42.325016 4.125531
v 38.490475 -42.325016 4.125531
v 38.525894 -42.386364 4.125531
v 38.490475 -42.447712 4.125531
v 38.419636 -42.447712 4.125531
v 38.419636 -42.505291 1.258617
v 38.490475 -42.505291 1.272622
v 38.525894 -42.443943 1.279587
v 38.490475 -42.382595 1.272545
v 38.419636 -42.382595 1.258539
v 38.419636 -24.340889 0.146091
v 38.490475 -24.340889 0.146091
v 38.525894 -24.402237 0.146091
v 38.490475 -24.463585 0.146091
v 38.419636 -24.463585 0.146091
v 38.419636 -24.340889 3.426816
v 38.490475 -24.340889 3.426816
v 38.525894 -24.402237 3.426816
v 38.490475 -24.463585 3.426816
v 38.419636 -24.463585 3.426816
v 38.419636 -24.340889 4.125531
v 38.490475 -24.340889 4.125531
v 38.525894 -24.402237 4.125531
v 38.490475 -24.463585 4.125531
v 38.419636 -24.463585 4.125531
v 38.419636 -24.521164 1.258617
v 38.490475 -24.521164 1.272622
v 38.525894 -24.459816 1.279587
v 38.490475 -24.398468 1.272545
v 38.419636 -24.398468 1.258539
v 38.378208 -42.778938 4.372449
v 38.383003 -42.794781 4.727840
v 43.194839 -30.343828 -0.241016
v 43.194839 -30.343828 0.825579
v 43.278851 -30.343828 0.920452
v 43.278851 -30.343828 1.044080
v 42.082771 -30.343828 1.044080
v 43.194839 -30.343828 0.940871
v 43.194843 -44.187817 -0.241016
v 43.194843 -44.187817 0.825579
v 43.194843 -44.187817 0.940871
v 43.278854 -44.229485 0.920452
v 42.082775 -42.940868 1.044080
v 43.278854 -44.229485 1.044080
v 38.378223 -18.642904 7.427675
v 38.378208 -18.642920 7.193400
v 38.378223 -18.642904 8.468252
v 38.378208 -18.642920 4.613418
v 38.619629 -44.187817 -0.241004
v 38.619629 -44.187817 0.825590
v 38.619629 -44.187817 0.940883
v 38.619629 -44.229485 0.920464
v 38.620850 -44.229485 1.044086
v 38.622070 -42.940868 1.044080
v 43.194843 -44.187817 -0.241016
v 43.194843 -44.187817 0.825579
v 43.194843 -44.187817 0.940871
v 43.278854 -44.229485 0.920452
v 43.278854 -44.229485 1.044080
v 38.620850 -44.229485 1.044086
v 43.718025 -45.061413 -0.216846
v 43.718025 -14.669018 -0.216846
v 25.392300 -45.061409 -0.216846
v 25.392307 -14.669016 -0.216846
v 43.718025 -45.061413 -0.771815
v 43.718025 -14.669018 -0.771815
v 25.392300 -45.061409 -0.771815
v 25.392307 -14.669016 -0.771815
v 29.507874 -34.227894 0.104306
v 29.507874 -34.227894 0.341179
v 24.428316 -24.108280 -0.241016
v 24.428316 -24.108280 0.825579
v 24.344307 -24.108280 0.920452
v 24.344307 -24.108280 1.044080
v 24.428314 -46.123409 0.825579
v 24.428314 -46.123409 0.940871
v 25.540382 -46.123409 1.044080
v 24.344305 -46.123409 1.044080
v 29.681461 -34.284130 0.184844
v 29.681461 -35.611973 0.184844
v 43.718025 -45.061413 -0.771815
v 43.718025 -14.669018 -0.771815
v 25.392300 -45.061409 -0.771815
v 25.392307 -14.669016 -0.771815
v 43.718025 -45.061413 -0.216846
v 43.718025 -45.061413 -0.771815
v 25.392300 -45.061409 -0.216846
v 25.392300 -45.061409 -0.771815
v 38.524338 -33.035076 6.001076
v 38.524338 -35.411369 6.001076
v 38.272766 -35.411369 6.001076
v 38.524338 -33.035076 5.937718
v 38.524338 -35.411369 5.937718
v 38.272766 -33.035076 5.937718
v 38.272766 -35.411369 5.937718
v 38.524338 -27.738691 6.001076
v 38.524338 -30.114985 6.001076
v 38.272766 -30.114985 6.001076
v 38.524338 -27.738691 5.937718
v 38.524338 -30.114985 5.937718
v 38.272766 -27.738691 5.937718
v 38.272766 -30.114985 5.937718
v 38.787876 -27.904676 4.372434
v 38.790283 -27.904676 4.727820
v 38.787891 -22.682760 4.372434
v 38.790283 -22.659971 4.612790
v 38.787876 -33.668587 4.372434
v 38.790283 -33.668587 4.727820
v 38.787876 -42.778694 4.372434
v 38.790279 -42.794537 4.727825
v 38.790283 -18.642675 4.613402
v 38.790283 -18.642736 4.319964
v 38.378208 -27.904921 4.372449
v 38.378223 -22.683004 4.372449
v 38.378208 -33.668831 4.372449
v 38.378208 -42.778938 4.372449
v 38.787876 -27.904676 4.372434
v 38.787891 -22.682760 4.372434
v 38.787876 -33.668587 4.372434
v 38.787876 -42.778694 4.372434
vt 0.000000 0.000000
vt 0.000000 0.000000
vt 1.451095 1.625244
vt 1.451095 1.357100
vt 2.208667 1.625230
vt 2.208667 1.356961
vt 0.401813 0.000000
vt 0.405092 0.405092
vt 0.404420 0.322163
vt 0.401813 0.000000
vt 0.405092 0.405092
vt 0.405092 0.405092
vt 0.404686 0.355016
vt 2.208667 1.652578
vt 1.451095 1.652582
vt 0.000000 0.000000
vt 0.000000 0.000000
vt 0.000000 0.000000
vt 0.000000 0.000000
vt 1.512480 1.590594
vt 1.512222 1.590594
vt 1.512480 1.735423
vt 1.506701 1.590594
vt 0.000000 0.000000
vt 0.059915 2.052726
vt 0.300437 2.052726
vt 0.300437 1.839728
vt 0.012819 1.839728
vt 1.227056 0.878781
vt 1.360013 0.878781
vt 1.233125 0.878781
vt 1.353602 0.878781
vt 1.640229 0.849939
vt 1.773186 0.826365
vt 1.773186 0.849939
vt 1.640229 0.826365
vt 1.742631 1.325142
vt 1.743351 1.137942
vt 1.660306 1.240811
vt 1.660306 1.217236
vt 0.404700 0.356650
vt 0.404444 0.325042
vt 0.401813 0.000000
vt 0.000000 0.000000
vt 0.405092 0.405092
vt 1.487520 2.000000
vt 1.509325 2.000000
vt 1.487520 2.000000
vt 1.509325 2.000000
vt 1.720302 1.721558
vt 1.720302 1.690653
vt 1.867639 1.721558
vt 1.867639 1.690653
vt 1.298637 1.246298
vt 1.298637 1.277203
vt -1.327466 -1.391135
vt 2.957746 -1.391135
vt -1.327543 2.187306
vt 2.957669 2.187306
vt 2.327543 2.187307
vt 1.672701 2.187306
vt 1.672701 -1.391135
vt 2.327543 -1.391135
vt 2.300600 2.187306
vt 2.300600 -1.391135
vt 0.393216 -0.000000
vt 0.396495 0.405092
vt 0.396495 0.405092
vt 0.393216 0.000000
vt 0.396495 0.405090
vt 0.393216 0.000002
vt 0.000000 0.000000
vt 1.000000 0.000000
vt 0.000000 1.000000
vt 1.000000 1.000000
vt 0.000000 0.000000
vt 1.001006 0.000004
vt 0.000000 1.000000
vt 1.000003 1.000000
vt 0.981681 1.000000
vt 0.981680 0.000000
vt 1.000000 0.868872
vt 0.981681 0.868873
vt 0.000000 0.868872
vt 1.001006 0.868873
vt 0.000000 0.868872
vt 1.571463 1.232162
vt 1.840466 1.232162
vt 1.571463 1.259404
vt 1.840459 1.259404
vt 1.712229 1.744727
vt 1.712229 1.717486
vt 1.121856 1.288888
vt 1.390977 1.288888
vt 1.712229 1.744727
vt 1.712229 1.717486
vt 1.571463 1.232162
vt 1.840326 1.232162
vt 1.840326 1.259404
vt 1.571463 1.259404
vt 5.257761 -0.042114
vt 5.285100 -0.042040
vt 5.257930 3.224690
vt 5.257930 3.110764
vt 5.284875 3.224692
vt 1.593735 3.224531
vt 1.593735 3.110604
vt -1.071655 -0.042114
vt 1.911189 3.224536
vt -4.690597 3.224536
vt 5.274241 3.110610
vt -1.327543 -0.042114
vt -1.071655 0.377019
vt -1.327543 0.377019
vt 5.257760 2.195676
vt 1.593742 1.815436
vt 5.257760 1.815432
vt -1.009749 1.815436
vt -1.327543 1.815435
vt 5.274235 2.195678
vt -1.327540 2.195679
vt 5.285277 2.196293
vt -1.327543 3.110609
vt -1.009756 0.621695
vt 1.593735 2.195674
vt 5.285277 3.111223
vt 5.285277 1.815746
vt 1.593721 0.377012
vt 5.258332 0.377222
vt 1.593741 -0.042114
vt 5.284789 0.377036
vt 1.606541 1.785948
vt 1.936883 1.785948
vt 1.936884 1.769642
vt 1.606541 1.769642
vt 1.587844 1.225724
vt 1.935710 1.225724
vt 1.935710 1.242030
vt 1.587844 1.242030
vt 1.189044 1.196020
vt 1.270124 1.312292
vt 1.068917 1.244585
vt 1.390252 1.263727
vt 5.257760 2.195676
vt -1.327543 0.621695
vt -1.009754 2.195679
vt -1.327540 2.195679
vt 5.285277 2.196293
vt 1.593742 2.195680
vt 1.593732 0.621691
vt 5.258342 0.622011
vt 1.911189 0.621696
vt 5.284799 0.621727
vt 4.829808 1.713270
vt 4.830052 1.190668
vt 3.715417 1.190605
vt 3.715309 1.713282
vt 3.143303 1.713282
vt 2.028786 1.713284
vt 2.028774 1.190541
vt 3.143349 1.190572
vt 4.829828 -0.153212
vt 4.829829 -0.675948
vt 3.715310 -0.675948
vt 3.715310 -0.153212
vt 3.143304 -0.675948
vt 3.143304 -0.153212
vt 2.028786 -0.675948
vt 2.028786 -0.153212
vt 4.829828 -0.153212
vt 4.829829 -0.675948
vt 3.715310 -0.675948
vt 3.715310 -0.153212
vt 3.143304 -0.675948
vt 3.143304 -0.153212
vt 2.028786 -0.675948
vt 2.028786 -0.153212
vt 4.829828 -0.153212
vt 4.829829 -0.675948
vt 3.715310 -0.675948
vt 3.715310 -0.153212
vt 3.143304 -0.675948
vt 3.143304 -0.153212
vt 2.028786 -0.675948
vt 2.028786 -0.153212
vt 1.879031 0.621696
vt 1.189424 1.196147
vt 1.867639 1.690653
vt 1.867639 1.721558
vt 1.867639 1.690653
vt 1.867639 1.721558
vt 1.177423 1.258700
vt 1.253984 1.328337
vt 1.177423 1.225461
vt 1.253984 1.223947
vt 1.162469 1.225461
vt 1.162469 1.258700
vt 1.177423 1.166898
vt 1.331814 1.166898
vt 1.091800 1.248279
vt 1.764603 2.303449
vt 1.764603 2.334353
vt 2.300600 -1.327543
vt 2.300600 -0.771396
vt 1.672701 -1.327543
vt 2.327543 -1.327543
vt 2.327543 -0.771396
vt -1.327543 -1.327543
vt 2.957669 -1.327543
vt 2.957669 -0.771396
vt -1.327543 -0.771396
vt 1.672701 -0.771396
vt 2.327543 1.565764
vt 2.300600 1.565765
vt 1.672701 1.565763
vt 2.940425 1.565764
vt -1.327543 1.565765
vt 2.957669 1.565764
vt -1.327543 1.565763
vt 0.393216 0.000000
vt 0.396495 0.405092
vt 2.912011 -0.771396
vt 2.912012 -1.327543
vt 2.912011 2.187306
vt 2.912012 1.565764
vt 2.912011 -1.327543
vt 1.593742 -1.166047
vt 1.593743 -1.166047
vt 1.593742 -1.166047
vt 5.257761 -1.166047
vt 5.257761 -1.166047
vt 5.285100 -1.165931
vt -1.327543 -1.179591
vt -1.071655 -1.166047
vt 1.630917 0.813481
vt 1.630917 0.821763
vt 1.841289 0.821763
vt 1.841289 0.813481
vt 2.126802 0.849670
vt 2.337173 0.849670
vt 2.337173 0.857952
vt 2.126802 0.857952
vt 1.630917 0.735034
vt 1.630917 0.743315
vt 1.841289 0.743315
vt 1.841289 0.735034
vt 2.126802 0.771223
vt 2.337173 0.771223
vt 2.337173 0.779504
vt 2.126802 0.779504
vt 1.630917 0.655877
vt 1.630917 0.664159
vt 1.841289 0.664159
vt 1.841289 0.655877
vt 2.126802 0.692066
vt 2.337173 0.692066
vt 2.337173 0.700348
vt 2.126802 0.700348
vt 1.631674 0.915290
vt 1.632683 0.919431
vt 1.632683 0.791394
vt 1.631674 0.787266
vt 1.746327 1.286419
vt 1.746327 1.158380
vt 1.747335 1.162521
vt 1.747356 1.290552
vt 1.631674 0.915290
vt 1.632683 0.919431
vt 1.632683 0.791394
vt 1.631674 0.787266
vt 1.746327 1.286419
vt 1.746327 1.158380
vt 1.747335 1.162521
vt 1.747356 1.290552
vt 1.261681 0.878781
vt 1.360013 0.878781
vt 1.267751 0.878781
vt 1.616862 1.264024
vt 1.709629 1.287598
vt 1.709629 1.264024
vt 1.353602 0.878781
vt 1.616861 1.287598
vt 1.353602 0.878781
vt 1.360013 0.878781
vt 1.726545 0.789669
vt 1.726545 0.766094
vt 1.360013 0.878781
vt 1.353602 0.878781
vt 2.171367 2.226094
vt 2.171367 2.202519
vt 1.716040 1.287598
vt 1.709629 1.264024
vt 1.709629 1.287598
vt 1.716040 1.264024
vt 0.393216 0.000000
vt 0.396495 0.405092
vt 1.246890 0.878781
vt 1.252959 0.878781
vt 1.362675 0.878781
vt 1.601834 1.282236
vt 1.706751 1.264024
vt 1.706751 1.287598
vt 1.344076 0.878781
vt 1.601834 1.287598
vt 1.631674 0.915290
vt 1.632683 0.919431
vt 1.632683 0.791394
vt 1.631674 0.787266
vt 1.746327 1.286419
vt 1.746327 1.158380
vt 1.747335 1.162521
vt 1.747356 1.290552
vt 3.566583 1.865994
vt 3.566583 2.291864
vt 3.566583 2.291864
vt 3.566583 1.865994
vt 3.959650 1.865994
vt 3.959650 2.291864
vt 3.959650 2.291864
vt 3.959650 1.865994
vt 3.566583 2.291864
vt 3.053710 2.725304
vt 4.660001 2.371519
vt 4.716282 2.725304
vt 3.053710 2.371519
vt 3.959650 1.865994
vt 3.959650 2.291864
vt 2.974430 -0.067052
vt 2.974430 0.771284
vt 2.974430 -0.067052
vt 2.974430 0.771284
vt 2.073799 1.332672
vt 1.186008 1.332672
vt 1.186008 1.010307
vt 2.974430 0.771284
vt 2.974430 -0.067052
vt 4.660001 1.010307
vt 4.660001 -0.067052
vt 2.181824 0.345424
vt 2.073799 1.010307
vt 2.073799 -0.067052
vt 2.733693 0.771284
vt 2.574906 0.345424
vt 2.733693 -0.067052
vt 2.574906 0.771284
vt 3.053710 1.453518
vt 2.974430 2.291864
vt 2.974430 1.453518
vt 2.733693 -0.067052
vt 2.733693 0.771284
vt 2.733693 0.771284
vt 2.733693 -0.067052
vt 3.053710 1.010307
vt 2.181824 0.771284
vt 2.574906 0.345424
vt 2.574906 0.771284
vt 2.181824 0.345424
vt 2.181824 0.771284
vt 2.574906 0.345424
vt 2.574906 0.771284
vt 2.181824 0.345424
vt 2.181824 0.771284
vt 1.585530 2.291864
vt 1.186008 2.371519
vt 1.426747 2.291864
vt 2.073799 2.725304
vt 1.186008 2.725304
vt 2.974430 2.291864
vt 2.974430 1.453518
vt 2.974430 1.453518
vt 2.974430 2.291864
vt 2.181824 1.865994
vt 2.073799 2.371519
vt 2.073799 1.453518
vt 2.733693 2.291864
vt 2.574906 1.865994
vt 2.733693 1.453518
vt 2.574906 2.291864
vt 3.053710 1.332672
vt 2.733693 1.453518
vt 2.733693 2.291864
vt 2.733693 2.291864
vt 2.733693 1.453518
vt 2.181824 2.291864
vt 2.574906 1.865994
vt 2.574906 2.291864
vt 2.181824 1.865994
vt 2.181824 2.291864
vt 2.574906 1.865994
vt 2.574906 2.291864
vt 2.181824 1.865994
vt 2.181824 2.291864
vt 1.978615 1.865994
vt 1.978615 2.291864
vt 1.978615 2.291864
vt 1.978615 1.865994
vt 1.585530 1.865994
vt 1.585530 2.291864
vt 1.585530 2.291864
vt 1.978615 0.345424
vt 1.426747 0.771284
vt 1.426747 -0.067052
vt 1.585530 0.345424
vt 1.585530 0.771284
vt 1.186008 0.771284
vt 1.585530 1.865994
vt 1.978615 2.291864
vt 1.426747 -0.067052
vt 1.426747 0.771284
vt 1.426747 0.771284
vt 1.426747 -0.067052
vt 1.978615 0.771284
vt 1.585530 0.345424
vt 1.585530 0.771284
vt 1.978615 0.345424
vt 1.978615 0.771284
vt 1.585530 0.345424
vt 1.585530 0.771284
vt 1.978615 0.345424
vt 1.978615 0.771284
vt 1.978615 1.865994
vt 1.585530 1.865994
vt 1.426747 1.453518
vt 1.186008 2.291864
vt 1.426747 1.453518
vt 1.426747 2.291864
vt 1.426747 2.291864
vt 1.426747 1.453518
vt 3.053710 -0.067052
vt 4.714587 1.323018
vt 3.167057 -0.067052
vt 3.167057 -0.067052
vt 3.167057 0.771284
vt 3.167057 0.771284
vt 3.167057 0.771284
vt 3.167057 -0.067052
vt 3.959650 0.345424
vt 3.407799 0.771284
vt 3.407799 -0.067052
vt 3.566583 0.345424
vt 3.566583 0.771284
vt 3.407799 -0.067052
vt 3.407799 0.771284
vt 3.407799 0.771284
vt 3.407799 -0.067052
vt 3.959650 0.771284
vt 3.566583 0.345424
vt 3.566583 0.771284
vt 3.959650 0.345424
vt 3.959650 0.771284
vt 3.566583 0.345424
vt 3.566583 0.771284
vt 3.959650 0.345424
vt 3.959650 0.771284
vt 3.167057 2.291864
vt 3.053710 2.321124
vt 3.167057 2.291864
vt 3.167057 1.453518
vt 3.167057 1.453518
vt 3.167057 2.291864
vt 3.167057 1.453518
vt 3.407799 2.291864
vt 3.407799 1.453518
vt 3.566583 1.865994
vt 3.407799 1.453518
vt 3.407799 2.291864
vt 3.407799 2.291864
vt 3.407799 1.453518
vt 0.393216 0.000000
vt 0.396495 0.405092
vt -1.009755 0.773590
vt -1.327543 0.776184
vt 5.284861 0.776252
vt 5.258248 0.776671
vt 5.258240 0.776667
vt 1.593662 0.806693
vt 1.593700 0.806711
vt 1.593738 0.806734
vt 1.593742 0.806736
vt 1.911188 0.806735
vt 1.878995 0.806472
vt 1.246890 0.878781
vt 1.252959 0.878781
vt 1.601834 1.157183
vt 1.601834 1.151820
vt 1.246890 0.878781
vt 1.252959 0.878781
vt 1.252959 0.878781
vt 1.246890 0.878781
vt 1.601834 1.287598
vt 1.601834 1.151820
vt 1.601834 1.282236
vt 1.601834 1.157183
vt 0.000000 0.000000
vt 0.000000 0.000000
vt 1.665572 1.314108
vt 1.820410 1.148977
vt 1.198693 1.703177
vt 1.197404 1.704221
vt 1.198636 1.703223
vt 0.294730 2.030424
vt 1.701351 2.030424
vt 1.701351 1.941737
vt 0.294730 1.941737
vt -0.808823 1.751157
vt 0.286886 1.751157
vt 0.286886 1.662470
vt -0.808822 1.662470
vt 0.040503 1.915424
vt 1.397100 1.826738
vt 1.397100 1.915424
vt 0.040503 1.826738
vt 0.000000 0.000000
vt 0.000000 0.000000
vt 1.273442 1.696709
vt 1.273447 1.696767
vt 1.273542 1.697633
vt 1.762315 1.418315
vt 1.744981 1.220887
vt 1.762315 1.220887
vt 1.691626 1.829974
vt 1.691626 1.632546
vt 1.691626 1.632546
vt 1.691626 1.850306
vt 1.762315 1.438647
vt 1.744981 1.438647
vt 1.744981 1.418315
vt 1.762315 1.418315
vt 1.744981 1.220887
vt 1.762315 1.220887
vt 1.691626 1.829974
vt 1.691626 1.632546
vt 1.691626 1.632546
vt 1.674292 1.829974
vt 1.674292 1.632546
vt 1.674292 1.632546
vt 1.691626 1.850306
vt 1.762315 1.438647
vt 1.744981 1.438647
vt 1.744981 1.418315
vt 1.674292 1.850306
vt 1.762315 1.418315
vt 1.744981 1.220887
vt 1.762315 1.220887
vt 1.691626 1.829974
vt 1.691626 1.632546
vt 1.691626 1.632546
vt 1.674292 1.829974
vt 1.674292 1.632546
vt 1.674292 1.632546
vt 1.691626 1.850306
vt 1.762315 1.438647
vt 1.744981 1.438647
vt 1.744981 1.418315
vt 1.674292 1.850306
vt 1.762315 1.418315
vt 1.744981 1.220887
vt 1.762315 1.220887
vt 1.691626 1.829974
vt 1.691626 1.632546
vt 1.691626 1.632546
vt 1.674292 1.829974
vt 1.674292 1.632546
vt 1.674292 1.632546
vt 1.691626 1.850306
vt 1.762315 1.438647
vt 1.744981 1.438647
vt 1.744981 1.418315
vt 1.674292 1.850306
vt 2.083156 1.971323
vt 2.083018 1.655915
vt 0.914114 1.971323
vt 0.914114 2.003469
vt 2.083085 2.003467
vt 0.912735 1.655915
vt 0.912735 1.971501
vt 0.914114 1.655915
vt 0.912736 2.003666
vt 0.800865 2.003877
vt 0.800866 1.971679
vt 0.838036 1.779886
vt 0.838036 1.655915
vt 0.800865 1.779886
vt 1.125764 1.708599
vt 1.125764 1.618777
vt 1.278625 1.618777
vt 1.278625 1.708599
vt 1.125764 1.708599
vt 1.125764 1.615341
vt 1.278625 1.615341
vt 1.278625 1.708599
vt 1.778697 0.780817
vt 1.688874 0.733262
vt 1.778697 0.733262
vt 1.688874 0.780817
vt 1.778697 0.780817
vt 1.685439 0.780817
vt 1.778697 0.733262
vt 1.685439 0.733262
vt 1.788503 1.203455
vt 1.788503 1.303055
vt 1.623641 1.303055
vt 1.623641 1.203455
vt 1.788503 1.203454
vt 1.788503 1.303055
vt 1.623641 1.303055
vt 1.623641 1.203454
vt 1.599690 0.771528
vt 1.862953 0.800187
vt 1.599690 0.800187
vt -0.108941 -0.301346
vt -0.108941 -0.628477
vt 1.599690 0.530044
vt -0.182867 -0.301346
vt -0.182867 -0.628477
vt -0.182867 -0.628477
vt -0.182867 -0.301346
vt -0.108941 -0.301346
vt -0.108941 -0.628477
vt 0.683307 -0.107429
vt -0.182867 -0.272677
vt 2.408700 0.800187
vt 1.599690 0.771528
vt 2.408700 0.771528
vt -0.108941 -0.272677
vt -0.182867 -0.272677
vt 1.599690 0.444387
vt 2.408700 0.444387
vt -0.108941 -0.272677
vt -0.182867 -0.272677
vt -0.182867 -0.272677
vt -0.182867 -0.301346
vt 1.862953 0.530044
vt 1.862953 0.771528
vt 1.599690 0.800187
vt -0.182867 -0.301346
vt -0.182867 -0.628477
vt -0.182867 -0.628477
vt 0.684890 -0.351520
vt -0.182867 -0.272677
vt -0.182867 -0.301346
vt -0.182867 -0.628477
vt -0.181234 -0.272677
vt -0.181427 -0.301346
vt -0.180538 -0.628477
vt -0.182867 -0.272677
vt -0.182867 -0.301346
vt -0.182867 -0.628477
vt -0.182867 -0.272677
vt -0.182867 -0.301346
vt -0.182867 -0.628477
vt 4.633621 1.453518
vt 4.633622 1.797354
vt 1.263736 2.144102
vt 1.339874 2.137514
vt 1.252899 1.327929
vt 1.360013 0.878781
vt 1.353602 0.878781
vt 1.726545 0.789669
vt 1.726545 0.766094
vt 2.311215 1.655915
vt 2.311353 1.971323
vt 2.311281 2.003467
vt 1.360051 0.878781
vt 1.353640 0.878781
vt 1.726545 0.789669
vt 1.726545 0.766094
vt 2.311229 1.655915
vt 2.311367 1.971323
vt 2.311295 2.003467
vt 1.359491 0.878781
vt 1.353344 0.878781
vt 1.726545 0.789669
vt 1.726545 0.766094
vt 2.311229 1.655915
vt 2.311367 1.971323
vt 2.311296 2.003467
vt 2.300600 -1.391135
vt 2.300600 1.565765
vt 1.664139 -1.391136
vt 2.327498 -1.391135
vt 2.327543 1.565764
vt 2.300600 2.187306
vt 1.664139 2.187306
vt 1.664139 1.565763
vt 2.327543 2.187307
vt 1.867639 1.690653
vt 1.867639 1.721558
vt 1.867639 1.721558
vt 1.867639 1.690653
vt 0.983692 0.000000
vt 0.981602 0.868950
vt -0.000079 0.000078
vt 0.981690 1.000000
vt 0.000011 0.868872
vt 0.000010 1.000000
vt 1.712229 1.717487
vt 1.712229 1.744727
vt 0.656173 1.196561
vt 0.906714 1.196561
vt 0.656173 1.383323
vt 0.906714 1.383323
vt 0.673657 0.481702
vt 0.847767 0.481702
vt 0.847767 7.036532
vt 0.673657 7.036532
vt 0.673657 0.481702
vt 0.847767 0.481702
vt 0.847767 7.036532
vt 0.673657 7.036532
vt 0.906714 1.383323
vt 0.656173 1.383323
vt 0.656173 1.196561
vt 0.906714 1.196561
vt 0.673657 0.481702
vt 0.847767 0.481702
vt 0.847767 7.036532
vt 0.673657 7.036532
vt 0.906714 1.383323
vt 0.656173 1.383323
vt 0.656173 1.196561
vt 0.906714 1.196561
vt 0.673657 0.481702
vt 0.847767 0.481702
vt 0.847767 7.036532
vt 0.673657 7.036532
vt 0.906714 1.383323
vt 0.656173 1.383323
vt 0.656173 1.196561
vt 0.906714 1.196561
vt 0.673657 0.481702
vt 0.847767 0.481702
vt 0.847767 7.036532
vt 0.673657 7.036532
vt 0.906714 1.383323
vt 0.656173 1.383323
vt 0.656173 1.196561
vt 0.906714 1.196561
vt 0.673657 0.481702
vt 0.847767 0.481702
vt 0.847767 7.036532
vt 0.673657 7.036532
vt 0.906714 1.383323
vt 0.656173 1.383323
vt 0.656173 1.196561
vt 0.906714 1.196561
vt 0.647636 0.181338
vt 0.839387 0.181338
vt 0.647636 0.373089
vt 0.839387 0.373089
vt 0.647636 0.181338
vt 0.647636 0.373089
vt 0.839387 0.181338
vt 0.839387 0.373089
vt 1.806408 1.745641
vt 1.876101 1.291346
vt 1.876101 1.264683
vt 1.806408 1.718979
vt 1.653050 1.264683
vt 1.653050 1.291346
vt 1.141968 1.758547
vt 1.365020 1.758547
vt 0.647636 0.181338
vt 0.839387 0.181338
vt 0.647636 0.373089
vt 0.839387 0.373089
vt 0.647636 0.181338
vt 0.647636 0.373089
vt 0.839387 0.181338
vt 0.839387 0.373089
vt 1.806408 1.745641
vt 1.876101 1.291346
vt 1.876101 1.264683
vt 1.806408 1.718979
vt 1.653050 1.264683
vt 1.653050 1.291346
vt 1.141968 1.758547
vt 1.365020 1.758547
vt 0.647636 0.181338
vt 0.839387 0.181338
vt 0.647636 0.373089
vt 0.839387 0.373089
vt 0.647636 0.181338
vt 0.647636 0.373089
vt 0.839387 0.181338
vt 0.839387 0.373089
vt 1.806408 1.745641
vt 1.876101 1.291346
vt 1.876101 1.264683
vt 1.806408 1.718979
vt 1.653050 1.264683
vt 1.653050 1.291346
vt 1.141968 1.758547
vt 1.365020 1.758547
vt 1.806408 1.745641
vt 1.876101 1.291346
vt 1.876101 1.264683
vt 1.806408 1.718979
vt 1.653050 1.264683
vt 1.653050 1.291346
vt 1.141968 1.758547
vt 1.365020 1.758547
vt 0.647636 0.181338
vt 0.839387 0.181338
vt 0.647636 0.373089
vt 0.839387 0.373089
vt 0.647636 0.181338
vt 0.647636 0.373089
vt 0.839387 0.181338
vt 0.839387 0.373089
vt 1.806408 1.745641
vt 1.876101 1.291346
vt 1.876101 1.264683
vt 1.806408 1.718979
vt 1.653050 1.264683
vt 1.653050 1.291346
vt 1.141968 1.758547
vt 1.365020 1.758547
vt 0.647636 0.181338
vt 0.839387 0.181338
vt 0.647636 0.373089
vt 0.839387 0.373089
vt 0.647636 0.181338
vt 0.647636 0.373089
vt 0.839387 0.181338
vt 0.839387 0.373089
vt 1.806408 1.745641
vt 1.876101 1.291346
vt 1.876101 1.264683
vt 1.806408 1.718979
vt 1.653050 1.264683
vt 1.653050 1.291346
vt 1.141968 1.758547
vt 1.365020 1.758547
vt 0.647636 0.181338
vt 0.839387 0.181338
vt 0.647636 0.373089
vt 0.839387 0.373089
vt 0.647636 0.181338
vt 0.647636 0.373089
vt 0.839387 0.181338
vt 0.839387 0.373089
vt 1.806408 1.745641
vt 1.876101 1.291346
vt 1.876101 1.264683
vt 1.806408 1.718979
vt 1.653050 1.264683
vt 1.653050 1.291346
vt 1.141968 1.758547
vt 1.365020 1.758547
vt 0.647636 0.181338
vt 0.839387 0.181338
vt 0.647636 0.373089
vt 0.839387 0.373089
vt 0.647636 0.181338
vt 0.647636 0.373089
vt 0.839387 0.181338
vt 0.839387 0.373089
vt 1.806408 1.745641
vt 1.876101 1.291346
vt 1.876101 1.264683
vt 1.806408 1.718979
vt 1.653050 1.264683
vt 1.653050 1.291346
vt 1.141968 1.758547
vt 1.365020 1.758547
vt 0.647636 0.181338
vt 0.839387 0.181338
vt 0.647636 0.373089
vt 0.839387 0.373089
vt 0.647636 0.181338
vt 0.647636 0.373089
vt 0.839387 0.181338
vt 0.839387 0.373089
vt 1.806408 1.745641
vt 1.876101 1.291346
vt 1.876101 1.264683
vt 1.806408 1.718979
vt 1.653050 1.264683
vt 1.653050 1.291346
vt 1.141968 1.758547
vt 1.365020 1.758547
vt 0.647636 0.181338
vt 0.839387 0.181338
vt 0.647636 0.373089
vt 0.839387 0.373089
vt 0.647636 0.181338
vt 0.647636 0.373089
vt 0.839387 0.181338
vt 0.839387 0.373089
vt 1.806408 1.745641
vt 1.876101 1.291346
vt 1.876101 1.264683
vt 1.806408 1.718979
vt 1.653050 1.264683
vt 1.653050 1.291346
vt 1.141968 1.758547
vt 1.365020 1.758547
vt 1.018270 1.527373
vt 0.588690 1.953265
vt 0.588690 1.527373
vt 1.018270 1.953891
vt 2.017277 1.573829
vt 2.017277 2.000370
vt 1.587176 2.000360
vt 1.589255 1.573829
vt 1.018071 2.700326
vt 2.015749 2.700326
vt 2.019395 2.069629
vt 1.018071 2.069629
vt 0.327963 2.000000
vt 0.185023 1.000000
vt 0.185023 2.000000
vt 1.016539 1.048229
vt 1.016539 0.905288
vt 0.327963 1.000000
vt 1.014241 1.985777
vt 1.014241 1.087287
vt 2.013606 1.985777
vt 2.013606 1.985777
vt 2.013606 1.087287
vt 2.013606 1.087287
vt 1.587097 1.000000
vt 1.012018 1.000000
vt 1.587098 0.175912
vt 1.012018 0.128883
vt 0.591518 0.042835
vt 0.591518 0.976882
vt 1.590883 0.069700
vt 1.590883 0.069700
vt 1.590883 0.976882
vt 1.590883 0.976882
vt 1.018784 0.042835
vt 1.028207 0.042835
vt 1.450297 2.000000
vt 1.307356 1.000000
vt 1.307356 2.000000
vt 1.016539 1.048229
vt 1.016539 0.905288
vt 1.450297 1.000000
vt 1.003332 1.000000
vt 2.594406 1.000000
vt 2.022935 1.000000
vt 2.019385 1.015445
vt 1.584153 1.000000
vt 1.003332 1.949556
vt 2.031078 1.949556
vt 2.594406 1.949556
vt 1.645195 2.000001
vt 1.788135 2.000001
vt 1.645195 1.000000
vt 1.788135 1.000000
vt 1.016539 1.048229
vt 1.016539 0.905288
vt 2.010186 1.935433
vt 2.594406 1.000000
vt 2.594405 1.949556
vt 1.018270 1.536909
vt 0.588690 1.962801
vt 0.588690 1.536909
vt 1.018270 1.963427
vt 1.587176 1.539686
vt 2.017277 1.042042
vt 2.017277 1.539697
vt 1.589255 1.042042
vt 1.018071 2.897868
vt 2.015749 2.897868
vt 2.019395 2.091900
vt 1.018071 2.091900
vt 1.452792 2.000000
vt 1.309852 1.000000
vt 1.309852 2.000000
vt 1.016539 1.048229
vt 1.016539 0.905288
vt 1.452792 1.000000
vt 1.014241 1.901651
vt 1.014241 1.031607
vt 2.013606 1.901651
vt 2.013606 1.901651
vt 2.013606 1.031607
vt 2.013606 1.031607
vt 1.587097 1.000000
vt 1.012018 1.000000
vt 1.012018 1.000000
vt 1.587098 1.000000
vt 1.587098 0.175912
vt 1.012018 0.128883
vt 0.591518 0.984163
vt 0.591518 0.114119
vt 1.028798 0.984163
vt 1.018784 0.984163
vt 1.028207 0.984163
vt 1.023427 0.984163
vt 1.590883 0.114119
vt 1.590883 0.959139
vt 1.590883 0.114119
vt 1.590883 0.959139
vt 1.854467 2.000000
vt 1.711527 1.000000
vt 1.711527 2.000000
vt 1.016539 1.048229
vt 1.016539 0.905288
vt 1.854467 1.000000
vt 1.003332 1.000000
vt 2.594406 1.000000
vt 1.003332 1.962715
vt 2.594406 1.974537
vt 2.594406 1.974537
vt 1.003332 1.962715
vt 2.022935 1.000000
vt 2.019385 1.015445
vt 1.584153 1.000000
vt 2.031078 1.974537
vt 1.003332 1.962575
vt 2.031078 1.963416
vt 2.594406 1.963416
vt 1.012229 2.003521
vt 1.012229 2.003521
vt 1.155169 2.003521
vt 1.155169 2.003521
vt 1.012229 1.003521
vt 1.012229 1.003521
vt 1.155169 1.003521
vt 1.155169 1.003521
vt 1.016539 1.048229
vt 1.016539 0.905288
vt 2.005944 1.974537
vt 2.010160 1.984432
vt 2.002129 1.974537
vt 2.021867 1.974537
vt 1.018270 1.504450
vt 0.017584 1.930342
vt 0.017584 1.504450
vt 0.017584 1.504450
vt 0.017584 1.930342
vt 1.018270 1.930968
vt 1.018270 1.930038
vt 1.587176 1.642409
vt 2.017277 1.215878
vt 2.017277 1.642419
vt 1.589255 1.215878
vt 2.017277 1.642419
vt 2.018817 3.003146
vt 1.586244 3.003989
vt 2.017487 3.003989
vt 2.019438 2.478593
vt 1.609947 1.642049
vt 1.586592 2.458598
vt 1.586370 3.001375
vt 1.323865 1.000000
vt 1.323865 2.000000
vt 1.323865 2.000000
vt 1.180925 1.000000
vt 1.180925 1.000000
vt 1.180925 2.000000
vt 1.016539 1.048229
vt 1.016539 0.905288
vt 1.323865 1.000000
vt 1.180925 2.000000
vt 1.015960 1.939631
vt 1.015960 1.796691
vt 1.018270 1.504450
vt 1.018270 1.930968
vt 1.587176 1.642409
vt 1.589255 1.215878
vt 1.459612 1.003521
vt 1.459612 2.003521
vt 1.316671 1.003521
vt 1.316671 2.003521
vt 1.018270 1.536909
vt 0.588690 1.962801
vt 0.588690 1.536909
vt 1.018270 1.963427
vt 1.587176 1.539686
vt 2.017277 1.042042
vt 2.017277 1.539697
vt 1.589255 1.042042
vt 1.018071 2.897868
vt 2.015749 2.897868
vt 2.019395 2.091900
vt 1.018071 2.091900
vt 1.452792 1.000000
vt 1.452792 2.000000
vt 1.452792 2.000000
vt 1.309852 1.000000
vt 1.309852 2.000000
vt 1.016539 1.048229
vt 1.016539 0.905288
vt 1.452792 1.000000
vt 0.000000 0.000000
vt 0.000000 0.000000
vt 0.000000 0.000000
vt 0.000000 0.000000
vt 0.000000 0.000000
vt 0.000000 0.000000
vt 0.000000 0.000000
vt 0.000000 0.000000
vt 0.000000 0.000000
vt 0.000000 0.000000
vt 0.000000 0.000000
vt 0.000000 0.000000
vt 0.000000 0.000000
vt 0.000000 0.000000
vt 0.000000 0.000000
vt 0.000000 0.000000
vt 0.000000 0.000000
vt 0.000000 0.000000
vt 0.000000 0.000000
vt 0.000000 0.000000
vt 0.000000 0.000000
vt 0.000000 0.000000
vt 0.000000 0.000000
vt 0.000000 0.000000
vt 0.000000 0.000000
vt 0.000000 0.000000
vt 0.000000 0.000000
vt 0.000000 0.000000
vt 0.000000 0.000000
vt 0.000000 0.000000
vt 0.000000 0.000000
vt 0.000000 0.000000
vt 0.000000 0.000000
vt 0.000000 0.000000
vt 0.000000 0.000000
vt 0.000000 0.000000
vt 0.000000 0.000000
vt 0.000000 0.000000
vt -0.003190 -0.002757
vt -0.002773 -0.002396
vt -0.004186 -0.003618
vt 0.000000 0.000000
vt 0.000000 0.000000
vt 0.000000 0.000000
vt -1.901992 1.409782
vt -1.915675 1.716045
vt -1.915675 1.409782
vt -1.901992 1.716045
vt -0.361380 1.782479
vt -1.901992 1.782479
vt -0.361380 1.716045
vt 0.592768 1.163604
vt 0.592768 1.716045
vt -0.361380 1.409782
vt 0.592772 1.782479
vt -1.915675 1.782479
vt -2.602465 1.782479
vt -2.602465 1.716045
vt -2.591359 1.782479
vt -2.591359 1.716045
vt -2.602465 1.409782
vt -2.591360 1.409782
vt 1.126058 1.319066
vt 1.168806 1.319066
vt 1.168806 1.302760
vt 1.126058 1.302760
vt 1.623156 1.715915
vt 1.764356 1.715915
vt 1.764356 1.699610
vt 1.623156 1.699610
vt 1.660639 1.277081
vt 1.739825 1.277081
vt 1.739825 1.293387
vt 1.660639 1.293387
vt 1.738153 0.748177
vt 1.738153 0.764482
vt 12.342879 1.716045
vt 12.342879 1.163604
vt 12.342879 1.782479
vt 12.770844 1.716045
vt 12.770844 1.163604
vt 12.770844 1.782479
vt 0.482650 1.459458
vt 0.482650 2.261099
vt 0.360229 1.952721
vt 0.360229 1.459458
vt 2.313118 2.385173
vt 2.190696 2.111625
vt 0.422419 1.782479
vt 0.422428 1.716045
vt 0.422425 1.409782
vt 1.735739 0.748177
vt 1.735739 0.764482
vt 2.695360 1.716045
vt 2.695360 1.782479
vt 2.695360 1.101447
vt -4.599057 1.101447
vt -4.599057 1.716045
vt -4.599057 1.782479
vt 1.736100 0.764482
vt 1.734486 0.748177
vt 1.736100 0.748177
vt 1.734486 0.764482
vt 0.838108 2.111625
vt 0.866598 2.385173
vt -0.453576 2.111626
vt -0.575997 2.385173
vt 1.690636 1.354653
vt 1.796634 1.354653
vt 1.690636 1.172392
vt 1.299541 1.097948
vt 1.422666 1.097948
vt 1.725340 1.291617
vt 1.726027 1.240767
vt 1.791003 1.112610
vt 1.772835 1.302038
vt 1.772835 1.112578
vt 1.791003 1.313900
vt 1.599863 1.313559
vt 1.616840 1.301759
vt 1.599863 1.112269
vt 1.616840 1.112299
vt 1.687499 1.873176
vt 1.607732 1.873176
vt 1.607732 1.686098
vt 1.687499 1.686098
vt 1.607732 1.873176
vt 1.687499 1.873176
vt 1.687499 1.686098
vt 1.607732 1.686098
vt 1.278556 1.303584
vt 1.276872 1.312637
vt 1.051977 1.309706
vt 1.053661 1.300653
vt 1.171425 1.322663
vt 1.171425 1.217588
vt 1.286240 1.219160
vt 1.286240 1.324235
vt 0.000000 0.000000
vt 1.000000 0.000000
vt 0.000000 1.000000
vt 1.000000 1.000000
vt 1.690636 1.354653
vt 1.796634 1.354653
vt 1.690636 1.172392
vt 1.299541 1.097948
vt 1.422666 1.097948
vt 1.725340 1.291617
vt 1.726027 1.240767
vt 1.791003 1.112610
vt 1.772835 1.302038
vt 1.772835 1.112578
vt 1.791003 1.313900
vt 1.599863 1.313559
vt 1.616840 1.301759
vt 1.599863 1.112269
vt 1.616840 1.112299
vt 1.687499 1.873176
vt 1.607732 1.873176
vt 1.607732 1.686098
vt 1.687499 1.686098
vt 1.607732 1.873176
vt 1.687499 1.873176
vt 1.687499 1.686098
vt 1.607732 1.686098
vt 1.278556 1.303584
vt 1.276872 1.312637
vt 1.051977 1.309706
vt 1.053661 1.300653
vt 1.171425 1.322663
vt 1.171425 1.217588
vt 1.286240 1.219160
vt 1.286240 1.324235
vt 0.000000 0.000000
vt 1.000000 0.000000
vt 0.000000 1.000000
vt 1.000000 1.000000
vt 1.690636 1.354653
vt 1.796634 1.354653
vt 1.690636 1.172392
vt 1.299541 1.097948
vt 1.422666 1.097948
vt 1.725340 1.291617
vt 1.726027 1.240767
vt 1.791003 1.112610
vt 1.772835 1.302038
vt 1.772835 1.112578
vt 1.791003 1.313900
vt 1.599863 1.313559
vt 1.616840 1.301759
vt 1.599863 1.112269
vt 1.616840 1.112299
vt 1.687499 1.873176
vt 1.607732 1.873176
vt 1.607732 1.686098
vt 1.687499 1.686098
vt 1.607732 1.873176
vt 1.687499 1.873176
vt 1.687499 1.686098
vt 1.607732 1.686098
vt 1.278556 1.303584
vt 1.276872 1.312637
vt 1.051977 1.309706
vt 1.053661 1.300653
vt 1.171425 1.322663
vt 1.171425 1.217588
vt 1.286240 1.219160
vt 1.286240 1.324235
vt 0.000000 0.000000
vt 1.000000 0.000000
vt 0.000000 1.000000
vt 1.000000 1.000000
vt 1.690636 1.354653
vt 1.796634 1.354653
vt 1.690636 1.172392
vt 1.299541 1.097948
vt 1.422666 1.097948
vt 1.725340 1.291617
vt 1.726027 1.240767
vt 1.791003 1.112610
vt 1.772835 1.302038
vt 1.772835 1.112578
vt 1.791003 1.313900
vt 1.599863 1.313559
vt 1.616840 1.301759
vt 1.599863 1.112269
vt 1.616840 1.112299
vt 1.687499 1.873176
vt 1.607732 1.873176
vt 1.607732 1.686098
vt 1.687499 1.686098
vt 1.607732 1.873176
vt 1.687499 1.873176
vt 1.687499 1.686098
vt 1.607732 1.686098
vt 1.278556 1.303584
vt 1.276872 1.312637
vt 1.051977 1.309706
vt 1.053661 1.300653
vt 1.171425 1.322663
vt 1.171425 1.217588
vt 1.286240 1.219160
vt 1.286240 1.324235
vt 0.000000 0.000000
vt 1.000000 0.000000
vt 0.000000 1.000000
vt 1.000000 1.000000
vt 0.166667 0.000000
vt 0.333333 0.000000
vt 0.500000 0.000000
vt 0.666667 0.000000
vt 0.833333 0.000000
vt 0.166667 1.000000
vt 0.333333 1.000000
vt 0.500000 1.000000
vt 0.666667 1.000000
vt 0.833333 1.000000
vt 0.166667 1.000000
vt 0.333333 1.000000
vt 0.500000 1.000000
vt 0.666667 1.000000
vt 0.833333 1.000000
vt 0.166667 1.000000
vt 0.333333 1.000000
vt 0.500000 1.000000
vt 0.666667 1.000000
vt 0.833333 1.000000
vt 0.166667 1.000000
vt 0.333333 1.000000
vt 0.500000 1.000000
vt 0.666667 1.000000
vt 0.833333 1.000000
vt 0.833333 0.212509
vt 0.666667 0.218250
vt 0.500000 0.220918
vt 0.333333 0.217845
vt 0.166667 0.212104
vt 0.166667 0.000000
vt 0.333333 0.000000
vt 0.500000 0.000000
vt 0.666667 0.000000
vt 0.833333 0.000000
vt 0.166667 1.000000
vt 0.333333 1.000000
vt 0.500000 1.000000
vt 0.666667 1.000000
vt 0.833333 1.000000
vt 0.166667 1.000000
vt 0.333333 1.000000
vt 0.500000 1.000000
vt 0.666667 1.000000
vt 0.833333 1.000000
vt 0.166667 1.000000
vt 0.333333 1.000000
vt 0.500000 1.000000
vt 0.666667 1.000000
vt 0.833333 1.000000
vt 0.166667 1.000000
vt 0.333333 1.000000
vt 0.500000 1.000000
vt 0.666667 1.000000
vt 0.833333 1.000000
vt 0.833333 0.212509
vt 0.666667 0.218250
vt 0.500000 0.220918
vt 0.333333 0.217845
vt 0.166667 0.212104
vt 0.166667 0.000000
vt 0.333333 0.000000
vt 0.500000 0.000000
vt 0.666667 0.000000
vt 0.833333 0.000000
vt 0.166667 1.000000
vt 0.333333 1.000000
vt 0.500000 1.000000
vt 0.666667 1.000000
vt 0.833333 1.000000
vt 0.166667 1.000000
vt 0.333333 1.000000
vt 0.500000 1.000000
vt 0.666667 1.000000
vt 0.833333 1.000000
vt 0.833333 0.339110
vt 0.666667 0.343379
vt 0.500000 0.345502
vt 0.333333 0.343355
vt 0.166667 0.339086
vt 0.166667 0.000000
vt 0.333333 0.000000
vt 0.500000 0.000000
vt 0.666667 0.000000
vt 0.833333 0.000000
vt 0.166667 1.000000
vt 0.333333 1.000000
vt 0.500000 1.000000
vt 0.666667 1.000000
vt 0.833333 1.000000
vt 0.166667 1.000000
vt 0.333333 1.000000
vt 0.500000 1.000000
vt 0.666667 1.000000
vt 0.833333 1.000000
vt 0.833333 0.339110
vt 0.666667 0.343379
vt 0.500000 0.345502
vt 0.333333 0.343355
vt 0.166667 0.339086
vt 4.602473 1.332672
vt 4.530077 1.453518
vt 4.626009 1.363151
vt 4.517404 1.332679
vt 4.633621 1.453518
vt 4.530077 1.453518
vt 1.978615 0.345424
vt 2.073799 -0.067052
vt 2.073799 1.010307
vt 1.426747 0.771284
vt 1.426747 -0.067052
vt 1.585530 0.345424
vt 1.186008 1.010307
vt 1.585530 0.771284
vt 1.186008 0.771284
vt 1.426747 -0.067052
vt 1.426747 0.771284
vt 1.426747 0.771284
vt 1.426747 -0.067052
vt 1.978615 0.771284
vt 1.585530 0.345424
vt 1.585530 0.771284
vt 1.978615 0.345424
vt 1.978615 0.771284
vt 3.053710 1.332672
vt 2.073799 1.332672
vt 3.053710 1.010307
vt 2.733693 0.771284
vt 2.974430 0.771284
vt 2.733693 -0.067052
vt 2.733693 0.771284
vt 2.733693 -0.067052
vt 2.181824 0.345424
vt 2.181824 0.771284
vt 2.181824 0.771284
vt 2.181824 0.345424
vt 2.574906 0.345424
vt 2.574906 0.771284
vt 2.574906 0.771284
vt 2.574906 0.345424
vt 2.181824 0.771284
vt 2.181824 0.345424
vt 2.574906 0.771284
vt 2.574906 0.345424
vt 2.733693 -0.067052
vt 2.733693 0.771284
vt 1.585530 0.345424
vt 1.585530 0.771284
vt 1.978615 0.345424
vt 1.978615 0.771284
vt 2.974430 -0.067052
vt 2.974430 -0.067052
vt 2.974430 0.771284
vt 1.186008 1.332672
vt 2.974430 0.771284
vt 2.974430 -0.067052
vt 3.053710 -0.067052
vt 3.167057 -0.067052
vt 3.167057 -0.067052
vt 3.167057 0.771284
vt 3.167057 0.771284
vt 3.167057 0.771284
vt 3.167057 -0.067052
vt 3.959650 0.345424
vt 4.660001 -0.067052
vt 4.660001 1.010307
vt 3.407799 0.771284
vt 3.407799 -0.067052
vt 3.566583 0.345424
vt 3.566583 0.771284
vt 3.407799 -0.067052
vt 3.407799 0.771284
vt 3.407799 0.771284
vt 3.407799 -0.067052
vt 3.959650 0.771284
vt 3.566583 0.345424
vt 3.566583 0.771284
vt 3.959650 0.345424
vt 3.959650 0.771284
vt 3.566583 0.345424
vt 3.566583 0.771284
vt 3.959650 0.345424
vt 3.959650 0.771284
vt 4.602473 1.332672
vt 4.714587 1.323018
vt 0.166667 0.212104
vt 0.333333 1.000000
vt 0.166667 1.000000
vt 0.166667 0.000000
vt 0.333333 0.000000
vt 0.333333 0.217845
vt 0.666667 0.000000
vt 0.833333 0.000000
vt 0.833333 0.212509
vt 0.666667 0.218250
vt 0.833333 1.000000
vt 0.666667 1.000000
vt 0.500000 0.000000
vt 0.500000 0.220918
vt 0.500000 1.000000
vt 0.333333 1.000000
vt 0.166667 1.000000
vt 0.500000 1.000000
vt 0.666667 1.000000
vt 0.833333 1.000000
vt 0.333333 1.000000
vt 0.166667 1.000000
vt 0.500000 1.000000
vt 0.666667 1.000000
vt 0.833333 1.000000
vt 0.333333 1.000000
vt 0.166667 1.000000
vt 0.500000 1.000000
vt 0.666667 1.000000
vt 0.833333 1.000000
vt 0.166667 0.212104
vt 0.333333 1.000000
vt 0.166667 1.000000
vt 0.166667 0.000000
vt 0.333333 0.000000
vt 0.333333 0.217845
vt 0.666667 0.000000
vt 0.833333 0.000000
vt 0.833333 0.212509
vt 0.666667 0.218250
vt 0.833333 1.000000
vt 0.666667 1.000000
vt 0.500000 0.000000
vt 0.500000 0.220918
vt 0.500000 1.000000
vt 0.333333 1.000000
vt 0.166667 1.000000
vt 0.500000 1.000000
vt 0.666667 1.000000
vt 0.833333 1.000000
vt 0.333333 1.000000
vt 0.166667 1.000000
vt 0.500000 1.000000
vt 0.666667 1.000000
vt 0.833333 1.000000
vt 0.333333 1.000000
vt 0.166667 1.000000
vt 0.500000 1.000000
vt 0.666667 1.000000
vt 0.833333 1.000000
vt 0.166667 0.339086
vt 0.333333 1.000000
vt 0.166667 1.000000
vt 0.166667 0.000000
vt 0.333333 0.000000
vt 0.333333 0.343355
vt 0.666667 0.000000
vt 0.833333 0.000000
vt 0.833333 0.339110
vt 0.666667 0.343379
vt 0.833333 1.000000
vt 0.666667 1.000000
vt 0.500000 0.000000
vt 0.500000 0.345502
vt 0.500000 1.000000
vt 0.333333 1.000000
vt 0.166667 1.000000
vt 0.500000 1.000000
vt 0.666667 1.000000
vt 0.833333 1.000000
vt 0.166667 0.339086
vt 0.333333 1.000000
vt 0.166667 1.000000
vt 0.166667 0.000000
vt 0.333333 0.000000
vt 0.333333 0.343355
vt 0.666667 0.000000
vt 0.833333 0.000000
vt 0.833333 0.339110
vt 0.666667 0.343379
vt 0.833333 1.000000
vt 0.666667 1.000000
vt 0.500000 0.000000
vt 0.500000 0.345502
vt 0.500000 1.000000
vt 0.333333 1.000000
vt 0.166667 1.000000
vt 0.500000 1.000000
vt 0.666667 1.000000
vt 0.833333 1.000000
vt 4.517404 1.332679
vt 4.626009 1.363151
vt 0.396495 0.405090
vt 0.393216 0.000002
vt 0.393216 -0.000000
vt 0.396495 0.405092
vt 0.396495 0.405092
vt 0.393216 0.000000
vt 0.396495 0.405092
vt 0.393216 0.000000
vt 1.772835 1.302038
vt 1.791003 1.112610
vt 1.791003 1.313900
vt 1.772835 1.112578
vt 1.599863 1.313559
vt 1.286240 1.324235
vt 1.171425 1.322663
vt 1.286240 1.219160
vt 1.616840 1.301759
vt 1.599863 1.112269
vt 1.171425 1.217588
vt 1.299541 1.097948
vt 1.422666 1.097948
vt 1.796634 1.354653
vt 1.690636 1.354653
vt 1.725340 1.291617
vt 1.616840 1.112299
vt 1.687499 1.686098
vt 1.607732 1.686098
vt 1.607732 1.873176
vt 1.687499 1.873176
vt 1.607732 1.686098
vt 1.687499 1.686098
vt 1.687499 1.873176
vt 1.607732 1.873176
vt 1.690636 1.172392
vt 1.726027 1.240767
vt 1.278556 1.303584
vt 1.276872 1.312637
vt 1.051977 1.309706
vt 1.053661 1.300653
vt 1.051977 1.309706
vt 1.053661 1.300653
vt 1.278556 1.303584
vt 1.276872 1.312637
vt 1.690636 1.354653
vt 1.690636 1.172392
vt 1.726027 1.240767
vt 1.599863 1.313559
vt 1.616840 1.301759
vt 1.772835 1.302038
vt 1.687499 1.873176
vt 1.607732 1.873176
vt 1.607732 1.686098
vt 1.687499 1.686098
vt 1.607732 1.873176
vt 1.687499 1.873176
vt 1.687499 1.686098
vt 1.607732 1.686098
vt 1.599863 1.112269
vt 1.616840 1.112299
vt 1.796634 1.354653
vt 1.725340 1.291617
vt 1.422666 1.097948
vt 1.299541 1.097948
vt 1.171425 1.322663
vt 1.171425 1.217588
vt 1.286240 1.219160
vt 1.286240 1.324235
vt 1.791003 1.313900
vt 1.791003 1.112610
vt 1.772835 1.112578
vt -1.327543 -1.327543
vt 2.912012 1.565764
vt -1.327543 1.565765
vt 2.912011 2.187306
vt -1.327543 2.187306
vt 2.912011 -1.327543
vt 0.673657 0.481702
vt 0.847767 0.481702
vt 0.847767 7.036532
vt 0.673657 7.036532
vt 0.906714 1.383323
vt 0.656173 1.383323
vt 0.656173 1.196561
vt 0.906714 1.196561
vt 0.673657 0.481702
vt 0.847767 0.481702
vt 0.847767 7.036532
vt 0.673657 7.036532
vt 0.906714 1.383323
vt 0.656173 1.383323
vt 0.656173 1.196561
vt 0.906714 1.196561
vt 0.673657 0.481702
vt 0.847767 0.481702
vt 0.847767 7.036532
vt 0.673657 7.036532
vt 0.906714 1.383323
vt 0.656173 1.383323
vt 0.656173 1.196561
vt 0.906714 1.196561
vt 0.673657 0.481702
vt 0.847767 0.481702
vt 0.847767 7.036532
vt 0.673657 7.036532
vt 0.906714 1.383323
vt 0.656173 1.383323
vt 0.656173 1.196561
vt 0.906714 1.196561
vt 0.673657 0.481702
vt 0.847767 0.481702
vt 0.847767 7.036532
vt 0.673657 7.036532
vt 0.906714 1.383323
vt 0.656173 1.383323
vt 0.656173 1.196561
vt 0.906714 1.196561
vt 0.673657 0.481702
vt 0.847767 0.481702
vt 0.847767 7.036532
vt 0.673657 7.036532
vt 0.906714 1.383323
vt 0.656173 1.383323
vt 0.656173 1.196561
vt 0.906714 1.196561
vt 1.365020 1.758547
vt 1.141968 1.758547
vt 0.647636 0.373089
vt 0.647636 0.181338
vt 0.647636 0.181338
vt 0.647636 0.373089
vt 0.839387 0.181338
vt 0.839387 0.181338
vt 0.839387 0.373089
vt 0.839387 0.373089
vt 1.806408 1.718979
vt 1.806408 1.745641
vt 1.876101 1.291346
vt 1.653050 1.291346
vt 1.653050 1.264683
vt 1.876101 1.264683
vt 1.365020 1.758547
vt 1.141968 1.758547
vt 1.806408 1.718979
vt 1.806408 1.745641
vt 1.876101 1.291346
vt 1.653050 1.291346
vt 1.653050 1.264683
vt 1.876101 1.264683
vt 1.365020 1.758547
vt 1.141968 1.758547
vt 0.647636 0.373089
vt 0.647636 0.181338
vt 0.647636 0.181338
vt 0.647636 0.373089
vt 0.839387 0.181338
vt 0.839387 0.181338
vt 0.839387 0.373089
vt 0.839387 0.373089
vt 1.806408 1.718979
vt 1.806408 1.745641
vt 1.876101 1.291346
vt 1.653050 1.291346
vt 1.653050 1.264683
vt 1.876101 1.264683
vt 1.365020 1.758547
vt 1.141968 1.758547
vt 0.647636 0.373089
vt 0.647636 0.181338
vt 0.647636 0.181338
vt 0.647636 0.373089
vt 0.839387 0.181338
vt 0.839387 0.181338
vt 0.839387 0.373089
vt 0.839387 0.373089
vt 1.806408 1.705480
vt 1.806408 1.732142
vt 1.876101 1.277847
vt 1.653050 1.277847
vt 1.653050 1.251184
vt 1.876101 1.251184
vt 0.647636 0.373089
vt 0.647636 0.181338
vt 0.647636 0.181338
vt 0.647636 0.373089
vt 0.839387 0.181338
vt 0.839387 0.181338
vt 0.839387 0.373089
vt 0.839387 0.373089
vt 0.647636 0.373089
vt 0.647636 0.181338
vt 0.647636 0.181338
vt 0.647636 0.373089
vt 0.839387 0.181338
vt 0.839387 0.181338
vt 0.839387 0.373089
vt 0.839387 0.373089
vt 1.309852 2.000000
vt 1.309852 1.000000
vt 1.452792 1.000000
vt 1.586244 3.003989
vt 1.586592 2.458598
vt 2.019438 2.478593
vt 1.609947 1.642049
vt 1.587176 1.642409
vt 2.017277 1.642419
vt 1.018071 2.897868
vt 2.019395 2.091900
vt 2.015749 2.897868
vt 1.016539 0.905288
vt 1.016539 1.048229
vt 1.452792 2.000000
vt 1.452792 1.000000
vt 1.018270 1.536909
vt 1.018270 1.963427
vt 0.588690 1.962801
vt 1.452792 2.000000
vt 2.017487 3.003989
vt 1.018270 1.504450
vt 1.018270 1.930968
vt 0.017584 1.930342
vt 2.018817 3.003146
vt 1.018071 2.897868
vt 1.018071 2.091900
vt 2.019395 2.091900
vt 2.017277 1.642419
vt 2.015749 2.897868
vt 1.018270 1.536909
vt 1.018270 1.963427
vt 0.588690 1.962801
vt 1.589255 1.215878
vt 2.017277 1.215878
vt 1.587176 1.539686
vt 1.589255 1.042042
vt 2.017277 1.042042
vt 2.017277 1.539697
vt 0.017584 1.930342
vt 1.018270 1.930038
vt 0.017584 1.504450
vt 0.017584 1.504450
vt 0.588690 1.536909
vt 1.589255 1.215878
vt 1.587176 1.642409
vt 1.018270 1.930968
vt 1.018270 1.504450
vt 1.015960 1.939631
vt 1.015960 1.796691
vt 1.180925 2.000000
vt 1.180925 2.000000
vt 1.180925 1.000000
vt 1.016539 0.905288
vt 1.016539 1.048229
vt 1.323865 2.000000
vt 1.323865 1.000000
vt 1.323865 1.000000
vt 1.028207 0.984163
vt 1.018784 0.984163
vt 0.591518 0.984163
vt 1.023427 0.984163
vt 1.028798 0.984163
vt 1.590883 0.959139
vt 0.591518 0.114119
vt 1.316671 1.003521
vt 1.316671 2.003521
vt 1.590883 0.959139
vt 1.590883 0.114119
vt 1.590883 0.114119
vt 1.016539 1.048229
vt 1.016539 0.905288
vt 2.031078 1.974537
vt 2.594406 1.974537
vt 2.594406 1.974537
vt 2.031078 1.963416
vt 2.010160 1.984432
vt 2.019385 1.015445
vt 1.587176 1.539686
vt 1.589255 1.042042
vt 2.017277 1.042042
vt 2.017277 1.539697
vt 1.854467 1.000000
vt 1.854467 2.000000
vt 1.711527 2.000000
vt 1.016539 1.048229
vt 1.016539 0.905288
vt 1.012018 1.000000
vt 1.587097 1.000000
vt 1.587098 0.175912
vt 1.012018 0.128883
vt 1.012018 1.000000
vt 1.587098 1.000000
vt 2.013606 1.901651
vt 2.013606 1.901651
vt 2.013606 1.031607
vt 2.013606 1.031607
vt 1.014241 1.901651
vt 1.014241 1.031607
vt 1.711527 1.000000
vt 1.180925 1.000000
vt 1.309852 2.000000
vt 1.309852 1.000000
vt 1.452792 1.000000
vt 1.003332 1.962715
vt 2.005944 1.974537
vt 2.002129 1.974537
vt 1.016539 0.905288
vt 1.016539 1.048229
vt 1.459612 1.003521
vt 1.459612 2.003521
vt 1.452792 2.000000
vt 1.003332 1.962715
vt 2.021867 1.974537
vt 1.584153 1.000000
vt 2.594406 1.000000
vt 2.594406 1.963416
vt 2.022935 1.000000
vt 1.012229 2.003521
vt 1.012229 1.003521
vt 1.155169 1.003521
vt 1.586370 3.001375
vt 1.018071 2.091900
vt 1.012229 2.003521
vt 1.012229 1.003521
vt 1.155169 2.003521
vt 1.155169 1.003521
vt 1.155169 2.003521
vt 1.003332 1.962575
vt 1.003332 1.000000
vt 1.323865 2.000000
vt 0.588690 1.536909
vt 0.000000 0.000000
vt 1.000000 0.000000
vt 1.000000 1.000000
vt 0.000000 1.000000
vt 0.000000 0.000000
vt 1.000000 0.000000
vt 1.000000 1.000000
vt 0.000000 1.000000
vt 0.163567 2.111626
vt 0.866598 2.385173
vt 0.041146 2.385173
vt 0.907110 2.111625
vt -1.478500 1.101447
vt 3.108520 1.716045
vt -1.478500 1.716045
vt 3.108520 1.101447
vt 3.108520 1.782479
vt -1.478500 1.782479
vt 1.735177 0.748177
vt 1.736195 0.764482
vt 1.735177 0.764482
vt 1.736195 0.748177
vt 4.995495 1.101454
vt 4.995495 1.716051
vt 4.995495 1.782486
vt 1.736192 0.748178
vt 1.736192 0.764484
vt 0.949026 3.176628
vt 1.018026 3.176621
vt 0.713364 -2.597735
vt 0.713370 17.153511
vt 9.112413 4.869146
vt 5.818616 4.869146
vt 9.112425 9.686621
vt 5.818618 9.686626
vt 1.014776 11.453239
vt 1.014776 2.419339
vt 0.014775 2.419339
vt 0.014775 11.453239
vt 2.000003 7.192459
vt 2.000003 -4.192465
vt 1.000003 -4.192465
vt 1.000003 7.192459
vt 1.365020 1.758547
vt 1.141968 1.758547
vt 1.806408 1.705480
vt 1.806408 1.732142
vt 1.876101 1.277847
vt 1.653050 1.277847
vt 1.653050 1.251184
vt 1.876101 1.251184
vt 1.365020 1.758547
vt 1.141968 1.758547
vt 1.806408 1.705480
vt 1.806408 1.732142
vt 1.876101 1.277847
vt 1.653050 1.277847
vt 1.653050 1.251184
vt 1.876101 1.251184
vt 2.073757 1.332672
vt 3.053669 1.332672
vt 1.185966 1.332672
vt 2.073757 1.453518
vt 3.067101 1.445175
vt 1.179568 1.414126
vt 1.184592 1.414326
vt 0.499179 1.414318
vt 4.602431 1.332672
vt 4.530038 1.453205
vt 4.517608 1.334545
vt 2.073757 1.453518
vt 3.067101 1.445175
vt 1.182548 1.414257
vt 1.188483 1.414326
vt 0.499197 1.414318
vt 4.527504 1.453192
vt 0.092970 1.572958
vt 0.497757 1.572958
vt 1.014383 1.903619
vt 1.014383 1.633722
vt 0.497757 1.248102
vt 1.014383 0.933455
vt 0.092970 1.248102
vt -0.247287 0.933456
vt -0.361719 1.167477
vt -0.361052 0.933456
vt 1.977555 1.572958
vt -0.361719 1.633722
vt -0.361719 1.903619
vt 3.262688 1.633722
vt 2.359578 1.903619
vt 1.566978 1.633722
vt 1.455708 1.572958
vt 1.455708 1.248102
vt 1.050923 1.572958
vt 1.050923 1.248102
vt 2.359578 0.933455
vt 1.977555 1.248102
vt 3.262688 1.903619
vt 2.382341 1.572958
vt 3.275295 1.572958
vt 2.382341 1.248102
vt 3.277802 0.903619
vt 3.981136 0.903778
vt 3.981136 1.572955
vt 3.981138 1.633719
vt 3.981138 1.903616
vn -0.000001 -1.000000 -0.000005
vn 0.000001 -1.000000 0.000000
vn 0.000000 -1.000000 -0.000000
vn 0.000001 -1.000000 -0.000012
vn -0.707102 0.000000 0.707111
vn 0.000000 0.000000 -1.000000
vn 0.000000 -0.000000 -1.000000
vn -1.000000 0.000000 0.000014
vn 0.000000 0.000000 -1.000000
vn -0.707107 -0.000000 -0.707107
vn -1.000000 -0.000000 0.000000
vn -0.577348 -0.577348 -0.577356
vn -0.707106 -0.707108 0.000000
vn 0.000012 -0.707103 -0.707111
vn 0.000007 -1.000000 0.000005
vn 0.000010 -1.000000 -0.000096
vn -0.000013 -1.000000 0.000012
vn 0.000000 -1.000000 -0.000014
vn 0.000000 -1.000000 -0.000014
vn 0.000000 -1.000000 0.000006
vn 0.000000 -1.000000 0.000006
vn -0.707106 0.000000 0.707107
vn -0.577349 -0.577352 0.577350
vn 0.000000 0.000000 1.000000
vn 0.000001 -0.707114 0.707099
vn 0.000000 0.000000 1.000000
vn 0.000000 -0.707103 0.707111
vn 0.000000 0.000000 1.000000
vn 0.000001 -0.316228 0.948683
vn -1.000000 0.000000 0.000000
vn -0.707105 -0.707109 0.000000
vn 0.000003 -1.000000 -0.000019
vn 0.000000 -1.000000 0.000011
vn 0.000003 -1.000000 0.000002
vn 0.000000 0.000000 -1.000000
vn -0.707045 -0.707169 -0.000012
vn -1.000000 -0.000000 0.000000
vn -1.000000 0.000000 0.000000
vn -1.000000 0.000000 0.000000
vn -1.000000 0.000000 0.000000
vn -1.000000 0.000000 0.000000
vn 0.000015 -1.000000 -0.000025
vn 0.000099 -1.000000 -0.000021
vn 0.000006 -0.707109 -0.707104
vn 0.000009 -1.000000 -0.000048
vn 0.000000 0.000000 -1.000000
vn 0.000000 0.000000 -1.000000
vn 0.000000 0.000000 -1.000000
vn 0.000000 0.000000 -1.000000
vn 0.000000 0.707101 -0.707112
vn 0.000000 1.000000 0.000000
vn -0.577341 0.577352 -0.577358
vn -0.707113 0.707100 -0.000021
vn -0.577335 -0.577359 -0.577357
vn -0.707106 -0.707107 -0.000021
vn -0.706999 -0.707215 0.000178
vn -0.971040 0.238915 0.000000
vn 0.000000 1.000000 0.000000
vn -0.706944 -0.707270 0.000000
vn 0.757698 -0.652605 0.000000
vn -0.707107 0.707106 0.000000
vn 0.000000 1.000000 0.000000
vn -1.000000 0.000000 0.000000
vn -1.000000 -0.000016 0.000000
vn -0.707106 0.707107 0.000000
vn -0.707107 0.707106 0.000000
vn -1.000000 0.000000 0.000000
vn -1.000000 0.000000 0.000000
vn 0.000000 1.000000 0.000000
vn 0.000000 1.000000 0.000000
vn -0.707094 -0.707120 0.000000
vn 0.000000 -1.000000 0.000000
vn -1.000000 0.000008 -0.000009
vn -0.707107 -0.707106 0.000000
vn 0.000000 -1.000000 0.000000
vn -1.000000 0.000000 0.000000
vn -1.000000 0.000000 0.000000
vn -1.000000 -0.000020 -0.000004
vn 0.000000 -1.000000 0.000000
vn -1.000000 0.000000 0.000000
vn -1.000000 0.000000 0.000000
vn -0.707107 -0.707107 0.000000
vn -0.707107 -0.707107 0.000000
vn -1.000000 -0.000003 0.000002
vn -1.000000 0.000008 0.000006
vn 0.000000 -1.000000 0.000000
vn 0.000000 -1.000000 0.000000
vn -1.000000 0.000000 0.000000
vn -1.000000 0.000000 0.000000
vn -0.885619 -0.464412 0.000000
vn -0.707108 0.707106 0.000003
vn -1.000000 -0.000015 0.000003
vn -0.707095 -0.707119 0.000000
vn 0.000000 -1.000000 0.000000
vn -1.000000 0.000008 0.000006
vn -1.000000 -0.000020 0.000003
vn -0.707095 -0.707118 0.000000
vn 0.000000 -1.000000 0.000000
vn -1.000000 0.000000 0.000000
vn -1.000000 -0.000017 0.000000
vn -0.707094 -0.707119 0.000000
vn 0.000000 -1.000000 0.000000
vn -0.577350 -0.577350 -0.577350
vn 0.000000 -0.707107 -0.707107
vn -0.707107 0.000000 -0.707107
vn 0.000000 0.000000 -1.000000
vn -0.707107 -0.707107 0.000000
vn 0.000000 -1.000000 0.000000
vn -1.000000 0.000000 0.000000
vn -1.000000 0.000000 0.000000
vn -1.000000 0.000000 0.000000
vn -0.707107 -0.707107 0.000000
vn 0.000000 -1.000000 0.000000
vn -1.000000 -0.000006 0.000033
vn -1.000000 -0.000008 -0.000007
vn -1.000000 -0.000003 -0.000012
vn -1.000000 -0.000009 -0.000046
vn -1.000000 -0.000003 0.000065
vn -1.000000 0.000009 0.000035
vn -1.000000 0.000012 -0.000009
vn -1.000000 -0.000009 -0.000039
vn -0.948689 0.316211 0.000033
vn -0.948690 0.316208 -0.000005
vn -0.948678 -0.316242 -0.000009
vn -0.948679 -0.316241 0.000040
vn -0.948689 0.316210 -0.000025
vn -0.948690 0.316209 0.000139
vn -0.948683 -0.316229 -0.000004
vn -0.948683 -0.316229 0.000027
vn -0.000058 1.000000 0.000000
vn -0.000058 1.000000 0.000000
vn 0.000058 -1.000000 0.000000
vn 0.000058 -1.000000 0.000000
vn -0.000058 1.000000 0.000000
vn -0.000058 1.000000 0.000000
vn 0.000058 -1.000000 0.000000
vn 0.000058 -1.000000 0.000000
vn 0.000000 1.000000 0.000000
vn 0.000000 1.000000 0.000000
vn 0.000000 -1.000000 0.000000
vn 0.000000 -1.000000 0.000000
vn 0.000000 1.000000 0.000000
vn 0.000000 1.000000 0.000000
vn 0.000000 -1.000000 0.000000
vn 0.000000 -1.000000 0.000000
vn -0.707125 -0.707088 0.000000
vn 0.668218 -0.743966 0.000000
vn -1.000000 -0.000001 -0.000001
vn -0.707107 -0.707107 0.000000
vn 0.668180 -0.744000 0.000000
vn -1.000000 0.000000 0.000000
vn -0.577351 -0.577349 -0.577351
vn -0.000001 -0.706936 -0.707277
vn -0.707107 0.000000 -0.707107
vn 0.000000 0.000000 -1.000000
vn -0.707108 -0.707106 0.000000
vn -0.000002 -1.000000 -0.000000
vn -1.000000 0.000000 0.000000
vn -1.000000 0.000000 0.000000
vn -1.000000 0.000025 -0.000001
vn -0.707107 -0.707107 -0.000001
vn -1.000000 -0.000000 -0.000001
vn -1.000000 0.000000 0.000000
vn 0.668180 -0.744000 -0.000001
vn -0.707107 -0.707107 0.000000
vn 0.000000 -1.000000 0.000000
vn -1.000000 0.000000 0.000000
vn -0.707107 -0.707107 0.000000
vn 0.000000 -1.000000 0.000000
vn -1.000000 0.000000 0.000000
vn -0.707107 -0.707107 0.000000
vn 0.000000 -1.000000 0.000000
vn -1.000000 0.000000 0.000000
vn -0.707107 -0.707107 0.000000
vn 0.000000 -1.000000 0.000000
vn -1.000000 0.000000 0.000000
vn 0.000000 1.000000 0.000000
vn 0.000000 0.000000 -1.000000
vn -0.300261 -0.300268 -0.905363
vn -0.707100 -0.707114 0.000000
vn -0.577351 -0.577350 -0.577350
vn -0.707106 -0.707107 0.000000
vn 0.000000 -0.706452 -0.707761
vn 0.000000 -0.000000 -1.000000
vn 0.000000 -1.000000 0.000007
vn -0.707095 -0.707119 0.000000
vn 0.000000 -1.000000 0.000000
vn -0.707103 0.707110 0.000001
vn 0.000000 1.000000 0.000000
vn -0.707107 -0.707107 0.000001
vn 0.000000 -1.000000 0.000000
vn -0.707107 0.707107 0.000000
vn 0.000000 1.000000 0.000000
vn -1.000000 0.000000 0.000001
vn -1.000000 -0.000016 0.000001
vn -0.706944 -0.707270 0.000000
vn -1.000000 0.000000 0.000000
vn -0.707106 0.707107 0.000000
vn 0.000000 1.000000 0.000000
vn 0.757717 -0.652583 0.000135
vn -1.000000 0.000000 0.000000
vn -1.000000 -0.000001 -0.000001
vn -0.707107 0.707107 -0.000000
vn -0.948682 0.316232 -0.000002
vn -0.948684 -0.316227 -0.000002
vn -0.707106 -0.707108 0.000000
vn 0.000000 1.000000 0.000000
vn 0.000000 1.000000 0.000000
vn 0.000000 -1.000000 0.000000
vn 0.000000 -1.000000 0.000000
vn 0.000000 1.000000 0.000000
vn 0.000000 1.000000 0.000000
vn 0.000000 -1.000000 0.000000
vn 0.000000 -1.000000 0.000000
vn -0.948683 0.316228 0.000000
vn -0.948683 -0.316228 0.000000
vn -0.948683 0.316228 0.000000
vn -0.948683 -0.316228 0.000000
vn 0.000000 1.000000 0.000000
vn 0.000000 -1.000000 0.000000
vn 0.000000 1.000000 0.000000
vn 0.000000 -1.000000 0.000000
vn 0.000000 1.000000 0.000000
vn 0.000000 -1.000000 0.000000
vn 0.000000 1.000000 0.000000
vn 0.000000 -1.000000 0.000000
vn -1.000000 -0.000002 0.000000
vn -0.999979 0.003705 -0.005402
vn -1.000000 0.000000 0.000000
vn -0.999997 0.001236 -0.002284
vn -1.000000 0.000000 0.000000
vn -0.707104 0.707110 0.000000
vn -0.948681 0.316236 -0.000027
vn -0.948684 -0.316227 -0.000021
vn -0.707107 -0.707107 0.000000
vn 0.000000 1.000000 0.000000
vn 0.000000 1.000000 0.000000
vn 0.000000 -1.000000 0.000000
vn 0.000000 -1.000000 0.000000
vn 0.000000 1.000000 0.000000
vn 0.000000 1.000000 0.000000
vn 0.000000 -1.000000 0.000000
vn 0.000000 -1.000000 0.000000
vn -0.948683 0.316228 0.000000
vn -0.948683 -0.316228 0.000000
vn -0.948683 0.316228 0.000000
vn -0.948683 -0.316228 0.000000
vn 0.000000 1.000000 0.000000
vn 0.000000 -1.000000 0.000000
vn 0.000000 1.000000 0.000000
vn 0.000000 -1.000000 0.000000
vn 0.000000 1.000000 0.000000
vn 0.000000 -1.000000 0.000000
vn 0.000000 1.000000 0.000000
vn 0.000000 -1.000000 0.000000
vn -1.000000 -0.000000 0.000000
vn -1.000000 -0.000000 -0.000001
vn -1.000000 -0.000002 -0.000011
vn -1.000000 0.000000 -0.000033
vn -0.948683 0.316229 -0.000021
vn -0.707108 0.707106 0.000000
vn 0.000000 1.000000 0.000000
vn 0.000000 1.000000 0.000000
vn 0.000000 1.000000 0.000000
vn 0.000000 1.000000 0.000000
vn -0.948683 -0.316230 -0.000011
vn -0.948683 0.316228 0.000000
vn -0.948683 -0.316228 0.000000
vn -0.948683 0.316228 0.000000
vn 0.000000 -1.000000 0.000000
vn 0.000000 1.000000 0.000000
vn 0.000000 -1.000000 0.000000
vn 0.000000 1.000000 0.000000
vn 0.000000 -1.000000 0.000000
vn 0.000000 1.000000 0.000000
vn 0.000000 -1.000000 0.000000
vn 0.000000 1.000000 0.000000
vn -1.000000 -0.000003 0.000008
vn -1.000000 -0.000002 -0.000032
vn -1.000000 -0.000000 -0.000001
vn -1.000000 0.000000 -0.000065
vn -0.948683 0.316229 -0.000041
vn -0.707108 0.707106 0.000000
vn 0.000000 1.000000 0.000000
vn 0.000000 1.000000 0.000000
vn 0.000000 1.000000 0.000000
vn 0.000000 1.000000 0.000000
vn -0.948683 -0.316229 -0.000023
vn -0.948683 0.316228 0.000000
vn -0.948683 -0.316228 0.000000
vn -0.948683 0.316228 0.000000
vn 0.000000 -1.000000 0.000000
vn 0.000000 1.000000 0.000000
vn 0.000000 -1.000000 0.000000
vn 0.000000 1.000000 0.000000
vn 0.000000 -1.000000 0.000000
vn 0.000000 1.000000 0.000000
vn 0.000000 -1.000000 0.000000
vn 0.000000 1.000000 0.000000
vn -1.000000 -0.000003 0.000000
vn -0.707107 0.707106 0.000000
vn -0.707106 0.707107 0.000000
vn -0.707106 -0.707107 0.000000
vn -0.707107 -0.707106 0.000000
vn 0.000000 1.000000 0.000000
vn 0.000000 1.000000 0.000000
vn 0.000000 -1.000000 0.000000
vn 0.000000 -1.000000 0.000000
vn -0.707107 0.707107 0.000000
vn -0.707107 0.707107 0.000000
vn -0.707107 -0.707107 0.000000
vn -0.707107 -0.707107 0.000000
vn 0.000000 1.000000 0.000000
vn 0.000000 1.000000 0.000000
vn 0.000000 1.000000 0.000000
vn 0.000000 1.000000 0.000000
vn 0.000000 1.000000 0.000000
vn 0.000000 1.000000 0.000000
vn 0.000000 1.000000 0.000000
vn -1.000000 0.000745 -0.000526
vn -1.000000 0.000000 0.000000
vn -0.707116 0.000000 -0.707097
vn -0.707116 0.000000 -0.707097
vn -1.000000 0.000000 -0.000007
vn -1.000000 0.000000 -0.000007
vn -0.707125 0.000000 0.707088
vn -0.707126 0.000000 0.707088
vn -0.707116 0.000000 -0.707097
vn -0.707116 0.000000 -0.707097
vn -1.000000 0.000000 -0.000007
vn -1.000000 0.000000 -0.000007
vn -0.707125 0.000000 0.707088
vn -0.707126 0.000000 0.707088
vn -0.707116 0.000000 -0.707097
vn -0.707116 0.000000 -0.707097
vn -1.000000 0.000000 -0.000007
vn -1.000000 0.000000 -0.000007
vn -0.707125 0.000000 0.707088
vn -0.707126 0.000000 0.707088
vn -0.707088 0.707126 0.000000
vn -0.707088 0.707125 0.000000
vn -1.000000 0.000013 0.000000
vn -1.000000 0.000013 0.000000
vn -0.707107 -0.707107 0.000000
vn -0.707107 -0.707107 0.000000
vn -0.707089 0.707125 0.000000
vn -0.707107 0.707107 0.000001
vn -1.000000 0.000013 0.000000
vn -1.000000 0.000000 0.000001
vn -0.707107 -0.707107 0.000000
vn -0.707107 -0.707107 0.000000
vn 0.000000 0.000000 1.000000
vn -0.727804 -0.236509 0.643711
vn 0.000001 -0.000006 1.000000
vn -0.111631 -0.674602 0.729692
vn -0.951045 -0.309052 0.000000
vn 0.000000 -1.000000 0.000000
vn 0.000000 -1.000000 0.000000
vn -0.950980 -0.309253 0.000000
vn -0.950980 -0.309252 0.000000
vn -0.950981 -0.309251 -0.000001
vn -0.707118 0.707096 -0.000072
vn -0.707103 0.707111 0.000000
vn 0.000016 1.000000 0.000000
vn 0.000005 1.000000 -0.000002
vn 0.000004 1.000000 -0.000025
vn -0.000020 1.000000 -0.000000
vn -0.577348 0.577352 0.577350
vn 0.577350 0.577357 0.577345
vn 0.707112 0.000000 0.707102
vn 0.000000 0.000000 1.000000
vn -0.707105 0.707109 0.000000
vn 0.707113 0.707101 -0.000014
vn 1.000000 0.000000 0.000000
vn -0.707090 0.707123 -0.000039
vn 0.000002 1.000000 -0.000018
vn -1.000000 0.000000 -0.000058
vn -1.000000 -0.000000 -0.000116
vn -1.000000 0.000000 0.000000
vn -1.000000 0.000000 0.000000
vn -0.707107 -0.707107 0.000000
vn -0.948683 -0.316229 -0.000003
vn -0.948683 0.316228 -0.000003
vn -0.707107 0.707107 0.000000
vn 0.000000 -1.000000 0.000000
vn 0.000000 -1.000000 0.000000
vn 0.000000 1.000000 0.000000
vn 0.000000 1.000000 0.000000
vn 0.000000 -1.000000 0.000000
vn 0.000000 -1.000000 0.000000
vn 0.000000 1.000000 0.000000
vn 0.000000 1.000000 0.000000
vn -0.948683 -0.316228 -0.000002
vn -0.948683 0.316228 0.000000
vn -0.948683 -0.316228 0.000000
vn -0.948683 0.316228 0.000000
vn 0.000000 -1.000000 0.000000
vn 0.000000 1.000000 0.000000
vn 0.000000 -1.000000 0.000000
vn 0.000000 1.000000 0.000000
vn 0.000000 -1.000000 0.000000
vn 0.000000 1.000000 0.000000
vn 0.000000 -1.000000 0.000000
vn 0.000000 1.000000 0.000000
vn -1.000000 0.000000 0.000004
vn -1.000000 0.000001 -0.000000
vn -1.000000 0.000000 -0.000006
vn -0.707103 -0.707110 0.000000
vn -0.948682 -0.316232 -0.000029
vn -0.948683 0.316229 -0.000031
vn -0.707053 0.707160 0.000293
vn 0.000000 -1.000000 0.000000
vn 0.000000 -1.000000 0.000000
vn 0.000000 1.000000 0.000000
vn 0.000000 1.000000 0.000000
vn 0.000000 -1.000000 0.000000
vn 0.000000 -1.000000 0.000000
vn 0.000000 1.000000 0.000000
vn 0.000000 1.000000 0.000000
vn -0.948683 -0.316228 -0.000006
vn -0.948683 0.316227 -0.000003
vn -0.948683 -0.316228 0.000000
vn -0.948584 0.316524 0.001152
vn 0.000000 -1.000000 0.000000
vn 0.000000 1.000000 0.000000
vn 0.000000 -1.000000 0.000000
vn 0.000000 1.000000 0.000000
vn 0.000000 -1.000000 0.000000
vn 0.000000 1.000000 0.000000
vn 0.000000 -1.000000 0.000000
vn 0.000000 1.000000 0.000000
vn -1.000000 -0.000001 -0.000001
vn 0.000000 -1.000000 0.000000
vn 0.000000 -1.000000 0.000000
vn -1.000000 0.000000 0.000000
vn -1.000000 0.000000 0.000000
vn -0.707107 0.707107 0.000000
vn -0.707107 0.707107 0.000000
vn 0.000000 1.000000 0.000000
vn 0.000000 1.000000 0.000000
vn -0.151227 0.000000 0.988499
vn 0.000000 0.000000 1.000000
vn 0.000000 -0.707107 0.707107
vn -0.111633 -0.674601 0.729693
vn 0.000000 -1.000000 0.000000
vn 0.000000 -1.000000 0.000000
vn -0.014761 0.999891 0.000000
vn -0.707088 0.707125 0.000000
vn 0.707088 0.707125 0.000000
vn 0.707088 0.707125 0.000000
vn -1.000000 0.000013 0.000000
vn -1.000000 0.000013 0.000000
vn -0.707107 -0.707107 0.000000
vn -0.707107 -0.707107 0.000000
vn 0.000000 -1.000000 0.000000
vn 0.000000 -1.000000 0.000000
vn -0.707107 0.707106 0.000000
vn -0.707106 0.707107 0.000000
vn -1.000000 0.000000 0.000000
vn -1.000000 0.000000 0.000000
vn 0.000000 1.000000 0.000000
vn 0.000000 1.000000 0.000000
vn 0.000000 -1.000000 0.000000
vn -0.707106 -0.707107 0.000002
vn -1.000000 -0.000002 0.000001
vn -0.895649 0.444761 -0.000003
vn 0.000000 1.000000 0.000000
vn -0.000002 -1.000000 0.000000
vn 0.000000 -1.000000 0.000000
vn -0.000004 -1.000000 -0.000006
vn -0.000004 -1.000000 -0.000012
vn -0.000004 -1.000000 0.000000
vn -0.151226 0.000000 0.988499
vn -0.101251 -0.742782 0.661834
vn 0.000000 -1.000000 0.000000
vn 0.000001 -1.000000 -0.000004
vn 0.000000 -1.000000 0.000000
vn 0.000000 -1.000000 -0.000000
vn 0.000001 -1.000000 -0.000008
vn -0.298975 -0.000007 0.954261
vn 0.000000 -1.000000 0.000000
vn 0.000000 -1.000000 0.000000
vn -0.151227 0.000000 0.988499
vn -0.101251 -0.742782 0.661833
vn 0.000000 -1.000000 0.000000
vn 0.000000 -1.000000 -0.000004
vn 0.000000 -1.000000 -0.000008
vn 0.000000 -1.000000 0.000000
vn 0.000001 -1.000000 -0.000003
vn 0.000000 -1.000000 -0.000002
vn 0.000000 -1.000000 -0.000004
vn 0.000000 -1.000000 -0.000004
vn 0.707106 0.000000 0.707107
vn 0.000000 0.000000 1.000000
vn -1.000000 0.000001 0.000000
vn -1.000000 0.000001 0.000000
vn -1.000000 0.000001 0.000000
vn -1.000000 0.000001 0.000000
vn -1.000000 0.000000 0.000000
vn -1.000000 0.000000 0.000000
vn -1.000000 0.000000 0.000000
vn -1.000000 0.000000 0.000000
vn -1.000000 0.000000 0.000000
vn -1.000000 0.000000 0.000000
vn -1.000000 0.000000 0.000000
vn -1.000000 0.000000 0.000000
vn -1.000000 0.000001 -0.000003
vn -0.707108 0.000000 0.707105
vn 0.000000 0.000000 1.000000
vn 0.707107 0.000000 0.707107
vn -1.000000 0.000000 0.000000
vn -0.707107 -0.707107 0.000000
vn 0.000000 -1.000000 0.000000
vn -1.000000 0.000000 0.000000
vn -0.707107 -0.707107 0.000000
vn 0.000000 -1.000000 0.000000
vn -1.000000 0.000000 0.000000
vn 0.000000 -1.000000 0.000000
vn -0.707107 -0.707107 0.000000
vn -0.707107 0.707107 0.000000
vn -0.707107 -0.707107 0.000000
vn 0.000000 1.000000 0.000000
vn 0.000000 -1.000000 0.000000
vn -0.707107 0.707107 0.000000
vn -0.707107 -0.707107 0.000000
vn 0.000000 1.000000 0.000000
vn 0.000000 -1.000000 0.000000
vn -0.707107 0.707107 0.000000
vn 0.000000 1.000000 0.000000
vn 0.000000 -1.000000 0.000000
vn -0.707107 -0.707107 0.000000
vn -0.707107 0.707107 0.000000
vn -0.707107 -0.707107 0.000000
vn 0.000000 1.000000 0.000000
vn 0.000000 -1.000000 0.000000
vn -0.707107 0.707107 0.000000
vn -0.707107 -0.707107 0.000000
vn 0.000000 1.000000 0.000000
vn 0.000000 -1.000000 0.000000
vn -0.707107 0.707107 0.000000
vn 0.000000 1.000000 0.000000
vn 0.000000 -1.000000 0.000000
vn -0.707107 -0.707107 0.000000
vn -0.707107 0.707107 0.000000
vn -0.707107 -0.707107 0.000000
vn 0.000000 1.000000 0.000000
vn 0.000000 -1.000000 0.000000
vn -0.707107 0.707107 0.000000
vn -0.707107 -0.707107 0.000000
vn 0.000000 1.000000 0.000000
vn 0.000000 -1.000000 0.000000
vn -0.707107 0.707107 0.000000
vn 0.000000 1.000000 0.000000
vn 0.000000 -1.000000 0.000000
vn -0.707107 -0.707107 0.000000
vn -0.921883 0.387468 -0.000001
vn -0.921911 0.387403 0.000000
vn -0.707108 -0.707106 0.000000
vn -0.707106 -0.707107 0.000000
vn -0.921911 0.387403 0.000000
vn -0.707107 -0.707107 0.000000
vn -0.707107 0.000000 0.707107
vn -0.577350 -0.577350 0.577350
vn -1.000000 0.000000 0.000000
vn -0.707107 -0.707107 0.000000
vn -1.000000 0.000000 0.000000
vn -1.000000 0.000000 0.000000
vn -0.707107 -0.707106 0.000000
vn -0.707106 -0.707107 0.000000
vn -1.000000 0.000000 0.000000
vn -0.707107 -0.707107 0.000000
vn -0.707107 0.000000 0.707107
vn -0.577350 -0.577350 0.577350
vn -1.000000 0.000000 0.000000
vn -0.707107 -0.707107 0.000000
vn -1.000000 0.000000 0.000000
vn -1.000000 0.000000 0.000000
vn -1.000000 0.000000 0.000000
vn -0.699838 0.714302 0.000000
vn -0.699838 0.714302 -0.000000
vn -0.699736 0.714401 -0.000002
vn -1.000000 0.000000 0.000000
vn -1.000000 0.000000 0.000000
vn -1.000000 0.000000 0.000000
vn -1.000000 0.000000 0.000000
vn -1.000000 0.000000 0.000000
vn -1.000000 0.000000 0.000000
vn -0.999995 -0.000211 0.003026
vn 1.000000 0.000000 0.000000
vn 1.000000 0.000000 0.000000
vn 0.000000 0.000000 1.000000
vn 0.000000 -0.890132 0.455702
vn 0.000000 0.000000 -1.000000
vn -0.478087 -0.586441 0.653850
vn 0.000003 -0.000004 1.000000
vn -0.631871 -0.775074 0.000000
vn -0.626650 -0.779301 0.000000
vn -0.626651 -0.779300 0.000000
vn -0.626651 -0.779300 0.000000
vn -0.235931 -0.687954 0.686336
vn 0.000000 0.000000 1.000000
vn -0.324400 -0.945920 0.000000
vn -0.319052 -0.947737 0.000000
vn -0.319052 -0.947737 0.000000
vn -0.319052 -0.947737 0.000000
vn -0.177560 -0.740865 0.647758
vn 0.000000 0.000000 1.000000
vn -0.233066 -0.972461 0.000000
vn -0.234736 -0.972059 0.000000
vn -0.234736 -0.972059 0.000000
vn -0.234736 -0.972059 0.000000
vn 0.707066 -0.707147 -0.000333
vn 1.000000 0.000000 0.000000
vn 1.000000 0.000000 0.000000
vn 0.997252 0.074082 0.000000
vn 1.000000 0.000822 -0.000538
vn 0.997252 0.074082 0.000000
vn 1.000000 0.000000 0.000000
vn 0.999998 -0.000000 -0.002088
vn 0.999998 0.000000 -0.002088
vn 0.999998 -0.000000 -0.002103
vn 0.999998 -0.000000 -0.002103
vn 1.000000 -0.000001 -0.000001
vn 1.000000 0.000000 0.000000
vn 1.000000 0.000000 0.000761
vn 1.000000 0.000000 0.000761
vn 1.000000 0.000000 0.000761
vn 1.000000 0.000000 0.000761
vn 0.998562 -0.053613 0.000000
vn 0.998564 -0.053564 -0.000002
vn 0.998562 -0.053613 -0.000001
vn 1.000000 0.000000 0.000000
vn -1.000000 0.000000 0.000000
vn -1.000000 0.000000 0.000000
vn -1.000000 0.000000 0.000000
vn -1.000000 0.000000 0.000000
vn -1.000000 0.000000 0.000000
vn -1.000000 0.000000 0.000000
vn -1.000000 0.000000 0.000000
vn -1.000000 0.000000 0.000000
vn -1.000000 0.000000 0.000000
vn -1.000000 0.000000 0.000000
vn -1.000000 0.000000 0.000000
vn -1.000000 0.000000 0.000000
vn -1.000000 0.000000 0.000000
vn -1.000000 0.000000 0.000000
vn -1.000000 0.000000 0.000000
vn -1.000000 0.000000 0.000000
vn -1.000000 0.000000 0.000000
vn -1.000000 0.000000 0.000000
vn -1.000000 0.000000 0.000000
vn -1.000000 0.000000 0.000000
vn -1.000000 0.000000 0.000000
vn -1.000000 0.000000 0.000000
vn -1.000000 0.000000 0.000000
vn -1.000000 0.000000 0.000000
vn -1.000000 0.000000 0.000000
vn -1.000000 0.000000 0.000000
vn -1.000000 0.000000 0.000000
vn -1.000000 0.000000 0.000000
vn -1.000000 0.000000 0.000000
vn -1.000000 0.000000 0.000000
vn -1.000000 0.000000 0.000000
vn -1.000000 0.000000 0.000000
vn -1.000000 0.000000 0.000000
vn -1.000000 0.000000 0.000000
vn -1.000000 0.000000 0.000000
vn -1.000000 0.000000 0.000000
vn -1.000000 0.000000 0.000000
vn -1.000000 0.000000 0.000000
vn -1.000000 0.000000 0.000000
vn -1.000000 0.000000 0.000000
vn -1.000000 0.000000 0.000000
vn -1.000000 0.000000 0.000000
vn -1.000000 0.000000 0.000000
vn -1.000000 0.000000 0.000000
vn -1.000000 0.000000 0.000000
vn -1.000000 0.000000 0.000000
vn -1.000000 0.000000 0.000000
vn -1.000000 0.000000 0.000000
vn -1.000000 0.000000 0.000000
vn -1.000000 0.000000 0.000000
vn -1.000000 0.000000 0.000000
vn -1.000000 0.000000 0.000000
vn -1.000000 0.000000 0.000000
vn -1.000000 0.000000 0.000000
vn -1.000000 0.000000 0.000000
vn -1.000000 0.000000 0.000000
vn -1.000000 0.000000 0.000000
vn -1.000000 0.000000 0.000000
vn -1.000000 0.000000 0.000000
vn -1.000000 0.000000 0.000000
vn -1.000000 0.000000 0.000000
vn -0.707107 -0.707107 0.000000
vn 0.000000 -1.000000 0.000000
vn -0.707107 0.000000 0.707107
vn -0.577350 -0.577350 0.577350
vn 0.000000 0.000000 1.000000
vn 0.000000 -0.707107 0.707107
vn -1.000000 0.000000 0.000000
vn -1.000000 0.000000 0.000000
vn -1.000000 0.000000 0.000000
vn -1.000000 0.000000 0.000000
vn -1.000000 0.000000 0.000000
vn -1.000000 0.000000 0.000000
vn -1.000000 0.000000 0.000000
vn -1.000000 0.000000 0.000000
vn -1.000000 0.000000 0.000000
vn -1.000000 0.000000 0.000000
vn -1.000000 0.000000 0.000000
vn -1.000000 0.000000 0.000000
vn -1.000000 0.000000 0.000000
vn -0.707107 -0.707107 0.000000
vn 0.000000 -1.000000 0.000000
vn -0.707107 0.000000 0.707107
vn -0.577350 -0.577350 0.577350
vn 0.000000 0.000000 1.000000
vn 0.000000 -0.707107 0.707107
vn -1.000000 0.000000 0.000000
vn -1.000000 0.000000 0.000000
vn -1.000000 0.000000 0.000000
vn -1.000000 0.000000 0.000000
vn -1.000000 0.000000 0.000000
vn -1.000000 0.000000 0.000000
vn -1.000000 0.000000 0.000000
vn -1.000000 0.000000 0.000000
vn -1.000000 0.000000 0.000000
vn -1.000000 0.000000 0.000000
vn -1.000000 0.000000 0.000000
vn -1.000000 0.000000 0.000000
vn -1.000000 0.000000 0.000000
vn -0.707107 -0.707107 0.000000
vn 0.000000 -1.000000 0.000000
vn -0.707107 0.000000 0.707107
vn -0.577350 -0.577350 0.577350
vn 0.000000 0.000000 1.000000
vn 0.000000 -0.707107 0.707107
vn -1.000000 0.000000 0.000000
vn -0.707107 -0.707107 0.000000
vn 0.000000 -1.000000 0.000000
vn -0.707107 0.000000 0.707107
vn -0.577350 -0.577350 0.577350
vn 0.000000 0.000000 1.000000
vn 0.000000 -0.707107 0.707107
vn -1.000000 0.000000 0.000000
vn -1.000000 0.000000 0.000000
vn -1.000000 0.000000 0.000000
vn -1.000000 0.000000 0.000000
vn -1.000000 0.000000 0.000000
vn -1.000000 0.000000 0.000000
vn -1.000000 0.000000 0.000000
vn -1.000000 0.000000 0.000000
vn -1.000000 0.000000 0.000000
vn -1.000000 0.000000 0.000000
vn -1.000000 0.000000 0.000000
vn -1.000000 0.000000 0.000000
vn -1.000000 0.000000 0.000000
vn -0.707107 -0.707107 0.000000
vn 0.000000 -1.000000 0.000000
vn -0.707107 0.000000 0.707107
vn -0.577350 -0.577350 0.577350
vn 0.000000 0.000000 1.000000
vn 0.000000 -0.707107 0.707107
vn -1.000000 0.000000 0.000000
vn -1.000000 0.000000 0.000000
vn -1.000000 0.000000 0.000000
vn -1.000000 0.000000 0.000000
vn -1.000000 0.000000 0.000000
vn -1.000000 0.000000 0.000000
vn -1.000000 0.000000 0.000000
vn -1.000000 0.000000 0.000000
vn -1.000000 0.000000 0.000000
vn -1.000000 0.000000 0.000000
vn -1.000000 0.000000 0.000000
vn -1.000000 0.000000 0.000000
vn -1.000000 0.000000 0.000000
vn -0.707107 -0.707107 0.000000
vn 0.000000 -1.000000 0.000000
vn -0.707107 0.000000 0.707107
vn -0.577350 -0.577350 0.577350
vn 0.000000 0.000000 1.000000
vn 0.000000 -0.707107 0.707107
vn -1.000000 0.000000 0.000000
vn -1.000000 0.000000 0.000000
vn -1.000000 0.000000 0.000000
vn -1.000000 0.000000 0.000000
vn -1.000000 0.000000 0.000000
vn -1.000000 0.000000 0.000000
vn -1.000000 0.000000 0.000000
vn -1.000000 0.000000 0.000000
vn -1.000000 0.000000 0.000000
vn -1.000000 0.000000 0.000000
vn -1.000000 0.000000 0.000000
vn -1.000000 0.000000 0.000000
vn -1.000000 0.000000 0.000000
vn -0.707107 -0.707107 0.000000
vn 0.000000 -1.000000 0.000000
vn -0.707107 0.000000 0.707107
vn -0.577350 -0.577350 0.577350
vn 0.000000 0.000000 1.000000
vn 0.000000 -0.707107 0.707107
vn -1.000000 0.000000 0.000000
vn -1.000000 0.000000 0.000000
vn -1.000000 0.000000 0.000000
vn -1.000000 0.000000 0.000000
vn -1.000000 0.000000 0.000000
vn -1.000000 0.000000 0.000000
vn -1.000000 0.000000 0.000000
vn -1.000000 0.000000 0.000000
vn -1.000000 0.000000 0.000000
vn -1.000000 0.000000 0.000000
vn -1.000000 0.000000 0.000000
vn -1.000000 0.000000 0.000000
vn -1.000000 0.000000 0.000000
vn -0.707107 -0.707107 0.000000
vn 0.000000 -1.000000 0.000000
vn -0.707107 0.000000 0.707107
vn -0.577350 -0.577350 0.577350
vn 0.000000 0.000000 1.000000
vn 0.000000 -0.707107 0.707107
vn -1.000000 0.000000 0.000000
vn -1.000000 0.000000 0.000000
vn -1.000000 0.000000 0.000000
vn -1.000000 0.000000 0.000000
vn -1.000000 0.000000 0.000000
vn -1.000000 0.000000 0.000000
vn -1.000000 0.000000 0.000000
vn -1.000000 0.000000 0.000000
vn -1.000000 0.000000 0.000000
vn -1.000000 0.000000 0.000000
vn -1.000000 0.000000 0.000000
vn -1.000000 0.000000 0.000000
vn -1.000000 0.000000 0.000000
vn -0.707107 -0.707107 0.000000
vn 0.000000 -1.000000 0.000000
vn -0.707107 0.000000 0.707107
vn -0.577350 -0.577350 0.577350
vn 0.000000 0.000000 1.000000
vn 0.000000 -0.707107 0.707107
vn -1.000000 0.000000 0.000000
vn -1.000000 0.000000 0.000000
vn -1.000000 0.000000 0.000000
vn -1.000000 0.000000 0.000000
vn -1.000000 0.000000 0.000000
vn -1.000000 0.000000 0.000000
vn -1.000000 0.000000 0.000000
vn -1.000000 0.000000 0.000000
vn -1.000000 0.000000 0.000000
vn -1.000000 0.000000 0.000000
vn -1.000000 0.000000 0.000000
vn -1.000000 0.000000 0.000000
vn -1.000000 0.000000 0.000000
vn -0.707107 -0.707107 0.000000
vn 0.000000 -1.000000 0.000000
vn -0.707107 0.000000 0.707107
vn -0.577350 -0.577350 0.577350
vn 0.000000 0.000000 1.000000
vn 0.000000 -0.707107 0.707107
vn -1.000000 0.000000 0.000000
vn -1.000000 0.000000 0.000000
vn -1.000000 0.000000 0.000000
vn -1.000000 0.000000 0.000000
vn -1.000000 0.000000 0.000000
vn -1.000000 0.000000 0.000000
vn -1.000000 0.000000 0.000000
vn -1.000000 0.000000 0.000000
vn -1.000000 0.000000 0.000000
vn -1.000000 0.000000 0.000000
vn -1.000000 0.000000 0.000000
vn -1.000000 0.000000 0.000000
vn -1.000000 0.000000 0.000000
vn -0.720141 -0.693056 -0.032722
vn 0.000000 -0.998887 -0.047161
vn -1.000000 0.000000 0.000000
vn -0.693310 -0.719838 -0.033986
vn 0.000000 -0.998887 -0.047161
vn -1.000000 0.000000 0.000000
vn -0.707107 -0.707107 0.000000
vn 0.000000 -1.000000 0.000000
vn -1.000000 0.000000 0.000000
vn -0.707107 -0.707107 0.000000
vn 0.000000 -1.000000 0.000000
vn -1.000000 0.000000 0.000000
vn -1.000000 0.000000 0.000000
vn -1.000000 0.000000 0.000000
vn -1.000000 0.000000 0.000000
vn -1.000000 0.000000 0.000000
vn -0.707107 -0.707107 0.000000
vn 0.000000 -1.000000 0.000000
vn -1.000000 0.000000 0.000000
vn -0.707107 -0.707107 0.000000
vn 0.000000 -1.000000 0.000000
vn -1.000000 0.000000 0.000000
vn -1.000000 0.000000 0.000000
vn -1.000000 0.000000 0.000000
vn -0.715349 -0.696885 -0.051253
vn 0.000000 -0.997306 -0.073348
vn -1.000000 0.000000 0.000000
vn -0.698565 -0.713619 -0.052484
vn 0.000000 -0.997306 -0.073348
vn -1.000000 0.000000 0.000000
vn -0.692524 -0.721373 0.005547
vn -1.000000 0.000000 0.000000
vn -0.707075 -0.707138 0.000000
vn 0.000090 -1.000000 0.000000
vn -0.998880 -0.046415 0.009130
vn -1.000000 0.000000 0.000000
vn -1.000000 0.000000 0.000000
vn -0.999982 -0.005819 0.001145
vn -1.000000 0.000000 0.000000
vn -0.707107 -0.707107 0.000000
vn 0.000000 -1.000000 0.000000
vn -1.000000 0.000000 0.000000
vn -0.707107 -0.707107 0.000000
vn 0.000000 -1.000000 0.000000
vn -1.000000 0.000000 0.000000
vn -0.707113 -0.707095 0.002788
vn 0.000000 -0.999992 0.003943
vn -1.000000 0.000000 0.000000
vn -0.707101 -0.707107 0.002788
vn 0.000000 -0.999992 0.003943
vn -1.000000 0.000000 0.000000
vn 0.000090 -1.000000 0.000000
vn -1.000000 0.000000 0.000000
vn -1.000000 0.000000 0.000000
vn -1.000000 0.000000 0.000000
vn -1.000000 0.000000 0.000000
vn -1.000000 0.000000 0.000000
vn -1.000000 0.000000 0.000000
vn -1.000000 0.000000 0.000000
vn -1.000000 0.000000 0.000000
vn -1.000000 0.000000 0.000000
vn -1.000000 0.000000 0.000000
vn -1.000000 0.000000 0.000000
vn -1.000000 0.000000 0.000000
vn -1.000000 0.000000 0.000000
vn -0.720141 -0.693056 -0.032722
vn 0.000000 -0.998887 -0.047161
vn -1.000000 0.000000 0.000000
vn -0.693310 -0.719838 -0.033986
vn 0.000000 -0.998887 -0.047161
vn -1.000000 0.000000 0.000000
vn -0.707107 -0.707107 0.000000
vn 0.000000 -1.000000 0.000000
vn -1.000000 0.000000 0.000000
vn -0.707107 -0.707107 0.000000
vn 0.000000 -1.000000 0.000000
vn -1.000000 0.000000 0.000000
vn -1.000000 0.000000 0.000000
vn -0.707107 0.000000 0.707107
vn -0.707107 0.000000 0.707107
vn 0.000000 0.000000 1.000000
vn 0.000000 0.000000 1.000000
vn -1.000000 0.000000 0.000000
vn -0.707107 -0.707107 0.000000
vn 0.000000 -1.000000 0.000000
vn -1.000000 0.000000 0.000000
vn -0.707107 -0.707107 0.000000
vn 0.000000 -1.000000 0.000000
vn -0.741955 -0.661063 0.111796
vn 0.000000 -0.986000 0.166748
vn -0.945142 -0.322087 0.054470
vn 0.000000 -0.986000 0.166748
vn -1.000000 0.000000 0.000000
vn -0.715346 -0.696889 -0.051242
vn 0.000000 -0.997308 -0.073331
vn -1.000000 0.000000 0.000000
vn -0.698569 -0.713616 -0.052472
vn 0.000000 -0.997308 -0.073331
vn -1.000000 0.000004 0.000000
vn -0.999142 -0.040624 0.008078
vn -0.717156 0.031790 0.696188
vn -0.707107 0.000000 0.707107
vn 0.000814 0.045576 0.998961
vn 0.003978 0.000326 0.999992
vn -0.960100 0.279484 0.009803
vn -0.616291 0.787512 0.003299
vn -1.000000 0.000002 0.000000
vn -0.846079 -0.305652 0.436724
vn -0.707106 0.000001 -0.707107
vn -0.577351 -0.577350 -0.577350
vn 0.000000 0.000000 -1.000000
vn 0.000000 -0.707107 -0.707107
vn -0.707106 0.000001 0.707107
vn -0.577351 -0.577350 0.577350
vn 0.000000 0.000000 1.000000
vn 0.000000 -0.707106 0.707107
vn -0.707523 0.024773 -0.706256
vn -0.577253 -0.557356 -0.596768
vn 0.000000 0.035054 -0.999386
vn 0.000000 -0.682562 -0.730828
vn -0.706690 -0.024801 0.707089
vn -0.577448 -0.596668 0.557263
vn 0.000000 -0.035054 0.999386
vn 0.000000 -0.730827 0.682563
vn -0.603132 -0.404858 0.687257
vn 0.008939 -0.564251 0.825555
vn 0.063101 -0.561248 0.825239
vn -0.707107 0.707107 0.000000
vn -1.000000 0.000000 0.000000
vn 0.000000 1.000000 0.000000
vn -0.577452 0.577857 0.576742
vn -0.707107 0.000000 0.707107
vn -0.000000 0.707788 0.706424
vn 0.001056 0.000073 1.000000
vn -0.707095 -0.707119 0.000000
vn -0.577240 -0.576854 0.577957
vn -0.552326 0.600607 0.578106
vn -0.711580 0.702602 -0.001918
vn 0.023929 0.001661 0.999712
vn -1.000000 0.000000 0.000000
vn -0.648994 0.002462 0.760790
vn 0.159665 0.003268 0.987166
vn -0.645417 0.000000 0.763830
vn -1.000000 0.000000 0.000000
vn 0.068143 0.000081 0.997676
vn -0.574820 0.518086 -0.633378
vn -0.579966 -0.630566 -0.515777
vn 0.000000 0.633141 -0.774037
vn 0.000000 -0.774042 -0.633135
vn -0.579967 0.630561 0.515782
vn -0.574822 -0.518081 0.633382
vn 0.000000 0.774037 0.633141
vn 0.000000 -0.633135 0.774042
vn 0.000034 -1.000000 0.000000
vn 0.000024 -0.706417 0.707796
vn 0.058583 0.998283 0.000000
vn -0.009221 0.999954 -0.002662
vn -1.000000 0.000000 0.000000
vn -1.000000 0.000000 0.000000
vn -1.000000 0.000000 0.000000
vn -1.000000 0.000000 0.000000
vn -1.000000 0.000000 0.000000
vn -1.000000 0.000000 0.000000
vn -1.000000 0.000000 0.000000
vn -1.000000 0.000000 0.000000
vn -1.000000 0.000000 0.000000
vn -1.000000 0.000000 0.000000
vn -1.000000 0.000000 0.000000
vn -1.000000 0.000000 0.000000
vn -1.000000 0.000000 0.000000
vn -0.720152 -0.693043 -0.032758
vn 0.000000 -0.998885 -0.047214
vn -0.720141 0.008598 0.693775
vn -0.574280 -0.588875 0.568708
vn 0.000000 0.012392 0.999923
vn 0.000000 -0.719316 0.694683
vn -0.160060 -0.000000 0.987107
vn -0.161334 0.000000 0.986900
vn -0.160057 -0.000001 0.987108
vn 0.000000 0.000000 1.000000
vn -0.163916 0.000000 0.986474
vn -0.160054 0.000000 0.987108
vn -0.160053 -0.000000 0.987108
vn 0.000000 0.000000 1.000000
vn -1.000000 0.000000 0.000000
vn -1.000000 0.000000 0.000000
vn 0.000001 -0.000000 1.000000
vn -1.000000 0.000000 0.000000
vn -1.000000 0.000000 0.000000
vn -1.000000 0.000000 0.000000
vn -1.000000 0.000000 0.000000
vn -1.000000 0.000000 0.000000
vn -1.000000 0.000000 0.000000
vn 0.000000 0.000000 1.000000
vn 0.000004 0.000000 1.000000
vn -0.707151 0.000000 0.707063
vn 0.000000 0.000000 1.000000
vn -0.707105 0.000000 0.707108
vn -0.160053 0.000000 0.987108
vn -0.707114 0.000000 0.707099
vn -0.707106 0.000000 0.707107
vn 0.000000 0.000000 1.000000
vn 0.000000 0.000000 1.000000
vn -0.160057 -0.000001 0.987108
vn 0.000004 0.000000 1.000000
vn 0.000000 0.000000 1.000000
vn 0.000000 0.000000 1.000000
vn 0.000000 0.000000 1.000000
vn 0.000000 0.000000 1.000000
vn 0.000000 0.000000 1.000000
vn 0.000000 0.000000 1.000000
vn 0.000000 0.000000 1.000000
vn 0.000000 0.000000 1.000000
vn 0.000000 0.000000 1.000000
vn 0.000000 0.000000 1.000000
vn 0.000000 0.000000 1.000000
vn 0.000000 0.000000 1.000000
vn 0.000000 0.000000 1.000000
vn 0.000000 0.000000 1.000000
vn 0.000000 0.000000 1.000000
vn 0.707107 0.707106 0.000000
vn -0.945002 0.327064 0.000000
vn 0.707066 -0.707147 0.000000
vn -0.000115 -1.000000 0.000000
vn 0.707107 0.707107 0.000000
vn -0.700882 0.713277 0.000000
vn 0.707066 -0.707148 0.000000
vn -0.000115 -1.000000 0.000000
vn 0.707107 0.707107 0.000000
vn -0.701318 0.712848 0.000000
vn 0.707107 -0.707107 0.000000
vn -0.000000 -1.000000 0.000000
vn 0.577350 0.577350 0.577350
vn -0.572197 0.581603 0.578212
vn 0.577350 -0.577350 0.577350
vn -0.000000 -0.318444 0.947942
vn 0.707107 0.707107 0.000000
vn -0.700883 0.713277 0.000000
vn 0.707066 -0.707147 0.000000
vn -0.000115 -1.000000 0.000000
vn 1.000000 0.000000 0.000000
vn 1.000000 0.000000 0.000000
vn 1.000000 0.000000 0.000000
vn 1.000000 0.000000 0.000000
vn 1.000000 0.000000 0.000000
vn 1.000000 0.000000 0.000000
vn -0.999966 0.008262 0.000000
vn -0.999966 0.008262 0.000000
vn -0.999966 0.008262 0.000000
vn -1.000000 0.000000 0.000000
vn -1.000000 0.000000 0.000000
vn -0.999867 0.016304 0.000000
vn 0.000000 0.000000 1.000000
vn -0.710691 0.011589 0.703409
vn -1.000000 0.000000 0.000000
vn 0.000502 1.000000 0.000000
vn 0.000502 1.000000 0.000000
vn 0.000628 1.000000 0.000000
vn -1.000000 0.000000 0.000000
vn -1.000000 0.000000 0.000000
vn -1.000000 0.000000 0.000000
vn 0.000000 0.000000 1.000000
vn 0.000000 0.000000 1.000000
vn -1.000000 0.000000 0.000000
vn -1.000000 0.000000 0.000000
vn -1.000000 0.000000 0.000000
vn -1.000000 0.000000 0.000000
vn -1.000000 0.000000 0.000000
vn 0.000000 0.000000 1.000000
vn -0.705839 0.000000 0.708372
vn 0.000000 -0.707107 -0.707107
vn 0.000000 -1.000000 0.000000
vn 0.000000 0.707107 -0.707107
vn 0.000000 1.000000 0.000000
vn -0.707107 -0.707107 0.000000
vn -1.000000 0.000000 0.000000
vn -0.904534 -0.301511 -0.301511
vn -1.000000 0.000000 0.000000
vn -1.000000 0.000000 0.000000
vn -0.707107 0.707107 0.000000
vn -0.904534 0.301511 -0.301511
vn -1.000000 0.000000 0.000000
vn -1.000000 0.000000 0.000000
vn -1.000000 0.000000 0.000000
vn -1.000000 0.000000 0.000000
vn -1.000000 0.000000 0.000000
vn -1.000000 0.000000 0.000000
vn -1.000000 0.000000 0.000000
vn -1.000000 0.000000 0.000000
vn -1.000000 0.000000 0.000000
vn -1.000000 0.000000 0.000000
vn -1.000000 0.000000 0.000000
vn -1.000000 0.000000 0.000000
vn -1.000000 0.000000 0.000000
vn -1.000000 0.000000 0.000000
vn -1.000000 0.000000 0.000000
vn 0.000000 -0.707107 -0.707107
vn 0.000000 -1.000000 0.000000
vn 0.000000 0.707107 -0.707107
vn 0.000000 1.000000 0.000000
vn -0.707107 -0.707107 0.000000
vn -1.000000 0.000000 0.000000
vn -0.904534 -0.301511 -0.301511
vn -1.000000 0.000000 0.000000
vn -1.000000 0.000000 0.000000
vn -0.707107 0.707107 0.000000
vn -0.904534 0.301511 -0.301511
vn -1.000000 0.000000 0.000000
vn -1.000000 0.000000 0.000000
vn -1.000000 0.000000 0.000000
vn -1.000000 0.000000 0.000000
vn -1.000000 0.000000 0.000000
vn -1.000000 0.000000 0.000000
vn -1.000000 0.000000 0.000000
vn -1.000000 0.000000 0.000000
vn -1.000000 0.000000 0.000000
vn -1.000000 0.000000 0.000000
vn -1.000000 0.000000 0.000000
vn -1.000000 0.000000 0.000000
vn -1.000000 0.000000 0.000000
vn -1.000000 0.000000 0.000000
vn -1.000000 0.000000 0.000000
vn 0.000000 -0.707107 -0.707107
vn 0.000000 -1.000000 0.000000
vn 0.000000 0.707107 -0.707107
vn 0.000000 1.000000 0.000000
vn -0.707107 -0.707107 0.000000
vn -1.000000 0.000000 0.000000
vn -0.904534 -0.301511 -0.301511
vn -1.000000 0.000000 0.000000
vn -1.000000 0.000000 0.000000
vn -0.707107 0.707107 0.000000
vn -0.904534 0.301511 -0.301511
vn -1.000000 0.000000 0.000000
vn -1.000000 0.000000 0.000000
vn -1.000000 0.000000 0.000000
vn -1.000000 0.000000 0.000000
vn -1.000000 0.000000 0.000000
vn -1.000000 0.000000 0.000000
vn -1.000000 0.000000 0.000000
vn -1.000000 0.000000 0.000000
vn -1.000000 0.000000 0.000000
vn -1.000000 0.000000 0.000000
vn -1.000000 0.000000 0.000000
vn -1.000000 0.000000 0.000000
vn -1.000000 0.000000 0.000000
vn -1.000000 0.000000 0.000000
vn -1.000000 0.000000 0.000000
vn 0.000000 -0.707107 -0.707107
vn 0.000000 -1.000000 0.000000
vn 0.000000 0.707107 -0.707107
vn 0.000000 1.000000 0.000000
vn -0.707107 -0.707107 0.000000
vn -1.000000 0.000000 0.000000
vn -0.904534 -0.301511 -0.301511
vn -1.000000 0.000000 0.000000
vn -1.000000 0.000000 0.000000
vn -0.707107 0.707107 0.000000
vn -0.904534 0.301511 -0.301511
vn -1.000000 0.000000 0.000000
vn -1.000000 0.000000 0.000000
vn -1.000000 0.000000 0.000000
vn -1.000000 0.000000 0.000000
vn -1.000000 0.000000 0.000000
vn -1.000000 0.000000 0.000000
vn -1.000000 0.000000 0.000000
vn -1.000000 0.000000 0.000000
vn -1.000000 0.000000 0.000000
vn -1.000000 0.000000 0.000000
vn -1.000000 0.000000 0.000000
vn -1.000000 0.000000 0.000000
vn -1.000000 0.000000 0.000000
vn -1.000000 0.000000 0.000000
vn -1.000000 0.000000 0.000000
vn -0.002075 0.992508 -0.122159
vn -0.515008 0.850848 -0.104043
vn -0.999244 -0.038544 0.005093
vn -0.480212 -0.870412 0.108536
vn 0.000000 -0.992165 0.124935
vn 0.000000 0.999856 0.016974
vn -0.502308 0.864563 0.014762
vn -0.999985 -0.005453 -0.000206
vn -0.497636 -0.867260 -0.014809
vn -0.000079 -0.999854 -0.017105
vn 0.000000 1.000000 0.000000
vn -0.186012 0.968886 -0.163278
vn -0.798807 0.000000 -0.601587
vn -0.186012 -0.968886 -0.163278
vn 0.000000 -1.000000 0.000000
vn 0.000000 1.000000 0.000000
vn -0.441289 0.833554 -0.332342
vn -0.751542 0.000000 -0.659686
vn -0.441290 -0.833554 -0.332342
vn 0.000000 -1.000000 0.000000
vn 0.000000 1.000000 0.000000
vn -0.319656 0.947534 0.000000
vn -1.000000 -0.000000 0.000000
vn -0.319656 -0.947534 0.000000
vn 0.000000 -1.000000 0.000000
vn 0.011418 -0.998414 0.055131
vn -0.506472 -0.861598 0.033680
vn -0.999744 0.022578 -0.001705
vn -0.493476 0.869111 -0.033579
vn -0.012964 0.998296 -0.056903
vn -0.002075 0.992508 -0.122159
vn -0.515008 0.850848 -0.104043
vn -0.999244 -0.038544 0.005093
vn -0.480212 -0.870412 0.108536
vn 0.000000 -0.992165 0.124935
vn 0.000000 0.999856 0.016974
vn -0.502308 0.864563 0.014762
vn -0.999985 -0.005453 -0.000206
vn -0.497636 -0.867260 -0.014809
vn -0.000079 -0.999854 -0.017105
vn 0.000000 1.000000 0.000000
vn -0.186012 0.968886 -0.163278
vn -0.798807 0.000000 -0.601587
vn -0.186012 -0.968886 -0.163278
vn 0.000000 -1.000000 0.000000
vn 0.000000 1.000000 0.000000
vn -0.441289 0.833554 -0.332342
vn -0.751542 0.000000 -0.659686
vn -0.441290 -0.833554 -0.332342
vn 0.000000 -1.000000 0.000000
vn 0.000000 1.000000 0.000000
vn -0.319656 0.947534 0.000000
vn -1.000000 -0.000000 0.000000
vn -0.319656 -0.947534 0.000000
vn 0.000000 -1.000000 0.000000
vn 0.011418 -0.998414 0.055131
vn -0.506472 -0.861598 0.033680
vn -0.999744 0.022578 -0.001705
vn -0.493476 0.869111 -0.033579
vn -0.012964 0.998296 -0.056903
vn 0.000408 0.998695 0.051074
vn -0.492560 0.869148 0.044340
vn -0.999868 0.016202 0.000739
vn -0.506848 -0.860894 -0.044353
vn 0.000000 -0.998663 -0.051686
vn 0.000000 0.999912 -0.013274
vn -0.498174 0.867001 -0.011508
vn -0.999991 0.004260 -0.000102
vn -0.501826 -0.864891 0.011598
vn 0.000055 -0.999911 0.013359
vn 0.000000 1.000000 0.000000
vn -0.499999 0.866026 0.000000
vn -1.000000 0.000000 0.000000
vn -0.499999 -0.866026 0.000000
vn 0.000000 -1.000000 0.000000
vn -0.003172 -0.999849 -0.017091
vn -0.495630 -0.868493 -0.008364
vn -0.999929 -0.011885 -0.000200
vn -0.504519 0.863356 0.008712
vn 0.003488 0.999843 0.017368
vn 0.000408 0.998695 0.051074
vn -0.492560 0.869148 0.044340
vn -0.999868 0.016202 0.000739
vn -0.506848 -0.860894 -0.044353
vn 0.000000 -0.998663 -0.051686
vn 0.000000 0.999912 -0.013274
vn -0.498174 0.867001 -0.011508
vn -0.999991 0.004260 -0.000102
vn -0.501826 -0.864891 0.011598
vn 0.000055 -0.999911 0.013359
vn 0.000000 1.000000 0.000000
vn -0.499999 0.866026 0.000000
vn -1.000000 0.000000 0.000000
vn -0.499999 -0.866026 0.000000
vn 0.000000 -1.000000 0.000000
vn -0.003172 -0.999849 -0.017091
vn -0.495630 -0.868493 -0.008364
vn -0.999929 -0.011885 -0.000200
vn -0.504519 0.863356 0.008712
vn 0.003488 0.999843 0.017368
vn -0.999990 0.001313 -0.004331
vn -0.999994 0.000681 -0.003367
vn 0.000000 1.000000 0.000000
vn 0.000000 1.000000 0.000000
vn 0.707107 0.707107 0.000000
vn 0.707107 0.707107 0.000000
vn 0.707107 -0.707107 0.000000
vn 0.707107 -0.707107 0.000000
vn 0.000000 1.000000 0.000000
vn 0.000000 1.000000 0.000000
vn 0.000000 1.000000 0.000000
vn 1.000000 0.000000 0.000000
vn 1.000000 -0.000001 -0.000001
vn 0.707107 0.707107 -0.000000
vn 0.948682 0.316232 -0.000002
vn 0.948683 -0.316227 -0.000002
vn 0.707107 -0.707107 0.000000
vn 0.000000 1.000000 0.000000
vn 0.000000 1.000000 0.000000
vn 0.000000 -1.000000 0.000000
vn 0.000000 -1.000000 0.000000
vn 0.000000 1.000000 0.000000
vn 0.000000 1.000000 0.000000
vn 0.000000 -1.000000 0.000000
vn 0.000000 -1.000000 0.000000
vn 0.948683 0.316228 0.000000
vn 0.948683 -0.316228 0.000000
vn 0.948683 0.316228 0.000000
vn 0.948683 -0.316228 0.000000
vn 0.000000 1.000000 0.000000
vn 0.000000 -1.000000 0.000000
vn 0.000000 1.000000 0.000000
vn 0.000000 -1.000000 0.000000
vn 0.000000 1.000000 0.000000
vn 0.000000 -1.000000 0.000000
vn 0.000000 1.000000 0.000000
vn 0.000000 -1.000000 0.000000
vn 1.000000 -0.000002 0.000000
vn 0.999979 0.003708 -0.005403
vn 0.999998 -0.000936 -0.001683
vn 0.999996 0.001192 -0.002356
vn 1.000000 0.000000 0.000000
vn 1.000000 0.000030 -0.000021
vn 1.000000 0.000000 0.000000
vn 1.000000 0.000022 -0.000001
vn 1.000000 0.000000 0.000001
vn 1.000000 -0.000001 0.000005
vn 1.000000 -0.000000 -0.000001
vn 1.000000 -0.000002 -0.000011
vn 1.000000 0.000000 -0.000033
vn 0.948683 0.316228 -0.000021
vn 0.707107 0.707107 0.000000
vn 0.000000 1.000000 0.000000
vn 0.000000 1.000000 0.000000
vn 0.000000 1.000000 0.000000
vn 0.000000 1.000000 0.000000
vn 0.948682 -0.316230 -0.000011
vn 0.948683 0.316228 0.000000
vn 0.948683 -0.316228 0.000000
vn 0.948683 0.316228 0.000000
vn 0.000000 -1.000000 0.000000
vn 0.000000 1.000000 0.000000
vn 0.000000 -1.000000 0.000000
vn 0.000000 1.000000 0.000000
vn 0.000000 -1.000000 0.000000
vn 0.000000 1.000000 0.000000
vn 0.000000 -1.000000 0.000000
vn 0.000000 1.000000 0.000000
vn 1.000000 -0.000003 0.000008
vn 1.000000 -0.000001 -0.000032
vn 1.000000 0.000001 -0.000003
vn 1.000000 0.000108 0.000775
vn 0.999998 0.000426 0.002022
vn 1.000000 -0.000001 -0.000021
vn 1.000000 0.000000 0.000000
vn 0.999996 -0.000056 0.002819
vn 1.000000 -0.000078 0.000018
vn 1.000000 -0.000001 0.000000
vn 0.000000 1.000000 0.000000
vn 0.000000 1.000000 0.000000
vn 0.000000 1.000000 0.000000
vn 1.000000 0.000745 -0.000526
vn 1.000000 0.000000 0.000000
vn 1.000000 0.000000 0.000000
vn 0.707107 -0.707107 0.000000
vn 0.948683 -0.316229 -0.000003
vn 0.948684 0.316227 -0.000003
vn 0.707106 0.707108 0.000000
vn 0.000000 -1.000000 0.000000
vn 0.000000 -1.000000 0.000000
vn 0.000000 1.000000 0.000000
vn 0.000000 1.000000 0.000000
vn 0.000000 -1.000000 0.000000
vn 0.000000 -1.000000 0.000000
vn 0.000000 1.000000 0.000000
vn 0.000000 1.000000 0.000000
vn 0.948683 -0.316228 -0.000002
vn 0.948683 0.316228 0.000000
vn 0.948683 -0.316228 0.000000
vn 0.948683 0.316228 0.000000
vn 0.000000 -1.000000 0.000000
vn 0.000000 1.000000 0.000000
vn 0.000000 -1.000000 0.000000
vn 0.000000 1.000000 0.000000
vn 0.000000 -1.000000 0.000000
vn 0.000000 1.000000 0.000000
vn 0.000000 -1.000000 0.000000
vn 0.000000 1.000000 0.000000
vn 1.000000 0.000000 0.000004
vn 1.000000 0.000049 0.000208
vn 1.000000 0.000006 -0.000007
vn 1.000000 -0.000002 -0.000005
vn 1.000000 -0.000001 -0.000002
vn 1.000000 -0.000001 0.000001
vn 0.999998 0.000303 0.001910
vn 1.000000 0.000000 -0.000001
vn 0.000000 -1.000000 0.000000
vn 0.000000 -1.000000 0.000000
vn 1.000000 0.000000 0.000000
vn 1.000000 0.000000 0.000000
vn 0.707107 0.707107 0.000000
vn 0.707107 0.707107 0.000000
vn 0.000000 1.000000 0.000000
vn 0.000000 1.000000 0.000000
vn 0.999995 -0.000373 0.003117
vn 1.000000 0.000000 0.000000
vn 1.000000 0.000000 0.000000
vn 1.000000 0.000000 0.000000
vn 1.000000 0.000000 0.000000
vn 1.000000 0.000000 0.000000
vn 1.000000 0.000000 0.000000
vn 1.000000 0.000000 0.000000
vn 1.000000 0.000000 0.000000
vn 1.000000 0.000000 0.000000
vn 1.000000 0.000000 0.000000
vn 1.000000 0.000000 0.000000
vn 1.000000 0.000000 0.000000
vn 1.000000 0.000000 0.000000
vn 1.000000 0.000000 0.000000
vn 1.000000 0.000000 0.000000
vn 1.000000 0.000000 0.000000
vn 1.000000 0.000000 0.000000
vn 1.000000 0.000000 0.000000
vn 1.000000 0.000000 0.000000
vn 1.000000 0.000000 0.000000
vn 1.000000 0.000000 0.000000
vn 1.000000 0.000000 0.000000
vn 1.000000 0.000000 0.000000
vn 1.000000 0.000000 0.000000
vn 1.000000 0.000000 0.000000
vn 1.000000 0.000000 0.000000
vn 1.000000 0.000000 0.000000
vn 1.000000 0.000000 0.000000
vn 1.000000 0.000000 0.000000
vn 1.000000 0.000000 0.000000
vn 1.000000 0.000000 0.000000
vn 1.000000 0.000000 0.000000
vn 1.000000 0.000000 0.000000
vn 1.000000 0.000000 0.000000
vn 1.000000 0.000000 0.000000
vn 1.000000 0.000000 0.000000
vn 1.000000 0.000000 0.000000
vn 1.000000 0.000000 0.000000
vn 1.000000 0.000000 0.000000
vn 1.000000 0.000000 0.000000
vn 1.000000 0.000000 0.000000
vn 1.000000 0.000000 0.000000
vn 1.000000 0.000000 0.000000
vn 1.000000 0.000000 0.000000
vn 1.000000 0.000000 0.000000
vn 1.000000 0.000000 0.000000
vn 1.000000 0.000000 0.000000
vn 1.000000 0.000000 0.000000
vn 1.000000 0.000000 0.000000
vn 1.000000 0.000000 0.000000
vn 1.000000 0.000000 0.000000
vn 1.000000 0.000000 0.000000
vn 1.000000 0.000000 0.000000
vn 1.000000 0.000000 0.000000
vn 1.000000 0.000000 0.000000
vn 1.000000 0.000000 0.000000
vn 1.000000 0.000000 0.000000
vn 1.000000 0.000000 0.000000
vn 1.000000 0.000000 0.000000
vn 1.000000 0.000000 0.000000
vn 1.000000 0.000000 0.000000
vn 0.707106 -0.707107 0.000000
vn 0.000000 -1.000000 0.000000
vn 0.707106 0.000000 0.707107
vn 0.577351 -0.577350 0.577350
vn 0.000000 0.000000 1.000000
vn 0.000000 -0.707107 0.707107
vn 1.000000 0.000000 0.000000
vn 0.707106 -0.707107 0.000000
vn 0.000000 -1.000000 0.000000
vn 0.707106 0.000000 0.707107
vn 0.577351 -0.577350 0.577350
vn 0.000000 0.000000 1.000000
vn 0.000000 -0.707107 0.707107
vn 1.000000 0.000000 0.000000
vn 1.000000 0.000000 0.000000
vn 1.000000 0.000000 0.000000
vn 1.000000 0.000000 0.000000
vn 1.000000 0.000000 0.000000
vn 1.000000 0.000000 0.000000
vn 1.000000 0.000000 0.000000
vn 1.000000 0.000000 0.000000
vn 1.000000 0.000000 0.000000
vn 1.000000 0.000000 0.000000
vn 1.000000 0.000000 0.000000
vn 1.000000 0.000000 0.000000
vn 1.000000 0.000000 0.000000
vn 0.707107 -0.707107 0.000000
vn 0.000000 -1.000000 0.000000
vn 0.707107 0.000000 0.707107
vn 0.577350 -0.577350 0.577350
vn 0.000000 0.000000 1.000000
vn 0.000000 -0.707107 0.707107
vn 1.000000 0.000000 0.000000
vn 1.000000 0.000000 0.000000
vn 1.000000 0.000000 0.000000
vn 1.000000 0.000000 0.000000
vn 1.000000 0.000000 0.000000
vn 1.000000 0.000000 0.000000
vn 1.000000 0.000000 0.000000
vn 1.000000 0.000000 0.000000
vn 1.000000 0.000000 0.000000
vn 1.000000 0.000000 0.000000
vn 1.000000 0.000000 0.000000
vn 1.000000 0.000000 0.000000
vn 1.000000 0.000000 0.000000
vn 0.707107 -0.707107 0.000000
vn 0.000000 -1.000000 0.000000
vn 0.707107 0.000000 -0.707107
vn 0.577350 -0.577350 -0.577350
vn 0.000000 0.000000 -1.000000
vn 0.000000 -0.707107 -0.707107
vn 1.000000 0.000000 0.000000
vn 1.000000 0.000000 0.000000
vn 1.000000 0.000000 0.000000
vn 1.000000 0.000000 0.000000
vn 1.000000 0.000000 0.000000
vn 1.000000 0.000000 0.000000
vn 1.000000 0.000000 0.000000
vn 1.000000 0.000000 0.000000
vn 1.000000 0.000000 0.000000
vn 1.000000 0.000000 0.000000
vn 1.000000 0.000000 0.000000
vn 1.000000 0.000000 0.000000
vn 1.000000 0.000000 0.000000
vn 1.000000 0.000000 0.000000
vn 1.000000 0.000000 0.000000
vn 1.000000 0.000000 0.000000
vn 1.000000 0.000000 0.000000
vn 1.000000 0.000000 0.000000
vn 1.000000 0.000000 0.000000
vn 1.000000 0.000000 0.000000
vn 1.000000 0.000000 0.000000
vn 1.000000 0.000000 0.000000
vn 1.000000 0.000000 0.000000
vn 1.000000 0.000000 0.000000
vn 1.000000 0.000000 0.000000
vn 0.999762 -0.021808 0.000040
vn 1.000000 0.000000 0.000000
vn 0.999764 -0.021736 0.000000
vn 1.000000 0.000000 0.000000
vn 1.000000 0.000000 0.000000
vn 0.999763 -0.021771 0.000020
vn 0.999761 -0.021843 0.000060
vn 1.000000 0.000000 0.000000
vn 1.000000 0.000000 0.000000
vn 1.000000 0.000000 0.000000
vn 1.000000 0.000000 0.000000
vn 1.000000 0.000000 0.000000
vn 0.720141 -0.693056 -0.032722
vn 0.000000 -0.998887 -0.047161
vn 1.000000 0.000000 0.000000
vn 0.693310 -0.719838 -0.033986
vn 0.000000 -0.998887 -0.047161
vn 1.000000 0.000000 0.000000
vn 0.707107 -0.707107 0.000000
vn 0.000000 -1.000000 0.000000
vn 1.000000 0.000000 0.000000
vn 0.707107 -0.707107 0.000000
vn 0.000000 -1.000000 0.000000
vn 1.000000 0.000000 0.000000
vn 1.000000 0.000000 0.000000
vn 0.707107 0.000000 0.707107
vn 0.707107 0.000000 0.707107
vn 0.000000 0.000000 1.000000
vn 0.000000 0.000000 1.000000
vn 1.000000 0.000000 0.000000
vn 0.707107 -0.707107 0.000000
vn 0.000000 -1.000000 0.000000
vn 1.000000 0.000000 0.000000
vn 0.707107 -0.707107 0.000000
vn 0.000000 -1.000000 0.000000
vn 0.741955 -0.661063 0.111796
vn 0.000000 -0.986000 0.166748
vn 0.945142 -0.322087 0.054470
vn 0.000000 -0.986000 0.166748
vn 1.000000 0.000000 0.000000
vn 0.715342 -0.696894 -0.051230
vn 0.000000 -0.997309 -0.073314
vn 1.000000 0.000000 0.000000
vn 0.698573 -0.713613 -0.052459
vn 0.000000 -0.997309 -0.073314
vn 1.000000 0.000000 0.000000
vn 0.999142 -0.040628 0.008079
vn 0.717156 0.031788 0.696187
vn 0.707107 0.000000 0.707107
vn -0.000814 0.045576 0.998961
vn -0.003978 0.000326 0.999992
vn 0.960096 0.279499 0.009804
vn 0.616290 0.787512 0.003299
vn 1.000000 0.000000 0.000000
vn 0.846078 -0.305652 0.436724
vn 0.707107 0.000000 -0.707107
vn 0.577350 -0.577350 -0.577350
vn 0.000000 0.000000 -1.000000
vn 0.000000 -0.707107 -0.707107
vn 0.707107 0.000000 0.707107
vn 0.577350 -0.577350 0.577350
vn 0.000000 0.000000 1.000000
vn 0.000000 -0.707107 0.707107
vn 0.707523 0.024772 -0.706256
vn 0.577253 -0.557356 -0.596769
vn 0.000000 0.035054 -0.999385
vn 0.000000 -0.682563 -0.730827
vn 0.706690 -0.024801 0.707088
vn 0.577447 -0.596668 0.557263
vn 0.000000 -0.035054 0.999385
vn 0.000000 -0.730828 0.682562
vn 0.603131 -0.404858 0.687258
vn -0.008939 -0.564251 0.825555
vn -0.063104 -0.561247 0.825239
vn 0.707107 0.707107 0.000000
vn 1.000000 0.000000 0.000000
vn 0.000000 1.000000 0.000000
vn 0.577452 0.577857 0.576742
vn 0.707107 0.000000 0.707107
vn 0.000000 0.707788 0.706425
vn -0.001056 0.000073 1.000000
vn 0.707095 -0.707119 0.000000
vn 0.577240 -0.576854 0.577956
vn 0.552326 0.600608 0.578106
vn 0.711580 0.702602 -0.001918
vn -0.023929 0.001661 0.999712
vn 1.000000 0.000000 0.000000
vn 0.648999 0.002462 0.760785
vn -0.159650 0.003268 0.987168
vn 0.645424 0.000000 0.763825
vn 1.000000 0.000000 0.000000
vn -0.068137 0.000081 0.997676
vn 0.574820 0.518086 -0.633379
vn 0.579967 -0.630565 -0.515777
vn 0.000000 0.633141 -0.774036
vn 0.000000 -0.774041 -0.633135
vn 0.579967 0.630561 0.515782
vn 0.574821 -0.518081 0.633382
vn 0.000000 0.774037 0.633141
vn 0.000000 -0.633134 0.774042
vn -0.000034 -1.000000 0.000000
vn -0.000024 -0.706417 0.707796
vn -0.058583 0.998283 0.000000
vn 0.009221 0.999954 -0.002662
vn 1.000000 0.000000 0.000000
vn 1.000000 0.000000 0.000000
vn 1.000000 0.000000 0.000000
vn 1.000000 0.000000 0.000000
vn 1.000000 0.000000 0.000000
vn 1.000000 0.000000 0.000000
vn 1.000000 0.000000 0.000000
vn 1.000000 0.000000 0.000000
vn 1.000000 0.000000 0.000000
vn 1.000000 0.000000 0.000000
vn 1.000000 0.000000 0.000000
vn 1.000000 0.000000 0.000000
vn 1.000000 0.000000 0.000000
vn 0.720152 -0.693042 -0.032758
vn 0.000000 -0.998885 -0.047214
vn 0.720140 0.008598 0.693775
vn 0.574280 -0.588875 0.568708
vn 0.000000 0.012392 0.999923
vn 0.000000 -0.719316 0.694683
vn 0.000000 -0.707107 -0.707107
vn 0.000000 -1.000000 0.000000
vn 0.000000 0.707107 -0.707107
vn 0.000000 1.000000 0.000000
vn 0.707106 -0.707107 0.000000
vn 1.000000 0.000000 0.000000
vn 0.904534 -0.301511 -0.301511
vn 1.000000 0.000000 0.000000
vn 1.000000 0.000000 0.000000
vn 0.707107 0.707107 0.000000
vn 0.904534 0.301511 -0.301511
vn 1.000000 0.000000 0.000000
vn 1.000000 0.000000 0.000000
vn 1.000000 0.000000 0.000000
vn 1.000000 0.000000 0.000000
vn 1.000000 0.000000 0.000000
vn 1.000000 0.000000 0.000000
vn 1.000000 0.000000 0.000000
vn 1.000000 0.000000 0.000000
vn 1.000000 0.000000 0.000000
vn 1.000000 0.000000 0.000000
vn 1.000000 0.000000 0.000000
vn 1.000000 0.000000 0.000000
vn 1.000000 0.000000 0.000000
vn 1.000000 0.000000 0.000000
vn 1.000000 0.000000 0.000000
vn 0.000000 -0.707107 -0.707107
vn 0.000000 -1.000000 0.000000
vn 0.000000 0.707107 -0.707107
vn 0.000000 1.000000 0.000000
vn 0.707107 -0.707107 0.000000
vn 1.000000 0.000000 0.000000
vn 0.904534 -0.301511 -0.301511
vn 1.000000 0.000000 0.000000
vn 1.000000 0.000000 0.000000
vn 0.707107 0.707107 0.000000
vn 0.904534 0.301511 -0.301511
vn 1.000000 0.000000 0.000000
vn 1.000000 0.000000 0.000000
vn 1.000000 0.000000 0.000000
vn 1.000000 0.000000 0.000000
vn 1.000000 0.000000 0.000000
vn 1.000000 0.000000 0.000000
vn 1.000000 0.000000 0.000000
vn 1.000000 0.000000 0.000000
vn 1.000000 0.000000 0.000000
vn 1.000000 0.000000 0.000000
vn 1.000000 0.000000 0.000000
vn 1.000000 0.000000 0.000000
vn 1.000000 0.000000 0.000000
vn 1.000000 0.000000 0.000000
vn 1.000000 0.000000 0.000000
vn 0.000000 0.999856 0.016974
vn 0.502307 0.864563 0.014762
vn 0.999985 -0.005453 -0.000206
vn 0.497637 -0.867259 -0.014809
vn 0.000079 -0.999854 -0.017105
vn 0.000000 1.000000 0.000000
vn 0.186012 0.968886 -0.163278
vn 0.798807 -0.000000 -0.601587
vn 0.186012 -0.968886 -0.163278
vn 0.000000 -1.000000 0.000000
vn 0.000000 1.000000 0.000000
vn 0.441290 0.833554 -0.332342
vn 0.751541 0.000000 -0.659686
vn 0.441290 -0.833554 -0.332342
vn 0.000000 -1.000000 0.000000
vn 0.000000 1.000000 0.000000
vn 0.319654 0.947534 0.000000
vn 1.000000 0.000000 0.000000
vn 0.319654 -0.947534 0.000000
vn 0.000000 -1.000000 0.000000
vn 0.001315 -0.999984 -0.005470
vn 0.504857 -0.863152 -0.009401
vn 0.999963 0.008609 0.000264
vn 0.495124 0.868772 0.009375
vn -0.001150 0.999985 0.005427
vn 0.002075 0.992508 -0.122159
vn 0.515008 0.850848 -0.104043
vn 0.999244 -0.038544 0.005093
vn 0.480212 -0.870412 0.108536
vn 0.000000 -0.992165 0.124935
vn 0.000000 0.999856 0.016974
vn 0.502307 0.864563 0.014762
vn 0.999985 -0.005453 -0.000206
vn 0.497637 -0.867259 -0.014809
vn 0.000079 -0.999854 -0.017105
vn 0.000000 1.000000 0.000000
vn 0.186012 0.968886 -0.163278
vn 0.798807 -0.000000 -0.601587
vn 0.186012 -0.968886 -0.163278
vn 0.000000 -1.000000 0.000000
vn 0.000000 1.000000 0.000000
vn 0.441290 0.833554 -0.332342
vn 0.751541 0.000000 -0.659686
vn 0.441290 -0.833554 -0.332342
vn 0.000000 -1.000000 0.000000
vn 0.000000 1.000000 0.000000
vn 0.319654 0.947534 0.000000
vn 1.000000 0.000000 0.000000
vn 0.319654 -0.947534 0.000000
vn 0.000000 -1.000000 0.000000
vn -0.011418 -0.998414 0.055131
vn 0.506473 -0.861598 0.033680
vn 0.999744 0.022579 -0.001705
vn 0.493476 0.869111 -0.033579
vn 0.012964 0.998296 -0.056903
vn -0.000408 0.998695 0.051074
vn 0.492560 0.869148 0.044340
vn 0.999869 0.016202 0.000739
vn 0.506848 -0.860894 -0.044353
vn 0.000000 -0.998663 -0.051686
vn 0.000000 0.999912 -0.013274
vn 0.498173 0.867001 -0.011508
vn 0.999991 0.004260 -0.000102
vn 0.501826 -0.864891 0.011598
vn -0.000055 -0.999911 0.013359
vn 0.000000 1.000000 0.000000
vn 0.499999 0.866026 0.000000
vn 1.000000 -0.000000 0.000000
vn 0.499999 -0.866026 0.000000
vn 0.000000 -1.000000 0.000000
vn 0.003172 -0.999849 -0.017091
vn 0.495630 -0.868493 -0.008364
vn 0.999929 -0.011884 -0.000199
vn 0.504520 0.863356 0.008712
vn -0.003488 0.999843 0.017368
vn -0.000408 0.998695 0.051074
vn 0.492560 0.869148 0.044340
vn 0.999869 0.016202 0.000739
vn 0.506848 -0.860894 -0.044353
vn 0.000000 -0.998663 -0.051686
vn 0.000000 0.999912 -0.013274
vn 0.498173 0.867001 -0.011508
vn 0.999991 0.004260 -0.000102
vn 0.501826 -0.864891 0.011598
vn -0.000055 -0.999911 0.013359
vn 0.000075 0.999968 -0.007984
vn 0.501105 0.865359 -0.006898
vn 0.999997 -0.002529 0.000055
vn 0.498865 -0.866652 0.006964
vn 0.000000 -0.999967 0.008089
vn 0.003172 -0.999849 -0.017091
vn 0.495630 -0.868493 -0.008364
vn 0.999929 -0.011884 -0.000199
vn 0.504520 0.863356 0.008712
vn -0.003488 0.999843 0.017368
vn 0.948922 -0.314986 -0.018209
vn 0.948941 -0.315017 -0.016615
vn 1.000000 0.000000 0.000000
vn 1.000000 0.000000 0.000000
vn 1.000000 0.000000 0.000000
vn 0.707107 0.000000 0.707107
vn 0.000000 0.000000 1.000000
vn 1.000000 0.000000 0.000000
vn 1.000000 0.000000 0.000000
vn 1.000000 0.000000 0.000000
vn 1.000000 0.000000 0.000000
vn 1.000000 0.000000 0.000000
vn 0.000001 0.000001 1.000000
vn 0.707107 0.000001 0.707106
vn 1.000000 -0.000000 -0.000033
vn 1.000000 -0.000000 -0.000033
vn 1.000000 0.000000 0.000000
vn 1.000000 0.000507 0.000792
vn 0.000000 -1.000000 0.000000
vn 0.000000 -1.000000 0.000000
vn 0.000000 -1.000000 0.000000
vn 0.000000 -1.000000 0.000000
vn 0.000000 0.000004 1.000000
vn 0.000000 0.000004 1.000000
vn 0.000000 -1.000000 0.000000
vn 0.000000 -1.000000 0.000000
vn 0.000000 -1.000000 0.000000
vn 0.000000 -1.000000 0.000000
vn 0.000000 -1.000000 0.000000
vn 0.000000 -1.000000 0.000000
vn -0.000000 -1.000000 0.000000
vn 1.000000 0.000000 0.000000
vn -0.000000 -1.000000 0.000000
vn -1.000000 0.000000 0.000000
vn -0.000000 -1.000000 0.000000
vn 1.000000 0.000000 0.000000
vn -0.000000 -1.000000 0.000000
vn -1.000000 0.000000 0.000000
vn 0.000000 -1.000000 0.000000
vn 0.000000 -1.000000 0.000000
vn -1.000000 0.000000 0.000000
vn -1.000000 0.000000 0.000000
vn -1.000000 0.000000 0.000000
vn -0.719428 0.000000 0.694567
vn -1.000000 0.000000 0.000000
vn -1.000000 0.000000 0.000000
vn 0.000000 0.000000 1.000000
vn -1.000000 0.000000 0.000000
vn -1.000000 0.000000 0.000000
vn -1.000000 0.000000 0.000000
vn 0.000000 0.000000 -1.000000
vn 0.000000 0.000000 -1.000000
vn 0.000000 0.000000 -1.000000
vn 0.000000 0.000000 -1.000000
vn 1.000000 0.000000 0.000000
vn 1.000000 0.000000 0.000000
vn -1.000000 0.000000 0.000000
vn -1.000000 0.000000 0.000000
vn 1.000000 0.000000 0.000000
vn 0.707107 -0.707107 0.000000
vn 0.000000 -1.000000 0.000000
vn 0.707107 0.000000 -0.707107
vn 0.577350 -0.577350 -0.577350
vn 0.000000 0.000000 -1.000000
vn 0.000000 -0.707107 -0.707107
vn 1.000000 0.000000 0.000000
vn 0.707107 -0.707107 0.000000
vn 0.000000 -1.000000 0.000000
vn 0.707107 0.000000 -0.707107
vn 0.577350 -0.577350 -0.577350
vn 0.000000 0.000000 -1.000000
vn 0.000000 -0.707107 -0.707107
vn 0.999977 -0.000001 -0.006773
vn 0.999977 -0.000005 -0.006820
vn 0.999951 -0.000450 -0.009839
vn 0.999953 -0.000466 -0.009677
vn 0.999977 0.000000 -0.006773
vn 0.999977 -0.000000 -0.006773
vn 0.715519 -0.697669 -0.035939
vn 0.698490 -0.714685 -0.036584
vn 1.000000 0.000000 0.000000
vn 1.000000 -0.000028 -0.000379
vn -0.000037 0.000000 -1.000000
vn -0.000037 0.000000 -1.000000
vn -0.000037 0.000000 -1.000000
vn -0.000037 0.000000 -1.000000
vn -0.000037 0.000000 -1.000000
vn -0.000037 0.000000 -1.000000
vn -0.000037 0.000000 -1.000000
vn -0.000037 0.000000 -1.000000
g fff07975_00013_0007eb5a_e0
f 610/676/610 611/677/611 604/669/604
f 605/670/605 604/669/604 611/677/611
f 603/668/603 609/675/609 610/676/610
f 610/676/610 604/669/604 603/668/603
f 604/669/604 605/670/605 598/662/598
f 599/663/599 598/662/598 605/670/605
f 597/661/597 603/668/603 604/669/604
f 604/669/604 598/662/598 597/661/597
f 598/662/598 599/663/599 360/570/360
f 361/574/361 360/570/360 599/663/599
f 359/571/359 597/661/597 598/662/598
f 598/662/598 360/570/360 359/571/359
f 569/614/569 584/648/584 568/616/568
f 408/461/408 413/460/413 409/455/409
f 16/11/16 43/42/43 45/45/45
f 36/9/36 42/41/42 13/13/13
f 1/623/1 490/620/490 4/627/4
f 410/462/410 407/325/407 409/455/409
f 421/318/421 432/322/432 420/321/420
f 37/3/37 13/14/13 11/15/11
f 43/42/43 15/8/15 45/45/45
f 13/14/13 37/3/37 36/5/36
f 410/462/410 411/463/411 422/464/422
f 410/462/410 415/468/415 411/463/411
f 561/630/561 559/636/559 3/618/3
f 583/647/583 569/614/569 571/621/571
f 1/623/1 4/627/4 471/628/471
f 507/513/507 5/1/5 8/2/8
f 423/320/423 230/652/230 588/653/588
f 409/455/409 407/456/407 406/346/406
f 150/79/150 149/78/149 161/86/161
f 146/76/146 147/77/147 164/85/164
f 160/81/160 146/73/146 161/82/161
f 160/81/160 162/83/162 148/72/148
f 146/76/146 164/85/164 161/86/161
f 150/79/150 161/86/161 164/85/164
f 476/608/476 482/625/482 478/611/478
f 10/4/10 36/5/36 37/3/37
f 36/5/36 10/4/10 12/6/12
f 159/80/159 163/84/163 162/83/162
f 159/80/159 162/83/162 149/75/149
f 1347/1438/1347 230/652/230 423/320/423
f 159/80/159 151/74/151 163/84/163
f 160/81/160 161/82/161 162/83/162
f 477/612/477 478/611/478 569/614/569
f 583/647/583 582/646/582 586/650/586
f 415/468/415 410/462/410 414/466/414
f 162/83/162 161/82/161 149/75/149
f 162/83/162 163/84/163 148/72/148
f 585/649/585 570/626/570 567/617/567
f 482/625/482 476/608/476 481/610/481
f 586/650/586 587/651/587 583/647/583
f 472/622/472 1/623/1 470/624/470
f 508/514/508 5/1/5 507/513/507
f 571/621/571 569/614/569 478/611/478
f 293/394/293 299/393/299 295/396/295
f 298/397/298 296/398/296 292/399/292
f 269/400/269 201/341/201 202/340/202
f 260/401/260 261/402/261 268/403/268
f 202/340/202 258/334/258 266/404/266
f 260/401/260 258/334/258 259/405/259
f 292/399/292 294/406/294 298/397/298
f 295/396/295 289/407/289 293/394/293
f 265/408/265 262/409/262 264/410/264
f 262/409/262 265/408/265 263/411/263
f 260/401/260 263/411/263 261/402/261
f 263/411/263 260/401/260 262/409/262
f 260/401/260 268/403/268 266/404/266
f 266/404/266 258/334/258 260/401/260
f 267/412/267 269/400/269 202/340/202
f 266/404/266 267/412/267 202/340/202
f 268/403/268 261/402/261 269/400/269
f 261/402/261 201/341/201 269/400/269
f 266/404/266 268/403/268 272/413/272
f 272/413/272 270/414/270 266/404/266
f 267/412/267 273/415/273 269/400/269
f 273/415/273 267/412/267 271/416/271
f 3/618/3 469/629/469 561/630/561
f 18/16/18 19/17/19 492/495/492
f 492/495/492 491/494/491 18/16/18
f 424/315/424 426/316/426 430/313/430
f 582/646/582 583/647/583 571/621/571
f 427/317/427 421/318/421 425/319/425
f 1/623/1 469/629/469 3/618/3
f 576/640/576 560/631/560 557/632/557
f 421/318/421 427/317/427 423/320/423
f 426/316/426 424/315/424 420/321/420
f 487/633/487 486/634/486 476/608/476
f 469/629/469 1/623/1 468/635/468
f 45/45/45 15/8/15 17/12/17
f 413/460/413 408/461/408 412/458/412
f 421/318/421 423/320/423 231/323/231
f 576/640/576 577/641/577 561/630/561
f 15/8/15 44/43/44 14/10/14
f 432/322/432 421/318/421 257/324/257
f 420/321/420 432/322/432 407/325/407
f 419/465/419 414/466/414 418/467/418
f 3/618/3 2/619/2 489/639/489
f 366/579/366 375/576/375 362/578/362
f 430/313/430 428/314/428 424/315/424
f 478/611/478 482/625/482 571/621/571
f 431/326/431 425/319/425 429/327/429
f 414/466/414 419/465/419 415/468/415
f 586/650/586 582/646/582 585/649/585
f 43/42/43 16/11/16 42/41/42
f 36/9/36 44/43/44 43/42/43
f 425/319/425 431/326/431 427/317/427
f 580/644/580 581/645/581 556/637/556
f 422/464/422 411/463/411 423/320/423
f 556/637/556 577/641/577 557/632/557
f 559/636/559 577/641/577 578/642/578
f 3/618/3 490/620/490 1/623/1
f 490/620/490 3/618/3 489/639/489
f 566/615/566 587/651/587 586/650/586
f 1/623/1 472/622/472 468/635/468
f 36/9/36 43/42/43 42/41/42
f 471/628/471 470/624/470 1/623/1
f 420/321/420 422/464/422 426/316/426
f 509/516/509 493/499/493 494/500/494
f 476/608/476 479/613/479 487/633/487
f 488/609/488 476/608/476 486/634/486
f 299/393/299 293/394/293 297/395/297
f 279/364/279 280/373/280 256/366/256
f 405/379/405 227/332/227 202/340/202
f 494/500/494 508/515/508 509/516/509
f 255/391/255 253/392/253 249/388/249
f 249/388/249 251/387/251 255/391/255
f 254/389/254 248/386/248 252/390/252
f 248/386/248 254/389/254 250/385/250
f 251/387/251 249/388/249 245/384/245
f 245/384/245 247/372/247 251/387/251
f 250/385/250 244/378/244 248/386/248
f 244/378/244 250/385/250 246/376/246
f 235/377/235 247/372/247 229/374/229
f 246/376/246 247/372/247 235/377/235
f 244/378/244 280/373/280 245/384/245
f 245/384/245 280/373/280 247/372/247
f 407/325/407 234/375/234 233/347/233
f 234/375/234 244/378/244 246/376/246
f 239/383/239 238/382/238 234/375/234
f 234/375/234 235/377/235 239/383/239
f 238/382/238 239/383/239 243/380/243
f 243/380/243 242/381/242 238/382/238
f 237/371/237 236/370/236 232/348/232
f 232/348/232 233/347/233 237/371/237
f 202/340/202 380/353/380 405/379/405
f 15/8/15 43/42/43 44/43/44
f 12/7/12 44/43/44 36/9/36
f 280/373/280 244/378/244 234/375/234
f 234/375/234 246/376/246 235/377/235
f 247/372/247 280/373/280 229/374/229
f 423/320/423 588/653/588 231/323/231
f 586/650/586 585/649/585 567/617/567
f 236/370/236 237/371/237 241/368/241
f 241/368/241 240/369/240 236/370/236
f 380/353/380 205/342/205 204/329/204
f 407/325/407 233/347/233 406/346/406
f 256/366/256 300/367/300 279/364/279
f 206/344/206 209/351/209 205/342/205
f 209/351/209 206/344/206 210/352/210
f 288/363/288 279/364/279 282/365/282
f 226/361/226 224/362/224 220/358/220
f 220/358/220 222/357/222 226/361/226
f 225/359/225 219/356/219 223/360/223
f 219/356/219 225/359/225 221/355/221
f 222/357/222 220/358/220 216/354/216
f 216/354/216 218/339/218 222/357/222
f 221/355/221 215/345/215 219/356/219
f 215/345/215 221/355/221 217/343/217
f 206/344/206 218/339/218 201/341/201
f 217/343/217 218/339/218 206/344/206
f 587/651/587 584/648/584 583/647/583
f 215/345/215 202/340/202 216/354/216
f 216/354/216 202/340/202 218/339/218
f 202/340/202 205/342/205 380/353/380
f 205/342/205 215/345/215 217/343/217
f 209/351/209 210/352/210 214/349/214
f 214/349/214 213/350/213 209/351/209
f 406/346/406 233/347/233 232/348/232
f 202/340/202 215/345/215 205/342/205
f 205/342/205 217/343/217 206/344/206
f 218/339/218 202/340/202 201/341/201
f 270/414/270 272/413/272 276/417/276
f 276/417/276 274/418/274 270/414/270
f 476/608/476 488/609/488 481/610/481
f 271/416/271 277/419/277 273/415/273
f 277/419/277 271/416/271 275/420/275
f 478/611/478 477/612/477 479/613/479
f 420/321/420 407/325/407 410/462/410
f 478/611/478 479/613/479 476/608/476
f 510/517/510 493/499/493 509/516/509
f 258/334/258 202/340/202 227/332/227
f 289/407/289 291/421/291 280/373/280
f 494/500/494 5/498/5 508/515/508
f 289/407/289 295/396/295 291/421/291
f 294/406/294 292/399/292 288/363/288
f 288/363/288 290/422/290 294/406/294
f 283/423/283 229/374/229 291/421/291
f 291/421/291 229/374/229 280/373/280
f 282/365/282 283/423/283 290/422/290
f 280/373/280 279/364/279 288/363/288
f 282/365/282 279/364/279 281/424/281
f 290/422/290 283/423/283 291/421/291
f 288/363/288 289/407/289 280/373/280
f 406/346/406 408/461/408 409/455/409
f 412/458/412 417/457/417 413/460/413
f 569/614/569 583/647/583 584/648/584
f 566/615/566 586/650/586 567/617/567
f 569/614/569 568/616/568 477/612/477
f 203/328/203 204/329/204 207/330/207
f 208/331/208 207/330/207 204/329/204
f 227/332/227 278/333/278 258/334/258
f 212/335/212 211/336/211 207/330/207
f 207/330/207 208/331/208 212/335/212
f 2/619/2 3/618/3 559/636/559
f 491/494/491 492/495/492 21/18/21
f 287/425/287 284/426/284 286/427/286
f 284/426/284 287/425/287 285/428/285
f 282/365/282 285/428/285 283/423/283
f 285/428/285 282/365/282 284/426/284
f 282/365/282 290/422/290 288/363/288
f 280/373/280 234/375/234 407/325/407
f 280/373/280 407/325/407 432/322/432
f 432/322/432 256/366/256 280/373/280
f 380/353/380 204/329/204 203/429/203
f 21/18/21 20/19/20 491/494/491
f 559/636/559 558/638/558 2/619/2
f 579/643/579 580/644/580 557/632/557
f 366/579/366 376/580/376 375/576/375
f 556/637/556 557/632/557 580/644/580
f 410/462/410 422/464/422 420/321/420
f 557/632/557 560/631/560 579/643/579
f 365/581/365 364/582/364 363/575/363
f 363/575/363 375/576/375 365/581/365
f 377/572/377 359/571/359 360/570/360
f 378/573/378 377/572/377 361/574/361
f 559/636/559 578/642/578 558/638/558
f 363/575/363 377/572/377 375/576/375
f 360/570/360 361/574/361 377/572/377
f 375/576/375 376/580/376 365/581/365
f 556/637/556 578/642/578 577/641/577
f 577/641/577 559/636/559 561/630/561
f 577/641/577 576/640/576 557/632/557
f 376/580/376 367/583/367 365/581/365
f 379/577/379 359/571/359 377/572/377
f 377/572/377 362/578/362 375/576/375
f 362/578/362 377/572/377 378/573/378
f 363/575/363 379/577/379 377/572/377
f 257/324/257 421/318/421 231/323/231
f 381/431/381 385/432/385 382/433/382
f 386/434/386 382/433/382 385/432/385
f 390/435/390 385/432/385 389/436/389
f 385/432/385 390/435/390 386/434/386
f 203/429/203 381/431/381 382/433/382
f 382/433/382 380/353/380 203/429/203
f 396/437/396 321/338/321 320/337/320
f 383/438/383 384/439/384 395/440/395
f 320/337/320 380/353/380 393/441/393
f 383/438/383 380/353/380 382/433/382
f 392/442/392 387/443/387 391/444/391
f 387/443/387 392/442/392 388/445/388
f 383/438/383 395/440/395 393/441/393
f 393/441/393 380/353/380 383/438/383
f 394/446/394 396/437/396 320/337/320
f 393/441/393 394/446/394 320/337/320
f 395/440/395 384/439/384 396/437/396
f 384/439/384 321/338/321 396/437/396
f 393/441/393 395/440/395 399/447/399
f 399/447/399 397/448/397 393/441/393
f 394/446/394 400/449/400 396/437/396
f 400/449/400 394/446/394 398/450/398
f 397/448/397 399/447/399 403/451/403
f 403/451/403 401/452/401 397/448/397
f 398/450/398 404/453/404 400/449/400
f 404/453/404 398/450/398 402/454/402
f 417/457/417 412/458/412 416/459/416
f 387/443/387 388/445/388 384/439/384
f 384/439/384 383/438/383 387/443/387
f 320/337/320 405/379/405 380/353/380
f 1346/1437/1346 320/337/320 228/430/228
f 630/691/630 164/85/164 147/77/147
f 630/691/630 623/693/623 631/692/631
f 629/694/629 631/692/631 632/695/632
f 629/694/629 150/79/150 631/692/631
f 629/694/629 632/695/632 624/696/624
f 630/691/630 631/692/631 164/85/164
f 631/692/631 150/79/150 164/85/164
f 631/692/631 623/693/623 632/695/632
f 1921/1195/1921 1924/1194/1924 1134/1196/1134
f 1140/1194/1140 1133/1195/1133 1141/1193/1141
f 1104/1172/1104 1105/1173/1105 1107/1174/1107
f 1107/1174/1107 1106/1175/1106 1104/1172/1104
f 1105/1173/1105 1124/1176/1124 1107/1174/1107
f 1124/1176/1124 1105/1173/1105 1125/1177/1125
f 1275/1366/1275 1252/1343/1252 1251/1342/1251
f 1246/1337/1246 1247/1338/1247 1274/1365/1274
f 1249/1340/1249 1250/1341/1250 1271/1362/1271
f 1272/1363/1272 1255/1346/1255 1254/1345/1254
f 1248/1339/1248 1249/1340/1249 1272/1363/1272
f 1273/1364/1273 1254/1345/1254 1253/1344/1253
f 1247/1338/1247 1248/1339/1248 1273/1364/1273
f 1274/1365/1274 1253/1344/1253 1252/1343/1252
f 1251/1342/1251 1252/1343/1252 1257/1348/1257
f 1257/1348/1257 1256/1347/1256 1251/1342/1251
f 1252/1343/1252 1253/1344/1253 1258/1349/1258
f 1258/1349/1258 1257/1348/1257 1252/1343/1252
f 1253/1344/1253 1254/1345/1254 1259/1350/1259
f 1259/1350/1259 1258/1349/1258 1253/1344/1253
f 1254/1345/1254 1255/1346/1255 1260/1351/1260
f 1260/1351/1260 1259/1350/1259 1254/1345/1254
f 1256/1347/1256 1257/1348/1257 1262/1353/1262
f 1262/1353/1262 1261/1352/1261 1256/1347/1256
f 1257/1348/1257 1258/1349/1258 1263/1354/1263
f 1263/1354/1263 1262/1353/1262 1257/1348/1257
f 1258/1349/1258 1259/1350/1259 1264/1355/1264
f 1264/1355/1264 1263/1354/1263 1258/1349/1258
f 1259/1350/1259 1260/1351/1260 1265/1356/1265
f 1265/1356/1265 1264/1355/1264 1259/1350/1259
f 1261/1352/1261 1262/1353/1262 1267/1358/1267
f 1267/1358/1267 1266/1357/1266 1261/1352/1261
f 1262/1353/1262 1263/1354/1263 1268/1359/1268
f 1268/1359/1268 1267/1358/1267 1262/1353/1262
f 1263/1354/1263 1264/1355/1264 1269/1360/1269
f 1269/1360/1269 1268/1359/1268 1263/1354/1263
f 1264/1355/1264 1265/1356/1265 1270/1361/1270
f 1270/1361/1270 1269/1360/1269 1264/1355/1264
f 1274/1365/1274 1252/1343/1252 1275/1366/1275
f 1246/1337/1246 1274/1365/1274 1275/1366/1275
f 1273/1364/1273 1253/1344/1253 1274/1365/1274
f 1247/1338/1247 1273/1364/1273 1274/1365/1274
f 1272/1363/1272 1254/1345/1254 1273/1364/1273
f 1248/1339/1248 1272/1363/1272 1273/1364/1273
f 1271/1362/1271 1255/1346/1255 1272/1363/1272
f 1249/1340/1249 1271/1362/1271 1272/1363/1272
f 1305/1396/1305 1282/1373/1282 1281/1372/1281
f 1276/1367/1276 1277/1368/1277 1304/1395/1304
f 1279/1370/1279 1280/1371/1280 1301/1392/1301
f 1302/1393/1302 1285/1376/1285 1284/1375/1284
f 1278/1369/1278 1279/1370/1279 1302/1393/1302
f 1303/1394/1303 1284/1375/1284 1283/1374/1283
f 1277/1368/1277 1278/1369/1278 1303/1394/1303
f 1304/1395/1304 1283/1374/1283 1282/1373/1282
f 1281/1372/1281 1282/1373/1282 1287/1378/1287
f 1287/1378/1287 1286/1377/1286 1281/1372/1281
f 1282/1373/1282 1283/1374/1283 1288/1379/1288
f 1288/1379/1288 1287/1378/1287 1282/1373/1282
f 1283/1374/1283 1284/1375/1284 1289/1380/1289
f 1289/1380/1289 1288/1379/1288 1283/1374/1283
f 1284/1375/1284 1285/1376/1285 1290/1381/1290
f 1290/1381/1290 1289/1380/1289 1284/1375/1284
f 1286/1377/1286 1287/1378/1287 1292/1383/1292
f 1292/1383/1292 1291/1382/1291 1286/1377/1286
f 1287/1378/1287 1288/1379/1288 1293/1384/1293
f 1293/1384/1293 1292/1383/1292 1287/1378/1287
f 1288/1379/1288 1289/1380/1289 1294/1385/1294
f 1294/1385/1294 1293/1384/1293 1288/1379/1288
f 1289/1380/1289 1290/1381/1290 1295/1386/1295
f 1295/1386/1295 1294/1385/1294 1289/1380/1289
f 1291/1382/1291 1292/1383/1292 1297/1388/1297
f 1297/1388/1297 1296/1387/1296 1291/1382/1291
f 1292/1383/1292 1293/1384/1293 1298/1389/1298
f 1298/1389/1298 1297/1388/1297 1292/1383/1292
f 1293/1384/1293 1294/1385/1294 1299/1390/1299
f 1299/1390/1299 1298/1389/1298 1293/1384/1293
f 1294/1385/1294 1295/1386/1295 1300/1391/1300
f 1300/1391/1300 1299/1390/1299 1294/1385/1294
f 1304/1395/1304 1282/1373/1282 1305/1396/1305
f 1276/1367/1276 1304/1395/1304 1305/1396/1305
f 1303/1394/1303 1283/1374/1283 1304/1395/1304
f 1277/1368/1277 1303/1394/1303 1304/1395/1304
f 1302/1393/1302 1284/1375/1284 1303/1394/1303
f 1278/1369/1278 1302/1393/1302 1303/1394/1303
f 1301/1392/1301 1285/1376/1285 1302/1393/1302
f 1279/1370/1279 1301/1392/1301 1302/1393/1302
f 1325/1416/1325 1312/1403/1312 1311/1402/1311
f 1306/1397/1306 1307/1398/1307 1324/1415/1324
f 1309/1400/1309 1310/1401/1310 1321/1412/1321
f 1322/1413/1322 1315/1406/1315 1314/1405/1314
f 1308/1399/1308 1309/1400/1309 1322/1413/1322
f 1323/1414/1323 1314/1405/1314 1313/1404/1313
f 1307/1398/1307 1308/1399/1308 1323/1414/1323
f 1324/1415/1324 1313/1404/1313 1312/1403/1312
f 1311/1402/1311 1312/1403/1312 1317/1408/1317
f 1317/1408/1317 1316/1407/1316 1311/1402/1311
f 1312/1403/1312 1313/1404/1313 1318/1409/1318
f 1318/1409/1318 1317/1408/1317 1312/1403/1312
f 1313/1404/1313 1314/1405/1314 1319/1410/1319
f 1319/1410/1319 1318/1409/1318 1313/1404/1313
f 1314/1405/1314 1315/1406/1315 1320/1411/1320
f 1320/1411/1320 1319/1410/1319 1314/1405/1314
f 1324/1415/1324 1312/1403/1312 1325/1416/1325
f 1306/1397/1306 1324/1415/1324 1325/1416/1325
f 1323/1414/1323 1313/1404/1313 1324/1415/1324
f 1307/1398/1307 1323/1414/1323 1324/1415/1324
f 1322/1413/1322 1314/1405/1314 1323/1414/1323
f 1308/1399/1308 1322/1413/1322 1323/1414/1323
f 1321/1412/1321 1315/1406/1315 1322/1413/1322
f 1309/1400/1309 1321/1412/1321 1322/1413/1322
f 1345/1436/1345 1332/1423/1332 1331/1422/1331
f 1326/1417/1326 1327/1418/1327 1344/1435/1344
f 1329/1420/1329 1330/1421/1330 1341/1432/1341
f 1342/1433/1342 1335/1426/1335 1334/1425/1334
f 1328/1419/1328 1329/1420/1329 1342/1433/1342
f 1343/1434/1343 1334/1425/1334 1333/1424/1333
f 1327/1418/1327 1328/1419/1328 1343/1434/1343
f 1344/1435/1344 1333/1424/1333 1332/1423/1332
f 1331/1422/1331 1332/1423/1332 1337/1428/1337
f 1337/1428/1337 1336/1427/1336 1331/1422/1331
f 1332/1423/1332 1333/1424/1333 1338/1429/1338
f 1338/1429/1338 1337/1428/1337 1332/1423/1332
f 1333/1424/1333 1334/1425/1334 1339/1430/1339
f 1339/1430/1339 1338/1429/1338 1333/1424/1333
f 1334/1425/1334 1335/1426/1335 1340/1431/1340
f 1340/1431/1340 1339/1430/1339 1334/1425/1334
f 1344/1435/1344 1332/1423/1332 1345/1436/1345
f 1326/1417/1326 1344/1435/1344 1345/1436/1345
f 1343/1434/1343 1333/1424/1333 1344/1435/1344
f 1327/1418/1327 1343/1434/1343 1344/1435/1344
f 1342/1433/1342 1334/1425/1334 1343/1434/1343
f 1328/1419/1328 1342/1433/1342 1343/1434/1343
f 1341/1432/1341 1335/1426/1335 1342/1433/1342
f 1329/1420/1329 1341/1432/1341 1342/1433/1342
f 405/379/405 320/337/320 1346/1437/1346
f 411/463/411 1347/1438/1347 423/320/423
f 230/652/230 1347/1438/1347 1346/1440/1346
f 1346/1440/1346 228/1439/228 230/652/230
f 1933/1993/1933 1913/1994/1913 1909/1991/1909
f 1909/1991/1909 1932/1992/1932 1933/1993/1933
f 1914/1989/1914 1912/1990/1912 1908/1987/1908
f 1908/1987/1908 1910/1988/1910 1914/1989/1914
f 1928/1983/1928 1931/1986/1931 1929/1985/1929
f 1931/1986/1931 1928/1983/1928 1930/1984/1930
f 1934/1981/1934 1911/1982/1911 1915/1986/1915
f 1915/1986/1915 1935/1984/1935 1934/1981/1934
f 1901/1979/1901 1900/1980/1900 1890/1961/1890
f 1891/1963/1891 1890/1961/1890 1900/1980/1900
f 1878/1622/1878 1386/1441/1386 1384/1623/1384
f 1386/1441/1386 1878/1622/1878 1879/1442/1879
f 1870/1619/1870 1864/1603/1864 1869/1617/1869
f 1876/1607/1876 1864/1603/1864 1865/1616/1865
f 1458/2028/1458 1457/2029/1457 1461/2030/1461
f 1456/2031/1456 1459/2032/1459 1455/2033/1455
f 1871/1620/1871 1865/1616/1865 1870/1619/1870
f 1455/2033/1455 1460/2034/1460 1879/2035/1879
f 1460/2034/1460 1470/2036/1470 1386/2037/1386
f 1859/1606/1859 1875/1615/1875 1860/1614/1860
f 1879/2035/1879 1460/2034/1460 1386/2037/1386
f 1865/1616/1865 1871/1620/1871 1866/1613/1866
f 1454/1461/1454 1878/1520/1878 1427/1502/1427
f 1878/1622/1878 1956/2021/1956 1957/2020/1957
f 1957/2020/1957 1879/1442/1879 1878/1622/1878
f 1405/1443/1405 1358/1445/1358 1357/1444/1357
f 1396/1446/1396 1404/1448/1404 1397/1447/1397
f 1358/1445/1358 1402/1450/1402 1394/1449/1394
f 1396/1446/1396 1395/1451/1395 1394/1449/1394
f 1951/2014/1951 1955/2015/1955 1954/2023/1954
f 1954/2023/1954 1950/2022/1950 1951/2014/1951
f 1401/1452/1401 1400/1454/1400 1398/1453/1398
f 1398/1453/1398 1399/1455/1399 1401/1452/1401
f 1396/1446/1396 1397/1447/1397 1399/1455/1399
f 1399/1455/1399 1398/1453/1398 1396/1446/1396
f 1396/1446/1396 1402/1450/1402 1404/1448/1404
f 1402/1450/1402 1396/1446/1396 1394/1449/1394
f 1403/1456/1403 1358/1445/1358 1405/1443/1405
f 1402/1450/1402 1358/1445/1358 1403/1456/1403
f 1404/1448/1404 1405/1443/1405 1397/1447/1397
f 1397/1447/1397 1405/1443/1405 1357/1444/1357
f 1402/1450/1402 1408/1457/1408 1404/1448/1404
f 1408/1457/1408 1402/1450/1402 1406/1458/1406
f 1403/1456/1403 1405/1443/1405 1409/1459/1409
f 1409/1459/1409 1407/1460/1407 1403/1456/1403
f 1966/2012/1966 1967/2019/1967 1962/1461/1962
f 1963/1520/1963 1962/1461/1962 1967/2019/1967
f 1951/2014/1951 1952/2024/1952 1953/2016/1953
f 1952/2024/1952 1951/2014/1951 1950/2022/1950
f 1864/1603/1864 1870/1619/1870 1865/1616/1865
f 1458/2028/1458 1387/2039/1387 1460/2034/1460
f 1461/2030/1461 1393/2040/1393 1458/2028/1458
f 1457/2029/1457 1456/2031/1456 1461/2030/1461
f 1872/1621/1872 1866/1613/1866 1871/1620/1871
f 1852/1601/1852 1846/1593/1846 1851/1600/1851
f 1953/2017/1953 1959/2026/1959 1958/2018/1958
f 1959/2026/1959 1953/2017/1953 1952/2025/1952
f 1866/1613/1866 1872/1621/1872 1867/1612/1867
f 1957/2020/1957 1956/2027/1956 1955/2015/1955
f 1459/2032/1459 1460/2034/1460 1455/2033/1455
f 1954/2023/1954 1955/2015/1955 1956/2027/1956
f 1861/1608/1861 1874/1611/1874 1873/1610/1873
f 1964/2011/1964 1960/1462/1960 1965/2013/1965
f 1415/2041/1415 1392/2042/1392 1416/2043/1416
f 1454/1461/1454 1358/1445/1358 1383/1462/1383
f 1873/1610/1873 1874/1611/1874 1867/1612/1867
f 1961/1490/1961 1965/2013/1965 1960/1462/1960
f 1966/2012/1966 1960/1462/1960 1964/2011/1964
f 1960/1462/1960 1966/2012/1966 1962/1461/1962
f 1843/1584/1843 1849/1597/1849 1844/1583/1844
f 1856/1587/1856 1844/1583/1844 1845/1596/1845
f 1839/1586/1839 1855/1595/1855 1840/1594/1840
f 1855/1595/1855 1845/1596/1845 1846/1593/1846
f 1840/1594/1840 1854/1591/1854 1841/1588/1841
f 1455/2033/1455 1385/2048/1385 1391/2045/1391
f 1390/2047/1390 1455/2033/1455 1391/2045/1391
f 1388/2046/1388 1389/2044/1389 1416/2043/1416
f 1389/2044/1389 1391/2045/1391 1416/2043/1416
f 1839/1586/1839 1856/1587/1856 1855/1595/1855
f 1456/2031/1456 1390/2047/1390 1388/2046/1388
f 1874/1611/1874 1866/1613/1866 1867/1612/1867
f 1861/1608/1861 1873/1610/1873 1862/1609/1862
f 1858/1605/1858 1876/1607/1876 1859/1606/1859
f 1877/1602/1877 1863/1604/1863 1864/1603/1864
f 1841/1588/1841 1854/1591/1854 1853/1590/1853
f 1853/1590/1853 1854/1591/1854 1847/1592/1847
f 1358/1445/1358 1454/1461/1454 1429/1463/1429
f 1416/2043/1416 1456/2031/1456 1388/2046/1388
f 1456/2031/1456 1455/2033/1455 1390/2047/1390
f 1391/2045/1391 1385/2048/1385 1422/2049/1422
f 1460/2034/1460 1387/2039/1387 1470/2036/1470
f 1840/1594/1840 1855/1595/1855 1854/1591/1854
f 1854/1591/1854 1855/1595/1855 1846/1593/1846
f 1429/1463/1429 1360/1465/1360 1361/1464/1361
f 1855/1595/1855 1856/1587/1856 1845/1596/1845
f 1392/2042/1392 1415/2041/1415 1423/2050/1423
f 1362/1466/1362 1361/1464/1361 1365/1467/1365
f 1365/1467/1365 1366/1468/1366 1362/1466/1362
f 1419/2051/1419 1417/2052/1417 1415/2041/1415
f 1382/1469/1382 1376/1471/1376 1380/1470/1380
f 1376/1471/1376 1382/1469/1382 1378/1472/1378
f 1381/1473/1381 1379/1475/1379 1375/1474/1375
f 1375/1474/1375 1377/1476/1377 1381/1473/1381
f 1378/1472/1378 1372/1477/1372 1376/1471/1376
f 1372/1477/1372 1378/1472/1378 1374/1478/1374
f 1377/1476/1377 1375/1474/1375 1371/1479/1371
f 1371/1479/1371 1373/1480/1373 1377/1476/1377
f 1362/1466/1362 1357/1444/1357 1374/1478/1374
f 1373/1480/1373 1362/1466/1362 1374/1478/1374
f 1371/1479/1371 1372/1477/1372 1358/1445/1358
f 1372/1477/1372 1374/1478/1374 1358/1445/1358
f 1358/1445/1358 1429/1463/1429 1361/1464/1361
f 1361/1464/1361 1373/1480/1373 1371/1479/1371
f 1365/1467/1365 1370/1481/1370 1366/1468/1366
f 1370/1481/1370 1365/1467/1365 1369/1482/1369
f 1856/1587/1856 1857/1582/1857 1844/1583/1844
f 1358/1445/1358 1361/1464/1361 1371/1479/1371
f 1361/1464/1361 1362/1466/1362 1373/1480/1373
f 1374/1478/1374 1357/1444/1357 1358/1445/1358
f 1406/1458/1406 1412/1483/1412 1408/1457/1408
f 1412/1483/1412 1406/1458/1406 1410/1484/1410
f 1407/1460/1407 1409/1459/1409 1413/1485/1413
f 1413/1485/1413 1411/1486/1411 1407/1460/1407
f 1875/1615/1875 1865/1616/1865 1866/1613/1866
f 1860/1614/1860 1875/1615/1875 1874/1611/1874
f 1394/1449/1394 1383/1462/1383 1358/1445/1358
f 1420/2038/1420 1416/2043/1416 1422/2049/1422
f 1874/1611/1874 1875/1615/1875 1866/1613/1866
f 1854/1591/1854 1846/1593/1846 1847/1592/1847
f 1841/1588/1841 1853/1590/1853 1842/1589/1842
f 1838/1585/1838 1856/1587/1856 1839/1586/1839
f 1418/2054/1418 1422/2049/1422 1385/2048/1385
f 1422/2049/1422 1416/2043/1416 1391/2045/1391
f 1417/2052/1417 1421/2053/1421 1418/2054/1418
f 1416/2043/1416 1419/2051/1419 1415/2041/1415
f 1849/1597/1849 1843/1584/1843 1848/1598/1848
f 1421/2053/1421 1422/2049/1422 1418/2054/1418
f 1419/2051/1419 1416/2043/1416 1420/2038/1420
f 1860/1614/1860 1874/1611/1874 1861/1608/1861
f 1869/1617/1869 1863/1604/1863 1868/1618/1868
f 1359/1487/1359 1363/1488/1363 1360/1465/1360
f 1364/1489/1364 1360/1465/1360 1363/1488/1363
f 1383/1462/1383 1394/1449/1394 1414/1490/1414
f 1368/1491/1368 1363/1488/1363 1367/1492/1367
f 1363/1488/1363 1368/1491/1368 1364/1489/1364
f 1846/1593/1846 1852/1601/1852 1847/1592/1847
f 1851/1600/1851 1845/1596/1845 1850/1599/1850
f 1845/1596/1845 1851/1600/1851 1846/1593/1846
f 1850/1599/1850 1844/1583/1844 1849/1597/1849
f 1417/2052/1417 1419/2051/1419 1421/2053/1421
f 1838/1585/1838 1857/1582/1857 1856/1587/1856
f 1416/2043/1416 1461/2030/1461 1456/2031/1456
f 1461/2030/1461 1416/2043/1416 1392/2042/1392
f 1429/1463/1429 1359/1493/1359 1360/1465/1360
f 1844/1583/1844 1850/1599/1850 1845/1596/1845
f 1456/2031/1456 1457/2029/1457 1459/2032/1459
f 1895/2055/1895 1417/2052/1417 1418/2054/1418
f 1417/2052/1417 1895/2055/1895 1893/2056/1893
f 1859/1606/1859 1876/1607/1876 1875/1615/1875
f 1875/1615/1875 1876/1607/1876 1865/1616/1865
f 1415/2041/1415 1893/2056/1893 1892/2057/1892
f 1858/1605/1858 1877/1602/1877 1876/1607/1876
f 1893/2056/1893 1415/2041/1415 1417/2052/1417
f 1415/2041/1415 1892/2057/1892 1894/2058/1894
f 1876/1607/1876 1877/1602/1877 1864/1603/1864
f 1894/2058/1894 1423/2050/1423 1415/2041/1415
f 1890/1961/1890 1891/1963/1891 1883/1960/1883
f 1883/1960/1883 1884/1962/1884 1890/1961/1890
f 1393/2040/1393 1387/2039/1387 1458/2028/1458
f 1430/1494/1430 1431/1496/1431 1434/1495/1434
f 1435/1497/1435 1434/1495/1434 1431/1496/1431
f 1439/1498/1439 1438/1499/1438 1434/1495/1434
f 1434/1495/1434 1435/1497/1435 1439/1498/1439
f 1359/1493/1359 1431/1496/1431 1430/1494/1430
f 1431/1496/1431 1359/1493/1359 1429/1463/1429
f 1445/1500/1445 1427/1502/1427 1428/1501/1428
f 1432/1503/1432 1444/1505/1444 1433/1504/1433
f 1427/1502/1427 1442/1506/1442 1429/1463/1429
f 1432/1503/1432 1431/1496/1431 1429/1463/1429
f 1441/1507/1441 1440/1509/1440 1436/1508/1436
f 1436/1508/1436 1437/1510/1437 1441/1507/1441
f 1432/1503/1432 1442/1506/1442 1444/1505/1444
f 1442/1506/1442 1432/1503/1432 1429/1463/1429
f 1443/1511/1443 1427/1502/1427 1445/1500/1445
f 1442/1506/1442 1427/1502/1427 1443/1511/1443
f 1444/1505/1444 1445/1500/1445 1433/1504/1433
f 1433/1504/1433 1445/1500/1445 1428/1501/1428
f 1442/1506/1442 1448/1512/1448 1444/1505/1444
f 1448/1512/1448 1442/1506/1442 1446/1513/1446
f 1443/1511/1443 1445/1500/1445 1449/1514/1449
f 1449/1514/1449 1447/1515/1447 1443/1511/1443
f 1446/1513/1446 1452/1516/1452 1448/1512/1448
f 1452/1516/1452 1446/1513/1446 1450/1517/1450
f 1447/1515/1447 1449/1514/1449 1453/1518/1453
f 1453/1518/1453 1451/1519/1451 1447/1515/1447
f 1863/1604/1863 1869/1617/1869 1864/1603/1864
f 1436/1508/1436 1433/1504/1433 1437/1510/1437
f 1433/1504/1433 1436/1508/1436 1432/1503/1432
f 1427/1502/1427 1429/1463/1429 1454/1461/1454
f 1878/1520/1878 1384/1521/1384 1427/1502/1427
f 1807/1522/1807 1783/1524/1783 1784/1523/1784
f 1868/1525/1868 1806/1527/1806 1869/1526/1869
f 1871/1528/1871 1803/1530/1803 1872/1529/1872
f 1804/1531/1804 1786/1533/1786 1787/1532/1787
f 1870/1534/1870 1804/1531/1804 1871/1528/1871
f 1805/1535/1805 1785/1536/1785 1786/1533/1786
f 1869/1526/1869 1805/1535/1805 1870/1534/1870
f 1806/1527/1806 1784/1523/1784 1785/1536/1785
f 1783/1524/1783 1789/1537/1789 1784/1523/1784
f 1789/1537/1789 1783/1524/1783 1788/1538/1788
f 1784/1523/1784 1790/1539/1790 1785/1536/1785
f 1790/1539/1790 1784/1523/1784 1789/1537/1789
f 1785/1536/1785 1791/1540/1791 1786/1533/1786
f 1791/1540/1791 1785/1536/1785 1790/1539/1790
f 1786/1533/1786 1792/1541/1792 1787/1532/1787
f 1792/1541/1792 1786/1533/1786 1791/1540/1791
f 1788/1538/1788 1794/1542/1794 1789/1537/1789
f 1794/1542/1794 1788/1538/1788 1793/1543/1793
f 1789/1537/1789 1795/1544/1795 1790/1539/1790
f 1795/1544/1795 1789/1537/1789 1794/1542/1794
f 1790/1539/1790 1796/1545/1796 1791/1540/1791
f 1796/1545/1796 1790/1539/1790 1795/1544/1795
f 1791/1540/1791 1797/1546/1797 1792/1541/1792
f 1797/1546/1797 1791/1540/1791 1796/1545/1796
f 1793/1543/1793 1799/1547/1799 1794/1542/1794
f 1799/1547/1799 1793/1543/1793 1798/1548/1798
f 1794/1542/1794 1800/1549/1800 1795/1544/1795
f 1800/1549/1800 1794/1542/1794 1799/1547/1799
f 1795/1544/1795 1801/1550/1801 1796/1545/1796
f 1801/1550/1801 1795/1544/1795 1800/1549/1800
f 1796/1545/1796 1802/1551/1802 1797/1546/1797
f 1802/1551/1802 1796/1545/1796 1801/1550/1801
f 1806/1527/1806 1807/1522/1807 1784/1523/1784
f 1868/1525/1868 1807/1522/1807 1806/1527/1806
f 1805/1535/1805 1806/1527/1806 1785/1536/1785
f 1869/1526/1869 1806/1527/1806 1805/1535/1805
f 1804/1531/1804 1805/1535/1805 1786/1533/1786
f 1870/1534/1870 1805/1535/1805 1804/1531/1804
f 1803/1530/1803 1804/1531/1804 1787/1532/1787
f 1871/1528/1871 1804/1531/1804 1803/1530/1803
f 1837/1552/1837 1813/1554/1813 1814/1553/1814
f 1808/1555/1808 1836/1557/1836 1809/1556/1809
f 1811/1558/1811 1833/1560/1833 1812/1559/1812
f 1834/1561/1834 1816/1563/1816 1817/1562/1817
f 1810/1564/1810 1834/1561/1834 1811/1558/1811
f 1835/1565/1835 1815/1566/1815 1816/1563/1816
f 1809/1556/1809 1835/1565/1835 1810/1564/1810
f 1836/1557/1836 1814/1553/1814 1815/1566/1815
f 1813/1554/1813 1819/1567/1819 1814/1553/1814
f 1819/1567/1819 1813/1554/1813 1818/1568/1818
f 1814/1553/1814 1820/1569/1820 1815/1566/1815
f 1820/1569/1820 1814/1553/1814 1819/1567/1819
f 1815/1566/1815 1821/1570/1821 1816/1563/1816
f 1821/1570/1821 1815/1566/1815 1820/1569/1820
f 1816/1563/1816 1822/1571/1822 1817/1562/1817
f 1822/1571/1822 1816/1563/1816 1821/1570/1821
f 1818/1568/1818 1824/1572/1824 1819/1567/1819
f 1824/1572/1824 1818/1568/1818 1823/1573/1823
f 1819/1567/1819 1825/1574/1825 1820/1569/1820
f 1825/1574/1825 1819/1567/1819 1824/1572/1824
f 1820/1569/1820 1826/1575/1826 1821/1570/1821
f 1826/1575/1826 1820/1569/1820 1825/1574/1825
f 1821/1570/1821 1827/1576/1827 1822/1571/1822
f 1827/1576/1827 1821/1570/1821 1826/1575/1826
f 1823/1573/1823 1829/1577/1829 1824/1572/1824
f 1829/1577/1829 1823/1573/1823 1828/1578/1828
f 1824/1572/1824 1830/1579/1830 1825/1574/1825
f 1830/1579/1830 1824/1572/1824 1829/1577/1829
f 1825/1574/1825 1831/1580/1831 1826/1575/1826
f 1831/1580/1831 1825/1574/1825 1830/1579/1830
f 1826/1575/1826 1832/1581/1832 1827/1576/1827
f 1832/1581/1832 1826/1575/1826 1831/1580/1831
f 1836/1557/1836 1837/1552/1837 1814/1553/1814
f 1808/1555/1808 1837/1552/1837 1836/1557/1836
f 1835/1565/1835 1836/1557/1836 1815/1566/1815
f 1809/1556/1809 1836/1557/1836 1835/1565/1835
f 1834/1561/1834 1835/1565/1835 1816/1563/1816
f 1810/1564/1810 1835/1565/1835 1834/1561/1834
f 1833/1560/1833 1834/1561/1834 1817/1562/1817
f 1811/1558/1811 1834/1561/1834 1833/1560/1833
f 1857/1582/1857 1843/1584/1843 1844/1583/1844
g fff07975_00013_0007eb5a_e2
f 306/70/306 305/71/305 301/66/301
f 301/66/301 302/68/302 306/70/306
f 65/66/65 68/67/68 66/68/66
f 68/67/68 65/66/65 67/69/67
f 49/49/49 46/46/46 48/48/48
f 46/46/46 49/49/49 47/47/47
f 9/24/9 14/24/14 44/44/44
f 9/24/9 44/44/44 12/24/12
f 9/23/9 12/22/12 35/21/35
f 10/20/10 35/21/35 12/22/12
f 301/66/301 304/67/304 302/68/302
f 303/69/303 308/221/308 304/67/304
f 457/66/457 460/67/460 458/68/458
f 308/221/308 303/69/303 307/220/307
f 309/66/309 310/68/310 314/70/314
f 314/70/314 313/71/313 309/66/309
f 312/67/312 309/66/309 311/69/311
f 304/67/304 301/66/301 303/69/303
f 65/66/65 66/68/66 70/70/70
f 70/70/70 69/71/69 65/66/65
f 309/66/309 312/67/312 310/68/310
f 1916/69/1916 434/296/434 1917/67/1917
f 434/296/434 1916/69/1916 433/295/433
f 438/67/438 437/69/437 435/66/435
f 435/66/435 436/68/436 438/67/438
f 437/69/437 438/67/438 440/296/440
f 440/296/440 439/295/439 437/69/437
f 311/69/311 456/470/456 312/67/312
f 456/470/456 311/69/311 455/469/455
f 457/66/457 458/68/458 462/70/462
f 462/70/462 461/71/461 457/66/457
f 460/67/460 457/66/457 459/69/459
f 1469/1630/1469 1466/1629/1466 1468/1631/1468
f 1466/1629/1466 1469/1630/1469 1467/1628/1467
f 1350/1626/1350 1351/1627/1351 1353/1628/1353
f 1353/1628/1353 1352/1629/1352 1350/1626/1350
f 1464/1626/1464 1467/1628/1467 1465/1627/1465
f 1467/1628/1467 1464/1626/1464 1466/1629/1466
f 1463/1630/1463 1462/1631/1462 1352/1629/1352
f 1352/1629/1352 1353/1628/1353 1463/1630/1463
f 1355/1624/1355 1350/1626/1350 1354/1625/1354
f 1350/1626/1350 1355/1624/1355 1351/1627/1351
g fff07975_00013_0007eb5a_e5
f 506/512/506 504/510/504 505/509/505
f 505/509/505 504/510/504 503/511/503
f 502/508/502 501/505/501 500/507/500
f 501/505/501 499/506/499 500/507/500
f 498/504/498 497/501/497 496/503/496
f 497/501/497 495/502/495 496/503/496
f 41/28/41 40/25/40 39/27/39
f 40/25/40 38/26/38 39/27/39
g fff07975_00013_0007eb5a_e1
f 606/673/606 600/666/600 608/674/608
f 602/667/602 608/674/608 600/666/600
f 606/671/606 607/672/607 600/664/600
f 601/665/601 600/664/600 607/672/607
f 600/666/600 594/659/594 602/667/602
f 596/660/596 602/667/602 594/659/594
f 600/664/600 601/665/601 594/657/594
f 595/658/595 594/657/594 601/665/601
f 594/659/594 353/285/353 596/660/596
f 356/286/356 596/660/596 353/285/353
f 594/657/594 595/658/595 353/276/353
f 354/281/354 353/276/353 595/658/595
f 593/656/593 6/193/6 179/194/179
f 179/188/179 182/191/182 180/189/180
f 180/202/180 54/201/54 179/201/179
f 572/590/572 573/591/573 484/588/484
f 484/588/484 483/589/483 572/590/572
f 485/604/485 484/605/484 573/606/573
f 573/606/573 575/607/575 485/604/485
f 563/602/563 565/603/565 475/600/475
f 475/600/475 474/601/474 563/602/563
f 562/586/562 563/587/563 474/584/474
f 474/584/474 473/585/473 562/586/562
f 185/202/185 181/201/181 183/201/183
f 181/201/181 185/202/185 182/202/182
f 22/29/22 23/30/23 29/31/29
f 29/31/29 24/29/24 22/29/22
f 484/487/484 480/486/480 483/489/483
f 480/486/480 484/487/484 355/488/355
f 475/485/475 444/304/444 474/484/474
f 444/304/444 475/485/475 446/300/446
f 181/198/181 184/200/184 183/199/183
f 179/194/179 7/195/7 181/198/181
f 474/483/474 441/297/441 473/482/473
f 441/297/441 474/483/474 444/298/444
f 1230/1310/1230 1228/1309/1228 1231/1312/1231
f 1228/1309/1228 1230/1310/1230 1229/1311/1229
f 452/307/452 451/306/451 447/305/447
f 447/305/447 448/308/448 452/307/452
f 454/311/454 453/312/453 451/309/451
f 451/309/451 452/310/452 454/311/454
f 1230/1310/1230 1231/1312/1231 1227/1313/1227
f 447/305/447 449/306/449 450/307/450
f 181/198/181 7/195/7 184/200/184
f 182/191/182 179/188/179 181/190/181
f 443/302/443 444/304/444 446/300/446
f 444/298/444 443/303/443 442/299/442
f 446/300/446 445/301/445 443/302/443
f 441/297/441 444/298/444 442/299/442
f 372/286/372 353/285/353 368/285/368
f 353/285/353 372/286/372 356/286/356
f 371/283/371 368/284/368 353/276/353
f 353/276/353 354/281/354 371/283/371
f 369/287/369 371/288/371 370/288/370
f 369/287/369 368/287/368 371/288/371
f 368/289/368 369/289/369 373/290/373
f 373/290/373 372/290/372 368/289/368
f 25/30/25 26/32/26 28/32/28
f 24/29/24 29/31/29 27/31/27
f 592/279/592 355/282/355 358/278/358
f 355/277/355 592/281/592 591/276/591
f 369/291/369 370/293/370 374/292/374
f 358/278/358 357/280/357 592/279/592
f 374/292/374 373/294/373 369/291/369
f 352/275/352 355/277/355 591/276/591
f 1241/1332/1241 1239/1329/1239 1240/1331/1240
f 1226/1314/1226 1227/1313/1227 1225/1315/1225
f 349/269/349 348/268/348 346/267/346
f 346/267/346 347/270/347 349/269/349
f 351/273/351 350/274/350 348/271/348
f 348/271/348 349/272/349 351/273/351
f 1239/1329/1239 1238/1330/1238 1240/1331/1240
f 1926/1305/1926 1237/1306/1237 1927/1306/1927
f 1237/1306/1237 1926/1305/1926 1236/1305/1236
f 1233/1303/1233 1232/1302/1232 1235/1307/1235
f 343/261/343 342/260/342 340/259/340
f 340/259/340 341/262/341 343/261/343
f 345/265/345 344/266/344 342/263/342
f 342/263/342 343/264/343 345/265/345
f 1225/1315/1225 1224/1316/1224 1226/1314/1226
f 1224/1323/1224 1221/1324/1221 1220/1321/1220
f 1220/1321/1220 1226/1322/1226 1224/1323/1224
f 1223/1319/1223 1229/1320/1229 1230/1317/1230
f 337/253/337 336/252/336 334/251/334
f 334/251/334 335/254/335 337/253/337
f 339/257/339 338/258/338 336/255/336
f 336/255/336 337/256/337 339/257/339
f 1230/1317/1230 1222/1318/1222 1223/1319/1223
f 1227/1313/1227 1226/1314/1226 1230/1310/1230
f 1232/1302/1232 1234/1304/1234 1235/1308/1235
f 1222/1325/1222 1230/1326/1230 1226/1327/1226
f 331/245/331 330/244/330 328/243/328
f 328/243/328 329/246/329 331/245/331
f 333/249/333 332/250/332 330/247/330
f 330/247/330 331/248/331 333/249/333
f 1226/1327/1226 1220/1328/1220 1222/1325/1222
f 1204/1275/1204 1202/1274/1202 1205/1277/1205
f 1202/1274/1202 1204/1275/1204 1203/1276/1203
f 1204/1275/1204 1205/1277/1205 1201/1278/1201
f 325/237/325 324/236/324 322/235/322
f 322/235/322 323/238/323 325/237/325
f 327/241/327 326/242/326 324/239/324
f 324/239/324 325/240/325 327/241/327
f 1215/1297/1215 1213/1294/1213 1214/1296/1214
f 1200/1279/1200 1201/1278/1201 1199/1280/1199
f 54/201/54 180/202/180 55/202/55
f 50/192/50 179/194/179 54/196/54
f 50/192/50 54/196/54 52/197/52
f 6/193/6 7/195/7 179/194/179
f 55/52/55 52/51/52 54/53/54
f 52/51/52 55/52/55 53/50/53
f 53/55/53 50/54/50 52/54/52
f 50/54/50 53/55/53 51/55/51
f 355/490/355 485/491/485 358/492/358
f 485/491/485 355/490/355 484/493/484
f 34/40/34 33/40/33 27/39/27
f 27/39/27 29/39/29 34/40/34
f 29/31/29 23/30/23 28/32/28
f 25/30/25 28/32/28 23/30/23
f 574/599/574 575/598/575 572/597/572
f 573/596/573 572/597/572 575/598/575
f 564/593/564 563/592/563 562/595/562
f 563/592/563 564/593/564 565/594/565
f 32/38/32 23/37/23 31/496/31
f 23/37/23 32/38/32 25/497/25
f 22/33/22 31/34/31 23/35/23
f 31/34/31 22/33/22 30/36/30
f 619/687/619 620/689/620 622/688/622
f 622/688/622 621/690/621 619/687/619
f 1148/1222/1148 1142/1223/1142 1144/1220/1144
f 1144/1220/1144 1152/1221/1152 1148/1222/1148
f 1154/1197/1154 1156/1199/1156 1157/1203/1157
f 1149/1208/1149 1148/1209/1148 1152/1205/1152
f 1152/1212/1152 1144/1213/1144 1145/1214/1145
f 1145/1214/1145 1151/1215/1151 1152/1212/1152
f 1142/1216/1142 1148/1217/1148 1146/1218/1146
f 1146/1218/1146 1143/1219/1143 1142/1216/1142
f 1147/1210/1147 1146/1211/1146 1148/1209/1148
f 1155/1198/1155 1154/1197/1154 1157/1202/1157
f 1159/1201/1159 1156/1200/1156 1158/1200/1158
f 1156/1200/1156 1159/1201/1159 1157/1201/1157
f 1161/1224/1161 1160/1225/1160 1162/1226/1162
f 1148/1209/1148 1149/1208/1149 1147/1210/1147
f 1163/1227/1163 1161/1224/1161 1162/1226/1162
f 1152/1205/1152 1153/1207/1153 1149/1208/1149
f 1150/1204/1150 1152/1205/1152 1151/1206/1151
f 1152/1205/1152 1150/1204/1150 1153/1207/1153
f 1174/1257/1174 1168/1258/1168 1170/1255/1170
f 1170/1255/1170 1178/1256/1178 1174/1257/1174
f 1180/1232/1180 1182/1234/1182 1183/1238/1183
f 1175/1243/1175 1174/1244/1174 1178/1240/1178
f 1178/1247/1178 1170/1248/1170 1171/1249/1171
f 1171/1249/1171 1177/1250/1177 1178/1247/1178
f 1168/1251/1168 1174/1252/1174 1172/1253/1172
f 1172/1253/1172 1169/1254/1169 1168/1251/1168
f 1173/1245/1173 1172/1246/1172 1174/1244/1174
f 1181/1233/1181 1180/1232/1180 1183/1237/1183
f 1185/1236/1185 1182/1235/1182 1184/1235/1184
f 1182/1235/1182 1185/1236/1185 1183/1236/1183
f 1187/1259/1187 1186/1260/1186 1188/1261/1188
f 1174/1244/1174 1175/1243/1175 1173/1245/1173
f 1189/1262/1189 1187/1259/1187 1188/1261/1188
f 1178/1240/1178 1179/1242/1179 1175/1243/1175
f 1176/1239/1176 1178/1240/1178 1177/1241/1177
f 1178/1240/1178 1176/1239/1176 1179/1242/1179
f 1200/1292/1200 1194/1293/1194 1196/1290/1196
f 1196/1290/1196 1204/1291/1204 1200/1292/1200
f 1206/1267/1206 1208/1269/1208 1209/1273/1209
f 1201/1278/1201 1200/1279/1200 1204/1275/1204
f 1204/1282/1204 1196/1283/1196 1197/1284/1197
f 1197/1284/1197 1203/1285/1203 1204/1282/1204
f 1194/1286/1194 1200/1287/1200 1198/1288/1198
f 1198/1288/1198 1195/1289/1195 1194/1286/1194
f 1199/1280/1199 1198/1281/1198 1200/1279/1200
f 1207/1268/1207 1206/1267/1206 1209/1272/1209
f 1211/1271/1211 1208/1270/1208 1210/1270/1210
f 1208/1270/1208 1211/1271/1211 1209/1271/1209
f 1213/1294/1213 1212/1295/1212 1214/1296/1214
f 1759/1659/1759 1763/1661/1763 1767/1660/1767
f 1769/1646/1769 1772/1658/1772 1771/1657/1771
f 1764/1636/1764 1767/1632/1767 1763/1640/1763
f 1767/1655/1767 1760/1653/1760 1759/1656/1759
f 1760/1653/1760 1767/1655/1767 1766/1654/1766
f 1757/1651/1757 1761/1649/1761 1763/1652/1763
f 1761/1649/1761 1757/1651/1757 1758/1650/1758
f 1762/1641/1762 1763/1640/1763 1761/1648/1761
f 1737/1663/1737 1733/1665/1733 1731/1664/1731
f 1733/1665/1733 1737/1663/1737 1741/1666/1741
f 1743/1667/1743 1746/1669/1746 1745/1668/1745
f 1738/1670/1738 1741/1672/1741 1737/1671/1737
f 1767/1632/1767 1768/1634/1768 1765/1633/1765
f 1765/1633/1765 1766/1635/1766 1767/1632/1767
f 1736/1681/1736 1737/1671/1737 1735/1682/1735
f 1735/1679/1735 1731/1677/1731 1732/1680/1732
f 1731/1677/1731 1735/1679/1735 1737/1678/1737
f 1734/1675/1734 1741/1673/1741 1740/1676/1740
f 1767/1632/1767 1764/1636/1764 1768/1634/1768
f 1741/1673/1741 1734/1675/1734 1733/1674/1733
f 1763/1661/1763 1759/1659/1759 1757/1662/1757
f 1741/1672/1741 1742/1691/1742 1739/1692/1739
f 1739/1692/1739 1740/1693/1740 1741/1672/1741
f 1741/1672/1741 1738/1670/1738 1742/1691/1742
f 1752/1690/1752 1751/1689/1751 1750/1687/1750
f 1737/1671/1737 1736/1681/1736 1738/1670/1738
f 1750/1687/1750 1751/1689/1751 1749/1688/1749
f 1745/1686/1745 1746/1685/1746 1748/1685/1748
f 1748/1685/1748 1747/1686/1747 1745/1686/1745
f 1744/1683/1744 1746/1684/1746 1743/1667/1743
f 1778/1637/1778 1777/1639/1777 1776/1638/1776
f 1763/1640/1763 1762/1641/1762 1764/1636/1764
f 1776/1638/1776 1777/1639/1777 1775/1642/1775
f 1771/1643/1771 1772/1644/1772 1774/1644/1774
f 1774/1644/1774 1773/1643/1773 1771/1643/1771
f 1770/1645/1770 1772/1647/1772 1769/1646/1769
g fff07975_00013_0007eb5a_e6
f 64/65/64 197/214/197 57/62/57
f 64/65/64 56/63/56 196/213/196
f 316/223/316 315/222/315 189/208/189
f 316/223/316 188/209/188 192/210/192
f 56/56/56 612/57/612 200/218/200
f 60/59/60 59/58/59 196/219/196
f 60/59/60 196/219/196 200/218/200
f 56/56/56 200/218/200 196/219/196
f 319/226/319 57/57/57 198/216/198
f 318/225/318 317/224/317 199/217/199
f 63/64/63 61/61/61 198/215/198
f 61/59/61 318/225/318 198/216/198
f 63/64/63 197/214/197 59/60/59
f 116/156/116 121/161/121 466/477/466
f 116/156/116 117/157/117 121/161/121
f 465/475/465 466/476/466 92/151/92
f 465/475/465 116/156/116 466/476/466
f 84/117/84 115/155/115 465/475/465
f 466/480/466 467/481/467 177/186/177
f 464/473/464 83/127/83 465/474/465
f 464/473/464 465/474/465 92/151/92
f 94/124/94 463/471/463 464/472/464
f 463/471/463 83/119/83 464/472/464
f 128/168/128 95/130/95 73/227/73
f 71/232/71 97/102/97 78/231/78
f 124/164/124 125/165/125 126/166/126
f 123/163/123 96/101/96 122/162/122
f 114/154/114 84/117/84 117/157/117
f 122/162/122 96/101/96 125/165/125
f 96/101/96 101/131/101 100/129/100
f 72/234/72 98/108/98 71/233/71
f 318/225/318 319/226/319 198/216/198
f 58/56/58 318/225/318 199/217/199
f 61/59/61 317/224/317 318/225/318
f 317/224/317 62/58/62 199/217/199
f 315/222/315 316/223/316 192/210/192
f 315/222/315 193/211/193 189/208/189
f 63/64/63 198/215/198 197/214/197
f 197/214/197 198/215/198 57/62/57
f 197/214/197 196/213/196 59/60/59
f 64/65/64 196/213/196 197/214/197
f 58/56/58 319/226/319 318/225/318
f 191/210/191 190/211/190 186/208/186
f 186/208/186 187/209/187 191/210/191
f 194/204/194 192/212/192 188/205/188
f 194/204/194 195/203/195 190/207/190
f 195/203/195 186/206/186 190/207/190
f 195/203/195 194/204/194 188/205/188
f 121/161/121 117/157/117 118/158/118
f 93/153/93 464/473/464 92/151/92
f 126/166/126 128/168/128 73/228/73
f 120/160/120 85/116/85 466/479/466
f 115/155/115 116/156/116 465/475/465
f 83/119/83 86/118/86 82/147/82
f 465/474/465 83/127/83 84/117/84
f 125/165/125 95/130/95 127/167/127
f 120/160/120 119/159/119 85/116/85
f 100/129/100 99/128/99 95/130/95
f 91/152/91 466/480/466 177/186/177
f 84/117/84 114/154/114 115/155/115
f 136/176/136 145/185/145 137/177/137
f 143/183/143 142/182/142 134/174/134
f 134/174/134 135/175/135 143/183/143
f 141/181/141 132/172/132 140/180/140
f 132/172/132 141/181/141 133/173/133
f 139/179/139 130/170/130 138/178/138
f 130/170/130 139/179/139 131/171/131
f 137/177/137 128/168/128 136/176/136
f 128/168/128 137/177/137 129/169/129
f 135/175/135 134/174/134 126/166/126
f 126/166/126 127/167/127 135/175/135
f 133/173/133 124/164/124 132/172/132
f 124/164/124 133/173/133 125/165/125
f 131/171/131 122/162/122 130/170/130
f 122/162/122 131/171/131 123/163/123
f 73/229/73 78/230/78 124/164/124
f 78/230/78 123/163/123 124/164/124
f 129/169/129 95/130/95 128/168/128
f 127/167/127 95/130/95 129/169/129
f 124/164/124 126/166/126 73/229/73
f 126/166/126 125/165/125 127/167/127
f 77/103/77 111/104/111 74/105/74
f 77/103/77 76/106/76 110/107/110
f 78/231/78 96/101/96 123/163/123
f 75/109/75 74/110/74 113/111/113
f 97/112/97 102/113/102 101/114/101
f 81/144/81 85/116/85 84/117/84
f 145/185/145 136/176/136 144/184/144
f 118/158/118 85/116/85 119/159/119
f 96/101/96 95/130/95 125/165/125
f 94/124/94 464/472/464 93/145/93
f 86/118/86 79/146/79 82/147/82
f 84/117/84 82/148/82 81/144/81
f 87/120/87 112/123/112 90/121/90
f 100/129/100 95/130/95 96/101/96
f 111/104/111 112/126/112 74/105/74
f 110/107/110 88/125/88 111/104/111
f 113/111/113 74/110/74 112/123/112
f 87/120/87 113/111/113 112/123/112
f 78/231/78 97/102/97 96/101/96
f 97/102/97 101/131/101 96/101/96
f 117/157/117 84/117/84 118/158/118
f 71/233/71 98/108/98 97/112/97
f 77/103/77 110/107/110 111/104/111
f 89/115/89 112/126/112 111/104/111
f 466/476/466 91/150/91 92/151/92
f 98/108/98 102/113/102 97/112/97
f 81/144/81 80/149/80 85/116/85
f 111/104/111 88/125/88 89/115/89
f 89/115/89 90/122/90 112/126/112
f 83/127/83 82/148/82 84/117/84
f 86/118/86 83/119/83 463/471/463
f 84/117/84 85/116/85 118/158/118
f 121/161/121 120/160/120 466/478/466
f 616/678/616 613/680/613 617/679/617
f 616/678/616 200/682/200 612/681/612
f 616/678/616 617/679/617 200/682/200
f 617/679/617 60/686/60 200/682/200
f 615/683/615 618/685/618 614/684/614
f 617/679/617 613/680/613 618/685/618
f 615/683/615 60/686/60 617/679/617
f 615/683/615 617/679/617 618/685/618
f 1119/1166/1119 1126/1171/1126 1120/1168/1120
f 1126/1171/1126 1119/1166/1119 1122/1169/1122
f 1122/1169/1122 1118/1167/1118 1121/1170/1121
f 1118/1167/1118 1122/1169/1122 1119/1166/1119
f 1918/1186/1918 1922/1183/1922 1919/1187/1919
f 1137/1183/1137 1130/1186/1130 1136/1185/1136
f 1129/1180/1129 1093/1141/1093 1097/1142/1097
f 1128/1179/1128 1097/1142/1097 1109/1144/1109
f 1120/1168/1120 1097/1142/1097 1119/1166/1119
f 1097/1142/1097 1120/1168/1120 1109/1144/1109
f 1129/1180/1129 1128/1179/1128 1092/1134/1092
f 1128/1179/1128 1127/1178/1127 1096/1137/1096
f 1919/1187/1919 1923/1184/1923 1135/1188/1135
f 1138/1184/1138 1131/1187/1131 1137/1183/1137
f 1096/1137/1096 1112/1145/1112 1113/1135/1113
f 1112/1145/1112 1096/1137/1096 1108/1139/1108
f 1127/1178/1127 1128/1179/1128 1109/1144/1109
f 1127/1178/1127 1108/1139/1108 1096/1137/1096
f 1119/1166/1119 1093/1141/1093 1118/1167/1118
f 1093/1141/1093 1119/1166/1119 1097/1142/1097
f 1117/1151/1117 1113/1135/1113 1116/1149/1116
f 1116/1149/1116 1115/1148/1115 1098/1147/1098
f 1116/1149/1116 1098/1147/1098 1094/1150/1094
f 1110/1146/1110 1098/1147/1098 1115/1148/1115
f 1092/1134/1092 1113/1135/1113 1114/1136/1114
f 1113/1135/1113 1092/1134/1092 1096/1137/1096
f 1111/1138/1111 1098/1137/1098 1110/1139/1110
f 1098/1137/1098 1111/1138/1111 1099/1140/1099
f 1128/1179/1128 1129/1180/1129 1097/1142/1097
f 1128/1179/1128 1096/1137/1096 1092/1134/1092
f 1114/1136/1114 1113/1135/1113 1117/1151/1117
f 1113/1135/1113 1115/1148/1115 1116/1149/1116
f 1095/1143/1095 1094/1134/1094 1098/1137/1098
f 1098/1137/1098 1099/1140/1099 1095/1143/1095
f 1117/1151/1117 1116/1149/1116 1094/1150/1094
f 1115/1148/1115 1113/1135/1113 1112/1145/1112
f 1348/1694/1348 1356/1696/1356 1425/1695/1425
f 1424/1697/1424 1356/1696/1356 1349/1698/1349
f 1348/1694/1348 1425/1695/1425 1426/1699/1426
f 1880/1964/1880 1881/1966/1881 1887/1965/1887
f 1887/1965/1887 1886/1967/1886 1880/1964/1880
f 1881/1966/1881 1885/1969/1885 1888/1968/1888
f 1888/1968/1888 1887/1965/1887 1881/1966/1881
f 1902/1967/1902 1903/1965/1903 1897/1975/1897
f 1897/1975/1897 1896/1974/1896 1902/1967/1902
f 1903/1965/1903 1904/1968/1904 1898/1976/1898
f 1898/1976/1898 1897/1975/1897 1903/1965/1903
g fff07975_00013_0007eb5a_e7
f 590/655/590 589/654/589 493/654/493
f 493/654/493 510/655/510 590/655/590
f 544/562/544 546/562/546 553/563/553
f 515/525/515 514/526/514 511/527/511
f 512/518/512 517/519/517 519/520/519
f 521/528/521 528/529/528 531/530/531
f 547/559/547 545/559/545 555/560/555
f 520/534/520 522/534/522 529/535/529
f 545/556/545 544/568/544 552/557/552
f 523/531/523 531/532/531 530/533/530
f 544/562/544 550/569/550 546/562/546
f 550/569/550 544/562/544 548/569/548
f 544/568/544 545/556/545 549/566/549
f 549/566/549 548/567/548 544/568/544
f 545/559/545 547/559/547 551/565/551
f 551/565/551 549/565/549 545/559/545
f 533/542/533 540/543/540 543/544/543
f 535/545/535 543/546/543 542/547/542
f 523/531/523 521/531/521 531/532/531
f 544/562/544 553/563/553 552/564/552
f 520/534/520 529/535/529 528/536/528
f 532/548/532 541/549/541 540/550/540
f 521/528/521 520/540/520 528/529/528
f 547/559/547 555/560/555 554/561/554
f 520/534/520 526/541/526 522/534/522
f 545/556/545 552/557/552 555/558/555
f 532/548/532 534/548/534 541/549/541
f 527/537/527 525/537/525 521/531/521
f 512/521/512 513/521/513 516/524/516
f 513/521/513 512/521/512 519/522/519
f 107/132/107 109/133/109 105/134/105
f 105/134/105 103/135/103 107/132/107
f 539/551/539 537/551/537 533/545/533
f 533/545/533 535/545/535 539/551/539
f 103/136/103 104/137/104 108/138/108
f 108/138/108 107/139/107 103/136/103
f 105/140/105 178/187/178 103/142/103
f 104/141/104 103/142/103 178/187/178
f 511/527/511 512/518/512 515/525/515
f 104/141/104 178/187/178 106/143/106
f 513/521/513 519/522/519 518/523/518
f 521/531/521 523/531/523 527/537/527
f 525/538/525 524/539/524 520/540/520
f 535/545/535 533/545/533 543/546/543
f 520/540/520 521/528/521 525/538/525
f 533/542/533 532/554/532 540/543/540
f 526/541/526 520/534/520 524/541/524
f 532/548/532 538/555/538 534/548/534
f 538/555/538 532/548/532 536/555/536
f 175/99/175 174/100/174 171/97/171
f 171/97/171 172/98/172 175/99/175
f 173/96/173 171/96/171 174/95/174
f 174/95/174 176/95/176 173/96/173
f 169/99/169 168/100/168 165/97/165
f 165/97/165 166/98/166 169/99/169
f 167/96/167 165/96/165 168/95/168
f 168/95/168 170/95/170 167/96/167
f 537/552/537 536/553/536 532/554/532
f 532/554/532 533/542/533 537/552/537
f 157/90/157 156/89/156 152/87/152
f 152/87/152 153/88/153 157/90/157
f 154/92/154 152/92/152 156/91/156
f 156/91/156 158/91/158 154/92/154
f 155/94/155 153/94/153 152/93/152
f 152/93/152 154/93/154 155/94/155
f 516/524/516 515/524/515 512/521/512
f 512/518/512 511/527/511 517/519/517
f 626/697/626 627/698/627 625/697/625
f 627/698/627 626/697/626 628/698/628
f 1125/1165/1125 1101/1181/1101 1123/1164/1123
f 1101/1181/1101 1125/1165/1125 1105/1182/1105
f 1100/1160/1100 1101/1161/1101 1105/1162/1105
f 1920/1190/1920 1925/1189/1925 1921/1192/1921
f 1102/1158/1102 1100/1159/1100 1104/1156/1104
f 1104/1156/1104 1106/1157/1106 1102/1158/1102
f 1141/1189/1141 1132/1190/1132 1139/1191/1139
f 1105/1162/1105 1104/1163/1104 1100/1160/1100
f 1106/1152/1106 1107/1153/1107 1103/1154/1103
f 1103/1154/1103 1102/1155/1102 1106/1152/1106
f 1907/1978/1907 1899/1977/1899 1905/1973/1905
f 1905/1973/1905 1906/1971/1906 1907/1978/1907
f 1891/1971/1891 1889/1973/1889 1882/1970/1882
f 1882/1970/1882 1883/1972/1883 1891/1971/1891
g fff07975_00013_0007eb5a_e3
f 637/703/637 638/704/638 640/705/640
f 640/705/640 639/706/639 637/703/637
f 636/702/636 635/701/635 633/699/633
f 633/699/633 634/700/634 636/702/636
f 645/707/645 646/708/646 648/709/648
f 648/709/648 647/710/647 645/707/645
f 644/711/644 643/712/643 641/713/641
f 641/713/641 642/714/642 644/711/644
f 653/715/653 654/716/654 656/717/656
f 656/717/656 655/718/655 653/715/653
f 652/719/652 651/720/651 649/721/649
f 649/721/649 650/722/650 652/719/652
f 661/723/661 662/724/662 664/725/664
f 664/725/664 663/726/663 661/723/661
f 660/727/660 659/728/659 657/729/657
f 657/729/657 658/730/658 660/727/660
f 669/731/669 670/732/670 672/733/672
f 672/733/672 671/734/671 669/731/669
f 668/735/668 667/736/667 665/737/665
f 665/737/665 666/738/666 668/735/668
f 677/739/677 678/740/678 680/741/680
f 680/741/680 679/742/679 677/739/677
f 676/743/676 675/744/675 673/745/673
f 673/745/673 674/746/674 676/743/676
f 699/762/699 698/761/698 696/761/696
f 696/761/696 697/762/697 699/762/699
f 683/749/683 681/747/681 685/751/685
f 685/751/685 687/752/687 683/749/683
f 681/747/681 682/748/682 686/753/686
f 686/753/686 685/751/685 681/747/681
f 682/748/682 684/750/684 688/754/688
f 688/754/688 686/753/686 682/748/682
f 684/750/684 683/749/683 687/752/687
f 687/752/687 688/754/688 684/750/684
f 694/758/694 695/758/695 699/755/699
f 699/755/699 697/755/697 694/758/694
f 697/756/697 696/760/696 693/759/693
f 693/759/693 694/757/694 697/756/697
f 691/751/691 692/752/692 690/749/690
f 690/749/690 689/747/689 691/751/691
f 718/778/718 717/777/717 715/777/715
f 715/777/715 716/778/716 718/778/718
f 702/765/702 700/763/700 704/767/704
f 704/767/704 706/768/706 702/765/702
f 700/763/700 701/764/701 705/769/705
f 705/769/705 704/767/704 700/763/700
f 701/764/701 703/766/703 707/770/707
f 707/770/707 705/769/705 701/764/701
f 703/766/703 702/765/702 706/768/706
f 706/768/706 707/770/707 703/766/703
f 713/774/713 714/774/714 718/771/718
f 718/771/718 716/771/716 713/774/713
f 716/772/716 715/776/715 712/775/712
f 712/775/712 713/773/713 716/772/716
f 710/767/710 711/768/711 709/765/709
f 709/765/709 708/763/708 710/767/710
f 737/794/737 736/793/736 734/793/734
f 734/793/734 735/794/735 737/794/737
f 721/781/721 719/779/719 723/783/723
f 723/783/723 725/784/725 721/781/721
f 719/779/719 720/780/720 724/785/724
f 724/785/724 723/783/723 719/779/719
f 720/780/720 722/782/722 726/786/726
f 726/786/726 724/785/724 720/780/720
f 722/782/722 721/781/721 725/784/725
f 725/784/725 726/786/726 722/782/722
f 732/790/732 733/790/733 737/787/737
f 737/787/737 735/787/735 732/790/732
f 735/788/735 734/792/734 731/791/731
f 731/791/731 732/789/732 735/788/735
f 729/783/729 730/784/730 728/781/728
f 728/781/728 727/779/727 729/783/729
f 744/802/744 743/801/743 741/801/741
f 741/801/741 742/802/742 744/802/744
f 852/895/852 853/893/853 856/892/856
f 856/892/856 855/896/855 852/895/852
f 858/891/858 856/891/856 853/894/853
f 853/894/853 854/894/854 858/891/858
f 846/888/846 847/890/847 843/886/843
f 843/886/843 842/885/842 846/888/846
f 847/890/847 845/889/845 841/884/841
f 841/884/841 843/886/843 847/890/847
f 739/798/739 740/798/740 744/795/744
f 744/795/744 742/795/742 739/798/739
f 742/796/742 741/800/741 738/799/738
f 738/799/738 739/797/739 742/796/742
f 849/885/849 848/883/848 850/887/850
f 850/887/850 851/888/851 849/885/849
f 763/818/763 762/817/762 760/817/760
f 760/817/760 761/818/761 763/818/763
f 747/805/747 745/803/745 749/807/749
f 749/807/749 751/808/751 747/805/747
f 745/803/745 746/804/746 750/809/750
f 750/809/750 749/807/749 745/803/745
f 746/804/746 748/806/748 752/810/752
f 752/810/752 750/809/750 746/804/746
f 748/806/748 747/805/747 751/808/751
f 751/808/751 752/810/752 748/806/748
f 758/814/758 759/814/759 763/811/763
f 763/811/763 761/811/761 758/814/758
f 761/812/761 760/816/760 757/815/757
f 757/815/757 758/813/758 761/812/761
f 755/807/755 756/808/756 754/805/754
f 754/805/754 753/803/753 755/807/755
f 782/834/782 781/833/781 779/833/779
f 779/833/779 780/834/780 782/834/782
f 766/821/766 764/819/764 768/823/768
f 768/823/768 770/824/770 766/821/766
f 764/819/764 765/820/765 769/825/769
f 769/825/769 768/823/768 764/819/764
f 765/820/765 767/822/767 771/826/771
f 771/826/771 769/825/769 765/820/765
f 767/822/767 766/821/766 770/824/770
f 770/824/770 771/826/771 767/822/767
f 777/830/777 778/830/778 782/827/782
f 782/827/782 780/827/780 777/830/777
f 780/828/780 779/832/779 776/831/776
f 776/831/776 777/829/777 780/828/780
f 774/823/774 775/824/775 773/821/773
f 773/821/773 772/819/772 774/823/774
f 801/850/801 800/849/800 798/849/798
f 798/849/798 799/850/799 801/850/801
f 785/837/785 783/835/783 787/839/787
f 787/839/787 789/840/789 785/837/785
f 783/835/783 784/836/784 788/841/788
f 788/841/788 787/839/787 783/835/783
f 784/836/784 786/838/786 790/842/790
f 790/842/790 788/841/788 784/836/784
f 786/838/786 785/837/785 789/840/789
f 789/840/789 790/842/790 786/838/786
f 796/846/796 797/846/797 801/843/801
f 801/843/801 799/843/799 796/846/796
f 799/844/799 798/848/798 795/847/795
f 795/847/795 796/845/796 799/844/799
f 793/839/793 794/840/794 792/837/792
f 792/837/792 791/835/791 793/839/793
f 820/866/820 819/865/819 817/865/817
f 817/865/817 818/866/818 820/866/820
f 804/853/804 802/851/802 806/855/806
f 806/855/806 808/856/808 804/853/804
f 802/851/802 803/852/803 807/857/807
f 807/857/807 806/855/806 802/851/802
f 803/852/803 805/854/805 809/858/809
f 809/858/809 807/857/807 803/852/803
f 805/854/805 804/853/804 808/856/808
f 808/856/808 809/858/809 805/854/805
f 815/862/815 816/862/816 820/859/820
f 820/859/820 818/859/818 815/862/815
f 818/860/818 817/864/817 814/863/814
f 814/863/814 815/861/815 818/860/818
f 812/855/812 813/856/813 811/853/811
f 811/853/811 810/851/810 812/855/812
f 839/882/839 838/881/838 836/881/836
f 836/881/836 837/882/837 839/882/839
f 823/869/823 821/867/821 825/871/825
f 825/871/825 827/872/827 823/869/823
f 821/867/821 822/868/822 826/873/826
f 826/873/826 825/871/825 821/867/821
f 822/868/822 824/870/824 828/874/828
f 828/874/828 826/873/826 822/868/822
f 824/870/824 823/869/823 827/872/827
f 827/872/827 828/874/828 824/870/824
f 834/878/834 835/878/835 839/875/839
f 839/875/839 837/875/837 834/878/834
f 837/876/837 836/880/836 833/879/833
f 833/879/833 834/877/834 837/876/837
f 831/871/831 832/872/832 830/869/830
f 830/869/830 829/867/829 831/871/831
f 858/898/858 857/897/857 855/897/855
f 855/897/855 856/898/856 858/898/858
f 842/885/842 840/883/840 844/887/844
f 844/887/844 846/888/846 842/885/842
f 840/883/840 841/884/841 845/889/845
f 845/889/845 844/887/844 840/883/840
f 1475/1700/1475 1478/1702/1478 1476/1701/1476
f 1478/1702/1478 1475/1700/1475 1477/1703/1477
f 1474/1704/1474 1471/1706/1471 1473/1705/1473
f 1471/1706/1471 1474/1704/1474 1472/1707/1472
f 1483/1708/1483 1486/1710/1486 1484/1709/1484
f 1486/1710/1486 1483/1708/1483 1485/1711/1485
f 1482/1712/1482 1479/1714/1479 1481/1713/1481
f 1479/1714/1479 1482/1712/1482 1480/1715/1480
f 1491/1716/1491 1494/1718/1494 1492/1717/1492
f 1494/1718/1494 1491/1716/1491 1493/1719/1493
f 1490/1720/1490 1487/1722/1487 1489/1721/1489
f 1487/1722/1487 1490/1720/1490 1488/1723/1488
f 1499/1724/1499 1502/1726/1502 1500/1725/1500
f 1502/1726/1502 1499/1724/1499 1501/1727/1501
f 1498/1728/1498 1495/1730/1495 1497/1729/1497
f 1495/1730/1495 1498/1728/1498 1496/1731/1496
f 1507/1732/1507 1510/1734/1510 1508/1733/1508
f 1510/1734/1510 1507/1732/1507 1509/1735/1509
f 1506/1736/1506 1503/1738/1503 1505/1737/1505
f 1503/1738/1503 1506/1736/1506 1504/1739/1504
f 1515/1740/1515 1518/1742/1518 1516/1741/1516
f 1518/1742/1518 1515/1740/1515 1517/1743/1517
f 1514/1744/1514 1511/1746/1511 1513/1745/1513
f 1511/1746/1511 1514/1744/1514 1512/1747/1512
f 1537/1748/1537 1534/1749/1534 1536/1749/1536
f 1534/1749/1534 1537/1748/1537 1535/1748/1535
f 1521/1750/1521 1523/1752/1523 1519/1751/1519
f 1523/1752/1523 1521/1750/1521 1525/1753/1525
f 1519/1751/1519 1524/1755/1524 1520/1754/1520
f 1524/1755/1524 1519/1751/1519 1523/1752/1523
f 1520/1754/1520 1526/1757/1526 1522/1756/1522
f 1526/1757/1526 1520/1754/1520 1524/1755/1524
f 1522/1756/1522 1525/1753/1525 1521/1750/1521
f 1525/1753/1525 1522/1756/1522 1526/1757/1526
f 1532/1758/1532 1537/1759/1537 1533/1758/1533
f 1537/1759/1537 1532/1758/1532 1535/1759/1535
f 1535/1760/1535 1531/1762/1531 1534/1761/1534
f 1531/1762/1531 1535/1760/1535 1532/1763/1532
f 1529/1752/1529 1528/1750/1528 1530/1753/1530
f 1528/1750/1528 1529/1752/1529 1527/1751/1527
f 1544/1764/1544 1541/1765/1541 1543/1765/1543
f 1541/1765/1541 1544/1764/1544 1542/1764/1542
f 1539/1766/1539 1544/1767/1544 1540/1766/1540
f 1544/1767/1544 1539/1766/1539 1542/1767/1542
f 1542/1768/1542 1538/1770/1538 1541/1769/1541
f 1538/1770/1538 1542/1768/1542 1539/1771/1539
f 1563/1772/1563 1560/1773/1560 1562/1773/1562
f 1560/1773/1560 1563/1772/1563 1561/1772/1561
f 1547/1774/1547 1549/1776/1549 1545/1775/1545
f 1549/1776/1549 1547/1774/1547 1551/1777/1551
f 1545/1775/1545 1550/1779/1550 1546/1778/1546
f 1550/1779/1550 1545/1775/1545 1549/1776/1549
f 1546/1778/1546 1552/1781/1552 1548/1780/1548
f 1552/1781/1552 1546/1778/1546 1550/1779/1550
f 1548/1780/1548 1551/1777/1551 1547/1774/1547
f 1551/1777/1551 1548/1780/1548 1552/1781/1552
f 1558/1782/1558 1563/1783/1563 1559/1782/1559
f 1563/1783/1563 1558/1782/1558 1561/1783/1561
f 1561/1784/1561 1557/1786/1557 1560/1785/1560
f 1557/1786/1557 1561/1784/1561 1558/1787/1558
f 1555/1776/1555 1554/1774/1554 1556/1777/1556
f 1554/1774/1554 1555/1776/1555 1553/1775/1553
f 1582/1788/1582 1581/1789/1581 1579/1789/1579
f 1579/1789/1579 1580/1788/1580 1582/1788/1582
f 1566/1790/1566 1568/1792/1568 1564/1791/1564
f 1568/1792/1568 1566/1790/1566 1570/1793/1570
f 1564/1791/1564 1569/1795/1569 1565/1794/1565
f 1569/1795/1569 1564/1791/1564 1568/1792/1568
f 1565/1794/1565 1571/1797/1571 1567/1796/1567
f 1571/1797/1571 1565/1794/1565 1569/1795/1569
f 1567/1796/1567 1570/1793/1570 1566/1790/1566
f 1570/1793/1570 1567/1796/1567 1571/1797/1571
f 1577/1798/1577 1578/1798/1578 1582/1799/1582
f 1582/1799/1582 1580/1799/1580 1577/1798/1577
f 1580/1800/1580 1579/1801/1579 1576/1802/1576
f 1576/1802/1576 1577/1803/1577 1580/1800/1580
f 1574/1792/1574 1573/1790/1573 1575/1793/1575
f 1573/1790/1573 1574/1792/1574 1572/1791/1572
f 1936/2001/1936 1937/2002/1937 1940/1999/1940
f 1940/1999/1940 1939/2000/1939 1936/2001/1936
f 1585/1804/1585 1587/1806/1587 1583/1805/1583
f 1587/1806/1587 1585/1804/1585 1589/1807/1589
f 1583/1805/1583 1588/1809/1588 1584/1808/1584
f 1588/1809/1588 1583/1805/1583 1587/1806/1587
f 1584/1808/1584 1590/1811/1590 1586/1810/1586
f 1590/1811/1590 1584/1808/1584 1588/1809/1588
f 1586/1810/1586 1589/1807/1589 1585/1804/1585
f 1589/1807/1589 1586/1810/1586 1590/1811/1590
f 1942/1998/1942 1940/1998/1940 1937/1997/1937
f 1937/1997/1937 1938/1997/1938 1942/1998/1942
f 1939/1996/1939 1940/1995/1940 1942/1995/1942
f 1942/1995/1942 1941/1996/1941 1939/1996/1939
f 1593/1806/1593 1592/1804/1592 1594/1807/1594
f 1592/1804/1592 1593/1806/1593 1591/1805/1591
f 1943/2009/1943 1944/2010/1944 1947/2007/1947
f 1947/2007/1947 1946/2008/1946 1943/2009/1943
f 1597/1812/1597 1599/1814/1599 1595/1813/1595
f 1599/1814/1599 1597/1812/1597 1601/1815/1601
f 1595/1813/1595 1600/1817/1600 1596/1816/1596
f 1600/1817/1600 1595/1813/1595 1599/1814/1599
f 1596/1816/1596 1602/1819/1602 1598/1818/1598
f 1602/1819/1602 1596/1816/1596 1600/1817/1600
f 1598/1818/1598 1601/1815/1601 1597/1812/1597
f 1601/1815/1601 1598/1818/1598 1602/1819/1602
f 1949/2006/1949 1947/2006/1947 1944/2005/1944
f 1944/2005/1944 1945/2005/1945 1949/2006/1949
f 1946/2004/1946 1947/2003/1947 1949/2003/1949
f 1949/2003/1949 1948/2004/1948 1946/2004/1946
f 1605/1814/1605 1604/1812/1604 1606/1815/1606
f 1604/1812/1604 1605/1814/1605 1603/1813/1603
g fff07975_00013_0007eb5a_e9
f 1041/1086/1041 1042/1085/1042 1045/1089/1045
f 1012/1044/1012 1011/1048/1011 1015/1046/1015
f 1010/1047/1010 1008/1038/1008 1005/1042/1005
f 933/966/933 935/968/935 934/967/934
f 1047/1088/1047 1045/1088/1045 1042/1087/1042
f 1044/1084/1044 1045/1089/1045 1047/1082/1047
f 1045/1089/1045 1044/1084/1044 1041/1086/1041
f 1042/1087/1042 1043/1087/1043 1047/1088/1047
f 928/958/928 929/961/929 926/959/926
f 1047/1082/1047 1046/1083/1046 1044/1084/1044
f 1012/1044/1012 1015/1046/1015 1014/1045/1014
f 1006/1031/1006 1007/1036/1007 1002/1032/1002
f 1016/1043/1016 1012/1044/1012 1014/1045/1014
f 1038/1078/1038 1037/1081/1037 1040/1080/1040
f 1008/1038/1008 1003/1040/1003 1005/1042/1005
f 1038/1078/1038 1040/1080/1040 1039/1079/1039
f 1033/1070/1033 1034/1073/1034 1031/1071/1031
f 1008/1038/1008 1009/1041/1009 1000/1039/1000
f 1008/1038/1008 1000/1039/1000 1003/1040/1003
f 1035/1074/1035 1036/1077/1036 1030/1075/1030
f 1035/1074/1035 1030/1075/1030 1032/1076/1032
f 863/899/863 861/900/861 859/901/859
f 1007/1036/1007 1004/1035/1004 1002/1032/1002
f 1004/1035/1004 1007/1036/1007 1026/1037/1026
f 1002/1032/1002 1004/1035/1004 1001/1034/1001
f 1001/1034/1001 999/1033/999 1002/1032/1002
f 1033/1070/1033 1031/1071/1031 1029/1072/1029
f 1028/1065/1028 1008/1038/1008 1027/1064/1027
f 1008/1038/1008 1028/1065/1028 1009/1041/1009
f 1026/1063/1026 1006/1031/1006 1025/1062/1025
f 1006/1031/1006 1026/1063/1026 1007/1036/1007
f 1019/1060/1019 1017/1060/1017 1021/1061/1021
f 1017/1055/1017 1019/1059/1019 1020/1053/1020
f 1024/1057/1024 1022/1057/1022 1018/1056/1018
f 1021/1052/1021 1022/1058/1022 1024/1050/1024
f 1022/1058/1022 1021/1052/1021 1017/1055/1017
f 962/992/962 960/991/960 957/988/957
f 961/993/961 960/991/960 963/990/963
f 958/995/958 962/992/962 954/989/954
f 983/1068/983 981/1068/981 980/1069/980
f 865/905/865 860/903/860 862/904/862
f 865/905/865 866/906/866 860/903/860
f 959/997/959 958/995/958 955/994/955
f 955/994/955 956/996/956 959/997/959
f 863/899/863 864/902/864 861/900/861
f 868/907/868 870/909/870 869/908/869
f 962/992/962 957/988/957 954/989/954
f 868/907/868 867/910/867 870/909/870
f 954/989/954 955/994/955 958/995/958
f 965/1001/965 966/1001/966 969/1002/969
f 963/990/963 960/991/960 962/992/962
f 979/1013/979 973/1007/973 975/1008/975
f 979/1015/979 996/1028/996 977/1011/977
f 872/914/872 873/914/873 876/915/876
f 875/916/875 874/911/874 871/913/871
f 930/962/930 931/965/931 925/963/925
f 876/915/876 875/915/875 872/914/872
f 930/962/930 925/963/925 927/964/927
f 968/1003/968 967/998/967 964/1000/964
f 981/1025/981 983/1025/983 987/1026/987
f 871/913/871 872/912/872 875/916/875
f 951/983/951 950/982/950 948/986/948
f 948/986/948 949/987/949 951/983/951
f 953/984/953 952/985/952 950/982/950
f 950/982/950 951/983/951 953/984/953
f 877/918/877 878/921/878 881/919/881
f 881/919/881 880/917/880 877/918/877
f 878/921/878 879/922/879 882/920/882
f 882/920/882 881/919/881 878/921/878
f 947/979/947 946/978/946 943/980/943
f 943/980/943 944/981/944 947/979/947
f 883/925/883 884/926/884 886/924/886
f 886/924/886 885/923/885 883/925/883
f 946/978/946 945/976/945 942/977/942
f 942/977/942 943/980/943 946/978/946
f 969/1002/969 968/1002/968 965/1001/965
f 964/1000/964 965/999/965 968/1003/968
f 887/928/887 888/931/888 891/929/891
f 894/934/894 890/927/890 887/928/887
f 888/931/888 889/932/889 892/930/892
f 892/930/892 891/929/891 888/931/888
f 1018/1056/1018 1020/1056/1020 1024/1057/1024
f 891/929/891 894/934/894 887/928/887
f 1020/1053/1020 1018/1054/1018 1017/1055/1017
f 936/972/936 937/971/937 940/975/940
f 894/934/894 893/933/893 890/927/890
f 974/1009/974 996/1027/996 997/1029/997
f 941/974/941 940/974/940 937/973/937
f 985/1066/985 984/1067/984 980/1069/980
f 896/938/896 897/938/897 900/939/900
f 899/940/899 898/935/898 895/937/895
f 940/975/940 939/970/939 936/972/936
f 900/939/900 899/939/899 896/938/896
f 937/973/937 938/973/938 941/974/941
f 996/1027/996 974/1009/974 972/1006/972
f 987/1066/987 986/1067/986 984/1067/984
f 895/937/895 896/936/896 899/940/899
f 1006/1031/1006 1002/1032/1002 999/1033/999
f 997/1029/997 979/1013/979 998/1030/998
f 997/1029/997 996/1027/996 979/1013/979
f 978/1012/978 977/1011/977 996/1028/996
f 979/1015/979 971/1005/971 973/1016/973
f 979/1015/979 976/1010/976 971/1005/971
f 911/953/911 912/953/912 915/954/915
f 914/952/914 913/950/913 910/949/910
f 909/947/909 902/942/902 904/948/904
f 909/947/909 906/943/906 902/942/902
f 998/1030/998 979/1013/979 975/1008/975
f 984/1067/984 985/1066/985 987/1066/987
f 988/1018/988 989/1022/989 993/1023/993
f 915/954/915 914/954/914 911/953/911
f 908/945/908 922/955/922 903/946/903
f 1013/1049/1013 1012/1044/1012 1016/1043/1016
f 933/966/933 932/969/932 935/968/935
f 1017/1055/1017 1018/1054/1018 1022/1058/1022
f 988/1018/988 990/1017/990 991/1021/991
f 910/949/910 911/951/911 914/952/914
f 908/945/908 903/946/903 901/941/901
f 995/1026/995 993/1026/993 989/1025/989
f 992/1019/992 993/1023/993 995/1024/995
f 993/1023/993 992/1019/992 988/1018/988
f 917/953/917 918/953/918 921/954/921
f 920/952/920 919/950/919 916/949/916
f 989/1025/989 991/1025/991 995/1026/995
f 921/954/921 920/954/920 917/953/917
f 991/1021/991 989/1022/989 988/1018/988
f 995/1024/995 994/1020/994 992/1019/992
f 978/1012/978 972/1014/972 970/1004/970
f 916/949/916 917/951/917 920/952/920
f 980/1069/980 981/1068/981 985/1066/985
f 908/945/908 907/944/907 922/955/922
f 1021/1061/1021 1023/1061/1023 1019/1060/1019
f 1024/1050/1024 1023/1051/1023 1021/1052/1021
f 902/942/902 905/957/905 904/948/904
f 905/957/905 902/942/902 923/956/923
f 928/958/928 926/959/926 924/960/924
f 980/1069/980 982/1069/982 983/1068/983
f 977/1011/977 976/1010/976 979/1015/979
f 978/1012/978 996/1028/996 972/1014/972
f 987/1026/987 985/1026/985 981/1025/981
f 1724/1820/1724 1728/1822/1728 1725/1821/1725
f 1695/1823/1695 1698/1825/1698 1694/1824/1694
f 1693/1826/1693 1688/1828/1688 1691/1827/1691
f 1616/1829/1616 1617/1831/1617 1618/1830/1618
f 1730/1832/1730 1725/1833/1725 1728/1832/1728
f 1727/1834/1727 1730/1835/1730 1728/1822/1728
f 1728/1822/1728 1724/1820/1724 1727/1834/1727
f 1725/1833/1725 1730/1832/1730 1726/1833/1726
f 1611/1836/1611 1609/1838/1609 1612/1837/1612
f 1730/1835/1730 1727/1834/1727 1729/1839/1729
f 1695/1823/1695 1697/1840/1697 1698/1825/1698
f 1689/1841/1689 1685/1843/1685 1690/1842/1690
f 1699/1844/1699 1697/1840/1697 1695/1823/1695
f 1721/1845/1721 1723/1847/1723 1720/1846/1720
f 1691/1827/1691 1688/1828/1688 1686/1848/1686
f 1721/1845/1721 1722/1849/1722 1723/1847/1723
f 1716/1850/1716 1714/1852/1714 1717/1851/1717
f 1691/1827/1691 1683/1854/1683 1692/1853/1692
f 1691/1827/1691 1686/1848/1686 1683/1854/1683
f 1718/1855/1718 1713/1857/1713 1719/1856/1719
f 1718/1855/1718 1715/1858/1715 1713/1857/1713
f 1690/1842/1690 1685/1843/1685 1687/1859/1687
f 1687/1859/1687 1709/1860/1709 1690/1842/1690
f 1685/1843/1685 1684/1861/1684 1687/1859/1687
f 1684/1861/1684 1685/1843/1685 1682/1862/1682
f 1716/1850/1716 1712/1863/1712 1714/1852/1714
f 1711/1864/1711 1710/1865/1710 1691/1827/1691
f 1691/1827/1691 1692/1853/1692 1711/1864/1711
f 1709/1866/1709 1708/1867/1708 1689/1841/1689
f 1689/1841/1689 1690/1842/1690 1709/1866/1709
f 1702/1868/1702 1704/1869/1704 1700/1868/1700
f 1700/1870/1700 1703/1872/1703 1702/1871/1702
f 1707/1873/1707 1701/1874/1701 1705/1873/1705
f 1704/1875/1704 1707/1877/1707 1705/1876/1705
f 1705/1876/1705 1700/1870/1700 1704/1875/1704
f 1645/1878/1645 1640/1880/1640 1643/1879/1643
f 1644/1881/1644 1646/1882/1646 1643/1879/1643
f 1641/1883/1641 1637/1884/1637 1645/1878/1645
f 1666/1885/1666 1663/1886/1663 1664/1885/1664
f 1642/1887/1642 1638/1888/1638 1641/1883/1641
f 1638/1888/1638 1642/1887/1642 1639/1889/1639
f 1645/1878/1645 1637/1884/1637 1640/1880/1640
f 1637/1884/1637 1641/1883/1641 1638/1888/1638
f 1648/1890/1648 1652/1891/1652 1649/1890/1649
f 1646/1882/1646 1645/1878/1645 1643/1879/1643
f 1662/1892/1662 1658/1894/1658 1656/1893/1656
f 1662/1895/1662 1660/1897/1660 1679/1896/1679
f 1613/1898/1613 1608/1900/1608 1614/1899/1614
f 1613/1898/1613 1610/1901/1610 1608/1900/1608
f 1651/1902/1651 1647/1904/1647 1650/1903/1650
f 1664/1905/1664 1670/1906/1670 1666/1905/1666
f 1634/1907/1634 1631/1909/1631 1633/1908/1633
f 1631/1909/1631 1634/1907/1634 1632/1910/1632
f 1636/1911/1636 1633/1908/1633 1635/1912/1635
f 1633/1908/1633 1636/1911/1636 1634/1907/1634
f 1630/1913/1630 1626/1915/1626 1629/1914/1629
f 1626/1915/1626 1630/1913/1630 1627/1916/1627
f 1629/1914/1629 1625/1918/1625 1628/1917/1628
f 1625/1918/1625 1629/1914/1629 1626/1915/1626
f 1652/1891/1652 1648/1890/1648 1651/1891/1651
f 1647/1904/1647 1651/1902/1651 1648/1919/1648
f 1701/1874/1701 1707/1873/1707 1703/1874/1703
f 1703/1872/1703 1700/1870/1700 1701/1920/1701
f 1619/1921/1619 1623/1923/1623 1620/1922/1620
f 1657/1924/1657 1680/1926/1680 1679/1925/1679
f 1624/1927/1624 1620/1928/1620 1623/1927/1623
f 1668/1929/1668 1663/1886/1663 1667/1930/1667
f 1623/1923/1623 1619/1921/1619 1622/1931/1622
f 1620/1928/1620 1624/1927/1624 1621/1928/1621
f 1679/1925/1679 1655/1932/1655 1657/1924/1657
f 1670/1929/1670 1667/1930/1667 1669/1930/1669
f 1689/1841/1689 1682/1862/1682 1685/1843/1685
f 1680/1926/1680 1681/1933/1681 1662/1892/1662
f 1680/1926/1680 1662/1892/1662 1679/1925/1679
f 1661/1934/1661 1679/1896/1679 1660/1897/1660
f 1662/1895/1662 1656/1936/1656 1654/1935/1654
f 1662/1895/1662 1654/1935/1654 1659/1937/1659
f 1704/1869/1704 1702/1868/1702 1706/1869/1706
f 1663/1886/1663 1668/1929/1668 1664/1885/1664
f 1670/1906/1670 1664/1905/1664 1668/1906/1668
f 1661/1934/1661 1655/1948/1655 1679/1896/1679
f 1681/1933/1681 1658/1894/1658 1662/1892/1662
f 1667/1930/1667 1670/1929/1670 1668/1929/1668
f 1671/1938/1671 1676/1940/1676 1672/1939/1672
f 1707/1877/1707 1704/1875/1704 1706/1950/1706
f 1661/1934/1661 1653/1949/1653 1655/1948/1655
f 1696/1941/1696 1699/1844/1699 1695/1823/1695
f 1616/1829/1616 1618/1830/1618 1615/1942/1615
f 1700/1870/1700 1705/1876/1705 1701/1920/1701
f 1671/1938/1671 1674/1944/1674 1673/1943/1673
f 1678/1946/1678 1675/1945/1675 1677/1947/1677
f 1674/1944/1674 1671/1938/1671 1672/1939/1672
f 1678/1906/1678 1672/1905/1672 1676/1906/1676
f 1675/1945/1675 1678/1946/1678 1676/1940/1676
f 1676/1940/1676 1671/1938/1671 1675/1945/1675
f 1660/1897/1660 1662/1895/1662 1659/1937/1659
f 1663/1886/1663 1666/1885/1666 1665/1886/1665
f 1672/1905/1672 1678/1906/1678 1674/1905/1674
f 1611/1836/1611 1607/1951/1607 1609/1838/1609
g fff07975_00013_0007eb5a_e10
f 1065/1093/1065 1068/1094/1068 1091/1133/1091
f 1091/1133/1091 1068/1094/1068 1090/1132/1090
f 1068/1094/1068 1074/1096/1074 1089/1131/1089
f 1079/1126/1079 1078/1125/1078 1074/1096/1074
f 1068/1094/1068 1089/1131/1089 1090/1132/1090
f 1088/1130/1088 1074/1096/1074 1087/1129/1087
f 1051/1098/1051 1078/1125/1078 1079/1126/1079
f 1086/1128/1086 1073/1095/1073 1085/1127/1085
f 1089/1131/1089 1074/1096/1074 1088/1130/1088
f 1068/1094/1068 1080/1122/1080 1074/1096/1074
f 1055/1091/1055 1068/1094/1068 1065/1093/1065
f 1055/1092/1055 1080/1122/1080 1068/1094/1068
f 1087/1129/1087 1074/1096/1074 1078/1125/1078
f 1079/1126/1079 1074/1096/1074 1080/1122/1080
f 1051/1098/1051 1073/1095/1073 1078/1125/1078
f 1087/1129/1087 1078/1125/1078 1086/1128/1086
f 1086/1128/1086 1078/1125/1078 1073/1095/1073
g fff07975_00013_0007eb5a_e11
f 1075/1105/1075 1053/1101/1053 1052/1099/1052
f 1052/1099/1052 1083/1126/1083 1075/1105/1075
f 1083/1126/1083 1052/1099/1052 1081/1098/1081
f 1077/1124/1077 1076/1123/1076 1072/1121/1072
f 1072/1121/1072 1071/1120/1071 1077/1124/1077
f 1050/1090/1050 1082/1092/1082 1049/1097/1049
f 1050/1090/1050 1049/1097/1049 1048/1100/1048
f 1053/1101/1053 1075/1105/1075 1070/1104/1070
f 1084/1122/1084 1075/1105/1075 1083/1126/1083
f 1076/1123/1076 1066/1117/1066 1069/1119/1069
f 1066/1117/1066 1058/1109/1058 1067/1118/1067
f 1059/1115/1059 1056/1106/1056 1063/1114/1063
f 1069/1119/1069 1062/1102/1062 1064/1116/1064
f 1063/1120/1063 1064/1116/1064 1059/1102/1059
f 1059/1115/1059 1062/1110/1062 1061/1112/1061
f 1067/1118/1067 1060/1107/1060 1062/1113/1062
f 1061/1112/1061 1060/1111/1060 1057/1108/1057
f 1058/1109/1058 1066/1117/1066 1054/1103/1054
f 1054/1103/1054 1048/1100/1048 1058/1109/1058
f 1066/1117/1066 1076/1123/1076 1070/1104/1070
f 1070/1104/1070 1054/1103/1054 1066/1117/1066
f 1076/1123/1076 1077/1124/1077 1053/1101/1053
f 1082/1092/1082 1050/1090/1050 1084/1122/1084
f 1069/1119/1069 1072/1121/1072 1076/1123/1076
f 1053/1101/1053 1070/1104/1070 1076/1123/1076
f 1067/1118/1067 1069/1119/1069 1066/1117/1066
f 1059/1115/1059 1064/1119/1064 1062/1110/1062
f 1069/1119/1069 1064/1116/1064 1072/1121/1072
f 1061/1112/1061 1062/1118/1062 1060/1111/1060
f 1067/1118/1067 1062/1113/1062 1069/1119/1069
f 1064/1115/1064 1063/1114/1063 1071/1120/1071
f 1071/1120/1071 1072/1121/1072 1064/1116/1064
f 1075/1105/1075 1084/1122/1084 1050/1090/1050
f 1050/1090/1050 1070/1104/1070 1075/1105/1075
f 1070/1104/1070 1050/1090/1050 1054/1103/1054
f 1054/1103/1054 1050/1090/1050 1048/1100/1048
g fff07975_00013_0007eb5a_e4
f 1164/1228/1164 1165/1229/1165 1167/1231/1167
f 1167/1231/1167 1166/1230/1166 1164/1228/1164
f 1190/1263/1190 1191/1264/1191 1193/1266/1193
f 1193/1266/1193 1192/1265/1192 1190/1263/1190
f 1216/1298/1216 1217/1299/1217 1219/1301/1219
f 1219/1301/1219 1218/1300/1218 1216/1298/1216
f 1242/1333/1242 1243/1334/1243 1245/1336/1245
f 1245/1336/1245 1244/1335/1244 1242/1333/1242
f 1779/1956/1779 1782/1958/1782 1780/1957/1780
f 1782/1958/1782 1779/1956/1779 1781/1959/1781
f 1753/1952/1753 1756/1954/1756 1754/1953/1754
f 1756/1954/1756 1753/1952/1753 1755/1955/1755
