# fff0a81b_00363_0087c802
o fff0a81b_00363_0087c802
v -0.236202 -3.141342 0.501410
v -0.316135 -3.141342 0.455261
v -0.332067 -3.141342 0.520754
v -0.284883 -3.141342 0.547996
v -0.252839 20.388441 0.547996
v -0.284090 20.388441 0.455262
v -0.204157 20.388441 0.501411
v -0.300023 20.388441 0.520755
v 0.283781 3.028022 -0.548632
v 0.283781 3.087516 -0.548632
v 0.333204 3.087531 -0.520098
v 0.333256 3.028037 -0.520068
v 0.254925 3.004584 -0.467402
v -0.171124 1.539741 0.270659
v -0.171177 3.004584 0.270628
v 0.254978 1.539741 -0.467371
v -0.275240 3.028037 0.533879
v -0.169617 20.308689 0.313053
v -0.184458 20.308689 0.338757
v -0.216501 1.500206 0.338757
v -0.201661 1.500206 0.313053
v -0.155280 20.308704 0.355602
v -0.140440 20.308704 0.329898
v -0.172483 1.500190 0.329898
v -0.187323 1.500190 0.355602
v -0.324715 3.087516 0.505315
v -0.324715 3.028022 0.505315
v -0.275293 3.087531 0.533849
v 0.277708 1.539680 -0.454250
v 0.277708 3.004523 -0.454250
v -0.177624 3.004508 0.266903
v -0.148394 3.004523 0.283780
v 0.248477 3.004508 -0.471126
v -0.148394 1.539680 0.283780
v -0.177571 1.539696 0.266934
v 0.248530 1.539696 -0.471096
v 0.272686 3.004523 -0.457149
v -0.153468 1.539680 0.280850
v -0.153415 3.004523 0.280880
v 0.272634 1.539680 -0.457180
v 0.333257 1.514244 -0.520068
v 0.333204 1.454780 -0.520098
v 0.283781 1.454780 -0.548632
v 0.283781 1.514244 -0.548632
v 0.254978 1.431297 -0.467371
v -0.171124 -0.061455 0.270659
v -0.171124 1.431297 0.270659
v 0.254978 -0.061455 -0.467371
v -0.172430 -0.113625 0.329929
v -0.187270 -0.113625 0.355633
v -0.216501 -0.113640 0.338757
v -0.201661 -0.113640 0.313053
v -0.187271 1.488304 0.355633
v -0.216501 1.488289 0.338757
v -0.201661 1.488289 0.313053
v -0.172430 1.488304 0.329929
v -0.275293 1.454780 0.533849
v -0.275240 1.514244 0.533879
v -0.324715 1.514244 0.505315
v -0.324715 1.454780 0.505315
v -0.177571 1.431236 0.266934
v -0.177571 -0.061516 0.266934
v 0.277761 1.431236 -0.454220
v 0.248530 1.431236 -0.471096
v -0.148341 1.431236 0.283810
v 0.248530 -0.061516 -0.471096
v 0.277708 -0.061516 -0.454250
v -0.148394 -0.061516 0.283780
v 0.272634 1.431221 -0.457180
v -0.153468 -0.061516 0.280850
v -0.153468 1.431221 0.280850
v 0.272634 -0.061516 -0.457180
v 0.333257 -0.087700 -0.520068
v 0.333204 -0.147209 -0.520098
v 0.283782 -0.147194 -0.548632
v 0.283782 -0.087700 -0.548632
v -0.275293 -0.147209 0.533849
v -0.201661 -0.113640 0.313053
v -0.216501 -0.113640 0.338757
v -0.216502 -1.675041 0.338756
v -0.201662 -1.675041 0.313052
v -0.187270 -0.113625 0.355633
v -0.172430 -0.113625 0.329929
v -0.172484 -1.675041 0.329898
v -0.187324 -1.675041 0.355602
v -0.187324 -1.683159 0.355602
v -0.216502 -1.683159 0.338756
v -0.201662 -1.683159 0.313052
v -0.172484 -1.683159 0.329898
v -0.324715 -0.147194 0.505315
v -0.324715 -0.087700 0.505315
v -0.275240 -0.087700 0.533879
v -0.216501 -3.075294 0.338757
v -0.172483 -3.075309 0.329899
v -0.187323 -3.075309 0.355602
v 0.283781 -1.729225 -0.548633
v -0.201661 -3.075294 0.313053
v -0.187324 -1.695671 0.355602
v -0.275241 -1.729225 0.533879
v -0.275241 -1.669792 0.533879
v 0.333256 -1.669792 -0.520068
v 0.333256 -1.729225 -0.520068
v 0.283781 -1.669792 -0.548633
v -0.324716 -1.669792 0.505315
v -0.324716 -1.729225 0.505315
v -0.216449 -1.695671 0.338787
v -0.201609 -1.695671 0.313083
v -0.172484 -1.695671 0.329898
v 0.254978 -0.156548 -0.467371
v -0.171124 -1.649269 0.270658
v -0.171124 -0.156548 0.270659
v 0.254977 -1.649269 -0.467371
v 0.283782 -3.108879 -0.548632
v 0.283782 -3.049430 -0.548632
v -0.324715 -3.049430 0.505315
v -0.324715 -3.108879 0.505315
v -0.201661 -3.075294 0.313053
v -0.275240 -3.108879 0.533880
v -0.172483 -3.075309 0.329899
v -0.187323 -3.075309 0.355602
v -0.216501 -3.075294 0.338757
v -0.275240 -3.049415 0.533880
v 0.333257 -3.049415 -0.520068
v 0.333257 -3.108879 -0.520068
v -0.177571 -0.156593 0.266934
v -0.177572 -1.649330 0.266934
v 0.277708 -0.156609 -0.454250
v 0.248530 -0.156593 -0.471096
v -0.148394 -0.156609 0.283780
v 0.248530 -1.649330 -0.471096
v 0.277707 -1.649345 -0.454251
v -0.148394 -1.649345 0.283779
v 0.272634 -0.156609 -0.457180
v -0.153469 -1.649345 0.280850
v -0.153468 -0.156609 0.280850
v 0.272633 -1.649345 -0.457180
v 0.254924 -1.750297 -0.467402
v -0.171176 -3.020744 0.270628
v -0.171177 -1.750297 0.270628
v 0.254926 -3.020744 -0.467401
v -0.177625 -1.750358 0.266903
v -0.177624 -3.020805 0.266904
v 0.277707 -1.750343 -0.454251
v 0.248477 -1.750358 -0.471127
v -0.148394 -1.750343 0.283779
v 0.248478 -3.020805 -0.471126
v 0.277708 -3.020805 -0.454250
v -0.148393 -3.020805 0.283780
v 0.272686 -1.750358 -0.457150
v -0.153415 -3.020790 0.280881
v -0.153416 -1.750358 0.280880
v 0.272687 -3.020790 -0.457149
v 0.283781 9.159215 -0.548632
v 0.283781 9.218709 -0.548632
v 0.333204 9.218724 -0.520098
v 0.333256 9.159230 -0.520068
v 0.254925 9.135777 -0.467402
v -0.171124 7.670935 0.270659
v -0.171177 9.135777 0.270628
v 0.254978 7.670935 -0.467371
v -0.275240 9.159230 0.533879
v -0.324715 9.218709 0.505315
v -0.324715 9.159215 0.505315
v -0.275293 9.218724 0.533849
v 0.277708 7.670874 -0.454250
v 0.277708 9.135716 -0.454250
v -0.177624 9.135701 0.266903
v -0.148394 9.135716 0.283780
v 0.248477 9.135701 -0.471126
v -0.148394 7.670874 0.283780
v -0.177571 7.670889 0.266934
v 0.248530 7.670889 -0.471096
v 0.272686 9.135716 -0.457149
v -0.153468 7.670874 0.280850
v -0.153415 9.135716 0.280880
v 0.272634 7.670874 -0.457180
v 0.333257 7.645437 -0.520068
v 0.333204 7.585974 -0.520098
v 0.283781 7.585974 -0.548632
v 0.283781 7.645437 -0.548632
v 0.254978 7.562490 -0.467371
v -0.171124 6.069738 0.270659
v -0.171124 7.562490 0.270659
v 0.254978 6.069738 -0.467371
v -0.275293 7.585974 0.533849
v -0.275240 7.645437 0.533879
v -0.324715 7.645437 0.505315
v -0.324715 7.585974 0.505315
v -0.177571 7.562429 0.266934
v -0.177571 6.069678 0.266934
v 0.277761 7.562429 -0.454220
v 0.248530 7.562429 -0.471096
v -0.148341 7.562429 0.283810
v 0.248530 6.069678 -0.471096
v 0.277708 6.069677 -0.454250
v -0.148394 6.069677 0.283780
v 0.272634 7.562414 -0.457180
v -0.153468 6.069677 0.280850
v -0.153468 7.562414 0.280850
v 0.272634 6.069677 -0.457180
v 0.333257 6.043493 -0.520068
v 0.333204 5.983984 -0.520098
v 0.283782 5.984000 -0.548632
v 0.283782 6.043494 -0.548632
v -0.275293 5.983984 0.533849
v -0.324715 5.984000 0.505315
v -0.324715 6.043494 0.505315
v -0.275240 6.043493 0.533879
v 0.283781 4.401968 -0.548633
v -0.275241 4.401968 0.533879
v -0.275241 4.461401 0.533879
v 0.333256 4.461401 -0.520068
v 0.333256 4.401968 -0.520068
v 0.283781 4.461401 -0.548633
v -0.324716 4.461401 0.505315
v -0.324716 4.401968 0.505315
v 0.254978 5.974646 -0.467371
v -0.171124 4.481925 0.270658
v -0.171124 5.974646 0.270659
v 0.254977 4.481925 -0.467371
v -0.177571 5.974600 0.266934
v -0.177572 4.481863 0.266934
v 0.277708 5.974585 -0.454250
v 0.248530 5.974600 -0.471096
v -0.148394 5.974585 0.283780
v 0.248530 4.481863 -0.471096
v 0.277707 4.481848 -0.454251
v -0.148394 4.481848 0.283779
v 0.272634 5.974585 -0.457180
v -0.153469 4.481848 0.280850
v -0.153468 5.974585 0.280850
v 0.272633 4.481848 -0.457180
v 0.254924 4.380896 -0.467402
v -0.171176 3.110450 0.270628
v -0.171177 4.380896 0.270628
v 0.254926 3.110450 -0.467401
v -0.177625 4.380835 0.266903
v -0.177624 3.110389 0.266904
v 0.277707 4.380850 -0.454251
v 0.248477 4.380835 -0.471127
v -0.148394 4.380850 0.283779
v 0.248478 3.110389 -0.471126
v 0.277708 3.110389 -0.454250
v -0.148393 3.110389 0.283780
v 0.272686 4.380835 -0.457150
v -0.153415 3.110404 0.280881
v -0.153416 4.380835 0.280880
v 0.272687 3.110404 -0.457149
v 0.283781 15.309100 -0.548632
v 0.283781 15.368594 -0.548632
v 0.333204 15.368609 -0.520098
v 0.333256 15.309115 -0.520068
v 0.254925 15.285663 -0.467402
v -0.171124 13.820820 0.270659
v -0.171177 15.285663 0.270628
v 0.254978 13.820820 -0.467371
v -0.275240 15.309115 0.533879
v -0.324715 15.368594 0.505315
v -0.324715 15.309100 0.505315
v -0.275293 15.368609 0.533849
v 0.277708 13.820759 -0.454250
v 0.277708 15.285602 -0.454250
v -0.177624 15.285586 0.266903
v -0.148394 15.285602 0.283780
v 0.248477 15.285586 -0.471126
v -0.148394 13.820759 0.283780
v -0.177571 13.820774 0.266934
v 0.248530 13.820774 -0.471096
v 0.272686 15.285602 -0.457149
v -0.153468 13.820759 0.280850
v -0.153415 15.285602 0.280880
v 0.272634 13.820759 -0.457180
v 0.333257 13.795322 -0.520068
v 0.333204 13.735859 -0.520098
v 0.283781 13.735859 -0.548632
v 0.283781 13.795322 -0.548632
v 0.254978 13.712376 -0.467371
v -0.171124 12.219624 0.270659
v -0.171124 13.712376 0.270659
v 0.254978 12.219624 -0.467371
v -0.275293 13.735859 0.533849
v -0.275240 13.795322 0.533879
v -0.324715 13.795322 0.505315
v -0.324715 13.735859 0.505315
v -0.177571 13.712315 0.266934
v -0.177571 12.219563 0.266934
v 0.277761 13.712315 -0.454220
v 0.248530 13.712315 -0.471096
v -0.148341 13.712315 0.283810
v 0.248530 12.219563 -0.471096
v 0.277708 12.219563 -0.454250
v -0.148394 12.219563 0.283780
v 0.272634 13.712299 -0.457180
v -0.153468 12.219563 0.280850
v -0.153468 13.712299 0.280850
v 0.272634 12.219563 -0.457180
v 0.333257 12.193378 -0.520068
v 0.333204 12.133869 -0.520098
v 0.283782 12.133884 -0.548632
v 0.283782 12.193378 -0.548632
v -0.275293 12.133869 0.533849
v -0.324715 12.133884 0.505315
v -0.324715 12.193378 0.505315
v -0.275240 12.193378 0.533879
v 0.283781 10.551854 -0.548633
v -0.275241 10.551854 0.533879
v -0.275241 10.611287 0.533879
v 0.333256 10.611287 -0.520068
v 0.333256 10.551854 -0.520068
v 0.283781 10.611287 -0.548633
v -0.324716 10.611287 0.505315
v -0.324716 10.551854 0.505315
v 0.254978 12.124531 -0.467371
v -0.171124 10.631810 0.270658
v -0.171124 12.124531 0.270659
v 0.254977 10.631810 -0.467371
v -0.177571 12.124485 0.266934
v -0.177572 10.631749 0.266934
v 0.277708 12.124470 -0.454250
v 0.248530 12.124485 -0.471096
v -0.148394 12.124470 0.283780
v 0.248530 10.631749 -0.471096
v 0.277707 10.631734 -0.454251
v -0.148394 10.631734 0.283779
v 0.272634 12.124470 -0.457180
v -0.153469 10.631734 0.280850
v -0.153468 12.124470 0.280850
v 0.272633 10.631734 -0.457180
v 0.254924 10.530782 -0.467402
v -0.171176 9.260335 0.270628
v -0.171177 10.530782 0.270628
v 0.254925 9.260335 -0.467401
v -0.177625 10.530721 0.266903
v -0.177624 9.260274 0.266904
v 0.277707 10.530736 -0.454251
v 0.248477 10.530721 -0.471127
v -0.148394 10.530736 0.283779
v 0.248478 9.260274 -0.471126
v 0.277708 9.260274 -0.454250
v -0.148393 9.260274 0.283780
v 0.272686 10.530721 -0.457150
v -0.153415 9.260289 0.280881
v -0.153416 10.530721 0.280880
v 0.272687 9.260289 -0.457149
v 0.283781 20.108629 -0.548632
v 0.283781 20.168123 -0.548632
v 0.333204 20.168139 -0.520098
v 0.333256 20.108644 -0.520068
v -0.243197 20.274828 0.533879
v -0.292672 20.334307 0.505315
v -0.292672 20.274813 0.505315
v -0.243250 20.334322 0.533849
v 0.898071 -4.466842 0.445172
v 0.898071 -4.386916 0.491344
v 0.898071 -4.435653 0.537883
v 0.898071 -4.482833 0.510646
v 28.285393 -4.482833 0.510645
v 28.285393 -4.386917 0.491345
v 28.285393 -4.466842 0.445174
v 28.285393 -4.435654 0.537885
v 7.067442 -3.817458 -0.530146
v 7.126952 -3.817458 -0.530146
v 7.126952 -3.866897 -0.558694
v 7.067442 -3.866958 -0.558731
v 7.044005 -3.873397 -0.464583
v 5.579161 -4.299544 0.273452
v 7.044005 -4.299499 0.273490
v 5.579161 -3.873458 -0.464621
v 7.067442 -4.475432 0.495236
v 28.205681 -4.320999 0.321078
v 28.205681 -4.335845 0.346772
v 5.539610 -4.335845 0.346772
v 5.539611 -4.320999 0.321078
v 28.205681 -4.365020 0.329928
v 28.205681 -4.350173 0.304235
v 5.539610 -4.350173 0.304234
v 5.539610 -4.365020 0.329927
v 7.126952 -4.425979 0.523769
v 7.067442 -4.425979 0.523769
v 7.126951 -4.475402 0.495221
v 5.579100 -3.896178 -0.477722
v 7.043944 -3.896178 -0.477723
v 7.043944 -4.293059 0.277175
v 7.043943 -4.322280 0.260294
v 7.043944 -3.866942 -0.460840
v 5.579100 -4.322280 0.260294
v 5.579100 -4.293105 0.277137
v 5.579100 -3.867003 -0.460879
v 7.043943 -3.891173 -0.474837
v 5.579100 -4.317214 0.263217
v 7.043943 -4.317245 0.263233
v 5.579100 -3.891112 -0.474799
v 5.553648 -3.866958 -0.558731
v 5.494200 -3.866897 -0.558694
v 5.494201 -3.817458 -0.530146
v 5.553648 -3.817458 -0.530146
v 5.470702 -3.873458 -0.464621
v 3.977965 -4.299544 0.273452
v 5.470702 -4.299545 0.273452
v 3.977966 -3.873458 -0.464621
v 3.925841 -4.350234 0.304196
v 3.925841 -4.365066 0.329890
v 3.925780 -4.335845 0.346772
v 3.925780 -4.320998 0.321078
v 5.527709 -4.365066 0.329891
v 5.527709 -4.335845 0.346772
v 5.527709 -4.320999 0.321078
v 5.527709 -4.350235 0.304196
v 5.494200 -4.475402 0.495220
v 5.553648 -4.475433 0.495236
v 5.553648 -4.425979 0.523768
v 5.494200 -4.425979 0.523768
v 5.470641 -4.293106 0.277137
v 3.977904 -4.293105 0.277137
v 5.470641 -3.896239 -0.477760
v 5.470641 -3.867003 -0.460878
v 5.470641 -4.322341 0.260256
v 3.977905 -3.867003 -0.460878
v 3.977905 -3.896178 -0.477722
v 3.977904 -4.322280 0.260294
v 5.470641 -3.891112 -0.474799
v 3.977904 -4.317214 0.263218
v 5.470641 -4.317214 0.263218
v 3.977905 -3.891112 -0.474799
v 3.951720 -3.866957 -0.558731
v 3.892211 -3.866896 -0.558694
v 3.892272 -3.817458 -0.530146
v 3.951720 -3.817458 -0.530146
v 3.892211 -4.475402 0.495221
v 3.925780 -4.320998 0.321078
v 3.925780 -4.335845 0.346772
v 2.364379 -4.335845 0.346772
v 2.364379 -4.320998 0.321078
v 3.925841 -4.365066 0.329890
v 3.925841 -4.350234 0.304196
v 2.364379 -4.350173 0.304234
v 2.364379 -4.365020 0.329928
v 2.356262 -4.365020 0.329928
v 2.356262 -4.335845 0.346772
v 2.356262 -4.320998 0.321078
v 2.356262 -4.350173 0.304234
v 3.892272 -4.425979 0.523768
v 3.951720 -4.425979 0.523768
v 3.951720 -4.475432 0.495236
v 0.964172 -4.335845 0.346772
v 0.964111 -4.350173 0.304234
v 0.964111 -4.365020 0.329928
v 2.310241 -3.817458 -0.530146
v 0.964172 -4.320998 0.321078
v 2.343750 -4.365020 0.329928
v 2.310241 -4.475432 0.495236
v 2.369628 -4.475433 0.495236
v 2.369628 -3.866958 -0.558731
v 2.310241 -3.866958 -0.558731
v 2.369628 -3.817458 -0.530146
v 2.369628 -4.425979 0.523768
v 2.310241 -4.425979 0.523768
v 2.343750 -4.335891 0.346735
v 2.343750 -4.321059 0.321040
v 2.343750 -4.350173 0.304234
v 3.882873 -3.873458 -0.464621
v 2.390197 -4.299544 0.273452
v 3.882873 -4.299544 0.273452
v 2.390197 -3.873458 -0.464621
v 0.930542 -3.817458 -0.530146
v 0.989990 -3.817458 -0.530146
v 0.989990 -4.425979 0.523768
v 0.930542 -4.425979 0.523769
v 0.964172 -4.320998 0.321078
v 0.930542 -4.475432 0.495236
v 0.964111 -4.350173 0.304234
v 0.964111 -4.365020 0.329928
v 0.964172 -4.335845 0.346772
v 0.990051 -4.475432 0.495236
v 0.990051 -3.866957 -0.558731
v 0.930542 -3.866957 -0.558731
v 3.882873 -4.293105 0.277137
v 2.390075 -4.293105 0.277137
v 3.882812 -3.896178 -0.477722
v 3.882873 -3.867003 -0.460878
v 3.882812 -4.322280 0.260294
v 2.390075 -3.867003 -0.460878
v 2.390075 -3.896178 -0.477723
v 2.390075 -4.322280 0.260294
v 3.882812 -3.891112 -0.474799
v 2.390075 -4.317214 0.263217
v 3.882812 -4.317214 0.263218
v 2.390075 -3.891112 -0.474799
v 2.289123 -3.873397 -0.464583
v 1.018676 -4.299499 0.273489
v 2.289123 -4.299499 0.273490
v 1.018676 -3.873397 -0.464583
v 2.289062 -4.293059 0.277175
v 1.018615 -4.293059 0.277175
v 2.289123 -3.896178 -0.477723
v 2.289062 -3.866942 -0.460840
v 2.289123 -4.322280 0.260294
v 1.018615 -3.866942 -0.460841
v 1.018615 -3.896178 -0.477722
v 1.018615 -4.322280 0.260293
v 2.289062 -3.891173 -0.474836
v 1.018615 -4.317245 0.263233
v 2.289062 -4.317245 0.263233
v 1.018615 -3.891173 -0.474836
v 13.198667 -3.817458 -0.530147
v 13.258115 -3.817458 -0.530146
v 13.258115 -3.866897 -0.558694
v 13.198666 -3.866958 -0.558731
v 13.175228 -3.873397 -0.464584
v 11.710386 -4.299544 0.273452
v 13.175229 -4.299499 0.273490
v 11.710384 -3.873458 -0.464622
v 13.198666 -4.475432 0.495236
v 13.258115 -4.425979 0.523768
v 13.198667 -4.425979 0.523768
v 13.258115 -4.475402 0.495221
v 11.710263 -3.896178 -0.477723
v 13.175106 -3.896178 -0.477724
v 13.175108 -4.293059 0.277175
v 13.175107 -4.322280 0.260293
v 13.175106 -3.866942 -0.460842
v 11.710264 -4.322280 0.260293
v 11.710325 -4.293105 0.277137
v 11.710324 -3.867003 -0.460878
v 13.175107 -3.891173 -0.474837
v 11.710264 -4.317214 0.263217
v 13.175107 -4.317245 0.263233
v 11.710263 -3.891112 -0.474799
v 11.684872 -3.866957 -0.558731
v 11.625425 -3.866896 -0.558694
v 11.625425 -3.817458 -0.530146
v 11.684873 -3.817458 -0.530146
v 11.601926 -3.873458 -0.464622
v 10.109190 -4.299544 0.273452
v 11.601926 -4.299544 0.273452
v 10.109129 -3.873458 -0.464621
v 11.625425 -4.475402 0.495221
v 11.684873 -4.475432 0.495236
v 11.684873 -4.425979 0.523768
v 11.625425 -4.425979 0.523768
v 11.601865 -4.293105 0.277137
v 10.109129 -4.293105 0.277137
v 11.601864 -3.896239 -0.477760
v 11.601865 -3.867003 -0.460879
v 11.601865 -4.322341 0.260256
v 10.109068 -3.867003 -0.460878
v 10.109067 -3.896178 -0.477722
v 10.109129 -4.322280 0.260293
v 11.601864 -3.891112 -0.474800
v 10.109129 -4.317214 0.263217
v 11.601866 -4.317214 0.263217
v 10.109067 -3.891112 -0.474799
v 10.082883 -3.866958 -0.558731
v 10.023374 -3.866896 -0.558693
v 10.023435 -3.817458 -0.530146
v 10.082883 -3.817458 -0.530146
v 10.023435 -4.475402 0.495220
v 10.023435 -4.425979 0.523767
v 10.082944 -4.425979 0.523768
v 10.082944 -4.475432 0.495236
v 8.441404 -3.817458 -0.530146
v 8.441404 -4.475433 0.495236
v 8.500792 -4.475433 0.495236
v 8.500792 -3.866958 -0.558731
v 8.441404 -3.866958 -0.558731
v 8.500792 -3.817458 -0.530146
v 8.500792 -4.425979 0.523768
v 8.441404 -4.425979 0.523769
v 10.014036 -3.873458 -0.464621
v 8.521360 -4.299545 0.273452
v 10.014097 -4.299544 0.273452
v 8.521360 -3.873458 -0.464621
v 10.014036 -4.293105 0.277138
v 8.521299 -4.293106 0.277138
v 10.013974 -3.896178 -0.477722
v 10.014035 -3.867003 -0.460878
v 10.014036 -4.322280 0.260294
v 8.521299 -3.867004 -0.460878
v 8.521299 -3.896178 -0.477723
v 8.521299 -4.322280 0.260294
v 10.013974 -3.891112 -0.474799
v 8.521299 -4.317214 0.263217
v 10.014036 -4.317214 0.263217
v 8.521299 -3.891113 -0.474799
v 8.420347 -3.873397 -0.464583
v 7.149840 -4.299499 0.273490
v 8.420347 -4.299499 0.273490
v 7.149840 -3.873397 -0.464583
v 8.420225 -4.293060 0.277175
v 7.149840 -4.293059 0.277175
v 8.420286 -3.896178 -0.477723
v 8.420225 -3.866942 -0.460840
v 8.420286 -4.322280 0.260293
v 7.149840 -3.866942 -0.460840
v 7.149840 -3.896178 -0.477722
v 7.149839 -4.322280 0.260294
v 8.420225 -3.891173 -0.474837
v 7.149839 -4.317245 0.263233
v 8.420225 -4.317245 0.263233
v 7.149839 -3.891173 -0.474837
v 19.348505 -3.817458 -0.530145
v 19.408014 -3.817458 -0.530145
v 19.408014 -3.866897 -0.558693
v 19.348568 -3.866958 -0.558730
v 19.325068 -3.873397 -0.464585
v 17.860226 -4.299544 0.273452
v 19.325068 -4.299499 0.273489
v 17.860224 -3.873458 -0.464621
v 19.348566 -4.475433 0.495237
v 19.408014 -4.425979 0.523769
v 19.348507 -4.425979 0.523770
v 19.408014 -4.475402 0.495219
v 17.860163 -3.896178 -0.477722
v 19.325008 -3.896178 -0.477723
v 19.325006 -4.293059 0.277175
v 19.325008 -4.322280 0.260294
v 19.325008 -3.866942 -0.460840
v 17.860165 -4.322280 0.260294
v 17.860165 -4.293105 0.277138
v 17.860163 -3.867003 -0.460878
v 19.325008 -3.891173 -0.474836
v 17.860165 -4.317214 0.263217
v 19.325006 -4.317245 0.263232
v 17.860163 -3.891112 -0.474799
v 17.834774 -3.866957 -0.558732
v 17.775263 -3.866896 -0.558693
v 17.775263 -3.817458 -0.530145
v 17.834772 -3.817458 -0.530145
v 17.751764 -3.873458 -0.464622
v 16.259029 -4.299544 0.273452
v 17.751766 -4.299544 0.273452
v 16.259029 -3.873458 -0.464621
v 17.775265 -4.475402 0.495221
v 17.834774 -4.475432 0.495237
v 17.834774 -4.425979 0.523770
v 17.775265 -4.425979 0.523770
v 17.751766 -4.293105 0.277138
v 16.258968 -4.293105 0.277138
v 17.751764 -3.896239 -0.477760
v 17.751764 -3.867003 -0.460878
v 17.751766 -4.322341 0.260256
v 16.258968 -3.867003 -0.460878
v 16.258968 -3.896178 -0.477722
v 16.258968 -4.322280 0.260294
v 17.751703 -3.891112 -0.474798
v 16.258968 -4.317214 0.263218
v 17.751705 -4.317214 0.263218
v 16.258968 -3.891112 -0.474798
v 16.232784 -3.866958 -0.558731
v 16.173275 -3.866897 -0.558693
v 16.173275 -3.817458 -0.530145
v 16.232784 -3.817458 -0.530145
v 16.173275 -4.475402 0.495221
v 16.173275 -4.425979 0.523769
v 16.232784 -4.425979 0.523769
v 16.232784 -4.475432 0.495237
v 24.118647 -3.817458 -0.530145
v 24.178156 -3.817458 -0.530145
v 24.178154 -3.866897 -0.558693
v 24.118708 -3.866958 -0.558730
v 24.095207 -3.873397 -0.464585
v 22.630365 -4.299544 0.273452
v 24.095207 -4.299499 0.273490
v 22.630363 -3.873458 -0.464622
v 24.118708 -4.475432 0.495237
v 24.178154 -4.425979 0.523769
v 24.118647 -4.425979 0.523770
v 24.178154 -4.475402 0.495219
v 22.630304 -3.896178 -0.477723
v 24.095148 -3.896178 -0.477723
v 24.095148 -4.293059 0.277175
v 24.095148 -4.322280 0.260294
v 24.095148 -3.866942 -0.460840
v 22.630304 -4.322280 0.260293
v 22.630304 -4.293105 0.277138
v 22.630304 -3.867003 -0.460878
v 24.095148 -3.891173 -0.474836
v 22.630304 -4.317214 0.263217
v 24.095148 -4.317245 0.263232
v 22.630304 -3.891112 -0.474799
v 22.604914 -3.866957 -0.558731
v 22.545404 -3.866896 -0.558693
v 22.545403 -3.817458 -0.530146
v 22.604912 -3.817458 -0.530146
v 22.521904 -3.873458 -0.464622
v 21.029171 -4.299544 0.273452
v 22.521906 -4.299544 0.273452
v 21.029169 -3.873458 -0.464621
v 22.545406 -4.475402 0.495221
v 22.604916 -4.475432 0.495237
v 22.604914 -4.425979 0.523769
v 22.545404 -4.425979 0.523769
v 22.521906 -4.293105 0.277138
v 21.029108 -4.293105 0.277138
v 22.521904 -3.896239 -0.477760
v 22.521906 -3.867003 -0.460878
v 22.521906 -4.322341 0.260256
v 21.029108 -3.867003 -0.460878
v 21.029108 -3.896178 -0.477722
v 21.029110 -4.322280 0.260293
v 22.521843 -3.891112 -0.474798
v 21.029110 -4.317214 0.263217
v 22.521845 -4.317214 0.263217
v 21.029108 -3.891112 -0.474799
v 21.002924 -3.866957 -0.558731
v 20.943415 -3.866896 -0.558693
v 20.943415 -3.817458 -0.530146
v 21.002924 -3.817458 -0.530146
v 20.943417 -4.475402 0.495221
v 20.943415 -4.425979 0.523768
v 21.002924 -4.425979 0.523768
v 21.002926 -4.475432 0.495237
v 20.934076 -3.873458 -0.464621
v 19.441341 -4.299544 0.273452
v 20.934076 -4.299544 0.273452
v 19.441341 -3.873457 -0.464622
v 20.934017 -4.293105 0.277138
v 19.441341 -4.293105 0.277137
v 20.934015 -3.896178 -0.477722
v 20.934015 -3.867003 -0.460878
v 20.934017 -4.322280 0.260293
v 19.441339 -3.867003 -0.460878
v 19.441280 -3.896178 -0.477723
v 19.441280 -4.322280 0.260293
v 20.934017 -3.891112 -0.474798
v 19.441278 -4.317214 0.263217
v 20.934017 -4.317214 0.263218
v 19.441278 -3.891112 -0.474799
v 28.181206 -3.817458 -0.530146
v 28.240715 -3.817458 -0.530146
v 28.240715 -3.866897 -0.558694
v 28.181269 -3.866958 -0.558730
v 28.157768 -3.873397 -0.464586
v 27.402763 -4.299544 0.273451
v 28.157768 -4.299499 0.273489
v 27.402763 -3.873458 -0.464622
v 28.181267 -4.475432 0.495237
v 28.240715 -4.425979 0.523769
v 28.181206 -4.425979 0.523770
v 28.240715 -4.475402 0.495219
v 27.402702 -3.896178 -0.477723
v 28.157707 -3.896178 -0.477723
v 28.157707 -4.293059 0.277175
v 28.157709 -4.322280 0.260294
v 28.157709 -3.866942 -0.460840
v 27.402702 -4.322279 0.260293
v 27.402704 -4.293105 0.277137
v 27.402702 -3.867003 -0.460878
v 28.157709 -3.891173 -0.474837
v 27.402704 -4.317214 0.263217
v 28.157707 -4.317245 0.263232
v 27.402702 -3.891112 -0.474799
v 27.377312 -3.866957 -0.558732
v 27.317802 -3.866896 -0.558693
v 27.317802 -3.817458 -0.530146
v 27.377312 -3.817458 -0.530146
v 27.294302 -3.873458 -0.464622
v 25.801569 -4.299544 0.273452
v 27.294306 -4.299544 0.273452
v 25.801569 -3.873458 -0.464621
v 27.317804 -4.475401 0.495221
v 27.377314 -4.475432 0.495236
v 27.377312 -4.425979 0.523769
v 27.317802 -4.425979 0.523769
v 27.294306 -4.293105 0.277137
v 25.801508 -4.293105 0.277137
v 27.294304 -3.896239 -0.477761
v 27.294304 -3.867003 -0.460879
v 27.294304 -4.322340 0.260255
v 25.801506 -3.867003 -0.460879
v 25.801508 -3.896178 -0.477722
v 25.801508 -4.322280 0.260293
v 27.294243 -3.891112 -0.474798
v 25.801508 -4.317214 0.263217
v 27.294243 -4.317214 0.263217
v 25.801506 -3.891112 -0.474799
v 25.775324 -3.866958 -0.558732
v 25.715813 -3.866897 -0.558693
v 25.715813 -3.817458 -0.530146
v 25.775322 -3.817458 -0.530146
v 25.715815 -4.475402 0.495221
v 25.715815 -4.425979 0.523768
v 25.775324 -4.425979 0.523768
v 25.775324 -4.475432 0.495236
v 25.706474 -3.873458 -0.464622
v 24.213739 -4.299544 0.273452
v 25.706476 -4.299544 0.273452
v 24.213739 -3.873458 -0.464622
v 25.706415 -4.293105 0.277138
v 24.213739 -4.293105 0.277137
v 25.706413 -3.896178 -0.477723
v 25.706415 -3.867003 -0.460878
v 25.706415 -4.322280 0.260293
v 24.213737 -3.867003 -0.460879
v 24.213678 -3.896178 -0.477723
v 24.213678 -4.322279 0.260293
v 25.706415 -3.891112 -0.474798
v 24.213678 -4.317214 0.263217
v 25.706415 -4.317214 0.263218
v 24.213676 -3.891112 -0.474799
v 29.561707 -3.224396 0.421108
v 29.481750 -3.224396 0.467278
v 29.530518 -3.224396 0.513820
v 29.577698 -3.224396 0.486582
v 29.577698 16.569229 0.486582
v 29.481750 16.569229 0.467278
v 29.561707 16.569229 0.421109
v 29.530518 16.569229 0.513820
v 29.415833 16.489471 0.297012
v 29.430664 16.489471 0.322709
v 29.430664 1.417145 0.322709
v 29.415833 1.417145 0.297012
v 29.459839 16.489487 0.305865
v 29.445007 16.489487 0.280169
v 29.445007 1.417130 0.280169
v 29.459839 1.417130 0.305865
v 28.961792 1.431183 -0.582796
v 28.961731 1.371719 -0.582758
v 28.912292 1.371719 -0.554210
v 28.912292 1.431183 -0.554210
v 28.968323 1.348236 -0.488683
v 29.394409 -0.144501 0.249386
v 29.394409 1.348236 0.249386
v 28.968323 -0.144501 -0.488683
v 29.445068 -0.196671 0.280131
v 29.459900 -0.196671 0.305828
v 29.430664 -0.196686 0.322709
v 29.415833 -0.196686 0.297012
v 29.459900 1.405243 0.305828
v 29.430664 1.405228 0.322709
v 29.415833 1.405228 0.297012
v 29.445068 1.405243 0.280131
v 29.570251 1.371719 0.471157
v 29.570251 1.431183 0.471172
v 29.520813 1.431183 0.499705
v 29.520813 1.371719 0.499705
v 29.387939 1.348175 0.253074
v 29.387939 -0.144562 0.253074
v 28.991089 1.348175 -0.501824
v 28.961853 1.348175 -0.484943
v 29.417175 1.348175 0.236193
v 28.961853 -0.144562 -0.484943
v 28.991028 -0.144577 -0.501786
v 29.417114 -0.144577 0.236230
v 28.985962 1.348160 -0.498864
v 29.412048 -0.144562 0.239153
v 29.412048 1.348160 0.239153
v 28.985962 -0.144562 -0.498864
v 28.961792 -0.170761 -0.582796
v 28.961731 -0.230270 -0.582758
v 28.912292 -0.230240 -0.554210
v 28.912292 -0.170746 -0.554210
v 29.570251 -0.230270 0.471157
v 29.415833 -0.196686 0.297012
v 29.430664 -0.196686 0.322709
v 29.430664 -1.758087 0.322708
v 29.415833 -1.758087 0.297012
v 29.459900 -0.196671 0.305828
v 29.445068 -0.196671 0.280131
v 29.445007 -1.758087 0.280169
v 29.459839 -1.758087 0.305865
v 29.459839 -1.766205 0.305865
v 29.430664 -1.766205 0.322708
v 29.415833 -1.766205 0.297012
v 29.445007 -1.766205 0.280169
v 29.520813 -0.230240 0.499705
v 29.520813 -0.170746 0.499705
v 29.570251 -0.170761 0.471172
v 29.430664 -3.158340 0.322709
v 29.445007 -3.158356 0.280169
v 29.459839 -3.158356 0.305865
v 28.912292 -1.812271 -0.554210
v 29.415833 -3.158340 0.297012
v 29.459839 -1.778717 0.305865
v 29.570251 -1.812271 0.471172
v 29.570251 -1.752838 0.471172
v 28.961792 -1.752838 -0.582796
v 28.961792 -1.812271 -0.582796
v 28.912292 -1.752838 -0.554210
v 29.520813 -1.752838 0.499705
v 29.520813 -1.812271 0.499705
v 29.430725 -1.778717 0.322670
v 29.415894 -1.778717 0.296974
v 29.445007 -1.778717 0.280169
v 28.968323 -0.239594 -0.488683
v 29.394409 -1.732315 0.249386
v 29.394409 -0.239594 0.249386
v 28.968323 -1.732315 -0.488684
v 28.912292 -3.191925 -0.554210
v 28.912292 -3.132477 -0.554210
v 29.520813 -3.132477 0.499705
v 29.520813 -3.191925 0.499705
v 29.415833 -3.158340 0.297012
v 29.570251 -3.191925 0.471172
v 29.445007 -3.158356 0.280169
v 29.459839 -3.158356 0.305865
v 29.430664 -3.158340 0.322709
v 29.570251 -3.132462 0.471172
v 28.961792 -3.132462 -0.582796
v 28.961792 -3.191925 -0.582796
v 29.387939 -0.239639 0.253074
v 29.387939 -1.732376 0.253073
v 28.991028 -0.239655 -0.501786
v 28.961853 -0.239639 -0.484943
v 29.417114 -0.239655 0.236230
v 28.961853 -1.732376 -0.484943
v 28.991028 -1.732391 -0.501786
v 29.417114 -1.732391 0.236230
v 28.985962 -0.239655 -0.498864
v 29.412048 -1.732391 0.239152
v 29.412048 -0.239655 0.239153
v 28.985962 -1.732391 -0.498864
v 28.968262 -1.833344 -0.488646
v 29.394348 -3.103790 0.249424
v 29.394348 -1.833344 0.249424
v 28.968262 -3.103790 -0.488646
v 29.387878 -1.833405 0.253111
v 29.387878 -3.103851 0.253111
v 28.991028 -1.833389 -0.501786
v 28.961792 -1.833405 -0.484905
v 29.417114 -1.833389 0.236230
v 28.961792 -3.103851 -0.484905
v 28.991028 -3.103851 -0.501786
v 29.417114 -3.103851 0.236230
v 28.986023 -1.833405 -0.498901
v 29.412109 -3.103836 0.239168
v 29.412109 -1.833405 0.239168
v 28.986023 -3.103836 -0.498901
v 28.912292 15.226044 -0.554210
v 28.912292 15.285538 -0.554210
v 28.961731 15.285553 -0.582758
v 28.961792 15.226059 -0.582796
v 29.570251 15.294739 0.471172
v 29.520813 15.354218 0.499705
v 29.520813 15.294724 0.499705
v 29.570251 15.354233 0.471157
v 28.912292 10.468796 -0.554210
v 29.570251 10.535965 0.471172
v 29.570251 10.595398 0.471172
v 28.961792 10.528229 -0.582796
v 28.961792 10.468796 -0.582796
v 28.912292 10.528229 -0.554210
v 29.520813 10.595398 0.499705
v 29.520813 10.535965 0.499705
v 28.912292 16.455597 -0.554210
v 28.912292 16.515091 -0.554210
v 28.961731 16.515106 -0.582758
v 28.961792 16.455612 -0.582796
v 29.570251 16.455612 0.471172
v 29.520813 16.515091 0.499705
v 29.520813 16.455597 0.499705
v 29.570251 16.515106 0.471157
v 1.005311 21.415695 0.464105
v 1.005310 21.495651 0.417956
v 1.005310 21.511581 0.483449
v 1.005310 21.464401 0.510691
v 22.722107 21.464401 0.510691
v 22.722107 21.495651 0.417956
v 22.722107 21.415695 0.464106
v 22.722107 21.511581 0.483449
v 7.174683 20.895737 -0.585938
v 7.234192 20.895737 -0.585938
v 7.234192 20.846298 -0.557404
v 7.174683 20.846237 -0.557373
v 7.151245 20.924545 -0.504707
v 5.686401 21.350632 0.233354
v 7.151245 21.350693 0.233323
v 5.686401 20.924484 -0.504676
v 7.174683 21.454758 0.496574
v 22.642395 21.381149 0.275747
v 22.642395 21.395981 0.301451
v 5.646851 21.395981 0.301451
v 5.646851 21.381149 0.275747
v 22.642395 21.366806 0.318297
v 22.642395 21.351974 0.292593
v 5.646851 21.351974 0.292593
v 5.646851 21.366806 0.318297
v 7.234192 21.504196 0.468009
v 7.174683 21.504196 0.468009
v 7.234192 21.454758 0.496544
v 5.686340 20.901779 -0.491555
v 7.151184 20.901779 -0.491556
v 7.151184 21.357101 0.229598
v 7.151184 21.327866 0.246474
v 7.151184 20.931015 -0.508432
v 5.686340 21.327866 0.246474
v 5.686340 21.357040 0.229629
v 5.686340 20.930954 -0.508401
v 7.151184 20.906784 -0.494455
v 5.686340 21.332932 0.243545
v 7.151184 21.332932 0.243575
v 5.686340 20.906845 -0.494485
v 5.660889 20.846237 -0.557373
v 5.601440 20.846298 -0.557404
v 5.601440 20.895737 -0.585938
v 5.660889 20.895737 -0.585938
v 5.577942 20.924484 -0.504676
v 4.085205 21.350632 0.233354
v 5.577942 21.350632 0.233353
v 4.085205 20.924484 -0.504676
v 4.033081 21.351913 0.292624
v 4.033081 21.366745 0.318327
v 4.033020 21.395981 0.301451
v 4.033020 21.381149 0.275747
v 5.634949 21.366745 0.318327
v 5.634949 21.395981 0.301451
v 5.634949 21.381149 0.275747
v 5.634949 21.351913 0.292624
v 5.601440 21.454758 0.496544
v 5.660889 21.454758 0.496574
v 5.660889 21.504196 0.468009
v 5.601440 21.504196 0.468009
v 5.577881 21.357040 0.229629
v 4.085144 21.357040 0.229629
v 5.577881 20.901718 -0.491525
v 5.577881 20.930954 -0.508401
v 5.577881 21.327805 0.246505
v 4.085144 20.930954 -0.508401
v 4.085144 20.901779 -0.491555
v 4.085144 21.327866 0.246474
v 5.577881 20.906845 -0.494485
v 4.085144 21.332932 0.243545
v 5.577881 21.332932 0.243545
v 4.085144 20.906845 -0.494485
v 4.058960 20.846237 -0.557373
v 3.999451 20.846298 -0.557404
v 3.999512 20.895737 -0.585938
v 4.058960 20.895737 -0.585938
v 3.999451 21.454758 0.496544
v 4.033020 21.381149 0.275747
v 4.033020 21.395981 0.301451
v 2.471619 21.395981 0.301451
v 2.471619 21.381149 0.275747
v 4.033081 21.366745 0.318327
v 4.033081 21.351913 0.292624
v 2.471619 21.351974 0.292593
v 2.471619 21.366806 0.318296
v 2.463501 21.366806 0.318296
v 2.463501 21.395981 0.301451
v 2.463501 21.381149 0.275747
v 2.463501 21.351974 0.292593
v 3.999512 21.504196 0.468009
v 4.058960 21.504196 0.468009
v 4.058960 21.454758 0.496574
v 1.071412 21.395981 0.301451
v 1.071351 21.351974 0.292593
v 1.071350 21.366806 0.318297
v 2.417480 20.895737 -0.585938
v 1.071411 21.381149 0.275747
v 2.450989 21.366806 0.318296
v 2.417480 21.454758 0.496573
v 2.476868 21.454758 0.496573
v 2.476868 20.846237 -0.557374
v 2.417480 20.846237 -0.557374
v 2.476868 20.895737 -0.585938
v 2.476868 21.504196 0.468009
v 2.417480 21.504196 0.468009
v 2.450989 21.395920 0.301481
v 2.450989 21.381088 0.275777
v 2.450989 21.351974 0.292593
v 3.990112 20.924484 -0.504676
v 2.497437 21.350632 0.233353
v 3.990112 21.350632 0.233354
v 2.497437 20.924484 -0.504677
v 1.037781 20.895737 -0.585938
v 1.097229 20.895737 -0.585938
v 1.097229 21.504196 0.468010
v 1.037781 21.504196 0.468010
v 1.071411 21.381149 0.275747
v 1.037781 21.454758 0.496574
v 1.071351 21.351974 0.292593
v 1.071350 21.366806 0.318297
v 1.071412 21.395981 0.301451
v 1.097290 21.454758 0.496574
v 1.097290 20.846237 -0.557373
v 1.037781 20.846237 -0.557373
v 3.990112 21.357040 0.229629
v 2.497314 21.357040 0.229628
v 3.990051 20.901779 -0.491555
v 3.990112 20.930954 -0.508401
v 3.990051 21.327866 0.246474
v 2.497314 20.930954 -0.508401
v 2.497314 20.901779 -0.491556
v 2.497314 21.327866 0.246474
v 3.990051 20.906845 -0.494485
v 2.497314 21.332932 0.243544
v 3.990051 21.332932 0.243545
v 2.497314 20.906845 -0.494485
v 2.396362 20.924545 -0.504707
v 1.125916 21.350693 0.233323
v 2.396362 21.350693 0.233323
v 1.125916 20.924545 -0.504707
v 2.396301 21.357101 0.229598
v 1.125854 21.357101 0.229598
v 2.396362 20.901779 -0.491556
v 2.396301 20.931015 -0.508432
v 2.396362 21.327866 0.246474
v 1.125854 20.931015 -0.508431
v 1.125854 20.901779 -0.491555
v 1.125854 21.327866 0.246474
v 2.396301 20.906784 -0.494455
v 1.125854 21.332932 0.243575
v 2.396301 21.332932 0.243575
v 1.125854 20.906784 -0.494454
v 13.305908 20.895737 -0.585938
v 13.365356 20.895737 -0.585938
v 13.365356 20.846298 -0.557404
v 13.305908 20.846237 -0.557373
v 13.305908 21.454758 0.496574
v 13.365356 21.504196 0.468009
v 13.305908 21.504196 0.468009
v 13.365356 21.454758 0.496544
v 11.792114 20.846237 -0.557373
v 11.732666 20.846298 -0.557404
v 11.732666 20.895737 -0.585938
v 11.792114 20.895737 -0.585938
v 11.709167 20.924484 -0.504676
v 10.216431 21.350632 0.233354
v 11.709167 21.350632 0.233353
v 10.216370 20.924484 -0.504676
v 11.732666 21.454758 0.496544
v 11.792114 21.454758 0.496574
v 11.792114 21.504196 0.468009
v 11.732666 21.504196 0.468009
v 11.709106 21.357040 0.229629
v 10.216370 21.357040 0.229629
v 11.709106 20.901718 -0.491525
v 11.709106 20.930954 -0.508401
v 11.709106 21.327805 0.246505
v 10.216309 20.930954 -0.508401
v 10.216309 20.901779 -0.491555
v 10.216370 21.327866 0.246474
v 11.709106 20.906845 -0.494485
v 10.216370 21.332932 0.243545
v 11.709106 21.332932 0.243545
v 10.216309 20.906845 -0.494485
v 10.190125 20.846237 -0.557373
v 10.130615 20.846298 -0.557404
v 10.130676 20.895737 -0.585938
v 10.190125 20.895737 -0.585938
v 10.130676 21.454758 0.496544
v 10.130676 21.504196 0.468009
v 10.190186 21.504196 0.468009
v 10.190186 21.454758 0.496574
v 8.548645 20.895737 -0.585938
v 8.548645 21.454758 0.496573
v 8.608032 21.454758 0.496573
v 8.608032 20.846237 -0.557374
v 8.548645 20.846237 -0.557374
v 8.608032 20.895737 -0.585938
v 8.608032 21.504196 0.468009
v 8.548645 21.504196 0.468009
v 10.121277 20.924484 -0.504676
v 8.628601 21.350632 0.233353
v 10.121338 21.350632 0.233354
v 8.628601 20.924484 -0.504677
v 10.121277 21.357040 0.229629
v 8.628540 21.357040 0.229628
v 10.121216 20.901779 -0.491555
v 10.121277 20.930954 -0.508401
v 10.121277 21.327866 0.246474
v 8.628540 20.930954 -0.508401
v 8.628540 20.901779 -0.491556
v 8.628540 21.327866 0.246474
v 10.121216 20.906845 -0.494485
v 8.628540 21.332932 0.243544
v 10.121277 21.332932 0.243545
v 8.628540 20.906845 -0.494485
v 8.527588 20.924545 -0.504707
v 7.257080 21.350693 0.233323
v 8.527588 21.350693 0.233323
v 7.257080 20.924545 -0.504707
v 8.527466 21.357101 0.229598
v 7.257080 21.357101 0.229598
v 8.527527 20.901779 -0.491556
v 8.527466 20.931015 -0.508432
v 8.527527 21.327866 0.246474
v 7.257080 20.931015 -0.508431
v 7.257080 20.901779 -0.491555
v 7.257080 21.327866 0.246474
v 8.527466 20.906784 -0.494455
v 7.257080 21.332932 0.243575
v 8.527466 21.332932 0.243575
v 7.257080 20.906784 -0.494454
v 19.996765 20.895737 -0.585938
v 20.056274 20.895737 -0.585938
v 20.056274 20.846298 -0.557404
v 19.996826 20.846237 -0.557373
v 19.996826 21.519302 0.339319
v 20.056274 21.568741 0.310754
v 19.996765 21.568741 0.310754
v 20.056274 21.519302 0.339289
v 22.608459 20.895737 -0.585938
v 22.667969 20.895737 -0.585938
v 22.668030 20.846298 -0.557404
v 22.608521 20.846237 -0.557373
v 22.608521 21.454758 0.496574
v 22.667969 21.504196 0.468009
v 22.608459 21.504196 0.468009
v 22.668030 21.454758 0.496544
v 29.539551 10.059572 0.322709
v 29.568726 10.075140 0.305865
v 29.553894 10.075765 0.280169
v 29.524719 10.060195 0.297012
v 29.577454 10.086123 0.438425
v 29.593445 10.076036 0.503899
v 29.546265 10.050855 0.531137
v 29.497498 10.043447 0.484595
v 29.430664 1.630703 0.322709
v 29.415833 1.627898 0.297012
v 29.445007 1.617553 0.280169
v 29.459839 1.620360 0.305865
v 29.481750 1.653566 0.467278
v 29.530518 1.653860 0.513820
v 29.577698 1.637133 0.486582
v 29.561707 1.625216 0.421108
v 29.586426 2.096756 0.400057
v 29.537659 2.097912 0.353515
v 29.617615 2.079533 0.307346
v 29.633606 2.085910 0.372819
v 29.486572 2.086230 0.268295
v 29.515747 2.079524 0.251451
v 29.500916 2.078322 0.225755
v 29.471741 2.085029 0.242598
v 29.646545 9.502070 0.412864
v 29.726501 9.533279 0.366695
v 29.742493 9.524809 0.432168
v 29.695312 9.506393 0.459406
v 29.595459 9.516409 0.268295
v 29.624634 9.527796 0.251451
v 29.609802 9.528754 0.225755
v 29.580627 9.517366 0.242598
v 14.310024 21.395981 0.301451
v 14.311898 21.366806 0.318297
v 14.311836 21.351974 0.292593
v 14.309966 21.381149 0.275747
v 14.313904 21.415695 0.464105
v 14.312983 21.464401 0.510691
v 14.309956 21.511581 0.483449
v 14.308770 21.495651 0.417956
v 14.575533 21.419342 0.262563
v 14.573078 21.404510 0.236859
v 14.572767 21.433685 0.220014
v 14.575220 21.448517 0.245718
v 14.588275 21.468231 0.547696
v 14.593450 21.516937 0.594281
v 14.592945 21.564117 0.567040
v 14.587422 21.548187 0.501547
v 19.640461 21.431351 0.161042
v 19.639977 21.416519 0.135338
v 19.645950 21.445694 0.118492
v 19.646435 21.460526 0.144196
v 19.641922 21.528946 0.353436
v 19.637512 21.480240 0.306850
v 19.653885 21.560196 0.260701
v 19.651585 21.576126 0.326194
v 19.015211 21.581482 0.241498
v 19.015785 21.628662 0.214256
v 19.016060 21.612732 0.148763
v 19.015087 21.532776 0.194912
v 19.015619 21.548889 -0.021379
v 19.015974 21.578064 -0.038224
v 19.015938 21.592896 -0.012520
v 19.015583 21.563721 0.004325
v 0.283781 16.651752 -0.576124
v 0.283781 16.711246 -0.576124
v 0.333204 16.711262 -0.547590
v 0.333256 16.651768 -0.547560
v -0.275240 16.616062 0.443246
v -0.324715 16.675541 0.414682
v -0.324715 16.616047 0.414682
v -0.275293 16.675556 0.443215
v 19.351780 21.504356 0.218811
v 19.386751 21.582199 0.177771
v 19.390209 21.597723 0.244245
v 19.369564 21.551777 0.268505
v 19.333708 21.442291 0.001207
v 19.346457 21.470669 -0.013718
v 19.351332 21.485115 0.012919
v 19.338581 21.456730 0.027854
v 20.056274 21.321011 -0.118352
v 20.056274 21.265125 -0.100986
v 19.996826 21.264812 -0.101455
v 19.996765 21.320734 -0.118833
v 15.988846 -4.335845 0.346772
v 15.984672 -4.365020 0.329928
v 15.987288 -4.350173 0.304234
v 15.991462 -4.320999 0.321078
v 15.979035 -4.386916 0.491344
v 15.970989 -4.435653 0.537884
v 15.964242 -4.482833 0.510645
v 15.967605 -4.466842 0.445173
v 13.362713 -4.365020 0.329928
v 13.364506 -4.350173 0.304234
v 13.365175 -4.320999 0.321078
v 13.363381 -4.335845 0.346772
v 13.349463 -4.482833 0.510646
v 13.353001 -4.466842 0.445173
v 13.354827 -4.386916 0.491344
v 13.350542 -4.435653 0.537884
v 13.644577 -4.591338 0.494345
v 13.640409 -4.575347 0.428873
v 13.631300 -4.495421 0.475044
v 13.639200 -4.544158 0.521584
v 13.620336 -4.538977 0.373335
v 13.623334 -4.565292 0.358142
v 13.620566 -4.550445 0.332448
v 13.617241 -4.521270 0.349292
v 13.620010 -4.536117 0.374987
v 15.516151 -4.482833 0.596426
v 15.528830 -4.466842 0.530954
v 15.542860 -4.386916 0.577125
v 15.524436 -4.435653 0.623665
v 15.524283 -4.436520 0.623165
v 15.629396 -4.576614 0.256609
v 15.636530 -4.561767 0.230916
v 15.641653 -4.532592 0.247759
v 15.634518 -4.547439 0.273454
v 15.634443 -4.547867 0.273207
v 16.452820 -4.173996 -0.467327
v 14.945251 -4.527969 -0.499883
v 16.176392 -4.324692 0.244127
v 15.279297 -4.056763 -1.211338
v 16.175415 -4.317535 0.245839
v 14.944214 -4.520813 -0.498202
v 16.456360 -4.199310 -0.473466
v 16.451843 -4.166809 -0.465570
v 16.179932 -4.350037 0.237944
v 15.278198 -4.049576 -1.209611
v 15.282776 -4.082016 -1.217489
v 14.948730 -4.553253 -0.506080
v 16.455505 -4.193619 -0.472111
v 14.947998 -4.547623 -0.504712
v 16.179077 -4.344345 0.239299
v 15.281982 -4.076385 -1.216122
v 15.149127 -4.306259 -0.425335
v 15.088130 -4.185339 -0.878935
v 15.150428 -4.311903 -0.426388
v 15.142952 -4.279449 -0.420208
v 15.089310 -4.190736 -0.881024
v 15.082483 -4.159576 -0.869184
v 15.144603 -4.286606 -0.421535
v 15.084007 -4.166493 -0.871678
v 15.732979 -4.076385 -0.956826
v 16.350952 -4.228328 -0.068717
v 16.354313 -4.232327 -0.074564
v 16.335377 -4.209559 -0.040827
v 15.697639 -4.056763 -0.970816
v 16.339542 -4.214576 -0.048273
v -0.216501 16.511114 0.170187
v -0.187323 16.507303 0.187033
v -0.172483 16.506962 0.161329
v -0.201661 16.510769 0.144483
v -0.284883 16.508467 0.457363
v -0.236201 16.505589 0.410778
v -0.316133 16.516018 0.364628
v -0.332067 16.514624 0.430121
v -0.216501 17.036432 0.244621
v -0.187323 17.029490 0.261467
v -0.172483 17.031231 0.235763
v -0.201661 17.038177 0.218917
v -0.316133 17.033369 0.501825
v -0.332067 17.025665 0.567318
v -0.284883 17.014435 0.594559
v -0.236201 17.014343 0.547974
v -0.169617 19.830336 0.195638
v -0.184458 19.825821 0.221342
v -0.155280 19.817007 0.238187
v -0.140440 19.821522 0.212483
v -0.324373 19.810225 0.495221
v -0.340306 19.795427 0.560714
v -0.293122 19.781178 0.587955
v -0.244440 19.786083 0.541370
v -0.096883 20.160137 0.110699
v -0.093234 20.219137 0.104378
v -0.047744 20.219685 0.139723
v -0.051345 20.160686 0.146082
v -0.169617 19.999767 0.276125
v -0.184458 20.001627 0.302395
v -0.155280 19.990347 0.318580
v -0.140440 19.988489 0.292315
v -0.284090 20.016747 0.455262
v -0.300023 20.014551 0.520755
v -0.252839 19.996191 0.547996
v -0.204157 19.985643 0.501411
v -0.061857 16.763451 0.050031
v -0.019742 16.761023 0.091222
v -0.024541 16.699905 0.099656
v -0.066701 16.702337 0.058421
v -0.172483 15.948929 0.329898
v -0.187323 15.950493 0.355602
v -0.216501 15.950973 0.338757
v -0.201661 15.949409 0.313053
v -0.236201 15.958004 0.501411
v -0.284883 15.961687 0.547996
v -0.332067 15.962461 0.520755
v -0.316134 15.959317 0.455262
v 0.629517 15.494522 -0.496337
v -0.134644 16.660904 0.178028
v 1.114380 15.996826 -0.152969
v -0.571655 16.202698 -0.484430
v 1.115906 16.000519 -0.159225
v -0.133179 16.664581 0.171743
v 0.624207 15.481506 -0.474144
v 0.631104 15.498230 -0.502631
v 1.109009 15.983780 -0.130741
v -0.570190 16.206451 -0.490721
v -0.577026 16.189713 -0.462298
v -0.140076 16.647888 0.200177
v 0.625366 15.484497 -0.479118
v -0.138855 16.650742 0.195227
v 1.110107 15.986771 -0.135715
v -0.575867 16.192596 -0.467228
v 0.041504 16.584320 -0.065665
v -0.378174 16.473251 -0.254384
v 0.040833 16.581146 -0.060754
v 0.044800 16.599609 -0.088870
v -0.379822 16.469772 -0.249892
v -0.370667 16.489822 -0.275811
v 0.044006 16.595551 -0.082668
v -0.372559 16.485458 -0.270033
v -0.134766 15.921951 -0.519909
v 0.928162 15.739624 -0.344713
v 0.924377 15.733047 -0.342784
v 0.946533 15.770493 -0.353741
v -0.162476 15.951614 -0.533304
v 0.941650 15.762238 -0.351325
v 29.445007 15.062167 0.228842
v 29.459839 15.062847 0.254539
v 29.430664 15.056536 0.271382
v 29.415833 15.055857 0.245686
v 29.617554 14.923182 0.447926
v 29.633545 14.921125 0.513400
v 29.586365 14.910921 0.540637
v 29.537598 14.905887 0.494095
v 29.459839 15.196203 0.305865
v 29.445007 15.196155 0.280169
v 29.415833 15.188246 0.297012
v 29.430664 15.188293 0.322709
v 29.561707 15.203638 0.421109
v 29.577698 15.199310 0.486582
v 29.530518 15.186520 0.513820
v 29.481750 15.181959 0.467278
v 29.378052 15.354233 0.138282
v 29.363579 15.294739 0.113174
v 29.318130 15.294724 0.148672
v 29.332619 15.354218 0.173768
v 29.528154 11.180087 0.440482
v 29.481750 11.173047 0.467278
v 29.530518 11.178256 0.513820
v 29.577698 11.185413 0.486582
v 29.561707 11.185177 0.421109
v 29.432777 11.171724 0.287229
v 29.415833 11.169153 0.297012
v 29.430664 11.170400 0.322709
v 29.459839 11.174826 0.305865
v 29.445007 11.173579 0.280169
v 29.522608 11.634924 0.496458
v 29.481750 11.624901 0.520051
v 29.530518 11.630913 0.566594
v 29.577698 11.642484 0.539356
v 29.561707 11.644514 0.473882
v 29.430746 11.628987 0.170876
v 29.415833 11.625329 0.179487
v 29.430664 11.626239 0.205184
v 29.459839 11.633394 0.188340
v 29.445007 11.632485 0.162643
v 29.247211 10.502834 0.025843
v 29.246849 10.443361 0.025217
v 29.291542 10.442835 -0.011603
v 29.291904 10.502308 -0.010977
vt 3.060240 -10.101267
vt -2.581785 -10.101267
vt 3.060253 10.060042
vt -2.581747 10.060042
vt 2.732613 -6.109645
vt -2.381806 -14.787325
vt -2.381806 -6.109645
vt 2.732613 -14.787325
vt 0.659195 2.264221
vt 0.659195 2.264221
vt 0.659195 2.264221
vt 0.659195 2.264221
vt 1.000000 -7.000000
vt 1.000000 -11.000000
vt -2.000000 -7.000000
vt -2.000000 -11.000000
vt 1.000000 -11.000000
vt -2.000000 -7.000000
vt -2.000000 -11.000000
vt 1.000000 -7.000000
vt 0.659195 2.264221
vt 0.659195 2.264221
vt 0.659195 2.264221
vt 0.659195 2.264221
vt 0.659195 2.264221
vt 0.659195 2.264221
vt 0.659195 2.264221
vt 0.659195 2.264221
vt 0.659195 2.264221
vt 0.659195 2.264221
vt 0.659195 2.264221
vt 0.659195 2.264221
vt 0.659195 2.264221
vt 0.659195 2.264221
vt 0.659195 2.264221
vt 0.659195 2.264221
vt 0.659195 2.264221
vt 0.659195 2.264221
vt 0.659195 2.264221
vt 0.659195 2.264221
vt 0.659195 2.264221
vt 0.659195 2.264221
vt 0.659195 2.264221
vt 0.659195 2.264221
vt 0.659195 2.264221
vt 0.659195 2.264221
vt 0.659195 2.264221
vt 0.659195 2.264221
vt 0.659195 2.264221
vt 0.659195 2.264221
vt 0.659195 2.264221
vt 0.659195 2.264221
vt 0.659195 2.264221
vt 0.659195 2.264221
vt 0.659195 2.264221
vt 0.659195 2.264221
vt 0.659195 2.264221
vt 0.659195 2.264221
vt 0.659195 2.264221
vt 0.659195 2.264221
vt 0.659195 2.264221
vt 0.659195 2.264221
vt 0.659195 2.264221
vt 0.659195 2.264221
vt 0.659195 2.264221
vt 0.659195 2.264221
vt 0.659195 2.264221
vt 0.659195 2.264221
vt 0.659195 2.264221
vt 0.659195 2.264221
vt 0.659195 2.264221
vt 0.659195 2.264221
vt 0.659195 2.264221
vt 0.659195 2.264221
vt 0.659195 2.264221
vt 0.659195 2.264221
vt 0.659195 2.264221
vt 0.659195 2.264221
vt 0.659195 2.264221
vt 0.659195 2.264221
vt 0.659195 2.264221
vt 0.659195 2.264221
vt 0.659195 2.264221
vt 0.659195 2.264221
vt 0.659195 2.264221
vt 0.659195 2.264221
vt 0.659195 2.264221
vt 0.659195 2.264221
vt 0.659195 2.264221
vt 0.659195 2.264221
vt 0.659195 2.264221
vt 0.659195 2.264221
vt 0.659195 2.264221
vt 0.659195 2.264221
vt 0.659195 2.264221
vt 0.659195 2.264221
vt 0.659195 2.264221
vt 0.659195 2.264221
vt 0.659195 2.264221
vt 1.000000 -11.000000
vt -2.000000 -7.000000
vt -2.000000 -11.000000
vt 1.000000 -7.000000
vt 0.659195 2.264221
vt 0.659195 2.264221
vt 0.659195 2.264221
vt 0.659195 2.264221
vt 0.659195 2.264221
vt 0.659195 2.264221
vt 0.659195 2.264221
vt 0.659195 2.264221
vt 0.659195 2.264221
vt 0.659195 2.264221
vt 0.659195 2.264221
vt 0.659195 2.264221
vt 0.659195 2.264221
vt 0.659195 2.264221
vt 0.659195 2.264221
vt 0.659195 2.264221
vt 0.659195 2.264221
vt 0.659195 2.264221
vt 0.659195 2.264221
vt 0.659195 2.264221
vt 0.659195 2.264221
vt 0.659195 2.264221
vt 0.659195 2.264221
vt 0.659195 2.264221
vt 0.659195 2.264221
vt 0.659195 2.264221
vt 0.659195 2.264221
vt 0.659195 2.264221
vt 0.659195 2.264221
vt 0.659195 2.264221
vt 0.659195 2.264221
vt 0.659195 2.264221
vt 0.659195 2.264221
vt 0.659195 2.264221
vt 0.659195 2.264221
vt 0.659195 2.264221
vt -2.000000 -10.146441
vt -0.421911 -11.000000
vt -2.581777 -5.790598
vt -2.381806 -12.951803
vt 0.391813 -10.101267
vt 0.285239 -14.787325
vt -2.000000 -10.151977
vt -0.432245 -11.000000
vt 1.000000 -9.605958
vt -0.701105 -7.000000
vt -0.103331 10.060042
vt -0.320921 -6.109645
vt 1.000000 -9.706890
vt -0.767031 -7.000000
vt 0.659195 2.264221
vt 0.659195 2.264221
vt 0.659195 2.264221
vt 0.659195 2.264221
vt 0.659195 2.264221
vt 0.659195 2.264221
vt 0.659195 2.264221
vt 0.659195 2.264221
vt 0.659195 2.264221
vt 0.659195 2.264221
vt 0.659195 2.264221
vt 0.659195 2.264221
vt 0.659195 2.264221
vt 0.659195 2.264221
vt 0.659195 2.264221
vt 0.659195 2.264221
vt 0.659195 2.264221
vt 0.659195 2.264221
vt 0.659195 2.264221
vt 0.659195 2.264221
vt 0.659195 2.264221
vt 0.659195 2.264221
vt 0.659195 2.264221
vt 0.659195 2.264221
vt 0.659195 2.264221
vt 0.659195 2.264221
vt 0.659195 2.264221
vt 0.659195 2.264221
vt 0.659195 2.264221
vt 0.659195 2.264221
vt 0.659195 2.264221
vt 0.659195 2.264221
vt 0.659195 2.264221
vt 0.659195 2.264221
vt 0.659195 2.264221
vt 0.659195 2.264221
vt 0.659195 2.264221
vt 0.659195 2.264221
vt 0.659195 2.264221
vt 0.659195 2.264221
vt 0.659195 2.264221
vt 0.659195 2.264221
vt 0.659195 2.264221
vt 0.659195 2.264221
vt 0.659195 2.264221
vt 0.659195 2.264221
vt 0.659195 2.264221
vt 0.659195 2.264221
vt 0.659195 2.264221
vt 0.659195 2.264221
vt 0.659195 2.264221
vt 0.659195 2.264221
vt 0.659195 2.264221
vt 0.659195 2.264221
vt 0.659195 2.264221
vt 0.659195 2.264221
vt 0.659195 2.264221
vt 0.659195 2.264221
vt 0.659195 2.264221
vt 0.659195 2.264221
vt 0.659195 2.264221
vt 0.659195 2.264221
vt 0.659195 2.264221
vt 0.659195 2.264221
vt 0.659195 2.264221
vt 0.659195 2.264221
vt 0.659195 2.264221
vt 0.659195 2.264221
vt 0.659195 2.264221
vt 0.659195 2.264221
vt 0.659195 2.264221
vt 0.659195 2.264221
vt 0.659195 2.264221
vt 0.659195 2.264221
vt 0.659195 2.264221
vt 0.659195 2.264221
vt 0.659195 2.264221
vt 0.659195 2.264221
vt 0.659195 2.264221
vt 0.659195 2.264221
vt 0.659195 2.264221
vt 0.659195 2.264221
vt 0.659195 2.264221
vt 0.659195 2.264221
vt 0.659195 2.264221
vt 0.659195 2.264221
vt 0.659195 2.264221
vt 0.659195 2.264221
vt 0.659195 2.264221
vt 0.659195 2.264221
vt 0.659195 2.264221
vt 0.659195 2.264221
vn 0.819929 -0.563878 -0.098785
vn -0.324863 -0.563830 -0.759315
vn -0.739726 -0.593834 0.316490
vn 0.096242 -0.593762 0.798864
vn 0.096242 0.593761 0.798865
vn -0.324866 0.563828 -0.759316
vn 0.819931 0.563876 -0.098779
vn -0.739729 0.593833 0.316486
vn -0.612292 -0.707200 -0.353507
vn -0.612453 0.707014 -0.353600
vn 0.611978 0.707562 0.353325
vn 0.612767 -0.706651 0.353781
vn 0.866025 0.000042 0.500000
vn 0.866025 0.000042 0.500000
vn 0.866025 0.000042 0.500000
vn 0.866025 0.000042 0.500000
vn 0.211684 -0.576998 0.788836
vn -0.270764 0.113059 -0.955984
vn -0.951019 -0.036008 0.307030
vn -0.965887 -0.000000 0.258962
vn -0.258684 -0.000000 -0.965962
vn 0.244760 -0.113200 0.962953
vn 0.977707 0.024849 -0.208497
vn 0.965965 0.000000 -0.258674
vn 0.258956 0.000000 0.965889
vn -0.788742 0.577268 0.211302
vn -0.788609 -0.577433 0.211347
vn 0.210965 0.577702 0.788514
vn 0.000395 1.000000 0.000228
vn 0.000385 -1.000000 0.000223
vn 0.353872 -0.707016 -0.612293
vn 0.353776 -0.707207 -0.612128
vn 0.000385 -1.000000 0.000223
vn 0.353782 0.707209 -0.612122
vn 0.353889 0.706994 -0.612309
vn 0.000395 1.000000 0.000228
vn 0.866025 -0.000042 0.500000
vn 0.866025 -0.000042 0.500000
vn 0.866025 -0.000042 0.500000
vn 0.866025 -0.000042 0.500000
vn 0.612687 0.706743 0.353735
vn 0.612057 -0.707470 0.353372
vn -0.612373 -0.707106 -0.353554
vn -0.612372 0.707108 -0.353553
vn 0.866025 0.000000 0.500000
vn 0.866025 0.000000 0.500000
vn 0.866025 0.000000 0.500000
vn 0.866025 0.000000 0.500000
vn 0.965889 0.000000 -0.258958
vn 0.258680 0.000000 0.965963
vn -0.965963 -0.000000 0.258680
vn -0.258958 -0.000000 -0.965889
vn 0.211235 0.577492 0.788596
vn -0.788789 0.577209 0.211286
vn -0.211415 0.577209 -0.788754
vn 0.788561 0.577492 -0.211363
vn 0.211017 -0.577620 0.788560
vn 0.211632 0.577080 0.788791
vn -0.788674 0.577351 0.211325
vn -0.788676 -0.577350 0.211324
vn 0.353553 -0.707107 -0.612372
vn 0.353553 0.707107 -0.612372
vn 0.000000 -1.000000 0.000000
vn 0.000000 -1.000000 0.000000
vn 0.353549 -0.707115 -0.612365
vn 0.000000 1.000000 0.000000
vn 0.000000 1.000000 0.000000
vn 0.353558 0.707098 -0.612380
vn 0.866025 0.000000 0.500000
vn 0.866025 0.000000 0.500000
vn 0.866025 0.000000 0.500000
vn 0.866025 0.000000 0.500000
vn 0.612687 0.706743 0.353735
vn 0.611976 -0.707564 0.353324
vn -0.612455 -0.707012 -0.353601
vn -0.612372 0.707107 -0.353553
vn 0.210964 -0.577704 0.788513
vn -0.211415 0.577208 -0.788755
vn -0.788790 0.577208 0.211286
vn -0.965926 0.000000 0.258819
vn -0.258819 0.000000 -0.965926
vn 0.211246 0.577482 0.788600
vn 0.788570 0.577482 -0.211355
vn 0.965923 -0.000028 -0.258831
vn 0.258807 -0.000028 0.965929
vn 0.000000 1.000000 0.000000
vn 0.000000 1.000000 0.000000
vn 0.000000 1.000000 0.000000
vn 0.000000 1.000000 0.000000
vn -0.788743 -0.577266 0.211302
vn -0.788675 0.577351 0.211325
vn 0.211632 0.577081 0.788790
vn -0.965892 0.000031 0.258945
vn 0.965963 0.000001 -0.258679
vn 0.258958 0.000001 0.965889
vn -0.612373 -0.707107 -0.353553
vn -0.258693 0.000031 -0.965960
vn 0.211325 0.577350 0.788675
vn 0.211325 -0.577350 0.788675
vn 0.211325 0.577350 0.788675
vn 0.612373 0.707107 0.353553
vn 0.612372 -0.707107 0.353553
vn -0.612372 0.707107 -0.353553
vn -0.788675 0.577350 0.211325
vn -0.788675 -0.577350 0.211325
vn -0.788664 0.577362 0.211334
vn -0.211312 0.577362 -0.788670
vn 0.788675 0.577351 -0.211325
vn 0.866025 -0.000001 0.500000
vn 0.866025 -0.000001 0.500000
vn 0.866026 -0.000001 0.500000
vn 0.866025 -0.000001 0.500000
vn -0.612374 -0.707105 -0.353554
vn -0.612453 0.707014 -0.353600
vn -0.612452 0.707014 -0.353600
vn -0.612374 -0.707105 -0.353554
vn 0.000392 1.000000 0.000226
vn 0.612371 -0.707108 0.353553
vn 0.000392 1.000000 0.000226
vn 0.000392 1.000000 0.000226
vn 0.000392 1.000000 0.000226
vn 0.612292 0.707200 0.353507
vn 0.612292 0.707200 0.353507
vn 0.612371 -0.707108 0.353553
vn 0.353225 -0.707209 -0.612444
vn 0.353882 0.707005 -0.612301
vn -0.000393 -1.000000 -0.000227
vn -0.000393 -1.000000 -0.000227
vn 0.353327 -0.707005 -0.612621
vn 0.000392 1.000000 0.000226
vn 0.000392 1.000000 0.000226
vn 0.353780 0.707209 -0.612124
vn 0.866025 -0.000001 0.500000
vn 0.866025 -0.000001 0.500000
vn 0.866025 -0.000001 0.500000
vn 0.866025 -0.000001 0.500000
vn 0.866025 0.000001 0.500000
vn 0.866025 0.000001 0.500000
vn 0.866025 0.000001 0.500000
vn 0.866025 0.000001 0.500000
vn 0.353881 -0.707005 -0.612300
vn 0.353559 0.707105 -0.612371
vn 0.000392 -1.000000 0.000226
vn 0.000392 -1.000000 0.000226
vn 0.353780 -0.707208 -0.612124
vn 0.000006 1.000000 0.000004
vn 0.000006 1.000000 0.000004
vn 0.353557 0.707109 -0.612368
vn 0.866025 0.000001 0.500000
vn 0.866025 0.000001 0.500000
vn 0.866025 0.000001 0.500000
vn 0.866025 0.000001 0.500000
vn -0.612291 -0.707201 -0.353506
vn -0.612454 0.707012 -0.353601
vn 0.611976 0.707564 0.353325
vn 0.612768 -0.706649 0.353782
vn 0.866025 0.000042 0.500000
vn 0.866025 0.000042 0.500000
vn 0.866025 0.000042 0.500000
vn 0.866025 0.000042 0.500000
vn 0.211685 -0.576997 0.788837
vn -0.788743 0.577266 0.211302
vn -0.788608 -0.577434 0.211348
vn 0.210964 0.577703 0.788513
vn 0.000392 1.000000 0.000226
vn 0.000392 -1.000000 0.000226
vn 0.353876 -0.707015 -0.612292
vn 0.353779 -0.707209 -0.612124
vn 0.000392 -1.000000 0.000226
vn 0.353780 0.707209 -0.612124
vn 0.353887 0.706994 -0.612310
vn 0.000392 1.000000 0.000226
vn 0.866025 -0.000042 0.500000
vn 0.866025 -0.000042 0.500000
vn 0.866025 -0.000042 0.500000
vn 0.866025 -0.000042 0.500000
vn 0.612687 0.706744 0.353735
vn 0.612058 -0.707470 0.353372
vn -0.612373 -0.707107 -0.353553
vn -0.612372 0.707107 -0.353553
vn 0.866025 0.000000 0.500000
vn 0.866025 0.000000 0.500000
vn 0.866025 0.000000 0.500000
vn 0.866025 0.000000 0.500000
vn 0.211018 -0.577620 0.788560
vn 0.211632 0.577080 0.788790
vn -0.788675 0.577350 0.211325
vn -0.788675 -0.577350 0.211325
vn 0.353553 -0.707107 -0.612372
vn 0.353564 0.707103 -0.612370
vn 0.000000 -1.000000 0.000000
vn 0.000000 -1.000000 0.000000
vn 0.353549 -0.707116 -0.612364
vn 0.000012 1.000000 0.000007
vn 0.000012 1.000000 0.000007
vn 0.353565 0.707101 -0.612373
vn 0.866025 0.000000 0.500000
vn 0.866025 0.000000 0.500000
vn 0.866025 0.000000 0.500000
vn 0.866025 0.000000 0.500000
vn 0.612689 0.706741 0.353736
vn 0.611974 -0.707567 0.353323
vn -0.612457 -0.707009 -0.353602
vn -0.612370 0.707110 -0.353552
vn 0.210963 -0.577706 0.788512
vn -0.788745 -0.577263 0.211301
vn -0.788673 0.577353 0.211326
vn 0.211633 0.577078 0.788791
vn -0.612373 -0.707107 -0.353553
vn 0.211325 -0.577350 0.788675
vn 0.211325 0.577350 0.788675
vn 0.612373 0.707107 0.353553
vn 0.612372 -0.707107 0.353553
vn -0.612372 0.707107 -0.353553
vn -0.788675 0.577350 0.211325
vn -0.788675 -0.577350 0.211325
vn 0.866026 -0.000001 0.500000
vn 0.866025 -0.000001 0.500000
vn 0.866025 -0.000001 0.500000
vn 0.866025 -0.000001 0.500000
vn 0.353215 -0.707212 -0.612447
vn 0.353882 0.707005 -0.612301
vn -0.000404 -1.000000 -0.000234
vn -0.000404 -1.000000 -0.000234
vn 0.353320 -0.707002 -0.612628
vn 0.000392 1.000000 0.000226
vn 0.000392 1.000000 0.000226
vn 0.353780 0.707209 -0.612124
vn 0.866025 -0.000001 0.500000
vn 0.866025 -0.000001 0.500000
vn 0.866025 -0.000001 0.500000
vn 0.866025 -0.000001 0.500000
vn 0.866025 0.000001 0.500000
vn 0.866025 0.000001 0.500000
vn 0.866025 0.000001 0.500000
vn 0.866025 0.000001 0.500000
vn 0.353881 -0.707005 -0.612301
vn 0.353554 0.707106 -0.612373
vn 0.000392 -1.000000 0.000226
vn 0.000392 -1.000000 0.000226
vn 0.353779 -0.707209 -0.612124
vn 0.000000 1.000000 0.000000
vn 0.000000 1.000000 0.000000
vn 0.353553 0.707107 -0.612372
vn 0.866025 0.000001 0.500000
vn 0.866025 0.000001 0.500000
vn 0.866025 0.000001 0.500000
vn 0.866025 0.000001 0.500000
vn -0.612291 -0.707201 -0.353506
vn -0.612454 0.707012 -0.353601
vn 0.611976 0.707564 0.353325
vn 0.612768 -0.706649 0.353782
vn 0.866025 0.000042 0.500000
vn 0.866025 0.000042 0.500000
vn 0.866025 0.000042 0.500000
vn 0.866025 0.000042 0.500000
vn 0.211685 -0.576997 0.788837
vn -0.788743 0.577266 0.211302
vn -0.788608 -0.577434 0.211348
vn 0.210964 0.577703 0.788513
vn 0.000392 1.000000 0.000226
vn 0.000392 -1.000000 0.000226
vn 0.353876 -0.707015 -0.612292
vn 0.353779 -0.707209 -0.612124
vn 0.000392 -1.000000 0.000226
vn 0.353780 0.707209 -0.612124
vn 0.353887 0.706994 -0.612310
vn 0.000392 1.000000 0.000226
vn 0.866025 -0.000042 0.500000
vn 0.866025 -0.000042 0.500000
vn 0.866025 -0.000042 0.500000
vn 0.866025 -0.000042 0.500000
vn 0.612687 0.706744 0.353735
vn 0.612058 -0.707470 0.353372
vn -0.612373 -0.707107 -0.353553
vn -0.612372 0.707107 -0.353553
vn 0.866025 0.000000 0.500000
vn 0.866025 0.000000 0.500000
vn 0.866025 0.000000 0.500000
vn 0.866025 0.000000 0.500000
vn 0.211018 -0.577620 0.788560
vn 0.211632 0.577080 0.788790
vn -0.788675 0.577350 0.211325
vn -0.788675 -0.577350 0.211325
vn 0.353553 -0.707107 -0.612372
vn 0.353554 0.707106 -0.612373
vn 0.000000 -1.000000 0.000000
vn 0.000000 -1.000000 0.000000
vn 0.353549 -0.707116 -0.612364
vn 0.000000 1.000000 0.000000
vn 0.000000 1.000000 0.000000
vn 0.353558 0.707098 -0.612380
vn 0.866025 0.000000 0.500000
vn 0.866025 0.000000 0.500000
vn 0.866025 0.000000 0.500000
vn 0.866025 0.000000 0.500000
vn 0.612687 0.706744 0.353735
vn 0.611976 -0.707564 0.353325
vn -0.612454 -0.707012 -0.353601
vn -0.612372 0.707107 -0.353553
vn 0.210964 -0.577703 0.788513
vn -0.788743 -0.577266 0.211302
vn -0.788675 0.577350 0.211325
vn 0.211632 0.577081 0.788790
vn -0.612373 -0.707107 -0.353553
vn 0.211325 -0.577350 0.788675
vn 0.211325 0.577350 0.788675
vn 0.612373 0.707107 0.353553
vn 0.612372 -0.707107 0.353553
vn -0.612372 0.707107 -0.353553
vn -0.788675 0.577350 0.211325
vn -0.788675 -0.577350 0.211325
vn 0.866026 -0.000001 0.500000
vn 0.866025 -0.000001 0.500000
vn 0.866025 -0.000001 0.500000
vn 0.866025 -0.000001 0.500000
vn 0.353225 -0.707209 -0.612444
vn 0.353882 0.707005 -0.612301
vn -0.000392 -1.000000 -0.000226
vn -0.000392 -1.000000 -0.000226
vn 0.353327 -0.707005 -0.612621
vn 0.000392 1.000000 0.000226
vn 0.000392 1.000000 0.000226
vn 0.353780 0.707209 -0.612124
vn 0.866025 -0.000001 0.500000
vn 0.866025 -0.000001 0.500000
vn 0.866025 -0.000001 0.500000
vn 0.866025 -0.000001 0.500000
vn 0.866025 0.000001 0.500000
vn 0.866025 0.000001 0.500000
vn 0.866025 0.000001 0.500000
vn 0.866025 0.000001 0.500000
vn 0.353882 -0.707005 -0.612300
vn 0.353554 0.707106 -0.612373
vn 0.000392 -1.000000 0.000226
vn 0.000392 -1.000000 0.000226
vn 0.353780 -0.707209 -0.612124
vn 0.000000 1.000000 0.000000
vn 0.000000 1.000000 0.000000
vn 0.353553 0.707107 -0.612372
vn 0.866025 0.000001 0.500000
vn 0.866025 0.000001 0.500000
vn 0.866025 0.000001 0.500000
vn 0.866025 0.000001 0.500000
vn -0.623075 -0.720915 -0.303412
vn -0.601850 0.690395 -0.401413
vn 0.648097 0.690972 0.320199
vn 0.574792 -0.720392 0.388136
vn 0.222774 -0.491230 0.842060
vn -0.732837 0.657735 0.174170
vn -0.822025 -0.494134 0.283032
vn 0.259101 0.648170 0.716060
vn -0.563855 -0.324423 -0.759485
vn -0.563843 0.820017 -0.098250
vn -0.593831 0.095829 0.798863
vn -0.593773 -0.739907 0.316183
vn 0.593773 -0.739913 0.316168
vn 0.563842 0.820017 -0.098254
vn 0.563856 -0.324421 -0.759485
vn 0.593828 0.095812 0.798867
vn -0.707122 0.612348 0.353564
vn 0.707116 0.612354 0.353567
vn 0.707513 -0.612013 -0.353362
vn -0.706671 -0.612743 -0.353782
vn 0.000049 -0.866038 -0.499978
vn 0.000040 -0.866046 -0.499965
vn 0.000046 -0.866041 -0.499974
vn 0.000043 -0.866043 -0.499969
vn -0.577128 -0.788783 0.211532
vn 0.000000 0.965969 -0.258660
vn -0.000000 0.258643 0.965973
vn -0.000000 0.258634 0.965976
vn 0.000000 0.965973 -0.258643
vn 0.000000 -0.965974 0.258640
vn 0.000000 -0.258655 -0.965970
vn 0.000000 -0.258648 -0.965972
vn 0.000000 -0.965975 0.258636
vn 0.577344 0.211233 0.788705
vn -0.577320 0.211339 0.788694
vn 0.577520 -0.788564 0.211277
vn 1.000000 0.000000 0.000000
vn -1.000000 0.000000 -0.000000
vn -0.707059 0.353758 -0.612310
vn -0.707162 0.353703 -0.612222
vn -1.000000 0.000001 -0.000000
vn 0.707101 0.353546 -0.612384
vn 0.707104 0.353547 -0.612380
vn 1.000000 0.000000 0.000000
vn -0.000049 -0.866053 -0.499953
vn -0.000013 -0.866021 -0.500007
vn -0.000037 -0.866042 -0.499971
vn -0.000025 -0.866032 -0.499989
vn 0.706659 -0.612768 -0.353763
vn -0.707509 -0.612032 -0.353338
vn -0.707111 0.612357 0.353570
vn 0.707123 0.612348 0.353564
vn -0.000000 -0.866046 -0.499965
vn -0.000000 -0.866046 -0.499965
vn -0.000000 -0.866046 -0.499965
vn -0.000000 -0.866046 -0.499965
vn -0.000000 -0.258275 -0.966071
vn -0.000000 -0.965803 0.259277
vn -0.000000 0.259063 0.965860
vn 0.000000 0.966129 -0.258059
vn 0.577374 -0.788678 0.211249
vn 0.577348 0.211075 0.788744
vn 0.577340 0.788727 -0.211161
vn 0.577345 -0.211340 -0.788675
vn -0.577569 -0.788560 0.211157
vn 0.577172 -0.788781 0.211417
vn 0.577368 0.211431 0.788633
vn -0.577390 0.211325 0.788646
vn -0.707098 0.353603 -0.612354
vn 0.707109 0.353549 -0.612373
vn -1.000000 0.000000 -0.000000
vn -1.000000 0.000001 -0.000000
vn -0.707127 0.353588 -0.612329
vn 1.000000 -0.000000 0.000000
vn 1.000000 -0.000000 0.000000
vn 0.707092 0.353557 -0.612387
vn -0.000000 -0.866021 -0.500007
vn -0.000000 -0.866021 -0.500007
vn -0.000000 -0.866021 -0.500007
vn -0.000000 -0.866021 -0.500007
vn 0.706661 -0.612766 -0.353762
vn -0.707883 -0.611708 -0.353152
vn -0.706738 0.612681 0.353756
vn 0.707120 0.612350 0.353565
vn -0.577905 -0.788289 0.211251
vn 0.576765 0.789188 -0.211007
vn 0.576784 0.211432 0.789061
vn 0.000004 0.258637 0.965975
vn -0.000000 0.965973 -0.258644
vn 0.577930 -0.788233 0.211389
vn 0.577901 -0.210983 -0.788363
vn -0.000033 -0.258627 -0.965977
vn -0.000028 -0.965971 0.258652
vn 1.000000 -0.000004 0.000007
vn 1.000000 0.000001 0.000005
vn 1.000000 0.000006 0.000004
vn 1.000000 0.000001 0.000005
vn -0.577053 0.211540 0.788835
vn 0.577368 0.211430 0.788634
vn 0.577172 -0.788781 0.211415
vn 0.000030 0.258104 0.966117
vn -0.000001 -0.259202 -0.965823
vn 0.000000 -0.966120 0.258094
vn -0.707123 0.612347 0.353564
vn 0.000029 0.965828 -0.259185
vn 0.577314 -0.788710 0.211294
vn -0.577339 -0.788649 0.211455
vn 0.577333 -0.788653 0.211456
vn 0.707079 -0.612404 -0.353553
vn -0.707078 -0.612406 -0.353553
vn 0.707122 0.612349 0.353565
vn 0.577368 0.211430 0.788634
vn -0.577368 0.211429 0.788634
vn 0.577376 0.211451 0.788622
vn 0.577366 0.788646 -0.211393
vn 0.577373 -0.211202 -0.788691
vn 0.000000 -0.866046 -0.499965
vn -0.000000 -0.866046 -0.499965
vn 0.000000 -0.866046 -0.499965
vn 0.000000 -0.866046 -0.499965
vn -0.707121 0.612350 0.353565
vn 0.706744 0.612676 0.353753
vn 0.706804 0.612624 0.353723
vn -0.707179 0.612299 0.353536
vn 0.999998 -0.001569 -0.000906
vn -0.707047 -0.612432 -0.353569
vn 0.999998 -0.001567 -0.000907
vn 0.999998 -0.001566 -0.000907
vn 0.999998 -0.001568 -0.000907
vn 0.707421 -0.612108 -0.353382
vn 0.707457 -0.612077 -0.353364
vn -0.707081 -0.612403 -0.353552
vn -0.707516 0.354448 -0.611381
vn 0.707108 0.353544 -0.612376
vn -0.999998 0.001569 0.000906
vn -0.999998 0.001569 0.000906
vn -0.706695 0.354858 -0.612093
vn 1.000000 -0.000000 -0.000000
vn 1.000000 0.000000 0.000000
vn 0.707105 0.353546 -0.612379
vn 0.000000 -0.866021 -0.500007
vn 0.000000 -0.866021 -0.500007
vn 0.000000 -0.866021 -0.500007
vn 0.000000 -0.866021 -0.500007
vn -0.000000 -0.866038 -0.499978
vn 0.000000 -0.866038 -0.499978
vn -0.000000 -0.866038 -0.499978
vn -0.000000 -0.866038 -0.499978
vn -0.706642 0.352856 -0.613310
vn 0.707046 0.353764 -0.612321
vn -0.999998 -0.001566 -0.000904
vn -0.999998 -0.001566 -0.000904
vn -0.707574 0.352389 -0.612504
vn 1.000000 0.000000 0.000000
vn 1.000000 0.000000 0.000000
vn 0.707171 0.353701 -0.612213
vn 0.000000 -0.866053 -0.499953
vn 0.000000 -0.866052 -0.499953
vn 0.000000 -0.866052 -0.499953
vn 0.000000 -0.866053 -0.499953
vn -0.707117 0.612352 0.353567
vn 0.707112 0.612357 0.353569
vn 0.707516 -0.612011 -0.353361
vn -0.706677 -0.612738 -0.353780
vn 0.000049 -0.866038 -0.499978
vn 0.000040 -0.866046 -0.499964
vn 0.000046 -0.866041 -0.499973
vn 0.000043 -0.866043 -0.499969
vn -0.577132 -0.788778 0.211538
vn 0.577340 0.211238 0.788706
vn -0.577316 0.211347 0.788694
vn 0.577522 -0.788561 0.211282
vn 0.999998 -0.001568 -0.000907
vn -1.000000 -0.000001 0.000001
vn -0.707062 0.353768 -0.612301
vn -0.707160 0.353715 -0.612217
vn -1.000000 0.000000 0.000001
vn 0.707510 0.352238 -0.612665
vn 0.706693 0.352651 -0.613371
vn 0.999998 -0.001568 -0.000907
vn -0.000049 -0.866053 -0.499953
vn -0.000013 -0.866021 -0.500007
vn -0.000037 -0.866042 -0.499971
vn -0.000025 -0.866032 -0.499989
vn 0.706655 -0.612772 -0.353765
vn -0.707506 -0.612035 -0.353340
vn -0.707115 0.612355 0.353568
vn 0.707127 0.612344 0.353562
vn -0.000000 -0.866046 -0.499964
vn -0.000000 -0.866046 -0.499965
vn -0.000000 -0.866046 -0.499965
vn -0.000000 -0.866046 -0.499965
vn -0.577568 -0.788560 0.211161
vn 0.577173 -0.788781 0.211415
vn 0.577370 0.211431 0.788632
vn -0.577388 0.211326 0.788647
vn -0.707096 0.353595 -0.612361
vn 0.707086 0.353557 -0.612395
vn -1.000000 0.000024 0.000015
vn -1.000000 0.000023 0.000015
vn -0.707128 0.353579 -0.612333
vn 1.000000 0.000012 -0.000077
vn 1.000000 0.000012 -0.000077
vn 0.707065 0.353566 -0.612413
vn 0.000000 -0.866022 -0.500007
vn -0.000000 -0.866022 -0.500007
vn -0.000000 -0.866022 -0.500007
vn -0.000000 -0.866022 -0.500007
vn 0.706649 -0.612760 -0.353799
vn -0.707898 -0.611712 -0.353113
vn -0.706747 0.612656 0.353782
vn 0.707109 0.612377 0.353540
vn -0.577568 -0.788560 0.211160
vn -0.577390 0.211326 0.788646
vn 0.577384 0.211435 0.788621
vn 0.577188 -0.788772 0.211407
vn -0.707122 0.612348 0.353564
vn -0.577336 -0.788651 0.211453
vn 0.577337 -0.788650 0.211455
vn 0.707079 -0.612405 -0.353553
vn -0.707079 -0.612405 -0.353553
vn 0.707123 0.612347 0.353564
vn 0.577374 0.211431 0.788629
vn -0.577363 0.211428 0.788638
vn -0.000000 -0.866046 -0.499965
vn 0.000000 -0.866046 -0.499965
vn 0.000000 -0.866046 -0.499965
vn 0.000000 -0.866046 -0.499965
vn -0.707110 0.353551 -0.612370
vn 0.707109 0.353552 -0.612371
vn -0.999998 0.001533 0.000969
vn -0.999999 0.001494 0.000945
vn -0.707105 0.353581 -0.612358
vn 1.000000 0.000000 0.000000
vn 1.000000 0.000000 0.000000
vn 0.707105 0.353554 -0.612374
vn 0.000000 -0.866021 -0.500007
vn 0.000000 -0.866021 -0.500007
vn 0.000000 -0.866021 -0.500007
vn 0.000000 -0.866021 -0.500007
vn 0.000000 -0.866038 -0.499978
vn -0.000000 -0.866038 -0.499978
vn -0.000000 -0.866038 -0.499978
vn -0.000000 -0.866038 -0.499978
vn -0.706640 0.352854 -0.613314
vn 0.707046 0.353747 -0.612331
vn -0.999998 -0.001566 -0.000904
vn -0.999998 -0.001566 -0.000904
vn -0.707575 0.352385 -0.612505
vn 1.000000 -0.000001 0.000000
vn 1.000000 -0.000000 0.000000
vn 0.707171 0.353684 -0.612222
vn 0.000000 -0.866053 -0.499953
vn -0.000000 -0.866053 -0.499953
vn 0.000000 -0.866053 -0.499953
vn 0.000000 -0.866053 -0.499953
vn -0.707509 0.612014 0.353370
vn 0.707116 0.612353 0.353567
vn 0.707514 -0.612013 -0.353362
vn -0.706282 -0.613078 -0.353978
vn 0.000048 -0.866039 -0.499977
vn 0.000040 -0.866046 -0.499965
vn 0.000045 -0.866041 -0.499973
vn 0.000043 -0.866043 -0.499969
vn -0.576796 -0.789044 0.211463
vn 0.577345 0.211224 0.788706
vn -0.577637 0.211126 0.788519
vn 0.577527 -0.788565 0.211254
vn 1.000000 0.000001 -0.000002
vn -1.000000 0.000000 0.000000
vn -0.707044 0.353717 -0.612351
vn -0.707176 0.353650 -0.612237
vn -1.000000 -0.000001 -0.000001
vn 0.707104 0.353554 -0.612375
vn 0.707099 0.353559 -0.612378
vn 1.000000 0.000001 -0.000002
vn -0.000049 -0.866052 -0.499953
vn -0.000013 -0.866021 -0.500007
vn -0.000037 -0.866042 -0.499971
vn -0.000025 -0.866032 -0.499989
vn 0.706669 -0.612759 -0.353758
vn -0.707504 -0.612037 -0.353340
vn -0.707117 0.612352 0.353568
vn 0.707113 0.612357 0.353568
vn -0.000000 -0.866046 -0.499964
vn -0.000000 -0.866046 -0.499965
vn -0.000000 -0.866046 -0.499965
vn -0.000000 -0.866046 -0.499965
vn -0.577568 -0.788562 0.211152
vn 0.577173 -0.788782 0.211409
vn 0.577367 0.211424 0.788636
vn -0.577388 0.211318 0.788649
vn -0.707096 0.353595 -0.612361
vn 0.707106 0.353559 -0.612370
vn -1.000000 -0.000001 0.000002
vn -1.000000 -0.000001 0.000002
vn -0.707130 0.353578 -0.612331
vn 1.000000 0.000000 0.000000
vn 1.000000 0.000000 0.000000
vn 0.707096 0.353564 -0.612378
vn 0.000000 -0.866021 -0.500008
vn -0.000000 -0.866021 -0.500007
vn 0.000000 -0.866021 -0.500007
vn 0.000000 -0.866021 -0.500007
vn 0.706657 -0.612770 -0.353763
vn -0.707504 -0.612036 -0.353341
vn -0.707115 0.612354 0.353568
vn 0.707126 0.612345 0.353562
vn -0.577568 -0.788560 0.211157
vn -0.577390 0.211323 0.788647
vn 0.577367 0.211428 0.788635
vn 0.577172 -0.788781 0.211415
vn -0.707498 0.612023 0.353376
vn 0.707129 0.612342 0.353562
vn 0.707502 -0.612023 -0.353367
vn -0.706294 -0.613069 -0.353971
vn 0.000048 -0.866039 -0.499977
vn 0.000040 -0.866046 -0.499965
vn 0.000046 -0.866041 -0.499973
vn 0.000043 -0.866043 -0.499969
vn -0.576786 -0.789052 0.211460
vn 0.577345 0.211224 0.788706
vn -0.577648 0.211120 0.788512
vn 0.577527 -0.788565 0.211254
vn 1.000000 0.000000 0.000000
vn -1.000000 0.000000 0.000000
vn -0.707058 0.353745 -0.612318
vn -0.707164 0.353690 -0.612227
vn -1.000000 0.000000 0.000000
vn 0.707107 0.353559 -0.612368
vn 0.707098 0.353567 -0.612375
vn 1.000000 0.000000 0.000000
vn -0.000049 -0.866052 -0.499953
vn -0.000013 -0.866021 -0.500007
vn -0.000037 -0.866042 -0.499971
vn -0.000025 -0.866032 -0.499989
vn 0.706670 -0.612758 -0.353758
vn -0.707493 -0.612046 -0.353345
vn -0.707127 0.612344 0.353563
vn 0.707112 0.612358 0.353568
vn -0.000000 -0.866046 -0.499964
vn -0.000000 -0.866046 -0.499964
vn -0.000000 -0.866046 -0.499964
vn -0.000000 -0.866046 -0.499964
vn -0.577558 -0.788570 0.211153
vn 0.577184 -0.788773 0.211415
vn 0.577357 0.211433 0.788641
vn -0.577399 0.211315 0.788642
vn -0.707092 0.353605 -0.612360
vn 0.707119 0.353587 -0.612339
vn -1.000000 0.000048 0.000030
vn -1.000000 0.000047 0.000029
vn -0.707132 0.353585 -0.612325
vn 1.000000 0.000002 -0.000001
vn 1.000000 0.000001 -0.000002
vn 0.707082 0.353604 -0.612372
vn 0.000000 -0.866021 -0.500008
vn -0.000000 -0.866021 -0.500007
vn 0.000000 -0.866021 -0.500007
vn 0.000000 -0.866021 -0.500007
vn 0.706659 -0.612769 -0.353763
vn -0.707506 -0.612035 -0.353339
vn -0.707113 0.612356 0.353570
vn 0.707125 0.612345 0.353563
vn -0.577557 -0.788568 0.211157
vn -0.577400 0.211319 0.788640
vn 0.577358 0.211438 0.788639
vn 0.577183 -0.788772 0.211420
vn 0.000000 -0.866046 -0.499965
vn -0.000000 -0.866046 -0.499964
vn 0.000000 -0.866046 -0.499965
vn -0.000000 -0.866046 -0.499965
vn -0.707102 0.353575 -0.612365
vn 0.706701 0.352643 -0.613365
vn -1.000000 -0.000001 0.000002
vn -1.000000 -0.000001 0.000002
vn -0.707112 0.353570 -0.612357
vn 0.999998 -0.001521 -0.000878
vn 0.999998 -0.001520 -0.000878
vn 0.707509 0.352238 -0.612665
vn 0.000000 -0.866021 -0.500007
vn 0.000000 -0.866021 -0.500007
vn 0.000000 -0.866021 -0.500007
vn 0.000000 -0.866021 -0.500007
vn -0.707509 0.612014 0.353370
vn 0.707116 0.612354 0.353567
vn 0.707514 -0.612012 -0.353362
vn -0.706282 -0.613078 -0.353978
vn 0.000094 -0.866039 -0.499977
vn 0.000077 -0.866046 -0.499964
vn 0.000085 -0.866043 -0.499970
vn 0.000086 -0.866042 -0.499971
vn -0.576785 -0.789052 0.211461
vn 0.577345 0.211224 0.788706
vn -0.577648 0.211120 0.788512
vn 0.577527 -0.788565 0.211254
vn 1.000000 0.000000 0.000000
vn -1.000000 0.000048 0.000030
vn -0.707051 0.353714 -0.612345
vn -0.707175 0.353650 -0.612238
vn -1.000000 0.000045 0.000029
vn 0.707121 0.353523 -0.612373
vn 0.707074 0.353550 -0.612412
vn 1.000000 -0.000001 -0.000001
vn -0.000095 -0.866052 -0.499953
vn -0.000026 -0.866022 -0.500007
vn -0.000058 -0.866036 -0.499982
vn -0.000063 -0.866038 -0.499978
vn 0.706659 -0.612768 -0.353763
vn -0.707505 -0.612036 -0.353339
vn -0.707115 0.612354 0.353568
vn 0.707123 0.612347 0.353563
vn -0.000000 -0.866046 -0.499964
vn 0.000000 -0.866046 -0.499965
vn -0.000000 -0.866046 -0.499964
vn 0.000000 -0.866046 -0.499964
vn -0.577561 -0.788567 0.211151
vn 0.577181 -0.788775 0.211414
vn 0.577357 0.211433 0.788641
vn -0.577400 0.211314 0.788642
vn -0.707106 0.353632 -0.612328
vn 0.707106 0.353559 -0.612371
vn -1.000000 0.000000 0.000000
vn -1.000000 0.000001 0.000001
vn -0.707120 0.353624 -0.612317
vn 1.000000 0.000048 0.000028
vn 1.000000 0.000049 0.000028
vn 0.707094 0.353565 -0.612380
vn 0.000000 -0.866021 -0.500007
vn 0.000000 -0.866021 -0.500007
vn 0.000000 -0.866021 -0.500007
vn 0.000000 -0.866021 -0.500007
vn 0.706671 -0.612758 -0.353757
vn -0.707506 -0.612035 -0.353339
vn -0.707114 0.612355 0.353569
vn 0.707112 0.612358 0.353568
vn -0.577568 -0.788560 0.211161
vn -0.577389 0.211326 0.788646
vn 0.577368 0.211431 0.788634
vn 0.577172 -0.788781 0.211417
vn 0.000000 -0.866046 -0.499964
vn -0.000000 -0.866046 -0.499964
vn -0.000000 -0.866046 -0.499964
vn -0.000000 -0.866046 -0.499964
vn -0.707101 0.353576 -0.612366
vn 0.706701 0.352643 -0.613365
vn -1.000000 0.000048 0.000030
vn -1.000000 0.000047 0.000029
vn -0.707112 0.353571 -0.612356
vn 0.999998 -0.001521 -0.000878
vn 0.999998 -0.001520 -0.000878
vn 0.707510 0.352238 -0.612665
vn 0.000000 -0.866021 -0.500007
vn -0.000000 -0.866022 -0.500007
vn 0.000000 -0.866021 -0.500007
vn 0.000000 -0.866022 -0.500007
vn 0.324490 -0.563863 -0.759450
vn -0.820036 -0.563823 -0.098212
vn -0.095711 -0.593847 0.798865
vn 0.739908 -0.593775 0.316176
vn 0.739907 0.593774 0.316180
vn -0.820036 0.563822 -0.098213
vn 0.324492 0.563863 -0.759450
vn -0.095713 0.593847 0.798865
vn -0.965869 0.000000 -0.259031
vn -0.258752 0.000000 0.965944
vn -0.258752 0.000000 0.965944
vn -0.965869 0.000000 -0.259031
vn 0.965944 0.000000 0.258752
vn 0.259031 0.000000 -0.965869
vn 0.259031 0.000000 -0.965869
vn 0.965944 0.000000 0.258752
vn 0.612774 0.706657 -0.353757
vn 0.612042 -0.707502 -0.353336
vn -0.612354 -0.707115 0.353568
vn -0.612347 0.707123 0.353563
vn 0.866045 0.000000 -0.499967
vn 0.866045 -0.000000 -0.499966
vn 0.866045 -0.000000 -0.499967
vn 0.866045 -0.000000 -0.499966
vn 0.258723 0.000000 -0.965952
vn 0.965877 0.000000 0.259000
vn -0.259001 0.000000 0.965877
vn -0.965952 0.000000 -0.258723
vn 0.788545 0.577502 0.211397
vn -0.211452 0.577199 0.788752
vn -0.788774 0.577217 -0.211319
vn 0.211270 0.577483 -0.788592
vn 0.788691 -0.577377 0.211191
vn 0.788659 0.577338 0.211421
vn -0.211373 0.577360 0.788655
vn -0.211324 -0.577370 0.788661
vn -0.353586 -0.707095 -0.612368
vn -0.353314 0.707007 -0.612626
vn 0.000000 -1.000000 0.000000
vn 0.000000 -1.000000 0.000000
vn -0.353568 -0.707129 -0.612338
vn 0.000392 1.000000 -0.000226
vn 0.000392 1.000000 -0.000226
vn -0.353220 0.707194 -0.612464
vn 0.866029 0.000000 -0.499993
vn 0.866029 0.000000 -0.499993
vn 0.866029 0.000000 -0.499993
vn 0.866029 0.000000 -0.499993
vn 0.612855 0.706563 -0.353804
vn 0.611878 -0.707691 -0.353241
vn -0.612518 -0.706926 0.353662
vn -0.612266 0.707218 0.353516
vn 0.788556 -0.577546 0.211237
vn -0.788774 0.577217 -0.211320
vn -0.211452 0.577199 0.788752
vn -0.258887 0.000001 0.965907
vn -0.965907 -0.000000 -0.258888
vn 0.788556 0.577490 0.211387
vn 0.211284 0.577471 -0.788598
vn 0.258874 -0.000032 -0.965911
vn 0.965903 -0.000032 0.258902
vn 0.000000 1.000000 0.000000
vn 0.000000 1.000000 0.000000
vn 0.000000 1.000000 0.000000
vn 0.000000 1.000000 0.000000
vn -0.211432 -0.577202 0.788755
vn -0.211319 0.577444 0.788608
vn 0.788726 0.577253 0.211399
vn -0.258765 0.000037 0.965940
vn 0.259028 -0.000001 -0.965870
vn 0.965945 0.000000 0.258749
vn -0.612346 -0.707125 0.353563
vn -0.965875 0.000036 -0.259011
vn 0.788652 0.577353 0.211405
vn 0.788659 -0.577344 0.211402
vn 0.788659 0.577344 0.211402
vn 0.612413 0.707074 -0.353548
vn 0.612413 -0.707074 -0.353548
vn -0.612346 0.707125 0.353563
vn -0.211373 0.577360 0.788655
vn -0.211373 -0.577360 0.788655
vn -0.211391 0.577362 0.788649
vn -0.788639 0.577366 -0.211416
vn 0.211406 0.577348 -0.788655
vn 0.866045 0.000000 -0.499966
vn 0.866045 0.000000 -0.499966
vn 0.866045 0.000000 -0.499966
vn 0.866045 0.000000 -0.499966
vn -0.612347 -0.707123 0.353564
vn -0.612429 0.707029 0.353611
vn -0.612407 0.707054 0.353598
vn -0.612325 -0.707149 0.353551
vn 0.000392 1.000000 -0.000226
vn 0.612408 -0.707079 -0.353546
vn 0.000392 1.000000 -0.000226
vn 0.000392 1.000000 -0.000226
vn 0.000392 1.000000 -0.000226
vn 0.612327 0.707174 -0.353499
vn 0.612330 0.707170 -0.353501
vn 0.612412 -0.707075 -0.353548
vn -0.353767 -0.707211 -0.612129
vn -0.353314 0.707008 -0.612625
vn -0.000392 -1.000000 0.000226
vn -0.000392 -1.000000 0.000226
vn -0.353871 -0.707002 -0.612310
vn 0.000392 1.000000 -0.000226
vn 0.000392 1.000000 -0.000226
vn -0.353214 0.707206 -0.612453
vn 0.866029 0.000000 -0.499993
vn 0.866029 0.000000 -0.499994
vn 0.866029 0.000000 -0.499993
vn 0.866029 0.000000 -0.499993
vn 0.866045 0.000000 -0.499966
vn 0.866045 0.000000 -0.499966
vn 0.866045 0.000000 -0.499966
vn 0.866045 0.000000 -0.499966
vn -0.353359 -0.706994 -0.612615
vn -0.353585 0.707095 -0.612367
vn 0.000391 -1.000000 -0.000226
vn 0.000391 -1.000000 -0.000226
vn -0.353246 -0.707220 -0.612419
vn 0.000000 1.000000 0.000000
vn 0.000000 1.000000 0.000000
vn -0.353574 0.707117 -0.612348
vn 0.866045 0.000000 -0.499967
vn 0.866045 -0.000000 -0.499966
vn 0.866045 -0.000000 -0.499967
vn 0.866045 -0.000000 -0.499967
vn -0.564022 -0.724021 0.397080
vn -0.655773 0.686625 0.313859
vn 0.599115 0.687251 -0.410788
vn 0.626418 -0.723416 -0.290291
vn 0.788720 -0.577235 0.211472
vn -0.211337 0.577264 0.788735
vn -0.211278 -0.577422 0.788635
vn 0.788617 0.577444 0.211285
vn -0.633581 -0.697787 0.334168
vn 0.817301 -0.522771 0.242342
vn 0.758531 0.627520 0.175639
vn 0.618475 0.715137 -0.325680
vn 0.606207 -0.697736 -0.381677
vn -0.591264 0.715192 0.372702
vn -0.227326 0.627561 0.744641
vn -0.198865 -0.522751 0.828966
vn -0.612266 -0.707218 0.353516
vn -0.612436 0.707021 0.353615
vn 0.611925 0.707611 -0.353320
vn 0.612820 -0.706577 -0.353835
vn 0.788720 -0.577235 0.211471
vn -0.211338 0.577264 0.788735
vn -0.211279 -0.577422 0.788635
vn 0.788618 0.577443 0.211286
vn -0.563857 -0.819949 -0.098735
vn -0.563831 0.324933 -0.759285
vn -0.593837 0.739723 0.316491
vn -0.593774 -0.096134 0.798869
vn 0.573800 -0.102246 0.812588
vn 0.584112 0.319620 -0.746094
vn 0.557851 -0.826347 -0.077149
vn 0.593054 0.733408 0.332264
vn -0.707149 0.612345 -0.353516
vn 0.707133 0.612359 -0.353524
vn 0.707470 -0.612067 0.353355
vn -0.706675 -0.612755 0.353754
vn 0.000047 -0.866002 0.500040
vn 0.000047 -0.866002 0.500040
vn 0.000047 -0.866002 0.500040
vn 0.000047 -0.866002 0.500040
vn -0.577150 -0.211178 0.788861
vn 0.056106 0.255237 -0.965249
vn 0.005782 0.958993 0.283370
vn 0.000000 0.965900 0.258917
vn 0.000000 0.258918 -0.965899
vn -0.056147 -0.261501 0.963569
vn -0.008616 -0.972062 -0.234568
vn 0.000000 -0.965898 -0.258921
vn 0.000000 -0.258918 0.965899
vn 0.577345 0.788662 0.211390
vn -0.577325 0.788701 0.211300
vn 0.577498 -0.211303 0.788573
vn 1.000000 0.000000 0.000000
vn -1.000000 0.000000 0.000000
vn -0.707102 -0.353507 -0.612405
vn -0.707120 -0.353499 -0.612388
vn -1.000000 0.000000 0.000000
vn 0.707094 -0.353585 -0.612369
vn 0.707109 -0.353577 -0.612356
vn 1.000000 0.000000 0.000000
vn -0.000046 -0.866002 0.500040
vn -0.000010 -0.866033 0.499987
vn -0.000034 -0.866013 0.500022
vn -0.000022 -0.866023 0.500005
vn 0.706665 -0.612749 0.353784
vn -0.707461 -0.612060 0.353386
vn -0.707133 0.612359 -0.353524
vn 0.707149 0.612345 -0.353516
vn 0.000000 -0.866002 0.500040
vn 0.000000 -0.866002 0.500040
vn 0.000000 -0.866002 0.500040
vn 0.000000 -0.866002 0.500040
vn 0.000000 -0.965734 -0.259534
vn 0.000000 -0.258423 0.966032
vn 0.000000 0.966032 0.258423
vn 0.000000 0.259535 -0.965734
vn 0.577341 -0.211457 0.788646
vn 0.577359 0.788634 0.211454
vn 0.577341 0.211457 -0.788646
vn 0.577359 -0.788634 -0.211454
vn -0.577540 -0.211401 0.788516
vn 0.577192 -0.211276 0.788804
vn 0.577369 0.788694 0.211203
vn -0.577389 0.788655 0.211293
vn -0.707092 -0.353512 -0.612413
vn 0.707119 -0.353572 -0.612348
vn -1.000000 0.000000 0.000000
vn -1.000000 0.000000 0.000000
vn -0.707131 -0.353494 -0.612379
vn 1.000000 0.000000 0.000000
vn 1.000000 0.000000 0.000000
vn 0.707083 -0.353591 -0.612378
vn 0.000000 -0.866033 0.499987
vn 0.000000 -0.866033 0.499987
vn 0.000000 -0.866033 0.499987
vn 0.000000 -0.866033 0.499987
vn 0.706666 -0.612748 0.353784
vn -0.707838 -0.611733 0.353197
vn -0.706755 0.612686 -0.353713
vn 0.707149 0.612345 -0.353516
vn -0.577876 -0.211186 0.788327
vn 0.576771 0.211819 -0.788966
vn 0.576790 0.789092 0.211299
vn 0.000002 0.965899 0.258921
vn 0.000000 0.258920 -0.965899
vn 0.577899 -0.211106 0.788332
vn 0.577917 -0.788186 -0.211600
vn -0.000031 -0.965895 -0.258934
vn -0.000029 -0.258906 0.965902
vn 1.000000 0.000000 0.000000
vn 1.000000 0.000000 0.000000
vn 1.000000 0.000000 0.000000
vn 1.000000 0.000000 0.000000
vn -0.577052 0.788927 0.211201
vn 0.577369 0.788694 0.211203
vn 0.577192 -0.211276 0.788804
vn 0.000035 0.965754 0.259461
vn -0.000002 -0.966048 -0.258361
vn 0.000000 -0.259477 0.965749
vn -0.707149 0.612345 -0.353516
vn 0.000032 0.258378 -0.966044
vn 0.577329 -0.211364 0.788680
vn -0.577334 -0.211195 0.788722
vn 0.577334 -0.211195 0.788722
vn 0.707055 -0.612411 0.353590
vn -0.707055 -0.612411 0.353590
vn 0.707149 0.612345 -0.353516
vn 0.577368 0.788694 0.211206
vn -0.577368 0.788694 0.211205
vn 0.577386 0.788638 0.211365
vn 0.577341 0.211349 -0.788675
vn 0.577372 -0.788651 -0.211356
vn -0.000000 -0.866002 0.500040
vn -0.000000 -0.866002 0.500040
vn -0.000000 -0.866002 0.500040
vn -0.000000 -0.866002 0.500040
vn -0.707149 0.612345 -0.353516
vn 0.706771 0.612672 -0.353705
vn 0.706807 0.612641 -0.353687
vn -0.707185 0.612314 -0.353498
vn 0.999998 -0.001561 0.000863
vn -0.707038 -0.612426 0.353598
vn 0.999998 -0.001570 0.000909
vn 0.999998 -0.001578 0.000947
vn 0.999998 -0.001569 0.000902
vn 0.707416 -0.612098 0.353409
vn 0.707432 -0.612084 0.353401
vn -0.707055 -0.612411 0.353590
vn -0.707526 -0.352259 -0.612634
vn 0.707120 -0.353572 -0.612346
vn -0.999998 0.001569 -0.000906
vn -0.999998 0.001569 -0.000906
vn -0.706685 -0.352680 -0.613362
vn 1.000000 0.000000 0.000000
vn 1.000000 0.000000 0.000000
vn 0.707094 -0.353585 -0.612369
vn -0.000000 -0.866033 0.499987
vn -0.000000 -0.866033 0.499987
vn -0.000000 -0.866033 0.499987
vn -0.000000 -0.866033 0.499987
vn 0.000000 -0.866002 0.500040
vn 0.000000 -0.866002 0.500040
vn 0.000000 -0.866002 0.500040
vn 0.000000 -0.866002 0.500040
vn -0.706685 -0.354822 -0.612126
vn 0.707092 -0.353512 -0.612414
vn -0.999998 -0.001566 0.000904
vn -0.999998 -0.001566 0.000904
vn -0.707528 -0.354402 -0.611395
vn 1.000000 0.000000 0.000000
vn 1.000000 0.000000 0.000000
vn 0.707121 -0.353497 -0.612388
vn 0.000000 -0.866002 0.500040
vn 0.000000 -0.866002 0.500040
vn 0.000000 -0.866002 0.500040
vn 0.000000 -0.866002 0.500040
vn -0.707149 0.612345 -0.353516
vn 0.707133 0.612359 -0.353524
vn 0.707470 -0.612067 0.353355
vn -0.706675 -0.612755 0.353754
vn -0.577150 -0.211178 0.788861
vn 0.577345 0.788662 0.211390
vn -0.577324 0.788701 0.211300
vn 0.577498 -0.211303 0.788573
vn 0.706665 -0.612749 0.353784
vn -0.707461 -0.612060 0.353386
vn -0.707133 0.612359 -0.353524
vn 0.707149 0.612345 -0.353516
vn 0.000000 -0.866002 0.500040
vn 0.000000 -0.866002 0.500040
vn 0.000000 -0.866002 0.500040
vn 0.000000 -0.866002 0.500040
vn -0.577540 -0.211401 0.788516
vn 0.577192 -0.211276 0.788804
vn 0.577369 0.788694 0.211203
vn -0.577389 0.788655 0.211293
vn -0.707092 -0.353512 -0.612413
vn 0.707093 -0.353584 -0.612370
vn -1.000000 0.000000 0.000000
vn -1.000000 0.000000 0.000000
vn -0.707131 -0.353494 -0.612379
vn 1.000000 -0.000036 -0.000062
vn 1.000000 -0.000036 -0.000062
vn 0.707057 -0.353604 -0.612400
vn 0.000000 -0.866033 0.499986
vn 0.000000 -0.866033 0.499987
vn 0.000000 -0.866033 0.499987
vn 0.000000 -0.866033 0.499987
vn 0.706654 -0.612776 0.353759
vn -0.707849 -0.611706 0.353222
vn -0.706766 0.612694 -0.353678
vn 0.707138 0.612337 -0.353553
vn -0.577540 -0.211401 0.788516
vn -0.577389 0.788655 0.211293
vn 0.577385 0.788685 0.211193
vn 0.577208 -0.211281 0.788791
vn -0.707149 0.612345 -0.353516
vn -0.577334 -0.211195 0.788722
vn 0.577334 -0.211195 0.788722
vn 0.707055 -0.612411 0.353590
vn -0.707055 -0.612411 0.353590
vn 0.707149 0.612345 -0.353516
vn 0.577368 0.788694 0.211206
vn -0.577368 0.788694 0.211205
vn -0.000000 -0.866002 0.500040
vn -0.000000 -0.866002 0.500040
vn -0.000000 -0.866002 0.500040
vn -0.000000 -0.866002 0.500040
vn -0.707119 -0.353573 -0.612347
vn 0.707120 -0.353572 -0.612346
vn -0.999998 0.001605 -0.000844
vn -0.999999 0.001564 -0.000823
vn -0.707095 -0.353557 -0.612384
vn 1.000000 0.000000 0.000000
vn 1.000000 0.000000 0.000000
vn 0.707094 -0.353585 -0.612369
vn -0.000000 -0.866033 0.499987
vn -0.000000 -0.866033 0.499987
vn -0.000000 -0.866033 0.499987
vn -0.000000 -0.866033 0.499987
vn 0.000000 -0.866002 0.500040
vn 0.000000 -0.866002 0.500040
vn 0.000000 -0.866002 0.500040
vn 0.000000 -0.866002 0.500040
vn -0.706685 -0.354822 -0.612126
vn 0.707092 -0.353512 -0.612413
vn -0.999998 -0.001566 0.000904
vn -0.999998 -0.001566 0.000904
vn -0.707527 -0.354402 -0.611396
vn 1.000000 0.000000 0.000000
vn 1.000000 0.000000 0.000000
vn 0.707121 -0.353497 -0.612388
vn 0.000000 -0.866002 0.500040
vn 0.000000 -0.866002 0.500040
vn 0.000000 -0.866002 0.500040
vn 0.000000 -0.866002 0.500040
vn -0.751241 0.488198 -0.444184
vn 0.750819 0.488555 -0.444504
vn 0.652692 -0.558214 0.512240
vn -0.651508 -0.558957 0.512937
vn -0.576813 -0.211394 0.789050
vn 0.577345 0.788662 0.211389
vn -0.577661 0.788430 0.211391
vn 0.577498 -0.211304 0.788572
vn -0.707526 0.612018 -0.353327
vn 0.706755 0.612687 -0.353713
vn 0.707848 -0.611740 0.353166
vn -0.706297 -0.613082 0.353942
vn -0.576813 -0.211393 0.789050
vn 0.577008 0.788933 0.211298
vn -0.577661 0.788430 0.211391
vn 0.577835 -0.211088 0.788384
vn -0.251333 -0.079640 0.964619
vn 0.954144 0.088497 0.285968
vn 0.265019 0.067988 -0.961843
vn -0.967360 -0.079148 -0.240727
vn 0.355616 0.092266 -0.930067
vn 0.886408 0.104935 0.450854
vn -0.154138 -0.075075 0.985193
vn -0.987044 -0.138532 -0.080951
vn -0.275046 0.078003 0.958262
vn -0.972419 0.041069 -0.229595
vn 0.238260 -0.066363 -0.968932
vn 0.954932 -0.045013 0.293391
vn -0.997493 0.052607 -0.047328
vn -0.121040 0.133659 0.983608
vn 0.898956 -0.008460 0.437958
vn 0.382970 -0.124745 -0.915299
vn -0.103533 0.259222 0.960253
vn -0.981600 0.081839 -0.172525
vn 0.335408 -0.268926 -0.902873
vn 0.933952 -0.024897 0.356530
vn -0.259971 0.145539 0.954585
vn 0.958431 -0.084173 0.272625
vn 0.238962 -0.142801 -0.960471
vn -0.963298 0.087832 -0.253657
vn -0.647140 -0.738077 -0.190928
vn 0.455248 -0.328720 -0.827461
vn 0.871236 -0.426664 0.242704
vn 0.083595 -0.716651 0.692403
vn -0.098920 -0.717731 0.689258
vn 0.883459 -0.444695 0.147467
vn 0.289938 -0.405433 -0.866925
vn -0.670592 -0.681885 -0.292129
vn -0.055256 0.946969 0.316539
vn 0.123034 -0.279197 0.952319
vn 0.078103 -0.974651 -0.209654
vn -0.125407 0.220247 -0.967349
vn 0.122304 -0.976930 -0.175070
vn -0.132530 -0.171131 0.976294
vn -0.136545 0.925258 0.353912
vn 0.104662 0.342600 -0.933633
vn 0.236082 -0.171795 0.956427
vn 0.109743 -0.928737 -0.354124
vn -0.258773 0.329894 -0.907858
vn -0.152254 0.968563 0.196734
vn 0.168607 -0.983210 0.069786
vn -0.279112 -0.027296 0.959870
vn -0.291843 0.839955 0.457496
vn 0.142913 0.558508 -0.817095
vn -0.229106 -0.231308 0.945520
vn -0.023826 -0.986038 -0.164809
vn 0.246044 0.241901 -0.938587
vn -0.035359 0.947923 0.316531
vn -0.175474 -0.105811 0.978781
vn -0.052744 -0.997589 -0.045108
vn 0.181469 0.390660 -0.902471
vn -0.030986 0.904205 0.425973
vn -0.627109 -0.068585 0.775906
vn -0.572395 0.766473 0.291346
vn -0.520673 0.353162 -0.777288
vn -0.591509 -0.795123 -0.133781
vn -0.681275 -0.687907 -0.250296
vn -0.503206 0.318520 -0.803324
vn -0.464263 0.866977 0.181135
vn -0.620133 -0.091743 0.779114
vn -0.632491 -0.715807 -0.295931
vn -0.611997 0.685071 -0.395142
vn 0.653572 0.693359 0.303475
vn 0.579127 -0.724462 0.373854
vn 0.191963 -0.643548 0.740943
vn -0.835174 0.510925 0.203568
vn -0.766055 -0.628604 0.134225
vn 0.149869 0.517065 0.842724
vn -0.049776 -0.982565 -0.179130
vn 0.210315 0.360255 -0.908836
vn 0.004818 0.936535 0.350542
vn -0.199046 -0.108264 0.973992
vn -0.128174 -0.939594 -0.317387
vn 0.280136 0.155176 -0.947336
vn 0.142034 0.970731 0.193667
vn -0.286519 -0.287782 0.913832
vn 0.684155 0.589248 -0.429790
vn 0.732429 -0.549144 0.402479
vn -0.732308 -0.548703 0.403299
vn -0.683796 0.588965 -0.430747
vn -0.208129 0.329439 0.920952
vn 0.244854 -0.902811 0.353522
vn 0.097517 -0.135719 -0.985937
vn -0.216726 0.951819 -0.216957
vn -0.017740 0.987358 -0.157508
vn 0.098099 0.112551 0.988792
vn 0.034580 -0.934322 0.354750
vn -0.090781 -0.371310 -0.924060
vn -0.369203 -0.891908 0.261129
vn 0.062392 -0.112737 -0.991664
vn 0.296936 0.925543 -0.234944
vn 0.124348 0.366377 0.922120
vn -0.151905 -0.892077 0.425586
vn -0.074637 -0.299902 -0.951046
vn 0.169998 0.980541 -0.098182
vn 0.065566 0.174302 0.982507
vn 0.539104 -0.791253 0.288592
vn 0.487063 -0.434502 -0.757613
vn 0.644788 0.749888 -0.148046
vn 0.615862 0.021343 0.787565
vn -0.458834 -0.482874 0.745858
vn 0.409008 -0.886481 0.216480
vn 0.458951 -0.430461 -0.777218
vn 0.782450 0.591604 -0.194362
vn 0.509728 -0.008402 0.860295
vn -0.680700 -0.655239 0.327581
vn -0.614655 -0.296584 -0.730915
vn -0.441767 0.896799 -0.024375
vn -0.560540 0.158437 0.812830
vn -0.722822 -0.245662 0.645893
vn -0.532595 -0.838151 0.117665
vn -0.370361 -0.362238 -0.855346
vn -0.634184 0.687727 -0.353329
vn -0.671685 0.078455 0.736672
vn 0.130366 -0.512754 0.848580
vn -0.076083 -0.990277 -0.116462
vn 0.784471 -0.564732 -0.256289
vn 0.146876 -0.952293 -0.267518
vn 0.126663 -0.958727 -0.254557
vn -0.261417 0.193397 -0.945652
vn 0.790790 0.245001 -0.560915
vn -0.964781 -0.072648 -0.252823
vn -0.963569 -0.082998 -0.254255
vn -0.242199 0.197198 -0.949975
vn 0.866748 0.001150 0.498745
vn 0.866741 0.001187 0.498757
vn 0.929490 0.204857 -0.306727
vn -0.088178 -0.990227 -0.108056
vn 0.782346 -0.567573 -0.256508
vn 0.146901 -0.952282 -0.267543
vn 0.126691 -0.958712 -0.254600
vn 0.420094 -0.861211 -0.286072
vn 0.267214 -0.925897 -0.267042
vn 0.303412 0.246091 -0.920533
vn 0.382689 0.257069 -0.887392
vn 0.895427 0.027342 0.444368
vn 0.892439 0.023882 0.450536
vn 0.421780 -0.860299 -0.286333
vn 0.267979 -0.925639 -0.267171
vn 0.126856 -0.959275 -0.252388
vn 0.084432 -0.970733 -0.224829
vn -0.908443 -0.246333 -0.337715
vn -0.891034 -0.078603 -0.447079
vn 0.128041 -0.958923 -0.253127
vn 0.087430 -0.970017 -0.226767
vn -0.986015 -0.001315 0.166651
vn 0.292115 0.089219 0.952212
vn 0.936435 -0.044248 -0.348039
vn -0.239987 -0.060004 -0.968920
vn 0.127117 -0.048525 0.990700
vn 0.975398 0.004458 -0.220407
vn -0.357077 0.052451 -0.932601
vn -0.948057 -0.020652 0.317429
vn -0.973967 -0.031991 0.224419
vn 0.188564 -0.138072 0.972306
vn 0.963428 0.037485 -0.265331
vn -0.310990 0.133266 -0.941024
vn -0.460295 0.229969 -0.857463
vn -0.918596 -0.102854 0.381578
vn 0.033445 -0.260251 0.964961
vn 0.998720 0.012389 -0.049032
vn -0.213893 -0.259121 -0.941863
vn -0.838718 -0.544543 -0.005111
vn 0.163470 -0.818709 0.550448
vn 0.741276 -0.535215 -0.405036
vn -0.466195 -0.454209 -0.759181
vn -0.821243 -0.475198 0.315826
vn -0.001022 -0.648829 0.760934
vn 0.730775 -0.679278 -0.067447
vn -0.668237 -0.705554 -0.235907
vn -0.593562 0.677569 -0.434263
vn 0.697558 0.674307 0.242328
vn 0.530229 -0.730598 0.430214
vn -0.245240 0.271033 -0.930805
vn -0.954763 -0.075165 0.287713
vn 0.215449 -0.265591 0.939704
vn 0.988008 0.041526 -0.148712
vn -0.355549 -0.040555 -0.933777
vn -0.913761 0.110289 0.390994
vn 0.185101 0.083830 0.979137
vn 0.975389 -0.134324 -0.174852
vn -0.572289 0.756079 -0.317536
vn 0.562701 0.712962 0.418393
vn 0.654192 -0.664244 0.361681
vn -0.599269 -0.679366 -0.423484
vn 0.980233 -0.021219 -0.196707
vn 0.246152 0.135020 0.959781
vn -0.946894 0.055010 0.316805
vn -0.279750 -0.147525 -0.948671
vn 0.996761 -0.003804 -0.080335
vn 0.117904 0.079864 0.989808
vn -0.907326 0.036478 0.418843
vn -0.410227 -0.076056 -0.908807
vn -0.201956 -0.273877 0.940322
vn 0.109333 -0.943918 0.311552
vn -0.226846 -0.518604 0.824373
vn -0.225424 -0.497589 0.837609
vn -0.942195 -0.134218 -0.307009
vn -0.104007 -0.847164 -0.521052
vn -0.683044 0.689934 0.239669
vn -0.684396 0.685278 0.248990
vn -0.936658 -0.151383 -0.315840
vn 0.848174 -0.519779 -0.102135
vn 0.848170 -0.519787 -0.102123
vn 0.183272 -0.866034 -0.465184
vn -0.200285 -0.259938 0.944626
vn 0.108026 -0.943003 0.314763
vn -0.226851 -0.518652 0.824341
vn -0.225443 -0.497632 0.837579
vn -0.108112 -0.732858 0.671737
vn -0.167832 -0.613160 0.771925
vn -0.649602 -0.589644 -0.479934
vn -0.582294 -0.639464 -0.502015
vn 0.815929 -0.559732 -0.144774
vn 0.819698 -0.555521 -0.139612
vn -0.107531 -0.734133 0.670436
vn -0.167575 -0.613820 0.771456
vn -0.223455 -0.497002 0.838485
vn -0.220034 -0.452189 0.864355
vn -0.742194 0.554593 0.376265
vn -0.819168 0.540684 0.191376
vn -0.223527 -0.498203 0.837753
vn -0.220279 -0.455354 0.862630
vn 0.223529 -0.380238 -0.897471
vn 0.851698 -0.520734 0.058710
vn -0.162164 -0.745052 0.646993
vn -0.730929 -0.588541 -0.345489
vn 0.443950 -0.493382 -0.747985
vn 0.831377 -0.446549 0.330767
vn 0.012350 -0.599397 0.800356
vn -0.707490 -0.703016 -0.072299
vn 0.948523 -0.053127 0.312222
vn 0.262942 0.173571 -0.949071
vn -0.987171 0.027835 -0.157225
vn -0.223007 -0.182881 0.957509
vn 0.352947 -0.005687 -0.935626
vn 0.909738 0.108209 0.400833
vn -0.170322 0.035039 0.984765
vn -0.983677 -0.111224 -0.141452
vn 0.586215 0.717820 -0.375614
vn 0.638795 -0.694091 -0.331930
vn -0.605526 -0.698871 0.380681
vn -0.619545 0.713693 0.326812
vn -0.504346 0.039201 -0.862612
vn -0.989076 -0.000739 -0.147405
vn -0.120183 -0.050053 0.991489
vn 0.929102 -0.013945 0.369560
vn 0.375815 0.051258 -0.925276
vn -0.479721 -0.135381 -0.866914
vn -0.976638 -0.064600 -0.204951
vn -0.275013 0.098184 0.956414
vn 0.942193 0.098339 0.320314
vn 0.264898 -0.118685 -0.956945
vn -0.515626 0.098460 -0.851138
vn -0.995220 0.010610 -0.097084
vn -0.027791 -0.115832 0.992880
vn 0.929711 -0.042768 0.365798
vn 0.476663 0.100932 -0.873273
vn -0.445914 -0.222583 -0.866959
vn -0.898414 -0.108967 -0.425416
vn -0.249044 0.241736 0.937839
vn 0.994485 0.026742 0.101412
vn 0.331472 -0.234455 -0.913869
vn -0.659652 0.679159 0.321874
vn -0.564965 -0.727683 0.388962
vn 0.612371 -0.727708 -0.308939
vn 0.615101 0.681208 -0.396996
g fff0a81b_00363_0087c802_e22
f 145/4/145 148/2/148 142/6/142
f 123/11/123 114/11/114 115/10/115
f 80/11/80 85/11/85 82/10/82
f 91/10/91 92/10/92 73/11/73
f 41/11/41 44/11/44 59/10/59
f 65/4/65 68/2/68 62/6/62
f 62/6/62 61/7/61 65/4/65
f 53/10/53 54/10/54 51/11/51
f 51/11/51 50/11/50 53/10/53
f 59/10/59 58/10/58 41/11/41
f 11/11/11 10/11/10 26/10/26
f 32/4/32 34/2/34 35/6/35
f 35/6/35 31/7/31 32/4/32
f 22/10/22 19/10/19 1379/183/1379
f 20/11/20 25/11/25 1391/195/1391
f 26/10/26 28/10/28 11/11/11
f 98/10/98 106/10/106 93/11/93
f 82/10/82 79/10/79 80/11/80
f 73/11/73 76/11/76 91/10/91
f 101/11/101 103/11/103 104/10/104
f 115/10/115 122/10/122 123/11/123
f 126/6/126 125/7/125 129/4/129
f 129/4/129 132/2/132 126/6/126
f 104/10/104 100/10/100 101/11/101
f 93/11/93 95/11/95 98/10/98
f 142/6/142 141/7/141 145/4/145
f 5/11/5 8/11/8 1383/187/1383
f 3/10/3 4/10/4 1395/199/1395
f 241/4/241 244/2/244 238/6/238
f 238/6/238 237/7/237 241/4/241
f 207/10/207 208/10/208 201/11/201
f 177/11/177 180/11/180 187/10/187
f 193/4/193 196/2/196 190/6/190
f 190/6/190 189/7/189 193/4/193
f 187/10/187 186/10/186 177/11/177
f 155/11/155 154/11/154 162/10/162
f 168/4/168 170/2/170 171/6/171
f 171/6/171 167/7/167 168/4/168
f 162/10/162 164/10/164 155/11/155
f 201/11/201 204/11/204 207/10/207
f 212/11/212 214/11/214 215/10/215
f 215/10/215 211/10/211 212/11/212
f 222/6/222 221/7/221 225/4/225
f 225/4/225 228/2/228 222/6/222
f 337/4/337 340/2/340 334/6/334
f 334/6/334 333/7/333 337/4/337
f 303/10/303 304/10/304 297/11/297
f 273/11/273 276/11/276 283/10/283
f 289/4/289 292/2/292 286/6/286
f 286/6/286 285/7/285 289/4/289
f 283/10/283 282/10/282 273/11/273
f 251/11/251 250/11/250 258/10/258
f 264/4/264 266/2/266 267/6/267
f 267/6/267 263/7/263 264/4/264
f 258/10/258 260/10/260 251/11/251
f 297/11/297 300/11/300 303/10/303
f 308/11/308 310/11/310 311/10/311
f 311/10/311 307/10/307 308/11/308
f 318/6/318 317/7/317 321/4/321
f 321/4/321 324/2/324 318/6/318
f 347/11/347 346/11/346 1375/179/1375
f 1270/10/1270 1272/10/1272 1387/191/1387
f 1267/11/1267 1266/11/1266 1386/190/1386
f 350/10/350 352/10/352 1376/180/1376
f 497/4/497 500/2/500 494/6/494
f 475/11/475 466/11/466 467/10/467
f 432/11/432 437/11/437 434/10/434
f 443/10/443 444/10/444 425/11/425
f 393/11/393 396/11/396 411/10/411
f 417/4/417 420/2/420 414/6/414
f 414/6/414 413/7/413 417/4/417
f 405/10/405 406/10/406 403/11/403
f 403/11/403 402/11/402 405/10/405
f 411/10/411 410/10/410 393/11/393
f 363/11/363 362/11/362 378/10/378
f 384/4/384 386/2/386 387/6/387
f 387/6/387 383/7/383 384/4/384
f 374/10/374 371/10/371 1285/104/1285
f 372/11/372 377/11/377 1293/112/1293
f 378/10/378 380/10/380 363/11/363
f 450/10/450 458/10/458 445/11/445
f 434/10/434 431/10/431 432/11/432
f 425/11/425 428/11/428 443/10/443
f 453/11/453 455/11/455 456/10/456
f 467/10/467 474/10/474 475/11/475
f 478/6/478 477/7/477 481/4/481
f 481/4/481 484/2/484 478/6/478
f 456/10/456 452/10/452 453/11/453
f 445/11/445 447/11/447 450/10/450
f 494/6/494 493/7/493 497/4/497
f 357/11/357 360/11/360 1290/109/1290
f 355/10/355 356/10/356 1297/116/1297
f 593/4/593 596/2/596 590/6/590
f 590/6/590 589/7/589 593/4/593
f 559/10/559 560/10/560 553/11/553
f 529/11/529 532/11/532 539/10/539
f 545/4/545 548/2/548 542/6/542
f 542/6/542 541/7/541 545/4/545
f 539/10/539 538/10/538 529/11/529
f 507/11/507 506/11/506 514/10/514
f 520/4/520 522/2/522 523/6/523
f 523/6/523 519/7/519 520/4/520
f 514/10/514 516/10/516 507/11/507
f 553/11/553 556/11/556 559/10/559
f 564/11/564 566/11/566 567/10/567
f 567/10/567 563/10/563 564/11/564
f 574/6/574 573/7/573 577/4/577
f 577/4/577 580/2/580 574/6/574
f 1258/79/1258 1276/90/1276 1275/89/1275
f 1275/89/1275 1276/90/1276 1253/74/1253
f 655/10/655 656/10/656 649/11/649
f 625/11/625 628/11/628 635/10/635
f 641/4/641 644/2/644 638/6/638
f 638/6/638 637/7/637 641/4/641
f 635/10/635 634/10/634 625/11/625
f 603/11/603 602/11/602 610/10/610
f 616/4/616 618/2/618 619/6/619
f 619/6/619 615/7/615 616/4/616
f 610/10/610 612/10/612 603/11/603
f 649/11/649 652/11/652 655/10/655
f 355/10/355 1297/116/1297 1300/119/1300
f 1315/135/1315 1286/105/1286 1319/139/1319
f 1264/1/1264 1262/1/1262 1261/1/1261
f 1262/1/1262 1264/1/1264 1263/1/1263
f 711/10/711 712/10/712 705/11/705
f 681/11/681 684/11/684 691/10/691
f 697/4/697 700/2/700 694/6/694
f 694/6/694 693/7/693 697/4/697
f 691/10/691 690/10/690 681/11/681
f 659/11/659 658/11/658 666/10/666
f 672/4/672 674/2/674 675/6/675
f 675/6/675 671/7/671 672/4/672
f 666/10/666 668/10/668 659/11/659
f 705/11/705 708/11/708 711/10/711
f 718/6/718 717/7/717 721/4/721
f 721/4/721 724/2/724 718/6/718
f 783/10/783 784/10/784 777/11/777
f 753/11/753 756/11/756 763/10/763
f 769/4/769 772/2/772 766/6/766
f 766/6/766 765/7/765 769/4/769
f 763/10/763 762/10/762 753/11/753
f 731/11/731 730/11/730 738/10/738
f 744/4/744 746/2/746 747/6/747
f 747/6/747 743/7/743 744/4/744
f 738/10/738 740/10/740 731/11/731
f 777/11/777 780/11/780 783/10/783
f 790/6/790 789/7/789 793/4/793
f 793/4/793 796/2/796 790/6/790
f 921/4/921 924/2/924 918/6/918
f 899/11/899 890/11/890 891/10/891
f 856/11/856 861/11/861 858/10/858
f 867/10/867 868/10/868 849/11/849
f 817/11/817 820/11/820 835/10/835
f 841/4/841 844/2/844 838/6/838
f 838/6/838 837/7/837 841/4/841
f 829/10/829 830/10/830 827/11/827
f 827/11/827 826/11/826 829/10/829
f 835/10/835 834/10/834 817/11/817
f 940/11/940 1468/242/1468 1471/245/1471
f 950/10/950 952/10/952 947/11/947
f 931/11/931 930/11/930 1447/221/1447
f 813/10/813 810/10/810 1439/213/1439
f 811/11/811 816/11/816 1212/32/1212
f 943/10/943 1471/245/1471 1468/242/1468
f 874/10/874 882/10/882 869/11/869
f 858/10/858 855/10/855 856/11/856
f 849/11/849 852/11/852 867/10/867
f 877/11/877 879/11/879 880/10/880
f 891/10/891 898/10/898 899/11/899
f 902/6/902 901/7/901 905/4/905
f 905/4/905 908/2/908 902/6/902
f 880/10/880 876/10/876 877/11/877
f 869/11/869 871/11/871 874/10/874
f 918/6/918 917/7/917 921/4/921
f 805/11/805 808/11/808 1442/216/1442
f 803/10/803 804/10/804 1215/35/1215
f 1455/229/1455 1466/240/1466 1465/239/1465
f 947/11/947 946/11/946 950/10/950
f 805/11/805 1442/216/1442 1441/215/1441
f 934/10/934 1444/218/1444 1447/221/1447
f 943/10/943 939/10/939 1471/245/1471
f 940/11/940 942/11/942 1468/242/1468
f 931/11/931 1447/221/1447 1444/218/1444
f 1416/142/1416 1417/143/1417 1406/4/1406
f 1450/224/1450 1461/235/1461 1460/234/1460
f 934/10/934 936/10/936 1444/218/1444
f 1417/143/1417 1416/142/1416 1403/6/1403
f 1442/216/1442 1434/208/1434 1441/215/1441
f 1436/210/1436 1430/204/1430 1429/203/1429
f 1450/224/1450 1451/225/1451 1461/235/1461
f 1455/229/1455 1201/21/1201 1456/230/1456
f 1455/229/1455 1456/230/1456 1466/240/1466
f 1097/4/1097 1100/2/1100 1094/6/1094
f 1075/11/1075 1066/11/1066 1067/10/1067
f 1032/11/1032 1037/11/1037 1034/10/1034
f 1043/10/1043 1044/10/1044 1025/11/1025
f 993/11/993 996/11/996 1011/10/1011
f 1017/4/1017 1020/2/1020 1014/6/1014
f 1014/6/1014 1013/7/1013 1017/4/1017
f 1005/10/1005 1006/10/1006 1003/11/1003
f 1003/11/1003 1002/11/1002 1005/10/1005
f 1011/10/1011 1010/10/1010 993/11/993
f 963/11/963 962/11/962 978/10/978
f 984/4/984 986/2/986 987/6/987
f 987/6/987 983/7/983 984/4/984
f 974/10/974 971/10/971 1252/73/1252
f 972/11/972 977/11/977 1234/55/1234
f 978/10/978 980/10/980 963/11/963
f 1050/10/1050 1058/10/1058 1045/11/1045
f 1034/10/1034 1031/10/1031 1032/11/1032
f 1025/11/1025 1028/11/1028 1043/10/1043
f 1053/11/1053 1055/11/1055 1056/10/1056
f 1067/10/1067 1074/10/1074 1075/11/1075
f 1078/6/1078 1077/7/1077 1081/4/1081
f 1081/4/1081 1084/2/1084 1078/6/1078
f 1056/10/1056 1052/10/1052 1053/11/1053
f 1045/11/1045 1047/11/1047 1050/10/1050
f 1094/6/1094 1093/7/1093 1097/4/1097
f 957/11/957 960/11/960 1256/77/1256
f 955/10/955 956/10/956 1238/59/1238
f 1177/4/1177 1180/2/1180 1174/6/1174
f 1174/6/1174 1173/7/1173 1177/4/1177
f 1143/10/1143 1144/10/1144 1137/11/1137
f 1113/11/1113 1116/11/1116 1123/10/1123
f 1129/4/1129 1132/2/1132 1126/6/1126
f 1126/6/1126 1125/7/1125 1129/4/1129
f 1123/10/1123 1122/10/1122 1113/11/1113
f 1107/11/1107 1106/11/1106 1110/10/1110
f 1256/77/1256 1275/89/1275 1253/74/1253
f 1190/10/1190 1192/10/1192 1282/97/1282
f 1110/10/1110 1112/10/1112 1107/11/1107
f 1137/11/1137 1140/11/1140 1143/10/1143
f 1148/11/1148 1150/11/1150 1151/10/1151
f 1151/10/1151 1147/10/1147 1148/11/1148
f 1158/6/1158 1157/7/1157 1161/4/1161
f 1161/4/1161 1164/2/1164 1158/6/1158
f 1263/85/1263 1280/94/1280 1279/93/1279
f 1279/93/1279 1280/94/1280 1249/70/1249
f 1263/85/1263 1264/86/1264 1280/94/1280
f 1258/79/1258 1257/78/1257 1276/90/1276
f 1198/10/1198 1200/10/1200 1195/11/1195
f 1195/11/1195 1194/11/1194 1198/10/1198
f 957/11/957 1256/77/1256 1253/74/1253
f 1187/11/1187 1186/11/1186 1281/96/1281
f 1190/10/1190 1282/97/1282 1281/96/1281
f 1187/11/1187 1281/96/1281 1282/97/1282
f 1456/230/1456 1201/21/1201 1202/22/1202
f 1229/50/1229 1202/22/1202 1201/21/1201
f 1228/49/1228 1206/26/1206 1207/27/1207
f 1451/225/1451 1207/27/1207 1206/26/1206
f 811/11/811 1212/32/1212 1209/29/1209
f 1212/32/1212 1222/42/1222 1209/29/1209
f 1215/35/1215 1220/40/1220 1214/34/1214
f 803/10/803 1215/35/1215 1214/34/1214
f 1220/40/1220 1217/37/1217 1214/34/1214
f 1439/213/1439 1430/204/1430 1436/210/1436
f 813/10/813 1439/213/1439 1436/210/1436
f 1222/42/1222 1221/41/1221 1209/29/1209
f 1441/215/1441 1434/208/1434 1433/207/1433
f 1227/48/1227 1206/26/1206 1228/49/1228
f 1230/51/1230 1202/22/1202 1229/50/1229
f 1450/224/1450 1207/27/1207 1451/225/1451
f 1241/62/1241 1233/54/1233 1234/55/1234
f 972/11/972 1234/55/1234 1233/54/1233
f 955/10/955 1238/59/1238 1239/60/1239
f 1246/67/1246 1239/60/1239 1238/59/1238
f 1252/73/1252 1279/93/1279 1249/70/1249
f 1244/65/1244 1233/54/1233 1241/62/1241
f 1247/68/1247 1239/60/1239 1246/67/1246
f 974/10/974 1252/73/1252 1249/70/1249
f 1259/1/1259 1257/1/1257 1258/1/1258
f 1257/1/1257 1259/1/1259 1260/1/1260
f 374/10/374 1285/104/1285 1286/105/1286
f 1296/115/1296 1305/125/1305 1309/129/1309
f 357/11/357 1290/109/1290 1291/110/1291
f 1319/139/1319 1286/105/1286 1285/104/1285
f 1310/130/1310 1291/110/1291 1314/134/1314
f 372/11/372 1293/112/1293 1296/115/1296
f 1301/121/1301 1304/120/1304 1300/119/1300
f 1297/116/1297 1301/121/1301 1300/119/1300
f 1313/133/1313 1314/134/1314 1290/109/1290
f 1314/134/1314 1291/110/1291 1290/109/1290
f 1306/126/1306 1305/125/1305 1296/115/1296
f 1293/112/1293 1306/126/1306 1296/115/1296
f 1318/138/1318 1319/139/1319 1285/104/1285
f 1302/1/1302 1304/1/1304 1301/1/1301
f 1304/1/1304 1302/1/1302 1303/1/1303
f 1307/1/1307 1308/1/1308 1306/1/1306
f 1309/1/1309 1306/1/1306 1308/1/1308
f 1312/1/1312 1314/1/1314 1313/1/1313
f 1310/1/1310 1312/1/1312 1311/1/1311
f 1310/1/1310 1314/1/1314 1312/1/1312
f 1317/1/1317 1315/1/1315 1318/1/1318
f 1315/1/1315 1317/1/1317 1316/1/1316
f 1338/142/1338 1331/2/1331 1325/6/1325
f 1339/143/1339 1324/7/1324 1328/4/1328
f 1339/143/1339 1338/142/1338 1325/6/1325
f 1338/142/1338 1339/143/1339 1328/4/1328
f 1359/163/1359 1350/154/1350 1351/155/1351
f 1392/196/1392 1351/155/1351 1350/154/1350
f 1364/168/1364 1357/161/1357 1354/158/1354
f 1396/200/1396 1354/158/1354 1357/161/1357
f 1384/188/1384 1371/175/1371 1372/176/1372
f 1358/162/1358 1350/154/1350 1359/163/1359
f 1380/184/1380 1367/171/1367 1368/172/1368
f 1363/167/1363 1357/161/1357 1364/168/1364
f 347/11/347 1375/179/1375 1376/180/1376
f 350/10/350 1376/180/1376 1375/179/1375
f 22/10/22 1379/183/1379 1380/184/1380
f 1379/183/1379 1367/171/1367 1380/184/1380
f 5/11/5 1383/187/1383 1384/188/1384
f 1383/187/1383 1371/175/1371 1384/188/1384
f 1267/11/1267 1386/190/1386 1387/191/1387
f 1270/10/1270 1387/191/1387 1386/190/1386
f 20/11/20 1391/195/1391 1392/196/1392
f 1391/195/1391 1351/155/1351 1392/196/1392
f 3/10/3 1395/199/1395 1396/200/1396
f 1395/199/1395 1354/158/1354 1396/200/1396
f 1416/142/1416 1409/2/1409 1403/6/1403
f 1417/143/1417 1402/7/1402 1406/4/1406
g fff0a81b_00363_0087c802_e21
f 99/9/99 105/9/105 96/12/96
f 94/12/94 97/12/97 107/9/107
f 77/9/77 90/9/90 75/12/75
f 84/12/84 81/12/81 78/9/78
f 78/9/78 83/9/83 84/12/84
f 75/12/75 74/12/74 77/9/77
f 57/9/57 60/9/60 43/12/43
f 49/12/49 52/12/52 55/9/55
f 55/9/55 56/9/56 49/12/49
f 43/12/43 42/12/42 57/9/57
f 17/9/17 27/9/27 9/12/9
f 24/12/24 21/12/21 1393/197/1393
f 18/9/18 23/9/23 1381/185/1381
f 9/12/9 12/12/12 17/9/17
f 113/12/113 124/12/124 118/9/118
f 118/9/118 116/9/116 113/12/113
f 96/12/96 102/12/102 99/9/99
f 107/9/107 108/9/108 94/12/94
f 1/9/1 2/9/2 1397/201/1397
f 6/12/6 7/12/7 1385/189/1385
f 210/9/210 216/9/216 209/12/209
f 205/9/205 206/9/206 203/12/203
f 203/12/203 202/12/202 205/9/205
f 185/9/185 188/9/188 179/12/179
f 179/12/179 178/12/178 185/9/185
f 161/9/161 163/9/163 153/12/153
f 153/12/153 156/12/156 161/9/161
f 209/12/209 213/12/213 210/9/210
f 306/9/306 312/9/312 305/12/305
f 301/9/301 302/9/302 299/12/299
f 299/12/299 298/12/298 301/9/301
f 281/9/281 284/9/284 275/12/275
f 275/12/275 274/12/274 281/9/281
f 257/9/257 259/9/259 249/12/249
f 249/12/249 252/12/252 257/9/257
f 305/12/305 309/12/309 306/9/306
f 349/9/349 351/9/351 1374/178/1374
f 345/12/345 348/12/348 1377/181/1377
f 451/9/451 457/9/457 448/12/448
f 446/12/446 449/12/449 459/9/459
f 429/9/429 442/9/442 427/12/427
f 436/12/436 433/12/433 430/9/430
f 430/9/430 435/9/435 436/12/436
f 427/12/427 426/12/426 429/9/429
f 409/9/409 412/9/412 395/12/395
f 401/12/401 404/12/404 407/9/407
f 407/9/407 408/9/408 401/12/401
f 395/12/395 394/12/394 409/9/409
f 369/9/369 379/9/379 361/12/361
f 376/12/376 373/12/373 1295/114/1295
f 370/9/370 375/9/375 1287/106/1287
f 361/12/361 364/12/364 369/9/369
f 465/12/465 476/12/476 470/9/470
f 470/9/470 468/9/468 465/12/465
f 448/12/448 454/12/454 451/9/451
f 459/9/459 460/9/460 446/12/446
f 353/9/353 354/9/354 1299/118/1299
f 358/12/358 359/12/359 1292/111/1292
f 562/9/562 568/9/568 561/12/561
f 557/9/557 558/9/558 555/12/555
f 555/12/555 554/12/554 557/9/557
f 537/9/537 540/9/540 531/12/531
f 531/12/531 530/12/530 537/9/537
f 513/9/513 515/9/515 505/12/505
f 505/12/505 508/12/508 513/9/513
f 561/12/561 565/12/565 562/9/562
f 353/9/353 1299/118/1299 1298/117/1298
f 653/9/653 654/9/654 651/12/651
f 651/12/651 650/12/650 653/9/653
f 633/9/633 636/9/636 627/12/627
f 627/12/627 626/12/626 633/9/633
f 609/9/609 611/9/611 601/12/601
f 601/12/601 604/12/604 609/9/609
f 1299/118/1299 1303/123/1303 1298/117/1298
f 709/9/709 710/9/710 707/12/707
f 707/12/707 706/12/706 709/9/709
f 689/9/689 692/9/692 683/12/683
f 683/12/683 682/12/682 689/9/689
f 665/9/665 667/9/667 657/12/657
f 657/12/657 660/12/660 665/9/665
f 781/9/781 782/9/782 779/12/779
f 779/12/779 778/12/778 781/9/781
f 761/9/761 764/9/764 755/12/755
f 755/12/755 754/12/754 761/9/761
f 737/9/737 739/9/739 729/12/729
f 729/12/729 732/12/732 737/9/737
f 875/9/875 881/9/881 872/12/872
f 870/12/870 873/12/873 883/9/883
f 853/9/853 866/9/866 851/12/851
f 860/12/860 857/12/857 854/9/854
f 854/9/854 859/9/859 860/12/860
f 851/12/851 850/12/850 853/9/853
f 833/9/833 836/9/836 819/12/819
f 825/12/825 828/12/828 831/9/831
f 831/9/831 832/9/832 825/12/825
f 819/12/819 818/12/818 833/9/833
f 937/12/937 1470/244/1470 1469/243/1469
f 815/12/815 812/12/812 1210/30/1210
f 809/9/809 814/9/814 1437/211/1437
f 938/9/938 1469/243/1469 1470/244/1470
f 889/12/889 900/12/900 894/9/894
f 894/9/894 892/9/892 889/12/889
f 872/12/872 878/12/878 875/9/875
f 883/9/883 884/9/884 870/12/870
f 801/9/801 802/9/802 1213/33/1213
f 806/12/806 807/12/807 1440/214/1440
f 1454/228/1454 1203/23/1203 1204/24/1204
f 806/12/806 1440/214/1440 1443/217/1443
f 1440/214/1440 1432/206/1432 1443/217/1443
f 933/9/933 1446/220/1446 1445/219/1445
f 929/12/929 1445/219/1445 1446/220/1446
f 1467/241/1467 1457/231/1457 1453/227/1453
f 1462/236/1462 1452/226/1452 1448/222/1448
f 1453/227/1453 1203/23/1203 1454/228/1454
f 938/9/938 944/9/944 1469/243/1469
f 1463/237/1463 1467/241/1467 1453/227/1453
f 1464/238/1464 1453/227/1453 1454/228/1454
f 1463/237/1463 1453/227/1453 1464/238/1464
f 1458/232/1458 1462/236/1462 1448/222/1448
f 933/9/933 935/9/935 1446/220/1446
f 929/12/929 932/12/932 1445/219/1445
f 937/12/937 941/12/941 1470/244/1470
f 949/9/949 951/9/951 945/12/945
f 945/12/945 948/12/948 949/9/949
f 1051/9/1051 1057/9/1057 1048/12/1048
f 1046/12/1046 1049/12/1049 1059/9/1059
f 1029/9/1029 1042/9/1042 1027/12/1027
f 1036/12/1036 1033/12/1033 1030/9/1030
f 1030/9/1030 1035/9/1035 1036/12/1036
f 1027/12/1027 1026/12/1026 1029/9/1029
f 1009/9/1009 1012/9/1012 995/12/995
f 1001/12/1001 1004/12/1004 1007/9/1007
f 1007/9/1007 1008/9/1008 1001/12/1001
f 995/12/995 994/12/994 1009/9/1009
f 969/9/969 979/9/979 961/12/961
f 976/12/976 973/12/973 1236/57/1236
f 970/9/970 975/9/975 1250/71/1250
f 961/12/961 964/12/964 969/9/969
f 1065/12/1065 1076/12/1076 1070/9/1070
f 1070/9/1070 1068/9/1068 1065/12/1065
f 1048/12/1048 1054/12/1054 1051/9/1051
f 1059/9/1059 1060/9/1060 1046/12/1046
f 953/9/953 954/9/954 1240/61/1240
f 958/12/958 959/12/959 1254/75/1254
f 1146/9/1146 1152/9/1152 1145/12/1145
f 1141/9/1141 1142/9/1142 1139/12/1139
f 1139/12/1139 1138/12/1138 1141/9/1141
f 1121/9/1121 1124/9/1124 1115/12/1115
f 1115/12/1115 1114/12/1114 1121/9/1121
f 1109/9/1109 1111/9/1111 1105/12/1105
f 1105/12/1105 1108/12/1108 1109/9/1109
f 1145/12/1145 1149/12/1149 1146/9/1146
f 1189/9/1189 1284/99/1284 1283/98/1283
f 1265/12/1265 1268/12/1268 1388/192/1388
f 1269/9/1269 1271/9/1271 1389/193/1389
f 1260/81/1260 1259/80/1259 1274/88/1274
f 1261/83/1261 1262/84/1262 1278/92/1278
f 1189/9/1189 1191/9/1191 1284/99/1284
f 1185/12/1185 1188/12/1188 1283/98/1283
f 1185/12/1185 1283/98/1283 1284/99/1284
f 1197/9/1197 1199/9/1199 1193/12/1193
f 1193/12/1193 1196/12/1196 1197/9/1197
f 1261/83/1261 1278/92/1278 1277/91/1277
f 1277/91/1277 1278/92/1278 1251/72/1251
f 1459/233/1459 1448/222/1448 1449/223/1449
f 1231/52/1231 1204/24/1204 1203/23/1203
f 1226/47/1226 1208/28/1208 1205/25/1205
f 1458/232/1458 1448/222/1448 1459/233/1459
f 815/12/815 1210/30/1210 1211/31/1211
f 1210/30/1210 1224/44/1224 1211/31/1211
f 1213/33/1213 1218/38/1218 1216/36/1216
f 801/9/801 1213/33/1213 1216/36/1216
f 1218/38/1218 1219/39/1219 1216/36/1216
f 1437/211/1437 1428/202/1428 1438/212/1438
f 809/9/809 1437/211/1437 1438/212/1438
f 1224/44/1224 1223/43/1223 1211/31/1211
f 1443/217/1443 1432/206/1432 1435/209/1435
f 1225/46/1225 1208/28/1208 1226/47/1226
f 1232/53/1232 1204/24/1204 1231/52/1231
f 1452/226/1452 1205/25/1205 1448/222/1448
f 1243/64/1243 1235/56/1235 1236/57/1236
f 976/12/976 1236/57/1236 1235/56/1235
f 953/9/953 1240/61/1240 1237/58/1237
f 1248/69/1248 1237/58/1237 1240/61/1240
f 1254/75/1254 1273/87/1273 1255/76/1255
f 1242/63/1242 1235/56/1235 1243/64/1243
f 1245/66/1245 1237/58/1237 1248/69/1248
f 958/12/958 1254/75/1254 1255/76/1255
f 970/9/970 1250/71/1250 1251/72/1251
f 1250/71/1250 1277/91/1277 1251/72/1251
f 1273/87/1273 1274/88/1274 1255/76/1255
f 1260/81/1260 1274/88/1274 1273/87/1273
f 370/9/370 1287/106/1287 1288/107/1288
f 1316/136/1316 1288/107/1288 1287/106/1287
f 358/12/358 1292/111/1292 1289/108/1289
f 1311/131/1311 1289/108/1289 1292/111/1292
f 1295/114/1295 1308/128/1308 1294/113/1294
f 376/12/376 1295/114/1295 1294/113/1294
f 1317/137/1317 1288/107/1288 1316/136/1316
f 1303/123/1303 1302/122/1302 1298/117/1298
f 1312/132/1312 1289/108/1289 1311/131/1311
f 1308/128/1308 1307/127/1307 1294/113/1294
f 1361/165/1361 1352/156/1352 1353/157/1353
f 1390/194/1390 1353/157/1353 1352/156/1352
f 1362/166/1362 1355/159/1355 1356/160/1356
f 1394/198/1394 1356/160/1356 1355/159/1355
f 1382/186/1382 1373/177/1373 1370/174/1370
f 1360/164/1360 1352/156/1352 1361/165/1361
f 1378/182/1378 1369/173/1369 1366/170/1366
f 1365/169/1365 1355/159/1355 1362/166/1362
f 1371/1/1371 1370/1/1370 1372/1/1372
f 1373/1/1373 1372/1/1372 1370/1/1370
f 1366/1/1366 1368/1/1368 1367/1/1367
f 1368/1/1368 1366/1/1366 1369/1/1369
f 345/12/345 1377/181/1377 1374/178/1374
f 349/9/349 1374/178/1374 1377/181/1377
f 18/9/18 1381/185/1381 1378/182/1378
f 1381/185/1381 1369/173/1369 1378/182/1378
f 6/12/6 1385/189/1385 1382/186/1382
f 1385/189/1385 1373/177/1373 1382/186/1382
f 1265/12/1265 1388/192/1388 1389/193/1389
f 1269/9/1269 1389/193/1389 1388/192/1388
f 24/12/24 1393/197/1393 1390/194/1390
f 1393/197/1393 1353/157/1353 1390/194/1390
f 1/9/1 1397/201/1397 1394/198/1394
f 1397/201/1397 1356/160/1356 1394/198/1394
f 1457/231/1457 1203/23/1203 1453/227/1453
f 1438/212/1438 1428/202/1428 1431/205/1431
f 1448/222/1448 1205/25/1205 1449/223/1449
f 1449/223/1449 1205/25/1205 1208/28/1208
f 1225/1/1225 1226/1/1226 1228/1/1228
f 1227/1/1227 1228/1/1228 1226/1/1226
f 1232/1/1232 1231/1/1231 1229/1/1229
f 1230/1/1230 1229/1/1229 1231/1/1231
f 1435/1/1435 1433/1/1433 1434/1/1434
f 1433/1/1433 1435/1/1435 1432/1/1432
f 1431/1/1431 1428/1/1428 1430/1/1430
f 1429/1/1429 1430/1/1430 1428/1/1428
g fff0a81b_00363_0087c802_e19
f 34/2/34 29/1/29 36/8/36
f 32/4/32 33/5/33 30/3/30
f 148/2/148 147/1/147 146/8/146
f 145/4/145 144/5/144 143/3/143
f 146/8/146 142/6/142 148/2/148
f 144/5/144 145/4/145 141/7/141
f 132/2/132 131/1/131 130/8/130
f 129/4/129 128/5/128 127/3/127
f 130/8/130 126/6/126 132/2/132
f 128/5/128 129/4/129 125/7/125
f 36/8/36 35/6/35 34/2/34
f 33/5/33 32/4/32 31/7/31
f 68/2/68 67/1/67 66/8/66
f 65/4/65 64/5/64 63/3/63
f 66/8/66 62/6/62 68/2/68
f 64/5/64 65/4/65 61/7/61
f 170/2/170 165/1/165 172/8/172
f 168/4/168 169/5/169 166/3/166
f 244/2/244 243/1/243 242/8/242
f 241/4/241 240/5/240 239/3/239
f 242/8/242 238/6/238 244/2/244
f 240/5/240 241/4/241 237/7/237
f 228/2/228 227/1/227 226/8/226
f 225/4/225 224/5/224 223/3/223
f 226/8/226 222/6/222 228/2/228
f 224/5/224 225/4/225 221/7/221
f 172/8/172 171/6/171 170/2/170
f 169/5/169 168/4/168 167/7/167
f 196/2/196 195/1/195 194/8/194
f 193/4/193 192/5/192 191/3/191
f 194/8/194 190/6/190 196/2/196
f 192/5/192 193/4/193 189/7/189
f 266/2/266 261/1/261 268/8/268
f 264/4/264 265/5/265 262/3/262
f 340/2/340 339/1/339 338/8/338
f 337/4/337 336/5/336 335/3/335
f 338/8/338 334/6/334 340/2/340
f 336/5/336 337/4/337 333/7/333
f 324/2/324 323/1/323 322/8/322
f 321/4/321 320/5/320 319/3/319
f 322/8/322 318/6/318 324/2/324
f 320/5/320 321/4/321 317/7/317
f 268/8/268 267/6/267 266/2/266
f 265/5/265 264/4/264 263/7/263
f 292/2/292 291/1/291 290/8/290
f 289/4/289 288/5/288 287/3/287
f 290/8/290 286/6/286 292/2/292
f 288/5/288 289/4/289 285/7/285
f 1132/2/1132 1131/1/1131 1130/8/1130
f 1129/4/1129 1128/5/1128 1127/3/1127
f 1160/5/1160 1161/4/1161 1157/7/1157
f 1162/8/1162 1158/6/1158 1164/2/1164
f 386/2/386 381/1/381 388/8/388
f 384/4/384 385/5/385 382/3/382
f 500/2/500 499/1/499 498/8/498
f 497/4/497 496/5/496 495/3/495
f 498/8/498 494/6/494 500/2/500
f 496/5/496 497/4/497 493/7/493
f 484/2/484 483/1/483 482/8/482
f 481/4/481 480/5/480 479/3/479
f 482/8/482 478/6/478 484/2/484
f 480/5/480 481/4/481 477/7/477
f 388/8/388 387/6/387 386/2/386
f 385/5/385 384/4/384 383/7/383
f 420/2/420 419/1/419 418/8/418
f 417/4/417 416/5/416 415/3/415
f 418/8/418 414/6/414 420/2/420
f 416/5/416 417/4/417 413/7/413
f 522/2/522 517/1/517 524/8/524
f 520/4/520 521/5/521 518/3/518
f 596/2/596 595/1/595 594/8/594
f 593/4/593 592/5/592 591/3/591
f 594/8/594 590/6/590 596/2/596
f 592/5/592 593/4/593 589/7/589
f 580/2/580 579/1/579 578/8/578
f 577/4/577 576/5/576 575/3/575
f 578/8/578 574/6/574 580/2/580
f 576/5/576 577/4/577 573/7/573
f 524/8/524 523/6/523 522/2/522
f 521/5/521 520/4/520 519/7/519
f 548/2/548 547/1/547 546/8/546
f 545/4/545 544/5/544 543/3/543
f 546/8/546 542/6/542 548/2/548
f 544/5/544 545/4/545 541/7/541
f 618/2/618 613/1/613 620/8/620
f 616/4/616 617/5/617 614/3/614
f 1161/4/1161 1160/5/1160 1159/3/1159
f 1164/2/1164 1163/1/1163 1162/8/1162
f 1176/5/1176 1177/4/1177 1173/7/1173
f 1178/8/1178 1174/6/1174 1180/2/1180
f 1177/4/1177 1176/5/1176 1175/3/1175
f 1180/2/1180 1179/1/1179 1178/8/1178
f 1130/8/1130 1126/6/1126 1132/2/1132
f 1128/5/1128 1129/4/1129 1125/7/1125
f 620/8/620 619/6/619 618/2/618
f 617/5/617 616/4/616 615/7/615
f 644/2/644 643/1/643 642/8/642
f 641/4/641 640/5/640 639/3/639
f 642/8/642 638/6/638 644/2/644
f 640/5/640 641/4/641 637/7/637
f 674/2/674 669/1/669 676/8/676
f 672/4/672 673/5/673 670/3/670
f 724/2/724 723/1/723 722/8/722
f 721/4/721 720/5/720 719/3/719
f 722/8/722 718/6/718 724/2/724
f 720/5/720 721/4/721 717/7/717
f 676/8/676 675/6/675 674/2/674
f 673/5/673 672/4/672 671/7/671
f 700/2/700 699/1/699 698/8/698
f 697/4/697 696/5/696 695/3/695
f 698/8/698 694/6/694 700/2/700
f 696/5/696 697/4/697 693/7/693
f 746/2/746 741/1/741 748/8/748
f 744/4/744 745/5/745 742/3/742
f 796/2/796 795/1/795 794/8/794
f 793/4/793 792/5/792 791/3/791
f 794/8/794 790/6/790 796/2/796
f 792/5/792 793/4/793 789/7/789
f 748/8/748 747/6/747 746/2/746
f 745/5/745 744/4/744 743/7/743
f 772/2/772 771/1/771 770/8/770
f 769/4/769 768/5/768 767/3/767
f 770/8/770 766/6/766 772/2/772
f 768/5/768 769/4/769 765/7/765
f 840/5/840 841/4/841 837/7/837
f 842/8/842 838/6/838 844/2/844
f 924/2/924 923/1/923 922/8/922
f 921/4/921 920/5/920 919/3/919
f 922/8/922 918/6/918 924/2/924
f 920/5/920 921/4/921 917/7/917
f 908/2/908 907/1/907 906/8/906
f 905/4/905 904/5/904 903/3/903
f 906/8/906 902/6/902 908/2/908
f 904/5/904 905/4/905 901/7/901
f 841/4/841 840/5/840 839/3/839
f 844/2/844 843/1/843 842/8/842
f 986/2/986 981/1/981 988/8/988
f 984/4/984 985/5/985 982/3/982
f 1100/2/1100 1099/1/1099 1098/8/1098
f 1097/4/1097 1096/5/1096 1095/3/1095
f 1098/8/1098 1094/6/1094 1100/2/1100
f 1096/5/1096 1097/4/1097 1093/7/1093
f 1084/2/1084 1083/1/1083 1082/8/1082
f 1081/4/1081 1080/5/1080 1079/3/1079
f 1082/8/1082 1078/6/1078 1084/2/1084
f 1080/5/1080 1081/4/1081 1077/7/1077
f 988/8/988 987/6/987 986/2/986
f 985/5/985 984/4/984 983/7/983
f 1020/2/1020 1019/1/1019 1018/8/1018
f 1017/4/1017 1016/5/1016 1015/3/1015
f 1018/8/1018 1014/6/1014 1020/2/1020
f 1016/5/1016 1017/4/1017 1013/7/1013
f 1340/144/1340 1330/1/1330 1329/8/1329
f 1346/150/1346 1327/5/1327 1326/3/1326
f 1341/145/1341 1325/6/1325 1331/2/1331
f 1347/151/1347 1328/4/1328 1324/7/1324
f 1341/145/1341 1340/144/1340 1329/8/1329
f 1340/144/1340 1341/145/1341 1331/2/1331
f 1347/151/1347 1327/5/1327 1346/150/1346
f 1346/150/1346 1328/4/1328 1347/151/1347
f 1418/144/1418 1408/1/1408 1407/8/1407
f 1424/150/1424 1405/5/1405 1404/3/1404
f 1419/145/1419 1403/6/1403 1409/2/1409
f 1425/151/1425 1406/4/1406 1402/7/1402
f 1419/145/1419 1418/144/1418 1407/8/1407
f 1418/144/1418 1419/145/1419 1409/2/1409
f 1425/151/1425 1405/5/1405 1424/150/1424
f 1424/150/1424 1406/4/1406 1425/151/1425
g fff0a81b_00363_0087c802_e23
f 152/14/152 151/15/151 150/16/150
f 151/15/151 152/14/152 149/13/149
f 140/14/140 139/15/139 138/16/138
f 139/15/139 140/14/140 137/13/137
f 136/100/136 135/101/135 134/102/134
f 135/101/135 136/100/136 133/103/133
f 112/100/112 111/101/111 110/102/110
f 111/101/111 112/100/112 109/103/109
f 40/100/40 39/101/39 38/102/38
f 39/101/39 40/100/40 37/103/37
f 16/100/16 15/101/15 14/102/14
f 15/101/15 16/100/16 13/103/13
f 72/100/72 71/101/71 70/102/70
f 71/101/71 72/100/72 69/103/69
f 48/100/48 47/101/47 46/102/46
f 47/101/47 48/100/48 45/103/45
f 248/14/248 247/15/247 246/16/246
f 247/15/247 248/14/248 245/13/245
f 236/14/236 235/15/235 234/16/234
f 235/15/235 236/14/236 233/13/233
f 232/100/232 231/101/231 230/102/230
f 231/101/231 232/100/232 229/103/229
f 220/100/220 219/101/219 218/102/218
f 219/101/219 220/100/220 217/103/217
f 176/100/176 175/101/175 174/102/174
f 175/101/175 176/100/176 173/103/173
f 160/100/160 159/101/159 158/102/158
f 159/101/159 160/100/160 157/103/157
f 200/100/200 199/101/199 198/102/198
f 199/101/199 200/100/200 197/103/197
f 184/100/184 183/101/183 182/102/182
f 183/101/183 184/100/184 181/103/181
f 344/14/344 343/15/343 342/16/342
f 343/15/343 344/14/344 341/13/341
f 332/14/332 331/15/331 330/16/330
f 331/15/331 332/14/332 329/13/329
f 328/100/328 327/101/327 326/102/326
f 327/101/327 328/100/328 325/103/325
f 316/100/316 315/101/315 314/102/314
f 315/101/315 316/100/316 313/103/313
f 272/100/272 271/101/271 270/102/270
f 271/101/271 272/100/272 269/103/269
f 256/100/256 255/101/255 254/102/254
f 255/101/255 256/100/256 253/103/253
f 296/100/296 295/101/295 294/102/294
f 295/101/295 296/100/296 293/103/293
f 280/100/280 279/101/279 278/102/278
f 279/101/279 280/100/280 277/103/277
f 1136/100/1136 1135/101/1135 1134/102/1134
f 1135/101/1135 1136/100/1136 1133/103/1133
f 1120/100/1120 1119/101/1119 1118/102/1118
f 1119/101/1119 1120/100/1120 1117/103/1117
f 504/14/504 503/15/503 502/16/502
f 503/15/503 504/14/504 501/13/501
f 492/14/492 491/15/491 490/16/490
f 491/15/491 492/14/492 489/13/489
f 488/100/488 487/101/487 486/102/486
f 487/101/487 488/100/488 485/103/485
f 464/100/464 463/101/463 462/102/462
f 463/101/463 464/100/464 461/103/461
f 392/100/392 391/101/391 390/102/390
f 391/101/391 392/100/392 389/103/389
f 368/100/368 367/101/367 366/102/366
f 367/101/367 368/100/368 365/103/365
f 424/100/424 423/101/423 422/102/422
f 423/101/423 424/100/424 421/103/421
f 400/100/400 399/101/399 398/102/398
f 399/101/399 400/100/400 397/103/397
f 600/14/600 599/15/599 598/16/598
f 599/15/599 600/14/600 597/13/597
f 588/14/588 587/15/587 586/16/586
f 587/15/587 588/14/588 585/13/585
f 584/100/584 583/101/583 582/102/582
f 583/101/583 584/100/584 581/103/581
f 572/100/572 571/101/571 570/102/570
f 571/101/571 572/100/572 569/103/569
f 528/100/528 527/101/527 526/102/526
f 527/101/527 528/100/528 525/103/525
f 512/100/512 511/101/511 510/102/510
f 511/101/511 512/100/512 509/103/509
f 552/100/552 551/101/551 550/102/550
f 551/101/551 552/100/552 549/103/549
f 536/100/536 535/101/535 534/102/534
f 535/101/535 536/100/536 533/103/533
f 1155/101/1155 1156/100/1156 1153/103/1153
f 1156/100/1156 1155/101/1155 1154/102/1154
f 1167/101/1167 1168/100/1168 1165/103/1165
f 1168/100/1168 1167/101/1167 1166/102/1166
f 1171/15/1171 1172/14/1172 1169/13/1169
f 1172/14/1172 1171/15/1171 1170/16/1170
f 1183/15/1183 1184/14/1184 1181/13/1181
f 1184/14/1184 1183/15/1183 1182/16/1182
f 624/100/624 623/101/623 622/102/622
f 623/101/623 624/100/624 621/103/621
f 608/100/608 607/101/607 606/102/606
f 607/101/607 608/100/608 605/103/605
f 648/100/648 647/101/647 646/102/646
f 647/101/647 648/100/648 645/103/645
f 632/100/632 631/101/631 630/102/630
f 631/101/631 632/100/632 629/103/629
f 728/100/728 727/101/727 726/102/726
f 727/101/727 728/100/728 725/103/725
f 716/100/716 715/101/715 714/102/714
f 715/101/715 716/100/716 713/103/713
f 680/100/680 679/101/679 678/102/678
f 679/101/679 680/100/680 677/103/677
f 664/100/664 663/101/663 662/102/662
f 663/101/663 664/100/664 661/103/661
f 704/100/704 703/101/703 702/102/702
f 703/101/703 704/100/704 701/103/701
f 688/100/688 687/101/687 686/102/686
f 687/101/687 688/100/688 685/103/685
f 800/100/800 799/101/799 798/102/798
f 799/101/799 800/100/800 797/103/797
f 788/100/788 787/101/787 786/102/786
f 787/101/787 788/100/788 785/103/785
f 752/17/752 751/18/751 750/19/750
f 751/18/751 752/17/752 749/20/749
f 736/17/736 735/18/735 734/19/734
f 735/18/735 736/17/736 733/20/733
f 776/100/776 775/101/775 774/102/774
f 775/101/775 776/100/776 773/103/773
f 760/100/760 759/101/759 758/102/758
f 759/101/759 760/100/760 757/103/757
f 928/14/928 927/15/927 926/16/926
f 927/15/927 928/14/928 925/13/925
f 916/14/916 915/15/915 914/16/914
f 915/15/915 916/14/916 913/13/913
f 912/100/912 911/101/911 910/102/910
f 911/101/911 912/100/912 909/103/909
f 888/100/888 887/101/887 886/102/886
f 887/101/887 888/100/888 885/103/885
f 823/101/823 824/100/824 821/103/821
f 824/100/824 823/101/823 822/102/822
f 847/101/847 848/100/848 845/103/845
f 848/100/848 847/101/847 846/102/846
f 1104/14/1104 1103/15/1103 1102/16/1102
f 1103/15/1103 1104/14/1104 1101/13/1101
f 1092/14/1092 1091/15/1091 1090/16/1090
f 1091/15/1091 1092/14/1092 1089/13/1089
f 1088/100/1088 1087/101/1087 1086/102/1086
f 1087/101/1087 1088/100/1088 1085/103/1085
f 1064/100/1064 1063/101/1063 1062/102/1062
f 1063/101/1063 1064/100/1064 1061/103/1061
f 992/100/992 991/101/991 990/102/990
f 991/101/991 992/100/992 989/103/989
f 968/100/968 967/101/967 966/102/966
f 967/101/967 968/100/968 965/103/965
f 1024/100/1024 1023/101/1023 1022/102/1022
f 1023/101/1023 1024/100/1024 1021/103/1021
f 1000/100/1000 999/101/999 998/102/998
f 999/101/999 1000/100/1000 997/103/997
f 1337/141/1337 1336/140/1336 1333/102/1333
f 1345/149/1345 1344/148/1344 1332/103/1332
f 1343/147/1343 1342/146/1342 1321/102/1321
f 1349/153/1349 1348/152/1348 1320/103/1320
f 1337/141/1337 1334/101/1334 1336/140/1336
f 1335/100/1335 1334/101/1334 1337/141/1337
f 1343/147/1343 1322/101/1322 1342/146/1342
f 1323/100/1323 1322/101/1322 1343/147/1343
f 1345/149/1345 1335/100/1335 1344/148/1344
f 1334/101/1334 1335/100/1335 1345/149/1345
f 1349/153/1349 1323/100/1323 1348/152/1348
f 1322/101/1322 1323/100/1323 1349/153/1349
f 1415/141/1415 1414/140/1414 1411/102/1411
f 1423/149/1423 1422/148/1422 1410/103/1410
f 1421/147/1421 1420/146/1420 1399/102/1399
f 1427/153/1427 1426/152/1426 1398/103/1398
f 1415/141/1415 1412/101/1412 1414/140/1414
f 1413/100/1413 1412/101/1412 1415/141/1415
f 1421/147/1421 1400/101/1400 1420/146/1420
f 1401/100/1401 1400/101/1400 1421/147/1421
f 1423/149/1423 1413/100/1413 1422/148/1422
f 1412/101/1412 1413/100/1413 1423/149/1423
f 1427/153/1427 1401/100/1401 1426/152/1426
f 1400/101/1400 1401/100/1401 1427/153/1427
g fff0a81b_00363_0087c802_e20
f 12/12/12 11/11/11 28/10/28
f 27/9/27 26/10/26 10/11/10
f 10/11/10 9/12/9 27/9/27
f 124/12/124 123/11/123 122/10/122
f 121/10/121 120/10/120 119/9/119
f 108/9/108 107/9/107 106/10/106
f 105/9/105 104/10/104 103/11/103
f 92/10/92 91/10/91 90/9/90
f 89/9/89 88/9/88 87/10/87
f 87/10/87 86/10/86 89/9/89
f 85/11/85 84/12/84 83/9/83
f 83/9/83 82/10/82 85/11/85
f 44/11/44 43/12/43 60/9/60
f 60/9/60 59/10/59 44/11/44
f 42/12/42 41/11/41 58/10/58
f 102/12/102 101/11/101 100/10/100
f 122/10/122 118/9/118 124/12/124
f 81/12/81 80/11/80 79/10/79
f 79/10/79 78/9/78 81/12/81
f 100/10/100 99/9/99 102/12/102
f 105/9/105 99/9/99 100/10/100
f 106/10/106 98/10/98 108/9/108
f 106/10/106 107/9/107 97/12/97
f 100/10/100 104/10/104 105/9/105
f 58/10/58 57/9/57 42/12/42
f 103/11/103 96/12/96 105/9/105
f 56/9/56 55/9/55 54/10/54
f 60/9/60 57/9/57 58/10/58
f 79/10/79 82/10/82 83/9/83
f 83/9/83 78/9/78 79/10/79
f 95/11/95 94/12/94 108/9/108
f 54/10/54 53/10/53 56/9/56
f 54/10/54 55/9/55 52/12/52
f 52/12/52 51/11/51 54/10/54
f 108/9/108 98/10/98 95/11/95
f 58/10/58 59/10/59 60/9/60
f 119/9/119 117/9/117 121/10/121
f 50/11/50 49/12/49 56/9/56
f 8/12/8 7/12/7 6/12/6
f 7/12/7 8/12/8 5/12/5
f 4/10/4 3/10/3 2/9/2
f 2/9/2 1/9/1 4/10/4
f 4/10/4 1/9/1 1394/198/1394
f 25/11/25 24/12/24 1390/194/1390
f 23/9/23 22/10/22 1380/184/1380
f 56/9/56 53/10/53 50/11/50
f 97/12/97 93/11/93 106/10/106
f 21/12/21 20/11/20 1392/196/1392
f 19/10/19 18/9/18 1378/182/1378
f 7/12/7 5/11/5 1384/188/1384
f 2/9/2 3/10/3 1396/200/1396
f 8/11/8 6/12/6 1382/186/1382
f 116/9/116 115/10/115 114/11/114
f 114/11/114 113/12/113 116/9/116
f 28/10/28 26/10/26 27/9/27
f 76/11/76 75/12/75 90/9/90
f 90/9/90 91/10/91 76/11/76
f 74/12/74 73/11/73 92/10/92
f 92/10/92 77/9/77 74/12/74
f 90/9/90 77/9/77 92/10/92
f 27/9/27 17/9/17 28/10/28
f 28/10/28 17/9/17 12/12/12
f 156/12/156 155/11/155 164/10/164
f 163/9/163 162/10/162 154/11/154
f 154/11/154 153/12/153 163/9/163
f 164/10/164 161/9/161 156/12/156
f 216/9/216 215/10/215 214/11/214
f 208/10/208 207/10/207 206/9/206
f 180/11/180 179/12/179 188/9/188
f 188/9/188 187/10/187 180/11/180
f 178/12/178 177/11/177 186/10/186
f 213/12/213 212/11/212 211/10/211
f 163/9/163 161/9/161 164/10/164
f 211/10/211 210/9/210 213/12/213
f 216/9/216 210/9/210 211/10/211
f 211/10/211 215/10/215 216/9/216
f 186/10/186 185/9/185 178/12/178
f 214/11/214 209/12/209 216/9/216
f 188/9/188 185/9/185 186/10/186
f 186/10/186 187/10/187 188/9/188
f 206/9/206 205/9/205 208/10/208
f 208/10/208 205/9/205 202/12/202
f 164/10/164 162/10/162 163/9/163
f 204/11/204 203/12/203 206/9/206
f 206/9/206 207/10/207 204/11/204
f 202/12/202 201/11/201 208/10/208
f 252/12/252 251/11/251 260/10/260
f 259/9/259 258/10/258 250/11/250
f 250/11/250 249/12/249 259/9/259
f 260/10/260 257/9/257 252/12/252
f 312/9/312 311/10/311 310/11/310
f 304/10/304 303/10/303 302/9/302
f 276/11/276 275/12/275 284/9/284
f 284/9/284 283/10/283 276/11/276
f 274/12/274 273/11/273 282/10/282
f 309/12/309 308/11/308 307/10/307
f 259/9/259 257/9/257 260/10/260
f 307/10/307 306/9/306 309/12/309
f 312/9/312 306/9/306 307/10/307
f 307/10/307 311/10/311 312/9/312
f 282/10/282 281/9/281 274/12/274
f 310/11/310 305/12/305 312/9/312
f 284/9/284 281/9/281 282/10/282
f 282/10/282 283/10/283 284/9/284
f 302/9/302 301/9/301 304/10/304
f 304/10/304 301/9/301 298/12/298
f 260/10/260 258/10/258 259/9/259
f 300/11/300 299/12/299 302/9/302
f 302/9/302 303/10/303 300/11/300
f 298/12/298 297/11/297 304/10/304
f 348/12/348 347/11/347 1376/180/1376
f 351/9/351 350/10/350 1375/179/1375
f 346/11/346 345/12/345 1374/178/1374
f 352/10/352 349/9/349 1377/181/1377
f 351/9/351 349/9/349 352/10/352
f 352/10/352 350/10/350 351/9/351
f 364/12/364 363/11/363 380/10/380
f 379/9/379 378/10/378 362/11/362
f 362/11/362 361/12/361 379/9/379
f 476/12/476 475/11/475 474/10/474
f 473/10/473 472/10/472 471/9/471
f 460/9/460 459/9/459 458/10/458
f 457/9/457 456/10/456 455/11/455
f 444/10/444 443/10/443 442/9/442
f 441/9/441 440/9/440 439/10/439
f 439/10/439 438/10/438 441/9/441
f 437/11/437 436/12/436 435/9/435
f 435/9/435 434/10/434 437/11/437
f 396/11/396 395/12/395 412/9/412
f 412/9/412 411/10/411 396/11/396
f 394/12/394 393/11/393 410/10/410
f 454/12/454 453/11/453 452/10/452
f 474/10/474 470/9/470 476/12/476
f 433/12/433 432/11/432 431/10/431
f 431/10/431 430/9/430 433/12/433
f 452/10/452 451/9/451 454/12/454
f 457/9/457 451/9/451 452/10/452
f 458/10/458 450/10/450 460/9/460
f 458/10/458 459/9/459 449/12/449
f 452/10/452 456/10/456 457/9/457
f 410/10/410 409/9/409 394/12/394
f 455/11/455 448/12/448 457/9/457
f 408/9/408 407/9/407 406/10/406
f 412/9/412 409/9/409 410/10/410
f 431/10/431 434/10/434 435/9/435
f 435/9/435 430/9/430 431/10/431
f 447/11/447 446/12/446 460/9/460
f 406/10/406 405/10/405 408/9/408
f 406/10/406 407/9/407 404/12/404
f 404/12/404 403/11/403 406/10/406
f 460/9/460 450/10/450 447/11/447
f 410/10/410 411/10/411 412/9/412
f 471/9/471 469/9/469 473/10/473
f 402/11/402 401/12/401 408/9/408
f 360/12/360 359/12/359 358/12/358
f 359/12/359 360/12/360 357/12/357
f 356/10/356 355/10/355 354/9/354
f 354/9/354 353/9/353 356/10/356
f 356/10/356 353/9/353 1298/117/1298
f 377/11/377 376/12/376 1294/113/1294
f 375/9/375 374/10/374 1286/105/1286
f 408/9/408 405/10/405 402/11/402
f 449/12/449 445/11/445 458/10/458
f 373/12/373 372/11/372 1296/115/1296
f 371/10/371 370/9/370 1288/107/1288
f 359/12/359 357/11/357 1291/110/1291
f 354/9/354 355/10/355 1300/119/1300
f 360/11/360 358/12/358 1289/108/1289
f 468/9/468 467/10/467 466/11/466
f 466/11/466 465/12/465 468/9/468
f 380/10/380 378/10/378 379/9/379
f 428/11/428 427/12/427 442/9/442
f 442/9/442 443/10/443 428/11/428
f 426/12/426 425/11/425 444/10/444
f 444/10/444 429/9/429 426/12/426
f 442/9/442 429/9/429 444/10/444
f 379/9/379 369/9/369 380/10/380
f 380/10/380 369/9/369 364/12/364
f 508/12/508 507/11/507 516/10/516
f 515/9/515 514/10/514 506/11/506
f 506/11/506 505/12/505 515/9/515
f 516/10/516 513/9/513 508/12/508
f 568/9/568 567/10/567 566/11/566
f 560/10/560 559/10/559 558/9/558
f 532/11/532 531/12/531 540/9/540
f 540/9/540 539/10/539 532/11/532
f 530/12/530 529/11/529 538/10/538
f 565/12/565 564/11/564 563/10/563
f 515/9/515 513/9/513 516/10/516
f 563/10/563 562/9/562 565/12/565
f 568/9/568 562/9/562 563/10/563
f 563/10/563 567/10/567 568/9/568
f 538/10/538 537/9/537 530/12/530
f 566/11/566 561/12/561 568/9/568
f 540/9/540 537/9/537 538/10/538
f 538/10/538 539/10/539 540/9/540
f 558/9/558 557/9/557 560/10/560
f 560/10/560 557/9/557 554/12/554
f 516/10/516 514/10/514 515/9/515
f 556/11/556 555/12/555 558/9/558
f 558/9/558 559/10/559 556/11/556
f 554/12/554 553/11/553 560/10/560
f 604/12/604 603/11/603 612/10/612
f 611/9/611 610/10/610 602/11/602
f 602/11/602 601/12/601 611/9/611
f 612/10/612 609/9/609 604/12/604
f 354/9/354 1300/119/1300 1299/118/1299
f 656/10/656 655/10/655 654/9/654
f 628/11/628 627/12/627 636/9/636
f 636/9/636 635/10/635 628/11/628
f 626/12/626 625/11/625 634/10/634
f 1300/119/1300 1304/124/1304 1299/118/1299
f 611/9/611 609/9/609 612/10/612
f 356/10/356 1298/117/1298 1297/116/1297
f 1298/117/1298 1302/122/1302 1297/116/1297
f 373/12/373 1296/115/1296 1295/114/1295
f 634/10/634 633/9/633 626/12/626
f 1296/115/1296 1309/129/1309 1295/114/1295
f 636/9/636 633/9/633 634/10/634
f 634/10/634 635/10/635 636/9/636
f 654/9/654 653/9/653 656/10/656
f 656/10/656 653/9/653 650/12/650
f 612/10/612 610/10/610 611/9/611
f 652/11/652 651/12/651 654/9/654
f 654/9/654 655/10/655 652/11/652
f 650/12/650 649/11/649 656/10/656
f 660/12/660 659/11/659 668/10/668
f 667/9/667 666/10/666 658/11/658
f 658/11/658 657/12/657 667/9/667
f 668/10/668 665/9/665 660/12/660
f 712/10/712 711/10/711 710/9/710
f 684/11/684 683/12/683 692/9/692
f 692/9/692 691/10/691 684/11/684
f 682/12/682 681/11/681 690/10/690
f 667/9/667 665/9/665 668/10/668
f 690/10/690 689/9/689 682/12/682
f 692/9/692 689/9/689 690/10/690
f 690/10/690 691/10/691 692/9/692
f 710/9/710 709/9/709 712/10/712
f 712/10/712 709/9/709 706/12/706
f 668/10/668 666/10/666 667/9/667
f 708/11/708 707/12/707 710/9/710
f 710/9/710 711/10/711 708/11/708
f 706/12/706 705/11/705 712/10/712
f 732/12/732 731/11/731 740/10/740
f 739/9/739 738/10/738 730/11/730
f 730/11/730 729/12/729 739/9/739
f 740/10/740 737/9/737 732/12/732
f 784/10/784 783/10/783 782/9/782
f 756/11/756 755/12/755 764/9/764
f 764/9/764 763/10/763 756/11/756
f 754/12/754 753/11/753 762/10/762
f 739/9/739 737/9/737 740/10/740
f 762/10/762 761/9/761 754/12/754
f 764/9/764 761/9/761 762/10/762
f 762/10/762 763/10/763 764/9/764
f 782/9/782 781/9/781 784/10/784
f 784/10/784 781/9/781 778/12/778
f 740/10/740 738/10/738 739/9/739
f 780/11/780 779/12/779 782/9/782
f 782/9/782 783/10/783 780/11/780
f 778/12/778 777/11/777 784/10/784
f 941/12/941 1471/245/1471 1470/244/1470
f 939/10/939 1470/244/1470 1471/245/1471
f 942/11/942 1469/243/1469 1468/242/1468
f 900/12/900 899/11/899 898/10/898
f 897/10/897 896/10/896 895/9/895
f 884/9/884 883/9/883 882/10/882
f 881/9/881 880/10/880 879/11/879
f 868/10/868 867/10/867 866/9/866
f 865/9/865 864/9/864 863/10/863
f 863/10/863 862/10/862 865/9/865
f 861/11/861 860/12/860 859/9/859
f 859/9/859 858/10/858 861/11/861
f 820/11/820 819/12/819 836/9/836
f 836/9/836 835/10/835 820/11/820
f 818/12/818 817/11/817 834/10/834
f 878/12/878 877/11/877 876/10/876
f 898/10/898 894/9/894 900/12/900
f 857/12/857 856/11/856 855/10/855
f 855/10/855 854/9/854 857/12/857
f 876/10/876 875/9/875 878/12/878
f 881/9/881 875/9/875 876/10/876
f 882/10/882 874/10/874 884/9/884
f 882/10/882 883/9/883 873/12/873
f 876/10/876 880/10/880 881/9/881
f 834/10/834 833/9/833 818/12/818
f 879/11/879 872/12/872 881/9/881
f 832/9/832 831/9/831 830/10/830
f 836/9/836 833/9/833 834/10/834
f 855/10/855 858/10/858 859/9/859
f 859/9/859 854/9/854 855/10/855
f 871/11/871 870/12/870 884/9/884
f 830/10/830 829/10/829 832/9/832
f 830/10/830 831/9/831 828/12/828
f 828/12/828 827/11/827 830/10/830
f 884/9/884 874/10/874 871/11/871
f 834/10/834 835/10/835 836/9/836
f 895/9/895 893/9/893 897/10/897
f 826/11/826 825/12/825 832/9/832
f 808/12/808 807/12/807 806/12/806
f 807/12/807 808/12/808 805/12/805
f 804/10/804 803/10/803 802/9/802
f 802/9/802 801/9/801 804/10/804
f 804/10/804 801/9/801 1216/36/1216
f 816/11/816 815/12/815 1211/31/1211
f 814/9/814 813/10/813 1436/210/1436
f 832/9/832 829/10/829 826/11/826
f 873/12/873 869/11/869 882/10/882
f 812/12/812 811/11/811 1209/29/1209
f 810/10/810 809/9/809 1438/212/1438
f 807/12/807 805/11/805 1441/215/1441
f 802/9/802 803/10/803 1214/34/1214
f 808/11/808 806/12/806 1443/217/1443
f 892/9/892 891/10/891 890/11/890
f 890/11/890 889/12/889 892/9/892
f 944/9/944 1468/242/1468 1469/243/1469
f 852/11/852 851/12/851 866/9/866
f 866/9/866 867/10/867 852/11/852
f 850/12/850 849/11/849 868/10/868
f 868/10/868 853/9/853 850/12/850
f 866/9/866 853/9/853 868/10/868
f 21/12/21 1392/196/1392 1393/197/1393
f 1390/194/1390 1352/156/1352 1391/195/1391
f 7/12/7 1384/188/1384 1385/189/1385
f 1382/186/1382 1370/174/1370 1383/187/1383
f 8/11/8 1382/186/1382 1383/187/1383
f 1380/184/1380 1368/172/1368 1381/185/1381
f 25/11/25 1390/194/1390 1391/195/1391
f 808/11/808 1443/217/1443 1442/216/1442
f 935/9/935 1447/221/1447 1446/220/1446
f 930/11/930 1446/220/1446 1447/221/1447
f 936/10/936 1445/219/1445 1444/218/1444
f 1271/9/1271 1386/190/1386 1389/193/1389
f 23/9/23 1380/184/1380 1381/185/1381
f 1266/11/1266 1389/193/1389 1386/190/1386
f 1272/10/1272 1388/192/1388 1387/191/1387
f 1268/12/1268 1387/191/1387 1388/192/1388
f 932/12/932 1444/218/1444 1445/219/1445
f 1384/188/1384 1372/176/1372 1385/189/1385
f 1456/230/1456 1467/241/1467 1466/240/1466
f 1396/200/1396 1357/161/1357 1397/201/1397
f 1443/217/1443 1435/209/1435 1442/216/1442
f 807/12/807 1441/215/1441 1440/214/1440
f 1378/182/1378 1366/170/1366 1379/183/1379
f 1441/215/1441 1433/207/1433 1440/214/1440
f 1438/212/1438 1431/205/1431 1439/213/1439
f 810/10/810 1438/212/1438 1439/213/1439
f 932/12/932 931/11/931 1444/218/1444
f 935/9/935 934/10/934 1447/221/1447
f 930/11/930 929/12/929 1446/220/1446
f 936/10/936 933/9/933 1445/219/1445
f 944/9/944 943/10/943 1468/242/1468
f 1454/228/1454 1465/239/1465 1464/238/1464
f 1451/225/1451 1462/236/1462 1461/235/1461
f 1449/223/1449 1460/234/1460 1459/233/1459
f 1456/230/1456 1202/22/1202 1457/231/1457
f 941/12/941 940/11/940 1471/245/1471
f 935/9/935 933/9/933 936/10/936
f 939/10/939 938/9/938 1470/244/1470
f 944/9/944 938/9/938 939/10/939
f 939/10/939 943/10/943 944/9/944
f 1456/230/1456 1457/231/1457 1467/241/1467
f 942/11/942 937/12/937 1469/243/1469
f 1454/228/1454 1204/24/1204 1455/229/1455
f 1454/228/1454 1455/229/1455 1465/239/1465
f 1451/225/1451 1206/26/1206 1452/226/1452
f 1451/225/1451 1452/226/1452 1462/236/1462
f 936/10/936 934/10/934 935/9/935
f 1449/223/1449 1208/28/1208 1450/224/1450
f 1449/223/1449 1450/224/1450 1460/234/1460
f 2/9/2 1396/200/1396 1397/201/1397
f 948/12/948 947/11/947 952/10/952
f 951/9/951 950/10/950 946/11/946
f 946/11/946 945/12/945 951/9/951
f 952/10/952 949/9/949 948/12/948
f 951/9/951 949/9/949 952/10/952
f 952/10/952 950/10/950 951/9/951
f 964/12/964 963/11/963 980/10/980
f 979/9/979 978/10/978 962/11/962
f 962/11/962 961/12/961 979/9/979
f 1076/12/1076 1075/11/1075 1074/10/1074
f 1073/10/1073 1072/10/1072 1071/9/1071
f 1060/9/1060 1059/9/1059 1058/10/1058
f 1057/9/1057 1056/10/1056 1055/11/1055
f 1044/10/1044 1043/10/1043 1042/9/1042
f 1041/9/1041 1040/9/1040 1039/10/1039
f 1039/10/1039 1038/10/1038 1041/9/1041
f 1037/11/1037 1036/12/1036 1035/9/1035
f 1035/9/1035 1034/10/1034 1037/11/1037
f 996/11/996 995/12/995 1012/9/1012
f 1012/9/1012 1011/10/1011 996/11/996
f 994/12/994 993/11/993 1010/10/1010
f 1054/12/1054 1053/11/1053 1052/10/1052
f 1074/10/1074 1070/9/1070 1076/12/1076
f 1033/12/1033 1032/11/1032 1031/10/1031
f 1031/10/1031 1030/9/1030 1033/12/1033
f 1052/10/1052 1051/9/1051 1054/12/1054
f 1057/9/1057 1051/9/1051 1052/10/1052
f 1058/10/1058 1050/10/1050 1060/9/1060
f 1058/10/1058 1059/9/1059 1049/12/1049
f 1052/10/1052 1056/10/1056 1057/9/1057
f 1010/10/1010 1009/9/1009 994/12/994
f 1055/11/1055 1048/12/1048 1057/9/1057
f 1008/9/1008 1007/9/1007 1006/10/1006
f 1012/9/1012 1009/9/1009 1010/10/1010
f 1031/10/1031 1034/10/1034 1035/9/1035
f 1035/9/1035 1030/9/1030 1031/10/1031
f 1047/11/1047 1046/12/1046 1060/9/1060
f 1006/10/1006 1005/10/1005 1008/9/1008
f 1006/10/1006 1007/9/1007 1004/12/1004
f 1004/12/1004 1003/11/1003 1006/10/1006
f 1060/9/1060 1050/10/1050 1047/11/1047
f 1010/10/1010 1011/10/1011 1012/9/1012
f 1071/9/1071 1069/9/1069 1073/10/1073
f 1002/11/1002 1001/12/1001 1008/9/1008
f 960/12/960 959/12/959 958/12/958
f 959/12/959 960/12/960 957/12/957
f 956/10/956 955/10/955 954/9/954
f 954/9/954 953/9/953 956/10/956
f 956/10/956 953/9/953 1237/58/1237
f 977/11/977 976/12/976 1235/56/1235
f 975/9/975 974/10/974 1249/70/1249
f 1008/9/1008 1005/10/1005 1002/11/1002
f 1049/12/1049 1045/11/1045 1058/10/1058
f 973/12/973 972/11/972 1233/54/1233
f 971/10/971 970/9/970 1251/72/1251
f 959/12/959 957/11/957 1253/74/1253
f 954/9/954 955/10/955 1239/60/1239
f 960/11/960 958/12/958 1255/76/1255
f 1068/9/1068 1067/10/1067 1066/11/1066
f 1066/11/1066 1065/12/1065 1068/9/1068
f 980/10/980 978/10/978 979/9/979
f 1028/11/1028 1027/12/1027 1042/9/1042
f 1042/9/1042 1043/10/1043 1028/11/1028
f 1026/12/1026 1025/11/1025 1044/10/1044
f 1044/10/1044 1029/9/1029 1026/12/1026
f 1042/9/1042 1029/9/1029 1044/10/1044
f 979/9/979 969/9/969 980/10/980
f 980/10/980 969/9/969 964/12/964
f 1108/12/1108 1107/11/1107 1112/10/1112
f 1111/9/1111 1110/10/1110 1106/11/1106
f 1106/11/1106 1105/12/1105 1111/9/1111
f 1112/10/1112 1109/9/1109 1108/12/1108
f 1152/9/1152 1151/10/1151 1150/11/1150
f 1144/10/1144 1143/10/1143 1142/9/1142
f 1116/11/1116 1115/12/1115 1124/9/1124
f 1124/9/1124 1123/10/1123 1116/11/1116
f 1114/12/1114 1113/11/1113 1122/10/1122
f 1149/12/1149 1148/11/1148 1147/10/1147
f 1111/9/1111 1109/9/1109 1112/10/1112
f 1147/10/1147 1146/9/1146 1149/12/1149
f 1152/9/1152 1146/9/1146 1147/10/1147
f 1147/10/1147 1151/10/1151 1152/9/1152
f 1122/10/1122 1121/9/1121 1114/12/1114
f 1150/11/1150 1145/12/1145 1152/9/1152
f 1124/9/1124 1121/9/1121 1122/10/1122
f 1122/10/1122 1123/10/1123 1124/9/1124
f 1142/9/1142 1141/9/1141 1144/10/1144
f 1144/10/1144 1141/9/1141 1138/12/1138
f 1112/10/1112 1110/10/1110 1111/9/1111
f 1140/11/1140 1139/12/1139 1142/9/1142
f 1142/9/1142 1143/10/1143 1140/11/1140
f 1138/12/1138 1137/11/1137 1144/10/1144
f 1188/12/1188 1187/11/1187 1282/97/1282
f 1191/9/1191 1190/10/1190 1281/96/1281
f 1186/11/1186 1185/12/1185 1284/99/1284
f 1192/10/1192 1189/9/1189 1283/98/1283
f 1191/9/1191 1281/96/1281 1284/99/1284
f 1272/10/1272 1270/10/1270 1271/9/1271
f 1271/9/1271 1269/9/1269 1272/10/1272
f 1272/10/1272 1269/9/1269 1388/192/1388
f 1266/11/1266 1265/12/1265 1389/193/1389
f 1186/11/1186 1284/99/1284 1281/96/1281
f 1191/9/1191 1189/9/1189 1192/10/1192
f 1192/10/1192 1283/98/1283 1282/97/1282
f 1188/12/1188 1282/97/1282 1283/98/1283
f 1249/70/1249 1280/94/1280 1277/95/1277
f 1271/9/1271 1270/10/1270 1386/190/1386
f 1277/95/1277 1280/94/1280 1261/82/1261
f 1268/12/1268 1267/11/1267 1387/191/1387
f 1249/70/1249 1277/95/1277 1250/71/1250
f 1280/94/1280 1264/86/1264 1261/82/1261
f 1257/78/1257 1260/81/1260 1273/87/1273
f 1192/10/1192 1190/10/1190 1191/9/1191
f 1262/84/1262 1263/85/1263 1279/93/1279
f 1259/80/1259 1258/79/1258 1275/89/1275
f 1255/76/1255 1274/88/1274 1256/77/1256
f 1196/12/1196 1195/11/1195 1200/10/1200
f 1199/9/1199 1198/10/1198 1194/11/1194
f 1194/11/1194 1193/12/1193 1199/9/1199
f 1200/10/1200 1197/9/1197 1196/12/1196
f 1199/9/1199 1197/9/1197 1200/10/1200
f 1200/10/1200 1198/10/1198 1199/9/1199
f 1262/84/1262 1279/93/1279 1278/92/1278
f 1278/92/1278 1279/93/1279 1252/73/1252
f 1257/78/1257 1273/87/1273 1276/90/1276
f 1276/90/1276 1273/87/1273 1254/75/1254
f 1259/80/1259 1275/89/1275 1274/88/1274
f 1274/88/1274 1275/89/1275 1256/77/1256
f 1457/231/1457 1202/22/1202 1203/23/1203
f 1230/51/1230 1203/23/1203 1202/22/1202
f 1455/229/1455 1204/24/1204 1201/21/1201
f 1232/53/1232 1201/21/1201 1204/24/1204
f 1227/48/1227 1205/25/1205 1206/26/1206
f 1452/226/1452 1206/26/1206 1205/25/1205
f 1436/210/1436 1429/203/1429 1437/211/1437
f 1450/224/1450 1208/28/1208 1207/27/1207
f 812/12/812 1209/29/1209 1210/30/1210
f 1209/29/1209 1221/41/1221 1210/30/1210
f 816/11/816 1211/31/1211 1212/32/1212
f 1211/31/1211 1223/43/1223 1212/32/1212
f 1214/34/1214 1217/37/1217 1213/33/1213
f 802/9/802 1214/34/1214 1213/33/1213
f 1216/36/1216 1219/39/1219 1215/35/1215
f 804/10/804 1216/36/1216 1215/35/1215
f 1217/37/1217 1218/38/1218 1213/33/1213
f 19/10/19 1378/182/1378 1379/183/1379
f 1219/39/1219 1220/40/1220 1215/35/1215
f 814/9/814 1436/210/1436 1437/211/1437
f 1442/216/1442 1435/209/1435 1434/208/1434
f 1223/43/1223 1222/42/1222 1212/32/1212
f 1394/198/1394 1355/159/1355 1395/199/1395
f 1221/41/1221 1224/44/1224 1210/30/1210
f 1228/45/1228 1207/27/1207 1225/46/1225
f 1225/46/1225 1207/27/1207 1208/28/1208
f 1440/214/1440 1433/207/1433 1432/206/1432
f 1226/47/1226 1205/25/1205 1227/48/1227
f 4/10/4 1394/198/1394 1395/199/1395
f 1439/213/1439 1431/205/1431 1430/204/1430
f 1231/52/1231 1203/23/1203 1230/51/1230
f 1392/196/1392 1350/154/1350 1393/197/1393
f 1229/50/1229 1201/21/1201 1232/53/1232
f 1437/211/1437 1429/203/1429 1428/202/1428
f 1242/63/1242 1234/55/1234 1235/56/1235
f 977/11/977 1235/56/1235 1234/55/1234
f 1244/65/1244 1236/57/1236 1233/54/1233
f 973/12/973 1233/54/1233 1236/57/1236
f 956/10/956 1237/58/1237 1238/59/1238
f 1245/66/1245 1238/59/1238 1237/58/1237
f 954/9/954 1239/60/1239 1240/61/1240
f 1247/68/1247 1240/61/1240 1239/60/1239
f 971/10/971 1251/72/1251 1252/73/1252
f 1241/62/1241 1234/55/1234 1242/63/1242
f 960/11/960 1255/76/1255 1256/77/1256
f 1243/64/1243 1236/57/1236 1244/65/1244
f 1246/67/1246 1238/59/1238 1245/66/1245
f 1253/74/1253 1276/90/1276 1254/75/1254
f 1248/69/1248 1240/61/1240 1247/68/1247
f 959/12/959 1253/74/1253 1254/75/1254
f 975/9/975 1249/70/1249 1250/71/1250
f 1251/72/1251 1278/92/1278 1252/73/1252
f 375/9/375 1286/105/1286 1287/106/1287
f 1315/135/1315 1287/106/1287 1286/105/1286
f 371/10/371 1288/107/1288 1285/104/1285
f 1317/137/1317 1285/104/1285 1288/107/1288
f 360/11/360 1289/108/1289 1290/109/1290
f 1312/132/1312 1290/109/1290 1289/108/1289
f 359/12/359 1291/110/1291 1292/111/1292
f 1310/130/1310 1292/111/1292 1291/110/1291
f 1294/113/1294 1307/127/1307 1293/112/1293
f 377/11/377 1294/113/1294 1293/112/1293
f 1318/138/1318 1285/104/1285 1317/137/1317
f 1302/122/1302 1301/121/1301 1297/116/1297
f 1316/136/1316 1287/106/1287 1315/135/1315
f 1304/124/1304 1303/123/1303 1299/118/1299
f 1313/133/1313 1290/109/1290 1312/132/1312
f 1307/127/1307 1306/126/1306 1293/112/1293
f 1311/131/1311 1292/111/1292 1310/130/1310
f 1309/129/1309 1308/128/1308 1295/114/1295
f 1360/164/1360 1351/155/1351 1352/156/1352
f 1391/195/1391 1352/156/1352 1351/155/1351
f 1358/162/1358 1353/157/1353 1350/154/1350
f 1393/197/1393 1350/154/1350 1353/157/1353
f 1365/169/1365 1354/158/1354 1355/159/1355
f 1395/199/1395 1355/159/1355 1354/158/1354
f 1363/167/1363 1356/160/1356 1357/161/1357
f 1397/201/1397 1357/161/1357 1356/160/1356
f 1385/189/1385 1372/176/1372 1373/177/1373
f 1359/163/1359 1351/155/1351 1360/164/1360
f 1383/187/1383 1370/174/1370 1371/175/1371
f 1361/165/1361 1353/157/1353 1358/162/1358
f 1381/185/1381 1368/172/1368 1369/173/1369
f 1362/166/1362 1356/160/1356 1363/167/1363
f 1379/183/1379 1366/170/1366 1367/171/1367
f 1364/168/1364 1354/158/1354 1365/169/1365
f 346/11/346 1374/178/1374 1375/179/1375
f 351/9/351 1375/179/1375 1374/178/1374
f 348/12/348 1376/180/1376 1377/181/1377
f 352/10/352 1377/181/1377 1376/180/1376
