# fff05ca9_00002_0004e562
o fff05ca9_00002_0004e562
v -1.113987 -38.326969 -23.843637
v 10.371067 -38.334717 -23.864918
v -1.113884 -35.732483 -21.703384
v 10.379869 -35.862663 -21.796984
v -1.582501 -28.021952 -14.394065
v 25.516214 -35.875229 -21.787342
v 25.510382 -28.332056 -15.477322
v -0.927360 -10.687345 0.398620
v 8.216089 -10.094727 1.519141
v 25.516123 -9.120830 0.330020
v 39.535831 -28.343708 -15.468397
v 39.541557 -9.132472 1.019308
v 39.537994 -21.081255 -9.393195
v 43.933556 -9.136103 0.605033
v 43.931004 -17.739960 -6.592281
v 0.757231 -3.721821 5.289066
v 8.218042 -3.276253 5.750730
v -17.892038 -3.812741 5.486217
v 0.927975 -2.082131 6.428622
v -17.891016 -2.066638 6.466971
v 0.929087 -0.192779 6.995064
v -17.889862 -0.177284 6.593596
v 0.930570 1.784289 6.681977
v -17.888418 1.799787 7.135674
v 0.932319 3.781228 7.226749
v -17.886660 3.796715 6.874380
v 0.205380 3.778341 6.375570
v -17.886225 3.793819 5.674038
v 0.206937 11.794826 5.677060
v -17.884916 11.811028 6.090684
v -17.884487 11.793056 4.460510
v 0.936062 19.781214 5.344619
v -17.882919 19.796696 4.446150
v 0.931851 21.750235 5.275561
v -17.480228 21.765388 5.376054
v 0.930762 23.629059 5.952870
v -17.481295 23.644215 5.472654
v 0.931819 25.366629 7.096243
v -17.480240 25.381775 6.870480
v 0.939794 26.897228 7.488349
v -17.472281 26.912374 8.427026
v 0.296751 33.773514 13.727427
v -21.748201 33.788712 13.503979
v 0.935856 50.809738 28.124155
v 0.931552 52.560711 29.246237
v -21.755123 52.575886 30.001982
v 0.931304 54.457088 29.400211
v 0.930862 56.426064 30.072050
v 0.930205 58.422329 29.681047
v -10.397778 70.389717 29.530527
v -10.413706 58.430008 29.675171
v -10.423616 56.433712 29.710068
v -10.433168 54.464779 29.394323
v -10.442139 52.568424 28.736526
v -9.724568 50.644318 28.076897
v 2.485689 80.423531 30.472355
v -16.651836 70.635895 29.674976
v -16.651873 80.438309 30.444950
v 0.931597 82.394905 30.159481
v -16.650461 82.409500 29.995853
v 0.932716 84.274475 31.192841
v -16.649343 84.289101 32.966568
v 0.933537 86.008560 32.115131
v -16.505342 86.023003 31.674086
v 0.933954 88.089157 32.878262
v -16.624773 87.646309 33.033630
v -10.776490 58.362576 31.548197
v -17.164307 58.366138 31.545477
v -15.780807 58.049133 30.259195
v -10.778622 58.381130 30.192955
v -13.612304 57.838737 30.260077
v 12.814931 -28.780600 -15.869442
v 9.631372 -31.653927 -18.277279
v 10.584507 -29.785528 -16.713055
v 20.430201 -29.868074 -16.733213
v 29.862432 -20.047453 -8.541280
v 33.001469 -18.259539 -7.041472
v 35.357075 -14.598036 -3.975412
v 23.228260 -23.036224 -11.050272
v 16.781420 -28.732658 -15.824056
v 10.490327 -33.502380 -19.822407
v 21.712358 -28.572836 -15.687687
v 20.283365 -26.559483 -14.001487
v 21.638834 -29.608154 -16.521818
v 34.238281 -16.528667 -5.591915
v 37.258865 -10.154665 -0.255776
v 28.353191 -23.184994 -11.167909
v 25.692564 -23.605377 -11.523111
v 26.978006 -23.801853 -11.685757
v 29.128813 -21.953255 -10.136500
v 30.957783 -19.222313 -7.849575
v 24.118052 -23.169155 -11.160287
v 21.468792 -23.474354 -11.419119
v 20.289339 -24.767450 -12.815006
v 21.097044 -27.522114 -14.805664
v 10.858322 -34.665047 -20.794510
v -5.820311 21.755836 4.800959
v -5.772579 19.786680 4.453796
v -7.204278 22.587118 5.100130
v -7.416345 23.635931 5.479007
v -7.363079 24.483995 5.965925
v -7.243708 25.373341 6.476621
v -8.026181 26.174511 7.146983
v -10.926251 26.906990 7.756951
v -15.371288 33.784302 13.507382
v -17.787088 39.759026 18.506546
v -13.137368 32.834011 12.714595
v -10.483198 28.740007 9.291669
v -11.919926 30.587784 10.836247
v -12.406886 31.889462 11.925036
v -10.135094 27.806675 8.510978
v -11.572638 29.753801 10.138703
v -16.135529 35.544460 14.980080
v -16.119825 37.787170 16.857830
v -16.800991 38.847496 17.744686
v -19.511133 40.359833 19.007725
v -21.749138 39.834194 18.565292
v 24.030920 -11.118996 -1.080233
v 43.933208 -10.305820 -0.373460
v 8.275146 -10.945003 -0.955848
v 6.497171 -10.256803 -0.382508
v 5.997485 -8.577947 1.163243
v 6.393345 -4.194118 4.686665
v 0.142905 -5.472569 3.261529
v -1.337024 -3.826483 4.983331
v -0.086829 -1.693274 6.276687
v 0.242317 0.005887 6.769926
v -0.265942 1.785669 6.918720
v -0.071106 3.782569 6.885218
v -0.783488 11.796177 5.676051
v 0.202165 11.778980 4.471299
v 0.059995 19.782509 4.457031
v 0.095431 21.751331 4.804379
v -0.768086 23.630463 5.483200
v -0.533298 25.367828 6.480855
v -1.196912 26.898985 7.763090
v -0.725952 33.774689 13.514685
v -0.410755 50.811119 27.777250
v -0.607929 52.561764 28.741621
v -1.468936 54.458374 29.399225
v -1.775980 56.427395 29.714907
v -1.089219 58.423443 29.680229
v -0.822715 80.426620 29.661114
v -0.167158 82.396553 30.005688
v -0.099348 84.276466 30.686491
v -0.428657 86.010338 31.683807
v -0.179475 87.614090 32.877552
v 0.485042 -38.326504 -23.871208
v -0.799602 -35.929596 -21.886032
v -0.240636 -28.302589 -15.485623
v 0.235454 -9.718907 0.687761
v -0.457319 -8.950298 0.947488
v -1.586236 -7.492923 1.791371
v -17.055864 -3.813623 4.973467
v -16.684412 -2.067943 5.943063
v -15.616952 -0.178470 6.594497
v -15.510589 1.798513 6.908904
v -16.244986 3.795519 6.875304
v -15.097093 11.808893 5.623708
v -14.432594 11.791814 4.461465
v -16.141075 19.795282 4.447227
v -20.677828 40.085812 18.777081
v -19.322369 50.823971 27.767477
v -17.854799 51.185600 28.230274
v -14.914502 87.448372 32.892151
v -15.766302 86.022079 31.674854
v -15.771294 84.287849 30.677700
v -14.969250 82.408409 29.996752
v -15.192192 80.437263 29.652802
v -15.610170 70.635872 29.675028
v 32.056370 -9.126264 1.008880
v 32.451565 -9.849794 -0.007301
v 17.995178 -9.499640 1.516591
v 18.624235 -10.188601 -0.309355
v 13.534688 -9.385626 1.357465
v 13.525965 -10.006384 -0.163706
v 8.217223 -7.251925 3.439766
v 7.060825 -6.745492 2.553453
v 2.107222 -3.803545 5.402027
v 2.717567 -4.142413 4.726616
v 0.206195 8.067973 6.330636
v -1.435796 4.191448 5.825277
v -17.885443 7.663646 6.356983
v -16.333130 4.594721 5.507406
v -17.883661 16.036961 5.041686
v -17.339066 16.272938 4.453491
v 0.935316 16.009523 4.942444
v 0.939389 28.899452 10.084798
v -1.277466 28.932764 9.464371
v 0.939009 31.068048 11.575206
v -1.017682 31.215902 11.374269
v 0.296114 37.964756 17.570900
v -0.463114 38.257431 17.267578
v 0.937099 42.751545 21.870190
v -0.738476 42.401737 20.737095
v 0.936420 47.046303 25.015026
v -1.776378 46.806545 24.424669
v -22.562216 43.762157 22.573143
v -19.900404 43.915192 21.983162
v -21.750313 47.425919 24.921127
v -20.603235 47.710209 25.160437
v 0.930201 63.006645 29.573284
v -0.066297 62.686157 29.676474
v 0.930185 69.370316 30.299219
v 0.449961 68.610687 29.671377
v 0.930183 74.374672 30.066580
v 0.310628 74.417877 29.666540
v -16.651848 73.609283 29.667995
v -14.774620 73.586914 29.669247
v -17.840651 77.354057 30.524258
v -16.103737 77.040161 29.660486
v -1.480689 -13.081373 -2.438152
v -0.239988 -12.942673 -2.757643
v -1.482106 -17.473392 -4.766731
v -0.216318 -17.662733 -6.585069
v -1.109890 -22.257629 -8.490368
v 1.443857 -22.340160 -10.497876
v -1.110623 -24.724016 -11.936039
v 1.279001 -24.777710 -12.536942
v -1.112697 -30.836237 -17.121758
v -0.100602 -32.223915 -18.824947
v -16.050770 14.120183 4.457316
v 0.187161 13.794433 4.467709
v 37.812515 -11.018996 -1.271980
v 36.973690 -13.022267 -2.794246
v 7.370912 -4.679120 4.282141
v 1.849755 -5.305131 3.751842
v -0.942385 -4.775467 4.190405
v -1.027047 -2.807084 5.558226
v -20.190018 50.027283 27.100439
v -10.986210 56.587376 31.586601
v -17.166187 56.431171 31.975147
v -10.921619 55.678261 32.514698
v -17.309435 55.681824 32.511978
v -10.924357 52.314217 32.436234
v -17.312174 52.317780 32.433514
v -10.429008 54.199200 32.619293
v -11.010088 55.281277 32.507805
v -10.248070 54.159790 32.354252
v -10.454069 56.646511 31.576532
v -9.638543 71.250412 29.673216
v -9.437488 57.219025 29.687181
v -9.208990 61.416649 29.410122
v -8.662491 53.993134 29.220840
v -8.839190 65.225815 29.608418
v -13.220013 72.122368 29.671722
v -10.820438 72.106796 29.671762
v -8.711277 68.310387 29.405975
v -15.568112 50.094543 27.449800
v -12.444501 49.879692 27.163122
v -10.500454 50.013939 27.520868
v -14.012486 3.794264 7.194559
v -13.735829 3.794040 7.194730
v -14.062606 2.452322 6.966396
v -14.659145 3.794775 7.194153
v -14.890171 2.924803 6.865326
v -14.314779 3.794493 7.194370
v -10.851341 3.798706 6.878561
v -10.274469 3.783315 6.878945
v -10.878384 2.721205 6.789097
v -10.537410 2.928804 6.505136
v -10.110270 3.787695 6.879032
v -9.893858 3.787579 6.879173
v -10.119925 3.298490 6.574493
v -3.505525 3.784618 7.157968
v -3.312050 3.784498 7.158089
v -3.143073 2.425481 6.768252
v -2.267141 3.783587 6.883874
v -1.995063 3.783427 6.884043
v -2.043809 2.883730 6.890859
v -14.011702 3.787523 6.713619
v -13.735044 3.787299 6.713790
v -14.132832 2.445651 6.491657
v -14.657863 3.788034 6.713213
v -14.889605 2.918639 6.727513
v -14.313497 3.787752 6.713430
v -10.850701 3.791965 6.397621
v -10.273829 3.776575 6.398005
v -10.877569 2.714013 6.039668
v -10.536770 2.922063 6.024197
v -10.109630 3.780955 6.398092
v -9.893218 3.780839 6.398233
v -10.119499 3.292320 6.431773
v -3.504885 3.777877 6.677028
v -3.311409 3.777758 6.677148
v -3.245467 2.734929 6.416928
v -2.204089 3.776794 6.402974
v -1.994241 3.776687 6.403103
v -2.092544 3.353054 6.409086
v -12.759769 3.795076 6.913164
v -11.479268 3.795584 6.843197
v -7.274401 3.786215 6.889622
v -5.968493 3.785509 7.021090
v -5.204403 3.784999 6.929691
v -6.697011 11.801505 5.671975
v -6.348159 11.801105 5.672220
v -6.419268 10.448190 5.544617
v -6.202116 11.800882 5.672340
v -6.030715 11.800671 5.672462
v -6.022322 10.956975 5.792648
v -13.009493 11.807170 5.667625
v -12.700896 11.806780 5.667845
v -13.152009 10.873038 5.668756
v -2.598734 11.797685 5.674812
v -2.099502 11.797350 5.675148
v -2.420495 10.928937 5.813523
v -2.187294 10.728628 5.847927
v -6.696807 11.754824 5.392170
v -6.347955 11.754424 5.392416
v -6.419053 10.401514 5.560044
v -6.201911 11.754201 5.392536
v -6.030511 11.753989 5.392658
v -6.022118 10.910294 5.512844
v -13.009288 11.760489 5.387821
v -12.700691 11.760098 5.388041
v -13.151804 10.826357 5.388952
v -2.598530 11.751003 5.395008
v -2.099298 11.750669 5.395343
v -2.420291 10.882256 5.533719
v -2.187089 10.681947 5.568123
v -11.067730 11.805346 5.668969
v -10.738708 11.804804 5.519192
v -10.394877 11.804753 5.669437
v -7.639868 11.803306 5.893634
v -4.210055 11.798828 5.536262
v -15.181989 87.450279 32.899128
v -15.246854 86.572441 32.164505
v -3.391479 87.438309 32.882042
v -3.013830 87.437592 32.880733
v -3.001653 85.911797 31.602264
v -3.951866 87.439171 32.883453
v -3.622109 86.810669 32.356682
v -3.711140 87.438828 32.882977
v -10.413424 87.450104 32.890659
v -10.407108 86.529442 32.121498
v -10.159807 87.444748 32.890568
v -10.678294 87.451614 32.891438
v -10.616537 87.003471 32.518894
v -10.504049 87.449142 32.891224
v -14.951180 87.603722 32.715973
v -15.149351 87.596214 32.716488
v -15.244930 86.722549 31.984726
v -3.303128 87.588608 32.702480
v -3.039745 87.587936 32.701099
v -3.052572 86.062157 31.422611
v -3.897334 87.589485 32.703869
v -3.652195 86.961021 32.177044
v -3.728476 87.589172 32.703346
v -10.392839 87.600853 32.711052
v -10.382874 86.679932 31.941893
v -10.214319 87.595024 32.710915
v -10.658483 87.602219 32.711830
v -10.611443 87.153839 32.339279
v -10.533556 87.599434 32.711586
v -2.243416 87.436470 32.879723
v -2.114359 87.069252 32.572533
v -1.999609 87.436264 32.879551
v -2.189605 87.578430 32.710255
v -2.116084 87.211212 32.403065
v -2.049804 87.578224 32.710083
v -9.536435 87.593849 33.012672
v -6.748263 87.589226 33.058052
v -5.805482 87.587990 33.057007
v -8.660878 87.445419 32.888809
v -11.859214 87.462486 32.902958
v -13.807698 87.655746 33.065159
v -6.768430 3.785611 6.046411
v -15.127845 -8.152602 0.660674
v -3.215181 -5.668383 -4.694877
v -15.041337 -8.214229 1.228186
v -3.091086 -11.256392 -1.281990
v -5.586398 -10.399822 -0.404709
v -9.237202 -8.653359 -0.128191
v -1.144411 -10.595158 -0.825192
v -1.155899 -7.052649 -5.757494
v -4.989937 -6.139753 -4.932303
v -12.374626 -8.218729 0.888932
v -7.614573 -5.808846 -4.001343
v -7.343229 -8.511417 -0.158733
v -8.513081 -6.120367 -4.214437
v -11.942423 -6.265703 -3.736862
v -16.387667 -5.871094 -2.952376
v -1.263913 -2.276329 -43.731808
v 1.221050 -4.331371 -43.635452
v 2.748512 -9.523014 -46.530602
v -8.691954 -8.506156 0.836623
v 4.143608 -9.302948 -46.478725
v -2.223365 -2.419864 -43.763233
v 6.909760 -11.494415 -47.803841
v -6.128533 -2.336317 -43.499279
v -15.152656 -2.335028 -41.755627
v -9.252432 -4.608360 -44.522343
v -8.524473 -8.465299 0.066354
v -10.457705 -6.620214 2.044907
v -5.982742 -8.720626 0.628947
v -4.828988 -11.255401 -0.049230
v -3.911735 -11.203448 -0.986220
v -8.301789 -8.406267 1.088273
v -5.737224 -8.414752 0.789684
v -10.364898 -8.454597 0.897738
v -10.793761 -7.729879 1.296349
v -5.389349 -8.327451 -0.255809
v -5.117378 -11.023179 -0.791768
v -4.431519 -11.256498 -0.998973
v -4.236024 -11.576535 0.248264
v -5.693015 -8.559989 -0.344063
v -7.917591 -8.430477 0.238827
v -8.208445 -8.452431 0.260080
v -10.511568 -8.350271 0.347647
v -10.875513 -7.697456 0.722568
v -4.158991 -5.923115 -4.823128
v -16.807156 -8.386260 1.148345
v -0.091490 -7.483033 -6.023221
v -0.645509 -9.525599 -0.611623
v -19.325062 -7.120197 2.166693
v -19.783230 -7.860462 0.329608
v -16.748615 -8.476832 0.314002
v -13.502232 -8.488631 0.452197
v -13.821795 -8.425809 1.087493
v -7.924138 -6.008402 -4.122377
v -6.357611 -5.987598 -4.457253
v -11.305891 -6.882950 -4.225605
v -10.052405 -6.812504 -4.410927
v -18.178978 -8.383113 1.207389
v -18.287350 -8.938186 0.045746
v -19.799513 -6.956673 -3.767003
v -14.684166 -6.319751 2.754557
v -4.165776 -9.442894 1.112439
v -19.484701 -5.436156 3.742398
v -7.508359 -8.680029 0.644485
v -5.472184 -10.642293 0.547327
v -9.405718 -8.533818 0.681857
v -1.224725 -10.976285 0.199690
v -12.522540 -8.185107 1.293700
v -2.865490 -12.164186 0.092031
v -5.711128 -8.042346 1.230453
v -5.371207 -9.369123 1.045053
v -1.113987 -38.326969 -23.843637
v 10.193957 -35.875538 -21.744875
v -1.170422 -11.089239 -0.045615
v -18.227674 -4.097068 5.138073
v -17.882919 19.796696 4.446150
v -9.507006 50.519352 28.097242
v 0.517607 88.299919 33.146286
v 12.421760 -28.551102 -15.598628
v 8.737257 -31.588020 -18.133530
v 9.770431 -29.602783 -16.486523
v 20.177837 -29.460190 -16.285601
v 29.687389 -19.897215 -8.331742
v 32.859856 -18.041040 -6.858888
v 35.235027 -14.408781 -3.753828
v 23.174427 -22.836594 -10.815665
v 16.388157 -28.502926 -15.407100
v 9.632030 -33.431374 -19.669197
v 21.346581 -28.596521 -15.694217
v 19.755795 -26.380556 -13.837822
v 21.404114 -29.228855 -16.098223
v 34.123947 -16.430353 -5.402734
v 36.850899 -10.337336 -0.460631
v 27.970425 -23.012503 -10.991590
v 25.568281 -23.371298 -11.327456
v 26.887438 -23.659878 -11.512444
v 28.773773 -21.791025 -9.988831
v 30.815367 -19.070768 -7.656555
v 24.064219 -22.969524 -10.925680
v 21.241005 -23.200390 -11.140720
v 20.043970 -24.599892 -12.651721
v 20.669342 -27.443539 -14.684194
v 10.228989 -34.556641 -20.701965
v -5.247740 21.755363 4.801324
v -5.541953 19.781563 4.464740
v -6.770594 22.621929 5.118121
v -7.175991 23.682796 5.562737
v -7.152132 24.501543 5.996986
v -7.006708 25.357092 6.502533
v -7.743953 26.234392 7.197996
v -10.646376 26.915697 7.812884
v -15.159160 33.778316 13.557663
v -17.644978 39.973209 18.704296
v -12.898915 33.084080 12.947116
v -10.235669 28.801453 9.371008
v -11.510365 30.834467 11.026095
v -12.203184 32.089798 12.146977
v -9.859247 27.806833 8.514144
v -11.310455 29.824203 10.208538
v -15.584257 35.541218 15.012518
v -16.002348 37.839104 16.926350
v -16.690491 38.960556 17.861874
v -19.457991 40.516148 19.164858
v 23.762442 -11.480212 -1.335160
v 8.526790 -11.439345 -1.358216
v 6.365678 -10.574141 -0.651753
v 5.559239 -8.707403 1.062379
v 6.071004 -4.356108 4.574893
v 0.044125 -5.753608 3.054477
v -1.517774 -3.835493 4.974514
v -0.353186 -1.591109 6.307399
v -0.019899 0.081886 6.774487
v -0.374345 1.785803 6.944414
v -0.288528 3.782988 6.884271
v -0.455230 19.782801 4.379757
v -0.394208 21.752554 4.863285
v -1.231588 23.630713 5.400277
v -0.713155 25.368158 6.514090
v -1.783838 26.899113 7.636973
v -1.107162 33.775276 13.520417
v -0.659719 50.811493 27.796957
v -0.864554 52.562160 28.752659
v -1.819789 54.458603 29.416279
v -2.027860 56.427593 29.707998
v -1.496755 58.423687 29.680099
v -1.208151 80.337036 29.663132
v -0.425985 82.473869 30.039728
v -0.307662 84.366043 30.703112
v -0.888444 85.916710 31.797859
v -0.385725 -35.929821 -21.840477
v 0.333180 -28.303038 -15.470424
v 0.675313 -9.621784 0.776641
v -0.328502 -8.493661 1.322903
v -1.586236 -7.492923 1.791371
v -16.905376 -3.982058 4.807179
v -16.391449 -2.068182 5.944146
v -15.232528 -0.178756 6.614623
v -15.242341 1.798350 6.944592
v -15.895827 3.795288 6.910147
v -16.141075 19.795282 4.447227
v -20.447523 40.244072 18.974072
v -19.344419 50.502396 27.566031
v -15.369908 85.954063 31.696907
v -15.340867 84.261536 30.678019
v -14.346353 82.368835 30.021463
v -14.700975 80.407196 29.653141
v 32.615894 -10.150486 -0.206815
v 18.819511 -10.637511 -0.649874
v 13.680735 -10.310439 -0.440082
v 6.140331 -7.047875 2.374410
v 2.897153 -4.418431 4.520018
v 0.537144 16.600197 4.804410
v -1.630890 28.933062 9.464144
v -1.485782 31.163479 11.327002
v -0.693636 38.257744 17.255329
v -1.095364 42.402233 20.713135
v -2.210051 46.807198 24.423077
v -19.492620 43.749882 21.895496
v -20.243574 47.754807 25.249918
v -0.294543 62.810677 29.691210
v 0.238708 68.701416 29.685787
v 0.029661 74.538727 29.648546
v -14.473839 73.732239 29.680042
v -15.545776 77.171768 29.671591
v 0.186112 -12.894776 -2.716959
v 0.284372 -17.736553 -6.667360
v 2.056030 -22.319660 -10.580041
v 1.913462 -24.778236 -12.536539
v 0.507561 -32.224380 -18.802696
v 37.364655 -11.071012 -1.243926
v 36.717251 -12.843534 -2.631805
v 6.834869 -4.700202 4.278952
v 2.074300 -5.664086 3.540387
v -1.234892 -4.956728 4.036757
v -1.177969 -2.729993 5.648638
v -19.966875 49.913166 27.022690
v -9.422666 71.378365 29.708591
v -8.673373 56.954174 29.618532
v -8.531212 61.166714 29.369268
v -7.948188 54.058418 29.234226
v -8.178347 65.034462 29.647287
v -13.185902 72.681473 29.707970
v -10.783021 72.719574 29.711447
v -15.936593 49.916561 27.333475
v -12.644449 49.611229 27.006002
v -10.503992 49.858891 27.447084
v -4.236024 -11.576535 0.248264
v -5.472184 -10.642293 0.547327
v -1.636541 -10.975944 0.199427
v -2.865490 -12.164186 0.092031
v -5.711339 -8.041785 1.563527
v -5.371207 -9.369123 1.045053
v 10.740434 -35.862949 -21.780098
v 10.973850 -34.627457 -20.685637
v 10.340528 -33.543259 -19.761848
v 9.643164 -31.802675 -18.311892
v 10.547709 -29.992151 -16.811749
v 13.343472 -29.075830 -16.115705
v 17.304827 -29.160656 -16.181389
v 20.608456 -29.968798 -16.713520
v 21.758768 -29.802086 -16.579845
v 21.887037 -28.562258 -15.664282
v 21.279060 -27.555435 -14.776986
v 20.532587 -26.643980 -14.057147
v 20.573910 -24.961702 -12.921948
v 21.534195 -23.552784 -11.435116
v 23.348980 -23.241655 -11.154277
v 24.180904 -23.402208 -11.287475
v 25.550661 -23.828417 -11.709868
v 27.386641 -23.949638 -11.808843
v 28.335688 -23.181004 -11.132059
v 29.158909 -22.027519 -10.186150
v 30.105047 -20.255413 -8.630827
v 31.061724 -19.332729 -7.875363
v 33.062386 -18.353594 -7.120076
v 34.476032 -16.732801 -5.655270
v 35.485252 -14.796795 -4.078076
v 37.011841 -13.142160 -2.892420
v 37.947079 -11.003148 -1.158426
v 37.328659 -10.123394 -0.193761
v 32.485222 -9.911249 0.129187
v 24.145521 -10.964856 -0.971429
v 18.549204 -10.106496 -0.156982
v 13.653848 -10.063288 -0.055200
v 8.515662 -11.205630 -0.892036
v 6.671957 -10.475674 -0.312911
v 6.005030 -8.802564 1.272256
v 6.572928 -7.237314 2.705958
v 7.133815 -4.550620 4.508213
v 6.397763 -4.156463 4.744041
v 2.725234 -4.175715 4.735066
v 1.881547 -5.351131 3.768501
v 0.149381 -5.453643 3.401865
v -0.868984 -4.729891 4.273285
v -1.090715 -3.814150 5.036860
v -0.855921 -2.895096 5.600057
v -0.023845 -1.717308 6.356708
v 0.202423 0.017574 6.847369
v -0.073551 1.785456 6.884898
v 0.042393 3.782546 6.996905
v 0.276361 -31.907387 -18.413626
v -0.001968 -28.232944 -15.197792
v 1.410216 -24.766930 -12.409991
v 1.543947 -22.303110 -10.177492
v -0.111899 -17.677242 -6.290188
v -0.234796 -12.941831 -2.608572
v -0.336524 -8.756442 1.252196
v -1.469526 -8.058768 1.544665
v -17.991409 -3.841354 5.566608
v -17.067873 -3.683171 5.124482
v -16.696159 -2.067913 6.041511
v -15.593377 -0.178568 6.614480
v -15.695499 1.798490 6.926144
v -16.270252 3.795560 6.909936
v 0.755974 17.014061 4.902318
v -0.133286 19.782124 4.582648
v 0.006323 21.751762 4.931458
v -0.744301 23.630310 5.534994
v -0.355430 25.367739 6.591144
v -1.322208 26.899258 7.878279
v -1.201222 28.926605 9.584394
v -1.052840 31.130764 11.371461
v -0.858736 33.774933 13.533623
v -0.469708 38.173496 17.231447
v -0.843005 42.454014 20.811634
v -1.917136 46.833088 24.486820
v -0.404786 50.811234 27.862631
v -0.519615 52.561787 28.793894
v -1.465185 54.458412 29.416426
v -1.635607 56.427399 29.759752
v -1.136017 58.423538 29.707920
v -0.031345 62.697430 29.676247
v 0.541869 68.910454 29.754225
v 0.358150 74.518097 29.725077
v -0.741915 80.337296 29.738047
v -0.110830 82.418137 30.049845
v -0.013704 84.365128 30.866587
v -0.474805 85.918106 31.744829
v 0.852055 87.925583 32.894512
v -6.055481 19.781990 4.464415
v -5.833689 21.755844 4.830225
v -7.137889 22.592566 5.127980
v -7.613843 23.683125 5.562476
v -7.359366 25.357382 6.516095
v -11.106734 26.808565 7.750618
v -10.291882 27.754101 8.509193
v -10.720356 28.674707 9.311046
v -11.684930 29.643847 10.099891
v -11.869740 30.596577 10.870158
v -12.455449 31.794128 11.939253
v -13.201577 32.670635 12.647759
v -15.627563 33.778641 13.557413
v -15.977335 35.418259 14.909141
v -16.283510 37.639389 16.758812
v -16.907084 38.739063 17.676208
v -17.780651 39.768753 18.532940
v -19.534424 40.291603 18.976778
v -20.627708 40.056805 18.774429
v -19.896002 43.726692 21.984905
v -20.668745 47.649433 25.161217
v -20.215593 50.040581 27.152887
v -19.310356 50.999306 27.897938
v -15.447275 50.152824 27.504364
v -12.312852 50.056488 27.266563
v -10.495457 50.232357 27.624817
v -9.773873 50.724403 28.130785
v -8.398660 53.922215 29.256596
v -9.053259 56.606632 29.716484
v -8.769737 63.124084 29.561844
v -7.991014 68.115700 29.493811
v -9.598214 71.227371 29.709087
v -11.061697 72.400185 29.712082
v -13.265025 72.459297 29.708488
v -14.721128 73.556068 29.685701
v -15.802624 77.075409 29.819649
v -15.028401 80.417015 29.682707
v -14.930283 82.369217 30.021151
v -15.742215 84.298065 30.786263
v -7.483502 24.474041 5.980832
v -7.953475 26.105806 7.141637
v -0.342508 2.521418 6.941542
v -0.033153 2.602730 6.951443
v 0.112803 -9.768757 0.700710
v -8.465452 68.110374 29.417377
v -16.637960 87.676079 33.093452
v -15.791523 87.458862 32.910610
v -8.369498 62.939491 29.569000
v -8.634868 65.333855 29.652107
v 37.635639 -23.774704 -11.648858
v 33.400684 -26.124773 -13.620380
v 35.420532 -23.967690 -11.780976
v 38.130112 -20.488228 -8.898990
v 38.347649 -19.235424 -7.832073
v 39.157829 -18.672972 -7.425399
v 42.237900 -15.833833 -5.054815
v 13.923100 -31.426060 -18.089479
v 17.260815 -31.632828 -18.876371
v 17.590654 -32.294895 -19.428717
v 10.881169 -32.120312 -18.582956
v 14.075126 -31.988674 -18.558088
v 19.336668 -32.768757 -19.511011
v 19.390490 -33.725407 -20.032745
v -15.361698 51.135811 28.844652
v -16.661787 50.822495 27.870558
v -16.341885 50.536591 27.774103
v -15.266108 51.269016 28.537363
v -14.326888 50.880611 27.772980
v -14.008827 51.133854 27.719353
v -14.920295 51.188042 28.738379
v -16.995169 50.949894 27.971087
v -15.354988 50.920616 27.909246
v -12.151503 50.947464 27.790716
v -12.104689 69.514969 29.078115
v -1.666383 -0.016301 6.748812
v -0.969128 -1.713191 6.258952
v -4.075318 2.072586 6.883346
v -4.436347 2.539057 6.708865
v -4.970247 2.573163 6.691037
v -4.538157 2.090184 6.887194
v -2.178616 -0.022255 6.743146
v -6.737099 10.156155 5.547963
v -6.931544 4.340219 5.708012
v -5.562084 3.784353 6.103349
v -5.783157 4.309132 5.732516
v -7.110432 8.298404 5.600218
v -7.496152 8.212542 5.588276
v -4.027916 13.878992 4.465011
v -5.724686 11.784178 4.467317
v -2.036937 17.683174 4.725925
v -2.629578 19.784431 4.455539
v -4.702182 11.783281 4.468004
v -3.309388 13.864578 4.465471
v -1.663216 17.472734 4.753150
v -2.131340 19.784075 4.455815
v -4.933740 21.755161 4.801472
v 5.037946 -7.626742 2.000506
v 4.003490 -5.853312 3.382253
v 3.154883 -4.411129 4.526450
v 3.014527 -4.173563 4.736072
v 2.347743 -3.775287 5.420714
v 4.355845 -5.608685 3.574572
v 5.405368 -7.466678 2.100940
v 6.114110 -8.305348 1.391263
v 2.865772 -4.145380 4.724325
v 8.216183 -9.894833 1.675699
v 6.048893 -8.631212 1.436215
v 5.715648 -8.379824 1.422265
vt -0.000009 1.000011
vt 0.499991 1.000011
vt -0.000009 1.000011
vt 0.499991 0.017236
vt -0.000009 1.000011
vt 0.533119 1.000011
vt 0.504775 1.000011
vt 0.504777 0.017236
vt -0.000009 1.000011
vt 0.499991 1.000011
vt 0.504775 1.000011
vt 0.504805 1.000011
vt 0.504805 1.000011
vt 0.504805 1.000011
vt 0.504805 1.000011
vt 0.504805 1.000011
vt -0.000009 1.000011
vt 0.499991 1.000011
vt -0.005591 1.000011
vt -0.000012 1.000011
vt -0.005595 1.000011
vt -0.000012 1.000011
vt -0.005595 1.000011
vt -0.000012 1.000011
vt -0.005595 1.000011
vt -0.000012 1.000011
vt -0.005595 1.000011
vt -0.000012 1.000011
vt -0.005595 1.000011
vt -0.000012 1.000011
vt -0.000012 1.000011
vt -0.000012 1.000011
vt -0.000012 1.000011
vt -0.000012 1.000011
vt -0.005595 1.000011
vt -0.000012 1.000011
vt -0.005595 1.000011
vt -0.000012 1.000011
vt -0.000012 1.000011
vt -0.000012 1.000011
vt -0.000012 1.000011
vt -0.002642 1.000011
vt -0.002657 1.000011
vt -0.002659 1.000011
vt -0.002662 1.000011
vt -0.002664 1.000011
vt -0.002667 1.000011
vt -0.002642 1.000011
vt -0.002663 1.000011
vt -0.002663 1.000011
vt -0.000011 1.000011
vt -0.002641 1.000011
vt -0.000011 1.000011
vt -0.002641 1.000011
vt -0.000011 1.000011
vt -0.002641 1.000011
vt -0.000011 1.000011
vt -0.002641 1.000011
vt -0.001723 1.000011
vt -0.000012 1.000011
vt -0.000431 1.000011
vt 0.500895 0.017236
vt 0.504553 0.017236
vt 11.098188 0.021465
vt 0.503334 0.017236
vt 0.504456 0.017236
vt 3.427575 0.036190
vt 0.504785 0.017236
vt 0.504791 1.000011
vt 0.504796 0.017236
vt 0.503807 0.017236
vt 0.503040 0.017236
vt 0.502107 0.017236
vt 0.512282 0.017236
vt 0.503639 0.017236
vt 0.503178 0.017236
vt 0.503728 0.017236
vt 0.504794 1.000011
vt 3.093761 0.036190
vt 0.504801 0.017236
vt 0.504810 0.017236
vt 0.504806 0.017236
vt 0.504838 0.017236
vt 0.504787 1.000011
vt 3.781614 0.036190
vt 0.504147 0.017236
vt 0.503277 0.017236
vt 0.502996 0.017236
vt 0.503426 0.017236
vt 0.524293 0.017236
vt -0.002070 1.000011
vt -0.002002 1.000011
vt -0.002479 1.000011
vt -0.002543 1.000011
vt -0.002527 1.000011
vt -0.002491 1.000011
vt -0.002730 1.000011
vt -0.003610 1.000011
vt -14.144927 0.007736
vt 0.000667 1.000011
vt -0.003981 1.000011
vt -0.005595 1.000011
vt -0.004569 1.000011
vt -0.003502 1.000011
vt -0.003235 1.000011
vt -0.003428 1.000011
vt -0.003416 1.000011
vt -0.003252 1.000011
vt -0.003432 1.000011
vt -0.004186 1.000011
vt -0.004178 1.000011
vt -0.004339 1.000011
vt -0.005015 1.000011
vt -0.005595 1.000011
vt 0.504651 0.017236
vt 0.504805 1.000011
vt 0.502643 0.017236
vt 0.467273 0.017236
vt 0.380878 0.017236
vt 0.407050 0.017236
vt -0.000009 0.017236
vt -0.000636 0.017236
vt -0.000568 0.017236
vt -0.000683 0.017236
vt -0.000512 0.017236
vt -0.000497 0.017236
vt -0.000535 1.000011
vt -0.000503 1.000011
vt -0.000524 1.000011
vt -0.000486 1.000011
vt -0.000416 1.000011
vt -0.000527 1.000011
vt -0.000457 1.000011
vt -0.000660 1.000011
vt 0.000175 1.000011
vt -0.000504 1.000011
vt -0.004179 1.000011
vt -0.000371 1.000011
vt -0.000461 1.000011
vt -0.000473 1.000011
vt -0.000396 1.000011
vt -0.000494 1.000011
vt -0.000322 1.000011
vt -0.000376 1.000011
vt -0.000334 1.000011
vt -0.000178 1.000011
vt 0.069630 1.000011
vt 0.057362 1.000011
vt 0.084845 1.000011
vt 0.092155 1.000011
vt 0.079017 1.000011
vt -0.000009 1.000011
vt -0.005088 1.000011
vt -0.005267 1.000011
vt -0.005121 1.000011
vt -0.005170 1.000011
vt -0.005139 1.000011
vt -0.005166 1.000011
vt -0.005094 1.000011
vt -0.005107 1.000011
vt -0.005148 1.000011
vt -0.005090 1.000011
vt -0.005292 1.000011
vt -0.005203 1.000011
vt -0.005185 1.000011
vt -0.005183 1.000011
vt -0.005183 1.000011
vt -0.005159 1.000011
vt -0.005299 1.000011
vt -0.005317 1.000011
vt -0.005243 1.000011
vt -0.005306 1.000011
vt -0.002340 1.000011
vt -0.002445 1.000011
vt -0.002437 1.000011
vt -0.002429 1.000011
vt -0.002446 1.000011
vt -0.002659 1.000011
vt 0.504789 1.000011
vt 0.504732 0.017236
vt 0.502477 1.000011
vt 0.503719 0.017236
vt 0.501114 1.000011
vt 0.503119 0.017236
vt 0.499991 1.000011
vt 0.389862 0.017236
vt 0.163202 1.000011
vt 0.159345 0.017236
vt -0.000012 1.000011
vt -0.000519 1.000011
vt -0.005595 1.000011
vt -0.005100 1.000011
vt -0.005595 1.000011
vt -0.005115 1.000011
vt -0.476354 0.011828
vt -0.000504 1.000011
vt 0.000186 1.000011
vt -0.000413 1.000011
vt 0.000400 1.000011
vt -0.000136 1.000011
vt -0.000525 1.000011
vt -0.000971 1.000011
vt -0.001886 1.000011
vt -0.002030 1.000011
vt -0.003107 1.000011
vt -0.003156 1.000011
vt -0.005595 1.000011
vt -0.005291 1.000011
vt -0.005595 1.000011
vt -0.005265 1.000011
vt -0.000012 1.000011
vt -0.000415 1.000011
vt -0.000012 1.000011
vt -0.000441 1.000011
vt -0.000012 1.000011
vt -0.000466 1.000011
vt -0.002663 1.000011
vt -0.002660 1.000011
vt -0.002583 1.000011
vt -0.002660 1.000011
vt -0.002662 1.000011
vt -0.002642 1.000011
vt -0.002662 1.000011
vt -0.000009 1.000011
vt 0.090431 1.000011
vt -0.000009 1.000011
vt 0.088751 1.000011
vt -0.000009 1.000011
vt 0.087034 1.000011
vt -0.000009 1.000011
vt 0.086139 1.000011
vt -0.000009 1.000011
vt 0.072523 1.000011
vt -0.005131 1.000011
vt -0.000515 1.000011
vt -0.000494 1.000011
vt 0.504799 0.017236
vt 0.504797 0.017236
vt 0.402459 0.017236
vt 0.064947 0.017236
vt -0.000359 0.017236
vt -0.000597 0.017236
vt -0.000527 1.000011
vt -0.005249 1.000011
vt -0.000012 1.000011
vt -0.002657 1.000011
vt -0.000012 1.000011
vt -0.002657 1.000011
vt -0.000010 1.000011
vt -0.002654 1.000011
vt -0.000011 1.000011
vt -0.000012 1.000011
vt -0.000011 1.000011
vt -0.000012 1.000011
vt -0.002289 1.000011
vt -0.002645 1.000011
vt -0.002544 1.000011
vt -0.002467 1.000011
vt -0.002602 1.000011
vt -0.002398 1.000011
vt -0.002656 1.000011
vt -0.002649 1.000011
vt -0.002342 1.000011
vt -0.004106 1.000011
vt -0.003624 1.000011
vt -0.002081 1.000011
vt -2.877160 0.007736
vt -0.004546 1.000011
vt -0.004490 1.000011
vt -0.004716 1.000011
vt -0.004693 1.000011
vt -0.004804 1.000011
vt -0.004659 1.000011
vt -0.003173 1.000011
vt -0.003076 1.000011
vt -0.003311 1.000011
vt -0.003233 1.000011
vt -0.002977 1.000011
vt -0.002914 1.000011
vt -0.003027 1.000011
vt -0.001469 1.000011
vt -0.001437 1.000011
vt -0.001486 1.000011
vt -0.001116 1.000011
vt -0.001064 1.000011
vt -0.001149 1.000011
vt -0.004546 1.000011
vt -0.004716 1.000011
vt -0.004490 1.000011
vt -0.004693 1.000011
vt -0.004804 1.000011
vt -0.004659 1.000011
vt -0.003173 1.000011
vt -0.003311 1.000011
vt -0.003076 1.000011
vt -0.003233 1.000011
vt -0.002977 1.000011
vt -0.003027 1.000011
vt -0.002914 1.000011
vt -0.001469 1.000011
vt -0.001437 1.000011
vt -0.001486 1.000011
vt -0.001116 1.000011
vt -0.001064 1.000011
vt -0.001149 1.000011
vt -0.004087 1.000011
vt -0.003794 1.000011
vt -0.002303 1.000011
vt -0.002181 1.000011
vt -0.001960 1.000011
vt -0.002424 1.000011
vt -0.002277 1.000011
vt -0.002502 1.000011
vt -0.002196 1.000011
vt -0.002118 1.000011
vt -0.002254 1.000011
vt -0.004467 1.000011
vt -0.004322 1.000011
vt -0.004487 1.000011
vt -0.001043 1.000011
vt -0.000926 1.000011
vt -0.001042 1.000011
vt -0.000969 1.000011
vt -0.002424 1.000011
vt -0.002502 1.000011
vt -0.002277 1.000011
vt -0.002196 1.000011
vt -0.002254 1.000011
vt -0.002118 1.000011
vt -0.004467 1.000011
vt -0.004487 1.000011
vt -0.004322 1.000011
vt -0.001043 1.000011
vt -0.001042 1.000011
vt -0.000926 1.000011
vt -0.000969 1.000011
vt -0.003806 1.000011
vt -0.003702 1.000011
vt -0.003554 1.000011
vt -0.002726 1.000011
vt -0.001331 1.000011
vt -0.002394 1.000011
vt -0.002404 1.000011
vt -0.000689 1.000011
vt -0.000567 1.000011
vt -0.000578 1.000011
vt -0.000825 1.000011
vt -0.000756 1.000011
vt -0.000778 1.000011
vt -0.001712 1.000011
vt -0.001704 1.000011
vt -0.001692 1.000011
vt -0.001785 1.000011
vt -0.001749 1.000011
vt -0.001759 1.000011
vt -0.002340 1.000011
vt -0.002394 1.000011
vt -0.002404 1.000011
vt -0.000689 1.000011
vt -0.000578 1.000011
vt -0.000567 1.000011
vt -0.000825 1.000011
vt -0.000756 1.000011
vt -0.000778 1.000011
vt -0.001712 1.000011
vt -0.001704 1.000011
vt -0.001692 1.000011
vt -0.001785 1.000011
vt -0.001749 1.000011
vt -0.001759 1.000011
vt -0.000448 1.000011
vt -0.000479 1.000011
vt -0.000426 1.000011
vt -0.000448 1.000011
vt -0.000479 1.000011
vt -0.000426 1.000011
vt -0.001540 1.000011
vt -0.001218 1.000011
vt -0.001089 1.000011
vt -0.001479 1.000011
vt -0.001897 1.000011
vt -0.002193 1.000011
vt -0.002301 1.000011
vt -0.001753 1.000011
vt 1.895692 24.307192
vt 0.089330 -1.817762
vt 0.507219 -1.270818
vt 0.717315 -0.995877
vt 1.727577 24.273804
vt 1.620329 24.252504
vt 2.989589 24.288923
vt 1.242330 24.177433
vt -12.415985 0.999380
vt -4.146185 -3.767189
vt 0.819721 -0.879469
vt 0.528278 -1.253922
vt 0.305110 -1.515366
vt 0.077126 -1.818122
vt 2.176550 24.957403
vt 2.503876 24.885353
vt 2.264561 24.555319
vt -4.112854 -4.030354
vt -4.071964 -4.208589
vt 2.046498 24.313883
vt 1.531204 24.308014
vt -4.161132 -4.028365
vt -4.126017 -3.890189
vt -4.169188 -3.784423
vt -4.126687 -3.970170
vt 0.586079 -1.167482
vt -4.172657 -4.008663
vt -4.134134 -3.840689
vt -4.148313 -3.876073
vt -12.415354 1.304688
vt -12.415982 1.056757
vt -3.884478 -3.692144
vt 12.765825 1.381945
vt 11.765808 1.470942
vt 12.747365 1.371907
vt -4.185657 -3.986441
vt 2.612877 24.315586
vt 2.565483 24.317211
vt 2.296854 24.307537
vt -12.416515 1.354677
vt -12.415971 1.318929
vt -12.416512 0.961818
vt -12.415977 1.159897
vt 13.384137 1.409732
vt 13.563770 1.317020
vt 12.768820 1.316026
vt 12.748756 1.330504
vt 0.417296 -1.388495
vt 2.486464 24.319921
vt 1.743538 24.322062
vt 1.732086 24.308826
vt 2.101875 24.305273
vt 2.144778 24.318243
vt 1.804269 24.306702
vt 2.105247 24.316490
vt 2.656837 24.314077
vt 2.055656 24.969450
vt 1.296246 24.866291
vt 1.378097 24.844086
vt 1.812598 24.624207
vt 1.594790 24.200808
vt 1.950554 24.554396
vt 12.740421 1.118687
vt 12.743428 0.985028
vt -12.986281 1.373288
vt -12.970490 1.291036
vt -12.947088 1.169150
vt -12.415367 0.985103
vt -12.917711 1.016142
vt -0.026952 -1.929341
vt -4.190636 -3.977930
vt -12.483176 0.849343
vt 12.593412 1.396647
vt -12.474312 1.337621
vt 2.995540 24.535784
vt 1.334714 24.263922
vt 10.222548 25.111082
vt 1.690873 24.685806
vt 2.666494 24.705177
vt 0.477996 25.001122
vt 2.531557 24.318375
vt 1.337817 24.876060
vt 1.182743 24.829920
vt 0.602468 24.050358
vt 0.995204 24.816320
vt 2.592549 24.288570
vt 1.842943 24.296286
vt 1.396276 24.296291
vt 2.190670 24.298943
vt 2.194488 24.308826
vt 1.703101 24.316357
vt 2.078158 24.310291
vt 3.152003 24.293344
vt 2.041539 24.301334
vt 0.487686 -1.283323
vt -4.160962 -3.870752
vt 0.324478 -1.515769
vt 0.372045 -1.447713
vt -4.169183 -3.785267
vt 0.159160 -1.709183
vt -4.161802 -3.671946
vt -12.415358 1.203716
vt -12.415361 1.114470
vt -0.005397 1.000011
vt 1.438819 24.663826
vt -0.001662 1.000011
vt 1.776353 24.381260
vt 6.534278 24.817482
vt 0.500241 0.017236
vt 0.523275 0.017236
vt 0.511928 0.017236
vt 0.504564 0.017236
vt 0.500958 0.017236
vt 0.501056 0.017236
vt 0.502267 0.017236
vt 0.503456 0.017236
vt 0.503824 0.017236
vt 0.503801 0.017236
vt 0.503613 0.017236
vt 0.503415 0.017236
vt 0.503216 0.017236
vt 0.503177 0.017236
vt 0.503386 0.017236
vt 0.503881 0.017236
vt 0.504199 0.017236
vt 0.504487 0.017236
vt 0.504730 0.017236
vt 0.504804 0.017236
vt 0.504805 0.017236
vt 0.504809 0.017236
vt 0.504837 0.017236
vt 0.504778 0.017236
vt 0.504785 0.017236
vt 0.504783 0.017236
vt 0.504792 0.017236
vt 0.504795 0.017236
vt 0.504796 0.017236
vt 0.504797 0.017236
vt 0.504799 0.017236
vt 0.504799 0.017236
vt 0.504802 0.017236
vt 0.504802 0.017236
vt 0.504751 0.017236
vt 0.504671 0.017236
vt 0.503361 0.017236
vt 0.502508 0.017236
vt 0.502144 0.017236
vt 0.473103 0.017236
vt 0.404814 0.017236
vt 0.419326 0.017236
vt 0.420716 0.017236
vt 0.424064 0.017236
vt 0.160970 0.017236
vt 0.054180 0.017236
vt -0.000009 0.017236
vt -0.000283 0.017236
vt -0.000508 0.017236
vt -0.000491 0.017236
vt -0.000388 0.017236
vt -0.000466 0.017236
vt -0.000386 0.017236
vt -0.000337 0.017236
vt 0.055954 1.000011
vt 0.063652 1.000011
vt 0.067997 1.000011
vt 0.069580 1.000011
vt 0.060966 1.000011
vt 3.835576 0.239063
vt 5.115896 0.019884
vt -0.000009 1.000011
vt 12.909634 1.316202
vt -0.005592 1.000011
vt -0.005335 1.000011
vt -0.005244 1.000011
vt -0.005237 1.000011
vt -0.005226 1.000011
vt -0.005263 1.000011
vt -0.000012 1.000011
vt -0.000312 1.000011
vt -0.000251 1.000011
vt -0.000380 1.000011
vt -0.000360 1.000011
vt -0.000518 1.000011
vt -0.000297 1.000011
vt -0.000017 1.000011
vt 0.000291 1.000011
vt -0.000843 1.000011
vt -0.002009 1.000011
vt -0.003151 1.000011
vt -0.000411 1.000011
vt -0.004179 1.000011
vt -0.000292 1.000011
vt -0.000394 1.000011
vt -0.000407 1.000011
vt -0.000328 1.000011
vt -0.000333 1.000011
vt -0.000292 1.000011
vt -0.000221 1.000011
vt -0.000426 1.000011
vt -0.000198 1.000011
vt -0.000273 1.000011
vt -0.000235 1.000011
vt -0.000011 1.000011
vt -0.002155 1.000011
vt -0.002232 1.000011
vt -0.002616 1.000011
vt -0.002685 1.000011
vt -0.002640 1.000011
vt -0.003721 1.000011
vt -0.003366 1.000011
vt -0.003370 1.000011
vt -0.003543 1.000011
vt -0.003541 1.000011
vt -0.003521 1.000011
vt -0.003619 1.000011
vt -0.003617 1.000011
vt -0.004045 1.000011
vt -0.004078 1.000011
vt -0.004264 1.000011
vt -0.004249 1.000011
vt -0.004391 1.000011
vt -0.004615 1.000011
vt -0.005031 1.000011
vt -0.005317 1.000011
vt -0.005402 1.000011
vt -0.005337 1.000011
vt -0.005387 1.000011
vt -0.005310 1.000011
vt -0.005263 1.000011
vt -0.003889 1.000011
vt -0.003465 1.000011
vt -0.003032 1.000011
vt -0.002667 1.000011
vt -0.002619 1.000011
vt -0.002588 1.000011
vt 0.795419 0.192870
vt 2.035964 0.009451
vt -0.002644 1.000011
vt -0.002650 1.000011
vt -0.002657 1.000011
vt -0.002661 1.000011
vt -0.002553 1.000011
vt -0.002525 1.000011
vt -0.002502 1.000011
vt -0.002511 1.000011
vt -0.002615 1.000011
vt -0.002808 1.000011
vt -3.921051 0.036190
vt -3.867059 0.195131
vt -4.559953 0.195131
vt 1.612115 0.036663
vt -2.346928 0.036190
vt -2.904208 0.036190
vt -5.002492 0.036190
vt -6.819076 0.036190
vt 1.086716 0.036190
vt -0.937342 0.036190
vt -1.516591 0.036190
vt -5.774343 0.036190
vt -7.362166 0.036190
vt 1.711895 0.194900
vt 1.123392 0.195131
vt -0.214883 0.195131
vt -1.547471 0.195131
vt -2.382666 0.195131
vt -2.885891 0.195131
vt -4.979703 0.195131
vt -5.799453 0.195131
vt -6.350639 0.195131
vt -6.839995 0.195131
vt 12.489859 0.035089
vt 10.752069 0.028348
vt 11.404699 0.024410
vt 9.456255 0.036190
vt 4.003557 0.036190
vt 2.753802 0.036190
vt 6.176386 0.033298
vt 10.059236 0.036190
vt 11.728451 0.036190
vt 8.661171 0.036190
vt 7.860763 0.036190
vt 8.892760 0.022282
vt 4.517667 0.036190
vt 5.224584 0.036190
vt 4.752671 0.036190
vt 4.293097 0.036190
vt 5.773151 0.036190
vt 6.894415 0.036190
vt 7.400218 0.036190
vt 8.279465 0.036190
vt 12.180016 0.036190
vt -0.213558 0.036190
vt -3.275246 0.036190
vt -7.881955 0.036190
vt -8.714453 0.036190
vt -9.337843 0.036190
vt -9.998779 0.036190
vt -10.768806 0.036190
vt 1.856261 0.036190
vt 2.289231 0.036190
vt -4.551132 0.036190
vt -6.300008 0.036190
vt -8.296741 0.036190
vt 12.480337 0.195131
vt 12.182131 0.195131
vt 11.734859 0.195131
vt 11.477171 0.195131
vt 10.996269 0.195131
vt 10.633234 0.187289
vt 9.822281 0.195131
vt 9.284653 0.195131
vt 8.999083 0.195131
vt 8.696283 0.195131
vt 8.280646 0.195131
vt 7.871500 0.195131
vt 7.365955 0.195131
vt 6.847403 0.195131
vt 6.195354 0.195131
vt 5.803712 0.195131
vt 5.274367 0.195131
vt 4.695708 0.195131
vt 4.489852 0.195131
vt 4.269892 0.195131
vt 3.988985 0.195131
vt 3.778297 0.195131
vt 3.434968 0.195131
vt 3.081528 0.195131
vt 2.763130 0.195131
vt 2.353233 0.195131
vt 1.927741 0.195131
vt -0.994476 0.195131
vt -3.221173 0.195131
vt -7.341025 0.195131
vt -7.832290 0.195131
vt -8.243203 0.195131
vt -8.666521 0.195131
vt -9.308472 0.195131
vt -9.958654 0.195131
vt -10.731722 0.195131
vt -10.300947 0.036190
vt -0.000366 0.017236
vt -10.275002 0.195131
vt 0.540841 0.020604
vt -1.617678 0.020604
vt 3.658423 0.020604
vt -0.171493 0.213174
vt -3.924003 0.213174
vt -5.051975 0.020604
vt -4.025396 0.020604
vt 5.944774 0.020604
vt 6.744107 0.020604
vt -0.136496 0.020604
vt -2.850084 0.020604
vt -2.790506 0.213174
vt -1.552690 0.213174
vt 0.660764 0.213174
vt 3.306767 0.237432
vt 5.774232 0.237432
vt 6.536481 0.237432
vt 3.111605 0.020604
vt 5.053355 0.239339
vt 4.898722 0.028028
vt 4.514122 0.028028
vt 3.979637 0.028028
vt 3.314798 0.028028
vt 2.859184 0.028028
vt 2.235597 0.028028
vt 4.901629 0.192315
vt 4.517030 0.192315
vt 3.982544 0.192315
vt 3.317705 0.192315
vt 2.862091 0.192315
vt 2.237969 0.192315
vt 9.546736 0.259591
vt -0.666990 0.007736
vt 0.225601 0.007736
vt 1.464045 0.007016
vt -2.496600 0.007736
vt 10.191580 0.046059
vt -18.048615 0.007736
vt -17.640888 0.007736
vt -17.288288 0.007736
vt -16.829266 0.007736
vt -16.406105 0.007736
vt -16.018837 0.007736
vt -11.324702 0.060705
vt -9.273081 0.007736
vt -11.989596 0.007736
vt -13.368020 0.072182
vt -12.601459 0.007736
vt -12.331897 0.007736
vt -13.877460 0.026084
vt -12.911548 0.007736
vt -10.878132 0.007736
vt -10.197840 0.007736
vt -9.816498 0.007736
vt -8.664490 0.007736
vt -8.128108 0.007736
vt -5.117673 0.007736
vt 9.556362 0.052754
vt -6.883423 0.007736
vt -6.120133 0.007736
vt 5.590197 0.007685
vt 5.009352 0.007685
vt 4.401027 0.007685
vt -18.435081 0.192765
vt -4.091942 0.007736
vt -3.179665 0.007736
vt -17.933411 0.192765
vt -17.525677 0.192765
vt -17.173080 0.192765
vt -16.303482 0.192765
vt -14.265300 0.192765
vt -13.739364 0.192765
vt -13.365546 0.192765
vt -12.909074 0.192765
vt -12.598985 0.192765
vt -12.329421 0.192765
vt -11.987121 0.192765
vt -11.244984 0.192765
vt -10.875656 0.192765
vt -10.195366 0.192765
vt -9.814022 0.192765
vt -9.270607 0.192765
vt -8.662016 0.192765
vt -8.125634 0.192765
vt -6.880948 0.192765
vt -6.117658 0.192765
vt -5.115196 0.192765
vt -4.089472 0.192765
vt -3.177191 0.192765
vt -2.874686 0.192765
vt -2.494121 0.192765
vt -1.276373 0.192765
vt 5.578552 0.192714
vt 7.447898 0.192714
vt 8.233786 0.192714
vt -16.714050 0.192765
vt -15.973178 0.192765
vt -5.595403 0.007736
vt -1.278848 0.007736
vt -5.592927 0.192765
vt -0.664514 0.192765
vt 3.600611 0.016643
vt 4.389382 0.192714
vt 4.997707 0.192714
vt 6.536943 0.192714
vt 6.548588 0.007685
vt 7.459542 0.007685
vt 8.245430 0.007685
vt 9.049229 0.036770
vt -2.496600 0.007736
vt -2.494121 0.192765
vt -0.666990 0.007736
vt 0.225601 0.007736
vt -14.541941 0.007736
vt -14.399796 0.192765
vt -5.115196 0.192765
vt -5.592927 0.192765
vt -5.117673 0.007736
vt -0.664514 0.192765
vt -0.666990 0.007736
vt -0.664514 0.192765
vt -2.494121 0.192765
vt -2.496600 0.007736
vt -2.877160 0.007736
vt -2.874686 0.192765
vt -3.177191 0.192765
vt -2.877160 0.007736
vt -3.179665 0.007736
vt -3.177191 0.192765
vt -4.089472 0.192765
vt -3.179665 0.007736
vt -4.091942 0.007736
vt -4.089472 0.192765
vt -5.117673 0.007736
vt -4.089472 0.192765
vt -5.117673 0.007736
vt -5.592927 0.192765
vt -5.595403 0.007736
vt -5.592927 0.192765
vt -6.120133 0.007736
vt -6.120133 0.007736
vt -6.117658 0.192765
vt -6.883423 0.007736
vt -6.117658 0.192765
vt -6.883423 0.007736
vt -6.880948 0.192765
vt -8.128108 0.007736
vt -6.880948 0.192765
vt -8.125634 0.192765
vt -8.128108 0.007736
vt -8.662016 0.192765
vt -8.128108 0.007736
vt -8.662016 0.192765
vt -9.270607 0.192765
vt -8.664490 0.007736
vt -8.664490 0.007736
vt -9.270607 0.192765
vt -9.273081 0.007736
vt -9.814022 0.192765
vt -9.273081 0.007736
vt -9.814022 0.192765
vt -10.195366 0.192765
vt -9.816498 0.007736
vt -9.816498 0.007736
vt -10.195366 0.192765
vt -10.197840 0.007736
vt -10.875656 0.192765
vt -10.197840 0.007736
vt -10.875656 0.192765
vt -10.878132 0.007736
vt -12.329421 0.192765
vt -12.598985 0.192765
vt -12.331897 0.007736
vt -12.329421 0.192765
vt -12.331897 0.007736
vt -12.601459 0.007736
vt -12.598985 0.192765
vt -12.909074 0.192765
vt -12.601459 0.007736
vt -12.909074 0.192765
vt -13.365546 0.192765
vt -12.911548 0.007736
vt -12.911548 0.007736
vt -13.365546 0.192765
vt -13.368020 0.072182
vt 9.037584 0.221799
vt 7.459542 0.007685
vt -18.526558 0.006996
vt 7.447898 0.192714
vt 7.459542 0.007685
vt 7.447898 0.192714
vt 2.050152 0.180781
vt 10.194883 0.230501
vt 9.037584 0.221799
vt 9.049229 0.036770
vt 9.546736 0.259591
vt 9.049229 0.036770
vt 9.037584 0.221799
vt 8.245430 0.007685
vt 8.233786 0.192714
vt 8.245430 0.007685
vt 8.233786 0.192714
vt 5.578552 0.192714
vt 4.997707 0.192714
vt 5.590197 0.007685
vt 6.548588 0.007685
vt 9.556362 0.052754
vt 9.546736 0.259591
vt 10.191580 0.046059
vt 9.546736 0.259591
vt 5.590197 0.007685
vt 6.548588 0.007685
vt 6.536943 0.192714
vt 6.536943 0.192714
vt 5.590197 0.007685
vt 4.997707 0.192714
vt 4.389382 0.192714
vt 5.009352 0.007685
vt 5.009352 0.007685
vt 4.389382 0.192714
vt 4.401027 0.007685
vt 4.389382 0.192714
vt 3.593445 0.193685
vt 1.399131 0.011828
vt -16.308296 0.011828
vt 2.258478 0.162709
vt -15.100749 0.171611
vt -20.568253 0.011828
vt 0.905960 0.011828
vt 0.473906 0.011828
vt 0.117382 0.011828
vt -2.554820 0.011828
vt -9.345632 0.011828
vt -10.012358 0.011828
vt -10.593638 0.011828
vt -11.228164 0.011828
vt -11.681955 0.011828
vt -17.781624 0.011828
vt -18.379955 0.011828
vt -18.856043 0.011828
vt -19.498625 0.011828
vt -0.958527 0.011828
vt -1.728564 0.011828
vt -4.690430 0.011828
vt -6.435530 0.011828
vt -7.646726 0.011828
vt -13.094709 0.011828
vt -15.100749 0.011828
vt 1.399131 0.162709
vt 0.905960 0.162709
vt 0.473906 0.162709
vt 0.117382 0.162709
vt -0.476354 0.162709
vt -0.958527 0.162709
vt -1.728564 0.162709
vt -2.554820 0.156292
vt -4.690430 0.138162
vt -6.435530 0.117794
vt -7.647236 0.117794
vt -9.345632 0.171611
vt -10.012358 0.171611
vt -10.593638 0.171611
vt -11.228164 0.171611
vt -11.681955 0.171611
vt -13.094709 0.171611
vt -16.308296 0.171611
vt -17.781624 0.171611
vt -18.379955 0.171611
vt -18.856043 0.171611
vt -19.498625 0.171611
vt -20.568253 0.171611
vt -7.647433 0.011828
vt 2.258478 0.011828
vt 0.793237 0.007406
vt 1.351490 0.187512
vt 0.504799 0.550449
vt 0.504792 0.522590
vt 0.504788 0.522590
vt 0.504814 0.497794
vt 0.504801 0.480471
vt 0.504797 0.503725
vt 0.504795 0.522744
vt 0.504802 0.786343
vt 0.504802 0.711357
vt 0.504802 0.701870
vt 0.504803 0.733275
vt 0.504804 0.765165
vt 0.504804 0.721943
vt 0.504803 0.721943
vt 0.501819 0.238851
vt 0.502702 0.466352
vt 0.504676 0.535996
vt 0.504581 0.093887
vt 0.502376 0.296860
vt 0.503246 0.606386
vt 0.504704 0.668295
vt -0.004604 0.785725
vt -0.004416 0.785725
vt -0.004302 0.785725
vt -0.003622 0.785725
vt -0.003549 0.785725
vt -0.004800 1.000011
vt 2.171497 0.177170
vt 2.280823 0.024657
vt 1.601128 0.024657
vt 1.170575 0.059173
vt 1.268208 0.190718
vt 1.631498 0.177170
vt 1.632039 0.024657
vt -0.004099 0.890871
vt -0.003043 0.908271
vt -0.002644 1.000011
vt -0.002647 1.000011
vt -0.001223 0.135515
vt -0.000810 0.069479
vt -0.001571 0.341861
vt -0.001803 1.046758
vt -0.001928 1.042668
vt -0.001717 0.372362
vt -0.001368 0.167258
vt -0.002493 1.000011
vt -0.002209 1.000011
vt -0.002214 1.000011
vt -0.001996 1.000011
vt -0.001856 1.000011
vt -0.001861 1.000011
vt -0.002555 1.000011
vt -0.002655 1.000011
vt -0.001713 1.000011
vt -0.002397 1.000011
vt -0.001163 1.000011
vt -0.001168 1.000011
vt -0.001185 1.000011
vt -0.002074 1.000011
vt -0.001509 1.000011
vt -0.001078 1.000011
vt -0.001084 1.000011
vt -0.001056 1.000011
vt -0.001822 1.000011
vt 0.301629 0.308507
vt 0.292616 0.360077
vt -5.683870 0.036190
vt 0.190452 0.017236
vt -5.707594 0.195131
vt 0.181251 1.000011
vt 0.309488 0.309529
vt 0.317655 0.255603
vt 0.381864 0.017236
vt 0.173547 0.017236
vt 0.499991 1.000011
vt 0.405935 0.017236
vt -3.271072 0.195131
vt -3.366573 0.060717
vn 0.013523 -0.633492 0.773631
vn -0.001021 -0.641625 0.767017
vn -0.013891 -0.645123 0.763953
vn -0.001819 -0.641197 0.767374
vn 0.285771 -0.609476 0.739510
vn -0.005137 -0.641941 0.766737
vn 0.004233 -0.637077 0.770788
vn 0.825311 -0.532983 -0.186522
vn -0.225479 -0.802701 0.552114
vn 0.022466 -0.600045 0.799651
vn 0.000150 -0.642716 0.766105
vn 0.004549 -0.758876 0.651220
vn -0.000053 -0.639659 0.768659
vn 0.071633 -0.639991 0.765036
vn -0.014907 -0.635737 0.771762
vn -0.065843 -0.652026 0.755332
vn -0.165328 -0.640562 0.749898
vn 0.299202 -0.819163 0.489337
vn -0.238486 -0.422170 0.874584
vn 0.346116 -0.275984 0.896681
vn -0.186224 -0.154351 0.970307
vn 0.054789 -0.237229 0.969907
vn 0.143686 0.013923 0.989525
vn 0.067390 -0.041960 0.996844
vn -0.242145 -0.255156 0.936088
vn 0.039991 0.069673 0.996768
vn -0.271913 0.179219 0.945486
vn 0.126611 -0.039304 0.991174
vn -0.000768 0.172734 0.984968
vn 0.230566 -0.029034 0.972623
vn 0.086650 -0.008994 0.996198
vn -0.545315 -0.077185 0.834670
vn 0.096996 0.017043 0.995139
vn -0.319944 -0.179974 0.930186
vn 0.026884 -0.250445 0.967757
vn -0.217189 -0.444059 0.869276
vn 0.025040 -0.357055 0.933748
vn -0.321049 -0.348410 0.880646
vn 0.041142 -0.661915 0.748449
vn 0.016812 -0.633098 0.773889
vn 0.046326 -0.656003 0.753335
vn -0.121657 -0.648806 0.751166
vn -0.006646 -0.622973 0.782215
vn -0.171936 -0.551367 0.816353
vn -0.186915 -0.378308 0.906612
vn 0.104640 -0.726334 0.679330
vn -0.028826 -0.170907 0.984865
vn -0.085712 -0.098795 0.991410
vn 0.019117 0.099890 0.994815
vn -0.061485 -0.163912 0.984557
vn -0.009199 0.025585 0.999630
vn 0.007444 -0.080208 0.996750
vn 0.003748 -0.228215 0.973604
vn -0.083109 -0.354057 0.931524
vn 0.015226 -0.562985 0.826327
vn -0.207962 -0.020712 0.977918
vn -0.003418 -0.001413 0.999993
vn 0.404647 0.047762 0.913225
vn -0.134047 -0.126320 0.982891
vn 0.095043 -0.484078 0.869848
vn -0.298013 -0.482037 0.823911
vn 0.855025 -0.042773 0.516820
vn -0.206436 -0.414436 0.886356
vn 0.304556 -0.435858 0.846920
vn 0.256562 -0.602442 0.755804
vn -0.020180 -0.644502 0.764336
vn -0.052323 0.645605 0.761877
vn -0.000295 0.216776 0.976221
vn 0.082364 0.846703 -0.525652
vn -0.187665 0.982137 0.013742
vn 0.044622 0.887281 -0.459065
vn 0.005392 -0.634987 0.772504
vn -0.002442 -0.642050 0.766659
vn -0.000985 -0.641610 0.767031
vn -0.001246 -0.627477 0.778634
vn -0.001021 -0.641625 0.767018
vn -0.001023 -0.641625 0.767018
vn 0.012851 -0.636562 0.771119
vn -0.001024 -0.641622 0.767021
vn -0.000985 -0.640064 0.768321
vn -0.002160 -0.641885 0.766798
vn -0.000816 -0.634399 0.773005
vn -0.023706 -0.595571 0.802953
vn -0.001215 -0.627372 0.778719
vn -0.001023 -0.641625 0.767018
vn -0.015330 -0.765750 0.642956
vn -0.001021 -0.641626 0.767017
vn -0.001018 -0.641628 0.767015
vn -0.001021 -0.641627 0.767016
vn -0.001021 -0.641626 0.767017
vn -0.001022 -0.641625 0.767018
vn -0.001020 -0.641626 0.767017
vn -0.044731 -0.667673 0.743109
vn -0.027666 -0.633801 0.773001
vn -0.000645 -0.642413 0.766359
vn -0.002218 -0.641619 0.767020
vn -0.000759 -0.278422 0.960458
vn -0.016478 -0.015146 0.999749
vn -0.000855 -0.339914 0.940456
vn -0.000920 -0.424162 0.905586
vn -0.000956 -0.497875 0.867248
vn -0.000991 -0.582078 0.813132
vn -0.001012 -0.642285 0.766465
vn -0.001012 -0.641929 0.766763
vn -0.000804 -0.641865 0.766817
vn -0.000807 -0.641941 0.766753
vn -0.000804 -0.641716 0.766942
vn -0.000916 -0.641706 0.766950
vn -0.000790 -0.641767 0.766899
vn -0.000797 -0.641739 0.766923
vn -0.001012 -0.641817 0.766857
vn -0.000811 -0.641733 0.766928
vn -0.000810 -0.641938 0.766756
vn -0.000786 -0.641896 0.766791
vn -0.000727 -0.641780 0.766888
vn -0.000861 -0.641875 0.766809
vn -0.003936 -0.674097 0.738633
vn -0.001037 -0.641624 0.767019
vn 0.014917 -0.664107 0.747489
vn -0.000364 -0.642570 0.766227
vn 0.026246 -0.663114 0.748058
vn 0.053865 -0.645794 0.761609
vn 0.007663 -0.620787 0.783942
vn -0.097900 -0.604938 0.790231
vn -0.000982 -0.569632 0.821900
vn -0.008329 -0.371763 0.928290
vn -0.008719 -0.185051 0.982690
vn -0.015014 -0.037384 0.999188
vn -0.003729 0.014460 0.999889
vn -0.018261 0.114657 0.993237
vn -0.000670 0.001777 0.999998
vn -0.000565 -0.013940 0.999903
vn -0.000752 -0.245797 0.969321
vn -0.000898 -0.414247 0.910164
vn -0.000985 -0.566806 0.823851
vn -0.000989 -0.642014 0.766692
vn -0.000847 -0.641768 0.766898
vn 0.036649 -0.562265 0.826145
vn 0.018915 -0.406589 0.913415
vn -0.028625 -0.232283 0.972227
vn -0.112019 -0.106532 0.987979
vn -0.021064 0.008602 0.999741
vn -0.000512 -0.088894 0.996041
vn -0.000762 -0.267589 0.963533
vn -0.000496 -0.416864 0.908969
vn 0.022597 -0.557716 0.829724
vn 0.164883 -0.616006 0.770292
vn 0.003731 -0.637015 0.770842
vn -0.000932 -0.637555 0.770404
vn -0.002489 -0.644274 0.764791
vn -0.024947 -0.614281 0.788693
vn -0.128976 -0.501050 0.855754
vn -0.054310 -0.556709 0.828930
vn 0.078581 -0.657931 0.748967
vn -0.006967 -0.424366 0.905464
vn -0.007750 -0.253706 0.967250
vn -0.011233 -0.059043 0.998192
vn -0.079887 -0.135619 0.987535
vn 0.062416 -0.026778 0.997691
vn -0.000513 0.001446 0.999999
vn -0.000626 0.001991 0.999998
vn -0.000845 -0.641846 0.766833
vn -0.051051 -0.607855 0.792406
vn -0.034112 -0.800622 0.598198
vn -0.527601 -0.415380 0.741011
vn -0.015766 -0.590799 0.806665
vn -0.000845 -0.432140 0.901806
vn -0.000779 -0.263732 0.964596
vn -0.000632 -0.075149 0.997172
vn -0.002305 -0.052767 0.998604
vn -0.037165 -0.757068 0.652278
vn 0.011372 -0.646787 0.762586
vn -0.032604 -0.924650 0.379419
vn -0.001031 -0.641619 0.767023
vn 0.064630 -0.902747 0.425289
vn -0.001020 -0.641617 0.767025
vn -0.365341 -0.495971 0.787743
vn 0.069569 -0.639893 0.765309
vn -0.046959 -0.887858 0.457715
vn -0.014000 -0.624276 0.781078
vn -0.362331 0.057213 0.930292
vn -0.122883 0.379163 0.917134
vn 0.509205 0.019370 0.860427
vn 0.069663 0.069534 0.995144
vn 0.735718 -0.009891 0.677216
vn 0.366171 0.015645 0.930416
vn -0.037273 -0.035781 0.998664
vn -0.132218 -0.630884 0.764528
vn -0.000955 -0.641602 0.767037
vn -0.120011 -0.614211 0.779962
vn -0.000960 -0.641555 0.767076
vn -0.440030 -0.563285 0.699346
vn -0.000803 -0.641924 0.766768
vn -0.350046 -0.574347 0.739996
vn -0.000797 -0.641993 0.766710
vn -0.118273 -0.635197 0.763241
vn 0.010488 -0.652283 0.757903
vn 0.152784 -0.613636 0.774667
vn -0.000879 -0.641931 0.766762
vn 0.006201 -0.650265 0.759682
vn -0.014208 -0.650421 0.759441
vn 0.079267 -0.006269 0.996834
vn -0.008390 0.001579 0.999964
vn -0.788750 -0.034429 0.613749
vn 0.000400 0.000833 1.000000
vn -0.472249 -0.012870 0.881371
vn 0.000081 0.001059 0.999999
vn 0.043125 -0.034583 0.998471
vn 0.001251 0.003018 0.999995
vn 0.311969 -0.105796 0.944184
vn -0.000205 0.002175 0.999998
vn 0.225908 -0.671294 0.705924
vn 0.001820 -0.665001 0.746840
vn 0.651680 -0.363118 0.665927
vn -0.005287 -0.639243 0.768986
vn 0.390745 -0.600852 0.697349
vn -0.001211 -0.641604 0.767035
vn 0.130925 -0.735784 0.664440
vn -0.001018 -0.641543 0.767087
vn 0.151194 -0.674953 0.722204
vn -0.005565 -0.641805 0.766848
vn -0.001900 0.001173 0.999997
vn -0.002905 -0.111979 0.993706
vn 0.027068 -0.674205 0.738048
vn 0.044875 -0.622451 0.781371
vn 0.026314 -0.627473 0.778193
vn -0.058099 -0.596399 0.800583
vn 0.013933 -0.734208 0.678782
vn 0.000412 -0.522480 0.852652
vn -0.049624 -0.627220 0.777260
vn 0.054937 -0.075588 0.995624
vn 0.024947 0.403966 0.914434
vn -0.001353 0.401985 0.915645
vn 0.015580 0.287155 0.957757
vn -0.000401 0.044523 0.999008
vn 0.000233 -0.023551 0.999723
vn 0.163030 -0.668131 0.725963
vn -0.022560 0.022919 0.999483
vn 0.157677 -0.569993 0.806379
vn 0.059309 -0.000832 0.998239
vn -0.015912 -0.016620 0.999735
vn 0.032287 -0.011051 0.999418
vn -0.022527 -0.016164 0.999616
vn -0.008535 -0.240212 0.970683
vn -0.009686 0.023264 0.999683
vn 0.000147 0.002371 0.999997
vn 0.000017 0.002180 0.999998
vn -0.075908 -0.068836 0.994736
vn 0.000005 -0.690702 0.723139
vn -0.010111 -0.694533 0.719390
vn -0.035581 -0.742495 0.668906
vn 0.629140 -0.258146 0.733174
vn -0.474245 -0.034210 0.879728
vn -0.012867 -0.003144 0.999912
vn 0.559772 -0.418105 0.715433
vn -0.048763 0.008382 0.998775
vn -0.467985 -0.024607 0.883394
vn 0.702892 -0.025506 0.710840
vn -0.528057 -0.198690 0.825638
vn 0.239121 0.416393 0.877176
vn -0.523894 0.702048 0.482352
vn 0.598090 -0.360263 0.715890
vn -0.478919 -0.293935 0.827188
vn 0.154345 -0.226913 0.961607
vn 0.518497 -0.113254 0.847546
vn -0.555526 -0.292360 0.778406
vn -0.012696 0.077477 0.996913
vn 0.635929 0.044218 0.770480
vn -0.693599 0.043027 0.719076
vn -0.059016 0.013123 0.998171
vn 0.715842 -0.176374 0.675620
vn -0.786572 0.098749 0.609551
vn 0.200512 0.764883 0.612167
vn 0.627692 -0.154766 0.762922
vn 0.342367 0.785306 0.515829
vn -0.705361 0.478282 0.523175
vn 0.778326 -0.255137 0.573684
vn -0.845821 0.027204 0.532772
vn 0.421669 0.661203 0.620489
vn -0.550065 0.317285 0.772502
vn 0.689524 0.035934 0.723370
vn -0.718955 0.375828 0.584685
vn 0.189741 0.850205 0.491070
vn 0.806503 0.053771 0.588780
vn -0.718959 -0.244275 0.650713
vn 0.004905 0.507975 0.861358
vn 0.700197 0.194229 0.687022
vn -0.718391 0.087651 0.690095
vn 0.064149 0.585087 0.808429
vn 0.111866 -0.069241 0.991308
vn -0.039354 0.166055 0.985331
vn -0.094663 -0.088388 0.991578
vn -0.015284 -0.263930 0.964421
vn 0.027079 -0.206664 0.978037
vn 0.699785 0.050157 0.712591
vn -0.632994 -0.039651 0.773141
vn -0.124792 -0.271379 0.954348
vn 0.594019 0.085998 0.799841
vn -0.674609 0.097522 0.731705
vn -0.267727 0.061677 0.961519
vn 0.674796 -0.111734 0.729497
vn -0.536279 0.259873 0.803038
vn -0.023780 0.092759 0.995405
vn 0.636298 0.280626 0.718592
vn -0.686545 0.170661 0.706775
vn 0.529707 0.363600 0.766293
vn -0.131239 0.263354 0.955731
vn 0.749632 0.230802 0.620308
vn -0.728408 0.123329 0.673952
vn -0.247231 -0.880504 0.404463
vn 0.745411 0.247072 0.619127
vn -0.710240 0.092349 0.697876
vn -0.091211 0.909807 0.404885
vn 0.692115 -0.104728 0.714149
vn -0.778355 0.376532 0.502381
vn 0.236793 0.844023 0.481201
vn 0.740101 0.251434 0.623724
vn -0.725147 0.166391 0.668189
vn 0.660421 0.484788 0.573433
vn -0.315395 0.852495 0.416868
vn 0.271499 -0.607137 0.746775
vn -0.201309 0.640375 0.741211
vn -0.110183 0.325368 0.939146
vn 0.105001 -0.085210 0.990815
vn -0.055840 0.398953 0.915270
vn 0.628796 -0.536912 0.562442
vn -0.009252 -0.604627 0.796455
vn 0.534820 -0.487013 0.690497
vn -0.668913 -0.480408 0.567242
vn 0.003376 -0.505602 0.862760
vn 0.522311 -0.409312 0.748101
vn -0.019035 -0.589070 0.807858
vn -0.702276 -0.513049 0.493548
vn 0.678649 -0.467696 0.566301
vn 0.006570 -0.553978 0.832505
vn -0.511095 -0.467786 0.721081
vn 0.654128 -0.438457 0.616338
vn 0.004911 -0.589560 0.807710
vn -0.601143 -0.417531 0.681392
vn -0.684672 -0.296311 0.665901
vn 0.644019 -0.531396 0.550326
vn 0.125665 0.288166 0.949299
vn 0.598239 -0.454911 0.659671
vn -0.663767 -0.483012 0.571063
vn 0.039874 0.296081 0.954330
vn 0.670308 -0.305463 0.676298
vn -0.121435 0.265793 0.956351
vn -0.651267 -0.538202 0.534967
vn 0.675089 -0.468596 0.569801
vn 0.001545 0.302741 0.953072
vn -0.663389 -0.373533 0.648373
vn 0.692246 -0.416846 0.589096
vn 0.002226 0.293496 0.955958
vn -0.696853 -0.357276 0.621892
vn 0.570659 -0.441231 0.692577
vn 0.035269 -0.568054 0.822235
vn -0.510551 -0.452173 0.731353
vn 0.649262 -0.407318 0.642302
vn -0.036928 0.272206 0.961530
vn -0.667710 -0.360372 0.651380
vn 0.000899 -0.642386 0.766380
vn -0.002011 -0.658290 0.752762
vn 0.003702 -0.662865 0.748730
vn -0.018012 -0.621651 0.783087
vn 0.000893 -0.640129 0.768267
vn 0.000322 -0.639557 0.768744
vn -0.025880 0.508753 0.860523
vn -0.024734 -0.957852 -0.286195
vn -0.167464 -0.882085 -0.440319
vn -0.021865 -0.906214 0.422254
vn -0.040257 -0.755587 -0.653810
vn -0.956714 -0.276024 -0.092248
vn 0.043748 -0.980817 -0.189957
vn 0.689374 -0.626081 -0.364399
vn -0.476991 -0.830645 -0.287243
vn -0.045133 -0.917278 -0.395681
vn 0.224066 -0.964225 -0.141647
vn 0.224478 -0.917342 -0.328776
vn -0.198320 -0.899657 -0.388957
vn 0.315000 -0.913594 -0.257140
vn -0.395674 -0.900175 -0.182010
vn 0.083942 -0.951008 -0.297551
vn -0.275952 -0.954709 -0.111268
vn -0.872470 -0.461187 -0.161561
vn -0.337670 -0.941109 0.017137
vn 0.011139 -0.927525 0.373595
vn -0.342334 -0.939265 0.024262
vn 0.073133 -0.994204 -0.078804
vn -0.626347 -0.778623 -0.037897
vn 0.285140 -0.957130 -0.050958
vn -0.368320 -0.924730 -0.095992
vn 0.184009 -0.981992 -0.042806
vn 0.270864 -0.929483 -0.250389
vn 0.033205 -0.700948 0.712439
vn 0.288994 -0.891262 0.349479
vn -0.533416 -0.845518 0.023806
vn -0.088153 -0.805509 -0.585991
vn -0.058758 -0.808162 0.586022
vn -0.491149 -0.720704 0.489242
vn -0.325341 -0.848012 0.418364
vn -0.097703 -0.772229 0.627787
vn -0.659108 -0.718142 -0.223269
vn -0.630368 -0.690182 -0.355365
vn -0.153830 -0.828950 -0.537753
vn -0.358188 -0.907121 -0.220980
vn 0.364740 -0.855772 -0.366904
vn -0.196478 -0.939356 -0.281081
vn 0.087395 -0.983511 -0.158331
vn -0.581606 -0.812477 -0.040203
vn -0.384449 -0.918921 -0.088225
vn 0.284488 -0.881473 -0.376925
vn 0.059068 -0.888631 0.454804
vn -0.400117 -0.906550 -0.134438
vn 0.861475 -0.433175 -0.264992
vn -0.127625 -0.708179 0.694402
vn -0.388974 -0.915416 -0.103504
vn 0.237727 -0.946789 -0.216971
vn 0.153440 -0.914612 -0.374087
vn -0.048680 -0.905900 0.420683
vn 0.398180 -0.877898 -0.265986
vn -0.289548 -0.899275 -0.327821
vn -0.454498 -0.865958 -0.208682
vn 0.212451 -0.944824 -0.249343
vn -0.156814 -0.811364 0.563115
vn -0.203765 -0.954284 -0.218681
vn 0.329623 -0.934351 -0.135412
vn 0.019570 -0.646831 0.762382
vn -0.000920 -0.357560 0.933890
vn 0.065218 -0.689458 0.721384
vn -0.152436 -0.983042 0.101935
vn -0.923194 -0.375151 0.083513
vn -0.079611 -0.896309 0.436225
vn 0.664377 -0.716041 -0.214214
vn 0.147034 -0.829555 0.538720
vn 0.046250 -0.859059 -0.509783
vn -0.144064 -0.624479 0.767640
vn -0.828826 -0.175733 0.531192
vn -0.027212 -0.636112 0.771117
vn 0.064681 -0.620016 0.781919
vn 0.268740 -0.606999 0.747884
vn 0.183852 -0.885384 0.426960
vn -0.000906 -0.426946 0.904277
vn -0.180563 -0.371051 0.910889
vn 0.061028 -0.524946 0.848945
vn 0.014970 -0.681549 0.731619
vn -0.000051 -0.639177 0.769060
vn 0.000247 -0.640458 0.767993
vn -0.028068 -0.665871 0.745539
vn -0.004113 -0.643966 0.765043
vn -0.014092 -0.646394 0.762873
vn 0.044940 -0.623205 0.780767
vn -0.005260 -0.642843 0.765980
vn -0.017591 -0.767663 0.640612
vn -0.009928 -0.648749 0.760938
vn -0.005604 -0.606330 0.795193
vn 0.036859 -0.572108 0.819350
vn 0.052782 -0.608460 0.791827
vn -0.004871 -0.643810 0.765170
vn -0.008455 -0.770488 0.637398
vn 0.003646 -0.648270 0.761402
vn 0.007783 -0.641057 0.767454
vn 0.006315 -0.698855 0.715236
vn -0.006578 -0.646825 0.762610
vn 0.011242 -0.634661 0.772709
vn 0.011651 -0.639570 0.768644
vn -0.052695 -0.665798 0.744269
vn -0.050629 -0.644558 0.762877
vn 0.002517 -0.631909 0.775038
vn -0.067784 -0.675942 0.733831
vn 0.042074 -0.207045 0.977426
vn -0.000764 -0.167988 0.985789
vn 0.049747 -0.302753 0.951770
vn 0.003983 -0.415551 0.909561
vn -0.001327 -0.490546 0.871414
vn 0.027632 -0.554147 0.831960
vn 0.096000 -0.547638 0.831190
vn 0.040542 -0.623046 0.781134
vn 0.001035 -0.633984 0.773345
vn -0.000159 -0.642248 0.766497
vn 0.036785 -0.602931 0.796945
vn 0.064863 -0.619339 0.782440
vn 0.081766 -0.629760 0.772474
vn 0.069551 -0.613568 0.786573
vn 0.069692 -0.643352 0.762392
vn 0.063681 -0.608411 0.791063
vn -0.002426 -0.638631 0.769509
vn -0.002148 -0.640865 0.767650
vn -0.002321 -0.641056 0.767490
vn 0.014151 -0.644915 0.764123
vn 0.010911 -0.587202 0.809367
vn -0.032821 -0.893779 0.447305
vn -0.306952 -0.803455 0.510137
vn -0.473044 -0.617191 0.628732
vn -0.022222 -0.648312 0.761050
vn -0.045337 -0.741867 0.669012
vn -0.089308 -0.584085 0.806764
vn -0.241585 -0.306964 0.920549
vn -0.347035 -0.185502 0.919324
vn 0.172908 -0.005111 0.984925
vn -0.279514 -0.005836 0.960124
vn -0.529159 -0.125166 0.839241
vn -0.182268 -0.258462 0.948670
vn -0.232565 -0.422857 0.875846
vn -0.181129 -0.597459 0.781175
vn -0.344078 -0.649869 0.677702
vn -0.043083 -0.639662 0.767448
vn -0.210073 -0.542571 0.813318
vn -0.112476 -0.420038 0.900509
vn -0.005812 -0.217239 0.976101
vn -0.122631 -0.071722 0.989857
vn -0.080146 0.034256 0.996194
vn -0.159714 -0.071514 0.984569
vn -0.077461 -0.226017 0.971039
vn -0.413810 -0.471987 0.778454
vn 0.077635 -0.515873 0.853140
vn -0.022480 -0.641089 0.767137
vn 0.414410 -0.608751 0.676525
vn 0.069989 -0.599926 0.796988
vn 0.165226 -0.260961 0.951104
vn 0.024109 -0.382304 0.923722
vn 0.382011 -0.632595 0.673714
vn 0.264777 -0.464673 0.844969
vn -0.003901 -0.228926 0.973436
vn -0.038264 -0.092282 0.994998
vn -0.000550 0.017066 0.999854
vn 0.025800 -0.397565 0.917211
vn -0.077182 -0.683656 0.725711
vn -0.067922 -0.560491 0.825371
vn -0.051147 -0.571206 0.819212
vn 0.192250 -0.293133 0.936543
vn 0.012345 -0.258946 0.965813
vn 0.078298 -0.106442 0.991231
vn 0.009134 -0.809066 0.587646
vn -0.008064 -0.687102 0.726516
vn 0.034735 -0.841490 0.539155
vn -0.658760 -0.301272 0.689399
vn 0.013909 -0.653669 0.756653
vn -0.402762 -0.021087 0.915062
vn -0.214181 -0.628415 0.747811
vn -0.124381 -0.627398 0.768700
vn -0.158088 -0.634638 0.756467
vn -0.157070 -0.648061 0.745215
vn -0.110276 -0.639909 0.760497
vn 0.196621 -0.628828 0.752274
vn 0.000649 -0.640806 0.767703
vn 0.051485 -0.004543 0.998663
vn -0.219980 0.005258 0.975490
vn -0.228431 -0.029610 0.973110
vn 0.031846 0.003315 0.999487
vn 0.485993 0.011795 0.873883
vn 0.254977 -0.665965 0.701055
vn 0.592713 -0.407615 0.694652
vn 0.522115 -0.510464 0.683244
vn 0.188107 -0.665978 0.721865
vn 0.309795 -0.639091 0.703982
vn -0.025894 -0.675602 0.736812
vn 0.055863 -0.624365 0.779132
vn -0.234988 -0.644939 0.727209
vn -0.103008 -0.626554 0.772541
vn -0.014089 -0.712803 0.701222
vn -0.106042 -0.469772 0.876396
vn 0.052303 -0.661952 0.747719
vn 0.021163 -0.021375 0.999548
vn 0.267201 -0.008365 0.963604
vn 0.673970 0.009453 0.738699
vn 0.124726 -0.226299 0.966039
vn 0.002494 -0.010065 0.999946
vn -0.008408 0.005346 0.999950
vn 0.000869 0.001231 0.999999
vn -0.022696 -0.554627 0.831789
vn -0.005721 -0.506351 0.862309
vn -0.188074 -0.418543 0.888510
vn -0.055618 -0.373246 0.926064
vn -0.063190 -0.368218 0.927590
vn 0.229132 -0.370400 0.900168
vn 0.092456 -0.310563 0.946046
vn -0.035453 -0.341490 0.939217
vn -0.074390 -0.369447 0.926270
vn 0.014991 -0.645275 0.763803
vn -0.026192 -0.658233 0.752359
vn 0.015614 -0.639101 0.768964
vn 0.004542 -0.638574 0.769547
vn 0.008855 -0.643063 0.765762
vn 0.009698 -0.689197 0.724509
vn -0.035465 -0.737777 0.674112
vn -0.019993 -0.657756 0.752966
vn 0.017812 -0.632707 0.774187
vn 0.006037 -0.620297 0.784344
vn 0.005931 -0.637622 0.770326
vn 0.030926 -0.585672 0.809958
vn -0.029818 -0.628071 0.777585
vn -0.054951 -0.668180 0.741968
vn -0.004483 -0.645016 0.764156
vn 0.017064 -0.642027 0.766492
vn 0.010727 -0.645445 0.763731
vn 0.006160 -0.659899 0.751329
vn -0.001572 -0.645167 0.764040
vn -0.003557 -0.645973 0.763352
vn -0.004610 -0.646835 0.762616
vn 0.011914 -0.635520 0.771993
vn -0.000351 -0.644743 0.764399
vn -0.002424 -0.648617 0.761111
vn 0.039202 -0.628011 0.777217
vn 0.036439 -0.625832 0.779107
vn -0.017151 -0.687264 0.726205
vn -0.007702 -0.762512 0.646929
vn -0.003463 -0.771750 0.635917
vn 0.030375 -0.613761 0.788907
vn -0.038197 -0.842601 0.537183
vn 0.051444 -0.870493 0.489484
vn -0.044215 -0.898865 0.435990
vn -0.329188 -0.802958 0.496884
vn -0.436307 -0.626823 0.645545
vn -0.499197 -0.437375 0.748001
vn -0.261109 -0.572311 0.777356
vn -0.025514 -0.691397 0.722025
vn 0.012906 -0.767720 0.640656
vn -0.065565 -0.653836 0.753790
vn -0.034082 -0.743828 0.667502
vn -0.019907 -0.700642 0.713236
vn -0.087558 -0.576094 0.812680
vn -0.107227 -0.481911 0.869635
vn -0.211373 -0.348971 0.912984
vn -0.270927 -0.162767 0.948739
vn 0.162856 -0.000667 0.986650
vn -0.212729 -0.114602 0.970367
vn 0.268783 -0.638085 0.721528
vn 0.328205 -0.628370 0.705289
vn 0.175293 -0.686710 0.705479
vn 0.488813 -0.521018 0.699716
vn 0.620207 -0.398676 0.675574
vn 0.225431 -0.675970 0.701602
vn 0.080272 -0.371027 0.925146
vn -0.044640 -0.417753 0.907464
vn 0.351259 -0.665589 0.658489
vn 0.414640 -0.518086 0.748105
vn 0.240927 -0.403307 0.882778
vn 0.015146 -0.251772 0.967668
vn 0.013166 -0.064640 0.997822
vn -0.015682 0.006776 0.999854
vn -0.416966 -0.029040 0.908458
vn -0.537574 -0.108089 0.836260
vn -0.291207 -0.233474 0.927733
vn -0.246791 -0.426758 0.870042
vn -0.195223 -0.509372 0.838110
vn -0.182989 -0.672137 0.717458
vn -0.200480 -0.613912 0.763492
vn -0.116427 -0.626163 0.770951
vn -0.094042 -0.640525 0.762157
vn -0.310392 -0.601012 0.736506
vn -0.230315 -0.632499 0.739527
vn -0.105013 -0.637900 0.762925
vn -0.179817 -0.539212 0.822749
vn -0.185516 -0.447757 0.874698
vn -0.022866 -0.222827 0.974590
vn -0.107918 -0.079890 0.990945
vn -0.053061 0.048689 0.997404
vn 0.072021 -0.000306 0.997403
vn -0.529855 -0.029488 0.847576
vn -0.392175 -0.036175 0.919179
vn -0.187466 -0.062946 0.980252
vn -0.122954 -0.208490 0.970265
vn -0.340762 -0.489194 0.802852
vn -0.018739 -0.487034 0.873182
vn -0.005575 -0.494186 0.869338
vn 0.002891 -0.177190 0.984172
vn 0.037265 -0.234652 0.971365
vn 0.035584 -0.312506 0.949249
vn -0.004404 -0.420343 0.907355
vn 0.027329 -0.570022 0.821175
vn 0.043951 -0.629189 0.776009
vn 0.068219 -0.646387 0.759954
vn 0.061639 -0.617288 0.784319
vn 0.060672 -0.608679 0.791094
vn 0.078885 -0.628494 0.773804
vn 0.072844 -0.621425 0.780080
vn 0.033563 -0.604963 0.795546
vn 0.000904 -0.621561 0.783365
vn -0.004935 -0.638540 0.769573
vn -0.003630 -0.640973 0.767555
vn -0.003264 -0.641511 0.767107
vn -0.000903 -0.642487 0.766296
vn 0.011131 -0.648869 0.760819
vn 0.001535 -0.674213 0.738536
vn 0.174931 -0.625275 0.760546
vn 0.002250 -0.657632 0.753336
vn 0.145704 -0.661949 0.735250
vn 0.013657 -0.699073 0.714920
vn 0.033518 -0.541539 0.840007
vn -0.061319 -0.473155 0.878842
vn -0.210420 -0.425291 0.880256
vn -0.202752 -0.381931 0.901677
vn 0.079353 -0.278270 0.957220
vn 0.125462 -0.057627 0.990423
vn -0.040045 -0.013269 0.999110
vn -0.141877 -0.013656 0.989790
vn -0.004650 -0.065289 0.997856
vn -0.001743 -0.002644 0.999995
vn -0.006802 -0.003311 0.999971
vn 0.002572 -0.007552 0.999968
vn 0.364814 -0.033755 0.930468
vn 0.204287 -0.054579 0.977388
vn 0.075566 -0.341628 0.936792
vn 0.639685 -0.069218 0.765514
vn -0.001031 -0.491359 0.870957
vn 0.065845 -0.561416 0.824910
vn 0.001738 -0.019456 0.999809
vn 0.081029 -0.036521 0.996042
vn 0.065409 -0.587527 0.806557
vn -0.039171 0.000586 0.999232
vn -0.003353 -0.651589 0.758565
vn -0.017205 -0.647529 0.761847
vn -0.053661 -0.077754 0.995527
vn -0.053428 0.001597 0.998570
vn 0.004245 -0.640133 0.768253
vn -0.002560 -0.643862 0.765137
vn 0.002553 -0.642947 0.765907
vn -0.002341 -0.645930 0.763393
vn 0.026554 -0.636771 0.770596
vn 0.014873 -0.629821 0.776598
vn -0.018476 -0.637603 0.770144
vn 0.081752 -0.626846 0.774842
vn -0.155434 -0.804013 0.573937
vn -0.024488 -0.552710 0.833014
vn 0.029961 -0.642167 0.765979
vn 0.067900 -0.763255 0.642520
vn -0.072129 -0.616465 0.784071
vn 0.021054 -0.532227 0.846340
vn 0.317229 -0.931537 -0.177775
vn -0.124702 -0.472609 0.872405
vn -0.078883 -0.663220 0.744256
vn 0.180346 -0.983004 0.034330
vn 0.198745 -0.545605 0.814135
vn 0.177565 -0.014640 0.984000
vn -0.122035 -0.992435 0.013383
vn -0.037525 -0.694341 0.718667
vn 0.136780 -0.731749 0.667708
vn -0.066791 -0.456925 0.886994
vn -0.093013 -0.276678 0.956451
vn -0.010168 -0.181731 0.983296
vn -0.007000 -0.413988 0.910255
vn -0.000900 0.145135 0.989412
vn -0.035753 0.067848 0.997055
vn -0.002804 0.091445 0.995806
vn 0.013849 0.169344 0.985460
vn -0.009214 -0.183169 0.983038
vn 0.041313 -0.040076 0.998342
vn -0.017738 0.286619 0.957880
vn -0.008482 0.577248 0.816525
vn -0.011946 0.315180 0.948957
vn -0.029288 0.029602 0.999133
vn -0.026893 0.028080 0.999244
vn -0.001310 -0.032908 0.999458
vn -0.000671 0.001644 0.999999
vn -0.025508 0.053032 0.998267
vn -0.000571 -0.023336 0.999728
vn -0.000653 0.001655 0.999998
vn -0.012849 -0.040330 0.999104
vn -0.047041 0.045550 0.997854
vn -0.000581 -0.023364 0.999727
vn -0.000755 -0.257707 0.966223
vn 0.050477 -0.613714 0.787914
vn -0.004085 -0.608785 0.793325
vn 0.000421 -0.661813 0.749669
vn 0.004037 -0.772201 0.635365
vn 0.042416 -0.839079 0.542353
vn 0.001404 -0.617958 0.786210
vn 0.046874 -0.620222 0.783025
vn 0.021145 -0.635341 0.771942
vn -0.000196 -0.617949 0.786218
vn -0.399628 -0.543980 0.737823
vn -0.414668 -0.544401 0.729162
vn -0.737196 -0.285932 0.612197
g fff05ca9_00002_0004e562_e0
f 247/262/247 207/50/207 211/223/211
f 207/216/207 143/142/143 211/42/211
f 81/74/81 149/148/149 96/90/96
f 205/214/205 207/216/207 241/255/241
f 82/75/82 80/73/80 84/77/84
f 95/89/95 80/73/80 82/75/82
f 151/150/151 213/225/213 121/118/121
f 203/212/203 205/214/205 241/255/241
f 83/76/83 72/62/72 80/73/80
f 72/62/72 94/72/94 120/117/120
f 94/88/94 72/62/72 83/76/83
f 94/72/94 93/87/93 120/117/120
f 201/210/201 199/208/199 197/47/197
f 199/208/199 162/170/162 116/113/116
f 92/86/92 88/66/88 76/68/76
f 55/110/55 197/206/197 138/137/138
f 55/110/55 251/266/251 197/206/197
f 124/121/124 436/490/436 153/152/153
f 197/206/197 106/135/106 195/204/195
f 191/200/191 137/135/137 108/105/108
f 189/198/189 191/200/191 108/105/108
f 98/92/98 755/1057/755 756/1059/756
f 66/58/66 166/174/166 327/343/327
f 246/261/246 247/262/247 211/223/211
f 182/190/182 130/128/130 307/323/307
f 227/240/227 124/121/124 152/151/152
f 767/1072/767 762/1066/762 768/1073/768
f 176/184/176 120/117/120 79/71/79
f 174/182/174 176/184/176 79/71/79
f 78/70/78 172/180/172 118/115/118
f 169/177/169 143/142/143 168/176/168
f 143/142/143 169/177/169 211/42/211
f 168/176/168 144/143/144 167/175/167
f 144/143/144 168/176/168 143/142/143
f 167/175/167 145/144/145 166/174/166
f 145/144/145 167/175/167 144/143/144
f 327/343/327 145/144/145 335/351/335
f 146/145/146 330/346/330 145/144/145
f 147/146/147 356/372/356 330/346/330
f 110/107/110 109/106/109 137/135/137
f 136/134/136 108/105/108 111/108/111
f 115/112/115 137/34/137 106/103/106
f 193/47/193 106/103/106 137/34/137
f 251/266/251 250/135/250 197/206/197
f 249/264/249 230/244/230 201/210/201
f 250/265/250 201/210/201 197/47/197
f 197/47/197 199/208/199 116/113/116
f 250/265/250 249/264/249 201/210/201
f 163/171/163 230/244/230 249/264/249
f 161/162/161 186/194/186 98/92/98
f 65/57/65 147/146/147 146/145/146
f 297/313/297 751/1053/751 182/190/182
f 247/262/247 241/256/241 207/50/207
f 745/1045/745 254/270/254 157/157/157
f 128/125/128 129/126/129 270/286/270
f 742/1042/742 745/1045/745 740/1040/740
f 127/124/127 128/125/128 740/1040/740
f 740/1040/740 741/1041/741 126/123/126
f 248/263/248 203/212/203 241/255/241
f 209/220/209 246/261/246 211/223/211
f 126/123/126 127/124/127 740/1040/740
f 741/1041/741 154/154/154 229/242/229
f 154/154/154 427/153/427 228/241/228
f 125/122/125 229/242/229 154/154/154
f 228/241/228 427/153/427 124/121/124
f 152/151/152 124/121/124 153/152/153
f 123/120/123 770/1075/770 767/1072/767
f 763/1067/763 151/150/151 762/1066/762
f 91/84/91 77/69/77 118/115/118
f 150/149/150 221/233/221 73/63/73
f 122/119/122 151/150/151 121/118/121
f 76/68/76 91/84/91 118/115/118
f 118/115/118 174/182/174 79/71/79
f 84/77/84 80/73/80 75/65/75
f 85/78/85 78/70/78 118/115/118
f 78/70/78 225/238/225 172/180/172
f 151/150/151 122/119/122 762/1066/762
f 87/81/87 88/66/88 89/82/89
f 88/66/88 90/83/90 76/68/76
f 88/66/88 87/81/87 90/83/90
f 148/147/148 149/148/149 1/1/1
f 77/69/77 85/78/85 118/115/118
f 118/115/118 92/86/92 76/68/76
f 79/71/79 120/117/120 93/87/93
f 365/381/365 366/382/366 327/343/327
f 83/76/83 80/73/80 95/89/95
f 73/63/73 149/148/149 81/74/81
f 112/109/112 137/135/137 109/106/109
f 113/110/113 105/101/105 137/135/137
f 121/118/121 74/6/74 120/117/120
f 136/134/136 103/97/103 135/133/135
f 135/133/135 101/95/101 134/132/134
f 134/132/134 99/93/99 133/131/133
f 115/112/115 114/111/114 137/34/137
f 136/134/136 189/198/189 108/105/108
f 136/134/136 111/108/111 104/98/104
f 114/111/114 113/33/113 137/34/137
f 150/149/150 73/63/73 74/6/74
f 197/47/197 116/113/116 106/103/106
f 4/4/4 96/90/96 149/148/149
f 149/148/149 148/147/148 4/4/4
f 137/135/137 107/104/107 110/107/110
f 108/105/108 137/135/137 112/109/112
f 148/147/148 2/2/2 4/4/4
f 79/71/79 92/86/92 118/115/118
f 121/118/121 219/231/219 74/6/74
f 72/62/72 120/117/120 74/6/74
f 203/212/203 245/260/245 142/141/142
f 337/353/337 365/381/365 338/354/338
f 203/212/203 248/263/248 245/260/245
f 229/242/229 126/123/126 741/1041/741
f 142/141/142 245/260/245 243/258/243
f 125/122/125 154/154/154 228/241/228
f 244/259/244 55/47/55 140/139/140
f 763/1067/763 227/240/227 152/151/152
f 140/139/140 55/47/55 139/138/139
f 195/204/195 106/135/106 193/202/193
f 55/47/55 138/136/138 139/138/139
f 137/135/137 105/101/105 107/104/107
f 104/98/104 103/97/103 136/134/136
f 102/96/102 101/95/101 135/133/135
f 135/133/135 103/97/103 102/96/102
f 100/94/100 99/93/99 134/132/134
f 134/132/134 101/95/101 100/94/100
f 761/1065/761 99/93/99 97/91/97
f 97/91/97 756/1059/756 760/1064/760
f 756/1059/756 97/91/97 98/92/98
f 98/92/98 222/234/222 755/1058/755
f 213/225/213 215/227/215 121/118/121
f 215/227/215 217/229/217 121/118/121
f 217/229/217 219/231/219 121/118/121
f 219/231/219 150/149/150 74/6/74
f 221/233/221 149/148/149 73/63/73
f 186/194/186 222/234/222 98/92/98
f 753/1055/753 758/1061/758 755/1058/755
f 31/25/31 186/194/186 185/193/185
f 224/237/224 86/80/86 172/180/172
f 225/238/225 224/237/224 172/180/172
f 123/120/123 767/1072/767 768/1073/768
f 141/140/141 142/141/142 243/258/243
f 243/258/243 242/257/242 140/139/140
f 242/257/242 244/259/244 140/139/140
f 141/140/141 243/258/243 140/139/140
f 158/158/158 157/157/157 256/272/256
f 256/272/256 157/157/157 254/270/254
f 128/125/128 267/283/267 742/1042/742
f 271/287/271 273/288/273 272/289/272
f 255/271/255 158/158/158 256/272/256
f 252/268/252 256/272/256 254/270/254
f 257/273/257 256/272/256 252/268/252
f 274/290/274 275/291/275 276/292/276
f 253/269/253 254/270/254 290/306/290
f 258/274/258 254/270/254 260/276/260
f 746/1046/746 157/157/157 156/156/156
f 278/295/278 277/293/277 280/296/280
f 744/1044/744 261/277/261 260/276/260
f 280/296/280 277/293/277 279/294/279
f 259/275/259 261/277/261 262/278/262
f 262/278/262 261/277/261 264/280/264
f 262/278/262 264/280/264 283/298/283
f 286/302/286 284/300/284 265/281/265
f 270/286/270 267/283/267 128/125/128
f 281/297/281 283/298/283 282/299/282
f 283/298/283 281/297/281 262/278/262
f 263/279/263 264/280/264 292/308/292
f 264/280/264 263/279/263 282/299/282
f 265/281/265 294/310/294 267/283/267
f 264/280/264 261/277/261 744/1044/744
f 285/301/285 284/300/284 286/302/286
f 267/283/267 266/282/266 285/301/285
f 266/282/266 267/283/267 268/284/268
f 285/301/285 286/302/286 267/283/267
f 268/284/268 267/283/267 270/286/270
f 269/285/269 270/286/270 129/126/129
f 287/303/287 289/305/289 288/304/288
f 252/268/252 254/270/254 273/288/273
f 273/288/273 271/287/271 252/268/252
f 289/305/289 287/303/287 268/284/268
f 268/284/268 270/286/270 289/305/289
f 254/270/254 253/269/253 272/289/272
f 272/289/272 273/288/273 254/270/254
f 255/271/255 256/272/256 275/291/275
f 275/291/275 274/290/274 255/271/255
f 265/281/265 267/283/267 286/302/286
f 282/299/282 283/298/283 264/280/264
f 256/272/256 257/273/257 276/292/276
f 276/292/276 275/291/275 256/272/256
f 258/274/258 260/276/260 279/294/279
f 279/294/279 277/293/277 258/274/258
f 288/304/288 289/305/289 270/286/270
f 270/286/270 269/285/269 288/304/288
f 261/277/261 259/275/259 278/295/278
f 278/295/278 280/296/280 261/277/261
f 260/276/260 261/277/261 280/296/280
f 280/296/280 279/294/279 260/276/260
f 291/307/291 254/270/254 258/274/258
f 290/306/290 254/270/254 291/307/291
f 294/310/294 293/309/293 744/1044/744
f 292/308/292 264/280/264 293/309/293
f 293/309/293 264/280/264 744/1044/744
f 159/160/159 184/192/184 301/317/301
f 295/311/295 324/340/324 747/1047/747
f 300/316/300 297/313/297 182/190/182
f 308/324/308 310/325/310 309/326/309
f 296/312/296 297/313/297 298/314/298
f 298/314/298 297/313/297 300/316/300
f 305/321/305 307/323/307 130/128/130
f 311/327/311 313/328/313 312/329/312
f 324/340/324 184/192/184 747/1047/747
f 301/317/301 184/192/184 303/319/303
f 324/340/324 303/319/303 184/192/184
f 314/330/314 316/331/316 315/332/315
f 299/315/299 300/316/300 325/341/325
f 304/320/304 300/316/300 306/322/306
f 182/190/182 306/322/306 300/316/300
f 318/335/318 317/333/317 319/334/319
f 182/190/182 307/323/307 306/322/306
f 318/335/318 319/334/319 320/336/320
f 295/311/295 297/313/297 310/325/310
f 310/325/310 308/324/308 295/311/295
f 306/322/306 307/323/307 320/336/320
f 320/336/320 319/334/319 306/322/306
f 297/313/297 296/312/296 309/326/309
f 309/326/309 310/325/310 297/313/297
f 298/314/298 300/316/300 313/328/313
f 313/328/313 311/327/311 298/314/298
f 318/335/318 320/336/320 307/323/307
f 307/323/307 305/321/305 318/335/318
f 300/316/300 299/315/299 312/329/312
f 312/329/312 313/328/313 300/316/300
f 301/317/301 303/319/303 316/331/316
f 316/331/316 314/330/314 301/317/301
f 319/334/319 317/333/317 304/320/304
f 304/320/304 306/322/306 319/334/319
f 303/319/303 302/318/302 315/332/315
f 315/332/315 316/331/316 303/319/303
f 302/318/302 303/319/303 321/337/321
f 321/337/321 303/319/303 322/338/322
f 322/338/322 303/319/303 323/339/323
f 323/339/323 303/319/303 324/340/324
f 325/341/325 300/316/300 304/320/304
f 341/357/341 342/358/342 340/356/340
f 166/174/166 145/144/145 327/343/327
f 326/342/326 66/58/66 327/343/327
f 330/346/330 335/351/335 145/144/145
f 147/146/147 330/346/330 146/145/146
f 335/351/335 338/354/338 327/343/327
f 344/361/344 343/359/343 345/360/345
f 328/344/328 332/348/332 330/346/330
f 338/354/338 365/381/365 327/343/327
f 328/344/328 333/349/333 332/348/332
f 348/364/348 346/362/346 347/363/347
f 332/348/332 363/379/363 335/351/335
f 332/348/332 335/351/335 330/346/330
f 331/347/331 363/379/363 332/348/332
f 351/367/351 349/365/349 350/366/350
f 334/350/334 338/354/338 335/351/335
f 366/382/366 165/173/165 327/343/327
f 334/350/334 339/355/339 338/354/338
f 354/370/354 352/368/352 353/369/353
f 353/369/353 352/368/352 337/353/337
f 337/353/337 338/354/338 353/369/353
f 327/343/327 165/173/165 340/356/340
f 340/356/340 342/358/342 327/343/327
f 326/342/326 327/343/327 342/358/342
f 342/358/342 341/357/341 326/342/326
f 328/344/328 330/346/330 345/360/345
f 345/360/345 343/359/343 328/344/328
f 354/370/354 353/369/353 338/354/338
f 338/354/338 339/355/339 354/370/354
f 330/346/330 329/345/329 344/361/344
f 344/361/344 345/360/345 330/346/330
f 331/347/331 332/348/332 347/363/347
f 347/363/347 346/362/346 331/347/331
f 351/367/351 350/366/350 335/351/335
f 335/351/335 336/352/336 351/367/351
f 332/348/332 333/349/333 348/364/348
f 348/364/348 347/363/347 332/348/332
f 334/350/334 335/351/335 350/366/350
f 350/366/350 349/365/349 334/350/334
f 356/372/356 329/345/329 330/346/330
f 147/146/147 357/373/357 356/372/356
f 355/371/355 329/345/329 356/372/356
f 360/376/360 358/374/358 359/375/359
f 355/371/355 356/372/356 359/375/359
f 359/375/359 358/374/358 355/371/355
f 360/376/360 359/375/359 356/372/356
f 356/372/356 357/373/357 360/376/360
f 361/377/361 336/352/336 335/351/335
f 364/380/364 361/377/361 335/351/335
f 363/379/363 362/378/362 335/351/335
f 362/378/362 364/380/364 335/351/335
f 184/192/184 28/159/28 367/383/367
f 27/127/27 182/243/182 749/1050/749
f 130/128/130 181/189/181 29/26/29
f 30/27/30 184/192/184 159/160/159
f 130/128/130 182/190/182 181/189/181
f 27/24/27 181/189/181 182/190/182
f 28/159/28 184/192/184 183/191/183
f 30/27/30 183/191/183 184/192/184
f 367/383/367 749/1050/749 748/1049/748
f 131/129/131 223/235/223 757/1060/757
f 222/234/222 160/161/160 753/1055/753
f 160/161/160 222/234/222 31/25/31
f 33/27/33 185/193/185 186/194/186
f 222/234/222 186/194/186 31/25/31
f 33/27/33 186/194/186 161/162/161
f 436/152/436 399/490/399 437/384/437
f 410/487/410 401/451/401 377/452/377
f 373/414/373 432/449/432 409/486/409
f 400/450/400 409/486/409 432/449/432
f 414/418/414 375/419/375 413/431/413
f 406/404/406 395/462/395 379/385/379
f 406/404/406 378/405/378 402/439/402
f 402/439/402 399/444/399 406/404/406
f 397/465/397 369/476/369 371/433/371
f 424/411/424 417/394/417 412/455/412
f 376/423/376 411/474/411 404/422/404
f 404/422/404 369/476/369 397/465/397
f 419/397/419 370/484/370 368/481/368
f 368/481/368 418/396/418 419/397/419
f 418/396/418 368/481/368 382/482/382
f 427/420/427 429/416/429 415/406/415
f 370/420/370 412/455/412 368/485/368
f 368/485/368 417/394/417 382/483/382
f 412/455/412 417/394/417 368/485/368
f 415/406/415 416/407/416 425/412/425
f 399/491/399 436/445/436 398/444/398
f 377/452/377 381/393/381 410/487/410
f 373/468/373 380/391/380 393/392/393
f 18/19/18 429/488/429 154/154/154
f 382/387/382 381/388/381 377/395/377
f 383/472/383 378/405/378 388/477/388
f 409/486/409 400/450/400 410/487/410
f 376/423/376 385/475/385 411/474/411
f 420/478/420 388/477/388 378/405/378
f 371/433/371 369/476/369 375/435/375
f 378/405/378 379/385/379 420/478/420
f 377/395/377 418/396/418 382/432/382
f 407/389/407 420/478/420 379/385/379
f 431/421/431 402/459/402 372/440/372
f 380/391/380 388/477/388 420/478/420
f 420/478/420 407/389/407 380/391/380
f 403/437/403 431/446/431 372/439/372
f 434/453/434 377/452/377 401/451/401
f 423/427/423 390/426/390 380/425/380
f 369/476/369 385/475/385 387/470/387
f 375/435/375 374/434/374 371/433/371
f 411/474/411 385/475/385 369/476/369
f 411/474/411 369/476/369 404/422/404
f 421/438/421 402/439/402 378/405/378
f 378/405/378 383/472/383 421/438/421
f 422/415/422 409/486/409 381/393/381
f 381/393/381 390/426/390 422/415/422
f 415/406/415 425/412/425 424/411/424
f 425/412/425 382/413/382 417/394/417
f 380/425/380 373/414/373 423/427/423
f 399/444/399 402/439/402 431/446/431
f 376/436/376 372/437/372 421/438/421
f 423/427/423 373/414/373 422/415/422
f 422/415/422 390/426/390 423/427/423
f 416/407/416 382/413/382 425/412/425
f 405/464/405 431/459/431 396/463/396
f 402/439/402 421/438/421 372/437/372
f 398/442/398 407/389/407 430/443/430
f 401/451/401 410/487/410 400/450/400
f 416/407/416 426/402/426 382/409/382
f 382/409/382 391/403/391 392/408/392
f 385/475/385 376/423/376 384/473/384
f 434/454/434 394/398/394 427/479/427
f 403/421/403 372/440/372 376/423/376
f 370/480/370 427/416/427 412/420/412
f 427/397/427 424/398/424 412/454/412
f 410/487/410 381/393/381 409/486/409
f 409/486/409 422/415/422 373/414/373
f 427/455/427 370/420/370 434/411/434
f 370/458/370 419/456/419 434/453/434
f 395/462/395 398/489/398 430/443/430
f 432/449/432 394/458/394 400/450/400
f 401/451/401 394/458/394 434/453/434
f 436/490/436 124/121/124 394/384/394
f 396/463/396 431/459/431 403/421/403
f 431/446/431 437/491/437 399/444/399
f 400/450/400 394/458/394 401/451/401
f 124/121/124 427/153/427 394/384/394
f 374/417/374 8/429/8 433/428/433
f 393/392/393 380/391/380 408/390/408
f 421/438/421 383/472/383 376/436/376
f 429/488/429 427/153/427 154/154/154
f 386/467/386 394/460/394 432/469/432
f 398/466/398 394/460/394 386/467/386
f 375/419/375 414/418/414 374/417/374
f 424/411/424 427/420/427 415/406/415
f 395/462/395 399/445/399 398/489/398
f 398/444/398 436/445/436 394/462/394
f 379/385/379 430/443/430 407/389/407
f 397/465/397 371/433/371 405/400/405
f 405/400/405 371/433/371 435/399/435
f 395/462/395 406/404/406 399/444/399
f 430/443/430 379/385/379 395/462/395
f 407/389/407 398/442/398 408/390/408
f 403/421/403 404/422/404 396/463/396
f 408/390/408 380/391/380 407/389/407
f 381/388/381 382/387/382 392/386/392
f 379/385/379 378/405/378 406/404/406
f 404/422/404 405/464/405 396/463/396
f 404/422/404 397/465/397 405/464/405
f 8/429/8 374/417/374 414/418/414
f 388/424/388 380/425/380 390/426/390
f 434/398/434 419/397/419 418/396/418
f 418/396/418 377/395/377 434/398/434
f 384/471/384 376/436/376 383/472/383
f 376/423/376 404/422/404 403/421/403
f 425/412/425 417/394/417 424/411/424
f 408/390/408 398/466/398 393/392/393
f 392/386/392 390/410/390 381/388/381
f 387/447/387 389/448/389 375/419/375
f 386/467/386 393/392/393 398/466/398
f 393/392/393 386/467/386 373/468/373
f 387/470/387 375/435/375 369/476/369
f 432/469/432 373/468/373 386/467/386
f 413/431/413 375/419/375 389/448/389
f 426/402/426 391/403/391 382/409/382
f 435/399/435 371/433/371 374/434/374
f 374/434/374 433/441/433 435/399/435
f 740/1040/740 128/125/128 742/1042/742
f 156/156/156 155/155/155 746/1046/746
f 740/1040/740 746/1046/746 741/1041/741
f 155/155/155 154/154/154 741/1041/741
f 260/276/260 254/270/254 745/1045/745
f 745/1045/745 744/1044/744 260/276/260
f 267/283/267 743/1043/743 742/1042/742
f 294/310/294 743/1043/743 267/283/267
f 743/1043/743 744/1044/744 742/1042/742
f 294/310/294 744/1044/744 743/1043/743
f 746/1046/746 745/1045/745 157/157/157
f 744/1044/744 745/1045/745 742/1042/742
f 740/1040/740 745/1045/745 746/1046/746
f 746/1046/746 155/155/155 741/1041/741
f 297/313/297 747/1047/747 751/1053/751
f 295/311/295 747/1047/747 297/313/297
f 747/1047/747 184/192/184 752/1054/752
f 367/383/367 748/1049/748 184/192/184
f 749/1050/749 182/243/182 750/1052/750
f 751/1053/751 752/1054/752 750/1051/750
f 749/1050/749 750/1052/750 748/1049/748
f 751/1053/751 750/1051/750 182/190/182
f 751/1053/751 747/1047/747 752/1054/752
f 752/1054/752 184/192/184 748/1048/748
f 752/1054/752 748/1048/748 750/1051/750
f 223/235/223 187/196/187 758/1061/758
f 753/1055/753 160/161/160 754/1056/754
f 754/1056/754 757/1060/757 753/1055/753
f 759/1062/759 187/236/187 132/130/132
f 755/1058/755 222/234/222 753/1055/753
f 756/1059/756 755/1057/755 759/1062/759
f 132/130/132 133/131/133 760/1064/760
f 757/1060/757 223/235/223 758/1061/758
f 758/1061/758 187/196/187 759/1063/759
f 757/1060/757 758/1061/758 753/1055/753
f 760/1064/760 759/1062/759 132/130/132
f 758/1061/758 759/1063/759 755/1058/755
f 760/1064/760 761/1065/761 97/91/97
f 756/1059/756 759/1062/759 760/1064/760
f 133/131/133 99/93/99 761/1065/761
f 760/1064/760 133/131/133 761/1065/761
f 768/1073/768 122/119/122 769/1074/769
f 768/1073/768 178/186/178 226/239/226
f 763/1067/763 180/188/180 227/240/227
f 152/151/152 151/150/151 763/1067/763
f 763/1067/763 762/1066/762 767/1072/767
f 767/1072/767 180/188/180 763/1067/763
f 762/1066/762 122/119/122 768/1073/768
f 123/120/123 768/1073/768 226/239/226
f 768/1073/768 769/1074/769 178/186/178
f 770/1075/770 180/188/180 767/1072/767
g fff05ca9_00002_0004e562_e5
f 71/61/71 67/40/67 70/60/70
f 736/1028/736 164/172/164 688/613/688
f 232/246/232 231/245/231 240/254/240
f 236/250/236 239/253/239 237/251/237
f 236/250/236 237/251/237 238/252/238
f 236/250/236 235/249/235 239/253/239
f 236/250/236 238/252/238 233/247/233
f 233/247/233 234/248/234 236/250/236
f 234/248/234 233/247/233 231/245/231
f 231/245/231 232/246/232 234/248/234
f 232/246/232 240/254/240 67/40/67
f 69/59/69 67/40/67 71/61/71
f 67/40/67 68/43/68 232/246/232
f 46/35/46 686/611/686 687/612/687
f 621/541/621 620/540/620 16/17/16
f 644/565/644 38/31/38 645/566/645
f 171/179/171 607/527/607 606/526/606
f 719/1010/719 720/1012/720 604/522/604
f 720/1013/720 13/14/13 15/16/15
f 10/11/10 608/528/608 607/527/607
f 428/401/428 573/400/573 576/399/576
f 693/618/693 53/45/53 692/617/692
f 701/626/701 58/48/58 210/222/210
f 170/178/170 700/625/700 57/49/57
f 700/625/700 208/217/208 57/49/57
f 206/215/206 660/582/660 204/213/204
f 661/583/661 660/582/660 206/215/206
f 204/213/204 659/581/659 202/211/202
f 660/582/660 659/581/659 204/213/204
f 658/580/658 49/40/49 202/211/202
f 659/581/659 658/580/658 202/211/202
f 46/35/46 200/209/200 686/611/686
f 686/611/686 200/209/200 685/610/685
f 200/209/200 198/207/198 685/610/685
f 685/610/685 198/207/198 684/609/684
f 652/573/652 196/205/196 44/111/44
f 719/1011/719 718/1009/718 13/14/13
f 651/572/651 194/203/194 196/205/196
f 173/181/173 609/529/609 608/528/608
f 650/571/650 192/201/192 194/203/194
f 175/183/175 610/530/610 609/529/609
f 42/100/42 648/569/648 190/199/190
f 39/165/39 706/631/706 671/593/671
f 6/7/6 727/1021/727 728/1022/728
f 9/10/9 611/531/611 610/530/610
f 604/522/604 720/1012/720 605/523/605
f 715/1002/715 11/12/11 13/14/13
f 605/524/605 119/116/119 606/525/606
f 12/13/12 119/116/119 14/15/14
f 6/7/6 586/500/586 585/499/585
f 586/500/586 6/7/6 587/501/587
f 6/7/6 580/494/580 579/493/579
f 6/7/6 585/499/585 727/1021/727
f 11/69/11 716/1007/716 7/8/7
f 580/494/580 728/1022/728 581/495/581
f 601/519/601 715/1002/715 718/1009/718
f 119/116/119 721/1014/721 15/16/15
f 670/592/670 37/164/37 705/630/705
f 669/591/669 37/164/37 668/590/668
f 592/507/592 7/8/7 593/508/593
f 727/1021/727 585/499/585 584/498/584
f 50/42/50 710/918/710 697/620/697
f 588/502/588 7/8/7 589/503/589
f 587/501/587 6/7/6 7/8/7
f 721/1015/721 720/1013/720 15/16/15
f 719/1010/719 13/14/13 720/1012/720
f 594/509/594 7/8/7 595/510/595
f 11/69/11 717/1004/717 716/1005/716
f 596/512/596 595/511/595 7/8/7
f 603/521/603 719/1010/719 604/522/604
f 11/12/11 715/1002/715 717/1008/717
f 593/508/593 7/8/7 594/509/594
f 591/505/591 7/8/7 592/507/592
f 590/504/590 7/8/7 591/506/591
f 589/503/589 7/8/7 590/504/590
f 6/7/6 728/1022/728 580/494/580
f 218/230/218 629/549/629 216/228/216
f 628/548/628 629/549/629 218/230/218
f 526/162/526 35/29/35 442/27/442
f 772/1077/772 613/533/613 771/1076/771
f 216/228/216 630/550/630 214/226/214
f 629/549/629 630/550/630 216/228/216
f 615/535/615 614/534/614 17/18/17
f 214/226/214 631/551/631 212/224/212
f 630/550/630 631/551/631 214/226/214
f 632/552/632 440/9/440 212/224/212
f 667/589/667 526/162/526 666/588/666
f 683/607/683 684/608/684 43/169/43
f 3/3/3 627/547/627 220/232/220
f 43/169/43 681/605/681 682/606/682
f 41/167/41 672/594/672 673/595/673
f 208/219/208 701/626/701 210/222/210
f 43/169/43 679/603/679 680/604/680
f 674/596/674 675/597/675 41/167/41
f 702/627/702 58/48/58 701/626/701
f 676/598/676 677/599/677 41/167/41
f 631/551/631 632/552/632 212/224/212
f 41/167/41 673/595/673 674/596/674
f 675/597/675 676/598/676 41/167/41
f 43/169/43 682/606/682 683/607/683
f 43/169/43 680/604/680 681/605/681
f 12/13/12 606/525/606 119/116/119
f 616/536/616 766/1071/766 765/1069/765
f 35/163/35 526/162/526 667/589/667
f 667/589/667 668/590/668 35/163/35
f 35/163/35 668/590/668 37/164/37
f 705/630/705 37/164/37 669/591/669
f 670/592/670 706/631/706 39/165/39
f 39/165/39 37/164/37 670/592/670
f 671/593/671 41/166/41 39/165/39
f 671/98/671 672/594/672 41/167/41
f 678/601/678 41/168/41 677/600/677
f 700/625/700 701/221/701 208/217/208
f 678/602/678 679/603/679 43/169/43
f 678/601/678 43/169/43 41/168/41
f 684/608/684 117/114/117 43/169/43
f 691/616/691 54/46/54 738/1037/738
f 23/24/23 626/546/626 708/725/708
f 617/537/617 16/17/16 618/538/618
f 628/548/628 218/230/218 5/5/5
f 171/179/171 606/526/606 12/13/12
f 173/181/173 608/528/608 10/11/10
f 440/9/440 632/552/632 709/745/709
f 633/553/633 634/554/634 440/9/440
f 51/43/51 694/619/694 695/620/695
f 16/17/16 622/542/622 621/541/621
f 623/543/623 16/17/16 19/20/19
f 19/20/19 624/544/624 623/543/623
f 624/544/624 19/20/19 21/22/21
f 21/22/21 625/545/625 624/544/624
f 625/545/625 21/22/21 23/24/23
f 23/24/23 708/725/708 625/545/625
f 626/546/626 23/24/23 25/26/25
f 690/615/690 691/616/691 738/1037/738
f 690/615/690 733/1026/733 689/614/689
f 428/401/428 574/461/574 573/400/573
f 642/563/642 641/562/641 32/26/32
f 32/26/32 643/564/643 642/563/642
f 643/564/643 32/26/32 34/28/34
f 34/28/34 644/565/644 643/564/643
f 644/565/644 34/28/34 36/30/36
f 36/30/36 38/31/38 644/565/644
f 688/613/688 46/37/46 687/171/687
f 38/31/38 40/32/40 645/566/645
f 588/502/588 587/501/587 7/8/7
f 16/17/16 623/543/623 622/542/622
f 654/576/654 44/34/44 45/36/45
f 655/577/655 45/36/45 47/38/47
f 164/172/164 46/37/46 688/613/688
f 656/578/656 47/38/47 48/39/48
f 653/574/653 44/34/44 654/576/654
f 657/579/657 48/39/48 49/40/49
f 654/576/654 45/36/45 655/577/655
f 661/583/661 206/215/206 56/41/56
f 657/579/657 49/40/49 658/580/658
f 655/577/655 47/38/47 656/578/656
f 656/578/656 48/39/48 657/579/657
f 661/583/661 56/41/56 662/584/662
f 59/51/59 662/584/662 56/41/56
f 662/584/662 59/51/59 663/585/663
f 61/53/61 663/585/663 59/51/59
f 663/585/663 61/53/61 664/586/664
f 63/55/63 664/586/664 61/53/61
f 664/586/664 63/55/63 665/587/665
f 692/617/692 54/46/54 691/616/691
f 5/5/5 627/547/627 628/548/628
f 653/575/653 652/573/652 44/111/44
f 693/618/693 52/44/52 53/45/53
f 198/207/198 117/102/117 684/609/684
f 649/570/649 42/100/42 192/201/192
f 188/197/188 646/567/646 40/32/40
f 645/566/645 40/32/40 646/567/646
f 612/532/612 611/531/611 9/10/9
f 652/573/652 651/572/651 196/205/196
f 613/533/613 9/10/9 771/1076/771
f 9/10/9 613/533/613 612/532/612
f 616/536/616 615/535/615 17/18/17
f 17/18/17 766/1071/766 616/536/616
f 618/538/618 16/17/16 619/539/619
f 620/540/620 619/539/619 16/17/16
f 636/557/636 20/21/20 635/556/635
f 651/572/651 650/571/650 194/203/194
f 20/21/20 636/557/636 637/558/637
f 637/558/637 22/23/22 20/21/20
f 22/23/22 637/558/637 638/559/638
f 638/559/638 24/25/24 22/23/22
f 24/25/24 638/559/638 639/560/639
f 639/560/639 26/27/26 24/25/24
f 26/27/26 639/560/639 640/561/640
f 190/199/190 647/568/647 188/197/188
f 50/42/50 695/620/695 714/1001/714
f 694/619/694 52/44/52 693/618/693
f 575/428/575 634/555/634 520/430/520
f 709/745/709 633/742/633 440/552/440
f 58/48/58 702/627/702 60/52/60
f 703/628/703 60/52/60 702/627/702
f 60/52/60 703/628/703 62/54/62
f 704/629/704 62/54/62 703/628/703
f 62/54/62 704/629/704 64/56/64
f 428/464/428 577/461/577 578/492/578
f 53/45/53 54/46/54 692/617/692
f 188/197/188 647/568/647 646/567/646
f 50/42/50 697/622/697 170/178/170
f 51/43/51 52/44/52 694/619/694
f 428/464/428 578/492/578 574/459/574
f 5/5/5 220/232/220 627/547/627
f 190/199/190 648/569/648 647/568/647
f 10/11/10 607/527/607 171/179/171
f 42/100/42 649/570/649 648/569/648
f 175/183/175 609/529/609 173/181/173
f 520/1/520 577/1/577 428/1/428
f 9/10/9 610/530/610 175/183/175
f 170/178/170 699/218/699 700/625/700
f 614/534/614 177/185/177 17/18/17
f 650/571/650 649/570/649 192/201/192
f 179/187/179 16/17/16 617/537/617
f 170/178/170 698/623/698 699/624/699
f 170/178/170 697/622/697 698/623/698
f 50/42/50 739/1038/739 695/620/695
f 575/428/575 440/429/440 634/555/634
f 575/428/575 520/430/520 428/457/428
f 428/401/428 576/399/576 575/441/575
f 50/42/50 714/1001/714 710/918/710
f 718/1009/718 715/1002/715 13/14/13
f 715/1002/715 601/519/601 600/518/600
f 717/1003/717 600/518/600 599/516/599
f 717/1004/717 599/517/599 598/515/598
f 716/1005/716 717/1004/717 598/515/598
f 716/1005/716 598/515/598 597/514/597
f 716/1006/716 597/514/597 596/513/596
f 719/1010/719 603/521/603 602/520/602
f 716/1007/716 596/512/596 7/8/7
f 602/520/602 601/519/601 718/1009/718
f 602/520/602 718/1009/718 719/1011/719
f 717/1008/717 715/1002/715 600/518/600
f 119/116/119 605/524/605 721/1014/721
f 605/523/605 720/1013/720 721/1015/721
f 722/1016/722 583/497/583 582/496/582
f 722/1016/722 584/498/584 583/497/583
f 725/1019/725 722/1016/722 582/496/582
f 723/1017/723 584/498/584 722/1016/722
f 725/1019/725 726/1020/726 722/1016/722
f 725/1019/725 582/496/582 581/495/581
f 726/1020/726 723/1017/723 722/1016/722
f 724/1018/724 725/1019/725 581/495/581
f 725/1019/725 724/1018/724 726/1020/726
f 724/1018/724 723/1017/723 726/1020/726
f 727/1021/727 723/1017/723 724/1018/724
f 727/1021/727 584/498/584 723/1017/723
f 728/1022/728 727/1021/727 724/1018/724
f 728/1022/728 724/1018/724 581/495/581
f 689/614/689 733/1026/733 737/1036/737
f 689/614/689 731/1024/731 688/613/688
f 689/614/689 737/1036/737 731/1024/731
f 731/1024/731 730/1023/730 688/613/688
f 730/1023/730 736/1028/736 688/613/688
f 690/615/690 738/1037/738 733/1026/733
f 737/1036/737 733/1026/733 732/1025/732
f 737/1036/737 732/1025/732 731/1024/731
f 733/1026/733 738/1037/738 734/1027/734
f 739/1038/739 51/43/51 695/620/695
f 739/1039/739 50/42/50 170/178/170
f 765/1069/765 179/187/179 617/537/617
f 766/1071/766 179/187/179 765/1069/765
f 772/1077/772 771/1076/771 177/185/177
f 614/534/614 772/1077/772 177/185/177
g fff05ca9_00002_0004e562_e6
f 537/643/537 617/652/617 618/653/618
f 615/634/615 536/632/536 614/633/614
f 588/697/588 457/666/457 587/696/587
f 601/710/601 602/711/602 458/79/458
f 607/646/607 608/647/608 533/640/533
f 610/648/610 611/649/611 535/642/535
f 607/646/607 459/635/459 606/645/606
f 609/715/609 490/676/490 608/647/608
f 610/648/610 534/641/534 609/715/609
f 493/677/493 613/716/613 772/1078/772
f 616/651/616 765/1070/765 494/638/494
f 579/688/579 469/675/469 439/655/439
f 580/689/580 469/675/469 579/688/579
f 580/689/580 454/663/454 469/675/469
f 581/690/581 446/657/446 454/663/454
f 581/690/581 454/663/454 580/689/580
f 582/691/582 447/64/447 446/657/446
f 582/691/582 446/657/446 581/690/581
f 583/692/583 447/64/447 582/691/582
f 583/692/583 445/656/445 447/64/447
f 584/693/584 445/656/445 583/692/583
f 584/693/584 453/662/453 445/656/445
f 585/694/585 448/658/448 453/662/453
f 585/694/585 453/662/453 584/693/584
f 586/695/586 448/658/448 585/694/585
f 448/658/448 586/695/586 457/666/457
f 586/695/586 587/696/587 457/666/457
f 455/664/455 457/666/457 588/697/588
f 455/664/455 588/697/588 468/674/468
f 588/697/588 589/698/589 468/674/468
f 468/674/468 589/698/589 456/665/456
f 456/665/456 590/699/590 467/673/467
f 589/698/589 590/699/590 456/665/456
f 467/673/467 591/700/591 466/672/466
f 590/699/590 591/700/591 467/673/467
f 466/672/466 592/701/592 452/661/452
f 591/700/591 592/701/592 466/672/466
f 592/701/592 593/702/593 452/661/452
f 452/661/452 593/702/593 465/671/465
f 465/671/465 594/703/594 461/668/461
f 593/702/593 594/703/594 465/671/465
f 594/703/594 595/704/595 461/668/461
f 462/669/462 461/668/461 595/704/595
f 499/681/499 624/721/624 625/722/625
f 462/669/462 595/704/595 596/705/596
f 596/705/596 460/667/460 462/669/462
f 624/721/624 499/681/499 498/680/498
f 597/706/597 460/667/460 596/705/596
f 597/706/597 463/670/463 460/667/460
f 598/707/598 449/659/449 463/670/463
f 598/707/598 463/670/463 597/706/597
f 599/708/599 464/85/464 449/659/449
f 599/708/599 449/659/449 598/707/598
f 600/709/600 464/85/464 599/708/599
f 600/709/600 450/67/450 464/85/464
f 601/710/601 450/67/450 600/709/600
f 601/710/601 458/79/458 450/67/450
f 602/711/602 451/660/451 458/79/458
f 603/712/603 451/660/451 602/711/602
f 451/660/451 603/712/603 557/684/557
f 557/684/557 604/713/604 556/683/556
f 603/712/603 604/713/604 557/684/557
f 604/713/604 605/714/605 556/683/556
f 500/682/500 707/724/707 708/726/708
f 556/683/556 605/714/605 459/635/459
f 625/722/625 707/724/707 499/681/499
f 605/714/605 606/645/606 459/635/459
f 498/680/498 623/720/623 624/721/624
f 533/640/533 459/635/459 607/646/607
f 608/647/608 490/676/490 533/640/533
f 534/641/534 490/676/490 609/715/609
f 535/642/535 534/641/534 610/648/610
f 611/649/611 491/636/491 535/642/535
f 492/637/492 491/636/491 611/649/611
f 492/637/492 611/649/611 612/650/612
f 612/650/612 493/677/493 492/637/492
f 613/716/613 493/677/493 612/650/612
f 493/677/493 773/1079/773 536/632/536
f 558/685/558 536/632/536 615/634/615
f 494/638/494 558/685/558 615/634/615
f 494/638/494 615/634/615 616/651/616
f 765/1070/765 764/1068/764 494/638/494
f 537/643/537 618/653/618 559/686/559
f 559/686/559 618/653/618 495/639/495
f 618/653/618 619/654/619 495/639/495
f 560/644/560 495/639/495 619/654/619
f 496/678/496 560/644/560 620/717/620
f 560/644/560 619/654/619 620/717/620
f 496/678/496 620/717/620 621/718/621
f 621/718/621 561/687/561 496/678/496
f 622/719/622 561/687/561 621/718/621
f 622/719/622 497/679/497 561/687/561
f 497/679/497 622/719/622 623/720/623
f 623/720/623 498/680/498 497/679/497
f 625/722/625 708/726/708 707/724/707
f 500/682/500 708/726/708 626/723/626
f 3/731/3 438/732/438 516/733/516
f 516/733/516 627/738/627 3/731/3
f 633/742/633 520/735/520 634/743/634
f 516/733/516 555/737/555 627/738/627
f 628/739/628 627/738/627 555/737/555
f 517/728/517 629/730/629 628/739/628
f 628/739/628 555/737/555 517/728/517
f 629/730/629 554/736/554 630/740/630
f 517/728/517 554/736/554 629/730/629
f 630/740/630 553/727/553 631/741/631
f 554/736/554 553/727/553 630/740/630
f 631/741/631 552/744/552 632/552/632
f 553/727/553 552/744/552 631/741/631
f 551/729/551 518/553/518 632/552/632
f 552/744/552 551/729/551 632/552/632
f 633/742/633 518/553/518 519/734/519
f 519/734/519 520/735/520 633/742/633
f 709/745/709 632/552/632 518/553/518
f 518/553/518 633/742/633 709/745/709
f 521/747/521 635/752/635 441/746/441
f 521/747/521 636/753/636 635/752/635
f 636/753/636 521/747/521 522/748/522
f 637/754/637 636/753/636 522/748/522
f 522/748/522 638/755/638 637/754/637
f 638/755/638 522/748/522 523/749/523
f 523/749/523 639/756/639 638/755/638
f 639/756/639 523/749/523 524/750/524
f 524/750/524 640/757/640 639/756/639
f 640/757/640 524/750/524 525/751/525
f 704/920/704 530/921/530 64/922/64
f 530/923/530 704/924/704 531/925/531
f 443/836/443 692/837/692 691/816/691
f 703/926/703 531/927/531 704/912/704
f 531/834/531 703/928/703 532/913/532
f 695/620/695 564/838/564 565/839/565
f 668/794/668 473/766/473 669/795/669
f 705/822/705 475/768/475 670/796/670
f 476/769/476 477/840/477 671/841/671
f 471/914/471 470/764/470 666/790/666
f 700/929/700 699/930/699 549/931/549
f 702/915/702 532/916/532 703/821/703
f 532/833/532 702/917/702 550/932/550
f 529/933/529 64/934/64 530/835/530
f 529/784/529 712/935/712 64/936/64
f 688/842/688 687/843/687 528/844/528
f 549/937/549 550/938/550 701/939/701
f 550/832/550 702/820/702 701/940/701
f 549/941/549 701/831/701 700/819/700
f 699/942/699 698/943/698 568/944/568
f 699/830/699 568/945/568 549/787/549
f 698/946/698 563/828/563 569/947/569
f 698/948/698 569/789/569 568/788/568
f 697/949/697 563/828/563 698/829/698
f 697/949/697 696/621/696 563/828/563
f 714/1001/714 695/620/695 567/761/567
f 711/919/711 64/758/64 712/763/712
f 696/621/696 714/1001/714 567/761/567
f 695/620/695 565/760/565 713/1000/713
f 695/620/695 694/845/694 564/846/564
f 564/759/564 694/847/694 566/825/566
f 566/825/566 694/827/694 693/818/693
f 566/825/566 693/818/693 692/848/692
f 566/825/566 692/817/692 443/849/443
f 572/850/572 691/851/691 690/852/690
f 443/762/443 691/816/691 572/853/572
f 571/854/571 690/855/690 689/856/689
f 572/267/572 690/815/690 571/857/571
f 570/858/570 689/859/689 528/860/528
f 571/792/571 689/861/689 570/791/570
f 689/814/689 688/813/688 528/862/528
f 687/863/687 562/864/562 528/783/528
f 687/865/687 545/866/545 562/824/562
f 545/867/545 686/868/686 544/869/544
f 687/826/687 686/870/686 545/786/545
f 544/871/544 685/872/685 527/873/527
f 686/812/686 685/874/685 544/785/544
f 474/767/474 475/768/475 705/822/705
f 685/811/685 684/875/684 527/876/527
f 474/767/474 705/822/705 669/795/669
f 683/877/683 527/878/527 684/810/684
f 683/879/683 682/880/682 489/881/489
f 489/882/489 527/782/527 683/809/683
f 682/883/682 479/884/479 489/781/489
f 682/808/682 681/885/681 479/886/479
f 681/887/681 680/888/680 488/889/488
f 681/807/681 488/890/488 479/771/479
f 680/891/680 487/892/487 488/780/488
f 680/806/680 679/893/679 487/894/487
f 678/804/678 486/778/486 679/895/679
f 679/805/679 486/896/486 487/779/487
f 670/796/670 476/769/476 706/823/706
f 478/770/478 486/778/486 678/804/678
f 706/823/706 476/769/476 671/841/671
f 478/770/478 678/804/678 677/803/677
f 478/770/478 677/803/677 480/772/480
f 676/897/676 480/772/480 677/803/677
f 675/898/675 483/899/483 676/900/676
f 483/901/483 480/772/480 676/802/676
f 482/902/482 483/775/483 675/903/675
f 674/904/674 482/905/482 675/801/675
f 674/906/674 673/907/673 485/908/485
f 485/909/485 482/774/482 674/800/674
f 673/910/673 481/911/481 485/777/485
f 673/799/673 672/798/672 481/773/481
f 477/99/477 484/776/484 672/798/672
f 672/798/672 484/776/484 481/773/481
f 477/99/477 672/798/672 671/797/671
f 475/768/475 476/769/476 670/796/670
f 473/766/473 474/767/474 669/795/669
f 667/793/667 472/765/472 668/794/668
f 472/765/472 473/766/473 668/794/668
f 470/764/470 472/765/472 667/793/667
f 666/790/666 470/764/470 667/793/667
f 710/918/710 696/621/696 697/949/697
f 503/956/503 643/976/643 644/977/644
f 643/976/643 503/956/503 502/955/502
f 542/971/542 651/984/651 652/985/652
f 541/970/541 650/983/650 651/984/651
f 506/958/506 649/982/649 650/983/650
f 648/981/648 539/968/539 647/980/647
f 502/955/502 642/975/642 643/976/643
f 642/975/642 502/955/502 501/950/501
f 501/950/501 538/999/538 642/975/642
f 642/975/642 538/999/538 641/952/641
f 546/973/546 657/990/657 658/991/658
f 664/996/664 665/997/665 444/954/444
f 515/967/515 664/996/664 444/954/444
f 511/963/511 657/990/657 546/973/546
f 645/978/645 503/956/503 644/977/644
f 646/979/646 504/957/504 645/978/645
f 664/996/664 515/967/515 663/995/663
f 504/957/504 503/956/503 645/978/645
f 511/963/511 656/989/656 657/990/657
f 647/980/647 505/195/505 646/979/646
f 648/981/648 649/982/649 540/969/540
f 653/986/653 543/972/543 652/985/652
f 505/195/505 504/957/504 646/979/646
f 539/968/539 505/195/505 647/980/647
f 540/969/540 539/968/539 648/981/648
f 649/982/649 506/958/506 540/969/540
f 506/958/506 650/983/650 541/970/541
f 541/970/541 651/984/651 542/971/542
f 542/971/542 652/985/652 543/998/543
f 507/959/507 653/986/653 508/960/508
f 507/959/507 543/972/543 653/986/653
f 508/960/508 653/986/653 654/987/654
f 508/960/508 654/987/654 509/961/509
f 509/961/509 654/987/654 655/988/655
f 509/961/509 655/988/655 510/962/510
f 510/962/510 655/988/655 656/989/656
f 510/962/510 656/989/656 511/963/511
f 547/974/547 546/973/546 658/991/658
f 659/953/659 547/974/547 658/991/658
f 548/951/548 547/974/547 659/953/659
f 660/992/660 548/951/548 659/953/659
f 512/964/512 548/951/548 660/992/660
f 512/964/512 660/992/660 661/993/661
f 512/964/512 661/993/661 513/965/513
f 662/994/662 513/965/513 661/993/661
f 513/965/513 662/994/662 514/966/514
f 663/995/663 514/966/514 662/994/662
f 514/966/514 663/995/663 515/967/515
f 695/620/695 713/1000/713 567/761/567
f 710/918/710 714/1001/714 696/621/696
f 732/1034/732 735/1035/735 729/1031/729
f 731/1033/731 729/1031/729 730/1032/730
f 732/1034/732 733/1029/733 735/1035/735
f 732/1034/732 729/1031/729 731/1033/731
f 733/1029/733 734/1030/734 735/1035/735
f 617/652/617 537/643/537 764/1068/764
f 765/1070/765 617/652/617 764/1068/764
f 493/677/493 772/1078/772 773/1079/773
f 773/1079/773 614/633/614 536/632/536
f 773/1079/773 772/1078/772 614/633/614
