# fff0a81b_00347_007f5a2e
o fff0a81b_00347_007f5a2e
v -0.148084 0.880171 -0.077313
v -0.148084 1.034521 -0.077313
v -0.056286 0.880171 -0.144003
v -0.056286 1.034521 -0.144002
v 0.057166 0.880171 -0.144003
v 0.057166 1.034521 -0.144002
v 0.148964 0.880171 -0.077313
v 0.148964 1.034521 -0.077313
v 0.184025 0.880171 0.030593
v 0.184025 1.034521 0.030593
v 0.148964 0.880171 0.138499
v 0.151583 -0.966963 -0.081715
v 0.060287 -0.966963 -0.148045
v -0.172546 -1.242920 0.082350
v -0.106216 -1.242920 0.173658
v 0.001114 -1.242920 0.208525
v 0.108444 -1.242920 0.173658
v 0.174774 -1.242920 0.082350
v 0.174774 -1.242920 -0.030489
v 0.108444 -1.242920 -0.121798
v 0.001114 -1.242920 -0.156664
v 0.148964 1.034521 0.138499
v 0.057166 1.034521 0.205189
v -0.056286 1.034521 0.205189
v -0.183134 1.034521 0.030593
v -0.148084 1.034521 0.138499
v -0.071899 -1.167074 -0.189330
v 0.071019 -1.167074 -0.189330
v -0.187525 -1.167074 0.166512
v -0.187525 -1.167074 -0.105327
v 0.186633 -1.167074 -0.105327
v -0.231680 -1.167074 0.030593
v -0.071899 -1.167074 0.250515
v -0.071899 -1.321428 -0.189330
v -0.187525 -1.321428 0.166512
v -0.187525 -1.321428 -0.105327
v -0.231680 -1.321428 0.030592
v -0.705139 -1.713928 -0.030489
v -0.705139 -1.713928 0.082350
v -0.705139 -1.776062 0.173658
v -0.705139 -1.876587 0.208525
v -0.705139 -1.977051 0.173658
v -0.705139 -2.039185 0.082350
v -0.705139 -2.039185 -0.030489
v -0.705139 -1.776062 -0.121798
v -0.705139 -1.876587 -0.156664
v -0.705139 -1.977051 -0.121798
v -0.163642 1.127913 -0.088621
v -0.062237 1.127913 -0.162299
v 0.063117 1.127913 -0.162300
v 0.164522 1.127913 -0.088621
v 0.063117 1.224962 -0.162300
v -0.062237 1.224962 -0.162300
v 0.164522 1.224962 -0.088621
v -0.163642 1.224962 -0.088621
v 0.071019 -1.321428 0.250515
v 0.071019 -1.167074 0.250515
v -0.071899 -1.321428 0.250515
v 0.186633 -1.321428 0.166512
v 0.230799 -1.321428 0.030593
v -0.184828 2.065020 -0.099715
v -0.149956 2.127851 -0.012696
v -0.149956 1.168013 -0.081035
v -0.149956 1.774191 -0.081035
v -0.058660 1.168013 -0.147366
v -0.058660 1.774191 -0.147366
v 0.054191 1.168013 -0.147366
v 0.054191 1.774191 -0.147366
v 0.203261 1.127913 0.030592
v 0.164522 1.127913 0.149806
v -0.184025 -1.048563 0.030593
v -0.148964 -1.048563 0.138499
v -0.057166 -1.048563 0.205189
v 0.056286 -1.048563 0.205189
v 0.148084 -1.048563 0.138499
v 0.183145 -1.048563 0.030593
v 0.073604 2.380568 -3.080527
v 0.189230 2.296560 -3.080527
v -0.229094 2.160639 -3.080527
v 0.189230 2.024721 -3.080527
v 0.233385 2.160639 -3.080527
v -0.060532 2.353529 -2.854247
v -0.161937 2.279863 -2.854247
v -0.062237 1.224962 0.223485
v 0.073604 1.940710 -3.080527
v -0.184928 2.024721 -3.080527
v -0.069314 1.940710 -3.080527
v 0.063117 1.224962 0.223485
v 0.164522 1.224962 0.149806
v -0.163642 1.224962 0.149806
v -0.202381 1.224962 0.030592
v 0.203261 1.224962 0.030592
v 0.071019 -0.933340 0.250515
v 0.230799 -1.087694 0.030593
v 0.186633 -1.087694 0.166512
v -0.071899 -1.087694 0.250515
v 0.071019 -1.087694 0.250515
v -0.071899 -0.933340 0.250515
v 0.186633 -0.933340 0.166512
v 0.186633 -0.933340 -0.105327
v -0.071899 -0.933340 -0.189330
v 0.071019 -0.933340 -0.189330
v -0.187525 -0.933340 -0.105327
v 0.230799 -0.933340 0.030593
v -0.187525 -0.933340 0.166512
v -0.231680 -0.933340 0.030593
v -0.719193 -1.661438 -0.041155
v -0.719193 -1.661438 0.101774
v -0.719193 -1.745422 -0.156755
v -0.719193 -2.017273 -0.156755
v -0.719193 -2.101257 -0.041155
v -0.719193 -2.101257 0.101774
v -0.719193 -2.017273 0.217390
v -0.719193 -1.881348 0.261549
v -0.719193 -1.745422 0.217390
v -0.719193 -1.881348 -0.200930
v 0.145487 1.168013 -0.081035
v 0.145487 1.774191 -0.081035
v 0.180359 1.774191 0.026291
v 0.145487 1.774191 0.133616
v 0.054191 1.774191 0.199947
v -0.058660 1.774191 0.199947
v -0.184828 1.774191 0.026291
v -0.149956 1.774191 0.133616
v -0.203261 -1.296309 0.030592
v -0.164522 -1.296309 0.149806
v -0.063117 -1.296309 0.223484
v 0.062237 -1.296309 0.223484
v 0.163642 -1.296309 0.149806
v 0.202381 -1.296309 0.030592
v -0.060532 1.967749 -2.854247
v 0.064822 2.353529 -2.854247
v 0.064822 1.967749 -2.854247
v 0.166227 2.041437 -2.854247
v 0.166227 2.279863 -2.854247
v 0.204966 2.160639 -2.854247
v 0.151572 0.797411 0.132938
v 0.186444 0.797411 0.025613
v 0.015915 -1.887329 0.082350
v 0.015915 -1.887329 -0.030489
v -0.124893 -1.785706 -0.156664
v -0.037872 -1.848572 -0.121798
v -0.106216 -1.242920 -0.121798
v -0.106217 -1.494873 -0.121798
v -0.172546 -1.242920 -0.030489
v -0.172546 -1.494873 -0.030489
v -0.172546 -1.494873 0.082350
v -0.106217 -1.494873 0.173658
v 0.001114 -1.494873 0.208525
v 0.108444 -1.494873 0.173658
v 0.174774 -1.494873 0.082350
v 0.174774 -1.494873 -0.030489
v 0.001114 -1.494873 -0.156664
v 0.108444 -1.494873 -0.121798
v 0.148084 -1.048563 -0.077313
v 0.148084 -1.202917 -0.077313
v 0.056286 -1.048563 -0.144003
v 0.056286 -1.202917 -0.144003
v -0.057166 -1.048563 -0.144003
v -0.057166 -1.202917 -0.144003
v -0.148964 -1.048563 -0.077313
v -0.148964 -1.202917 -0.077313
v -0.184025 -1.202917 0.030593
v -0.148964 -1.202917 0.138499
v -0.057166 -1.202917 0.205188
v 0.056286 -1.202917 0.205188
v 0.187525 0.890978 0.166513
v 0.231680 0.890978 0.030593
v 0.071899 0.736628 0.250515
v -0.186633 0.736628 -0.105327
v 0.071899 0.736628 -0.189330
v -0.071019 0.736628 -0.189330
v 0.187525 0.736628 -0.105327
v 0.187525 0.736628 0.166513
v 0.231680 0.736628 0.030593
v 0.071899 0.998682 -0.189330
v -0.071019 0.998682 -0.189330
v 0.187525 0.998682 -0.105327
v -0.186633 0.998682 -0.105327
v 0.054191 1.993246 -0.312488
v 0.145487 2.055368 -0.289222
v 0.183145 -1.202917 0.030593
v 0.148084 -1.202917 0.138499
v -0.744324 -2.000549 -0.133776
v -0.744324 -2.074219 -0.032366
v -0.744324 -2.074219 0.092985
v -0.744324 -2.000549 0.194395
v -0.744324 -1.881348 0.233137
v -0.744324 -1.762146 0.194395
v -0.744324 -1.688477 0.092985
v -0.744324 -1.688477 -0.032366
v -0.071019 0.736628 0.250515
v -0.230799 0.890978 0.030593
v -0.186633 0.890978 0.166512
v 0.071899 0.890978 0.250515
v -0.071019 0.890978 0.250515
v -0.186633 0.736628 0.166512
v -0.230799 0.736628 0.030593
v 0.187525 0.998682 0.166512
v -0.230799 0.998682 0.030593
v 0.231680 0.998682 0.030593
v -0.071019 1.153032 0.250515
v 0.071899 0.998682 0.250515
v -0.186633 0.998682 0.166513
v -0.071019 0.998682 0.250515
v 0.071899 1.153032 0.250515
v 0.187525 1.153032 0.166512
v -0.186633 1.153032 0.166513
v -0.230799 1.153032 0.030593
v 0.231680 1.153032 0.030593
v -0.647278 -1.688477 0.092985
v 0.180359 2.155870 -0.251574
v 0.145487 2.256372 -0.213926
v 0.054191 2.318491 -0.190653
v -0.058660 2.318491 -0.190653
v -0.184828 2.155870 -0.251574
v -0.149956 2.256372 -0.213926
v -0.058660 1.963381 -0.240514
v 0.054191 1.963381 -0.240514
v 0.145487 2.002207 -0.186733
v 0.180359 2.065020 -0.099715
v 0.145487 2.127851 -0.012697
v 0.054191 2.166658 0.041084
v -0.058660 2.166658 0.041084
v -0.149956 2.002207 -0.186733
v 0.057166 0.880171 0.205189
v -0.056286 0.880171 0.205189
v -0.148073 0.880171 0.138499
v -0.183134 0.880171 0.030593
v -0.744324 -1.762146 -0.133776
v -0.744324 -1.881348 -0.172503
v 0.186633 -1.087694 -0.105327
v -0.647278 -1.688477 -0.032366
v -0.647278 -1.762146 -0.133776
v -0.647278 -1.881348 -0.172503
v 0.071019 -1.321428 -0.189330
v 0.186633 -1.321428 -0.105327
v 0.163642 -1.296309 -0.088622
v -0.069314 1.940710 -2.926163
v -0.184928 2.296560 -3.080527
v -0.069314 2.380568 -3.080527
v 0.073604 1.940710 -2.926164
v -0.184928 2.024721 -2.926163
v -0.184928 2.296560 -2.926164
v -0.069314 2.380568 -2.926164
v 0.073604 2.380568 -2.926164
v 0.189230 2.296560 -2.926164
v 0.233385 2.160639 -2.926164
v 0.189230 2.024721 -2.926164
v -0.229094 2.160639 -2.926163
v -0.071899 -1.087694 -0.189330
v 0.071019 -1.087694 -0.189330
v -0.187525 -1.087694 0.166512
v -0.187525 -1.087694 -0.105327
v -0.231680 -1.087694 0.030593
v 0.066528 0.231821 0.218503
v -0.058827 0.231821 0.218503
v 0.167932 0.231821 0.144825
v 0.167932 0.231821 -0.093603
v -0.058827 0.231821 -0.167281
v 0.066528 0.231821 -0.167281
v -0.160232 0.231821 -0.093603
v 0.206671 0.231821 0.025611
v -0.160232 0.231821 0.144825
v -0.198970 0.231821 0.025611
v 0.230799 -1.167074 0.030593
v 0.186633 -1.167074 0.166512
v 0.163642 -1.393354 -0.088622
v -0.337662 -1.713928 -0.030489
v -0.337662 -1.713928 0.082350
v -0.314392 -1.776062 0.173658
v -0.276749 -1.876587 0.208525
v -0.239105 -1.977051 0.173658
v -0.215836 -2.039185 0.082350
v -0.215836 -2.039185 -0.030489
v -0.314392 -1.776062 -0.121798
v -0.276749 -1.876587 -0.156664
v -0.239105 -1.977051 -0.121798
v -0.265686 -1.684082 -0.030489
v -0.265686 -1.684082 0.082350
v -0.211914 -1.722900 0.173658
v -0.124893 -1.785706 0.208525
v 0.062237 -1.296309 -0.162300
v -0.063117 -1.296309 -0.162300
v -0.164522 -1.296309 -0.088622
v 0.062237 -1.393354 0.223484
v -0.063117 -1.393354 -0.162300
v 0.062237 -1.393354 -0.162300
v -0.063117 -1.393354 0.223484
v -0.164522 -1.393354 0.149806
v 0.163642 -1.393354 0.149806
v -0.164522 -1.393354 -0.088622
v 0.202381 -1.393354 0.030592
v -0.203261 -1.393354 0.030592
v 0.151572 0.797411 -0.081713
v 0.060276 0.797411 -0.148044
v -0.052575 0.797411 -0.148044
v -0.052564 -0.966963 -0.148045
v -0.143871 0.797411 -0.081713
v -0.143860 -0.966963 -0.081715
v -0.178743 0.797411 0.025613
v -0.178732 -0.966963 0.025611
v -0.143871 0.797411 0.132938
v -0.143860 -0.966963 0.132936
v -0.052575 0.797411 0.199269
v -0.052564 -0.966963 0.199267
v 0.060276 0.797411 0.199269
v -0.037872 -1.848572 0.173658
v -0.211914 -1.722900 -0.121798
v -0.058660 1.993246 -2.912109
v 0.054191 1.993246 -2.912109
v 0.145487 2.055368 -2.912109
v 0.180359 2.155870 -2.912109
v 0.145487 2.256372 -2.912109
v 0.054191 2.318491 -2.912109
v -0.058660 2.318491 -2.912109
v -0.149956 2.055368 -2.912109
v -0.184828 2.155870 -2.912109
v -0.149956 2.256372 -2.912109
v -0.058660 1.993246 -0.312488
v -0.149956 2.055368 -0.289221
v 0.060287 -0.966963 0.199267
v 0.186455 -0.966963 0.025611
v 0.151583 -0.966963 0.132937
v -0.161937 2.279863 -2.951295
v -0.060532 2.353529 -2.951295
v 0.064822 2.353529 -2.951295
v 0.166227 2.279863 -2.951295
v 0.204966 2.160639 -2.951295
v 0.166227 2.041437 -2.951295
v 0.064822 1.967749 -2.951295
v 0.180359 1.168013 0.026290
v -0.060532 1.967749 -2.951295
v -0.161937 2.041437 -2.951295
v -0.200676 2.160639 -2.951295
v 0.063117 1.127913 0.223485
v -0.062237 1.127913 0.223485
v -0.163642 1.127913 0.149806
v 0.071899 0.890978 -0.189330
v -0.071019 0.890978 -0.189330
v 0.187525 0.890978 -0.105327
v -0.186633 0.890978 -0.105327
v -0.161937 2.041437 -2.854247
v -0.200676 2.160639 -2.854247
v 0.071899 1.153032 -0.189330
v -0.071019 1.153032 -0.189330
v 0.187525 1.153032 -0.105327
v -0.186633 1.153032 -0.105327
v -0.873551 -2.017273 -0.156755
v -0.873551 -2.101257 0.101774
v -0.873551 -2.101257 -0.041155
v -0.873551 -2.017273 0.217390
v -0.873551 -1.745422 0.217390
v -0.873551 -1.881348 0.261549
v -0.873551 -1.661438 0.101774
v 0.145487 1.168013 0.133616
v 0.054191 1.168013 0.199947
v -0.058660 1.168013 0.199947
v -0.149956 1.168013 0.133616
v -0.184828 1.168013 0.026290
v -0.202381 1.127913 0.030592
v -0.873551 -1.881348 -0.200930
v -0.647278 -2.074219 0.092985
v -0.647278 -2.074219 -0.032366
v -0.647278 -1.762146 0.194395
v -0.647278 -2.000549 0.194395
v -0.647278 -2.000549 -0.133776
v -0.647278 -1.881348 0.233137
v -0.873551 -1.745422 -0.156755
v -0.873551 -1.661438 -0.041155
v 0.167932 0.077089 -0.093603
v 0.066528 0.077089 -0.167281
v -0.058827 0.077089 -0.167281
v -0.160232 0.077101 -0.093603
v -0.198970 0.077101 0.025611
v -0.160232 0.077101 0.144825
v 0.206671 0.077089 0.025611
v 0.167933 0.077089 0.144825
v -0.058827 0.077089 0.218503
v 0.066528 0.077089 0.218503
v -3.970291 -2.025085 -0.081715
v -3.970291 -1.933777 -0.148046
v -0.851593 -2.025085 0.132938
v -0.851593 -2.059998 0.025613
v -1.417206 -1.940063 0.218503
v -1.417206 -1.814697 0.218503
v -1.417206 -2.041443 0.144825
v -1.417206 -2.041443 -0.093603
v -1.417206 -1.814697 -0.167281
v -1.417206 -1.940063 -0.167281
v -1.417206 -1.713257 -0.093603
v -1.417206 -2.080200 0.025611
v -1.417206 -1.713257 0.144825
v -1.417206 -1.674560 0.025611
v -0.851593 -2.025085 -0.081713
v -0.851593 -1.933777 -0.148044
v -0.851593 -1.820923 -0.148044
v -3.970291 -1.820923 -0.148046
v -0.851593 -1.729675 -0.081713
v -3.970291 -1.729675 -0.081715
v -0.851593 -1.694763 0.025613
v -3.970291 -1.694763 0.025611
v -0.851593 -1.729675 0.132938
v -3.970291 -1.729675 0.132936
v -0.851593 -1.820923 0.199269
v -3.970291 -1.820923 0.199267
v -0.851593 -1.933777 0.199269
v -3.970291 -1.933777 0.199267
v -3.970291 -2.059998 0.025611
v -3.970291 -2.025085 0.132936
v -1.571930 -2.041443 -0.093603
v -1.571930 -1.940063 -0.167281
v -1.571930 -1.814697 -0.167281
v -1.571930 -1.713257 -0.093603
v -1.571930 -1.674560 0.025611
v -1.571930 -1.713257 0.144825
v -1.571930 -2.080200 0.025611
v -1.571930 -2.041443 0.144825
v -1.571930 -1.814697 0.218503
v -1.571930 -1.940063 0.218503
v -3.584061 -1.940063 0.218503
v -3.584061 -1.814697 0.218503
v -3.584061 -2.041443 0.144825
v -3.584061 -2.041443 -0.093603
v -3.584061 -1.814697 -0.167281
v -3.584061 -1.940063 -0.167281
v -3.584061 -1.713257 -0.093603
v -3.584061 -2.080200 0.025611
v -3.584061 -1.713257 0.144825
v -3.584061 -1.674560 0.025611
v -3.738785 -2.041443 -0.093603
v -3.738785 -1.940063 -0.167281
v -3.738785 -1.814697 -0.167281
v -3.738785 -1.713257 -0.093603
v -3.738785 -1.674560 0.025611
v -3.738785 -1.713257 0.144825
v -3.738785 -2.080200 0.025611
v -3.738785 -2.041443 0.144825
v -3.738785 -1.814697 0.218503
v -3.738785 -1.940063 0.218503
v -3.971893 -1.710388 0.082350
v -3.971893 -1.776733 0.173658
v -3.971893 -1.884094 0.208525
v -3.971893 -1.991394 0.173658
v -3.971893 -2.057739 0.082350
v -3.971893 -2.057739 -0.030489
v -3.971893 -1.991394 -0.121798
v -3.896027 -1.811035 -0.189330
v -3.896027 -1.953979 -0.189330
v -3.896027 -1.695434 0.166512
v -3.896027 -1.695434 -0.105328
v -3.896027 -2.069580 -0.105327
v -3.896027 -1.651306 0.030593
v -3.896027 -1.811035 0.250515
v -4.050385 -1.811035 -0.189330
v -4.050385 -1.695434 0.166512
v -4.050385 -1.695434 -0.105328
v -4.050385 -1.651306 0.030592
v -4.611298 -1.177795 -0.030489
v -4.611298 -1.177795 0.082350
v -4.673431 -1.177795 0.173658
v -4.773956 -1.177795 0.208525
v -4.874420 -1.177795 0.173658
v -4.936554 -1.177795 0.082350
v -4.936554 -1.177795 -0.030489
v -4.673431 -1.177795 -0.121798
v -4.874420 -1.177795 -0.121798
v -4.050385 -1.953979 0.250515
v -3.896027 -1.953979 0.250515
v -4.050385 -1.811035 0.250515
v -4.050385 -2.069580 0.166512
v -4.050385 -2.113769 0.030593
v -4.558807 -1.163757 -0.041155
v -4.558807 -1.163757 0.101774
v -4.642792 -1.163757 -0.156755
v -4.914642 -1.163757 -0.156755
v -4.998627 -1.163757 -0.041155
v -4.998627 -1.163757 0.101774
v -4.914642 -1.163757 0.217390
v -4.778717 -1.163757 0.261549
v -4.642792 -1.163757 0.217390
v -4.778717 -1.163757 -0.200930
v -4.025299 -1.679687 0.030592
v -4.025299 -1.718445 0.149806
v -4.025299 -1.819824 0.223484
v -4.025299 -1.945190 0.223484
v -4.025299 -2.046570 0.149806
v -4.025299 -2.085327 0.030592
v -4.784698 -1.898865 0.082350
v -4.784698 -1.898865 -0.030489
v -4.745941 -1.845093 -0.121798
v -3.971893 -1.776733 -0.121798
v -4.392242 -1.776733 -0.121798
v -3.971893 -1.710388 -0.030489
v -4.392242 -1.710388 -0.030489
v -4.392242 -1.710388 0.082350
v -4.392242 -1.776733 0.173658
v -4.392242 -1.884094 0.208525
v -4.392242 -1.991394 0.173658
v -4.392242 -2.057739 0.082350
v -4.392242 -2.057739 -0.030489
v -4.392242 -1.991394 -0.121798
v -4.897919 -1.138611 -0.133776
v -4.971588 -1.138611 -0.032366
v -4.971588 -1.138611 0.092985
v -4.897919 -1.138611 0.194395
v -4.778717 -1.138611 0.233137
v -4.659515 -1.138611 0.194395
v -4.585846 -1.138611 0.092985
v -4.585846 -1.138611 -0.032366
v -4.585846 -1.235656 0.092985
v -4.659515 -1.138611 -0.133776
v -4.778717 -1.138611 -0.172503
v -4.585846 -1.235656 -0.032366
v -4.659515 -1.235656 -0.133776
v -4.778717 -1.235656 -0.172503
v -4.050385 -1.953979 -0.189330
v -4.050385 -2.069580 -0.105327
v -4.025299 -2.046570 -0.088621
v -3.896027 -2.113769 0.030593
v -3.896027 -2.069580 0.166512
v -4.122345 -2.046570 -0.088621
v -4.611298 -1.545288 -0.030489
v -4.611298 -1.545288 0.082350
v -4.673431 -1.568542 0.173658
v -4.773956 -1.606201 0.208525
v -4.874420 -1.643860 0.173658
v -4.936554 -1.667114 0.082350
v -4.936554 -1.667114 -0.030489
v -4.673431 -1.568542 -0.121798
v -4.874420 -1.643860 -0.121798
v -4.581451 -1.617248 -0.030489
v -4.581451 -1.617248 0.082350
v -4.620270 -1.671020 0.173658
v -4.683075 -1.758056 0.208525
v -4.025299 -1.945190 -0.162300
v -4.025299 -1.819824 -0.162300
v -4.025299 -1.718445 -0.088621
v -4.122345 -1.945190 0.223484
v -4.122345 -1.819824 -0.162300
v -4.122345 -1.945190 -0.162300
v -4.122345 -1.819824 0.223484
v -4.122345 -1.718445 0.149806
v -4.122345 -2.046570 0.149806
v -4.122345 -1.718445 -0.088621
v -4.122345 -2.085327 0.030592
v -4.122345 -1.679687 0.030592
v -4.745941 -1.845093 0.173658
v -4.620270 -1.671020 -0.121798
v -4.914642 -1.009399 -0.156755
v -4.998627 -1.009399 0.101774
v -4.998627 -1.009399 -0.041155
v -4.914642 -1.009399 0.217390
v -4.642792 -1.009399 0.217390
v -4.778717 -1.009399 0.261549
v -4.558807 -1.009399 0.101774
v -4.778717 -1.009399 -0.200930
v -4.971588 -1.235656 0.092985
v -4.971588 -1.235656 -0.032366
v -4.659515 -1.235656 0.194395
v -4.897919 -1.235656 0.194395
v -4.897919 -1.235656 -0.133776
v -4.778717 -1.235656 0.233137
v -4.642792 -1.009399 -0.156755
v -4.558807 -1.009399 -0.041155
v -0.965684 0.956779 0.792986
v -0.965684 1.168968 0.792986
v -0.839487 0.956779 0.701306
v -0.839487 1.168968 0.701307
v -0.683521 0.956779 0.701306
v -0.683521 1.168968 0.701307
v -0.557325 0.956779 0.792986
v -0.557325 1.168968 0.792986
v -0.509126 0.956779 0.941327
v -0.509126 1.168968 0.941327
v -0.557325 0.956779 1.089668
v -0.553724 -0.016363 0.786935
v -0.679232 -0.016363 0.695749
v -0.999312 -0.395728 1.012478
v -0.908127 -0.395728 1.138002
v -0.760578 -0.395728 1.185934
v -0.613028 -0.395728 1.138002
v -0.521843 -0.395728 1.012478
v -0.521843 -0.395728 0.857356
v -0.613028 -0.395728 0.731832
v -0.760578 -0.395728 0.683901
v -0.557325 1.168968 1.089668
v -0.683521 1.168968 1.181348
v -0.839487 1.168968 1.181348
v -1.013867 1.168968 0.941327
v -0.965684 1.168968 1.089668
v -0.860951 -0.291461 0.638994
v -0.664478 -0.291461 0.638994
v -1.019903 -0.291461 1.128179
v -1.019903 -0.291461 0.754475
v -0.505540 -0.291461 0.754475
v -1.080604 -0.291461 0.941327
v -0.860951 -0.291461 1.243659
v -0.860951 -0.503655 0.638994
v -1.019903 -0.503655 1.128179
v -1.019903 -0.503655 0.754475
v -1.080604 -0.503655 0.941326
v -1.731480 -1.274731 0.857356
v -1.731480 -1.274731 1.012478
v -1.731480 -1.360148 1.138002
v -1.731480 -1.498342 1.185934
v -1.731480 -1.636452 1.138002
v -1.731480 -1.721869 1.012478
v -1.731480 -1.721869 0.857356
v -1.731480 -1.360148 0.731832
v -1.731480 -1.498342 0.683901
v -1.731480 -1.636452 0.731832
v -0.987071 1.297355 0.777441
v -0.847668 1.297355 0.676154
v -0.675340 1.297355 0.676153
v -0.535937 1.297355 0.777440
v -0.675340 1.430772 0.676153
v -0.847668 1.430772 0.676153
v -0.535937 1.430772 0.777440
v -0.987071 1.430772 0.777441
v -0.664478 -0.503655 1.243659
v -0.664478 -0.291461 1.243659
v -0.860951 -0.503655 1.243659
v -0.505540 -0.503655 1.128179
v -0.444824 -0.503655 0.941327
v -0.935028 2.046753 1.191072
v -0.815399 2.133118 1.143145
v -0.909347 1.251099 1.143145
v -0.909347 1.646912 1.143145
v -1.000534 1.251099 1.017626
v -1.000534 1.646912 1.017626
v -1.000534 1.251099 0.862490
v -1.000534 1.646912 0.862490
v -0.482682 1.297355 0.941326
v -0.535937 1.297355 1.105212
v -1.015093 -0.128541 0.941327
v -0.966894 -0.128541 1.089668
v -0.840697 -0.128541 1.181347
v -0.684731 -0.128541 1.181347
v -0.558535 -0.128541 1.089668
v -0.510336 -0.128541 0.941327
v -0.847668 1.430772 1.206499
v -0.675340 1.430772 1.206499
v -0.535937 1.430772 1.105212
v -0.987071 1.430772 1.105212
v -1.040326 1.430772 0.941326
v -0.482682 1.430772 0.941326
v -0.664478 0.068791 1.243659
v -0.444824 -0.143403 0.941327
v -0.505540 -0.143403 1.128179
v -0.860951 -0.143403 1.243659
v -0.664478 -0.143403 1.243659
v -0.860951 0.068791 1.243659
v -0.505540 0.068791 1.128179
v -0.505540 0.068791 0.754475
v -0.860951 0.068791 0.638994
v -0.664478 0.068791 0.638994
v -1.019903 0.068791 0.754475
v -0.444824 0.068791 0.941327
v -1.019903 0.068791 1.128179
v -1.080604 0.068791 0.941327
v -1.750799 -1.202572 0.842694
v -1.750799 -1.202572 1.039181
v -1.750799 -1.318027 0.683775
v -1.750799 -1.691746 0.683775
v -1.750799 -1.807201 0.842694
v -1.750799 -1.807201 1.039181
v -1.750799 -1.691746 1.198121
v -1.750799 -1.504887 1.258827
v -1.750799 -1.318027 1.198121
v -1.750799 -1.504887 0.623048
v -0.909347 1.251099 0.736986
v -0.909347 1.646912 0.736986
v -0.761810 1.646912 0.689043
v -0.614258 1.646912 0.736986
v -0.523071 1.646912 0.862490
v -0.523071 1.646912 1.017626
v -0.761810 1.646912 1.191072
v -0.614258 1.646912 1.143145
v -1.041536 -0.469122 0.941326
v -0.988281 -0.469122 1.105212
v -0.848878 -0.469122 1.206499
v -0.676550 -0.469122 1.206499
v -0.537147 -0.469122 1.105212
v -0.483892 -0.469122 0.941326
v -0.553739 0.843007 1.082024
v -0.505801 0.843007 0.934480
v -0.740231 -1.513109 1.012478
v -0.740230 -1.513109 0.857356
v -0.933802 -1.373405 0.683901
v -0.814173 -1.459829 0.731832
v -0.908127 -0.395728 0.731832
v -0.908127 -0.973591 0.731832
v -0.999312 -0.395728 0.857356
v -0.999312 -0.973591 0.857356
v -0.999312 -0.973591 1.012478
v -0.908127 -0.973591 1.138002
v -0.760578 -0.973591 1.185934
v -0.613028 -0.973591 1.138002
v -0.521843 -0.973591 1.012478
v -0.521843 -0.973591 0.857356
v -0.760578 -0.973591 0.683901
v -0.613028 -0.973591 0.731832
v -0.558535 -0.128541 0.792986
v -0.558535 -0.340735 0.792986
v -0.684731 -0.128541 0.701306
v -0.684731 -0.340735 0.701306
v -0.840697 -0.128541 0.701306
v -0.840697 -0.340735 0.701306
v -0.966894 -0.128541 0.792986
v -0.966894 -0.340735 0.792986
v -1.015093 -0.340735 0.941327
v -0.966894 -0.340735 1.089668
v -0.840697 -0.340735 1.181347
v -0.684731 -0.340735 1.181347
v -0.504315 0.971636 1.128179
v -0.443614 0.971636 0.941327
v -0.663267 0.759447 1.243659
v -1.018678 0.759447 0.754475
v -0.663267 0.759447 0.638994
v -0.859741 0.759447 0.638994
v -0.504315 0.759447 0.754475
v -0.504315 0.759447 1.128179
v -0.443614 0.759447 0.941327
v -0.663267 1.119699 0.638994
v -0.859741 1.119699 0.638994
v -0.504315 1.119699 0.754475
v -1.018678 1.119699 0.754475
v -1.227539 1.948059 0.862490
v -1.195541 2.033447 0.736986
v -0.510336 -0.340735 0.941327
v -0.558535 -0.340735 1.089668
v -1.785348 -1.668756 0.715366
v -1.785348 -1.770031 0.854776
v -1.785348 -1.770031 1.027099
v -1.785348 -1.668756 1.166509
v -1.785348 -1.504887 1.219769
v -1.785348 -1.341017 1.166509
v -1.785348 -1.239742 1.027099
v -1.785348 -1.239742 0.854776
v -0.859741 0.759447 1.243659
v -1.079394 0.971636 0.941327
v -1.018678 0.971636 1.128179
v -0.663267 0.971636 1.243659
v -0.859741 0.971636 1.243659
v -1.018678 0.759447 1.128179
v -1.079394 0.759447 0.941327
v -0.504315 1.119699 1.128179
v -1.079394 1.119699 0.941327
v -0.443614 1.119699 0.941327
v -0.859741 1.331888 1.243659
v -0.663267 1.119699 1.243659
v -1.018678 1.119699 1.128179
v -0.859741 1.119699 1.243659
v -0.663267 1.331888 1.243659
v -0.504315 1.331888 1.128179
v -1.018678 1.331888 1.128179
v -1.079394 1.331888 0.941327
v -0.443614 1.331888 0.941327
v -1.651937 -1.239742 1.027099
v -1.143799 2.171631 0.689043
v -1.092041 2.309814 0.736986
v -1.060043 2.395203 0.862490
v -1.060043 2.395203 1.017626
v -1.143799 2.171631 1.191072
v -1.092041 2.309814 1.143145
v -1.128586 1.906982 1.017626
v -1.128586 1.906982 0.862490
v -1.054657 1.960388 0.736986
v -0.935028 2.046753 0.689043
v -0.815399 2.133118 0.736986
v -0.741470 2.186462 0.862490
v -0.741470 2.186462 1.017626
v -1.054657 1.960388 1.143145
v -0.683521 0.956779 1.181348
v -0.839487 0.956779 1.181347
v -0.965668 0.956779 1.089668
v -1.013867 0.956779 0.941327
v -1.785348 -1.341017 0.715366
v -1.785348 -1.504887 0.662127
v -0.505540 -0.143403 0.754475
v -1.651937 -1.239742 0.854776
v -1.651937 -1.341017 0.715366
v -1.651937 -1.504887 0.662127
v -0.664478 -0.503655 0.638994
v -0.505540 -0.503655 0.754475
v -0.537147 -0.469122 0.777440
v -0.860951 -0.143403 0.638994
v -0.664478 -0.143403 0.638994
v -1.019903 -0.143403 1.128179
v -1.019903 -0.143403 0.754475
v -1.080604 -0.143403 0.941327
v -0.444824 -0.291461 0.941327
v -0.505540 -0.291461 1.128179
v -0.537147 -0.602534 0.777440
v -1.226300 -1.274731 0.857356
v -1.226300 -1.274731 1.012478
v -1.194311 -1.360148 1.138002
v -1.142562 -1.498342 1.185934
v -1.090812 -1.636452 1.138002
v -1.058823 -1.721869 1.012478
v -1.058823 -1.721869 0.857356
v -1.194311 -1.360148 0.731832
v -1.142562 -1.498342 0.683901
v -1.090812 -1.636452 0.731832
v -1.127354 -1.233701 0.857356
v -1.127354 -1.233701 1.012478
v -1.053432 -1.287066 1.138002
v -0.933802 -1.373405 1.185934
v -0.676550 -0.469122 0.676153
v -0.848878 -0.469122 0.676153
v -0.988281 -0.469122 0.777440
v -0.676550 -0.602534 1.206499
v -0.848878 -0.602534 0.676153
v -0.676550 -0.602534 0.676153
v -0.848878 -0.602534 1.206499
v -0.988281 -0.602534 1.105212
v -0.537147 -0.602534 1.105212
v -0.988281 -0.602534 0.777440
v -0.483892 -0.602534 0.941326
v -1.041536 -0.602534 0.941326
v -0.553739 0.843007 0.786937
v -0.679247 0.843007 0.695751
v -0.834385 0.843007 0.695751
v -0.834369 -0.016363 0.695749
v -0.959892 0.843007 0.786937
v -0.959877 -0.016363 0.786935
v -1.007831 0.843007 0.934480
v -1.007815 -0.016363 0.934478
v -0.959892 0.843007 1.082023
v -0.959877 -0.016363 1.082021
v -0.834385 0.843007 1.173210
v -0.834369 -0.016363 1.173208
v -0.679247 0.843007 1.173210
v -0.814173 -1.459829 1.138002
v -1.053432 -1.287066 0.731832
v -1.708740 1.948059 1.025111
v -1.708740 1.948059 0.869975
v -1.708740 2.033448 0.744472
v -1.708740 2.171631 0.696528
v -1.708740 2.309815 0.744472
v -1.708740 2.395203 0.869975
v -1.708740 2.395203 1.025111
v -1.708740 2.033448 1.150630
v -1.708740 2.171631 1.198558
v -1.708740 2.309815 1.150630
v -1.227539 1.948059 1.017626
v -1.195541 2.033447 1.143145
v -0.679231 -0.016363 1.173208
v -0.505785 -0.016363 0.934478
v -0.553724 -0.016363 1.082021
v -0.761810 1.251099 0.689043
v -0.675340 1.297355 1.206499
v -0.847668 1.297355 1.206499
v -0.987071 1.297355 1.105212
v -0.663267 0.971636 0.638994
v -0.859741 0.971636 0.638994
v -0.504315 0.971636 0.754475
v -1.018678 0.971636 0.754475
v -0.663267 1.331888 0.638994
v -0.859741 1.331888 0.638994
v -0.504315 1.331888 0.754475
v -1.018678 1.331888 0.754475
v -1.962999 -1.691746 0.683775
v -1.962999 -1.807201 1.039181
v -1.962999 -1.807201 0.842694
v -1.962999 -1.691746 1.198121
v -1.962999 -1.318027 1.198121
v -1.962999 -1.504887 1.258827
v -1.962999 -1.202572 1.039181
v -0.614258 1.251099 0.736986
v -0.523071 1.251099 0.862490
v -0.523071 1.251099 1.017626
v -0.614258 1.251099 1.143145
v -0.761810 1.251099 1.191072
v -1.040326 1.297355 0.941326
v -1.962999 -1.504887 0.623048
v -1.651937 -1.770031 1.027099
v -1.651937 -1.770031 0.854776
v -1.651937 -1.341017 1.166509
v -1.651937 -1.668756 1.166509
v -1.651937 -1.668756 0.715366
v -1.651937 -1.504887 1.219769
v -1.962999 -1.318027 0.683775
v -1.962999 -1.202572 0.842694
v -3.720005 -1.702486 0.786935
v -3.720005 -1.576962 0.695749
v -1.932813 -1.702486 1.082024
v -1.932813 -1.750481 0.934481
v -1.932813 -1.702486 0.786938
v -1.932813 -1.576962 0.695751
v -1.932813 -1.421819 0.695751
v -3.720005 -1.421819 0.695749
v -1.932813 -1.296379 0.786938
v -3.720005 -1.296379 0.786935
v -1.932813 -1.248385 0.934481
v -3.720005 -1.248385 0.934478
v -1.932813 -1.296379 1.082024
v -3.720005 -1.296379 1.082021
v -1.932813 -1.421819 1.173210
v -3.720005 -1.421819 1.173208
v -1.932813 -1.576962 1.173210
v -3.720005 -1.576962 1.173208
v -3.720005 -1.750481 0.934478
v -3.720005 -1.702486 1.082021
v -3.189045 -1.585604 1.199651
v -3.189045 -1.413261 1.199651
v -3.189045 -1.724973 1.098364
v -3.189045 -1.724973 0.770592
v -3.189045 -1.413261 0.669305
v -3.189045 -1.585604 0.669305
v -3.189045 -1.273808 0.770592
v -3.189045 -1.778254 0.934478
v -3.189045 -1.273808 1.098364
v -3.189045 -1.220611 0.934478
v -3.401748 -1.724973 0.770592
v -3.401748 -1.585604 0.669305
v -3.401748 -1.413261 0.669305
v -3.401748 -1.273808 0.770592
v -3.401748 -1.220611 0.934478
v -3.401748 -1.273808 1.098364
v -3.401748 -1.778254 0.934478
v -3.401748 -1.724973 1.098364
v -3.401748 -1.413261 1.199651
v -3.401748 -1.585604 1.199651
v -3.722207 -1.269865 1.012478
v -3.722207 -1.361071 1.138002
v -3.722207 -1.508662 1.185934
v -3.722207 -1.656170 1.138002
v -3.722207 -1.747376 1.012478
v -3.722207 -1.747376 0.857356
v -3.722207 -1.656170 0.731832
v -3.722207 -1.508662 0.683901
v -3.617912 -1.408226 0.638994
v -3.617912 -1.604735 0.638994
v -3.617912 -1.249308 1.128179
v -3.617912 -1.249308 0.754474
v -3.617912 -1.763654 0.754475
v -3.617912 -1.188643 0.941327
v -3.617912 -1.408226 1.243659
v -3.830111 -1.408226 0.638994
v -3.830111 -1.249308 1.128179
v -3.830111 -1.249308 0.754474
v -3.830111 -1.188643 0.941326
v -4.601211 -0.537697 0.857356
v -4.601211 -0.537697 1.012478
v -4.686627 -0.537697 1.138002
v -4.824821 -0.537697 1.185934
v -4.962931 -0.537697 1.138002
v -5.048348 -0.537697 1.012478
v -5.048348 -0.537697 0.857356
v -4.686627 -0.537697 0.731832
v -4.824821 -0.537697 0.683901
v -4.962931 -0.537697 0.731832
v -3.830111 -1.604735 1.243659
v -3.617912 -1.604735 1.243659
v -3.830111 -1.408226 1.243659
v -3.830111 -1.763654 1.128179
v -3.830111 -1.824402 0.941327
v -4.529051 -0.995918 0.842694
v -4.529051 -0.995918 1.039181
v -4.644506 -0.995918 0.683775
v -5.018226 -0.995918 0.683775
v -5.133681 -0.995918 0.842694
v -5.133681 -0.995918 1.039181
v -5.018226 -0.995918 1.198121
v -4.831366 -0.995918 1.258827
v -4.644506 -0.995918 1.198121
v -4.831366 -0.995918 0.623048
v -3.795626 -1.227660 0.941326
v -3.795626 -1.280940 1.105212
v -3.795626 -1.420309 1.206499
v -3.795626 -1.592652 1.206499
v -3.795626 -1.732021 1.105212
v -3.795626 -1.785302 0.941326
v -4.839589 -1.528967 1.012478
v -4.839589 -1.528967 0.857356
v -4.699885 -1.335395 0.683901
v -4.786308 -1.455046 0.731832
v -3.722207 -1.361071 0.731832
v -4.300071 -1.361071 0.731832
v -3.722207 -1.269865 0.857356
v -4.300071 -1.269865 0.857356
v -4.300071 -1.269865 1.012478
v -4.300071 -1.361071 1.138002
v -4.300071 -1.508662 1.185934
v -4.300071 -1.656170 1.138002
v -4.300071 -1.747376 1.012478
v -4.300071 -1.747376 0.857356
v -4.300071 -1.508662 0.683901
v -4.300071 -1.656170 0.731832
v -4.995235 -0.974211 0.715366
v -5.096510 -0.974211 0.854776
v -5.096510 -0.974211 1.027099
v -4.995235 -0.974211 1.166509
v -4.831366 -0.974211 1.219769
v -4.667497 -0.974211 1.166509
v -4.566222 -0.974211 1.027099
v -4.566222 -0.974211 0.854776
v -4.566222 -1.057981 1.027099
v -4.667497 -0.974211 0.715366
v -4.831366 -0.974211 0.662127
v -4.566222 -1.057981 0.854776
v -4.667497 -1.057981 0.715366
v -4.831366 -1.057981 0.662127
v -3.830111 -1.604735 0.638994
v -3.830111 -1.763654 0.754475
v -3.795626 -1.732021 0.777441
v -3.617912 -1.824402 0.941327
v -3.617912 -1.763654 1.128179
v -3.929037 -1.732021 0.777441
v -4.601211 -1.042898 0.857356
v -4.601211 -1.042898 1.012478
v -4.686627 -1.074866 1.138002
v -4.824821 -1.126636 1.185934
v -4.962931 -1.178407 1.138002
v -5.048348 -1.210375 1.012478
v -5.048348 -1.210375 0.857356
v -4.686627 -1.074866 0.731832
v -4.824821 -1.126636 0.683901
v -4.962931 -1.178407 0.731832
v -4.560181 -1.141823 0.857356
v -4.560181 -1.141823 1.012478
v -4.613545 -1.215745 1.138002
v -4.699885 -1.335395 1.185934
v -3.795626 -1.592652 0.676152
v -3.795626 -1.420309 0.676152
v -3.795626 -1.280940 0.777441
v -3.929037 -1.592652 1.206499
v -3.929037 -1.420309 0.676152
v -3.929037 -1.592652 0.676152
v -3.929037 -1.420309 1.206499
v -3.929037 -1.280940 1.105212
v -3.929037 -1.732021 1.105212
v -3.929037 -1.280940 0.777441
v -3.929037 -1.785302 0.941326
v -3.929037 -1.227660 0.941326
v -4.786308 -1.455046 1.138002
v -4.613545 -1.215745 0.731832
v -5.018226 -0.862676 0.683775
v -5.133681 -0.862676 1.039181
v -5.133681 -0.862676 0.842694
v -5.018226 -0.862676 1.198121
v -4.644506 -0.862676 1.198121
v -4.831366 -0.862676 1.258827
v -4.529051 -0.862676 1.039181
v -4.831366 -0.862676 0.623048
v -5.096510 -1.057981 1.027099
v -5.096510 -1.057981 0.854776
v -4.667497 -1.057981 1.166509
v -4.995235 -1.057981 1.166509
v -4.995235 -1.057981 0.715366
v -4.831366 -1.057981 1.219769
v -4.644506 -0.862676 0.683775
v -4.529051 -0.862676 0.842694
v -1.018827 0.880171 -0.119694
v -1.018827 1.034521 -0.119694
v -0.927029 0.880171 -0.186384
v -0.927029 1.034521 -0.186384
v -0.813577 0.880171 -0.186384
v -0.813577 1.034521 -0.186384
v -0.721779 0.880171 -0.119694
v -0.721779 1.034521 -0.119694
v -0.686718 0.880171 -0.011788
v -0.686718 1.034521 -0.011788
v -0.721779 0.880171 0.096117
v -0.719160 -1.540266 -0.124096
v -0.810456 -1.540266 -0.190427
v -0.721779 1.034521 0.096117
v -0.813577 1.034521 0.162807
v -0.927029 1.034521 0.162807
v -1.053877 1.034521 -0.011788
v -1.018827 1.034521 0.096117
v -1.034385 1.127913 -0.131002
v -0.932980 1.127913 -0.204681
v -0.807625 1.127913 -0.204681
v -0.706221 1.127913 -0.131003
v -0.807625 1.224962 -0.204681
v -0.932980 1.224962 -0.204681
v -0.706221 1.224962 -0.131003
v -1.034385 1.224962 -0.131002
v -1.055571 2.065020 -0.142096
v -1.020699 2.127851 -0.055078
v -1.020699 1.168013 -0.123416
v -1.020699 1.774191 -0.123416
v -0.929402 1.168013 -0.189747
v -0.929402 1.774191 -0.189747
v -0.816552 1.168013 -0.189747
v -0.816552 1.774191 -0.189747
v -0.667482 1.127913 -0.011789
v -0.706221 1.127913 0.107425
v -1.054768 -1.621866 -0.011788
v -1.019707 -1.621866 0.096117
v -0.927909 -1.621866 0.162807
v -0.814457 -1.621866 0.162807
v -0.722659 -1.621866 0.096117
v -0.687598 -1.621866 -0.011788
v -0.797138 2.380568 -3.122909
v -0.681513 2.296560 -3.122909
v -1.099837 2.160639 -3.122909
v -0.681513 2.024721 -3.122909
v -0.637358 2.160639 -3.122909
v -0.931275 2.353529 -2.896629
v -1.032680 2.279863 -2.896629
v -0.932980 1.224962 0.181103
v -0.797138 1.940710 -3.122909
v -1.055671 2.024721 -3.122909
v -0.940057 1.940710 -3.122909
v -0.807625 1.224962 0.181103
v -0.706221 1.224962 0.107425
v -1.034385 1.224962 0.107425
v -1.073123 1.224962 -0.011789
v -0.667482 1.224962 -0.011789
v -0.799724 -1.478323 0.208134
v -0.639944 -1.632677 -0.011789
v -0.684110 -1.632677 0.124131
v -0.942642 -1.632677 0.208134
v -0.799724 -1.632677 0.208134
v -0.942642 -1.478323 0.208134
v -0.684110 -1.478323 0.124131
v -0.684110 -1.478323 -0.147708
v -0.942642 -1.478323 -0.231711
v -0.799724 -1.478323 -0.231711
v -1.058267 -1.478323 -0.147708
v -0.639944 -1.478323 -0.011789
v -1.058267 -1.478323 0.124131
v -1.102422 -1.478323 -0.011789
v -0.725256 1.168013 -0.123416
v -0.725256 1.774191 -0.123416
v -0.690384 1.774191 -0.016091
v -0.725256 1.774191 0.091235
v -0.816552 1.774191 0.157566
v -0.929402 1.774191 0.157566
v -1.055571 1.774191 -0.016090
v -1.020699 1.774191 0.091235
v -0.931275 1.967749 -2.896629
v -0.805920 2.353529 -2.896629
v -0.805920 1.967749 -2.896629
v -0.704516 2.041437 -2.896629
v -0.704516 2.279863 -2.896629
v -0.665777 2.160639 -2.896629
v -0.719171 0.797411 0.090557
v -0.684299 0.797411 -0.016769
v -0.722659 -1.621866 -0.119694
v -0.722659 -1.776220 -0.119694
v -0.814457 -1.621866 -0.186384
v -0.814457 -1.776220 -0.186384
v -0.927909 -1.621866 -0.186384
v -0.927909 -1.776220 -0.186384
v -1.019707 -1.621866 -0.119694
v -1.019707 -1.776220 -0.119694
v -1.054768 -1.776220 -0.011788
v -1.019707 -1.776220 0.096117
v -0.927909 -1.776220 0.162807
v -0.814457 -1.776220 0.162807
v -0.683218 0.890978 0.124131
v -0.639063 0.890978 -0.011788
v -0.798844 0.736628 0.208134
v -1.057376 0.736628 -0.147708
v -0.798844 0.736628 -0.231711
v -0.941762 0.736628 -0.231711
v -0.683218 0.736628 -0.147708
v -0.683218 0.736628 0.124131
v -0.639063 0.736628 -0.011789
v -0.798844 0.998682 -0.231711
v -0.941762 0.998682 -0.231711
v -0.683218 0.998682 -0.147708
v -1.057376 0.998682 -0.147708
v -0.816552 1.993246 -0.354870
v -0.725256 2.055368 -0.331603
v -0.687598 -1.776220 -0.011788
v -0.722659 -1.776220 0.096117
v -0.941762 0.736628 0.208134
v -1.101542 0.890978 -0.011788
v -1.057376 0.890978 0.124131
v -0.798844 0.890978 0.208134
v -0.941762 0.890978 0.208134
v -1.057376 0.736628 0.124131
v -1.101542 0.736628 -0.011788
v -0.683218 0.998682 0.124131
v -1.101542 0.998682 -0.011788
v -0.639063 0.998682 -0.011788
v -0.941762 1.153032 0.208134
v -0.798844 0.998682 0.208134
v -1.057376 0.998682 0.124131
v -0.941762 0.998682 0.208134
v -0.798844 1.153032 0.208134
v -0.683218 1.153032 0.124131
v -1.057376 1.153032 0.124131
v -1.101542 1.153032 -0.011788
v -0.639063 1.153032 -0.011788
v -0.690384 2.155870 -0.293955
v -0.725256 2.256372 -0.256308
v -0.816552 2.318491 -0.233035
v -0.929402 2.318491 -0.233035
v -1.055571 2.155870 -0.293955
v -1.020699 2.256372 -0.256308
v -0.929402 1.963381 -0.282895
v -0.816552 1.963381 -0.282895
v -0.725256 2.002207 -0.229115
v -0.690384 2.065020 -0.142096
v -0.725256 2.127851 -0.055078
v -0.816552 2.166658 -0.001297
v -0.929402 2.166658 -0.001297
v -1.020699 2.002207 -0.229115
v -0.813577 0.880171 0.162807
v -0.927029 0.880171 0.162807
v -1.018816 0.880171 0.096117
v -1.053877 0.880171 -0.011788
v -0.684110 -1.632677 -0.147708
v -0.940057 1.940710 -2.968545
v -1.055671 2.296560 -3.122909
v -0.940057 2.380568 -3.122909
v -0.797138 1.940710 -2.968545
v -1.055671 2.024721 -2.968545
v -1.055671 2.296560 -2.968545
v -0.940057 2.380568 -2.968545
v -0.797138 2.380568 -2.968545
v -0.681513 2.296560 -2.968545
v -0.637358 2.160639 -2.968545
v -0.681513 2.024721 -2.968545
v -1.099837 2.160639 -2.968545
v -0.942642 -1.632677 -0.231711
v -0.799724 -1.632677 -0.231711
v -1.058267 -1.632677 0.124131
v -1.058267 -1.632677 -0.147708
v -1.102422 -1.632677 -0.011789
v -0.804215 0.231821 0.176122
v -0.929570 0.231821 0.176122
v -0.702810 0.231821 0.102443
v -0.702810 0.231821 -0.135984
v -0.929570 0.231821 -0.209662
v -0.804215 0.231821 -0.209662
v -1.030974 0.231821 -0.135984
v -0.664072 0.231821 -0.016770
v -1.030974 0.231821 0.102443
v -1.069713 0.231821 -0.016770
v -0.719171 0.797411 -0.124094
v -0.810467 0.797411 -0.190425
v -0.923318 0.797411 -0.190425
v -0.923306 -1.540266 -0.190427
v -1.014614 0.797411 -0.124094
v -1.014603 -1.540266 -0.124096
v -1.049486 0.797411 -0.016769
v -1.049474 -1.540266 -0.016770
v -1.014614 0.797411 0.090557
v -1.014603 -1.540266 0.090555
v -0.923318 0.797411 0.156888
v -0.923306 -1.540266 0.156886
v -0.810467 0.797411 0.156888
v -0.929402 1.993246 -2.954490
v -0.816552 1.993246 -2.954490
v -0.725256 2.055368 -2.954490
v -0.690384 2.155870 -2.954490
v -0.725256 2.256372 -2.954490
v -0.816552 2.318491 -2.954490
v -0.929402 2.318491 -2.954490
v -1.020699 2.055368 -2.954490
v -1.055571 2.155870 -2.954490
v -1.020699 2.256372 -2.954490
v -0.929402 1.993246 -0.354869
v -1.020699 2.055368 -0.331603
v -0.810456 -1.540266 0.156886
v -0.684288 -1.540266 -0.016770
v -0.719160 -1.540266 0.090555
v -1.032680 2.279863 -2.993676
v -0.931275 2.353529 -2.993676
v -0.805920 2.353529 -2.993676
v -0.704516 2.279863 -2.993676
v -0.665777 2.160639 -2.993676
v -0.704516 2.041437 -2.993676
v -0.805920 1.967749 -2.993676
v -0.690384 1.168013 -0.016091
v -0.931275 1.967749 -2.993676
v -1.032680 2.041437 -2.993676
v -1.071418 2.160639 -2.993676
v -0.807625 1.127913 0.181103
v -0.932980 1.127913 0.181103
v -1.034385 1.127913 0.107425
v -0.798844 0.890978 -0.231711
v -0.941762 0.890978 -0.231711
v -0.683218 0.890978 -0.147708
v -1.057376 0.890978 -0.147708
v -1.032680 2.041437 -2.896629
v -1.071418 2.160639 -2.896629
v -0.798844 1.153032 -0.231711
v -0.941762 1.153032 -0.231711
v -0.683218 1.153032 -0.147708
v -1.057376 1.153032 -0.147708
v -0.725256 1.168013 0.091234
v -0.816552 1.168013 0.157565
v -0.929402 1.168013 0.157565
v -1.020699 1.168013 0.091235
v -1.055570 1.168013 -0.016091
v -1.073123 1.127913 -0.011789
v -0.702810 0.077089 -0.135984
v -0.804215 0.077089 -0.209662
v -0.929570 0.077089 -0.209662
v -1.030974 0.077101 -0.135984
v -1.069713 0.077101 -0.016770
v -1.030974 0.077101 0.102443
v -0.664072 0.077089 -0.016770
v -0.702810 0.077089 0.102443
v -0.929570 0.077089 0.176121
v -0.804215 0.077089 0.176122
v -1.639936 0.880171 -0.119694
v -1.639936 1.034521 -0.119694
v -1.548138 0.880171 -0.186384
v -1.548138 1.034521 -0.186384
v -1.434686 0.880171 -0.186384
v -1.434686 1.034521 -0.186384
v -1.342888 0.880171 -0.119694
v -1.342888 1.034521 -0.119694
v -1.307827 0.880171 -0.011788
v -1.307827 1.034521 -0.011788
v -1.342888 0.880171 0.096117
v -1.340269 -1.540266 -0.124096
v -1.431565 -1.540266 -0.190427
v -1.342888 1.034521 0.096117
v -1.434686 1.034521 0.162807
v -1.548138 1.034521 0.162807
v -1.674986 1.034521 -0.011788
v -1.639936 1.034521 0.096117
v -1.655494 1.127913 -0.131002
v -1.554089 1.127913 -0.204681
v -1.428734 1.127913 -0.204681
v -1.327330 1.127913 -0.131003
v -1.428734 1.224962 -0.204681
v -1.554089 1.224962 -0.204681
v -1.327330 1.224962 -0.131003
v -1.655494 1.224962 -0.131002
v -1.676680 2.065020 -0.142096
v -1.641808 2.127851 -0.055078
v -1.641808 1.168013 -0.123416
v -1.641808 1.774191 -0.123416
v -1.550511 1.168013 -0.189747
v -1.550511 1.774191 -0.189747
v -1.437661 1.168013 -0.189747
v -1.437661 1.774191 -0.189747
v -1.288591 1.127913 -0.011789
v -1.327330 1.127913 0.107425
v -1.675877 -1.621866 -0.011788
v -1.640816 -1.621866 0.096117
v -1.549018 -1.621866 0.162807
v -1.435566 -1.621866 0.162807
v -1.343768 -1.621866 0.096117
v -1.308707 -1.621866 -0.011788
v -1.418247 2.380568 -3.122909
v -1.302622 2.296560 -3.122909
v -1.720946 2.160639 -3.122909
v -1.302622 2.024721 -3.122909
v -1.258467 2.160639 -3.122909
v -1.552384 2.353529 -2.896629
v -1.653789 2.279863 -2.896629
v -1.554089 1.224962 0.181103
v -1.418247 1.940710 -3.122909
v -1.676780 2.024721 -3.122909
v -1.561166 1.940710 -3.122909
v -1.428734 1.224962 0.181103
v -1.327330 1.224962 0.107425
v -1.655494 1.224962 0.107425
v -1.694232 1.224962 -0.011789
v -1.288591 1.224962 -0.011789
v -1.420833 -1.478323 0.208134
v -1.261053 -1.632677 -0.011789
v -1.305219 -1.632677 0.124131
v -1.563751 -1.632677 0.208134
v -1.420833 -1.632677 0.208134
v -1.563751 -1.478323 0.208134
v -1.305219 -1.478323 0.124131
v -1.305219 -1.478323 -0.147708
v -1.563751 -1.478323 -0.231711
v -1.420833 -1.478323 -0.231711
v -1.679376 -1.478323 -0.147708
v -1.261053 -1.478323 -0.011789
v -1.679376 -1.478323 0.124131
v -1.723531 -1.478323 -0.011789
v -1.346365 1.168013 -0.123416
v -1.346365 1.774191 -0.123416
v -1.311493 1.774191 -0.016091
v -1.346365 1.774191 0.091235
v -1.437661 1.774191 0.157566
v -1.550511 1.774191 0.157566
v -1.676680 1.774191 -0.016090
v -1.641808 1.774191 0.091235
v -1.552384 1.967749 -2.896629
v -1.427029 2.353529 -2.896629
v -1.427029 1.967749 -2.896629
v -1.325625 2.041437 -2.896629
v -1.325625 2.279863 -2.896629
v -1.286886 2.160639 -2.896629
v -1.340280 0.797411 0.090557
v -1.305408 0.797411 -0.016769
v -1.343768 -1.621866 -0.119694
v -1.343768 -1.776220 -0.119694
v -1.435566 -1.621866 -0.186384
v -1.435566 -1.776220 -0.186384
v -1.549018 -1.621866 -0.186384
v -1.549018 -1.776220 -0.186384
v -1.640816 -1.621866 -0.119694
v -1.640816 -1.776220 -0.119694
v -1.675877 -1.776220 -0.011788
v -1.640816 -1.776220 0.096117
v -1.549018 -1.776220 0.162807
v -1.435566 -1.776220 0.162807
v -1.304327 0.890978 0.124131
v -1.260172 0.890978 -0.011788
v -1.419953 0.736628 0.208134
v -1.678485 0.736628 -0.147708
v -1.419953 0.736628 -0.231711
v -1.562871 0.736628 -0.231711
v -1.304327 0.736628 -0.147708
v -1.304327 0.736628 0.124131
v -1.260172 0.736628 -0.011789
v -1.419953 0.998682 -0.231711
v -1.562871 0.998682 -0.231711
v -1.304327 0.998682 -0.147708
v -1.678485 0.998682 -0.147708
v -1.437661 1.993246 -0.354870
v -1.346365 2.055368 -0.331603
v -1.308707 -1.776220 -0.011788
v -1.343768 -1.776220 0.096117
v -1.562871 0.736628 0.208134
v -1.722651 0.890978 -0.011788
v -1.678485 0.890978 0.124131
v -1.419953 0.890978 0.208134
v -1.562871 0.890978 0.208134
v -1.678485 0.736628 0.124131
v -1.722651 0.736628 -0.011788
v -1.304327 0.998682 0.124131
v -1.722651 0.998682 -0.011788
v -1.260172 0.998682 -0.011788
v -1.562871 1.153032 0.208134
v -1.419953 0.998682 0.208134
v -1.678485 0.998682 0.124131
v -1.562871 0.998682 0.208134
v -1.419953 1.153032 0.208134
v -1.304327 1.153032 0.124131
v -1.678485 1.153032 0.124131
v -1.722651 1.153032 -0.011788
v -1.260172 1.153032 -0.011788
v -1.311493 2.155870 -0.293955
v -1.346365 2.256372 -0.256308
v -1.437661 2.318491 -0.233035
v -1.550511 2.318491 -0.233035
v -1.676680 2.155870 -0.293955
v -1.641808 2.256372 -0.256308
v -1.550511 1.963381 -0.282895
v -1.437661 1.963381 -0.282895
v -1.346365 2.002207 -0.229115
v -1.311493 2.065020 -0.142096
v -1.346365 2.127851 -0.055078
v -1.437661 2.166658 -0.001297
v -1.550511 2.166658 -0.001297
v -1.641808 2.002207 -0.229115
v -1.434686 0.880171 0.162807
v -1.548138 0.880171 0.162807
v -1.639925 0.880171 0.096117
v -1.674986 0.880171 -0.011788
v -1.305219 -1.632677 -0.147708
v -1.561166 1.940710 -2.968545
v -1.676780 2.296560 -3.122909
v -1.561166 2.380568 -3.122909
v -1.418247 1.940710 -2.968545
v -1.676780 2.024721 -2.968545
v -1.676780 2.296560 -2.968545
v -1.561166 2.380568 -2.968545
v -1.418247 2.380568 -2.968545
v -1.302622 2.296560 -2.968545
v -1.258467 2.160639 -2.968545
v -1.302622 2.024721 -2.968545
v -1.720946 2.160639 -2.968545
v -1.563751 -1.632677 -0.231711
v -1.420833 -1.632677 -0.231711
v -1.679376 -1.632677 0.124131
v -1.679376 -1.632677 -0.147708
v -1.723531 -1.632677 -0.011789
v -1.425324 0.231821 0.176122
v -1.550679 0.231821 0.176122
v -1.323919 0.231821 0.102443
v -1.323919 0.231821 -0.135984
v -1.550679 0.231821 -0.209662
v -1.425324 0.231821 -0.209662
v -1.652083 0.231821 -0.135984
v -1.285181 0.231821 -0.016770
v -1.652083 0.231821 0.102443
v -1.690822 0.231821 -0.016770
v -1.340280 0.797411 -0.124094
v -1.431576 0.797411 -0.190425
v -1.544427 0.797411 -0.190425
v -1.544415 -1.540266 -0.190427
v -1.635723 0.797411 -0.124094
v -1.635712 -1.540266 -0.124096
v -1.670595 0.797411 -0.016769
v -1.670583 -1.540266 -0.016770
v -1.635723 0.797411 0.090557
v -1.635712 -1.540266 0.090555
v -1.544427 0.797411 0.156888
v -1.544415 -1.540266 0.156886
v -1.431576 0.797411 0.156888
v -1.550511 1.993246 -2.954490
v -1.437661 1.993246 -2.954490
v -1.346365 2.055368 -2.954490
v -1.311493 2.155870 -2.954490
v -1.346365 2.256372 -2.954490
v -1.437661 2.318491 -2.954490
v -1.550511 2.318491 -2.954490
v -1.641808 2.055368 -2.954490
v -1.676680 2.155870 -2.954490
v -1.641808 2.256372 -2.954490
v -1.550511 1.993246 -0.354869
v -1.641808 2.055368 -0.331603
v -1.431565 -1.540266 0.156886
v -1.305397 -1.540266 -0.016770
v -1.340269 -1.540266 0.090555
v -1.653789 2.279863 -2.993676
v -1.552384 2.353529 -2.993676
v -1.427029 2.353529 -2.993676
v -1.325625 2.279863 -2.993676
v -1.286886 2.160639 -2.993676
v -1.325625 2.041437 -2.993676
v -1.427029 1.967749 -2.993676
v -1.311493 1.168013 -0.016091
v -1.552384 1.967749 -2.993676
v -1.653789 2.041437 -2.993676
v -1.692527 2.160639 -2.993676
v -1.428734 1.127913 0.181103
v -1.554089 1.127913 0.181103
v -1.655494 1.127913 0.107425
v -1.419953 0.890978 -0.231711
v -1.562871 0.890978 -0.231711
v -1.304327 0.890978 -0.147708
v -1.678485 0.890978 -0.147708
v -1.653789 2.041437 -2.896629
v -1.692527 2.160639 -2.896629
v -1.419953 1.153032 -0.231711
v -1.562871 1.153032 -0.231711
v -1.304327 1.153032 -0.147708
v -1.678485 1.153032 -0.147708
v -1.346365 1.168013 0.091234
v -1.437661 1.168013 0.157565
v -1.550511 1.168013 0.157565
v -1.641808 1.168013 0.091235
v -1.676679 1.168013 -0.016091
v -1.694232 1.127913 -0.011789
v -1.323919 0.077089 -0.135984
v -1.425324 0.077089 -0.209662
v -1.550679 0.077089 -0.209662
v -1.652083 0.077101 -0.135984
v -1.690822 0.077101 -0.016770
v -1.652083 0.077101 0.102443
v -1.285181 0.077089 -0.016770
v -1.323919 0.077089 0.102443
v -1.550679 0.077089 0.176121
v -1.425324 0.077089 0.176122
v -0.808067 1.962668 -1.256085
v -0.932504 1.962668 -1.256085
v -0.707386 2.035794 -1.256085
v -1.033172 2.035794 -1.256085
v -0.707386 2.272498 -1.256085
v -1.071635 2.154146 -1.256085
v -0.668949 2.154146 -1.256085
v -0.932504 2.345624 -1.390486
v -0.808067 2.345624 -1.256085
v -1.033172 2.272498 -1.256085
v -0.932504 2.345624 -1.256085
v -0.808067 2.345624 -1.390486
v -0.707386 2.272498 -1.390486
v -1.033172 2.272498 -1.390486
v -1.071635 2.154146 -1.390486
v -0.668949 2.154146 -1.390486
v -0.808067 1.962668 -1.390486
v -0.932504 1.962668 -1.390486
v -0.707386 2.035794 -1.390486
v -1.033172 2.035794 -1.390486
v -1.431770 1.962668 -1.762176
v -1.556207 1.962668 -1.762176
v -1.331089 2.035794 -1.762176
v -1.656875 2.035794 -1.762176
v -1.331089 2.272498 -1.762176
v -1.695338 2.154146 -1.762176
v -1.292652 2.154146 -1.762176
v -1.556207 2.345624 -1.896577
v -1.431770 2.345624 -1.762176
v -1.656875 2.272498 -1.762176
v -1.556207 2.345624 -1.762176
v -1.431770 2.345624 -1.896577
v -1.331089 2.272498 -1.896577
v -1.656875 2.272498 -1.896577
v -1.695338 2.154146 -1.896577
v -1.292652 2.154146 -1.896577
v -1.431770 1.962668 -1.896577
v -1.556207 1.962668 -1.896577
v -1.331089 2.035794 -1.896577
v -1.656875 2.035794 -1.896577
v 0.062127 1.962668 -2.125331
v -0.062310 1.962668 -2.125331
v 0.162808 2.035794 -2.125331
v -0.162978 2.035794 -2.125331
v 0.162808 2.272498 -2.125331
v -0.201441 2.154146 -2.125331
v 0.201244 2.154146 -2.125331
v -0.062310 2.345624 -2.259732
v 0.062127 2.345624 -2.125331
v -0.162978 2.272498 -2.125331
v -0.062310 2.345624 -2.125331
v 0.062127 2.345624 -2.259732
v 0.162808 2.272498 -2.259732
v -0.162978 2.272498 -2.259732
v -0.201441 2.154146 -2.259732
v 0.201244 2.154146 -2.259732
v 0.062127 1.962668 -2.259732
v -0.062310 1.962668 -2.259732
v 0.162808 2.035794 -2.259732
v -0.162978 2.035794 -2.259732
v -1.750799 2.481876 0.842694
v -1.750799 2.481876 1.039181
v -1.750799 2.366421 0.683775
v -1.750799 1.992702 0.683775
v -1.750799 1.877247 0.842694
v -1.750799 1.877247 1.039181
v -1.750799 1.992702 1.198121
v -1.750799 2.179562 1.258827
v -1.750799 2.366421 1.198121
v -1.750799 2.179562 0.623048
v -1.785348 2.015692 0.715366
v -1.785348 1.914417 0.854776
v -1.785348 1.914417 1.027099
v -1.785348 2.015692 1.166509
v -1.785348 2.179562 1.219769
v -1.785348 2.343431 1.166509
v -1.785348 2.444706 1.027099
v -1.785348 2.444706 0.854776
v -1.651936 2.444706 1.027099
v -1.785348 2.343431 0.715366
v -1.785348 2.179562 0.662127
v -1.651936 2.444706 0.854776
v -1.651936 2.343431 0.715366
v -1.651936 2.179562 0.662127
v -1.962999 1.992702 0.683775
v -1.962999 1.877247 1.039181
v -1.962999 1.877247 0.842694
v -1.962999 1.992702 1.198121
v -1.962999 2.366421 1.198121
v -1.962999 2.179562 1.258827
v -1.962999 2.481876 1.039181
v -1.962999 2.179562 0.623048
v -1.651936 1.914417 1.027099
v -1.651936 1.914417 0.854776
v -1.651936 2.343431 1.166509
v -1.651936 2.015692 1.166509
v -1.651936 2.015692 0.715366
v -1.651936 2.179562 1.219769
v -1.962999 2.366421 0.683775
v -1.962999 2.481876 0.842694
v -12.328556 1.981962 0.786935
v -12.328556 2.107487 0.695749
v -1.932813 1.981962 1.082024
v -1.932813 1.933968 0.934481
v -1.932813 1.981962 0.786938
v -1.932813 2.107486 0.695751
v -1.932813 2.262629 0.695751
v -12.328556 2.262630 0.695749
v -1.932813 2.388069 0.786938
v -12.328556 2.388070 0.786935
v -1.932813 2.436063 0.934481
v -12.328556 2.436064 0.934478
v -1.932813 2.388069 1.082024
v -12.328556 2.388070 1.082021
v -1.932813 2.262629 1.173210
v -12.328556 2.262630 1.173208
v -1.932813 2.107486 1.173210
v -12.328556 2.107487 1.173208
v -12.328556 1.933968 0.934478
v -12.328556 1.981962 1.082021
v -3.189045 2.098844 1.199651
v -3.189045 2.271188 1.199651
v -3.189045 1.959475 1.098364
v -3.189045 1.959475 0.770592
v -3.189045 2.271188 0.669305
v -3.189045 2.098844 0.669305
v -3.189045 2.410640 0.770592
v -3.189045 1.906194 0.934478
v -3.189045 2.410640 1.098364
v -3.189045 2.463837 0.934478
v -3.401747 1.959475 0.770592
v -3.401747 2.098844 0.669305
v -3.401747 2.271188 0.669305
v -3.401747 2.410640 0.770592
v -3.401747 2.463837 0.934478
v -3.401747 2.410640 1.098364
v -3.401747 1.906194 0.934478
v -3.401747 1.959475 1.098364
v -3.401747 2.271188 1.199651
v -3.401747 2.098844 1.199651
v -0.143861 -0.835436 -0.081715
v -0.178732 -0.876038 0.025611
v -0.143861 -0.846203 0.132937
v -0.052565 -0.757324 0.199268
v 0.060285 -0.643350 0.199268
v 0.151581 -0.547818 0.132937
v 0.186452 -0.507217 0.025612
v 0.151581 -0.537052 -0.081714
v 0.060285 -0.625931 -0.148045
v -0.052565 -0.739904 -0.148045
v 0.186452 -0.483822 0.025612
v 0.151580 -0.508311 -0.081714
v 0.060284 -0.584661 -0.148045
v -0.052565 -0.683710 -0.148045
v -0.143861 -0.767622 -0.081714
v -0.178733 -0.804347 0.025611
v -0.143861 -0.779859 0.132937
v -0.052565 -0.703508 0.199268
v 0.060285 -0.604459 0.199268
v 0.151580 -0.520547 0.132937
vt 1.276158 1.019438
vt 4.192051 1.023218
vt 1.276158 1.185087
vt 4.192051 1.190984
vt 1.276158 1.938990
vt 4.192051 1.941958
vt 1.276158 1.803142
vt 4.192051 1.500000
vt 4.192051 1.809017
vt 1.276157 1.494104
vt 1.461371 0.977146
vt 1.793418 1.433266
vt 1.793299 0.977146
vt 1.995462 1.433266
vt 1.995344 0.977146
vt 1.974945 1.433266
vt 1.974827 0.977146
vt 1.755801 1.433266
vt 1.755683 0.977146
vt 0.983902 1.433266
vt 0.983784 0.977146
vt 1.152141 1.433266
vt 1.152023 0.977146
vt 1.461489 1.433266
vt 1.446703 0.977146
vt 1.446821 1.433266
vt 1.391572 1.123385
vt 1.601692 1.123935
vt 1.391572 1.804694
vt 1.221583 1.674131
vt 1.771682 1.675569
vt 1.221583 1.253059
vt 1.836612 1.465203
vt 1.771682 1.254498
vt 1.156652 1.463425
vt 1.166619 1.433266
vt 1.166500 0.977146
vt 0.995581 1.433266
vt 0.995462 0.977146
vt 1.601692 1.805243
vt 1.473360 1.449045
vt 0.999801 1.628353
vt 1.473360 1.628353
vt 0.999801 1.961354
vt 1.473360 1.961354
vt 1.473360 1.449045
vt 0.999801 1.449045
vt 1.784262 1.449045
vt 1.784262 1.628353
vt 1.784262 1.961354
vt 1.784262 1.961354
vt 1.784262 1.261198
vt 1.784262 1.449045
vt 1.784262 1.628353
vt 0.999801 1.261198
vt 1.473360 1.261198
vt 0.999801 1.032398
vt 1.473360 1.032398
vt 0.999801 1.032398
vt 0.999801 1.961354
vt 1.473360 1.961354
vt 0.999801 1.628353
vt 1.473360 1.628353
vt 2.475890 1.261198
vt 2.475890 1.449045
vt 2.475890 1.809337
vt 2.049544 1.261198
vt 2.049544 1.449045
vt 1.473360 1.032398
vt 0.999801 1.261198
vt 1.473360 1.261198
vt 0.999801 1.449045
vt 2.049544 1.032398
vt 2.049544 1.032398
vt 2.049544 1.261198
vt 2.049544 1.449045
vt 2.049544 1.628353
vt 2.062171 1.936101
vt 2.062171 1.936101
vt 2.049544 1.628353
vt 1.784262 1.032398
vt 1.784262 1.032398
vt 1.784262 1.261198
vt 2.475890 1.032398
vt 2.475890 1.032398
vt 2.475890 1.261198
vt 2.475890 1.449045
vt 2.475890 1.809337
vt 2.475890 1.936101
vt 2.475890 1.809337
vt 1.276157 1.494104
vt 7.569013 1.815852
vt 7.569013 1.506835
vt 1.276158 1.803142
vt 7.569013 1.948769
vt 1.276158 1.938990
vt 7.569013 1.197818
vt 1.276158 1.185087
vt 7.569013 1.030050
vt 1.276158 1.019438
vt 0.886782 1.494104
vt 4.607553 1.809017
vt 4.607553 1.500000
vt 0.886782 1.803142
vt 4.607553 1.941958
vt 0.886782 1.938990
vt 4.607553 1.190984
vt 0.886782 1.185087
vt 4.607553 1.023218
vt 0.886782 1.019438
vt 1.828168 1.494104
vt 3.134304 1.809017
vt 3.134304 1.500000
vt 1.828169 1.803142
vt 3.134304 1.941958
vt 1.828169 1.938990
vt 3.134304 1.190984
vt 1.828169 1.185087
vt 3.134304 1.023218
vt 1.828169 1.019438
vt 1.000000 1.754841
vt 1.473559 1.934147
vt 1.473559 1.754841
vt 1.000000 1.934147
vt 1.473559 1.328157
vt 1.000000 1.328156
vt 1.473559 1.566994
vt 1.000000 1.566994
vt 1.473559 1.338195
vt 1.000000 1.338194
vt 1.784462 1.934147
vt 1.784462 1.754841
vt 1.784462 1.566994
vt 1.784462 1.328157
vt 1.784462 1.338195
vt 2.049744 1.934147
vt 2.049744 1.754841
vt 2.049744 1.566994
vt 2.062370 1.338405
vt 2.049744 1.338195
vt 2.479291 1.928137
vt 2.476090 1.754841
vt 2.476090 1.566994
vt 2.476090 1.338405
vt 2.476090 1.338194
vt 3.070938 1.494104
vt 5.793591 1.815852
vt 5.793591 1.506835
vt 3.070938 1.494104
vt 3.070938 1.803142
vt 5.793591 1.815852
vt 3.070938 1.803142
vt 5.793590 1.948769
vt 5.793591 1.815852
vt 3.070938 1.803142
vt 3.070938 1.938990
vt 5.793590 1.948769
vt 3.070938 1.938990
vt 5.793590 1.948769
vt 5.793590 1.948769
vt 3.070938 1.938990
vt 3.070938 1.938990
vt 5.793590 1.948769
vt 3.070938 1.938990
vt 5.793591 1.815852
vt 5.793590 1.948769
vt 3.070938 1.938990
vt 3.070938 1.803142
vt 5.793591 1.815852
vt 3.070938 1.803142
vt 5.793591 1.506835
vt 5.793591 1.815852
vt 3.070938 1.803142
vt 3.070938 1.494104
vt 5.793591 1.506835
vt 3.070938 1.494104
vt 5.793591 1.197818
vt 5.793591 1.506835
vt 3.070938 1.494104
vt 3.070938 1.185087
vt 5.793591 1.197818
vt 3.070938 1.185087
vt 5.793591 1.030050
vt 5.793591 1.197818
vt 3.070938 1.185087
vt 3.070938 1.019438
vt 5.793591 1.030050
vt 3.070938 1.019438
vt 5.793591 1.030050
vt 5.793591 1.030050
vt 3.070938 1.019438
vt 3.070938 1.019438
vt 5.793591 1.030050
vt 3.070938 1.019438
vt 5.793591 1.197818
vt 5.793591 1.030050
vt 3.070938 1.019438
vt 3.070938 1.185087
vt 5.793591 1.197818
vt 3.070938 1.185087
vt 5.793591 1.506835
vt 5.793591 1.197818
vt 3.070938 1.185087
vt 3.070938 1.494104
vt 5.793591 1.506835
vt 3.070938 1.494104
vt 18.908073 1.877200
vt 18.908073 1.568183
vt 3.070938 1.803142
vt 18.908073 2.010046
vt 3.070938 1.938990
vt 18.908073 1.259166
vt 3.070938 1.185087
vt 18.908073 1.091388
vt 3.070938 1.019438
vt 3.974684 1.190544
vt 4.041784 1.499697
vt 3.992476 1.808615
vt 3.845591 1.941605
vt 3.657233 1.941414
vt 3.499352 1.807621
vt 3.432251 1.498464
vt 3.481559 1.189547
vt 3.628444 1.022487
vt 3.816803 1.022731
vt 3.393588 1.498386
vt 3.434059 1.189451
vt 3.560240 1.022399
vt 3.723933 1.022611
vt 3.862611 1.190318
vt 3.923304 1.499457
vt 3.882833 1.808394
vt 3.756653 1.941515
vt 3.592960 1.941348
vt 3.454282 1.807531
vn -0.809032 -0.000001 -0.587764
vn -0.809032 -0.000000 -0.587765
vn -0.308998 0.000001 -0.951063
vn -0.308997 0.000001 -0.951063
vn 0.308998 0.000001 -0.951063
vn 0.308997 0.000001 -0.951063
vn 0.809005 0.000000 -0.587802
vn 0.809004 0.000000 -0.587803
vn 1.000000 0.000000 0.000000
vn 1.000000 0.000000 0.000000
vn 0.809006 0.000000 0.587801
vn 0.809018 0.000006 -0.587783
vn 0.309017 0.000003 -0.951056
vn -0.951067 0.000000 0.308984
vn -0.587788 0.000000 0.809015
vn 0.000000 -0.000000 1.000000
vn 0.587788 0.000000 0.809015
vn 0.951067 0.000000 0.308984
vn 0.951067 0.000000 -0.308984
vn 0.587788 0.000000 -0.809015
vn 0.000000 0.000000 -1.000000
vn 0.809006 0.000000 0.587801
vn 0.308999 -0.000000 0.951063
vn -0.309010 -0.000014 0.951059
vn -1.000000 -0.000000 0.000000
vn -0.809027 -0.000037 0.587772
vn -0.236471 0.643719 -0.727810
vn 0.236490 0.643714 -0.727808
vn -0.619123 0.643710 0.449804
vn -0.619123 0.643710 -0.449804
vn 0.619110 0.643721 -0.449807
vn -0.765256 0.643726 0.000000
vn -0.236471 0.643719 0.727810
vn -0.236471 -0.643719 -0.727810
vn -0.619124 -0.643710 0.449804
vn -0.619123 -0.643710 -0.449804
vn -0.765256 -0.643726 -0.000001
vn 0.000000 0.955704 -0.294329
vn 0.000000 0.955704 0.294329
vn 0.000000 0.608029 0.793915
vn 0.000000 -0.000094 1.000000
vn 0.000000 -0.608103 0.793858
vn 0.000000 -0.955704 0.294329
vn 0.000000 -0.955704 -0.294329
vn 0.000000 0.608029 -0.793915
vn 0.000000 -0.000094 -1.000000
vn 0.000000 -0.608103 -0.793858
vn -0.809015 0.000000 -0.587788
vn -0.309029 -0.000002 -0.951053
vn 0.309027 -0.000001 -0.951053
vn 0.809015 0.000000 -0.587788
vn 0.236488 0.643715 -0.727808
vn -0.236489 0.643714 -0.727808
vn 0.619107 0.643721 -0.449811
vn -0.619107 0.643721 -0.449810
vn 0.236489 -0.643715 0.727808
vn 0.236489 0.643715 0.727808
vn -0.236471 -0.643719 0.727810
vn 0.619110 -0.643721 0.449807
vn 0.765267 -0.643713 -0.000001
vn -0.998085 0.042292 0.045133
vn -0.781037 0.402116 0.477791
vn -0.809018 0.000000 -0.587783
vn -0.824039 -0.122517 -0.553127
vn -0.309017 0.000001 -0.951056
vn -0.319085 -0.219793 -0.921887
vn 0.309016 0.000001 -0.951057
vn 0.315229 -0.224785 -0.922010
vn 1.000000 0.000000 0.000000
vn 0.809015 0.000000 0.587788
vn -1.000000 0.000000 0.000000
vn -0.809005 0.000000 0.587802
vn -0.308998 -0.000001 0.951063
vn 0.308998 -0.000001 0.951063
vn 0.809005 -0.000000 0.587802
vn 1.000000 0.000000 0.000000
vn 0.309019 0.951056 0.000000
vn 0.809035 0.587761 0.000000
vn -1.000000 -0.000004 0.000000
vn 0.809039 -0.587755 0.000000
vn 1.000000 -0.000003 0.000000
vn -0.236456 0.727812 0.643722
vn -0.619101 0.449832 0.643712
vn -0.236488 0.643715 0.727808
vn 0.309029 -0.951053 0.000000
vn -0.809030 -0.587767 0.000000
vn -0.309051 -0.951046 0.000000
vn 0.236488 0.643715 0.727808
vn 0.619107 0.643721 0.449811
vn -0.619107 0.643722 0.449810
vn -0.765268 0.643712 -0.000000
vn 0.765268 0.643712 -0.000000
vn 0.236489 0.643715 0.727808
vn 0.765267 -0.643713 -0.000000
vn 0.619110 -0.643721 0.449808
vn -0.236472 -0.643718 0.727810
vn 0.236489 -0.643715 0.727808
vn -0.236472 0.643719 0.727809
vn 0.619110 0.643721 0.449807
vn 0.619110 0.643721 -0.449808
vn -0.236471 0.643719 -0.727810
vn 0.236489 0.643714 -0.727808
vn -0.619123 0.643710 -0.449804
vn 0.765267 0.643713 0.000000
vn -0.619123 0.643710 0.449805
vn -0.765256 0.643726 0.000000
vn 0.643719 0.727810 -0.236470
vn 0.643725 0.727813 0.236446
vn 0.205782 0.575240 -0.791677
vn 0.000000 -0.587820 -0.808991
vn 0.000000 -0.951060 -0.309005
vn 0.000000 -0.951070 0.308975
vn 0.000000 -0.587805 0.809003
vn 0.000000 -0.000000 1.000000
vn 0.205768 0.575226 0.791691
vn 0.000000 0.000000 -1.000000
vn 0.809019 0.000000 -0.587783
vn 0.825325 -0.124600 -0.550739
vn 0.999027 0.016451 0.040928
vn 0.786557 0.125497 0.604631
vn 0.295812 0.178624 0.938397
vn -0.295061 0.177584 0.938830
vn -0.999091 0.014439 0.040101
vn -0.786936 0.122891 0.604673
vn -1.000000 0.000000 0.000000
vn -0.809015 0.000000 0.587788
vn -0.309027 0.000000 0.951053
vn 0.309027 0.000000 0.951053
vn 0.809015 0.000000 0.587788
vn 1.000000 0.000000 -0.000001
vn -0.236513 -0.727805 0.643709
vn 0.236456 0.727812 0.643722
vn 0.236513 -0.727805 0.643709
vn 0.619110 -0.449795 0.643730
vn 0.619101 0.449832 0.643712
vn 0.765268 -0.000022 0.643712
vn 0.809019 0.000005 0.587783
vn 1.000000 0.000006 -0.000000
vn 0.739264 -0.605968 0.293755
vn 0.739976 -0.606125 -0.291629
vn 0.045095 -0.042267 -0.998088
vn 0.477812 -0.402194 -0.780984
vn -0.587788 0.000000 -0.809015
vn -0.553128 0.122509 -0.824039
vn -0.951067 0.000000 -0.308984
vn -0.921908 0.219768 -0.319041
vn -0.922031 0.224748 0.315194
vn -0.550746 0.124588 0.825322
vn 0.040920 -0.016449 0.999027
vn 0.604638 -0.125490 0.786552
vn 0.938408 -0.178623 0.295778
vn 0.938839 -0.177587 -0.295031
vn 0.040091 -0.014434 -0.999092
vn 0.604683 -0.122891 -0.786928
vn 0.809005 0.000000 -0.587801
vn 0.809005 0.000000 -0.587801
vn 0.308998 0.000000 -0.951063
vn 0.308998 0.000000 -0.951063
vn -0.308998 0.000000 -0.951063
vn -0.308998 0.000000 -0.951063
vn -0.809005 0.000000 -0.587802
vn -0.809005 0.000000 -0.587802
vn -1.000000 0.000000 0.000000
vn -0.809005 -0.000000 0.587802
vn -0.308998 -0.000001 0.951063
vn 0.308998 -0.000001 0.951063
vn 0.619123 0.643710 0.449804
vn 0.765256 0.643726 0.000000
vn 0.236471 -0.643719 0.727810
vn -0.619110 -0.643721 -0.449808
vn 0.236471 -0.643719 -0.727810
vn -0.236489 -0.643714 -0.727808
vn 0.619123 -0.643710 -0.449804
vn 0.619123 -0.643710 0.449804
vn 0.765256 -0.643726 -0.000001
vn 0.236471 -0.643719 -0.727810
vn -0.236490 -0.643714 -0.727808
vn 0.619123 -0.643710 -0.449804
vn -0.619110 -0.643721 -0.449807
vn 0.309224 -0.931783 -0.190158
vn 0.828578 -0.543038 -0.136265
vn 1.000000 0.000000 0.000000
vn 0.809005 0.000000 0.587802
vn 0.000000 -0.587796 -0.809009
vn 0.000000 -0.951066 -0.308989
vn 0.000000 -0.951066 0.308989
vn 0.000000 -0.587843 0.808975
vn 0.000000 0.000000 1.000000
vn 0.000000 0.587843 0.808975
vn 0.000000 0.951066 0.308989
vn 0.000000 0.951066 -0.308989
vn -0.236489 -0.643715 0.727808
vn -0.765267 0.643713 0.000000
vn -0.619110 0.643721 0.449808
vn 0.236471 0.643719 0.727810
vn -0.236489 0.643715 0.727808
vn -0.619110 -0.643721 0.449808
vn -0.765267 -0.643713 0.000000
vn 0.619123 -0.643710 0.449804
vn -0.765267 -0.643713 -0.000000
vn 0.765256 -0.643726 0.000000
vn -0.236489 0.643715 0.727808
vn 0.236471 -0.643719 0.727810
vn -0.619109 -0.643721 0.449808
vn -0.236489 -0.643715 0.727808
vn 0.236471 0.643719 0.727810
vn 0.619123 0.643710 0.449804
vn -0.619109 0.643721 0.449808
vn -0.765267 0.643713 -0.000000
vn 0.765256 0.643726 0.000000
vn 0.000000 0.951066 0.308989
vn 0.998497 0.053487 0.011942
vn 0.781540 0.599005 0.174322
vn 0.293249 0.915378 0.275842
vn -0.291921 0.916199 0.274519
vn -0.998555 0.052934 0.009283
vn -0.781589 0.599910 0.170957
vn -0.337733 -0.687278 -0.643106
vn 0.322422 -0.697244 -0.640230
vn 0.840520 -0.377876 -0.388247
vn 0.997923 0.045011 0.046074
vn 0.780633 0.403284 0.477467
vn 0.293841 0.605967 0.739231
vn -0.291731 0.606143 0.739921
vn -0.835606 -0.381553 -0.395197
vn 0.308998 0.000000 0.951063
vn -0.309027 -0.000001 0.951053
vn -0.809010 -0.000046 0.587795
vn -1.000000 -0.000022 0.000028
vn 0.000000 0.587796 -0.809009
vn 0.000000 0.000000 -1.000000
vn 0.619110 -0.643721 -0.449807
vn 0.000000 0.951066 -0.308989
vn 0.000000 0.587797 -0.809009
vn 0.000000 0.000000 -1.000000
vn 0.236490 -0.643714 -0.727808
vn 0.619110 -0.643721 -0.449807
vn 0.809015 0.000000 -0.587788
vn -0.236506 -0.727805 0.643712
vn -0.809026 0.587772 0.000000
vn -0.309040 0.951049 0.000000
vn 0.236489 -0.727808 0.643714
vn -0.619116 -0.449792 0.643725
vn -0.619115 0.449798 0.643722
vn -0.236498 0.727807 0.643713
vn 0.236481 0.727809 0.643716
vn 0.619128 0.449794 0.643712
vn 0.765256 -0.000002 0.643726
vn 0.619130 -0.449789 0.643714
vn -0.765267 -0.000003 0.643713
vn -0.236471 -0.643719 -0.727810
vn 0.236490 -0.643714 -0.727808
vn -0.619123 -0.643710 0.449804
vn -0.619123 -0.643710 -0.449804
vn -0.765256 -0.643727 0.000000
vn 0.236488 0.643715 0.727808
vn -0.236488 0.643714 0.727808
vn 0.619106 0.643722 0.449811
vn 0.619107 0.643721 -0.449811
vn -0.236488 0.643715 -0.727808
vn 0.236488 0.643715 -0.727808
vn -0.619107 0.643721 -0.449811
vn 0.765268 0.643712 -0.000000
vn -0.619107 0.643721 0.449811
vn -0.765268 0.643712 0.000000
vn 0.765267 0.643713 -0.000001
vn 0.619110 0.643721 0.449807
vn 0.619107 -0.643721 -0.449811
vn -0.179453 0.931211 -0.317241
vn -0.190082 0.931807 0.309200
vn -0.136274 0.542977 0.828617
vn 0.011943 -0.053569 0.998493
vn 0.174326 -0.599019 0.781528
vn 0.275855 -0.915369 0.293264
vn 0.274510 -0.916205 -0.291913
vn -0.132276 0.550476 -0.824305
vn 0.009313 -0.053022 -0.998550
vn 0.170925 -0.599905 -0.781600
vn -0.643082 0.687316 -0.337701
vn -0.640176 0.697326 0.322353
vn -0.388259 0.377890 0.840508
vn 0.046045 -0.044945 0.997928
vn 0.309028 0.000000 -0.951053
vn -0.309027 0.000000 -0.951053
vn -0.809015 0.000000 -0.587788
vn 0.236488 -0.643715 0.727808
vn -0.236488 -0.643715 -0.727808
vn 0.236488 -0.643715 -0.727808
vn -0.236488 -0.643715 0.727808
vn -0.619107 -0.643721 0.449811
vn 0.619107 -0.643721 0.449811
vn -0.619107 -0.643721 -0.449811
vn 0.765268 -0.643712 -0.000001
vn -0.765268 -0.643712 0.000000
vn 0.809018 0.000006 -0.587784
vn 0.309016 0.000003 -0.951057
vn -0.309017 -0.000001 -0.951056
vn -0.309015 -0.000001 -0.951057
vn -0.809019 -0.000005 -0.587783
vn -0.809018 -0.000005 -0.587784
vn -1.000000 -0.000006 0.000000
vn -1.000000 -0.000006 -0.000000
vn -0.809019 -0.000006 0.587782
vn -0.809019 -0.000006 0.587783
vn -0.309020 -0.000003 0.951056
vn -0.309016 -0.000003 0.951057
vn 0.309015 0.000001 0.951057
vn 0.477482 -0.403412 0.780558
vn -0.395230 0.381559 -0.835587
vn -0.294317 -0.955708 0.000000
vn 0.294317 -0.955708 0.000000
vn 0.793873 -0.608084 0.000000
vn 1.000000 0.000001 -0.000000
vn 0.793864 0.608096 -0.000000
vn 0.294303 0.955712 0.000000
vn -0.294303 0.955712 0.000000
vn -0.793872 -0.608085 0.000000
vn -1.000000 -0.000000 0.000000
vn -0.793863 0.608096 0.000000
vn -0.317241 -0.931190 -0.179561
vn -0.824279 -0.550515 -0.132280
vn 0.309018 0.000001 0.951056
vn 1.000000 0.000006 0.000000
vn 0.809019 0.000005 0.587783
vn -0.808999 0.587810 0.000000
vn -0.308989 0.951066 0.000000
vn 0.308988 0.951066 0.000000
vn 0.808999 0.587810 0.000000
vn 1.000000 -0.000028 0.000000
vn 0.809026 -0.587773 0.000000
vn 0.309059 -0.951043 0.000000
vn 1.000000 0.000000 0.000000
vn -0.309059 -0.951043 0.000000
vn -0.809026 -0.587773 0.000000
vn -1.000000 -0.000028 0.000000
vn 0.309027 0.000000 0.951053
vn -0.309027 0.000000 0.951053
vn -0.809015 0.000001 0.587788
vn 0.236471 0.643719 -0.727810
vn -0.236490 0.643714 -0.727808
vn 0.619123 0.643710 -0.449804
vn -0.619110 0.643721 -0.449807
vn -0.619109 -0.449795 0.643730
vn -0.765268 -0.000022 0.643711
vn 0.236471 0.643719 -0.727810
vn -0.236490 0.643714 -0.727808
vn 0.619123 0.643710 -0.449804
vn -0.619110 0.643721 -0.449807
vn -0.643720 -0.449836 -0.619089
vn -0.643725 -0.727813 0.236446
vn -0.643719 -0.727810 -0.236470
vn -0.643706 -0.449831 0.619108
vn -0.643706 0.449831 0.619108
vn -0.643724 0.000000 0.765258
vn -0.643725 0.727813 0.236446
vn 0.809019 -0.000000 0.587782
vn 0.309017 -0.000001 0.951057
vn -0.309016 -0.000001 0.951057
vn -0.809019 -0.000001 0.587783
vn -1.000000 -0.000000 0.000000
vn -1.000000 0.000000 -0.000000
vn -0.643706 -0.000000 -0.765273
vn 0.000000 -0.951066 0.308989
vn 0.000000 -0.951066 -0.308989
vn 0.000000 0.587843 0.808975
vn 0.000000 -0.587843 0.808975
vn 0.000000 -0.587796 -0.809009
vn 0.000000 0.000000 1.000000
vn -0.643720 0.449836 -0.619089
vn -0.643719 0.727810 -0.236470
vn 0.619098 -0.643732 -0.449808
vn 0.236476 -0.643736 -0.727793
vn -0.236495 -0.643773 -0.727755
vn -0.619125 -0.643705 -0.449808
vn -0.765276 -0.643702 0.000001
vn -0.619126 -0.643707 0.449805
vn 0.765260 -0.643722 0.000000
vn 0.619099 -0.643733 0.449805
vn -0.236507 -0.643752 0.727769
vn 0.236487 -0.643715 0.727809
vn 0.000000 -0.808899 -0.587947
vn 0.000000 -0.587734 -0.809054
vn -0.000000 -0.808900 0.587946
vn -0.000000 -1.000000 0.000000
vn 0.000000 -0.309083 0.951035
vn 0.000000 0.308947 0.951079
vn 0.000000 -0.809008 0.587798
vn 0.000000 -0.809008 -0.587798
vn 0.000000 0.587666 -0.809103
vn 0.000000 -0.587897 -0.808936
vn 0.000000 0.809060 -0.587726
vn 0.000000 -1.000000 -0.000000
vn 0.000000 0.809060 0.587726
vn 0.000000 1.000000 0.000000
vn 0.000000 -0.808900 -0.587946
vn 0.000000 -0.587735 -0.809054
vn 0.000001 0.587992 -0.808867
vn 0.000001 0.587992 -0.808867
vn 0.000000 0.808993 -0.587818
vn 0.000000 0.808993 -0.587818
vn 0.000000 1.000000 0.000000
vn 0.000000 1.000000 -0.000000
vn -0.000000 0.808993 0.587818
vn -0.000000 0.808993 0.587818
vn -0.000001 0.309139 0.951017
vn -0.000001 0.309139 0.951017
vn -0.000001 -0.308988 0.951066
vn -0.000001 -0.308987 0.951066
vn 0.000000 -1.000000 -0.000000
vn -0.000000 -0.808900 0.587947
vn -0.643744 -0.619086 -0.449807
vn -0.847985 -0.311597 -0.428752
vn -0.848012 0.311449 -0.428806
vn -0.643678 0.619171 -0.449785
vn -0.643769 0.765220 -0.000000
vn -0.643678 0.619171 0.449785
vn -0.643687 -0.765289 0.000000
vn -0.643744 -0.619086 0.449807
vn -0.643730 0.236423 0.727816
vn -0.643704 -0.236533 0.727803
vn 0.000000 -0.309083 0.951035
vn 0.000000 0.308947 0.951079
vn 0.000000 -0.809008 0.587798
vn 0.000000 -0.809008 -0.587798
vn 0.000000 0.587666 -0.809103
vn 0.000000 -0.587897 -0.808936
vn 0.000000 0.809060 -0.587726
vn 0.000000 -1.000000 -0.000000
vn 0.000000 0.809060 0.587726
vn 0.000000 1.000000 0.000000
vn -0.643744 -0.619086 -0.449807
vn -0.847985 -0.311597 -0.428752
vn -0.848012 0.311449 -0.428806
vn -0.643678 0.619171 -0.449785
vn -0.643769 0.765220 -0.000000
vn -0.643678 0.619171 0.449785
vn -0.643687 -0.765289 0.000000
vn -0.643744 -0.619086 0.449807
vn -0.643730 0.236423 0.727816
vn -0.643705 -0.236533 0.727803
vn 0.000000 0.951050 0.309036
vn 0.000000 0.587710 0.809072
vn 0.000000 -0.000084 1.000000
vn 0.000000 -0.587777 0.809023
vn 0.000000 -0.951050 0.309036
vn 0.000000 -0.951050 -0.309036
vn 0.000000 -0.808993 -0.587818
vn 0.000000 0.587848 -0.808971
vn 0.000000 -0.587853 -0.808968
vn -0.000001 0.809108 0.587660
vn 0.000000 0.809108 -0.587660
vn 0.000000 -0.808990 -0.587823
vn -0.000001 1.000000 0.000002
vn 0.000000 0.309054 0.951044
vn -0.847991 0.311566 -0.428763
vn -0.643703 0.619190 0.449722
vn -0.643703 0.619190 -0.449722
vn -0.643758 0.765230 -0.000001
vn 0.955704 0.000000 -0.294329
vn 0.955704 0.000000 0.294329
vn 0.608029 0.000000 0.793915
vn -0.000094 0.000000 1.000000
vn -0.608103 0.000000 0.793858
vn -0.955704 0.000000 0.294329
vn -0.955704 0.000000 -0.294329
vn 0.826741 0.000000 -0.562582
vn -0.826742 0.000000 -0.562582
vn -0.643710 -0.236510 0.727805
vn 0.000000 -0.309054 0.951044
vn -0.643710 0.236510 0.727805
vn -0.643739 -0.619074 0.449830
vn -0.643685 -0.765290 0.000000
vn 0.727810 -0.643719 -0.236470
vn 0.727813 -0.643725 0.236446
vn 0.449836 -0.643720 -0.619090
vn -0.449836 -0.643720 -0.619090
vn -0.727810 -0.643719 -0.236470
vn -0.727813 -0.643725 0.236446
vn -0.449831 -0.643706 0.619108
vn -0.000000 -0.643724 0.765258
vn 0.449831 -0.643706 0.619108
vn 0.000000 -0.643706 -0.765273
vn 0.000000 1.000000 -0.000001
vn 0.000000 0.809008 0.587797
vn 0.000000 0.309083 0.951035
vn 0.000000 -0.309083 0.951035
vn 0.000000 -0.809008 0.587797
vn 0.000000 -1.000000 -0.000001
vn -0.605991 -0.739259 0.293719
vn -0.606139 -0.739976 -0.291602
vn -0.521826 -0.617378 -0.588678
vn 0.000000 0.808993 -0.587818
vn 0.163009 0.798173 -0.579956
vn 0.000000 0.951050 -0.309036
vn 0.219777 0.921890 -0.319088
vn 0.224745 0.922013 0.315250
vn 0.124579 0.550667 0.825376
vn -0.016476 -0.041010 0.999023
vn -0.125479 -0.604617 0.786570
vn -0.178625 -0.938395 0.295818
vn -0.177599 -0.938822 -0.295078
vn -0.168265 -0.796338 -0.580976
vn -0.587796 0.000000 -0.809009
vn -0.951066 0.000000 -0.308989
vn -0.951066 0.000000 0.308989
vn -0.587843 0.000000 0.808975
vn 0.000000 0.000000 1.000000
vn 0.587843 0.000000 0.808975
vn 0.951066 0.000000 0.308989
vn 0.951066 0.000000 -0.308989
vn 0.727812 -0.643722 0.236457
vn 0.587796 0.000000 -0.809009
vn 0.000000 0.000000 -1.000000
vn 0.727812 -0.643722 -0.236457
vn 0.449823 -0.643709 -0.619111
vn 0.000000 -0.643722 -0.765259
vn -0.847990 -0.311569 -0.428762
vn -0.643740 -0.619075 -0.449828
vn 0.000000 -0.809009 -0.587796
vn 0.000000 -1.000000 0.000000
vn 0.000000 -0.808988 0.587825
vn -0.643745 -0.619086 -0.449805
vn 0.931205 0.179496 -0.317236
vn 0.931800 0.190118 0.309199
vn 0.542985 0.136264 0.828613
vn -0.053570 -0.011935 0.998493
vn -0.599023 -0.174344 0.781521
vn -0.915375 -0.275849 0.293250
vn -0.916211 -0.274503 -0.291900
vn 0.798092 0.189872 -0.571837
vn -0.779550 -0.219893 -0.586471
vn 0.687300 0.643106 -0.337690
vn 0.697304 0.640196 0.322360
vn 0.377899 0.388242 0.840512
vn -0.044938 -0.046039 0.997928
vn 0.000000 -0.587903 -0.808932
vn 0.000000 0.587903 -0.808932
vn 0.000000 0.809009 -0.587796
vn -0.643704 -0.236533 0.727803
vn -0.847984 0.311601 -0.428751
vn -0.847984 -0.311601 -0.428751
vn -0.643704 0.236533 0.727803
vn -0.643744 0.619086 0.449807
vn -0.643744 -0.619086 0.449807
vn -0.643745 0.619086 -0.449805
vn -0.643686 -0.765289 -0.000001
vn -0.643687 0.765289 -0.000001
vn -0.403420 -0.477502 0.780541
vn 0.559285 0.592975 -0.579294
vn -0.449836 0.643720 -0.619089
vn -0.727813 0.643725 0.236446
vn -0.727810 0.643719 -0.236470
vn -0.449831 0.643706 0.619108
vn 0.449831 0.643706 0.619108
vn 0.000000 0.643724 0.765258
vn 0.727813 0.643725 0.236446
vn -0.000000 0.643706 -0.765273
vn -0.727812 -0.643722 0.236457
vn -0.727812 -0.643722 -0.236457
vn 0.449854 -0.643719 0.619078
vn -0.449854 -0.643719 0.619078
vn -0.449823 -0.643709 -0.619111
vn 0.000000 -0.643702 0.765276
vn 0.449836 0.643720 -0.619089
vn 0.727810 0.643719 -0.236470
vn -0.809033 -0.000001 -0.587764
vn -0.809032 -0.000000 -0.587765
vn -0.308998 0.000001 -0.951063
vn -0.308997 0.000002 -0.951063
vn 0.308998 0.000002 -0.951063
vn 0.308997 0.000001 -0.951063
vn 0.809005 0.000000 -0.587802
vn 0.809004 0.000000 -0.587802
vn 1.000000 0.000000 0.000000
vn 1.000000 0.000000 0.000000
vn 0.809006 0.000000 0.587800
vn 0.809019 0.000016 -0.587782
vn 0.309020 0.000008 -0.951056
vn -0.951067 0.000000 0.308984
vn -0.587788 0.000000 0.809015
vn 0.000000 -0.000000 1.000000
vn 0.587788 -0.000000 0.809015
vn 0.951067 0.000000 0.308984
vn 0.951067 0.000000 -0.308984
vn 0.587788 0.000000 -0.809015
vn 0.000000 0.000000 -1.000000
vn 0.809006 0.000000 0.587800
vn 0.308999 -0.000001 0.951062
vn -0.309010 -0.000015 0.951059
vn -1.000000 -0.000000 0.000000
vn -0.809027 -0.000037 0.587772
vn -0.236471 0.643719 -0.727810
vn 0.236490 0.643714 -0.727808
vn -0.619124 0.643710 0.449804
vn -0.619123 0.643710 -0.449804
vn 0.619110 0.643721 -0.449807
vn -0.765256 0.643726 0.000000
vn -0.236471 0.643719 0.727810
vn -0.236471 -0.643719 -0.727810
vn -0.619124 -0.643710 0.449804
vn -0.619123 -0.643710 -0.449804
vn -0.765256 -0.643726 -0.000001
vn 0.000000 0.955704 -0.294328
vn 0.000000 0.955704 0.294328
vn 0.000000 0.608029 0.793915
vn 0.000000 -0.000094 1.000000
vn 0.000000 -0.608103 0.793858
vn 0.000000 -0.955704 0.294328
vn 0.000000 -0.955705 -0.294328
vn 0.000000 0.608029 -0.793915
vn 0.000000 -0.000094 -1.000000
vn 0.000000 -0.608104 -0.793858
vn -0.809015 0.000000 -0.587788
vn -0.309029 -0.000002 -0.951053
vn 0.309027 -0.000001 -0.951053
vn 0.809015 0.000000 -0.587788
vn 0.236488 0.643715 -0.727808
vn -0.236489 0.643714 -0.727809
vn 0.619107 0.643721 -0.449811
vn -0.619107 0.643721 -0.449811
vn 0.236489 -0.643715 0.727808
vn 0.236489 0.643715 0.727808
vn -0.236471 -0.643719 0.727810
vn 0.619110 -0.643721 0.449807
vn 0.765267 -0.643713 -0.000001
vn 0.045144 0.042294 0.998085
vn 0.477810 0.402110 0.781029
vn -0.587778 0.000000 0.809022
vn -0.553118 -0.122510 0.824046
vn -0.951063 0.000000 0.308997
vn -0.921893 -0.219796 0.319067
vn -0.951054 0.000000 -0.309024
vn -0.922006 -0.224793 -0.315236
vn 1.000000 0.000000 0.000000
vn 0.809015 0.000000 0.587788
vn -1.000000 0.000000 0.000000
vn -0.809005 0.000000 0.587802
vn -0.308998 -0.000001 0.951063
vn 0.308999 -0.000001 0.951063
vn 0.809005 -0.000000 0.587802
vn 1.000000 0.000000 0.000000
vn -0.236488 0.643715 0.727808
vn 0.236488 0.643715 0.727808
vn 0.619107 0.643721 0.449811
vn -0.619107 0.643722 0.449810
vn -0.765268 0.643712 -0.000000
vn 0.765268 0.643712 -0.000000
vn 0.236489 0.643714 0.727808
vn 0.765267 -0.643713 -0.000000
vn 0.619110 -0.643721 0.449807
vn -0.236472 -0.643718 0.727811
vn 0.236489 -0.643715 0.727808
vn -0.236472 0.643720 0.727809
vn 0.619110 0.643721 0.449807
vn 0.619110 0.643721 -0.449808
vn -0.236471 0.643719 -0.727810
vn 0.236489 0.643714 -0.727808
vn -0.619123 0.643710 -0.449804
vn 0.765267 0.643713 0.000000
vn -0.619123 0.643710 0.449805
vn -0.765256 0.643726 0.000000
vn 0.643719 0.727810 -0.236470
vn 0.643725 0.727813 0.236446
vn 0.643720 0.449836 -0.619089
vn 0.643720 -0.449836 -0.619089
vn 0.643719 -0.727810 -0.236470
vn 0.643725 -0.727813 0.236446
vn 0.643706 -0.449831 0.619108
vn 0.643724 0.000000 0.765258
vn 0.643706 0.449831 0.619108
vn 0.643706 -0.000000 -0.765273
vn -0.587792 0.000000 -0.809012
vn -0.550750 -0.124602 -0.825317
vn 0.040913 0.016445 -0.999027
vn 0.604629 0.125491 -0.786559
vn 0.938396 0.178622 -0.295817
vn 0.938836 0.177585 0.295043
vn 0.040075 0.014432 0.999092
vn 0.604661 0.122888 0.786945
vn -1.000000 0.000000 0.000000
vn -0.809016 0.000000 0.587787
vn -0.309028 0.000000 0.951053
vn 0.309028 0.000000 0.951053
vn 0.809016 0.000000 0.587787
vn 1.000000 0.000000 -0.000001
vn 0.809018 0.000013 0.587784
vn 1.000000 0.000018 0.000000
vn 0.739264 -0.605968 0.293756
vn 0.739976 -0.606125 -0.291629
vn 0.045095 -0.042267 -0.998088
vn 0.477812 -0.402194 -0.780984
vn -0.587788 0.000000 -0.809015
vn -0.553128 0.122510 -0.824039
vn -0.951067 0.000000 -0.308984
vn -0.921908 0.219768 -0.319041
vn -0.922031 0.224749 0.315194
vn -0.550745 0.124588 0.825323
vn 0.040920 -0.016449 0.999027
vn 0.604638 -0.125490 0.786553
vn 0.938408 -0.178623 0.295778
vn 0.938839 -0.177587 -0.295031
vn 0.040091 -0.014434 -0.999092
vn 0.604683 -0.122891 -0.786928
vn 0.809005 0.000000 -0.587802
vn 0.809005 0.000000 -0.587802
vn 0.308999 0.000000 -0.951062
vn 0.308999 0.000000 -0.951062
vn -0.308998 0.000000 -0.951063
vn -0.308998 0.000000 -0.951063
vn -0.809005 0.000000 -0.587802
vn -0.809005 0.000000 -0.587802
vn -1.000000 0.000000 0.000000
vn -0.809005 -0.000000 0.587802
vn -0.308998 -0.000001 0.951063
vn 0.308998 -0.000001 0.951063
vn 0.619123 0.643710 0.449804
vn 0.765256 0.643726 0.000000
vn 0.236471 -0.643719 0.727810
vn -0.619110 -0.643721 -0.449808
vn 0.236471 -0.643719 -0.727810
vn -0.236489 -0.643714 -0.727808
vn 0.619123 -0.643710 -0.449804
vn 0.619123 -0.643710 0.449804
vn 0.765256 -0.643726 -0.000000
vn 0.236471 -0.643719 -0.727810
vn -0.236490 -0.643714 -0.727808
vn 0.619123 -0.643710 -0.449804
vn -0.619110 -0.643721 -0.449807
vn -0.192772 -0.930696 -0.310877
vn -0.142582 -0.540285 -0.829315
vn 1.000000 0.000000 0.000000
vn 0.809005 0.000000 0.587802
vn 0.000000 -0.587796 -0.809009
vn 0.000000 -0.951066 -0.308989
vn 0.000000 -0.951066 0.308989
vn 0.000000 -0.587843 0.808975
vn 0.000000 0.000000 1.000000
vn 0.000000 0.587843 0.808975
vn 0.000000 0.951066 0.308989
vn 0.000000 0.951066 -0.308989
vn -0.236489 -0.643715 0.727808
vn -0.765267 0.643713 0.000000
vn -0.619110 0.643721 0.449807
vn 0.236471 0.643719 0.727810
vn -0.236489 0.643715 0.727808
vn -0.619110 -0.643721 0.449807
vn -0.765267 -0.643713 0.000000
vn 0.619123 -0.643710 0.449804
vn -0.765267 -0.643713 -0.000000
vn 0.765256 -0.643726 0.000000
vn -0.236489 0.643715 0.727808
vn 0.236472 -0.643719 0.727810
vn -0.619110 -0.643721 0.449808
vn -0.236489 -0.643715 0.727808
vn 0.236472 0.643719 0.727810
vn 0.619123 0.643710 0.449804
vn -0.619110 0.643721 0.449808
vn -0.765267 0.643713 -0.000000
vn 0.765256 0.643726 0.000000
vn 0.643722 0.727812 0.236457
vn 0.005168 0.055649 -0.998437
vn 0.169825 0.599797 -0.781922
vn 0.274354 0.915525 -0.294184
vn 0.275964 0.916062 0.290989
vn 0.015787 0.051001 0.998574
vn 0.175215 0.599129 0.781245
vn -0.643142 -0.687247 0.337727
vn -0.640286 -0.697163 -0.322487
vn -0.388214 -0.377870 -0.840538
vn 0.046093 0.045039 -0.997921
vn 0.477484 0.403286 -0.780621
vn 0.739241 0.605957 -0.293834
vn 0.739938 0.606136 0.291702
vn -0.395124 -0.381530 0.835650
vn 0.308998 0.000000 0.951063
vn -0.309027 -0.000001 0.951053
vn -0.809010 -0.000046 0.587795
vn -1.000000 -0.000022 0.000028
vn 0.000000 0.587796 -0.809009
vn 0.000000 0.000000 -1.000000
vn 0.619110 -0.643721 -0.449807
vn 0.643722 0.727812 -0.236457
vn 0.643709 0.449823 -0.619111
vn 0.643722 0.000000 -0.765259
vn 0.236490 -0.643714 -0.727808
vn 0.619110 -0.643721 -0.449807
vn 0.809015 0.000000 -0.587788
vn -0.236471 -0.643719 -0.727810
vn 0.236490 -0.643714 -0.727808
vn -0.619123 -0.643710 0.449804
vn -0.619123 -0.643710 -0.449804
vn -0.765255 -0.643727 0.000000
vn 0.765267 0.643713 -0.000001
vn 0.619110 0.643720 0.449807
vn 0.619107 -0.643721 -0.449810
vn -0.179453 0.931212 -0.317241
vn -0.190082 0.931807 0.309199
vn -0.136274 0.542977 0.828617
vn 0.011943 -0.053569 0.998493
vn 0.174326 -0.599020 0.781528
vn 0.275855 -0.915369 0.293263
vn 0.274510 -0.916205 -0.291913
vn -0.132276 0.550476 -0.824305
vn 0.009313 -0.053022 -0.998550
vn 0.170925 -0.599906 -0.781599
vn -0.643082 0.687316 -0.337701
vn -0.640175 0.697326 0.322353
vn -0.388259 0.377890 0.840508
vn 0.046045 -0.044945 0.997928
vn 0.309027 0.000000 -0.951053
vn -0.309027 0.000000 -0.951053
vn -0.809015 0.000000 -0.587787
vn 0.236488 -0.643715 0.727808
vn -0.236488 -0.643715 -0.727808
vn 0.236488 -0.643715 -0.727808
vn -0.236488 -0.643715 0.727808
vn -0.619107 -0.643721 0.449810
vn 0.619107 -0.643721 0.449810
vn -0.619107 -0.643721 -0.449810
vn 0.765268 -0.643712 -0.000000
vn -0.765268 -0.643712 0.000000
vn 0.809018 0.000016 -0.587784
vn 0.309014 0.000008 -0.951058
vn -0.309020 -0.000003 -0.951056
vn -0.309013 -0.000003 -0.951058
vn -0.809020 -0.000013 -0.587781
vn -0.809017 -0.000013 -0.587785
vn -1.000000 -0.000018 0.000001
vn -1.000000 -0.000018 -0.000000
vn -0.809020 -0.000016 0.587781
vn -0.809018 -0.000016 0.587784
vn -0.309022 -0.000008 0.951055
vn -0.309015 -0.000008 0.951057
vn 0.309013 0.000003 0.951058
vn 0.477482 -0.403412 0.780558
vn -0.395230 0.381559 -0.835587
vn 0.004619 -0.954892 0.296918
vn -0.004308 -0.956475 -0.291783
vn -0.011012 -0.609162 -0.792970
vn -0.012775 0.000330 -0.999918
vn -0.009471 0.609330 -0.792860
vn -0.003373 0.956317 -0.292312
vn 0.003570 0.955078 0.296334
vn 0.011258 -0.607083 0.794559
vn 0.013249 0.000000 0.999912
vn 0.010115 0.606622 0.794926
vn -0.177221 -0.932179 0.315651
vn -0.126048 -0.553260 0.823417
vn 0.309020 0.000003 0.951055
vn 1.000000 0.000018 -0.000000
vn 0.809020 0.000013 0.587781
vn -0.000015 0.000000 -1.000000
vn 0.309027 0.000000 0.951053
vn -0.309027 0.000000 0.951053
vn -0.809015 0.000001 0.587788
vn 0.236471 0.643719 -0.727810
vn -0.236490 0.643715 -0.727808
vn 0.619123 0.643710 -0.449804
vn -0.619110 0.643721 -0.449807
vn 0.236471 0.643719 -0.727810
vn -0.236490 0.643715 -0.727808
vn 0.619123 0.643710 -0.449804
vn -0.619110 0.643721 -0.449807
vn -0.643720 -0.449836 -0.619089
vn -0.643725 -0.727813 0.236446
vn -0.643719 -0.727810 -0.236470
vn -0.643706 -0.449831 0.619108
vn -0.643706 0.449831 0.619108
vn -0.643724 -0.000000 0.765258
vn -0.643725 0.727813 0.236446
vn 0.587780 0.000000 -0.809021
vn 0.951054 0.000000 -0.309024
vn 0.951063 0.000000 0.308997
vn 0.587766 0.000000 0.809031
vn -0.000015 0.000000 1.000000
vn -1.000000 0.000000 -0.000000
vn -0.643706 0.000000 -0.765273
vn 0.643722 -0.727812 0.236457
vn 0.643722 -0.727812 -0.236457
vn 0.643719 0.449854 0.619078
vn 0.643719 -0.449854 0.619078
vn 0.643709 -0.449823 -0.619111
vn 0.643702 0.000000 0.765276
vn -0.643720 0.449836 -0.619089
vn -0.643719 0.727810 -0.236470
vn 0.000001 -0.808900 -0.587947
vn 0.000001 -0.308987 -0.951066
vn -0.000001 -0.808900 0.587947
vn 0.000000 -1.000000 0.000000
vn 0.000001 -0.808900 -0.587946
vn 0.000001 -0.308987 -0.951066
vn 0.000001 0.309139 -0.951017
vn 0.000001 0.309139 -0.951017
vn 0.000001 0.808994 -0.587817
vn 0.000001 0.808993 -0.587818
vn 0.000000 1.000000 -0.000000
vn 0.000000 1.000000 -0.000000
vn -0.000001 0.808994 0.587817
vn -0.000001 0.808993 0.587818
vn -0.000001 0.309138 0.951017
vn -0.000001 0.309139 0.951017
vn -0.000001 -0.308987 0.951066
vn -0.000001 -0.308987 0.951066
vn 0.000000 -1.000000 -0.000000
vn -0.000001 -0.808900 0.587946
vn 0.000000 -0.309083 0.951035
vn 0.000000 0.308947 0.951079
vn 0.000000 -0.809008 0.587798
vn 0.000000 -0.809008 -0.587798
vn 0.000000 0.308947 -0.951079
vn 0.000000 -0.309082 -0.951035
vn 0.000000 0.809060 -0.587726
vn 0.000000 -1.000000 -0.000000
vn 0.000000 0.809060 0.587726
vn 0.000000 1.000000 0.000000
vn -0.643744 -0.619086 -0.449807
vn -0.643705 -0.236533 -0.727803
vn -0.643730 0.236423 -0.727816
vn -0.643678 0.619171 -0.449785
vn -0.643769 0.765220 0.000000
vn -0.643678 0.619171 0.449785
vn -0.643687 -0.765289 0.000000
vn -0.643744 -0.619086 0.449807
vn -0.643730 0.236423 0.727816
vn -0.643705 -0.236533 0.727803
vn 0.000000 0.951050 0.309036
vn 0.000000 0.587710 0.809072
vn 0.000000 -0.000084 1.000000
vn 0.000000 -0.587778 0.809022
vn 0.000000 -0.951050 0.309036
vn 0.000000 -0.951050 -0.309036
vn 0.000000 -0.587778 -0.809022
vn 0.000000 -0.000084 -1.000000
vn 0.000000 0.309054 -0.951044
vn 0.000000 -0.309057 -0.951044
vn -0.000001 0.809108 0.587660
vn 0.000000 0.809108 -0.587660
vn 0.000000 -0.808990 -0.587823
vn -0.000001 1.000000 0.000002
vn 0.000000 0.309054 0.951044
vn -0.643710 0.236510 -0.727805
vn -0.643703 0.619190 0.449722
vn -0.643703 0.619190 -0.449722
vn -0.643758 0.765230 -0.000001
vn 0.955705 0.000000 -0.294327
vn 0.955705 0.000000 0.294327
vn 0.608029 0.000000 0.793915
vn -0.000095 0.000000 1.000000
vn -0.608103 0.000000 0.793858
vn -0.955704 0.000000 0.294329
vn -0.955704 0.000000 -0.294329
vn 0.608029 0.000000 -0.793915
vn -0.000095 0.000000 -1.000000
vn -0.608103 0.000000 -0.793858
vn -0.643710 -0.236510 0.727805
vn 0.000000 -0.309054 0.951044
vn -0.643710 0.236510 0.727805
vn -0.643739 -0.619074 0.449830
vn -0.643686 -0.765290 -0.000000
vn 0.727810 -0.643719 -0.236470
vn 0.727813 -0.643725 0.236446
vn 0.449836 -0.643720 -0.619089
vn -0.449836 -0.643720 -0.619089
vn -0.727810 -0.643719 -0.236470
vn -0.727813 -0.643725 0.236446
vn -0.449831 -0.643706 0.619108
vn -0.000000 -0.643724 0.765258
vn 0.449831 -0.643706 0.619108
vn 0.000000 -0.643706 -0.765273
vn 0.000000 1.000000 -0.000001
vn 0.000000 0.809009 0.587797
vn 0.000000 0.309083 0.951035
vn 0.000000 -0.309083 0.951035
vn 0.000000 -0.809008 0.587797
vn 0.000000 -1.000000 -0.000001
vn -0.605991 -0.739259 0.293719
vn -0.606139 -0.739976 -0.291602
vn -0.042266 -0.045078 -0.998089
vn -0.402201 -0.477847 -0.780959
vn 0.000000 0.587710 -0.809071
vn 0.122506 0.553044 -0.824096
vn 0.000000 0.951050 -0.309036
vn 0.219777 0.921890 -0.319087
vn 0.224746 0.922013 0.315249
vn 0.124579 0.550667 0.825376
vn -0.016476 -0.041010 0.999023
vn -0.125479 -0.604618 0.786570
vn -0.178625 -0.938395 0.295818
vn -0.177599 -0.938823 -0.295078
vn -0.014445 -0.040174 -0.999088
vn -0.122893 -0.604672 -0.786936
vn -0.587797 0.000000 -0.809009
vn -0.951066 0.000000 -0.308989
vn -0.951066 0.000000 0.308989
vn -0.587843 0.000000 0.808975
vn 0.000000 0.000000 1.000000
vn 0.587843 0.000000 0.808975
vn 0.951065 0.000000 0.308990
vn 0.951065 0.000000 -0.308990
vn 0.727812 -0.643722 0.236457
vn 0.587796 0.000000 -0.809009
vn 0.000000 0.000000 -1.000000
vn 0.727812 -0.643722 -0.236457
vn 0.449823 -0.643709 -0.619111
vn 0.000000 -0.643722 -0.765259
vn -0.643709 -0.236512 -0.727805
vn -0.643740 -0.619075 -0.449828
vn 0.000000 -0.809009 -0.587796
vn 0.000000 -1.000000 -0.000000
vn 0.000000 -0.808988 0.587825
vn -0.643745 -0.619086 -0.449805
vn 0.931205 0.179497 -0.317235
vn 0.931800 0.190119 0.309198
vn 0.542986 0.136264 0.828612
vn -0.053571 -0.011935 0.998493
vn -0.599023 -0.174343 0.781521
vn -0.915375 -0.275848 0.293250
vn -0.916211 -0.274503 -0.291900
vn 0.550477 0.132271 -0.824306
vn -0.053024 -0.009305 -0.998550
vn -0.599909 -0.170942 -0.781593
vn 0.687300 0.643106 -0.337689
vn 0.697304 0.640197 0.322359
vn 0.377899 0.388242 0.840512
vn -0.044938 -0.046040 0.997928
vn 0.000000 -0.309086 -0.951034
vn 0.000000 0.309086 -0.951034
vn 0.000000 0.809010 -0.587795
vn -0.643704 -0.236534 0.727803
vn -0.643704 0.236536 -0.727802
vn -0.643704 -0.236536 -0.727802
vn -0.643704 0.236534 0.727803
vn -0.643744 0.619086 0.449806
vn -0.643744 -0.619086 0.449807
vn -0.643745 0.619087 -0.449805
vn -0.643686 -0.765289 -0.000001
vn -0.643687 0.765289 -0.000001
vn -0.403419 -0.477502 0.780541
vn 0.381560 0.395206 -0.835598
vn -0.449836 0.643720 -0.619089
vn -0.727813 0.643725 0.236446
vn -0.727810 0.643719 -0.236470
vn -0.449831 0.643706 0.619108
vn 0.449831 0.643706 0.619108
vn 0.000000 0.643724 0.765258
vn 0.727813 0.643725 0.236446
vn -0.000000 0.643706 -0.765273
vn -0.727812 -0.643722 0.236456
vn -0.727812 -0.643722 -0.236456
vn 0.449854 -0.643719 0.619078
vn -0.449854 -0.643719 0.619078
vn -0.449823 -0.643709 -0.619111
vn 0.000000 -0.643702 0.765276
vn 0.449836 0.643720 -0.619089
vn 0.727810 0.643719 -0.236470
vn -0.809032 -0.000001 -0.587764
vn -0.809032 -0.000000 -0.587765
vn -0.308998 0.000001 -0.951063
vn -0.308997 0.000001 -0.951063
vn 0.308998 0.000001 -0.951063
vn 0.308997 0.000001 -0.951063
vn 0.809005 0.000000 -0.587802
vn 0.809004 0.000000 -0.587803
vn 1.000000 0.000000 0.000000
vn 1.000000 0.000000 0.000000
vn 0.809006 0.000000 0.587801
vn 0.809018 0.000004 -0.587783
vn 0.309017 0.000002 -0.951057
vn 0.809006 0.000000 0.587801
vn 0.308999 -0.000000 0.951062
vn -0.309010 -0.000014 0.951059
vn -1.000000 -0.000000 0.000000
vn -0.809027 -0.000037 0.587772
vn -0.809015 0.000000 -0.587788
vn -0.309029 -0.000002 -0.951053
vn 0.309027 -0.000001 -0.951053
vn 0.809015 0.000000 -0.587788
vn 0.236488 0.643715 -0.727808
vn -0.236489 0.643714 -0.727808
vn 0.619107 0.643721 -0.449811
vn -0.619107 0.643721 -0.449810
vn -0.998085 0.042292 0.045133
vn -0.781037 0.402116 0.477791
vn -0.809018 0.000000 -0.587783
vn -0.824039 -0.122517 -0.553127
vn -0.309017 0.000001 -0.951056
vn -0.319085 -0.219793 -0.921887
vn 0.309016 0.000001 -0.951057
vn 0.315229 -0.224785 -0.922010
vn 1.000000 0.000000 0.000000
vn 0.809015 0.000000 0.587788
vn -1.000000 0.000000 0.000000
vn -0.809005 0.000000 0.587802
vn -0.308998 -0.000001 0.951063
vn 0.308998 -0.000001 0.951063
vn 0.809005 -0.000000 0.587802
vn 1.000000 0.000000 0.000000
vn 0.309019 0.951056 0.000000
vn 0.809035 0.587761 0.000000
vn -1.000000 -0.000004 0.000000
vn 0.809039 -0.587755 0.000000
vn 1.000000 -0.000003 0.000000
vn -0.236456 0.727812 0.643722
vn -0.619101 0.449832 0.643712
vn -0.236488 0.643715 0.727808
vn 0.309029 -0.951053 0.000000
vn -0.809030 -0.587767 0.000000
vn -0.309051 -0.951046 0.000000
vn 0.236488 0.643715 0.727808
vn 0.619107 0.643721 0.449811
vn -0.619107 0.643722 0.449810
vn -0.765268 0.643712 -0.000000
vn 0.765268 0.643712 -0.000000
vn 0.236489 0.643715 0.727808
vn 0.765267 -0.643713 -0.000000
vn 0.619110 -0.643721 0.449807
vn -0.236472 -0.643718 0.727810
vn 0.236489 -0.643715 0.727808
vn -0.236472 0.643719 0.727809
vn 0.619110 0.643721 0.449807
vn 0.619110 0.643720 -0.449808
vn -0.236471 0.643719 -0.727810
vn 0.236489 0.643714 -0.727808
vn -0.619123 0.643710 -0.449804
vn 0.765267 0.643713 0.000000
vn -0.619123 0.643710 0.449804
vn -0.765256 0.643726 0.000000
vn 0.809019 0.000000 -0.587783
vn 0.825325 -0.124600 -0.550739
vn 0.999027 0.016451 0.040928
vn 0.786557 0.125497 0.604631
vn 0.295812 0.178624 0.938397
vn -0.295061 0.177584 0.938830
vn -0.999091 0.014439 0.040101
vn -0.786936 0.122891 0.604673
vn -0.236513 -0.727805 0.643709
vn 0.236456 0.727812 0.643722
vn 0.236513 -0.727805 0.643709
vn 0.619110 -0.449795 0.643730
vn 0.619101 0.449832 0.643712
vn 0.765268 -0.000022 0.643712
vn 0.809019 0.000003 0.587783
vn 1.000000 0.000005 -0.000000
vn 0.809005 0.000000 -0.587801
vn 0.809005 0.000000 -0.587801
vn 0.308998 0.000000 -0.951063
vn 0.308998 0.000000 -0.951063
vn -0.308999 0.000000 -0.951063
vn -0.308999 0.000000 -0.951062
vn -0.809005 0.000000 -0.587802
vn -0.809005 0.000000 -0.587802
vn -1.000000 0.000000 0.000000
vn -0.809005 -0.000000 0.587802
vn -0.308998 -0.000001 0.951063
vn 0.308998 -0.000001 0.951063
vn 0.619123 0.643710 0.449804
vn 0.765256 0.643726 0.000000
vn 0.236471 -0.643719 0.727810
vn -0.619110 -0.643721 -0.449808
vn 0.236471 -0.643719 -0.727810
vn -0.236489 -0.643714 -0.727808
vn 0.619123 -0.643710 -0.449804
vn 0.619123 -0.643710 0.449804
vn 0.765256 -0.643726 -0.000001
vn 0.236471 -0.643719 -0.727810
vn -0.236490 -0.643714 -0.727808
vn 0.619123 -0.643710 -0.449804
vn -0.619110 -0.643721 -0.449807
vn 0.309224 -0.931783 -0.190158
vn 0.828578 -0.543038 -0.136265
vn 1.000000 0.000000 0.000000
vn 0.809005 0.000000 0.587802
vn -0.236489 -0.643715 0.727808
vn -0.765267 0.643713 0.000000
vn -0.619110 0.643721 0.449808
vn 0.236471 0.643719 0.727810
vn -0.236489 0.643715 0.727808
vn -0.619110 -0.643721 0.449808
vn -0.765267 -0.643713 0.000000
vn 0.619123 -0.643710 0.449804
vn -0.765267 -0.643713 -0.000000
vn 0.765256 -0.643726 0.000000
vn -0.236489 0.643715 0.727808
vn 0.236471 -0.643719 0.727810
vn -0.619109 -0.643721 0.449808
vn -0.236489 -0.643715 0.727808
vn 0.236471 0.643719 0.727810
vn 0.619123 0.643710 0.449804
vn -0.619109 0.643721 0.449808
vn -0.765267 0.643713 -0.000000
vn 0.765256 0.643726 0.000000
vn 0.998497 0.053487 0.011942
vn 0.781540 0.599005 0.174322
vn 0.293249 0.915378 0.275842
vn -0.291921 0.916199 0.274519
vn -0.998555 0.052934 0.009283
vn -0.781589 0.599910 0.170957
vn -0.337733 -0.687278 -0.643106
vn 0.322422 -0.697244 -0.640230
vn 0.840520 -0.377876 -0.388247
vn 0.997923 0.045011 0.046074
vn 0.780633 0.403284 0.477467
vn 0.293841 0.605967 0.739231
vn -0.291731 0.606143 0.739921
vn -0.835606 -0.381553 -0.395197
vn 0.308998 0.000000 0.951063
vn -0.309027 -0.000001 0.951053
vn -0.809010 -0.000046 0.587795
vn -1.000000 -0.000022 0.000028
vn 0.619110 -0.643721 -0.449807
vn -0.236506 -0.727805 0.643712
vn -0.809026 0.587772 0.000000
vn -0.309040 0.951049 0.000000
vn 0.236489 -0.727808 0.643714
vn -0.619116 -0.449792 0.643725
vn -0.619115 0.449798 0.643722
vn -0.236498 0.727807 0.643713
vn 0.236481 0.727809 0.643716
vn 0.619128 0.449794 0.643712
vn 0.765256 -0.000002 0.643726
vn 0.619130 -0.449789 0.643714
vn -0.765267 -0.000003 0.643713
vn -0.236471 -0.643719 -0.727810
vn 0.236490 -0.643714 -0.727808
vn -0.619123 -0.643710 0.449804
vn -0.619123 -0.643710 -0.449804
vn -0.765256 -0.643727 0.000000
vn 0.236488 0.643715 0.727808
vn -0.236488 0.643714 0.727808
vn 0.619106 0.643722 0.449811
vn 0.619107 0.643721 -0.449811
vn -0.236488 0.643715 -0.727808
vn 0.236488 0.643715 -0.727808
vn -0.619107 0.643721 -0.449811
vn 0.765268 0.643712 -0.000000
vn -0.619107 0.643721 0.449811
vn -0.765268 0.643712 0.000000
vn 0.809018 0.000004 -0.587784
vn 0.309016 0.000002 -0.951057
vn -0.309017 -0.000001 -0.951056
vn -0.309015 -0.000001 -0.951057
vn -0.809019 -0.000003 -0.587783
vn -0.809018 -0.000003 -0.587784
vn -1.000000 -0.000005 0.000001
vn -1.000000 -0.000005 -0.000000
vn -0.809019 -0.000004 0.587782
vn -0.809019 -0.000004 0.587782
vn -0.309020 -0.000002 0.951056
vn -0.309016 -0.000002 0.951057
vn 0.309016 0.000001 0.951057
vn -0.294317 -0.955708 0.000000
vn 0.294317 -0.955708 0.000000
vn 0.793873 -0.608084 0.000000
vn 1.000000 0.000001 -0.000000
vn 0.793864 0.608096 -0.000000
vn 0.294303 0.955712 0.000000
vn -0.294303 0.955712 0.000000
vn -0.793872 -0.608085 0.000000
vn -1.000000 -0.000000 0.000000
vn -0.793863 0.608096 0.000000
vn -0.317241 -0.931190 -0.179561
vn -0.824279 -0.550515 -0.132280
vn 0.309018 0.000001 0.951056
vn 1.000000 0.000005 0.000000
vn 0.809019 0.000003 0.587783
vn -0.808999 0.587810 0.000000
vn -0.308989 0.951066 0.000000
vn 0.308988 0.951066 0.000000
vn 0.808999 0.587810 0.000000
vn 1.000000 -0.000028 0.000000
vn 0.809026 -0.587773 0.000000
vn 0.309059 -0.951043 0.000000
vn 1.000000 0.000000 0.000000
vn -0.309059 -0.951043 0.000000
vn -0.809026 -0.587773 0.000000
vn -1.000000 -0.000028 0.000000
vn 0.309027 0.000000 0.951053
vn -0.309027 0.000000 0.951053
vn -0.809015 0.000001 0.587788
vn 0.236471 0.643719 -0.727810
vn -0.236490 0.643714 -0.727808
vn 0.619123 0.643710 -0.449804
vn -0.619110 0.643721 -0.449807
vn -0.619109 -0.449795 0.643730
vn -0.765268 -0.000022 0.643711
vn 0.236471 0.643719 -0.727810
vn -0.236490 0.643714 -0.727808
vn 0.619123 0.643710 -0.449804
vn -0.619110 0.643721 -0.449807
vn 0.809019 -0.000000 0.587782
vn 0.309017 -0.000001 0.951057
vn -0.309016 -0.000001 0.951057
vn -0.809019 -0.000001 0.587783
vn -1.000000 -0.000000 0.000000
vn -1.000000 0.000000 -0.000000
vn 0.619098 -0.643732 -0.449808
vn 0.236476 -0.643736 -0.727793
vn -0.236495 -0.643773 -0.727755
vn -0.619125 -0.643705 -0.449808
vn -0.765276 -0.643702 0.000001
vn -0.619126 -0.643707 0.449805
vn 0.765260 -0.643722 0.000000
vn 0.619099 -0.643733 0.449805
vn -0.236507 -0.643752 0.727769
vn 0.236487 -0.643715 0.727809
vn -0.809032 -0.000001 -0.587764
vn -0.809032 -0.000000 -0.587765
vn -0.308998 0.000001 -0.951063
vn -0.308997 0.000001 -0.951063
vn 0.308998 0.000001 -0.951063
vn 0.308997 0.000001 -0.951063
vn 0.809005 0.000000 -0.587802
vn 0.809004 0.000000 -0.587803
vn 1.000000 0.000000 0.000000
vn 1.000000 0.000000 0.000000
vn 0.809006 0.000000 0.587801
vn 0.809018 0.000004 -0.587783
vn 0.309017 0.000002 -0.951057
vn 0.809006 0.000000 0.587801
vn 0.308999 -0.000000 0.951062
vn -0.309010 -0.000014 0.951059
vn -1.000000 -0.000000 0.000000
vn -0.809027 -0.000037 0.587772
vn -0.809015 0.000000 -0.587788
vn -0.309029 -0.000002 -0.951053
vn 0.309027 -0.000001 -0.951053
vn 0.809015 0.000000 -0.587788
vn 0.236488 0.643715 -0.727808
vn -0.236489 0.643714 -0.727808
vn 0.619107 0.643721 -0.449811
vn -0.619107 0.643721 -0.449810
vn -0.998085 0.042292 0.045133
vn -0.781037 0.402116 0.477791
vn -0.809018 0.000000 -0.587783
vn -0.824039 -0.122517 -0.553127
vn -0.309017 0.000001 -0.951056
vn -0.319085 -0.219793 -0.921887
vn 0.309016 0.000001 -0.951057
vn 0.315229 -0.224785 -0.922010
vn 1.000000 0.000000 0.000000
vn 0.809015 0.000000 0.587788
vn -1.000000 0.000000 0.000000
vn -0.809005 0.000000 0.587802
vn -0.308998 -0.000001 0.951063
vn 0.308998 -0.000001 0.951063
vn 0.809005 -0.000000 0.587802
vn 1.000000 0.000000 0.000000
vn 0.309019 0.951056 0.000000
vn 0.809035 0.587761 0.000000
vn -1.000000 -0.000004 0.000000
vn 0.809039 -0.587755 0.000000
vn 1.000000 -0.000003 0.000000
vn -0.236456 0.727812 0.643722
vn -0.619101 0.449832 0.643712
vn -0.236488 0.643715 0.727808
vn 0.309029 -0.951053 0.000000
vn -0.809030 -0.587767 0.000000
vn -0.309051 -0.951046 0.000000
vn 0.236488 0.643715 0.727808
vn 0.619107 0.643721 0.449811
vn -0.619107 0.643722 0.449810
vn -0.765268 0.643712 -0.000000
vn 0.765268 0.643712 -0.000000
vn 0.236489 0.643715 0.727808
vn 0.765267 -0.643713 -0.000000
vn 0.619110 -0.643721 0.449807
vn -0.236472 -0.643718 0.727810
vn 0.236489 -0.643715 0.727808
vn -0.236472 0.643719 0.727809
vn 0.619110 0.643721 0.449807
vn 0.619110 0.643720 -0.449808
vn -0.236471 0.643719 -0.727810
vn 0.236489 0.643714 -0.727808
vn -0.619123 0.643710 -0.449804
vn 0.765267 0.643713 0.000000
vn -0.619123 0.643710 0.449804
vn -0.765256 0.643726 0.000000
vn 0.809019 0.000000 -0.587783
vn 0.825325 -0.124600 -0.550739
vn 0.999027 0.016451 0.040928
vn 0.786557 0.125497 0.604631
vn 0.295812 0.178624 0.938397
vn -0.295061 0.177584 0.938830
vn -0.999091 0.014439 0.040101
vn -0.786936 0.122891 0.604673
vn -0.236513 -0.727805 0.643709
vn 0.236456 0.727812 0.643722
vn 0.236513 -0.727805 0.643709
vn 0.619110 -0.449795 0.643730
vn 0.619101 0.449832 0.643712
vn 0.765268 -0.000022 0.643712
vn 0.809019 0.000003 0.587783
vn 1.000000 0.000005 -0.000000
vn 0.809005 0.000000 -0.587801
vn 0.809005 0.000000 -0.587801
vn 0.308998 0.000000 -0.951063
vn 0.308998 0.000000 -0.951063
vn -0.308999 0.000000 -0.951062
vn -0.308999 0.000000 -0.951063
vn -0.809005 0.000000 -0.587801
vn -0.809005 0.000000 -0.587801
vn -1.000000 0.000000 0.000000
vn -0.809005 -0.000000 0.587802
vn -0.308998 -0.000001 0.951063
vn 0.308998 -0.000001 0.951063
vn 0.619123 0.643710 0.449804
vn 0.765256 0.643726 0.000000
vn 0.236471 -0.643719 0.727810
vn -0.619110 -0.643721 -0.449808
vn 0.236471 -0.643719 -0.727810
vn -0.236489 -0.643714 -0.727808
vn 0.619123 -0.643710 -0.449804
vn 0.619123 -0.643710 0.449804
vn 0.765256 -0.643726 -0.000001
vn 0.236471 -0.643719 -0.727810
vn -0.236490 -0.643714 -0.727808
vn 0.619123 -0.643710 -0.449804
vn -0.619110 -0.643721 -0.449807
vn 0.309224 -0.931783 -0.190158
vn 0.828578 -0.543038 -0.136265
vn 1.000000 0.000000 0.000000
vn 0.809005 0.000000 0.587802
vn -0.236489 -0.643715 0.727808
vn -0.765267 0.643713 0.000000
vn -0.619110 0.643721 0.449808
vn 0.236471 0.643719 0.727810
vn -0.236489 0.643715 0.727808
vn -0.619110 -0.643721 0.449808
vn -0.765267 -0.643713 0.000000
vn 0.619123 -0.643710 0.449804
vn -0.765267 -0.643713 -0.000000
vn 0.765256 -0.643726 0.000000
vn -0.236489 0.643715 0.727808
vn 0.236471 -0.643719 0.727810
vn -0.619109 -0.643721 0.449808
vn -0.236489 -0.643715 0.727808
vn 0.236471 0.643719 0.727810
vn 0.619123 0.643710 0.449804
vn -0.619109 0.643721 0.449808
vn -0.765267 0.643713 -0.000000
vn 0.765256 0.643726 0.000000
vn 0.998497 0.053487 0.011942
vn 0.781540 0.599005 0.174322
vn 0.293249 0.915378 0.275842
vn -0.291921 0.916199 0.274519
vn -0.998555 0.052934 0.009283
vn -0.781589 0.599910 0.170957
vn -0.337733 -0.687278 -0.643106
vn 0.322422 -0.697244 -0.640230
vn 0.840520 -0.377876 -0.388247
vn 0.997923 0.045011 0.046074
vn 0.780633 0.403284 0.477467
vn 0.293841 0.605967 0.739231
vn -0.291731 0.606143 0.739921
vn -0.835606 -0.381553 -0.395197
vn 0.308998 0.000000 0.951063
vn -0.309027 -0.000001 0.951053
vn -0.809010 -0.000046 0.587795
vn -1.000000 -0.000022 0.000028
vn 0.619110 -0.643721 -0.449807
vn -0.236506 -0.727805 0.643712
vn -0.809026 0.587772 0.000000
vn -0.309040 0.951049 0.000000
vn 0.236489 -0.727808 0.643714
vn -0.619116 -0.449792 0.643725
vn -0.619115 0.449798 0.643722
vn -0.236498 0.727807 0.643713
vn 0.236481 0.727809 0.643716
vn 0.619128 0.449794 0.643712
vn 0.765256 -0.000002 0.643726
vn 0.619130 -0.449789 0.643714
vn -0.765267 -0.000003 0.643713
vn -0.236471 -0.643719 -0.727810
vn 0.236490 -0.643714 -0.727808
vn -0.619123 -0.643710 0.449804
vn -0.619123 -0.643710 -0.449804
vn -0.765256 -0.643727 0.000000
vn 0.236488 0.643715 0.727808
vn -0.236488 0.643715 0.727809
vn 0.619106 0.643722 0.449811
vn 0.619107 0.643721 -0.449811
vn -0.236488 0.643715 -0.727808
vn 0.236488 0.643715 -0.727808
vn -0.619107 0.643721 -0.449811
vn 0.765268 0.643712 -0.000000
vn -0.619107 0.643721 0.449811
vn -0.765268 0.643712 0.000000
vn 0.809018 0.000004 -0.587784
vn 0.309016 0.000002 -0.951057
vn -0.309017 -0.000001 -0.951056
vn -0.309015 -0.000001 -0.951057
vn -0.809019 -0.000003 -0.587783
vn -0.809018 -0.000003 -0.587783
vn -1.000000 -0.000005 0.000001
vn -1.000000 -0.000005 -0.000000
vn -0.809019 -0.000004 0.587782
vn -0.809019 -0.000004 0.587782
vn -0.309020 -0.000002 0.951056
vn -0.309016 -0.000002 0.951057
vn 0.309016 0.000001 0.951057
vn -0.294317 -0.955708 0.000000
vn 0.294317 -0.955708 0.000000
vn 0.793873 -0.608084 0.000000
vn 1.000000 0.000001 -0.000000
vn 0.793864 0.608096 -0.000000
vn 0.294303 0.955712 0.000000
vn -0.294303 0.955712 0.000000
vn -0.793872 -0.608085 0.000000
vn -1.000000 -0.000000 0.000000
vn -0.793863 0.608096 0.000000
vn -0.317241 -0.931190 -0.179561
vn -0.824279 -0.550515 -0.132280
vn 0.309018 0.000001 0.951056
vn 1.000000 0.000005 0.000000
vn 0.809019 0.000003 0.587783
vn -0.808999 0.587810 0.000000
vn -0.308989 0.951066 0.000000
vn 0.308988 0.951066 0.000000
vn 0.808999 0.587810 0.000000
vn 1.000000 -0.000028 0.000000
vn 0.809026 -0.587773 0.000000
vn 0.309059 -0.951043 0.000000
vn 1.000000 0.000000 0.000000
vn -0.309059 -0.951043 0.000000
vn -0.809026 -0.587773 0.000000
vn -1.000000 -0.000028 0.000000
vn 0.309027 0.000000 0.951053
vn -0.309027 0.000000 0.951053
vn -0.809015 0.000001 0.587788
vn 0.236471 0.643719 -0.727810
vn -0.236490 0.643714 -0.727808
vn 0.619123 0.643710 -0.449804
vn -0.619110 0.643721 -0.449807
vn -0.619109 -0.449795 0.643730
vn -0.765268 -0.000022 0.643711
vn 0.236471 0.643719 -0.727810
vn -0.236490 0.643714 -0.727808
vn 0.619123 0.643710 -0.449804
vn -0.619110 0.643721 -0.449807
vn 0.809019 -0.000000 0.587782
vn 0.309017 -0.000001 0.951057
vn -0.309016 -0.000001 0.951057
vn -0.809019 -0.000001 0.587783
vn -1.000000 -0.000000 0.000000
vn -1.000000 0.000000 -0.000000
vn 0.619098 -0.643732 -0.449808
vn 0.236476 -0.643736 -0.727793
vn -0.236495 -0.643773 -0.727755
vn -0.619125 -0.643705 -0.449808
vn -0.765276 -0.643702 0.000001
vn -0.619126 -0.643707 0.449805
vn 0.765260 -0.643722 0.000000
vn 0.619099 -0.643733 0.449805
vn -0.236507 -0.643752 0.727769
vn 0.236487 -0.643715 0.727808
vn 0.236421 -0.727816 0.643730
vn -0.236445 -0.727813 0.643725
vn 0.619126 -0.449827 0.643691
vn -0.619079 -0.449859 0.643715
vn 0.619127 0.449826 0.643691
vn -0.765273 0.000000 0.643706
vn 0.765243 -0.000000 0.643742
vn -0.308976 0.951070 0.000000
vn 0.236422 0.727816 0.643730
vn -0.619079 0.449858 0.643715
vn -0.236446 0.727813 0.643724
vn 0.308946 0.951079 0.000000
vn 0.809014 0.587789 0.000000
vn -0.808973 0.587845 0.000000
vn -1.000000 0.000000 0.000000
vn 1.000000 -0.000000 0.000000
vn 0.308945 -0.951080 0.000000
vn -0.308975 -0.951070 0.000000
vn 0.809014 -0.587790 0.000000
vn -0.808973 -0.587846 0.000000
vn 0.236421 -0.727816 0.643730
vn -0.236446 -0.727813 0.643725
vn 0.619126 -0.449827 0.643691
vn -0.619079 -0.449858 0.643714
vn 0.619127 0.449826 0.643691
vn -0.765273 0.000000 0.643706
vn 0.765243 -0.000000 0.643742
vn -0.308976 0.951070 0.000000
vn 0.236422 0.727816 0.643730
vn -0.619079 0.449858 0.643715
vn -0.236446 0.727813 0.643724
vn 0.308946 0.951079 0.000000
vn 0.809015 0.587789 0.000000
vn -0.808973 0.587845 0.000000
vn -1.000000 0.000000 0.000000
vn 1.000000 -0.000000 0.000000
vn 0.308945 -0.951080 0.000000
vn -0.308975 -0.951070 0.000000
vn 0.809014 -0.587790 0.000000
vn -0.808973 -0.587846 0.000000
vn 0.236421 -0.727816 0.643730
vn -0.236446 -0.727813 0.643725
vn 0.619127 -0.449827 0.643691
vn -0.619079 -0.449858 0.643715
vn 0.619127 0.449826 0.643691
vn -0.765273 0.000000 0.643706
vn 0.765243 -0.000000 0.643742
vn -0.308976 0.951070 0.000000
vn 0.236422 0.727816 0.643730
vn -0.619079 0.449858 0.643715
vn -0.236446 0.727813 0.643724
vn 0.308946 0.951079 0.000000
vn 0.809015 0.587789 0.000000
vn -0.808973 0.587845 0.000000
vn -1.000000 0.000000 0.000000
vn 1.000000 -0.000000 0.000000
vn 0.308946 -0.951080 0.000000
vn -0.308976 -0.951070 0.000000
vn 0.809014 -0.587789 0.000000
vn -0.808973 -0.587846 0.000000
vn 0.643719 0.727810 -0.236470
vn 0.643725 0.727813 0.236446
vn 0.643720 0.449836 -0.619089
vn 0.643720 -0.449836 -0.619089
vn 0.643719 -0.727810 -0.236470
vn 0.643725 -0.727813 0.236446
vn 0.643706 -0.449831 0.619108
vn 0.643724 0.000000 0.765258
vn 0.643706 0.449831 0.619108
vn 0.643706 -0.000000 -0.765273
vn 0.000000 -0.587796 -0.809009
vn 0.000000 -0.951066 -0.308989
vn 0.000000 -0.951066 0.308989
vn 0.000000 -0.587843 0.808975
vn 0.000000 0.000000 1.000000
vn 0.000000 0.587843 0.808975
vn 0.000000 0.951066 0.308989
vn 0.000000 0.951066 -0.308989
vn 0.643722 0.727812 0.236457
vn 0.000000 0.587796 -0.809009
vn 0.000000 0.000000 -1.000000
vn 0.643722 0.727812 -0.236457
vn 0.643709 0.449823 -0.619111
vn 0.643722 0.000000 -0.765259
vn -0.643720 -0.449836 -0.619089
vn -0.643725 -0.727813 0.236446
vn -0.643719 -0.727810 -0.236470
vn -0.643706 -0.449831 0.619108
vn -0.643706 0.449831 0.619108
vn -0.643724 -0.000000 0.765258
vn -0.643725 0.727813 0.236446
vn -0.643706 0.000000 -0.765273
vn 0.643722 -0.727812 0.236457
vn 0.643722 -0.727812 -0.236457
vn 0.643719 0.449854 0.619078
vn 0.643719 -0.449854 0.619078
vn 0.643709 -0.449823 -0.619111
vn 0.643702 0.000000 0.765276
vn -0.643720 0.449836 -0.619089
vn -0.643719 0.727810 -0.236470
vn 0.000000 -0.808899 -0.587947
vn 0.000000 -0.308987 -0.951066
vn -0.000000 -0.808900 0.587946
vn -0.000000 -1.000000 -0.000000
vn 0.000000 -0.808900 -0.587946
vn 0.000000 -0.308987 -0.951066
vn 0.000000 0.309139 -0.951017
vn 0.000000 0.309139 -0.951017
vn 0.000000 0.808994 -0.587817
vn 0.000000 0.808993 -0.587818
vn 0.000000 1.000000 -0.000000
vn 0.000000 1.000000 -0.000000
vn -0.000000 0.808994 0.587817
vn -0.000000 0.808993 0.587818
vn -0.000000 0.309139 0.951017
vn -0.000000 0.309139 0.951017
vn -0.000000 -0.308987 0.951066
vn -0.000000 -0.308987 0.951066
vn -0.000000 -1.000000 0.000000
vn -0.000000 -0.808900 0.587947
vn 0.643705 -0.236533 0.727803
vn 0.643730 0.236423 0.727816
vn 0.643744 -0.619086 0.449807
vn 0.643744 -0.619086 -0.449807
vn 0.643730 0.236423 -0.727816
vn 0.643705 -0.236533 -0.727803
vn 0.643677 0.619171 -0.449784
vn 0.643687 -0.765289 -0.000000
vn 0.643678 0.619171 0.449784
vn 0.643769 0.765220 0.000000
vn -0.643744 -0.619086 -0.449807
vn -0.643705 -0.236533 -0.727803
vn -0.643730 0.236423 -0.727816
vn -0.643677 0.619171 -0.449784
vn -0.643769 0.765220 0.000000
vn -0.643678 0.619172 0.449784
vn -0.643687 -0.765289 0.000000
vn -0.643744 -0.619086 0.449807
vn -0.643730 0.236423 0.727816
vn -0.643705 -0.236533 0.727803
vn -0.809019 -0.000005 -0.587783
vn -1.000000 -0.000006 0.000000
vn -0.809019 -0.000006 0.587782
vn -0.309017 -0.000003 0.951056
vn 0.309017 0.000001 0.951057
vn 0.809018 0.000005 0.587784
vn 1.000000 0.000006 0.000000
vn 0.809018 0.000006 -0.587784
vn 0.309016 0.000003 -0.951057
vn -0.309016 -0.000001 -0.951057
vn 1.000000 0.000006 0.000000
vn 0.809018 0.000006 -0.587784
vn 0.309016 0.000003 -0.951057
vn -0.309016 -0.000001 -0.951057
vn -0.809019 -0.000005 -0.587783
vn -1.000000 -0.000006 0.000000
vn -0.809019 -0.000006 0.587782
vn -0.309017 -0.000003 0.951056
vn 0.309017 0.000001 0.951056
vn 0.809018 0.000005 0.587783
g fff0a81b_00347_007f5a2e_e0
f 130/26/130 291/19/291 293/25/293
f 130/26/130 129/18/129 291/19/291
f 129/18/129 286/17/286 291/19/291
f 129/18/129 128/16/128 286/17/286
f 128/16/128 289/15/289 286/17/286
f 128/16/128 127/14/127 289/15/289
f 127/14/127 290/13/290 289/15/289
f 127/14/127 126/12/126 290/13/290
f 126/12/126 294/11/294 290/13/290
f 126/12/126 125/24/125 294/11/294
f 125/24/125 292/23/292 294/11/294
f 125/24/125 285/22/285 292/23/292
f 285/22/285 287/21/287 292/23/292
f 285/22/285 284/20/284 287/21/287
f 284/20/284 288/39/288 287/21/287
f 284/20/284 283/38/283 288/39/288
f 283/38/283 268/37/268 288/39/288
f 283/38/283 238/36/238 268/37/268
f 238/36/238 293/25/293 268/37/268
f 238/36/238 130/26/130 293/25/293
f 266/26/266 59/19/59 60/25/60
f 266/26/266 267/18/267 59/19/59
f 267/18/267 56/17/56 59/19/59
f 267/18/267 57/16/57 56/17/56
f 57/16/57 58/15/58 56/17/56
f 57/16/57 33/14/33 58/15/58
f 33/14/33 35/13/35 58/15/58
f 33/14/33 29/12/29 35/13/35
f 29/12/29 37/11/37 35/13/35
f 29/12/29 32/24/32 37/11/37
f 32/24/32 36/23/36 37/11/37
f 32/24/32 30/22/30 36/23/36
f 30/22/30 34/21/34 36/23/36
f 30/22/30 27/20/27 34/21/34
f 27/20/27 236/39/236 34/21/34
f 27/20/27 28/38/28 236/39/236
f 28/38/28 237/37/237 236/39/236
f 28/38/28 31/36/31 237/37/237
f 31/36/31 60/25/60 237/37/237
f 31/36/31 266/26/266 60/25/60
f 231/26/231 234/19/234 235/25/235
f 231/26/231 230/18/230 234/19/234
f 230/18/230 233/17/233 234/19/234
f 230/18/230 191/16/191 233/17/233
f 191/16/191 211/15/211 233/17/233
f 191/16/191 190/14/190 211/15/211
f 190/14/190 365/13/365 211/15/211
f 190/14/190 189/12/189 365/13/365
f 189/12/189 368/11/368 365/13/365
f 189/12/189 188/24/188 368/11/368
f 188/24/188 366/23/366 368/11/368
f 188/24/188 187/22/187 366/23/366
f 187/22/187 363/21/363 366/23/366
f 187/22/187 186/20/186 363/21/363
f 186/20/186 364/39/364 363/21/363
f 186/20/186 185/38/185 364/39/364
f 185/38/185 367/37/367 364/39/364
f 185/38/185 184/36/184 367/37/367
f 184/36/184 235/25/235 367/37/367
f 184/36/184 231/26/231 235/25/235
f 362/26/362 109/19/109 116/25/116
f 362/26/362 369/18/369 109/19/109
f 369/18/369 107/17/107 109/19/109
f 369/18/369 370/16/370 107/17/107
f 370/16/370 108/15/108 107/17/107
f 370/16/370 355/14/355 108/15/108
f 355/14/355 115/13/115 108/15/108
f 355/14/355 353/12/353 115/13/115
f 353/12/353 114/11/114 115/13/115
f 353/12/353 354/24/354 114/11/114
f 354/24/354 113/23/113 114/11/114
f 354/24/354 352/22/352 113/23/113
f 352/22/352 112/21/112 113/23/113
f 352/22/352 350/20/350 112/21/112
f 350/20/350 111/39/111 112/21/112
f 350/20/350 351/38/351 111/39/111
f 351/38/351 110/37/110 111/39/111
f 351/38/351 349/36/349 110/37/110
f 349/36/349 116/25/116 110/37/110
f 349/36/349 362/26/362 116/25/116
f 76/26/76 183/19/183 182/25/182
f 76/26/76 75/18/75 183/19/183
f 75/18/75 166/17/166 183/19/183
f 75/18/75 74/16/74 166/17/166
f 74/16/74 165/15/165 166/17/166
f 74/16/74 73/14/73 165/15/165
f 73/14/73 164/13/164 165/15/165
f 73/14/73 72/12/72 164/13/164
f 72/12/72 163/11/163 164/13/164
f 72/12/72 71/24/71 163/11/163
f 71/24/71 162/23/162 163/11/163
f 71/24/71 161/22/161 162/23/162
f 161/22/161 160/21/160 162/23/162
f 161/22/161 159/20/159 160/21/160
f 159/20/159 158/39/158 160/21/160
f 159/20/159 157/38/157 158/39/158
f 157/38/157 156/37/156 158/39/158
f 157/38/157 155/36/155 156/37/156
f 155/36/155 182/25/182 156/37/156
f 155/36/155 76/26/76 182/25/182
f 259/36/259 263/26/263 377/25/377
f 259/36/259 377/25/377 371/37/371
f 261/38/261 259/36/259 371/37/371
f 261/38/261 371/37/371 372/39/372
f 260/20/260 261/38/261 372/39/372
f 260/20/260 372/39/372 373/21/373
f 262/22/262 260/20/260 373/21/373
f 262/22/262 373/21/373 374/23/374
f 265/24/265 262/22/262 374/23/374
f 265/24/265 374/23/374 375/11/375
f 264/12/264 265/24/265 375/11/375
f 264/12/264 375/11/375 376/13/376
f 257/14/257 264/12/264 376/13/376
f 257/14/257 376/13/376 379/15/379
f 256/16/256 257/14/257 379/15/379
f 256/16/256 379/15/379 380/17/380
f 258/18/258 256/16/256 380/17/380
f 258/18/258 380/17/380 378/19/378
f 263/26/263 258/18/258 378/19/378
f 263/26/263 378/19/378 377/25/377
f 104/26/104 95/19/95 94/25/94
f 104/26/104 99/18/99 95/19/95
f 99/18/99 97/17/97 95/19/95
f 99/18/99 93/16/93 97/17/97
f 93/16/93 96/15/96 97/17/97
f 93/16/93 98/14/98 96/15/96
f 98/14/98 253/13/253 96/15/96
f 98/14/98 105/12/105 253/13/253
f 105/12/105 255/11/255 253/13/253
f 105/12/105 106/24/106 255/11/255
f 106/24/106 254/23/254 255/11/255
f 106/24/106 103/22/103 254/23/254
f 103/22/103 251/21/251 254/23/254
f 103/22/103 101/20/101 251/21/251
f 101/20/101 252/39/252 251/21/251
f 101/20/101 102/38/102 252/39/252
f 102/38/102 232/37/232 252/39/252
f 102/38/102 100/36/100 232/37/232
f 100/36/100 94/25/94 232/37/232
f 100/36/100 104/26/104 94/25/94
f 361/26/361 90/19/90 91/25/91
f 361/26/361 338/18/338 90/19/90
f 338/18/338 84/17/84 90/19/90
f 338/18/338 337/16/337 84/17/84
f 337/16/337 88/15/88 84/17/84
f 337/16/337 336/14/336 88/15/88
f 336/14/336 89/13/89 88/15/88
f 336/14/336 70/12/70 89/13/89
f 70/12/70 92/11/92 89/13/89
f 70/12/70 69/24/69 92/11/92
f 69/24/69 54/23/54 92/11/92
f 69/24/69 51/22/51 54/23/54
f 51/22/51 52/21/52 54/23/54
f 51/22/51 50/20/50 52/21/52
f 50/20/50 53/39/53 52/21/52
f 50/20/50 49/38/49 53/39/53
f 49/38/49 55/37/55 53/39/53
f 49/38/49 48/36/48 55/37/55
f 48/36/48 91/25/91 55/37/55
f 48/36/48 361/26/361 91/25/91
f 200/26/200 208/19/208 209/25/209
f 200/26/200 204/18/204 208/19/208
f 204/18/204 202/17/202 208/19/208
f 204/18/204 205/16/205 202/17/202
f 205/16/205 206/15/206 202/17/202
f 205/16/205 203/14/203 206/15/206
f 203/14/203 207/13/207 206/15/206
f 203/14/203 199/12/199 207/13/207
f 199/12/199 210/11/210 207/13/207
f 199/12/199 201/24/201 210/11/210
f 201/24/201 347/23/347 210/11/210
f 201/24/201 178/22/178 347/23/347
f 178/22/178 345/21/345 347/23/347
f 178/22/178 176/20/176 345/21/345
f 176/20/176 346/39/346 345/21/345
f 176/20/176 177/38/177 346/39/346
f 177/38/177 348/37/348 346/39/346
f 177/38/177 179/36/179 348/37/348
f 179/36/179 209/25/209 348/37/348
f 179/36/179 200/26/200 209/25/209
f 335/26/335 343/19/343 344/25/344
f 335/26/335 334/18/334 343/19/343
f 334/18/334 131/17/131 343/19/343
f 334/18/334 333/16/333 131/17/131
f 333/16/333 133/15/133 131/17/131
f 333/16/333 331/14/331 133/15/133
f 331/14/331 134/13/134 133/15/133
f 331/14/331 330/12/330 134/13/134
f 330/12/330 136/11/136 134/13/134
f 330/12/330 329/24/329 136/11/136
f 329/24/329 135/23/135 136/11/136
f 329/24/329 328/22/328 135/23/135
f 328/22/328 132/21/132 135/23/135
f 328/22/328 327/20/327 132/21/132
f 327/20/327 82/39/82 132/21/132
f 327/20/327 326/38/326 82/39/82
f 326/38/326 83/37/83 82/39/82
f 326/38/326 325/36/325 83/37/83
f 325/36/325 344/25/344 83/37/83
f 325/36/325 335/26/335 344/25/344
f 79/26/79 243/19/243 250/25/250
f 79/26/79 86/18/86 243/19/243
f 86/18/86 239/17/239 243/19/243
f 86/18/86 87/16/87 239/17/239
f 87/16/87 242/15/242 239/17/239
f 87/16/87 85/14/85 242/15/242
f 85/14/85 249/13/249 242/15/242
f 85/14/85 80/12/80 249/13/249
f 80/12/80 248/11/248 249/13/249
f 80/12/80 81/24/81 248/11/248
f 81/24/81 247/23/247 248/11/248
f 81/24/81 78/22/78 247/23/247
f 78/22/78 246/21/246 247/23/247
f 78/22/78 77/20/77 246/21/246
f 77/20/77 245/39/245 246/21/246
f 77/20/77 241/38/241 245/39/245
f 241/38/241 244/37/244 245/39/245
f 241/38/241 240/36/240 244/37/244
f 240/36/240 250/25/250 244/37/244
f 240/36/240 79/26/79 250/25/250
f 229/26/229 26/19/26 25/25/25
f 229/26/229 228/18/228 26/19/26
f 228/18/228 24/17/24 26/19/26
f 228/18/228 227/16/227 24/17/24
f 227/16/227 23/15/23 24/17/24
f 227/16/227 226/14/226 23/15/23
f 226/14/226 22/13/22 23/15/23
f 226/14/226 11/12/11 22/13/22
f 11/12/11 10/11/10 22/13/22
f 11/12/11 9/24/9 10/11/10
f 9/24/9 8/23/8 10/11/10
f 9/24/9 7/22/7 8/23/8
f 7/22/7 6/21/6 8/23/8
f 7/22/7 5/20/5 6/21/6
f 5/20/5 4/39/4 6/21/6
f 5/20/5 3/38/3 4/39/4
f 3/38/3 2/37/2 4/39/4
f 3/38/3 1/36/1 2/37/2
f 1/36/1 25/25/25 2/37/2
f 1/36/1 229/26/229 25/25/25
f 198/26/198 194/19/194 193/25/193
f 198/26/198 197/18/197 194/19/194
f 197/18/197 196/17/196 194/19/194
f 197/18/197 192/16/192 196/17/196
f 192/16/192 195/15/195 196/17/196
f 192/16/192 169/14/169 195/15/195
f 169/14/169 167/13/167 195/15/195
f 169/14/169 174/12/174 167/13/167
f 174/12/174 168/11/168 167/13/167
f 174/12/174 175/24/175 168/11/168
f 175/24/175 341/23/341 168/11/168
f 175/24/175 173/22/173 341/23/341
f 173/22/173 339/21/339 341/23/341
f 173/22/173 171/20/171 339/21/339
f 171/20/171 340/39/340 339/21/339
f 171/20/171 172/38/172 340/39/340
f 172/38/172 342/37/342 340/39/340
f 172/38/172 170/36/170 342/37/342
f 170/36/170 193/25/193 342/37/342
f 170/36/170 198/26/198 193/25/193
f 388/36/388 392/26/392 417/25/417
f 388/36/388 417/25/417 411/37/411
f 390/38/390 388/36/388 411/37/411
f 390/38/390 411/37/411 412/39/412
f 1677/14/1677 1691/13/1691 1694/15/1694
f 1677/14/1677 1684/12/1684 1691/13/1691
f 391/22/391 389/20/389 413/21/413
f 391/22/391 413/21/413 414/23/414
f 394/24/394 391/22/391 414/23/414
f 394/24/394 414/23/414 415/11/415
f 393/12/393 394/24/394 415/11/415
f 393/12/393 415/11/415 416/13/416
f 386/14/386 393/12/393 416/13/416
f 386/14/386 416/13/416 419/15/419
f 385/16/385 386/14/386 419/15/419
f 385/16/385 419/15/419 420/17/420
f 387/18/387 385/16/385 420/17/420
f 387/18/387 420/17/420 418/19/418
f 392/26/392 387/18/387 418/19/418
f 392/26/392 418/19/418 417/25/417
f 424/36/424 428/26/428 437/25/437
f 424/36/424 437/25/437 431/37/431
f 426/38/426 424/36/424 431/37/431
f 426/38/426 431/37/431 432/39/432
f 1683/26/1683 1693/19/1693 1692/25/1692
f 1683/26/1683 1678/18/1678 1693/19/1693
f 427/22/427 425/20/425 433/21/433
f 427/22/427 433/21/433 434/23/434
f 430/24/430 427/22/427 434/23/434
f 430/24/430 434/23/434 435/11/435
f 429/12/429 430/24/430 435/11/435
f 429/12/429 435/11/435 436/13/436
f 422/14/422 429/12/429 436/13/436
f 422/14/422 436/13/436 439/15/439
f 421/16/421 422/14/422 439/15/439
f 421/16/421 439/15/439 440/17/440
f 423/18/423 421/16/421 440/17/440
f 423/18/423 440/17/440 438/19/438
f 428/26/428 423/18/423 438/19/438
f 428/26/428 438/19/438 437/25/437
f 488/26/488 544/19/544 546/25/546
f 488/26/488 487/18/487 544/19/544
f 487/18/487 539/17/539 544/19/544
f 487/18/487 486/16/486 539/17/539
f 486/16/486 542/15/542 539/17/539
f 486/16/486 485/14/485 542/15/542
f 485/14/485 543/13/543 542/15/542
f 485/14/485 484/12/484 543/13/543
f 484/12/484 547/11/547 543/13/543
f 484/12/484 483/24/483 547/11/547
f 483/24/483 545/23/545 547/11/547
f 483/24/483 538/22/538 545/23/545
f 538/22/538 540/21/540 545/23/545
f 538/22/538 537/20/537 540/21/540
f 1678/18/1678 1695/17/1695 1693/19/1693
f 1678/18/1678 1676/16/1676 1695/17/1695
f 536/38/536 522/37/522 541/39/541
f 536/38/536 519/36/519 522/37/522
f 519/36/519 546/25/546 522/37/522
f 519/36/519 488/26/488 546/25/546
f 520/26/520 471/19/471 472/25/472
f 520/26/520 521/18/521 471/19/471
f 521/18/521 468/17/468 471/19/471
f 521/18/521 469/16/469 468/17/468
f 469/16/469 470/15/470 468/17/468
f 469/16/469 454/14/454 470/15/470
f 454/14/454 456/13/456 470/15/470
f 454/14/454 450/12/450 456/13/456
f 450/12/450 458/11/458 456/13/456
f 450/12/450 453/24/453 458/11/458
f 453/24/453 457/23/457 458/11/458
f 453/24/453 451/22/451 457/23/457
f 451/22/451 455/21/455 457/23/457
f 451/22/451 448/20/448 455/21/455
f 1676/16/1676 1694/15/1694 1695/17/1695
f 1676/16/1676 1677/14/1677 1694/15/1694
f 449/38/449 518/37/518 517/39/517
f 449/38/449 452/36/452 518/37/518
f 452/36/452 472/25/472 518/37/518
f 452/36/452 520/26/520 472/25/472
f 513/26/513 515/19/515 516/25/516
f 513/26/513 512/18/512 515/19/515
f 512/18/512 514/17/514 515/19/515
f 512/18/512 510/16/510 514/17/514
f 510/16/510 511/15/511 514/17/514
f 510/16/510 509/14/509 511/15/511
f 509/14/509 560/13/560 511/15/511
f 509/14/509 508/12/508 560/13/560
f 508/12/508 563/11/563 560/13/560
f 508/12/508 507/24/507 563/11/563
f 507/24/507 561/23/561 563/11/563
f 507/24/507 506/22/506 561/23/561
f 506/22/506 558/21/558 561/23/561
f 506/22/506 505/20/505 558/21/558
f 505/20/505 559/39/559 558/21/558
f 505/20/505 504/38/504 559/39/559
f 504/38/504 562/37/562 559/39/559
f 504/38/504 503/36/503 562/37/562
f 503/36/503 516/25/516 562/37/562
f 503/36/503 513/26/513 516/25/516
f 557/26/557 475/19/475 482/25/482
f 557/26/557 564/18/564 475/19/475
f 564/18/564 473/17/473 475/19/475
f 564/18/564 565/16/565 473/17/473
f 565/16/565 474/15/474 473/17/473
f 565/16/565 556/14/556 474/15/474
f 556/14/556 481/13/481 474/15/474
f 556/14/556 554/12/554 481/13/481
f 554/12/554 480/11/480 481/13/481
f 554/12/554 555/24/555 480/11/480
f 555/24/555 479/23/479 480/11/480
f 555/24/555 553/22/553 479/23/479
f 553/22/553 478/21/478 479/23/479
f 553/22/553 551/20/551 478/21/478
f 551/20/551 477/39/477 478/21/478
f 551/20/551 552/38/552 477/39/477
f 552/38/552 476/37/476 477/39/477
f 552/38/552 550/36/550 476/37/476
f 550/36/550 482/25/482 476/37/476
f 550/36/550 557/26/557 482/25/482
f 685/26/685 818/19/818 820/25/820
f 685/26/685 684/18/684 818/19/818
f 684/18/684 813/17/813 818/19/818
f 684/18/684 683/16/683 813/17/813
f 683/16/683 816/15/816 813/17/813
f 683/16/683 682/14/682 816/15/816
f 682/14/682 817/13/817 816/15/816
f 682/14/682 681/12/681 817/13/817
f 681/12/681 821/11/821 817/13/817
f 681/12/681 680/24/680 821/11/821
f 680/24/680 819/23/819 821/11/821
f 680/24/680 812/22/812 819/23/819
f 812/22/812 814/21/814 819/23/819
f 812/22/812 811/20/811 814/21/814
f 811/20/811 815/39/815 814/21/814
f 811/20/811 810/38/810 815/39/815
f 810/38/810 795/37/795 815/39/815
f 810/38/810 787/36/787 795/37/795
f 787/36/787 820/25/820 795/37/795
f 787/36/787 685/26/685 820/25/820
f 793/26/793 624/19/624 625/25/625
f 793/26/793 794/18/794 624/19/624
f 794/18/794 621/17/621 624/19/624
f 794/18/794 622/16/622 621/17/621
f 622/16/622 623/15/623 621/17/621
f 622/16/622 598/14/598 623/15/623
f 598/14/598 600/13/600 623/15/623
f 598/14/598 594/12/594 600/13/600
f 594/12/594 602/11/602 600/13/600
f 594/12/594 597/24/597 602/11/602
f 597/24/597 601/23/601 602/11/602
f 597/24/597 595/22/595 601/23/601
f 595/22/595 599/21/599 601/23/601
f 595/22/595 592/20/592 599/21/599
f 592/20/592 785/39/785 599/21/599
f 592/20/592 593/38/593 785/39/785
f 593/38/593 786/37/786 785/39/785
f 593/38/593 596/36/596 786/37/786
f 596/36/596 625/25/625 786/37/786
f 596/36/596 793/26/793 625/25/625
f 780/26/780 783/19/783 784/25/784
f 780/26/780 779/18/779 783/19/783
f 779/18/779 782/17/782 783/19/783
f 779/18/779 740/16/740 782/17/782
f 740/16/740 760/15/760 782/17/782
f 740/16/740 739/14/739 760/15/760
f 739/14/739 880/13/880 760/15/760
f 739/14/739 738/12/738 880/13/880
f 738/12/738 883/11/883 880/13/880
f 738/12/738 737/24/737 883/11/883
f 737/24/737 881/23/881 883/11/883
f 737/24/737 736/22/736 881/23/881
f 736/22/736 878/21/878 881/23/881
f 736/22/736 735/20/735 878/21/878
f 735/20/735 879/39/879 878/21/878
f 735/20/735 734/38/734 879/39/879
f 734/38/734 882/37/882 879/39/879
f 734/38/734 733/36/733 882/37/882
f 733/36/733 784/25/784 882/37/882
f 733/36/733 780/26/780 784/25/784
f 877/26/877 664/19/664 671/25/671
f 877/26/877 884/18/884 664/19/664
f 884/18/884 662/17/662 664/19/664
f 884/18/884 885/16/885 662/17/662
f 885/16/885 663/15/663 662/17/662
f 885/16/885 870/14/870 663/15/663
f 870/14/870 670/13/670 663/15/663
f 870/14/870 868/12/868 670/13/670
f 868/12/868 669/11/669 670/13/670
f 868/12/868 869/24/869 669/11/669
f 869/24/869 668/23/668 669/11/669
f 869/24/869 867/22/867 668/23/668
f 867/22/867 667/21/667 668/23/668
f 867/22/867 865/20/865 667/21/667
f 865/20/865 666/39/666 667/21/667
f 865/20/865 866/38/866 666/39/666
f 866/38/866 665/37/665 666/39/666
f 866/38/866 864/36/864 665/37/665
f 864/36/864 671/25/671 665/37/665
f 864/36/864 877/26/877 671/25/671
f 641/26/641 732/19/732 731/25/731
f 641/26/641 640/18/640 732/19/732
f 640/18/640 715/17/715 732/19/732
f 640/18/640 639/16/639 715/17/715
f 639/16/639 714/15/714 715/17/715
f 639/16/639 638/14/638 714/15/714
f 638/14/638 713/13/713 714/15/714
f 638/14/638 637/12/637 713/13/713
f 637/12/637 712/11/712 713/13/713
f 637/12/637 636/24/636 712/11/712
f 636/24/636 711/23/711 712/11/712
f 636/24/636 710/22/710 711/23/711
f 710/22/710 709/21/709 711/23/711
f 710/22/710 708/20/708 709/21/709
f 708/20/708 707/39/707 709/21/709
f 708/20/708 706/38/706 707/39/707
f 706/38/706 705/37/705 707/39/707
f 706/38/706 704/36/704 705/37/705
f 704/36/704 731/25/731 705/37/705
f 704/36/704 641/26/641 731/25/731
f 1040/36/1040 1047/26/1047 969/25/969
f 1040/36/1040 969/25/969 963/37/963
f 1042/38/1042 1040/36/1040 963/37/963
f 1042/38/1042 963/37/963 964/39/964
f 1041/20/1041 1042/38/1042 964/39/964
f 1041/20/1041 964/39/964 965/21/965
f 1043/22/1043 1041/20/1041 965/21/965
f 1043/22/1043 965/21/965 966/23/966
f 1045/24/1045 1043/22/1043 966/23/966
f 1045/24/1045 966/23/966 967/11/967
f 1044/12/1044 1045/24/1045 967/11/967
f 1044/12/1044 967/11/967 968/13/968
f 1046/14/1046 1044/12/1044 968/13/968
f 1046/14/1046 968/13/968 961/15/961
f 1055/16/1055 1046/14/1046 961/15/961
f 1055/16/1055 961/15/961 960/17/960
f 1054/18/1054 1055/16/1055 960/17/960
f 1054/18/1054 960/17/960 962/19/962
f 1047/26/1047 1054/18/1054 962/19/962
f 1047/26/1047 962/19/962 969/25/969
f 659/26/659 650/19/650 649/25/649
f 659/26/659 654/18/654 650/19/650
f 654/18/654 652/17/652 650/19/650
f 654/18/654 648/16/648 652/17/652
f 648/16/648 651/15/651 652/17/652
f 648/16/648 653/14/653 651/15/651
f 653/14/653 790/13/790 651/15/651
f 653/14/653 660/12/660 790/13/790
f 660/12/660 792/11/792 790/13/790
f 660/12/660 661/24/661 792/11/792
f 661/24/661 791/23/791 792/11/792
f 661/24/661 658/22/658 791/23/791
f 658/22/658 788/21/788 791/23/791
f 658/22/658 656/20/656 788/21/788
f 656/20/656 789/39/789 788/21/788
f 656/20/656 657/38/657 789/39/789
f 657/38/657 781/37/781 789/39/789
f 657/38/657 655/36/655 781/37/781
f 655/36/655 649/25/649 781/37/781
f 655/36/655 659/26/659 649/25/649
f 876/26/876 645/19/645 646/25/646
f 876/26/876 855/18/855 645/19/645
f 855/18/855 642/17/642 645/19/645
f 855/18/855 854/16/854 642/17/642
f 854/16/854 643/15/643 642/17/642
f 854/16/854 853/14/853 643/15/643
f 853/14/853 644/13/644 643/15/643
f 853/14/853 635/12/635 644/13/644
f 635/12/635 647/11/647 644/13/644
f 635/12/635 634/24/634 647/11/647
f 634/24/634 619/23/619 647/11/647
f 634/24/634 616/22/616 619/23/619
f 616/22/616 617/21/617 619/23/619
f 616/22/616 615/20/615 617/21/617
f 615/20/615 618/39/618 617/21/617
f 615/20/615 614/38/614 618/39/618
f 614/38/614 620/37/620 618/39/618
f 614/38/614 613/36/613 620/37/620
f 613/36/613 646/25/646 620/37/620
f 613/36/613 876/26/876 646/25/646
f 749/26/749 757/19/757 758/25/758
f 749/26/749 753/18/753 757/19/757
f 753/18/753 751/17/751 757/19/757
f 753/18/753 754/16/754 751/17/751
f 754/16/754 755/15/755 751/17/751
f 754/16/754 752/14/752 755/15/755
f 752/14/752 756/13/756 755/15/755
f 752/14/752 748/12/748 756/13/756
f 748/12/748 759/11/759 756/13/756
f 748/12/748 750/24/750 759/11/759
f 750/24/750 862/23/862 759/11/759
f 750/24/750 727/22/727 862/23/862
f 727/22/727 860/21/860 862/23/862
f 727/22/727 725/20/725 860/21/860
f 725/20/725 861/39/861 860/21/860
f 725/20/725 726/38/726 861/39/861
f 726/38/726 863/37/863 861/39/861
f 726/38/726 728/36/728 863/37/863
f 728/36/728 758/25/758 863/37/863
f 728/36/728 749/26/749 758/25/758
f 938/36/938 1009/26/1009 959/25/959
f 938/36/938 959/25/959 1007/37/1007
f 935/38/935 938/36/938 1007/37/1007
f 935/38/935 1007/37/1007 1006/39/1006
f 934/20/934 935/38/935 1006/39/1006
f 934/20/934 1006/39/1006 941/21/941
f 937/22/937 934/20/934 941/21/941
f 937/22/937 941/21/941 943/23/943
f 939/24/939 937/22/937 943/23/943
f 939/24/939 943/23/943 944/11/944
f 936/12/936 939/24/939 944/11/944
f 936/12/936 944/11/944 942/13/942
f 940/14/940 936/12/936 942/13/942
f 940/14/940 942/13/942 957/15/957
f 956/16/956 940/14/940 957/15/957
f 956/16/956 957/15/957 955/17/955
f 1010/18/1010 956/16/956 955/17/955
f 1010/18/1010 955/17/955 958/19/958
f 1009/26/1009 1010/18/1010 958/19/958
f 1009/26/1009 958/19/958 959/25/959
f 1008/36/1008 975/26/975 1036/25/1036
f 1008/36/1008 1036/25/1036 1011/37/1011
f 1026/38/1026 1008/36/1008 1011/37/1011
f 1026/38/1026 1011/37/1011 1031/39/1031
f 1027/20/1027 1026/38/1026 1031/39/1031
f 1027/20/1027 1031/39/1031 1030/21/1030
f 1028/22/1028 1027/20/1027 1030/21/1030
f 1028/22/1028 1030/21/1030 1035/23/1035
f 970/24/970 1028/22/1028 1035/23/1035
f 970/24/970 1035/23/1035 1037/11/1037
f 971/12/971 970/24/970 1037/11/1037
f 971/12/971 1037/11/1037 1033/13/1033
f 972/14/972 971/12/971 1033/13/1033
f 972/14/972 1033/13/1033 1032/15/1032
f 973/16/973 972/14/972 1032/15/1032
f 973/16/973 1032/15/1032 1029/17/1029
f 974/18/974 973/16/973 1029/17/1029
f 974/18/974 1029/17/1029 1034/19/1034
f 975/26/975 974/18/974 1034/19/1034
f 975/26/975 1034/19/1034 1036/25/1036
f 778/26/778 591/19/591 590/25/590
f 778/26/778 777/18/777 591/19/591
f 777/18/777 589/17/589 591/19/591
f 777/18/777 776/16/776 589/17/589
f 776/16/776 588/15/588 589/17/589
f 776/16/776 775/14/775 588/15/588
f 775/14/775 587/13/587 588/15/588
f 775/14/775 576/12/576 587/13/587
f 576/12/576 575/11/575 587/13/587
f 576/12/576 574/24/574 575/11/575
f 574/24/574 573/23/573 575/11/575
f 574/24/574 572/22/572 573/23/573
f 572/22/572 571/21/571 573/23/573
f 572/22/572 570/20/570 571/21/571
f 570/20/570 569/39/569 571/21/571
f 570/20/570 568/38/568 569/39/569
f 568/38/568 567/37/567 569/39/569
f 568/38/568 566/36/566 567/37/567
f 566/36/566 590/25/590 567/37/567
f 566/36/566 778/26/778 590/25/590
f 747/26/747 743/19/743 742/25/742
f 747/26/747 746/18/746 743/19/743
f 746/18/746 745/17/745 743/19/743
f 746/18/746 741/16/741 745/17/745
f 741/16/741 744/15/744 745/17/745
f 741/16/741 718/14/718 744/15/744
f 718/14/718 716/13/716 744/15/744
f 718/14/718 723/12/723 716/13/716
f 723/12/723 717/11/717 716/13/716
f 723/12/723 724/24/724 717/11/717
f 724/24/724 858/23/858 717/11/717
f 724/24/724 722/22/722 858/23/858
f 722/22/722 856/21/856 858/23/858
f 722/22/722 720/20/720 856/21/856
f 720/20/720 857/39/857 856/21/856
f 720/20/720 721/38/721 857/39/857
f 721/38/721 859/37/859 857/39/857
f 721/38/721 719/36/719 859/37/859
f 719/36/719 742/25/742 859/37/859
f 719/36/719 747/26/747 742/25/742
f 992/36/992 1002/26/1002 1005/25/1005
f 992/36/992 1005/25/1005 1052/37/1052
f 993/38/993 992/36/992 1052/37/1052
f 993/38/993 1052/37/1052 1049/39/1049
f 994/20/994 993/38/993 1049/39/1049
f 994/20/994 1049/39/1049 1048/21/1048
f 995/22/995 994/20/994 1048/21/1048
f 995/22/995 1048/21/1048 1051/23/1051
f 996/24/996 995/22/995 1051/23/1051
f 996/24/996 1051/23/1051 1053/11/1053
f 997/12/997 996/24/996 1053/11/1053
f 997/12/997 1053/11/1053 1050/13/1050
f 998/14/998 997/12/997 1050/13/1050
f 998/14/998 1050/13/1050 1000/15/1000
f 999/16/999 998/14/998 1000/15/1000
f 999/16/999 1000/15/1000 1003/17/1003
f 1001/18/1001 999/16/999 1003/17/1003
f 1001/18/1001 1003/17/1003 1004/19/1004
f 1002/26/1002 1001/18/1001 1004/19/1004
f 1002/26/1002 1004/19/1004 1005/25/1005
f 909/36/909 913/26/913 922/25/922
f 909/36/909 922/25/922 916/37/916
f 911/38/911 909/36/909 916/37/916
f 911/38/911 916/37/916 917/39/917
f 910/20/910 911/38/911 917/39/917
f 910/20/910 917/39/917 918/21/918
f 912/22/912 910/20/910 918/21/918
f 912/22/912 918/21/918 919/23/919
f 915/24/915 912/22/912 919/23/919
f 915/24/915 919/23/919 920/11/920
f 914/12/914 915/24/915 920/11/920
f 914/12/914 920/11/920 921/13/921
f 907/14/907 914/12/914 921/13/921
f 907/14/907 921/13/921 924/15/924
f 906/16/906 907/14/907 924/15/924
f 906/16/906 924/15/924 925/17/925
f 908/18/908 906/16/906 925/17/925
f 908/18/908 925/17/925 923/19/923
f 913/26/913 908/18/908 923/19/923
f 913/26/913 923/19/923 922/25/922
f 1097/26/1097 1172/19/1172 1171/25/1171
f 1097/26/1097 1096/18/1096 1172/19/1172
f 1096/18/1096 1155/17/1155 1172/19/1172
f 1096/18/1096 1095/16/1095 1155/17/1155
f 1095/16/1095 1154/15/1154 1155/17/1155
f 1095/16/1095 1094/14/1094 1154/15/1154
f 1094/14/1094 1153/13/1153 1154/15/1154
f 1094/14/1094 1093/12/1093 1153/13/1153
f 1093/12/1093 1152/11/1152 1153/13/1153
f 1093/12/1093 1092/24/1092 1152/11/1152
f 1092/24/1092 1151/23/1151 1152/11/1152
f 1092/24/1092 1150/22/1150 1151/23/1151
f 1150/22/1150 1149/21/1149 1151/23/1151
f 1150/22/1150 1148/20/1148 1149/21/1149
f 1148/20/1148 1147/39/1147 1149/21/1149
f 1148/20/1148 1146/38/1146 1147/39/1147
f 1146/38/1146 1145/37/1145 1147/39/1147
f 1146/38/1146 1144/36/1144 1145/37/1145
f 1144/36/1144 1171/25/1171 1145/37/1145
f 1144/36/1144 1097/26/1097 1171/25/1171
f 1231/36/1231 1235/26/1235 1302/25/1302
f 1231/36/1231 1302/25/1302 1296/37/1296
f 1233/38/1233 1231/36/1231 1296/37/1296
f 1233/38/1233 1296/37/1296 1297/39/1297
f 1232/20/1232 1233/38/1233 1297/39/1297
f 1232/20/1232 1297/39/1297 1298/21/1298
f 1234/22/1234 1232/20/1232 1298/21/1298
f 1234/22/1234 1298/21/1298 1299/23/1299
f 1237/24/1237 1234/22/1234 1299/23/1299
f 1237/24/1237 1299/23/1299 1300/11/1300
f 1236/12/1236 1237/24/1237 1300/11/1300
f 1236/12/1236 1300/11/1300 1301/13/1301
f 1229/14/1229 1236/12/1236 1301/13/1301
f 1229/14/1229 1301/13/1301 1304/15/1304
f 1228/16/1228 1229/14/1229 1304/15/1304
f 1228/16/1228 1304/15/1304 1305/17/1305
f 1230/18/1230 1228/16/1228 1305/17/1305
f 1230/18/1230 1305/17/1305 1303/19/1303
f 1235/26/1235 1230/18/1230 1303/19/1303
f 1235/26/1235 1303/19/1303 1302/25/1302
f 1125/26/1125 1116/19/1116 1115/25/1115
f 1125/26/1125 1120/18/1120 1116/19/1116
f 1120/18/1120 1118/17/1118 1116/19/1116
f 1120/18/1120 1114/16/1114 1118/17/1118
f 1114/16/1114 1117/15/1117 1118/17/1118
f 1114/16/1114 1119/14/1119 1117/15/1117
f 1119/14/1119 1225/13/1225 1117/15/1117
f 1119/14/1119 1126/12/1126 1225/13/1225
f 1126/12/1126 1227/11/1227 1225/13/1225
f 1126/12/1126 1127/24/1127 1227/11/1227
f 1127/24/1127 1226/23/1226 1227/11/1227
f 1127/24/1127 1124/22/1124 1226/23/1226
f 1124/22/1124 1223/21/1223 1226/23/1226
f 1124/22/1124 1122/20/1122 1223/21/1223
f 1122/20/1122 1224/39/1224 1223/21/1223
f 1122/20/1122 1123/38/1123 1224/39/1224
f 1123/38/1123 1210/37/1210 1224/39/1224
f 1123/38/1123 1121/36/1121 1210/37/1210
f 1121/36/1121 1115/25/1115 1210/37/1210
f 1121/36/1121 1125/26/1125 1115/25/1115
f 1295/26/1295 1111/19/1111 1112/25/1112
f 1295/26/1295 1279/18/1279 1111/19/1111
f 1279/18/1279 1105/17/1105 1111/19/1111
f 1279/18/1279 1278/16/1278 1105/17/1105
f 1278/16/1278 1109/15/1109 1105/17/1105
f 1278/16/1278 1277/14/1277 1109/15/1109
f 1277/14/1277 1110/13/1110 1109/15/1109
f 1277/14/1277 1091/12/1091 1110/13/1110
f 1091/12/1091 1113/11/1113 1110/13/1110
f 1091/12/1091 1090/24/1090 1113/11/1113
f 1090/24/1090 1080/23/1080 1113/11/1113
f 1090/24/1090 1077/22/1077 1080/23/1080
f 1077/22/1077 1078/21/1078 1080/23/1080
f 1077/22/1077 1076/20/1076 1078/21/1078
f 1076/20/1076 1079/39/1079 1078/21/1078
f 1076/20/1076 1075/38/1075 1079/39/1079
f 1075/38/1075 1081/37/1081 1079/39/1079
f 1075/38/1075 1074/36/1074 1081/37/1081
f 1074/36/1074 1112/25/1112 1081/37/1081
f 1074/36/1074 1295/26/1295 1112/25/1112
f 1181/26/1181 1189/19/1189 1190/25/1190
f 1181/26/1181 1185/18/1185 1189/19/1189
f 1185/18/1185 1183/17/1183 1189/19/1189
f 1185/18/1185 1186/16/1186 1183/17/1183
f 1186/16/1186 1187/15/1187 1183/17/1183
f 1186/16/1186 1184/14/1184 1187/15/1187
f 1184/14/1184 1188/13/1188 1187/15/1187
f 1184/14/1184 1180/12/1180 1188/13/1188
f 1180/12/1180 1191/11/1191 1188/13/1188
f 1180/12/1180 1182/24/1182 1191/11/1191
f 1182/24/1182 1288/23/1288 1191/11/1191
f 1182/24/1182 1167/22/1167 1288/23/1288
f 1167/22/1167 1286/21/1286 1288/23/1288
f 1167/22/1167 1165/20/1165 1286/21/1286
f 1165/20/1165 1287/39/1287 1286/21/1286
f 1165/20/1165 1166/38/1166 1287/39/1287
f 1166/38/1166 1289/37/1289 1287/39/1287
f 1166/38/1166 1168/36/1168 1289/37/1289
f 1168/36/1168 1190/25/1190 1289/37/1289
f 1168/36/1168 1181/26/1181 1190/25/1190
f 1276/26/1276 1284/19/1284 1285/25/1285
f 1276/26/1276 1275/18/1275 1284/19/1284
f 1275/18/1275 1136/17/1136 1284/19/1284
f 1275/18/1275 1274/16/1274 1136/17/1136
f 1274/16/1274 1138/15/1138 1136/17/1136
f 1274/16/1274 1272/14/1272 1138/15/1138
f 1272/14/1272 1139/13/1139 1138/15/1138
f 1272/14/1272 1271/12/1271 1139/13/1139
f 1271/12/1271 1141/11/1141 1139/13/1139
f 1271/12/1271 1270/24/1270 1141/11/1141
f 1270/24/1270 1140/23/1140 1141/11/1141
f 1270/24/1270 1269/22/1269 1140/23/1140
f 1269/22/1269 1137/21/1137 1140/23/1140
f 1269/22/1269 1268/20/1268 1137/21/1137
f 1268/20/1268 1103/39/1103 1137/21/1137
f 1268/20/1268 1267/38/1267 1103/39/1103
f 1267/38/1267 1104/37/1104 1103/39/1103
f 1267/38/1267 1266/36/1266 1104/37/1104
f 1266/36/1266 1285/25/1285 1104/37/1104
f 1266/36/1266 1276/26/1276 1285/25/1285
f 1100/26/1100 1215/19/1215 1222/25/1222
f 1100/26/1100 1107/18/1107 1215/19/1215
f 1107/18/1107 1211/17/1211 1215/19/1215
f 1107/18/1107 1108/16/1108 1211/17/1211
f 1108/16/1108 1214/15/1214 1211/17/1211
f 1108/16/1108 1106/14/1106 1214/15/1214
f 1106/14/1106 1221/13/1221 1214/15/1214
f 1106/14/1106 1101/12/1101 1221/13/1221
f 1101/12/1101 1220/11/1220 1221/13/1221
f 1101/12/1101 1102/24/1102 1220/11/1220
f 1102/24/1102 1219/23/1219 1220/11/1220
f 1102/24/1102 1099/22/1099 1219/23/1219
f 1099/22/1099 1218/21/1218 1219/23/1219
f 1099/22/1099 1098/20/1098 1218/21/1218
f 1098/20/1098 1217/39/1217 1218/21/1218
f 1098/20/1098 1213/38/1213 1217/39/1217
f 1213/38/1213 1216/37/1216 1217/39/1217
f 1213/38/1213 1212/36/1212 1216/37/1216
f 1212/36/1212 1222/25/1222 1216/37/1216
f 1212/36/1212 1100/26/1100 1222/25/1222
f 1209/26/1209 1073/19/1073 1072/25/1072
f 1209/26/1209 1208/18/1208 1073/19/1073
f 1208/18/1208 1071/17/1071 1073/19/1073
f 1208/18/1208 1207/16/1207 1071/17/1071
f 1207/16/1207 1070/15/1070 1071/17/1071
f 1207/16/1207 1206/14/1206 1070/15/1070
f 1206/14/1206 1069/13/1069 1070/15/1070
f 1206/14/1206 1066/12/1066 1069/13/1069
f 1066/12/1066 1065/11/1065 1069/13/1069
f 1066/12/1066 1064/24/1064 1065/11/1065
f 1064/24/1064 1063/23/1063 1065/11/1065
f 1064/24/1064 1062/22/1062 1063/23/1063
f 1062/22/1062 1061/21/1061 1063/23/1063
f 1062/22/1062 1060/20/1060 1061/21/1061
f 1060/20/1060 1059/39/1059 1061/21/1061
f 1060/20/1060 1058/38/1058 1059/39/1059
f 1058/38/1058 1057/37/1057 1059/39/1059
f 1058/38/1058 1056/36/1056 1057/37/1057
f 1056/36/1056 1072/25/1072 1057/37/1057
f 1056/36/1056 1209/26/1209 1072/25/1072
f 1179/26/1179 1175/19/1175 1174/25/1174
f 1179/26/1179 1178/18/1178 1175/19/1175
f 1178/18/1178 1177/17/1177 1175/19/1175
f 1178/18/1178 1173/16/1173 1177/17/1177
f 1173/16/1173 1176/15/1176 1177/17/1177
f 1173/16/1173 1158/14/1158 1176/15/1176
f 1158/14/1158 1156/13/1156 1176/15/1176
f 1158/14/1158 1163/12/1163 1156/13/1156
f 1163/12/1163 1157/11/1157 1156/13/1156
f 1163/12/1163 1164/24/1164 1157/11/1157
f 1164/24/1164 1282/23/1282 1157/11/1157
f 1164/24/1164 1162/22/1162 1282/23/1282
f 1162/22/1162 1280/21/1280 1282/23/1282
f 1162/22/1162 1160/20/1160 1280/21/1280
f 1160/20/1160 1281/39/1281 1280/21/1280
f 1160/20/1160 1161/38/1161 1281/39/1281
f 1161/38/1161 1283/37/1283 1281/39/1281
f 1161/38/1161 1159/36/1159 1283/37/1283
f 1159/36/1159 1174/25/1174 1283/37/1283
f 1159/36/1159 1179/26/1179 1174/25/1174
f 1347/26/1347 1422/19/1422 1421/25/1421
f 1347/26/1347 1346/18/1346 1422/19/1422
f 1346/18/1346 1405/17/1405 1422/19/1422
f 1346/18/1346 1345/16/1345 1405/17/1405
f 1345/16/1345 1404/15/1404 1405/17/1405
f 1345/16/1345 1344/14/1344 1404/15/1404
f 1344/14/1344 1403/13/1403 1404/15/1404
f 1344/14/1344 1343/12/1343 1403/13/1403
f 1343/12/1343 1402/11/1402 1403/13/1403
f 1343/12/1343 1342/24/1342 1402/11/1402
f 1342/24/1342 1401/23/1401 1402/11/1402
f 1342/24/1342 1400/22/1400 1401/23/1401
f 1400/22/1400 1399/21/1399 1401/23/1401
f 1400/22/1400 1398/20/1398 1399/21/1399
f 1398/20/1398 1397/39/1397 1399/21/1399
f 1398/20/1398 1396/38/1396 1397/39/1397
f 1396/38/1396 1395/37/1395 1397/39/1397
f 1396/38/1396 1394/36/1394 1395/37/1395
f 1394/36/1394 1421/25/1421 1395/37/1395
f 1394/36/1394 1347/26/1347 1421/25/1421
f 1481/36/1481 1485/26/1485 1552/25/1552
f 1481/36/1481 1552/25/1552 1546/37/1546
f 1483/38/1483 1481/36/1481 1546/37/1546
f 1483/38/1483 1546/37/1546 1547/39/1547
f 1482/20/1482 1483/38/1483 1547/39/1547
f 1482/20/1482 1547/39/1547 1548/21/1548
f 1484/22/1484 1482/20/1482 1548/21/1548
f 1484/22/1484 1548/21/1548 1549/23/1549
f 1487/24/1487 1484/22/1484 1549/23/1549
f 1487/24/1487 1549/23/1549 1550/11/1550
f 1486/12/1486 1487/24/1487 1550/11/1550
f 1486/12/1486 1550/11/1550 1551/13/1551
f 1479/14/1479 1486/12/1486 1551/13/1551
f 1479/14/1479 1551/13/1551 1554/15/1554
f 1478/16/1478 1479/14/1479 1554/15/1554
f 1478/16/1478 1554/15/1554 1555/17/1555
f 1480/18/1480 1478/16/1478 1555/17/1555
f 1480/18/1480 1555/17/1555 1553/19/1553
f 1485/26/1485 1480/18/1480 1553/19/1553
f 1485/26/1485 1553/19/1553 1552/25/1552
f 1375/26/1375 1366/19/1366 1365/25/1365
f 1375/26/1375 1370/18/1370 1366/19/1366
f 1370/18/1370 1368/17/1368 1366/19/1366
f 1370/18/1370 1364/16/1364 1368/17/1368
f 1364/16/1364 1367/15/1367 1368/17/1368
f 1364/16/1364 1369/14/1369 1367/15/1367
f 1369/14/1369 1475/13/1475 1367/15/1367
f 1369/14/1369 1376/12/1376 1475/13/1475
f 1376/12/1376 1477/11/1477 1475/13/1475
f 1376/12/1376 1377/24/1377 1477/11/1477
f 1377/24/1377 1476/23/1476 1477/11/1477
f 1377/24/1377 1374/22/1374 1476/23/1476
f 1374/22/1374 1473/21/1473 1476/23/1476
f 1374/22/1374 1372/20/1372 1473/21/1473
f 1372/20/1372 1474/39/1474 1473/21/1473
f 1372/20/1372 1373/38/1373 1474/39/1474
f 1373/38/1373 1460/37/1460 1474/39/1474
f 1373/38/1373 1371/36/1371 1460/37/1460
f 1371/36/1371 1365/25/1365 1460/37/1460
f 1371/36/1371 1375/26/1375 1365/25/1365
f 1545/26/1545 1361/19/1361 1362/25/1362
f 1545/26/1545 1529/18/1529 1361/19/1361
f 1529/18/1529 1355/17/1355 1361/19/1361
f 1529/18/1529 1528/16/1528 1355/17/1355
f 1528/16/1528 1359/15/1359 1355/17/1355
f 1528/16/1528 1527/14/1527 1359/15/1359
f 1527/14/1527 1360/13/1360 1359/15/1359
f 1527/14/1527 1341/12/1341 1360/13/1360
f 1341/12/1341 1363/11/1363 1360/13/1360
f 1341/12/1341 1340/24/1340 1363/11/1363
f 1340/24/1340 1330/23/1330 1363/11/1363
f 1340/24/1340 1327/22/1327 1330/23/1330
f 1327/22/1327 1328/21/1328 1330/23/1330
f 1327/22/1327 1326/20/1326 1328/21/1328
f 1326/20/1326 1329/39/1329 1328/21/1328
f 1326/20/1326 1325/38/1325 1329/39/1329
f 1325/38/1325 1331/37/1331 1329/39/1329
f 1325/38/1325 1324/36/1324 1331/37/1331
f 1324/36/1324 1362/25/1362 1331/37/1331
f 1324/36/1324 1545/26/1545 1362/25/1362
f 1431/26/1431 1439/19/1439 1440/25/1440
f 1431/26/1431 1435/18/1435 1439/19/1439
f 1435/18/1435 1433/17/1433 1439/19/1439
f 1435/18/1435 1436/16/1436 1433/17/1433
f 1436/16/1436 1437/15/1437 1433/17/1433
f 1436/16/1436 1434/14/1434 1437/15/1437
f 1434/14/1434 1438/13/1438 1437/15/1437
f 1434/14/1434 1430/12/1430 1438/13/1438
f 1430/12/1430 1441/11/1441 1438/13/1438
f 1430/12/1430 1432/24/1432 1441/11/1441
f 1432/24/1432 1538/23/1538 1441/11/1441
f 1432/24/1432 1417/22/1417 1538/23/1538
f 1417/22/1417 1536/21/1536 1538/23/1538
f 1417/22/1417 1415/20/1415 1536/21/1536
f 1415/20/1415 1537/39/1537 1536/21/1536
f 1415/20/1415 1416/38/1416 1537/39/1537
f 1416/38/1416 1539/37/1539 1537/39/1537
f 1416/38/1416 1418/36/1418 1539/37/1539
f 1418/36/1418 1440/25/1440 1539/37/1539
f 1418/36/1418 1431/26/1431 1440/25/1440
f 1526/26/1526 1534/19/1534 1535/25/1535
f 1526/26/1526 1525/18/1525 1534/19/1534
f 1525/18/1525 1386/17/1386 1534/19/1534
f 1525/18/1525 1524/16/1524 1386/17/1386
f 1524/16/1524 1388/15/1388 1386/17/1386
f 1524/16/1524 1522/14/1522 1388/15/1388
f 1522/14/1522 1389/13/1389 1388/15/1388
f 1522/14/1522 1521/12/1521 1389/13/1389
f 1521/12/1521 1391/11/1391 1389/13/1389
f 1521/12/1521 1520/24/1520 1391/11/1391
f 1520/24/1520 1390/23/1390 1391/11/1391
f 1520/24/1520 1519/22/1519 1390/23/1390
f 1519/22/1519 1387/21/1387 1390/23/1390
f 1519/22/1519 1518/20/1518 1387/21/1387
f 1518/20/1518 1353/39/1353 1387/21/1387
f 1518/20/1518 1517/38/1517 1353/39/1353
f 1517/38/1517 1354/37/1354 1353/39/1353
f 1517/38/1517 1516/36/1516 1354/37/1354
f 1516/36/1516 1535/25/1535 1354/37/1354
f 1516/36/1516 1526/26/1526 1535/25/1535
f 1350/26/1350 1465/19/1465 1472/25/1472
f 1350/26/1350 1357/18/1357 1465/19/1465
f 1357/18/1357 1461/17/1461 1465/19/1465
f 1357/18/1357 1358/16/1358 1461/17/1461
f 1358/16/1358 1464/15/1464 1461/17/1461
f 1358/16/1358 1356/14/1356 1464/15/1464
f 1356/14/1356 1471/13/1471 1464/15/1464
f 1356/14/1356 1351/12/1351 1471/13/1471
f 1351/12/1351 1470/11/1470 1471/13/1471
f 1351/12/1351 1352/24/1352 1470/11/1470
f 1352/24/1352 1469/23/1469 1470/11/1470
f 1352/24/1352 1349/22/1349 1469/23/1469
f 1349/22/1349 1468/21/1468 1469/23/1469
f 1349/22/1349 1348/20/1348 1468/21/1468
f 1348/20/1348 1467/39/1467 1468/21/1468
f 1348/20/1348 1463/38/1463 1467/39/1467
f 1463/38/1463 1466/37/1466 1467/39/1467
f 1463/38/1463 1462/36/1462 1466/37/1466
f 1462/36/1462 1472/25/1472 1466/37/1466
f 1462/36/1462 1350/26/1350 1472/25/1472
f 1459/26/1459 1323/19/1323 1322/25/1322
f 1459/26/1459 1458/18/1458 1323/19/1323
f 1458/18/1458 1321/17/1321 1323/19/1323
f 1458/18/1458 1457/16/1457 1321/17/1321
f 1457/16/1457 1320/15/1320 1321/17/1321
f 1457/16/1457 1456/14/1456 1320/15/1320
f 1456/14/1456 1319/13/1319 1320/15/1320
f 1456/14/1456 1316/12/1316 1319/13/1319
f 1316/12/1316 1315/11/1315 1319/13/1319
f 1316/12/1316 1314/24/1314 1315/11/1315
f 1314/24/1314 1313/23/1313 1315/11/1315
f 1314/24/1314 1312/22/1312 1313/23/1313
f 1312/22/1312 1311/21/1311 1313/23/1313
f 1312/22/1312 1310/20/1310 1311/21/1311
f 1310/20/1310 1309/39/1309 1311/21/1311
f 1310/20/1310 1308/38/1308 1309/39/1309
f 1308/38/1308 1307/37/1307 1309/39/1309
f 1308/38/1308 1306/36/1306 1307/37/1307
f 1306/36/1306 1322/25/1322 1307/37/1307
f 1306/36/1306 1459/26/1459 1322/25/1322
f 1429/26/1429 1425/19/1425 1424/25/1424
f 1429/26/1429 1428/18/1428 1425/19/1425
f 1428/18/1428 1427/17/1427 1425/19/1425
f 1428/18/1428 1423/16/1423 1427/17/1427
f 1423/16/1423 1426/15/1426 1427/17/1427
f 1423/16/1423 1408/14/1408 1426/15/1426
f 1408/14/1408 1406/13/1406 1426/15/1426
f 1408/14/1408 1413/12/1413 1406/13/1406
f 1413/12/1413 1407/11/1407 1406/13/1406
f 1413/12/1413 1414/24/1414 1407/11/1407
f 1414/24/1414 1532/23/1532 1407/11/1407
f 1414/24/1414 1412/22/1412 1532/23/1532
f 1412/22/1412 1530/21/1530 1532/23/1532
f 1412/22/1412 1410/20/1410 1530/21/1530
f 1410/20/1410 1531/39/1531 1530/21/1530
f 1410/20/1410 1411/38/1411 1531/39/1531
f 1411/38/1411 1533/37/1533 1531/39/1531
f 1411/38/1411 1409/36/1409 1533/37/1533
f 1409/36/1409 1424/25/1424 1533/37/1533
f 1409/36/1409 1429/26/1429 1424/25/1424
f 1561/26/1561 1569/19/1569 1570/25/1570
f 1561/26/1561 1565/18/1565 1569/19/1569
f 1565/18/1565 1563/17/1563 1569/19/1569
f 1565/18/1565 1566/16/1566 1563/17/1563
f 1566/16/1566 1567/15/1567 1563/17/1563
f 1566/16/1566 1564/14/1564 1567/15/1567
f 1564/14/1564 1568/13/1568 1567/15/1567
f 1564/14/1564 1560/12/1560 1568/13/1568
f 1560/12/1560 1571/11/1571 1568/13/1568
f 1560/12/1560 1562/24/1562 1571/11/1571
f 1562/24/1562 1574/23/1574 1571/11/1571
f 1562/24/1562 1558/22/1558 1574/23/1574
f 1558/22/1558 1572/21/1572 1574/23/1574
f 1558/22/1558 1556/20/1556 1572/21/1572
f 1556/20/1556 1573/39/1573 1572/21/1572
f 1556/20/1556 1557/38/1557 1573/39/1573
f 1557/38/1557 1575/37/1575 1573/39/1573
f 1557/38/1557 1559/36/1559 1575/37/1575
f 1559/36/1559 1570/25/1570 1575/37/1575
f 1559/36/1559 1561/26/1561 1570/25/1570
f 1581/26/1581 1589/19/1589 1590/25/1590
f 1581/26/1581 1585/18/1585 1589/19/1589
f 1585/18/1585 1583/17/1583 1589/19/1589
f 1585/18/1585 1586/16/1586 1583/17/1583
f 1586/16/1586 1587/15/1587 1583/17/1583
f 1586/16/1586 1584/14/1584 1587/15/1587
f 1584/14/1584 1588/13/1588 1587/15/1587
f 1584/14/1584 1580/12/1580 1588/13/1588
f 1580/12/1580 1591/11/1591 1588/13/1588
f 1580/12/1580 1582/24/1582 1591/11/1591
f 1582/24/1582 1594/23/1594 1591/11/1591
f 1582/24/1582 1578/22/1578 1594/23/1594
f 1578/22/1578 1592/21/1592 1594/23/1594
f 1578/22/1578 1576/20/1576 1592/21/1592
f 1576/20/1576 1593/39/1593 1592/21/1592
f 1576/20/1576 1577/38/1577 1593/39/1593
f 1577/38/1577 1595/37/1595 1593/39/1593
f 1577/38/1577 1579/36/1579 1595/37/1595
f 1579/36/1579 1590/25/1590 1595/37/1595
f 1579/36/1579 1581/26/1581 1590/25/1590
f 1601/26/1601 1609/19/1609 1610/25/1610
f 1601/26/1601 1605/18/1605 1609/19/1609
f 1605/18/1605 1603/17/1603 1609/19/1609
f 1605/18/1605 1606/16/1606 1603/17/1603
f 1606/16/1606 1607/15/1607 1603/17/1603
f 1606/16/1606 1604/14/1604 1607/15/1607
f 1604/14/1604 1608/13/1608 1607/15/1607
f 1604/14/1604 1600/12/1600 1608/13/1608
f 1600/12/1600 1611/11/1611 1608/13/1608
f 1600/12/1600 1602/24/1602 1611/11/1611
f 1602/24/1602 1614/23/1614 1611/11/1611
f 1602/24/1602 1598/22/1598 1614/23/1614
f 1598/22/1598 1612/21/1612 1614/23/1614
f 1598/22/1598 1596/20/1596 1612/21/1612
f 1596/20/1596 1613/39/1613 1612/21/1612
f 1596/20/1596 1597/38/1597 1613/39/1613
f 1597/38/1597 1615/37/1615 1613/39/1613
f 1597/38/1597 1599/36/1599 1615/37/1615
f 1599/36/1599 1610/25/1610 1615/37/1615
f 1599/36/1599 1601/26/1601 1610/25/1610
f 1636/26/1636 1638/19/1638 1639/25/1639
f 1636/26/1636 1635/18/1635 1638/19/1638
f 1635/18/1635 1637/17/1637 1638/19/1638
f 1635/18/1635 1633/16/1633 1637/17/1637
f 1633/16/1633 1634/15/1634 1637/17/1637
f 1633/16/1633 1632/14/1632 1634/15/1634
f 1632/14/1632 1650/13/1650 1634/15/1634
f 1632/14/1632 1631/12/1631 1650/13/1650
f 1631/12/1631 1653/11/1653 1650/13/1650
f 1631/12/1631 1630/24/1630 1653/11/1653
f 1630/24/1630 1651/23/1651 1653/11/1653
f 1630/24/1630 1629/22/1629 1651/23/1651
f 1629/22/1629 1648/21/1648 1651/23/1651
f 1629/22/1629 1628/20/1628 1648/21/1648
f 1628/20/1628 1649/39/1649 1648/21/1648
f 1628/20/1628 1627/38/1627 1649/39/1649
f 1627/38/1627 1652/37/1652 1649/39/1649
f 1627/38/1627 1626/36/1626 1652/37/1652
f 1626/36/1626 1639/25/1639 1652/37/1652
f 1626/36/1626 1636/26/1636 1639/25/1639
f 1647/26/1647 1618/19/1618 1625/25/1625
f 1647/26/1647 1654/18/1654 1618/19/1618
f 1654/18/1654 1616/17/1616 1618/19/1618
f 1654/18/1654 1655/16/1655 1616/17/1616
f 1655/16/1655 1617/15/1617 1616/17/1616
f 1655/16/1655 1646/14/1646 1617/15/1617
f 1646/14/1646 1624/13/1624 1617/15/1617
f 1646/14/1646 1644/12/1644 1624/13/1624
f 1644/12/1644 1623/11/1623 1624/13/1624
f 1644/12/1644 1645/24/1645 1623/11/1623
f 1645/24/1645 1622/23/1622 1623/11/1623
f 1645/24/1645 1643/22/1643 1622/23/1622
f 1643/22/1643 1621/21/1621 1622/23/1622
f 1643/22/1643 1641/20/1641 1621/21/1621
f 1641/20/1641 1620/39/1620 1621/21/1621
f 1641/20/1641 1642/38/1642 1620/39/1620
f 1642/38/1642 1619/37/1619 1620/39/1620
f 1642/38/1642 1640/36/1640 1619/37/1619
f 1640/36/1640 1625/25/1625 1619/37/1619
f 1640/36/1640 1647/26/1647 1625/25/1625
f 1679/36/1679 1683/26/1683 1692/25/1692
f 1679/36/1679 1692/25/1692 1686/37/1686
f 1681/38/1681 1679/36/1679 1686/37/1686
f 1681/38/1681 1686/37/1686 1687/39/1687
f 1680/20/1680 1681/38/1681 1687/39/1687
f 1680/20/1680 1687/39/1687 1688/21/1688
f 1682/22/1682 1680/20/1680 1688/21/1688
f 1682/22/1682 1688/21/1688 1689/23/1689
f 1685/24/1685 1682/22/1682 1689/23/1689
f 1685/24/1685 1689/23/1689 1690/11/1690
f 1684/12/1684 1685/24/1685 1690/11/1690
f 1684/12/1684 1690/11/1690 1691/13/1691
g fff0a81b_00347_007f5a2e_e2
f 294/35/294 268/34/268 293/33/293
f 268/34/268 294/35/294 292/32/292
f 291/31/291 290/30/290 293/33/293
f 290/30/290 291/31/291 289/29/289
f 268/34/268 292/32/292 288/28/288
f 292/32/292 287/27/287 288/28/288
f 293/33/293 290/30/290 294/35/294
f 370/40/370 369/31/369 355/29/355
f 286/40/286 289/29/289 291/31/291
f 1602/35/1602 1600/30/1600 1601/33/1601
f 1598/32/1598 1597/28/1597 1596/27/1596
f 1599/34/1599 1597/28/1597 1598/32/1598
f 115/30/115 109/31/109 108/29/108
f 1605/31/1605 1600/30/1600 1604/29/1604
f 1605/31/1605 1601/33/1601 1600/30/1600
f 1599/34/1599 1598/32/1598 1602/35/1602
f 37/35/37 237/34/237 60/33/60
f 237/34/237 37/35/37 36/32/36
f 59/31/59 35/30/35 60/33/60
f 35/30/35 59/31/59 58/29/58
f 237/34/237 36/32/36 236/28/236
f 36/32/36 34/27/34 236/28/236
f 60/33/60 35/30/35 37/35/37
f 57/40/57 267/31/267 33/29/33
f 56/40/56 58/29/58 59/31/59
f 32/35/32 266/33/266 31/34/31
f 31/34/31 30/32/30 32/35/32
f 267/31/267 266/33/266 29/30/29
f 267/31/267 29/30/29 33/29/33
f 31/34/31 28/28/28 30/32/30
f 30/32/30 28/28/28 27/27/27
f 32/35/32 29/30/29 266/33/266
f 1623/35/1623 1619/34/1619 1625/33/1625
f 1619/34/1619 1623/35/1623 1622/32/1622
f 1618/31/1618 1624/30/1624 1625/33/1625
f 1624/30/1624 1618/31/1618 1617/29/1617
f 1619/34/1619 1622/32/1622 1620/28/1620
f 1622/32/1622 1621/27/1621 1620/28/1620
f 1625/33/1625 1624/30/1624 1623/35/1623
f 354/35/354 353/30/353 362/33/362
f 1655/40/1655 1654/31/1654 1646/29/1646
f 352/32/352 351/28/351 350/27/350
f 349/34/349 351/28/351 352/32/352
f 369/31/369 353/30/353 355/29/355
f 369/31/369 362/33/362 353/30/353
f 349/34/349 352/32/352 354/35/354
f 354/35/354 362/33/362 349/34/349
f 107/40/107 108/29/108 109/31/109
f 106/35/106 105/30/105 104/33/104
f 103/32/103 102/28/102 101/27/101
f 100/34/100 102/28/102 103/32/103
f 99/31/99 105/30/105 98/29/98
f 99/31/99 104/33/104 105/30/105
f 100/34/100 103/32/103 106/35/106
f 106/35/106 104/33/104 100/34/100
f 97/40/97 96/29/96 95/31/95
f 265/35/265 264/30/264 263/33/263
f 262/32/262 261/28/261 260/27/260
f 259/34/259 261/28/261 262/32/262
f 258/31/258 264/30/264 257/29/257
f 258/31/258 263/33/263 264/30/264
f 259/34/259 262/32/262 265/35/265
f 265/35/265 263/33/263 259/34/259
f 380/40/380 379/29/379 378/31/378
f 256/40/256 258/31/258 257/29/257
f 377/33/377 376/30/376 375/35/375
f 374/32/374 373/27/373 372/28/372
f 371/34/371 374/32/374 372/28/372
f 376/30/376 378/31/378 379/29/379
f 378/31/378 376/30/376 377/33/377
f 371/34/371 375/35/375 374/32/374
f 375/35/375 371/34/371 377/33/377
f 255/35/255 232/34/232 94/33/94
f 232/34/232 255/35/255 254/32/254
f 95/31/95 253/30/253 94/33/94
f 253/30/253 95/31/95 96/29/96
f 232/34/232 254/32/254 252/28/252
f 254/32/254 251/27/251 252/28/252
f 94/33/94 253/30/253 255/35/255
f 93/40/93 99/31/99 98/29/98
f 92/35/92 55/34/55 91/33/91
f 55/34/55 92/35/92 54/32/54
f 90/31/90 89/30/89 91/33/91
f 89/30/89 90/31/90 88/29/88
f 55/34/55 54/32/54 53/28/53
f 54/32/54 52/27/52 53/28/53
f 91/33/91 89/30/89 92/35/92
f 1562/35/1562 1561/33/1561 1559/34/1559
f 84/40/84 88/29/88 90/31/90
f 250/33/250 249/30/249 248/35/248
f 247/32/247 246/27/246 245/28/245
f 244/34/244 247/32/247 245/28/245
f 249/30/249 243/31/243 242/29/242
f 243/31/243 249/30/249 250/33/250
f 244/34/244 248/35/248 247/32/247
f 248/35/248 244/34/244 250/33/250
f 210/35/210 348/34/348 209/33/209
f 348/34/348 210/35/210 347/32/347
f 208/31/208 207/30/207 209/33/209
f 207/30/207 208/31/208 206/29/206
f 348/34/348 347/32/347 346/28/346
f 347/32/347 345/27/345 346/28/346
f 209/33/209 207/30/207 210/35/210
f 205/40/205 204/31/204 203/29/203
f 202/40/202 206/29/206 208/31/208
f 201/35/201 200/33/200 179/34/179
f 179/34/179 178/32/178 201/35/201
f 204/31/204 200/33/200 199/30/199
f 204/31/204 199/30/199 203/29/203
f 179/34/179 177/28/177 178/32/178
f 178/32/178 177/28/177 176/27/176
f 201/35/201 199/30/199 200/33/200
f 136/35/136 83/34/83 344/33/344
f 83/34/83 136/35/136 135/32/135
f 343/31/343 134/30/134 344/33/344
f 134/30/134 343/31/343 133/29/133
f 83/34/83 135/32/135 82/28/82
f 135/32/135 132/27/132 82/28/82
f 344/33/344 134/30/134 136/35/136
f 1559/34/1559 1558/32/1558 1562/35/1562
f 131/40/131 133/29/133 343/31/343
f 1566/40/1566 1565/31/1565 1564/29/1564
f 1565/31/1565 1561/33/1561 1560/30/1560
f 1565/31/1565 1560/30/1560 1564/29/1564
f 1559/34/1559 1557/28/1557 1558/32/1558
f 1558/32/1558 1557/28/1557 1556/27/1556
f 1562/35/1562 1560/30/1560 1561/33/1561
f 239/40/239 242/29/242 243/31/243
f 175/35/175 174/30/174 198/33/198
f 173/32/173 172/28/172 171/27/171
f 170/34/170 172/28/172 173/32/173
f 197/31/197 174/30/174 169/29/169
f 197/31/197 198/33/198 174/30/174
f 170/34/170 173/32/173 175/35/175
f 175/35/175 198/33/198 170/34/170
f 196/40/196 195/29/195 194/31/194
f 168/35/168 342/34/342 193/33/193
f 342/34/342 168/35/168 341/32/341
f 194/31/194 167/30/167 193/33/193
f 167/30/167 194/31/194 195/29/195
f 342/34/342 341/32/341 340/28/340
f 341/32/341 339/27/339 340/28/340
f 193/33/193 167/30/167 168/35/168
f 192/40/192 197/31/197 169/29/169
f 1602/35/1602 1601/33/1601 1599/34/1599
f 1582/35/1582 1580/30/1580 1581/33/1581
f 1606/40/1606 1605/31/1605 1604/29/1604
f 1578/32/1578 1577/28/1577 1576/27/1576
f 1579/34/1579 1577/28/1577 1578/32/1578
f 1585/31/1585 1580/30/1580 1584/29/1584
f 1585/31/1585 1581/33/1581 1580/30/1580
f 420/40/420 419/29/419 418/31/418
f 1579/34/1579 1578/32/1578 1582/35/1582
f 417/33/417 416/30/416 415/35/415
f 414/32/414 413/27/413 412/28/412
f 411/34/411 414/32/414 412/28/412
f 416/30/416 418/31/418 419/29/419
f 418/31/418 416/30/416 417/33/417
f 411/34/411 415/35/415 414/32/414
f 415/35/415 411/34/411 417/33/417
f 1616/40/1616 1617/29/1617 1618/31/1618
f 1645/35/1645 1647/33/1647 1640/34/1640
f 1640/34/1640 1643/32/1643 1645/35/1645
f 1654/31/1654 1647/33/1647 1644/30/1644
f 1654/31/1654 1644/30/1644 1646/29/1646
f 1640/34/1640 1642/28/1642 1643/32/1643
f 1643/32/1643 1642/28/1642 1641/27/1641
f 440/40/440 439/29/439 438/31/438
f 1637/40/1637 1634/29/1634 1638/31/1638
f 437/33/437 436/30/436 435/35/435
f 434/32/434 433/27/433 432/28/432
f 431/34/431 434/32/434 432/28/432
f 436/30/436 438/31/438 439/29/439
f 438/31/438 436/30/436 437/33/437
f 431/34/431 435/35/435 434/32/434
f 435/35/435 431/34/431 437/33/437
f 547/35/547 522/34/522 546/33/546
f 522/34/522 547/35/547 545/32/545
f 544/31/544 543/30/543 546/33/546
f 543/30/543 544/31/544 542/29/542
f 522/34/522 545/32/545 541/28/541
f 545/32/545 540/27/540 541/28/541
f 546/33/546 543/30/543 547/35/547
f 565/40/565 564/31/564 556/29/556
f 539/40/539 542/29/542 544/31/544
f 482/33/482 481/30/481 480/35/480
f 479/32/479 478/27/478 477/28/477
f 476/34/476 479/32/479 477/28/477
f 481/30/481 475/31/475 474/29/474
f 475/31/475 481/30/481 482/33/482
f 476/34/476 480/35/480 479/32/479
f 480/35/480 476/34/476 482/33/482
f 458/35/458 518/34/518 472/33/472
f 518/34/518 458/35/458 457/32/457
f 471/31/471 456/30/456 472/33/472
f 456/30/456 471/31/471 470/29/470
f 518/34/518 457/32/457 517/28/517
f 457/32/457 455/27/455 517/28/517
f 472/33/472 456/30/456 458/35/458
f 1645/35/1645 1644/30/1644 1647/33/1647
f 468/40/468 470/29/470 471/31/471
f 1639/33/1639 1650/30/1650 1653/35/1653
f 1651/32/1651 1648/27/1648 1649/28/1649
f 1652/34/1652 1651/32/1651 1649/28/1649
f 1650/30/1650 1638/31/1638 1634/29/1634
f 1638/31/1638 1650/30/1650 1639/33/1639
f 1652/34/1652 1653/35/1653 1651/32/1651
f 1653/35/1653 1652/34/1652 1639/33/1639
f 563/35/563 562/34/562 516/33/516
f 562/34/562 563/35/563 561/32/561
f 515/31/515 560/30/560 516/33/516
f 560/30/560 515/31/515 511/29/511
f 562/34/562 561/32/561 559/28/559
f 561/32/561 558/27/558 559/28/559
f 516/33/516 560/30/560 563/35/563
f 555/35/555 554/30/554 557/33/557
f 514/40/514 511/29/511 515/31/515
f 553/32/553 552/28/552 551/27/551
f 550/34/550 552/28/552 553/32/553
f 564/31/564 554/30/554 556/29/556
f 564/31/564 557/33/557 554/30/554
f 550/34/550 553/32/553 555/35/555
f 555/35/555 557/33/557 550/34/550
f 473/40/473 474/29/474 475/31/475
f 821/35/821 795/34/795 820/33/820
f 795/34/795 821/35/821 819/32/819
f 818/31/818 817/30/817 820/33/820
f 817/30/817 818/31/818 816/29/816
f 795/34/795 819/32/819 815/28/815
f 819/32/819 814/27/814 815/28/815
f 820/33/820 817/30/817 821/35/821
f 885/40/885 884/31/884 870/29/870
f 813/40/813 816/29/816 818/31/818
f 671/33/671 670/30/670 669/35/669
f 668/32/668 667/27/667 666/28/666
f 665/34/665 668/32/668 666/28/666
f 670/30/670 664/31/664 663/29/663
f 664/31/664 670/30/670 671/33/671
f 665/34/665 669/35/669 668/32/668
f 669/35/669 665/34/665 671/33/671
f 602/35/602 786/34/786 625/33/625
f 786/34/786 602/35/602 601/32/601
f 624/31/624 600/30/600 625/33/625
f 600/30/600 624/31/624 623/29/623
f 786/34/786 601/32/601 785/28/785
f 601/32/601 599/27/599 785/28/785
f 625/33/625 600/30/600 602/35/602
f 622/40/622 794/31/794 598/29/598
f 621/40/621 623/29/623 624/31/624
f 597/35/597 793/33/793 596/34/596
f 596/34/596 595/32/595 597/35/597
f 794/31/794 793/33/793 594/30/594
f 794/31/794 594/30/594 598/29/598
f 596/34/596 593/28/593 595/32/595
f 595/32/595 593/28/593 592/27/592
f 597/35/597 594/30/594 793/33/793
f 883/35/883 882/34/882 784/33/784
f 882/34/882 883/35/883 881/32/881
f 783/31/783 880/30/880 784/33/784
f 880/30/880 783/31/783 760/29/760
f 882/34/882 881/32/881 879/28/879
f 881/32/881 878/27/878 879/28/879
f 784/33/784 880/30/880 883/35/883
f 869/35/869 868/30/868 877/33/877
f 782/40/782 760/29/760 783/31/783
f 867/32/867 866/28/866 865/27/865
f 864/34/864 866/28/866 867/32/867
f 884/31/884 868/30/868 870/29/870
f 884/31/884 877/33/877 868/30/868
f 864/34/864 867/32/867 869/35/869
f 869/35/869 877/33/877 864/34/864
f 662/40/662 663/29/663 664/31/664
f 661/35/661 660/30/660 659/33/659
f 658/32/658 657/28/657 656/27/656
f 655/34/655 657/28/657 658/32/658
f 654/31/654 660/30/660 653/29/653
f 654/31/654 659/33/659 660/30/660
f 655/34/655 658/32/658 661/35/661
f 661/35/661 659/33/659 655/34/655
f 652/40/652 651/29/651 650/31/650
f 960/40/960 961/29/961 962/31/962
f 1045/35/1045 1047/33/1047 1040/34/1040
f 1040/34/1040 1043/32/1043 1045/35/1045
f 1054/31/1054 1047/33/1047 1044/30/1044
f 1054/31/1054 1044/30/1044 1046/29/1046
f 1040/34/1040 1042/28/1042 1043/32/1043
f 1043/32/1043 1042/28/1042 1041/27/1041
f 1003/40/1003 1000/29/1000 1004/31/1004
f 1045/35/1045 1044/30/1044 1047/33/1047
f 1005/33/1005 1050/30/1050 1053/35/1053
f 1051/32/1051 1048/27/1048 1049/28/1049
f 1052/34/1052 1051/32/1051 1049/28/1049
f 1050/30/1050 1004/31/1004 1000/29/1000
f 1004/31/1004 1050/30/1050 1005/33/1005
f 1052/34/1052 1053/35/1053 1051/32/1051
f 1053/35/1053 1052/34/1052 1005/33/1005
f 792/35/792 781/34/781 649/33/649
f 781/34/781 792/35/792 791/32/791
f 650/31/650 790/30/790 649/33/649
f 790/30/790 650/31/650 651/29/651
f 781/34/781 791/32/791 789/28/789
f 791/32/791 788/27/788 789/28/789
f 649/33/649 790/30/790 792/35/792
f 648/40/648 654/31/654 653/29/653
f 647/35/647 620/34/620 646/33/646
f 620/34/620 647/35/647 619/32/619
f 645/31/645 644/30/644 646/33/646
f 644/30/644 645/31/645 643/29/643
f 620/34/620 619/32/619 618/28/618
f 619/32/619 617/27/617 618/28/618
f 646/33/646 644/30/644 647/35/647
f 967/35/967 963/34/963 969/33/969
f 642/40/642 643/29/643 645/31/645
f 963/34/963 967/35/967 966/32/966
f 962/31/962 968/30/968 969/33/969
f 968/30/968 962/31/962 961/29/961
f 963/34/963 966/32/966 964/28/964
f 966/32/966 965/27/965 964/28/964
f 969/33/969 968/30/968 967/35/967
f 1029/40/1029 1032/29/1032 1034/31/1034
f 759/35/759 863/34/863 758/33/758
f 863/34/863 759/35/759 862/32/862
f 757/31/757 756/30/756 758/33/758
f 756/30/756 757/31/757 755/29/755
f 863/34/863 862/32/862 861/28/861
f 862/32/862 860/27/860 861/28/861
f 758/33/758 756/30/756 759/35/759
f 754/40/754 753/31/753 752/29/752
f 751/40/751 755/29/755 757/31/757
f 750/35/750 749/33/749 728/34/728
f 728/34/728 727/32/727 750/35/750
f 753/31/753 749/33/749 748/30/748
f 753/31/753 748/30/748 752/29/752
f 728/34/728 726/28/726 727/32/727
f 727/32/727 726/28/726 725/27/725
f 750/35/750 748/30/748 749/33/749
f 1055/40/1055 1054/31/1054 1046/29/1046
f 1036/33/1036 1033/30/1033 1037/35/1037
f 1035/32/1035 1030/27/1030 1031/28/1031
f 1011/34/1011 1035/32/1035 1031/28/1031
f 1033/30/1033 1034/31/1034 1032/29/1032
f 1034/31/1034 1033/30/1033 1036/33/1036
f 1011/34/1011 1037/35/1037 1035/32/1035
f 1037/35/1037 1011/34/1011 1036/33/1036
f 920/35/920 916/34/916 922/33/922
f 916/34/916 920/35/920 919/32/919
f 923/31/923 921/30/921 922/33/922
f 921/30/921 923/31/923 924/29/924
f 916/34/916 919/32/919 917/28/917
f 919/32/919 918/27/918 917/28/917
f 922/33/922 921/30/921 920/35/920
f 1695/40/1695 1694/29/1694 1693/31/1693
f 724/35/724 723/30/723 747/33/747
f 722/32/722 721/28/721 720/27/720
f 719/34/719 721/28/721 722/32/722
f 746/31/746 723/30/723 718/29/718
f 746/31/746 747/33/747 723/30/723
f 719/34/719 722/32/722 724/35/724
f 724/35/724 747/33/747 719/34/719
f 745/40/745 744/29/744 743/31/743
f 717/35/717 859/34/859 742/33/742
f 859/34/859 717/35/717 858/32/858
f 743/31/743 716/30/716 742/33/742
f 716/30/716 743/31/743 744/29/744
f 859/34/859 858/32/858 857/28/857
f 858/32/858 856/27/856 857/28/857
f 742/33/742 716/30/716 717/35/717
f 741/40/741 746/31/746 718/29/718
f 1685/35/1685 1683/33/1683 1679/34/1679
f 1679/34/1679 1682/32/1682 1685/35/1685
f 1678/31/1678 1683/33/1683 1684/30/1684
f 1678/31/1678 1684/30/1684 1677/29/1677
f 1679/34/1679 1681/28/1681 1682/32/1682
f 1682/32/1682 1681/28/1681 1680/27/1680
f 1685/35/1685 1684/30/1684 1683/33/1683
f 955/40/955 957/29/957 958/31/958
f 1676/40/1676 1678/31/1678 1677/29/1677
f 959/33/959 942/30/942 944/35/944
f 943/32/943 941/27/941 1006/28/1006
f 1007/34/1007 943/32/943 1006/28/1006
f 942/30/942 958/31/958 957/29/957
f 958/31/958 942/30/942 959/33/959
f 1007/34/1007 944/35/944 943/32/943
f 944/35/944 1007/34/1007 959/33/959
f 1692/33/1692 1691/30/1691 1690/35/1690
f 1689/32/1689 1688/27/1688 1687/28/1687
f 1686/34/1686 1689/32/1689 1687/28/1687
f 1691/30/1691 1693/31/1693 1694/29/1694
f 1693/31/1693 1691/30/1691 1692/33/1692
f 1686/34/1686 1690/35/1690 1689/32/1689
f 1690/35/1690 1686/34/1686 1692/33/1692
f 925/40/925 924/29/924 923/31/923
f 1127/35/1127 1126/30/1126 1125/33/1125
f 1124/32/1124 1123/28/1123 1122/27/1122
f 1121/34/1121 1123/28/1123 1124/32/1124
f 1120/31/1120 1126/30/1126 1119/29/1119
f 1120/31/1120 1125/33/1125 1126/30/1126
f 1121/34/1121 1124/32/1124 1127/35/1127
f 1127/35/1127 1125/33/1125 1121/34/1121
f 1118/40/1118 1117/29/1117 1116/31/1116
f 1237/35/1237 1236/30/1236 1235/33/1235
f 1234/32/1234 1233/28/1233 1232/27/1232
f 1231/34/1231 1233/28/1233 1234/32/1234
f 1230/31/1230 1236/30/1236 1229/29/1229
f 1230/31/1230 1235/33/1235 1236/30/1236
f 1231/34/1231 1234/32/1234 1237/35/1237
f 1237/35/1237 1235/33/1235 1231/34/1231
f 1305/40/1305 1304/29/1304 1303/31/1303
f 1228/40/1228 1230/31/1230 1229/29/1229
f 1302/33/1302 1301/30/1301 1300/35/1300
f 1299/32/1299 1298/27/1298 1297/28/1297
f 1296/34/1296 1299/32/1299 1297/28/1297
f 1301/30/1301 1303/31/1303 1304/29/1304
f 1303/31/1303 1301/30/1301 1302/33/1302
f 1296/34/1296 1300/35/1300 1299/32/1299
f 1300/35/1300 1296/34/1296 1302/33/1302
f 1227/35/1227 1210/34/1210 1115/33/1115
f 1210/34/1210 1227/35/1227 1226/32/1226
f 1116/31/1116 1225/30/1225 1115/33/1115
f 1225/30/1225 1116/31/1116 1117/29/1117
f 1210/34/1210 1226/32/1226 1224/28/1224
f 1226/32/1226 1223/27/1223 1224/28/1224
f 1115/33/1115 1225/30/1225 1227/35/1227
f 1114/40/1114 1120/31/1120 1119/29/1119
f 1113/35/1113 1081/34/1081 1112/33/1112
f 1081/34/1081 1113/35/1113 1080/32/1080
f 1111/31/1111 1110/30/1110 1112/33/1112
f 1110/30/1110 1111/31/1111 1109/29/1109
f 1081/34/1081 1080/32/1080 1079/28/1079
f 1080/32/1080 1078/27/1078 1079/28/1079
f 1112/33/1112 1110/30/1110 1113/35/1113
f 1586/40/1586 1585/31/1585 1584/29/1584
f 1105/40/1105 1109/29/1109 1111/31/1111
f 1222/33/1222 1221/30/1221 1220/35/1220
f 1219/32/1219 1218/27/1218 1217/28/1217
f 1216/34/1216 1219/32/1219 1217/28/1217
f 1221/30/1221 1215/31/1215 1214/29/1214
f 1215/31/1215 1221/30/1221 1222/33/1222
f 1216/34/1216 1220/35/1220 1219/32/1219
f 1220/35/1220 1216/34/1216 1222/33/1222
f 1191/35/1191 1289/34/1289 1190/33/1190
f 1289/34/1289 1191/35/1191 1288/32/1288
f 1189/31/1189 1188/30/1188 1190/33/1190
f 1188/30/1188 1189/31/1189 1187/29/1187
f 1289/34/1289 1288/32/1288 1287/28/1287
f 1288/32/1288 1286/27/1286 1287/28/1287
f 1190/33/1190 1188/30/1188 1191/35/1191
f 1186/40/1186 1185/31/1185 1184/29/1184
f 1183/40/1183 1187/29/1187 1189/31/1189
f 1182/35/1182 1181/33/1181 1168/34/1168
f 1168/34/1168 1167/32/1167 1182/35/1182
f 1185/31/1185 1181/33/1181 1180/30/1180
f 1185/31/1185 1180/30/1180 1184/29/1184
f 1168/34/1168 1166/28/1166 1167/32/1167
f 1167/32/1167 1166/28/1166 1165/27/1165
f 1182/35/1182 1180/30/1180 1181/33/1181
f 1141/35/1141 1104/34/1104 1285/33/1285
f 1104/34/1104 1141/35/1141 1140/32/1140
f 1284/31/1284 1139/30/1139 1285/33/1285
f 1139/30/1139 1284/31/1284 1138/29/1138
f 1104/34/1104 1140/32/1140 1103/28/1103
f 1140/32/1140 1137/27/1137 1103/28/1103
f 1285/33/1285 1139/30/1139 1141/35/1141
f 1582/35/1582 1581/33/1581 1579/34/1579
f 1136/40/1136 1138/29/1138 1284/31/1284
f 1423/40/1423 1428/31/1428 1408/29/1408
f 1424/33/1424 1406/30/1406 1407/35/1407
f 1532/32/1532 1530/27/1530 1531/28/1531
f 1533/34/1533 1532/32/1532 1531/28/1531
f 1406/30/1406 1425/31/1425 1426/29/1426
f 1425/31/1425 1406/30/1406 1424/33/1424
f 1211/40/1211 1214/29/1214 1215/31/1215
f 1164/35/1164 1163/30/1163 1179/33/1179
f 1162/32/1162 1161/28/1161 1160/27/1160
f 1159/34/1159 1161/28/1161 1162/32/1162
f 1178/31/1178 1163/30/1163 1158/29/1158
f 1178/31/1178 1179/33/1179 1163/30/1163
f 1159/34/1159 1162/32/1162 1164/35/1164
f 1164/35/1164 1179/33/1179 1159/34/1159
f 1177/40/1177 1176/29/1176 1175/31/1175
f 1157/35/1157 1283/34/1283 1174/33/1174
f 1283/34/1283 1157/35/1157 1282/32/1282
f 1175/31/1175 1156/30/1156 1174/33/1174
f 1156/30/1156 1175/31/1175 1176/29/1176
f 1283/34/1283 1282/32/1282 1281/28/1281
f 1282/32/1282 1280/27/1280 1281/28/1281
f 1174/33/1174 1156/30/1156 1157/35/1157
f 1173/40/1173 1178/31/1178 1158/29/1158
f 1377/35/1377 1376/30/1376 1375/33/1375
f 1374/32/1374 1373/28/1373 1372/27/1372
f 1371/34/1371 1373/28/1373 1374/32/1374
f 1370/31/1370 1376/30/1376 1369/29/1369
f 1370/31/1370 1375/33/1375 1376/30/1376
f 1371/34/1371 1374/32/1374 1377/35/1377
f 1377/35/1377 1375/33/1375 1371/34/1371
f 1368/40/1368 1367/29/1367 1366/31/1366
f 1487/35/1487 1486/30/1486 1485/33/1485
f 1484/32/1484 1483/28/1483 1482/27/1482
f 1481/34/1481 1483/28/1483 1484/32/1484
f 1480/31/1480 1486/30/1486 1479/29/1479
f 1480/31/1480 1485/33/1485 1486/30/1486
f 1481/34/1481 1484/32/1484 1487/35/1487
f 1487/35/1487 1485/33/1485 1481/34/1481
f 1555/40/1555 1554/29/1554 1553/31/1553
f 1478/40/1478 1480/31/1480 1479/29/1479
f 1552/33/1552 1551/30/1551 1550/35/1550
f 1549/32/1549 1548/27/1548 1547/28/1547
f 1546/34/1546 1549/32/1549 1547/28/1547
f 1551/30/1551 1553/31/1553 1554/29/1554
f 1553/31/1553 1551/30/1551 1552/33/1552
f 1546/34/1546 1550/35/1550 1549/32/1549
f 1550/35/1550 1546/34/1546 1552/33/1552
f 1477/35/1477 1460/34/1460 1365/33/1365
f 1460/34/1460 1477/35/1477 1476/32/1476
f 1366/31/1366 1475/30/1475 1365/33/1365
f 1475/30/1475 1366/31/1366 1367/29/1367
f 1460/34/1460 1476/32/1476 1474/28/1474
f 1476/32/1476 1473/27/1473 1474/28/1474
f 1365/33/1365 1475/30/1475 1477/35/1477
f 1364/40/1364 1370/31/1370 1369/29/1369
f 1363/35/1363 1331/34/1331 1362/33/1362
f 1331/34/1331 1363/35/1363 1330/32/1330
f 1361/31/1361 1360/30/1360 1362/33/1362
f 1360/30/1360 1361/31/1361 1359/29/1359
f 1331/34/1331 1330/32/1330 1329/28/1329
f 1330/32/1330 1328/27/1328 1329/28/1329
f 1362/33/1362 1360/30/1360 1363/35/1363
f 1533/34/1533 1407/35/1407 1532/32/1532
f 1355/40/1355 1359/29/1359 1361/31/1361
f 1472/33/1472 1471/30/1471 1470/35/1470
f 1469/32/1469 1468/27/1468 1467/28/1467
f 1466/34/1466 1469/32/1469 1467/28/1467
f 1471/30/1471 1465/31/1465 1464/29/1464
f 1465/31/1465 1471/30/1471 1472/33/1472
f 1466/34/1466 1470/35/1470 1469/32/1469
f 1470/35/1470 1466/34/1466 1472/33/1472
f 1441/35/1441 1539/34/1539 1440/33/1440
f 1539/34/1539 1441/35/1441 1538/32/1538
f 1439/31/1439 1438/30/1438 1440/33/1440
f 1438/30/1438 1439/31/1439 1437/29/1437
f 1539/34/1539 1538/32/1538 1537/28/1537
f 1538/32/1538 1536/27/1536 1537/28/1537
f 1440/33/1440 1438/30/1438 1441/35/1441
f 1436/40/1436 1435/31/1435 1434/29/1434
f 1433/40/1433 1437/29/1437 1439/31/1439
f 1432/35/1432 1431/33/1431 1418/34/1418
f 1418/34/1418 1417/32/1417 1432/35/1432
f 1435/31/1435 1431/33/1431 1430/30/1430
f 1435/31/1435 1430/30/1430 1434/29/1434
f 1418/34/1418 1416/28/1416 1417/32/1417
f 1417/32/1417 1416/28/1416 1415/27/1415
f 1432/35/1432 1430/30/1430 1431/33/1431
f 1391/35/1391 1354/34/1354 1535/33/1535
f 1354/34/1354 1391/35/1391 1390/32/1390
f 1534/31/1534 1389/30/1389 1535/33/1535
f 1389/30/1389 1534/31/1534 1388/29/1388
f 1354/34/1354 1390/32/1390 1353/28/1353
f 1390/32/1390 1387/27/1387 1353/28/1353
f 1535/33/1535 1389/30/1389 1391/35/1391
f 1407/35/1407 1533/34/1533 1424/33/1424
f 1386/40/1386 1388/29/1388 1534/31/1534
f 1427/40/1427 1426/29/1426 1425/31/1425
f 1414/35/1414 1429/33/1429 1409/34/1409
f 1409/34/1409 1412/32/1412 1414/35/1414
f 1428/31/1428 1429/33/1429 1413/30/1413
f 1428/31/1428 1413/30/1413 1408/29/1408
f 1409/34/1409 1411/28/1411 1412/32/1412
f 1461/40/1461 1464/29/1464 1465/31/1465
f 1414/35/1414 1413/30/1413 1429/33/1429
f 1412/32/1412 1411/28/1411 1410/27/1410
g fff0a81b_00347_007f5a2e_e23
f 21/47/21 154/63/154 153/46/153
f 21/47/21 20/62/20 154/63/154
f 20/62/20 152/61/152 154/63/154
f 20/62/20 19/60/19 152/61/152
f 19/60/19 151/45/151 152/61/152
f 19/60/19 18/44/18 151/45/151
f 18/44/18 150/43/150 151/45/151
f 18/44/18 17/42/17 150/43/150
f 17/42/17 149/41/149 150/43/150
f 17/42/17 16/72/16 149/41/149
f 16/72/16 148/71/148 149/41/149
f 16/72/16 15/70/15 148/71/148
f 15/70/15 147/69/147 148/71/148
f 15/70/15 14/59/14 147/69/147
f 14/59/14 146/58/146 147/69/147
f 14/59/14 145/57/145 146/58/146
f 145/57/145 144/56/144 146/58/146
f 145/57/145 143/55/143 144/56/144
f 143/55/143 153/46/153 144/56/144
f 143/55/143 21/47/21 153/46/153
f 153/46/153 154/63/154 142/54/142
f 142/54/142 141/53/141 153/46/153
f 153/46/153 309/52/309 144/56/144
f 309/52/309 153/46/153 141/53/141
f 154/63/154 152/61/152 140/51/140
f 140/51/140 142/54/142 154/63/154
f 152/61/152 151/45/151 139/50/139
f 139/50/139 140/51/140 152/61/152
f 151/45/151 150/43/150 308/49/308
f 308/49/308 139/50/139 151/45/151
f 150/43/150 149/41/149 282/48/282
f 282/48/282 308/49/308 150/43/150
f 149/41/149 148/71/148 281/83/281
f 281/83/281 282/48/282 149/41/149
f 148/71/148 147/69/147 280/82/280
f 280/82/280 281/83/281 148/71/148
f 147/69/147 146/58/146 279/81/279
f 279/81/279 280/82/280 147/69/147
f 146/58/146 144/56/144 309/52/309
f 309/52/309 279/81/279 146/58/146
f 141/53/141 142/54/142 278/80/278
f 278/80/278 277/68/277 141/53/141
f 141/53/141 276/67/276 309/52/309
f 276/67/276 141/53/141 277/68/277
f 142/54/142 140/51/140 275/79/275
f 275/79/275 278/80/278 142/54/142
f 140/51/140 139/50/139 274/78/274
f 274/78/274 275/79/275 140/51/140
f 139/50/139 308/49/308 273/77/273
f 273/77/273 274/78/274 139/50/139
f 308/49/308 282/48/282 272/76/272
f 272/76/272 273/77/273 308/49/308
f 282/48/282 281/83/281 271/75/271
f 271/75/271 272/76/272 282/48/282
f 281/83/281 280/82/280 270/74/270
f 270/74/270 271/75/271 281/83/281
f 280/82/280 279/81/279 269/73/269
f 269/73/269 270/74/270 280/82/280
f 279/81/279 309/52/309 276/67/276
f 276/67/276 269/73/269 279/81/279
f 277/68/277 278/80/278 47/66/47
f 47/66/47 46/65/46 277/68/277
f 277/68/277 45/64/45 276/67/276
f 45/64/45 277/68/277 46/65/46
f 278/80/278 275/79/275 44/90/44
f 44/90/44 47/66/47 278/80/278
f 275/79/275 274/78/274 43/89/43
f 43/89/43 44/90/44 275/79/275
f 274/78/274 273/77/273 42/88/42
f 42/88/42 43/89/43 274/78/274
f 273/77/273 272/76/272 41/87/41
f 41/87/41 42/88/42 273/77/273
f 272/76/272 271/75/271 40/86/40
f 40/86/40 41/87/41 272/76/272
f 271/75/271 270/74/270 39/85/39
f 39/85/39 40/86/40 271/75/271
f 270/74/270 269/73/269 38/84/38
f 38/84/38 39/85/39 270/74/270
f 269/73/269 276/67/276 45/64/45
f 45/64/45 38/84/38 269/73/269
f 1702/222/1702 324/9/324 323/8/323
f 138/10/138 137/7/137 1715/235/1715
f 1701/221/1701 322/6/322 324/9/324
f 137/7/137 307/5/307 1714/234/1714
f 1700/220/1700 306/6/306 322/6/322
f 307/5/307 305/5/305 1713/233/1713
f 1699/219/1699 304/9/304 306/6/306
f 305/5/305 303/7/303 1712/232/1712
f 1698/218/1698 302/8/302 304/9/304
f 303/7/303 301/10/301 1711/231/1711
f 1697/217/1697 300/4/300 302/8/302
f 301/10/301 299/3/299 1710/230/1710
f 1696/216/1696 298/2/298 300/4/300
f 299/3/299 297/1/297 1709/229/1709
f 1705/225/1705 13/2/13 298/2/298
f 297/1/297 296/1/296 1708/228/1708
f 1704/224/1704 12/4/12 13/2/13
f 296/1/296 295/3/295 1707/227/1707
f 1703/223/1703 323/8/323 12/4/12
f 295/3/295 138/10/138 1706/226/1706
f 360/47/360 124/63/124 123/46/123
f 360/47/360 359/62/359 124/63/124
f 359/62/359 122/61/122 124/63/124
f 359/62/359 358/60/358 122/61/122
f 358/60/358 121/45/121 122/61/122
f 358/60/358 357/44/357 121/45/121
f 357/44/357 120/43/120 121/45/121
f 357/44/357 356/42/356 120/43/120
f 356/42/356 119/41/119 120/43/120
f 356/42/356 332/72/332 119/41/119
f 332/72/332 118/71/118 119/41/119
f 332/72/332 117/70/117 118/71/118
f 117/70/117 68/69/68 118/71/118
f 117/70/117 67/59/67 68/69/68
f 67/59/67 66/58/66 68/69/68
f 67/59/67 65/57/65 66/58/66
f 65/57/65 64/56/64 66/58/66
f 65/57/65 63/55/63 64/56/64
f 63/55/63 123/46/123 64/56/64
f 63/55/63 360/47/360 123/46/123
f 123/46/123 124/63/124 62/54/62
f 62/54/62 61/53/61 123/46/123
f 123/46/123 225/52/225 64/56/64
f 225/52/225 123/46/123 61/53/61
f 124/63/124 122/61/122 224/51/224
f 224/51/224 62/54/62 124/63/124
f 122/61/122 121/45/121 223/50/223
f 223/50/223 224/51/224 122/61/122
f 121/45/121 120/43/120 222/49/222
f 222/49/222 223/50/223 121/45/121
f 120/43/120 119/41/119 221/48/221
f 221/48/221 222/49/222 120/43/120
f 119/41/119 118/71/118 220/83/220
f 220/83/220 221/48/221 119/41/119
f 118/71/118 68/69/68 219/82/219
f 219/82/219 220/83/220 118/71/118
f 68/69/68 66/58/66 218/81/218
f 218/81/218 219/82/219 68/69/68
f 66/58/66 64/56/64 225/52/225
f 225/52/225 218/81/218 66/58/66
f 61/53/61 62/54/62 217/80/217
f 217/80/217 216/68/216 61/53/61
f 61/53/61 321/67/321 225/52/225
f 321/67/321 61/53/61 216/68/216
f 62/54/62 224/51/224 215/79/215
f 215/79/215 217/80/217 62/54/62
f 224/51/224 223/50/223 214/78/214
f 214/78/214 215/79/215 224/51/224
f 223/50/223 222/49/222 213/77/213
f 213/77/213 214/78/214 223/50/223
f 222/49/222 221/48/221 212/76/212
f 212/76/212 213/77/213 222/49/222
f 221/48/221 220/83/220 181/75/181
f 181/75/181 212/76/212 221/48/221
f 220/83/220 219/82/219 180/74/180
f 180/74/180 181/75/181 220/83/220
f 219/82/219 218/81/218 320/73/320
f 320/73/320 180/74/180 219/82/219
f 218/81/218 225/52/225 321/67/321
f 321/67/321 320/73/320 218/81/218
f 216/68/216 217/80/217 319/66/319
f 319/66/319 318/65/318 216/68/216
f 216/68/216 317/64/317 321/67/321
f 317/64/317 216/68/216 318/65/318
f 217/80/217 215/79/215 316/90/316
f 316/90/316 319/66/319 217/80/217
f 215/79/215 214/78/214 315/89/315
f 315/89/315 316/90/316 215/79/215
f 214/78/214 213/77/213 314/88/314
f 314/88/314 315/89/315 214/78/214
f 213/77/213 212/76/212 313/87/313
f 313/87/313 314/88/314 213/77/213
f 212/76/212 181/75/181 312/86/312
f 312/86/312 313/87/313 212/76/212
f 181/75/181 180/74/180 311/85/311
f 311/85/311 312/86/312 181/75/181
f 180/74/180 320/73/320 310/84/310
f 310/84/310 311/85/311 180/74/180
f 320/73/320 321/67/321 317/64/317
f 317/64/317 310/84/310 320/73/320
f 384/91/384 410/92/410 409/93/409
f 384/91/384 383/94/383 410/92/410
f 383/94/383 408/95/408 410/92/410
f 383/94/383 407/96/407 408/95/408
f 407/96/407 406/95/406 408/95/408
f 407/96/407 405/96/405 406/95/406
f 405/96/405 404/92/404 406/95/406
f 405/96/405 403/94/403 404/92/404
f 403/94/403 402/93/402 404/92/404
f 403/94/403 401/91/401 402/93/402
f 401/91/401 400/97/400 402/93/402
f 401/91/401 399/98/399 400/97/400
f 399/98/399 398/99/398 400/97/400
f 399/98/399 397/100/397 398/99/398
f 1707/227/1707 1703/223/1703 1708/228/1708
f 296/1/296 1707/227/1707 1708/228/1708
f 396/100/396 381/97/381 382/99/382
f 396/100/396 395/98/395 381/97/381
f 395/98/395 409/93/409 381/97/381
f 395/98/395 384/91/384 409/93/409
f 1715/235/1715 1701/221/1701 1706/226/1706
f 138/10/138 1715/235/1715 1706/226/1706
f 447/62/447 501/61/501 502/63/502
f 447/62/447 446/60/446 501/61/501
f 446/60/446 500/45/500 501/61/501
f 446/60/446 445/44/445 500/45/500
f 445/44/445 499/43/499 500/45/500
f 445/44/445 444/42/444 499/43/499
f 444/42/444 498/41/498 499/43/499
f 444/42/444 443/72/443 498/41/498
f 443/72/443 497/71/497 498/41/498
f 443/72/443 442/70/442 497/71/497
f 442/70/442 496/69/496 497/71/497
f 442/70/442 441/59/441 496/69/496
f 441/59/441 495/58/495 496/69/496
f 441/59/441 494/57/494 495/58/495
f 494/57/494 493/56/493 495/58/495
f 494/57/494 492/55/492 493/56/493
f 1714/234/1714 1700/220/1700 1715/235/1715
f 297/1/297 1708/228/1708 1709/229/1709
f 137/7/137 1714/234/1714 1715/235/1715
f 1713/233/1713 1699/219/1699 1714/234/1714
f 307/5/307 1713/233/1713 1714/234/1714
f 1712/232/1712 1698/218/1698 1713/233/1713
f 502/63/502 501/61/501 490/51/490
f 490/51/490 491/54/491 502/63/502
f 501/61/501 500/45/500 489/50/489
f 489/50/489 490/51/490 501/61/501
f 500/45/500 499/43/499 548/49/548
f 548/49/548 489/50/489 500/45/500
f 499/43/499 498/41/498 535/48/535
f 535/48/535 548/49/548 499/43/499
f 498/41/498 497/71/497 534/83/534
f 534/83/534 535/48/535 498/41/498
f 497/71/497 496/69/496 533/82/533
f 533/82/533 534/83/534 497/71/497
f 496/69/496 495/58/495 532/81/532
f 532/81/532 533/82/533 496/69/496
f 495/58/495 493/56/493 549/52/549
f 549/52/549 532/81/532 495/58/495
f 305/5/305 1712/232/1712 1713/233/1713
f 1711/231/1711 1697/217/1697 1712/232/1712
f 303/7/303 1711/231/1711 1712/232/1712
f 1710/230/1710 1696/216/1696 1711/231/1711
f 491/54/491 490/51/490 529/79/529
f 529/79/529 531/80/531 491/54/491
f 490/51/490 489/50/489 528/78/528
f 528/78/528 529/79/529 490/51/490
f 489/50/489 548/49/548 527/77/527
f 527/77/527 528/78/528 489/50/489
f 548/49/548 535/48/535 526/76/526
f 526/76/526 527/77/527 548/49/548
f 535/48/535 534/83/534 525/75/525
f 525/75/525 526/76/526 535/48/535
f 534/83/534 533/82/533 524/74/524
f 524/74/524 525/75/525 534/83/534
f 533/82/533 532/81/532 523/73/523
f 523/73/523 524/74/524 533/82/533
f 532/81/532 549/52/549 530/67/530
f 530/67/530 523/73/523 532/81/532
f 301/10/301 1710/230/1710 1711/231/1711
f 1709/229/1709 1705/225/1705 1710/230/1710
f 299/3/299 1709/229/1709 1710/230/1710
f 1708/228/1708 1704/224/1704 1709/229/1709
f 531/80/531 529/79/529 465/90/465
f 465/90/465 467/66/467 531/80/531
f 529/79/529 528/78/528 464/89/464
f 464/89/464 465/90/465 529/79/529
f 528/78/528 527/77/527 463/88/463
f 463/88/463 464/89/464 528/78/528
f 527/77/527 526/76/526 462/87/462
f 462/87/462 463/88/463 527/77/527
f 526/76/526 525/75/525 461/86/461
f 461/86/461 462/87/462 526/76/526
f 525/75/525 524/74/524 460/85/460
f 460/85/460 461/86/461 525/75/525
f 524/74/524 523/73/523 459/84/459
f 459/84/459 460/85/460 524/74/524
f 523/73/523 530/67/530 466/64/466
f 466/64/466 459/84/459 523/73/523
f 586/47/586 703/63/703 702/46/702
f 586/47/586 585/62/585 703/63/703
f 585/62/585 701/61/701 703/63/703
f 585/62/585 584/60/584 701/61/701
f 584/60/584 700/45/700 701/61/701
f 584/60/584 583/44/583 700/45/700
f 583/44/583 699/43/699 700/45/700
f 583/44/583 582/42/582 699/43/699
f 582/42/582 698/41/698 699/43/699
f 582/42/582 581/72/581 698/41/698
f 581/72/581 697/71/697 698/41/698
f 581/72/581 580/70/580 697/71/697
f 580/70/580 696/69/696 697/71/697
f 580/70/580 579/59/579 696/69/696
f 579/59/579 695/58/695 696/69/696
f 579/59/579 694/57/694 695/58/695
f 694/57/694 693/56/693 695/58/695
f 694/57/694 692/55/692 693/56/693
f 692/55/692 702/46/702 693/56/693
f 692/55/692 586/47/586 702/46/702
f 702/46/702 703/63/703 691/54/691
f 691/54/691 690/53/690 702/46/702
f 702/46/702 836/52/836 693/56/693
f 836/52/836 702/46/702 690/53/690
f 703/63/703 701/61/701 689/51/689
f 689/51/689 691/54/691 703/63/703
f 701/61/701 700/45/700 688/50/688
f 688/50/688 689/51/689 701/61/701
f 700/45/700 699/43/699 835/49/835
f 835/49/835 688/50/688 700/45/700
f 699/43/699 698/41/698 809/48/809
f 809/48/809 835/49/835 699/43/699
f 698/41/698 697/71/697 808/83/808
f 808/83/808 809/48/809 698/41/698
f 697/71/697 696/69/696 807/82/807
f 807/82/807 808/83/808 697/71/697
f 696/69/696 695/58/695 806/81/806
f 806/81/806 807/82/807 696/69/696
f 695/58/695 693/56/693 836/52/836
f 836/52/836 806/81/806 695/58/695
f 690/53/690 691/54/691 805/80/805
f 805/80/805 804/68/804 690/53/690
f 690/53/690 803/67/803 836/52/836
f 803/67/803 690/53/690 804/68/804
f 691/54/691 689/51/689 802/79/802
f 802/79/802 805/80/805 691/54/691
f 689/51/689 688/50/688 801/78/801
f 801/78/801 802/79/802 689/51/689
f 688/50/688 835/49/835 800/77/800
f 800/77/800 801/78/801 688/50/688
f 835/49/835 809/48/809 799/76/799
f 799/76/799 800/77/800 835/49/835
f 809/48/809 808/83/808 798/75/798
f 798/75/798 799/76/799 809/48/809
f 808/83/808 807/82/807 797/74/797
f 797/74/797 798/75/798 808/83/808
f 807/82/807 806/81/806 796/73/796
f 796/73/796 797/74/797 807/82/807
f 806/81/806 836/52/836 803/67/803
f 803/67/803 796/73/796 806/81/806
f 804/68/804 805/80/805 612/66/612
f 612/66/612 611/65/611 804/68/804
f 804/68/804 610/64/610 803/67/803
f 610/64/610 804/68/804 611/65/611
f 805/80/805 802/79/802 609/90/609
f 609/90/609 612/66/612 805/80/805
f 802/79/802 801/78/801 608/89/608
f 608/89/608 609/90/609 802/79/802
f 801/78/801 800/77/800 607/88/607
f 607/88/607 608/89/608 801/78/801
f 800/77/800 799/76/799 606/87/606
f 606/87/606 607/88/607 800/77/800
f 799/76/799 798/75/798 605/86/605
f 605/86/605 606/87/606 799/76/799
f 798/75/798 797/74/797 604/85/604
f 604/85/604 605/86/605 798/75/798
f 797/74/797 796/73/796 603/84/603
f 603/84/603 604/85/604 797/74/797
f 796/73/796 803/67/803 610/64/610
f 610/64/610 603/84/603 796/73/796
f 687/111/687 851/112/851 850/113/850
f 687/111/687 686/114/686 851/112/851
f 686/114/686 849/115/849 851/112/851
f 686/114/686 834/116/834 849/115/849
f 834/116/834 833/115/833 849/115/849
f 834/116/834 832/116/832 833/115/833
f 832/116/832 831/112/831 833/115/833
f 832/116/832 830/114/830 831/112/831
f 830/114/830 829/113/829 831/112/831
f 830/114/830 828/111/828 829/113/829
f 828/111/828 827/117/827 829/113/829
f 828/111/828 826/118/826 827/117/827
f 826/118/826 825/119/825 827/117/827
f 826/118/826 824/120/824 825/119/825
f 824/120/824 578/119/578 825/119/825
f 824/120/824 823/120/823 578/119/578
f 823/120/823 577/117/577 578/119/578
f 823/120/823 822/118/822 577/117/577
f 822/118/822 850/113/850 577/117/577
f 822/118/822 687/111/687 850/113/850
f 875/121/875 679/122/679 678/123/678
f 875/121/875 874/124/874 679/122/679
f 874/124/874 677/125/677 679/122/679
f 874/124/874 873/126/873 677/125/677
f 873/126/873 676/125/676 677/125/677
f 873/126/873 872/126/872 676/125/676
f 872/126/872 675/122/675 676/125/676
f 872/126/872 871/124/871 675/122/675
f 871/124/871 674/123/674 675/122/675
f 871/124/871 852/121/852 674/123/674
f 852/121/852 673/127/673 674/123/674
f 852/121/852 672/128/672 673/127/673
f 672/128/672 633/129/633 673/127/673
f 672/128/672 632/130/632 633/129/633
f 632/130/632 631/129/631 633/129/633
f 632/130/632 630/130/630 631/129/631
f 630/130/630 629/127/629 631/129/631
f 630/130/630 628/128/628 629/127/629
f 628/128/628 678/123/678 629/127/629
f 628/128/628 875/121/875 678/123/678
f 678/123/678 679/122/679 627/131/627
f 627/131/627 626/132/626 678/123/678
f 678/123/678 774/133/774 629/127/629
f 774/133/774 678/123/678 626/132/626
f 679/122/679 677/125/677 773/134/773
f 773/134/773 627/131/627 679/122/679
f 677/125/677 676/125/676 772/134/772
f 772/134/772 773/134/773 677/125/677
f 676/125/676 675/122/675 771/131/771
f 771/131/771 772/134/772 676/125/676
f 675/122/675 674/123/674 770/132/770
f 770/132/770 771/131/771 675/122/675
f 674/123/674 673/127/673 769/133/769
f 769/133/769 770/132/770 674/123/674
f 673/127/673 633/129/633 768/135/768
f 768/135/768 769/133/769 673/127/673
f 633/129/633 631/129/631 767/135/767
f 767/135/767 768/135/768 633/129/633
f 631/129/631 629/127/629 774/133/774
f 774/133/774 767/135/767 631/129/631
f 626/132/626 627/131/627 766/136/766
f 766/136/766 765/137/765 626/132/626
f 626/132/626 848/138/848 774/133/774
f 848/138/848 626/132/626 765/137/765
f 627/131/627 773/134/773 764/139/764
f 764/139/764 766/136/766 627/131/627
f 773/134/773 772/134/772 763/139/763
f 763/139/763 764/139/764 773/134/773
f 772/134/772 771/131/771 762/136/762
f 762/136/762 763/139/763 772/134/772
f 771/131/771 770/132/770 761/137/761
f 761/137/761 762/136/762 771/131/771
f 770/132/770 769/133/769 730/138/730
f 730/138/730 761/137/761 770/132/770
f 769/133/769 768/135/768 729/140/729
f 729/140/729 730/138/730 769/133/769
f 768/135/768 767/135/767 847/140/847
f 847/140/847 729/140/729 768/135/768
f 767/135/767 774/133/774 848/138/848
f 848/138/848 847/140/847 767/135/767
f 765/137/765 766/136/766 846/141/846
f 846/141/846 845/142/845 765/137/765
f 765/137/765 844/143/844 848/138/848
f 844/143/844 765/137/765 845/142/845
f 766/136/766 764/139/764 843/141/843
f 843/141/843 846/141/846 766/136/766
f 764/139/764 763/139/763 842/144/842
f 842/144/842 843/141/843 764/139/764
f 763/139/763 762/136/762 841/141/841
f 841/141/841 842/144/842 763/139/763
f 762/136/762 761/137/761 840/142/840
f 840/142/840 841/141/841 762/136/762
f 761/137/761 730/138/730 839/143/839
f 839/143/839 840/142/840 761/137/761
f 730/138/730 729/140/729 838/145/838
f 838/145/838 839/143/839 730/138/730
f 729/140/729 847/140/847 837/145/837
f 837/145/837 838/145/838 729/140/729
f 847/140/847 848/138/848 844/143/844
f 844/143/844 837/145/837 847/140/847
f 889/146/889 905/147/905 904/148/904
f 889/149/889 888/150/888 905/151/905
f 888/152/888 903/153/903 905/154/905
f 888/155/888 902/156/902 903/157/903
f 902/158/902 901/159/901 903/160/903
f 902/161/902 900/162/900 901/163/901
f 900/164/900 899/165/899 901/166/901
f 900/167/900 898/168/898 899/169/899
f 898/170/898 897/171/897 899/172/899
f 898/173/898 896/174/896 897/175/897
f 896/176/896 895/177/895 897/178/897
f 896/179/896 894/180/894 895/181/895
f 894/182/894 893/183/893 895/184/895
f 894/185/894 892/186/892 893/187/893
f 892/188/892 887/189/887 893/190/893
f 892/191/892 891/192/891 887/193/887
f 891/194/891 886/195/886 887/196/887
f 891/197/891 890/198/890 886/199/886
f 890/200/890 904/201/904 886/202/886
f 890/203/890 889/204/889 904/205/904
f 933/47/933 991/63/991 990/46/990
f 933/47/933 932/62/932 991/63/991
f 932/62/932 989/61/989 991/63/991
f 932/62/932 931/60/931 989/61/989
f 931/60/931 988/45/988 989/61/989
f 931/60/931 930/44/930 988/45/988
f 930/44/930 987/43/987 988/45/988
f 930/44/930 929/42/929 987/43/987
f 929/42/929 986/41/986 987/43/987
f 929/42/929 928/72/928 986/41/986
f 928/72/928 985/71/985 986/41/986
f 928/72/928 927/70/927 985/71/985
f 927/70/927 984/69/984 985/71/985
f 927/70/927 926/59/926 984/69/984
f 926/59/926 983/58/983 984/69/984
f 926/59/926 982/57/982 983/58/983
f 982/57/982 981/56/981 983/58/983
f 982/57/982 980/55/980 981/56/981
f 980/55/980 990/46/990 981/56/981
f 980/55/980 933/47/933 990/46/990
f 990/46/990 991/63/991 979/54/979
f 979/54/979 978/53/978 990/46/990
f 990/46/990 1039/52/1039 981/56/981
f 1039/52/1039 990/46/990 978/53/978
f 991/63/991 989/61/989 977/51/977
f 977/51/977 979/54/979 991/63/991
f 989/61/989 988/45/988 976/50/976
f 976/50/976 977/51/977 989/61/989
f 988/45/988 987/43/987 1038/49/1038
f 1038/49/1038 976/50/976 988/45/988
f 987/43/987 986/41/986 1025/48/1025
f 1025/48/1025 1038/49/1038 987/43/987
f 986/41/986 985/71/985 1024/83/1024
f 1024/83/1024 1025/48/1025 986/41/986
f 985/71/985 984/69/984 1023/82/1023
f 1023/82/1023 1024/83/1024 985/71/985
f 984/69/984 983/58/983 1022/81/1022
f 1022/81/1022 1023/82/1023 984/69/984
f 983/58/983 981/56/981 1039/52/1039
f 1039/52/1039 1022/81/1022 983/58/983
f 978/53/978 979/54/979 1021/80/1021
f 1021/80/1021 1020/68/1020 978/53/978
f 978/53/978 1019/67/1019 1039/52/1039
f 1019/67/1019 978/53/978 1020/68/1020
f 979/54/979 977/51/977 1018/79/1018
f 1018/79/1018 1021/80/1021 979/54/979
f 977/51/977 976/50/976 1017/78/1017
f 1017/78/1017 1018/79/1018 977/51/977
f 976/50/976 1038/49/1038 1016/77/1016
f 1016/77/1016 1017/78/1017 976/50/976
f 1038/49/1038 1025/48/1025 1015/76/1015
f 1015/76/1015 1016/77/1016 1038/49/1038
f 1025/48/1025 1024/83/1024 1014/75/1014
f 1014/75/1014 1015/76/1015 1025/48/1025
f 1024/83/1024 1023/82/1023 1013/74/1013
f 1013/74/1013 1014/75/1014 1024/83/1024
f 1023/82/1023 1022/81/1022 1012/73/1012
f 1012/73/1012 1013/74/1013 1023/82/1023
f 1022/81/1022 1039/52/1039 1019/67/1019
f 1019/67/1019 1012/73/1012 1022/81/1022
f 1020/68/1020 1021/80/1021 954/66/954
f 954/66/954 953/65/953 1020/68/1020
f 1020/68/1020 952/64/952 1019/67/1019
f 952/64/952 1020/68/1020 953/65/953
f 1021/80/1021 1018/79/1018 951/90/951
f 951/90/951 954/66/954 1021/80/1021
f 1018/79/1018 1017/78/1017 950/89/950
f 950/89/950 951/90/951 1018/79/1018
f 1017/78/1017 1016/77/1016 949/88/949
f 949/88/949 950/89/950 1017/78/1017
f 1016/77/1016 1015/76/1015 948/87/948
f 948/87/948 949/88/949 1016/77/1016
f 1015/76/1015 1014/75/1014 947/86/947
f 947/86/947 948/87/948 1015/76/1015
f 1014/75/1014 1013/74/1013 946/85/946
f 946/85/946 947/86/947 1014/75/1014
f 1013/74/1013 1012/73/1012 945/84/945
f 945/84/945 946/85/946 1013/74/1013
f 1012/73/1012 1019/67/1019 952/64/952
f 952/64/952 945/84/945 1012/73/1012
f 1659/206/1659 1675/207/1675 1674/208/1674
f 1659/206/1659 1658/209/1658 1675/207/1675
f 1658/209/1658 1673/210/1673 1675/207/1675
f 1658/209/1658 1672/211/1672 1673/210/1673
f 1672/211/1672 1671/210/1671 1673/210/1673
f 1672/211/1672 1670/211/1670 1671/210/1671
f 1670/211/1670 1669/207/1669 1671/210/1671
f 1670/211/1670 1668/209/1668 1669/207/1669
f 1668/209/1668 1667/208/1667 1669/207/1669
f 1668/209/1668 1666/206/1666 1667/208/1667
f 1666/206/1666 1665/212/1665 1667/208/1667
f 1666/206/1666 1664/213/1664 1665/212/1665
f 1664/213/1664 1663/214/1663 1665/212/1665
f 1664/213/1664 1662/215/1662 1663/214/1663
f 1662/215/1662 1657/214/1657 1663/214/1663
f 1662/215/1662 1661/215/1661 1657/214/1657
f 1661/215/1661 1656/212/1656 1657/214/1657
f 1661/215/1661 1660/213/1660 1656/212/1656
f 1660/213/1660 1674/208/1674 1656/212/1656
f 1660/213/1660 1659/206/1659 1674/208/1674
f 1711/231/1711 1696/216/1696 1697/217/1697
f 1696/216/1696 300/4/300 1697/217/1697
f 1712/232/1712 1697/217/1697 1698/218/1698
f 1697/217/1697 302/8/302 1698/218/1698
f 1713/233/1713 1698/218/1698 1699/219/1699
f 1698/218/1698 304/9/304 1699/219/1699
f 1714/234/1714 1699/219/1699 1700/220/1700
f 1699/219/1699 306/6/306 1700/220/1700
f 1715/235/1715 1700/220/1700 1701/221/1701
f 1700/220/1700 322/6/322 1701/221/1701
f 1706/226/1706 1701/221/1701 1702/222/1702
f 1701/221/1701 324/9/324 1702/222/1702
f 1707/227/1707 1702/222/1702 1703/223/1703
f 1702/222/1702 323/8/323 1703/223/1703
f 1708/228/1708 1703/223/1703 1704/224/1704
f 1703/223/1703 12/4/12 1704/224/1704
f 1709/229/1709 1704/224/1704 1705/225/1705
f 1704/224/1704 13/2/13 1705/225/1705
f 1710/230/1710 1705/225/1705 1696/216/1696
f 1705/225/1705 298/2/298 1696/216/1696
f 295/3/295 1706/226/1706 1707/227/1707
f 1706/226/1706 1702/222/1702 1707/227/1707
g fff0a81b_00347_007f5a2e_e24
f 1393/101/1393 1515/102/1515 1514/103/1514
f 1393/101/1393 1392/104/1392 1515/102/1515
f 1392/104/1392 1513/105/1513 1515/102/1515
f 1392/104/1392 1500/106/1500 1513/105/1513
f 1500/106/1500 1499/105/1499 1513/105/1513
f 1500/106/1500 1498/106/1498 1499/105/1499
f 1498/106/1498 1497/102/1497 1499/105/1499
f 1498/106/1498 1496/104/1496 1497/102/1497
f 1496/104/1496 1495/103/1495 1497/102/1497
f 1496/104/1496 1494/101/1494 1495/103/1495
f 1494/101/1494 1493/107/1493 1495/103/1495
f 1494/101/1494 1492/108/1492 1493/107/1493
f 1492/108/1492 1491/109/1491 1493/107/1493
f 1492/108/1492 1490/110/1490 1491/109/1491
f 1490/110/1490 1318/109/1318 1491/109/1491
f 1490/110/1490 1489/110/1489 1318/109/1318
f 1489/110/1489 1317/107/1317 1318/109/1318
f 1489/110/1489 1488/108/1488 1317/107/1317
f 1488/108/1488 1514/103/1514 1317/107/1317
f 1488/108/1488 1393/101/1393 1514/103/1514
f 1544/47/1544 1385/63/1385 1384/46/1384
f 1544/47/1544 1543/62/1543 1385/63/1385
f 1543/62/1543 1383/61/1383 1385/63/1385
f 1543/62/1543 1542/60/1542 1383/61/1383
f 1542/60/1542 1382/45/1382 1383/61/1383
f 1542/60/1542 1541/44/1541 1382/45/1382
f 1541/44/1541 1381/43/1381 1382/45/1382
f 1541/44/1541 1540/42/1540 1381/43/1381
f 1540/42/1540 1380/41/1380 1381/43/1381
f 1540/42/1540 1523/72/1523 1380/41/1380
f 1523/72/1523 1379/71/1379 1380/41/1380
f 1523/72/1523 1378/70/1378 1379/71/1379
f 1378/70/1378 1339/69/1339 1379/71/1379
f 1378/70/1378 1338/59/1338 1339/69/1339
f 1338/59/1338 1337/58/1337 1339/69/1339
f 1338/59/1338 1336/57/1336 1337/58/1337
f 1336/57/1336 1335/56/1335 1337/58/1337
f 1336/57/1336 1334/55/1334 1335/56/1335
f 1334/55/1334 1384/46/1384 1335/56/1335
f 1334/55/1334 1544/47/1544 1384/46/1384
f 1384/46/1384 1385/63/1385 1333/54/1333
f 1333/54/1333 1332/53/1332 1384/46/1384
f 1384/46/1384 1455/52/1455 1335/56/1335
f 1455/52/1455 1384/46/1384 1332/53/1332
f 1385/63/1385 1383/61/1383 1454/51/1454
f 1454/51/1454 1333/54/1333 1385/63/1385
f 1383/61/1383 1382/45/1382 1453/50/1453
f 1453/50/1453 1454/51/1454 1383/61/1383
f 1382/45/1382 1381/43/1381 1452/49/1452
f 1452/49/1452 1453/50/1453 1382/45/1382
f 1381/43/1381 1380/41/1380 1451/48/1451
f 1451/48/1451 1452/49/1452 1381/43/1381
f 1380/41/1380 1379/71/1379 1450/83/1450
f 1450/83/1450 1451/48/1451 1380/41/1380
f 1379/71/1379 1339/69/1339 1449/82/1449
f 1449/82/1449 1450/83/1450 1379/71/1379
f 1339/69/1339 1337/58/1337 1448/81/1448
f 1448/81/1448 1449/82/1449 1339/69/1339
f 1337/58/1337 1335/56/1335 1455/52/1455
f 1455/52/1455 1448/81/1448 1337/58/1337
f 1332/53/1332 1333/54/1333 1447/80/1447
f 1447/80/1447 1446/68/1446 1332/53/1332
f 1332/53/1332 1512/67/1512 1455/52/1455
f 1512/67/1512 1332/53/1332 1446/68/1446
f 1333/54/1333 1454/51/1454 1445/79/1445
f 1445/79/1445 1447/80/1447 1333/54/1333
f 1454/51/1454 1453/50/1453 1444/78/1444
f 1444/78/1444 1445/79/1445 1454/51/1454
f 1453/50/1453 1452/49/1452 1443/77/1443
f 1443/77/1443 1444/78/1444 1453/50/1453
f 1452/49/1452 1451/48/1451 1442/76/1442
f 1442/76/1442 1443/77/1443 1452/49/1452
f 1451/48/1451 1450/83/1450 1420/75/1420
f 1420/75/1420 1442/76/1442 1451/48/1451
f 1450/83/1450 1449/82/1449 1419/74/1419
f 1419/74/1419 1420/75/1420 1450/83/1450
f 1449/82/1449 1448/81/1448 1511/73/1511
f 1511/73/1511 1419/74/1419 1449/82/1449
f 1448/81/1448 1455/52/1455 1512/67/1512
f 1512/67/1512 1511/73/1511 1448/81/1448
f 1446/68/1446 1447/80/1447 1510/66/1510
f 1510/66/1510 1509/65/1509 1446/68/1446
f 1446/68/1446 1508/64/1508 1512/67/1512
f 1508/64/1508 1446/68/1446 1509/65/1509
f 1447/80/1447 1445/79/1445 1507/90/1507
f 1507/90/1507 1510/66/1510 1447/80/1447
f 1445/79/1445 1444/78/1444 1506/89/1506
f 1506/89/1506 1507/90/1507 1445/79/1445
f 1444/78/1444 1443/77/1443 1505/88/1505
f 1505/88/1505 1506/89/1506 1444/78/1444
f 1443/77/1443 1442/76/1442 1504/87/1504
f 1504/87/1504 1505/88/1505 1443/77/1443
f 1442/76/1442 1420/75/1420 1503/86/1503
f 1503/86/1503 1504/87/1504 1442/76/1442
f 1420/75/1420 1419/74/1419 1502/85/1502
f 1502/85/1502 1503/86/1503 1420/75/1420
f 1419/74/1419 1511/73/1511 1501/84/1501
f 1501/84/1501 1502/85/1502 1419/74/1419
f 1511/73/1511 1512/67/1512 1508/64/1508
f 1508/64/1508 1501/84/1501 1511/73/1511
g fff0a81b_00347_007f5a2e_e25
f 1143/101/1143 1265/102/1265 1264/103/1264
f 1143/101/1143 1142/104/1142 1265/102/1265
f 1142/104/1142 1263/105/1263 1265/102/1265
f 1142/104/1142 1250/106/1250 1263/105/1263
f 1250/106/1250 1249/105/1249 1263/105/1263
f 1250/106/1250 1248/106/1248 1249/105/1249
f 1248/106/1248 1247/102/1247 1249/105/1249
f 1248/106/1248 1246/104/1246 1247/102/1247
f 1246/104/1246 1245/103/1245 1247/102/1247
f 1246/104/1246 1244/101/1244 1245/103/1245
f 1244/101/1244 1243/107/1243 1245/103/1245
f 1244/101/1244 1242/108/1242 1243/107/1243
f 1242/108/1242 1241/109/1241 1243/107/1243
f 1242/108/1242 1240/110/1240 1241/109/1241
f 1240/110/1240 1068/109/1068 1241/109/1241
f 1240/110/1240 1239/110/1239 1068/109/1068
f 1239/110/1239 1067/107/1067 1068/109/1068
f 1239/110/1239 1238/108/1238 1067/107/1067
f 1238/108/1238 1264/103/1264 1067/107/1067
f 1238/108/1238 1143/101/1143 1264/103/1264
f 1294/47/1294 1135/63/1135 1134/46/1134
f 1294/47/1294 1293/62/1293 1135/63/1135
f 1293/62/1293 1133/61/1133 1135/63/1135
f 1293/62/1293 1292/60/1292 1133/61/1133
f 1292/60/1292 1132/45/1132 1133/61/1133
f 1292/60/1292 1291/44/1291 1132/45/1132
f 1291/44/1291 1131/43/1131 1132/45/1132
f 1291/44/1291 1290/42/1290 1131/43/1131
f 1290/42/1290 1130/41/1130 1131/43/1131
f 1290/42/1290 1273/72/1273 1130/41/1130
f 1273/72/1273 1129/71/1129 1130/41/1130
f 1273/72/1273 1128/70/1128 1129/71/1129
f 1128/70/1128 1089/69/1089 1129/71/1129
f 1128/70/1128 1088/59/1088 1089/69/1089
f 1088/59/1088 1087/58/1087 1089/69/1089
f 1088/59/1088 1086/57/1086 1087/58/1087
f 1086/57/1086 1085/56/1085 1087/58/1087
f 1086/57/1086 1084/55/1084 1085/56/1085
f 1084/55/1084 1134/46/1134 1085/56/1085
f 1084/55/1084 1294/47/1294 1134/46/1134
f 1134/46/1134 1135/63/1135 1083/54/1083
f 1083/54/1083 1082/53/1082 1134/46/1134
f 1134/46/1134 1205/52/1205 1085/56/1085
f 1205/52/1205 1134/46/1134 1082/53/1082
f 1135/63/1135 1133/61/1133 1204/51/1204
f 1204/51/1204 1083/54/1083 1135/63/1135
f 1133/61/1133 1132/45/1132 1203/50/1203
f 1203/50/1203 1204/51/1204 1133/61/1133
f 1132/45/1132 1131/43/1131 1202/49/1202
f 1202/49/1202 1203/50/1203 1132/45/1132
f 1131/43/1131 1130/41/1130 1201/48/1201
f 1201/48/1201 1202/49/1202 1131/43/1131
f 1130/41/1130 1129/71/1129 1200/83/1200
f 1200/83/1200 1201/48/1201 1130/41/1130
f 1129/71/1129 1089/69/1089 1199/82/1199
f 1199/82/1199 1200/83/1200 1129/71/1129
f 1089/69/1089 1087/58/1087 1198/81/1198
f 1198/81/1198 1199/82/1199 1089/69/1089
f 1087/58/1087 1085/56/1085 1205/52/1205
f 1205/52/1205 1198/81/1198 1087/58/1087
f 1082/53/1082 1083/54/1083 1197/80/1197
f 1197/80/1197 1196/68/1196 1082/53/1082
f 1082/53/1082 1262/67/1262 1205/52/1205
f 1262/67/1262 1082/53/1082 1196/68/1196
f 1083/54/1083 1204/51/1204 1195/79/1195
f 1195/79/1195 1197/80/1197 1083/54/1083
f 1204/51/1204 1203/50/1203 1194/78/1194
f 1194/78/1194 1195/79/1195 1204/51/1204
f 1203/50/1203 1202/49/1202 1193/77/1193
f 1193/77/1193 1194/78/1194 1203/50/1203
f 1202/49/1202 1201/48/1201 1192/76/1192
f 1192/76/1192 1193/77/1193 1202/49/1202
f 1201/48/1201 1200/83/1200 1170/75/1170
f 1170/75/1170 1192/76/1192 1201/48/1201
f 1200/83/1200 1199/82/1199 1169/74/1169
f 1169/74/1169 1170/75/1170 1200/83/1200
f 1199/82/1199 1198/81/1198 1261/73/1261
f 1261/73/1261 1169/74/1169 1199/82/1199
f 1198/81/1198 1205/52/1205 1262/67/1262
f 1262/67/1262 1261/73/1261 1198/81/1198
f 1196/68/1196 1197/80/1197 1260/66/1260
f 1260/66/1260 1259/65/1259 1196/68/1196
f 1196/68/1196 1258/64/1258 1262/67/1262
f 1258/64/1258 1196/68/1196 1259/65/1259
f 1197/80/1197 1195/79/1195 1257/90/1257
f 1257/90/1257 1260/66/1260 1197/80/1197
f 1195/79/1195 1194/78/1194 1256/89/1256
f 1256/89/1256 1257/90/1257 1195/79/1195
f 1194/78/1194 1193/77/1193 1255/88/1255
f 1255/88/1255 1256/89/1256 1194/78/1194
f 1193/77/1193 1192/76/1192 1254/87/1254
f 1254/87/1254 1255/88/1255 1193/77/1193
f 1192/76/1192 1170/75/1170 1253/86/1253
f 1253/86/1253 1254/87/1254 1192/76/1192
f 1170/75/1170 1169/74/1169 1252/85/1252
f 1252/85/1252 1253/86/1253 1170/75/1170
f 1169/74/1169 1261/73/1261 1251/84/1251
f 1251/84/1251 1252/85/1252 1169/74/1169
f 1261/73/1261 1262/67/1262 1258/64/1258
f 1258/64/1258 1251/84/1251 1261/73/1261
