# fff0aa7b_00031_0014c4fd
o fff0aa7b_00031_0014c4fd
v -0.328143 1.635267 0.019754
v -0.420062 1.710544 0.019755
v 0.451622 0.960098 0.304651
v 0.539575 0.960098 0.304651
v 0.451622 1.095908 0.193373
v 0.451622 1.155923 0.541032
v 0.451622 0.990019 0.478481
v -0.332325 1.450954 1.074350
v -0.332325 1.490403 1.074350
v -0.215959 1.677562 0.019753
v -0.195696 1.795135 0.019754
v -0.209880 1.450954 1.221227
v -0.228592 1.450954 1.112738
v -0.228592 1.490403 1.112738
v -0.209880 1.490403 1.221227
v -0.417389 1.450954 1.144453
v -0.417389 1.490403 1.144453
v -0.398678 1.450954 1.252943
v -0.294902 1.450954 1.291329
v -0.294902 1.490403 1.291329
v -0.398678 1.490403 1.252943
v 0.451622 1.261768 0.255923
v 0.451622 1.291776 0.429751
v 1.975194 1.576263 0.199392
v 3.206494 -0.038624 0.200879
v 3.206494 1.576263 0.200878
v 3.205243 -0.038624 0.709835
v 3.205243 1.576263 0.709835
v -0.377552 1.806560 0.981629
v -0.392426 1.719426 0.981628
v -0.393892 1.683598 1.086756
v -0.327194 1.584823 1.093707
v -0.395530 1.613279 1.142154
v -0.380527 1.656781 1.217699
v -0.378974 1.759091 1.130338
v -0.295721 1.785994 1.145886
v -0.294341 1.837818 0.981629
v -0.226048 1.781899 0.981628
v -0.240966 1.694808 0.981628
v -0.227428 1.737491 1.117862
v -0.324133 1.663550 0.981628
v -0.243897 1.599870 1.120787
v -0.325599 1.635051 1.058741
v -0.242345 1.661998 1.074297
v 2.644154 0.667057 1.269088
v 2.675541 0.583890 1.269087
v 2.619751 0.515769 1.269087
v 2.532575 0.530816 1.269088
v 2.501231 0.613940 1.269088
v 2.557021 0.682060 1.269088
v 2.328385 0.673007 1.777814
v 2.328385 0.589624 1.808663
v 2.328385 0.521288 1.752315
v 2.328385 0.536335 1.665133
v 2.328385 0.688053 1.690623
v 2.328385 0.619717 1.634284
v 2.663642 0.690813 1.265039
v 2.705937 0.578630 1.265041
v 2.332999 -0.038624 1.069105
v 1.973986 1.576263 0.708348
v 1.973986 -0.038624 0.708348
v 2.031759 1.813004 0.684558
v 2.818163 1.813004 1.012509
v 1.975194 -0.038624 0.199392
v 2.335974 -0.038624 -0.159624
v 3.144969 1.813004 0.687253
v 2.841919 -0.038624 1.070336
v 2.357056 1.813004 1.011394
v 2.332955 1.576263 1.069105
v 2.841919 1.576263 1.070336
v 2.032880 1.813004 0.223460
v -0.297230 1.671828 1.244773
v -0.228894 1.643329 1.196324
v 2.325971 0.519649 1.651371
v 2.325971 0.500938 1.759860
v 2.325971 0.623382 1.612984
v 2.513130 0.507017 1.265039
v 2.513130 0.507017 1.153882
v 2.630702 0.486753 1.265040
v 2.630702 0.486753 1.153883
v 2.325971 0.585959 1.829962
v 2.325971 0.689735 1.791575
v 2.325971 0.708447 1.683086
v 2.705937 0.578630 1.153883
v 2.663642 0.690813 1.153882
v 2.470835 0.619200 1.265040
v 2.546070 0.711120 1.265041
v 2.546070 0.711120 1.153883
v 2.470835 0.619200 1.153883
v 2.820837 -0.275408 -0.100680
v 2.357056 -0.275408 1.011394
v 2.818163 -0.275408 1.012509
v 2.031803 -0.275408 0.684558
v 2.156791 1.959204 0.633131
v 2.359730 -0.275408 -0.101796
v 2.032923 -0.275408 0.223461
v 3.146090 1.813004 0.226154
v 3.146090 -0.275365 0.226154
v 3.144969 -0.275365 0.687253
v 2.409095 1.959204 0.886633
v 2.766728 1.959204 0.887498
v 3.020196 1.959204 0.635220
v 2.157653 1.959204 0.275489
v 2.617423 0.517106 1.520262
v 2.673342 0.585442 1.520262
v 2.594616 0.670032 1.668971
v 2.642128 0.668609 1.520262
v 2.519123 0.684949 1.625389
v 2.554994 0.683483 1.520262
v 2.470619 0.616656 1.597375
v 2.499118 0.615190 1.520261
v 2.497566 0.533403 1.612931
v 2.530333 0.532023 1.520262
v 2.286521 0.519649 1.651371
v 2.286521 0.500938 1.759860
v 2.286521 0.623382 1.612984
v 2.286521 0.585959 1.829962
v 2.286521 0.708447 1.683086
v 2.286521 0.689735 1.791575
v 2.157653 -0.421565 0.275489
v 2.156791 -0.421565 0.633131
v 2.411165 -0.421565 0.023211
v 2.768797 -0.421565 0.024076
v 3.021102 -0.421565 0.277579
v 3.020240 -0.421565 0.635220
v 2.766728 -0.421565 0.887498
v 2.409095 -0.421565 0.886633
v 3.021059 1.959204 0.277579
v 2.507353 0.588287 1.783407
v 2.492306 0.671627 1.756332
v 2.621562 0.586778 1.684519
v 2.448847 0.686588 1.680788
v 2.420348 0.618252 1.632339
v 2.435395 0.534955 1.659419
v 2.478897 0.519951 1.734958
v 2.573016 0.518485 1.656495
v 2.317650 0.638429 1.676521
v 2.317650 0.662400 1.740067
v 1.817589 0.620062 1.789381
v 1.817589 0.663133 1.737149
v 1.817589 0.639550 1.673415
v 1.817589 0.572896 1.661929
v 1.817589 0.529781 1.714160
v 1.817589 0.553408 1.777894
v 2.482864 -0.532541 0.197475
v 2.696279 -0.532541 0.197992
v 2.846317 -0.532541 0.562689
v 2.846834 -0.532541 0.349268
v 2.331058 -0.532541 0.561442
v 2.331576 -0.532541 0.348022
v 2.481614 -0.532541 0.712718
v 2.695029 -0.532541 0.713235
v 2.317650 0.619760 1.792134
v 2.317650 0.553149 1.780647
v 2.317650 0.529177 1.717094
v 2.317650 0.571818 1.665028
v 1.816123 0.507448 1.710278
v 1.774647 0.507448 1.710278
v 1.816123 0.564962 1.640485
v 1.774647 0.564962 1.640485
v 1.816123 0.685510 1.740993
v 1.816123 0.654036 1.655838
v 1.774647 0.654036 1.655838
v 1.774647 0.685510 1.740993
v 1.816123 0.538921 1.795433
v 1.816123 0.627995 1.810786
v 1.774647 0.627995 1.810786
v 1.774647 0.538921 1.795433
v 1.011547 2.239297 0.017421
v 1.993258 2.239297 0.269131
v 1.993258 2.239297 0.017421
v 1.993258 0.060907 0.017421
v 1.993258 0.060907 0.879148
v 1.741105 0.530730 1.777814
v 1.741105 0.614199 1.808663
v 1.741105 0.682535 1.752315
v 1.741105 0.667488 1.665133
v 1.741105 0.515726 1.690623
v 1.741105 0.584105 1.634284
v 1.425293 0.536766 0.988290
v 1.393948 0.619890 0.988289
v 1.449738 0.688010 0.988289
v 1.536873 0.673007 0.988290
v 1.568259 0.589796 0.988290
v 1.512470 0.521676 0.988289
v 1.405848 0.512966 0.984241
v 1.363553 0.625150 0.984243
v 1.438787 0.717069 0.984241
v 1.556360 0.696806 0.984241
v 1.011547 0.060907 0.879148
v 0.306758 0.049007 0.035958
v 0.306758 0.049007 0.521848
v -0.526296 0.049007 0.521848
v -0.526296 0.049007 0.035958
v 1.011547 2.239297 0.269131
v 1.011547 1.880113 0.879148
v 1.993258 1.880156 0.879148
v 1.121617 0.116266 0.883066
v 1.875729 0.116266 0.883066
v 1.875729 1.139539 0.883066
v 1.121617 1.139539 0.883066
v 0.879358 0.049007 0.291061
v 0.879358 0.049007 0.514247
v 1.050436 0.059958 0.759479
v 1.168870 0.059958 0.759479
v 1.109674 0.059958 0.857878
v 1.523421 0.492703 0.984243
v 1.523421 0.492703 0.873086
v 1.405848 0.512966 0.873084
v 1.743519 0.495376 1.683086
v 1.743519 0.580397 1.612984
v 1.743519 0.684173 1.651371
v 1.743519 0.702885 1.759860
v 1.782968 0.514087 1.791575
v 1.782968 0.617820 1.829962
v 1.743519 0.617820 1.829962
v 1.743519 0.514087 1.791575
v 1.438787 0.717069 0.873085
v 1.363553 0.625150 0.873086
v 1.598655 0.584623 0.984241
v 1.598655 0.584623 0.873085
v 1.556360 0.696806 0.873084
v 1.227247 0.058924 0.840531
v 1.227247 0.058924 0.734922
v 1.711161 0.058924 0.734922
v 1.711161 0.058924 0.840531
v 0.847713 0.612252 0.670211
v 0.093558 0.240003 0.670211
v 0.847713 0.240003 0.670211
v 0.093558 0.612209 0.670211
v 0.395444 0.049007 0.514247
v 0.395444 0.049007 0.291061
v 1.474874 0.533748 1.668971
v 1.447928 0.617044 1.684519
v 1.550367 0.518830 1.625389
v 1.598871 0.587123 1.597375
v 1.514496 0.520296 1.520262
v 1.571924 0.670334 1.612931
v 1.570372 0.588589 1.520261
v 1.496474 0.685337 1.656495
v 1.452024 0.686631 1.520262
v 1.539158 0.671799 1.520262
v 1.427362 0.535214 1.520262
v 1.396147 0.618338 1.520262
v 1.782968 0.495376 1.683086
v 1.782968 0.580397 1.612984
v 1.782968 0.702885 1.759860
v 1.782968 0.684173 1.651371
v 0.329350 0.283549 0.676134
v 0.788905 0.482909 0.676134
v 0.329350 0.482909 0.676134
v 0.316976 0.493429 0.676134
v 0.316976 0.270270 0.676134
v 0.788905 0.283549 0.676134
v 0.800890 0.270270 0.676134
v 0.800890 0.493429 0.676134
v 0.407775 0.049007 0.304385
v 0.867373 0.049007 0.503731
v 0.407775 0.049007 0.503731
v 0.867373 0.049007 0.304385
v 1.223151 0.055992 -0.011155
v 1.886982 0.055992 0.655485
v 1.223151 0.055992 0.655485
v 1.886982 0.055992 -0.011155
v 1.634095 0.668868 1.659419
v 1.649142 0.585571 1.632339
v 1.620643 0.517192 1.680788
v 1.577141 0.532196 1.756332
v 1.562094 0.615492 1.783407
v 1.590593 0.683872 1.734958
v 2.781689 0.578062 1.110154
v 2.778541 0.575432 1.039011
v 2.475879 0.463982 1.110154
v 2.661227 0.432897 1.110154
v 2.409914 0.635879 1.039011
v 2.411035 0.640104 1.110154
v 2.529384 0.781691 1.039011
v 2.531497 0.785226 1.110154
v 2.716845 0.754227 1.110154
v 2.713740 0.751468 1.039011
v 0.049107 1.274271 0.421494
v 0.277656 1.538562 0.387235
v 0.277656 1.560895 0.326886
v 0.277656 1.664800 0.365470
v 0.277656 1.642467 0.425819
v 0.277656 1.579348 0.436702
v 1.553105 0.168175 0.885823
v 1.597470 0.168175 0.885823
v 1.529478 0.229570 0.885826
v 1.597470 0.269666 0.885823
v 1.358228 0.269666 0.885823
v 1.358228 0.168175 0.885823
v 1.402162 0.168175 0.885823
v 1.425832 0.229570 0.885826
v 1.011547 0.060907 0.662661
v -0.608170 0.060907 0.017421
v 1.011547 0.753925 0.879148
v -0.608170 0.060907 0.662661
v 1.011547 0.753925 0.662661
v 1.011547 0.753925 0.017421
v -0.608170 0.753882 0.017421
v -0.608170 0.753882 0.662661
v 2.474715 0.459843 1.039011
v 2.659029 0.429620 1.039011
v -0.239715 0.886243 1.239181
v -0.323098 0.886243 1.270030
v 0.152538 1.274271 0.383069
v 0.129860 1.274271 0.322891
v 0.026429 1.274271 0.361312
v 0.112183 1.274271 0.432372
v 2.682957 0.373658 1.114338
v 2.682957 0.373658 1.162467
v 2.435352 0.415133 1.114338
v 2.435352 0.415133 1.162467
v 2.509681 0.844422 1.114338
v 2.348692 0.650494 1.114338
v 2.348692 0.650494 1.162467
v 2.509681 0.844422 1.162467
v 2.843946 0.567629 1.114338
v 2.757286 0.802989 1.114338
v 2.757286 0.802989 1.162467
v 2.843946 0.567629 1.162467
v 0.058851 1.271340 0.291002
v 0.058851 1.190888 0.291002
v 0.120073 1.271340 0.453382
v 0.035009 1.271340 0.438706
v 0.004398 1.271340 0.357516
v 0.004398 1.190888 0.357516
v 0.035009 1.190888 0.438706
v 0.143959 1.271340 0.305679
v 0.174570 1.271340 0.386869
v 0.174570 1.190888 0.386869
v 0.143959 1.190888 0.305679
v -0.381949 0.453850 0.703904
v -0.396953 0.366759 0.703902
v -0.328832 0.310970 0.703902
v -0.230661 0.429447 0.703903
v -0.245708 0.342270 0.703904
v -0.376431 0.886243 1.126499
v -0.224668 0.886243 1.151989
v -0.391434 0.886243 1.213682
v 0.962181 1.016405 0.448624
v 0.962181 1.139625 0.494236
v 0.962181 1.240685 0.410932
v -0.334092 0.280531 0.726408
v -0.426012 0.355808 0.726407
v 0.307965 1.550936 0.314811
v 0.279423 1.550936 0.314811
v 0.307965 1.629447 0.301270
v 0.279423 1.629447 0.301270
v -0.405705 0.473338 0.726407
v -0.293522 0.515633 0.726407
v 0.307965 1.652427 0.437905
v 0.307965 1.680192 0.362818
v 0.279423 1.680192 0.362818
v 0.279423 1.652427 0.437905
v 0.120073 1.190888 0.453382
v 0.279423 1.573915 0.451449
v 0.279423 1.523170 0.389902
v 0.307965 1.523170 0.389902
v 0.307965 1.573915 0.451449
v -0.201645 0.440398 0.726408
v -0.221909 0.322783 0.726407
v -1.728493 1.103668 0.238354
v -1.728493 1.248834 0.413566
v -1.728493 1.148119 0.496051
v -1.728493 1.002953 0.320837
v -1.728493 1.025200 0.449687
v 0.962181 0.994158 0.319707
v 0.962181 1.095218 0.236403
v -0.334092 0.280531 0.665646
v -0.426012 0.355808 0.665644
v -1.734454 1.095908 0.193373
v -0.223030 0.888657 1.252943
v -0.223030 0.928107 1.252943
v -1.734454 1.291776 0.429751
v -1.734454 1.261768 0.255923
v -0.293522 0.515633 0.665644
v -0.405705 0.473338 0.665644
v -0.221909 0.322783 0.665644
v -0.201645 0.440398 0.665646
v -1.734454 0.960055 0.304651
v -0.204319 0.888657 1.144453
v -0.289340 0.888657 1.074350
v -0.393073 0.928107 1.112738
v -0.393073 0.888657 1.112738
v -0.326763 0.928107 1.291329
v -0.411784 0.928107 1.221227
v -0.411784 0.888657 1.221227
v -0.326763 0.888657 1.291329
v -1.734454 0.990019 0.478481
v -1.734454 1.155879 0.541032
v -1.822482 0.990019 0.478481
v -0.395617 0.369001 0.981628
v -0.327324 0.313125 0.981629
v -0.226134 0.537621 1.142154
v -0.242690 0.391852 1.130338
v -0.227773 0.467302 1.086756
v -0.229239 0.431431 0.981628
v -0.379319 0.488902 1.074297
v -0.380742 0.456092 0.981628
v -0.325944 0.364949 1.145886
v -0.241138 0.494076 1.217699
v -0.394280 0.413409 1.117862
v -0.244113 0.344340 0.981629
v -1.822482 1.095908 0.193373
v -1.822482 1.291776 0.429751
v 0.965802 1.145058 0.525723
v 0.965802 0.991657 0.468971
v 1.024093 0.991657 0.468971
v 1.024093 1.145058 0.525723
v 0.965802 1.270779 0.422072
v 1.024093 1.270779 0.422072
v 0.965802 1.243186 0.261668
v 0.965802 0.963978 0.308567
v 0.965802 1.089786 0.204915
v 1.024093 1.089786 0.204915
v -1.822482 0.960055 0.304651
v -0.204319 0.928107 1.144453
v -0.289340 0.928107 1.074350
v -1.822482 1.155879 0.541032
v 0.084978 1.563697 0.423664
v 0.155211 1.523127 0.324776
v 0.065491 1.574950 0.363408
v 0.027981 1.456041 0.362423
v 0.211087 1.537182 0.386187
v 0.131498 1.456041 0.323765
v 0.190479 1.572234 0.435644
v 0.159005 1.626903 0.424797
v 0.139604 1.532138 0.434466
v 0.050573 1.456041 0.422631
v 0.174742 1.511874 0.385025
v 0.113649 1.456041 0.433401
v 0.154090 1.456041 0.383965
v -0.377810 0.551030 1.120787
v -0.392814 0.507527 1.196324
v -0.324435 0.479072 1.244773
v -0.259484 0.894392 1.224185
v -0.317947 0.894392 1.257556
v -0.376065 0.894392 1.222979
v -0.375720 0.894392 1.155116
v -0.259139 0.894392 1.156238
v -0.256983 1.456688 1.153737
v -0.257846 1.456688 1.221685
v -0.316653 1.456688 1.255055
v -0.374858 1.456688 1.220478
v -0.373995 1.456688 1.152616
v 1.024093 0.963978 0.308567
v 0.285416 1.560809 0.352580
v 0.285416 1.598534 0.321721
v 0.285416 1.652815 0.387272
v 0.285416 1.615133 0.418131
v 0.285416 1.569130 0.400785
v 0.148097 1.646520 0.364492
v 0.200179 1.556756 0.325886
v -0.381949 1.478762 1.239181
v -0.298566 1.478762 1.270030
v -0.230230 1.478762 1.213682
v -0.245277 1.478762 1.126499
v 0.983867 1.568957 0.401588
v 0.983867 1.615090 0.418653
v 0.983867 1.652858 0.387486
v 0.983867 1.560593 0.353357
v 0.983867 1.598447 0.322191
v 0.984945 1.556195 0.412065
v -0.239759 1.697050 0.112117
v -0.322883 1.665706 0.112117
v -0.391003 1.721495 0.112117
v -0.375999 1.808629 0.112117
v -0.224711 1.784184 0.112116
v -0.396996 1.478762 1.151989
v -0.328143 1.635267 0.130912
v -0.420062 1.710544 0.130912
v 0.539575 1.095908 0.193373
v 0.539575 0.990019 0.478481
v 0.539575 1.155923 0.541032
v 1.014996 1.668379 0.393223
v 0.984945 1.657255 0.328778
v 0.984945 1.668379 0.393223
v 1.014996 1.556195 0.412065
v 1.014996 1.617849 0.434866
v 0.984945 1.617849 0.434866
v -0.195696 1.795135 0.130912
v -0.215959 1.677562 0.130912
v -0.399755 1.828074 0.019753
v -0.399755 1.828074 0.130911
v -0.287572 1.870412 0.130912
v 0.539575 1.291776 0.429751
v 0.539575 1.261768 0.255923
v 1.014996 1.595602 0.305976
v 1.014996 1.545072 0.347620
v 0.984945 1.545072 0.347620
v 0.984945 1.595602 0.305976
v -2.118850 1.125613 -0.016631
v -2.269922 0.970963 -0.016630
v -1.817438 1.088837 0.161162
v -1.888965 1.095002 0.161162
v -1.797994 1.310789 0.428462
v -1.800969 1.276901 0.231023
v -1.872495 1.283153 0.231023
v -1.869520 1.317084 0.428462
v -1.830933 0.934660 0.288742
v -1.902416 0.940912 0.288741
v -1.827958 0.968548 0.486180
v -1.811489 1.156612 0.556040
v -1.883015 1.162907 0.556040
v -1.899485 0.974800 0.486180
v -2.469283 1.063227 -0.007579
v -2.313683 1.022441 -0.007580
v -2.248969 1.014034 0.183740
v -2.059309 1.119362 0.196388
v -2.121739 0.999935 0.284558
v -2.198224 1.034039 0.422041
v -2.383486 1.053138 0.263052
v -2.419055 1.208307 0.291348
v -2.512785 1.218999 -0.007579
v -2.400559 1.333941 -0.007581
v -2.320280 1.324456 0.240348
v -2.201543 1.137383 -0.007581
v -2.150151 1.130226 0.132756
v -2.212321 1.187439 0.471313
v -2.149806 1.306866 0.383142
v -1.901295 1.005497 0.461135
v -1.888059 1.156612 0.517277
v -1.877238 1.280566 0.414730
v -1.903666 0.978206 0.302457
v -1.892845 1.102159 0.199926
v -2.118850 1.125613 0.100045
v -2.269922 0.970963 0.100046
v -2.387667 1.391154 0.100045
v -2.177744 1.335752 0.100045
v -2.538740 1.236503 -0.016630
v -2.479760 1.026364 -0.016631
v -2.479760 1.026364 0.100044
v -2.538740 1.236503 0.100046
v -0.747515 -0.091976 0.037026
v 2.946213 -0.091976 0.037026
v 2.946213 2.266934 0.037026
v -0.299225 1.947938 0.037026
v -1.237552 -0.363165 0.037026
v 3.436206 -0.363122 0.037026
v 3.436206 2.538123 0.037026
v 0.921567 0.775482 0.037026
v 0.914626 2.266891 0.037026
v -0.747558 0.799282 0.037026
v 0.548845 2.266891 0.037026
v 0.970028 2.538080 0.037026
v 0.609549 1.165968 0.037026
v -0.747558 1.022527 0.037026
v -1.237552 0.967341 0.037026
v -0.745144 2.526784 0.037026
v -1.237552 1.928616 0.037026
v 0.011123 2.534415 0.037026
v 1.287985 1.568438 0.888143
v 1.439014 1.723040 0.888144
v 0.931570 1.605171 1.520665
v 1.087557 1.599049 1.520665
v 1.346878 1.358299 0.888142
v 1.556802 1.302854 0.888143
v 0.912168 1.383219 1.787965
v 0.915143 1.417107 1.590527
v 1.071087 1.410898 1.590527
v 1.068113 1.376924 1.787965
v 0.945065 1.759429 1.648245
v 1.101009 1.753134 1.648245
v 0.942090 1.725454 1.845684
v 0.925663 1.537395 1.915544
v 1.081607 1.531101 1.915544
v 1.098077 1.719246 1.845684
v 1.606340 1.630776 0.959772
v 1.450741 1.671562 0.959771
v 1.447561 1.680012 1.543244
v 1.257902 1.574733 1.555892
v 1.320331 1.694067 1.644061
v 1.396816 1.660007 1.781545
v 1.582078 1.640864 1.622557
v 1.617647 1.485745 1.650852
v 1.649843 1.475052 0.959772
v 1.537616 1.360110 0.959771
v 1.382103 1.400896 0.959771
v 1.518872 1.369595 1.599852
v 1.338601 1.556624 0.959771
v 1.271957 1.421332 1.605175
v 1.348700 1.563781 1.492260
v 1.384356 1.408656 1.520570
v 1.410871 1.506612 1.830816
v 1.348398 1.387185 1.742646
v 1.099845 1.688549 1.820639
v 1.086652 1.537395 1.876781
v 1.075787 1.413485 1.774233
v 1.078201 1.440733 1.615572
v 1.102259 1.715797 1.661961
v 1.091394 1.591892 1.559429
v 1.287985 1.568438 0.971846
v 1.439014 1.723040 0.971847
v 1.556802 1.302854 0.971846
v 1.346878 1.358299 0.971846
v 1.707831 1.457548 0.888144
v 1.648894 1.667681 0.888142
v 1.648894 1.667681 0.971844
v 1.707831 1.457548 0.971847
v 1.176060 1.597928 0.888143
v 1.407627 1.835051 0.888144
v 1.266341 1.275778 0.888142
v 1.588189 1.190843 0.888143
v 1.819756 1.427971 0.888144
v 1.729388 1.750116 0.888142
v 1.089023 1.564644 1.718103
v 0.928595 1.571370 1.718105
v -0.347932 0.200425 0.665646
v -0.502410 0.327008 0.665644
v -0.279725 0.595782 0.665644
v -0.468350 0.524644 0.665644
v -0.159307 0.271563 0.665644
v -0.125204 0.469242 0.665646
v -1.575244 1.602148 1.936436
v -1.575244 1.353551 1.637067
v -1.575244 1.391491 1.858194
v -1.575244 1.774777 1.793551
v -1.575244 1.736837 1.572424
v -1.575244 1.526180 1.494184
v -0.865756 1.602148 1.936436
v -0.865756 1.353551 1.637067
v -0.865756 1.391491 1.858194
v -0.865756 1.774777 1.793551
v -0.865756 1.736837 1.572424
v -0.865756 1.526180 1.494184
v -2.183576 0.795110 0.033638
v -2.578880 0.863317 0.033635
v -2.468033 1.549464 0.033636
v -2.721113 1.240491 0.033638
v -1.930494 1.104137 0.033636
v -2.072761 1.481317 0.033635
v -2.258260 0.993112 0.025767
v -2.445990 1.025486 0.025765
v -2.393358 1.351338 0.025766
v -2.513529 1.204658 0.025767
v -2.138079 1.139852 0.025766
v -2.205639 1.318965 0.025765
v -2.888139 1.510795 0.016401
v -3.010065 1.332307 0.016402
v -2.530721 1.536504 1.520665
v -2.685415 1.515446 1.520665
v -2.982558 1.707514 0.016399
v -3.198992 1.725657 0.016401
v -2.550209 1.758454 1.787965
v -2.547191 1.724571 1.590527
v -2.701885 1.703599 1.590527
v -2.704817 1.737581 1.787965
v -2.517184 1.382255 1.648245
v -2.671964 1.361366 1.648245
v -2.520202 1.416221 1.845684
v -2.536671 1.604282 1.915544
v -2.691365 1.583396 1.915544
v -2.674895 1.395248 1.845684
v -3.190800 1.394122 0.088030
v -3.030501 1.380967 0.088028
v -3.025931 1.373198 1.543244
v -2.857355 1.509822 1.555892
v -2.898141 1.381457 1.644061
v -2.979368 1.401721 1.781545
v -3.165190 1.388393 1.622557
v -3.227102 1.534987 1.650852
v -3.260731 1.539918 0.088030
v -3.170105 1.672610 0.088028
v -3.009892 1.659439 0.088028
v -3.150014 1.666518 1.599852
v -2.939961 1.513640 0.088028
v -2.948670 1.504839 1.492260
v -3.010754 1.651409 1.520570
v -3.019809 1.550344 1.830816
v -2.979109 1.678797 1.742646
v -2.681966 1.425180 1.820639
v -2.695245 1.576328 1.876781
v -2.706024 1.700241 1.774233
v -2.679552 1.397927 1.661961
v -2.690416 1.521837 1.559429
v -2.888139 1.510795 0.100103
v -3.010065 1.332307 0.100104
v -3.198992 1.725657 0.100103
v -2.982558 1.707514 0.100103
v -3.320833 1.547094 0.016402
v -3.226326 1.350380 0.016399
v -3.226326 1.350380 0.100102
v -3.320833 1.547094 0.100104
v -2.772765 1.501188 0.016401
v -2.959708 1.227448 0.016402
v -2.917629 1.802767 0.016399
v -3.249349 1.830516 0.016401
v -3.436206 1.556787 0.016402
v -3.291256 1.255227 0.016399
v -0.328143 1.454988 1.734994
v -0.420062 1.530266 1.734995
v -0.215959 1.497283 1.734993
v -0.195696 1.614856 1.734994
v -0.377552 1.626281 4.510010
v -0.392426 1.539147 4.510010
v -0.226048 1.601620 4.510010
v -0.240966 1.514529 4.510010
v -0.324133 1.483271 4.510010
v -0.239759 1.516771 1.870793
v -0.322883 1.485427 1.870793
v -0.391003 1.541217 1.870792
v -0.375999 1.628350 1.870793
v -0.224711 1.603905 1.870792
v -0.328143 1.454988 1.898927
v -0.420062 1.530266 1.898928
v -0.195696 1.614856 1.898927
v -0.215959 1.497283 1.898927
v -0.399755 1.647795 1.734993
v -0.399755 1.647795 1.898927
v -0.287572 1.690133 1.898928
v 0.163963 1.454988 1.737682
v 0.072044 1.530266 1.737683
v 0.276146 1.497283 1.737681
v 0.296410 1.614856 1.737682
v 0.115330 1.627316 4.510010
v 0.099680 1.539147 4.510010
v 0.266726 1.602762 4.510010
v 0.251140 1.514529 4.510010
v 0.167973 1.483271 4.510010
v 0.252347 1.516771 1.873482
v 0.169223 1.485427 1.873482
v 0.101103 1.541217 1.873481
v 0.116106 1.628350 1.873482
v 0.267394 1.603905 1.873480
v 0.163963 1.454988 1.901616
v 0.072044 1.530266 1.901616
v 0.296410 1.614856 1.901616
v 0.276146 1.497283 1.901616
v 0.092350 1.647795 1.737681
v 0.092350 1.647795 1.901615
v 0.204534 1.690133 1.901616
v -3.978160 1.382250 2.884084
v -3.978160 1.382250 3.132445
v -3.857713 1.592626 2.884084
v -3.980798 1.801704 2.884084
v -3.857713 1.592626 3.132445
v -3.980798 1.801704 3.132445
v -3.979134 1.509392 0.046397
v -4.106480 1.433748 0.046397
v -4.235773 1.507729 0.046397
v -4.237437 1.657273 0.046397
v -3.980879 1.658937 0.046397
v -3.976212 1.664537 7.932305
v -3.975522 1.514952 7.932305
v -4.103842 1.439226 7.932305
v -4.233135 1.513207 7.932305
v -4.233826 1.662832 7.932305
v -3.982989 1.342236 0.005166
v -3.847852 1.578788 0.005166
v -3.847852 1.578828 0.379614
v -3.982989 1.342236 0.379614
v -3.986317 1.812214 0.005206
v -3.986317 1.812214 0.379614
v -3.846837 2.061590 0.030895
v -3.840871 1.098501 0.030895
v -3.568405 1.583414 0.030895
v -3.990091 1.806939 0.020059
v -3.987169 1.349540 0.020059
v -3.857835 1.579802 0.020059
v -4.563553 1.800364 3.132445
v -4.563553 1.800364 2.884084
v -4.560834 1.380951 3.132445
v -4.683959 1.589988 3.132445
v -4.683959 1.589988 2.884084
v -4.560834 1.380951 2.884084
v -4.318317 1.509392 0.046397
v -4.445662 1.433748 0.046397
v -4.574956 1.507729 0.046397
v -4.576620 1.657273 0.046397
v -4.320062 1.658937 0.046397
v -4.315395 1.664537 7.932305
v -4.314705 1.514952 7.932305
v -4.443025 1.439226 7.932305
v -4.572319 1.513207 7.932305
v -4.573009 1.662832 7.932305
v -4.596059 1.339152 0.005166
v -4.734565 1.572538 0.005206
v -4.596059 1.339152 0.379614
v -4.734565 1.572538 0.379614
v -4.599265 1.808846 0.005166
v -4.599265 1.808846 0.379614
v -4.731115 1.091846 0.030895
v -5.009831 1.570225 0.030895
v -4.737162 2.055097 0.030895
v -4.587983 1.346335 0.020059
v -4.720280 1.573512 0.020059
v -4.590702 1.803854 0.020059
v -3.884619 1.842772 1.233660
v -4.672637 1.840784 2.197276
v -3.884619 1.842772 2.197276
v -4.670283 1.371130 1.233660
v -3.882265 1.373078 1.233660
v -4.670283 1.371130 2.197276
v -3.882265 1.373078 2.197276
v -4.624061 1.367762 1.852006
v -4.624061 1.367762 2.000413
v -4.302287 1.367762 2.000413
v -4.302287 1.367762 1.852006
v -4.310485 1.367762 1.860893
v -4.616066 1.367762 1.993433
v -4.310485 1.367762 1.993433
v -4.616066 1.367762 1.860893
v -4.176240 1.367478 2.071756
v -4.254969 1.367478 2.071756
v -4.215604 1.367478 2.137174
v -4.293765 1.368168 2.125649
v -4.293765 1.368168 2.055443
v -4.615539 1.368168 2.055443
v -4.615539 1.368168 2.125649
v -4.061718 1.365124 1.506208
v -4.061718 1.365124 1.607825
v -4.237925 1.365124 1.607906
v -4.237925 1.365124 1.506289
v -4.149821 1.365124 1.455440
v -4.149821 1.365124 1.658674
v -4.348916 1.361025 1.540499
v -4.333900 1.361025 1.544557
v -4.353867 1.361025 1.585058
v -4.145479 1.361025 1.531165
v -4.128515 1.361025 1.548048
v -4.186142 1.361025 1.587047
v -4.285933 1.365124 1.524672
v -4.285933 1.365124 1.590861
v -4.400739 1.365124 1.590861
v -4.400739 1.365124 1.524672
v -4.343315 1.365124 1.491558
v -4.343315 1.365124 1.623936
v -4.422937 1.365124 1.524510
v -4.422937 1.365124 1.590658
v -4.537662 1.365124 1.590537
v -4.537662 1.365124 1.524388
v -4.480360 1.365124 1.491395
v -4.480238 1.365124 1.623652
v -4.499596 1.361025 1.555149
v -4.491642 1.361025 1.541879
v -4.457999 1.361025 1.572234
v -4.581003 1.364921 1.354634
v -3.966635 1.368858 1.354634
v -4.581003 1.364921 1.712972
v -3.966635 1.368858 1.712972
v -3.878044 1.433951 2.151662
v -3.878044 1.671801 2.151662
v -3.878044 1.671801 1.635948
v -3.878044 1.433951 1.635948
v -3.878044 1.448154 1.649096
v -3.878044 1.660600 2.138879
v -3.878044 1.660560 1.649096
v -3.878044 1.448154 2.138879
v -4.671785 1.842772 1.233660
v -0.334092 0.280531 0.665646
v -0.426012 0.355808 0.665644
v -0.405705 0.473338 0.665644
v -0.221909 0.322783 0.665644
v -0.201645 0.440398 0.665646
v 2.503171 0.924093 1.174564
v 2.460876 1.036276 1.174565
v 2.536110 1.128196 1.174564
v 2.653682 1.107932 1.174564
v 2.620743 0.903829 1.174565
v 2.620743 0.903829 1.063409
v 2.503171 0.924093 1.063406
v 2.536110 1.128196 1.063407
v 2.460876 1.036276 1.063409
v 2.695977 0.995749 1.174564
v 2.695977 0.995749 1.063407
v 2.653682 1.107932 1.063406
v -2.550230 1.479742 1.633709
v -2.550230 1.596962 1.589492
v 0.960785 1.591558 1.588140
v 0.960785 1.473974 1.631641
v 0.960785 1.452775 1.754591
v 0.960785 1.549159 1.834038
v 0.960785 1.666691 1.790537
v -2.550230 1.671784 1.791013
v -2.550230 1.554564 1.835231
v -2.550230 1.458491 1.756578
v -2.011667 0.656319 0.948766
v -1.855679 0.650197 0.948766
v -2.031068 0.434367 1.216065
v -2.028093 0.468255 1.018627
v -1.872149 0.462046 1.018627
v -1.875124 0.428072 1.216065
v -1.998172 0.810576 1.076345
v -1.842228 0.804282 1.076345
v -2.001147 0.776602 1.273785
v -2.017573 0.588543 1.343645
v -1.861629 0.582249 1.343645
v -1.845159 0.770394 1.273785
v -1.336896 0.681923 -0.006781
v -1.685335 0.625880 0.983993
v -1.546421 0.711155 1.209645
v -1.361159 0.692012 1.050657
v -1.325589 0.536892 1.078952
v -1.293394 0.526200 -0.006781
v -1.405620 0.411257 -0.006782
v -1.561134 0.452044 -0.006782
v -1.424364 0.420743 1.027952
v -1.604636 0.607772 -0.006782
v -1.671279 0.472480 1.033276
v -1.594536 0.614929 0.920361
v -1.558881 0.459804 0.948670
v -1.532365 0.557760 1.258917
v -1.594838 0.438333 1.170747
v -1.843392 0.739697 1.248739
v -1.856584 0.588543 1.304881
v -1.867449 0.464633 1.202333
v -1.865035 0.491881 1.043673
v -1.851842 0.643040 0.987530
v -1.854213 0.615791 1.146204
v -2.014642 0.622517 1.146205
v -5.831375 0.561942 0.009443
v -5.953301 0.383455 0.009444
v -5.473958 0.587652 0.948766
v -5.628652 0.566593 0.948766
v -5.925795 0.758662 0.009441
v -6.142228 0.776805 0.009443
v -5.493445 0.809601 1.216065
v -5.490428 0.775719 1.018627
v -5.645121 0.754747 1.018627
v -5.648053 0.788729 1.216065
v -5.460420 0.433403 1.076345
v -5.615200 0.412514 1.076345
v -5.463438 0.467369 1.273785
v -5.479908 0.655430 1.343645
v -5.634601 0.634544 1.343645
v -5.618132 0.446396 1.273785
v -6.134036 0.445270 0.043352
v -5.973738 0.432114 0.043351
v -5.969167 0.424346 0.971344
v -5.800591 0.560970 0.983993
v -5.841378 0.432605 1.072162
v -5.922605 0.452869 1.209645
v -6.108426 0.439541 1.050657
v -6.170339 0.586135 1.078952
v -6.203968 0.591066 0.043352
v -6.113341 0.723758 0.043351
v -5.953129 0.710587 0.043351
v -6.093250 0.717666 1.027952
v -5.883198 0.564788 0.043351
v -5.841119 0.709598 1.033276
v -5.891907 0.555987 0.920360
v -5.953991 0.702557 0.948670
v -5.963045 0.601492 1.258917
v -5.922346 0.729945 1.170747
v -5.625202 0.476328 1.248739
v -5.638482 0.627476 1.304881
v -5.646932 0.724135 1.043673
v -5.622788 0.449075 1.090061
v -5.633653 0.572985 0.987530
v -5.831375 0.561942 0.093145
v -5.953301 0.383455 0.093146
v -6.142228 0.776805 0.093145
v -5.925795 0.758662 0.093145
v -6.264070 0.598242 0.009444
v -6.169562 0.401528 0.009441
v -6.169562 0.401528 0.093144
v -6.264070 0.598242 0.093146
v -5.716001 0.552336 0.009443
v -5.902944 0.278596 0.009444
v -5.860865 0.853915 0.009441
v -6.192586 0.881664 0.009443
v -6.379442 0.607935 0.009444
v -6.234492 0.306375 0.009441
v -5.493466 0.530890 1.061810
v -5.493466 0.648110 1.017592
v -1.982451 0.642706 1.016241
v -1.982451 0.525122 1.059742
v -1.982451 0.503922 1.182691
v -1.982451 0.600307 1.262139
v -1.982451 0.717839 1.218637
v -5.493466 0.722932 1.219114
v -5.493466 0.605711 1.263331
v -5.493466 0.509638 1.184679
v -1.220048 0.552421 0.009443
v -1.341975 0.373933 0.009444
v -1.314468 0.749140 0.009441
v -1.530901 0.767283 0.009443
v -1.220048 0.552421 0.093145
v -1.341975 0.373933 0.093146
v -1.530901 0.767283 0.093145
v -1.314468 0.749140 0.093145
v -1.652743 0.588720 0.009444
v -1.558236 0.392006 0.009441
v -1.558236 0.392006 0.093144
v -1.652743 0.588720 0.093146
v -1.104674 0.542814 0.009443
v -1.291617 0.269074 0.009444
v -1.249538 0.844393 0.009441
v -1.581259 0.872143 0.009443
v -1.768115 0.598413 0.009444
v -1.623165 0.296853 0.009441
v -0.030547 -1.619336 2.213179
v -0.030547 -0.697546 1.831609
v -6.360593 -0.657607 1.835787
v -6.360593 -1.576951 2.223639
v -6.360593 -1.073675 2.134572
v -0.030547 -1.114837 2.127252
v -6.360593 -1.325313 2.200223
v -0.030547 -1.367086 2.191334
v -6.360593 -0.844357 2.003246
v -0.030547 -0.884908 1.997497
v -0.030547 -1.619336 0.799395
v -0.030547 -0.697546 1.180964
v -0.030547 -1.114837 0.885321
v -0.030547 -1.367086 0.821240
v -0.030547 -0.884908 1.015076
v -0.030547 -0.621390 1.506287
v 0.018160 -1.619335 2.190005
v 0.018160 -0.727765 1.820944
v 0.018160 -1.131375 2.106895
v 0.018160 -1.375355 2.168876
v 0.018160 -0.908984 1.981393
v 0.018160 -1.619324 1.506287
v 0.018160 -1.619335 0.822569
v 0.018160 -0.727765 1.191630
v 0.018160 -1.131375 0.905678
v 0.018160 -1.375355 0.843698
v 0.018160 -0.908984 1.031180
v 0.018160 -0.654106 1.506287
v -6.413266 -0.687313 1.825609
v -6.413266 -1.578260 2.201481
v -6.413266 -1.090529 2.115165
v -6.413266 -1.334394 2.178789
v -6.413266 -0.868295 1.987895
vt 0.121737 -0.116561
vt 4.584387 3.625919
vt 3367957222872055808.000000 -133451505834393600.000000
vt -183584786474860544.000000 7274572403441664.000000
vt 12.817047 2.472903
vt 9.331295 3.797513
vt 20.164841 3.188218
vt -4.527110 -3.490551
vt 2001.797363 4150.643066
vt 1956.278931 4075.612793
vt -3508.564697 382321.906250
vt -105.388168 -79882.414062
vt -39.596497 -595.465271
vt 10760.949219 6342.828125
vt -20238290519031021568.000000 801916092615229440.000000
vt -2405574378536883453952.000000 95320313390505656320.000000
vt 431.882660 186.148102
vt -137.915054 -548.382812
vt -2.922871 -1.581954
vt -3.021462 -1.799160
vt -39.596622 -595.463989
vt -943.602478 10077.823242
vt 7.260112 26.407976
vt 8.413954 -7.141007
vt 2.733388 7.885626
vt 8.699692 29.232147
vt -8.493241 33.964493
vt -77.365250 -47.457489
vt 246.150665 -288.139587
vt -81.256187 -47.923592
vt -16.694946 8.400110
vt -17.161383 10.285694
vt 2.446402 0.037996
vt 2.408612 0.037402
vt 1.537013 0.023706
vt 0.000000 0.000000
vt 0.000000 0.511109
vt 1887368813313404174336.000000 691081584944653271040.000000
vt 1132061182976587726848.000000 419096361151936593920.000000
vt 82285664615872331776.000000 29060936747049811968.000000
vt 607031045836526059520.000000 212986555746163359744.000000
vt 547604008059791212544.000000 192404120286661705728.000000
vt -4790636549620954562560.000000 -1666799955013353340928.000000
vt 2320477456202834378752.000000 1099447873693775036416.000000
vt 124627584722642403328.000000 86688153153952546816.000000
vt 27785695330304.000000 11456810582016.000000
vt 730867957760.000000 305383079936.000000
vt 1127459907684007936.000000 560164134553911296.000000
vt 1127459907684007936.000000 560164134553911296.000000
vt -1525651865600.000000 -1567977111552.000000
vt 1420827295744.000000 2249359097856.000000
vt 9.517139 -4.236748
vt 7.812495 -4.945600
vt 1754962560286720.000000 1217635844882432.000000
vt 91800698093568.000000 63136715505664.000000
vt -85048.109375 -25849.482422
vt -20239218506844864512.000000 801952857535283200.000000
vt -30904593446458097664.000000 1224554549717499904.000000
vt 10.072525 52.480068
vt -0.687801 26.554291
vt 13.132950 -8.642461
vt 19.767586 -1.001911
vt -803.996643 -375.171265
vt 1444.984863 2930.807373
vt -804.005127 -375.389069
vt 1981.043091 4105.706055
vt 2.408612 0.037402
vt 2.627171 0.040837
vt 2.813364 0.043763
vt 1.451086 -0.004890
vt 108940711591673856000.000000 -4325308044490571776.000000
vt 248331755599813410816.000000 -9833701045828583424.000000
vt -294929075977146335232.000000 11655535737960398848.000000
vt -50539957968305127424.000000 1973908420247420928.000000
vt -1435261796968562688.000000 -472396615299104768.000000
vt -1435262071846469632.000000 -472396718378319872.000000
vt 74.058929 407.465271
vt 199.816376 101.494034
vt 449.266541 320.713440
vt 39.675491 338.255066
vt -24372068745216.000000 32986080739328.000000
vt 29184921436160.000000 -39502013792256.000000
vt -28614340.000000 6123969024.000000
vt 13096701757751296.000000 5401067403608064.000000
vt 336228.750000 110737.992188
vt 35787680716062457856.000000 -1418040421220614144.000000
vt 1246422736482336768.000000 -48858920894070784.000000
vt 136211010090006740992.000000 -5397184821891956736.000000
vt -27553688.000000 5896961024.000000
vt -28861584.000000 6176849408.000000
vt 266918007144448.000000 183677497638912.000000
vt 123350376448.000000 50077782016.000000
vt 157335064977350852608.000000 -6234197944141086720.000000
vt -5897298235541684224.000000 233672952778850304.000000
vt 35787682915085713408.000000 -1418040558659567616.000000
vt 13133638476496896.000000 5416301115736064.000000
vt 351215917465600.000000 244620902531072.000000
vt -1051.000122 672.239258
vt 3.428232 -5.118426
vt 3.428224 -4.618420
vt 1.000000 0.148117
vt -32.402481 17.218473
vt -31.969471 16.968473
vt -32.402481 16.718472
vt 0.000000 0.584067
vt -3.053204 2.466812
vt 28.179459 2.112505
vt 28.060715 -1.295112
vt -11.289675 2.218743
vt -11.351210 -0.910884
vt 13.127868 1.552126
vt 13.061685 -1.576767
vt 27.820803 -2.161686
vt 4.924292 1.550804
vt -1134.056763 -469.723602
vt -303.291565 172.797516
vt -1794.577393 -441.527954
vt -1642.285400 -407.212494
vt 83040131902666178560.000000 -3289788543206948864.000000
vt 235515953619572621312.000000 -9333643157516058624.000000
vt 89.180641 100.416794
vt 3877336944487702724608.000000 1337264111191771316224.000000
vt 41455184209982678630400.000000 22054174663029406302208.000000
vt -252218602739339236474880.000000 -127333604928370287575040.000000
vt 5265399829888864616448.000000 1857547102480863592448.000000
vt -252277563865660771008512.000000 -127363878125065472049152.000000
vt -273064468377744579756032.000000 -97039475502117795397632.000000
vt 420953799042126493777920.000000 146879659656722467782656.000000
vt -353251510103038998085632.000000 -178783591762579289014272.000000
vt 431.361328 271.054321
vt 58.309834 273.806488
vt 111.908920 91.445030
vt 456.892456 557.776062
vt -1884220656436383842304.000000 74655555296409157632.000000
vt -1884221782336290684928.000000 74655379374548713472.000000
vt 3415442137205050441728.000000 333472975058322325504.000000
vt -1355672433931159863296.000000 53722771451832958976.000000
vt 2285920.000000 -24334090.000000
vt 7995652.000000 -85082248.000000
vt 762350.500000 -8294634.500000
vt 1401299.125000 -15272455.000000
vt 2285920.000000 -24334086.000000
vt 6.291138 -1.012408
vt 6.413971 2.114440
vt 19.591476 -1.687220
vt 19.709791 1.440170
vt -3.111628 -0.661115
vt -97.069946 -347.290405
vt -2527290195968.000000 -2597403230208.000000
vt 748055101440.000000 1184271040512.000000
vt 39.877140 25.321430
vt 39.743259 31.257820
vt 44.099701 33.309441
vt 44.871597 2.948756
vt 52.725853 370.001434
vt -77.893967 320.170593
vt 58.303890 118.427856
vt -189.311310 -212.764221
vt -29.904963 23.390429
vt 89.957222 101.289742
vt 163.284088 154.476135
vt 161.868301 153.139313
vt -23.106812 -34.916748
vt -24.727798 -10.550554
vt -3442627271930742308864.000000 109124901779558891520.000000
vt -1210316926370428485632.000000 -423127118002805276672.000000
vt 1883095319479494639616.000000 -74552517862747013120.000000
vt 3256579067724439748608.000000 160654939182350729216.000000
vt -340981742274544140288.000000 13567015812128047104.000000
vt 1864207785592256200704.000000 822132604557693288448.000000
vt 3204996526442398351360.000000 1248478459287929094144.000000
vt 285401922071676583936.000000 -11272779247657156608.000000
vt 1987165766306167259136.000000 817275120515853320192.000000
vt 7655257490151155171328.000000 2682736877129355493376.000000
vt 285524645161522429952.000000 -11277466465726365696.000000
vt -1534204834046822842368.000000 110302971314116231168.000000
vt -1335197803387738390528.000000 52911402239278448640.000000
vt -364882204759511007232.000000 14458586701347422208.000000
vt -30.395895 8.941584
vt 8.746464 -12.460209
vt 8.613070 31.636030
vt 7.492300 -13.009547
vt 8.486787 -9.334394
vt 9.288142 -29.719162
vt 4.623883 -13.907425
vt 4.531192 -11.608380
vt 232.659714 81.999252
vt -24.755308 -8.200787
vt -25.891420 21.386866
vt -25.394821 7.998808
vt -24.277468 -17.243950
vt 49.726810 43.475990
vt 43.922825 47.491184
vt 3.817823 12.633289
vt 2.659615 15.499075
vt -3.949701 -12.151595
vt -23.634722 23.624004
vt -15.325455 4.185242
vt 12.162227 -3.708438
vt 13.064159 -0.229462
vt 13.513007 3.707437
vt -14.231615 6.691611
vt -14.410374 8.311792
vt -7.433549 2.785069
vt -3.257871 -7.659116
vt -30.276009 7.290692
vt 1.000000 0.000000
vt -122.626900 25.351961
vt -139.657318 39.732246
vt -52.535126 -121.907845
vt -31.355522 40.975803
vt 1.103017 -44.388306
vt -0.133224 1.435653
vt -0.314728 1.411772
vt 28.287189 4.246221
vt 29.039833 4.469270
vt 19562959482134724608.000000 -775156934532661248.000000
vt 3027299108651008000.000000 -119425207797547008.000000
vt 42.523754 -30.119553
vt 45.063641 -30.714733
vt 13.476531 7.782975
vt -13.744352 6.256307
vt 7.570408 2.827413
vt 7.646829 -14.938379
vt 9.439547 -15.303437
vt 9.223000 2.173581
vt 20.014915 -13.124399
vt 2.699276 -35.605980
vt -38.438042 -10.896796
vt -31.337597 -8.125467
vt 40.251549 -13.552067
vt 39.147892 10.359032
vt 44.965637 -3.387157
vt 44.990559 -25.321991
vt 7.626873 -11.625570
vt 8.153564 -18.643263
vt 10.191137 -20.082884
vt 9.429744 -12.207587
vt -145.034119 -439.751892
vt -64.549751 -626.007935
vt 7094732324864.000000 2964448083968.000000
vt -2527290195968.000000 -2597403230208.000000
vt -35.541145 -7.855060
vt -9.837878 6.244263
vt -31.751471 22.838499
vt -27.175896 12.667931
vt 204.778076 183.299133
vt 162.132858 153.570953
vt -826.261963 275.769836
vt -26.913851 -0.143021
vt 29.502663 -8.318655
vt -4.456133 41.226433
vt 41.203072 -8.876072
vt 33.008625 -1.751513
vt -29.917334 29.566633
vt -1.903169 17.052979
vt -5.859755 41.830338
vt -14.157986 30.215736
vt -24.096600 32.237114
vt -284.549286 -61849.832031
vt -2.694815 -1.565039
vt -185.160004 98.502792
vt 246.317307 -294.792236
vt -70.623413 -8.710346
vt -70.542488 -14.650323
vt -6.223721 -44.059498
vt 0.000000 0.115996
vt 0.626984 -0.358067
vt 0.626984 -0.358067
vt 0.000000 0.564780
vt 225.858124 30.813858
vt 167.742584 -72.465240
vt 39.529671 289.158325
vt -33.085709 -182.016907
vt -32.000732 56.233727
vt -4.059304 -9.626990
vt 0.042065 16.324284
vt 7.244770 -10.613946
vt 8.589206 4.319172
vt -0.233401 1.433247
vt 7.400955 -10.778698
vt 9.125234 -10.671600
vt 5.086185 -11.117968
vt -5.659758 21.567547
vt -46.182869 43.432678
vt -23313766154240.000000 31553755283456.000000
vt 201653110177792.000000 271149204242432.000000
vt 25769464037376.000000 -34879366496256.000000
vt 46040834048.000000 31080927232.000000
vt 7.582438 -0.385027
vt 9.273143 -1.039987
vt 23.518589 -26.117188
vt 23.729475 -26.343975
vt 7.785201 -7.966438
vt 9.624080 -7.313631
vt 23.853840 -26.028320
vt -9.769808 -42.429653
vt 0.672325 -0.313029
vt -0.133075 1.244335
vt 9.343643 4.858688
vt 0.083836 1.304369
vt 0.991891 0.147857
vt 0.262587 0.000000
vt 1.075900 0.150555
vt 0.624928 0.136069
vt 10.100540 18.944290
vt -261.049347 -211.726532
vt -193.189194 -67.810280
vt -323.754517 -286.591919
vt 7094732324864.000000 2964448083968.000000
vt 9211669996173006995456.000000 3232196297866879172608.000000
vt -33234689500749460668416.000000 -11721654984045917896704.000000
vt -20827970585285986615296.000000 -7353702651551914393600.000000
vt -43800969644291521511424.000000 -15444397990024780447744.000000
vt 8.969746 -7.426786
vt -16.172493 11.374542
vt 16.904440 3.381147
vt -9.704967 20.118217
vt 0.588995 0.050089
vt 0.000000 0.263296
vt 3.092355 18.710596
vt 38.891788 -7.639457
vt 42.640808 46.919224
vt 37.775730 16.062071
vt 38.453835 30.797033
vt -5.986473 1.348961
vt -2.379958 -8.988763
vt 4.556084 -8.364538
vt 7.639409 -9.778772
vt -396002444322013184.000000 15691148693602304.000000
vt 10330022793629925376.000000 -409315399830601728.000000
vt -21.646521 21.934637
vt 0.000000 0.115996
vt 0.000000 0.804370
vt 0.000000 0.753411
vt 0.498858 1.000000
vt 0.003433 1.000000
vt 0.498858 1.000000
vt 0.003433 0.003311
vt -22.635466 22.614044
vt -1.264518 39.511219
vt 10524794681420677120.000000 3806167032366366720.000000
vt 339116266866394267648.000000 120045770236118433792.000000
vt 15.741759 9.875811
vt 14.949240 10.033490
vt 12.467989 8.175737
vt 12.565544 3.658639
vt 328825893561573572608.000000 117034348625128325120.000000
vt 12.034109 -0.359663
vt 8.200948 -34.040127
vt 3.835753 -11.376310
vt 6.813535 -16.367298
vt 5.847999 9.570265
vt 7.949008 31.400787
vt 2.043101 7.969289
vt 0.000000 0.721343
vt 0.000000 0.805288
vt 0.498858 0.003311
vt 0.003433 0.003311
vt 241130517387834032128.000000 -9529975252306624512.000000
vt 7467011063133765632.000000 -292058188444860416.000000
vt -5977284407927504896.000000 236842243506307072.000000
vt -74287306862034419712.000000 2934101204545830912.000000
vt 1753579.625000 -18667372.000000
vt 6133640.000000 -65268528.000000
vt 584778.000000 -6362854.000000
vt -6973800.000000 79025984.000000
vt -415532.625000 4561244.000000
vt -39.278019 39.891861
vt -63.619473 -5.809138
vt -13.791315 8.265100
vt -14.859334 5.498421
vt 0.182975 0.121873
vt 0.634746 0.136385
vt 0.343961 0.127044
vt 0.697055 0.138386
vt 0.623788 0.136033
vt 0.221473 0.123110
vt 0.358460 0.127510
vt 0.301366 0.125676
vt 0.663541 0.137310
vt 0.484374 0.131554
vt 0.317613 0.126198
vt 0.253008 0.124123
vt 0.232154 0.123453
vt 0.526171 0.132897
vt 0.359212 0.127534
vt 0.548596 0.133617
vt 0.584026 0.134755
vt 0.490432 0.131749
vt 715892.375000 230156.859375
vt -621715.750000 -173175.125000
vt -16300.532227 -3123.107666
vt -403097.218750 -91007.523438
vt 4.486446 115.772415
vt -369605.156250 -102951.148438
vt -239638.062500 -54103.042969
vt 0.567405 1.004867
vt 0.481334 0.797842
vt -0.221079 0.242685
vt -0.662192 0.178475
vt -0.189085 0.233820
vt -0.421657 0.254677
vt 0.421859 0.654787
vt 0.335788 0.447762
vt -0.363969 0.597268
vt -0.662192 0.178475
vt -0.896933 0.332497
vt 214907815460864.000000 253209461391360.000000
vt 44569735168.000000 33071405056.000000
vt 108094042406912.000000 179676114845696.000000
vt 69182152704.000000 45487804416.000000
vt 266827242405888.000000 183640084447232.000000
vt 159986692915200.000000 110097116168192.000000
vt -1964645257412522520084480.000000 -691025193121919151374336.000000
vt -1945706359971533920665600.000000 -684294797665994568368128.000000
vt 1489869731857225645817856.000000 529484713396638375215104.000000
vt -202697777841510660702208.000000 -72674717791266887696384.000000
vt 33464379837144797020160.000000 21500258930460599517184.000000
vt -160472261922465513472000.000000 -83044008235307949359104.000000
vt -93.951729 53.369186
vt -82.424904 -293.891968
vt 119.117577 -172.839584
vt -172.075745 -110.751335
vt -51.470890 -107.754242
vt 140.572632 -252.554047
vt -199022346240.000000 -90595762176.000000
vt -1247594151936.000000 -429268140032.000000
vt -1802002497536.000000 -694084435968.000000
vt -3429929844736.000000 -1247024906240.000000
vt -23313766154240.000000 31553755283456.000000
vt -24372068745216.000000 32986080739328.000000
vt 25769464037376.000000 -34879366496256.000000
vt 29184921436160.000000 -39502013792256.000000
vt -27553688.000000 5896961024.000000
vt -28614340.000000 6123969024.000000
vt -28861584.000000 6176849408.000000
vt 351215917465600.000000 244620902531072.000000
vt 1132061182976587726848.000000 419096361151936593920.000000
vt 201653110177792.000000 271149204242432.000000
vt 46040834048.000000 31080927232.000000
vt 123350376448.000000 50077782016.000000
vt 1754962560286720.000000 1217635844882432.000000
vt 13133638476496896.000000 5416301115736064.000000
vt 266918007144448.000000 183677497638912.000000
vt 91800698093568.000000 63136715505664.000000
vt -0.998433 1.000105
vt 1.999987 1.009897
vt -0.998433 1.966830
vt 1.999240 1.468406
vt 1.998327 1.973680
vt -0.998433 1.460175
vt 1.998910 1.521103
vt -0.998433 1.512663
vt 1.998163 2.000105
vt -0.998433 1.993228
vt 0.999943 1.021736
vt 1.999943 1.273933
vt 1.999943 1.005923
vt 0.999943 1.289498
vt 0.999943 1.242851
vt 1.999943 1.229959
vt 0.999943 1.731802
vt 1.999943 1.721923
vt 0.999943 1.999599
vt 1.999943 1.989934
vt 0.999943 1.778445
vt 1.999943 1.766110
vt 0.002092 1.506057
vt -4.014134 1.505880
vt -4.014134 1.988702
vt 0.008449 1.993586
vt 0.001864 1.008365
vt -4.014134 1.009522
vt 0.008127 1.521473
vt -7.006270 1.524584
vt -7.006270 2.000065
vt 0.716149 1.170444
vt 0.773479 1.349129
vt 0.716228 1.383460
vt 3.167567 1.836955
vt 3.110322 1.957294
vt 3.167567 1.855863
vt 3.167489 1.669577
vt 0.866406 1.734924
vt 0.773623 1.713137
vt 0.866247 1.333171
vt 3.167297 1.155363
vt 3.109974 1.054116
vt 0.672835 1.599734
vt 0.672768 1.404012
vt 0.672721 1.304137
vt 0.672768 1.431258
vt 0.773394 1.074524
vt 0.866134 1.027937
vt 3.017197 1.005286
vt 3.109975 1.078501
vt 3.017197 1.032212
vt 3.110077 1.353106
vt 3.017310 1.337446
vt 3.110221 1.717114
vt 0.716148 1.151536
vt 0.716227 1.337822
vt 3.017469 1.739233
vt 3.017581 1.977378
vt 3.110322 1.932909
vt 3.017581 2.004270
vt 0.866518 1.973103
vt 0.866405 1.669953
vt 0.672834 1.572487
vt 0.716339 1.620146
vt 0.866133 1.001011
vt 0.773724 1.953283
vt 0.866518 1.999995
vt 0.773724 1.928898
vt 3.167377 1.387253
vt 3.167298 1.174271
vt 0.773622 1.654293
vt 0.773393 1.050139
vt 0.672721 1.292852
vt 0.672882 1.710894
vt 0.672882 1.699608
vt 0.716340 1.665784
vt 0.716418 1.833162
vt 0.773478 1.290285
vt 0.716418 1.852070
vt -4.154210 1.279690
vt 2.103312 1.272731
vt 2.103347 1.694094
vt -4.154210 1.699368
vt 2.103605 1.675803
vt -4.154210 1.679487
vt 2.103717 1.455738
vt -4.154210 1.459423
vt 2.103571 1.254441
vt -4.154210 1.259715
vt -4.154210 1.275895
vt 2.103271 1.268936
vt 2.103306 1.690299
vt -4.154210 1.695573
vt 2.103564 1.672008
vt -4.154210 1.675692
vt 2.103676 1.451943
vt -4.154210 1.455629
vt 2.103530 1.250646
vt -4.154210 1.255920
vt 0.385558 1.596492
vt 0.402921 1.436888
vt -1.517579 1.438966
vt 0.398574 1.565023
vt -1.521940 1.567045
vt -1.536213 1.597602
vt -1.527491 1.341380
vt 0.379991 1.370610
vt -1.541762 1.371872
vt 0.392994 1.339049
vt 2.104051 1.430587
vt -1.535211 1.335080
vt -1.525300 1.432666
vt 2.079852 1.363046
vt -1.549482 1.365572
vt 2.094125 1.332749
vt -1.543933 1.591302
vt 2.085438 1.589082
vt -1.529661 1.560745
vt 2.099704 1.558723
vt 0.008288 1.757529
vt -7.006270 1.762325
vt 0.008368 1.875557
vt -7.006270 1.881195
vt 0.008207 1.639501
vt -7.006270 1.643454
vt 1.252742 1.925788
vt 0.999973 2.000010
vt 1.735914 1.683065
vt 1.505511 1.823559
vt 1.923661 1.528692
vt 0.999973 1.062503
vt 1.252742 1.017253
vt 1.505511 1.000010
vt 1.735914 1.031603
vt 1.923661 1.097237
vt 1.999973 1.294930
vt 0.999973 2.000010
vt 1.252742 1.925788
vt 1.923661 1.528692
vt 1.735914 1.683065
vt 1.999973 1.294930
vt 1.505511 1.823559
vt 0.999973 1.062503
vt 1.252742 1.017253
vt 1.923661 1.097237
vt 1.735914 1.031603
vt 1.505511 1.000010
vt 1.216199 1.359886
vt 0.014706 1.521489
vt 0.014786 1.639517
vt 0.015028 1.993608
vt 0.014948 1.875579
vt 0.014867 1.757550
vn -0.633593 -0.773667 0.000000
vn 0.352779 -0.935707 0.000000
vn -0.633593 -0.773667 0.000000
vn -0.985400 0.170258 0.000000
vn -1.000000 0.000000 0.000000
vn 0.000000 -0.985507 0.169635
vn 0.000000 -0.633787 -0.773507
vn 1.000000 0.000000 0.000000
vn 0.000000 -0.985507 0.169635
vn 0.000000 -0.633788 -0.773507
vn -1.000000 0.000000 0.000000
vn 0.000000 -0.633788 -0.773507
vn -1.000000 0.000000 0.000000
vn 0.000000 0.633677 0.773598
vn 0.000000 -0.352790 0.935703
vn -1.000000 0.000000 0.000000
vn 0.000000 -0.985507 0.169635
vn 0.000000 -0.352790 0.935703
vn 0.000000 -1.000000 0.000000
vn 0.000000 1.000000 0.000000
vn 0.352779 -0.935707 0.000000
vn 0.985471 -0.169846 0.000000
vn 0.985471 -0.169846 0.000000
vn 0.000000 -1.000000 0.000000
vn 0.636168 0.000000 0.771551
vn 0.985450 0.000000 -0.169964
vn 0.000000 -1.000000 0.000000
vn 0.985450 0.000000 -0.169964
vn 0.000000 1.000000 0.000000
vn 0.985450 0.000000 -0.169964
vn 0.000000 1.000000 0.000000
vn 0.636168 0.000000 0.771551
vn 0.985450 0.000000 -0.169964
vn 0.000000 -1.000000 0.000000
vn -0.985451 0.000000 0.169963
vn 0.000000 1.000000 0.000000
vn -0.985451 0.000000 0.169963
vn 0.000000 -1.000000 0.000000
vn -0.346923 0.000000 0.937894
vn -0.985451 0.000000 0.169963
vn 0.000000 -1.000000 0.000000
vn 0.636168 0.000000 0.771551
vn -0.346923 0.000000 0.937894
vn 0.000000 1.000000 0.000000
vn 0.636168 0.000000 0.771551
vn -0.346923 0.000000 0.937894
vn 0.000000 1.000000 0.000000
vn -0.346923 0.000000 0.937894
vn -0.985451 0.000000 0.169963
vn -1.000000 0.000000 0.000000
vn -1.000000 0.000000 0.000000
vn 0.000000 0.633677 0.773598
vn -0.971516 0.236965 -0.002305
vn 0.992745 -0.120212 0.002439
vn 0.992746 0.120205 0.002431
vn 0.915442 -0.128224 0.381477
vn 0.915553 0.128008 0.381283
vn -0.852712 0.504732 0.134638
vn -0.952858 -0.298586 -0.053936
vn -0.965206 -0.204747 -0.162651
vn -0.162562 -0.572670 -0.803507
vn -0.993099 -0.093918 -0.070235
vn -0.725877 0.280357 0.628094
vn -0.728590 0.573537 0.374450
vn 0.149848 0.826687 0.542342
vn 0.143684 0.943090 0.299894
vn 0.973148 0.210222 0.093757
vn 0.796740 -0.596750 -0.095366
vn 0.906608 0.343214 0.245492
vn -0.165192 -0.968778 -0.184881
vn 0.896218 -0.239260 -0.373562
vn -0.170480 -0.773377 -0.610593
vn 0.817020 -0.473168 -0.329530
vn 0.639063 0.769154 0.000631
vn 0.986482 -0.163604 0.009358
vn 0.351383 -0.936195 0.008305
vn -0.634434 -0.772976 -0.001744
vn -0.986888 0.161133 -0.009349
vn -0.347850 0.937516 -0.008040
vn 0.096704 0.744902 0.660128
vn 0.129392 -0.151023 0.980025
vn 0.037504 -0.924891 0.378378
vn -0.035358 -0.770444 -0.636527
vn -0.012734 0.946664 -0.321972
vn -0.035692 0.159034 -0.986628
vn -0.000001 -0.000001 1.000000
vn 0.170198 0.985410 0.000000
vn 0.935706 0.352780 0.000000
vn -0.000019 0.000010 1.000000
vn 0.773698 -0.633554 0.000000
vn 0.935706 0.352780 0.000000
vn -0.381902 -0.124895 0.915725
vn -0.847799 0.166252 0.503584
vn -0.847768 -0.166316 0.503615
vn -0.787584 0.484641 0.380572
vn 0.337890 0.458211 0.822115
vn -0.892346 -0.255374 -0.372159
vn -0.685315 -0.236976 -0.688611
vn 0.818325 0.461330 0.342810
vn 0.376999 -0.125105 0.917726
vn -0.418872 0.431764 0.798828
vn -0.392459 0.145876 0.908128
vn 0.376795 0.124906 0.917837
vn -0.902935 0.429771 -0.002171
vn 0.147644 0.407266 0.901297
vn 0.904791 0.153428 0.397256
vn 1.000000 0.000000 0.000000
vn 0.000000 -0.985450 -0.169964
vn 0.000000 -0.347055 -0.937845
vn 1.000000 0.000000 0.000000
vn 0.000000 -0.985450 -0.169964
vn 0.000000 -0.636162 0.771556
vn 1.000000 0.000000 0.000000
vn 0.000000 0.635973 -0.771711
vn 0.000000 -0.347055 -0.937845
vn 0.000001 0.000002 1.000000
vn -0.169849 -0.985470 0.000000
vn -0.935706 -0.352780 0.000000
vn -0.169849 -0.985470 0.000000
vn -0.935706 -0.352780 0.000000
vn -0.000010 0.000009 1.000000
vn -0.169849 -0.985470 0.000000
vn 0.773698 -0.633554 0.000000
vn -0.169849 -0.985470 0.000000
vn 0.773698 -0.633554 0.000000
vn 1.000000 0.000000 0.000000
vn 0.000000 -0.636162 0.771556
vn 0.000000 0.346924 0.937893
vn 1.000000 0.000000 0.000000
vn 0.000000 0.346924 0.937893
vn 0.000000 0.985450 0.169967
vn 1.000000 0.000000 0.000000
vn 0.000000 0.635973 -0.771711
vn 0.000000 0.985450 0.169967
vn 0.773698 -0.633554 0.000000
vn 0.935706 0.352780 0.000000
vn 0.170198 0.985410 0.000000
vn 0.935706 0.352780 0.000000
vn 0.000010 -0.000008 1.000000
vn -0.935706 -0.352780 0.000000
vn -0.773843 0.633377 0.000000
vn 0.000013 -0.000016 1.000000
vn 0.170198 0.985410 0.000000
vn -0.773843 0.633377 0.000000
vn 0.170198 0.985410 0.000000
vn -0.773843 0.633377 0.000000
vn -0.935706 -0.352780 0.000000
vn -0.773843 0.633377 0.000000
vn 0.282632 -0.678986 -0.677568
vn -0.342171 -0.458058 0.820428
vn 0.338234 -0.458035 0.822072
vn -0.822088 -0.458028 0.338204
vn -0.690882 0.638237 0.339610
vn -0.462182 -0.525371 -0.714404
vn -0.820435 -0.458045 -0.342171
vn 0.900578 0.434689 0.002185
vn 0.830987 -0.528418 -0.173881
vn 0.818331 -0.461059 0.343159
vn -0.282594 0.678890 0.677680
vn 0.279350 0.678895 0.679018
vn 0.677653 0.678917 0.282592
vn -0.760315 0.649552 -0.001845
vn 0.386403 -0.919343 0.074163
vn 0.976608 -0.154450 0.149608
vn 0.573466 0.728700 0.374343
vn 0.657771 0.746282 0.101981
vn -0.204849 0.965156 -0.162823
vn -0.298990 0.952559 -0.056893
vn -0.773240 0.170352 -0.610803
vn -0.968104 0.165661 -0.187967
vn -0.473147 -0.817044 -0.329501
vn -0.597757 -0.795917 -0.095930
vn -1.000000 0.000000 0.000000
vn 0.000000 -0.985450 -0.169964
vn 0.000000 -0.347055 -0.937845
vn -1.000000 0.000000 0.000000
vn 0.000000 -0.985450 -0.169964
vn 0.000000 -0.636162 0.771556
vn -1.000000 0.000000 0.000000
vn 0.000000 0.635973 -0.771711
vn 0.000000 -0.347055 -0.937845
vn -1.000000 0.000000 0.000000
vn 0.000000 -0.636162 0.771556
vn 0.000000 0.346924 0.937893
vn -1.000000 0.000000 0.000000
vn 0.000000 0.635973 -0.771711
vn 0.000000 0.985450 0.169967
vn -1.000000 0.000000 0.000000
vn 0.000000 0.346924 0.937893
vn 0.000000 0.985450 0.169967
vn -0.598452 -0.761295 -0.249568
vn -0.599640 -0.761298 0.246691
vn -0.246658 -0.761329 -0.599614
vn 0.249576 -0.761314 -0.598425
vn 0.599701 -0.761242 -0.246718
vn 0.598511 -0.761249 0.249570
vn 0.246656 -0.761335 0.599609
vn -0.249557 -0.761325 0.598419
vn 0.760300 0.649570 0.001833
vn 0.411309 -0.148028 0.899396
vn 0.283652 0.726695 0.625664
vn 0.826732 -0.149827 0.542279
vn -0.084529 0.965944 -0.244556
vn -0.294140 0.167273 -0.941011
vn -0.210850 -0.814292 -0.540805
vn 0.155134 -0.905430 0.395133
vn 0.343056 -0.906678 0.245455
vn 0.006200 0.637421 -0.770491
vn 0.000939 0.986432 0.164169
vn -0.004942 0.348592 0.937262
vn 0.000245 0.986330 0.164783
vn 0.005760 0.638483 -0.769614
vn 0.005083 -0.346367 -0.938085
vn -0.000477 -0.985708 -0.168459
vn -0.004971 -0.639587 0.768703
vn -0.122420 -0.946804 -0.297616
vn 0.123872 -0.946801 -0.297024
vn 0.297012 -0.946804 0.123878
vn 0.297612 -0.946803 -0.122441
vn -0.297613 -0.946802 0.122442
vn -0.297012 -0.946804 -0.123877
vn -0.123872 -0.946800 0.297027
vn 0.122419 -0.946804 0.297617
vn -0.004708 0.348504 0.937296
vn -0.004585 -0.636107 0.771588
vn 0.000158 -0.987052 -0.160401
vn 0.005327 -0.350441 -0.936570
vn 0.000000 -0.771724 -0.635958
vn 0.000000 -0.937984 0.346678
vn 1.000000 0.000000 0.000000
vn 0.000000 -0.771724 -0.635958
vn 0.000000 -0.937984 0.346678
vn 0.000000 -0.771724 -0.635958
vn 0.000000 0.169860 -0.985468
vn 1.000000 0.000000 0.000000
vn 0.000000 -0.771724 -0.635958
vn 0.000000 0.169860 -0.985468
vn 0.000000 0.771724 0.635958
vn 0.000000 0.937984 -0.346680
vn 1.000000 0.000000 0.000000
vn 0.000000 0.169860 -0.985468
vn 0.000000 0.937984 -0.346680
vn 1.000000 0.000000 0.000000
vn 0.000000 0.169860 -0.985468
vn 0.000000 0.937984 -0.346680
vn 0.000000 0.771724 0.635958
vn 0.000000 0.937984 -0.346680
vn 0.000000 -0.937984 0.346678
vn 0.000000 -0.169855 0.985469
vn 1.000000 0.000000 0.000000
vn 0.000000 0.771724 0.635958
vn 0.000000 -0.169855 0.985469
vn 1.000000 0.000000 0.000000
vn 0.000000 0.771724 0.635958
vn 0.000000 -0.169855 0.985469
vn 0.000000 -0.937984 0.346678
vn 0.000000 -0.169855 0.985469
vn -1.000000 0.000000 0.000000
vn 1.000000 0.000000 0.000000
vn 1.000000 0.000000 0.000000
vn 0.000000 -1.000000 0.000000
vn 1.000000 0.000000 0.000000
vn 0.000000 -1.000000 0.000000
vn 0.000000 0.000000 1.000000
vn 1.000000 0.000000 0.000000
vn -0.096935 -0.745044 0.659934
vn -0.129343 0.151221 0.980001
vn -0.037504 0.924891 0.378378
vn 0.035358 0.770443 -0.636527
vn 0.012544 -0.946584 -0.322214
vn 0.035694 -0.158875 -0.986653
vn -0.638263 -0.769818 0.000394
vn -0.986640 0.162856 0.004436
vn -0.350453 0.936572 0.003976
vn 0.635534 0.772072 -0.000813
vn 0.986841 -0.161632 -0.004443
vn 0.348304 -0.937374 -0.003717
vn -0.000000 0.000000 1.000000
vn -0.169846 -0.985471 0.000000
vn -0.935707 -0.352779 0.000000
vn 0.000009 -0.000003 1.000000
vn -0.935707 -0.352779 0.000000
vn -0.773844 0.633376 0.000000
vn 0.000002 0.000014 1.000000
vn 0.169846 0.985471 0.000000
vn -0.773844 0.633376 0.000000
vn 0.000004 0.000005 1.000000
vn 0.169846 0.985471 0.000000
vn 0.935706 0.352780 0.000000
vn 0.000000 -1.000000 0.000000
vn 0.000000 0.000000 1.000000
vn -1.000000 0.000000 0.000000
vn 0.000000 -1.000000 0.000000
vn 0.000000 -1.000000 0.000000
vn 0.000000 -1.000000 0.000000
vn 0.000000 -1.000000 0.000000
vn -1.000000 0.000000 0.000000
vn 0.000000 0.000000 1.000000
vn -1.000000 0.000000 0.000000
vn 0.000000 0.000000 1.000000
vn 1.000000 0.000000 0.000000
vn 0.000000 0.000000 1.000000
vn 0.000000 0.000000 1.000000
vn 0.000000 0.000000 1.000000
vn 0.000000 0.000000 1.000000
vn 0.000000 -1.000000 0.000000
vn 0.000000 -1.000000 0.000000
vn 0.000000 -1.000000 0.000000
vn 0.000000 -1.000000 0.000000
vn 0.000000 -1.000000 0.000000
vn -0.000005 0.000008 1.000000
vn -0.169846 -0.985471 0.000000
vn 0.773847 -0.633373 0.000000
vn -0.169846 -0.985471 0.000000
vn 0.773846 -0.633373 0.000000
vn -0.169846 -0.985471 0.000000
vn -0.935707 -0.352779 0.000000
vn 0.000000 -0.636167 -0.771552
vn 0.000000 -0.985450 0.169965
vn -1.000000 0.000000 0.000000
vn 0.000000 -0.636167 -0.771552
vn 0.000000 0.346927 -0.937892
vn -1.000000 0.000000 0.000000
vn 0.000000 0.346927 -0.937892
vn 0.000000 0.985450 -0.169964
vn -1.000000 0.000000 0.000000
vn 0.000000 0.635969 0.771714
vn 0.000000 0.985450 -0.169964
vn -1.000000 0.000000 0.000000
vn 0.000000 -0.985450 0.169965
vn 0.000000 -0.347050 0.937847
vn 1.000000 0.000000 0.000000
vn 0.000000 0.635969 0.771714
vn 0.000000 -0.347050 0.937847
vn 1.000000 0.000000 0.000000
vn 0.000000 0.635969 0.771714
vn 0.000000 -0.347050 0.937847
vn -1.000000 0.000000 0.000000
vn 0.000000 -0.985450 0.169965
vn 0.000000 -0.347050 0.937847
vn -1.000000 0.000000 0.000000
vn 0.169846 0.985471 0.000000
vn -0.773844 0.633376 0.000000
vn -0.935707 -0.352779 0.000000
vn -0.773844 0.633376 0.000000
vn 0.000013 0.000005 1.000000
vn 0.773846 -0.633373 0.000000
vn 0.935706 0.352780 0.000000
vn 0.773847 -0.633373 0.000000
vn 0.935707 0.352780 0.000000
vn 0.169846 0.985471 0.000000
vn 0.935706 0.352780 0.000000
vn 0.000000 -1.000000 0.000000
vn 0.000000 -1.000000 0.000000
vn 0.000000 -1.000000 0.000000
vn 0.000000 -1.000000 0.000000
vn 0.000000 0.000000 1.000000
vn 0.000000 0.000000 1.000000
vn 0.000000 0.000000 1.000000
vn 0.000000 0.000000 1.000000
vn 0.000000 -1.000000 0.000000
vn 0.000000 -1.000000 0.000000
vn -0.573495 -0.728698 0.374304
vn -0.826743 0.149961 0.542226
vn 0.204826 -0.965155 -0.162856
vn 0.773261 -0.170422 -0.610757
vn 0.298407 -0.952874 -0.054630
vn 0.473558 0.816737 -0.329672
vn 0.968603 -0.165472 -0.185544
vn -0.342836 0.906808 0.245282
vn -0.387618 0.919010 0.071922
vn 0.596921 0.796607 -0.095409
vn -0.658587 -0.745588 0.101791
vn -0.976941 0.154785 0.147063
vn 0.000000 -0.636167 -0.771552
vn 0.000000 -0.985450 0.169965
vn 1.000000 0.000000 0.000000
vn 0.000000 -0.636167 -0.771552
vn 0.000000 0.346927 -0.937892
vn 1.000000 0.000000 0.000000
vn 0.000000 0.635969 0.771714
vn 0.000000 0.985450 -0.169964
vn 1.000000 0.000000 0.000000
vn 0.000000 0.346927 -0.937892
vn 0.000000 0.985450 -0.169964
vn 1.000000 0.000000 0.000000
vn 0.000000 0.000000 1.000000
vn 0.000000 0.000000 1.000000
vn 0.000000 0.000000 1.000000
vn 0.000000 0.000000 1.000000
vn 0.000000 0.000000 1.000000
vn 0.000000 0.000000 1.000000
vn 0.000000 0.000000 1.000000
vn 0.000000 0.000000 1.000000
vn 0.000000 -1.000000 0.000000
vn 0.000000 -1.000000 0.000000
vn 0.000000 -1.000000 0.000000
vn 0.000000 -1.000000 0.000000
vn 0.000000 -1.000000 0.000000
vn 0.000000 -1.000000 0.000000
vn 0.000000 -1.000000 0.000000
vn 0.000000 -1.000000 0.000000
vn 0.210408 0.814337 -0.540910
vn 0.294151 -0.167048 -0.941048
vn 0.084572 -0.965972 -0.244428
vn -0.283804 -0.726572 0.625738
vn -0.411455 0.147842 0.899359
vn -0.155196 0.905456 0.395048
vn 0.987521 -0.153337 -0.035909
vn 0.982992 -0.179912 -0.036845
vn -0.643360 -0.763591 0.054930
vn 0.363148 -0.931150 0.032914
vn -0.989108 0.147032 0.006871
vn -0.982556 0.185846 0.006723
vn -0.364175 0.930568 -0.037690
vn -0.336395 0.941047 -0.035624
vn 0.639054 0.767000 -0.057626
vn 0.634376 0.770793 -0.058704
vn -0.639342 0.000611 0.768922
vn 0.035380 -0.986665 0.158875
vn 0.039335 -0.942239 -0.332624
vn -0.133735 0.929416 0.343948
vn -0.096841 0.659988 0.745009
vn 0.012642 -0.321974 0.946664
vn 0.000000 -0.000039 1.000000
vn 0.000000 -0.000039 1.000000
vn 0.000019 -0.000018 1.000000
vn 0.000000 -0.000039 1.000000
vn 0.000010 0.000032 1.000000
vn 0.000023 0.000020 1.000000
vn -0.000023 0.000020 1.000000
vn -0.000019 -0.000018 1.000000
vn 0.000000 -0.000039 1.000000
vn 0.000000 -0.000039 1.000000
vn 0.000000 -0.000039 1.000000
vn -0.000010 0.000032 1.000000
vn 0.000000 -1.000000 0.000000
vn 0.000000 0.000000 1.000000
vn -1.000000 0.000000 0.000000
vn 0.000000 -1.000000 0.000000
vn -1.000000 0.000000 0.000000
vn 0.000000 0.000000 1.000000
vn -1.000000 0.000000 0.000000
vn 0.000000 -1.000000 0.000000
vn 0.000000 0.000000 1.000000
vn -1.000000 0.000000 0.000000
vn 0.000000 0.000000 1.000000
vn -0.000027 1.000000 0.000000
vn -1.000000 0.000000 0.000000
vn -0.000027 1.000000 0.000000
vn -1.000000 0.000000 0.000000
vn -0.000027 1.000000 0.000000
vn -1.000000 0.000000 0.000000
vn 0.000000 0.000000 1.000000
vn -0.000027 1.000000 0.000000
vn -1.000000 0.000000 0.000000
vn -0.631027 -0.773876 0.054047
vn 0.337517 -0.940816 0.030790
vn 0.758917 -0.041761 0.649846
vn -0.158619 -0.054404 0.985840
vn 0.986894 -0.009442 0.161096
vn 0.935738 -0.006738 -0.352631
vn -0.935859 0.005453 0.352332
vn 0.347845 -0.008070 0.937517
vn -0.165207 -0.986259 0.000000
vn 0.769495 -0.638653 0.000000
vn 0.000000 0.000000 1.000000
vn -0.165207 -0.986259 0.000000
vn 0.769495 -0.638653 0.000000
vn -0.165207 -0.986259 0.000000
vn -0.938410 -0.345523 0.000000
vn 0.000000 0.000000 1.000000
vn -0.165207 -0.986259 0.000000
vn -0.938410 -0.345523 0.000000
vn 0.165040 0.986287 0.000000
vn -0.769426 0.638736 0.000000
vn -0.938410 -0.345523 0.000000
vn -0.769426 0.638736 0.000000
vn 0.000000 0.000000 1.000000
vn -0.938410 -0.345523 0.000000
vn -0.769426 0.638736 0.000000
vn 0.000000 0.000000 1.000000
vn 0.165040 0.986287 0.000000
vn -0.769426 0.638736 0.000000
vn 0.769495 -0.638653 0.000000
vn 0.938411 0.345522 0.000000
vn 0.165040 0.986287 0.000000
vn 0.938411 0.345522 0.000000
vn 0.000000 0.000000 1.000000
vn 0.165040 0.986287 0.000000
vn 0.938411 0.345522 0.000000
vn 0.000000 0.000000 1.000000
vn 0.769495 -0.638653 0.000000
vn 0.938411 0.345522 0.000000
vn 0.000000 1.000000 0.000000
vn -0.773771 0.000000 -0.633466
vn -0.773771 0.000000 -0.633466
vn 0.000000 1.000000 0.000000
vn -0.170018 0.000000 0.985441
vn 0.773518 0.000000 0.633774
vn 0.000000 1.000000 0.000000
vn -0.170018 0.000000 0.985441
vn -0.935702 0.000000 0.352791
vn 0.000000 1.000000 0.000000
vn -0.773771 0.000000 -0.633466
vn -0.935702 0.000000 0.352791
vn -0.773771 0.000000 -0.633466
vn -0.935702 0.000000 0.352791
vn -0.170018 0.000000 0.985441
vn -0.935702 0.000000 0.352791
vn 0.000000 1.000000 0.000000
vn 0.935704 0.000000 -0.352787
vn 0.000000 1.000000 0.000000
vn 0.773518 0.000000 0.633774
vn 0.935704 0.000000 -0.352787
vn 0.773518 0.000000 0.633774
vn 0.935704 0.000000 -0.352787
vn 0.935704 0.000000 -0.352787
vn -0.985525 0.169499 0.003285
vn -0.936251 -0.351253 0.007413
vn -0.163717 -0.986472 0.008362
vn 0.985422 -0.170087 -0.003833
vn 0.768953 -0.639305 0.000605
vn -0.985489 0.006946 -0.169599
vn 0.984937 -0.012467 0.172462
vn -0.932910 -0.015212 0.359789
vn -0.002095 -0.769509 0.638632
vn 0.001274 0.165660 0.986182
vn 0.002682 0.636062 0.771633
vn 0.000000 -0.000001 1.000000
vn -0.633594 -0.773666 0.000000
vn 0.352464 -0.935826 0.000000
vn -0.000009 0.000002 1.000000
vn -0.633594 -0.773666 0.000000
vn -0.985400 0.170257 0.000000
vn 1.000000 0.000000 0.000000
vn 0.000000 -0.937934 -0.346812
vn -1.000000 0.000000 0.000000
vn 0.000000 -0.937935 -0.346812
vn 1.000000 0.000000 0.000000
vn -1.000000 0.000000 0.000000
vn -0.000004 0.000004 1.000000
vn -0.985400 0.170257 0.000000
vn -0.000004 0.000005 1.000000
vn 1.000000 0.000000 0.000000
vn 0.000000 0.170000 0.985444
vn 0.000000 0.937930 0.346825
vn 1.000000 0.000000 0.000000
vn 0.000000 0.937930 0.346825
vn -1.000000 0.000000 0.000000
vn 0.000000 0.937930 0.346825
vn -1.000000 0.000000 0.000000
vn 0.000000 0.170000 0.985444
vn 0.000000 0.937930 0.346825
vn -0.170018 0.000000 0.985441
vn 0.773518 0.000000 0.633774
vn -1.000000 0.000000 0.000000
vn 0.000000 0.170000 0.985444
vn 0.000000 -0.771566 0.636150
vn -1.000000 0.000000 0.000000
vn 0.000000 -0.937934 -0.346812
vn 0.000000 -0.771566 0.636150
vn 1.000000 0.000000 0.000000
vn 0.000000 -0.937935 -0.346812
vn 0.000000 -0.771566 0.636150
vn 1.000000 0.000000 0.000000
vn 0.000000 0.170000 0.985444
vn 0.000000 -0.771566 0.636150
vn -0.000000 0.000000 1.000000
vn 0.985481 -0.169786 0.000000
vn 0.000019 -0.000015 1.000000
vn 0.352464 -0.935825 0.000000
vn 0.985481 -0.169786 0.000000
vn -0.002551 -0.633607 -0.773651
vn 0.002527 0.633691 0.773582
vn 0.001012 0.163081 0.986612
vn -0.003296 -0.936945 -0.349460
vn -0.002264 -0.770422 0.637530
vn -0.003213 -0.937634 -0.347610
vn -0.002408 -0.635988 -0.771696
vn 0.000011 0.000001 1.000000
vn -0.000007 0.000004 1.000000
vn -0.000002 0.000004 1.000000
vn -0.000005 0.000013 1.000000
vn 1.000000 0.000000 0.000000
vn 0.000000 -0.633667 -0.773606
vn 0.000000 -1.000000 0.000000
vn 0.347050 0.000000 0.937847
vn 0.985451 0.000000 0.169962
vn 0.000000 1.000000 0.000000
vn 0.347050 0.000000 0.937847
vn 0.985451 0.000000 0.169962
vn 1.000000 0.000000 0.000000
vn 0.000000 0.633556 0.773697
vn 1.000000 0.000000 0.000000
vn -0.000003 -0.000000 1.000000
vn -0.000007 0.000004 1.000000
vn -0.000003 -0.000004 1.000000
vn 0.000001 0.000003 1.000000
vn -0.000004 -0.000010 1.000000
vn 0.000012 0.000014 1.000000
vn 0.000007 -0.000017 1.000000
vn -0.000005 0.000013 1.000000
vn 1.000000 0.000000 0.000000
vn 0.000000 -0.985466 0.169873
vn 0.000000 -0.633667 -0.773606
vn 0.000000 -1.000000 0.000000
vn 0.985451 0.000000 0.169962
vn 0.000000 -1.000000 0.000000
vn 0.000000 1.000000 0.000000
vn -0.985450 0.000000 -0.169967
vn 0.000000 -1.000000 0.000000
vn -0.985450 0.000000 -0.169967
vn 0.000000 1.000000 0.000000
vn 0.347050 0.000000 0.937847
vn -0.636167 0.000000 0.771551
vn 0.000000 1.000000 0.000000
vn -0.636167 0.000000 0.771551
vn -0.985450 0.000000 -0.169967
vn 0.000000 -1.000000 0.000000
vn -0.636167 0.000000 0.771551
vn -0.985450 0.000000 -0.169967
vn 0.000000 -1.000000 0.000000
vn 0.347050 0.000000 0.937847
vn -0.636167 0.000000 0.771551
vn 1.000000 0.000000 0.000000
vn 0.000000 -0.985466 0.169873
vn 0.000000 -0.352870 0.935672
vn 1.000000 0.000000 0.000000
vn 0.000000 0.633556 0.773697
vn 0.000000 -0.352870 0.935672
vn 0.000000 -0.352870 0.935672
vn 0.000000 -0.985466 0.169873
vn -0.919174 -0.386884 0.073763
vn -0.154652 -0.976644 0.149161
vn 0.985125 -0.060655 0.160776
vn 0.728598 -0.573589 0.374354
vn 0.985681 -0.144339 0.087174
vn 0.985462 -0.168468 0.022004
vn -0.985661 0.143590 -0.088628
vn -0.985421 0.168510 -0.023459
vn -0.149623 -0.826789 0.542248
vn 0.721025 -0.258986 0.642689
vn -0.906537 -0.343415 0.245471
vn 0.746097 -0.657991 0.101918
vn 0.000000 -0.633667 -0.773606
vn 0.000000 0.633556 0.773697
vn -1.000000 0.000000 0.000000
vn 0.000000 0.636130 0.771582
vn 0.000000 -0.346979 0.937873
vn -1.000000 0.000000 0.000000
vn 0.000000 -0.985436 0.170047
vn 0.000000 -0.346979 0.937873
vn 0.000000 -0.985436 0.170047
vn 0.000000 -0.346979 0.937873
vn 0.000000 0.636130 0.771582
vn 0.000000 -0.346979 0.937873
vn -1.000000 0.000000 0.000000
vn 0.000000 0.636130 0.771582
vn 0.000000 0.636130 0.771582
vn -1.000000 0.000000 0.000000
vn -1.000000 0.000000 0.000000
vn 0.000000 -0.985436 0.170047
vn 0.000000 -0.635873 -0.771794
vn -1.000000 0.000000 0.000000
vn 0.000000 -0.635873 -0.771794
vn 0.000000 -0.635873 -0.771794
vn 0.000000 -0.985466 0.169873
vn 0.000000 -0.633667 -0.773606
vn 0.000000 1.000000 0.000000
vn 0.985451 0.000000 0.169962
vn 0.000000 1.000000 0.000000
vn 0.000000 0.633556 0.773697
vn 0.000000 -0.352870 0.935672
vn -0.573475 0.374474 0.728626
vn 0.762964 -0.546132 -0.345871
vn -0.785738 0.509230 0.351143
vn -0.926727 0.139975 0.348689
vn 0.294184 -0.940977 0.167388
vn 0.925186 -0.152857 -0.347370
vn 0.084561 -0.244443 0.965970
vn -0.283696 0.625590 0.726742
vn 0.204828 -0.162676 0.965185
vn -0.657842 0.101939 0.746226
vn 0.773276 -0.610793 0.170224
vn 0.298985 -0.056954 0.952557
vn 0.968096 -0.188088 0.165567
vn -0.985346 0.059894 -0.159703
vn -0.899985 -0.141912 0.412175
vn -0.145703 -0.380118 0.913390
vn 0.862512 -0.000752 0.506036
vn -0.009834 0.004307 0.999942
vn -0.870079 0.004102 0.492896
vn -0.999981 0.002192 -0.005665
vn 0.999980 -0.003811 0.005074
vn 0.999922 -0.002930 0.012106
vn 0.861848 -0.000095 0.507166
vn -0.009257 0.004427 0.999947
vn -0.872536 0.004537 0.488528
vn -0.999915 0.003010 -0.012706
vn 0.000000 -0.985436 0.170047
vn 0.000000 -0.635873 -0.771794
vn -0.000023 -0.936802 -0.349860
vn 0.000443 -0.633153 -0.774027
vn -0.000527 0.633721 0.773562
vn -0.000970 0.162283 0.986744
vn -0.000952 -0.771015 0.636816
vn -0.393498 0.849887 0.350500
vn 0.331797 -0.880511 -0.338542
vn -0.746846 0.089511 0.658945
vn 0.151829 0.119413 0.981167
vn 0.926126 0.034370 0.375645
vn 0.985249 -0.019243 -0.170043
vn -0.000682 -0.768572 0.639763
vn -0.000582 0.166883 0.985976
vn -0.000276 0.636478 0.771295
vn 0.000127 -0.937718 -0.347397
vn 0.000653 -0.635500 -0.772100
vn -1.000000 0.000000 0.000000
vn 0.000000 -0.985429 0.170090
vn 0.000000 -0.346870 0.937913
vn 0.771468 -0.636267 -0.000495
vn -0.161808 -0.986818 -0.002739
vn -0.937116 -0.349011 -0.002338
vn -0.985512 0.169602 -0.001219
vn 0.985414 -0.170170 0.001068
vn -0.984543 0.027224 0.173013
vn 0.000002 -0.000002 1.000000
vn -0.633593 -0.773667 0.000000
vn 0.352779 -0.935707 0.000000
vn 0.000000 0.000005 1.000000
vn -0.633593 -0.773667 0.000000
vn -0.985400 0.170258 0.000000
vn 1.000000 0.000000 0.000000
vn 0.000000 -0.633787 -0.773507
vn 1.000000 0.000000 0.000000
vn 0.000000 -0.985507 0.169635
vn 0.000000 -0.352790 0.935703
vn 1.000000 0.000000 0.000000
vn 0.000000 0.633677 0.773598
vn 0.000000 -0.352790 0.935703
vn 0.000000 0.635987 0.771700
vn -1.000000 0.000000 0.000000
vn -1.000000 0.000000 0.000000
vn 0.000000 0.635987 0.771700
vn 0.000000 -0.985429 0.170090
vn 0.000000 -0.346870 0.937913
vn 0.000000 0.635987 0.771700
vn 0.000000 -0.346870 0.937913
vn -1.000000 0.000000 0.000000
vn 0.000000 0.635987 0.771700
vn 0.000000 -0.346870 0.937913
vn -0.000002 -0.000001 1.000000
vn 0.985471 -0.169846 0.000000
vn 0.000000 0.000000 1.000000
vn 0.352779 -0.935707 0.000000
vn 0.985471 -0.169846 0.000000
vn -0.985400 0.170258 0.000000
vn -0.000004 0.000006 1.000000
vn -0.985400 0.170258 0.000000
vn -0.000007 -0.000015 1.000000
vn 1.000000 0.000000 0.000000
vn 0.000000 0.633677 0.773598
vn 1.000000 0.000000 0.000000
vn 0.000000 -0.635986 -0.771701
vn 0.000000 -0.985429 0.170090
vn 0.000000 -0.635986 -0.771701
vn -1.000000 0.000000 0.000000
vn 0.000000 -0.985429 0.170090
vn 0.000000 -0.635986 -0.771701
vn -1.000000 0.000000 0.000000
vn 0.000000 -0.635986 -0.771701
vn 0.715334 -0.698782 0.000000
vn 0.715334 -0.698782 0.000000
vn -0.255276 -0.966868 0.000000
vn 0.996189 -0.087226 -0.000037
vn -0.054625 -0.633730 -0.771623
vn -0.996199 0.087100 0.000104
vn -0.054800 -0.633762 -0.771585
vn 0.996188 -0.087226 -0.000039
vn 0.055763 0.633628 0.771626
vn 0.996188 -0.087226 -0.000039
vn -0.996191 0.087193 0.000026
vn -0.996194 0.087164 0.000001
vn 0.055763 0.633628 0.771626
vn 0.996189 -0.087226 -0.000039
vn -0.055250 -0.633845 -0.771484
vn -0.085860 -0.981732 0.169795
vn -0.996197 0.087125 -0.000021
vn -0.055425 -0.633877 -0.771445
vn -0.085848 -0.981734 0.169791
vn 0.996189 -0.087226 -0.000039
vn -0.085818 -0.981738 0.169780
vn -0.030218 -0.345734 0.937846
vn 0.996189 -0.087226 -0.000037
vn 0.055763 0.633628 0.771626
vn -0.030375 -0.345666 0.937866
vn -0.996190 0.087212 0.000020
vn 0.055763 0.633628 0.771626
vn -0.030419 -0.345647 0.937872
vn -0.996192 0.087188 -0.000124
vn -0.085806 -0.981740 0.169776
vn -0.030262 -0.345715 0.937852
vn -0.733532 -0.647001 0.208137
vn 0.161900 -0.981373 -0.103421
vn 0.119767 -0.979396 -0.162601
vn 0.171148 -0.631208 -0.756495
vn 0.000059 -0.969666 -0.244434
vn -0.345950 -0.699137 0.625721
vn -0.634956 -0.675701 0.374511
vn -0.810505 0.221291 0.542320
vn -0.927019 0.225258 0.299824
vn -0.690683 0.680946 0.243455
vn -0.576856 0.689428 0.438095
vn 0.686015 -0.669296 -0.285353
vn 0.549075 -0.675007 -0.492830
vn -0.396959 0.183146 0.899378
vn -0.238188 0.659461 0.713005
vn -0.161350 -0.733670 0.660072
vn -0.115761 0.161546 0.980052
vn -0.027502 0.638621 0.769030
vn -0.069810 -0.944171 -0.321973
vn -0.016671 -0.615215 -0.788183
vn 0.000003 0.000004 1.000000
vn 0.715334 -0.698782 0.000000
vn 0.000000 0.000000 1.000000
vn 0.715334 -0.698782 0.000000
vn -0.255276 -0.966868 0.000000
vn 0.000003 0.000004 1.000000
vn 0.000000 0.000000 1.000000
vn -0.962795 -0.270231 0.000000
vn -0.255276 -0.966868 0.000000
vn -0.962795 -0.270231 0.000000
vn -0.000012 -0.000013 1.000000
vn -0.255276 -0.966868 0.000000
vn -0.962795 -0.270231 0.000000
vn 0.000000 0.000000 1.000000
vn -0.962795 -0.270231 0.000000
vn 0.000000 0.000000 1.000000
vn 0.000000 0.000000 1.000000
vn 0.000000 0.000000 1.000000
vn 0.000000 0.000000 1.000000
vn 0.000000 0.000000 1.000000
vn 0.000000 0.000000 1.000000
vn 0.000000 0.000000 1.000000
vn 0.000000 0.000000 1.000000
vn 0.000000 0.000000 1.000000
vn 0.000000 0.000000 1.000000
vn 0.000000 0.000000 1.000000
vn 0.000000 0.000000 1.000000
vn 0.000000 0.000000 1.000000
vn 0.000000 0.000000 1.000000
vn 0.000000 0.000000 1.000000
vn 0.000000 0.000000 1.000000
vn 0.000000 0.000000 1.000000
vn 0.000000 0.000000 1.000000
vn -0.430183 0.420236 0.798964
vn -0.576457 -0.161562 0.800996
vn -0.429164 0.419238 0.800036
vn 0.152683 0.578833 0.801024
vn -0.535245 0.565661 -0.627328
vn -0.557139 -0.245903 -0.793176
vn 0.996278 -0.083360 -0.021924
vn 0.025260 0.635989 -0.771285
vn -0.013620 -0.347005 -0.937764
vn -0.577609 -0.161887 0.800100
vn -0.153623 -0.581629 0.798816
vn 0.429239 -0.419075 0.800081
vn -0.152857 -0.578723 0.801071
vn -0.600008 -0.786908 -0.144104
vn -0.589656 -0.483640 0.646837
vn -0.598219 -0.788195 -0.144510
vn -0.578067 -0.239301 -0.780111
vn 0.994452 -0.104227 -0.014202
vn -0.013736 -0.347079 -0.937735
vn -0.039201 -0.984660 -0.170026
vn 0.994135 -0.107871 0.007705
vn -0.025671 -0.635979 0.771279
vn -0.039518 -0.984688 -0.169786
vn -0.506139 0.851203 0.138844
vn -0.514220 0.573072 -0.638096
vn 0.997768 -0.066320 -0.007759
vn 0.025681 0.636208 -0.771090
vn 0.039512 0.984678 0.169848
vn -0.525251 0.336262 0.781690
vn -0.512702 0.847422 0.137888
vn -0.547065 0.333006 0.768002
vn -0.575121 -0.491072 0.654281
vn 0.995619 -0.090893 0.021953
vn -0.025671 -0.635979 0.771279
vn 0.014006 0.346977 0.937769
vn 0.997442 -0.070068 0.014124
vn 0.039193 0.984734 0.169599
vn 0.013896 0.347069 0.937737
vn 0.711118 0.702972 0.011908
vn -0.272411 0.962157 -0.006725
vn -0.089952 0.989460 -0.113479
vn -0.278672 0.192546 -0.940887
vn -0.000080 0.969678 -0.244387
vn 0.345963 0.699205 0.625638
vn 0.695566 0.652988 0.299658
vn 0.870289 -0.224447 0.438429
vn 0.966840 -0.251515 0.044283
vn 0.278232 -0.960080 0.028874
vn -0.701562 -0.712553 0.008939
vn 0.331765 -0.922571 0.196965
vn -0.969087 0.246582 0.008218
vn -0.281117 -0.792758 -0.540839
vn -0.855146 0.267339 -0.444133
vn -0.557508 -0.801024 -0.218051
vn 0.396905 -0.183153 0.899400
vn 0.075533 -0.915531 0.395091
vn 0.161326 0.733730 0.660010
vn 0.115750 -0.161657 0.980035
vn -0.043144 -0.924629 0.378417
vn -0.102087 -0.764571 -0.636404
vn 0.069793 0.944158 -0.322015
vn -0.021702 0.161398 -0.986651
vn -0.000004 -0.000004 1.000000
vn -0.715325 0.698792 0.000000
vn -0.962899 -0.269863 0.000000
vn 0.000001 0.000001 1.000000
vn -0.715325 0.698792 0.000000
vn 0.255040 0.966930 0.000000
vn -0.000003 -0.000004 1.000000
vn 0.715532 -0.698580 0.000000
vn -0.255363 -0.966845 0.000000
vn 0.000000 0.000000 1.000000
vn -0.962899 -0.269863 0.000000
vn -0.255363 -0.966845 0.000000
vn 0.430439 -0.420250 0.798819
vn 0.576266 0.161635 0.801119
vn 0.153407 0.581569 0.798901
vn 0.577652 0.162027 0.800041
vn 0.000019 0.000019 1.000000
vn 0.255041 0.966930 0.000000
vn 0.962845 0.270053 0.000000
vn 0.000001 0.000001 1.000000
vn 0.715532 -0.698581 0.000000
vn 0.962846 0.270053 0.000000
vn -0.000001 -0.000005 1.000000
vn -0.000001 -0.000005 1.000000
vn -0.000005 -0.000003 1.000000
vn 0.000010 0.000003 1.000000
vn 0.000003 -0.000005 1.000000
vn -0.000004 0.000003 1.000000
vn -0.000006 -0.000000 1.000000
vn -0.000005 -0.000001 1.000000
vn 0.000003 0.000010 1.000000
vn -0.000003 -0.000005 1.000000
vn -0.000006 0.000010 1.000000
vn 0.000010 -0.000006 1.000000
vn 0.996195 -0.087148 -0.000017
vn -0.996201 0.087088 0.000193
vn -0.996187 0.087244 0.000002
vn -0.996213 0.086942 -0.000088
vn -0.996190 0.087214 -0.000079
vn -0.996211 0.086969 -0.000122
vn -0.996205 0.087043 0.000185
vn 0.000011 -0.000002 1.000000
vn -0.000008 0.000001 1.000000
vn -0.000000 0.000003 1.000000
vn -0.000006 0.000008 1.000000
vn -0.000003 0.000000 1.000000
vn -0.000008 0.000001 1.000000
vn -0.000003 -0.000002 1.000000
vn 0.000002 0.000002 1.000000
vn -0.000007 -0.000008 1.000000
vn 0.000011 0.000008 1.000000
vn 0.000001 -0.000014 1.000000
vn -0.000006 0.000008 1.000000
vn -0.315447 -0.330400 0.889567
vn -0.707468 0.450634 0.544443
vn -1.000000 0.000000 0.000000
vn -1.000000 0.000000 0.000000
vn -1.000000 0.000000 0.000000
vn -1.000000 0.000000 0.000000
vn 0.000000 -0.637616 -0.770355
vn 0.000000 -0.985598 0.169107
vn -0.800268 -0.208782 0.562122
vn 0.000000 -0.985598 0.169107
vn -1.000000 0.000000 0.000000
vn -0.554663 0.530546 0.640991
vn -1.000000 0.000000 0.000000
vn -1.000000 0.000000 0.000000
vn -1.000000 0.000000 0.000000
vn 0.000000 -0.637616 -0.770355
vn 0.707468 0.450634 0.544443
vn 0.315447 -0.330400 0.889567
vn 1.000000 0.000000 0.000000
vn 1.000000 0.000000 0.000000
vn 1.000000 0.000000 0.000000
vn 1.000000 0.000000 0.000000
vn 0.000000 -0.637616 -0.770355
vn 0.000000 -0.985598 0.169107
vn 0.800268 -0.208782 0.562122
vn 0.000000 -0.985598 0.169107
vn 0.554663 0.530546 0.640991
vn 1.000000 0.000000 0.000000
vn 1.000000 0.000000 0.000000
vn 1.000000 0.000000 0.000000
vn 1.000000 0.000000 0.000000
vn 0.000000 -0.637616 -0.770355
vn -0.033195 0.027190 0.999079
vn 0.007322 0.042473 0.999071
vn 0.040526 0.015276 0.999062
vn 0.007319 0.042482 0.999070
vn -0.007315 -0.042443 0.999072
vn 0.033187 -0.027179 0.999080
vn 0.040519 0.015267 0.999062
vn 0.033187 -0.027179 0.999080
vn -0.033197 0.027195 0.999079
vn -0.040506 -0.015276 0.999063
vn -0.007315 -0.042444 0.999072
vn -0.040508 -0.015275 0.999062
vn -0.033196 0.027193 0.999079
vn 0.007320 0.042478 0.999071
vn 0.040522 0.015271 0.999062
vn 0.007315 0.042492 0.999070
vn -0.007315 -0.042444 0.999072
vn 0.033187 -0.027179 0.999080
vn 0.040512 0.015257 0.999063
vn 0.033187 -0.027179 0.999080
vn -0.033199 0.027200 0.999079
vn -0.040507 -0.015275 0.999063
vn -0.007315 -0.042444 0.999072
vn -0.040510 -0.015275 0.999062
vn 0.496557 -0.339197 0.798984
vn 0.539771 0.259078 0.800954
vn 0.495417 -0.338416 0.800023
vn -0.049862 -0.596554 0.801023
vn 0.996182 0.087300 -0.000159
vn 0.085831 -0.630510 -0.771421
vn -0.996202 -0.087078 0.000074
vn 0.085550 -0.630726 -0.771276
vn 0.540684 0.259518 0.800194
vn 0.000005 -0.000002 1.000000
vn -0.495504 0.338109 0.800098
vn 0.000007 0.000003 1.000000
vn 0.996176 0.087365 0.000234
vn 0.496668 0.578813 0.646759
vn 0.996176 0.087365 0.000234
vn 0.996182 0.087300 -0.000159
vn -0.996184 -0.087283 0.000229
vn -0.996205 -0.087037 0.000023
vn -0.085157 0.630767 0.771286
vn 0.996195 0.087154 0.000236
vn 0.996176 0.087365 0.000234
vn 0.996182 0.087300 -0.000159
vn 0.996168 0.087459 -0.000019
vn 0.085443 -0.630808 -0.771221
vn 0.131800 -0.976587 0.170020
vn -0.996219 -0.086876 0.000117
vn 0.085163 -0.631023 -0.771075
vn 0.132053 -0.976587 0.169825
vn 0.811067 -0.139955 0.567964
vn 0.132147 -0.976586 0.169753
vn 0.364108 -0.296057 0.883049
vn 0.646525 0.519268 0.558897
vn -0.996202 -0.087077 -0.000025
vn -0.085161 0.630769 0.771284
vn 0.046463 -0.344131 0.937771
vn -0.996198 -0.087119 0.000026
vn 0.046584 -0.344200 0.937740
vn 0.132400 -0.976586 0.169558
vn -0.571704 -0.820445 0.005028
vn 0.432399 -0.901680 -0.002292
vn 0.260670 -0.959106 -0.110307
vn 0.278148 -0.592153 -0.756299
vn 0.168452 -0.954932 -0.244394
vn -0.219295 -0.748627 0.625673
vn -0.577421 -0.761735 0.293844
vn -0.900772 0.069048 0.428769
vn -0.996782 0.077820 0.019218
vn -0.827871 0.560591 0.019173
vn 0.901646 0.432465 0.002967
vn -0.756591 0.571915 0.316990
vn 0.997158 -0.075288 0.002842
vn 0.918931 -0.287883 -0.269611
vn 0.919832 0.392236 0.007734
vn -0.422628 0.111430 0.899427
vn -0.349310 0.607932 0.713023
vn -0.031460 -0.750658 0.659941
vn -0.142079 0.139120 0.980030
vn -0.137959 0.624318 0.768892
vn 0.095204 -0.941928 -0.322036
vn 0.090481 -0.608966 -0.788018
vn 0.000002 0.000003 1.000000
vn 0.825732 -0.564063 0.000000
vn 0.901534 0.432709 0.000000
vn -0.000001 -0.000002 1.000000
vn 0.825732 -0.564063 0.000000
vn -0.083280 -0.996526 0.000000
vn 0.000002 0.000003 1.000000
vn -0.826025 0.563634 0.000000
vn 0.000000 0.000000 1.000000
vn 0.901534 0.432709 0.000000
vn -0.496925 0.339081 0.798805
vn -0.539491 -0.259194 0.801104
vn -0.050103 -0.599405 0.798877
vn -0.540725 -0.259790 0.800079
vn -0.000013 -0.000018 1.000000
vn -0.083280 -0.996526 0.000000
vn -0.901373 -0.433044 0.000000
vn -0.000001 -0.000002 1.000000
vn -0.826025 0.563634 0.000000
vn -0.901373 -0.433044 0.000000
vn 0.000000 0.000005 1.000000
vn 0.000000 0.000005 1.000000
vn 0.000005 0.000004 1.000000
vn -0.000009 -0.000004 1.000000
vn -0.000004 0.000004 1.000000
vn 0.000004 -0.000003 1.000000
vn 0.000004 0.000002 1.000000
vn 0.000006 0.000001 1.000000
vn 0.000002 0.000006 1.000000
vn -0.000001 -0.000010 1.000000
vn -0.000011 0.000004 1.000000
vn 0.000008 -0.000009 1.000000
vn -0.633593 -0.773666 0.000000
vn 0.352779 -0.935707 0.000000
vn -0.633593 -0.773666 0.000000
vn -0.985400 0.170258 0.000000
vn 0.352779 -0.935707 0.000000
vn 0.985471 -0.169846 0.000000
vn 0.985471 -0.169846 0.000000
vn -0.985740 0.168274 -0.000448
vn -0.936545 -0.350546 -0.000807
vn 0.985640 -0.168857 0.000308
vn 0.770767 -0.637117 -0.000168
vn -0.162498 -0.986708 -0.000892
vn 0.771062 -0.636760 -0.000163
vn -0.162002 -0.986790 -0.000903
vn -0.936997 -0.349335 -0.000770
vn -0.985502 0.169664 -0.000399
vn 0.985415 -0.170170 0.000352
vn 0.000005 -0.000004 1.000000
vn -0.633593 -0.773666 0.000000
vn 0.352779 -0.935707 0.000000
vn 0.000003 0.000004 1.000000
vn -0.633593 -0.773666 0.000000
vn -0.985400 0.170258 0.000000
vn 0.000000 -0.000003 1.000000
vn 0.985471 -0.169846 0.000000
vn 0.000000 0.000000 1.000000
vn 0.352779 -0.935707 0.000000
vn 0.985471 -0.169846 0.000000
vn -0.985400 0.170258 0.000000
vn -0.000002 0.000004 1.000000
vn -0.985400 0.170258 0.000000
vn -0.000005 -0.000019 1.000000
vn -0.633594 -0.773666 0.000000
vn 0.352779 -0.935707 0.000000
vn -0.633594 -0.773666 0.000000
vn -0.985399 0.170258 0.000000
vn 0.352779 -0.935707 0.000000
vn 0.985471 -0.169846 0.000000
vn 0.985471 -0.169846 0.000000
vn -0.984609 0.174774 -0.000221
vn -0.937672 -0.347522 -0.000681
vn 0.984769 -0.173870 0.000300
vn 0.769109 -0.639118 -0.000171
vn -0.162498 -0.986708 -0.000893
vn 0.771027 -0.636803 -0.000262
vn -0.162002 -0.986790 -0.000904
vn -0.936997 -0.349336 -0.000771
vn -0.985478 0.169803 -0.000395
vn 0.985415 -0.170170 0.000176
vn 0.000003 -0.000003 1.000000
vn -0.633594 -0.773666 0.000000
vn 0.352779 -0.935707 0.000000
vn 0.000002 0.000004 1.000000
vn -0.633594 -0.773666 0.000000
vn -0.985400 0.170258 0.000000
vn -0.000001 -0.000002 1.000000
vn 0.985471 -0.169846 0.000000
vn 0.000000 0.000000 1.000000
vn 0.352779 -0.935707 0.000000
vn 0.985471 -0.169846 0.000000
vn -0.985400 0.170258 0.000000
vn -0.000003 0.000005 1.000000
vn -0.985400 0.170258 0.000000
vn -0.000006 -0.000017 1.000000
vn 0.002229 -0.999997 0.000000
vn 0.867831 -0.496860 0.000000
vn 0.000000 0.000000 1.000000
vn 0.002229 -0.999998 0.000000
vn 0.867831 -0.496860 0.000000
vn 0.861758 0.507320 0.000000
vn 0.867831 -0.496860 0.000000
vn 0.861758 0.507320 0.000000
vn 0.000000 0.000000 1.000000
vn 0.861758 0.507320 0.000000
vn 0.867831 -0.496860 0.000000
vn 0.000000 0.000000 1.000000
vn 0.861758 0.507320 0.000000
vn 0.871830 -0.489809 -0.000130
vn 0.008014 -0.999968 0.000661
vn -0.862181 -0.506600 0.000640
vn -0.999939 -0.011049 0.000344
vn 0.999932 0.011669 -0.000600
vn 0.999989 0.004698 -0.000463
vn 0.869680 -0.493616 -0.000020
vn 0.006814 -0.999976 0.000692
vn -0.863944 -0.503587 0.000709
vn -0.999989 -0.004615 0.000461
vn 0.005031 -0.999987 0.000000
vn 0.868299 -0.496042 0.000000
vn 0.860068 0.510179 -0.000055
vn 0.868313 -0.496016 0.000022
vn 0.000000 0.000000 1.000000
vn 0.860045 0.510219 -0.000022
vn 0.868335 -0.495978 0.000054
vn 0.000000 0.000000 1.000000
vn 0.005031 -0.999987 0.000000
vn 0.868321 -0.496003 0.000032
vn 0.860053 0.510205 -0.000033
vn 0.000000 0.000000 1.000000
vn 0.860029 0.510245 0.000000
vn -0.037133 -0.021622 0.999076
vn -0.037672 0.021168 0.999066
vn -0.000257 0.042904 0.999079
vn -0.037133 -0.021621 0.999076
vn -0.037669 0.021162 0.999066
vn -0.037133 -0.021622 0.999076
vn -0.037671 0.021165 0.999066
vn -0.000229 0.042988 0.999076
vn -0.037133 -0.021621 0.999076
vn -0.037666 0.021156 0.999066
vn 0.000000 0.000000 1.000000
vn -0.867904 0.496733 0.000000
vn -0.867903 0.496733 0.000000
vn 0.000000 0.000000 1.000000
vn 0.002229 -0.999997 0.000000
vn -0.861642 -0.507516 0.000000
vn 0.000000 0.000000 1.000000
vn -0.861642 -0.507516 0.000000
vn -0.867903 0.496733 0.000000
vn -0.861642 -0.507516 0.000000
vn -0.867904 0.496733 0.000000
vn 0.002229 -0.999998 0.000000
vn -0.861642 -0.507516 0.000000
vn 0.871829 -0.489810 -0.000130
vn 0.008015 -0.999968 0.000661
vn -0.862181 -0.506599 0.000640
vn -0.999939 -0.011046 0.000344
vn 0.999932 0.011666 -0.000600
vn 0.999989 0.004701 -0.000463
vn 0.869681 -0.493615 -0.000020
vn 0.006815 -0.999976 0.000692
vn -0.863945 -0.503587 0.000709
vn -0.999989 -0.004611 0.000461
vn -0.859963 -0.510356 0.000000
vn 0.005031 -0.999987 0.000000
vn -0.859963 -0.510356 0.000000
vn -0.867822 0.496876 0.000000
vn 0.000000 0.000000 1.000000
vn -0.859963 -0.510356 0.000000
vn 0.005031 -0.999987 0.000000
vn 0.000000 0.000000 1.000000
vn -0.859963 -0.510356 0.000000
vn -0.867822 0.496876 0.000000
vn -0.867822 0.496876 0.000000
vn 0.000000 0.000000 1.000000
vn -0.867821 0.496876 0.000000
vn 0.037149 0.021644 0.999075
vn -0.000319 0.042718 0.999087
vn 0.037145 0.021637 0.999076
vn 0.037627 -0.021159 0.999068
vn 0.037621 -0.021160 0.999068
vn 0.037147 0.021640 0.999075
vn -0.000305 0.042760 0.999085
vn 0.037141 0.021629 0.999076
vn 0.037623 -0.021160 0.999068
vn 0.037614 -0.021160 0.999068
vn 0.999987 0.005011 0.000000
vn -0.708437 -0.003550 0.705765
vn 0.706538 0.003541 0.707666
vn -0.705104 -0.709103 0.000000
vn 0.709747 -0.704456 0.000000
vn -0.575344 -0.579359 0.577341
vn 0.579573 -0.575253 0.577217
vn 0.000000 -1.000000 0.000000
vn 0.000000 -1.000000 0.000000
vn 0.000000 -1.000000 0.000000
vn 0.000000 -1.000000 0.000000
vn 0.000000 -1.000000 0.000000
vn 0.000000 -1.000000 0.000000
vn 0.000000 -1.000000 0.000000
vn 0.000000 -1.000000 0.000000
vn 0.000000 -1.000000 0.000000
vn 0.000000 -1.000000 0.000000
vn 0.000000 -1.000000 0.000000
vn 0.000000 -1.000000 0.000000
vn 0.000000 -1.000000 0.000000
vn 0.000000 -1.000000 0.000000
vn 0.000000 -1.000000 0.000000
vn 0.000000 -1.000000 0.000000
vn 0.000000 -1.000000 0.000000
vn 0.000000 -1.000000 0.000000
vn 0.000000 -1.000000 0.000000
vn 0.000000 -1.000000 0.000000
vn 0.000000 -1.000000 0.000000
vn 0.000000 -1.000000 0.000000
vn 0.000000 -1.000000 0.000000
vn 0.000000 -1.000000 0.000000
vn 0.000000 -1.000000 0.000000
vn 0.000000 -1.000000 0.000000
vn 0.000000 -1.000000 0.000000
vn 0.000000 -1.000000 0.000000
vn 0.000000 -1.000000 0.000000
vn 0.000000 -1.000000 0.000000
vn 0.000000 -1.000000 0.000000
vn 0.000000 -1.000000 0.000000
vn 0.000000 -1.000000 0.000000
vn 0.000000 -1.000000 0.000000
vn 0.000000 -1.000000 0.000000
vn 0.000000 -1.000000 0.000000
vn 0.000000 -1.000000 0.000000
vn 0.000000 -1.000000 0.000000
vn 0.000000 -1.000000 0.000000
vn 0.000000 -1.000000 0.000000
vn 0.000000 -1.000000 0.000000
vn 0.000000 -1.000000 0.000000
vn 0.006407 -0.999980 0.000000
vn 0.006407 -0.999979 0.000000
vn 0.006407 -0.999979 0.000000
vn 0.006407 -0.999980 0.000000
vn 1.000000 0.000000 0.000000
vn 1.000000 0.000000 0.000000
vn 1.000000 0.000000 0.000000
vn 1.000000 0.000000 0.000000
vn 1.000000 0.000000 0.000000
vn 1.000000 0.000000 0.000000
vn 1.000000 0.000000 0.000000
vn 1.000000 0.000000 0.000000
vn -0.999993 -0.003712 -0.000258
vn -0.633594 -0.773666 0.000000
vn 0.352464 -0.935826 0.000000
vn -0.633594 -0.773666 0.000000
vn -0.985400 0.170257 0.000000
vn -0.985400 0.170257 0.000000
vn 0.352464 -0.935826 0.000000
vn 0.985481 -0.169786 0.000000
vn 0.985481 -0.169786 0.000000
vn -0.000000 0.000000 1.000000
vn -0.169848 -0.985470 0.000000
vn -0.935707 -0.352777 0.000000
vn 0.000006 -0.000002 1.000000
vn -0.935707 -0.352777 0.000000
vn -0.773843 0.633377 0.000000
vn 0.000002 0.000009 1.000000
vn 0.169847 0.985470 0.000000
vn -0.773843 0.633377 0.000000
vn 0.000003 0.000003 1.000000
vn 0.169847 0.985471 0.000000
vn 0.935707 0.352779 0.000000
vn -0.000003 0.000005 1.000000
vn -0.169848 -0.985470 0.000000
vn 0.773843 -0.633377 0.000000
vn -0.169848 -0.985470 0.000000
vn 0.773843 -0.633377 0.000000
vn -0.169848 -0.985470 0.000000
vn -0.935707 -0.352777 0.000000
vn 0.169847 0.985470 0.000000
vn -0.773843 0.633377 0.000000
vn -0.935707 -0.352777 0.000000
vn -0.773843 0.633377 0.000000
vn 0.000009 0.000003 1.000000
vn 0.773843 -0.633378 0.000000
vn 0.935707 0.352779 0.000000
vn 0.773843 -0.633378 0.000000
vn 0.935707 0.352779 0.000000
vn 0.169847 0.985470 0.000000
vn 0.935707 0.352779 0.000000
vn -0.001631 -0.770699 -0.637197
vn -0.001125 -0.352803 -0.935697
vn -0.000895 -0.346975 -0.937874
vn -0.001512 -0.769117 -0.639106
vn -0.001340 -0.937651 0.347575
vn 0.000144 -0.167115 0.985937
vn 0.000848 0.347243 0.937775
vn 0.000639 0.352942 0.935645
vn -0.000039 -0.161517 0.986870
vn -0.001395 -0.936925 0.349527
vn -0.535245 0.565661 -0.627328
vn -0.557139 -0.245903 -0.793176
vn 0.996278 -0.083360 -0.021924
vn -0.013620 -0.347005 -0.937764
vn 0.025260 0.635989 -0.771285
vn -0.600008 -0.786908 -0.144104
vn -0.589656 -0.483640 0.646837
vn -0.598219 -0.788195 -0.144510
vn -0.578067 -0.239301 -0.780111
vn 0.994452 -0.104227 -0.014202
vn -0.013736 -0.347079 -0.937735
vn -0.039201 -0.984660 -0.170026
vn 0.994135 -0.107871 0.007705
vn -0.025671 -0.635979 0.771279
vn -0.039518 -0.984688 -0.169786
vn -0.506139 0.851203 0.138844
vn -0.514220 0.573072 -0.638096
vn 0.997768 -0.066320 -0.007759
vn 0.039512 0.984678 0.169848
vn 0.025681 0.636208 -0.771090
vn -0.525251 0.336262 0.781690
vn -0.512702 0.847421 0.137888
vn -0.547065 0.333006 0.768002
vn -0.575121 -0.491072 0.654281
vn 0.995619 -0.090893 0.021953
vn -0.025671 -0.635979 0.771279
vn 0.014006 0.346977 0.937769
vn 0.997442 -0.070068 0.014124
vn 0.013896 0.347069 0.937737
vn 0.039193 0.984734 0.169599
vn 0.962941 0.269004 0.019528
vn -0.319821 -0.324244 -0.890270
vn 0.408318 0.311228 0.858145
vn 0.875448 0.275329 0.397222
vn 0.873499 -0.224401 0.432023
vn 0.967743 -0.250397 0.027844
vn 0.274323 -0.961461 0.018431
vn -0.701486 -0.712664 0.005234
vn 0.335033 -0.922442 0.191973
vn -0.964475 -0.264122 0.005283
vn -0.281118 -0.792758 -0.540839
vn -0.864693 -0.282786 -0.415136
vn -0.555934 -0.801003 -0.222106
vn 0.396905 -0.183153 0.899400
vn 0.075533 -0.915531 0.395091
vn 0.160438 0.326383 0.931522
vn 0.115750 -0.161657 0.980035
vn -0.043144 -0.924629 0.378417
vn -0.102087 -0.764571 -0.636404
vn -0.055303 -0.343398 -0.937560
vn 0.996195 -0.087148 -0.000017
vn -0.996201 0.087088 0.000193
vn -0.996187 0.087244 0.000002
vn -0.996213 0.086942 -0.000088
vn -0.996190 0.087214 -0.000079
vn -0.996211 0.086969 -0.000122
vn -0.996205 0.087043 0.000185
vn 0.496557 -0.339197 0.798985
vn 0.539771 0.259078 0.800954
vn 0.495417 -0.338417 0.800023
vn -0.049862 -0.596553 0.801023
vn 0.766814 0.281398 -0.576898
vn 0.085831 -0.630510 -0.771421
vn -0.996202 -0.087078 0.000074
vn 0.085550 -0.630726 -0.771276
vn -0.046841 0.344093 -0.937766
vn 0.540684 0.259518 0.800194
vn 0.000005 -0.000002 1.000000
vn -0.495504 0.338109 0.800098
vn 0.000007 0.000003 1.000000
vn 0.496668 0.578812 0.646759
vn 0.996176 0.087366 0.000231
vn 0.278939 0.355771 -0.891975
vn 0.996176 0.087366 0.000231
vn -0.996184 -0.087283 0.000229
vn -0.046742 0.344183 -0.937738
vn -0.996205 -0.087037 0.000023
vn -0.085157 0.630767 0.771286
vn 0.996168 0.087458 -0.000016
vn 0.996182 0.087301 -0.000162
vn 0.996195 0.087157 0.000236
vn 0.996176 0.087366 0.000231
vn 0.085443 -0.630808 -0.771221
vn 0.131799 -0.976587 0.170020
vn -0.996219 -0.086876 0.000117
vn 0.085162 -0.631023 -0.771075
vn 0.132053 -0.976587 0.169825
vn 0.811068 -0.139952 0.567964
vn 0.132147 -0.976586 0.169753
vn 0.646524 0.519267 0.558899
vn 0.364108 -0.296056 0.883049
vn -0.996202 -0.087077 -0.000025
vn -0.085161 0.630769 0.771284
vn 0.046463 -0.344131 0.937771
vn -0.996198 -0.087119 0.000026
vn 0.046584 -0.344200 0.937740
vn 0.132400 -0.976586 0.169558
vn -0.574251 -0.818643 0.007713
vn 0.433476 -0.901157 -0.003829
vn 0.260511 -0.959015 -0.111462
vn 0.307822 -0.141236 -0.940903
vn 0.168452 -0.954932 -0.244394
vn -0.219295 -0.748627 0.625673
vn -0.575095 -0.762548 0.296287
vn -0.898891 0.069477 0.432629
vn -0.996470 0.078692 0.029237
vn -0.828678 0.558990 0.028677
vn 0.901640 0.432463 0.004695
vn -0.754784 0.572267 0.320642
vn 0.997170 -0.075026 0.004716
vn 0.300993 0.366492 -0.880390
vn 0.888298 -0.111866 -0.445435
vn 0.806546 0.424654 -0.411283
vn -0.422629 0.111430 0.899427
vn -0.384251 0.602125 0.699855
vn -0.031460 -0.750659 0.659941
vn -0.128305 -0.135280 0.982465
vn 0.010252 0.334956 -0.942178
vn 0.095204 -0.941928 -0.322036
vn 0.049401 -0.155243 -0.986640
vn 0.000002 0.000003 1.000000
vn 0.825731 -0.564064 0.000000
vn 0.901534 0.432709 0.000000
vn -0.000001 -0.000002 1.000000
vn 0.825731 -0.564064 0.000000
vn -0.083280 -0.996526 0.000000
vn 0.000002 0.000003 1.000000
vn -0.826025 0.563634 0.000000
vn 0.000000 0.000000 1.000000
vn 0.901534 0.432709 0.000000
vn -0.496925 0.339081 0.798805
vn -0.539491 -0.259195 0.801104
vn -0.050103 -0.599405 0.798877
vn -0.540725 -0.259791 0.800078
vn -0.000013 -0.000018 1.000000
vn -0.083280 -0.996526 0.000000
vn -0.901372 -0.433045 0.000000
vn -0.000001 -0.000002 1.000000
vn -0.826025 0.563634 0.000000
vn -0.901372 -0.433045 0.000000
vn 0.000000 0.000005 1.000000
vn 0.000000 0.000005 1.000000
vn 0.000005 0.000004 1.000000
vn -0.000009 -0.000004 1.000000
vn -0.000004 0.000004 1.000000
vn 0.000004 -0.000003 1.000000
vn 0.000004 0.000002 1.000000
vn 0.000006 0.000001 1.000000
vn 0.000002 0.000006 1.000000
vn -0.000001 -0.000010 1.000000
vn -0.000011 0.000004 1.000000
vn 0.000008 -0.000009 1.000000
vn -0.001631 -0.770699 -0.637197
vn -0.001125 -0.352803 -0.935697
vn -0.000895 -0.346975 -0.937874
vn -0.001512 -0.769117 -0.639106
vn -0.001340 -0.937651 0.347575
vn 0.000144 -0.167115 0.985937
vn 0.000848 0.347243 0.937775
vn 0.000639 0.352942 0.935645
vn -0.000039 -0.161517 0.986870
vn -0.001395 -0.936925 0.349527
vn 0.496557 -0.339197 0.798985
vn 0.539771 0.259078 0.800954
vn 0.495417 -0.338417 0.800023
vn -0.049862 -0.596553 0.801023
vn 0.540684 0.259518 0.800194
vn 0.000005 -0.000002 1.000000
vn 0.000007 0.000003 1.000000
vn 0.000004 0.000003 1.000000
vn 0.000002 0.000003 1.000000
vn 0.825731 -0.564064 0.000000
vn 0.901534 0.432709 0.000000
vn -0.000001 -0.000002 1.000000
vn 0.825731 -0.564064 0.000000
vn -0.083280 -0.996526 0.000000
vn 0.000002 0.000003 1.000000
vn 0.000000 0.000000 1.000000
vn 0.901534 0.432709 0.000000
vn -0.539491 -0.259195 0.801104
vn 0.000001 0.000008 1.000000
vn -0.050103 -0.599405 0.798877
vn -0.540725 -0.259791 0.800078
vn -0.000013 -0.000018 1.000000
vn -0.083280 -0.996526 0.000000
vn -0.901372 -0.433045 0.000000
vn -0.000001 -0.000002 1.000000
vn -0.901372 -0.433045 0.000000
vn 0.000000 0.000005 1.000000
vn 0.000000 0.000005 1.000000
vn -0.000009 -0.000004 1.000000
vn 0.000005 0.000004 1.000000
vn 0.000004 -0.000003 1.000000
vn -0.000004 0.000004 1.000000
vn 0.000006 0.000001 1.000000
vn 0.000004 0.000002 1.000000
vn -0.000001 -0.000010 1.000000
vn 0.000002 0.000006 1.000000
vn 0.000008 -0.000009 1.000000
vn -0.000011 0.000004 1.000000
vn 0.218449 0.084194 0.972210
vn 0.235987 0.644244 0.727503
vn 0.547337 0.814882 0.190759
vn -0.214605 0.652051 0.727168
vn -0.195755 0.090778 0.976442
vn -0.210062 0.374543 0.903101
vn 0.233294 0.366319 0.900769
vn -0.198896 0.171870 0.964832
vn 0.222009 0.164341 0.961095
vn -0.225974 0.574596 0.786623
vn 0.250151 0.566055 0.785497
vn 0.428327 0.077963 -0.900254
vn 0.547337 0.814882 -0.190759
vn 0.498611 0.574618 -0.649000
vn 0.458587 0.339913 -0.821071
vn 0.435148 0.153785 -0.887128
vn 0.487638 0.514968 -0.704995
vn 0.557576 0.830126 0.000000
vn 1.000000 0.000000 0.000000
vn 0.428326 0.077963 0.900254
vn 1.000000 0.000000 0.000000
vn 0.498611 0.574618 0.649000
vn 0.547337 0.814882 0.190759
vn 1.000000 0.000000 0.000000
vn 0.455908 0.320775 0.830212
vn 1.000000 0.000000 0.000000
vn 0.434590 0.146367 0.888655
vn 1.000000 0.000000 0.000000
vn 0.484194 0.498668 0.718949
vn 1.000000 0.000000 0.000000
vn 0.428328 0.077963 -0.900254
vn 1.000000 0.000000 0.000000
vn 0.547337 0.814882 -0.190759
vn 0.498611 0.574618 -0.649000
vn 1.000000 0.000000 0.000000
vn 0.455908 0.320775 -0.830212
vn 1.000000 0.000000 0.000000
vn 0.434592 0.146367 -0.888654
vn 1.000000 0.000000 0.000000
vn 0.484194 0.498668 -0.718949
vn 1.000000 0.000000 0.000000
vn 0.557576 0.830126 0.000000
vn 1.000000 0.000000 0.000000
vn -0.461607 0.592223 0.660448
vn -0.388140 0.085389 0.917636
vn -0.417942 0.332836 0.845307
vn -0.395145 0.154647 0.905508
vn -0.447126 0.514815 0.731466
g fff0aa7b_00031_0014c4fd_e1
f 504/428/794 505/429/795 504/427/793
f 193/37/295 114/267/173 119/333/190
f 193/37/295 194/320/296 113/105/172
f 505/429/795 504/428/794 505/430/796
f 194/320/296 193/37/295 196/270/298
f 113/36/172 114/267/173 193/37/295
g fff0aa7b_00031_0014c4fd_e6
f 165/356/249 165/357/250 166/334/251
f 165/357/250 165/356/249 167/335/254
f 168/356/257 169/357/258 170/334/259
f 169/357/258 168/356/257 171/335/260
f 507/356/801 507/334/803 507/357/802
f 507/357/802 508/335/804 507/356/801
f 544/356/847 546/334/849 545/357/848
f 545/357/848 547/335/850 544/356/847
g fff0aa7b_00031_0014c4fd_e0
f 196/270/298 196/268/299 198/269/302
f 195/305/297 114/333/173 126/304/197
f 125/302/196 195/305/297 126/304/197
f 196/268/299 196/270/298 193/270/295
f 195/305/297 119/333/190 114/333/173
f 346/1/534 344/1/529 346/1/535
f 376/1/594 378/1/596 377/1/595
f 378/1/596 376/1/594 378/1/597
f 380/1/601 377/1/595 378/1/596
f 380/1/600 377/1/595 380/1/601
f 343/1/528 345/1/530 344/1/529
f 345/1/530 343/1/528 345/1/531
f 346/1/535 344/1/529 345/1/530
f 425/1/678 427/1/680 426/1/679
f 427/1/680 425/1/678 428/1/681
f 432/1/685 426/1/679 427/1/680
f 431/1/684 426/1/679 432/1/685
f 503/122/790 504/125/792 505/430/796
f 505/430/796 504/428/794 503/122/790
f 548/122/851 505/430/795 503/125/791
f 505/430/795 548/122/851 504/428/793
f 607/1/952 609/1/954 608/1/953
f 609/1/954 607/1/952 609/1/955
f 609/1/959 608/1/953 609/1/954
f 609/1/958 608/1/953 609/1/959
f 618/1/980 619/1/982 618/1/981
f 619/1/982 618/1/980 619/1/983
f 621/1/987 618/1/981 619/1/982
f 621/1/986 618/1/981 621/1/987
g fff0aa7b_00031_0014c4fd_e2
f 130/305/201 128/333/199 129/304/200
f 121/37/192 123/320/194 120/105/191
f 123/320/194 121/37/192 122/270/193
f 157/305/230 157/333/229 156/304/227
f 157/305/230 157/333/228 157/333/229
f 130/305/201 127/333/198 128/333/199
f 198/269/302 197/303/300 197/303/301
f 197/303/300 198/269/302 196/268/299
g fff0aa7b_00031_0014c4fd_e8
f 527/104/823 525/102/821 526/103/822
f 524/104/820 522/102/818 523/103/819
f 535/104/838 534/102/836 535/103/837
g fff0aa7b_00031_0014c4fd_e4
f 198/269/302 194/320/296 196/270/298
f 197/303/301 194/320/296 198/269/302
f 165/356/249 166/320/253 167/335/254
f 166/320/253 165/356/249 166/334/251
f 168/37/256 165/357/250 167/335/254
f 167/335/254 166/320/253 167/105/255
f 165/357/250 168/37/256 166/334/251
f 166/334/251 168/37/256 166/270/252
f 166/320/253 166/334/251 166/270/252
f 168/37/256 167/335/254 167/105/255
f 168/356/257 158/320/232 171/335/260
f 158/320/232 168/356/257 170/334/259
f 132/37/203 169/357/258 171/335/260
f 171/335/260 158/320/232 131/105/202
f 169/357/258 132/37/203 170/334/259
f 170/334/259 132/37/203 158/270/231
f 158/320/232 170/334/259 158/270/231
f 132/37/203 171/335/260 131/105/202
f 507/356/801 508/335/804 506/320/800
f 506/320/800 507/334/803 507/356/801
f 506/37/798 508/335/804 507/357/802
f 508/335/804 505/105/797 506/320/800
f 507/357/802 507/334/803 506/37/798
f 507/334/803 506/270/799 506/37/798
f 506/320/800 506/270/799 507/334/803
f 506/37/798 505/105/797 508/335/804
f 538/429/841 537/428/840 539/430/842
f 537/428/840 538/429/841 536/427/839
f 544/356/847 547/335/850 543/320/846
f 543/320/846 546/334/849 544/356/847
f 541/37/844 547/335/850 545/357/848
f 547/335/850 540/105/843 543/320/846
f 545/357/848 546/334/849 541/37/844
f 546/334/849 542/270/845 541/37/844
f 543/320/846 542/270/845 546/334/849
f 541/37/844 540/105/843 547/335/850
g fff0aa7b_00031_0014c4fd_e16
f 483/125/753 482/41/752 498/311/780
f 136/286/207 119/81/189 118/288/186
f 57/130/86 28/80/57 57/131/87
f 118/288/186 119/82/189 118/89/187
f 232/149/362 219/51/345 233/150/363
f 118/89/187 119/83/189 119/90/188
f 48/271/77 28/79/57 57/130/86
f 472/313/728 472/43/729 473/128/732
f 50/273/79 28/78/57 48/271/77
f 222/241/351 219/46/345 222/242/352
f 29/155/58 28/77/57 50/273/79
f 149/97/220 119/39/189 136/286/207
f 473/128/732 472/44/729 473/129/733
f 558/438/866 555/439/860 556/431/861
f 500/128/783 482/44/752 484/129/755
f 318/125/484 318/41/483 314/311/472
f 556/431/861 555/432/860 554/433/857
f 314/311/472 318/42/483 314/313/473
f 498/311/780 482/42/752 498/313/781
f 314/313/473 318/43/483 319/128/486
f 554/435/858 555/436/860 555/437/859
f 319/128/486 318/44/483 320/129/487
f 471/311/727 472/42/729 472/313/728
f 220/310/346 219/47/345 222/241/351
f 211/245/321 209/258/317 208/318/314
f 211/245/321 210/259/318 209/258/317
f 211/245/321 207/316/312 211/246/322
f 208/318/314 207/316/312 211/245/321
f 472/125/730 472/41/729 471/311/727
f 452/311/706 454/42/708 453/313/707
f 222/242/352 219/50/345 232/149/362
f 554/433/857 555/434/860 554/435/858
f 457/128/711 454/44/708 458/129/712
f 455/125/709 454/41/708 452/311/706
f 498/313/781 482/43/752 500/128/783
f 453/313/707 454/43/708 457/128/711
g fff0aa7b_00031_0014c4fd_e14
f 410/58/655 403/362/643 409/94/651
f 53/215/82 46/7/75 54/216/83
f 213/201/327 214/346/331 211/221/323
f 52/279/81 46/2/75 53/215/82
f 101/295/160 98/53/157 99/52/158
f 98/53/157 101/295/160 100/294/159
f 48/271/77 51/274/80 50/273/79
f 51/274/80 48/271/77 49/272/78
f 77/213/118 76/1/114 78/214/119
f 77/213/118 77/301/116 76/1/114
f 76/299/115 78/214/119 76/1/114
f 77/280/117 78/214/119 76/299/115
f 453/313/707 439/312/692 452/311/706
f 220/328/348 225/329/355 221/278/350
f 211/221/323 214/345/331 214/344/330
f 229/205/359 225/327/355 220/276/348
f 439/312/692 453/313/707 440/314/693
f 2/250/3 3/229/6 3/252/5
f 3/229/6 2/250/3 3/230/7
f 11/60/23 10/59/22 3/306/5
f 11/60/23 3/306/5 3/284/6
f 47/300/76 46/5/75 45/6/74
f 362/58/569 383/362/608 360/94/565
f 54/216/83 46/8/75 47/300/76
f 163/293/245 140/296/211 164/297/246
f 248/66/384 251/10/389 248/18/386
f 247/64/383 251/9/389 248/66/384
f 318/185/482 317/351/479 311/186/465
f 328/58/507 326/362/501 326/94/503
f 327/57/506 326/15/501 328/58/507
f 322/26/493 317/354/479 316/181/478
f 322/25/492 317/321/479 322/26/493
f 324/218/497 326/361/501 325/87/500
f 326/94/503 326/363/501 324/218/497
f 140/296/211 163/293/245 139/292/210
f 228/204/358 225/326/355 229/205/359
f 322/312/494 344/313/529 323/314/495
f 344/313/529 322/312/494 343/311/528
f 408/87/648 403/360/643 408/88/649
f 271/232/409 274/324/412 277/151/415
f 1/312/1 314/313/473 1/314/2
f 270/231/408 274/322/412 271/232/409
f 221/277/349 223/194/353 220/275/347
f 224/195/354 223/194/353 221/277/349
f 207/315/311 208/318/314 207/317/313
f 208/318/314 207/315/311 207/316/312
f 118/288/186 137/287/208 136/286/207
f 137/287/208 118/288/186 138/289/209
f 46/298/75 76/1/114 45/6/74
f 76/1/114 46/298/75 76/299/115
f 277/151/415 274/325/412 278/152/416
f 361/57/568 383/15/608 362/58/569
f 314/313/473 1/312/1 314/311/472
f 360/88/563 383/16/608 361/57/568
f 278/152/416 274/323/412 276/193/414
f 359/87/562 383/360/608 360/88/563
f 475/63/738 488/17/762 474/261/735
f 220/310/346 549/307/852 219/308/345
f 244/260/374 251/11/389 247/64/383
f 549/307/852 220/310/346 550/309/853
f 315/227/475 321/253/489 315/228/476
f 252/22/390 251/12/389 244/260/374
f 358/218/557 383/361/608 359/87/562
f 498/313/781 497/312/778 498/311/780
f 315/283/476 321/62/489 320/61/488
f 475/63/738 476/65/739 488/17/762
f 360/94/565 383/363/608 358/218/557
f 497/312/778 498/313/781 497/314/779
f 326/93/502 325/86/499 327/95/504
f 249/19/387 245/261/375 250/20/388
f 326/93/502 323/217/496 325/86/499
f 250/20/388 245/261/375 248/17/385
f 281/63/419 282/65/420 248/17/385
f 281/63/419 248/17/385 245/261/375
f 490/20/765 474/261/735 488/17/762
f 10/58/21 6/362/15 7/94/17
f 489/19/764 474/261/735 490/20/765
f 9/57/20 6/15/15 10/58/21
f 426/313/679 400/312/640 425/311/678
f 459/312/713 472/313/728 460/314/714
f 212/199/325 214/349/331 212/200/326
f 472/313/728 459/312/713 471/311/727
f 400/312/640 426/313/679 401/314/641
f 4/218/9 6/361/15 6/87/14
f 212/200/326 214/347/331 213/201/327
f 7/94/17 6/363/15 4/218/9
f 7/93/16 6/86/13 7/95/18
f 7/93/16 4/217/8 6/86/13
f 5/85/12 7/95/18 6/86/13
f 8/56/19 7/95/18 5/85/12
f 554/433/857 556/440/862 556/431/861
f 556/440/862 554/433/857 557/441/863
f 311/186/465 317/355/479 322/25/492
f 226/197/356 225/332/355 228/204/358
f 356/312/554 377/313/595 357/314/555
f 377/313/595 356/312/554 376/311/594
f 408/88/649 403/16/643 410/57/654
f 2/251/4 321/253/489 315/227/475
f 314/254/474 321/253/489 2/251/4
f 327/56/505 327/95/504 325/85/498
f 325/85/498 327/95/504 325/86/499
f 231/179/361 220/275/347 223/194/353
f 243/255/373 254/340/392 247/159/382
f 245/285/377 254/369/392 243/255/373
f 245/264/376 254/370/392 245/265/377
f 231/179/361 230/206/360 220/275/347
f 410/57/654 403/15/643 410/58/655
f 247/159/382 254/341/392 253/27/391
f 597/58/928 591/362/916 595/94/924
f 568/58/890 586/362/911 566/94/886
f 594/87/921 591/360/916 595/88/922
f 568/57/889 586/15/911 568/58/890
f 565/88/884 586/16/911 568/57/889
f 565/87/883 586/360/911 565/88/884
f 564/218/880 586/361/911 565/87/883
f 566/94/886 586/363/911 564/218/880
f 608/313/953 588/312/913 607/311/952
f 588/312/913 608/313/953 589/314/914
f 595/88/922 591/16/916 596/57/927
f 596/57/927 591/15/916 597/58/928
f 618/313/981 617/312/976 618/311/980
f 617/312/976 618/313/981 617/314/977
g fff0aa7b_00031_0014c4fd_e13
f 557/441/863 554/435/858 557/442/865
f 554/435/858 557/441/863 554/433/857
f 77/213/118 47/300/76 77/301/116
f 361/95/566 384/393/609 361/56/567
f 47/300/76 77/213/118 54/216/83
f 76/299/115 52/279/81 77/280/117
f 52/279/81 76/299/115 46/298/75
f 164/297/246 141/266/212 165/249/248
f 141/266/212 164/297/246 140/296/211
f 104/237/163 100/294/159 101/295/160
f 100/294/159 104/237/163 103/236/162
f 143/160/214 139/292/210 163/293/245
f 139/292/210 143/160/214 146/121/217
f 99/291/158 106/223/165 109/226/168
f 106/223/165 99/291/158 98/290/157
f 138/289/209 118/89/187 148/92/219
f 118/89/187 138/289/209 118/288/186
f 556/431/861 558/443/867 558/438/866
f 558/443/867 556/431/861 556/440/862
f 390/400/625 389/398/622 390/395/623
f 391/402/627 391/403/626 390/397/623
f 388/399/618 387/398/616 388/395/617
f 389/403/620 388/396/617 388/400/619
f 57/130/86 49/272/78 48/271/77
f 49/272/78 57/130/86 58/133/89
f 50/273/79 55/156/84 29/155/58
f 55/156/84 50/273/79 51/274/80
f 618/311/980 617/122/978 619/125/983
f 272/233/410 277/151/415 299/154/448
f 277/151/415 272/233/410 271/232/409
f 2/250/3 315/227/475 3/230/7
f 315/227/475 2/250/3 2/251/4
f 617/122/978 618/311/980 617/312/976
f 360/93/564 384/394/609 361/95/566
f 322/25/492 317/183/480 311/186/465
f 359/85/560 384/391/609 359/86/561
f 317/183/480 322/25/492 321/24/491
f 357/217/556 384/392/609 360/93/564
f 230/206/360 220/276/348 220/275/347
f 357/217/556 359/86/561 384/391/609
f 220/276/348 230/206/360 229/205/359
f 359/85/560 361/56/567 384/393/609
f 376/311/594 358/122/558 378/125/597
f 358/122/558 376/311/594 356/312/554
f 380/128/600 357/314/555 377/313/595
f 357/314/555 380/128/600 379/127/599
f 388/400/619 388/395/617 387/398/616
f 389/402/621 388/397/617 389/403/620
f 460/314/714 473/128/732 473/127/731
f 473/128/732 460/314/714 472/313/728
f 441/122/694 452/311/706 439/312/692
f 452/311/706 441/122/694 455/125/709
f 401/314/641 431/128/684 430/127/683
f 431/128/684 401/314/641 426/313/679
f 500/128/783 497/314/779 498/313/781
f 497/314/779 500/128/783 499/127/782
f 461/122/715 471/311/727 459/312/713
f 471/311/727 461/122/715 472/125/730
f 482/122/750 498/311/780 497/312/778
f 498/311/780 482/122/750 483/125/753
f 440/314/693 457/128/711 456/127/710
f 457/128/711 440/314/693 453/313/707
f 594/85/919 596/56/926 595/393/923
f 590/217/915 594/86/920 595/391/923
f 346/128/534 323/314/495 344/313/529
f 323/314/495 346/128/534 346/127/533
f 404/122/644 425/311/678 400/312/640
f 425/311/678 404/122/644 428/125/681
f 552/187/855 219/308/345 549/307/852
f 219/308/345 552/187/855 233/150/363
f 550/309/853 222/241/351 551/240/854
f 222/241/351 550/309/853 220/310/346
f 314/311/472 4/122/10 318/125/484
f 4/122/10 314/311/472 1/312/1
f 319/128/486 1/314/2 314/313/473
f 1/314/2 319/128/486 319/127/485
f 210/243/319 207/316/312 207/315/311
f 207/316/312 210/243/319 211/246/322
f 207/317/313 209/258/317 209/257/316
f 209/258/317 207/317/313 208/318/314
f 136/286/207 150/54/221 149/97/220
f 150/54/221 136/286/207 137/287/208
f 621/128/986 617/314/977 618/313/981
f 617/314/977 621/128/986 620/127/985
f 409/95/652 408/393/650 409/56/653
f 390/399/624 390/395/623 389/398/622
f 406/85/646 408/391/650 407/86/647
f 391/403/626 390/400/625 390/396/623
f 402/217/642 407/86/647 408/391/650
f 406/85/646 409/56/653 408/393/650
f 567/95/887 587/393/912 567/56/888
f 566/93/885 587/394/912 567/95/887
f 564/85/881 587/391/912 565/86/882
f 563/217/879 587/392/912 566/93/885
f 563/217/879 565/86/882 587/391/912
f 564/85/881 567/56/888 587/393/912
f 589/314/914 609/128/958 609/127/957
f 609/128/958 589/314/914 608/313/953
f 592/122/917 607/311/952 588/312/913
f 607/311/952 592/122/917 609/125/955
f 596/95/925 595/393/923 596/56/926
f 594/85/919 595/391/923 594/86/920
g fff0aa7b_00031_0014c4fd_e11
f 361/57/568 359/85/560 360/88/563
f 359/85/560 361/57/568 361/56/567
f 474/260/734 489/19/764 491/22/767
f 489/19/764 474/260/734 474/261/735
f 223/194/353 228/204/358 231/179/361
f 483/126/754 482/124/752 482/123/751
f 482/124/752 483/126/754 484/129/755
f 596/57/927 594/85/919 595/88/922
f 594/85/919 596/57/927 596/56/926
f 228/204/358 223/194/353 226/197/356
f 9/57/20 5/85/12 6/88/15
f 5/85/12 9/57/20 8/56/19
f 557/445/864 555/444/860 559/446/868
f 555/444/860 557/445/864 555/437/859
f 270/231/408 275/220/413 274/219/412
f 275/220/413 270/231/408 273/234/411
f 427/124/680 429/126/682 432/129/685
f 429/126/682 427/124/680 405/123/645
f 249/19/387 244/260/374 245/261/375
f 244/260/374 249/19/387 252/22/390
f 3/284/6 320/61/488 11/60/23
f 320/61/488 3/284/6 315/283/476
f 564/85/881 568/57/889 567/56/888
f 568/57/889 564/85/881 565/88/884
f 391/408/627 390/407/623 388/401/617
f 388/401/617 389/402/621 391/408/627
f 406/85/646 410/57/654 409/56/653
f 410/57/654 406/85/646 408/88/649
f 327/57/506 325/85/498 326/88/501
f 325/85/498 327/57/506 327/56/505
f 379/126/598 378/124/596 358/123/559
f 378/124/596 379/126/598 380/129/601
f 609/124/954 609/126/956 609/129/959
f 609/126/956 609/124/954 593/123/918
f 212/200/326 227/198/357 212/199/325
f 227/198/357 212/200/326 213/203/329
f 208/256/315 211/245/321 210/244/320
f 211/245/321 208/256/315 210/259/318
f 119/96/189 147/91/218 119/90/188
f 147/91/218 119/96/189 151/55/222
f 102/235/161 108/225/167 107/224/166
f 108/225/167 102/235/161 105/238/164
f 145/162/216 164/248/247 142/247/213
f 164/248/247 145/162/216 144/161/215
f 53/215/82 77/280/117 52/279/81
f 77/280/117 53/215/82 78/214/119
f 28/192/57 57/132/88 57/131/87
f 57/132/88 28/192/57 56/157/85
f 283/29/421 245/264/376 269/263/407
f 245/264/376 283/29/421 254/28/392
f 318/281/482 316/180/477 317/182/479
f 316/180/477 318/281/482 317/282/481
g fff0aa7b_00031_0014c4fd_e12
f 475/66/737 475/63/738 475/64/736
f 483/125/753 482/123/751 482/124/752
f 387/398/616 388/399/618 390/405/624
f 390/405/624 389/404/622 387/398/616
f 482/123/751 483/125/753 482/122/750
f 491/22/767 490/20/765 491/21/766
f 462/123/716 472/125/730 461/122/715
f 455/125/709 442/123/695 454/124/708
f 475/63/738 475/66/737 476/65/739
f 596/56/926 597/58/928 596/95/925
f 597/58/928 596/56/926 596/57/927
f 490/20/765 491/22/767 489/19/764
f 311/186/465 317/184/481 318/185/482
f 317/184/481 311/186/465 317/183/480
f 472/125/730 462/123/716 472/124/729
f 595/93/923 591/218/916 590/217/915
f 387/398/616 390/406/625 388/400/619
f 390/406/625 387/398/616 389/404/622
f 553/148/856 233/150/363 552/187/855
f 233/150/363 553/148/856 232/149/362
f 278/152/416 299/154/448 277/151/415
f 299/154/448 278/152/416 279/153/417
f 56/157/85 29/155/58 55/156/84
f 6/86/13 6/88/15 5/85/12
f 388/401/617 390/405/624 388/399/618
f 390/405/624 388/401/617 390/407/623
f 591/218/916 595/93/923 595/94/924
f 590/217/915 594/87/921 594/86/920
f 594/87/921 590/217/915 591/218/916
f 211/221/323 213/202/328 213/201/327
f 253/27/391 280/158/418 247/159/382
f 144/161/215 146/121/217 143/160/214
f 146/121/217 144/161/215 145/162/216
f 5/123/11 318/125/484 4/122/10
f 142/247/213 165/249/248 141/266/212
f 58/133/89 57/131/87 57/132/88
f 231/179/361 229/205/359 230/206/360
f 229/205/359 231/179/361 228/204/358
f 213/203/329 213/201/327 213/202/328
f 213/201/327 213/203/329 212/200/326
f 212/199/325 214/371/332 214/32/331
f 214/371/332 212/199/325 227/198/357
f 215/372/333 214/32/331 214/371/332
f 559/446/868 558/438/866 558/443/867
f 558/438/866 559/446/868 555/444/860
f 557/442/865 555/437/859 557/445/864
f 555/437/859 557/442/865 554/435/858
f 491/21/766 488/17/762 488/18/763
f 488/17/762 491/21/766 490/20/765
f 442/123/695 455/125/709 441/122/694
f 214/32/331 215/372/333 214/31/330
f 255/30/393 254/28/392 283/29/421
f 254/28/392 255/30/393 253/27/391
f 322/26/493 321/24/491 322/25/492
f 321/24/491 322/26/493 321/23/490
f 252/22/390 250/20/388 251/21/389
f 250/20/388 252/22/390 249/19/387
f 251/21/389 248/17/385 248/18/386
f 248/17/385 251/21/389 250/20/388
f 567/95/887 566/94/886 566/93/885
f 165/249/248 142/247/213 164/248/247
f 609/127/957 609/129/959 609/126/956
f 595/94/924 596/95/925 597/58/928
f 54/216/83 78/214/119 53/215/82
f 609/129/959 609/127/957 609/128/958
f 568/58/890 567/56/888 568/57/889
f 567/56/888 568/58/890 567/95/887
f 403/218/643 408/93/650 409/94/651
f 408/93/650 403/218/643 402/217/642
f 226/197/356 224/195/354 225/196/355
f 10/58/21 8/56/19 9/57/20
f 224/195/354 226/197/356 223/194/353
f 151/55/222 149/97/220 150/54/221
f 149/97/220 151/55/222 119/96/189
f 410/58/655 409/56/653 410/57/654
f 409/56/653 410/58/655 409/95/652
f 409/94/651 409/95/652 410/58/655
f 409/95/652 409/94/651 408/93/650
f 78/214/119 54/216/83 77/213/118
f 596/95/925 595/94/924 595/93/923
f 8/56/19 10/58/21 7/95/18
f 7/94/17 7/95/18 10/58/21
f 432/129/685 430/127/683 431/128/684
f 430/127/683 432/129/685 429/126/682
f 211/246/322 210/244/320 211/245/321
f 280/158/418 253/27/391 255/30/393
f 360/93/564 358/218/557 357/217/556
f 358/218/557 360/93/564 360/94/565
f 357/217/556 359/87/562 359/86/561
f 359/87/562 357/217/556 358/218/557
f 358/123/559 378/125/597 358/122/558
f 7/95/18 7/94/17 7/93/16
f 378/125/597 358/123/559 378/124/596
f 379/127/599 380/129/601 379/126/598
f 148/92/219 119/90/188 147/91/218
f 380/129/601 379/127/599 380/128/600
f 359/86/561 360/88/563 359/85/560
f 360/88/563 359/86/561 359/87/562
f 361/95/566 360/94/565 360/93/564
f 360/94/565 361/95/566 362/58/569
f 361/56/567 362/58/569 361/95/566
f 362/58/569 361/56/567 361/57/568
f 210/244/320 211/246/322 210/243/319
f 475/64/736 474/261/735 474/260/734
f 474/261/735 475/64/736 475/63/738
f 565/87/883 563/217/879 564/218/880
f 563/217/879 565/87/883 565/86/882
f 2/251/4 3/252/5 314/254/474
f 29/155/58 56/157/85 28/192/57
f 109/226/168 107/224/166 108/225/167
f 318/125/484 5/123/11 318/124/483
f 620/127/985 621/129/987 620/126/984
f 621/129/987 620/127/985 621/128/986
f 3/252/5 2/251/4 2/250/3
f 6/88/15 6/86/13 6/87/14
f 119/90/188 148/92/219 118/89/187
f 107/224/166 109/226/168 106/223/165
f 213/202/328 211/221/323 212/222/324
f 326/93/502 324/218/497 323/217/496
f 324/218/497 326/93/502 326/94/503
f 566/93/885 564/218/880 563/217/879
f 564/218/880 566/93/885 566/94/886
f 105/238/164 103/236/162 104/237/163
f 103/236/162 105/238/164 102/235/161
f 346/127/533 346/129/535 345/126/532
f 346/129/535 346/127/533 346/128/534
f 273/234/411 271/232/409 272/233/410
f 271/232/409 273/234/411 270/231/408
f 327/95/504 326/94/503 326/93/502
f 326/94/503 327/95/504 328/58/507
f 327/56/505 328/58/507 327/95/504
f 328/58/507 327/56/505 327/57/506
f 3/230/7 315/228/476 3/229/6
f 315/228/476 3/230/7 315/227/475
f 565/86/882 565/88/884 564/85/881
f 566/94/886 567/95/887 568/58/890
f 247/159/382 268/262/406 243/255/373
f 209/257/316 210/259/318 208/256/315
f 210/259/318 209/257/316 209/258/317
f 247/64/383 245/261/375 244/260/374
f 245/261/375 247/64/383 281/63/419
f 268/262/406 247/159/382 280/158/418
f 565/88/884 565/86/882 565/87/883
f 57/131/87 58/133/89 57/130/86
g fff0aa7b_00031_0014c4fd_e5
f 189/68/289 191/34/293 189/67/287
f 189/68/289 192/35/294 191/34/293
g fff0aa7b_00031_0014c4fd_e3
f 114/212/173 113/210/172 126/211/197
f 112/209/171 111/208/170 113/210/172
f 534/104/835 533/99/832 533/100/833
f 534/104/835 531/103/830 532/98/831
f 534/104/835 534/102/834 531/103/830
f 530/104/829 529/100/827 529/102/828
f 530/104/829 529/99/826 529/100/827
f 530/104/829 528/103/824 528/98/825
f 530/104/829 529/102/828 528/103/824
f 504/125/792 503/311/791 505/429/795
f 505/429/795 505/430/796 504/125/792
f 125/302/196 196/268/299 195/305/297
f 126/211/197 113/210/172 111/208/170
f 534/104/835 533/100/833 534/102/834
f 190/69/290 189/68/289 189/33/288
f 189/33/288 189/68/289 189/67/287
f 190/69/290 192/35/294 189/68/289
f 190/70/291 192/35/294 190/69/290
f 190/70/291 190/33/292 192/35/294
f 192/35/294 190/33/292 191/34/293
f 197/319/300 124/101/195 110/207/169
f 196/268/299 193/37/295 195/305/297
f 125/302/196 124/101/195 196/268/299
f 195/305/297 193/37/295 119/333/190
f 196/268/299 124/101/195 197/319/300
g fff0aa7b_00031_0014c4fd_e7
f 153/320/224 155/37/226 152/270/223
f 155/37/226 153/320/224 154/105/225
f 521/104/817 519/100/815 520/102/816
f 521/104/817 518/99/814 519/100/815
f 521/104/817 516/103/812 517/98/813
f 521/104/817 520/102/816 516/103/812
f 513/320/809 512/270/808 515/37/811
f 515/37/811 514/105/810 513/320/809
g fff0aa7b_00031_0014c4fd_e19
f 173/339/264 172/337/262 173/338/263
f 173/336/263 172/358/261 173/359/264
g fff0aa7b_00031_0014c4fd_e23
f 446/566/699 448/559/702 448/565/701
f 465/550/720 467/549/723 466/551/722
f 465/547/719 466/551/722 470/552/726
f 445/564/698 448/565/701 451/563/705
f 493/530/771 496/531/776 496/529/777
f 496/531/776 493/530/771 492/532/770
f 492/532/770 495/533/775 496/531/776
f 495/533/775 492/532/770 492/534/769
f 492/534/769 495/535/774 495/533/775
f 495/535/774 492/534/769 492/536/768
f 492/536/768 494/528/773 495/535/774
f 494/528/773 492/536/768 493/527/772
f 444/562/697 450/561/704 449/558/703
f 464/556/718 469/555/725 468/553/724
f 464/556/718 468/553/724 465/548/721
f 444/562/697 449/558/703 447/557/700
f 478/540/743 481/541/748 481/539/749
f 481/541/748 478/540/743 477/542/742
f 477/542/742 480/543/747 481/541/748
f 480/543/747 477/542/742 476/544/741
f 476/544/741 480/545/746 480/543/747
f 480/545/746 476/544/741 476/546/740
f 476/546/740 479/538/745 480/545/746
f 479/538/745 476/546/740 479/537/744
f 443/560/696 450/561/704 444/562/697
f 446/566/699 448/565/701 445/564/698
f 447/557/700 448/559/702 446/566/699
f 465/548/721 467/549/723 465/550/720
f 465/550/720 466/551/722 465/547/719
f 447/557/700 449/558/703 448/559/702
f 465/548/721 468/553/724 467/549/723
f 463/554/717 469/555/725 464/556/718
g fff0aa7b_00031_0014c4fd_e22
f 80/478/125 59/479/92 81/480/126
f 70/481/103 33/482/62 61/483/94
f 31/507/60 32/514/61 30/485/59
f 81/480/126 89/492/147 80/478/125
f 59/479/92 30/485/59 58/486/91
f 30/485/59 59/479/92 38/487/67
f 58/525/90 79/511/122 62/518/95
f 81/523/127 60/513/93 79/526/121
f 92/490/151 88/491/146 89/492/147
f 92/490/151 89/492/147 93/493/152
f 66/494/99 38/487/67 59/479/92
f 38/487/67 66/494/99 13/495/27
f 63/515/96 79/526/121 60/513/93
f 79/526/121 63/515/96 78/524/120
f 37/497/66 12/496/26 64/489/97
f 12/496/26 37/497/66 13/498/28
f 34/499/63 13/498/28 37/497/66
f 13/498/28 34/499/63 41/500/70
f 39/501/68 41/500/70 34/499/63
f 80/502/124 88/491/146 79/503/123
f 31/507/60 40/504/69 33/482/62
f 61/483/94 33/482/62 40/504/69
f 62/518/95 78/524/120 63/515/96
f 33/482/62 70/481/103 42/506/71
f 42/506/71 31/507/60 33/482/62
f 31/507/60 42/506/71 12/505/24
f 12/496/26 13/498/28 12/512/25
f 13/495/27 12/512/25 13/498/28
f 79/503/123 88/510/145 79/511/122
f 88/510/145 79/503/123 88/491/146
f 91/522/150 79/511/122 88/510/145
f 79/511/122 91/522/150 78/524/120
f 35/508/64 60/513/93 32/514/61
f 60/513/93 35/508/64 63/515/96
f 37/497/66 68/516/101 34/499/63
f 39/501/68 61/483/94 40/504/69
f 61/483/94 39/501/68 67/484/100
f 34/499/63 67/484/100 39/501/68
f 67/484/100 34/499/63 68/516/101
f 68/516/101 37/497/66 69/517/102
f 36/509/65 63/515/96 35/508/64
f 63/515/96 36/509/65 62/518/95
f 69/517/102 64/489/97 81/488/128
f 64/489/97 69/517/102 37/497/66
f 80/502/124 66/494/99 80/478/125
f 66/494/99 80/502/124 65/519/98
f 40/504/69 38/487/67 41/500/70
f 41/500/70 38/487/67 13/495/27
f 41/500/70 13/495/27 13/498/28
f 88/491/146 80/502/124 89/520/148
f 89/492/147 81/480/126 93/493/152
f 89/520/148 80/478/125 89/492/147
f 80/478/125 89/520/148 80/502/124
f 92/490/151 79/526/121 90/521/149
f 41/500/70 39/501/68 40/504/69
f 90/521/149 78/524/120 91/522/150
f 88/491/146 91/522/150 88/510/145
f 92/490/151 91/522/150 88/491/146
f 89/492/147 88/491/146 89/520/148
f 78/524/120 90/521/149 79/526/121
f 79/526/121 92/490/151 81/523/127
f 92/490/151 90/521/149 91/522/150
f 93/493/152 81/523/127 92/490/151
f 81/523/127 93/493/152 81/480/126
f 31/507/60 30/485/59 40/504/69
f 79/503/123 65/519/98 80/502/124
f 65/519/98 79/503/123 58/525/90
f 79/511/122 58/525/90 79/503/123
f 59/479/92 80/478/125 66/494/99
f 81/480/126 58/486/91 81/523/127
f 60/513/93 81/523/127 58/486/91
f 78/524/120 62/518/95 79/511/122
f 58/486/91 81/480/126 59/479/92
f 65/519/98 13/495/27 66/494/99
f 13/495/27 65/519/98 12/512/25
f 40/504/69 30/485/59 38/487/67
f 58/486/91 32/514/61 60/513/93
f 32/514/61 58/486/91 30/485/59
g fff0aa7b_00031_0014c4fd_e9
f 135/37/206 133/320/204 134/105/205
f 511/37/807 510/105/806 509/320/805
g fff0aa7b_00031_0014c4fd_e17
f 258/167/396 265/178/403 259/168/397
f 366/168/576 367/177/577 368/166/578
f 258/167/396 217/11/340 265/178/403
f 366/168/576 365/178/575 367/177/577
f 259/168/397 264/177/402 257/166/395
f 367/177/577 371/135/581 369/165/579
f 295/137/437 294/134/436 266/135/404
f 295/137/437 202/14/306 294/134/436
f 265/178/403 295/137/437 264/177/402
f 265/178/403 201/12/305 295/137/437
f 266/135/404 262/175/400 263/176/401
f 266/135/404 294/134/436 262/175/400
f 598/169/932 606/361/949 607/363/951
f 601/176/939 603/175/944 602/174/941
f 572/165/897 574/135/899 573/176/898
f 576/172/901 583/360/908 584/361/909
f 260/170/398 259/168/397 267/136/405
f 260/170/398 258/167/396 259/168/397
f 257/166/395 216/49/336 267/136/405
f 267/136/405 259/168/397 257/166/395
f 256/165/394 215/48/335 257/166/395
f 257/166/395 264/177/402 256/165/394
f 263/176/401 215/47/334 256/165/394
f 256/165/394 266/135/404 263/176/401
f 294/134/436 294/172/435 262/175/400
f 294/134/436 217/13/341 294/172/435
f 603/175/944 603/173/943 602/174/941
f 603/175/944 602/172/942 603/173/943
f 570/177/895 574/135/899 572/165/897
f 569/168/894 569/178/893 570/177/895
f 364/167/574 375/362/592 365/178/575
f 364/167/574 365/178/575 366/168/576
f 363/169/573 376/363/593 364/167/574
f 363/169/573 364/167/574 363/170/572
f 372/172/583 375/361/591 363/169/573
f 372/172/583 363/169/573 372/173/584
f 580/134/905 576/172/901 578/175/903
f 15/169/32 15/167/33 15/170/31
f 580/134/905 583/360/908 576/172/901
f 19/172/42 15/169/32 19/173/43
f 44/134/73 304/360/458 19/172/42
f 44/134/73 19/172/42 20/175/44
f 367/177/577 373/137/586 371/135/581
f 374/134/587 374/16/589 375/360/590
f 368/166/578 367/177/577 369/165/579
f 372/172/583 375/360/590 375/361/591
f 369/165/579 371/135/581 370/176/580
f 259/168/397 265/178/403 264/177/402
f 363/169/573 375/361/591 376/363/593
f 264/177/402 266/135/404 256/165/394
f 19/174/41 312/42/468 312/41/467
f 264/177/402 295/137/437 266/135/404
f 602/172/942 606/361/949 598/169/932
f 14/171/30 15/170/31 14/136/29
f 14/136/29 312/43/469 14/171/30
f 14/136/29 16/168/35 17/166/37
f 370/176/580 373/175/585 371/174/582
f 371/135/581 373/175/585 370/176/580
f 371/135/581 374/134/587 373/175/585
f 373/175/585 372/173/584 371/174/582
f 373/175/585 372/172/583 372/173/584
f 290/170/430 284/168/422 291/136/431
f 290/170/430 289/167/428 284/168/422
f 289/167/428 289/178/429 284/168/422
f 569/168/894 570/177/895 571/166/896
f 289/167/428 188/332/286 289/178/429
f 301/164/453 309/355/463 306/351/460
f 17/177/36 18/135/40 18/165/38
f 571/166/896 570/177/895 572/165/897
f 16/168/35 16/178/34 17/177/36
f 309/355/463 301/164/453 299/188/449
f 299/188/449 310/321/464 309/355/463
f 177/137/269 178/134/270 161/135/240
f 177/137/269 114/120/175 178/134/270
f 176/178/268 114/119/174 177/137/269
f 176/178/268 177/137/269 159/177/234
f 84/134/135 83/172/134 75/175/112
f 84/134/135 24/4/53 83/172/134
f 83/172/134 83/169/133 75/173/110
f 83/172/134 25/5/54 83/169/133
f 83/169/133 83/167/132 74/170/108
f 83/169/133 27/8/56 83/167/132
f 83/167/132 82/178/130 73/168/106
f 83/167/132 26/7/55 82/178/130
f 73/168/106 82/177/131 72/166/105
f 73/168/106 82/178/130 82/177/131
f 82/177/131 84/135/136 71/165/104
f 178/134/270 173/172/265 161/175/238
f 178/134/270 115/71/176 173/172/265
f 173/172/265 174/169/266 160/173/236
f 173/172/265 115/72/177 174/169/266
f 174/169/266 175/167/267 159/170/235
f 174/169/266 116/74/179 175/167/267
f 175/167/267 176/178/268 159/168/233
f 175/167/267 115/73/178 176/178/268
f 159/168/233 159/177/234 163/166/244
f 82/177/131 82/137/129 84/135/136
f 159/168/233 176/178/268 159/177/234
f 159/177/234 161/135/240 162/165/241
f 159/177/234 177/137/269 161/135/240
f 161/135/240 161/175/238 162/176/242
f 161/135/240 178/134/270 161/175/238
f 161/175/238 160/173/236 161/174/239
f 161/175/238 173/172/265 160/173/236
f 160/173/236 159/170/235 160/171/237
f 160/173/236 174/169/266 159/170/235
f 159/170/235 159/168/233 162/136/243
f 159/170/235 175/167/267 159/168/233
f 163/166/244 116/82/181 162/136/243
f 162/136/243 159/168/233 163/166/244
f 162/165/241 117/83/182 163/166/244
f 163/166/244 159/177/234 162/165/241
f 162/165/241 117/84/183 117/83/182
f 173/172/265 115/71/176 115/72/177
f 162/176/242 117/38/184 117/84/183
f 174/169/266 115/72/177 116/74/179
f 161/174/239 118/39/185 117/38/184
f 175/167/267 116/74/179 115/73/178
f 160/171/237 116/81/180 118/39/185
f 310/321/464 299/188/449 300/189/450
f 579/137/904 582/16/907 580/134/905
f 284/168/422 286/177/424 287/166/425
f 284/168/422 289/178/429 286/177/424
f 15/170/31 15/167/33 16/168/35
f 287/166/425 205/347/309 291/136/431
f 15/170/31 16/168/35 14/136/29
f 291/136/431 284/168/422 287/166/425
f 568/136/891 569/168/894 571/166/896
f 267/136/405 216/51/338 261/171/399
f 579/137/904 580/134/905 574/135/899
f 261/171/399 260/170/398 267/136/405
f 569/178/893 581/15/906 579/137/904
f 265/178/403 217/11/340 201/12/305
f 569/178/893 579/137/904 570/177/895
f 261/171/399 216/51/338 216/50/337
f 300/190/451 307/352/461 308/353/462
f 16/168/35 17/177/36 17/166/37
f 307/352/461 300/190/451 301/191/452
f 19/173/43 15/169/32 15/170/31
f 19/173/43 15/170/31 14/171/30
f 291/136/431 187/349/281 293/171/433
f 569/169/892 584/361/909 585/363/910
f 293/171/433 206/348/310 293/174/434
f 573/176/898 578/175/903 575/174/900
f 43/137/72 303/16/457 44/134/73
f 43/137/72 44/134/73 18/135/40
f 16/178/34 302/15/456 43/137/72
f 16/178/34 43/137/72 17/177/36
f 19/174/41 19/173/43 14/171/30
f 14/171/30 312/42/468 19/174/41
f 14/171/30 312/43/469 312/42/468
f 16/178/34 313/362/471 302/15/456
f 600/166/937 600/177/936 601/165/938
f 43/137/72 302/15/456 303/16/457
f 580/134/905 582/16/907 583/360/908
f 44/134/73 303/16/457 304/360/458
f 18/165/38 311/40/466 313/45/470
f 19/172/42 304/360/458 305/361/459
f 18/176/39 312/41/467 311/40/466
f 602/172/942 598/169/932 603/173/943
f 301/163/452 306/351/460 307/350/461
f 293/174/434 203/343/307 288/176/427
f 288/176/427 285/175/423 293/174/434
f 289/178/429 302/137/454 286/177/424
f 289/178/429 188/331/285 302/137/454
f 302/137/454 188/331/285 188/330/284
f 291/136/431 205/347/309 187/349/281
f 579/137/904 581/15/906 582/16/907
f 294/172/435 217/13/341 217/10/339
f 306/351/460 301/163/452 301/164/453
f 15/167/33 16/178/34 16/168/35
f 414/178/661 419/137/671 415/177/663
f 414/178/661 421/15/673 419/137/671
f 176/178/268 115/73/178 114/119/174
f 160/171/237 159/170/235 162/136/243
f 162/136/243 116/81/180 160/171/237
f 161/174/239 160/173/236 160/171/237
f 82/137/129 23/3/52 84/134/135
f 82/137/129 84/134/135 84/135/136
f 82/178/130 23/2/51 82/137/129
f 82/178/130 82/137/129 82/177/131
f 160/171/237 118/39/185 161/174/239
f 162/176/242 161/175/238 161/174/239
f 161/174/239 117/38/184 162/176/242
f 162/165/241 161/135/240 162/176/242
f 162/176/242 117/84/183 162/165/241
f 74/136/107 20/76/46 20/75/45
f 82/137/129 23/2/51 23/3/52
f 72/166/105 21/77/47 20/76/46
f 84/134/135 23/3/52 24/4/53
f 71/165/104 21/78/48 21/77/47
f 83/172/134 24/4/53 25/5/54
f 76/176/113 21/79/49 21/78/48
f 83/169/133 25/5/54 27/8/56
f 75/174/111 22/80/50 21/79/49
f 83/167/132 27/8/56 26/7/55
f 74/171/109 20/75/45 22/80/50
f 82/178/130 26/7/55 23/2/51
f 74/171/109 74/170/108 74/136/107
f 74/136/107 20/75/45 74/171/109
f 75/174/111 75/173/110 74/171/109
f 74/171/109 22/80/50 75/174/111
f 76/176/113 75/175/112 75/174/111
f 75/174/111 21/79/49 76/176/113
f 71/165/104 84/135/136 76/176/113
f 76/176/113 21/78/48 71/165/104
f 72/166/105 82/177/131 71/165/104
f 71/165/104 21/77/47 72/166/105
f 162/136/243 116/82/181 116/81/180
f 177/137/269 114/119/174 114/120/175
f 74/136/107 73/168/106 72/166/105
f 72/166/105 20/76/46 74/136/107
f 74/170/108 83/167/132 73/168/106
f 74/170/108 73/168/106 74/136/107
f 163/166/244 117/83/182 116/82/181
f 178/134/270 114/120/175 115/71/176
f 75/173/110 83/169/133 74/170/108
f 75/173/110 74/170/108 74/171/109
f 75/175/112 83/172/134 75/173/110
f 75/175/112 75/173/110 75/174/111
f 84/135/136 84/134/135 75/175/112
f 84/135/136 75/175/112 76/176/113
f 419/137/671 420/134/672 417/135/667
f 419/137/671 421/16/674 420/134/672
f 256/165/394 215/47/334 215/48/335
f 418/173/669 412/170/658 411/171/657
f 418/173/669 412/169/659 412/170/658
f 294/134/436 202/14/306 217/13/341
f 412/170/658 415/168/662 411/136/656
f 257/166/395 215/48/335 216/49/336
f 412/170/658 413/167/660 415/168/662
f 418/174/668 418/173/669 411/171/657
f 411/136/656 415/168/662 415/166/664
f 414/178/661 423/362/676 421/15/673
f 411/171/657 412/170/658 411/136/656
f 413/167/660 424/363/677 423/362/676
f 419/137/671 421/15/673 421/16/674
f 570/177/895 579/137/904 574/135/899
f 576/172/901 569/169/892 577/173/902
f 604/137/945 605/15/947 605/16/948
f 20/175/44 19/172/42 19/173/43
f 599/167/933 607/363/951 606/362/950
f 374/134/587 375/360/590 372/172/583
f 20/175/44 19/173/43 19/174/41
f 374/134/587 372/172/583 373/175/585
f 18/135/40 44/134/73 20/175/44
f 373/137/586 374/15/588 374/16/589
f 364/167/574 376/363/593 375/362/592
f 363/171/571 363/170/572 362/136/570
f 365/178/575 375/362/592 374/15/588
f 362/136/570 366/168/576 368/166/578
f 371/174/582 372/173/584 363/171/571
f 363/170/572 364/167/574 366/168/576
f 363/170/572 366/168/576 362/136/570
f 372/173/584 363/169/573 363/170/572
f 18/135/40 20/175/44 18/176/39
f 18/176/39 20/175/44 19/174/41
f 372/173/584 363/170/572 363/171/571
f 19/174/41 312/41/467 18/176/39
f 285/175/423 292/173/432 293/174/434
f 18/165/38 18/135/40 18/176/39
f 285/175/423 302/172/455 292/173/432
f 18/176/39 311/40/466 18/165/38
f 292/173/432 290/170/430 293/171/433
f 17/166/37 17/177/36 18/165/38
f 603/173/943 598/169/932 598/170/931
f 597/171/930 598/170/931 597/136/929
f 419/175/670 418/173/669 418/174/668
f 599/178/934 606/362/950 605/15/947
f 597/136/929 600/168/935 600/166/937
f 416/176/666 419/175/670 418/174/668
f 602/174/941 603/173/943 597/171/930
f 598/170/931 599/167/933 600/168/935
f 598/170/931 600/168/935 597/136/929
f 415/166/664 415/177/663 416/165/665
f 420/134/672 421/16/674 422/360/675
f 415/177/663 419/137/671 417/135/667
f 415/177/663 417/135/667 416/165/665
f 415/168/662 414/178/661 415/177/663
f 415/168/662 415/177/663 415/166/664
f 413/167/660 423/362/676 414/178/661
f 413/167/660 414/178/661 415/168/662
f 412/169/659 424/363/677 413/167/660
f 412/169/659 413/167/660 412/170/658
f 15/167/33 313/362/471 16/178/34
f 603/173/943 598/170/931 597/171/930
f 293/174/434 292/173/432 293/171/433
f 293/171/433 290/170/430 291/136/431
f 293/171/433 187/349/281 206/348/310
f 289/178/429 188/332/286 188/331/285
f 293/174/434 206/348/310 203/343/307
f 289/167/428 187/326/282 188/332/286
f 288/176/427 203/343/307 204/342/308
f 287/169/426 187/327/283 187/326/282
f 576/172/901 584/361/909 569/169/892
f 292/173/432 287/169/426 290/170/430
f 598/169/932 599/167/933 598/170/931
f 598/169/932 607/363/951 599/167/933
f 599/167/933 599/178/934 600/168/935
f 599/167/933 606/362/950 599/178/934
f 600/168/935 600/177/936 600/166/937
f 600/168/935 599/178/934 600/177/936
f 302/172/455 287/169/426 292/173/432
f 17/177/36 43/137/72 18/135/40
f 331/178/513 336/137/521 331/177/515
f 331/178/513 338/15/523 336/137/521
f 336/137/521 337/134/522 333/135/518
f 336/137/521 339/16/524 337/134/522
f 335/173/520 329/170/510 329/171/509
f 335/173/520 330/169/511 329/170/510
f 329/170/510 331/168/514 328/136/508
f 329/170/510 330/167/512 331/168/514
f 334/174/519 335/173/520 329/171/509
f 328/136/508 331/168/514 332/166/516
f 331/178/513 341/362/526 338/15/523
f 329/171/509 329/170/510 328/136/508
f 302/172/455 187/327/283 287/169/426
f 287/169/426 289/167/428 290/170/430
f 287/169/426 187/326/282 289/167/428
f 600/177/936 601/135/940 601/165/938
f 330/167/512 342/363/527 341/362/526
f 336/137/521 338/15/523 339/16/524
f 604/137/945 605/16/948 604/134/946
f 604/137/945 604/134/946 601/135/940
f 599/178/934 605/15/947 604/137/945
f 599/178/934 604/137/945 600/177/936
f 330/169/511 330/167/512 329/170/510
f 330/169/511 342/363/527 330/167/512
f 330/167/512 331/178/513 331/168/514
f 330/167/512 341/362/526 331/178/513
f 331/168/514 331/177/515 332/166/516
f 331/168/514 331/178/513 331/177/515
f 331/177/515 333/135/518 332/165/517
f 331/177/515 336/137/521 333/135/518
f 337/134/522 339/16/524 340/360/525
f 332/166/516 331/177/515 332/165/517
f 578/175/903 576/172/901 577/173/902
f 578/175/903 577/173/902 575/174/900
f 574/135/899 580/134/905 578/175/903
f 574/135/899 578/175/903 573/176/898
f 365/178/575 373/137/586 367/177/577
f 365/178/575 374/15/588 373/137/586
f 373/137/586 374/134/587 371/135/581
f 373/137/586 374/16/589 374/134/587
f 295/137/437 201/12/305 202/14/306
f 267/136/405 216/49/336 216/51/338
f 600/177/936 604/137/945 601/135/940
g fff0aa7b_00031_0014c4fd_e15
f 182/108/274 199/106/303 200/107/304
f 139/292/210 142/74/213 140/296/211
f 45/6/74 77/301/116 47/300/76
f 103/236/162 98/118/157 100/294/159
f 140/296/211 142/72/213 141/266/212
f 179/145/271 200/144/304 180/146/272
f 200/144/304 179/145/271 182/143/274
f 199/106/303 182/108/274 181/147/273
f 180/146/272 186/113/279 179/145/271
f 145/162/216 142/119/213 146/121/217
f 106/223/165 98/115/157 107/224/166
f 146/121/217 142/73/213 139/292/210
f 186/112/278 186/114/280 185/111/277
f 144/161/215 143/160/214 164/248/247
f 164/248/247 143/160/214 165/249/248
f 163/293/245 164/297/246 165/249/248
f 163/293/245 165/249/248 143/160/214
f 107/224/166 98/116/157 102/235/161
f 183/109/275 181/147/273 184/110/276
f 181/147/273 183/109/275 199/106/303
f 102/235/161 98/117/157 103/236/162
f 186/114/280 186/112/278 186/113/279
f 184/110/276 185/111/277 183/109/275
f 185/111/277 184/110/276 186/112/278
f 186/113/279 180/146/272 186/114/280
f 77/301/116 45/6/74 76/1/114
g fff0aa7b_00031_0014c4fd_e20
f 393/414/633 392/413/630 396/91/636
f 396/91/636 399/55/639 393/414/633
f 392/412/631 392/410/629 395/289/635
f 395/289/635 397/92/637 392/412/631
f 393/411/632 394/287/634 391/409/628
f 394/287/634 393/411/632 398/54/638
f 392/410/629 391/409/628 394/287/634
f 394/287/634 395/289/635 392/410/629
f 354/384/549 348/380/539 355/385/550
f 354/384/549 353/378/545 354/383/548
f 617/122/978 623/419/991 617/123/979
f 348/377/539 353/381/546 356/390/553
f 354/383/548 351/375/543 353/381/546
f 623/419/991 617/122/978 623/417/990
f 354/384/549 354/383/548 348/379/539
f 353/378/545 354/384/549 355/385/550
f 501/410/785 501/409/784 502/287/787
f 502/287/787 502/289/788 501/410/785
f 486/91/759 487/55/761 485/414/758
f 485/414/758 484/413/756 486/91/759
f 486/54/760 485/414/758 487/55/761
f 485/414/758 486/54/760 484/411/757
f 502/287/787 484/411/757 486/54/760
f 484/411/757 502/287/787 501/409/784
f 502/412/786 501/410/785 502/289/788
f 502/289/788 503/92/789 502/412/786
f 350/373/541 347/333/536 349/373/540
f 347/333/536 350/373/541 347/333/537
f 354/383/548 353/378/545 351/375/543
f 354/383/548 353/381/546 348/389/539
f 620/126/984 623/418/993 620/127/985
f 623/418/993 620/126/984 623/420/992
f 623/420/992 617/123/979 623/419/991
f 356/387/552 355/385/550 348/380/539
f 617/123/979 623/420/992 620/126/984
f 623/418/993 622/416/989 617/314/977
f 355/385/550 349/373/540 347/333/536
f 347/333/536 353/378/545 355/385/550
f 387/426/615 246/187/380 387/423/614
f 246/187/380 387/426/615 247/148/381
f 386/424/613 246/239/378 386/425/612
f 246/239/378 386/424/613 246/240/379
f 387/426/615 386/425/612 246/239/378
f 246/239/378 247/148/381 387/426/615
f 386/424/613 385/422/611 246/240/379
f 242/309/372 246/240/379 385/422/611
f 387/423/614 241/307/371 385/421/610
f 241/307/371 387/423/614 246/187/380
f 385/422/611 385/421/610 241/307/371
f 241/307/371 242/309/372 385/422/611
f 351/375/543 347/333/536 347/333/537
f 351/375/543 347/333/537 348/304/538
f 353/381/546 353/382/547 356/390/553
f 617/314/977 620/127/985 623/418/993
f 623/417/990 617/312/976 622/415/988
f 617/312/976 623/417/990 617/122/978
f 622/416/989 622/415/988 617/312/976
f 348/388/539 356/390/553 355/386/551
f 353/381/546 351/375/543 352/376/544
f 353/382/547 353/381/546 352/376/544
f 617/312/976 617/314/977 622/416/989
f 355/386/551 356/387/552 348/305/539
f 353/378/545 347/333/536 351/375/543
f 352/376/544 351/375/543 348/304/538
f 396/91/636 392/412/631 397/92/637
f 392/412/631 396/91/636 392/413/630
f 398/54/638 393/414/633 399/55/639
f 393/414/633 398/54/638 393/411/632
f 400/312/640 401/314/641 434/416/687
f 434/416/687 433/415/686 400/312/640
f 400/312/640 435/417/688 404/122/644
f 435/417/688 400/312/640 433/415/686
f 401/314/641 430/127/683 438/418/691
f 438/418/691 434/416/687 401/314/641
f 405/123/645 437/420/690 429/126/682
f 437/420/690 405/123/645 436/419/689
f 438/418/691 429/126/682 437/420/690
f 429/126/682 438/418/691 430/127/683
f 436/419/689 404/122/644 435/417/688
f 404/122/644 436/419/689 405/123/645
f 347/333/537 351/374/542 348/304/538
f 351/374/542 347/333/537 350/373/541
f 382/417/604 356/312/554 381/415/602
f 353/382/547 352/376/544 351/374/542
f 352/376/544 348/304/538 351/374/542
f 356/312/554 357/314/555 381/416/603
f 381/416/603 381/415/602 356/312/554
f 356/312/554 382/417/604 358/122/558
f 383/418/607 379/126/598 382/420/606
f 379/126/598 383/418/607 379/127/599
f 382/419/605 358/122/558 382/417/604
f 358/122/558 382/419/605 358/123/559
f 382/420/606 358/123/559 382/419/605
f 358/123/559 382/420/606 379/126/598
f 383/418/607 381/416/603 357/314/555
f 357/314/555 379/127/599 383/418/607
f 588/312/913 589/314/914 610/416/961
f 610/416/961 610/415/960 588/312/913
f 588/312/913 611/417/962 592/122/917
f 611/417/962 588/312/913 610/415/960
f 589/314/914 609/127/957 612/418/965
f 612/418/965 610/416/961 589/314/914
f 593/123/918 612/420/964 609/126/956
f 612/420/964 593/123/918 611/419/963
f 612/418/965 609/126/956 612/420/964
f 609/126/956 612/418/965 609/127/957
f 611/419/963 592/122/917 611/417/962
f 592/122/917 611/419/963 593/123/918
g fff0aa7b_00031_0014c4fd_e21
f 635/594/1018 635/591/1019 629/579/1007
f 629/579/1007 629/580/1006 635/594/1018
f 636/593/1020 635/594/1018 629/580/1006
f 629/580/1006 630/581/1008 636/593/1020
f 296/141/441 298/368/446 299/367/447
f 298/368/446 296/141/441 296/140/440
f 296/140/440 298/366/445 298/368/446
f 298/366/445 296/140/440 295/139/439
f 295/139/439 298/365/444 298/366/445
f 298/365/444 295/139/439 295/138/438
f 295/138/438 297/364/443 298/365/444
f 297/364/443 295/138/438 297/142/442
f 624/472/997 638/599/1025 637/598/1023
f 218/449/342 236/450/366 238/451/368
f 236/450/366 218/449/342 218/452/343
f 219/447/344 235/448/365 218/452/343
f 236/450/366 218/452/343 235/448/365
f 638/599/1025 624/472/997 626/569/1000
f 624/475/996 637/596/1022 639/597/1026
f 639/597/1026 627/571/1002 624/475/996
f 240/454/370 237/455/367 234/453/364
f 237/455/367 240/454/370 239/456/369
f 239/456/369 238/451/368 237/455/367
f 238/451/368 239/456/369 218/449/342
f 97/460/156 87/468/143 87/458/142
f 87/468/143 97/460/156 96/467/155
f 96/467/155 87/466/144 87/468/143
f 87/466/144 96/467/155 95/465/154
f 95/465/154 86/464/139 87/466/144
f 86/464/139 95/465/154 94/463/153
f 94/463/153 86/462/140 86/464/139
f 86/462/140 94/463/153 85/461/138
f 85/461/138 86/459/141 86/462/140
f 86/459/141 85/461/138 85/457/137
f 87/458/142 85/457/137 97/460/156
f 85/457/137 87/458/142 86/459/141
f 559/469/869 561/470/872 561/471/873
f 561/471/873 563/472/878 559/469/869
f 561/470/872 559/469/869 560/473/870
f 560/473/870 560/474/871 561/470/872
f 636/588/1021 634/592/1017 628/582/1005
f 628/582/1005 630/583/1009 636/588/1021
f 634/592/1017 636/593/1020 630/581/1008
f 630/581/1008 628/582/1005 634/592/1017
f 562/476/875 562/475/876 563/472/877
f 563/472/877 562/477/874 562/476/875
f 562/477/874 563/472/877 563/472/878
f 563/472/878 561/471/873 562/477/874
f 613/469/966 614/470/969 615/471/970
f 615/471/970 617/472/975 613/469/966
f 614/470/969 613/469/966 613/473/967
f 613/473/967 614/474/968 614/470/969
f 635/591/1019 634/590/1016 628/578/1004
f 628/578/1004 629/579/1007 635/591/1019
f 638/599/1025 626/569/1000 625/567/998
f 625/567/998 638/600/1024 638/599/1025
f 616/476/972 616/475/973 617/472/974
f 617/472/974 615/477/971 616/476/972
f 615/477/971 617/472/974 617/472/975
f 617/472/975 615/471/970 615/477/971
f 627/571/1002 627/572/1003 623/476/995
f 626/570/1001 626/569/1000 624/472/997
f 624/472/997 623/477/994 626/570/1001
f 623/476/995 624/475/996 627/571/1002
f 625/568/999 625/567/998 626/569/1000
f 626/569/1000 626/570/1001 625/568/999
f 627/572/1003 627/571/1002 625/567/998
f 625/567/998 625/568/999 627/572/1003
f 633/595/1015 632/595/1013 631/595/1010
f 633/595/1015 633/595/1014 632/595/1012
f 633/595/1015 631/595/1011 633/595/1014
f 633/595/1015 632/595/1012 632/595/1013
f 633/595/1015 634/595/1016 635/595/1019
f 633/595/1015 635/595/1018 636/595/1020
f 633/595/1015 636/595/1020 634/595/1017
f 633/595/1015 635/595/1019 635/595/1018
f 633/595/1015 636/595/1021 631/595/1011
f 633/595/1015 634/595/1017 636/595/1021
f 626/573/1001 623/574/994 631/584/1010
f 631/584/1010 632/585/1013 626/573/1001
f 625/567/998 639/597/1026 638/600/1024
f 639/597/1026 625/567/998 627/571/1002
f 623/577/995 627/575/1003 633/587/1014
f 633/587/1014 631/586/1011 623/577/995
f 630/583/1009 623/577/995 631/586/1011
f 631/586/1011 636/588/1021 630/583/1009
f 625/576/999 626/573/1001 632/585/1013
f 632/585/1013 632/589/1012 625/576/999
f 627/575/1003 625/576/999 632/589/1012
f 632/589/1012 633/587/1014 627/575/1003
