# fff0a81b_00533_00b78fe4
o fff0a81b_00533_00b78fe4
v 18.467596 -3.945283 1.245520
v -21.296932 -3.945282 1.245520
v 18.467596 -3.945283 3.597082
v -21.296932 -3.945282 3.597082
v -1.916170 -3.005202 1.139378
v -3.456078 -3.005202 1.139378
v -1.916170 -3.005202 3.597080
v -3.456078 -3.005202 3.597080
v -5.015188 -3.005202 2.432241
v -13.682007 -3.005201 2.432241
v -5.015188 -3.005202 3.597080
v -13.682007 -3.005201 3.597080
v -14.287106 -3.005200 2.432241
v -14.287106 -3.005200 3.597080
v 1.434357 -3.005202 2.432241
v 1.434357 -3.005202 3.597080
v -18.709591 -3.005201 1.139378
v 6.827867 -3.005203 2.432241
v -7.275898 -3.005201 4.990675
v -18.837652 -3.005200 2.432241
v -18.837652 -3.005200 3.597080
v -20.732868 -3.005201 1.139378
v -20.732868 -3.005200 4.990675
v -14.441301 -3.945282 1.245520
v -14.729624 -3.945282 2.885206
v 6.844742 -3.005203 3.597080
v -21.296932 -2.289104 1.245520
v -21.296932 -2.289104 3.597082
v 7.247912 -3.005203 2.432236
v 7.264788 -3.005203 3.597075
v 9.503438 -3.005203 2.432236
v 9.520312 -3.005203 3.597075
v 21.280058 -3.005203 1.139372
v 21.296932 -3.005203 4.990669
v 10.018126 -3.005203 2.432236
v 17.867725 -3.005203 2.432236
v 10.018126 -3.005203 3.597075
v 17.867725 -3.005203 3.597075
v -1.069471 -3.945282 1.245520
v -15.574867 -3.840892 1.115021
v -14.251553 -3.840885 1.115021
v -15.574867 -3.840892 3.390423
v -14.251553 -3.840850 3.390423
v 2.277405 -3.840893 1.115021
v 4.985718 -3.840885 1.115021
v 2.277405 -3.840893 3.390423
v 4.985718 -3.840851 3.390423
v -20.766727 3.921097 1.139374
v -20.732864 3.945283 4.990675
v 21.280060 3.921093 1.139372
v -20.800591 -3.005200 1.139372
v 5.626047 -0.358932 1.688864
v 5.626048 3.906687 1.740908
v 4.703427 3.906687 1.740904
v 5.626048 3.906685 1.688864
v 5.586285 1.644421 1.173693
v 5.586281 2.083877 1.173693
v 5.586285 1.644421 1.688864
v 5.586281 2.083809 1.688864
v 5.626047 -0.358932 1.740908
v 4.703429 -0.358932 1.740906
v 4.703424 3.906687 2.259176
v 4.620825 3.906687 2.259176
v 4.703424 -0.358932 2.259176
v 4.620825 -0.358932 2.259176
v 4.620820 3.906687 1.740902
v 3.698203 3.906687 1.740908
v 3.737969 2.083809 1.173693
v 3.737969 2.083809 1.688864
v 3.698204 -0.358932 1.740908
v 4.620817 -0.358932 1.740908
v 5.257899 1.769982 2.170488
v 5.252053 1.551956 2.170488
v 5.257899 1.769982 1.739006
v 4.835619 1.781423 2.170488
v 4.829772 1.563427 2.170488
v 4.835619 1.781423 1.739006
v 5.252052 1.551926 1.739004
v 5.257899 -0.002479 2.170488
v 5.252053 -0.220505 2.170488
v 5.257899 -0.002479 1.739006
v 4.835619 0.008962 2.170488
v 4.829772 -0.209033 2.170488
v 4.835619 0.008962 1.739006
v 5.252052 -0.220535 1.739004
v 5.356782 2.618745 1.736238
v 5.525363 2.162718 1.742105
v 5.537790 2.605199 1.742105
v 5.348702 2.162113 1.767176
v 5.361440 2.615732 1.767176
v 5.356782 1.002290 1.736238
v 5.525363 0.546263 1.742105
v 5.537790 0.988744 1.742105
v 5.348702 0.545658 1.767176
v 5.361440 0.999277 1.767176
v 5.586285 -0.285999 1.173693
v 5.586281 0.153458 1.173693
v 5.586285 -0.285999 1.688864
v 5.586281 0.153389 1.688864
v 3.737969 0.153389 1.173693
v 3.737969 0.153389 1.688864
v -9.407955 -0.358931 1.688864
v -9.407953 3.906689 1.740908
v -10.330574 3.906688 1.740904
v -9.407955 3.906687 1.688864
v -9.447718 1.644423 1.173693
v -9.447721 2.083879 1.173693
v -9.447718 1.644423 1.688864
v -9.447721 2.083811 1.688864
v -9.407955 -0.358931 1.740908
v -10.330574 -0.358931 1.740906
v -10.330578 3.906689 2.259176
v -10.413177 3.906689 2.259176
v -10.330578 -0.358931 2.259176
v -10.413177 -0.358931 2.259176
v -10.413181 3.906689 1.740902
v -11.335800 3.906689 1.740908
v -11.296032 2.083811 1.173693
v -11.296032 2.083811 1.688864
v -11.335798 -0.358931 1.740908
v -10.413185 -0.358931 1.740908
v -9.776102 1.769984 2.170488
v -9.781948 1.551958 2.170488
v -9.776102 1.769984 1.739006
v -10.198383 1.781425 2.170488
v -10.204229 1.563429 2.170488
v -10.198383 1.781425 1.739006
v -9.781950 1.551928 1.739004
v -9.776102 -0.002477 2.170488
v -9.781948 -0.220503 2.170488
v -9.776102 -0.002477 1.739006
v -10.198383 0.008964 2.170488
v -10.204229 -0.209032 2.170488
v -10.198383 0.008964 1.739006
v -9.781950 -0.220533 1.739004
v -9.882355 2.615497 1.808117
v -9.978872 2.184240 2.189482
v -9.967159 2.614850 2.190186
v -9.865673 2.650574 1.802616
v -10.166710 2.558869 1.764494
v -9.807312 2.138992 1.807552
v -9.677219 2.618747 1.736238
v -9.508638 2.162720 1.742105
v -9.496212 2.605201 1.742105
v -9.685299 2.162115 1.767176
v -9.672562 2.615734 1.767176
v -9.875088 2.650069 2.268068
v -9.888626 2.140452 2.267279
v -9.793451 2.648602 1.808386
v -9.857979 2.615951 2.216305
v -9.793180 2.614783 1.851423
v -9.805220 2.172147 1.850712
v -9.870014 2.173305 2.215572
v -9.963837 2.652539 2.234003
v -9.977699 2.142929 2.233171
v -10.226097 2.560050 2.031706
v -10.234507 2.253558 2.031729
v -9.882355 0.999042 1.808117
v -9.978872 0.567785 2.189482
v -9.967159 0.998395 2.190186
v -9.865673 1.034120 1.802616
v -10.166710 0.942414 1.764494
v -9.807312 0.522537 1.807552
v -9.677219 1.002292 1.736238
v -9.508638 0.546265 1.742105
v -9.496212 0.988746 1.742105
v -9.685299 0.545660 1.767176
v -9.672562 0.999279 1.767176
v -9.875088 1.033614 2.268068
v -9.888626 0.523997 2.267279
v -9.793451 1.032148 1.808386
v -9.857979 0.999496 2.216305
v -9.793180 0.998328 1.851423
v -9.805220 0.555692 1.850712
v -9.870014 0.556850 2.215572
v -9.963837 1.036085 2.234003
v -9.977699 0.526474 2.233171
v -10.226097 0.943596 2.031706
v -10.234507 0.637103 2.031729
v -9.447718 -0.285997 1.173693
v -9.447721 0.153460 1.173693
v -9.447718 -0.285997 1.688864
v -9.447721 0.153391 1.688864
v -11.296032 0.153391 1.173693
v -11.296032 0.153391 1.688864
v -11.075903 2.618747 1.736238
v -11.244484 2.162721 1.742105
v -11.256910 2.605201 1.742105
v -11.067823 2.162116 1.767176
v -11.080561 2.615735 1.767176
v -11.075903 1.002293 1.736238
v -11.244484 0.546266 1.742105
v -11.256910 0.988747 1.742105
v -11.067823 0.545661 1.767176
v -11.080561 0.999280 1.767176
v 5.154395 2.615497 1.808117
v 5.057878 2.184240 2.189482
v 5.069591 2.614851 2.190186
v 5.171076 2.650575 1.802616
v 4.870040 2.558869 1.764494
v 5.161662 2.650069 2.268068
v 5.148123 2.140452 2.267279
v 5.243298 2.648603 1.808386
v 5.072913 2.652540 2.234003
v 5.059050 2.142929 2.233171
v 4.810652 2.560051 2.031706
v 4.802242 2.253558 2.031729
v 5.164307 2.172167 2.216305
v 5.229004 2.173342 1.851423
v 5.243409 2.615968 1.850712
v 5.178711 2.614824 2.215572
v 5.243409 2.648607 1.808386
v 5.227295 2.140459 1.808386
v 5.154395 1.018909 1.808117
v 5.057878 0.587652 2.189482
v 5.069591 1.018263 2.190186
v 5.171076 1.053987 1.802616
v 4.870040 0.962281 1.764494
v 5.161662 1.053481 2.268068
v 5.148123 0.543864 2.267279
v 5.243298 1.052015 1.808386
v 5.072913 1.055952 2.234003
v 5.059050 0.546341 2.233171
v 4.810652 0.963463 2.031706
v 4.802242 0.656970 2.031729
v 5.164307 0.575579 2.216305
v 5.229004 0.576754 1.851423
v 5.243409 1.019381 1.850712
v 5.178711 1.018236 2.215572
v 5.243409 1.052019 1.808386
v 5.227295 0.543871 1.808386
v -10.894869 2.615498 1.808117
v -10.798351 2.184241 2.189482
v -10.810064 2.614851 2.190186
v -10.911551 2.650575 1.802616
v -10.610514 2.558870 1.764494
v -10.902136 2.650070 2.268068
v -10.888597 2.140453 2.267279
v -10.983772 2.648603 1.808386
v -10.813387 2.652540 2.234003
v -10.799524 2.142930 2.233171
v -10.551126 2.560051 2.031706
v -10.542717 2.253559 2.031729
v -10.904781 2.172168 2.216305
v -10.969479 2.173342 1.851423
v -10.983883 2.615969 1.850712
v -10.919186 2.614825 2.215572
v -10.983883 2.648608 1.808386
v -10.967770 2.140460 1.808386
v -10.894869 1.018910 1.808117
v -10.798351 0.587654 2.189482
v -10.810064 1.018263 2.190186
v -10.911551 1.053988 1.802616
v -10.610514 0.962282 1.764494
v -10.902136 1.053482 2.268068
v -10.888597 0.543866 2.267279
v -10.983772 1.052016 1.808386
v -10.813387 1.055953 2.234003
v -10.799524 0.546342 2.233171
v -10.551126 0.963464 2.031706
v -10.542717 0.656971 2.031729
v -10.904781 0.575580 2.216305
v -10.969479 0.576755 1.851423
v -10.983883 1.019381 1.850712
v -10.919186 1.018237 2.215572
v -10.983883 1.052020 1.808386
v -10.967770 0.543872 1.808386
v 0.027720 -0.358932 1.688864
v 0.027721 3.906687 1.740908
v -0.894899 3.906687 1.740904
v 0.027721 3.906686 1.688864
v -0.012042 1.644421 1.173693
v -0.012046 2.083878 1.173693
v -0.012042 1.644421 1.688864
v -0.012046 2.083809 1.688864
v 0.027720 -0.358932 1.740908
v -0.894897 -0.358932 1.740906
v -0.894903 3.906687 2.259176
v -0.977502 3.906687 2.259176
v -0.894903 -0.358932 2.259176
v -0.977502 -0.358932 2.259176
v -0.977507 3.906687 1.740902
v -1.900124 3.906687 1.740908
v -1.860357 2.083810 1.173693
v -1.860357 2.083810 1.688864
v -1.900124 -0.358932 1.740908
v -0.977510 -0.358932 1.740908
v -0.340427 1.769982 2.170488
v -0.346273 1.551956 2.170488
v -0.340427 1.769982 1.739006
v -0.762707 1.781423 2.170488
v -0.768555 1.563428 2.170488
v -0.762707 1.781423 1.739006
v -0.346274 1.551926 1.739004
v -0.340427 -0.002479 2.170488
v -0.346273 -0.220504 2.170488
v -0.340427 -0.002479 1.739006
v -0.762707 0.008963 2.170488
v -0.768555 -0.209033 2.170488
v -0.762707 0.008963 1.739006
v -0.346274 -0.220534 1.739004
v -0.241545 2.618745 1.736238
v -0.072964 2.162719 1.742105
v -0.060537 2.605199 1.742105
v -0.249624 2.162113 1.767176
v -0.236887 2.615732 1.767176
v -0.241545 1.002290 1.736238
v -0.072964 0.546264 1.742105
v -0.060537 0.988744 1.742105
v -0.249624 0.545659 1.767176
v -0.236887 0.999278 1.767176
v -0.012042 -0.285998 1.173693
v -0.012046 0.153458 1.173693
v -0.012042 -0.285998 1.688864
v -0.012046 0.153389 1.688864
v -1.860357 0.153390 1.173693
v -1.860357 0.153390 1.688864
v -0.443932 2.615497 1.808117
v -0.540449 2.184241 2.189482
v -0.528736 2.614851 2.190186
v -0.427251 2.650575 1.802616
v -0.728287 2.558869 1.764494
v -0.436665 2.650070 2.268068
v -0.450203 2.140453 2.267279
v -0.355029 2.648603 1.808386
v -0.525414 2.652540 2.234003
v -0.539276 2.142930 2.233171
v -0.787675 2.560051 2.031706
v -0.796084 2.253559 2.031729
v -0.434019 2.172167 2.216305
v -0.369322 2.173342 1.851423
v -0.354918 2.615969 1.850712
v -0.419615 2.614825 2.215572
v -0.354918 2.648607 1.808386
v -0.371031 2.140460 1.808386
v -0.443932 1.018909 1.808117
v -0.540449 0.587653 2.189482
v -0.528736 1.018263 2.190186
v -0.427251 1.053987 1.802616
v -0.728287 0.962281 1.764494
v -0.436665 1.053482 2.268068
v -0.450203 0.543865 2.267279
v -0.355029 1.052015 1.808386
v -0.525414 1.055952 2.234003
v -0.539276 0.546342 2.233171
v -0.787675 0.963463 2.031706
v -0.796084 0.656971 2.031729
v -0.434019 0.575579 2.216305
v -0.369322 0.576754 1.851423
v -0.354918 1.019381 1.850712
v -0.419615 1.018237 2.215572
v -0.354918 1.052020 1.808386
v -0.371031 0.543872 1.808386
v -16.273560 -0.358931 1.688864
v -16.273560 3.906689 1.740908
v -17.196180 3.906688 1.740904
v -16.273560 3.906687 1.688864
v -16.313324 1.644423 1.173693
v -16.313328 2.083879 1.173693
v -16.313324 1.644423 1.688864
v -16.313328 2.083811 1.688864
v -16.273560 -0.358931 1.740908
v -17.196178 -0.358931 1.740906
v -17.196184 3.906689 2.259176
v -17.278782 3.906689 2.259176
v -17.196184 -0.358931 2.259176
v -17.278782 -0.358931 2.259176
v -17.278788 3.906689 1.740902
v -18.201405 3.906689 1.740908
v -18.161638 2.083811 1.173693
v -18.161638 2.083811 1.688864
v -18.201405 -0.358931 1.740908
v -17.278791 -0.358931 1.740908
v -16.641708 1.769984 2.170488
v -16.647554 1.551958 2.170488
v -16.641708 1.769984 1.739006
v -17.063988 1.781425 2.170488
v -17.069836 1.563429 2.170488
v -17.063988 1.781425 1.739006
v -16.647556 1.551928 1.739004
v -16.641708 -0.002477 2.170488
v -16.647554 -0.220503 2.170488
v -16.641708 -0.002477 1.739006
v -17.063988 0.008964 2.170488
v -17.069836 -0.209032 2.170488
v -17.063988 0.008964 1.739006
v -16.647556 -0.220533 1.739004
v -16.542826 2.618747 1.736238
v -16.374245 2.162720 1.742105
v -16.361818 2.605201 1.742105
v -16.550905 2.162115 1.767176
v -16.538168 2.615734 1.767176
v -16.542826 1.002292 1.736238
v -16.374245 0.546265 1.742105
v -16.361818 0.988746 1.742105
v -16.550905 0.545660 1.767176
v -16.538168 0.999279 1.767176
v -16.313324 -0.285997 1.173693
v -16.313328 0.153459 1.173693
v -16.313324 -0.285997 1.688864
v -16.313328 0.153391 1.688864
v -18.161638 0.153391 1.173693
v -18.161638 0.153391 1.688864
v -16.745213 2.615499 1.808117
v -16.841730 2.184242 2.189482
v -16.830017 2.614852 2.190186
v -16.728531 2.650577 1.802616
v -17.029568 2.558871 1.764494
v -16.737946 2.650071 2.268068
v -16.751484 2.140454 2.267279
v -16.656311 2.648605 1.808386
v -16.826694 2.652542 2.234003
v -16.840557 2.142931 2.233171
v -17.088955 2.560053 2.031706
v -17.097366 2.253560 2.031729
v -16.735300 2.172169 2.216305
v -16.670603 2.173344 1.851423
v -16.656199 2.615970 1.850712
v -16.720896 2.614826 2.215572
v -16.656199 2.648609 1.808386
v -16.672312 2.140461 1.808386
v -16.745213 1.018911 1.808117
v -16.841730 0.587654 2.189482
v -16.830017 1.018265 2.190186
v -16.728531 1.053989 1.802616
v -17.029568 0.962283 1.764494
v -16.737946 1.053483 2.268068
v -16.751484 0.543866 2.267279
v -16.656311 1.052017 1.808386
v -16.826694 1.055954 2.234003
v -16.840557 0.546343 2.233171
v -17.088955 0.963465 2.031706
v -17.097366 0.656972 2.031729
v -16.735300 0.575581 2.216305
v -16.670603 0.576756 1.851423
v -16.656199 1.019382 1.850712
v -16.720896 1.018238 2.215572
v -16.656199 1.052021 1.808386
v -16.672312 0.543873 1.808386
v -20.766727 3.921097 -0.002523
v 21.288496 3.921091 -0.002523
v -20.766727 -3.005203 -0.002523
v 21.288496 -3.005203 -0.002523
v 21.296932 3.921085 4.990669
v -7.275898 3.921082 4.990675
v 2.805375 -3.005202 4.990671
v 18.467596 -3.945283 -3.757767
v -21.296932 -3.945282 -3.757767
v 18.467596 -3.945283 -1.406204
v -21.296932 -3.945282 -1.406204
v -1.432466 -3.005202 -3.863909
v -2.972374 -3.005202 -3.863909
v -1.432466 -3.005202 -1.406204
v -2.972374 -3.005202 -1.406204
v -4.531484 -3.005202 -2.571045
v -10.057434 -3.005201 -2.571045
v -4.531484 -3.005202 -1.406204
v -10.057434 -3.005201 -1.406204
v -14.287106 -3.005200 -2.571045
v -14.287106 -3.005200 -1.406204
v 0.262664 -3.005202 -2.571045
v 0.262664 -3.005202 -1.406204
v -18.709591 -3.005201 -3.863909
v 2.402483 -3.005202 -2.571045
v -7.275898 -3.005201 -0.002523
v -18.837652 -3.005200 -2.571045
v -18.837652 -3.005200 -1.406204
v -20.732868 -3.005201 -3.863909
v -20.732868 -3.005200 -0.002523
v -14.441301 -3.945282 -3.757767
v -14.729624 -3.945282 -2.118080
v 2.419358 -3.005202 -1.406204
v -21.296932 -2.289104 -3.757767
v -21.296932 -2.289104 -1.406204
v 2.822529 -3.005202 -2.571051
v 2.839405 -3.005202 -1.406210
v 7.195547 -3.005202 -2.571051
v 7.212421 -3.005203 -1.406210
v 21.280058 -3.005203 -3.863914
v 7.710236 -3.005203 -2.571051
v 17.867725 -3.005203 -2.571051
v 7.710236 -3.005203 -1.406210
v 17.867725 -3.005203 -1.406210
v -1.069471 -3.945282 -3.757767
v -15.574867 -3.840892 -3.888264
v -14.251553 -3.840885 -3.888264
v -15.574867 -3.840892 -1.612864
v -14.251553 -3.840850 -1.612864
v 1.449690 -3.840893 -3.888264
v 2.773006 -3.840885 -3.888264
v 1.449690 -3.840893 -1.612864
v 2.773006 -3.840851 -1.612864
v -20.766727 3.921097 -3.863911
v -20.732864 3.945283 -0.002523
v 21.280060 3.921093 -3.863914
v -20.800591 -3.005200 -3.863914
v 3.769267 -0.358932 -3.314423
v 3.769268 3.906687 -3.262379
v 2.846647 3.906687 -3.262383
v 3.769267 3.906685 -3.314423
v 3.729504 1.644421 -3.829594
v 3.729500 2.083878 -3.829594
v 3.729504 1.644421 -3.314423
v 3.729500 2.083809 -3.314423
v 3.769267 -0.358932 -3.262379
v 2.846648 -0.358932 -3.262381
v 2.846643 3.906687 -2.744108
v 2.764044 3.906687 -2.744108
v 2.846643 -0.358932 -2.744108
v 2.764044 -0.358932 -2.744108
v 2.764040 3.906687 -3.262384
v 1.841422 3.906687 -3.262379
v 1.881189 2.083809 -3.829594
v 1.881189 2.083809 -3.314423
v 1.841423 -0.358932 -3.262379
v 2.764036 -0.358932 -3.262379
v 3.401119 1.769982 -2.832796
v 3.395273 1.551956 -2.832796
v 3.401119 1.769982 -3.264280
v 2.978839 1.781423 -2.832796
v 2.972992 1.563427 -2.832796
v 2.978839 1.781423 -3.264280
v 3.395272 1.551926 -3.264280
v 3.401119 -0.002479 -2.832796
v 3.395273 -0.220505 -2.832796
v 3.401119 -0.002479 -3.264280
v 2.978839 0.008962 -2.832796
v 2.972992 -0.209033 -2.832796
v 2.978839 0.008962 -3.264280
v 3.395272 -0.220535 -3.264280
v 3.500001 2.618745 -3.267048
v 3.668582 2.162719 -3.261181
v 3.681009 2.605199 -3.261181
v 3.491922 2.162113 -3.236109
v 3.504659 2.615732 -3.236109
v 3.500001 1.002290 -3.267048
v 3.668582 0.546264 -3.261181
v 3.681009 0.988744 -3.261181
v 3.491922 0.545658 -3.236109
v 3.504659 0.999277 -3.236109
v 3.729504 -0.285999 -3.829594
v 3.729500 0.153458 -3.829594
v 3.729504 -0.285999 -3.314423
v 3.729500 0.153389 -3.314423
v 1.881189 0.153390 -3.829594
v 1.881189 0.153390 -3.314423
v -9.407955 -0.358931 -3.314423
v -9.407953 3.906689 -3.262379
v -10.330574 3.906688 -3.262383
v -9.407955 3.906687 -3.314423
v -9.447718 1.644423 -3.829594
v -9.447721 2.083879 -3.829594
v -9.447718 1.644423 -3.314423
v -9.447721 2.083811 -3.314423
v -9.407955 -0.358931 -3.262379
v -10.330574 -0.358931 -3.262381
v -10.330578 3.906689 -2.744108
v -10.413177 3.906689 -2.744108
v -10.330578 -0.358931 -2.744108
v -10.413177 -0.358931 -2.744108
v -10.413181 3.906689 -3.262384
v -11.335800 3.906689 -3.262379
v -11.296032 2.083811 -3.829594
v -11.296032 2.083811 -3.314423
v -11.335798 -0.358931 -3.262379
v -10.413185 -0.358931 -3.262379
v -9.776102 1.769984 -2.832796
v -9.781948 1.551958 -2.832796
v -9.776102 1.769984 -3.264280
v -10.198383 1.781425 -2.832796
v -10.204229 1.563429 -2.832796
v -10.198383 1.781425 -3.264280
v -9.781950 1.551928 -3.264280
v -9.776102 -0.002477 -2.832796
v -9.781948 -0.220503 -2.832796
v -9.776102 -0.002477 -3.264280
v -10.198383 0.008964 -2.832796
v -10.204229 -0.209032 -2.832796
v -10.198383 0.008964 -3.264280
v -9.781950 -0.220533 -3.264280
v -9.882355 2.615497 -3.195169
v -9.978872 2.184240 -2.813805
v -9.967159 2.614850 -2.813101
v -9.865673 2.650574 -3.200668
v -10.166710 2.558869 -3.238791
v -9.807312 2.138992 -3.195734
v -9.677219 2.618747 -3.267048
v -9.508638 2.162720 -3.261181
v -9.496212 2.605201 -3.261181
v -9.685299 2.162115 -3.236109
v -9.672562 2.615734 -3.236109
v -9.875088 2.650069 -2.735216
v -9.888626 2.140452 -2.736006
v -9.793451 2.648602 -3.194901
v -9.857979 2.615951 -2.786982
v -9.793180 2.614783 -3.151863
v -9.805220 2.172147 -3.152575
v -9.870014 2.173305 -2.787714
v -9.963837 2.652539 -2.769281
v -9.977699 2.142929 -2.770115
v -10.226097 2.560050 -2.971581
v -10.234507 2.253558 -2.971558
v -9.882355 0.999042 -3.195169
v -9.978872 0.567785 -2.813805
v -9.967159 0.998395 -2.813101
v -9.865673 1.034120 -3.200668
v -10.166710 0.942414 -3.238791
v -9.807312 0.522537 -3.195734
v -9.677219 1.002292 -3.267048
v -9.508638 0.546265 -3.261181
v -9.496212 0.988746 -3.261181
v -9.685299 0.545660 -3.236109
v -9.672562 0.999279 -3.236109
v -9.875088 1.033614 -2.735216
v -9.888626 0.523997 -2.736006
v -9.793451 1.032148 -3.194901
v -9.857979 0.999496 -2.786982
v -9.793180 0.998328 -3.151863
v -9.805220 0.555692 -3.152575
v -9.870014 0.556850 -2.787714
v -9.963837 1.036085 -2.769281
v -9.977699 0.526474 -2.770115
v -10.226097 0.943596 -2.971581
v -10.234507 0.637103 -2.971558
v -9.447718 -0.285997 -3.829594
v -9.447721 0.153460 -3.829594
v -9.447718 -0.285997 -3.314423
v -9.447721 0.153391 -3.314423
v -11.296032 0.153391 -3.829594
v -11.296032 0.153391 -3.314423
v -11.075903 2.618747 -3.267048
v -11.244484 2.162721 -3.261181
v -11.256910 2.605201 -3.261181
v -11.067823 2.162116 -3.236109
v -11.080561 2.615735 -3.236109
v -11.075903 1.002293 -3.267048
v -11.244484 0.546266 -3.261181
v -11.256910 0.988747 -3.261181
v -11.067823 0.545661 -3.236109
v -11.080561 0.999280 -3.236109
v 3.297615 2.615497 -3.195169
v 3.201097 2.184241 -2.813805
v 3.212810 2.614851 -2.813101
v 3.314295 2.650575 -3.200668
v 3.013260 2.558869 -3.238791
v 3.304882 2.650069 -2.735216
v 3.291343 2.140453 -2.736006
v 3.386517 2.648603 -3.194901
v 3.216133 2.652540 -2.769281
v 3.202270 2.142929 -2.770115
v 2.953871 2.560051 -2.971581
v 2.945462 2.253558 -2.971558
v 3.307527 2.172167 -2.786982
v 3.372224 2.173342 -3.151861
v 3.386628 2.615969 -3.152575
v 3.321931 2.614824 -2.787714
v 3.386628 2.648607 -3.194899
v 3.370515 2.140459 -3.194899
v 3.297615 1.018909 -3.195169
v 3.201097 0.587653 -2.813805
v 3.212810 1.018263 -2.813101
v 3.314295 1.053987 -3.200668
v 3.013260 0.962281 -3.238791
v 3.304882 1.053482 -2.735216
v 3.291343 0.543865 -2.736006
v 3.386517 1.052015 -3.194901
v 3.216133 1.055952 -2.769281
v 3.202270 0.546341 -2.770115
v 2.953871 0.963463 -2.971581
v 2.945462 0.656970 -2.971558
v 3.307527 0.575579 -2.786982
v 3.372224 0.576754 -3.151861
v 3.386628 1.019381 -3.152575
v 3.321931 1.018236 -2.787714
v 3.386628 1.052019 -3.194899
v 3.370515 0.543871 -3.194899
v -10.894869 2.615498 -3.195169
v -10.798351 2.184241 -2.813805
v -10.810064 2.614851 -2.813101
v -10.911551 2.650575 -3.200668
v -10.610514 2.558870 -3.238791
v -10.902136 2.650070 -2.735216
v -10.888597 2.140453 -2.736006
v -10.983772 2.648603 -3.194901
v -10.813387 2.652540 -2.769281
v -10.799524 2.142930 -2.770115
v -10.551126 2.560051 -2.971581
v -10.542717 2.253559 -2.971558
v -10.904781 2.172168 -2.786982
v -10.969479 2.173342 -3.151861
v -10.983883 2.615969 -3.152575
v -10.919186 2.614825 -2.787714
v -10.983883 2.648608 -3.194899
v -10.967770 2.140460 -3.194899
v -10.894869 1.018910 -3.195169
v -10.798351 0.587654 -2.813805
v -10.810064 1.018263 -2.813101
v -10.911551 1.053988 -3.200668
v -10.610514 0.962282 -3.238791
v -10.902136 1.053482 -2.735216
v -10.888597 0.543866 -2.736006
v -10.983772 1.052016 -3.194901
v -10.813387 1.055953 -2.769281
v -10.799524 0.546342 -2.770115
v -10.551126 0.963464 -2.971581
v -10.542717 0.656971 -2.971558
v -10.904781 0.575580 -2.786982
v -10.969479 0.576755 -3.151861
v -10.983883 1.019381 -3.152575
v -10.919186 1.018237 -2.787714
v -10.983883 1.052020 -3.194899
v -10.967770 0.543872 -3.194899
v -2.902668 -0.358932 -3.314423
v -2.902667 3.906688 -3.262379
v -3.825288 3.906687 -3.262383
v -2.902667 3.906686 -3.314423
v -2.942430 1.644422 -3.829594
v -2.942434 2.083878 -3.829594
v -2.942430 1.644422 -3.314423
v -2.942434 2.083809 -3.314423
v -2.902668 -0.358932 -3.262379
v -3.825286 -0.358932 -3.262381
v -3.825292 3.906688 -2.744108
v -3.907890 3.906688 -2.744108
v -3.825292 -0.358932 -2.744108
v -3.907890 -0.358932 -2.744108
v -3.907895 3.906688 -3.262384
v -4.830512 3.906688 -3.262379
v -4.790746 2.083810 -3.829594
v -4.790746 2.083810 -3.314423
v -4.830512 -0.358932 -3.262379
v -3.907899 -0.358932 -3.262379
v -3.270816 1.769982 -2.832796
v -3.276662 1.551957 -2.832796
v -3.270816 1.769982 -3.264280
v -3.693095 1.781424 -2.832796
v -3.698943 1.563428 -2.832796
v -3.693095 1.781424 -3.264280
v -3.276663 1.551927 -3.264280
v -3.270816 -0.002478 -2.832796
v -3.276662 -0.220504 -2.832796
v -3.270816 -0.002478 -3.264280
v -3.693095 0.008963 -2.832796
v -3.698943 -0.209033 -2.832796
v -3.693095 0.008963 -3.264280
v -3.276663 -0.220534 -3.264280
v -3.171933 2.618745 -3.267048
v -3.003352 2.162719 -3.261181
v -2.990926 2.605199 -3.261181
v -3.180013 2.162114 -3.236109
v -3.167275 2.615733 -3.236109
v -3.171933 1.002290 -3.267048
v -3.003352 0.546264 -3.261181
v -2.990926 0.988744 -3.261181
v -3.180013 0.545659 -3.236109
v -3.167275 0.999278 -3.236109
v -2.942430 -0.285998 -3.829594
v -2.942434 0.153458 -3.829594
v -2.942430 -0.285998 -3.314423
v -2.942434 0.153390 -3.314423
v -4.790746 0.153390 -3.829594
v -4.790746 0.153390 -3.314423
v -3.374320 2.615498 -3.195169
v -3.470838 2.184241 -2.813805
v -3.459125 2.614851 -2.813101
v -3.357639 2.650575 -3.200668
v -3.658675 2.558870 -3.238791
v -3.367053 2.650070 -2.735216
v -3.380591 2.140453 -2.736006
v -3.285418 2.648603 -3.194901
v -3.455802 2.652540 -2.769281
v -3.469665 2.142930 -2.770115
v -3.718063 2.560051 -2.971581
v -3.726473 2.253559 -2.971558
v -3.364408 2.172168 -2.786982
v -3.299710 2.173342 -3.151861
v -3.285306 2.615969 -3.152575
v -3.350003 2.614825 -2.787714
v -3.285306 2.648608 -3.194899
v -3.301419 2.140460 -3.194899
v -3.374320 1.018910 -3.195169
v -3.470838 0.587653 -2.813805
v -3.459125 1.018263 -2.813101
v -3.357639 1.053988 -3.200668
v -3.658675 0.962282 -3.238791
v -3.367053 1.053482 -2.735216
v -3.380591 0.543865 -2.736006
v -3.285418 1.052016 -3.194901
v -3.455802 1.055953 -2.769281
v -3.469665 0.546342 -2.770115
v -3.718063 0.963464 -2.971581
v -3.726473 0.656971 -2.971558
v -3.364408 0.575580 -2.786982
v -3.299710 0.576755 -3.151861
v -3.285306 1.019381 -3.152575
v -3.350003 1.018237 -2.787714
v -3.285306 1.052020 -3.194899
v -3.301419 0.543872 -3.194899
v -16.997589 -0.358931 -3.314423
v -16.997589 3.906689 -3.262379
v -17.920210 3.906688 -3.262383
v -16.997589 3.906687 -3.314423
v -17.037354 1.644423 -3.829594
v -17.037357 2.083879 -3.829594
v -17.037354 1.644423 -3.314423
v -17.037357 2.083811 -3.314423
v -16.997589 -0.358931 -3.262379
v -17.920208 -0.358931 -3.262381
v -17.920214 3.906689 -2.744108
v -18.002811 3.906689 -2.744108
v -17.920214 -0.358931 -2.744108
v -18.002811 -0.358931 -2.744108
v -18.002817 3.906689 -3.262384
v -18.925434 3.906689 -3.262379
v -18.885668 2.083811 -3.829594
v -18.885668 2.083811 -3.314423
v -18.925434 -0.358931 -3.262379
v -18.002821 -0.358931 -3.262379
v -17.365738 1.769984 -2.832796
v -17.371584 1.551958 -2.832796
v -17.365738 1.769984 -3.264280
v -17.788017 1.781425 -2.832796
v -17.793865 1.563429 -2.832796
v -17.788017 1.781425 -3.264280
v -17.371586 1.551928 -3.264280
v -17.365738 -0.002477 -2.832796
v -17.371584 -0.220503 -2.832796
v -17.365738 -0.002477 -3.264280
v -17.788017 0.008964 -2.832796
v -17.793865 -0.209032 -2.832796
v -17.788017 0.008964 -3.264280
v -17.371586 -0.220533 -3.264280
v -17.266855 2.618747 -3.267048
v -17.098274 2.162720 -3.261181
v -17.085848 2.605201 -3.261181
v -17.274935 2.162115 -3.236109
v -17.262197 2.615734 -3.236109
v -17.266855 1.002292 -3.267048
v -17.098274 0.546265 -3.261181
v -17.085848 0.988746 -3.261181
v -17.274935 0.545660 -3.236109
v -17.262197 0.999279 -3.236109
v -17.037354 -0.285997 -3.829594
v -17.037357 0.153460 -3.829594
v -17.037354 -0.285997 -3.314423
v -17.037357 0.153391 -3.314423
v -18.885668 0.153391 -3.829594
v -18.885668 0.153391 -3.314423
v -17.469242 2.615499 -3.195169
v -17.565760 2.184242 -2.813805
v -17.554047 2.614852 -2.813101
v -17.452560 2.650577 -3.200668
v -17.753597 2.558871 -3.238791
v -17.461975 2.650071 -2.735216
v -17.475513 2.140454 -2.736006
v -17.380341 2.648605 -3.194901
v -17.550724 2.652542 -2.769281
v -17.564587 2.142931 -2.770115
v -17.812984 2.560053 -2.971581
v -17.821396 2.253560 -2.971558
v -17.459330 2.172169 -2.786982
v -17.394632 2.173344 -3.151861
v -17.380228 2.615970 -3.152575
v -17.444925 2.614826 -2.787714
v -17.380228 2.648609 -3.194899
v -17.396341 2.140461 -3.194899
v -17.469242 1.018911 -3.195169
v -17.565760 0.587654 -2.813805
v -17.554047 1.018265 -2.813101
v -17.452560 1.053989 -3.200668
v -17.753597 0.962283 -3.238791
v -17.461975 1.053483 -2.735216
v -17.475513 0.543866 -2.736006
v -17.380341 1.052017 -3.194901
v -17.550724 1.055954 -2.769281
v -17.564587 0.546343 -2.770115
v -17.812984 0.963465 -2.971581
v -17.821396 0.656972 -2.971558
v -17.459330 0.575581 -2.786982
v -17.394632 0.576756 -3.151861
v -17.380228 1.019382 -3.152575
v -17.444925 1.018238 -2.787714
v -17.380228 1.052021 -3.194899
v -17.396341 0.543873 -3.194899
v -20.766727 3.921097 -4.990673
v 21.280060 3.921097 -4.990675
v -20.766727 -3.005203 -4.990673
v 21.280060 -3.005204 -4.990675
v 2.805375 -3.005202 -0.002523
v -0.121594 -3.111556 -2.069038
v -0.121594 -3.111556 -1.908224
v 18.292667 -3.111557 -2.069038
v 18.292667 -3.111557 -1.908224
v -0.121594 -3.111556 -1.735804
v -0.121594 -3.111556 -1.574989
v 18.292667 -3.111557 -1.735804
v 18.292667 -3.111557 -1.574989
v -0.121594 -3.111556 -2.413202
v -0.121594 -3.111556 -2.252390
v 18.292667 -3.111557 -2.413202
v 18.292667 -3.111557 -2.252390
v 11.116066 -0.358933 1.688864
v 11.116067 3.906687 1.740908
v 10.193446 3.906686 1.740904
v 11.116067 3.906685 1.688864
v 11.076303 1.644420 1.173693
v 11.076300 2.083877 1.173693
v 11.076303 1.644420 1.688864
v 11.076300 2.083808 1.688864
v 11.116066 -0.358933 1.740908
v 10.193448 -0.358933 1.740906
v 10.193442 3.906687 2.259176
v 10.110844 3.906687 2.259176
v 10.193442 -0.358933 2.259176
v 10.110844 -0.358933 2.259176
v 10.110839 3.906687 1.740902
v 9.188222 3.906687 1.740908
v 9.227988 2.083809 1.173693
v 9.227988 2.083809 1.688864
v 9.188223 -0.358933 1.740908
v 10.110836 -0.358933 1.740908
v 10.747918 1.769981 2.170488
v 10.742072 1.551955 2.170488
v 10.747918 1.769981 1.739006
v 10.325639 1.781422 2.170488
v 10.319792 1.563427 2.170488
v 10.325639 1.781422 1.739006
v 10.742071 1.551925 1.739004
v 10.747918 -0.002480 2.170488
v 10.742072 -0.220505 2.170488
v 10.747918 -0.002480 1.739006
v 10.325639 0.008962 2.170488
v 10.319792 -0.209034 2.170488
v 10.325639 0.008962 1.739006
v 10.742071 -0.220535 1.739004
v 10.846801 2.618744 1.736238
v 11.015382 2.162718 1.742105
v 11.027809 2.605198 1.742105
v 10.838721 2.162112 1.767176
v 10.851459 2.615731 1.767176
v 10.846801 1.002289 1.736238
v 11.015382 0.546263 1.742105
v 11.027809 0.988743 1.742105
v 10.838721 0.545658 1.767176
v 10.851459 0.999277 1.767176
v 11.076303 -0.285999 1.173693
v 11.076300 0.153457 1.173693
v 11.076303 -0.285999 1.688864
v 11.076300 0.153389 1.688864
v 9.227988 0.153389 1.173693
v 9.227988 0.153389 1.688864
v 10.644414 2.615496 1.808117
v 10.547896 2.184240 2.189482
v 10.559609 2.614850 2.190186
v 10.661095 2.650574 1.802616
v 10.360060 2.558868 1.764494
v 10.651681 2.650069 2.268068
v 10.638143 2.140452 2.267279
v 10.733316 2.648602 1.808386
v 10.562932 2.652539 2.234003
v 10.549069 2.142929 2.233171
v 10.300671 2.560050 2.031706
v 10.292261 2.253558 2.031729
v 10.654326 2.172166 2.216305
v 10.719024 2.173341 1.851423
v 10.733428 2.615968 1.850712
v 10.668731 2.614824 2.215572
v 10.733428 2.648607 1.808386
v 10.717315 2.140459 1.808386
v 10.644414 1.018909 1.808117
v 10.547896 0.587652 2.189482
v 10.559609 1.018262 2.190186
v 10.661095 1.053986 1.802616
v 10.360060 0.962281 1.764494
v 10.651681 1.053481 2.268068
v 10.638143 0.543864 2.267279
v 10.733316 1.052014 1.808386
v 10.562932 1.055951 2.234003
v 10.549069 0.546341 2.233171
v 10.300671 0.963462 2.031706
v 10.292261 0.656970 2.031729
v 10.654326 0.575578 2.216305
v 10.719024 0.576753 1.851423
v 10.733428 1.019380 1.850712
v 10.668731 1.018236 2.215572
v 10.733428 1.052019 1.808386
v 10.717315 0.543871 1.808386
v 18.691017 -0.358934 1.688864
v 18.691017 3.906686 1.740908
v 17.768394 3.906686 1.740904
v 18.691017 3.906684 1.688864
v 18.651253 1.644420 1.173693
v 18.651249 2.083876 1.173693
v 18.651253 1.644420 1.688864
v 18.651249 2.083807 1.688864
v 18.691017 -0.358934 1.740908
v 17.768398 -0.358934 1.740906
v 17.768391 3.906686 2.259176
v 17.685795 3.906686 2.259176
v 17.768391 -0.358934 2.259176
v 17.685795 -0.358934 2.259176
v 17.685787 3.906686 1.740902
v 16.763172 3.906686 1.740908
v 16.802937 2.083808 1.173693
v 16.802937 2.083808 1.688864
v 16.763172 -0.358934 1.740908
v 17.685785 -0.358934 1.740908
v 18.322868 1.769980 2.170488
v 18.317020 1.551955 2.170488
v 18.322868 1.769980 1.739006
v 17.900589 1.781422 2.170488
v 17.894741 1.563426 2.170488
v 17.900589 1.781422 1.739006
v 18.317020 1.551925 1.739004
v 18.322868 -0.002480 2.170488
v 18.317020 -0.220506 2.170488
v 18.322868 -0.002480 1.739006
v 17.900589 0.008961 2.170488
v 17.894741 -0.209035 2.170488
v 17.900589 0.008961 1.739006
v 18.317020 -0.220536 1.739004
v 18.421749 2.618743 1.736238
v 18.590332 2.162717 1.742105
v 18.602758 2.605197 1.742105
v 18.413670 2.162112 1.767176
v 18.426407 2.615731 1.767176
v 18.421749 1.002289 1.736238
v 18.590332 0.546262 1.742105
v 18.602758 0.988743 1.742105
v 18.413670 0.545657 1.767176
v 18.426407 0.999276 1.767176
v 18.651253 -0.286000 1.173693
v 18.651249 0.153456 1.173693
v 18.651253 -0.286000 1.688864
v 18.651249 0.153388 1.688864
v 16.802937 0.153388 1.173693
v 16.802937 0.153388 1.688864
v 18.219364 2.615496 1.808117
v 18.122845 2.184239 2.189482
v 18.134560 2.614849 2.190186
v 18.236046 2.650573 1.802616
v 17.935009 2.558868 1.764494
v 18.226631 2.650068 2.268068
v 18.213093 2.140451 2.267279
v 18.308266 2.648602 1.808386
v 18.137882 2.652539 2.234003
v 18.124020 2.142928 2.233171
v 17.875622 2.560050 2.031706
v 17.867210 2.253557 2.031729
v 18.229275 2.172166 2.216305
v 18.293972 2.173341 1.851423
v 18.308376 2.615967 1.850712
v 18.243679 2.614823 2.215572
v 18.308376 2.648606 1.808386
v 18.292263 2.140458 1.808386
v 18.219364 1.018908 1.808117
v 18.122845 0.587651 2.189482
v 18.134560 1.018261 2.190186
v 18.236046 1.053986 1.802616
v 17.935009 0.962280 1.764494
v 18.226631 1.053480 2.268068
v 18.213093 0.543863 2.267279
v 18.308266 1.052014 1.808386
v 18.137882 1.055951 2.234003
v 18.124020 0.546340 2.233171
v 17.875622 0.963462 2.031706
v 17.867210 0.656969 2.031729
v 18.229275 0.575578 2.216305
v 18.293972 0.576753 1.851423
v 18.308376 1.019379 1.850712
v 18.243679 1.018235 2.215572
v 18.308376 1.052018 1.808386
v 18.292263 0.543870 1.808386
v 13.843910 -0.358933 -3.314423
v 13.843910 3.906686 -3.262379
v 12.921289 3.906686 -3.262383
v 13.843910 3.906684 -3.314423
v 13.804148 1.644420 -3.829594
v 13.804144 2.083877 -3.829594
v 13.804148 1.644420 -3.314423
v 13.804144 2.083808 -3.314423
v 13.843910 -0.358933 -3.262379
v 12.921291 -0.358933 -3.262381
v 12.921286 3.906686 -2.744108
v 12.838688 3.906686 -2.744108
v 12.921286 -0.358933 -2.744108
v 12.838688 -0.358933 -2.744108
v 12.838682 3.906686 -3.262384
v 11.916065 3.906686 -3.262379
v 11.955832 2.083808 -3.829594
v 11.955832 2.083808 -3.314423
v 11.916066 -0.358933 -3.262379
v 12.838679 -0.358933 -3.262379
v 13.475761 1.769981 -2.832796
v 13.469915 1.551955 -2.832796
v 13.475761 1.769981 -3.264280
v 13.053482 1.781422 -2.832796
v 13.047635 1.563426 -2.832796
v 13.053482 1.781422 -3.264280
v 13.469915 1.551925 -3.264280
v 13.475761 -0.002480 -2.832796
v 13.469915 -0.220505 -2.832796
v 13.475761 -0.002480 -3.264280
v 13.053482 0.008961 -2.832796
v 13.047635 -0.209034 -2.832796
v 13.053482 0.008961 -3.264280
v 13.469915 -0.220535 -3.264280
v 13.574644 2.618744 -3.267048
v 13.743225 2.162718 -3.261181
v 13.755652 2.605198 -3.261181
v 13.566565 2.162112 -3.236109
v 13.579302 2.615731 -3.236109
v 13.574644 1.002289 -3.267048
v 13.743225 0.546263 -3.261181
v 13.755652 0.988743 -3.261181
v 13.566565 0.545657 -3.236109
v 13.579302 0.999276 -3.236109
v 13.804148 -0.285999 -3.829594
v 13.804144 0.153457 -3.829594
v 13.804148 -0.285999 -3.314423
v 13.804144 0.153388 -3.314423
v 11.955832 0.153389 -3.829594
v 11.955832 0.153389 -3.314423
v 13.372257 2.615496 -3.195169
v 13.275740 2.184240 -2.813805
v 13.287453 2.614850 -2.813101
v 13.388939 2.650574 -3.200668
v 13.087903 2.558868 -3.238791
v 13.379524 2.650069 -2.735216
v 13.365986 2.140452 -2.736006
v 13.461161 2.648602 -3.194901
v 13.290775 2.652539 -2.769281
v 13.276913 2.142928 -2.770115
v 13.028515 2.560050 -2.971581
v 13.020105 2.253557 -2.971558
v 13.382170 2.172166 -2.786982
v 13.446867 2.173341 -3.151861
v 13.461271 2.615968 -3.152575
v 13.396574 2.614823 -2.787714
v 13.461271 2.648606 -3.194899
v 13.445158 2.140458 -3.194899
v 13.372257 1.018908 -3.195169
v 13.275740 0.587652 -2.813805
v 13.287453 1.018262 -2.813101
v 13.388939 1.053986 -3.200668
v 13.087903 0.962280 -3.238791
v 13.379524 1.053481 -2.735216
v 13.365986 0.543864 -2.736006
v 13.461161 1.052014 -3.194901
v 13.290775 1.055951 -2.769281
v 13.276913 0.546340 -2.770115
v 13.028515 0.963462 -2.971581
v 13.020105 0.656970 -2.971558
v 13.382170 0.575578 -2.786982
v 13.446867 0.576753 -3.151861
v 13.461271 1.019380 -3.152575
v 13.396574 1.018235 -2.787714
v 13.461271 1.052018 -3.194899
v 13.445158 0.543870 -3.194899
v 18.597204 -0.358934 -3.314423
v 18.597206 3.906686 -3.262379
v 17.674585 3.906685 -3.262383
v 18.597206 3.906684 -3.314423
v 18.557442 1.644420 -3.829594
v 18.557438 2.083876 -3.829594
v 18.557442 1.644420 -3.314423
v 18.557438 2.083807 -3.314423
v 18.597204 -0.358934 -3.262379
v 17.674587 -0.358934 -3.262381
v 17.674582 3.906686 -2.744108
v 17.591982 3.906686 -2.744108
v 17.674582 -0.358934 -2.744108
v 17.591982 -0.358934 -2.744108
v 17.591978 3.906686 -3.262384
v 16.669361 3.906686 -3.262379
v 16.709127 2.083808 -3.829594
v 16.709127 2.083808 -3.314423
v 16.669361 -0.358934 -3.262379
v 17.591974 -0.358934 -3.262379
v 18.229057 1.769980 -2.832796
v 18.223211 1.551955 -2.832796
v 18.229057 1.769980 -3.264280
v 17.806778 1.781422 -2.832796
v 17.800930 1.563426 -2.832796
v 17.806778 1.781422 -3.264280
v 18.223209 1.551925 -3.264280
v 18.229057 -0.002480 -2.832796
v 18.223211 -0.220506 -2.832796
v 18.229057 -0.002480 -3.264280
v 17.806778 0.008961 -2.832796
v 17.800930 -0.209035 -2.832796
v 17.806778 0.008961 -3.264280
v 18.223209 -0.220536 -3.264280
v 18.327940 2.618743 -3.267048
v 18.496521 2.162717 -3.261181
v 18.508947 2.605197 -3.261181
v 18.319860 2.162112 -3.236109
v 18.332598 2.615731 -3.236109
v 18.327940 1.002289 -3.267048
v 18.496521 0.546262 -3.261181
v 18.508947 0.988743 -3.261181
v 18.319860 0.545657 -3.236109
v 18.332598 0.999276 -3.236109
v 18.557442 -0.286000 -3.829594
v 18.557438 0.153457 -3.829594
v 18.557442 -0.286000 -3.314423
v 18.557438 0.153388 -3.314423
v 16.709127 0.153388 -3.829594
v 16.709127 0.153388 -3.314423
v 18.125553 2.615496 -3.195169
v 18.029036 2.184239 -2.813805
v 18.040749 2.614849 -2.813101
v 18.142233 2.650573 -3.200668
v 17.841198 2.558868 -3.238791
v 18.132820 2.650068 -2.735216
v 18.119282 2.140451 -2.736006
v 18.214455 2.648602 -3.194901
v 18.044071 2.652539 -2.769281
v 18.030209 2.142928 -2.770115
v 17.781809 2.560050 -2.971581
v 17.773399 2.253557 -2.971558
v 18.135464 2.172166 -2.786982
v 18.200161 2.173341 -3.151861
v 18.214565 2.615967 -3.152575
v 18.149868 2.614823 -2.787714
v 18.214565 2.648606 -3.194899
v 18.198452 2.140458 -3.194899
v 18.125553 1.018908 -3.195169
v 18.029036 0.587651 -2.813805
v 18.040749 1.018261 -2.813101
v 18.142233 1.053986 -3.200668
v 17.841198 0.962280 -3.238791
v 18.132820 1.053480 -2.735216
v 18.119282 0.543863 -2.736006
v 18.214455 1.052014 -3.194901
v 18.044071 1.055951 -2.769281
v 18.030209 0.546340 -2.770115
v 17.781809 0.963462 -2.971581
v 17.773399 0.656969 -2.971558
v 18.135464 0.575578 -2.786982
v 18.200161 0.576753 -3.151861
v 18.214565 1.019379 -3.152575
v 18.149868 1.018235 -2.787714
v 18.214565 1.052018 -3.194899
v 18.198452 0.543870 -3.194899
v -20.766727 3.921097 1.837561
v 21.280060 3.921093 1.837559
v -20.766727 3.921097 -0.002523
v 21.288496 3.921091 -0.002523
v -20.766727 3.921097 -3.165724
v 21.280060 3.921093 -3.165728
v -20.766727 3.921097 -4.990673
v 21.280060 3.921097 -4.990675
v -20.766727 3.222183 1.837561
v 21.280060 3.222179 1.837559
v -20.766727 3.222183 -3.165724
v 21.280060 3.222179 -3.165728
v -20.260437 -3.111553 2.974262
v -20.260437 -3.111554 3.135077
v -4.362371 -3.111555 2.974262
v -4.362371 -3.111555 3.135077
v -20.260437 -3.111553 3.307497
v -20.260437 -3.111554 3.468311
v -4.362371 -3.111555 3.307497
v -4.362371 -3.111555 3.468311
v -20.260437 -3.111553 2.630098
v -20.260437 -3.111554 2.790911
v -4.362371 -3.111555 2.630098
v -4.362371 -3.111555 2.790911
v 15.234603 -3.005203 2.432241
v 15.251478 -3.005203 3.597080
v 15.654649 -3.005203 2.432236
v 15.671525 -3.005203 3.597075
v 13.759200 -3.005203 2.432241
v 13.776075 -3.005203 3.597080
v 14.179246 -3.005203 2.432236
v 14.196122 -3.005203 3.597075
vt 1.203499 1.607891
vt 1.203499 1.800454
vt 1.193989 1.607891
vt 1.193989 1.800454
vt 1.213861 1.800454
vt 1.204351 1.800454
vt 1.213861 1.607891
vt 1.204351 1.607891
vt 1.204351 1.607891
vt 1.204351 1.800454
vt 1.203499 1.607891
vt 1.203499 1.800454
vt 1.307538 1.265306
vt 1.307538 1.327672
vt 1.307538 1.265306
vt 1.307538 1.327672
vt 1.146123 1.259044
vt 1.307538 1.259044
vt 1.307538 1.265307
vt 1.146123 1.265307
vt 1.146123 1.265306
vt 1.307538 1.265306
vt 1.146123 1.327672
vt 1.265427 1.197051
vt 1.282056 1.197051
vt 1.265427 1.259044
vt 1.282054 1.259044
vt 1.282054 1.197051
vt 1.282054 1.259044
vt 1.199837 1.664930
vt 1.183212 1.726923
vt 1.183212 1.664930
vt 1.199839 1.726923
vt 1.194541 1.664930
vt 1.194823 1.708156
vt 1.199837 1.664930
vt 1.199839 1.726923
vt 1.220484 1.146611
vt 1.216177 1.206586
vt 1.220484 1.265455
vt 1.216177 1.265455
vt 1.195278 1.206586
vt 1.191877 1.206586
vt 1.195278 1.265455
vt 1.191877 1.265455
vt 1.238667 1.206586
vt 1.229139 1.265455
vt 1.238667 1.265455
vt 1.229139 1.146611
vt 1.184276 1.146611
vt 1.258922 1.146611
vt 1.258922 1.206586
vt 1.259016 1.335885
vt 1.216177 1.335885
vt 1.259016 1.265455
vt 1.153667 1.335885
vt 1.171555 1.265455
vt 1.153667 1.146611
vt 1.171555 1.206586
vt 1.261282 1.206586
vt 1.261282 1.146610
vt 1.261378 1.335885
vt 1.261378 1.265455
vt 1.282282 1.206586
vt 1.282377 1.335885
vt 1.282377 1.265455
vt 1.296270 1.206586
vt 1.296365 1.265455
vt 1.280427 1.201289
vt 1.283518 1.206586
vt 1.285782 1.215881
vt 1.283394 1.262387
vt 1.285517 1.257814
vt 1.184051 1.664930
vt 1.262161 0.678528
vt 1.262162 0.740521
vt 1.232221 1.630389
vt 1.655639 1.258759
vt 1.297469 1.752451
vt 1.785047 1.258759
vt 1.225368 1.781875
vt 1.160120 1.659812
vt 1.655639 1.423161
vt 1.785047 1.423161
vt 1.767019 0.801448
vt 1.767019 0.637045
vt 0.286010 0.741366
vt 0.159780 0.741366
vt 0.282600 0.721344
vt 0.164337 0.719101
vt 0.149956 0.295446
vt 0.152378 0.325649
vt 0.001006 0.313429
vt 1.907447 1.623835
vt 1.890199 1.627569
vt 1.909897 1.852070
vt 1.905383 1.623213
vt 1.907336 1.865271
vt 1.114579 1.797854
vt 1.891146 1.829607
vt 1.676515 1.830475
vt 1.655890 1.853096
vt 1.866207 1.619289
vt 1.176179 1.693034
vt 1.867686 1.760592
vt 1.695920 1.177178
vt 1.699659 1.291892
vt 1.599233 1.301535
vt 1.595509 1.186837
vt 0.286010 0.741366
vt 0.282600 0.721344
vt 0.159780 0.741366
vt 0.001006 0.313429
vt 0.149956 0.295446
vt 0.152378 0.325649
vt 0.164337 0.719101
vt 1.328944 1.692142
vt 1.352405 1.761157
vt 1.137774 1.762025
vt 1.117148 1.784646
vt 1.368595 1.796821
vt 1.371156 1.783620
vt 1.328944 1.692142
vt 1.176179 1.693034
vt 1.352405 1.761157
vt 1.137774 1.762025
vt 1.265427 1.197051
vt 1.282056 1.197051
vt 1.265427 1.259044
vt 1.282054 1.259044
vt 0.286010 0.741366
vt 0.282600 0.721344
vt 0.159780 0.741366
vt 1.307538 1.265306
vt 1.307538 1.327672
vt 1.307538 1.265306
vt 1.307538 1.327672
vt 1.203499 1.607891
vt 1.203499 1.800454
vt 1.193989 1.607891
vt 1.193989 1.800454
vt 1.213861 1.800454
vt 1.204351 1.800454
vt 1.213861 1.607891
vt 1.204351 1.607891
vt 1.204351 1.607891
vt 1.204351 1.800454
vt 1.203499 1.607891
vt 1.203499 1.800454
vt 1.146123 1.259044
vt 1.307538 1.259044
vt 1.307538 1.265307
vt 1.146123 1.265307
vt 1.146123 1.265306
vt 1.307538 1.265306
vt 1.146123 1.327672
vt 1.282054 1.197051
vt 1.282054 1.259044
vt 1.866207 1.619289
vt 1.891146 1.829607
vt 1.867686 1.760592
vt 1.909897 1.852070
vt 1.655639 1.423161
vt 1.655639 1.258759
vt 1.785047 1.423161
vt 1.785047 1.258759
vt 1.232221 1.630389
vt 1.225368 1.781875
vt 1.160120 1.659812
vt 1.297469 1.752451
vt 1.767019 0.801448
vt 1.767019 0.637045
vt 0.282600 0.721344
vt 0.159780 0.741366
vt 0.164337 0.719101
vt 1.371156 1.783620
vt 1.368595 1.796821
vt 1.117148 1.784646
vt 0.001006 0.313429
vt 0.149956 0.295446
vt 0.152378 0.325649
vt 1.695920 1.177178
vt 1.699659 1.291892
vt 1.599233 1.301535
vt 1.114579 1.797854
vt 1.866207 1.619289
vt 1.891146 1.829607
vt 1.867686 1.760592
vt 1.907336 1.865271
vt 1.909897 1.852070
vt 1.905383 1.623213
vt 0.164337 0.719101
vt 1.138210 1.783798
vt 1.135641 1.797006
vt 1.389657 1.795973
vt 1.392217 1.782772
vt 1.890199 1.627569
vt 1.907336 1.865271
vt 1.905383 1.623213
vt 1.595509 1.186837
vt 1.907447 1.623835
vt 1.890199 1.627569
vt 1.197241 1.692186
vt 1.158835 1.761177
vt 1.373466 1.760309
vt 1.350006 1.691294
vt 0.286010 0.741366
vt 1.907447 1.623835
vt 0.001006 0.313429
vt 0.149956 0.295446
vt 0.152378 0.325649
vt 1.695920 1.177178
vt 1.699659 1.291892
vt 1.599233 1.301535
vt 1.595509 1.186837
vt 0.247088 0.750078
vt 0.372781 0.866364
vt 0.388808 0.753854
vt 0.131999 0.631265
vt 0.251793 0.744460
vt 0.250543 0.617401
vt 0.247088 0.750078
vt 0.372781 0.866364
vt 0.388808 0.753854
vt 0.131999 0.631265
vt 0.251793 0.744460
vt 0.250543 0.617401
vt 1.153667 1.146611
vt 1.153667 1.335885
vt 1.296270 1.206586
vt 0.247088 0.750078
vt 0.372781 0.866364
vt 0.388808 0.753854
vt 0.131999 0.631265
vt 0.251793 0.744460
vt 0.250543 0.617401
vt 1.296270 1.206584
vt 1.296270 1.206584
vt 1.296270 1.206584
vt 1.296270 1.206586
vt 1.296270 1.206584
vt 1.296270 1.206586
vt 1.296270 1.206586
vt 1.296365 1.265455
vt 1.216177 1.335885
vt 1.153667 1.335885
vt 1.259016 1.335885
vt 1.238440 1.335885
vt 1.612587 0.881383
vn 0.000000 1.000000 0.000000
vn 0.707107 0.707107 0.000000
vn 0.000000 1.000000 0.000000
vn 0.707107 0.707107 -0.000000
vn 0.000000 1.000000 0.000000
vn 0.000000 1.000000 0.000000
vn 0.000000 1.000000 0.000000
vn 0.000000 1.000000 -0.000000
vn 0.000000 1.000000 0.000000
vn 0.000000 1.000000 -0.000000
vn 0.000000 1.000000 -0.000000
vn 0.000001 1.000000 -0.000002
vn 0.000001 1.000000 -0.000002
vn 0.000000 1.000000 0.000000
vn 0.000000 1.000000 0.000000
vn 0.000000 1.000000 -0.000000
vn 0.000000 1.000000 -0.000001
vn 0.000000 1.000000 0.000001
vn -0.000000 0.707107 -0.707107
vn -0.000000 1.000000 -0.000001
vn -0.000000 1.000000 0.000000
vn 0.706548 0.707662 -0.002008
vn 0.577350 0.577350 -0.577350
vn 0.000000 1.000000 0.000000
vn 0.000000 1.000000 0.000000
vn 0.000000 1.000000 -0.000000
vn 1.000000 0.000000 0.000000
vn 1.000000 0.000000 0.000000
vn 0.000000 1.000000 0.000000
vn 0.000000 1.000000 -0.000000
vn 0.000000 0.443905 -0.896074
vn 0.000000 1.000000 -0.000000
vn -0.575969 0.577581 0.578498
vn -0.578729 0.577120 -0.576199
vn 0.000000 1.000000 0.000001
vn -0.000000 1.000000 0.000000
vn 0.000000 1.000000 -0.000000
vn -0.000000 1.000000 -0.000000
vn 0.000000 1.000000 0.000000
vn -0.000014 1.000000 -0.000010
vn -0.000005 1.000000 -0.000015
vn -0.000032 1.000000 0.000000
vn -0.000023 1.000000 -0.000005
vn -0.000010 1.000000 -0.000007
vn -0.000003 1.000000 -0.000015
vn -0.000015 1.000000 0.000000
vn -0.000008 1.000000 -0.000008
vn 0.710514 0.003473 0.703674
vn 0.703981 0.002328 -0.710215
vn -0.705556 0.000000 0.708654
vn -0.000000 -0.000000 1.000000
vn 1.000000 -0.000000 -0.000000
vn 0.707102 0.000000 0.707112
vn 0.577348 0.577353 0.577350
vn 1.000000 -0.000000 -0.000009
vn 1.000000 0.000009 0.000000
vn 0.707061 0.707153 0.000094
vn 1.000000 0.000009 0.000000
vn 0.707123 0.707090 0.000078
vn 0.707104 -0.000000 0.707109
vn 0.707102 0.000000 0.707111
vn 0.577348 0.577351 0.577352
vn 0.000000 0.707109 0.707105
vn 0.707103 0.000000 0.707110
vn 0.000000 0.000000 1.000000
vn 0.000008 0.707101 0.707113
vn 0.000005 0.000001 1.000000
vn -0.000006 1.000000 0.000023
vn 0.000000 1.000000 0.000000
vn 0.000000 0.000000 1.000000
vn 0.000001 0.000000 1.000000
vn 0.592689 0.561577 0.577365
vn 0.706948 -0.018956 0.707012
vn 0.725905 0.687796 0.000000
vn 0.019153 0.706909 0.707045
vn 0.000000 0.000000 1.000000
vn 0.027084 0.999633 0.000000
vn 0.999641 -0.026804 -0.000000
vn 0.592689 0.561577 0.577365
vn 0.706948 -0.018956 0.707012
vn 0.725905 0.687796 0.000000
vn 0.019153 0.706909 0.707045
vn 0.000000 0.000000 1.000000
vn 0.027084 0.999633 0.000000
vn 0.999641 -0.026804 -0.000000
vn 0.071579 0.993721 0.085992
vn 0.140516 -0.003946 0.990071
vn 0.145996 0.102331 0.983978
vn 0.140516 -0.003946 0.990071
vn 0.142878 0.679658 0.719480
vn 0.071579 0.993721 0.085992
vn 0.140516 -0.003946 0.990071
vn 0.145996 0.102331 0.983978
vn 0.140516 -0.003946 0.990071
vn 0.142878 0.679658 0.719480
vn 1.000000 0.000009 0.000000
vn 0.707061 0.707153 0.000094
vn 1.000000 0.000009 0.000000
vn 0.707123 0.707090 0.000078
vn -0.000006 1.000000 0.000023
vn 0.000000 1.000000 0.000000
vn 1.000000 -0.000000 -0.000000
vn 0.707111 0.000000 0.707102
vn 0.577348 0.577352 0.577351
vn 1.000000 0.000000 -0.000037
vn 1.000000 0.000009 0.000000
vn 0.707061 0.707153 0.000094
vn 1.000000 0.000009 0.000000
vn 0.707123 0.707090 0.000078
vn 0.707104 -0.000000 0.707109
vn 0.707103 0.000000 0.707110
vn 0.577348 0.577351 0.577352
vn 0.000000 0.707108 0.707105
vn 0.707104 0.000000 0.707109
vn 0.000000 0.000000 1.000000
vn 0.000008 0.707101 0.707113
vn 0.000005 0.000001 1.000000
vn -0.000006 1.000000 0.000023
vn 0.000000 1.000000 0.000000
vn 0.000000 0.000000 1.000000
vn 0.000001 0.000000 1.000000
vn 0.592690 0.561577 0.577365
vn 0.706948 -0.018956 0.707011
vn 0.725906 0.687794 0.000000
vn 0.019153 0.706910 0.707044
vn 0.000000 0.000000 1.000000
vn 0.027084 0.999633 0.000000
vn 0.999641 -0.026807 -0.000001
vn 0.592690 0.561577 0.577365
vn 0.706948 -0.018956 0.707011
vn 0.725906 0.687794 0.000000
vn 0.019153 0.706910 0.707044
vn 0.000000 0.000000 1.000000
vn 0.027084 0.999633 0.000000
vn 0.999641 -0.026807 -0.000001
vn -0.189196 0.981111 -0.040334
vn -0.522595 0.012822 0.852485
vn -0.493776 0.647538 0.580414
vn 0.027164 0.999630 0.001628
vn -0.185740 0.981699 -0.042032
vn 0.984340 -0.027058 0.174191
vn 0.071580 0.993721 0.085992
vn 0.140516 -0.003946 0.990071
vn 0.145996 0.102332 0.983978
vn 0.140516 -0.003946 0.990071
vn 0.142879 0.679658 0.719479
vn 0.419954 0.555774 0.717463
vn 0.492451 -0.014695 0.870216
vn 0.736076 0.664618 0.128354
vn 0.984220 -0.027050 0.174871
vn 0.984220 -0.027051 0.174872
vn 0.984220 -0.027050 0.174871
vn 0.984220 -0.027050 0.174871
vn -0.221971 0.742391 0.632126
vn -0.357474 0.008067 0.933888
vn -0.473461 0.703193 0.530428
vn -0.523214 0.013451 0.852095
vn -0.650417 0.745123 -0.147477
vn -0.522595 0.012822 0.852485
vn -0.832302 0.529161 0.165113
vn -0.455342 0.883786 -0.107640
vn -0.185740 0.981699 -0.042032
vn 0.984340 -0.027058 0.174191
vn 0.071580 0.993721 0.085992
vn 0.140516 -0.003946 0.990071
vn 0.145996 0.102332 0.983978
vn 0.140516 -0.003946 0.990071
vn 0.142879 0.679658 0.719479
vn 0.419954 0.555774 0.717463
vn 0.492451 -0.014695 0.870216
vn 0.736076 0.664618 0.128354
vn 0.984220 -0.027050 0.174871
vn 0.984220 -0.027051 0.174872
vn 0.984220 -0.027050 0.174871
vn 0.984220 -0.027050 0.174871
vn -0.455174 0.741068 0.493595
vn -0.357474 0.008067 0.933888
vn -0.473461 0.703193 0.530428
vn -0.523214 0.013451 0.852095
vn 1.000000 0.000009 0.000000
vn 0.707061 0.707153 0.000094
vn 1.000000 0.000009 0.000000
vn 0.707123 0.707090 0.000078
vn -0.000006 1.000000 0.000023
vn 0.000000 1.000000 0.000000
vn -0.071580 0.993721 0.085992
vn -0.140516 -0.003946 0.990071
vn -0.145996 0.102332 0.983978
vn -0.140516 -0.003946 0.990071
vn -0.142879 0.679658 0.719480
vn -0.071580 0.993721 0.085992
vn -0.140516 -0.003946 0.990071
vn -0.145996 0.102332 0.983978
vn -0.140516 -0.003946 0.990071
vn -0.142879 0.679658 0.719480
vn -0.650426 0.745115 -0.147478
vn -0.920312 0.024397 0.390423
vn -0.927101 0.352584 0.127155
vn -0.455351 0.883781 -0.107641
vn -0.185740 0.981700 -0.042032
vn 0.420942 0.555159 0.717361
vn 0.493450 -0.014457 0.869654
vn 0.027169 0.999629 0.001630
vn -0.650533 0.627787 0.427423
vn -0.673621 0.017017 0.738881
vn -0.473460 0.703193 0.530430
vn -0.523213 0.013451 0.852096
vn 0.984162 -0.031742 0.174406
vn 0.984163 -0.031747 0.174400
vn 0.984162 -0.031741 0.174407
vn 0.984161 -0.031737 0.174412
vn 0.984057 -0.031204 0.175097
vn 0.984612 -0.028686 0.172384
vn -0.650426 0.745115 -0.147478
vn -0.920312 0.024397 0.390423
vn -0.927101 0.352584 0.127155
vn -0.455351 0.883781 -0.107641
vn -0.185740 0.981700 -0.042032
vn 0.420942 0.555159 0.717361
vn 0.493450 -0.014457 0.869654
vn 0.027169 0.999629 0.001630
vn -0.650533 0.627787 0.427423
vn -0.673621 0.017017 0.738881
vn -0.473460 0.703193 0.530430
vn -0.523213 0.013451 0.852096
vn 0.984162 -0.031742 0.174406
vn 0.984163 -0.031747 0.174400
vn 0.984162 -0.031741 0.174407
vn 0.984161 -0.031737 0.174412
vn 0.984057 -0.031204 0.175097
vn 0.984612 -0.028686 0.172384
vn 0.650417 0.745123 -0.147477
vn 0.920310 0.024396 0.390428
vn 0.927101 0.352584 0.127155
vn 0.455342 0.883786 -0.107640
vn 0.185740 0.981700 -0.042032
vn -0.420942 0.555159 0.717361
vn -0.493450 -0.014456 0.869654
vn -0.027169 0.999630 0.001630
vn 0.650533 0.627787 0.427423
vn 0.673619 0.017016 0.738883
vn 0.473461 0.703193 0.530428
vn 0.523214 0.013451 0.852095
vn -0.984162 -0.031742 0.174406
vn -0.984163 -0.031747 0.174400
vn -0.984162 -0.031741 0.174407
vn -0.984161 -0.031737 0.174412
vn -0.984056 -0.031204 0.175098
vn -0.984612 -0.028685 0.172385
vn 0.650417 0.745123 -0.147477
vn 0.920310 0.024396 0.390428
vn 0.927101 0.352584 0.127155
vn 0.455342 0.883786 -0.107640
vn 0.185739 0.981700 -0.042031
vn -0.420942 0.555159 0.717360
vn -0.493450 -0.014456 0.869654
vn -0.027169 0.999630 0.001630
vn 0.650533 0.627787 0.427423
vn 0.673619 0.017016 0.738883
vn 0.473460 0.703194 0.530428
vn 0.523214 0.013451 0.852095
vn -0.984162 -0.031742 0.174406
vn -0.984163 -0.031747 0.174400
vn -0.984162 -0.031741 0.174407
vn -0.984161 -0.031737 0.174412
vn -0.984056 -0.031204 0.175098
vn -0.984612 -0.028685 0.172385
vn 1.000000 -0.000000 0.000000
vn 0.707098 0.000000 0.707115
vn 0.577348 0.577353 0.577350
vn 1.000000 -0.000000 0.000000
vn 1.000000 0.000009 0.000000
vn 0.707061 0.707153 0.000094
vn 1.000000 0.000009 0.000000
vn 0.707123 0.707090 0.000078
vn 0.707104 -0.000000 0.707109
vn 0.707102 0.000000 0.707111
vn 0.577348 0.577351 0.577352
vn 0.000000 0.707109 0.707105
vn 0.707103 0.000000 0.707111
vn 0.000000 0.000000 1.000000
vn 0.000008 0.707101 0.707113
vn 0.000005 0.000001 1.000000
vn -0.000006 1.000000 0.000023
vn 0.000000 1.000000 0.000000
vn 0.000000 0.000000 1.000000
vn 0.000001 0.000000 1.000000
vn 0.592689 0.561577 0.577365
vn 0.706948 -0.018956 0.707012
vn 0.725905 0.687796 0.000000
vn 0.019153 0.706908 0.707047
vn 0.000000 0.000000 1.000000
vn 0.027084 0.999633 0.000000
vn 0.999641 -0.026804 -0.000000
vn 0.592689 0.561577 0.577365
vn 0.706948 -0.018956 0.707012
vn 0.725905 0.687796 0.000000
vn 0.019153 0.706908 0.707047
vn 0.000000 0.000000 1.000000
vn 0.027084 0.999633 0.000000
vn 0.999641 -0.026804 -0.000000
vn 0.071580 0.993721 0.085992
vn 0.140516 -0.003946 0.990071
vn 0.145996 0.102332 0.983978
vn 0.140516 -0.003946 0.990071
vn 0.142879 0.679658 0.719479
vn 0.071580 0.993721 0.085992
vn 0.140516 -0.003946 0.990071
vn 0.145996 0.102332 0.983978
vn 0.140516 -0.003946 0.990071
vn 0.142879 0.679658 0.719479
vn 1.000000 0.000009 0.000000
vn 0.707061 0.707153 0.000094
vn 1.000000 0.000009 0.000000
vn 0.707123 0.707090 0.000078
vn -0.000006 1.000000 0.000023
vn 0.000000 1.000000 0.000000
vn -0.650426 0.745115 -0.147478
vn -0.920310 0.024396 0.390429
vn -0.927101 0.352584 0.127155
vn -0.455351 0.883781 -0.107641
vn -0.185740 0.981700 -0.042032
vn 0.420942 0.555159 0.717361
vn 0.493450 -0.014456 0.869654
vn 0.027169 0.999629 0.001630
vn -0.650533 0.627787 0.427423
vn -0.673619 0.017016 0.738883
vn -0.473460 0.703193 0.530429
vn -0.523213 0.013451 0.852096
vn 0.984162 -0.031742 0.174406
vn 0.984163 -0.031747 0.174400
vn 0.984162 -0.031741 0.174407
vn 0.984161 -0.031737 0.174412
vn 0.984056 -0.031204 0.175098
vn 0.984612 -0.028685 0.172385
vn -0.650426 0.745115 -0.147478
vn -0.920310 0.024396 0.390429
vn -0.927101 0.352584 0.127155
vn -0.455351 0.883781 -0.107641
vn -0.185740 0.981700 -0.042032
vn 0.420942 0.555159 0.717361
vn 0.493450 -0.014456 0.869654
vn 0.027169 0.999629 0.001630
vn -0.650533 0.627787 0.427423
vn -0.673619 0.017016 0.738883
vn -0.473460 0.703193 0.530429
vn -0.523213 0.013451 0.852096
vn 0.984162 -0.031742 0.174406
vn 0.984163 -0.031747 0.174400
vn 0.984162 -0.031741 0.174407
vn 0.984161 -0.031737 0.174412
vn 0.984056 -0.031204 0.175098
vn 0.984612 -0.028685 0.172385
vn 1.000000 0.000000 0.000000
vn 0.707097 0.000000 0.707116
vn 0.577348 0.577353 0.577350
vn 1.000000 0.000000 0.000000
vn 1.000000 0.000009 0.000000
vn 0.707061 0.707153 0.000094
vn 1.000000 0.000009 0.000000
vn 0.707123 0.707090 0.000078
vn 0.707106 0.000000 0.707108
vn 0.707102 0.000000 0.707111
vn 0.577347 0.577351 0.577352
vn 0.000000 0.707109 0.707104
vn 0.707103 0.000000 0.707111
vn 0.000000 0.000000 1.000000
vn 0.000008 0.707100 0.707113
vn 0.000005 0.000001 1.000000
vn -0.000006 1.000000 0.000023
vn 0.000000 1.000000 0.000000
vn 0.000000 0.000000 1.000000
vn 0.000001 0.000000 1.000000
vn 0.592690 0.561577 0.577365
vn 0.706948 -0.018956 0.707011
vn 0.725906 0.687794 0.000000
vn 0.019153 0.706908 0.707047
vn 0.000000 0.000000 1.000000
vn 0.027084 0.999633 0.000000
vn 0.999641 -0.026807 -0.000001
vn 0.592690 0.561577 0.577365
vn 0.706948 -0.018956 0.707011
vn 0.725906 0.687794 0.000000
vn 0.019153 0.706908 0.707047
vn 0.000000 0.000000 1.000000
vn 0.027084 0.999633 0.000000
vn 0.999641 -0.026807 -0.000001
vn 0.071580 0.993721 0.085992
vn 0.140516 -0.003946 0.990071
vn 0.145996 0.102332 0.983978
vn 0.140516 -0.003946 0.990071
vn 0.142879 0.679658 0.719479
vn 0.071580 0.993721 0.085992
vn 0.140516 -0.003946 0.990071
vn 0.145996 0.102332 0.983978
vn 0.140516 -0.003946 0.990071
vn 0.142879 0.679658 0.719479
vn 1.000000 0.000009 0.000000
vn 0.707061 0.707153 0.000094
vn 1.000000 0.000009 0.000000
vn 0.707123 0.707091 0.000078
vn -0.000006 1.000000 0.000023
vn 0.000000 1.000000 0.000000
vn -0.650417 0.745123 -0.147477
vn -0.920310 0.024396 0.390429
vn -0.927101 0.352584 0.127155
vn -0.455342 0.883786 -0.107640
vn -0.185740 0.981699 -0.042032
vn 0.420942 0.555158 0.717361
vn 0.493450 -0.014456 0.869654
vn 0.027169 0.999630 0.001630
vn -0.650533 0.627787 0.427423
vn -0.673619 0.017016 0.738883
vn -0.473461 0.703193 0.530428
vn -0.523213 0.013452 0.852096
vn 0.984162 -0.031742 0.174406
vn 0.984163 -0.031747 0.174400
vn 0.984162 -0.031741 0.174407
vn 0.984161 -0.031737 0.174412
vn 0.984056 -0.031204 0.175098
vn 0.984612 -0.028685 0.172385
vn -0.650417 0.745123 -0.147477
vn -0.920310 0.024396 0.390429
vn -0.927101 0.352584 0.127155
vn -0.455342 0.883786 -0.107640
vn -0.185741 0.981699 -0.042032
vn 0.420942 0.555158 0.717362
vn 0.493450 -0.014456 0.869654
vn 0.027169 0.999630 0.001630
vn -0.650533 0.627787 0.427423
vn -0.673619 0.017016 0.738883
vn -0.473461 0.703193 0.530428
vn -0.523213 0.013452 0.852096
vn 0.984162 -0.031742 0.174406
vn 0.984163 -0.031747 0.174400
vn 0.984162 -0.031741 0.174407
vn 0.984161 -0.031737 0.174412
vn 0.984056 -0.031204 0.175098
vn 0.984612 -0.028685 0.172385
vn 0.000000 0.000000 -1.000000
vn -0.707879 0.000000 -0.706334
vn 0.000000 0.000000 -1.000000
vn -0.578038 0.577235 -0.576776
vn -0.708655 0.000000 -0.705556
vn -0.000000 0.000000 -1.000000
vn -0.000000 0.707106 -0.707107
vn 0.000000 1.000000 0.000000
vn 0.707107 0.707107 0.000000
vn 0.000000 1.000000 0.000000
vn 0.707107 0.707107 -0.000000
vn 0.000000 1.000000 0.000000
vn 0.000000 1.000000 0.000000
vn 0.000000 1.000000 0.000001
vn 0.000000 1.000000 -0.000000
vn 0.000000 1.000000 0.000000
vn 0.000000 1.000000 -0.000000
vn 0.000000 1.000000 -0.000000
vn 0.000000 1.000000 -0.000000
vn 0.000000 1.000000 -0.000001
vn 0.000000 1.000000 0.000000
vn 0.000000 1.000000 0.000000
vn 0.000000 1.000000 -0.000000
vn 0.000000 1.000000 -0.000001
vn 0.000000 1.000000 0.000000
vn 0.000000 1.000000 -0.000000
vn -0.000000 1.000000 -0.000001
vn -0.000000 1.000000 0.000000
vn 0.706547 0.707664 -0.002008
vn 0.707107 0.707107 -0.000000
vn 0.000000 1.000000 0.000000
vn 0.000000 1.000000 0.000000
vn 0.000000 1.000000 -0.000000
vn 1.000000 0.000000 0.000000
vn 1.000000 0.000000 0.000000
vn 0.000000 1.000000 0.000000
vn 0.000000 1.000000 -0.000000
vn 0.000000 0.443905 -0.896074
vn 0.000000 1.000000 -0.000000
vn -0.576661 0.577466 0.577923
vn 0.000000 1.000000 0.000001
vn -0.000000 1.000000 0.000000
vn 0.000000 1.000000 -0.000000
vn -0.000000 1.000000 0.000000
vn 0.000000 1.000000 0.000000
vn -0.000014 1.000000 -0.000010
vn -0.000005 1.000000 -0.000015
vn -0.000032 1.000000 0.000000
vn -0.000023 1.000000 -0.000005
vn -0.000015 1.000000 -0.000010
vn -0.000006 1.000000 -0.000015
vn -0.000032 1.000000 0.000000
vn -0.000023 1.000000 -0.000005
vn 0.710502 0.003473 0.703686
vn 0.999977 0.003304 -0.005948
vn -0.706334 0.000000 0.707879
vn -0.000000 -0.000001 1.000000
vn 1.000000 -0.000000 -0.000000
vn 0.707102 0.000000 0.707112
vn 0.577348 0.577353 0.577350
vn 1.000000 -0.000000 -0.000009
vn 1.000000 0.000009 0.000000
vn 0.707061 0.707153 0.000094
vn 1.000000 0.000009 0.000000
vn 0.707123 0.707090 0.000078
vn 0.707104 -0.000000 0.707109
vn 0.707103 0.000000 0.707111
vn 0.577348 0.577351 0.577352
vn 0.000000 0.707109 0.707105
vn 0.707103 0.000000 0.707110
vn 0.000000 0.000000 1.000000
vn 0.000008 0.707100 0.707113
vn 0.000005 0.000001 1.000000
vn -0.000006 1.000000 0.000023
vn 0.000000 1.000000 0.000000
vn 0.000000 0.000000 1.000000
vn 0.000001 0.000000 1.000000
vn 0.592689 0.561577 0.577365
vn 0.706948 -0.018956 0.707012
vn 0.725902 0.687798 0.000000
vn 0.019153 0.706909 0.707045
vn 0.000000 0.000000 1.000000
vn 0.027084 0.999633 0.000000
vn 0.999641 -0.026804 -0.000000
vn 0.592689 0.561577 0.577365
vn 0.706948 -0.018956 0.707012
vn 0.725902 0.687798 0.000000
vn 0.019153 0.706909 0.707046
vn 0.000000 0.000000 1.000000
vn 0.027084 0.999633 0.000000
vn 0.999641 -0.026804 -0.000000
vn 0.071580 0.993722 0.085986
vn 0.140526 -0.003946 0.990069
vn 0.146007 0.102337 0.983976
vn 0.140527 -0.003946 0.990069
vn 0.142886 0.679655 0.719480
vn 0.071580 0.993722 0.085986
vn 0.140526 -0.003946 0.990069
vn 0.146007 0.102337 0.983976
vn 0.140527 -0.003946 0.990069
vn 0.142886 0.679655 0.719480
vn 1.000000 0.000009 0.000000
vn 0.707061 0.707153 0.000094
vn 1.000000 0.000009 0.000000
vn 0.707123 0.707090 0.000078
vn -0.000006 1.000000 0.000023
vn 0.000000 1.000000 0.000000
vn 1.000000 -0.000000 -0.000000
vn 0.707111 0.000000 0.707102
vn 0.577348 0.577353 0.577350
vn 1.000000 0.000000 -0.000037
vn 1.000000 0.000009 0.000000
vn 0.707061 0.707153 0.000094
vn 1.000000 0.000009 0.000000
vn 0.707123 0.707090 0.000078
vn 0.707104 -0.000000 0.707109
vn 0.707104 0.000000 0.707110
vn 0.577348 0.577351 0.577352
vn 0.000000 0.707109 0.707105
vn 0.707104 0.000000 0.707109
vn 0.000000 0.000000 1.000000
vn 0.000008 0.707101 0.707113
vn 0.000005 0.000001 1.000000
vn -0.000006 1.000000 0.000023
vn 0.000000 1.000000 0.000000
vn 0.000000 0.000000 1.000000
vn 0.000001 0.000000 1.000000
vn 0.592690 0.561577 0.577365
vn 0.706948 -0.018956 0.707011
vn 0.725904 0.687796 0.000000
vn 0.019153 0.706910 0.707044
vn 0.000000 0.000000 1.000000
vn 0.027084 0.999633 0.000000
vn 0.999641 -0.026807 -0.000001
vn 0.592690 0.561577 0.577365
vn 0.706948 -0.018956 0.707011
vn 0.725904 0.687796 0.000000
vn 0.019153 0.706910 0.707044
vn 0.000000 0.000000 1.000000
vn 0.027084 0.999633 0.000000
vn 0.999641 -0.026807 -0.000001
vn -0.189196 0.981111 -0.040334
vn -0.522595 0.012822 0.852485
vn -0.493776 0.647538 0.580414
vn 0.027164 0.999630 0.001628
vn -0.185740 0.981699 -0.042032
vn 0.984340 -0.027058 0.174190
vn 0.071580 0.993722 0.085986
vn 0.140526 -0.003946 0.990069
vn 0.146007 0.102338 0.983976
vn 0.140527 -0.003946 0.990069
vn 0.142886 0.679655 0.719480
vn 0.419953 0.555773 0.717464
vn 0.492444 -0.014695 0.870220
vn 0.736082 0.664612 0.128355
vn 0.984220 -0.027050 0.174871
vn 0.984220 -0.027051 0.174872
vn 0.984220 -0.027050 0.174871
vn 0.984220 -0.027050 0.174871
vn -0.221972 0.742390 0.632128
vn -0.357490 0.008067 0.933882
vn -0.473461 0.703193 0.530428
vn -0.523214 0.013451 0.852095
vn -0.650409 0.745130 -0.147475
vn -0.522595 0.012822 0.852485
vn -0.832299 0.529166 0.165111
vn -0.455344 0.883785 -0.107641
vn -0.185740 0.981699 -0.042032
vn 0.984340 -0.027058 0.174190
vn 0.071580 0.993722 0.085986
vn 0.140526 -0.003946 0.990069
vn 0.146007 0.102338 0.983976
vn 0.140527 -0.003946 0.990069
vn 0.142886 0.679655 0.719480
vn 0.419953 0.555773 0.717464
vn 0.492444 -0.014695 0.870220
vn 0.736082 0.664612 0.128355
vn 0.984220 -0.027050 0.174871
vn 0.984220 -0.027051 0.174872
vn 0.984220 -0.027050 0.174871
vn 0.984220 -0.027050 0.174871
vn -0.455168 0.741068 0.493599
vn -0.357490 0.008067 0.933882
vn -0.473461 0.703193 0.530428
vn -0.523214 0.013451 0.852095
vn 1.000000 0.000009 0.000000
vn 0.707061 0.707153 0.000094
vn 1.000000 0.000009 0.000000
vn 0.707123 0.707090 0.000078
vn -0.000006 1.000000 0.000023
vn 0.000000 1.000000 0.000000
vn -0.071580 0.993722 0.085986
vn -0.140526 -0.003946 0.990069
vn -0.146007 0.102338 0.983976
vn -0.140527 -0.003946 0.990069
vn -0.142886 0.679655 0.719480
vn -0.071580 0.993722 0.085986
vn -0.140526 -0.003946 0.990069
vn -0.146007 0.102338 0.983976
vn -0.140527 -0.003946 0.990069
vn -0.142886 0.679655 0.719480
vn -0.650417 0.745123 -0.147476
vn -0.920312 0.024397 0.390423
vn -0.927099 0.352589 0.127153
vn -0.455353 0.883780 -0.107642
vn -0.185740 0.981700 -0.042032
vn 0.420942 0.555157 0.717362
vn 0.493442 -0.014457 0.869659
vn 0.027169 0.999629 0.001630
vn -0.650533 0.627786 0.427424
vn -0.673631 0.017017 0.738872
vn -0.473460 0.703193 0.530430
vn -0.523213 0.013451 0.852096
vn 0.984162 -0.031742 0.174406
vn 0.984163 -0.031746 0.174401
vn 0.984162 -0.031741 0.174407
vn 0.984161 -0.031737 0.174412
vn 0.984057 -0.031204 0.175097
vn 0.984612 -0.028686 0.172384
vn -0.650418 0.745123 -0.147476
vn -0.920312 0.024397 0.390423
vn -0.927099 0.352589 0.127153
vn -0.455353 0.883780 -0.107642
vn -0.185741 0.981699 -0.042032
vn 0.420942 0.555158 0.717362
vn 0.493442 -0.014457 0.869659
vn 0.027169 0.999629 0.001630
vn -0.650533 0.627786 0.427424
vn -0.673631 0.017017 0.738872
vn -0.473460 0.703192 0.530430
vn -0.523213 0.013451 0.852096
vn 0.984162 -0.031742 0.174406
vn 0.984163 -0.031746 0.174401
vn 0.984162 -0.031741 0.174407
vn 0.984161 -0.031737 0.174412
vn 0.984057 -0.031204 0.175097
vn 0.984612 -0.028686 0.172384
vn 0.650409 0.745130 -0.147475
vn 0.920310 0.024396 0.390428
vn 0.927100 0.352588 0.127153
vn 0.455344 0.883785 -0.107641
vn 0.185740 0.981699 -0.042032
vn -0.420941 0.555158 0.717362
vn -0.493442 -0.014456 0.869658
vn -0.027169 0.999630 0.001630
vn 0.650533 0.627786 0.427425
vn 0.673629 0.017016 0.738874
vn 0.473461 0.703193 0.530428
vn 0.523214 0.013451 0.852095
vn -0.984162 -0.031742 0.174406
vn -0.984163 -0.031746 0.174401
vn -0.984162 -0.031741 0.174407
vn -0.984161 -0.031737 0.174412
vn -0.984056 -0.031204 0.175098
vn -0.984612 -0.028685 0.172385
vn 0.650409 0.745130 -0.147475
vn 0.920310 0.024396 0.390428
vn 0.927099 0.352588 0.127153
vn 0.455344 0.883785 -0.107641
vn 0.185739 0.981700 -0.042032
vn -0.420941 0.555158 0.717362
vn -0.493442 -0.014456 0.869658
vn -0.027169 0.999630 0.001630
vn 0.650533 0.627786 0.427425
vn 0.673629 0.017016 0.738874
vn 0.473460 0.703194 0.530428
vn 0.523214 0.013451 0.852095
vn -0.984162 -0.031742 0.174406
vn -0.984163 -0.031746 0.174401
vn -0.984162 -0.031741 0.174407
vn -0.984161 -0.031737 0.174412
vn -0.984056 -0.031204 0.175098
vn -0.984612 -0.028685 0.172385
vn 1.000000 -0.000000 0.000000
vn 0.707097 0.000000 0.707116
vn 0.577348 0.577353 0.577350
vn 1.000000 -0.000000 0.000000
vn 1.000000 0.000009 0.000000
vn 0.707061 0.707153 0.000094
vn 1.000000 0.000009 0.000000
vn 0.707123 0.707090 0.000078
vn 0.707106 -0.000000 0.707108
vn 0.707102 0.000000 0.707111
vn 0.577347 0.577351 0.577352
vn 0.000000 0.707109 0.707105
vn 0.707103 0.000000 0.707111
vn 0.000000 0.000000 1.000000
vn 0.000008 0.707100 0.707113
vn 0.000005 0.000001 1.000000
vn -0.000006 1.000000 0.000023
vn 0.000000 1.000000 0.000000
vn 0.000000 0.000000 1.000000
vn 0.000001 0.000000 1.000000
vn 0.592689 0.561577 0.577365
vn 0.706948 -0.018956 0.707012
vn 0.725902 0.687798 0.000000
vn 0.019153 0.706908 0.707047
vn 0.000000 0.000000 1.000000
vn 0.027084 0.999633 0.000000
vn 0.999641 -0.026804 -0.000000
vn 0.592689 0.561577 0.577365
vn 0.706948 -0.018956 0.707012
vn 0.725902 0.687798 0.000000
vn 0.019153 0.706908 0.707047
vn 0.000000 0.000000 1.000000
vn 0.027084 0.999633 0.000000
vn 0.999641 -0.026804 -0.000000
vn 0.071580 0.993722 0.085986
vn 0.140526 -0.003946 0.990069
vn 0.146007 0.102338 0.983976
vn 0.140527 -0.003946 0.990069
vn 0.142886 0.679656 0.719480
vn 0.071580 0.993722 0.085986
vn 0.140526 -0.003946 0.990069
vn 0.146007 0.102338 0.983976
vn 0.140527 -0.003946 0.990069
vn 0.142886 0.679655 0.719480
vn 1.000000 0.000009 0.000000
vn 0.707061 0.707153 0.000094
vn 1.000000 0.000009 0.000000
vn 0.707123 0.707090 0.000078
vn -0.000006 1.000000 0.000023
vn 0.000000 1.000000 0.000000
vn -0.650417 0.745123 -0.147476
vn -0.920310 0.024396 0.390429
vn -0.927099 0.352589 0.127153
vn -0.455353 0.883780 -0.107642
vn -0.185740 0.981700 -0.042032
vn 0.420942 0.555157 0.717362
vn 0.493442 -0.014456 0.869658
vn 0.027169 0.999629 0.001630
vn -0.650533 0.627786 0.427425
vn -0.673629 0.017016 0.738874
vn -0.473460 0.703193 0.530430
vn -0.523213 0.013451 0.852096
vn 0.984162 -0.031742 0.174406
vn 0.984163 -0.031746 0.174401
vn 0.984162 -0.031741 0.174407
vn 0.984161 -0.031737 0.174412
vn 0.984056 -0.031204 0.175098
vn 0.984612 -0.028685 0.172385
vn -0.650417 0.745123 -0.147476
vn -0.920310 0.024396 0.390428
vn -0.927099 0.352589 0.127153
vn -0.455353 0.883780 -0.107642
vn -0.185740 0.981700 -0.042032
vn 0.420942 0.555157 0.717362
vn 0.493442 -0.014456 0.869658
vn 0.027169 0.999629 0.001630
vn -0.650533 0.627786 0.427425
vn -0.673629 0.017016 0.738874
vn -0.473460 0.703193 0.530430
vn -0.523213 0.013451 0.852096
vn 0.984162 -0.031742 0.174406
vn 0.984163 -0.031746 0.174401
vn 0.984162 -0.031741 0.174407
vn 0.984161 -0.031737 0.174412
vn 0.984056 -0.031204 0.175098
vn 0.984612 -0.028685 0.172385
vn 1.000000 0.000000 0.000000
vn 0.707098 0.000000 0.707115
vn 0.577348 0.577353 0.577350
vn 1.000000 0.000000 0.000000
vn 1.000000 0.000009 0.000000
vn 0.707061 0.707153 0.000094
vn 1.000000 0.000009 0.000000
vn 0.707123 0.707090 0.000078
vn 0.707104 0.000000 0.707109
vn 0.707102 0.000000 0.707111
vn 0.577348 0.577351 0.577352
vn 0.000000 0.707109 0.707104
vn 0.707103 0.000000 0.707111
vn 0.000000 0.000000 1.000000
vn 0.000008 0.707100 0.707114
vn 0.000005 0.000001 1.000000
vn -0.000006 1.000000 0.000023
vn 0.000000 1.000000 0.000000
vn 0.000000 0.000000 1.000000
vn 0.000001 0.000000 1.000000
vn 0.592690 0.561577 0.577365
vn 0.706948 -0.018956 0.707011
vn 0.725904 0.687796 0.000000
vn 0.019153 0.706908 0.707047
vn 0.000000 0.000000 1.000000
vn 0.027084 0.999633 0.000000
vn 0.999641 -0.026807 -0.000001
vn 0.592690 0.561577 0.577365
vn 0.706948 -0.018956 0.707011
vn 0.725904 0.687796 0.000000
vn 0.019153 0.706908 0.707047
vn 0.000000 0.000000 1.000000
vn 0.027084 0.999633 0.000000
vn 0.999641 -0.026807 -0.000001
vn 0.071580 0.993722 0.085986
vn 0.140526 -0.003946 0.990069
vn 0.146007 0.102338 0.983976
vn 0.140527 -0.003946 0.990069
vn 0.142886 0.679655 0.719480
vn 0.071580 0.993722 0.085986
vn 0.140526 -0.003946 0.990069
vn 0.146007 0.102338 0.983976
vn 0.140527 -0.003946 0.990069
vn 0.142886 0.679655 0.719480
vn 1.000000 0.000009 0.000000
vn 0.707061 0.707153 0.000094
vn 1.000000 0.000009 0.000000
vn 0.707123 0.707090 0.000078
vn -0.000006 1.000000 0.000023
vn 0.000000 1.000000 0.000000
vn -0.650409 0.745130 -0.147475
vn -0.920310 0.024396 0.390429
vn -0.927099 0.352589 0.127153
vn -0.455344 0.883785 -0.107641
vn -0.185740 0.981699 -0.042032
vn 0.420942 0.555157 0.717362
vn 0.493442 -0.014456 0.869658
vn 0.027169 0.999629 0.001630
vn -0.650533 0.627786 0.427424
vn -0.673629 0.017016 0.738874
vn -0.473461 0.703193 0.530428
vn -0.523213 0.013452 0.852096
vn 0.984162 -0.031742 0.174406
vn 0.984163 -0.031746 0.174401
vn 0.984162 -0.031741 0.174407
vn 0.984161 -0.031737 0.174412
vn 0.984056 -0.031204 0.175098
vn 0.984612 -0.028685 0.172385
vn -0.650409 0.745130 -0.147475
vn -0.920310 0.024396 0.390429
vn -0.927099 0.352589 0.127153
vn -0.455344 0.883785 -0.107641
vn -0.185740 0.981699 -0.042032
vn 0.420942 0.555157 0.717362
vn 0.493442 -0.014456 0.869658
vn 0.027169 0.999629 0.001630
vn -0.650533 0.627786 0.427425
vn -0.673629 0.017016 0.738874
vn -0.473461 0.703193 0.530428
vn -0.523213 0.013452 0.852096
vn 0.984162 -0.031742 0.174406
vn 0.984163 -0.031746 0.174401
vn 0.984162 -0.031741 0.174407
vn 0.984161 -0.031737 0.174412
vn 0.984056 -0.031204 0.175098
vn 0.984612 -0.028685 0.172385
vn -0.000000 0.000000 -1.000000
vn -0.000000 0.000000 -1.000000
vn -0.000000 0.000000 -1.000000
vn -0.000000 0.000000 -1.000000
vn 0.000000 1.000000 -0.000000
vn 0.000000 1.000000 0.000001
vn 0.000000 1.000000 0.000001
vn 0.000000 1.000000 0.000000
vn 0.000000 1.000000 0.000000
vn 0.000000 1.000000 0.000001
vn 0.000000 1.000000 0.000001
vn 0.000000 1.000000 0.000000
vn 0.000000 1.000000 0.000000
vn 0.000000 1.000000 0.000001
vn 0.000000 1.000000 0.000001
vn 0.000000 1.000000 0.000000
vn 0.000000 1.000000 0.000000
vn 1.000000 -0.000000 0.000000
vn 0.707098 0.000000 0.707115
vn 0.577348 0.577353 0.577350
vn 1.000000 -0.000000 0.000000
vn 1.000000 0.000009 0.000000
vn 0.707061 0.707153 0.000094
vn 1.000000 0.000009 0.000000
vn 0.707123 0.707090 0.000078
vn 0.707104 -0.000000 0.707109
vn 0.707102 0.000000 0.707111
vn 0.577348 0.577351 0.577352
vn 0.000000 0.707109 0.707105
vn 0.707103 0.000000 0.707111
vn 0.000000 0.000000 1.000000
vn 0.000008 0.707101 0.707113
vn 0.000005 0.000001 1.000000
vn -0.000006 1.000000 0.000023
vn 0.000000 1.000000 0.000000
vn 0.000000 0.000000 1.000000
vn 0.000001 0.000000 1.000000
vn 0.592689 0.561577 0.577365
vn 0.706948 -0.018956 0.707012
vn 0.725905 0.687796 0.000000
vn 0.019153 0.706909 0.707045
vn 0.000000 0.000000 1.000000
vn 0.027084 0.999633 0.000000
vn 0.999641 -0.026804 -0.000000
vn 0.592689 0.561577 0.577365
vn 0.706948 -0.018956 0.707012
vn 0.725905 0.687796 0.000000
vn 0.019153 0.706909 0.707045
vn 0.000000 0.000000 1.000000
vn 0.027084 0.999633 0.000000
vn 0.999641 -0.026804 -0.000000
vn 0.071579 0.993721 0.085992
vn 0.140516 -0.003946 0.990071
vn 0.145996 0.102331 0.983978
vn 0.140516 -0.003946 0.990071
vn 0.142878 0.679658 0.719480
vn 0.071579 0.993721 0.085992
vn 0.140516 -0.003946 0.990071
vn 0.145996 0.102331 0.983978
vn 0.140516 -0.003946 0.990071
vn 0.142878 0.679658 0.719480
vn 1.000000 0.000009 0.000000
vn 0.707061 0.707153 0.000094
vn 1.000000 0.000009 0.000000
vn 0.707123 0.707090 0.000078
vn -0.000006 1.000000 0.000023
vn 0.000000 1.000000 0.000000
vn -0.650426 0.745115 -0.147478
vn -0.920310 0.024396 0.390429
vn -0.927101 0.352584 0.127155
vn -0.455351 0.883781 -0.107641
vn -0.185740 0.981700 -0.042032
vn 0.420942 0.555159 0.717361
vn 0.493450 -0.014456 0.869654
vn 0.027169 0.999629 0.001630
vn -0.650533 0.627787 0.427423
vn -0.673619 0.017016 0.738883
vn -0.473460 0.703193 0.530430
vn -0.523213 0.013451 0.852096
vn 0.984162 -0.031742 0.174406
vn 0.984163 -0.031747 0.174400
vn 0.984162 -0.031741 0.174407
vn 0.984161 -0.031737 0.174412
vn 0.984056 -0.031204 0.175098
vn 0.984612 -0.028685 0.172385
vn -0.650426 0.745115 -0.147478
vn -0.920310 0.024396 0.390429
vn -0.927101 0.352584 0.127155
vn -0.455351 0.883781 -0.107641
vn -0.185740 0.981700 -0.042032
vn 0.420942 0.555159 0.717361
vn 0.493450 -0.014456 0.869654
vn 0.027169 0.999629 0.001630
vn -0.650533 0.627787 0.427423
vn -0.673619 0.017016 0.738883
vn -0.473460 0.703193 0.530430
vn -0.523213 0.013451 0.852096
vn 0.984162 -0.031742 0.174406
vn 0.984163 -0.031747 0.174400
vn 0.984162 -0.031741 0.174407
vn 0.984161 -0.031737 0.174412
vn 0.984056 -0.031204 0.175098
vn 0.984612 -0.028685 0.172385
vn 1.000000 0.000000 0.000000
vn 0.707097 0.000000 0.707116
vn 0.577348 0.577353 0.577350
vn 1.000000 0.000000 0.000000
vn 1.000000 0.000009 0.000000
vn 0.707061 0.707153 0.000094
vn 1.000000 0.000009 0.000000
vn 0.707123 0.707091 0.000078
vn 0.707106 0.000000 0.707108
vn 0.707101 0.000000 0.707113
vn 0.577347 0.577351 0.577352
vn 0.000000 0.707110 0.707103
vn 0.707102 0.000000 0.707112
vn 0.000000 0.000000 1.000000
vn 0.000008 0.707099 0.707114
vn 0.000005 0.000001 1.000000
vn -0.000006 1.000000 0.000023
vn 0.000000 1.000000 0.000000
vn 0.000000 0.000000 1.000000
vn 0.000001 0.000000 1.000000
vn 0.592691 0.561575 0.577365
vn 0.706945 -0.018962 0.707015
vn 0.725906 0.687794 0.000000
vn 0.019153 0.706908 0.707047
vn 0.000000 0.000000 1.000000
vn 0.027084 0.999633 0.000000
vn 0.999641 -0.026810 0.000001
vn 0.592691 0.561575 0.577365
vn 0.706945 -0.018962 0.707015
vn 0.725906 0.687794 0.000000
vn 0.019153 0.706908 0.707047
vn 0.000000 0.000000 1.000000
vn 0.027084 0.999633 0.000000
vn 0.999641 -0.026810 0.000001
vn 0.071579 0.993721 0.085992
vn 0.140514 -0.003946 0.990071
vn 0.145995 0.102331 0.983979
vn 0.140515 -0.003946 0.990071
vn 0.142877 0.679658 0.719480
vn 0.071579 0.993721 0.085992
vn 0.140514 -0.003946 0.990071
vn 0.145995 0.102331 0.983979
vn 0.140515 -0.003946 0.990071
vn 0.142877 0.679658 0.719480
vn 1.000000 0.000009 0.000000
vn 0.707061 0.707153 0.000094
vn 1.000000 0.000009 0.000000
vn 0.707123 0.707091 0.000078
vn -0.000006 1.000000 0.000023
vn 0.000000 1.000000 0.000000
vn -0.650417 0.745123 -0.147477
vn -0.920299 0.024397 0.390454
vn -0.927101 0.352586 0.127153
vn -0.455342 0.883786 -0.107640
vn -0.185740 0.981699 -0.042032
vn 0.420943 0.555159 0.717360
vn 0.493452 -0.014456 0.869653
vn 0.027169 0.999630 0.001630
vn -0.650533 0.627787 0.427423
vn -0.673610 0.017016 0.738891
vn -0.473461 0.703193 0.530428
vn -0.523214 0.013453 0.852095
vn 0.984162 -0.031742 0.174406
vn 0.984163 -0.031747 0.174400
vn 0.984162 -0.031741 0.174407
vn 0.984161 -0.031737 0.174412
vn 0.984057 -0.031204 0.175094
vn 0.984613 -0.028685 0.172381
vn -0.650417 0.745123 -0.147477
vn -0.920299 0.024397 0.390454
vn -0.927101 0.352586 0.127153
vn -0.455342 0.883786 -0.107640
vn -0.185740 0.981699 -0.042032
vn 0.420943 0.555159 0.717360
vn 0.493452 -0.014456 0.869653
vn 0.027169 0.999630 0.001630
vn -0.650533 0.627787 0.427423
vn -0.673610 0.017016 0.738891
vn -0.473461 0.703193 0.530428
vn -0.523214 0.013453 0.852095
vn 0.984162 -0.031742 0.174406
vn 0.984163 -0.031747 0.174400
vn 0.984162 -0.031741 0.174407
vn 0.984161 -0.031737 0.174412
vn 0.984057 -0.031204 0.175094
vn 0.984613 -0.028685 0.172381
vn 1.000000 0.000000 0.000000
vn 0.707098 0.000000 0.707115
vn 0.577348 0.577353 0.577350
vn 1.000000 0.000000 0.000000
vn 1.000000 0.000009 0.000000
vn 0.707061 0.707153 0.000094
vn 1.000000 0.000009 0.000000
vn 0.707123 0.707091 0.000078
vn 0.707104 0.000000 0.707109
vn 0.707102 0.000000 0.707111
vn 0.577348 0.577351 0.577352
vn 0.000000 0.707109 0.707104
vn 0.707103 0.000000 0.707111
vn 0.000000 0.000000 1.000000
vn 0.000008 0.707100 0.707114
vn 0.000005 0.000001 1.000000
vn -0.000006 1.000000 0.000023
vn 0.000000 1.000000 0.000000
vn 0.000000 0.000000 1.000000
vn 0.000001 0.000000 1.000000
vn 0.592689 0.561578 0.577365
vn 0.706947 -0.018956 0.707013
vn 0.725901 0.687799 0.000000
vn 0.019153 0.706909 0.707045
vn 0.000000 0.000000 1.000000
vn 0.027084 0.999633 0.000000
vn 0.999641 -0.026801 0.000001
vn 0.592689 0.561578 0.577365
vn 0.706947 -0.018956 0.707013
vn 0.725901 0.687799 0.000000
vn 0.019153 0.706909 0.707046
vn 0.000000 0.000000 1.000000
vn 0.027084 0.999633 0.000000
vn 0.999641 -0.026801 0.000001
vn 0.071579 0.993722 0.085986
vn 0.140526 -0.003946 0.990069
vn 0.146006 0.102337 0.983976
vn 0.140527 -0.003946 0.990069
vn 0.142886 0.679655 0.719480
vn 0.071579 0.993722 0.085986
vn 0.140526 -0.003946 0.990069
vn 0.146006 0.102337 0.983976
vn 0.140527 -0.003946 0.990069
vn 0.142886 0.679655 0.719480
vn 1.000000 0.000009 0.000000
vn 0.707061 0.707153 0.000094
vn 1.000000 0.000009 0.000000
vn 0.707123 0.707091 0.000078
vn -0.000006 1.000000 0.000023
vn 0.000000 1.000000 0.000000
vn -0.650409 0.745130 -0.147475
vn -0.920310 0.024396 0.390428
vn -0.927100 0.352588 0.127153
vn -0.455344 0.883785 -0.107641
vn -0.185741 0.981699 -0.042032
vn 0.420941 0.555158 0.717362
vn 0.493442 -0.014456 0.869658
vn 0.027169 0.999629 0.001630
vn -0.650533 0.627786 0.427425
vn -0.673629 0.017016 0.738874
vn -0.473461 0.703193 0.530429
vn -0.523214 0.013451 0.852095
vn 0.984162 -0.031742 0.174406
vn 0.984163 -0.031746 0.174401
vn 0.984162 -0.031741 0.174407
vn 0.984161 -0.031737 0.174412
vn 0.984056 -0.031204 0.175098
vn 0.984612 -0.028685 0.172385
vn -0.650409 0.745130 -0.147475
vn -0.920310 0.024396 0.390428
vn -0.927100 0.352588 0.127153
vn -0.455344 0.883785 -0.107641
vn -0.185741 0.981699 -0.042032
vn 0.420941 0.555158 0.717362
vn 0.493442 -0.014456 0.869658
vn 0.027169 0.999629 0.001630
vn -0.650533 0.627786 0.427425
vn -0.673629 0.017016 0.738874
vn -0.473461 0.703193 0.530429
vn -0.523214 0.013451 0.852095
vn 0.984162 -0.031742 0.174406
vn 0.984163 -0.031746 0.174401
vn 0.984162 -0.031741 0.174407
vn 0.984161 -0.031737 0.174412
vn 0.984056 -0.031204 0.175098
vn 0.984612 -0.028685 0.172385
vn 1.000000 -0.000000 0.000000
vn 0.707098 -0.000000 0.707115
vn 0.577348 0.577353 0.577350
vn 1.000000 -0.000000 0.000000
vn 1.000000 0.000009 0.000000
vn 0.707061 0.707153 0.000094
vn 1.000000 0.000009 0.000000
vn 0.707123 0.707090 0.000078
vn 0.707104 -0.000000 0.707109
vn 0.707102 0.000000 0.707111
vn 0.577348 0.577351 0.577352
vn 0.000000 0.707109 0.707105
vn 0.707103 0.000000 0.707111
vn 0.000000 0.000000 1.000000
vn 0.000008 0.707101 0.707113
vn 0.000005 0.000001 1.000000
vn -0.000006 1.000000 0.000023
vn 0.000000 1.000000 0.000000
vn 0.000000 0.000000 1.000000
vn 0.000001 0.000000 1.000000
vn 0.592690 0.561577 0.577365
vn 0.706948 -0.018956 0.707011
vn 0.725904 0.687796 0.000000
vn 0.019153 0.706908 0.707047
vn 0.000000 0.000000 1.000000
vn 0.027084 0.999633 0.000000
vn 0.999641 -0.026807 -0.000001
vn 0.592690 0.561577 0.577365
vn 0.706948 -0.018956 0.707011
vn 0.725904 0.687796 0.000000
vn 0.019153 0.706908 0.707047
vn 0.000000 0.000000 1.000000
vn 0.027084 0.999633 0.000000
vn 0.999641 -0.026807 -0.000001
vn 0.071580 0.993722 0.085986
vn 0.140526 -0.003946 0.990069
vn 0.146007 0.102338 0.983976
vn 0.140527 -0.003946 0.990069
vn 0.142886 0.679656 0.719480
vn 0.071580 0.993722 0.085986
vn 0.140526 -0.003946 0.990069
vn 0.146007 0.102338 0.983976
vn 0.140527 -0.003946 0.990069
vn 0.142886 0.679656 0.719480
vn 1.000000 0.000009 0.000000
vn 0.707061 0.707153 0.000094
vn 1.000000 0.000009 0.000000
vn 0.707123 0.707090 0.000078
vn -0.000006 1.000000 0.000023
vn 0.000000 1.000000 0.000000
vn -0.650426 0.745115 -0.147476
vn -0.920310 0.024396 0.390429
vn -0.927099 0.352589 0.127154
vn -0.455362 0.883775 -0.107643
vn -0.185740 0.981700 -0.042032
vn 0.420943 0.555158 0.717361
vn 0.493444 -0.014456 0.869657
vn 0.027169 0.999629 0.001629
vn -0.650533 0.627786 0.427425
vn -0.673629 0.017016 0.738874
vn -0.473459 0.703193 0.530431
vn -0.523211 0.013451 0.852097
vn 0.984162 -0.031742 0.174406
vn 0.984163 -0.031746 0.174401
vn 0.984162 -0.031741 0.174407
vn 0.984161 -0.031737 0.174412
vn 0.984057 -0.031204 0.175094
vn 0.984613 -0.028685 0.172381
vn -0.650426 0.745116 -0.147476
vn -0.920310 0.024396 0.390429
vn -0.927099 0.352589 0.127154
vn -0.455362 0.883775 -0.107643
vn -0.185739 0.981700 -0.042032
vn 0.420943 0.555158 0.717361
vn 0.493444 -0.014456 0.869657
vn 0.027169 0.999629 0.001629
vn -0.650533 0.627786 0.427425
vn -0.673629 0.017016 0.738874
vn -0.473459 0.703193 0.530431
vn -0.523211 0.013451 0.852097
vn 0.984162 -0.031742 0.174406
vn 0.984163 -0.031746 0.174401
vn 0.984162 -0.031741 0.174407
vn 0.984161 -0.031737 0.174412
vn 0.984057 -0.031204 0.175094
vn 0.984613 -0.028685 0.172381
vn 0.000000 0.707106 0.707107
vn 0.000000 0.708137 0.706075
vn 0.000000 1.000000 0.000000
vn 0.000000 1.000000 -0.000001
vn 0.000000 0.707106 0.707107
vn 0.000000 0.707107 0.707107
vn 0.000000 1.000000 0.000000
vn 0.000000 1.000000 0.000002
vn 0.000000 0.000000 1.000000
vn 0.000000 0.000000 1.000000
vn 0.000000 0.000000 1.000000
vn 0.000000 0.000000 1.000000
vn 0.000000 1.000000 0.000001
vn 0.000000 1.000000 0.000001
vn 0.000000 1.000000 0.000000
vn 0.000000 1.000000 0.000000
vn 0.000000 1.000000 0.000001
vn 0.000000 1.000000 0.000001
vn 0.000000 1.000000 0.000000
vn 0.000000 1.000000 0.000000
vn 0.000000 1.000000 0.000001
vn 0.000000 1.000000 0.000001
vn 0.000000 1.000000 0.000000
vn 0.000000 1.000000 0.000000
vn 0.000000 1.000000 0.000000
vn 0.000000 1.000000 0.000000
vn 0.000000 1.000000 0.000000
vn 0.000000 1.000000 0.000000
vn 0.000000 1.000000 0.000000
vn 0.000000 1.000000 0.000000
vn 0.000000 1.000000 0.000000
vn 0.000000 1.000000 0.000000
g fff0a81b_00533_00b78fe4_e1
f 1241/234/1241 1242/236/1242 1240/235/1240
f 1240/231/1240 1242/233/1242 1243/232/1243
f 1223/234/1223 1224/236/1224 1222/235/1222
f 1222/231/1222 1224/233/1224 1225/232/1225
f 1155/234/1155 1156/236/1156 1154/235/1154
f 1154/231/1154 1156/233/1156 1157/232/1157
f 1137/234/1137 1138/236/1138 1136/235/1136
f 1136/231/1136 1138/233/1138 1139/232/1139
f 1069/234/1069 1070/236/1070 1068/235/1068
f 1068/231/1068 1070/233/1070 1071/232/1071
f 1051/234/1051 1052/236/1052 1050/235/1050
f 1050/231/1050 1052/233/1052 1053/232/1053
f 983/234/983 984/236/984 982/235/982
f 982/231/982 984/233/984 985/232/985
f 965/234/965 966/236/966 964/235/964
f 964/231/964 966/233/966 967/232/967
f 471/35/471 450/33/450 449/31/449
f 448/30/448 450/33/450 471/35/471
f 471/35/471 449/31/449 484/74/484
f 470/34/470 448/30/448 471/35/471
f 447/32/447 484/74/484 449/31/449
f 448/30/448 474/37/474 450/33/450
f 474/37/474 448/30/448 473/36/473
f 471/35/471 484/74/484 470/34/470
f 707/231/707 710/232/710 709/233/709
f 708/234/708 707/235/707 709/236/709
f 689/231/689 692/232/692 691/233/691
f 690/234/690 689/235/689 691/236/691
f 595/216/595 598/217/598 597/218/597
f 596/219/596 595/220/595 597/221/597
f 617/222/617 620/223/620 619/224/619
f 618/225/618 617/226/617 619/227/619
f 672/234/672 673/236/673 671/235/671
f 671/231/671 673/233/673 674/232/674
f 654/234/654 655/236/655 653/235/653
f 653/231/653 655/233/655 656/232/656
f 794/234/794 795/236/795 793/235/793
f 793/231/793 795/233/795 796/232/796
f 776/234/776 777/236/777 775/235/775
f 775/231/775 777/233/777 778/232/778
f 880/234/880 881/236/881 879/235/879
f 879/231/879 881/233/881 882/232/882
f 862/234/862 863/236/863 861/235/861
f 861/231/861 863/233/863 864/232/864
f 25/35/25 4/33/4 3/31/3
f 2/30/2 4/33/4 25/35/25
f 25/35/25 3/31/3 39/74/39
f 24/34/24 2/30/2 25/35/25
f 1/32/1 39/74/39 3/31/3
f 2/30/2 28/37/28 4/33/4
f 28/37/28 2/30/2 27/36/27
f 25/35/25 39/74/39 24/34/24
f 262/231/262 265/232/265 264/233/264
f 263/234/263 262/235/262 264/236/264
f 244/231/244 247/232/247 246/233/246
f 245/234/245 244/235/244 246/236/246
f 150/216/150 153/217/153 152/218/152
f 151/219/151 150/220/150 152/221/152
f 172/222/172 175/223/175 174/224/174
f 173/225/173 172/226/172 174/227/174
f 227/234/227 228/236/228 226/235/226
f 226/231/226 228/233/228 229/232/229
f 209/234/209 210/236/210 208/235/208
f 208/231/208 210/233/210 211/232/211
f 349/234/349 350/236/350 348/235/348
f 348/231/348 350/233/350 351/232/351
f 331/234/331 332/236/332 330/235/330
f 330/231/330 332/233/332 333/232/333
f 435/234/435 436/236/436 434/235/434
f 434/231/434 436/233/436 437/232/437
f 417/234/417 418/236/418 416/235/416
f 416/231/416 418/233/418 419/232/419
g fff0a81b_00533_00b78fe4_e0
f 1276/60/1276 1274/52/1274 1277/63/1277
f 1275/55/1275 1277/63/1277 1274/52/1274
f 1272/60/1272 1270/52/1270 1273/63/1273
f 1271/55/1271 1273/63/1273 1270/52/1270
f 1267/66/1267 1268/70/1268 1266/64/1266
f 1267/66/1267 1269/72/1269 1268/70/1268
f 1263/66/1263 1264/70/1264 1262/64/1262
f 1263/66/1263 1265/72/1265 1264/70/1264
f 1259/66/1259 1260/70/1260 1258/64/1258
f 1259/66/1259 1261/72/1261 1260/70/1260
f 1257/249/1257 1250/249/1250 1256/249/1256
f 1250/249/1250 1257/249/1257 1251/249/1251
f 1255/249/1255 1246/249/1246 1254/249/1254
f 1246/249/1246 1255/249/1255 1247/249/1247
f 1218/96/1218 1217/97/1217 1213/94/1213
f 1233/98/1233 1235/97/1235 1236/96/1236
f 1236/96/1236 1235/97/1235 1231/94/1231
f 1215/98/1215 1217/97/1217 1218/96/1218
f 1239/104/1239 1229/119/1229 1230/118/1230
f 1245/106/1245 1233/108/1233 1234/107/1234
f 1212/100/1212 1210/95/1210 1214/103/1214
f 1233/108/1233 1245/106/1245 1244/109/1244
f 1218/122/1218 1219/120/1219 1215/121/1215
f 1236/96/1236 1229/101/1229 1237/102/1237
f 1232/103/1232 1238/105/1238 1230/100/1230
f 1220/117/1220 1221/104/1221 1212/118/1212
f 1213/94/1213 1210/95/1210 1218/96/1218
f 1164/24/1164 1165/25/1165 1166/26/1166
f 1166/26/1166 1165/25/1165 1167/27/1167
f 1219/120/1219 1216/99/1216 1215/121/1215
f 1197/87/1197 1195/89/1195 1198/88/1198
f 1174/13/1174 1170/14/1170 1162/15/1162
f 1170/14/1170 1174/13/1174 1171/16/1171
f 1162/1/1162 1169/2/1169 1161/3/1161
f 1168/4/1168 1161/3/1161 1169/2/1169
f 1178/5/1178 1179/6/1179 1175/7/1175
f 1174/8/1174 1175/7/1175 1179/6/1179
f 1171/9/1171 1173/10/1173 1170/11/1170
f 1172/12/1172 1170/11/1170 1173/10/1173
f 1236/96/1236 1228/95/1228 1230/100/1230
f 1230/100/1230 1229/101/1229 1236/96/1236
f 1214/103/1214 1220/105/1220 1212/100/1212
f 1218/96/1218 1211/101/1211 1219/102/1219
f 1160/17/1160 1163/18/1163 1161/19/1161
f 1160/17/1160 1161/19/1161 1168/20/1168
f 1169/21/1169 1162/22/1162 1170/14/1170
f 1169/21/1169 1170/14/1170 1172/23/1172
f 1167/27/1167 1176/28/1176 1177/29/1177
f 1176/28/1176 1167/27/1167 1165/25/1165
f 1180/83/1180 1182/78/1182 1183/84/1183
f 1185/80/1185 1183/84/1183 1182/78/1182
f 1180/77/1180 1184/81/1184 1181/82/1181
f 1184/81/1184 1180/77/1180 1183/79/1183
f 1180/85/1180 1186/86/1186 1182/86/1182
f 1186/86/1186 1180/85/1180 1181/85/1181
f 1187/83/1187 1189/78/1189 1190/84/1190
f 1192/80/1192 1190/84/1190 1189/78/1189
f 1187/77/1187 1191/81/1191 1188/82/1188
f 1191/81/1191 1187/77/1187 1190/79/1190
f 1187/85/1187 1193/86/1193 1189/86/1189
f 1193/86/1193 1187/85/1187 1188/85/1188
f 1196/93/1196 1194/91/1194 1198/92/1198
f 1195/89/1195 1196/90/1196 1198/88/1198
f 1215/108/1215 1227/106/1227 1226/109/1226
f 1237/120/1237 1234/99/1234 1233/121/1233
f 1227/106/1227 1215/108/1215 1216/107/1216
f 1202/110/1202 1200/111/1200 1203/112/1203
f 1201/113/1201 1199/114/1199 1203/115/1203
f 1212/100/1212 1211/101/1211 1218/96/1218
f 1218/96/1218 1210/95/1210 1212/100/1212
f 1221/104/1221 1211/119/1211 1212/118/1212
f 1200/111/1200 1201/116/1201 1203/112/1203
f 1231/94/1231 1228/95/1228 1236/96/1236
f 1230/100/1230 1228/95/1228 1232/103/1232
f 1238/117/1238 1239/104/1239 1230/118/1230
f 1236/122/1236 1237/120/1237 1233/121/1233
f 1204/24/1204 1205/25/1205 1206/26/1206
f 1206/26/1206 1205/25/1205 1207/27/1207
f 1207/27/1207 1208/28/1208 1209/29/1209
f 1208/28/1208 1207/27/1207 1205/25/1205
f 1132/96/1132 1131/97/1131 1127/94/1127
f 1147/98/1147 1149/97/1149 1150/96/1150
f 1150/96/1150 1149/97/1149 1145/94/1145
f 1129/98/1129 1131/97/1131 1132/96/1132
f 1153/104/1153 1143/119/1143 1144/118/1144
f 1159/106/1159 1147/108/1147 1148/107/1148
f 1126/100/1126 1124/95/1124 1128/103/1128
f 1147/108/1147 1159/106/1159 1158/109/1158
f 1132/122/1132 1133/120/1133 1129/121/1129
f 1150/96/1150 1143/101/1143 1151/102/1151
f 1146/103/1146 1152/105/1152 1144/100/1144
f 1134/117/1134 1135/104/1135 1126/118/1126
f 1127/94/1127 1124/95/1124 1132/96/1132
f 1078/24/1078 1079/25/1079 1080/26/1080
f 1080/26/1080 1079/25/1079 1081/27/1081
f 1133/120/1133 1130/99/1130 1129/121/1129
f 1111/87/1111 1109/89/1109 1112/88/1112
f 1088/13/1088 1084/14/1084 1076/15/1076
f 1084/14/1084 1088/13/1088 1085/16/1085
f 1076/1/1076 1083/2/1083 1075/3/1075
f 1082/4/1082 1075/3/1075 1083/2/1083
f 1092/5/1092 1093/6/1093 1089/7/1089
f 1088/8/1088 1089/7/1089 1093/6/1093
f 1085/9/1085 1087/10/1087 1084/11/1084
f 1086/12/1086 1084/11/1084 1087/10/1087
f 1150/96/1150 1142/95/1142 1144/100/1144
f 1144/100/1144 1143/101/1143 1150/96/1150
f 1128/103/1128 1134/105/1134 1126/100/1126
f 1132/96/1132 1125/101/1125 1133/102/1133
f 1074/17/1074 1077/18/1077 1075/19/1075
f 1074/17/1074 1075/19/1075 1082/20/1082
f 1083/21/1083 1076/22/1076 1084/14/1084
f 1083/21/1083 1084/14/1084 1086/23/1086
f 1081/27/1081 1090/28/1090 1091/29/1091
f 1090/28/1090 1081/27/1081 1079/25/1079
f 1094/83/1094 1096/78/1096 1097/84/1097
f 1099/80/1099 1097/84/1097 1096/78/1096
f 1094/77/1094 1098/81/1098 1095/82/1095
f 1098/81/1098 1094/77/1094 1097/79/1097
f 1094/85/1094 1100/86/1100 1096/86/1096
f 1100/86/1100 1094/85/1094 1095/85/1095
f 1101/83/1101 1103/78/1103 1104/84/1104
f 1106/80/1106 1104/84/1104 1103/78/1103
f 1101/77/1101 1105/81/1105 1102/82/1102
f 1105/81/1105 1101/77/1101 1104/79/1104
f 1101/85/1101 1107/86/1107 1103/86/1103
f 1107/86/1107 1101/85/1101 1102/85/1102
f 1110/93/1110 1108/91/1108 1112/92/1112
f 1109/89/1109 1110/90/1110 1112/88/1112
f 1129/108/1129 1141/106/1141 1140/109/1140
f 1151/120/1151 1148/99/1148 1147/121/1147
f 1141/106/1141 1129/108/1129 1130/107/1130
f 1116/110/1116 1114/111/1114 1117/112/1117
f 1115/113/1115 1113/114/1113 1117/115/1117
f 1126/100/1126 1125/101/1125 1132/96/1132
f 1132/96/1132 1124/95/1124 1126/100/1126
f 1135/104/1135 1125/119/1125 1126/118/1126
f 1114/111/1114 1115/116/1115 1117/112/1117
f 1145/94/1145 1142/95/1142 1150/96/1150
f 1144/100/1144 1142/95/1142 1146/103/1146
f 1152/117/1152 1153/104/1153 1144/118/1144
f 1150/122/1150 1151/120/1151 1147/121/1147
f 1118/24/1118 1119/25/1119 1120/26/1120
f 1120/26/1120 1119/25/1119 1121/27/1121
f 1121/27/1121 1122/28/1122 1123/29/1123
f 1122/28/1122 1121/27/1121 1119/25/1119
f 1046/96/1046 1045/97/1045 1041/94/1041
f 1061/98/1061 1063/97/1063 1064/96/1064
f 1064/96/1064 1063/97/1063 1059/94/1059
f 1043/98/1043 1045/97/1045 1046/96/1046
f 1067/104/1067 1057/119/1057 1058/118/1058
f 1073/106/1073 1061/108/1061 1062/107/1062
f 1040/100/1040 1038/95/1038 1042/103/1042
f 1061/108/1061 1073/106/1073 1072/109/1072
f 1046/122/1046 1047/120/1047 1043/121/1043
f 1064/96/1064 1057/101/1057 1065/102/1065
f 1060/103/1060 1066/105/1066 1058/100/1058
f 1048/117/1048 1049/104/1049 1040/118/1040
f 1041/94/1041 1038/95/1038 1046/96/1046
f 992/24/992 993/25/993 994/26/994
f 994/26/994 993/25/993 995/27/995
f 1047/120/1047 1044/99/1044 1043/121/1043
f 1025/87/1025 1023/89/1023 1026/88/1026
f 1002/13/1002 998/14/998 990/15/990
f 998/14/998 1002/13/1002 999/16/999
f 990/1/990 997/2/997 989/3/989
f 996/4/996 989/3/989 997/2/997
f 1006/5/1006 1007/6/1007 1003/7/1003
f 1002/8/1002 1003/7/1003 1007/6/1007
f 999/9/999 1001/10/1001 998/11/998
f 1000/12/1000 998/11/998 1001/10/1001
f 1064/96/1064 1056/95/1056 1058/100/1058
f 1058/100/1058 1057/101/1057 1064/96/1064
f 1042/103/1042 1048/105/1048 1040/100/1040
f 1046/96/1046 1039/101/1039 1047/102/1047
f 988/17/988 991/18/991 989/19/989
f 988/17/988 989/19/989 996/20/996
f 997/21/997 990/22/990 998/14/998
f 997/21/997 998/14/998 1000/23/1000
f 995/27/995 1004/28/1004 1005/29/1005
f 1004/28/1004 995/27/995 993/25/993
f 1008/83/1008 1010/78/1010 1011/84/1011
f 1013/80/1013 1011/84/1011 1010/78/1010
f 1008/77/1008 1012/81/1012 1009/82/1009
f 1012/81/1012 1008/77/1008 1011/79/1011
f 1008/85/1008 1014/86/1014 1010/86/1010
f 1014/86/1014 1008/85/1008 1009/85/1009
f 1015/83/1015 1017/78/1017 1018/84/1018
f 1020/80/1020 1018/84/1018 1017/78/1017
f 1015/77/1015 1019/81/1019 1016/82/1016
f 1019/81/1019 1015/77/1015 1018/79/1018
f 1015/85/1015 1021/86/1021 1017/86/1017
f 1021/86/1021 1015/85/1015 1016/85/1016
f 1024/93/1024 1022/91/1022 1026/92/1026
f 1023/89/1023 1024/90/1024 1026/88/1026
f 1043/108/1043 1055/106/1055 1054/109/1054
f 1065/120/1065 1062/99/1062 1061/121/1061
f 1055/106/1055 1043/108/1043 1044/107/1044
f 1030/110/1030 1028/111/1028 1031/112/1031
f 1029/113/1029 1027/114/1027 1031/115/1031
f 1040/100/1040 1039/101/1039 1046/96/1046
f 1046/96/1046 1038/95/1038 1040/100/1040
f 1049/104/1049 1039/119/1039 1040/118/1040
f 1028/111/1028 1029/116/1029 1031/112/1031
f 1059/94/1059 1056/95/1056 1064/96/1064
f 1058/100/1058 1056/95/1056 1060/103/1060
f 1066/117/1066 1067/104/1067 1058/118/1058
f 1064/122/1064 1065/120/1065 1061/121/1061
f 1032/24/1032 1033/25/1033 1034/26/1034
f 1034/26/1034 1033/25/1033 1035/27/1035
f 1035/27/1035 1036/28/1036 1037/29/1037
f 1036/28/1036 1035/27/1035 1033/25/1033
f 960/96/960 959/97/959 955/94/955
f 975/98/975 977/97/977 978/96/978
f 978/96/978 977/97/977 973/94/973
f 957/98/957 959/97/959 960/96/960
f 981/104/981 971/119/971 972/118/972
f 987/106/987 975/108/975 976/107/976
f 954/100/954 952/95/952 956/103/956
f 975/108/975 987/106/987 986/109/986
f 960/122/960 961/120/961 957/121/957
f 978/96/978 971/101/971 979/102/979
f 974/103/974 980/105/980 972/100/972
f 962/117/962 963/104/963 954/118/954
f 955/94/955 952/95/952 960/96/960
f 906/24/906 907/25/907 908/26/908
f 908/26/908 907/25/907 909/27/909
f 961/120/961 958/99/958 957/121/957
f 939/87/939 937/89/937 940/88/940
f 916/13/916 912/14/912 904/15/904
f 912/14/912 916/13/916 913/16/913
f 904/1/904 911/2/911 903/3/903
f 910/4/910 903/3/903 911/2/911
f 920/5/920 921/6/921 917/7/917
f 916/8/916 917/7/917 921/6/921
f 913/9/913 915/10/915 912/11/912
f 914/12/914 912/11/912 915/10/915
f 978/96/978 970/95/970 972/100/972
f 972/100/972 971/101/971 978/96/978
f 956/103/956 962/105/962 954/100/954
f 960/96/960 953/101/953 961/102/961
f 902/17/902 905/18/905 903/19/903
f 902/17/902 903/19/903 910/20/910
f 911/21/911 904/22/904 912/14/912
f 911/21/911 912/14/912 914/23/914
f 909/27/909 918/28/918 919/29/919
f 918/28/918 909/27/909 907/25/907
f 922/83/922 924/78/924 925/84/925
f 927/80/927 925/84/925 924/78/924
f 922/77/922 926/81/926 923/82/923
f 926/81/926 922/77/922 925/79/925
f 922/85/922 928/86/928 924/86/924
f 928/86/928 922/85/922 923/85/923
f 929/83/929 931/78/931 932/84/932
f 934/80/934 932/84/932 931/78/931
f 929/77/929 933/81/933 930/82/930
f 933/81/933 929/77/929 932/79/932
f 929/85/929 935/86/935 931/86/931
f 935/86/935 929/85/929 930/85/930
f 938/93/938 936/91/936 940/92/940
f 937/89/937 938/90/938 940/88/940
f 957/108/957 969/106/969 968/109/968
f 979/120/979 976/99/976 975/121/975
f 969/106/969 957/108/957 958/107/958
f 944/110/944 942/111/942 945/112/945
f 943/113/943 941/114/941 945/115/945
f 954/100/954 953/101/953 960/96/960
f 960/96/960 952/95/952 954/100/954
f 963/104/963 953/119/953 954/118/954
f 942/111/942 943/116/943 945/112/945
f 973/94/973 970/95/970 978/96/978
f 972/100/972 970/95/970 974/103/974
f 980/117/980 981/104/981 972/118/972
f 978/122/978 979/120/979 975/121/975
f 946/24/946 947/25/947 948/26/948
f 948/26/948 947/25/947 949/27/949
f 949/27/949 950/28/950 951/29/951
f 950/28/950 949/27/949 947/25/947
f 899/66/899 900/70/900 898/64/898
f 899/66/899 901/72/901 900/70/900
f 895/66/895 896/70/896 894/64/894
f 895/66/895 897/72/897 896/70/896
f 891/66/891 892/70/892 890/64/890
f 891/66/891 893/72/893 892/70/892
f 443/53/443 482/55/482 889/248/889
f 495/243/495 479/67/479 441/244/441
f 443/68/443 441/244/441 479/67/479
f 887/241/887 885/239/885 888/242/888
f 886/240/886 888/242/888 885/239/885
f 1252/239/1252 1250/238/1250 1253/240/1253
f 1251/230/1251 1253/240/1253 1250/238/1250
f 485/75/485 488/76/488 486/75/486
f 488/76/488 485/75/485 487/76/487
f 489/75/489 492/76/492 490/75/490
f 492/76/492 489/75/489 491/76/491
f 835/93/835 833/91/833 837/92/837
f 832/86/832 826/85/826 827/85/827
f 494/229/494 468/58/468 493/228/493
f 468/58/468 494/229/494 469/56/469
f 452/38/452 455/39/455 454/40/454
f 457/41/457 454/40/454 455/39/455
f 456/42/456 459/43/459 458/44/458
f 460/45/460 458/44/458 459/43/459
f 461/46/461 453/47/453 462/48/462
f 453/47/453 461/46/461 451/49/451
f 452/38/452 463/50/463 455/39/455
f 456/42/456 455/39/455 463/50/463
f 456/42/456 463/50/463 459/43/459
f 475/60/475 451/49/451 464/52/464
f 461/46/461 464/52/464 451/49/451
f 453/47/453 465/54/465 462/48/462
f 889/248/889 476/55/476 472/54/472
f 454/40/454 457/41/457 465/54/465
f 465/54/465 889/55/889 462/48/462
f 458/44/458 460/45/460 465/54/465
f 469/56/469 467/57/467 468/58/468
f 453/47/453 454/40/454 465/54/465
f 466/59/466 468/58/468 467/57/467
f 465/54/465 457/41/457 458/44/458
f 459/43/459 463/50/463 468/58/468
f 468/58/468 466/59/466 459/43/459
f 460/45/460 469/56/469 465/54/465
f 469/56/469 460/45/460 467/57/467
f 479/51/479 451/49/451 475/60/475
f 462/62/462 889/63/889 472/55/472
f 480/69/480 475/60/475 477/64/477
f 889/65/889 478/66/478 476/63/476
f 479/67/479 483/73/483 443/68/443
f 478/66/478 480/70/480 477/64/477
f 475/60/475 464/52/464 476/63/476
f 472/55/472 476/63/476 464/52/464
f 479/61/479 475/60/475 480/69/480
f 483/73/483 482/72/482 443/68/443
f 481/71/481 479/67/479 480/70/480
f 478/66/478 482/72/482 480/70/480
f 482/72/482 478/66/478 889/68/889
f 479/67/479 481/71/481 483/73/483
f 614/189/614 616/191/616 621/190/621
f 605/187/605 603/202/603 607/186/607
f 621/176/621 622/178/622 614/177/614
f 622/178/622 615/185/615 614/177/614
f 649/96/649 648/97/648 644/94/644
f 664/98/664 666/97/666 667/96/667
f 610/173/610 611/175/611 613/174/613
f 607/186/607 623/188/623 605/187/605
f 667/96/667 666/97/666 662/94/662
f 646/98/646 648/97/648 649/96/649
f 621/190/621 603/202/603 605/187/605
f 638/209/638 640/211/640 636/210/636
f 616/212/616 614/213/614 615/214/615
f 611/209/611 609/210/609 613/211/613
f 670/104/670 660/119/660 661/118/661
f 606/208/606 603/202/603 621/190/621
f 612/207/612 610/173/610 613/174/613
f 601/206/601 602/203/602 583/205/583
f 602/203/602 582/204/582 583/205/583
f 615/214/615 608/215/608 616/212/616
f 599/162/599 594/199/594 584/201/584
f 676/106/676 664/108/664 665/107/665
f 643/100/643 641/95/641 645/103/645
f 593/184/593 586/200/586 594/182/594
f 592/198/592 594/199/594 599/162/599
f 639/207/639 640/174/640 637/173/637
f 583/160/583 581/197/581 585/159/585
f 599/196/599 600/193/600 592/195/592
f 600/193/600 593/194/593 592/195/592
f 664/108/664 676/106/676 675/109/675
f 649/122/649 650/120/650 646/121/646
f 588/132/588 589/192/589 591/133/591
f 585/159/585 601/161/601 583/160/583
f 667/96/667 660/101/660 668/102/668
f 663/103/663 669/105/669 661/100/661
f 651/117/651 652/104/652 643/118/643
f 644/94/644 641/95/641 649/96/649
f 761/28/761 760/27/760 758/25/758
f 594/182/594 592/183/592 593/184/593
f 589/179/589 587/180/587 591/181/591
f 501/24/501 502/25/502 503/26/503
f 760/27/760 761/28/761 762/29/762
f 503/26/503 502/25/502 504/27/504
f 759/26/759 758/25/758 760/27/760
f 757/24/757 758/25/758 759/26/759
f 650/120/650 647/99/647 646/121/646
f 534/87/534 532/89/532 535/88/535
f 511/13/511 507/14/507 499/15/499
f 507/14/507 511/13/511 508/16/508
f 499/1/499 506/2/506 498/3/498
f 505/4/505 498/3/498 506/2/506
f 515/5/515 516/6/516 512/7/512
f 511/8/511 512/7/512 516/6/516
f 508/9/508 510/10/510 507/11/507
f 509/12/509 507/11/507 510/10/510
f 789/122/789 790/120/790 786/121/786
f 791/117/791 792/104/792 783/118/783
f 783/100/783 781/95/781 785/103/785
f 784/94/784 781/95/781 789/96/789
f 753/111/753 754/116/754 756/112/756
f 774/104/774 764/119/764 765/118/765
f 771/96/771 763/95/763 765/100/765
f 765/100/765 764/101/764 771/96/771
f 637/173/637 640/174/640 638/175/638
f 580/172/580 574/171/574 575/171/575
f 574/171/574 580/172/580 576/172/576
f 578/168/578 574/167/574 577/170/577
f 667/96/667 659/95/659 661/100/661
f 661/100/661 660/101/660 667/96/667
f 645/103/645 651/105/651 643/100/643
f 649/96/649 642/101/642 650/102/650
f 703/96/703 697/100/697 695/95/695
f 697/100/697 703/96/703 696/101/696
f 754/113/754 752/114/752 756/115/756
f 755/110/755 753/111/753 756/112/756
f 780/106/780 768/108/768 769/107/769
f 497/17/497 500/18/500 498/19/498
f 497/17/497 498/19/498 505/20/505
f 790/120/790 787/99/787 786/121/786
f 506/21/506 499/22/499 507/14/507
f 506/21/506 507/14/507 509/23/509
f 768/108/768 780/106/780 779/109/779
f 748/89/748 749/90/749 751/88/751
f 681/103/681 679/100/679 687/105/687
f 685/96/685 686/102/686 678/101/678
f 504/27/504 513/28/513 514/29/514
f 513/28/513 504/27/504 502/25/502
f 558/146/558 560/147/560 557/148/557
f 561/145/561 562/144/562 566/143/566
f 682/108/682 693/109/693 694/106/694
f 704/120/704 700/121/700 701/99/701
f 694/106/694 683/107/683 682/108/682
f 688/104/688 679/118/679 678/119/678
f 698/94/698 703/96/703 695/95/695
f 705/117/705 697/118/697 706/104/706
f 703/122/703 700/121/700 704/120/704
f 697/100/697 699/103/699 695/95/695
f 685/96/685 680/94/680 684/97/684
f 700/98/700 703/96/703 702/97/702
f 703/96/703 698/94/698 702/97/702
f 682/98/682 685/96/685 684/97/684
f 706/104/706 697/118/697 696/119/696
f 712/106/712 701/107/701 700/108/700
f 679/100/679 681/103/681 677/95/677
f 700/108/700 711/109/711 712/106/712
f 685/122/685 682/121/682 686/120/686
f 703/96/703 704/102/704 696/101/696
f 517/83/517 519/78/519 520/84/520
f 522/80/522 520/84/520 519/78/519
f 517/77/517 521/81/521 518/82/518
f 521/81/521 517/77/517 520/79/520
f 517/85/517 523/86/523 519/86/519
f 523/86/523 517/85/517 518/85/518
f 524/83/524 526/78/526 527/84/527
f 529/80/529 527/84/527 526/78/526
f 524/77/524 528/81/528 525/82/525
f 528/81/528 524/77/524 527/79/527
f 524/85/524 530/86/530 526/86/526
f 530/86/530 524/85/524 525/85/525
f 574/167/574 578/168/578 575/169/575
f 565/142/565 566/143/566 562/144/562
f 533/93/533 531/91/531 535/92/535
f 579/166/579 577/165/577 576/164/576
f 555/141/555 548/140/548 556/139/556
f 699/103/699 697/100/697 705/105/705
f 687/117/687 679/118/679 688/104/688
f 680/94/680 685/96/685 677/95/677
f 686/120/686 682/121/682 683/99/683
f 532/89/532 533/90/533 535/88/535
f 679/100/679 685/96/685 678/101/678
f 549/138/549 556/139/556 548/140/548
f 574/163/574 576/164/576 577/165/577
f 573/172/573 567/171/567 568/171/568
f 685/96/685 679/100/679 677/95/677
f 632/132/632 635/133/635 633/192/633
f 567/171/567 573/172/573 569/172/569
f 571/168/571 567/167/567 570/170/570
f 557/135/557 561/134/561 558/137/558
f 646/108/646 658/106/658 657/109/657
f 567/167/567 571/168/571 568/169/568
f 668/120/668 665/99/665 664/121/664
f 658/106/658 646/108/646 647/107/647
f 633/179/633 635/181/635 631/180/631
f 539/110/539 537/111/537 540/112/540
f 572/166/572 570/165/570 569/164/569
f 561/134/561 557/135/557 549/136/549
f 538/113/538 536/114/536 540/115/540
f 567/163/567 569/164/569 570/165/570
f 643/100/643 642/101/642 649/96/649
f 649/96/649 641/95/641 643/100/643
f 590/131/590 588/132/588 591/133/591
f 652/104/652 642/119/642 643/118/643
f 563/157/563 554/130/554 552/128/552
f 537/111/537 538/116/538 540/112/540
f 662/94/662 659/95/659 667/96/667
f 661/100/661 659/95/659 663/103/663
f 554/130/554 563/157/563 564/158/564
f 556/154/556 557/135/557 559/156/559
f 634/131/634 635/133/635 632/132/632
f 669/117/669 670/104/670 661/118/661
f 667/122/667 668/120/668 664/121/664
f 629/157/629 628/130/628 626/128/626
f 556/154/556 549/155/549 557/135/557
f 553/129/553 552/128/552 554/130/554
f 628/130/628 629/157/629 630/158/630
f 541/24/541 542/25/542 543/26/543
f 543/26/543 542/25/542 544/27/544
f 544/27/544 545/28/545 546/29/546
f 545/28/545 544/27/544 542/25/542
f 627/129/627 626/128/626 628/130/628
f 625/127/625 626/128/626 627/129/627
f 547/150/547 548/152/548 555/153/555
f 551/127/551 552/128/552 553/129/553
f 624/124/624 604/126/604 605/125/605
f 547/150/547 550/151/550 548/152/548
f 621/190/621 616/191/616 606/208/606
f 623/123/623 624/124/624 605/125/605
f 559/149/559 557/148/557 560/147/560
f 771/96/771 770/97/770 766/94/766
f 786/98/786 788/97/788 789/96/789
f 789/96/789 788/97/788 784/94/784
f 768/98/768 770/97/770 771/96/771
f 792/104/792 782/119/782 783/118/783
f 798/106/798 786/108/786 787/107/787
f 765/100/765 763/95/763 767/103/767
f 786/108/786 798/106/798 797/109/797
f 771/122/771 772/120/772 768/121/768
f 789/96/789 782/101/782 790/102/790
f 785/103/785 791/105/791 783/100/783
f 773/117/773 774/104/774 765/118/765
f 766/94/766 763/95/763 771/96/771
f 717/24/717 718/25/718 719/26/719
f 719/26/719 718/25/718 720/27/720
f 772/120/772 769/99/769 768/121/768
f 750/87/750 748/89/748 751/88/751
f 727/13/727 723/14/723 715/15/715
f 723/14/723 727/13/727 724/16/724
f 715/1/715 722/2/722 714/3/714
f 721/4/721 714/3/714 722/2/722
f 731/5/731 732/6/732 728/7/728
f 727/8/727 728/7/728 732/6/732
f 724/9/724 726/10/726 723/11/723
f 725/12/725 723/11/723 726/10/726
f 789/96/789 781/95/781 783/100/783
f 783/100/783 782/101/782 789/96/789
f 767/103/767 773/105/773 765/100/765
f 771/96/771 764/101/764 772/102/772
f 713/17/713 716/18/716 714/19/714
f 713/17/713 714/19/714 721/20/721
f 722/21/722 715/22/715 723/14/723
f 722/21/722 723/14/723 725/23/725
f 720/27/720 729/28/729 730/29/730
f 729/28/729 720/27/720 718/25/718
f 733/83/733 735/78/735 736/84/736
f 738/80/738 736/84/736 735/78/735
f 733/77/733 737/81/737 734/82/734
f 737/81/737 733/77/733 736/79/736
f 733/85/733 739/86/739 735/86/735
f 739/86/739 733/85/733 734/85/734
f 740/83/740 742/78/742 743/84/743
f 745/80/745 743/84/743 742/78/742
f 740/77/740 744/81/744 741/82/741
f 744/81/744 740/77/740 743/79/743
f 740/85/740 746/86/746 742/86/742
f 746/86/746 740/85/740 741/85/741
f 749/93/749 747/91/747 751/92/751
f 847/28/847 846/27/846 844/25/844
f 846/27/846 847/28/847 848/29/848
f 845/26/845 844/25/844 846/27/846
f 843/24/843 844/25/844 845/26/845
f 875/122/875 876/120/876 872/121/872
f 877/117/877 878/104/878 869/118/869
f 869/100/869 867/95/867 871/103/871
f 870/94/870 867/95/867 875/96/875
f 839/111/839 840/116/840 842/112/842
f 860/104/860 850/119/850 851/118/851
f 857/96/857 849/95/849 851/100/851
f 851/100/851 850/101/850 857/96/857
f 840/113/840 838/114/838 842/115/842
f 493/238/493 479/67/479 495/230/495
f 479/67/479 493/238/493 496/237/496
f 841/110/841 839/111/839 842/112/842
f 866/106/866 854/108/854 855/107/855
f 876/120/876 873/99/873 872/121/872
f 854/108/854 866/106/866 865/109/865
f 834/89/834 835/90/835 837/88/837
f 857/96/857 856/97/856 852/94/852
f 872/98/872 874/97/874 875/96/875
f 875/96/875 874/97/874 870/94/870
f 854/98/854 856/97/856 857/96/857
f 878/104/878 868/119/868 869/118/869
f 884/106/884 872/108/872 873/107/873
f 851/100/851 849/95/849 853/103/853
f 872/108/872 884/106/884 883/109/883
f 857/122/857 858/120/858 854/121/854
f 875/96/875 868/101/868 876/102/876
f 871/103/871 877/105/877 869/100/869
f 859/117/859 860/104/860 851/118/851
f 852/94/852 849/95/849 857/96/857
f 803/24/803 804/25/804 805/26/805
f 805/26/805 804/25/804 806/27/806
f 858/120/858 855/99/855 854/121/854
f 836/87/836 834/89/834 837/88/837
f 813/13/813 809/14/809 801/15/801
f 809/14/809 813/13/813 810/16/810
f 801/1/801 808/2/808 800/3/800
f 807/4/807 800/3/800 808/2/808
f 817/5/817 818/6/818 814/7/814
f 813/8/813 814/7/814 818/6/818
f 810/9/810 812/10/812 809/11/809
f 811/12/811 809/11/809 812/10/812
f 875/96/875 867/95/867 869/100/869
f 869/100/869 868/101/868 875/96/875
f 853/103/853 859/105/859 851/100/851
f 857/96/857 850/101/850 858/102/858
f 799/17/799 802/18/802 800/19/800
f 799/17/799 800/19/800 807/20/807
f 808/21/808 801/22/801 809/14/809
f 808/21/808 809/14/809 811/23/811
f 806/27/806 815/28/815 816/29/816
f 815/28/815 806/27/806 804/25/804
f 819/83/819 821/78/821 822/84/822
f 824/80/824 822/84/822 821/78/821
f 819/77/819 823/81/823 820/82/820
f 823/81/823 819/77/819 822/79/822
f 819/85/819 825/86/825 821/86/821
f 825/86/825 819/85/819 820/85/820
f 826/83/826 828/78/828 829/84/829
f 831/80/831 829/84/829 828/78/828
f 826/77/826 830/81/830 827/82/827
f 830/81/830 826/77/826 829/79/829
f 826/85/826 832/86/832 828/86/828
f 446/248/446 444/247/444 34/53/34
f 34/53/34 37/55/37 446/248/446
f 444/247/444 19/54/19 445/245/445
f 19/54/19 444/247/444 446/248/446
f 19/54/19 49/246/49 445/245/445
f 49/246/49 19/54/19 23/56/23
f 50/243/50 33/67/33 444/244/444
f 34/68/34 444/244/444 33/67/33
f 442/241/442 440/239/440 443/242/443
f 441/240/441 443/242/443 440/239/440
f 1248/239/1248 1246/238/1246 1249/240/1249
f 1247/230/1247 1249/240/1249 1246/238/1246
f 40/75/40 43/76/43 41/75/41
f 43/76/43 40/75/40 42/76/42
f 44/75/44 47/76/47 45/75/45
f 47/76/47 44/75/44 46/76/46
f 390/93/390 388/91/388 392/92/392
f 387/86/387 381/85/381 382/85/382
f 49/229/49 22/58/22 48/228/48
f 22/58/22 49/229/49 23/56/23
f 6/38/6 9/39/9 8/40/8
f 11/41/11 8/40/8 9/39/9
f 10/42/10 13/43/13 12/44/12
f 14/45/14 12/44/12 13/43/13
f 15/46/15 7/47/7 16/48/16
f 7/47/7 15/46/15 5/49/5
f 6/38/6 17/50/17 9/39/9
f 10/42/10 9/39/9 17/50/17
f 10/42/10 17/50/17 13/43/13
f 29/60/29 5/49/5 18/52/18
f 15/46/15 18/52/18 5/49/5
f 7/47/7 19/54/19 16/48/16
f 446/248/446 30/55/30 26/54/26
f 8/40/8 11/41/11 19/54/19
f 19/54/19 446/55/446 16/48/16
f 12/44/12 14/45/14 19/54/19
f 23/56/23 21/57/21 22/58/22
f 7/47/7 8/40/8 19/54/19
f 20/59/20 22/58/22 21/57/21
f 19/54/19 11/41/11 12/44/12
f 13/43/13 17/50/17 22/58/22
f 22/58/22 20/59/20 13/43/13
f 14/45/14 23/56/23 19/54/19
f 23/56/23 14/45/14 21/57/21
f 33/51/33 5/49/5 29/60/29
f 16/62/16 446/63/446 26/55/26
f 35/69/35 29/60/29 31/64/31
f 446/65/446 32/66/32 30/63/30
f 33/67/33 38/73/38 34/68/34
f 32/66/32 35/70/35 31/64/31
f 29/60/29 18/52/18 30/63/30
f 26/55/26 30/63/30 18/52/18
f 33/61/33 29/60/29 35/69/35
f 38/73/38 37/72/37 34/68/34
f 36/71/36 33/67/33 35/70/35
f 32/66/32 37/72/37 35/70/35
f 37/72/37 32/66/32 446/68/446
f 33/67/33 36/71/36 38/73/38
f 169/189/169 171/191/171 176/190/176
f 160/187/160 158/202/158 162/186/162
f 176/176/176 177/178/177 169/177/169
f 177/178/177 170/185/170 169/177/169
f 204/96/204 203/97/203 199/94/199
f 219/98/219 221/97/221 222/96/222
f 165/173/165 166/175/166 168/174/168
f 162/186/162 178/188/178 160/187/160
f 222/96/222 221/97/221 217/94/217
f 201/98/201 203/97/203 204/96/204
f 176/190/176 158/202/158 160/187/160
f 193/209/193 195/211/195 191/210/191
f 171/212/171 169/213/169 170/214/170
f 166/209/166 164/210/164 168/211/168
f 225/104/225 215/119/215 216/118/216
f 161/208/161 158/202/158 176/190/176
f 167/207/167 165/173/165 168/174/168
f 156/206/156 157/203/157 138/205/138
f 157/203/157 137/204/137 138/205/138
f 170/214/170 163/215/163 171/212/171
f 154/162/154 149/199/149 139/201/139
f 231/106/231 219/108/219 220/107/220
f 198/100/198 196/95/196 200/103/200
f 148/184/148 141/200/141 149/182/149
f 147/198/147 149/199/149 154/162/154
f 194/207/194 195/174/195 192/173/192
f 138/160/138 136/197/136 140/159/140
f 154/196/154 155/193/155 147/195/147
f 155/193/155 148/194/148 147/195/147
f 219/108/219 231/106/231 230/109/230
f 204/122/204 205/120/205 201/121/201
f 143/132/143 144/192/144 146/133/146
f 140/159/140 156/161/156 138/160/138
f 222/96/222 215/101/215 223/102/223
f 218/103/218 224/105/224 216/100/216
f 206/117/206 207/104/207 198/118/198
f 199/94/199 196/95/196 204/96/204
f 316/28/316 315/27/315 313/25/313
f 149/182/149 147/183/147 148/184/148
f 144/179/144 142/180/142 146/181/146
f 56/24/56 57/25/57 58/26/58
f 315/27/315 316/28/316 317/29/317
f 58/26/58 57/25/57 59/27/59
f 314/26/314 313/25/313 315/27/315
f 312/24/312 313/25/313 314/26/314
f 205/120/205 202/99/202 201/121/201
f 89/87/89 87/89/87 90/88/90
f 66/13/66 62/14/62 54/15/54
f 62/14/62 66/13/66 63/16/63
f 54/1/54 61/2/61 53/3/53
f 60/4/60 53/3/53 61/2/61
f 70/5/70 71/6/71 67/7/67
f 66/8/66 67/7/67 71/6/71
f 63/9/63 65/10/65 62/11/62
f 64/12/64 62/11/62 65/10/65
f 344/122/344 345/120/345 341/121/341
f 346/117/346 347/104/347 338/118/338
f 338/100/338 336/95/336 340/103/340
f 339/94/339 336/95/336 344/96/344
f 308/111/308 309/116/309 311/112/311
f 329/104/329 319/119/319 320/118/320
f 326/96/326 318/95/318 320/100/320
f 320/100/320 319/101/319 326/96/326
f 192/173/192 195/174/195 193/175/193
f 135/172/135 129/171/129 130/171/130
f 129/171/129 135/172/135 131/172/131
f 133/168/133 129/167/129 132/170/132
f 222/96/222 214/95/214 216/100/216
f 216/100/216 215/101/215 222/96/222
f 200/103/200 206/105/206 198/100/198
f 204/96/204 197/101/197 205/102/205
f 258/96/258 252/100/252 250/95/250
f 252/100/252 258/96/258 251/101/251
f 309/113/309 307/114/307 311/115/311
f 310/110/310 308/111/308 311/112/311
f 335/106/335 323/108/323 324/107/324
f 52/17/52 55/18/55 53/19/53
f 52/17/52 53/19/53 60/20/60
f 345/120/345 342/99/342 341/121/341
f 61/21/61 54/22/54 62/14/62
f 61/21/61 62/14/62 64/23/64
f 323/108/323 335/106/335 334/109/334
f 303/89/303 304/90/304 306/88/306
f 236/103/236 234/100/234 242/105/242
f 240/96/240 241/102/241 233/101/233
f 59/27/59 68/28/68 69/29/69
f 68/28/68 59/27/59 57/25/57
f 113/146/113 115/147/115 112/148/112
f 116/145/116 117/144/117 121/143/121
f 237/108/237 248/109/248 249/106/249
f 259/120/259 255/121/255 256/99/256
f 249/106/249 238/107/238 237/108/237
f 243/104/243 234/118/234 233/119/233
f 253/94/253 258/96/258 250/95/250
f 260/117/260 252/118/252 261/104/261
f 258/122/258 255/121/255 259/120/259
f 252/100/252 254/103/254 250/95/250
f 240/96/240 235/94/235 239/97/239
f 255/98/255 258/96/258 257/97/257
f 258/96/258 253/94/253 257/97/257
f 237/98/237 240/96/240 239/97/239
f 261/104/261 252/118/252 251/119/251
f 267/106/267 256/107/256 255/108/255
f 234/100/234 236/103/236 232/95/232
f 255/108/255 266/109/266 267/106/267
f 240/122/240 237/121/237 241/120/241
f 258/96/258 259/102/259 251/101/251
f 72/83/72 74/78/74 75/84/75
f 77/80/77 75/84/75 74/78/74
f 72/77/72 76/81/76 73/82/73
f 76/81/76 72/77/72 75/79/75
f 72/85/72 78/86/78 74/86/74
f 78/86/78 72/85/72 73/85/73
f 79/83/79 81/78/81 82/84/82
f 84/80/84 82/84/82 81/78/81
f 79/77/79 83/81/83 80/82/80
f 83/81/83 79/77/79 82/79/82
f 79/85/79 85/86/85 81/86/81
f 85/86/85 79/85/79 80/85/80
f 129/167/129 133/168/133 130/169/130
f 120/142/120 121/143/121 117/144/117
f 88/93/88 86/91/86 90/92/90
f 134/166/134 132/165/132 131/164/131
f 110/141/110 103/140/103 111/139/111
f 254/103/254 252/100/252 260/105/260
f 242/117/242 234/118/234 243/104/243
f 235/94/235 240/96/240 232/95/232
f 241/120/241 237/121/237 238/99/238
f 87/89/87 88/90/88 90/88/90
f 234/100/234 240/96/240 233/101/233
f 104/138/104 111/139/111 103/140/103
f 129/163/129 131/164/131 132/165/132
f 128/172/128 122/171/122 123/171/123
f 240/96/240 234/100/234 232/95/232
f 187/132/187 190/133/190 188/192/188
f 122/171/122 128/172/128 124/172/124
f 126/168/126 122/167/122 125/170/125
f 112/135/112 116/134/116 113/137/113
f 201/108/201 213/106/213 212/109/212
f 122/167/122 126/168/126 123/169/123
f 223/120/223 220/99/220 219/121/219
f 213/106/213 201/108/201 202/107/202
f 188/179/188 190/181/190 186/180/186
f 94/110/94 92/111/92 95/112/95
f 127/166/127 125/165/125 124/164/124
f 116/134/116 112/135/112 104/136/104
f 93/113/93 91/114/91 95/115/95
f 122/163/122 124/164/124 125/165/125
f 198/100/198 197/101/197 204/96/204
f 204/96/204 196/95/196 198/100/198
f 145/131/145 143/132/143 146/133/146
f 207/104/207 197/119/197 198/118/198
f 118/157/118 109/130/109 107/128/107
f 92/111/92 93/116/93 95/112/95
f 217/94/217 214/95/214 222/96/222
f 216/100/216 214/95/214 218/103/218
f 109/130/109 118/157/118 119/158/119
f 111/154/111 112/135/112 114/156/114
f 189/131/189 190/133/190 187/132/187
f 224/117/224 225/104/225 216/118/216
f 222/122/222 223/120/223 219/121/219
f 184/157/184 183/130/183 181/128/181
f 111/154/111 104/155/104 112/135/112
f 108/129/108 107/128/107 109/130/109
f 183/130/183 184/157/184 185/158/185
f 96/24/96 97/25/97 98/26/98
f 98/26/98 97/25/97 99/27/99
f 99/27/99 100/28/100 101/29/101
f 100/28/100 99/27/99 97/25/97
f 182/129/182 181/128/181 183/130/183
f 180/127/180 181/128/181 182/129/182
f 102/150/102 103/152/103 110/153/110
f 106/127/106 107/128/107 108/129/108
f 179/124/179 159/126/159 160/125/160
f 102/150/102 105/151/105 103/152/103
f 176/190/176 171/191/171 161/208/161
f 178/123/178 179/124/179 160/125/160
f 114/149/114 112/148/112 115/147/115
f 326/96/326 325/97/325 321/94/321
f 341/98/341 343/97/343 344/96/344
f 344/96/344 343/97/343 339/94/339
f 323/98/323 325/97/325 326/96/326
f 347/104/347 337/119/337 338/118/338
f 353/106/353 341/108/341 342/107/342
f 320/100/320 318/95/318 322/103/322
f 341/108/341 353/106/353 352/109/352
f 326/122/326 327/120/327 323/121/323
f 344/96/344 337/101/337 345/102/345
f 340/103/340 346/105/346 338/100/338
f 328/117/328 329/104/329 320/118/320
f 321/94/321 318/95/318 326/96/326
f 272/24/272 273/25/273 274/26/274
f 274/26/274 273/25/273 275/27/275
f 327/120/327 324/99/324 323/121/323
f 305/87/305 303/89/303 306/88/306
f 282/13/282 278/14/278 270/15/270
f 278/14/278 282/13/282 279/16/279
f 270/1/270 277/2/277 269/3/269
f 276/4/276 269/3/269 277/2/277
f 286/5/286 287/6/287 283/7/283
f 282/8/282 283/7/283 287/6/287
f 279/9/279 281/10/281 278/11/278
f 280/12/280 278/11/278 281/10/281
f 344/96/344 336/95/336 338/100/338
f 338/100/338 337/101/337 344/96/344
f 322/103/322 328/105/328 320/100/320
f 326/96/326 319/101/319 327/102/327
f 268/17/268 271/18/271 269/19/269
f 268/17/268 269/19/269 276/20/276
f 277/21/277 270/22/270 278/14/278
f 277/21/277 278/14/278 280/23/280
f 275/27/275 284/28/284 285/29/285
f 284/28/284 275/27/275 273/25/273
f 288/83/288 290/78/290 291/84/291
f 293/80/293 291/84/291 290/78/290
f 288/77/288 292/81/292 289/82/289
f 292/81/292 288/77/288 291/79/291
f 288/85/288 294/86/294 290/86/290
f 294/86/294 288/85/288 289/85/289
f 295/83/295 297/78/297 298/84/298
f 300/80/300 298/84/298 297/78/297
f 295/77/295 299/81/299 296/82/296
f 299/81/299 295/77/295 298/79/298
f 295/85/295 301/86/301 297/86/297
f 301/86/301 295/85/295 296/85/296
f 304/93/304 302/91/302 306/92/306
f 402/28/402 401/27/401 399/25/399
f 401/27/401 402/28/402 403/29/403
f 400/26/400 399/25/399 401/27/401
f 398/24/398 399/25/399 400/26/400
f 430/122/430 431/120/431 427/121/427
f 432/117/432 433/104/433 424/118/424
f 424/100/424 422/95/422 426/103/426
f 425/94/425 422/95/422 430/96/430
f 394/111/394 395/116/395 397/112/397
f 415/104/415 405/119/405 406/118/406
f 412/96/412 404/95/404 406/100/406
f 406/100/406 405/101/405 412/96/412
f 395/113/395 393/114/393 397/115/397
f 48/238/48 33/67/33 50/230/50
f 33/67/33 48/238/48 51/237/51
f 396/110/396 394/111/394 397/112/397
f 421/106/421 409/108/409 410/107/410
f 431/120/431 428/99/428 427/121/427
f 409/108/409 421/106/421 420/109/420
f 389/89/389 390/90/390 392/88/392
f 412/96/412 411/97/411 407/94/407
f 427/98/427 429/97/429 430/96/430
f 430/96/430 429/97/429 425/94/425
f 409/98/409 411/97/411 412/96/412
f 433/104/433 423/119/423 424/118/424
f 439/106/439 427/108/427 428/107/428
f 406/100/406 404/95/404 408/103/408
f 427/108/427 439/106/439 438/109/438
f 412/122/412 413/120/413 409/121/409
f 430/96/430 423/101/423 431/102/431
f 426/103/426 432/105/432 424/100/424
f 414/117/414 415/104/415 406/118/406
f 407/94/407 404/95/404 412/96/412
f 358/24/358 359/25/359 360/26/360
f 360/26/360 359/25/359 361/27/361
f 413/120/413 410/99/410 409/121/409
f 391/87/391 389/89/389 392/88/392
f 368/13/368 364/14/364 356/15/356
f 364/14/364 368/13/368 365/16/365
f 356/1/356 363/2/363 355/3/355
f 362/4/362 355/3/355 363/2/363
f 372/5/372 373/6/373 369/7/369
f 368/8/368 369/7/369 373/6/373
f 365/9/365 367/10/367 364/11/364
f 366/12/366 364/11/364 367/10/367
f 430/96/430 422/95/422 424/100/424
f 424/100/424 423/101/423 430/96/430
f 408/103/408 414/105/414 406/100/406
f 412/96/412 405/101/405 413/102/413
f 354/17/354 357/18/357 355/19/355
f 354/17/354 355/19/355 362/20/362
f 363/21/363 356/22/356 364/14/364
f 363/21/363 364/14/364 366/23/366
f 361/27/361 370/28/370 371/29/371
f 370/28/370 361/27/361 359/25/359
f 374/83/374 376/78/376 377/84/377
f 379/80/379 377/84/377 376/78/376
f 374/77/374 378/81/378 375/82/375
f 378/81/378 374/77/374 377/79/377
f 374/85/374 380/86/380 376/86/376
f 380/86/380 374/85/374 375/85/375
f 381/83/381 383/78/383 384/84/384
f 386/80/386 384/84/384 383/78/383
f 381/77/381 385/81/385 382/82/382
f 385/81/385 381/77/381 384/79/384
f 381/85/381 387/86/387 383/86/383
